host_timestamp,rssi,amp_0,amp_1,amp_2,amp_3,amp_4,amp_5,amp_6,amp_7,amp_8,amp_9,amp_10,amp_11,amp_12,amp_13,amp_14,amp_15,amp_16,amp_17,amp_18,amp_19,amp_20,amp_21,amp_22,amp_23,amp_24,amp_25,amp_26,amp_27,amp_28,amp_29,amp_30,amp_31,amp_32,amp_33,amp_34,amp_35,amp_36,amp_37,amp_38,amp_39,amp_40,amp_41,amp_42,amp_43,amp_44,amp_45,amp_46,amp_47,amp_48,amp_49,amp_50,amp_51,amp_52,amp_53,amp_54,amp_55,amp_56,amp_57,amp_58,amp_59,amp_60,amp_61,amp_62,amp_63
1700000000.000000,-60.3,86.2844,86.6083,90.0000,86.8332,87.4586,83.8689,82.9759,83.0963,84.8999,86.2786,84.8528,86.3134,85.7030,83.7377,82.7587,90.0000,85.8021,85.6037,83.2166,85.7030,87.0919,85.4400,85.4400,87.7097,87.7097,86.8332,88.3233,92.6607,88.1930,95.2943,86.8332,89.1852,89.8888,90.9725,88.7525,91.2634,87.0919,83.8153,86.4002,80.0000,83.7377,77.4661,80.6598,77.1557,72.1388,75.0733,70.9366,73.0069,72.4224,68.7968,69.7711,64.0781,0.0000,0.0000,0.0000,0.0000,0.0000,0.0000,0.0000,0.0000,0.0000,0.0000,0.0000,0.0000
1700000000.050000,-59.9,85.1469,86.1452,88.4590,87.6926,85.8429,82.0366,81.2158,83.7437,82.7647,84.1724,83.9345,84.4334,86.9770,86.9770,85.4400,87.3212,83.6720,84.1724,83.1926,87.2066,84.0952,88.5889,86.3539,86.0930,88.8369,86.0930,89.3588,94.0319,90.6973,88.5099,87.4643,90.0500,90.9175,87.3212,88.1930,86.8332,83.6301,84.5281,83.2586,82.3468,81.5414,79.7057,82.5409,74.6726,73.6817,71.8053,71.3092,70.6116,71.8471,68.2642,68.1175,64.1950,0.0000,0.0000,0.0000,0.0000,0.0000,0.0000,0.0000,0.0000,0.0000,0.0000,0.0000,0.0000
1700000000.100000,-63.8,89.2861,86.8332,90.2441,87.0976,87.6641,84.1724,85.3288,82.8734,84.5931,84.2912,85.3756,84.0536,88.0000,84.0238,86.0058,85.0941,85.0059,86.0930,85.2878,87.2812,87.4643,86.7006,87.4643,87.2983,91.2414,89.2693,89.2693,91.0824,92.5743,90.4268,88.6848,92.3959,90.9340,90.5538,89.4539,88.4590,85.1469,87.0919,84.0060,84.0238,80.0999,78.0256,79.1012,76.3217,74.6726,72.8354,73.7564,73.9797,72.5328,70.2282,69.7782,66.6408,0.0000,0.0000,0.0000,0.0000,0.0000,0.0000,0.0000,0.0000,0.0000,0.0000,0.0000,0.0000
1700000000.150000,-63.3,89.1067,84.1724,85.7963,88.4590,85.1469,84.3860,80.4301,79.4040,81.4002,82.0975,80.2621,80.1311,81.4923,84.0773,85.8836,84.5813,83.2586,83.3847,83.0060,81.5414,82.8553,85.7963,83.8153,84.7703,84.7703,86.6833,88.6002,90.8020,89.5600,91.3947,86.9770,90.7579,89.8109,87.6641,87.0919,87.0919,86.5390,82.0792,83.2586,81.4371,79.1581,78.2943,77.4145,74.7930,71.0211,70.4557,73.6003,70.4344,69.5270,65.8559,64.5368,63.4114,0.0000,0.0000,0.0000,0.0000,0.0000,0.0000,0.0000,0.0000,0.0000,0.0000,0.0000,0.0000
1700000000.200000,-64.6,90.8020,86.4002,88.2383,87.4586,84.5044,82.8794,83.4506,85.5862,83.4506,84.9588,84.3860,85.2760,84.2021,88.0057,84.6286,87.0919,87.3670,84.5991,86.3539,87.2353,85.0000,89.0000,87.6641,89.9611,90.3770,89.0505,90.6201,91.5478,90.0777,92.8493,88.6397,91.9239,93.2309,89.4707,88.5664,89.0056,87.3212,83.2406,85.5862,86.9540,82.4924,80.9938,80.7094,75.2130,75.8024,72.4707,73.2462,73.6614,72.1249,68.6804,69.8140,68.2642,0.0000,0.0000,0.0000,0.0000,0.0000,0.0000,0.0000,0.0000,0.0000,0.0000,0.0000,0.0000
1700000000.250000,-62.7,89.0898,87.3670,84.2140,87.2812,88.5664,81.7435,84.1724,84.7231,83.5464,84.4038,85.4400,84.4808,85.1645,82.8613,81.9329,85.7963,83.3847,84.1724,86.8159,87.6641,84.9706,87.6641,82.7647,87.3212,87.8180,86.4523,88.6848,91.4166,90.9175,89.3588,89.9444,91.4166,86.8332,89.9444,87.2353,90.3383,88.5494,83.2586,83.3847,80.7775,79.0569,79.1202,78.4347,74.6324,74.7262,70.8308,72.5672,71.0211,70.5762,70.0643,67.1193,63.1981,0.0000,0.0000,0.0000,0.0000,0.0000,0.0000,0.0000,0.0000,0.0000,0.0000,0.0000,0.0000
1700000000.300000,-61.8,85.4751,85.4751,89.0000,85.0000,88.1419,83.1926,83.3847,82.6378,82.0792,84.5044,84.1190,83.5225,83.6780,82.7103,82.4621,86.3134,82.8734,84.8528,82.7345,83.6002,85.0000,86.4697,86.3713,86.0930,87.1436,85.0941,90.0500,92.0054,87.0517,93.0860,86.2090,89.1403,89.2749,87.2066,89.5600,89.3588,86.7006,83.8630,86.3134,81.5843,79.8311,78.6448,80.7775,75.0000,75.9605,73.3894,75.3923,71.6938,72.4500,68.4763,67.9559,67.0075,0.0000,0.0000,0.0000,0.0000,0.0000,0.0000,0.0000,0.0000,0.0000,0.0000,0.0000,0.0000
1700000000.350000,-60.5,84.8646,85.4400,84.4334,85.7030,81.9085,82.5651,81.7435,81.2527,82.0000,80.6040,81.3941,83.7257,83.7257,82.4924,83.6002,82.1523,82.0975,80.0999,83.0060,82.0061,84.0060,84.0060,81.0000,84.1487,85.0941,84.1487,87.1436,87.2066,89.1403,87.2066,88.0909,88.0227,87.0230,86.0058,85.0059,83.0963,84.0952,82.2192,80.3057,81.4985,77.9295,78.7718,76.1183,75.7100,73.2462,69.9214,69.2604,68.0074,65.9242,65.3070,65.3682,63.2456,0.0000,0.0000,0.0000,0.0000,0.0000,0.0000,0.0000,0.0000,0.0000,0.0000,0.0000,0.0000
1700000000.400000,-60.0,89.5377,88.8651,88.3912,89.6939,86.5390,86.9253,83.6301,83.1865,83.1865,83.8630,85.2350,82.9277,86.5332,86.0233,83.0060,87.4586,85.1469,85.2760,87.1149,85.7030,89.2749,86.3134,86.3134,87.7269,92.6984,90.6090,92.0217,92.6553,93.5094,92.0217,91.2414,92.0217,91.9239,90.5207,88.5268,89.9389,87.1149,84.5044,84.5044,81.6884,81.6088,80.8022,80.2122,77.3886,74.9466,73.0616,74.7061,72.4500,72.6154,71.1688,68.4105,65.5134,0.0000,0.0000,0.0000,0.0000,0.0000,0.0000,0.0000,0.0000,0.0000,0.0000,0.0000,0.0000
1700000000.450000,-64.6,84.8528,85.7088,85.4751,82.6075,85.4751,82.2192,81.0987,82.0061,82.0244,81.0555,82.0975,84.2912,83.3847,82.4924,83.7257,82.3772,83.7437,83.5464,83.6780,85.1469,85.1469,87.8009,82.0061,85.7263,86.6833,87.5957,87.9204,90.4434,91.0934,89.1852,88.8876,89.8443,92.4446,86.8332,88.5268,83.4326,85.3756,84.3445,83.5464,80.0625,78.5175,79.6304,79.7621,77.1622,75.1066,72.0069,69.1158,72.3395,70.5762,68.8840,66.7083,65.4599,0.0000,0.0000,0.0000,0.0000,0.0000,0.0000,0.0000,0.0000,0.0000,0.0000,0.0000,0.0000
1700000000.500000,-65.0,88.5268,87.0919,85.0706,90.7579,86.9770,84.4334,82.6378,83.0060,82.4621,83.2586,84.5281,87.2353,84.1190,86.6083,86.0930,87.0919,88.0057,83.2166,85.6037,85.9128,88.2383,87.3212,86.2149,89.1964,90.6863,89.1964,91.2853,91.9674,92.6984,93.3809,92.7631,91.3510,90.6863,90.4268,91.6788,89.2020,86.6083,87.2009,83.8153,83.7616,82.3772,80.9938,79.0759,78.7718,77.3692,73.8241,73.5391,73.0069,71.4703,70.3420,68.2495,66.3702,0.0000,0.0000,0.0000,0.0000,0.0000,0.0000,0.0000,0.0000,0.0000,0.0000,0.0000,0.0000
1700000000.550000,-62.0,86.6833,85.1587,84.5931,85.0000,83.6002,84.3801,80.1561,84.0238,81.0247,82.0244,83.2166,84.2140,85.2878,81.6150,85.8429,84.0119,82.3772,82.5651,83.1986,84.9294,83.1986,84.8999,82.9699,84.7585,88.8651,86.0233,88.2553,90.4434,92.3580,88.5438,86.9770,89.1852,89.1852,86.6833,87.6413,87.0919,86.5852,84.1724,82.0000,82.5651,79.0759,80.7527,75.5381,76.6551,74.3303,71.0634,72.0069,71.0070,69.2604,68.5930,67.4685,64.1950,0.0000,0.0000,0.0000,0.0000,0.0000,0.0000,0.0000,0.0000,0.0000,0.0000,0.0000,0.0000
1700000000.600000,-63.2,87.9659,88.8144,90.6697,87.5728,86.1452,81.3941,83.0060,86.0000,84.0000,83.0963,85.2878,85.8429,87.5728,83.1865,83.1865,88.8426,88.2950,85.9069,88.0568,87.3613,87.5957,87.2812,86.9770,88.9550,89.3196,87.9204,91.9239,91.1811,95.0789,90.2497,92.6984,93.7763,91.4166,90.1388,90.4434,90.8020,89.2861,83.6780,85.3756,84.4038,84.1724,81.2158,79.2465,76.1183,76.5310,73.1710,75.1066,72.0625,72.0625,69.2604,68.0661,66.4831,0.0000,0.0000,0.0000,0.0000,0.0000,0.0000,0.0000,0.0000,0.0000,0.0000,0.0000,0.0000
1700000000.650000,-61.7,90.6201,89.8888,88.5438,88.8651,87.9318,85.7263,84.1724,84.4038,86.4928,84.5281,87.1321,85.7088,86.5794,87.2066,86.0930,88.0227,87.0000,87.0230,86.0523,86.2090,87.0230,88.4590,87.2812,89.6772,90.9340,90.5538,91.9837,93.3809,92.3959,93.5575,92.0706,91.7878,92.3959,92.9139,92.5419,90.4489,87.2812,88.0909,88.0057,85.2115,84.0238,80.0062,84.0060,77.1038,78.1601,75.3260,74.8131,73.3485,73.4983,69.9214,72.1110,67.1193,0.0000,0.0000,0.0000,0.0000,0.0000,0.0000,0.0000,0.0000,0.0000,0.0000,0.0000,0.0000
1700000000.700000,-61.6,85.4751,86.0930,90.5538,88.3233,85.4400,84.3801,84.3149,83.2346,82.8010,80.4301,85.1469,85.7963,85.6329,86.2786,87.0000,85.5862,87.1149,84.2199,86.6833,86.0523,85.2760,87.6185,84.0238,88.2043,89.6270,90.4434,90.4268,90.9725,92.3580,90.9725,91.0220,93.8136,90.0000,90.8020,92.6175,89.6437,88.6172,86.0523,83.7377,85.6329,79.9312,81.3449,79.9312,76.3806,76.5768,73.4098,74.0608,71.2811,70.4911,68.8767,68.0294,65.7875,0.0000,0.0000,0.0000,0.0000,0.0000,0.0000,0.0000,0.0000,0.0000,0.0000,0.0000,0.0000
1700000000.750000,-58.4,85.7263,87.5957,87.9204,85.7030,86.6487,82.2800,82.3468,82.2922,84.5281,85.8836,84.5340,86.4523,85.7555,84.5991,83.3547,85.7030,82.2010,85.4459,81.8352,85.6037,83.2406,88.7299,88.0909,88.6172,90.0278,86.4523,88.5268,91.5478,90.0278,90.0278,88.7299,94.9210,90.1388,88.2383,91.6788,91.2140,85.8021,85.7030,86.2844,84.0595,81.1234,79.6492,80.0625,76.9220,76.4788,73.9256,71.8679,72.7324,73.0821,68.4471,68.7314,66.1211,0.0000,0.0000,0.0000,0.0000,0.0000,0.0000,0.0000,0.0000,0.0000,0.0000,0.0000,0.0000
1700000000.800000,-62.3,90.0278,90.1388,88.6002,94.0213,91.4002,91.4002,88.2327,87.3670,89.3588,86.3539,89.5545,87.6584,89.4707,89.4707,89.5545,89.6939,90.2497,89.1964,91.7061,90.4434,90.1388,92.7200,90.5207,91.4440,92.8924,96.5401,97.0155,93.3916,96.3172,95.3415,96.0469,96.0469,95.0789,91.3947,94.5569,92.6553,94.5569,88.5438,90.0777,88.0227,83.3847,87.2353,83.1926,82.7345,80.1311,77.8974,76.8505,76.0263,73.4098,75.0733,72.8629,70.7672,0.0000,0.0000,0.0000,0.0000,0.0000,0.0000,0.0000,0.0000,0.0000,0.0000,0.0000,0.0000
1700000000.850000,-64.1,86.3713,87.7269,87.6926,87.6926,84.2912,83.4865,87.3212,83.2406,84.0238,85.8021,84.8764,86.5332,87.9830,83.8630,86.6083,85.8836,86.3308,82.7345,88.2383,88.7694,89.6939,86.3771,87.4643,90.1388,91.0824,93.3006,90.1388,90.7579,93.0054,92.3472,91.7606,92.6553,93.6376,92.1141,89.6939,90.0777,88.6397,86.7640,84.0952,83.6301,82.3650,82.3650,81.3019,80.4550,77.6660,74.6324,74.8131,71.8401,70.0928,70.7248,69.5270,65.0000,0.0000,0.0000,0.0000,0.0000,0.0000,0.0000,0.0000,0.0000,0.0000,0.0000,0.0000,0.0000
1700000000.900000,-64.2,86.9770,85.4400,88.7694,86.3771,88.7694,82.7647,86.7698,84.5340,88.6848,85.9593,85.7555,85.9826,88.8144,84.6286,85.4459,88.8651,84.9588,87.8635,85.5862,87.7269,87.7838,86.9770,88.3912,89.1964,89.1067,90.0278,90.7855,93.6056,90.2718,94.1754,88.4138,92.6984,92.6984,91.9239,93.3488,92.6984,87.7269,87.0460,87.8635,81.6884,83.7377,83.0963,85.2115,76.5506,77.3886,76.6616,72.2011,76.5376,75.5844,70.7743,68.9493,66.2193,0.0000,0.0000,0.0000,0.0000,0.0000,0.0000,0.0000,0.0000,0.0000,0.0000,0.0000,0.0000
1700000000.950000,-62.3,86.5794,82.8734,86.3713,84.4808,84.1487,78.2304,81.0000,81.0247,83.0060,81.1542,82.2192,81.4985,83.7257,82.0366,81.2158,79.8311,83.6780,83.4326,83.1685,82.8613,83.1685,83.1685,84.1190,83.3847,86.1626,86.5390,85.0882,88.5664,83.6720,90.4710,85.0882,90.0777,85.0882,88.0227,88.2553,86.3771,84.7585,81.5966,80.6536,79.1202,81.7435,76.2430,80.5233,73.9797,71.1969,70.4557,69.3542,70.1783,70.0286,69.0000,68.1836,62.8013,0.0000,0.0000,0.0000,0.0000,0.0000,0.0000,0.0000,0.0000,0.0000,0.0000,0.0000,0.0000
1700000001.000000,-62.4,91.0824,89.1964,86.0233,89.2861,85.1469,86.5852,85.7030,83.3607,85.3288,86.8332,85.7088,85.2878,86.2090,87.0517,88.0511,88.0057,87.0517,87.0919,86.2844,86.2844,88.5664,89.4539,88.5664,90.2552,90.9340,90.2552,94.7259,90.8020,92.7631,92.9624,92.2280,95.1893,94.2019,91.6624,90.6697,91.2688,87.3670,86.1452,86.0930,88.0909,84.0060,83.0542,82.0244,79.1581,74.1687,76.3217,77.6466,72.7805,72.5672,72.1249,71.1688,69.3542,0.0000,0.0000,0.0000,0.0000,0.0000,0.0000,0.0000,0.0000,0.0000,0.0000,0.0000,0.0000
1700000001.050000,-63.6,88.1419,85.4283,84.5340,89.4427,86.3539,83.3547,79.3221,84.6286,85.4459,84.3149,85.8021,85.8021,86.0523,85.0412,84.3860,86.9770,86.2786,84.8646,86.3134,87.7269,84.9588,87.9659,87.2066,89.6437,90.1388,91.0494,90.2109,92.6175,91.8314,93.4077,90.1388,91.6788,94.6414,90.0278,89.2749,87.7838,87.6926,87.0460,85.7030,83.6301,85.7963,79.5110,83.2406,76.0263,75.6042,71.8471,75.1665,71.1196,73.7902,71.3092,70.8378,65.9697,0.0000,0.0000,0.0000,0.0000,0.0000,0.0000,0.0000,0.0000,0.0000,0.0000,0.0000,0.0000
1700000001.100000,-60.8,87.6926,83.3607,88.6454,88.4590,84.9294,82.0000,81.3204,81.0432,82.5409,86.6487,84.7585,88.0227,85.2350,84.3090,83.6301,86.4523,83.3547,85.8836,84.7231,83.2166,83.5284,89.0449,85.4400,84.8764,87.9204,87.0919,87.8009,92.2009,90.8020,91.4002,91.0220,89.8721,91.2634,88.2043,88.2043,92.4392,87.3212,84.1190,84.5340,81.8841,81.4125,79.1581,82.7345,75.6439,76.1577,73.0821,73.0821,71.8401,72.3671,72.5603,68.1836,65.0308,0.0000,0.0000,0.0000,0.0000,0.0000,0.0000,0.0000,0.0000,0.0000,0.0000,0.0000,0.0000
1700000001.150000,-60.2,87.0517,90.0056,88.0227,90.0056,85.0941,87.1436,81.8841,82.0366,85.0000,83.5464,84.9294,86.3481,87.0976,84.2021,87.6413,86.0349,87.0919,84.5044,86.9253,85.0000,86.9253,86.7640,85.8662,89.5545,89.8944,89.9444,90.5538,89.5545,95.2943,90.8240,92.1792,92.1792,90.8240,92.5743,90.3383,89.0056,88.1022,85.0882,85.7963,85.6154,81.5966,81.9329,79.0569,78.1601,77.6209,74.2159,74.9533,72.8354,71.3442,73.1095,69.0652,67.2681,0.0000,0.0000,0.0000,0.0000,0.0000,0.0000,0.0000,0.0000,0.0000,0.0000,0.0000,0.0000
1700000001.200000,-65.0,85.1469,89.0505,87.0057,89.0225,84.0536,87.0919,84.0536,86.4697,86.2844,83.8630,84.1724,86.8850,86.5852,85.8662,87.5557,84.4038,87.9318,83.5225,86.7295,87.9204,86.9770,88.9550,86.3771,88.1419,89.5545,94.0213,90.3770,91.7878,94.8472,93.5201,92.3093,93.2309,92.4770,91.7606,93.3006,89.1964,91.4166,88.8651,84.4808,85.3815,82.9699,80.8084,81.0247,78.2624,76.5310,74.4312,75.1665,76.0000,72.0069,71.0634,68.5930,68.4471,0.0000,0.0000,0.0000,0.0000,0.0000,0.0000,0.0000,0.0000,0.0000,0.0000,0.0000,0.0000
1700000001.250000,-65.8,81.0247,84.4808,81.3204,81.5966,80.3243,81.2711,79.7120,78.9240,81.1542,78.7210,79.6241,79.1770,82.1523,84.0595,83.2166,81.5414,82.6620,80.4487,81.4002,82.8010,83.4086,86.0523,81.0555,85.5862,85.5862,85.6329,88.3912,85.5862,88.4138,86.3713,85.6329,89.1403,88.6172,88.7299,86.0523,85.9128,84.2021,81.4002,80.4487,80.8022,76.5506,78.0320,76.6616,74.3034,72.4707,71.1126,73.5391,70.9366,69.2892,66.7608,65.5134,63.3877,0.0000,0.0000,0.0000,0.0000,0.0000,0.0000,0.0000,0.0000,0.0000,0.0000,0.0000,0.0000
1700000001.300000,-61.0,83.1986,88.0738,81.2158,85.3288,79.9062,83.1865,80.7527,82.3893,82.3893,79.0253,83.0060,81.0247,83.0963,85.1469,83.0542,83.2166,86.4697,80.7527,84.0119,81.4985,85.0000,85.3288,81.5843,86.5852,86.6833,86.8850,87.8635,87.6641,90.2441,89.2693,87.8635,88.2836,87.6641,86.1452,87.4643,86.7006,86.9770,83.4865,83.0542,83.0963,79.0253,81.0000,74.0000,76.0066,75.0600,71.7008,68.7314,69.8570,69.4262,65.7343,68.3520,66.6408,0.0000,0.0000,0.0000,0.0000,0.0000,0.0000,0.0000,0.0000,0.0000,0.0000,0.0000,0.0000
1700000001.350000,-62.4,91.2688,87.6641,86.9540,87.4643,86.9540,85.0882,84.5991,83.1926,85.8662,85.7963,87.0919,86.3771,86.9770,87.3613,86.6833,85.6154,88.0738,83.9524,86.4928,87.5557,85.9069,89.4427,88.2836,91.4440,93.6483,91.4440,92.4392,92.4392,93.4345,94.2603,90.4489,92.9139,93.5575,90.2552,90.0944,90.6090,89.4427,90.2441,85.3756,85.8662,84.4808,84.7703,80.0062,78.4347,81.1542,74.6860,76.9675,72.5603,72.2011,71.8679,71.6101,69.4262,0.0000,0.0000,0.0000,0.0000,0.0000,0.0000,0.0000,0.0000,0.0000,0.0000,0.0000,0.0000
1700000001.400000,-64.0,84.2199,87.8180,87.6641,86.8217,87.3670,82.6620,83.4086,84.2021,83.8689,83.6301,82.8070,85.5628,86.2786,86.2786,87.7269,87.9659,86.8332,83.8689,83.4086,86.4002,86.0233,86.6083,89.8721,86.6083,89.8888,90.2109,91.9239,92.9624,92.9624,93.1504,90.9725,91.2688,91.2688,89.6270,90.6973,90.2109,86.5332,86.4002,85.2760,83.8689,80.7217,82.0731,79.2086,77.7946,79.9812,74.4110,74.5185,76.4003,72.6705,71.0211,68.4251,66.3099,0.0000,0.0000,0.0000,0.0000,0.0000,0.0000,0.0000,0.0000,0.0000,0.0000,0.0000,0.0000
1700000001.450000,-60.1,85.0882,85.5862,87.2066,84.9706,85.4283,78.7210,83.0060,83.5703,84.1190,83.2406,81.3204,84.2021,83.4326,87.6641,82.7647,86.1452,84.7172,86.8332,83.1505,87.3670,83.3847,87.2066,87.2066,89.0056,88.0227,87.0057,90.0500,91.0220,90.0000,91.0000,87.0057,90.0000,92.0054,89.0505,90.0222,90.1998,88.4590,84.4808,83.8630,80.6226,83.0241,79.7621,82.5651,75.3127,74.7329,74.0405,74.0405,72.4224,72.8011,69.3542,66.7308,64.6375,0.0000,0.0000,0.0000,0.0000,0.0000,0.0000,0.0000,0.0000,0.0000,0.0000,0.0000,0.0000
1700000001.500000,-59.7,85.8021,86.4002,89.0505,88.0057,85.9826,83.2166,83.0060,82.4924,85.4751,85.4225,84.9706,81.9390,87.8465,86.0349,87.0919,87.9318,85.3815,83.8153,84.4808,87.0919,87.0919,87.5557,85.3756,88.4590,89.8220,90.4268,92.5743,92.7631,92.3959,92.5743,91.2195,92.1954,91.6788,91.2140,90.9560,93.1451,89.0225,88.8876,85.7030,84.4334,82.2800,79.8499,83.6720,75.1532,76.0592,75.2928,76.3217,71.0282,73.6003,68.2495,72.8629,66.6033,0.0000,0.0000,0.0000,0.0000,0.0000,0.0000,0.0000,0.0000,0.0000,0.0000,0.0000,0.0000
1700000001.550000,-62.1,85.8662,87.3613,83.8153,87.9204,85.0941,86.1626,85.2350,86.4060,84.1724,83.1865,86.3539,86.9540,85.4400,86.5332,85.4459,85.8021,86.6083,83.2406,85.2760,88.7299,86.5563,88.6172,87.9659,89.8053,91.9348,90.5207,93.3488,94.0479,94.0691,91.2195,92.6337,91.2414,91.9674,89.9389,91.4385,87.4586,87.4586,88.2383,86.8332,87.8009,79.8812,84.8764,81.2711,79.9250,78.2943,75.5910,75.5844,72.6154,72.8011,69.9214,73.2462,67.4685,0.0000,0.0000,0.0000,0.0000,0.0000,0.0000,0.0000,0.0000,0.0000,0.0000,0.0000,0.0000
1700000001.600000,-61.6,91.2688,88.2043,94.0053,88.0057,90.0222,86.0058,87.0919,89.2020,86.1452,86.4697,88.6848,86.9770,89.6270,88.2950,87.8635,89.5600,85.8662,89.9889,87.9204,89.8109,89.4930,90.4765,89.1964,91.7606,91.4166,91.7606,92.4770,96.3846,93.2309,96.3846,93.4077,96.2081,94.8683,94.2444,92.6553,92.4446,91.4822,88.7694,89.2693,86.8850,86.8850,82.3772,82.8734,78.6384,79.4040,77.1038,78.0000,76.0066,76.1643,73.6817,72.3671,69.1231,0.0000,0.0000,0.0000,0.0000,0.0000,0.0000,0.0000,0.0000,0.0000,0.0000,0.0000,0.0000
1700000001.650000,-64.5,87.6812,87.0000,86.2670,89.1403,87.6926,84.9588,83.6301,84.0238,87.0057,87.0057,83.8153,86.5332,87.6641,84.3801,84.7231,88.5889,85.8662,85.8836,86.4060,87.8465,85.0882,86.1626,87.8465,89.5377,89.3196,88.5438,92.0272,92.9731,92.3580,94.2444,92.1141,92.1141,90.2497,90.6201,94.9368,88.1419,89.4427,87.6584,86.3134,84.5991,83.7257,85.2350,81.3019,77.6660,75.7166,75.8024,75.2861,74.2765,72.1249,68.1175,69.2026,67.6757,0.0000,0.0000,0.0000,0.0000,0.0000,0.0000,0.0000,0.0000,0.0000,0.0000,0.0000,0.0000
1700000001.700000,-64.4,86.0930,85.7555,85.4400,86.8217,83.8153,82.2010,81.8413,82.6196,83.8689,79.9312,84.1487,83.6301,88.6172,84.5044,86.5563,83.7377,85.4283,83.2346,83.2346,83.8153,86.0233,86.2670,84.3801,87.2353,88.3233,86.8332,92.5905,88.1930,92.6607,89.4707,88.5889,90.2109,89.1852,88.3233,88.2043,86.2844,85.4400,83.2346,84.0536,85.0000,80.6040,83.2406,78.7464,75.8222,76.3806,72.8354,74.4110,72.4707,69.5270,68.8186,67.9559,65.2993,0.0000,0.0000,0.0000,0.0000,0.0000,0.0000,0.0000,0.0000,0.0000,0.0000,0.0000,0.0000
1700000001.750000,-62.2,87.4643,93.4345,84.8528,88.9550,81.6150,85.9884,84.3445,85.1469,85.9069,80.9568,86.3308,86.3771,86.9253,85.9069,85.7963,88.1419,89.0000,83.6720,87.2353,87.6584,84.5340,86.3539,86.4523,90.4268,89.5879,92.9139,93.8136,92.6499,93.1933,91.0659,93.8136,94.1541,90.4268,93.1504,91.2360,89.0674,90.3549,88.5494,85.4927,84.3090,79.8499,84.1546,80.6536,81.3204,76.4003,74.2159,75.5050,74.8131,70.4557,70.2567,72.0278,66.2722,0.0000,0.0000,0.0000,0.0000,0.0000,0.0000,0.0000,0.0000,0.0000,0.0000,0.0000,0.0000
1700000001.800000,-60.0,88.0227,85.4400,89.0505,90.2497,88.1022,87.7269,86.7640,84.9706,83.2406,86.0930,84.3149,86.8389,87.8009,84.8116,87.8009,88.0909,86.6833,87.2066,87.7838,89.1964,88.6172,87.0000,87.0460,93.6056,90.6090,89.8276,91.9674,94.1754,92.6984,91.9674,90.6090,95.4620,94.0691,89.1403,94.2603,90.5538,89.1403,88.7299,86.5563,86.8332,86.6083,82.6620,82.4197,77.9359,78.8923,76.4788,76.9675,74.8465,73.5391,70.5762,67.9117,66.9104,0.0000,0.0000,0.0000,0.0000,0.0000,0.0000,0.0000,0.0000,0.0000,0.0000,0.0000,0.0000
1700000001.850000,-64.0,89.3196,89.1964,88.8651,92.3472,83.8153,87.5957,83.2406,83.6780,85.1469,83.5464,84.7172,85.7088,86.2844,86.2844,88.3629,85.0529,85.0235,84.0000,90.0888,88.0000,86.0233,88.0511,84.0952,90.3549,92.2659,87.2812,93.4345,92.3472,94.3398,88.3629,94.2603,93.0860,91.0879,90.0888,91.0055,87.0057,89.0505,87.0230,87.0517,88.0909,82.4924,83.6002,80.6226,79.9062,75.7100,77.1298,76.5376,74.3303,70.8378,70.7743,68.0000,70.4911,0.0000,0.0000,0.0000,0.0000,0.0000,0.0000,0.0000,0.0000,0.0000,0.0000,0.0000,0.0000
1700000001.900000,-62.0,83.4865,83.6002,85.4751,87.3670,84.1487,84.2140,83.0060,83.0060,80.0062,80.1561,83.2166,83.2947,80.6226,81.0494,83.3607,83.9524,83.4326,82.0000,84.1190,82.8613,84.4808,84.7585,80.9938,86.9253,87.4643,85.0882,92.6121,89.1572,89.1572,89.5545,91.7878,90.4710,89.1572,90.6201,86.7295,85.4400,85.0941,84.4334,84.4334,80.6536,78.1025,81.4923,77.8781,78.8543,74.9667,71.5681,73.5527,71.1126,68.0294,68.0661,68.1836,65.1153,0.0000,0.0000,0.0000,0.0000,0.0000,0.0000,0.0000,0.0000,0.0000,0.0000,0.0000,0.0000
1700000001.950000,-61.4,87.4586,84.8116,82.9759,85.2760,82.8070,79.2465,80.6598,82.0244,81.3204,79.5110,80.2808,81.2158,82.8010,82.2010,80.8022,82.3772,82.0975,80.7775,80.6226,83.5284,83.8630,85.5862,80.0625,83.6720,85.8662,83.2586,86.7640,88.5664,89.4427,89.0000,84.1190,86.3308,85.9593,87.8180,85.2350,87.1321,84.2199,83.7616,82.9277,81.8413,79.6492,77.8010,76.6942,74.4110,74.3303,70.0071,72.9178,70.8378,67.6240,68.8186,65.5134,64.4050,0.0000,0.0000,0.0000,0.0000,0.0000,0.0000,0.0000,0.0000,0.0000,0.0000,0.0000,0.0000
1700000002.000000,-61.3,82.3650,81.1234,83.7616,83.8630,81.5414,81.3019,83.2346,82.8010,78.2432,79.3977,80.8084,83.4865,83.4506,82.0366,82.7587,80.9197,82.4621,84.8116,85.0000,84.4038,84.4038,83.0060,84.8764,85.2350,84.9058,85.7555,87.4643,89.9444,87.8180,89.9444,87.9830,90.5538,90.1388,85.7030,87.0919,86.8389,83.7616,84.2021,82.8010,80.0000,80.4301,81.5659,79.2465,77.8974,75.6637,73.5935,70.1783,71.0634,70.4557,69.8928,69.3542,63.9766,0.0000,0.0000,0.0000,0.0000,0.0000,0.0000,0.0000,0.0000,0.0000,0.0000,0.0000,0.0000
1700000002.050000,-65.1,88.2383,84.5813,88.5664,86.5390,85.8662,84.0773,83.6301,83.1865,82.4924,84.3801,84.8764,85.8021,85.6037,86.0523,82.8010,87.8635,87.0460,84.2199,84.8999,86.9770,86.3134,86.2786,84.8999,89.3756,87.1149,88.6172,89.2749,90.9065,92.3147,93.8616,90.7855,89.1403,91.9674,89.1067,89.1067,89.8053,89.1067,87.0460,85.0412,81.6884,84.5044,81.6884,84.4038,77.2010,75.7166,73.9256,71.3442,74.6860,71.6938,70.7743,69.8928,66.4906,0.0000,0.0000,0.0000,0.0000,0.0000,0.0000,0.0000,0.0000,0.0000,0.0000,0.0000,0.0000
1700000002.100000,-62.9,82.8613,82.2192,83.2166,82.8734,80.4114,78.5493,79.7057,77.8203,78.7147,78.2943,80.5295,79.9250,80.4550,80.7094,79.3221,82.0061,81.2158,79.2023,82.3286,82.8794,82.2192,82.7587,80.7217,84.1487,84.8528,83.4386,86.3134,86.3713,87.7838,87.0000,86.2786,87.6926,86.9770,87.0000,83.4865,84.9588,83.6301,82.3286,81.2158,79.6492,77.8010,78.0064,75.1665,73.4983,72.7186,69.8355,68.8840,69.7782,68.1542,65.7875,65.2533,63.9531,0.0000,0.0000,0.0000,0.0000,0.0000,0.0000,0.0000,0.0000,0.0000,0.0000,0.0000,0.0000
1700000002.150000,-59.6,88.6002,92.6984,87.3155,91.0824,87.6641,86.1626,82.7647,84.5340,85.9593,82.3650,86.4523,87.9830,88.5099,88.4816,91.5260,87.4185,90.8020,85.8021,89.4986,89.2749,88.5268,90.5538,85.6329,90.5207,93.4345,94.0479,96.1665,93.3381,98.2904,93.3381,93.4345,94.0691,94.7629,95.5877,94.9210,88.7299,90.4268,91.4002,89.0505,90.0000,82.9277,85.9826,80.4550,80.1311,80.6226,76.4788,79.6241,75.9605,74.0000,72.5328,73.0069,68.4690,0.0000,0.0000,0.0000,0.0000,0.0000,0.0000,0.0000,0.0000,0.0000,0.0000,0.0000,0.0000
1700000002.200000,-63.5,82.8794,80.1561,80.4301,82.4621,79.8123,79.4040,78.8162,76.8505,79.7559,77.0260,79.7559,79.1581,77.8267,78.2943,79.2023,79.4796,78.7718,76.8960,80.6536,78.7464,78.7464,81.0432,78.4474,82.9759,81.4923,83.1986,84.9294,84.9294,86.1220,84.9294,86.1220,85.9069,83.9345,82.9699,83.6780,83.2406,81.2711,79.7120,78.1089,78.3901,77.6209,75.2396,74.7329,71.5891,72.4707,67.2309,69.4622,67.1193,65.0000,64.5368,62.9365,63.7809,0.0000,0.0000,0.0000,0.0000,0.0000,0.0000,0.0000,0.0000,0.0000,0.0000,0.0000,0.0000
1700000002.250000,-62.2,85.6154,82.2800,84.4808,83.6780,84.4334,81.2711,81.3449,80.4114,80.2309,79.1581,81.3941,79.7559,79.6116,82.3772,84.0595,82.6620,82.6620,80.4487,83.2406,83.2406,81.0555,85.2760,80.9197,84.8999,87.0000,85.6329,89.1067,88.4590,89.1067,87.6812,89.8721,89.1964,89.2749,86.5563,85.4283,86.6833,87.3212,84.8116,79.2023,82.4197,77.3886,79.3221,75.7166,75.8024,71.6938,71.1196,72.0139,70.0071,68.1542,67.6757,66.4831,64.6297,0.0000,0.0000,0.0000,0.0000,0.0000,0.0000,0.0000,0.0000,0.0000,0.0000,0.0000,0.0000
1700000002.300000,-64.0,85.2350,86.9253,82.7647,84.5813,82.3468,82.7647,81.4125,80.1311,81.6333,79.6116,81.8413,81.4002,84.0238,83.7377,84.5044,83.5464,84.9588,81.3204,83.4386,83.4506,83.4506,86.2786,83.5464,86.8332,87.1149,87.3212,89.4986,89.2749,90.2718,88.2383,90.6090,87.2066,88.4590,89.1403,87.0000,85.5862,82.7345,83.4506,81.4678,84.2912,79.5110,79.6492,77.8010,79.0569,74.3303,71.0211,72.0694,74.2428,70.2140,69.6419,66.7608,63.5610,0.0000,0.0000,0.0000,0.0000,0.0000,0.0000,0.0000,0.0000,0.0000,0.0000,0.0000,0.0000
1700000002.350000,-60.8,83.4506,83.4386,82.8794,81.3449,84.2912,81.4678,77.6209,79.4040,76.8375,81.5414,79.9250,79.0759,78.8923,78.7718,79.7559,82.2922,78.7210,78.7210,78.3901,82.3468,82.3468,83.9345,81.3449,83.4865,84.4334,83.4865,86.4002,86.9770,88.2327,86.4002,86.9770,87.6641,88.6002,85.2350,85.6154,84.6936,83.2586,81.8413,82.7345,79.6241,80.6226,78.3901,79.6116,74.0945,73.4983,68.8186,71.0634,70.0928,68.5930,66.5282,63.4114,62.6817,0.0000,0.0000,0.0000,0.0000,0.0000,0.0000,0.0000,0.0000,0.0000,0.0000,0.0000,0.0000
1700000002.400000,-64.7,86.7295,84.4334,85.1645,82.9699,85.6154,82.0061,84.4038,81.7863,84.3445,82.4924,84.0119,83.2947,86.1452,83.0542,81.1542,85.0000,83.0000,82.0000,84.1487,85.1469,85.2115,84.4808,86.3713,84.8528,88.5664,88.8144,90.7965,87.8237,88.9550,91.7878,89.8053,90.3549,88.8144,87.3670,87.0919,88.0909,88.0909,85.0000,85.0000,80.0062,82.1523,80.0562,80.2247,76.6551,76.6551,72.1803,74.1485,70.0928,71.7844,71.3092,67.1193,66.2420,0.0000,0.0000,0.0000,0.0000,0.0000,0.0000,0.0000,0.0000,0.0000,0.0000,0.0000,0.0000
1700000002.450000,-58.9,85.7963,81.6884,84.8999,84.8999,84.8999,77.7817,81.3941,78.5684,80.8084,79.8123,80.4301,81.0247,80.9938,83.2166,80.4550,81.9878,80.0625,80.0625,81.8413,82.7345,81.4371,85.0000,82.8553,84.1546,83.9345,87.0919,88.0227,88.2553,87.9204,87.0919,88.9550,88.0227,88.7694,86.9253,86.9253,85.0882,81.4371,82.7345,83.6481,80.5295,79.9250,77.5242,78.5493,75.4520,70.2140,71.2180,73.2462,72.2496,70.0071,65.9469,67.0075,64.3506,0.0000,0.0000,0.0000,0.0000,0.0000,0.0000,0.0000,0.0000,0.0000,0.0000,0.0000,0.0000
1700000002.500000,-62.5,86.5390,83.3847,86.6833,82.2192,82.8613,78.1601,80.5233,77.3692,78.2624,83.3607,78.6448,82.0366,81.3941,84.3801,81.2219,84.0060,82.0000,82.0000,82.0061,84.0952,83.0542,86.2844,84.0536,85.4751,89.3588,83.3847,84.7172,88.6848,87.8237,91.0824,86.3713,88.6848,91.5478,85.3756,85.4751,86.0930,84.0060,83.0000,83.0241,79.0000,81.0987,76.0066,78.0577,74.2428,71.5681,71.7008,71.0211,70.4060,71.5681,69.6419,67.9779,62.2656,0.0000,0.0000,0.0000,0.0000,0.0000,0.0000,0.0000,0.0000,0.0000,0.0000,0.0000,0.0000
1700000002.550000,-63.8,85.4400,83.3847,83.2586,83.6720,83.2586,77.8203,78.2624,77.8267,78.3901,80.4550,81.5414,81.2711,80.6040,81.8352,79.8123,82.8794,81.4678,85.0412,82.7587,84.1487,82.7587,86.3713,85.6329,86.5563,86.6833,85.2760,86.8332,87.0057,86.0523,89.6437,86.5563,87.8009,87.2066,87.7838,87.7838,88.4138,84.8528,82.0366,82.0731,79.9312,79.5110,77.8974,80.2808,73.4098,76.2168,71.5612,71.0211,71.6938,70.2353,65.7419,68.0074,63.6003,0.0000,0.0000,0.0000,0.0000,0.0000,0.0000,0.0000,0.0000,0.0000,0.0000,0.0000,0.0000
1700000002.600000,-64.3,88.0057,84.0060,89.1403,83.0542,87.3670,80.5047,83.3847,82.2192,82.2010,84.1724,82.5651,83.9345,82.7103,81.5966,79.6994,86.1626,80.7775,85.2350,82.3468,85.0882,83.7735,83.6720,86.9253,86.3539,88.6848,85.9593,91.3017,90.4268,87.8180,94.0213,85.8836,89.4707,89.4427,87.6641,88.1419,88.2383,88.6397,84.3090,86.0058,80.9938,82.5409,80.6536,83.8153,74.4648,76.6551,70.8590,71.4493,72.2496,71.1126,70.0071,68.0294,66.3702,0.0000,0.0000,0.0000,0.0000,0.0000,0.0000,0.0000,0.0000,0.0000,0.0000,0.0000,0.0000
1700000002.650000,-63.1,87.8237,87.2983,88.4590,87.3670,86.2090,81.2219,84.0060,82.0061,85.0000,82.0549,84.1487,82.2982,83.4865,85.9884,83.7257,87.4757,82.7647,85.1469,83.6780,86.1278,86.0233,86.9770,84.7703,85.7963,89.3196,87.6641,91.1811,90.2497,89.3196,93.4077,86.7295,90.4765,90.7579,88.2327,87.5957,90.1388,85.7263,85.8662,82.7103,82.0000,83.9524,78.6448,82.2010,78.4092,74.4312,74.4312,74.0270,73.0069,73.0274,69.1809,68.4690,65.5134,0.0000,0.0000,0.0000,0.0000,0.0000,0.0000,0.0000,0.0000,0.0000,0.0000,0.0000,0.0000
1700000002.700000,-63.3,85.2115,84.5991,87.9830,84.9058,86.8332,83.8630,83.2406,82.7345,82.7345,81.0247,83.2586,82.0792,85.7963,85.0941,80.9568,86.1278,83.9345,85.8662,83.1986,87.3212,82.7647,88.6454,86.6833,88.1192,86.1452,84.8528,89.6772,90.7965,87.6926,94.8947,87.9659,90.9340,90.2552,87.8635,85.9069,89.2693,85.6154,87.3613,86.6833,81.3204,81.9329,79.7120,80.4114,76.5572,75.3923,73.7902,73.7902,73.0616,72.2011,69.8140,67.8970,65.7951,0.0000,0.0000,0.0000,0.0000,0.0000,0.0000,0.0000,0.0000,0.0000,0.0000,0.0000,0.0000
1700000002.750000,-60.6,85.5102,88.6454,88.0738,87.3212,86.4002,86.1278,83.1685,85.3815,82.5409,82.0792,87.3212,83.6720,85.4225,86.3539,85.0000,86.4523,86.6083,84.3801,84.8764,85.1469,86.2844,87.9204,85.4459,90.1388,90.2718,88.2383,92.3147,90.9065,93.0860,88.7299,90.0000,91.4002,92.3580,91.2634,91.2634,88.2327,86.6083,86.8217,83.2346,87.1321,82.1523,82.2982,78.7718,78.7147,76.5572,74.0945,75.6108,72.8011,73.4983,72.3671,70.0357,65.2763,0.0000,0.0000,0.0000,0.0000,0.0000,0.0000,0.0000,0.0000,0.0000,0.0000,0.0000,0.0000
1700000002.800000,-63.7,80.3243,83.1685,83.5225,86.3308,81.4923,80.2808,79.0759,81.0247,78.2624,77.5242,81.3941,80.0999,82.0549,82.0061,85.0000,80.0062,83.0963,78.1025,84.0952,81.0247,82.0975,82.4924,78.5175,86.8850,88.8426,86.6833,85.7030,85.9884,90.4268,84.7231,85.9884,86.9770,88.3629,87.4643,86.4697,81.4985,85.8429,80.5047,81.1542,83.2166,77.0000,81.0247,74.0000,76.0000,71.1126,70.5762,71.7008,70.2140,67.2681,67.4685,65.1460,64.4748,0.0000,0.0000,0.0000,0.0000,0.0000,0.0000,0.0000,0.0000,0.0000,0.0000,0.0000,0.0000
1700000002.850000,-58.8,89.5545,87.8465,90.3770,89.0000,87.7097,86.7698,89.5545,84.3801,87.6641,86.5332,87.2009,87.0057,87.9659,88.0909,88.6172,89.1067,87.6812,88.3912,87.6926,88.3912,87.0460,91.4385,88.0909,94.8103,93.0054,91.2140,94.4034,94.8103,94.2019,94.4034,91.2140,94.0213,92.4554,90.7855,94.3663,91.5478,92.0978,87.8635,86.9770,87.0000,85.6329,81.3941,84.2912,79.2465,79.3977,78.4092,76.5506,77.5242,77.1751,70.6612,70.2140,68.3081,0.0000,0.0000,0.0000,0.0000,0.0000,0.0000,0.0000,0.0000,0.0000,0.0000,0.0000,0.0000
1700000002.900000,-59.0,86.0233,87.2812,88.9550,84.7703,89.1964,83.2166,84.6936,83.3847,84.5281,84.9706,85.4225,83.8630,84.0595,82.9277,82.9277,85.8021,83.4086,82.8010,85.9128,85.7963,88.6172,88.4590,85.7963,89.8053,89.8053,88.3912,89.8276,91.2195,90.5538,91.2414,93.3381,92.6553,92.6337,90.5097,89.9389,88.4590,87.3212,85.4283,86.2149,80.6040,84.4038,80.1561,82.3772,76.8505,75.4718,75.5910,74.6860,72.4983,73.9256,71.1688,70.6045,67.8970,0.0000,0.0000,0.0000,0.0000,0.0000,0.0000,0.0000,0.0000,0.0000,0.0000,0.0000,0.0000
1700000002.950000,-64.5,88.2043,88.2043,86.8332,85.3756,83.8630,83.0241,83.1986,84.1724,83.1986,85.4400,84.2021,89.1852,86.7295,85.0941,84.6936,86.3771,84.1724,81.1542,83.7257,82.3650,84.7231,84.2199,84.7231,89.1852,85.9826,86.2844,86.8217,92.4392,91.0659,92.1141,92.2822,92.1141,89.6939,88.8369,89.0674,88.5494,89.0505,86.4060,82.0792,82.3468,81.5966,80.6536,81.2711,74.4648,76.5376,72.0347,72.5672,71.1969,70.2567,68.0294,68.1175,67.3647,0.0000,0.0000,0.0000,0.0000,0.0000,0.0000,0.0000,0.0000,0.0000,0.0000,0.0000,0.0000
1700000003.000000,-64.1,88.5099,85.8836,89.0000,86.7640,88.1022,84.0952,86.9253,83.2166,85.7963,83.4865,85.0706,85.4400,86.8332,85.3756,83.1986,86.3134,84.5931,89.1067,86.5794,87.2812,84.5931,88.0909,89.2020,90.0888,88.1419,91.0220,93.0215,93.0215,90.0000,94.0213,90.1388,90.1388,92.1358,90.0888,92.2659,92.6553,87.8237,88.1192,85.3288,85.1587,85.9069,83.7437,81.2527,75.4321,75.0000,75.8947,73.7360,72.4983,73.7902,71.1969,70.4557,66.8431,0.0000,0.0000,0.0000,0.0000,0.0000,0.0000,0.0000,0.0000,0.0000,0.0000,0.0000,0.0000
1700000003.050000,-62.2,83.3547,81.6333,83.4865,81.3019,82.0975,79.6304,80.6040,78.8733,80.1561,79.3977,78.6448,82.7345,79.9062,80.0562,79.9312,80.0000,81.4002,83.4086,82.6620,82.0975,83.2346,83.4865,82.6620,81.9878,85.2350,84.2199,86.7698,88.5889,86.3539,88.1192,86.6083,86.6083,86.0930,84.0595,87.1321,85.7030,82.6620,81.8413,83.0060,82.0061,79.8123,76.8375,78.1025,73.5935,70.7672,70.0071,70.7248,68.8840,68.0074,67.1193,66.7308,62.1691,0.0000,0.0000,0.0000,0.0000,0.0000,0.0000,0.0000,0.0000,0.0000,0.0000,0.0000,0.0000
1700000003.100000,-61.8,81.8841,81.8841,81.0494,82.2010,80.8084,79.0759,79.5550,78.4474,77.8845,80.0062,78.1089,81.7068,79.4796,78.3901,78.3901,80.0562,79.6053,78.2624,79.7559,79.9250,79.7559,82.6801,78.8923,80.1561,83.7616,82.6620,84.6286,83.0060,85.7030,87.6584,85.1469,87.3670,85.7030,84.0595,81.8352,83.7257,81.8413,80.4984,78.7210,76.9675,76.0592,78.0000,76.5506,71.8679,71.7844,68.6804,70.6045,69.4262,67.8970,67.2681,67.0000,64.0000,0.0000,0.0000,0.0000,0.0000,0.0000,0.0000,0.0000,0.0000,0.0000,0.0000,0.0000,0.0000
1700000003.150000,-62.5,87.8237,85.4751,90.3549,87.2812,88.2043,82.0975,82.0244,86.0000,80.0999,83.2166,87.3670,82.4924,86.8332,85.0000,85.5102,85.6154,85.6154,85.3756,85.7263,87.9318,86.4002,87.2812,87.9318,88.6002,87.9204,88.9550,90.2497,90.2497,90.6201,92.1141,92.4770,90.6201,93.0484,89.5377,87.5957,89.8443,91.7061,88.5268,84.4038,83.4326,82.7647,81.5843,80.0625,75.1332,75.9539,75.1665,72.1110,74.0068,74.0608,71.3442,71.3863,65.8027,0.0000,0.0000,0.0000,0.0000,0.0000,0.0000,0.0000,0.0000,0.0000,0.0000,0.0000,0.0000
1700000003.200000,-60.1,86.2149,83.6002,84.0536,85.0000,84.0595,80.7094,83.5284,80.5295,82.2982,82.7345,85.8662,85.0000,86.5390,84.3090,84.1546,86.3308,84.4808,83.2406,84.4038,86.3481,88.2950,88.8426,86.4928,87.1321,88.2836,88.9550,88.8144,93.5361,89.8053,92.5419,91.0824,91.7878,93.0591,90.4268,88.6454,88.0738,87.3212,86.8332,85.8662,84.8999,81.0432,80.3617,81.9329,75.9605,77.8332,74.7329,75.5844,74.7061,72.5603,71.5612,70.6045,67.2086,0.0000,0.0000,0.0000,0.0000,0.0000,0.0000,0.0000,0.0000,0.0000,0.0000,0.0000,0.0000
1700000003.250000,-61.4,84.0536,85.0941,85.2878,85.0941,84.2912,82.2982,79.9062,82.7345,79.7621,80.6040,80.8084,82.4621,82.5651,82.2192,82.5651,83.2166,81.7068,81.7068,83.2586,83.3847,81.7068,82.2922,81.4371,86.8332,86.3539,87.2066,88.5494,85.9593,87.3212,90.4268,87.7097,89.4707,88.5494,87.2066,87.8465,86.9253,83.7735,84.6936,83.5703,79.4796,78.7464,76.2430,77.8845,78.3390,74.7329,71.0211,72.5603,69.4622,72.1110,68.0000,68.0294,65.3758,0.0000,0.0000,0.0000,0.0000,0.0000,0.0000,0.0000,0.0000,0.0000,0.0000,0.0000,0.0000
1700000003.300000,-61.0,82.4924,80.5047,83.2947,83.1505,83.0542,81.1542,78.0577,78.0000,81.0062,81.0247,80.1561,82.8734,81.8841,82.3772,79.2465,82.7647,82.0000,83.1986,81.9085,82.5651,83.2406,85.7263,82.5651,85.2350,88.0227,84.3090,87.3155,86.1626,87.8465,88.9550,88.2553,86.1626,90.1388,85.0706,83.8153,86.6487,83.8153,81.0432,82.0061,81.0247,76.6877,78.1025,76.9415,73.8241,73.4370,71.2531,71.0634,68.0000,68.0000,68.1175,67.8970,62.0967,0.0000,0.0000,0.0000,0.0000,0.0000,0.0000,0.0000,0.0000,0.0000,0.0000,0.0000,0.0000
1700000003.350000,-62.6,84.7231,85.7555,85.4751,86.3539,86.3539,82.7345,84.1724,82.8553,85.2350,80.7775,83.8153,84.7585,83.9345,82.9699,83.9345,86.3481,84.9294,84.5281,85.0000,86.9770,83.8630,84.7172,85.4751,86.2090,88.2780,90.1388,90.1998,90.3549,90.1388,92.2659,89.3588,89.3588,90.5538,87.6926,90.2552,86.9770,90.4268,86.3134,84.9294,83.6780,81.3204,80.0812,79.0569,76.2168,77.2528,73.0069,74.2496,74.2428,70.8308,68.8186,67.0075,66.6033,0.0000,0.0000,0.0000,0.0000,0.0000,0.0000,0.0000,0.0000,0.0000,0.0000,0.0000,0.0000
1700000003.400000,-64.7,83.9345,88.0568,86.3308,86.4002,85.4400,84.1546,85.0941,82.4621,81.5414,80.1124,83.6481,82.3650,83.2406,82.1523,85.5862,85.1469,86.8217,82.4197,85.7030,83.4086,83.6002,86.8332,84.5044,88.4138,87.7838,88.4590,92.0217,89.1964,91.9674,89.0955,89.1964,92.9570,90.1388,88.7299,91.8314,85.4283,87.6185,88.0057,85.2115,84.6286,81.5414,83.3547,78.5493,78.7718,76.9415,73.4098,74.0945,73.0548,71.4703,69.8570,68.2495,66.6108,0.0000,0.0000,0.0000,0.0000,0.0000,0.0000,0.0000,0.0000,0.0000,0.0000,0.0000,0.0000
1700000003.450000,-61.4,87.5557,86.5852,87.4757,87.0976,86.1452,83.1865,84.7172,82.6075,83.2947,84.1487,84.0060,86.0058,86.0000,86.0930,85.0000,86.2844,85.3756,85.5862,87.2983,87.9659,87.5728,85.5102,86.6833,92.4175,87.3212,90.2441,90.9560,91.4822,91.4822,91.7606,89.4986,94.5939,93.1719,92.9624,89.0505,90.6090,91.2414,87.9659,86.7006,84.8528,82.3893,79.4040,82.1523,77.0260,76.0000,74.0000,73.1710,74.3303,72.6911,70.0357,70.3420,67.0671,0.0000,0.0000,0.0000,0.0000,0.0000,0.0000,0.0000,0.0000,0.0000,0.0000,0.0000,0.0000
1700000003.500000,-64.8,84.5281,85.4283,82.8553,83.1865,83.3547,83.3547,80.2621,79.3221,80.4550,79.2023,81.6088,80.0000,82.9759,84.2199,80.8084,80.6102,83.4506,80.6226,84.2199,82.8794,83.5464,84.5044,81.4678,85.4283,87.4586,84.8116,88.2383,84.4038,87.8009,85.6037,87.4586,88.4081,87.4586,87.7838,85.6329,85.0412,84.8999,83.4386,80.6226,83.4865,78.7464,79.2465,76.6942,77.0065,74.6324,74.0608,72.7186,68.9638,70.6824,67.6240,67.6757,65.7343,0.0000,0.0000,0.0000,0.0000,0.0000,0.0000,0.0000,0.0000,0.0000,0.0000,0.0000,0.0000
1700000003.550000,-60.9,87.6641,86.0058,86.5390,85.6154,86.1626,85.4400,82.2192,83.5225,81.7435,84.1724,82.9759,83.3607,83.1865,86.8332,84.7172,86.0523,85.0529,84.0536,83.0000,88.0057,87.0000,86.0058,87.0000,87.2812,87.1436,87.0919,93.3435,90.5538,91.4440,89.2020,91.3510,91.2688,90.1998,92.2659,89.0225,88.0511,85.0941,87.0057,85.0000,83.0963,82.1523,81.2219,80.2247,76.4199,77.6466,73.1642,73.0069,73.0069,71.7844,72.1110,69.3542,66.3702,0.0000,0.0000,0.0000,0.0000,0.0000,0.0000,0.0000,0.0000,0.0000,0.0000,0.0000,0.0000
1700000003.600000,-62.5,89.2693,88.4590,87.5728,85.8429,86.1452,84.2140,84.0536,83.0060,84.0000,83.0241,84.0952,86.1452,86.4697,83.8630,82.7345,86.4928,85.3756,84.7231,83.9345,87.3613,86.5852,85.7263,87.3613,88.2553,91.0824,87.9204,91.1811,90.6201,89.6939,93.4077,92.3580,91.0824,91.0824,88.5438,89.1852,88.0568,88.7694,87.5557,83.4326,82.7103,82.7647,79.4292,81.2158,79.2465,77.5242,74.3303,75.1066,73.1095,71.0000,73.2462,71.5681,66.7083,0.0000,0.0000,0.0000,0.0000,0.0000,0.0000,0.0000,0.0000,0.0000,0.0000,0.0000,0.0000
1700000003.650000,-58.8,92.1141,89.8721,90.2109,89.8721,89.4036,87.8009,86.6833,87.8635,87.8635,86.9770,89.0955,88.4590,87.8635,88.7299,88.6172,88.8651,89.8109,86.8332,88.4816,88.4816,89.0505,90.1388,89.0449,90.0500,92.7847,91.7878,92.6607,95.0158,93.6483,94.0213,92.9624,94.1541,94.3398,93.4933,91.5260,91.5260,89.8721,89.6270,89.2020,85.6037,85.0412,84.2912,82.8794,79.9812,77.7946,76.4199,77.2334,75.6042,74.4043,72.9452,71.1969,68.4471,0.0000,0.0000,0.0000,0.0000,0.0000,0.0000,0.0000,0.0000,0.0000,0.0000,0.0000,0.0000
1700000003.700000,-62.9,84.0000,82.0244,86.0058,89.0000,84.1487,80.0999,81.8841,79.6304,81.2158,81.0494,83.7437,85.1469,84.1724,82.0061,83.5225,85.4400,81.3449,82.2800,82.8553,83.2586,83.2586,84.0952,84.5813,88.5494,86.3308,83.1865,89.5545,89.0056,87.2066,91.3017,86.7698,88.1192,86.3134,87.2353,86.3308,85.4927,85.0882,84.8646,82.6378,82.5409,79.3788,80.0062,81.3204,76.6551,73.7631,69.4262,71.0211,70.7107,71.1126,70.0071,66.0303,67.2681,0.0000,0.0000,0.0000,0.0000,0.0000,0.0000,0.0000,0.0000,0.0000,0.0000,0.0000,0.0000
1700000003.750000,-63.9,88.3233,85.3756,84.9294,86.6833,85.7030,84.1724,82.6075,82.3893,83.3847,82.2192,83.0542,85.0235,85.0000,85.0000,86.0000,87.2812,87.0919,83.2947,84.5931,83.6002,85.3756,88.1192,84.7172,88.4590,89.4427,88.1192,91.9837,90.4268,90.6090,90.0278,90.4268,92.2280,91.0824,88.6848,89.6772,87.5728,85.5862,87.0919,86.0523,86.0523,80.0000,83.0000,79.0569,78.0577,75.3260,73.3348,74.8131,75.5050,71.0634,71.1688,69.6419,67.1193,0.0000,0.0000,0.0000,0.0000,0.0000,0.0000,0.0000,0.0000,0.0000,0.0000,0.0000,0.0000
1700000003.800000,-66.8,88.5268,87.7838,89.1067,87.6926,83.4506,86.2786,82.7587,84.2912,82.9759,82.4621,82.2010,83.4865,87.3670,86.6083,85.4400,86.8332,85.0882,83.6481,85.8662,85.4927,86.7698,85.9069,86.0058,88.6002,88.6002,88.0227,92.1141,91.4166,93.9840,93.4077,89.6939,92.8493,90.8735,89.9611,86.8159,89.4707,87.7269,85.8662,82.7345,84.2199,82.1523,80.9938,80.9938,76.8440,76.4003,72.4707,75.1665,73.5527,70.7248,70.8378,68.0074,69.3397,0.0000,0.0000,0.0000,0.0000,0.0000,0.0000,0.0000,0.0000,0.0000,0.0000,0.0000,0.0000
1700000003.850000,-61.6,84.5931,84.2140,81.2219,83.0963,83.0060,80.0999,82.0244,78.0064,78.1601,79.2275,82.2982,81.0494,84.8528,82.2010,83.3607,82.9759,86.1220,79.8311,83.2406,83.2406,82.2800,83.1685,80.6536,84.8646,86.7295,86.3771,88.6002,87.3155,90.2497,89.3196,89.1964,88.9550,86.9770,88.5438,87.3613,83.9345,82.2800,82.4621,80.7775,79.8311,76.7919,78.9177,75.6637,76.7919,73.2462,69.0290,72.0000,71.0070,68.0661,68.2642,65.9242,65.5210,0.0000,0.0000,0.0000,0.0000,0.0000,0.0000,0.0000,0.0000,0.0000,0.0000,0.0000,0.0000
1700000003.900000,-57.8,87.9204,87.9204,86.6833,87.3613,82.0061,84.8999,81.2527,81.5843,82.9759,81.6150,83.7257,84.2912,85.1469,86.0523,85.1469,85.0235,88.0000,82.0000,86.0523,87.2066,86.0058,88.2043,84.2912,86.7006,88.6848,88.9550,90.7965,88.6848,91.7878,87.9659,91.7878,94.3398,90.2718,91.2688,89.1403,87.2066,86.0233,86.0000,85.0059,84.0238,80.0999,81.0987,79.4040,76.4199,74.6726,72.5672,73.3485,71.8401,71.4703,70.8378,68.9420,66.2420,0.0000,0.0000,0.0000,0.0000,0.0000,0.0000,0.0000,0.0000,0.0000,0.0000,0.0000,0.0000
1700000003.950000,-60.1,83.0542,88.0227,83.0000,85.0000,81.0000,82.0244,79.1581,80.2247,81.3019,77.6466,81.6150,84.1724,82.7647,84.1724,83.7437,82.0000,83.6780,80.7775,83.1685,81.5966,80.3243,83.9345,83.8153,84.8646,85.7963,86.0058,88.2383,85.0882,90.6201,86.0058,88.3912,87.4643,87.4643,86.3771,87.9204,82.8734,84.4808,81.4923,83.4326,83.4326,78.0897,78.4474,75.1332,74.5453,72.6911,71.2531,71.0070,70.0000,67.0671,68.4690,67.2681,62.9365,0.0000,0.0000,0.0000,0.0000,0.0000,0.0000,0.0000,0.0000,0.0000,0.0000,0.0000,0.0000
1700000004.000000,-61.9,81.0555,86.0233,83.2947,87.2066,81.3019,81.2219,79.4040,80.6226,80.8950,79.4292,81.5843,79.8123,83.2406,81.2711,82.8613,83.8153,84.5044,78.5493,82.4621,83.3847,82.0792,83.7735,81.4371,86.3134,84.0773,89.4427,91.6788,84.0773,89.0674,86.3539,88.1022,85.9069,87.3212,87.7269,86.9253,84.8646,85.2350,80.7775,81.3449,83.4865,79.5550,79.8123,75.4321,75.3127,74.3303,73.6817,72.2496,70.1783,67.0075,68.0000,68.1836,65.7647,0.0000,0.0000,0.0000,0.0000,0.0000,0.0000,0.0000,0.0000,0.0000,0.0000,0.0000,0.0000
1700000004.050000,-65.8,83.5464,84.7231,84.4038,86.1220,84.6463,80.7775,80.9568,78.7718,80.0562,79.4796,83.5703,81.4371,85.0882,85.4225,81.0062,81.9878,81.4923,81.3019,81.5414,84.8764,84.0536,83.4865,85.8021,87.2009,85.6037,86.0523,88.7299,90.4268,87.4586,90.2718,89.2020,91.2140,89.4036,85.8021,87.9204,86.8389,85.7555,84.9058,81.9878,81.4923,80.9506,80.4984,80.5295,75.1532,76.0592,73.1642,72.4224,72.4224,71.3092,70.0357,68.1175,66.0076,0.0000,0.0000,0.0000,0.0000,0.0000,0.0000,0.0000,0.0000,0.0000,0.0000,0.0000,0.0000
1700000004.100000,-60.0,87.3155,87.2812,85.8662,88.8876,85.4400,83.9345,82.4621,81.7863,84.5281,80.6226,83.7257,86.3713,84.0952,86.0930,84.0000,85.0059,89.0505,84.0536,84.2912,88.1419,86.2090,87.2812,85.3756,87.8237,87.8237,87.1321,90.4268,89.4427,93.3809,89.6270,90.9340,90.2552,92.4392,89.4539,87.2066,86.3713,86.5794,86.1452,85.0941,87.0517,80.0062,82.0000,80.0000,75.1665,76.2365,73.8241,74.6726,73.3485,72.2772,69.3758,68.7095,65.3070,0.0000,0.0000,0.0000,0.0000,0.0000,0.0000,0.0000,0.0000,0.0000,0.0000,0.0000,0.0000
1700000004.150000,-65.2,84.8764,84.0536,83.2346,85.6037,82.6196,81.4002,81.5659,82.1340,82.1340,82.0244,81.3204,81.3941,84.3860,80.9197,82.2192,86.2149,81.4002,81.0247,82.0975,83.2166,83.2166,84.7231,79.4040,86.4523,86.8332,85.9593,85.4225,87.6584,88.6848,87.2353,85.4751,91.4166,86.0930,89.0449,85.1469,85.1469,85.4400,80.0000,82.4197,80.6040,80.6040,80.9197,76.5768,74.3303,75.6637,70.0071,74.4110,69.6563,69.6348,69.6419,68.9638,66.7083,0.0000,0.0000,0.0000,0.0000,0.0000,0.0000,0.0000,0.0000,0.0000,0.0000,0.0000,0.0000
1700000004.200000,-63.6,83.3847,82.4621,80.6226,83.7735,81.0247,79.1581,80.9506,79.1770,80.6226,77.6981,81.5414,81.4002,80.8022,82.8010,82.2010,81.5659,81.4678,78.5684,79.9062,81.3449,81.3204,82.7345,82.7587,83.7377,86.4523,88.5268,89.3756,88.5268,86.4523,86.0523,84.2199,86.2786,85.5628,86.2786,84.8528,84.8646,81.3204,82.1340,80.8084,81.5659,75.4321,76.6942,75.6042,73.6003,71.0211,69.9714,70.2353,73.7902,66.2118,65.9242,66.4078,64.7611,0.0000,0.0000,0.0000,0.0000,0.0000,0.0000,0.0000,0.0000,0.0000,0.0000,0.0000,0.0000
1700000004.250000,-60.3,80.6226,80.4114,83.5703,81.7068,82.2800,77.8332,79.0569,77.8845,79.3095,77.1298,79.6241,80.6040,79.4040,78.5175,79.6304,83.1505,79.1012,81.0987,80.0000,83.0000,82.0000,84.0238,82.0000,86.0930,85.0941,83.0542,84.2140,87.0919,86.4697,88.2043,86.0233,85.0529,85.0941,86.0233,84.0238,84.0000,82.0000,82.0975,81.0987,78.1601,78.1025,75.1665,77.7817,73.6817,73.1642,70.6116,70.6045,68.6804,69.8928,69.0797,65.3682,64.3506,0.0000,0.0000,0.0000,0.0000,0.0000,0.0000,0.0000,0.0000,0.0000,0.0000,0.0000,0.0000
1700000004.300000,-59.7,88.0909,85.6037,87.6584,87.0057,86.0233,83.4865,84.5991,80.4550,85.0882,85.0882,85.4225,86.3308,85.0000,85.2350,84.1724,86.9770,84.7585,86.6487,84.7703,86.0233,85.0706,89.5600,88.0568,87.0976,91.0055,88.0738,90.8020,94.9210,90.8020,95.7079,90.7083,93.8616,91.2140,90.2497,91.3947,91.7606,89.8443,85.0941,86.0349,85.0941,84.3090,80.6226,80.5295,76.0592,76.9415,72.0694,73.7835,76.8440,73.4098,71.5891,70.0071,68.1175,0.0000,0.0000,0.0000,0.0000,0.0000,0.0000,0.0000,0.0000,0.0000,0.0000,0.0000,0.0000
1700000004.350000,-61.0,88.2043,86.0930,88.0227,89.0056,85.0059,85.0059,87.0517,86.0233,83.1505,81.6150,85.9884,87.4757,85.7030,84.8999,85.3756,86.8332,85.4400,84.7703,83.8153,86.0233,85.7263,87.5957,86.6487,90.8735,90.6201,91.9239,93.2309,90.6201,90.8735,89.8888,92.4770,92.3580,92.3580,89.1964,90.1388,88.5438,88.6002,85.4400,85.8662,86.5852,81.5843,81.5843,81.3941,75.9539,78.1601,74.0608,75.0267,73.0069,73.2462,71.3442,71.3863,66.4831,0.0000,0.0000,0.0000,0.0000,0.0000,0.0000,0.0000,0.0000,0.0000,0.0000,0.0000,0.0000
1700000004.400000,-62.3,86.2090,86.4697,84.8528,85.7088,84.7172,83.0241,81.2158,81.0247,82.0000,80.2808,84.2021,82.2192,81.9329,84.4334,83.9345,82.3468,82.8553,82.0792,86.8159,82.7647,85.4283,85.4225,84.0773,87.6584,85.8836,87.7097,89.1852,89.0056,91.2414,87.3212,89.0674,89.0056,89.0000,89.0505,85.9069,86.0058,86.9253,84.5044,81.2711,84.1546,77.8845,79.1202,79.3095,74.5252,73.5459,72.6911,73.4370,72.0278,68.0661,69.0000,66.4831,65.6201,0.0000,0.0000,0.0000,0.0000,0.0000,0.0000,0.0000,0.0000,0.0000,0.0000,0.0000,0.0000
1700000004.450000,-59.2,89.4427,86.7006,89.4539,85.4751,86.2844,86.2090,84.0952,83.0241,83.0060,84.0952,86.0930,85.2878,86.3713,84.8528,84.7172,88.4590,84.9294,84.5281,86.8332,86.8332,88.0568,87.3613,86.4002,89.8109,87.9318,87.9318,88.9550,90.4765,92.0272,92.0272,91.3947,92.0272,92.0489,91.0934,89.5600,90.5207,89.4986,83.7437,84.7231,82.5651,84.0119,79.7621,81.7435,77.5242,80.3057,75.0067,75.0000,73.0274,73.1710,72.8354,69.2315,65.8027,0.0000,0.0000,0.0000,0.0000,0.0000,0.0000,0.0000,0.0000,0.0000,0.0000,0.0000,0.0000
1700000004.500000,-61.7,80.5295,81.0247,80.5295,83.1926,80.4984,76.4788,77.8267,77.8974,79.4040,78.4920,76.6094,77.8010,80.6040,80.9197,80.1561,81.4678,83.4865,77.7946,82.0731,82.0366,80.6598,82.7345,79.9812,84.0238,84.8116,84.5044,86.0523,86.2149,86.8332,83.0060,85.9128,87.4586,85.1469,85.6329,84.8646,81.3941,83.5464,83.4865,80.6226,79.2086,77.2334,78.6448,75.2861,74.2024,70.0000,68.5055,71.3442,69.8355,66.2420,68.4251,68.6222,65.9697,0.0000,0.0000,0.0000,0.0000,0.0000,0.0000,0.0000,0.0000,0.0000,0.0000,0.0000,0.0000
1700000004.550000,-61.3,84.8999,85.6154,82.0000,86.1220,85.1587,83.7437,81.8841,81.7435,84.3801,80.0999,82.4924,83.0963,83.0542,85.0000,83.0060,83.0963,82.1523,82.2192,85.3756,84.5931,83.3847,85.8429,83.4865,88.2836,85.7088,87.9659,89.1067,86.3134,87.4757,89.4427,88.2836,91.4112,89.4427,86.9770,85.7088,86.3713,87.3670,84.1487,82.0061,80.0062,81.0000,81.0000,78.0256,77.1038,74.2428,72.5603,72.0069,70.6116,71.8401,70.2140,69.3542,67.5352,0.0000,0.0000,0.0000,0.0000,0.0000,0.0000,0.0000,0.0000,0.0000,0.0000,0.0000,0.0000
1700000004.600000,-59.9,83.2346,80.9938,81.8352,82.6801,79.0759,79.4040,79.1770,79.6053,76.0263,76.5572,79.7057,79.4796,76.8960,79.0569,79.7120,79.1202,79.6994,77.8845,81.0247,80.5233,80.7775,79.6241,78.2624,81.5843,81.2158,85.1587,82.8734,84.0119,84.1724,84.8528,86.3134,86.8332,85.3288,83.3607,83.4326,82.0061,82.9699,79.1202,78.1089,78.7464,75.6108,76.8960,77.6209,74.4648,71.1126,71.5891,69.4622,70.4911,69.4046,68.2495,64.3817,60.1415,0.0000,0.0000,0.0000,0.0000,0.0000,0.0000,0.0000,0.0000,0.0000,0.0000,0.0000,0.0000
1700000004.650000,-60.5,89.5879,85.7030,84.8116,84.4038,84.5044,80.6040,83.2406,82.1340,82.0731,80.6598,84.1487,84.2912,86.3713,84.6463,83.8689,83.8153,84.0536,82.0975,79.6116,83.5284,84.5991,87.4643,83.0060,85.4751,87.7097,87.7097,89.0505,90.7855,89.4427,85.9069,86.7640,88.5494,88.5889,83.2406,89.0674,87.1321,86.9540,84.3149,83.7616,82.6620,82.0975,79.4040,80.8022,76.2168,73.6614,72.1388,74.2496,74.3303,70.9366,69.8140,69.3397,64.0078,0.0000,0.0000,0.0000,0.0000,0.0000,0.0000,0.0000,0.0000,0.0000,0.0000,0.0000,0.0000
1700000004.700000,-65.4,88.7694,85.8662,87.3212,89.2693,85.9069,85.1469,85.0000,85.4751,84.4808,83.1505,85.1469,84.0238,85.0000,83.0241,83.1505,84.4808,88.5664,82.4924,87.1321,88.6454,87.6641,88.0738,86.1220,90.2497,89.4986,90.9560,92.4446,88.3233,91.7606,90.8020,91.9239,90.5207,89.5600,89.9889,90.2441,86.8850,88.6454,87.4757,85.9884,87.2983,83.7257,84.8528,80.5047,78.2304,76.0263,73.0274,76.0263,76.1052,72.2496,71.3863,68.1542,67.3573,0.0000,0.0000,0.0000,0.0000,0.0000,0.0000,0.0000,0.0000,0.0000,0.0000,0.0000,0.0000
1700000004.750000,-61.3,87.2066,86.8159,85.4927,83.2586,84.1724,84.6936,81.5966,84.1190,81.9085,83.2406,85.6154,83.4326,85.5102,85.5102,82.2010,85.9884,86.4697,84.7172,84.1487,84.2912,87.2812,89.2020,90.0888,87.0000,89.0505,89.0000,91.0220,91.0055,94.0213,92.0054,89.0898,92.0489,92.1358,91.1373,89.0898,91.3510,85.5862,86.5794,84.0119,81.8841,83.7437,80.8084,82.2253,75.9605,78.1601,75.2728,74.4648,74.3236,72.0069,69.9714,71.0282,68.1175,0.0000,0.0000,0.0000,0.0000,0.0000,0.0000,0.0000,0.0000,0.0000,0.0000,0.0000,0.0000
1700000004.800000,-64.7,92.3472,88.2043,92.1358,90.1388,92.0054,89.0225,87.1436,87.2812,87.2066,87.6926,89.6772,86.9770,89.4427,90.4268,87.6641,88.2950,89.0505,87.0976,86.9770,89.1852,91.7061,91.3947,89.1964,91.1811,94.7048,93.0484,94.9210,96.2081,95.4620,94.7048,94.5780,96.7988,94.2444,92.9731,92.7200,92.1792,92.1792,91.6788,88.0738,88.2950,86.9770,84.8528,83.7257,81.3941,81.3019,78.1601,78.0064,75.0267,75.1665,77.1038,73.0069,73.0821,0.0000,0.0000,0.0000,0.0000,0.0000,0.0000,0.0000,0.0000,0.0000,0.0000,0.0000,0.0000
1700000004.850000,-63.5,85.0882,86.1626,82.6378,84.8646,80.3243,80.4114,79.6994,81.7435,80.0500,78.8543,82.7647,82.0366,81.6150,80.5047,81.6150,81.2219,83.0963,82.0549,82.0000,85.0235,85.0000,85.0000,83.0000,86.1452,84.0060,88.0227,88.1419,86.1452,90.1998,88.0511,85.0529,88.0909,90.0056,86.0058,89.0225,86.0058,86.0000,83.0241,83.0963,82.2192,78.5175,80.3990,78.9177,78.0897,75.1332,70.8308,73.3757,71.7844,70.0071,70.2638,65.3682,66.5733,0.0000,0.0000,0.0000,0.0000,0.0000,0.0000,0.0000,0.0000,0.0000,0.0000,0.0000,0.0000
1700000004.900000,-60.0,85.2350,80.7775,85.4927,82.8553,85.0882,81.4371,79.6053,81.0062,80.1311,81.3019,81.3019,82.0975,83.8153,84.2021,80.4301,85.1469,83.0963,82.3286,84.8646,83.4865,87.0460,86.3134,84.8646,87.7838,87.7838,84.2912,87.0460,91.3510,89.2749,88.5268,87.0000,87.7269,87.6926,89.1403,88.3912,87.0000,85.6329,84.9588,82.2192,80.1561,81.4002,78.2432,80.4487,77.1038,74.9466,75.2928,73.4302,73.7902,70.6824,69.2892,70.6045,68.2495,0.0000,0.0000,0.0000,0.0000,0.0000,0.0000,0.0000,0.0000,0.0000,0.0000,0.0000,0.0000
1700000004.950000,-63.7,89.0898,83.1505,87.6926,87.4643,85.7088,83.8630,84.5281,82.9759,81.7863,84.1724,85.1469,85.4400,84.7703,83.8153,85.0706,86.9253,84.1724,85.6154,83.6720,85.8662,85.4283,87.2066,85.4225,88.5494,89.0056,88.5889,87.8180,90.5538,92.2822,92.2822,92.5905,92.6607,92.1303,91.2360,89.0000,88.5664,89.0505,85.7963,83.3847,83.4865,84.7585,80.6536,83.5225,79.8123,79.0759,74.5252,75.8024,74.6726,73.1710,73.0069,70.1783,67.6018,0.0000,0.0000,0.0000,0.0000,0.0000,0.0000,0.0000,0.0000,0.0000,0.0000,0.0000,0.0000
1700000005.000000,-59.8,86.4002,84.4808,85.4400,82.2800,83.5703,83.2166,79.8499,81.0247,81.4371,80.9506,82.8553,83.7616,82.0975,81.8413,82.6620,84.4038,81.8413,85.0000,83.0963,85.2760,85.4283,85.6329,83.5464,88.3912,87.0000,85.5628,87.7269,90.6090,87.7269,88.6172,88.4138,89.0955,89.0955,90.5538,87.1149,85.6329,85.7963,83.5464,84.9588,81.5659,80.4301,78.4092,78.8162,75.7166,73.7835,73.4302,72.8972,69.3542,71.1126,69.8570,68.9493,66.0984,0.0000,0.0000,0.0000,0.0000,0.0000,0.0000,0.0000,0.0000,0.0000,0.0000,0.0000,0.0000
1700000005.050000,-62.5,85.6037,85.0000,86.5563,84.5044,84.5044,84.3860,79.9812,80.6226,82.7587,80.0562,78.7464,80.2122,81.6088,83.7616,85.7030,81.8352,82.1523,79.4040,84.1190,83.7257,82.4924,85.8836,80.9506,84.6936,88.7694,85.0882,88.2383,87.8465,90.6201,86.0058,87.8465,89.0505,88.5494,85.8836,88.1192,84.0773,84.5813,82.2982,82.3650,84.2199,79.0759,82.6620,76.0066,76.2758,74.8131,71.5891,72.1388,72.1388,68.6222,70.0928,68.6003,66.3702,0.0000,0.0000,0.0000,0.0000,0.0000,0.0000,0.0000,0.0000,0.0000,0.0000,0.0000,0.0000
1700000005.100000,-59.5,90.4710,87.5557,86.0233,88.8876,84.1190,85.0706,83.3847,81.9390,83.1926,79.6241,84.5281,83.6481,86.9540,83.0060,85.9826,83.8153,85.2115,83.8153,86.5563,86.6833,87.8635,86.3134,85.2760,89.8721,89.8276,89.8276,92.6337,92.6553,92.6337,93.3381,89.8053,92.6337,91.9348,91.9674,90.5538,89.9389,88.7299,88.0909,84.0238,84.5044,82.4197,84.4038,81.8413,79.9250,76.5506,75.2928,77.5242,74.7061,74.3236,70.2282,69.6419,69.0507,0.0000,0.0000,0.0000,0.0000,0.0000,0.0000,0.0000,0.0000,0.0000,0.0000,0.0000,0.0000
1700000005.150000,-61.7,89.3085,84.6286,92.0054,89.6437,89.2020,85.2760,84.8999,83.4865,81.3941,88.4138,83.4506,85.7030,84.3860,85.4283,84.2021,86.2670,85.7030,87.6584,84.3801,89.1852,87.4643,87.3212,85.5862,89.8944,90.7855,88.1192,89.8999,93.5201,89.8944,92.1358,88.1419,93.9149,91.7061,92.1792,88.1930,90.5538,89.1852,87.4643,84.5991,85.1469,84.0536,81.0247,85.2115,79.2023,77.4661,75.8222,75.6637,74.9667,75.0733,74.0270,71.3442,68.9638,0.0000,0.0000,0.0000,0.0000,0.0000,0.0000,0.0000,0.0000,0.0000,0.0000,0.0000,0.0000
1700000005.200000,-61.6,90.2109,87.3212,88.7299,87.1149,88.6172,84.1487,86.2670,84.8528,84.9588,83.5464,88.0909,83.2406,84.4038,85.4459,85.8021,87.1321,87.4643,84.7231,85.0882,87.2353,86.9540,89.0000,84.0773,89.1572,90.3770,91.3893,91.3893,93.2309,91.3893,91.3893,91.7878,92.6121,94.3716,91.2360,91.2414,87.6584,87.2353,86.6083,89.1852,86.4523,84.9058,82.6801,81.2711,76.6094,78.2432,76.5768,75.6902,77.0779,75.0733,71.8401,71.4003,68.9638,0.0000,0.0000,0.0000,0.0000,0.0000,0.0000,0.0000,0.0000,0.0000,0.0000,0.0000,0.0000
1700000005.250000,-60.7,84.5931,87.5728,85.1587,85.7088,85.5102,82.5651,85.1469,79.8123,84.6463,78.4474,84.4334,81.3449,84.3090,84.3090,84.6936,83.1926,83.6720,80.9568,84.2199,85.0000,84.5340,84.5340,82.1523,85.4400,87.9204,85.4400,87.0919,88.2043,90.6973,89.3085,86.2844,89.0449,90.0500,89.1852,88.1930,86.8332,87.8180,85.4225,81.3941,83.2586,82.8553,81.1542,76.3217,75.8947,74.6324,73.7631,74.9533,70.8590,71.0211,69.3542,68.0074,67.0298,0.0000,0.0000,0.0000,0.0000,0.0000,0.0000,0.0000,0.0000,0.0000,0.0000,0.0000,0.0000
1700000005.300000,-62.4,79.6241,79.8311,84.1724,81.3941,81.0494,75.8024,80.2247,78.2304,78.1601,80.0000,77.0000,80.0062,79.2275,80.2247,79.1581,79.5110,77.1038,78.7718,80.0625,81.2158,80.2309,81.2527,81.4923,82.2800,81.7435,82.8613,83.5225,86.9770,85.3815,85.0706,83.2406,86.4002,85.1645,84.6463,81.4923,84.4038,82.5651,80.0625,80.8950,80.0625,76.5310,77.5242,75.2396,74.0608,72.0625,69.0000,71.0282,68.1175,69.3542,66.9104,63.7887,65.4599,0.0000,0.0000,0.0000,0.0000,0.0000,0.0000,0.0000,0.0000,0.0000,0.0000,0.0000,0.0000
1700000005.350000,-62.0,91.8096,91.0659,93.0215,90.8240,92.1303,86.3134,88.2383,87.0919,85.4400,87.2812,87.6641,88.8876,89.0225,88.5268,90.2441,91.5915,88.9550,90.0944,89.3588,92.1358,90.1998,92.1954,87.3670,94.0213,93.1343,92.0489,92.0217,97.0052,97.0052,97.0052,93.0215,96.0052,95.0053,95.0474,93.1343,95.0842,92.3472,90.6697,88.8144,87.5728,86.8332,85.1587,86.4928,80.6040,80.8084,78.1601,76.9220,77.4919,78.1857,74.6860,72.0694,70.7248,0.0000,0.0000,0.0000,0.0000,0.0000,0.0000,0.0000,0.0000,0.0000,0.0000,0.0000,0.0000
1700000005.400000,-61.7,87.7097,81.6333,86.5332,80.1561,84.8764,80.9938,81.4002,78.8733,80.4301,81.6884,83.8689,82.1340,81.3449,82.0366,79.2086,85.7963,82.4621,83.0963,79.6492,85.0000,84.4038,84.4038,84.2021,86.2670,84.8764,85.4459,86.0233,87.9204,86.8217,88.7525,86.2670,88.7525,88.4816,86.2670,87.4586,86.8332,86.0523,83.0963,84.2912,82.0731,82.7345,77.7817,80.6226,75.6902,75.2861,74.8131,73.0069,71.5612,71.6938,71.1196,69.6419,64.1950,0.0000,0.0000,0.0000,0.0000,0.0000,0.0000,0.0000,0.0000,0.0000,0.0000,0.0000,0.0000
1700000005.450000,-60.9,87.0976,87.6641,89.9444,87.1321,85.8429,82.7345,83.3847,83.2166,83.1505,83.0060,84.0000,84.0536,86.2090,83.2166,87.4643,84.7172,84.8528,83.1865,85.7030,86.6833,86.8850,85.6154,85.8662,88.6002,91.4822,90.5207,93.0054,90.1388,91.7061,93.9202,90.8020,94.6414,92.0489,91.4822,91.9239,89.4986,89.2693,88.2836,85.5102,87.1321,82.6075,83.6002,80.7527,80.3057,75.2396,74.0068,74.0068,74.1687,71.5681,69.7209,72.0347,68.6804,0.0000,0.0000,0.0000,0.0000,0.0000,0.0000,0.0000,0.0000,0.0000,0.0000,0.0000,0.0000
1700000005.500000,-63.9,85.2115,83.8153,84.8764,85.4459,81.3019,80.9938,81.6333,81.4125,83.2406,80.9568,82.3468,81.9390,81.5414,80.0562,81.7068,82.5651,83.9345,82.2800,84.6463,82.7103,82.4621,85.3756,83.1986,85.1587,87.4757,88.6454,91.0824,85.9884,88.8144,90.0944,87.6641,88.8426,88.2950,87.8009,88.2950,88.5268,85.1645,83.5225,82.2800,84.1190,80.0562,80.4114,82.2800,78.2943,74.2496,75.5910,72.2011,71.0211,69.6348,73.6003,68.6804,65.7951,0.0000,0.0000,0.0000,0.0000,0.0000,0.0000,0.0000,0.0000,0.0000,0.0000,0.0000,0.0000
1700000005.550000,-63.5,83.9345,83.0060,83.1926,81.4371,81.8596,80.9506,80.1311,78.3901,80.9938,82.9277,81.5414,83.8153,82.6620,80.1561,80.4301,82.0731,78.5175,84.2199,80.6102,82.0366,84.1487,84.2912,84.2912,85.0412,86.3713,83.0963,85.4283,91.0494,86.8332,90.2718,88.0909,87.3212,86.6833,88.4590,85.2760,87.1149,86.3134,80.6226,82.1340,78.6448,79.3095,77.1557,79.5110,77.0065,73.8173,71.0282,73.0616,71.3442,71.1126,68.5420,67.3573,63.7887,0.0000,0.0000,0.0000,0.0000,0.0000,0.0000,0.0000,0.0000,0.0000,0.0000,0.0000,0.0000
1700000005.600000,-60.4,92.5743,90.0278,88.2950,91.0055,89.7385,87.3613,88.2327,86.6487,86.3771,86.9770,88.6002,89.1572,88.3912,87.6641,88.5494,90.0500,86.8217,88.8369,88.7525,91.8368,90.1388,92.0054,91.0220,93.2309,92.0054,94.0213,94.2603,94.3663,97.9490,96.3328,95.2680,97.3088,97.9490,94.4934,94.4034,93.6002,93.2309,87.6641,90.4268,86.8217,87.4643,86.0930,84.2199,83.1865,80.5295,76.9220,79.7057,76.8960,76.8440,75.1864,73.9797,69.3542,0.0000,0.0000,0.0000,0.0000,0.0000,0.0000,0.0000,0.0000,0.0000,0.0000,0.0000,0.0000
1700000005.650000,-61.5,84.9588,85.0412,86.6833,85.1469,83.4086,80.0000,81.4002,80.1561,79.9250,80.6226,79.6492,83.1865,82.3468,83.3847,82.3468,82.0792,84.5044,80.9938,82.5651,86.6833,83.5225,86.1278,82.2253,86.3134,86.4928,85.7030,88.2836,88.1192,89.2693,89.1067,87.6641,91.5915,88.4590,83.9524,87.8635,83.4326,85.1469,84.8999,83.9345,81.3204,79.0569,79.7120,79.7120,77.0779,75.2396,73.3485,72.0069,73.8241,71.6938,69.3397,68.8840,66.4680,0.0000,0.0000,0.0000,0.0000,0.0000,0.0000,0.0000,0.0000,0.0000,0.0000,0.0000,0.0000
1700000005.700000,-61.2,87.9204,86.8217,84.0536,88.0057,81.4002,83.4086,84.6463,82.2192,83.6301,83.4386,83.4506,85.7030,85.2760,84.6463,84.5044,86.0523,85.6037,83.2346,87.3670,88.7525,84.3149,86.8217,84.9058,89.9444,90.9175,88.5889,89.9444,91.7061,91.2414,86.3134,91.3017,92.5905,90.0500,89.6939,91.5860,87.9830,84.9058,85.4400,87.0919,86.0233,82.8010,83.4086,81.5659,78.7464,77.1038,75.6637,75.0067,74.5185,71.2180,69.4046,71.6938,68.8840,0.0000,0.0000,0.0000,0.0000,0.0000,0.0000,0.0000,0.0000,0.0000,0.0000,0.0000,0.0000
1700000005.750000,-58.7,89.0225,86.0233,88.0909,86.1452,86.3713,84.2140,84.4808,85.1587,83.0241,83.5464,84.9294,86.3481,86.6833,85.0706,81.9085,86.9770,85.0941,84.3090,84.1724,83.7735,85.0882,88.6397,85.4927,88.1022,89.0056,89.8944,92.1303,89.4427,89.4707,90.3383,85.8836,94.8262,91.7061,88.6397,90.8735,90.6201,87.8465,86.7295,87.6641,85.4400,82.8613,83.2406,82.2253,78.1025,77.1038,76.9415,74.5453,74.2428,73.0000,73.0274,70.3491,69.0507,0.0000,0.0000,0.0000,0.0000,0.0000,0.0000,0.0000,0.0000,0.0000,0.0000,0.0000,0.0000
1700000005.800000,-60.8,88.2327,85.0000,85.4283,87.6185,84.5044,83.8689,83.8689,81.3941,82.8070,83.4865,84.2199,84.2912,84.6463,82.0061,83.2406,85.2115,83.8153,82.6620,85.7555,86.8217,86.2670,90.0500,86.9540,88.1192,90.4268,87.8180,89.9444,93.0591,91.2414,89.8944,89.0674,92.6607,90.2109,89.3588,89.5879,91.2688,90.1388,87.6584,86.2670,82.2010,83.8689,81.8352,81.0555,79.2465,77.7946,77.9872,79.5110,73.8783,75.2130,72.9452,73.0616,68.4471,0.0000,0.0000,0.0000,0.0000,0.0000,0.0000,0.0000,0.0000,0.0000,0.0000,0.0000,0.0000
1700000005.850000,-64.7,90.0777,85.0882,88.5494,87.2066,85.8836,81.8413,84.3801,85.2350,84.8764,82.3772,83.8153,86.4002,84.0238,84.6463,84.6463,86.9770,88.3912,85.5628,84.2199,87.1149,86.3713,87.9659,85.7030,88.2383,90.1388,88.4081,90.0000,92.6175,93.0054,91.2634,89.4986,92.2009,91.6788,88.7299,89.4986,89.3756,88.5268,85.5862,86.2670,83.4386,84.1487,83.4865,81.3449,79.5110,76.8375,74.4043,74.3303,75.1665,74.2428,71.1126,70.3847,66.7308,0.0000,0.0000,0.0000,0.0000,0.0000,0.0000,0.0000,0.0000,0.0000,0.0000,0.0000,0.0000
1700000005.900000,-56.7,87.9830,86.2844,87.1321,87.1321,85.4459,83.6002,83.2406,83.7377,83.8689,83.6301,84.9588,82.7587,87.7269,86.3713,84.2912,85.2760,83.0963,84.8116,83.8153,85.7030,84.4038,85.9826,84.3149,88.3233,91.4166,90.5538,88.6848,91.7878,89.3588,90.7359,87.9830,90.4268,93.1933,88.2043,88.8144,87.9204,87.2009,86.6083,84.8116,85.9128,82.8794,79.3977,82.8070,80.7217,77.8332,76.5768,76.0592,75.4321,73.2393,71.3442,71.5891,66.3099,0.0000,0.0000,0.0000,0.0000,0.0000,0.0000,0.0000,0.0000,0.0000,0.0000,0.0000,0.0000
1700000005.950000,-63.8,92.8493,89.3756,91.0220,91.6788,89.2020,84.6286,85.7030,83.7616,87.4643,86.6083,85.9593,85.8836,89.0000,88.2383,89.0505,85.7963,90.4765,88.2553,87.9318,88.8876,91.0824,91.4822,87.3613,91.9239,92.8924,91.4440,94.9210,92.7631,92.7631,94.3663,95.5667,93.3916,95.3363,93.1451,94.9210,93.9628,89.1852,89.8109,90.1388,87.3155,84.5044,83.7735,85.4927,80.0562,80.4984,78.8923,76.8505,77.3886,74.4043,72.2496,72.1249,69.6563,0.0000,0.0000,0.0000,0.0000,0.0000,0.0000,0.0000,0.0000,0.0000,0.0000,0.0000,0.0000
1700000006.000000,-63.2,90.8240,90.3549,89.6939,89.5545,89.1852,88.3233,85.2350,85.7030,85.1469,85.2760,87.8635,87.7269,88.4590,86.9770,86.2786,86.9770,88.4590,87.1149,91.6788,90.9065,88.6172,89.8109,84.0238,90.9725,90.4434,92.0869,93.8136,92.1141,96.7988,92.9624,94.0319,94.8683,94.0479,93.2309,95.0000,91.8368,89.4036,90.6035,89.8109,90.0278,84.8999,86.3134,82.0366,80.6226,81.4678,77.3369,78.2432,75.2130,74.6324,75.2928,73.7902,70.9366,0.0000,0.0000,0.0000,0.0000,0.0000,0.0000,0.0000,0.0000,0.0000,0.0000,0.0000,0.0000
1700000006.050000,-65.4,90.8735,88.5664,91.7061,88.5494,89.0674,83.7257,86.4523,85.7555,85.9826,85.6037,86.2149,90.1388,87.7838,88.4590,84.8999,89.8053,87.7838,87.7269,86.5563,88.6172,91.3510,90.9065,91.8314,91.8368,92.4175,90.2109,93.4773,94.5780,92.4175,96.2601,92.4175,94.8683,95.2103,92.2009,93.2363,93.4077,92.0054,90.2718,88.7299,87.8635,86.3134,83.4386,85.5628,76.3806,80.7217,77.3369,78.4092,76.8440,77.3886,74.4312,73.4302,67.4166,0.0000,0.0000,0.0000,0.0000,0.0000,0.0000,0.0000,0.0000,0.0000,0.0000,0.0000,0.0000
1700000006.100000,-60.9,87.2353,88.8369,82.4924,87.8180,84.9058,85.9826,83.2346,83.0060,84.0238,83.6301,85.0412,84.9588,86.2670,83.4506,85.5628,84.3860,87.2066,81.5659,86.4002,86.2149,84.8116,88.2327,83.8153,86.8217,89.0449,89.0449,90.4268,91.5860,91.0659,90.0500,90.6973,92.3580,90.9725,89.0505,90.2109,88.8144,89.8721,86.8332,85.2760,85.2760,82.8794,83.6301,81.3449,79.9062,74.4110,75.2861,75.4321,75.4520,73.7835,71.5891,72.4707,69.6419,0.0000,0.0000,0.0000,0.0000,0.0000,0.0000,0.0000,0.0000,0.0000,0.0000,0.0000,0.0000
1700000006.150000,-60.4,90.2718,89.2749,92.8493,87.7838,88.3912,86.2786,86.2670,84.2199,87.1149,83.7377,87.4586,88.4081,87.9204,87.0919,85.9826,90.0500,86.9540,86.8332,86.7698,90.8240,87.2353,89.8944,91.2360,88.6397,92.3093,91.0000,92.7038,94.5410,94.9368,95.4620,92.7038,96.1769,95.7079,92.1303,93.0215,94.4140,93.5361,89.5545,86.0930,87.6641,85.7030,83.4865,84.8764,80.6040,79.3977,77.3369,77.7946,78.5175,79.3977,74.0270,72.6705,70.2353,0.0000,0.0000,0.0000,0.0000,0.0000,0.0000,0.0000,0.0000,0.0000,0.0000,0.0000,0.0000
1700000006.200000,-53.4,85.5102,81.7863,83.3607,85.3288,83.0241,79.7621,79.3095,78.3135,79.1012,81.0555,83.0241,83.0000,82.0244,83.1505,78.1025,83.4865,81.6150,80.6226,85.3288,84.3445,85.1587,83.9524,82.5651,83.9345,88.2950,83.6780,87.8009,91.4822,88.0568,88.7694,91.0055,91.0055,89.7385,87.8635,88.4590,86.8850,87.2983,82.8734,81.4985,81.6150,83.4865,80.2247,80.0999,76.0066,76.0000,74.0270,72.3395,71.7008,72.1803,69.8570,68.6804,64.0781,0.0000,0.0000,0.0000,0.0000,0.0000,0.0000,0.0000,0.0000,0.0000,0.0000,0.0000,0.0000
1700000006.250000,-62.7,86.5852,83.9345,85.8662,86.8332,83.5225,84.4808,80.6536,83.0060,82.6378,82.8553,81.8413,83.7257,84.5991,82.4924,82.8553,83.2166,84.6286,82.6620,84.4038,84.6286,86.0233,85.0000,86.0523,87.7838,87.2066,88.5268,90.6863,90.6090,90.6863,91.2853,89.3756,89.3756,88.7299,88.0057,89.0225,89.0505,86.8332,85.0000,83.8153,82.3772,83.0060,81.8352,81.8841,77.4145,76.0592,74.3236,73.0548,73.3757,72.5328,70.0928,68.8840,66.1211,0.0000,0.0000,0.0000,0.0000,0.0000,0.0000,0.0000,0.0000,0.0000,0.0000,0.0000,0.0000
1700000006.300000,-58.2,88.0909,86.0523,86.2090,85.2115,85.1469,81.7435,82.8734,84.1724,81.5843,82.0000,82.7103,82.8613,83.8153,86.0349,87.3155,85.6154,84.1724,85.0882,82.7647,86.3308,84.5281,86.3539,85.8836,88.2043,87.6641,87.6641,89.8888,91.8096,91.2688,90.4268,88.3233,90.7359,91.0659,87.4643,90.9175,88.6848,87.2353,87.2353,84.5281,84.0952,85.0882,83.3847,80.9938,75.6108,76.5376,73.7631,74.2159,73.3485,74.3303,71.5681,71.1758,69.0000,0.0000,0.0000,0.0000,0.0000,0.0000,0.0000,0.0000,0.0000,0.0000,0.0000,0.0000,0.0000
1700000006.350000,-62.6,81.4371,83.9345,80.0562,84.1546,83.2166,83.1685,77.7946,78.1025,80.8084,78.2624,80.8084,81.3941,78.6384,79.4040,80.3057,79.0569,82.2192,80.0250,80.0562,82.0000,79.0063,81.1542,79.0569,82.2192,83.0542,84.2912,87.4643,84.2912,88.4590,84.2912,85.2115,86.2090,86.1452,85.2878,87.0919,85.0235,84.0000,79.0569,81.0555,83.0241,78.1601,78.1025,75.3260,74.5453,72.8354,69.0507,70.8308,70.6045,68.3081,67.1193,68.4251,65.3682,0.0000,0.0000,0.0000,0.0000,0.0000,0.0000,0.0000,0.0000,0.0000,0.0000,0.0000,0.0000
1700000006.400000,-61.6,85.6329,86.9770,84.8999,87.6812,82.7587,84.2912,81.5659,83.8689,82.8010,79.3221,84.3149,83.3547,83.0060,84.1190,86.9540,82.7345,88.5664,82.7647,89.1964,85.6154,84.6936,85.0941,83.2166,87.9318,86.6487,86.9770,90.2497,88.8876,93.0054,88.7694,89.1852,87.6413,89.4930,84.7585,92.6553,86.0349,86.3771,87.0919,85.4927,86.4060,81.3941,82.7345,80.9506,77.8974,78.2304,71.6938,74.4043,71.8401,69.5270,72.1803,67.9412,67.8012,0.0000,0.0000,0.0000,0.0000,0.0000,0.0000,0.0000,0.0000,0.0000,0.0000,0.0000,0.0000
1700000006.450000,-64.9,90.7083,88.8876,89.8443,88.8876,87.5957,86.6487,84.5044,87.4643,86.0058,84.3090,89.4707,89.0674,88.1930,86.0930,88.8369,85.9826,87.6584,86.8389,86.8389,89.2020,88.6002,89.6437,89.8109,90.6863,90.7855,89.9389,90.6863,92.6984,93.4345,92.6553,94.1754,96.4261,93.8616,94.6414,91.6079,91.2140,91.4002,91.6079,88.2327,87.3670,85.4400,84.9058,82.8553,82.7647,79.6053,75.1532,77.2528,78.4347,75.8947,76.1577,72.1803,69.1158,0.0000,0.0000,0.0000,0.0000,0.0000,0.0000,0.0000,0.0000,0.0000,0.0000,0.0000,0.0000
1700000006.500000,-61.1,86.3771,88.0227,86.0058,87.4643,86.9253,85.0000,84.9706,83.2406,82.8553,83.7257,82.4924,84.3149,85.4459,82.0975,82.2010,86.2149,84.2912,82.2192,81.4678,84.8999,84.1724,88.3912,83.4506,87.7269,89.8053,87.8635,89.3756,91.3510,92.0217,92.0217,89.1067,90.6090,92.0217,90.5207,90.5097,91.2414,88.4590,85.7963,85.9128,84.3860,84.2021,79.4040,81.2711,76.2758,75.7166,74.3034,74.2428,73.3485,74.0945,70.8378,70.8802,68.2495,0.0000,0.0000,0.0000,0.0000,0.0000,0.0000,0.0000,0.0000,0.0000,0.0000,0.0000,0.0000
1700000006.550000,-63.8,89.8721,89.8053,93.3809,89.8053,91.2414,84.9588,86.5563,85.0412,84.6463,86.2670,85.8021,85.1469,88.2043,85.7555,87.4643,89.5545,85.8836,87.2066,88.5494,89.4707,89.0056,91.7878,87.2353,90.2497,93.4077,90.4710,92.8493,97.1442,95.8593,92.6984,91.1811,95.4620,96.3846,93.2309,93.5201,93.1075,90.3770,89.0056,88.6848,90.0500,86.6083,85.9826,85.1469,81.8413,79.2023,80.1561,76.4199,77.0779,77.1557,76.0592,71.6101,70.8308,0.0000,0.0000,0.0000,0.0000,0.0000,0.0000,0.0000,0.0000,0.0000,0.0000,0.0000,0.0000
1700000006.600000,-59.0,88.0568,85.8662,83.8153,83.4865,81.9329,83.9345,83.2166,82.0792,80.6226,81.4125,81.4125,83.8630,82.6801,84.8764,83.7616,82.4197,85.2115,83.4086,87.3212,84.5044,85.1469,86.4523,83.4865,88.5268,87.0460,87.7269,91.3510,89.9389,90.6090,88.6172,89.1964,91.3510,89.8276,87.0000,89.1403,87.6812,87.6926,86.2786,87.0460,84.2199,82.3286,83.2406,79.5110,80.2122,79.6304,72.4017,77.5242,72.4707,72.0069,68.0294,68.9493,67.9117,0.0000,0.0000,0.0000,0.0000,0.0000,0.0000,0.0000,0.0000,0.0000,0.0000,0.0000,0.0000
1700000006.650000,-65.5,89.1964,86.4002,89.0225,91.0934,84.4808,85.8662,84.4038,84.7231,83.0241,82.7345,86.4697,87.2066,87.1436,86.0523,86.1452,85.0529,87.0230,85.0059,86.0930,85.1469,89.0505,87.2812,83.2166,90.7965,87.5728,89.8053,94.6414,91.9239,94.8947,91.5478,93.6483,91.5478,91.2688,92.2659,89.0505,89.0225,91.0220,86.0000,85.0529,85.0235,82.2192,84.2140,82.3893,83.6002,81.2158,75.7100,75.9605,74.9466,72.7324,71.5122,69.7711,68.6003,0.0000,0.0000,0.0000,0.0000,0.0000,0.0000,0.0000,0.0000,0.0000,0.0000,0.0000,0.0000
1700000006.700000,-61.8,91.0220,89.3085,89.8109,90.4434,88.0057,87.3212,85.9128,86.3713,88.5268,86.2786,83.4865,88.6172,88.6172,85.2760,88.7299,88.4081,89.0505,84.6286,87.9204,89.8721,89.8721,88.7525,88.7525,89.5545,91.7061,95.7706,95.3834,95.2943,97.1288,93.4773,94.1541,96.0417,91.5860,91.5260,92.0869,91.5260,88.7525,89.6270,89.6270,87.0057,86.6833,86.6833,82.3286,81.3449,79.2086,76.3806,80.8084,77.0065,76.2758,75.1665,73.5731,72.4983,0.0000,0.0000,0.0000,0.0000,0.0000,0.0000,0.0000,0.0000,0.0000,0.0000,0.0000,0.0000
1700000006.750000,-68.0,86.0000,84.1487,85.0529,88.2043,85.0941,84.4808,79.7621,80.8950,80.2309,82.5651,81.3941,83.5225,84.2021,81.3204,83.4865,84.5044,83.3847,84.5044,81.9390,81.9390,84.1724,84.5813,82.7647,85.8836,88.1022,86.3539,86.6083,89.5545,88.1930,88.6848,89.5545,91.9239,86.8332,89.0056,89.0056,89.8944,84.0952,84.0952,83.3847,83.5703,80.0562,79.1202,78.7464,76.2430,77.3692,72.0347,72.1803,72.5603,72.3395,68.0294,69.0072,65.2763,0.0000,0.0000,0.0000,0.0000,0.0000,0.0000,0.0000,0.0000,0.0000,0.0000,0.0000,0.0000
1700000006.800000,-63.7,88.0227,85.0059,85.0000,86.0233,83.0241,82.0061,83.2166,81.4985,82.6075,80.7527,81.0494,84.3445,83.9524,84.6463,83.6780,86.9770,84.4334,85.0706,83.5703,82.0792,85.7963,86.0058,84.3090,85.0882,86.9253,88.2383,89.4427,90.3383,90.8735,91.2414,88.2383,89.8999,90.3770,92.3093,87.8465,87.0919,86.6487,82.2192,81.3204,85.1645,82.4621,81.7435,81.0247,76.2955,75.9539,73.8241,73.0616,74.1080,73.0000,71.1126,68.5930,66.7083,0.0000,0.0000,0.0000,0.0000,0.0000,0.0000,0.0000,0.0000,0.0000,0.0000,0.0000,0.0000
1700000006.850000,-64.1,89.2020,89.4986,85.7030,90.2718,83.6301,86.4523,84.8646,81.3204,82.7345,83.0963,87.6185,87.2009,85.2115,86.8217,89.5879,87.0919,89.0449,83.3547,90.8240,86.3539,87.6584,90.8240,86.3539,86.7295,89.9611,90.0777,91.2853,93.2309,94.7048,89.6939,94.0213,92.7038,93.0215,92.1358,92.2822,88.5494,88.1022,87.3212,87.4643,91.0659,82.6620,86.2670,80.7094,80.4301,79.5110,75.0733,77.0779,75.0733,74.4110,72.0069,73.2393,70.7107,0.0000,0.0000,0.0000,0.0000,0.0000,0.0000,0.0000,0.0000,0.0000,0.0000,0.0000,0.0000
1700000006.900000,-63.2,84.9588,84.2199,84.1487,83.4506,81.3449,80.6226,82.1340,80.2808,80.2808,78.0064,81.8413,81.8352,81.3019,80.6226,80.2621,82.2982,81.4125,80.9568,82.7647,83.1926,82.7647,82.8553,80.6226,84.4334,85.0941,85.7030,86.6487,86.6487,87.5957,89.1852,86.0349,86.9770,87.6641,86.1626,84.3090,84.6936,83.9345,82.3468,81.8596,80.0562,80.5295,77.8974,77.5242,75.4718,73.2393,72.4224,71.8401,69.5270,69.3542,68.5930,65.8559,64.2028,0.0000,0.0000,0.0000,0.0000,0.0000,0.0000,0.0000,0.0000,0.0000,0.0000,0.0000,0.0000
1700000006.950000,-62.5,87.3670,87.3670,85.0000,87.3670,85.8021,83.2406,80.9197,83.0963,82.7587,80.6598,84.1487,84.1724,84.8999,83.8689,84.0238,83.0060,82.9277,82.9277,86.2844,82.6801,83.7616,87.8180,84.7231,85.8836,88.6848,87.6584,88.5664,89.0000,92.5743,87.7269,88.5889,90.7855,89.9444,87.7097,91.2414,89.1852,89.9444,84.3801,86.5332,85.1469,82.9277,81.2711,80.0000,78.0064,77.3369,74.4110,72.8629,72.8354,72.2496,71.2180,69.4046,66.7308,0.0000,0.0000,0.0000,0.0000,0.0000,0.0000,0.0000,0.0000,0.0000,0.0000,0.0000,0.0000
1700000007.000000,-64.8,87.9318,87.2812,86.1626,89.1964,85.0941,86.1626,83.2586,84.5281,83.1865,81.8841,85.0000,86.6083,84.5991,86.5332,87.9204,83.4086,86.2149,84.6463,88.0909,86.6833,90.1388,86.3713,84.2199,86.2670,90.5207,91.2195,90.5207,90.5207,91.9239,87.6926,91.9348,91.9348,91.2195,89.8721,90.6863,87.8635,87.2066,88.0909,85.0000,87.0057,83.2346,82.6620,80.1561,80.7775,79.0759,75.5910,76.0592,76.1577,71.5122,71.7844,72.5672,69.7209,0.0000,0.0000,0.0000,0.0000,0.0000,0.0000,0.0000,0.0000,0.0000,0.0000,0.0000,0.0000
1700000007.050000,-62.1,87.1321,86.9770,87.4643,88.3629,86.1452,84.0952,85.0941,86.0000,87.0230,84.0536,86.4697,86.5794,86.9770,84.5281,85.0000,89.0505,85.1469,85.1469,88.6002,86.5852,88.3233,88.2327,87.6413,86.9253,89.1572,90.2497,94.9368,93.1075,95.4620,92.3093,91.1811,92.8493,92.6984,89.8888,90.7579,93.9202,89.8109,88.2327,84.7703,87.6413,85.3756,85.1469,81.7863,78.1025,77.1038,76.5310,77.4145,75.0600,72.0000,74.1080,71.5681,69.6348,0.0000,0.0000,0.0000,0.0000,0.0000,0.0000,0.0000,0.0000,0.0000,0.0000,0.0000,0.0000
1700000007.100000,-59.6,86.1278,84.8999,86.0233,85.7263,81.6088,81.9329,78.5493,81.5414,81.0247,80.5295,81.8413,80.1311,81.9878,83.7616,82.9277,82.4197,81.2711,80.2122,82.3286,83.7377,84.5044,84.2912,85.1469,84.1487,86.9770,86.2670,89.1403,89.1067,89.1067,87.0000,86.2670,88.4138,89.8053,87.7269,87.6812,88.4138,84.8999,82.3286,81.8352,83.7377,80.0000,79.0253,80.4487,76.4003,74.6257,72.5603,73.3553,72.4500,70.2638,69.2892,69.2604,64.3273,0.0000,0.0000,0.0000,0.0000,0.0000,0.0000,0.0000,0.0000,0.0000,0.0000,0.0000,0.0000
1700000007.150000,-65.4,89.2749,88.5664,88.4590,88.4590,85.8429,84.8528,83.3607,84.7231,86.1220,82.5651,83.9345,86.9770,86.3308,88.0227,87.4643,84.1724,87.3212,85.4927,84.0773,85.5862,88.1930,90.2109,85.4751,88.8369,91.4166,88.8369,91.5260,90.1388,94.0319,91.8096,89.3588,92.9139,91.8096,89.6939,91.4166,89.9444,90.7855,88.5494,85.4927,87.7269,83.9345,83.5703,79.8499,80.3243,75.8947,79.8123,78.5875,77.6660,71.4493,71.1758,71.0070,68.2642,0.0000,0.0000,0.0000,0.0000,0.0000,0.0000,0.0000,0.0000,0.0000,0.0000,0.0000,0.0000
1700000007.200000,-59.9,89.9889,86.1220,89.4427,89.0505,89.4427,85.5102,86.3713,83.6002,85.2878,84.2912,89.0898,89.0898,86.0233,86.0058,83.0963,90.4489,85.5862,88.5664,87.1321,86.4928,87.1321,86.6833,90.2552,87.6641,88.0738,90.0278,88.7694,89.9889,89.4986,93.8616,91.6788,91.4440,92.6499,91.5915,90.8020,93.0591,92.5419,89.3588,85.4751,83.4865,83.1505,84.2140,85.0529,79.0000,79.0063,77.1622,77.5242,75.5381,74.2159,73.2462,70.2140,67.7791,0.0000,0.0000,0.0000,0.0000,0.0000,0.0000,0.0000,0.0000,0.0000,0.0000,0.0000,0.0000
1700000007.250000,-60.6,84.8999,86.8332,82.2253,83.1986,82.2010,82.7647,80.8084,80.7527,81.4985,83.2166,85.0529,84.0060,82.0000,84.0000,84.0000,86.0233,82.0975,84.0952,82.2192,84.2912,85.2878,82.7345,84.3801,88.2836,84.3445,84.3445,89.2693,89.8053,89.6270,88.1192,87.9659,89.8053,89.6772,86.4697,88.2780,89.3588,88.0511,85.0529,84.0000,81.0000,81.0555,80.1561,80.1561,77.5242,76.5310,73.6817,74.9533,74.2159,71.1688,70.5762,69.8570,64.1405,0.0000,0.0000,0.0000,0.0000,0.0000,0.0000,0.0000,0.0000,0.0000,0.0000,0.0000,0.0000
1700000007.300000,-58.8,84.4334,83.3847,83.3847,81.7068,84.1724,81.9390,79.1581,78.2943,80.0625,78.8923,79.7559,82.0975,80.1561,81.6088,82.2010,80.6040,79.0253,83.2406,79.3095,81.3941,81.5659,84.2199,81.3449,84.1487,84.1724,82.7345,86.9770,87.0000,85.5628,87.0000,86.9770,89.1067,87.7269,86.3134,85.7963,87.3212,84.5044,81.8352,85.0000,82.4197,79.0759,79.0759,78.7718,73.8241,74.2428,73.4098,71.1758,71.5122,70.2140,69.6419,68.2495,66.2722,0.0000,0.0000,0.0000,0.0000,0.0000,0.0000,0.0000,0.0000,0.0000,0.0000,0.0000,0.0000
1700000007.350000,-61.1,85.6154,83.9345,86.6833,84.7231,83.1865,83.3607,82.8734,81.4985,78.4092,84.2912,81.0247,85.0235,84.0536,84.2140,84.0952,84.8528,82.6075,80.6226,85.7030,82.3772,84.3445,84.1724,83.7437,85.7263,88.0568,87.6413,88.3233,87.5957,86.6833,88.8876,88.6002,87.9318,89.2861,89.7385,87.5557,86.1220,86.1220,84.7231,83.3607,84.1724,81.2158,82.0366,79.6304,79.6304,77.1622,73.0274,74.1080,71.0634,72.5603,68.8840,68.6586,67.6757,0.0000,0.0000,0.0000,0.0000,0.0000,0.0000,0.0000,0.0000,0.0000,0.0000,0.0000,0.0000
1700000007.400000,-61.4,85.8021,84.8764,86.5332,83.7616,85.7555,82.4924,82.8553,82.7647,81.8413,81.8596,81.9390,83.2166,81.9329,85.4400,85.7263,84.4808,85.4400,82.4621,83.6780,83.1986,84.7231,90.8020,84.3445,85.9884,90.2552,85.7088,89.5600,89.6772,92.3472,88.6848,87.9659,92.0706,92.2280,90.4268,89.8220,88.8426,85.7030,85.6154,86.3481,87.8009,82.8613,81.9085,81.9329,76.6942,77.4726,73.8241,73.3485,73.9256,71.3442,70.2140,70.0000,66.4831,0.0000,0.0000,0.0000,0.0000,0.0000,0.0000,0.0000,0.0000,0.0000,0.0000,0.0000,0.0000
1700000007.450000,-62.1,86.4523,83.2406,85.4225,83.1865,80.9506,80.4984,80.5295,79.2023,80.7775,78.7464,80.9938,83.5225,85.1645,80.0500,80.7775,81.5843,82.3772,82.2010,85.5862,82.6075,84.1724,82.6075,81.6150,85.0941,85.1469,87.1436,88.2780,87.1436,89.0505,87.0517,91.0879,87.2812,86.7006,86.5794,89.8053,86.7006,87.4643,85.3288,82.9759,81.7863,80.5233,80.2808,77.8845,75.2861,73.5391,73.5391,72.4983,74.6860,68.9638,69.9714,68.8186,65.1920,0.0000,0.0000,0.0000,0.0000,0.0000,0.0000,0.0000,0.0000,0.0000,0.0000,0.0000,0.0000
1700000007.500000,-60.1,89.0449,89.6939,87.3212,86.9540,84.5991,84.5991,83.1926,85.4927,83.7735,82.2800,86.1626,83.8153,85.3815,83.5225,85.4400,84.1724,85.9069,85.9069,85.0000,85.1587,86.9770,85.1587,86.8332,86.3713,88.3629,91.5478,91.3510,89.3588,92.3472,91.1976,89.6772,92.4392,91.4440,88.8144,90.9340,88.9550,88.6454,84.7231,85.8662,83.6780,82.2800,81.9085,81.9085,77.4919,76.2168,74.7329,75.1332,74.3034,73.2462,70.2140,68.8840,67.9412,0.0000,0.0000,0.0000,0.0000,0.0000,0.0000,0.0000,0.0000,0.0000,0.0000,0.0000,0.0000
1700000007.550000,-63.8,89.5879,90.2109,88.8369,90.2109,86.8332,85.9593,86.3134,85.8662,85.4927,83.7735,84.8646,85.0941,83.1685,85.4400,89.2861,85.1469,89.0505,85.9069,88.6454,88.4590,87.2983,88.9550,85.0000,88.2780,90.5538,90.2718,93.3435,91.1373,95.1893,92.1954,92.1954,93.3435,90.6697,90.9340,91.2414,88.9550,88.1192,89.2693,88.4590,88.0738,83.1986,84.8999,81.6088,80.3243,80.6536,77.6209,77.8781,76.0263,73.8241,73.5731,73.0069,71.0634,0.0000,0.0000,0.0000,0.0000,0.0000,0.0000,0.0000,0.0000,0.0000,0.0000,0.0000,0.0000
1700000007.600000,-60.1,83.8630,84.0119,85.7088,88.2836,84.4808,82.2982,82.0549,81.0247,81.0062,82.0000,84.0536,82.0549,84.2912,82.4924,81.7435,84.7231,81.3941,82.9759,82.7103,85.1645,82.4621,83.2406,83.9345,87.5957,86.3308,84.4334,86.1626,93.4077,86.0058,87.8465,86.7295,88.6002,90.1388,88.5438,86.6487,89.1852,86.6833,85.8662,82.7103,81.4923,82.4621,76.6551,81.5843,74.8131,74.9667,72.3395,74.0608,71.0634,72.0278,68.1836,67.7422,66.2873,0.0000,0.0000,0.0000,0.0000,0.0000,0.0000,0.0000,0.0000,0.0000,0.0000,0.0000,0.0000
1700000007.650000,-64.2,90.2718,87.4586,88.5268,87.7838,85.7030,82.7587,82.0244,81.3204,84.2199,83.2406,82.6196,81.8413,84.3149,84.3801,88.7525,83.8630,85.5862,84.5991,84.5340,86.7698,87.2353,87.2353,85.0000,89.8888,90.6201,87.4643,91.5478,90.8240,93.9840,89.1964,91.7606,91.9239,91.7878,90.8735,90.3770,88.5664,90.4710,87.6584,87.2353,85.9593,83.8630,81.6333,81.8352,77.6660,78.0064,76.6942,76.4853,74.2765,73.5391,71.4213,72.8011,68.5055,0.0000,0.0000,0.0000,0.0000,0.0000,0.0000,0.0000,0.0000,0.0000,0.0000,0.0000,0.0000
1700000007.700000,-61.6,89.6437,89.4036,88.8144,87.0919,87.9204,83.2346,83.5284,81.9878,84.1190,85.0000,85.4225,85.8662,88.1419,86.5390,86.3771,87.3155,86.0233,83.4865,89.5600,87.0919,86.1278,86.3481,88.7694,88.7694,93.3916,86.8850,90.2441,91.4112,93.3809,91.7823,92.1954,94.7259,92.9624,92.1954,92.1792,88.3233,86.9770,85.7030,87.3155,86.3771,86.1626,82.4621,83.2586,78.7210,76.9415,74.7930,76.8505,73.4983,72.8011,73.0000,71.4493,67.3573,0.0000,0.0000,0.0000,0.0000,0.0000,0.0000,0.0000,0.0000,0.0000,0.0000,0.0000,0.0000
1700000007.750000,-59.1,88.4590,86.7006,84.1724,85.0000,85.5102,83.1865,81.0247,83.4326,84.1724,80.6536,83.4865,81.2711,83.5703,82.7647,83.0060,85.0000,83.1926,82.7647,82.8553,86.4523,83.3547,86.0930,85.2350,84.3149,87.4185,84.8764,88.2327,92.6553,88.7525,90.4434,87.3670,86.6083,87.6641,88.8369,90.0500,90.5538,85.2350,85.0882,84.5340,83.6301,81.0247,78.3901,80.4114,75.6108,77.4919,74.7262,74.2159,74.3303,71.0211,70.3491,72.1734,68.0294,0.0000,0.0000,0.0000,0.0000,0.0000,0.0000,0.0000,0.0000,0.0000,0.0000,0.0000,0.0000
1700000007.800000,-64.5,88.2383,86.1626,83.9345,83.3847,82.5409,84.1546,81.9085,82.0061,82.7103,80.2808,82.5651,82.3772,82.7345,84.5931,82.4924,86.0523,84.0536,82.0061,84.0060,85.0059,86.0000,86.0000,84.0060,84.3801,87.2812,87.3670,87.6926,88.8144,90.6697,86.9770,87.5728,90.3549,88.3629,89.2020,89.0505,87.1436,82.0549,83.0000,85.0235,83.0060,80.2247,81.2219,78.1601,75.5381,72.6911,72.5672,71.5891,75.0000,69.5701,69.2892,67.6240,64.0078,0.0000,0.0000,0.0000,0.0000,0.0000,0.0000,0.0000,0.0000,0.0000,0.0000,0.0000,0.0000
1700000007.850000,-64.4,88.6002,86.8389,87.4185,85.6037,88.2383,83.0963,83.5464,80.7217,85.5862,82.0366,84.8646,83.4865,83.0963,83.7377,84.6463,84.4038,82.4197,84.6286,84.0595,84.9058,84.0595,85.7555,84.3801,86.4523,86.3539,86.3539,88.5494,91.2414,89.9444,89.4707,88.1930,87.6584,89.5545,87.3212,91.0659,87.4643,88.4816,85.2115,86.2149,83.8153,80.0000,79.0253,82.2192,75.8222,77.2334,72.1249,72.8629,71.5891,70.8025,69.6419,67.6018,66.2118,0.0000,0.0000,0.0000,0.0000,0.0000,0.0000,0.0000,0.0000,0.0000,0.0000,0.0000,0.0000
1700000007.900000,-59.8,83.4865,87.0057,82.6196,88.8651,79.5110,85.1469,80.7217,81.3449,79.9812,79.2465,82.0366,82.8794,83.0963,82.6196,86.5563,81.6088,82.4197,81.8413,84.0595,82.1523,85.4459,82.6801,80.4550,84.5991,85.9593,87.2353,87.3212,85.5862,87.8180,84.7231,90.2109,89.1852,87.9830,86.8217,84.6286,83.2346,85.0000,83.2406,82.8010,80.9197,78.7464,80.6598,76.3806,75.6902,75.7430,71.7008,70.6045,71.2811,70.4557,68.0955,67.9779,64.5136,0.0000,0.0000,0.0000,0.0000,0.0000,0.0000,0.0000,0.0000,0.0000,0.0000,0.0000,0.0000
1700000007.950000,-63.1,88.1022,86.3308,86.3308,86.7640,88.6397,83.9345,83.2166,82.8613,84.4808,84.8999,84.1724,84.1724,84.7231,85.8429,84.7231,85.7088,84.7172,83.6002,87.2812,88.2780,86.2844,88.2043,87.1436,90.0000,91.0000,89.0056,91.0000,93.0054,92.0000,93.0054,89.0505,93.1343,95.1315,89.1403,91.3510,88.2780,85.5862,88.9550,85.9884,84.3445,82.7647,82.9759,82.7647,78.3390,77.4919,74.6726,74.4648,73.8241,72.4707,71.1969,68.7968,68.1175,0.0000,0.0000,0.0000,0.0000,0.0000,0.0000,0.0000,0.0000,0.0000,0.0000,0.0000,0.0000
1700000008.000000,-63.6,90.4268,87.3212,84.9588,88.6172,84.8999,85.5862,82.7345,84.2912,83.4865,82.4621,84.0238,83.8153,85.9826,84.8764,86.2844,82.9277,85.7555,82.6801,86.3539,85.4225,85.4225,87.2353,83.6301,86.9253,91.2853,88.2383,91.5478,91.3893,94.0213,89.1572,92.1954,92.1954,91.2853,91.2853,92.1792,89.0000,88.1022,87.7097,85.0882,85.5862,80.4487,82.0975,78.8162,77.6209,75.6042,74.4110,77.1038,74.9667,73.0000,74.0270,71.5612,67.4166,0.0000,0.0000,0.0000,0.0000,0.0000,0.0000,0.0000,0.0000,0.0000,0.0000,0.0000,0.0000
1700000008.050000,-64.0,89.9889,83.1986,87.0976,87.5557,86.1220,79.8311,80.8950,80.7527,85.5862,83.2166,83.0542,84.0536,87.0057,84.0952,83.0000,84.2140,84.1487,82.3893,83.7257,85.5862,84.4808,83.8630,81.8841,84.7231,89.2693,86.6833,87.0976,90.6090,91.2195,90.0278,89.6270,90.4268,88.8426,90.9340,88.6848,85.9884,87.6926,84.4808,83.6002,83.2166,81.0555,79.0063,80.0062,77.0260,73.3348,72.4431,72.9931,73.1642,71.5891,70.8802,68.0074,66.3099,0.0000,0.0000,0.0000,0.0000,0.0000,0.0000,0.0000,0.0000,0.0000,0.0000,0.0000,0.0000
1700000008.100000,-64.6,87.2353,86.0058,83.0060,85.2350,83.8153,84.1546,81.0432,77.8845,78.3390,80.0500,83.6780,83.9524,82.7647,85.7088,83.6002,81.3019,85.2878,83.1505,83.0060,84.0060,84.0060,82.0061,80.0000,86.0058,85.0941,87.0230,88.0909,86.0930,88.0909,89.0225,89.0056,87.0230,89.0225,89.0000,85.0000,87.0919,84.0536,82.2982,80.5047,81.7435,79.5110,79.7621,77.2787,75.7100,74.2159,73.3757,72.1110,73.1642,72.0902,67.5352,65.8635,65.8027,0.0000,0.0000,0.0000,0.0000,0.0000,0.0000,0.0000,0.0000,0.0000,0.0000,0.0000,0.0000
1700000008.150000,-62.7,87.9830,86.6083,83.7616,88.7525,85.7030,83.4865,83.6002,81.2158,84.3860,80.0562,84.2199,84.1724,83.4865,84.8999,84.2199,85.2760,87.4586,83.0963,83.8153,83.4086,85.8021,88.2327,83.4865,86.6083,89.6939,90.0500,88.8369,88.8369,91.4166,89.5545,88.2043,90.4268,91.2688,89.5879,89.0505,86.2670,85.4459,85.0000,86.0233,84.4038,82.8794,81.3941,79.2465,76.3806,74.9667,72.4707,76.2168,72.2011,72.1110,72.2011,68.0000,67.2309,0.0000,0.0000,0.0000,0.0000,0.0000,0.0000,0.0000,0.0000,0.0000,0.0000,0.0000,0.0000
1700000008.200000,-65.0,85.7088,82.0366,84.1724,85.0000,84.5281,78.6448,80.4114,79.3095,78.5875,77.7946,80.6536,81.9390,81.5414,81.9390,77.4726,83.6481,77.4145,81.0062,79.4040,80.2621,81.1234,81.5414,81.8352,84.4038,83.0060,83.4865,86.2149,86.2149,84.8116,88.0909,83.4086,86.0233,86.0233,85.1469,86.2670,87.3670,84.3149,80.4550,79.4040,77.8974,80.9506,76.4788,78.2624,73.0069,72.8011,71.5122,71.1688,68.6804,73.0069,68.0661,66.6108,63.0000,0.0000,0.0000,0.0000,0.0000,0.0000,0.0000,0.0000,0.0000,0.0000,0.0000,0.0000,0.0000
1700000008.250000,-61.6,84.6463,86.5852,86.1278,85.4400,83.1685,81.5966,80.0562,79.1202,80.4114,79.2023,81.4371,82.3650,83.6301,81.4923,82.8553,82.1523,83.2166,80.4550,84.0536,82.9277,84.0536,84.6286,79.6304,85.1469,83.4086,86.5563,87.4586,87.8009,88.8651,85.4283,85.8021,90.4434,87.6584,87.9204,85.4400,84.0536,85.1469,84.0595,84.3801,81.8413,78.2624,80.9568,78.0000,77.4726,73.3894,70.8378,73.0069,71.5891,71.0211,69.4622,68.1175,67.0075,0.0000,0.0000,0.0000,0.0000,0.0000,0.0000,0.0000,0.0000,0.0000,0.0000,0.0000,0.0000
1700000008.300000,-61.2,87.0919,83.8153,84.6463,85.8021,85.4283,81.0555,80.8084,81.4678,79.9062,80.6598,82.8794,81.6884,82.4621,83.6002,83.4086,82.6620,81.5414,82.0975,82.4924,84.2199,82.1523,85.5862,81.0062,84.0952,88.5494,87.6641,85.8662,89.8999,90.8735,87.6641,89.4427,89.0000,90.3549,88.5889,85.0882,83.7257,86.0930,85.7555,84.9058,83.7616,80.4487,80.8022,79.4040,76.2168,77.9872,72.8629,70.7107,72.1803,73.1095,67.8012,69.0652,67.6018,0.0000,0.0000,0.0000,0.0000,0.0000,0.0000,0.0000,0.0000,0.0000,0.0000,0.0000,0.0000
1700000008.350000,-65.4,90.2497,86.8332,88.0738,87.3212,88.8426,83.3607,82.2010,85.7088,84.7172,83.2947,83.0963,85.0235,85.0059,85.0529,85.0235,85.1469,86.2090,87.1436,83.4865,85.7088,84.3801,85.8429,85.1587,89.4427,89.4427,87.4757,89.2693,89.8220,89.4427,93.1719,86.4928,91.4112,91.9239,91.0824,89.6772,91.4440,87.4643,87.2812,86.0523,85.0529,85.0059,81.0062,81.0062,79.2275,78.4092,74.3303,73.9797,74.7329,74.0405,70.5195,72.2357,67.9779,0.0000,0.0000,0.0000,0.0000,0.0000,0.0000,0.0000,0.0000,0.0000,0.0000,0.0000,0.0000
1700000008.400000,-62.9,84.0119,85.0000,82.8734,84.5931,81.7435,81.3019,82.2192,78.0000,82.0549,78.0000,82.0000,80.0999,81.1542,82.3893,80.5047,81.4985,84.1724,82.8734,81.7863,82.5651,81.5843,84.6463,80.8084,83.9345,84.4808,82.9699,88.6002,85.8662,88.6002,87.3613,87.5557,86.5852,85.6154,85.9069,86.4928,83.1865,85.8429,82.8734,79.5110,79.9062,80.1561,78.1025,79.0000,76.0000,72.0000,70.1783,71.3442,70.5762,69.0507,69.8570,67.6757,64.4748,0.0000,0.0000,0.0000,0.0000,0.0000,0.0000,0.0000,0.0000,0.0000,0.0000,0.0000,0.0000
1700000008.450000,-62.5,83.7257,80.7775,81.1234,81.6333,80.9938,77.0260,80.7094,79.4040,81.4002,81.2158,80.2808,80.7217,82.8070,82.0244,79.2086,83.6301,79.9812,80.7217,80.8084,81.6884,81.4678,82.6196,83.2406,83.8153,85.0000,83.2346,83.8153,83.2346,86.4002,87.0919,86.8332,85.6037,86.8332,85.1469,87.1149,84.9588,84.3860,84.1487,82.0244,78.4920,78.6448,75.7430,78.1025,74.0270,71.0211,71.0211,70.8308,69.3542,67.9779,68.4471,66.0984,62.5859,0.0000,0.0000,0.0000,0.0000,0.0000,0.0000,0.0000,0.0000,0.0000,0.0000,0.0000,0.0000
1700000008.500000,-58.8,89.6772,86.2844,89.0898,89.0898,88.0511,83.0060,85.0059,83.0542,82.0975,85.2878,85.3756,85.4751,85.8429,82.5651,84.1724,85.6154,85.8662,85.8662,86.1278,84.7703,86.6833,86.3308,86.9770,86.3771,88.3912,87.6641,88.0227,91.1811,91.0000,90.4710,86.9253,91.5478,89.5377,88.6002,89.1852,87.9204,88.8876,85.7263,85.6154,84.6463,84.4038,80.0500,81.5843,76.7919,76.6551,75.2396,75.0600,72.0278,73.1095,74.2428,70.8590,67.4463,0.0000,0.0000,0.0000,0.0000,0.0000,0.0000,0.0000,0.0000,0.0000,0.0000,0.0000,0.0000
1700000008.550000,-66.8,87.6641,88.6848,87.3212,88.5889,87.7097,84.9706,83.6720,84.3090,84.6936,85.4400,85.2350,83.5225,84.4334,84.2021,84.6463,84.9294,84.7231,84.9294,84.3445,85.9884,85.8429,89.3588,85.5862,89.3588,91.5478,85.2115,88.0909,91.1976,90.1998,89.0898,89.2020,90.2718,93.2631,90.5538,89.5600,88.1192,88.1192,86.4928,85.5102,86.1220,82.4621,82.4621,82.7103,79.1202,75.0000,74.9466,72.2357,76.0592,71.1969,72.5603,70.8025,67.2681,0.0000,0.0000,0.0000,0.0000,0.0000,0.0000,0.0000,0.0000,0.0000,0.0000,0.0000,0.0000
1700000008.600000,-62.6,88.4590,85.7030,86.2786,89.1067,83.4506,86.3713,82.8794,82.2192,83.0963,83.0060,81.2711,84.0595,86.0930,85.9593,89.9444,84.5340,86.7640,82.7647,87.3212,87.3212,86.3308,87.0919,81.7068,87.6413,86.3308,88.6002,90.5207,89.1852,91.0934,90.2497,88.8876,92.0272,91.0824,89.1964,89.6939,85.4400,85.4400,85.7963,84.6936,86.3308,80.0562,83.6481,80.5295,78.7718,76.8505,74.6324,73.4098,73.1095,70.9366,72.1388,70.7672,67.6240,0.0000,0.0000,0.0000,0.0000,0.0000,0.0000,0.0000,0.0000,0.0000,0.0000,0.0000,0.0000
1700000008.650000,-60.8,87.0230,85.0941,86.4697,84.2912,84.2912,82.4924,81.2158,81.7863,83.3607,83.1986,83.6780,85.0706,86.0349,85.4400,83.2166,86.1626,83.2586,83.2586,80.9506,87.7097,85.9593,86.4523,86.9540,86.2844,86.8217,86.2844,90.6973,90.4268,90.6973,90.6973,88.2043,88.4816,91.2688,89.5879,88.5099,88.3233,86.9540,84.1190,85.4751,85.4225,81.8413,80.9568,81.9390,76.6942,73.7360,75.5844,71.4703,73.0069,72.5672,70.7107,70.1783,66.0076,0.0000,0.0000,0.0000,0.0000,0.0000,0.0000,0.0000,0.0000,0.0000,0.0000,0.0000,0.0000
1700000008.700000,-63.9,87.6641,84.3801,83.2406,86.8332,83.1865,83.1865,84.5281,82.8553,81.5414,80.4114,82.8734,82.5409,82.2800,83.4326,84.1724,83.3607,83.7437,83.3607,85.0000,84.7172,83.0241,83.4865,82.4924,85.2878,88.2780,89.2020,88.0909,88.1419,89.0898,88.0227,88.1419,90.1388,88.4590,87.4643,87.8237,87.6926,86.7006,85.5102,83.1865,84.7231,82.3772,82.0000,79.3095,76.9220,76.2430,72.1110,74.3236,72.0902,72.4707,70.2353,69.3397,66.8431,0.0000,0.0000,0.0000,0.0000,0.0000,0.0000,0.0000,0.0000,0.0000,0.0000,0.0000,0.0000
1700000008.750000,-60.8,90.2109,89.8888,89.3085,91.2634,88.2327,87.0057,86.8332,82.1340,82.3286,85.5628,86.2786,87.1149,86.4523,85.0412,86.4523,86.8332,86.2149,85.2760,87.6584,89.6270,88.8144,89.0505,86.2844,91.4166,90.5538,89.6939,90.5538,92.2822,93.6483,91.4166,92.7847,92.7847,92.1141,92.6499,91.6079,90.6973,88.2327,85.0000,84.8116,83.8689,81.4678,83.5464,82.8070,79.1960,77.1038,74.4110,75.6042,74.4043,72.4224,72.9452,71.5542,69.6419,0.0000,0.0000,0.0000,0.0000,0.0000,0.0000,0.0000,0.0000,0.0000,0.0000,0.0000,0.0000
1700000008.800000,-60.3,89.1964,89.1852,89.5600,92.1792,90.2441,87.8009,84.9294,82.5651,85.1587,85.7088,85.5862,87.5728,88.3629,86.0523,88.0057,87.0517,87.1436,86.2090,88.4590,87.4643,88.8144,89.9444,85.4751,90.0944,92.2280,88.4590,91.6788,93.3916,94.3663,92.4175,92.5743,92.4175,93.9415,94.2019,89.4427,88.9550,87.8237,89.4539,86.7006,87.3670,83.1505,84.0952,83.0060,80.0250,79.0000,77.1038,76.3217,77.6466,75.1332,71.0634,72.4500,68.0294,0.0000,0.0000,0.0000,0.0000,0.0000,0.0000,0.0000,0.0000,0.0000,0.0000,0.0000,0.0000
1700000008.850000,-59.7,90.2109,86.2670,88.5099,87.1321,88.8369,81.0062,82.7345,82.2982,83.6720,84.3090,83.7735,84.5044,87.2812,86.9770,86.0233,86.8332,83.9524,84.1724,85.7030,84.1724,86.6833,88.1192,81.8841,88.4590,87.4643,88.6848,92.1954,89.2749,90.1388,91.1373,87.4643,88.5664,90.3549,89.8053,87.9659,89.1067,87.4757,83.3607,84.9294,85.3756,82.2253,80.5233,81.0432,77.7946,75.2728,73.5391,74.7329,74.2496,71.5891,70.4911,68.8186,64.8151,0.0000,0.0000,0.0000,0.0000,0.0000,0.0000,0.0000,0.0000,0.0000,0.0000,0.0000,0.0000
1700000008.900000,-61.9,90.4710,90.3770,89.4427,89.0056,88.1192,86.3539,85.2350,84.9058,87.3670,87.0919,85.6037,88.4081,87.3212,88.5268,86.3134,91.9348,87.0000,86.9770,87.8635,89.1964,87.9659,89.4986,87.4586,91.0220,93.4077,90.0000,92.6553,92.6499,92.6553,93.7443,92.0869,92.6553,95.2103,91.4002,91.2140,91.0494,90.1388,88.4590,87.7838,86.5563,84.8999,83.4865,82.0366,82.0366,79.3095,76.8375,78.2368,75.4520,71.0211,72.5603,71.5891,67.4166,0.0000,0.0000,0.0000,0.0000,0.0000,0.0000,0.0000,0.0000,0.0000,0.0000,0.0000,0.0000
1700000008.950000,-64.0,90.0278,87.6641,88.2836,87.1321,85.9884,81.8841,83.4865,84.3801,84.2912,85.1469,86.0930,85.0059,83.0963,82.2192,83.1505,90.4489,84.4808,85.5862,85.0000,87.4757,87.1321,85.5102,85.5102,87.8009,87.3212,88.7694,89.0225,90.5207,90.5207,91.2140,90.9560,90.9560,90.4710,90.2441,87.8635,89.8220,89.2693,84.5931,83.6002,82.4924,82.2982,80.3990,79.1012,78.0256,77.0260,75.1066,76.5310,72.4431,73.8241,70.8308,68.9638,66.4831,0.0000,0.0000,0.0000,0.0000,0.0000,0.0000,0.0000,0.0000,0.0000,0.0000,0.0000,0.0000
1700000009.000000,-61.8,88.5099,90.4434,84.6286,91.2634,83.8153,88.8144,84.0238,85.4283,82.9759,84.1724,86.9770,84.8646,85.6329,85.0412,85.6329,85.1469,85.4283,83.8689,85.8021,84.4038,86.0523,87.4185,82.9277,90.2109,87.9830,90.2109,92.6499,90.7359,90.2109,91.9239,90.4268,92.3580,92.0869,90.2109,88.8144,87.4185,86.2149,86.0523,86.6833,83.5464,80.6226,85.5628,82.0366,80.6226,77.2334,73.4098,75.2130,73.7835,70.7107,73.3553,70.3847,67.0522,0.0000,0.0000,0.0000,0.0000,0.0000,0.0000,0.0000,0.0000,0.0000,0.0000,0.0000,0.0000
1700000009.050000,-64.6,87.5957,84.4334,87.0919,85.2350,87.8465,82.3468,84.5281,84.5340,82.8553,85.5862,84.2199,83.8630,83.0060,84.0536,84.0536,88.4081,82.4197,86.0523,84.2912,87.2066,88.4590,82.7587,86.4523,89.8276,87.0000,86.9770,87.6812,91.2853,88.3912,92.6337,87.6926,89.8721,89.1067,89.8276,89.8721,90.7855,86.6833,85.4283,85.6037,80.2122,81.8413,80.1561,83.2166,76.1577,76.1577,73.3485,72.9178,71.6938,72.8011,70.5195,68.2495,67.3647,0.0000,0.0000,0.0000,0.0000,0.0000,0.0000,0.0000,0.0000,0.0000,0.0000,0.0000,0.0000
1700000009.100000,-62.6,87.3613,86.3308,89.2693,91.4822,86.3481,83.4326,81.5843,83.3607,81.7435,83.3847,85.2115,85.0941,86.0058,86.0058,86.0233,84.1487,84.1487,85.2878,85.4751,84.5931,85.5862,86.9770,84.5931,87.1321,87.4757,86.4928,87.6641,91.6788,89.2693,90.0278,87.2983,90.4268,88.2836,88.9550,87.5728,86.7006,87.5728,86.3713,82.1523,83.1505,81.0555,80.0250,81.0000,77.0584,73.2462,73.5527,74.1485,75.5050,72.7805,68.9638,71.1688,65.7419,0.0000,0.0000,0.0000,0.0000,0.0000,0.0000,0.0000,0.0000,0.0000,0.0000,0.0000,0.0000
1700000009.150000,-62.9,89.1964,85.0706,86.7295,88.2553,84.6936,83.3847,83.2586,82.3468,84.5281,83.0060,83.3547,83.7616,86.8389,83.4865,83.2346,86.4002,84.8116,86.2149,84.3860,85.9128,85.2760,84.9588,84.8999,86.9770,90.5207,85.5628,90.5207,91.2195,89.1067,89.0955,87.7269,91.2414,91.5478,89.8721,86.8332,88.8651,86.8332,85.4283,85.6037,81.8413,81.5414,79.4040,80.6226,74.7061,76.0263,72.0902,74.8465,73.6817,72.7324,69.3758,70.2140,66.4831,0.0000,0.0000,0.0000,0.0000,0.0000,0.0000,0.0000,0.0000,0.0000,0.0000,0.0000,0.0000
1700000009.200000,-59.9,87.1436,86.1452,87.3670,84.4808,83.6002,82.3893,80.8950,82.0366,81.3941,78.3390,81.4923,83.2406,83.8153,79.6994,83.2166,81.1542,82.4621,82.0792,84.1724,84.0773,83.2586,84.0773,80.9568,85.2350,85.8836,86.3539,87.3212,86.9540,89.3588,85.9593,87.7097,88.6848,89.8944,85.4751,88.5494,84.5813,85.4927,85.0882,83.5703,80.6226,80.9938,81.2711,81.2711,76.6551,72.0347,72.3671,73.9797,70.3491,71.1758,70.0071,68.1836,67.3647,0.0000,0.0000,0.0000,0.0000,0.0000,0.0000,0.0000,0.0000,0.0000,0.0000,0.0000,0.0000
1700000009.250000,-62.5,85.4400,84.2021,86.6833,86.5852,84.4038,79.4292,83.7257,82.8734,80.3990,82.2192,82.0975,81.0062,86.0000,83.0963,83.0060,85.2878,84.4808,83.3847,85.7088,85.8429,84.8528,84.0119,85.1587,89.0505,87.3212,85.3756,87.8009,88.5268,88.7694,89.5600,85.6154,91.4440,90.2441,88.6454,86.6833,85.9884,88.4590,85.0000,81.8841,80.6226,82.2982,79.3095,80.0999,76.0263,76.0066,73.1710,70.1783,70.4557,70.8590,68.4471,66.7608,64.6220,0.0000,0.0000,0.0000,0.0000,0.0000,0.0000,0.0000,0.0000,0.0000,0.0000,0.0000,0.0000
1700000009.300000,-59.3,86.7006,82.8734,86.8332,85.5862,82.7647,78.8543,80.8084,80.2808,80.7775,82.2192,81.3449,80.7775,83.3847,82.3468,84.3090,81.4371,81.8596,80.1311,79.6492,81.8841,84.1190,84.5991,82.8553,84.0595,84.9058,85.2115,85.4400,85.9826,88.2327,87.3670,84.9058,88.8369,89.1852,87.7097,85.4751,85.4751,85.5862,83.6301,82.3468,82.3468,80.4114,78.1857,78.5493,73.0548,73.3757,71.3092,70.6116,70.7107,70.4557,68.1175,68.0074,66.1211,0.0000,0.0000,0.0000,0.0000,0.0000,0.0000,0.0000,0.0000,0.0000,0.0000,0.0000,0.0000
1700000009.350000,-59.7,89.8053,87.6926,89.2749,87.8635,84.5044,83.7377,82.8010,80.0000,81.8413,82.0975,83.7616,84.7231,86.3539,85.9593,84.0773,85.0000,82.3468,83.7735,85.4400,87.4643,85.7963,87.9204,86.3771,87.6413,90.4434,86.4002,89.0225,91.7606,91.9239,89.0225,86.4002,93.4077,90.4434,86.6487,88.9550,91.0824,84.8646,85.6154,85.6154,82.3468,80.9506,79.6053,79.1770,75.2928,74.4312,73.7835,74.4043,72.6223,72.2496,68.5930,68.0147,68.2422,0.0000,0.0000,0.0000,0.0000,0.0000,0.0000,0.0000,0.0000,0.0000,0.0000,0.0000,0.0000
1700000009.400000,-61.4,90.6035,84.6463,90.6090,87.1149,86.9770,82.3286,84.1487,85.5862,83.0963,85.0412,86.6833,86.2149,87.0057,82.2010,83.8153,87.4643,85.5862,84.7231,84.5340,86.7698,83.6481,84.5281,86.3134,86.8159,88.5664,87.2353,87.4643,92.6984,89.3196,93.7763,89.1572,91.7606,91.3893,88.6397,90.8735,91.2360,89.0056,86.3539,83.7257,85.0882,83.5284,78.2304,81.5414,76.2758,76.6094,74.8131,73.7564,73.1095,72.8354,71.5891,70.4557,66.3702,0.0000,0.0000,0.0000,0.0000,0.0000,0.0000,0.0000,0.0000,0.0000,0.0000,0.0000,0.0000
1700000009.450000,-59.0,86.1452,85.4751,84.7172,86.3713,82.6075,80.6226,79.0759,81.5843,82.0000,82.7103,82.9699,82.5651,84.4334,81.7068,82.2800,83.7735,82.7647,83.6720,82.7345,83.1865,84.0773,85.9593,80.9506,84.2199,85.5862,84.3801,85.7555,88.5099,89.0449,87.6641,87.4643,87.8180,91.4166,87.8180,88.5889,86.7640,85.4225,86.3308,83.6720,81.0247,80.2309,80.9938,77.8332,74.9466,74.3303,72.0347,72.1803,73.3485,70.5762,70.0643,69.0290,64.4981,0.0000,0.0000,0.0000,0.0000,0.0000,0.0000,0.0000,0.0000,0.0000,0.0000,0.0000,0.0000
1700000009.500000,-63.1,90.2109,92.2009,91.2634,92.0869,90.7359,89.8888,86.8332,87.2353,87.2353,87.2353,88.1419,89.6939,91.0824,88.9550,88.2327,89.9889,89.5600,87.3613,86.8850,89.2693,89.4986,92.5743,90.8020,89.8053,91.5915,92.0706,95.7549,92.9139,94.6414,93.7710,90.4268,96.0260,95.3520,92.7631,92.7631,93.3916,91.0055,89.7385,91.2140,87.3613,83.8153,83.8153,84.5044,82.2800,80.7775,75.1532,76.9415,75.8024,75.7166,72.8011,73.1095,72.8354,0.0000,0.0000,0.0000,0.0000,0.0000,0.0000,0.0000,0.0000,0.0000,0.0000,0.0000,0.0000
1700000009.550000,-62.3,88.3629,93.5361,89.5600,88.2836,90.0278,88.6454,86.5852,86.5852,86.1278,86.9770,90.4434,86.3771,88.2553,86.4060,89.1572,88.1022,89.4707,87.2353,87.3212,92.2822,89.5545,91.8096,87.6641,92.0869,91.5260,92.9139,95.6033,94.2019,96.2133,91.6788,93.2309,94.4034,95.4411,93.4773,93.4773,90.4268,92.7847,90.5538,88.3233,90.8240,84.5340,84.0773,83.1926,81.4371,81.5414,75.8947,78.1089,76.2430,73.7564,73.8241,70.2567,70.0071,0.0000,0.0000,0.0000,0.0000,0.0000,0.0000,0.0000,0.0000,0.0000,0.0000,0.0000,0.0000
1700000009.600000,-62.6,85.9128,88.7299,84.8116,88.6002,82.4197,83.4865,82.0975,83.2166,84.9058,81.0062,84.1190,85.8662,84.5813,84.1724,86.4060,78.9240,85.0706,82.8734,86.0233,83.1685,84.1546,86.4002,81.6088,85.7030,89.4986,89.4986,93.3916,87.0976,92.9624,85.9069,89.4986,88.7694,92.1792,88.6002,89.2861,86.6833,88.8651,86.3308,83.8153,84.5044,80.6226,82.8553,76.5572,75.1332,77.5242,73.2462,72.1110,75.0000,69.0290,70.1783,70.7107,68.8840,0.0000,0.0000,0.0000,0.0000,0.0000,0.0000,0.0000,0.0000,0.0000,0.0000,0.0000,0.0000
1700000009.650000,-61.3,86.0233,86.3308,88.0227,90.4765,83.5703,84.8646,82.3468,84.5813,82.7345,82.3650,85.0000,84.0595,82.9277,83.7616,85.7030,83.2406,85.6037,84.0238,88.6172,84.2912,83.5464,87.0000,84.9588,86.2786,90.5207,90.5097,89.8276,89.1067,92.6553,89.1067,88.4138,90.5207,90.5207,89.8721,89.1067,87.7838,87.1149,87.9659,85.1469,85.4283,82.2010,84.4038,79.6304,79.0759,76.3217,72.9452,73.8241,71.5891,72.0902,69.8928,68.6804,67.2681,0.0000,0.0000,0.0000,0.0000,0.0000,0.0000,0.0000,0.0000,0.0000,0.0000,0.0000,0.0000
1700000009.700000,-59.2,92.1954,93.2631,89.0505,90.0222,88.0511,89.0056,88.1419,86.2844,88.4590,84.7172,85.3288,88.4590,87.0976,88.0738,89.9889,88.8876,88.8876,87.9318,89.5377,89.5377,85.7963,88.3912,85.2350,89.1572,91.7061,94.4299,96.1509,90.7855,91.6788,92.1792,93.4719,93.0376,96.6644,90.3770,91.3893,90.0777,91.1811,90.2497,91.0824,88.6002,85.4400,84.7703,82.5651,80.5233,80.8084,78.0897,75.1332,76.4199,74.1687,73.0069,74.0608,70.0357,0.0000,0.0000,0.0000,0.0000,0.0000,0.0000,0.0000,0.0000,0.0000,0.0000,0.0000,0.0000
1700000009.750000,-60.9,87.3670,86.2670,86.0233,86.2670,87.8009,83.4086,84.5044,82.2192,82.8070,82.0731,82.7587,84.9588,85.6329,85.7030,83.7377,85.6037,82.6196,83.4086,83.4865,87.6584,86.6083,84.9058,85.1469,85.4751,87.4643,85.4751,87.3212,88.6848,87.7097,90.9175,89.5545,91.7878,89.6939,87.9830,87.0919,85.4459,86.5332,86.0233,86.2149,84.0238,84.5044,81.8352,80.7217,75.7430,75.0067,72.1388,71.7008,72.6223,71.4003,70.4911,68.0000,66.7083,0.0000,0.0000,0.0000,0.0000,0.0000,0.0000,0.0000,0.0000,0.0000,0.0000,0.0000,0.0000
1700000009.800000,-61.8,87.5957,85.7030,86.3771,84.7585,85.2350,83.0060,84.0952,83.1926,81.8841,82.8553,83.0060,83.4865,83.2346,82.2010,82.4197,83.2406,82.4621,81.6884,84.2912,84.2912,83.5464,84.2199,83.4506,85.6329,84.8646,85.6329,86.3713,87.1149,87.1149,87.2066,87.0460,89.8276,87.6926,86.2670,86.2670,86.9770,85.5862,83.5464,82.8794,81.6884,80.2808,79.0253,78.6003,76.0263,75.7166,71.8679,72.0069,70.2140,70.6824,70.3847,66.0984,64.7611,0.0000,0.0000,0.0000,0.0000,0.0000,0.0000,0.0000,0.0000,0.0000,0.0000,0.0000,0.0000
1700000009.850000,-66.0,89.1403,87.0000,85.9128,86.0523,83.8689,85.4283,83.0060,84.8764,81.8352,84.5991,82.6801,85.5862,85.8836,82.7345,84.0952,86.5390,83.7735,83.9345,84.7703,87.2812,83.1685,87.0919,82.2800,89.2693,88.8876,84.6463,88.8426,92.7631,91.9837,89.8220,91.4440,91.4440,90.9560,88.5268,90.2497,88.6002,86.6833,86.0233,84.7585,85.0941,82.2800,78.3901,80.2309,77.8781,74.2496,74.2428,72.7186,73.2462,75.0000,71.2180,70.0928,67.2086,0.0000,0.0000,0.0000,0.0000,0.0000,0.0000,0.0000,0.0000,0.0000,0.0000,0.0000,0.0000
1700000009.900000,-62.3,91.2634,89.8721,94.0213,90.6035,88.0909,84.5044,84.5044,84.9588,87.7838,86.2786,86.3713,84.2912,87.4586,87.6185,85.8021,89.8721,88.7525,86.2670,87.6641,88.8369,86.8217,89.6939,86.8332,89.4427,91.7061,88.5494,90.3383,93.9415,93.9415,91.2414,93.0215,94.4140,92.2822,95.3834,91.5860,92.2822,89.6939,90.2109,87.3670,85.2115,83.8153,81.6088,81.8352,77.9872,78.5684,74.9667,72.8629,73.8783,73.8783,73.4983,72.4017,66.6483,0.0000,0.0000,0.0000,0.0000,0.0000,0.0000,0.0000,0.0000,0.0000,0.0000,0.0000,0.0000
1700000009.950000,-59.3,90.3549,85.0529,91.0494,86.0523,86.0233,82.0244,83.0060,83.0542,84.0952,83.4865,82.2192,83.6002,82.0366,85.1587,83.5464,83.7437,82.9759,83.1986,85.1645,86.4002,87.6413,84.6463,84.7703,86.9770,88.2327,89.1964,91.0934,90.7579,91.0824,91.4166,87.9204,89.1852,93.0054,89.2861,91.6788,88.2950,85.7030,88.4590,85.3288,84.0119,82.4924,78.5175,80.3057,78.1025,76.1052,75.0000,71.1126,72.3395,69.7209,69.8570,71.4703,67.4166,0.0000,0.0000,0.0000,0.0000,0.0000,0.0000,0.0000,0.0000,0.0000,0.0000,0.0000,0.0000
1700000010.000000,-63.6,88.1930,88.1192,86.3134,86.7698,83.1926,84.0952,86.5390,81.1542,82.2800,83.8153,82.8613,83.8153,83.2406,83.6780,84.8999,85.3288,84.3445,84.3445,84.7172,83.6002,84.5931,83.2166,85.9884,89.0898,89.2749,88.2780,90.1388,89.0056,89.1403,91.0220,89.0505,91.1373,91.1373,87.3670,88.6848,88.8144,88.1192,85.3288,81.7863,84.9294,82.2253,82.4621,80.0812,79.0569,75.5844,71.7844,73.9256,72.0139,71.6938,68.2642,66.4003,65.8559,0.0000,0.0000,0.0000,0.0000,0.0000,0.0000,0.0000,0.0000,0.0000,0.0000,0.0000,0.0000
1700000010.050000,-65.0,90.4268,94.1541,89.0449,91.9239,89.0449,87.0919,85.4459,87.0057,87.8009,85.7963,87.7838,90.5207,89.8721,87.7838,89.8276,89.3756,91.5478,87.3212,90.2718,90.6035,89.0225,90.6035,86.8389,92.0869,92.6499,92.6499,97.7548,94.1541,96.5660,91.9239,94.5780,94.5780,93.4773,94.6256,93.4773,89.6270,91.0220,90.0000,89.0225,87.9659,84.3860,84.8999,82.7345,79.9312,78.5684,76.5768,76.6942,75.2130,75.7166,72.7186,75.1798,70.9366,0.0000,0.0000,0.0000,0.0000,0.0000,0.0000,0.0000,0.0000,0.0000,0.0000,0.0000,0.0000
1700000010.100000,-60.4,87.3670,84.8764,84.6286,87.4185,85.8021,85.0000,84.3860,85.1469,83.4865,78.5175,87.7269,83.4506,84.2199,84.2912,84.5044,84.2021,87.2009,82.8010,86.5332,85.7030,85.1469,87.1321,85.1469,86.8217,86.8217,89.5545,89.1852,86.4523,90.4268,89.0056,88.6848,88.8369,86.9540,90.5538,89.3588,84.5991,87.0919,85.0000,83.4086,83.2406,82.3286,81.5659,78.5175,78.4920,74.2496,75.0733,72.2496,73.1095,69.6348,70.4911,69.3181,65.9242,0.0000,0.0000,0.0000,0.0000,0.0000,0.0000,0.0000,0.0000,0.0000,0.0000,0.0000,0.0000
1700000010.150000,-60.5,90.3383,89.9444,88.5099,87.8180,87.9830,87.9204,87.3670,86.2670,84.4038,86.0523,85.4283,86.3713,87.0460,86.9770,86.9770,84.8646,87.7269,86.3134,87.4586,88.7299,90.1388,87.0057,86.0523,89.8721,90.2109,91.4002,91.8368,91.2634,94.0319,91.8096,95.4411,92.6553,95.2103,90.0000,90.4268,89.3756,89.3756,89.1964,87.7838,83.5464,81.3204,82.7345,84.1487,78.6448,79.5110,75.8024,76.2758,73.4983,72.4707,71.1126,72.6154,67.0522,0.0000,0.0000,0.0000,0.0000,0.0000,0.0000,0.0000,0.0000,0.0000,0.0000,0.0000,0.0000
1700000010.200000,-60.9,89.7385,91.4440,89.6270,89.8220,88.2836,86.3134,87.5728,88.3629,85.4751,84.0238,87.1436,89.0225,90.0056,86.0523,88.0227,90.0500,89.3588,84.2912,87.8237,87.6926,88.8144,87.9659,86.8332,90.6090,91.0824,91.4112,92.3959,92.1954,94.9210,91.4112,91.2414,92.2280,92.5743,93.9042,92.5419,91.5478,89.2020,88.1419,88.1419,88.0227,84.0238,84.0536,84.0238,81.2219,80.5047,76.7919,78.8543,76.9025,72.1249,72.7324,72.4983,69.1158,0.0000,0.0000,0.0000,0.0000,0.0000,0.0000,0.0000,0.0000,0.0000,0.0000,0.0000,0.0000
1700000010.250000,-62.2,88.5494,84.9706,84.6936,86.8159,85.0882,81.3449,83.8153,82.2192,84.7703,82.4621,84.8999,85.1469,85.5102,84.5281,81.3941,85.8429,82.7345,83.7257,84.2912,84.2912,84.2912,85.0529,84.2140,87.0000,87.0057,87.0057,90.0056,90.0222,89.0056,89.0225,88.0057,91.0220,90.0222,89.0505,92.0489,90.2718,87.6926,86.8332,80.8950,81.2158,80.4114,81.7863,81.0247,77.1298,75.0000,70.8378,72.2357,70.9366,73.7902,67.2309,69.0652,66.8431,0.0000,0.0000,0.0000,0.0000,0.0000,0.0000,0.0000,0.0000,0.0000,0.0000,0.0000,0.0000
1700000010.300000,-63.4,84.4334,88.5438,81.7068,88.6002,82.0792,82.0792,80.9568,82.7345,85.0000,79.7559,82.3650,84.9058,83.2166,81.5414,83.4865,83.0060,85.0000,84.2021,83.5464,82.8794,82.8794,85.6329,82.0731,85.5862,84.8999,87.6812,88.4590,84.8999,89.8721,87.0460,89.1067,88.4138,87.6926,87.0000,87.6926,84.8646,86.4523,82.4621,81.4002,84.8116,80.2122,80.4487,78.4920,76.2758,73.2462,72.5603,70.2353,71.1758,72.2357,69.9214,68.6586,66.9104,0.0000,0.0000,0.0000,0.0000,0.0000,0.0000,0.0000,0.0000,0.0000,0.0000,0.0000,0.0000
1700000010.350000,-60.2,88.8426,87.6641,90.4268,84.8528,86.8332,83.1865,84.2912,81.3941,83.2166,84.0060,85.0529,86.0000,85.0235,86.1452,84.1487,84.2912,83.7257,83.6002,85.0000,85.9884,84.0119,86.3134,87.1321,86.1220,87.8635,86.1220,90.2441,89.8220,89.7385,91.0055,89.2693,91.2195,93.0591,88.8144,89.8053,87.9659,87.6926,83.7257,82.3893,82.0549,82.1523,80.0062,81.0555,78.0256,75.4255,71.4493,72.0069,74.1485,74.2159,70.5195,70.3847,66.1891,0.0000,0.0000,0.0000,0.0000,0.0000,0.0000,0.0000,0.0000,0.0000,0.0000,0.0000,0.0000
1700000010.400000,-59.8,88.4816,87.4185,87.2009,87.6185,86.2149,82.9759,83.5464,83.5464,84.8999,84.1487,83.5464,83.7377,84.3860,85.2760,87.3212,85.4459,86.0233,83.8153,85.7030,85.1469,87.1321,84.5991,84.3801,88.5889,88.1930,88.6848,88.1930,92.1792,92.1792,88.1192,89.9444,90.9175,95.1893,91.0659,87.3670,87.6641,84.8764,85.8021,85.8021,83.6002,82.4621,82.2192,82.2192,75.0067,76.3806,72.9178,76.4853,73.8783,73.6003,72.4017,69.8355,69.7782,0.0000,0.0000,0.0000,0.0000,0.0000,0.0000,0.0000,0.0000,0.0000,0.0000,0.0000,0.0000
1700000010.450000,-60.3,86.4002,88.4081,87.1149,91.6788,86.3713,85.5862,82.7345,82.7587,82.1340,82.0061,85.7963,82.8010,85.2115,85.7030,86.8389,84.3801,86.6083,81.1234,86.8332,87.2066,82.7345,85.0000,83.1926,86.0058,85.4283,89.5545,91.5478,91.1811,94.7048,88.6002,89.1572,90.6201,92.3093,86.9253,88.6397,87.2353,87.6641,86.3539,87.3212,85.5862,82.1523,80.4550,77.6981,77.1038,74.6324,71.8401,73.0000,72.9178,70.7248,71.5052,71.0634,68.7968,0.0000,0.0000,0.0000,0.0000,0.0000,0.0000,0.0000,0.0000,0.0000,0.0000,0.0000,0.0000
1700000010.500000,-61.6,90.5207,88.8876,89.0225,91.0934,87.3212,88.0738,85.9069,83.5464,87.4757,85.7088,85.4751,87.1436,87.0057,86.0058,85.0059,87.0057,87.0000,87.0230,88.0511,88.1419,87.1436,88.1419,87.4643,89.2693,90.0944,89.2693,93.0591,90.4489,94.6414,92.7793,91.6624,92.6553,94.4299,92.0489,92.0869,91.1373,87.2066,91.0879,85.0529,86.0000,83.2166,86.2844,79.5110,78.6384,78.7718,75.3127,78.3390,74.6324,72.1249,72.1110,72.0139,69.4622,0.0000,0.0000,0.0000,0.0000,0.0000,0.0000,0.0000,0.0000,0.0000,0.0000,0.0000,0.0000
1700000010.550000,-62.7,92.7631,89.2693,90.2552,87.9659,88.8144,85.5862,85.2115,85.1469,86.0930,85.0059,89.0056,86.0523,85.1469,86.2844,84.4808,86.8332,85.0000,87.9659,87.0976,86.3481,87.8635,88.2950,86.5852,89.7385,90.9560,90.2497,91.3947,93.3006,93.0054,93.3006,88.3233,91.7606,90.9560,93.4077,90.2441,90.0278,91.4112,87.1321,86.1452,84.1724,83.8630,82.3893,84.3801,78.2304,76.1052,76.0592,76.0000,76.2365,73.8241,72.3671,70.3420,66.4078,0.0000,0.0000,0.0000,0.0000,0.0000,0.0000,0.0000,0.0000,0.0000,0.0000,0.0000,0.0000
1700000010.600000,-63.6,89.3085,89.0449,88.8369,90.2109,88.6848,87.3212,87.2353,83.6301,85.4283,85.0882,85.6154,86.7295,87.9204,86.3308,86.3308,87.3613,85.8662,86.8332,87.0976,88.0738,86.1220,87.6641,86.6833,89.1067,90.2552,89.1067,91.0824,91.9239,91.9239,92.9139,90.4268,92.3959,92.7631,91.0055,92.1954,89.4986,87.8009,87.3613,85.4400,85.0706,84.7585,82.2800,80.4114,78.0000,75.6439,73.3553,74.7930,74.0945,73.4983,71.8401,69.3542,67.2086,0.0000,0.0000,0.0000,0.0000,0.0000,0.0000,0.0000,0.0000,0.0000,0.0000,0.0000,0.0000
1700000010.650000,-63.8,91.7061,91.7878,92.1303,90.7855,87.6584,88.5889,84.9058,86.2844,85.4400,86.8389,88.2327,85.4283,85.9128,87.3212,87.9659,87.0460,86.3134,86.2786,86.3134,87.0460,89.1403,89.2749,84.2199,88.0909,92.4554,88.8651,90.4268,90.4268,95.9010,91.6079,91.8314,90.9065,93.0860,89.8721,92.0978,89.9389,89.8721,88.3912,87.0460,87.0460,83.4865,85.1469,83.7377,79.2023,78.8162,76.6094,75.4520,77.1751,73.8241,72.4983,70.2282,68.4105,0.0000,0.0000,0.0000,0.0000,0.0000,0.0000,0.0000,0.0000,0.0000,0.0000,0.0000,0.0000
1700000010.700000,-63.5,85.0529,87.0919,84.1487,86.2090,82.6075,82.2982,81.4985,83.3607,83.1865,79.3095,85.8662,81.3204,80.7775,83.8153,85.0941,82.5409,84.5044,81.1542,83.7735,83.7735,83.6720,84.5813,80.9568,85.4751,86.3539,86.8332,88.8369,87.8180,90.4268,86.3539,89.0056,89.0056,85.8662,87.2066,87.3212,85.4283,85.4283,84.6936,80.6226,83.2166,76.9220,80.3243,77.4919,76.6551,75.6902,73.3485,73.9797,71.2531,69.4622,69.0652,68.0294,66.6108,0.0000,0.0000,0.0000,0.0000,0.0000,0.0000,0.0000,0.0000,0.0000,0.0000,0.0000,0.0000
1700000010.750000,-60.8,93.8616,90.8020,90.4434,92.0869,89.3588,87.9204,90.4268,85.9593,89.4427,84.9706,89.4427,91.2853,89.6939,90.2497,88.8651,90.1388,90.2497,90.1388,88.5268,90.4710,90.7083,89.8220,90.8020,92.5743,91.7823,93.5575,93.0591,91.9239,95.8853,94.8947,95.1893,93.7710,94.8947,95.5249,91.4112,95.9010,90.7083,88.7694,86.6833,87.9318,87.6413,86.0233,83.9345,81.9329,82.4621,74.7329,78.7210,74.2428,74.0945,74.4043,73.6614,70.0071,0.0000,0.0000,0.0000,0.0000,0.0000,0.0000,0.0000,0.0000,0.0000,0.0000,0.0000,0.0000
1700000010.800000,-62.8,90.5097,87.7838,91.0494,89.3756,87.9659,84.6463,84.2021,85.8021,86.8217,87.1321,87.3670,86.9540,89.0674,87.2353,89.8944,89.4707,87.7269,88.7694,87.5957,88.2553,89.8888,87.9318,88.6002,90.4434,91.0934,89.1852,91.7606,95.8801,91.2140,95.8801,89.8443,93.3006,94.2550,91.0934,91.7606,92.3093,89.3196,87.4643,85.6154,84.0952,85.0000,81.3941,85.0000,78.5493,78.2304,76.8440,76.0263,74.0270,72.1803,72.8354,71.5891,68.8186,0.0000,0.0000,0.0000,0.0000,0.0000,0.0000,0.0000,0.0000,0.0000,0.0000,0.0000,0.0000
1700000010.850000,-57.1,92.6984,91.3947,91.7606,89.4986,88.3233,87.5557,84.9294,90.8020,86.8850,86.7006,86.8332,88.2043,87.2066,89.0225,85.0941,91.0220,87.0517,90.0222,86.2090,90.0500,89.1403,91.1976,90.3549,90.0944,91.2414,91.9239,96.1769,95.8853,91.2414,95.3520,92.7793,96.1769,92.4392,92.4392,95.2575,92.4392,89.2020,90.1388,88.0227,86.0523,84.0060,81.0247,82.2192,82.1523,79.7621,76.9415,77.8781,75.4321,78.7464,73.0821,72.8011,71.1126,0.0000,0.0000,0.0000,0.0000,0.0000,0.0000,0.0000,0.0000,0.0000,0.0000,0.0000,0.0000
1700000010.900000,-61.0,93.6056,88.6172,91.2140,92.4554,89.2020,86.0233,86.6083,86.2670,89.0449,87.4643,85.8836,88.5494,89.0505,91.5478,87.6641,89.1572,87.4643,85.7963,86.9770,86.3771,89.5377,91.7061,90.8020,89.7385,96.3016,90.4710,91.4440,95.0789,94.5939,94.5939,92.0489,93.4077,92.6553,92.0489,91.3947,89.4930,88.2553,89.8888,88.7694,86.1626,85.4283,84.5281,83.6481,79.1770,78.8923,76.5506,76.8440,75.6042,75.9276,70.8378,72.1803,68.2495,0.0000,0.0000,0.0000,0.0000,0.0000,0.0000,0.0000,0.0000,0.0000,0.0000,0.0000,0.0000
1700000010.950000,-61.6,83.2406,81.6884,82.2192,82.2192,80.7217,79.3095,77.7817,79.2086,77.7946,77.3369,77.3369,79.6492,79.2023,79.4040,79.4040,79.6116,80.4550,76.8505,80.2621,80.2621,78.3901,79.6492,78.7718,81.3941,84.0773,82.2922,83.1926,83.1926,84.0952,83.6720,83.1865,84.0773,83.6481,83.2406,81.4923,81.9878,79.7559,78.7718,78.4920,77.6660,75.6042,75.4321,73.2462,70.9366,70.0928,67.8970,68.6222,68.0147,65.4370,64.6375,64.6607,60.3738,0.0000,0.0000,0.0000,0.0000,0.0000,0.0000,0.0000,0.0000,0.0000,0.0000,0.0000,0.0000
1700000011.000000,-62.3,91.2140,88.0057,90.4434,89.0505,89.0449,86.2844,85.4400,84.7231,84.5340,83.1926,86.3308,88.1419,88.0227,88.3912,84.7585,89.1852,83.8153,84.7703,84.6463,86.8850,88.0568,88.0738,86.4928,87.2983,88.6454,91.4112,90.7965,90.0944,94.2019,91.7878,89.9444,92.2280,91.5915,90.8020,89.6270,91.2195,91.2195,89.7385,84.2021,83.9345,81.9329,83.8153,83.1685,80.7775,78.3901,74.7329,72.8972,72.4707,72.4017,69.4046,70.8378,69.2965,0.0000,0.0000,0.0000,0.0000,0.0000,0.0000,0.0000,0.0000,0.0000,0.0000,0.0000,0.0000
1700000011.050000,-64.3,88.8651,83.6002,89.0505,86.8389,86.2670,81.8413,83.8630,82.8553,83.2406,85.4751,82.7647,84.5281,85.0000,83.7735,83.7735,86.9770,82.5409,85.0706,83.2406,85.4400,85.1645,84.8999,85.1645,85.3756,86.5852,86.5852,88.0738,91.0055,87.8635,91.0055,86.5852,89.2693,89.7385,89.0225,86.4002,88.2327,85.3815,84.8646,82.6378,80.7775,81.9390,79.7057,80.5295,75.1798,74.7930,71.8679,72.1110,72.4224,71.8401,67.9412,69.3542,64.8151,0.0000,0.0000,0.0000,0.0000,0.0000,0.0000,0.0000,0.0000,0.0000,0.0000,0.0000,0.0000
1700000011.100000,-64.9,91.7878,90.7855,90.3549,92.1792,88.3233,86.9540,87.1321,88.7525,86.0233,86.4002,88.4081,88.0909,89.2749,88.5268,87.7269,89.1067,91.2195,89.8053,89.2749,92.1954,87.9659,91.5478,89.4986,89.6437,93.0860,92.0054,93.6002,94.3027,94.0479,94.2019,91.0220,95.8019,92.6175,92.6175,95.0158,92.0978,90.5538,86.2670,88.4138,86.2786,84.2199,86.4523,81.4678,79.5110,79.0253,77.0065,77.1038,76.8505,74.3034,71.1126,71.8679,68.9638,0.0000,0.0000,0.0000,0.0000,0.0000,0.0000,0.0000,0.0000,0.0000,0.0000,0.0000,0.0000
1700000011.150000,-62.8,87.6413,89.8109,88.2553,87.9204,84.5044,85.0941,86.4060,84.1724,83.6301,83.2406,85.0000,84.7231,86.2844,85.4459,85.7030,86.6083,85.8021,83.4086,85.9128,85.1469,85.1469,86.3713,84.9588,88.3912,87.6812,89.1067,89.1067,89.1403,91.2414,90.6090,90.5097,91.2195,91.2195,89.8276,88.5268,87.8635,86.5563,87.4586,82.8010,85.4283,80.8022,82.4197,81.0247,77.3886,74.9466,73.3553,74.2428,76.0592,71.3092,70.8378,67.9117,66.9104,0.0000,0.0000,0.0000,0.0000,0.0000,0.0000,0.0000,0.0000,0.0000,0.0000,0.0000,0.0000
1700000011.200000,-59.9,93.1075,91.7061,92.1358,90.3383,89.0056,89.4707,88.8369,85.7555,88.7525,87.9204,91.2634,91.4002,89.8109,88.0909,86.5563,91.2853,87.0000,89.8721,91.2195,92.6984,88.4590,89.2749,91.9674,92.7631,93.3809,91.4385,95.7758,96.5401,96.0469,95.6033,95.7758,96.8298,95.6713,93.3809,94.1754,91.9348,93.3381,89.1403,89.1964,87.1149,85.1469,84.5044,84.6463,82.0061,80.4487,77.3886,78.7718,75.6637,76.5572,77.0779,73.0821,70.4060,0.0000,0.0000,0.0000,0.0000,0.0000,0.0000,0.0000,0.0000,0.0000,0.0000,0.0000,0.0000
1700000011.250000,-61.9,94.2444,91.9239,90.4710,93.6216,89.0000,87.2353,86.3308,90.7855,87.3212,87.4643,87.6641,88.4816,88.0057,88.2383,89.8109,90.2718,89.2749,86.3713,91.2853,92.0217,89.8721,92.6337,89.1067,94.2603,91.3510,91.5478,95.0158,94.1754,96.2601,92.9570,96.2601,98.4124,96.1665,94.7523,94.0479,92.6337,90.5207,91.2414,87.7269,91.3510,84.3860,86.0523,86.2149,82.2010,78.4920,79.0759,79.4040,76.4788,73.7902,73.0069,72.8011,69.8570,0.0000,0.0000,0.0000,0.0000,0.0000,0.0000,0.0000,0.0000,0.0000,0.0000,0.0000,0.0000
1700000011.300000,-63.2,87.4643,88.6397,89.0505,89.1572,87.3212,82.7647,86.7698,83.6481,83.8630,83.8630,84.9058,85.7030,84.6286,82.8010,84.4038,85.1469,86.5563,84.3860,87.0000,85.7030,87.0460,84.8999,85.5862,87.7838,90.5207,87.0460,90.6090,92.0217,89.1964,91.3510,91.9348,92.6337,91.2195,89.1964,90.5538,87.7838,88.5268,84.3860,82.6196,85.0000,80.4301,80.8022,80.1561,75.8024,77.5242,73.3553,73.4098,73.0069,72.7324,74.3303,67.9117,65.9242,0.0000,0.0000,0.0000,0.0000,0.0000,0.0000,0.0000,0.0000,0.0000,0.0000,0.0000,0.0000
1700000011.350000,-61.9,88.9550,85.9069,89.0000,88.1022,88.5494,83.6481,85.4751,84.1190,83.5284,85.4400,87.0919,86.6083,84.8116,85.9128,84.6463,86.4523,82.7345,86.3134,84.8528,88.4138,88.4138,85.6329,87.0000,88.7299,90.6863,87.3212,90.4268,93.2363,89.6437,96.0469,91.6788,91.3510,92.8493,89.3756,89.8721,91.9239,89.8053,86.2786,85.6329,82.8070,84.5044,80.8084,85.2760,79.2023,79.0569,74.3303,73.9256,73.4302,72.8972,70.9366,71.4703,66.9403,0.0000,0.0000,0.0000,0.0000,0.0000,0.0000,0.0000,0.0000,0.0000,0.0000,0.0000,0.0000
1700000011.400000,-61.4,86.0058,87.1436,84.0060,87.0000,84.0536,88.0909,82.0244,84.2140,83.1505,75.9539,85.5102,82.7647,82.9699,83.6780,84.4038,83.2406,84.8999,82.5651,86.6487,86.0233,85.3815,86.6833,85.7963,86.3308,87.2353,87.7269,91.7606,90.4710,93.1075,86.1626,91.0000,89.5377,92.3580,86.9770,87.9318,86.6833,87.9204,86.9770,82.5651,83.9345,81.5843,81.3941,78.2624,77.7817,76.2365,73.0616,77.0065,72.1110,72.1734,71.3442,69.0507,67.9117,0.0000,0.0000,0.0000,0.0000,0.0000,0.0000,0.0000,0.0000,0.0000,0.0000,0.0000,0.0000
1700000011.450000,-62.4,90.0500,85.4400,88.7525,86.8217,89.5879,80.9938,85.0000,84.4038,85.9128,87.1149,84.2912,86.3134,85.5628,87.0460,85.6329,86.4523,85.9128,85.7963,83.6002,87.0057,87.2009,87.4185,87.4185,88.3233,91.8096,87.9830,92.4392,92.1141,90.7359,92.4392,90.4268,92.6499,92.3580,90.6973,91.6079,91.2140,88.4081,88.2383,85.1469,83.0963,87.0000,80.6598,81.3449,74.9533,77.8974,73.8783,75.4321,72.6705,74.6257,73.4302,72.4500,66.4831,0.0000,0.0000,0.0000,0.0000,0.0000,0.0000,0.0000,0.0000,0.0000,0.0000,0.0000,0.0000
1700000011.500000,-61.0,88.0568,89.5600,90.2497,90.2497,86.3308,85.4400,83.9345,85.2350,84.5813,81.8596,86.7640,87.2353,86.9540,88.3233,87.9830,85.4400,88.2327,84.0536,88.8651,89.6437,89.8109,89.4986,85.7963,87.8635,90.0278,89.2749,91.9348,92.7631,94.1116,91.2414,93.5094,95.5877,96.5401,92.1954,91.6788,91.0494,90.2718,86.4002,87.4185,86.2670,81.3019,83.8630,81.5414,82.4924,78.2943,74.6860,73.0069,74.3303,74.3303,74.4648,69.6348,68.4690,0.0000,0.0000,0.0000,0.0000,0.0000,0.0000,0.0000,0.0000,0.0000,0.0000,0.0000,0.0000
1700000011.550000,-60.9,88.1192,88.4590,88.5664,90.9340,86.7006,85.3756,84.3801,85.0000,84.0952,86.0058,85.2115,84.0952,87.2812,84.3801,88.3629,86.8332,85.9884,85.9884,87.0976,89.6270,85.1587,87.8635,85.3756,89.0225,91.4822,89.5600,91.9239,91.4822,93.0054,90.5207,92.1792,95.5667,91.0055,91.9837,89.6270,89.4427,91.5915,87.2983,84.5931,82.3893,84.2912,84.0536,80.0999,79.0063,78.0064,73.1710,74.5453,74.8131,73.1642,73.0069,69.2604,68.5420,0.0000,0.0000,0.0000,0.0000,0.0000,0.0000,0.0000,0.0000,0.0000,0.0000,0.0000,0.0000
1700000011.600000,-62.9,85.0000,84.4038,85.9826,85.1469,82.3772,83.2166,79.6492,82.4924,83.6481,82.2922,83.6301,83.6720,87.8465,83.2166,81.9329,85.0706,83.5225,83.2406,83.4326,87.0976,84.6463,85.7030,82.4621,87.1321,88.4590,86.3134,90.2552,87.9659,91.2414,88.9550,89.8220,90.6090,90.0278,90.4710,88.5268,88.0568,86.6833,84.7703,81.2711,82.5409,81.9329,78.7718,77.6209,78.7210,76.4853,71.5891,73.5731,75.4718,70.8025,70.4344,68.6222,61.6198,0.0000,0.0000,0.0000,0.0000,0.0000,0.0000,0.0000,0.0000,0.0000,0.0000,0.0000,0.0000
1700000011.650000,-62.0,89.4539,88.4590,85.9884,85.8429,82.8734,85.0000,83.5464,86.1220,81.0247,83.5225,82.5409,85.0941,84.1546,82.8553,85.0882,87.2353,85.0000,81.3941,81.4923,85.4225,86.3539,86.4523,82.3650,86.5332,88.2043,88.7525,90.6973,89.0449,89.3085,91.2688,87.9204,89.3588,91.9239,88.3233,89.0674,85.4751,87.2353,83.7257,83.6481,81.8413,82.8553,81.9390,81.1542,77.2528,77.7946,74.0405,73.7564,74.1485,72.1803,68.4690,69.0652,70.0071,0.0000,0.0000,0.0000,0.0000,0.0000,0.0000,0.0000,0.0000,0.0000,0.0000,0.0000,0.0000
1700000011.700000,-60.6,91.9674,88.4590,89.3756,89.6437,88.8651,87.6185,84.6286,84.6286,85.7030,83.5284,85.5862,84.9706,85.8662,85.9069,87.6641,89.3196,87.9204,88.6002,86.6487,85.0706,88.5438,88.6002,86.1278,90.0278,91.6788,91.4440,92.5743,92.1954,92.1954,94.7259,92.4175,90.2441,92.4175,94.2550,92.7200,88.3233,90.2497,88.8876,87.5957,85.4400,83.2166,82.6378,82.0792,79.7057,78.7210,77.3692,75.2928,74.8866,76.0263,71.2180,72.8629,67.1789,0.0000,0.0000,0.0000,0.0000,0.0000,0.0000,0.0000,0.0000,0.0000,0.0000,0.0000,0.0000
1700000011.750000,-61.1,84.9294,84.5281,88.1192,85.3288,86.5794,82.8734,83.2947,85.2115,81.1542,83.0241,82.0061,84.0952,83.3847,83.3847,83.4865,86.8332,83.0241,85.3288,85.7030,86.6833,86.3134,85.3756,84.1724,88.8876,87.6413,87.6413,90.8020,91.3947,90.1388,92.3472,89.9889,89.8443,91.4822,91.2195,87.5557,90.4710,89.4986,86.4928,87.2983,83.5464,82.7345,79.6304,81.3941,77.1622,78.0577,74.0270,73.0616,75.1665,71.5681,72.8354,69.1231,65.1460,0.0000,0.0000,0.0000,0.0000,0.0000,0.0000,0.0000,0.0000,0.0000,0.0000,0.0000,0.0000
1700000011.800000,-60.2,81.0555,78.0000,82.0000,79.0000,79.0063,77.0260,76.4199,75.5381,75.9539,78.0897,75.9539,76.9025,81.0247,79.5550,76.9220,80.0062,75.7694,80.6536,76.6942,82.4621,79.7057,80.5295,80.6226,82.7647,82.7647,81.8413,85.4225,89.0056,84.1190,85.4225,84.5281,85.8662,88.5664,84.0952,84.5813,83.3847,79.3095,79.7120,78.4347,77.1622,80.0062,74.0405,78.8480,71.8053,69.8570,69.0507,69.5845,68.4690,70.1142,66.1211,67.1193,64.6297,0.0000,0.0000,0.0000,0.0000,0.0000,0.0000,0.0000,0.0000,0.0000,0.0000,0.0000,0.0000
1700000011.850000,-59.8,81.8413,84.5991,84.0595,82.1523,81.3019,79.6116,81.0247,80.4487,81.6088,79.2023,83.2406,83.6301,81.3449,82.7345,81.3449,85.5862,82.1340,81.3449,82.3286,84.0238,86.0523,85.0000,83.8689,88.8144,86.6083,86.6083,87.0919,86.2670,90.4434,88.2327,87.8009,90.6035,92.6175,89.6437,87.4586,90.0278,85.7030,85.5628,82.7587,82.7345,79.9062,79.2465,79.9812,77.3369,77.0065,71.2811,73.4983,71.8679,72.4500,68.8767,68.0074,64.2884,0.0000,0.0000,0.0000,0.0000,0.0000,0.0000,0.0000,0.0000,0.0000,0.0000,0.0000,0.0000
1700000011.900000,-59.3,86.5852,84.4038,84.7703,83.5225,84.4334,80.0062,79.1202,79.1202,82.2800,81.4371,79.6241,83.1865,80.0625,82.8553,83.0060,83.7616,82.0975,82.9277,83.4086,84.8116,82.2010,86.2149,85.8021,86.4523,90.0278,89.2749,89.3756,90.7855,89.3756,91.4385,87.4586,89.1964,90.2718,86.2149,88.2327,86.6083,85.4459,85.4459,84.9058,82.6620,81.4923,78.3901,80.6226,74.6860,76.9220,72.0902,73.9256,71.7844,72.4224,70.8308,67.8970,68.1175,0.0000,0.0000,0.0000,0.0000,0.0000,0.0000,0.0000,0.0000,0.0000,0.0000,0.0000,0.0000
1700000011.950000,-62.9,86.6083,86.2149,85.0000,85.0000,83.2406,81.0555,82.3286,83.7377,82.7345,83.4506,82.7587,84.2912,82.2192,84.5044,82.4621,86.6083,82.0975,85.6037,83.7616,84.5991,83.5284,86.2844,84.7231,87.2353,88.3233,87.2353,87.6584,90.7855,89.4707,92.5905,89.0056,91.0659,91.9239,90.1388,89.5879,88.2043,87.4185,84.2021,84.2021,83.6002,83.2406,79.6492,82.8794,76.4199,77.7946,74.2765,75.4321,73.8783,74.0608,71.8679,70.7107,68.0294,0.0000,0.0000,0.0000,0.0000,0.0000,0.0000,0.0000,0.0000,0.0000,0.0000,0.0000,0.0000
1700000012.000000,-63.5,82.3772,84.5281,82.9759,85.5102,84.1724,81.0432,80.6536,80.6536,80.0062,79.7120,80.2309,80.1124,81.4371,80.9568,80.4984,81.9878,83.5284,80.9938,82.4197,83.2346,83.0060,84.2021,81.4002,85.9128,85.4283,86.6833,87.3212,85.6329,88.6172,87.1149,87.2066,89.4986,87.4586,88.0909,86.4002,86.4002,85.0000,84.0536,82.6620,82.9277,81.1234,78.5493,79.2591,76.5376,74.6860,73.4098,73.0069,71.8679,70.5195,69.3758,68.6586,64.2806,0.0000,0.0000,0.0000,0.0000,0.0000,0.0000,0.0000,0.0000,0.0000,0.0000,0.0000,0.0000
1700000012.050000,-63.0,81.7863,83.0241,82.7345,83.6002,82.4924,79.3095,79.2275,78.0064,76.0592,79.0063,79.0000,80.1561,80.0999,80.1561,80.3990,79.6304,78.9177,80.4114,80.6040,81.0247,81.7863,83.1986,82.0061,86.9770,86.4002,85.7263,87.2812,87.2812,88.2327,87.9318,87.8009,88.3233,90.9560,85.8662,84.1724,84.9294,83.7437,83.1865,83.0241,80.8950,81.2219,79.5110,78.3135,74.1080,74.0270,73.0069,72.0069,73.1710,72.3395,69.0507,67.4463,65.5515,0.0000,0.0000,0.0000,0.0000,0.0000,0.0000,0.0000,0.0000,0.0000,0.0000,0.0000,0.0000
1700000012.100000,-62.3,80.6040,82.9759,80.0500,79.3095,81.7435,79.3788,76.5376,77.4919,79.4796,77.6209,81.3941,79.1581,79.6053,80.1311,78.3901,80.1561,80.7094,78.2304,77.8010,80.8022,82.4197,82.8010,81.4002,82.9759,83.7377,84.2912,87.7838,87.6926,84.2912,87.7269,85.7963,86.6833,86.6833,85.2760,88.0909,85.6037,83.4086,83.0060,81.2711,81.2711,79.6116,77.1038,77.5242,75.1798,75.1332,70.6824,70.9366,71.8679,69.8928,69.9214,67.4685,64.4981,0.0000,0.0000,0.0000,0.0000,0.0000,0.0000,0.0000,0.0000,0.0000,0.0000,0.0000,0.0000
1700000012.150000,-60.8,90.8020,86.4928,85.9884,82.6075,86.7006,84.7172,84.5931,85.2878,87.0919,83.0000,84.0000,86.0233,86.0930,85.7088,81.3019,90.2552,82.5651,87.4757,82.7647,86.3481,84.1724,89.8443,90.4710,90.7579,87.9318,89.8109,92.0272,91.7606,89.1964,96.7988,90.4434,93.9628,92.0489,91.4822,91.4822,91.2140,93.1451,86.8332,86.8850,83.9524,87.4757,80.6040,83.7257,78.5175,78.3135,77.1622,75.0000,78.0000,77.2334,73.4370,70.7107,70.3420,0.0000,0.0000,0.0000,0.0000,0.0000,0.0000,0.0000,0.0000,0.0000,0.0000,0.0000,0.0000
1700000012.200000,-62.0,79.2465,82.1340,77.3369,80.9197,79.2023,77.8010,80.4487,78.5493,76.2758,77.5242,77.1751,76.0263,79.2023,80.5295,81.1542,77.8332,82.5409,78.7464,81.0432,79.4040,82.2800,82.2253,80.5233,83.3607,85.5102,83.5464,88.8144,88.2836,89.9444,87.6926,86.4928,87.1321,87.2983,84.9294,86.4928,82.9759,84.1724,82.7103,82.7103,81.0432,79.1202,79.6994,76.8440,73.7360,71.8679,71.8679,72.4500,70.2353,69.4622,67.4240,66.2193,65.8559,0.0000,0.0000,0.0000,0.0000,0.0000,0.0000,0.0000,0.0000,0.0000,0.0000,0.0000,0.0000
1700000012.250000,-63.0,78.6384,80.8950,77.4145,82.6075,81.3019,77.1622,78.0256,76.0000,79.0000,78.1025,78.0577,79.6304,80.5047,80.8950,79.7621,79.6241,79.6241,77.8781,81.7435,80.0812,82.0061,81.3204,80.9568,81.3449,86.7295,84.3090,84.6936,87.6641,90.2497,86.1626,87.6641,88.0227,87.2812,87.9204,86.6833,84.4808,85.0706,81.7435,82.7103,83.9524,79.4292,79.2465,79.2465,74.6726,72.4431,71.2531,70.0286,75.0000,69.0000,67.1863,66.6108,67.9117,0.0000,0.0000,0.0000,0.0000,0.0000,0.0000,0.0000,0.0000,0.0000,0.0000,0.0000,0.0000
1700000012.300000,-58.5,78.4920,81.3941,80.9197,83.7377,76.8375,78.2432,76.4003,78.4920,76.0263,75.7166,76.3217,77.1751,79.1770,78.7210,77.8203,82.4621,80.6226,77.2528,77.4919,79.3788,81.2711,81.2711,78.1089,79.8123,84.2021,85.4400,88.0568,85.8662,89.7385,86.8332,86.4002,86.8332,88.6002,84.1190,87.3155,83.2166,82.2800,82.8553,80.2309,81.9390,75.5910,76.9415,75.1798,73.9256,74.6257,70.4557,72.4224,71.0634,68.8840,65.7951,68.1175,67.4240,0.0000,0.0000,0.0000,0.0000,0.0000,0.0000,0.0000,0.0000,0.0000,0.0000,0.0000,0.0000
1700000012.350000,-59.6,78.2624,77.6660,75.9276,80.0500,75.9605,75.4321,77.2010,74.6726,75.2728,73.9256,78.0000,77.8203,76.4788,74.7061,77.4145,76.6616,77.1751,77.6981,77.6660,77.6660,78.8162,80.6040,77.0065,82.9759,81.6884,83.7377,85.7030,84.2912,87.2066,85.1469,85.9128,86.6833,85.2760,83.4086,85.8021,83.4865,84.6286,80.1561,79.6116,79.3221,77.5242,78.3901,76.0592,72.4500,72.9178,70.3847,73.1642,69.5701,66.4831,67.1863,68.7314,64.0078,0.0000,0.0000,0.0000,0.0000,0.0000,0.0000,0.0000,0.0000,0.0000,0.0000,0.0000,0.0000
1700000012.400000,-62.6,79.3095,80.2808,76.9415,78.2624,76.6551,77.7817,77.2334,77.2334,77.0260,75.0000,78.0000,78.0000,79.0063,78.1601,78.1601,79.7621,77.7817,78.2624,79.2465,78.3390,80.0500,80.5233,82.2253,82.2192,82.0061,84.4808,84.7703,84.4334,86.3308,86.3308,85.4400,86.9770,85.4400,85.1645,87.5557,82.9759,84.1724,80.2309,80.4114,79.0759,78.7718,77.6466,77.6466,77.2334,72.1110,71.0282,73.0000,70.0000,69.3542,66.6108,68.8840,67.7200,0.0000,0.0000,0.0000,0.0000,0.0000,0.0000,0.0000,0.0000,0.0000,0.0000,0.0000,0.0000
1700000012.450000,-62.1,73.8241,77.0260,73.0616,75.8024,70.8308,74.6257,69.6348,74.0608,73.0069,71.4003,73.1095,75.7430,73.5935,74.2496,77.7946,74.2765,75.8222,71.7008,75.4321,75.0000,76.4003,80.0000,72.4224,77.1038,80.1561,80.9938,83.0060,80.9938,85.1469,79.9250,83.4865,84.0595,82.4197,83.8153,83.6002,78.0064,79.8123,79.5110,77.2334,77.9872,72.1249,77.1038,72.1803,70.7248,69.3542,66.6033,68.4105,69.6348,64.3506,65.8635,65.7647,64.6220,0.0000,0.0000,0.0000,0.0000,0.0000,0.0000,0.0000,0.0000,0.0000,0.0000,0.0000,0.0000
1700000012.500000,-65.5,75.1665,72.2496,73.4370,74.2428,73.4370,71.5681,70.0357,74.5252,72.5672,71.5681,74.7262,74.0000,72.1110,73.1642,72.2357,73.3485,74.7329,72.4500,73.8241,75.8024,74.2428,75.8024,75.8024,78.4920,80.4487,79.3221,79.0569,79.6304,81.8413,82.6620,84.0536,83.7616,82.0975,82.1523,79.7559,80.6226,80.6226,77.8267,76.9415,75.5844,74.2496,75.6439,72.4983,69.2892,68.9493,68.3081,68.6804,66.9403,66.2873,65.7647,63.3877,63.0000,0.0000,0.0000,0.0000,0.0000,0.0000,0.0000,0.0000,0.0000,0.0000,0.0000,0.0000,0.0000
1700000012.550000,-59.3,72.0139,72.4983,72.2357,74.4648,71.1688,71.1688,70.5195,70.6045,69.3758,70.4060,71.5891,72.0069,73.6817,72.4431,73.4370,72.1110,73.1095,71.0282,74.0000,73.0000,74.0068,74.1080,73.0616,75.4255,77.4145,77.5242,79.7621,79.4040,81.6150,77.6466,80.3990,81.3941,81.3941,78.4092,80.0999,77.0584,78.0577,77.0000,75.0000,75.0000,72.0625,72.1734,70.1142,69.2604,66.4831,65.6201,65.9242,65.7343,63.0635,62.9365,61.4654,59.9333,0.0000,0.0000,0.0000,0.0000,0.0000,0.0000,0.0000,0.0000,0.0000,0.0000,0.0000,0.0000
1700000012.600000,-61.1,73.0069,72.4983,73.3485,73.8241,72.4707,71.1196,72.0069,69.1158,71.0211,70.4557,72.4224,71.6101,71.7008,72.3464,72.2496,73.5527,74.2765,72.8354,72.1803,72.9178,74.2765,75.9276,75.7430,77.6209,77.6209,76.2168,80.0000,81.4002,80.2122,81.2158,79.0253,81.8352,82.9759,79.5110,80.6598,79.1960,79.2465,77.7946,74.9667,73.5527,75.0733,73.6614,72.4707,70.6045,69.4046,66.2873,67.7422,67.2309,67.1193,63.0714,62.6259,59.6657,0.0000,0.0000,0.0000,0.0000,0.0000,0.0000,0.0000,0.0000,0.0000,0.0000,0.0000,0.0000
1700000012.650000,-62.3,70.5762,70.0071,68.3081,70.5195,68.6804,69.9214,68.1542,68.8840,69.4262,66.7533,69.8713,70.3491,70.1783,71.0282,71.1126,71.0070,71.0000,70.0071,71.2531,71.1126,71.0634,73.2462,71.3442,72.9931,76.7919,76.9415,78.0897,77.9295,79.0759,77.9295,78.7718,78.9177,77.5242,77.5242,78.2304,77.4145,77.1622,74.1687,73.0274,74.0000,72.0000,72.0069,70.0286,69.1158,67.2681,65.6201,65.7647,64.7611,63.5610,62.6418,61.6847,61.3270,0.0000,0.0000,0.0000,0.0000,0.0000,0.0000,0.0000,0.0000,0.0000,0.0000,0.0000,0.0000
1700000012.700000,-66.8,72.0069,70.6612,72.5603,71.6938,72.5603,66.8880,70.4557,70.2140,72.2011,71.0634,69.4262,71.5052,71.4493,70.7248,71.4213,73.2462,71.0634,70.2922,70.0000,71.6101,73.0069,76.2758,74.8866,75.8024,78.5493,77.5242,79.2591,78.3901,80.5295,81.4923,80.1311,81.9878,80.6226,80.1561,80.1561,81.5414,77.6660,76.6094,76.4003,74.2024,73.4098,71.0634,72.3464,69.3542,67.1789,65.7647,66.6033,66.6033,64.8151,62.4260,63.2851,60.3738,0.0000,0.0000,0.0000,0.0000,0.0000,0.0000,0.0000,0.0000,0.0000,0.0000,0.0000,0.0000
1700000012.750000,-65.6,72.0000,73.0000,68.0661,72.0625,68.1836,70.3491,70.2567,69.5845,68.7314,67.4685,70.6116,69.3758,70.8802,71.1688,72.1249,71.1688,72.8011,67.4166,70.7743,72.0902,73.5391,73.8241,69.7782,74.7930,75.1798,75.6637,79.9250,77.4145,77.8974,77.1751,78.7718,79.1770,80.4984,76.0263,76.0263,74.6860,75.1532,73.5391,73.9256,75.0267,68.9493,69.8928,69.2604,67.3573,66.2193,64.3273,64.1327,63.5059,59.5399,61.2046,61.0000,58.0775,0.0000,0.0000,0.0000,0.0000,0.0000,0.0000,0.0000,0.0000,0.0000,0.0000,0.0000,0.0000
1700000012.800000,-59.5,73.3485,72.8354,72.0069,71.4493,73.5527,71.2531,71.0070,70.0286,71.0634,72.0000,72.0069,71.0634,74.1080,72.3395,71.3442,73.6817,71.0211,72.0069,71.8053,73.2462,73.2462,74.0405,75.1864,75.8947,75.8947,75.8947,78.1089,80.0062,80.0062,80.3243,79.1202,80.9568,80.9568,79.3095,78.5875,79.3095,79.0759,75.9539,75.9539,72.9931,73.3348,71.3442,71.3442,69.1158,65.1230,64.0000,66.0076,64.1249,65.1920,64.7765,64.5368,58.5235,0.0000,0.0000,0.0000,0.0000,0.0000,0.0000,0.0000,0.0000,0.0000,0.0000,0.0000,0.0000
1700000012.850000,-59.4,69.6348,69.2315,68.7314,71.5681,69.2604,65.3758,68.1836,68.0294,66.0303,67.0075,68.0074,69.1809,72.1734,68.3593,70.5762,68.7314,68.7314,67.0820,69.6348,70.4060,70.6116,73.2462,70.3420,73.0821,74.9466,72.7324,78.1089,76.5376,78.1089,76.8440,75.6902,76.9220,78.8480,76.4003,76.4853,75.5050,74.5252,72.3671,70.8590,72.9931,68.4690,69.3542,68.1836,64.1249,64.0000,63.0000,63.0079,63.0714,60.2993,59.5399,58.2495,55.6597,0.0000,0.0000,0.0000,0.0000,0.0000,0.0000,0.0000,0.0000,0.0000,0.0000,0.0000,0.0000
1700000012.900000,-61.6,69.8928,66.8880,66.7308,69.8355,67.5352,67.5352,64.8460,68.4471,68.5420,67.7791,68.7095,68.6222,69.2604,67.4463,69.2604,69.6348,67.0820,67.4685,68.7314,68.3593,68.7314,71.2531,69.3542,71.1758,73.1710,72.1734,74.0270,75.0267,75.0600,75.0600,76.1052,77.1622,76.2365,75.2396,75.3260,74.6726,74.4312,72.0069,69.4262,71.0211,69.4262,68.4471,66.2193,63.7887,63.3246,61.3514,60.7454,62.7694,61.7414,57.2451,57.9828,56.0357,0.0000,0.0000,0.0000,0.0000,0.0000,0.0000,0.0000,0.0000,0.0000,0.0000,0.0000,0.0000
1700000012.950000,-59.6,66.8880,67.1193,66.6108,68.8186,67.8012,65.8027,65.2993,65.2993,67.2681,65.0692,67.8970,66.4680,68.6222,67.3573,67.4759,67.0075,68.6003,66.2873,67.1193,67.9559,68.7968,72.2011,68.6003,69.3542,72.4707,71.5891,73.3485,73.3553,76.4788,75.5844,73.8241,76.9415,75.6637,74.7930,73.5731,73.5731,72.7186,71.6101,69.6348,70.4557,65.8027,66.4003,67.0075,63.8905,61.6198,60.1082,60.1082,60.2080,57.4891,56.6127,56.3028,55.4707,0.0000,0.0000,0.0000,0.0000,0.0000,0.0000,0.0000,0.0000,0.0000,0.0000,0.0000,0.0000
1700000013.000000,-58.8,70.2638,71.3092,68.9493,73.3894,67.3573,68.6222,69.6419,69.3758,69.9214,67.4685,70.2140,68.7314,70.4557,71.3442,72.2496,70.1142,71.1126,70.1783,70.0000,72.0000,71.0000,74.0608,70.0286,74.3303,73.4370,77.2334,77.5242,78.5175,80.6226,78.3135,78.3135,79.2275,81.0987,78.1025,78.0064,74.0068,74.0000,74.0068,74.0068,75.0267,70.1783,72.2496,68.4690,65.4905,65.9242,63.5610,61.8466,63.2456,58.5235,61.3514,58.6941,55.9464,0.0000,0.0000,0.0000,0.0000,0.0000,0.0000,0.0000,0.0000,0.0000,0.0000,0.0000,0.0000
1700000013.050000,-63.4,72.5672,68.8840,70.6045,70.3420,71.8401,67.3573,72.1110,69.2892,69.8570,70.7743,69.4622,71.1126,70.2140,70.2353,71.1196,71.0211,69.6419,72.4017,71.0282,72.8011,71.6101,73.4098,73.4098,75.2861,75.9276,75.2861,77.8974,78.5684,77.9872,79.3095,77.3369,80.9197,81.6884,79.6492,77.8010,79.0569,76.2758,75.1665,73.2462,70.4911,73.0616,67.2309,71.5891,65.3070,64.8845,63.5610,63.3246,64.5136,62.9365,61.8466,59.6825,58.4209,0.0000,0.0000,0.0000,0.0000,0.0000,0.0000,0.0000,0.0000,0.0000,0.0000,0.0000,0.0000
1700000013.100000,-63.3,69.5270,69.4262,70.4344,70.9366,68.4105,69.2026,66.8506,69.3397,66.5733,71.0211,69.6419,70.7107,71.1196,69.3181,68.4251,72.0902,70.3847,68.9420,69.6419,69.6419,68.9493,71.7844,72.4224,73.7631,74.0405,73.4983,77.8845,76.6551,77.2010,76.9220,75.5844,78.1089,78.1089,76.2168,78.4347,75.7694,75.7694,74.7329,71.1126,71.1126,70.7107,69.3542,68.0955,64.6607,63.5138,62.4260,62.2013,60.9590,61.5549,59.4138,57.4891,56.4004,0.0000,0.0000,0.0000,0.0000,0.0000,0.0000,0.0000,0.0000,0.0000,0.0000,0.0000,0.0000
1700000013.150000,-63.0,70.4557,68.0074,68.0074,70.2140,69.0290,67.0075,68.1175,66.5282,67.8970,68.5930,67.8822,68.7677,70.8378,70.2922,68.2495,70.6045,66.6108,69.0652,68.7968,69.3397,71.3442,70.3278,69.4622,72.4707,72.4707,71.1196,74.2496,77.3886,76.5572,77.8203,76.0263,76.0592,76.9415,74.7930,74.4312,74.4312,73.5731,73.7835,71.0282,69.8928,66.6108,67.0075,68.8840,64.8151,62.3699,60.8769,61.5224,60.1415,59.4643,58.4123,56.8595,55.4707,0.0000,0.0000,0.0000,0.0000,0.0000,0.0000,0.0000,0.0000,0.0000,0.0000,0.0000,0.0000
1700000013.200000,-61.8,69.3542,68.6222,70.7248,72.1388,72.1803,67.3573,68.8840,68.4105,70.0000,69.6348,70.0000,70.4557,70.1783,70.4911,70.7107,71.5542,68.4251,70.2140,70.9366,71.3092,71.3092,72.1110,71.7844,71.7844,74.9466,72.1249,76.9220,77.8845,75.9605,80.2808,75.2861,77.8845,78.1601,77.7946,75.5844,78.7718,74.6726,72.6154,72.6154,69.3542,69.7782,67.0820,68.4763,64.8845,62.2656,61.9112,62.9682,61.8547,62.0081,59.5483,59.3970,58.2580,0.0000,0.0000,0.0000,0.0000,0.0000,0.0000,0.0000,0.0000,0.0000,0.0000,0.0000,0.0000
1700000013.250000,-62.6,74.0405,70.0928,73.0069,72.0347,72.5672,71.0211,70.0357,70.7107,70.5762,72.5603,74.3303,74.0608,74.0608,73.0000,71.0000,75.0600,71.1758,74.0608,73.3348,72.4431,73.6817,75.9539,73.6817,75.1332,77.2787,78.4474,77.8781,80.4114,80.4114,82.5651,77.4661,80.4114,80.2309,80.7527,79.5110,80.5047,79.3095,76.1643,75.0600,73.0274,74.0068,70.0000,74.0608,65.0000,68.1175,66.1211,63.6396,63.6396,64.1327,61.8466,61.3514,59.2368,0.0000,0.0000,0.0000,0.0000,0.0000,0.0000,0.0000,0.0000,0.0000,0.0000,0.0000,0.0000
1700000013.300000,-64.9,73.0616,71.3442,72.4224,73.2462,71.8471,70.8025,70.0000,70.6045,69.6563,72.3464,70.8378,72.8354,73.5391,72.8629,70.0357,73.8783,71.8401,74.6525,71.6101,72.2011,72.2011,74.3303,74.0608,74.9466,76.8505,75.8024,77.0260,78.2943,80.2621,78.2943,78.5493,78.3901,81.3019,78.2304,77.6660,81.5414,77.6660,75.6042,73.4098,71.2180,73.1095,70.1783,71.5891,67.2086,65.0538,64.3817,63.7809,61.7171,62.0081,59.6406,61.4003,59.0339,0.0000,0.0000,0.0000,0.0000,0.0000,0.0000,0.0000,0.0000,0.0000,0.0000,0.0000,0.0000
1700000013.350000,-60.7,75.4255,69.2604,74.1080,71.1126,77.0065,71.0634,73.0274,71.1126,72.2496,73.3348,74.2428,75.5381,73.8241,74.1485,71.5891,76.4003,72.5328,75.0000,71.4703,72.7324,75.2728,73.7360,76.2168,77.0779,78.0000,75.7694,78.7147,83.1926,77.8203,83.6301,80.6226,80.9568,80.6226,80.6226,78.5493,82.6378,81.9329,76.2168,75.5844,72.1249,74.0405,70.6045,72.5328,67.2681,66.7083,65.1153,64.4981,63.2851,64.0703,62.0000,60.1332,56.5685,0.0000,0.0000,0.0000,0.0000,0.0000,0.0000,0.0000,0.0000,0.0000,0.0000,0.0000,0.0000
1700000013.400000,-58.9,72.4500,72.4707,73.9256,73.0616,72.4017,71.8679,71.0282,73.2393,72.6223,72.6223,72.4707,74.4110,75.0733,75.6902,74.2496,77.8332,76.4199,75.0067,74.5185,75.4321,74.6525,75.2130,77.0065,76.0263,79.6304,78.8162,81.8352,81.8352,83.2166,82.9277,81.2711,83.2166,81.6088,81.8413,81.4002,81.0555,80.8084,77.8332,77.1557,75.7430,74.2496,72.8354,74.9667,68.6804,70.0928,67.4759,66.6108,66.6108,63.2851,62.6099,61.8466,58.5235,0.0000,0.0000,0.0000,0.0000,0.0000,0.0000,0.0000,0.0000,0.0000,0.0000,0.0000,0.0000
1700000013.450000,-60.3,76.0066,75.4520,76.4003,75.0000,74.0270,73.2462,72.1803,75.0067,75.1665,73.5935,75.0733,75.8222,75.1665,75.6042,76.0592,78.0064,77.2010,74.6324,76.8505,76.3217,76.0066,79.7559,77.0260,80.0562,79.1581,81.4125,84.5281,83.1926,86.7698,83.1926,84.0773,84.1190,84.1190,83.3547,85.5862,82.8553,82.1523,80.1561,81.6088,78.4920,76.8375,74.0270,73.8783,69.5270,69.4262,67.2086,67.1789,66.6033,63.2535,64.0312,63.2851,60.9016,0.0000,0.0000,0.0000,0.0000,0.0000,0.0000,0.0000,0.0000,0.0000,0.0000,0.0000,0.0000
1700000013.500000,-58.6,78.2304,75.2928,74.2428,74.2428,76.9415,74.6860,74.6860,76.9675,73.5391,75.9605,75.5844,78.1601,79.8123,79.0759,76.6551,81.2158,77.9295,78.0897,77.5242,79.7621,79.9062,79.2275,77.5242,81.0062,82.0244,82.0244,84.0060,85.0059,87.0000,88.0057,84.0060,86.0930,87.1436,85.2878,87.3670,86.4697,81.7435,80.6226,80.8950,77.7817,78.0897,77.9295,76.9025,70.8308,71.5681,68.0074,69.8928,68.3520,65.7951,64.8460,64.4981,59.0762,0.0000,0.0000,0.0000,0.0000,0.0000,0.0000,0.0000,0.0000,0.0000,0.0000,0.0000,0.0000
1700000013.550000,-59.2,75.7430,76.5768,78.2432,77.6209,76.8375,74.2024,76.8440,77.1038,77.3886,78.0320,76.5376,79.6492,79.6053,78.2943,81.0247,80.1124,79.3095,77.6209,79.3788,81.5966,81.5966,83.8153,80.0062,81.4923,85.6154,84.8999,85.3756,88.5268,91.2195,86.1220,88.0568,87.0919,91.0934,85.3815,87.9204,87.3155,83.2166,82.8553,82.4621,81.0247,77.3886,75.5844,75.1332,72.0694,70.8308,69.6419,70.2140,69.2026,68.2495,66.5282,67.8822,63.2535,0.0000,0.0000,0.0000,0.0000,0.0000,0.0000,0.0000,0.0000,0.0000,0.0000,0.0000,0.0000
1700000013.600000,-57.7,79.3095,76.3217,82.0366,78.6384,81.7435,77.4661,77.3692,78.1025,81.4923,81.3204,79.6994,82.5651,81.5966,82.6378,78.5493,84.1724,81.3941,82.7647,79.1770,82.8553,83.6481,86.0930,85.9593,85.9826,84.5991,85.9826,87.3670,92.6499,88.4816,90.6973,87.6641,91.2688,91.5860,91.0659,87.8180,92.6607,85.4751,85.0000,81.8596,82.7647,81.9390,78.3901,80.7775,72.8011,74.6726,73.0821,72.2772,69.8570,68.4471,67.3647,67.1193,63.0000,0.0000,0.0000,0.0000,0.0000,0.0000,0.0000,0.0000,0.0000,0.0000,0.0000,0.0000,0.0000
1700000013.650000,-58.3,84.5991,87.7097,86.4523,88.3233,86.2844,86.5332,86.5332,87.6185,88.8144,87.0460,89.1964,89.8053,89.8053,90.5097,91.9348,89.1403,89.9389,89.2749,90.4268,91.0494,92.3147,92.8009,88.6002,94.8736,96.5194,94.0319,100.4042,100.9554,100.1249,99.0202,98.7370,102.2008,100.0000,98.8585,101.4150,95.9010,97.4526,94.3663,93.6056,92.6553,87.6812,87.6926,85.7030,83.5464,82.4621,80.6040,78.2368,80.1561,75.2928,74.7930,73.8241,68.3520,0.0000,0.0000,0.0000,0.0000,0.0000,0.0000,0.0000,0.0000,0.0000,0.0000,0.0000,0.0000
1700000013.700000,-62.5,82.6075,86.1452,81.7863,84.7231,84.9294,84.6463,85.1645,82.2800,84.7585,84.5044,85.0941,87.8465,88.7694,88.2383,89.4427,85.8836,87.2353,85.0882,88.8369,89.0449,88.5099,90.1388,85.4459,90.0000,92.4175,92.2009,95.2680,91.2140,94.0213,96.0469,96.8349,98.4073,98.2293,94.8683,97.0824,91.5860,91.5860,92.6607,89.0674,87.2353,82.7345,85.0000,84.0952,79.7057,78.3901,76.3217,75.2728,74.7262,72.5328,72.3671,68.4690,69.0290,0.0000,0.0000,0.0000,0.0000,0.0000,0.0000,0.0000,0.0000,0.0000,0.0000,0.0000,0.0000
1700000013.750000,-63.1,86.7640,86.7698,88.1930,86.8332,87.9830,80.7775,85.7555,85.7030,87.6584,90.6035,91.4002,88.6172,90.0278,87.7838,88.5268,91.2195,86.2670,87.0000,89.9389,89.2749,91.3510,92.4554,91.3510,95.8019,95.4254,92.4175,96.6075,99.6243,98.6002,100.6032,98.2293,101.4002,99.0202,98.8585,98.4937,97.0824,97.6217,92.6337,91.9239,87.6926,91.9674,86.3713,88.2383,79.6492,79.0253,77.4209,78.2304,76.8505,77.0260,72.0139,70.5762,69.2604,0.0000,0.0000,0.0000,0.0000,0.0000,0.0000,0.0000,0.0000,0.0000,0.0000,0.0000,0.0000
1700000013.800000,-64.9,86.9770,85.6154,89.9611,89.5545,88.1022,86.3308,87.8180,88.1930,86.8332,87.1321,87.9830,89.3085,91.2140,90.0000,90.6035,95.9010,90.6863,87.2066,91.2414,91.2414,91.2195,94.0691,89.1403,96.4261,97.0000,98.4937,99.4887,100.1249,100.0050,102.0686,99.7647,104.1393,101.1781,101.8332,99.0051,99.7246,98.4124,95.6713,94.9210,91.6788,88.2383,91.2140,89.6270,85.7030,84.0536,79.2591,81.8841,79.6053,77.8781,72.8011,72.7324,70.8308,0.0000,0.0000,0.0000,0.0000,0.0000,0.0000,0.0000,0.0000,0.0000,0.0000,0.0000,0.0000
1700000013.850000,-61.9,89.8053,88.4138,90.6863,90.6863,89.3756,88.8651,90.6035,89.6270,88.7525,91.2688,94.6678,92.2822,93.0591,93.0591,93.0215,94.8472,93.1075,93.6216,93.0484,95.8593,93.6376,96.1353,95.1893,98.2344,98.2344,100.4241,101.1385,104.0481,104.0481,105.0190,102.6158,106.0424,104.4031,101.1929,102.4597,102.7862,100.9009,100.0900,97.6934,94.9368,93.9415,91.7061,92.1303,87.7097,86.9540,82.6801,81.5414,80.2122,78.4092,77.3369,75.0067,72.2496,0.0000,0.0000,0.0000,0.0000,0.0000,0.0000,0.0000,0.0000,0.0000,0.0000,0.0000,0.0000
1700000013.900000,-62.3,94.0479,93.0054,93.0215,94.0213,93.0860,93.1933,92.4392,91.5478,92.9139,92.3959,95.7079,95.5667,97.7446,96.8401,95.6033,95.8175,97.0824,96.4624,97.6934,98.4327,98.6154,98.4886,96.6644,99.7647,103.3538,101.5972,104.8093,104.8093,107.5407,105.3091,106.4706,107.4244,108.6738,106.9299,104.6948,102.8834,104.2785,100.8464,99.5389,99.5389,94.8683,94.2444,93.6056,90.8020,89.4986,84.9294,84.1724,83.1865,80.6226,80.3990,78.0577,75.0267,0.0000,0.0000,0.0000,0.0000,0.0000,0.0000,0.0000,0.0000,0.0000,0.0000,0.0000,0.0000
1700000013.950000,-63.7,95.2575,95.2733,95.3415,95.3415,96.3846,94.7048,92.6984,94.2444,95.5092,94.9210,97.5295,97.5141,97.0824,98.8433,96.8814,100.1299,98.6154,95.6347,98.4124,99.3227,99.3227,101.0792,99.0454,100.0050,102.0049,102.0049,105.0762,105.0428,106.1179,106.1179,105.0762,109.0413,109.0046,107.0047,106.0189,105.0762,105.0762,101.3163,100.4042,99.6092,95.6347,96.0260,95.5249,90.4268,90.0278,85.8662,85.7263,84.1190,82.6378,81.1542,80.9568,76.6616,0.0000,0.0000,0.0000,0.0000,0.0000,0.0000,0.0000,0.0000,0.0000,0.0000,0.0000,0.0000
1700000014.000000,-60.8,94.4299,91.7061,95.2575,92.5905,92.5905,91.3017,93.8136,93.8136,93.1933,94.5780,95.6922,96.8349,96.4002,97.4526,94.0213,98.5951,94.8472,97.7446,95.4830,99.0051,96.2081,97.5910,97.5807,99.9050,101.3163,99.2472,102.0686,104.3504,102.9417,106.4049,101.9804,106.2168,107.5174,105.3613,104.6614,104.7378,102.6499,99.2472,98.0816,95.4254,97.0052,92.8009,93.8136,89.5879,86.6083,83.7257,84.5340,82.3468,82.4621,79.1202,77.6209,72.5672,0.0000,0.0000,0.0000,0.0000,0.0000,0.0000,0.0000,0.0000,0.0000,0.0000,0.0000,0.0000
1700000014.050000,-59.2,99.5389,98.0816,98.6712,99.2975,100.2846,97.4166,99.2018,97.9847,99.6895,100.2247,100.8067,101.1187,103.0970,100.7174,100.8415,104.3072,100.1798,102.2399,100.0200,103.0776,102.0784,104.0000,102.0049,103.0776,105.1190,105.1190,107.2287,106.2309,107.2287,109.4578,108.1665,109.1146,111.0721,108.0046,107.0000,108.0000,107.0187,104.0433,103.1746,100.3195,100.4988,96.7471,97.1648,93.2148,91.0055,88.5268,88.6002,87.9318,84.1546,82.8553,81.4371,78.0320,0.0000,0.0000,0.0000,0.0000,0.0000,0.0000,0.0000,0.0000,0.0000,0.0000,0.0000,0.0000
1700000014.100000,-62.9,96.5660,93.4077,97.5756,97.1700,98.0867,93.4719,96.6488,94.8947,98.1122,98.6154,99.9850,100.1699,100.1249,100.6876,99.0454,102.6158,99.0202,101.5332,98.4937,101.3163,101.3163,101.8627,98.3514,101.1187,101.8234,99.7246,104.0625,107.5174,103.3925,106.3015,104.0048,106.2168,106.7942,106.0660,103.2473,106.7942,101.9804,99.6394,99.4887,97.3088,97.6166,94.2019,94.4034,88.2327,87.0919,85.4400,86.4523,83.6481,82.3468,79.8499,75.5844,73.9797,0.0000,0.0000,0.0000,0.0000,0.0000,0.0000,0.0000,0.0000,0.0000,0.0000,0.0000,0.0000
1700000014.150000,-61.6,101.8676,103.1601,99.4636,106.8878,100.4490,104.2353,101.7104,103.3102,103.3925,101.1237,106.3015,107.0420,108.0417,108.0046,110.0000,106.0424,110.0409,106.0189,110.3676,108.3744,106.3814,107.5639,102.3963,110.0273,110.0273,111.1575,111.4630,109.3298,116.5590,107.3546,114.2716,114.2716,113.7453,113.1371,110.5486,106.3814,109.1146,107.0187,105.0048,106.0047,99.0454,103.0776,98.1275,99.3227,93.5361,88.8144,89.2693,88.0738,85.6154,84.7703,82.6378,82.3468,0.0000,0.0000,0.0000,0.0000,0.0000,0.0000,0.0000,0.0000,0.0000,0.0000,0.0000,0.0000
1700000014.200000,-63.1,97.3088,96.0469,98.0051,99.8098,99.6243,96.0208,96.7988,99.3227,100.7025,101.2126,103.4456,103.7690,103.3102,102.4158,103.3151,106.1037,101.7693,103.0776,102.6937,105.4751,102.6937,105.3423,103.1213,106.3203,106.2544,105.9481,106.6068,107.8564,105.3613,109.4806,105.6504,107.5639,107.5174,105.3043,106.0424,105.3423,103.4650,101.7693,99.4032,99.0051,97.9439,93.4719,96.1769,89.0674,89.3588,86.8217,87.0919,85.2115,83.8689,81.5659,79.1960,75.9276,0.0000,0.0000,0.0000,0.0000,0.0000,0.0000,0.0000,0.0000,0.0000,0.0000,0.0000,0.0000
1700000014.250000,-63.5,92.0869,94.5780,99.4786,95.1893,98.0051,94.1541,99.7447,92.1358,97.3088,100.7224,100.3195,101.3903,101.9510,103.4070,104.7521,104.1201,100.4241,100.9604,102.6109,104.3456,103.8460,103.9423,104.9238,103.7545,107.6894,104.7378,104.2353,105.6835,105.8017,110.1681,107.9120,107.3546,107.3546,103.9423,103.4070,106.3015,98.9545,98.2344,97.5295,93.6803,97.4166,92.4446,93.6056,89.8888,88.9550,86.0058,83.2586,82.7647,83.3547,82.6620,77.8010,75.7430,0.0000,0.0000,0.0000,0.0000,0.0000,0.0000,0.0000,0.0000,0.0000,0.0000,0.0000,0.0000
1700000014.300000,-64.3,94.5304,92.6553,96.0260,95.8853,95.5249,98.3107,94.3663,94.5939,96.7729,97.4166,100.9604,100.2447,101.2423,98.6813,101.5135,103.6195,101.0198,97.6934,104.2785,101.6366,102.1567,105.6030,103.3683,105.1190,106.0047,105.5462,108.7060,106.4378,108.3005,108.7060,105.9906,109.5901,103.7882,106.4519,106.6208,102.6937,101.1336,97.6934,102.8834,96.7678,97.4166,97.4166,93.6803,87.9318,87.3212,85.1587,84.8528,84.7172,81.3019,81.0247,79.0063,77.1038,0.0000,0.0000,0.0000,0.0000,0.0000,0.0000,0.0000,0.0000,0.0000,0.0000,0.0000,0.0000
1700000014.350000,-59.0,87.5957,89.4930,91.6788,93.6216,91.4440,91.6788,92.3959,91.4112,92.9139,95.8853,98.5089,98.4124,98.3260,99.3227,100.2447,100.0050,100.0000,101.0198,99.0202,102.0784,100.0050,101.0198,100.0200,101.1781,103.1213,101.1237,104.3072,102.3963,105.3043,106.3814,104.1201,105.2331,105.2331,103.0776,103.0776,101.0050,102.0049,95.0474,92.0489,94.2603,91.0879,92.0489,92.2659,89.4539,87.5728,83.3607,82.7647,82.4621,79.5550,75.3923,76.3217,72.0069,0.0000,0.0000,0.0000,0.0000,0.0000,0.0000,0.0000,0.0000,0.0000,0.0000,0.0000,0.0000
1700000014.400000,-60.7,83.2947,81.4985,84.8528,85.1587,81.2158,84.5281,82.2253,84.6463,87.0919,87.0919,86.9770,87.3155,89.3196,89.8888,90.2497,89.9611,88.5664,88.1419,91.6788,90.7855,89.0000,93.0591,90.9175,92.2822,91.5860,92.4392,97.9081,93.4933,94.0319,92.7847,93.8136,94.1541,91.7878,92.7847,93.6483,89.4707,90.4268,88.1022,86.7640,85.9069,83.0060,81.9390,82.4621,76.5506,74.4648,75.8947,72.8011,71.3092,70.6116,65.1153,68.3593,67.1193,0.0000,0.0000,0.0000,0.0000,0.0000,0.0000,0.0000,0.0000,0.0000,0.0000,0.0000,0.0000
1700000014.450000,-59.2,78.5875,78.4474,81.2711,80.9568,81.3449,79.1202,80.6226,80.1124,81.4371,82.7345,83.6301,84.1190,85.9593,86.4523,85.2350,87.3670,85.7030,86.8389,85.0000,86.4002,85.8021,86.2149,86.2149,86.6833,89.4986,86.6833,87.8635,90.0278,87.9659,89.2749,87.4586,90.1388,88.2383,86.2149,87.0057,87.4185,84.4038,82.9277,81.5414,82.0975,78.2304,76.8505,78.0320,73.4302,72.4707,69.3542,70.2638,68.1542,67.6757,66.4831,64.7611,62.6498,0.0000,0.0000,0.0000,0.0000,0.0000,0.0000,0.0000,0.0000,0.0000,0.0000,0.0000,0.0000
1700000014.500000,-60.7,75.6108,78.4347,75.5844,79.6994,76.6551,77.8845,78.1025,78.6448,80.4114,77.9295,80.8950,81.4985,81.3941,81.3019,82.2192,82.0975,84.0536,81.0247,85.0235,84.0238,83.0241,83.0963,81.0555,84.2912,85.2115,86.3713,86.5794,85.4751,87.4643,85.4751,86.3713,85.2115,86.2090,85.2115,84.0952,82.0549,82.0244,80.0062,79.0000,78.0256,75.1066,76.1643,72.2496,73.2462,69.3542,67.6018,68.0661,67.4685,64.0312,62.9365,63.9062,61.7171,0.0000,0.0000,0.0000,0.0000,0.0000,0.0000,0.0000,0.0000,0.0000,0.0000,0.0000,0.0000
1700000014.550000,-65.4,76.7919,75.5381,74.3303,79.4040,77.2334,73.1095,78.0256,76.0066,78.0256,77.1038,80.0562,80.2247,80.3990,79.7621,79.7621,82.3772,81.3941,83.5464,80.2808,83.4326,82.5651,81.7435,82.0000,82.2800,85.4400,86.6833,87.6641,86.3308,84.1546,86.0349,83.8153,84.7585,85.3815,82.2800,85.1645,79.3095,80.7775,77.6660,78.8543,75.9276,75.1332,75.3127,72.9931,71.5681,70.7107,65.1920,66.0076,67.0298,65.0308,62.0725,62.5140,60.0167,0.0000,0.0000,0.0000,0.0000,0.0000,0.0000,0.0000,0.0000,0.0000,0.0000,0.0000,0.0000
1700000014.600000,-61.4,77.5242,77.5242,75.4520,80.4550,76.0263,78.8162,77.6209,77.8010,77.9872,77.3369,79.3977,82.0366,81.3449,82.0366,80.6102,79.3095,80.6598,78.5684,82.4621,81.8352,82.3286,83.2406,80.4301,82.4197,85.8021,85.7030,84.8764,84.6286,85.7030,82.9277,83.0060,83.6002,82.2010,82.8010,82.8010,80.2808,80.0562,78.6448,77.3369,76.3806,75.6902,75.6637,72.1249,70.8378,68.7677,65.4370,68.2495,66.8506,64.6607,62.2656,61.2699,59.2368,0.0000,0.0000,0.0000,0.0000,0.0000,0.0000,0.0000,0.0000,0.0000,0.0000,0.0000,0.0000
1700000014.650000,-63.3,74.1687,72.0278,75.0000,77.0000,78.0064,74.0068,77.0584,76.1643,76.3217,77.2334,77.5242,77.6466,77.9295,77.1038,78.2624,79.5550,79.8311,78.8543,76.9220,78.8480,79.3095,80.0812,80.0812,81.2711,81.6088,79.6994,81.2711,81.6088,80.9568,82.5409,80.0812,82.0061,80.7775,79.5550,79.3095,78.1025,77.1298,76.1183,74.3303,74.9667,72.5603,70.5762,71.2531,70.1783,67.0000,62.0000,64.0000,65.1230,63.3877,59.6825,59.6657,58.8218,0.0000,0.0000,0.0000,0.0000,0.0000,0.0000,0.0000,0.0000,0.0000,0.0000,0.0000,0.0000
1700000014.700000,-61.2,69.3542,69.3542,71.7008,73.1095,71.8401,71.2180,70.6045,71.0282,71.8471,74.6257,71.5612,72.2011,74.7930,74.7061,74.3034,75.5844,76.0592,73.3485,76.5572,75.6439,77.8781,75.7694,74.4648,77.1622,76.8960,77.2528,77.2528,80.0562,79.7120,76.8960,76.6942,77.4726,77.8781,75.6439,76.0592,75.6439,74.2496,74.2428,72.0069,72.0069,68.7968,67.7422,67.9559,66.8506,63.0079,61.2209,60.9590,60.2080,58.7282,58.7282,59.0339,55.2178,0.0000,0.0000,0.0000,0.0000,0.0000,0.0000,0.0000,0.0000,0.0000,0.0000,0.0000,0.0000
1700000014.750000,-60.0,68.2642,68.7968,70.0000,70.8025,70.0000,68.4105,69.5270,68.7677,70.0928,70.0357,71.5052,72.1249,70.0071,70.8378,72.9178,71.8401,72.8011,71.0634,70.8025,72.4224,73.2393,74.0608,71.6101,73.4983,75.7166,74.3303,75.1665,76.3217,76.5506,73.2462,75.1665,75.7166,76.2758,73.2393,71.6101,72.0069,72.2011,67.6240,68.1175,68.0147,64.4438,64.3817,63.6396,60.1082,61.5549,58.0000,57.4891,56.8507,57.2014,55.2268,53.7122,51.8941,0.0000,0.0000,0.0000,0.0000,0.0000,0.0000,0.0000,0.0000,0.0000,0.0000,0.0000,0.0000
1700000014.800000,-59.2,69.3542,69.3542,70.4344,71.0634,68.4105,69.0290,70.2140,68.8186,69.3397,70.4557,71.0282,70.4911,72.2011,70.3278,70.7107,73.8241,74.7329,71.6938,73.4098,73.5391,74.7329,72.2357,73.0069,74.6726,74.4648,74.0945,75.3923,74.6726,76.5506,77.7946,77.0779,76.8960,76.1577,72.0902,75.1532,72.0069,72.0069,72.0694,69.4622,66.7308,67.7422,66.2873,66.0379,62.8013,59.8164,59.8164,58.8982,58.0000,55.9017,54.6717,53.8238,50.4777,0.0000,0.0000,0.0000,0.0000,0.0000,0.0000,0.0000,0.0000,0.0000,0.0000,0.0000,0.0000
1700000014.850000,-62.8,66.7083,65.7343,69.2315,69.6348,68.0661,68.4471,68.5930,68.4690,68.7314,68.2642,68.0294,70.0000,72.0000,70.0071,69.0290,71.1126,70.2567,71.1758,72.5603,74.3303,73.4370,73.6817,72.6911,75.5050,74.9667,75.3127,75.5050,77.1038,78.4474,76.1183,75.9539,77.6466,75.6637,74.3303,73.1710,72.4431,72.3395,70.1783,69.1809,68.0074,68.0000,67.0075,63.0317,60.0750,60.2080,58.3095,57.7062,56.0892,55.1090,54.1202,51.8652,50.1597,0.0000,0.0000,0.0000,0.0000,0.0000,0.0000,0.0000,0.0000,0.0000,0.0000,0.0000,0.0000
1700000014.900000,-65.8,70.2638,70.6824,68.0000,69.7711,68.0000,69.7711,69.3542,70.7107,71.0211,70.1783,71.8471,71.6101,72.2011,73.2462,74.2024,71.5891,74.0270,72.2496,73.6614,73.0000,74.5185,74.3303,73.5935,78.4920,78.4920,75.6637,79.2465,77.7946,80.6226,77.1038,77.2334,77.4661,77.4661,74.2024,74.2024,73.4098,72.6223,70.4557,70.7248,68.7968,66.3702,65.3682,64.0078,61.7414,60.4152,58.8727,59.1354,56.6127,56.0446,54.8179,51.6236,51.3517,0.0000,0.0000,0.0000,0.0000,0.0000,0.0000,0.0000,0.0000,0.0000,0.0000,0.0000,0.0000
1700000014.950000,-63.0,67.9559,66.5733,67.1193,66.7308,67.2309,65.7647,66.1891,68.4471,68.8767,68.5420,68.7095,70.5762,71.1688,71.1688,70.2140,72.8011,70.3420,70.3420,70.8308,73.7564,69.6348,72.5672,72.5672,74.9667,74.9667,75.1332,76.4853,75.5050,75.5050,76.4853,75.5050,75.9276,75.1864,72.1249,74.0405,71.1688,71.8401,68.9493,67.4166,65.5515,64.6220,63.1585,62.1691,59.0339,58.1808,56.0803,54.9181,55.4707,52.8015,51.2250,50.3289,50.2494,0.0000,0.0000,0.0000,0.0000,0.0000,0.0000,0.0000,0.0000,0.0000,0.0000,0.0000,0.0000
1700000015.000000,-62.1,63.8201,66.4003,66.8431,67.6240,68.7677,66.5282,66.4680,67.1789,67.1789,66.5282,71.4213,69.4262,68.8840,70.0000,70.0000,70.2140,69.0652,69.6348,70.1783,71.3442,71.8679,71.3442,70.1783,73.9256,74.7930,75.6637,75.2928,74.7930,77.8974,75.6637,74.3303,75.4718,74.3303,71.8471,72.4224,71.6101,69.6563,68.8840,66.6033,64.4438,63.7024,63.0317,60.1082,58.0000,58.0517,54.6717,55.3173,52.8015,50.4777,52.8394,50.9902,47.9270,0.0000,0.0000,0.0000,0.0000,0.0000,0.0000,0.0000,0.0000,0.0000,0.0000,0.0000,0.0000
1700000015.050000,-60.0,67.1193,67.4166,66.8880,71.3442,68.6003,70.2353,68.4251,69.7711,70.2140,68.5420,70.2638,71.3092,71.8679,72.1110,73.0548,72.1249,73.0821,71.1688,76.6551,74.2159,74.7262,75.1864,71.0634,76.4853,78.8543,77.4661,78.1025,75.9276,79.3095,76.1577,76.9220,76.9220,76.2430,74.6324,74.6726,72.8011,71.5122,69.4622,68.0294,70.2140,63.9531,66.2420,60.9016,59.3633,57.9828,56.0357,55.6058,53.4135,51.8556,51.6236,50.2494,49.0408,0.0000,0.0000,0.0000,0.0000,0.0000,0.0000,0.0000,0.0000,0.0000,0.0000,0.0000,0.0000
1700000015.100000,-60.0,71.0211,71.8471,71.4493,72.5603,74.2428,71.2531,73.1710,70.0286,72.0278,73.0000,73.0069,73.1095,77.1622,74.2428,74.2428,76.6551,76.4199,75.5381,76.1183,76.4853,77.7817,78.2624,76.9415,81.2527,78.4474,78.8543,80.8084,81.3941,79.6241,81.5843,80.0625,81.3941,79.7621,78.4092,77.3175,76.2365,75.1665,73.0274,70.0071,69.0000,67.0075,68.0000,64.0703,61.2046,60.2080,58.4209,56.8858,57.2713,55.3173,52.8867,50.3289,48.8467,0.0000,0.0000,0.0000,0.0000,0.0000,0.0000,0.0000,0.0000,0.0000,0.0000,0.0000,0.0000
1700000015.150000,-60.3,74.4648,76.1577,75.1532,76.5572,74.2496,76.0263,74.2428,78.0320,76.1577,74.9466,76.8505,78.4920,77.9359,77.2010,78.8162,77.4661,81.0555,77.3369,80.9197,80.8084,80.8084,82.9759,80.6598,82.7587,82.7345,83.4506,86.2670,84.1487,87.7269,83.4386,83.6301,85.0412,85.1469,80.9197,81.2158,79.0253,80.0000,74.3303,74.8866,76.8505,68.4763,71.6938,68.0000,65.2993,64.8845,60.9262,61.8466,60.7454,58.5235,57.7235,55.3173,53.2353,0.0000,0.0000,0.0000,0.0000,0.0000,0.0000,0.0000,0.0000,0.0000,0.0000,0.0000,0.0000
1700000015.200000,-61.8,79.0759,79.8123,79.6994,81.0432,80.0812,80.0812,81.5966,81.7068,82.6378,80.5295,83.7735,82.7647,84.9706,83.6301,85.4751,85.5862,85.5862,83.7257,85.9826,85.1469,85.9826,87.0919,83.7616,86.6083,89.8721,89.6270,90.2109,88.7525,90.8020,91.2634,88.2043,88.7525,88.8369,86.0930,88.1930,85.0000,85.0000,80.9568,78.2624,78.2943,75.3923,73.5391,72.1110,69.5701,67.6757,64.2884,67.9117,65.9697,59.2284,61.6604,59.0762,56.0000,0.0000,0.0000,0.0000,0.0000,0.0000,0.0000,0.0000,0.0000,0.0000,0.0000,0.0000,0.0000
1700000015.250000,-62.9,79.1770,77.0260,81.5414,79.9250,85.1469,82.0975,83.4865,81.8413,83.6002,84.8116,86.2149,84.2912,86.3713,84.1487,85.5862,88.4590,83.4506,86.2670,88.0909,88.7299,86.4523,88.0909,87.4586,92.2009,90.8020,88.6002,88.6002,91.0220,91.0220,90.8020,87.0057,93.0860,90.2718,89.3756,87.2066,88.4590,86.3134,82.1340,79.1960,76.3675,79.2465,74.3303,74.3303,70.0928,70.4344,65.0000,65.8027,62.6817,63.8122,61.4003,59.0931,57.8705,0.0000,0.0000,0.0000,0.0000,0.0000,0.0000,0.0000,0.0000,0.0000,0.0000,0.0000,0.0000
1700000015.300000,-61.7,86.0930,87.2066,87.5728,89.3588,85.8429,87.5728,86.9770,89.2693,89.6270,91.0055,92.6499,92.1792,94.6414,92.1792,95.6033,92.6553,94.9210,92.6553,95.2733,93.6376,95.2733,96.9330,92.1141,97.1700,97.0824,94.8472,98.4124,99.0051,99.8098,94.9368,94.9368,97.6934,93.4077,88.9550,94.5780,89.8109,90.4434,86.9770,86.4002,86.6833,82.4621,84.4038,77.6660,78.6448,73.9797,70.7107,70.5762,71.2531,68.1175,64.0703,66.0303,61.5224,0.0000,0.0000,0.0000,0.0000,0.0000,0.0000,0.0000,0.0000,0.0000,0.0000,0.0000,0.0000
1700000015.350000,-63.9,87.0919,84.4334,87.6413,87.9318,89.8443,87.3212,88.2950,90.9340,88.6454,87.9659,91.0824,92.6553,92.3472,91.3510,96.2549,94.1913,94.0213,92.0054,97.0464,95.0210,96.0833,95.0210,96.1301,98.4124,98.2497,98.3260,101.4938,99.6092,99.5038,100.2447,97.2523,99.3227,98.2497,97.0824,95.0842,94.0213,93.0000,92.0054,89.0056,89.0898,86.2090,86.2844,83.2166,81.7435,77.7817,70.4060,78.4474,74.2159,73.7631,69.5701,69.8570,68.0000,0.0000,0.0000,0.0000,0.0000,0.0000,0.0000,0.0000,0.0000,0.0000,0.0000,0.0000,0.0000
1700000015.400000,-62.7,81.6884,80.9197,80.7217,82.8070,85.5628,80.6226,81.3449,81.3449,86.3134,85.1469,84.3860,85.8021,87.0057,88.0057,84.4038,86.8217,86.0930,84.5991,86.9540,86.4523,87.9830,88.5889,88.3233,90.3383,90.8020,90.8240,95.2575,95.7079,92.5743,92.5743,90.3549,90.4268,91.7878,91.0659,88.6848,89.6939,87.1321,85.4400,84.8764,83.2346,81.0247,80.2122,81.2158,76.6942,73.7564,71.5052,71.4493,72.2496,68.7677,69.8140,69.3397,60.0333,0.0000,0.0000,0.0000,0.0000,0.0000,0.0000,0.0000,0.0000,0.0000,0.0000,0.0000,0.0000
1700000015.450000,-64.1,90.8240,87.7097,86.7698,88.5494,88.1419,85.0882,86.5390,85.7963,89.8109,89.1852,89.1852,90.8020,92.8924,92.8924,93.1719,91.0824,90.2552,90.2552,91.7878,90.7965,91.6624,94.3398,92.2659,93.0860,96.0208,94.0479,94.0213,97.0000,99.0051,95.0053,95.0474,97.0052,98.0816,97.1288,93.0860,93.4345,90.4489,90.6697,89.8053,91.0824,86.1452,87.6641,83.5464,81.4923,78.8480,78.4474,77.1622,75.2728,75.3923,70.6824,72.0694,69.8928,0.0000,0.0000,0.0000,0.0000,0.0000,0.0000,0.0000,0.0000,0.0000,0.0000,0.0000,0.0000
1700000015.500000,-65.6,80.3990,82.4924,81.2158,84.7172,84.5281,79.2465,80.0500,79.5550,80.3617,80.7775,82.2800,82.8734,85.0941,81.1542,83.9345,84.0952,83.6301,80.9568,80.9506,82.2982,83.2406,84.2199,81.4923,84.0595,85.7555,85.9826,84.0536,88.7525,88.4816,86.8389,85.9826,85.7030,86.6083,89.0449,86.9540,87.8180,85.0882,83.6481,80.9568,80.9506,79.2023,80.9568,78.9240,73.7360,73.1642,69.8928,70.8802,70.3420,70.4060,67.6018,68.1175,65.0000,0.0000,0.0000,0.0000,0.0000,0.0000,0.0000,0.0000,0.0000,0.0000,0.0000,0.0000,0.0000
1700000015.550000,-65.7,79.0063,80.0250,77.1038,81.2219,78.3135,78.3135,76.7919,76.7919,80.8950,77.4661,78.8543,81.2527,80.0812,79.1202,80.0812,80.3243,80.0562,76.5506,78.7909,79.7057,76.9675,80.4984,78.7909,81.0062,80.5295,81.0062,81.9878,84.1190,83.8630,84.7231,82.7647,87.3212,83.6301,82.3468,84.0773,83.1926,81.0247,78.0000,79.7057,79.8499,75.6108,77.8332,74.3303,72.8011,70.3420,68.6586,68.0661,66.7533,65.2763,66.1211,63.0000,62.2013,0.0000,0.0000,0.0000,0.0000,0.0000,0.0000,0.0000,0.0000,0.0000,0.0000,0.0000,0.0000
1700000015.600000,-60.1,75.7430,75.9276,76.5768,78.2432,75.9276,74.5185,74.8131,75.4321,75.4520,75.4718,75.8024,76.3217,75.2928,74.3034,76.0592,76.4853,74.7329,74.2496,73.1642,74.3236,74.8465,76.3217,74.6726,76.2430,77.7946,77.2010,79.6994,78.8480,78.8480,81.6088,77.7946,78.4347,80.4114,80.7775,79.4796,78.1857,75.9605,75.2396,75.1532,73.8241,73.8241,71.5542,73.0616,66.8880,69.0652,63.8201,64.6607,66.0681,63.7809,60.8112,59.4643,56.6127,0.0000,0.0000,0.0000,0.0000,0.0000,0.0000,0.0000,0.0000,0.0000,0.0000,0.0000,0.0000
1700000015.650000,-65.8,69.7209,71.1969,73.5459,70.6116,73.7564,72.5672,71.3092,69.6419,70.2140,70.2282,70.9366,72.2357,73.5391,70.7743,72.0902,72.4500,72.9452,71.1969,72.7186,70.4911,73.0616,72.7186,71.5612,73.6003,76.0263,73.8173,77.8010,78.6003,77.0065,77.8010,76.2758,77.4209,76.5506,77.6660,77.3886,76.8505,75.1665,74.7930,73.9256,74.3034,70.2140,71.1126,68.4471,66.7083,66.1287,63.6003,63.2456,64.5368,62.1691,60.8276,60.1332,58.0000,0.0000,0.0000,0.0000,0.0000,0.0000,0.0000,0.0000,0.0000,0.0000,0.0000,0.0000,0.0000
1700000015.700000,-63.6,72.3671,73.9797,73.8241,77.6466,71.4493,73.4370,73.1710,71.1126,71.0000,72.0000,75.0000,71.0282,74.0270,72.2496,73.5527,73.9797,74.3303,72.0069,72.5672,74.4648,73.9797,75.9605,71.5681,77.4919,76.5376,77.1622,77.4919,78.7718,80.4114,77.1622,79.6994,80.3243,81.2711,80.9568,80.3617,78.5875,77.3692,76.2955,76.2955,74.5252,73.1642,72.0069,71.0211,69.4622,66.3702,65.2763,66.0303,64.0078,60.0750,62.2896,59.8415,57.9741,0.0000,0.0000,0.0000,0.0000,0.0000,0.0000,0.0000,0.0000,0.0000,0.0000,0.0000,0.0000
1700000015.750000,-63.2,71.5122,69.4622,72.8972,70.6824,72.0069,68.8767,69.4622,70.4911,68.7968,71.5612,71.8471,71.6101,71.0634,72.2496,70.9366,72.1388,72.1249,71.4213,73.7564,73.8783,73.5935,74.6525,73.1095,75.7166,75.8024,76.8440,77.9359,81.8352,77.3886,81.5414,79.3221,80.4487,81.6088,79.4040,79.6492,79.6492,77.4661,77.3369,77.4661,72.2496,74.2765,71.4213,72.1249,68.6222,68.0147,65.2993,65.4370,63.6003,64.0703,61.9112,61.2699,60.4070,0.0000,0.0000,0.0000,0.0000,0.0000,0.0000,0.0000,0.0000,0.0000,0.0000,0.0000,0.0000
1700000015.800000,-60.0,71.2180,69.4046,66.0303,69.8928,69.3397,69.3397,67.2309,66.7308,68.8840,67.9779,68.4471,70.3847,69.6419,71.1688,69.2892,70.6045,72.5328,70.8802,72.2772,72.7805,72.7805,73.1642,72.1803,74.8131,77.9295,76.7919,79.7621,78.5175,80.7527,79.3095,78.6384,78.9177,80.0625,78.4474,78.8543,77.6660,76.9025,76.4003,74.0405,74.3303,71.7844,71.7844,70.5762,67.2309,64.4748,63.9766,66.2420,64.4981,60.7454,58.6003,58.8982,58.0000,0.0000,0.0000,0.0000,0.0000,0.0000,0.0000,0.0000,0.0000,0.0000,0.0000,0.0000,0.0000
1700000015.850000,-58.7,69.6348,71.0634,72.4707,66.8431,70.0928,67.8970,69.2965,70.7248,67.2681,70.1783,71.0634,68.8186,69.6348,71.2811,72.9452,73.5731,68.9638,72.4707,69.7711,72.0694,72.8972,72.4500,73.8241,72.4500,77.2528,76.3217,78.7718,81.9329,80.4114,81.9329,77.6209,80.6226,79.2023,79.7057,79.7057,81.3941,78.7909,75.5844,77.3692,72.9452,72.7186,71.3442,69.0652,65.7343,63.6003,63.2535,63.8905,63.7024,62.2415,59.3970,56.5862,57.1402,0.0000,0.0000,0.0000,0.0000,0.0000,0.0000,0.0000,0.0000,0.0000,0.0000,0.0000,0.0000
1700000015.900000,-61.7,72.2496,68.2642,73.8241,72.6911,72.9931,68.2495,68.6586,71.5681,69.3758,72.1249,71.4703,74.3303,72.0902,72.4983,73.0069,73.7902,73.8241,73.7902,72.2011,74.0945,75.8024,77.9359,76.8505,79.8812,80.1561,76.6094,81.2711,82.6620,81.0247,84.6286,82.3772,81.8352,82.6801,82.8553,83.3547,81.4923,77.0260,78.2624,77.3886,75.6439,76.1577,72.8011,72.4500,68.6222,66.7608,66.9403,65.5134,65.1153,66.7533,63.1269,63.0000,60.0750,0.0000,0.0000,0.0000,0.0000,0.0000,0.0000,0.0000,0.0000,0.0000,0.0000,0.0000,0.0000
1700000015.950000,-64.4,78.4920,75.2928,76.8505,77.5242,75.1332,75.5910,76.0592,74.7329,74.0945,77.0779,78.7718,75.8947,79.4040,80.0812,76.9025,78.8543,79.4292,78.0897,80.8950,83.3847,79.5110,82.2982,79.5110,84.2140,85.3756,85.0941,86.0930,89.0505,88.0909,87.0517,86.1452,89.3588,88.2780,84.3801,85.7088,84.7172,85.5102,85.1587,82.0000,81.7863,78.5875,78.3390,78.4474,75.5844,73.3757,71.5122,73.0069,70.6824,68.0000,66.0379,66.8506,63.8905,0.0000,0.0000,0.0000,0.0000,0.0000,0.0000,0.0000,0.0000,0.0000,0.0000,0.0000,0.0000
1700000016.000000,-62.8,71.0282,71.0634,69.6563,71.7008,71.0634,70.2922,70.0071,68.5930,70.0928,68.8840,70.1783,72.4707,72.8011,74.4043,73.8173,73.4983,74.8866,73.4983,73.0616,74.9466,73.4302,73.4302,74.3034,75.5844,77.3692,77.8267,80.4984,78.2624,79.6053,78.7147,78.3901,81.4125,79.6492,80.2621,78.5493,77.6981,78.2304,74.8866,76.0263,74.4043,71.8401,70.4344,69.6563,67.3573,67.1789,62.2254,65.1920,64.5368,61.4003,59.0762,61.7738,59.0931,0.0000,0.0000,0.0000,0.0000,0.0000,0.0000,0.0000,0.0000,0.0000,0.0000,0.0000,0.0000
1700000016.050000,-64.4,75.1665,77.0584,79.0063,77.0000,77.0000,75.0000,78.1601,75.1665,75.3260,75.6637,78.9177,79.0759,80.4114,78.6448,76.9025,80.7775,81.0432,79.1202,78.1089,84.1546,81.9329,82.6378,79.3788,84.6936,82.6378,83.9345,85.4927,84.1724,86.5390,85.9069,83.9345,87.8465,87.0919,86.1626,85.4400,85.0706,83.8153,81.0432,80.0812,78.8480,78.4474,78.2624,76.6877,72.3671,74.8131,69.3542,70.1142,69.1158,67.0000,66.1211,65.6201,61.9839,0.0000,0.0000,0.0000,0.0000,0.0000,0.0000,0.0000,0.0000,0.0000,0.0000,0.0000,0.0000
1700000016.100000,-62.4,81.4678,80.2808,80.0000,78.4092,80.2122,78.0064,81.8352,79.0759,81.8352,81.0062,81.4125,84.0952,84.0952,82.3468,84.6936,85.7963,84.1546,87.3155,85.7263,87.2812,84.1190,87.9318,86.4002,87.8009,90.2497,89.4986,91.5915,93.9415,91.9837,91.9837,92.8924,93.6216,91.6788,88.7694,88.6002,88.3233,87.3613,86.0233,85.7030,83.5703,86.3771,81.1542,83.2586,77.3886,76.9220,74.2428,77.6981,75.7166,74.6324,72.0069,70.8378,68.6222,0.0000,0.0000,0.0000,0.0000,0.0000,0.0000,0.0000,0.0000,0.0000,0.0000,0.0000,0.0000
1700000016.150000,-60.7,73.4098,71.5891,73.8241,74.6860,73.8241,71.1969,74.0945,73.2393,76.2758,73.2393,76.2168,76.0592,77.3369,76.5768,76.5768,78.5175,76.3806,77.0779,77.1038,79.2086,79.2465,80.8084,78.6448,81.5659,82.4621,82.4621,82.0061,84.8116,83.4086,84.8116,86.4523,86.5563,86.3713,82.8794,84.2912,84.8999,79.9062,81.3449,80.0562,77.8974,77.9872,80.1561,77.3369,72.0069,71.6101,69.1158,69.8355,69.7711,68.8767,68.0074,65.5210,65.9697,0.0000,0.0000,0.0000,0.0000,0.0000,0.0000,0.0000,0.0000,0.0000,0.0000,0.0000,0.0000
1700000016.200000,-61.5,83.0060,85.0059,83.0241,84.0000,85.2115,82.2982,84.5931,84.5931,84.1724,85.7030,84.9294,86.4002,89.0225,85.4400,89.4930,88.5438,87.3155,89.5377,87.3212,91.7878,89.9611,91.7061,89.4427,93.0591,97.5295,93.5361,94.6678,98.6154,96.3846,95.1893,94.8947,97.2471,94.0213,97.5295,98.0051,93.9149,95.2943,95.2733,91.2853,90.3770,90.6201,88.2553,86.0349,81.9329,82.8734,79.8123,82.0061,81.7863,79.4292,76.7919,75.0600,71.1126,0.0000,0.0000,0.0000,0.0000,0.0000,0.0000,0.0000,0.0000,0.0000,0.0000,0.0000,0.0000
1700000016.250000,-60.5,83.3607,84.5281,82.4924,87.5728,85.3756,83.2166,84.0952,82.0000,83.0241,85.0529,85.0941,86.3713,88.6848,90.0944,90.0944,86.6833,88.5268,88.2950,90.2497,88.6002,89.8443,90.1388,86.6833,92.6984,94.3398,93.4077,93.1075,94.1541,99.0051,95.3415,97.1700,99.8098,98.2344,94.1541,95.2733,94.7048,93.4077,93.3006,90.4434,92.0272,89.5600,90.8020,87.3613,82.9759,83.7437,83.0241,80.7527,78.4092,77.2334,79.0063,77.1038,71.8471,0.0000,0.0000,0.0000,0.0000,0.0000,0.0000,0.0000,0.0000,0.0000,0.0000,0.0000,0.0000
1700000016.300000,-61.1,80.6040,79.3095,83.2406,82.9699,80.9568,77.7946,79.7120,80.7775,81.7068,82.8553,82.7647,84.5340,85.0000,84.2199,84.2199,85.4400,86.2670,83.7616,85.0000,85.6037,85.8021,87.6185,86.2149,87.7838,89.8721,91.3510,93.3809,92.6553,92.6337,91.2414,88.4590,92.0217,92.7631,90.6863,91.5478,92.4554,89.6437,88.4081,90.0000,86.4002,82.6620,83.7616,84.9058,79.4040,78.7718,76.0263,79.6241,77.0779,76.5506,74.0000,71.0634,68.3593,0.0000,0.0000,0.0000,0.0000,0.0000,0.0000,0.0000,0.0000,0.0000,0.0000,0.0000,0.0000
1700000016.350000,-62.3,80.6536,82.5651,82.4621,83.9345,81.4923,81.0247,81.5843,80.4114,81.2158,80.6226,83.4865,82.2192,84.1487,85.0235,84.0060,84.0000,84.0000,83.0000,84.0536,83.0963,84.0536,84.2912,84.2140,86.8332,87.9659,86.9770,90.0944,88.9550,90.0944,89.1067,90.0944,91.0824,92.4392,88.5664,91.1976,90.1388,89.2749,88.0511,86.0233,85.0000,83.0241,84.0536,82.0244,75.1665,77.7817,74.7329,76.4853,72.7805,72.1249,69.9214,71.5122,68.8840,0.0000,0.0000,0.0000,0.0000,0.0000,0.0000,0.0000,0.0000,0.0000,0.0000,0.0000,0.0000
1700000016.400000,-63.8,71.4003,74.2024,73.6614,74.4110,73.6614,74.3303,74.2496,72.8354,72.1388,71.7008,74.5185,74.0270,75.4321,75.8024,75.2130,75.1665,76.8505,73.7835,76.0592,75.2928,76.6616,78.3901,76.9415,76.0592,78.7909,79.7057,82.3468,79.7057,83.2586,81.1542,81.5414,81.4371,82.7647,82.7647,83.2406,81.0062,78.7147,78.8923,75.8024,78.5493,75.1665,76.0263,70.2140,69.2026,68.8840,65.1153,67.2086,66.5282,62.2896,63.2535,63.0079,59.5399,0.0000,0.0000,0.0000,0.0000,0.0000,0.0000,0.0000,0.0000,0.0000,0.0000,0.0000,0.0000
1700000016.450000,-59.9,74.3303,72.4431,73.6817,74.8131,75.3127,73.3485,75.1864,73.4983,74.0405,74.9466,77.2010,77.1622,79.3788,76.8960,74.3236,76.0592,78.7147,74.2496,77.4145,78.3901,77.5242,78.7718,75.8024,79.3221,78.7718,80.4487,81.4002,82.2010,85.2115,83.0060,83.8153,83.0060,85.7030,80.9938,82.0975,80.7775,80.2621,79.1770,79.1770,77.4145,74.2496,72.8972,74.2496,71.5122,69.0797,67.6757,66.4078,66.4831,63.0635,63.7887,60.4070,58.0345,0.0000,0.0000,0.0000,0.0000,0.0000,0.0000,0.0000,0.0000,0.0000,0.0000,0.0000,0.0000
1700000016.500000,-62.7,76.0263,77.1622,71.3442,78.3135,74.5453,77.5242,74.6726,77.1038,77.1038,73.0069,80.7775,76.6551,78.4474,80.3617,79.4040,77.4919,81.5966,75.2728,79.4796,78.9240,79.3095,80.6226,74.6860,80.5295,82.2982,83.2406,87.2353,81.8841,87.7097,81.4125,85.4283,83.6720,85.0000,81.9390,83.0060,81.0247,80.7775,80.0562,78.4347,81.2711,72.5328,76.6551,72.2772,72.0347,71.0211,66.7533,66.6108,66.1211,65.0692,62.0081,64.2806,61.6604,0.0000,0.0000,0.0000,0.0000,0.0000,0.0000,0.0000,0.0000,0.0000,0.0000,0.0000,0.0000
1700000016.550000,-62.0,75.0067,76.0263,72.1734,76.0592,73.3348,76.4199,76.6551,77.1038,78.0897,75.7100,78.1025,78.1025,75.6902,77.2010,79.4040,77.4919,79.3788,76.5506,78.2943,77.3886,76.5572,77.8203,77.3886,80.0625,79.6053,81.0062,83.3547,79.6492,86.0930,79.7559,84.1190,84.2199,81.0062,80.9506,82.2922,76.9220,79.2023,76.1577,75.3923,73.1642,75.2728,72.4500,69.8928,70.2140,69.6419,65.5134,64.7611,64.7765,61.4003,64.1950,60.0083,57.0789,0.0000,0.0000,0.0000,0.0000,0.0000,0.0000,0.0000,0.0000,0.0000,0.0000,0.0000,0.0000
1700000016.600000,-62.0,78.7718,77.8332,79.1202,79.3788,80.3617,76.2430,78.8480,79.1202,79.8123,80.0500,79.6241,79.7621,81.7435,80.6226,80.6226,83.2947,79.0569,79.1581,79.0253,79.0253,78.2304,81.0000,78.0000,83.1505,80.0250,82.0549,83.0963,86.2090,83.1505,87.0517,83.0542,84.0952,85.0000,84.0536,85.0235,83.0000,81.0247,80.0562,78.1601,76.4199,77.6466,73.4370,75.8024,70.8590,69.4262,68.1542,69.5701,66.7608,67.0671,62.0322,63.0714,62.7694,0.0000,0.0000,0.0000,0.0000,0.0000,0.0000,0.0000,0.0000,0.0000,0.0000,0.0000,0.0000
1700000016.650000,-58.1,81.0062,79.6492,81.3941,80.5295,80.0562,79.6241,81.0247,80.7775,80.2309,78.7718,80.9938,81.9085,81.3204,80.6536,80.3617,81.4923,81.4923,81.2527,80.8084,80.4114,77.2787,80.6040,81.3941,84.5931,81.4985,81.3941,84.4808,83.4865,85.5862,85.4751,84.8528,86.1452,85.1587,83.0241,84.5281,80.6040,80.5233,79.0759,78.8480,77.8845,75.2861,76.2168,70.8378,71.8679,71.3092,65.3911,68.0000,65.3682,64.6607,62.2013,61.0737,59.3970,0.0000,0.0000,0.0000,0.0000,0.0000,0.0000,0.0000,0.0000,0.0000,0.0000,0.0000,0.0000
1700000016.700000,-62.4,80.3057,79.4040,83.3847,79.6304,80.7527,80.3990,80.7527,78.0897,80.0625,79.6241,80.8084,81.4923,82.7103,80.0812,81.7435,80.6536,79.0569,79.0569,81.7068,81.7068,80.7775,82.0792,79.7057,80.0562,82.2922,80.9506,84.9706,84.9706,85.0000,83.1865,83.2586,85.9069,83.7735,81.9390,84.1724,79.7057,79.8499,78.4347,80.9568,80.0062,75.4321,75.6902,74.2159,68.8840,71.0211,67.8970,68.5930,69.2604,64.0703,63.0000,62.1289,57.8705,0.0000,0.0000,0.0000,0.0000,0.0000,0.0000,0.0000,0.0000,0.0000,0.0000,0.0000,0.0000
1700000016.750000,-62.3,80.9506,80.4984,83.3847,80.5295,81.4371,78.7909,77.0779,80.7775,79.8499,81.5966,80.3617,80.0812,80.7775,81.0247,81.7435,79.6241,80.0625,79.6241,79.7621,78.2624,78.9177,78.7718,79.5110,81.1542,82.0975,78.1601,83.1505,86.0523,81.0247,84.0238,84.0238,84.1487,84.2140,81.3941,81.6150,82.6075,77.5242,79.7621,78.9177,77.4661,75.3127,74.9533,74.7329,68.6804,69.9214,69.2892,67.4166,67.6240,64.8460,63.0635,60.7454,59.8164,0.0000,0.0000,0.0000,0.0000,0.0000,0.0000,0.0000,0.0000,0.0000,0.0000,0.0000,0.0000
1700000016.800000,-62.6,77.7946,80.0562,79.3095,83.0060,77.8203,80.1124,78.7210,81.0062,80.0625,78.0320,80.7775,80.2621,80.7094,79.3221,81.0247,77.4209,79.8123,77.0065,80.7217,79.3095,80.8084,79.2465,75.6902,80.6226,80.6598,82.0366,82.8794,80.7217,85.0412,81.4678,82.7587,84.2912,83.4865,82.7345,81.3941,79.9312,79.9062,78.7464,79.3095,78.7464,73.2462,74.8131,71.0634,71.6101,69.8928,68.6003,69.9714,65.8635,63.0635,64.0781,61.6847,61.1310,0.0000,0.0000,0.0000,0.0000,0.0000,0.0000,0.0000,0.0000,0.0000,0.0000,0.0000,0.0000
1700000016.850000,-57.9,83.5464,86.6833,82.7103,86.1220,85.3756,82.4621,80.3617,83.2406,83.2406,81.9085,82.5409,84.5044,84.6936,83.0060,83.7735,83.6301,80.4984,79.6053,79.2591,79.7559,81.4125,81.3019,81.9878,82.6620,85.1469,83.2346,86.0233,86.2670,87.4185,85.0000,84.5991,85.4400,86.0930,84.9058,86.4523,84.3801,87.8180,80.5295,81.4125,83.1865,78.3901,79.2023,77.4726,74.0945,71.7844,72.5328,70.3420,68.4471,68.0661,67.4759,67.1193,65.0000,0.0000,0.0000,0.0000,0.0000,0.0000,0.0000,0.0000,0.0000,0.0000,0.0000,0.0000,0.0000
1700000016.900000,-62.9,87.3670,77.6660,88.6002,81.2158,85.6037,78.8162,83.2406,82.3286,84.2912,85.5862,84.8999,84.1487,83.4506,82.7587,81.3449,86.4523,79.5110,83.2406,78.6003,81.0247,81.4002,83.8153,83.2346,81.3019,84.5991,81.3019,86.7698,90.5538,82.3650,89.9444,83.2166,86.6083,87.1321,83.8630,87.3670,88.2043,84.0536,85.0000,84.2021,80.2122,80.4301,75.1665,81.4678,71.5052,75.7430,69.3109,70.0928,71.7008,71.8471,67.6757,65.0000,63.0714,0.0000,0.0000,0.0000,0.0000,0.0000,0.0000,0.0000,0.0000,0.0000,0.0000,0.0000,0.0000
1700000016.950000,-63.7,88.5664,85.4751,88.3629,87.5728,88.2780,84.2912,85.0059,87.0000,87.0230,85.0000,88.0227,87.0230,86.1452,86.1452,84.2140,86.7006,85.0000,84.7172,84.0119,87.2983,84.8528,87.4757,84.4038,87.3613,88.7694,88.6002,87.3613,91.4822,90.8020,87.9318,89.7385,90.7083,90.4710,90.4710,91.0055,86.8850,88.4590,87.1321,85.8429,84.5931,81.2219,81.0987,82.0244,77.0584,78.0000,76.0592,76.1643,73.4370,71.0211,70.7107,68.9638,67.0671,0.0000,0.0000,0.0000,0.0000,0.0000,0.0000,0.0000,0.0000,0.0000,0.0000,0.0000,0.0000
1700000017.000000,-59.0,81.5843,79.4292,84.8528,83.1865,80.7527,80.5047,81.2219,82.0975,81.0555,82.1523,84.0060,83.0060,81.0000,81.0555,81.0555,83.3847,79.9062,79.7621,80.0625,79.6241,81.5843,82.0000,79.8311,80.5233,81.4923,83.2406,83.1685,86.6487,86.9770,85.3815,83.1685,84.4334,85.3815,85.7030,83.1685,83.2406,83.1986,79.6241,78.8543,81.0247,76.6877,75.7100,78.0897,71.7008,72.6911,67.3647,68.1175,69.0072,68.0000,66.2722,64.9384,64.0312,0.0000,0.0000,0.0000,0.0000,0.0000,0.0000,0.0000,0.0000,0.0000,0.0000,0.0000,0.0000
1700000017.050000,-63.4,82.5651,84.0119,84.7172,84.7172,82.6075,80.3990,83.2166,82.2192,83.1505,80.0250,83.0060,84.0000,83.0542,84.0952,81.0555,83.2947,83.4865,80.5047,82.0366,83.0241,79.7621,83.5464,82.3772,83.1986,84.1724,85.6154,86.6833,84.4808,86.4002,86.3308,85.3756,85.1645,86.5852,86.3481,86.3481,84.7231,83.5464,81.2158,81.0494,80.8950,77.9295,77.7817,77.6466,73.1095,70.2567,68.0074,70.0071,69.1158,67.4759,66.7533,66.9403,62.9365,0.0000,0.0000,0.0000,0.0000,0.0000,0.0000,0.0000,0.0000,0.0000,0.0000,0.0000,0.0000
1700000017.100000,-61.6,80.0625,82.5651,80.5233,81.7435,79.5550,78.5875,79.6994,80.0062,77.7946,80.6536,80.3243,82.4621,81.9390,81.0247,81.9390,80.0562,79.7559,78.7147,78.5493,78.7718,81.8352,80.7094,77.3886,79.4040,81.6088,81.4002,84.8116,83.7377,83.8689,84.6463,83.8689,84.6463,82.2010,82.2010,81.6088,81.8413,79.8812,78.7718,77.6981,79.9250,76.6616,76.1577,73.3553,72.8972,69.7782,68.5420,68.1542,66.7308,65.8027,64.7611,63.7887,61.1310,0.0000,0.0000,0.0000,0.0000,0.0000,0.0000,0.0000,0.0000,0.0000,0.0000,0.0000,0.0000
1700000017.150000,-64.3,76.6616,75.8024,76.5506,76.3217,77.3886,76.3217,74.4043,76.6094,76.2168,73.4098,76.2168,76.5768,76.4853,77.1557,75.6902,78.4920,75.7430,76.4199,72.9178,75.1665,73.8783,77.0065,74.0270,76.0263,78.2432,76.4003,76.8440,80.7094,77.6660,79.6304,75.2130,78.8162,80.8022,77.4209,78.2432,77.4661,75.2861,75.1665,74.4110,71.5052,70.0071,69.2965,72.1803,66.6033,64.5368,63.2535,61.4003,62.4260,61.2944,62.6099,60.4152,56.3028,0.0000,0.0000,0.0000,0.0000,0.0000,0.0000,0.0000,0.0000,0.0000,0.0000,0.0000,0.0000
1700000017.200000,-60.7,77.4919,81.6088,79.0759,82.7103,79.0759,80.2808,79.6241,80.2309,79.4292,79.5110,81.7435,81.4985,83.2947,81.2219,82.2192,81.0062,81.0000,80.0000,82.0549,81.0062,81.0062,82.2982,79.2275,80.3990,82.3893,81.3941,82.7345,83.7257,85.8429,82.7345,82.7345,82.7345,85.4751,81.3941,81.3941,79.1581,80.2247,77.0260,77.0065,79.0000,75.0067,75.0000,73.0274,71.1758,71.2531,67.4759,66.7533,67.4685,64.2884,63.6003,62.6259,62.6498,0.0000,0.0000,0.0000,0.0000,0.0000,0.0000,0.0000,0.0000,0.0000,0.0000,0.0000,0.0000
1700000017.250000,-62.3,82.5409,80.6536,84.1724,81.4923,81.4923,79.5550,80.8084,80.2309,83.5464,83.0241,81.7435,81.7435,86.2844,83.0963,82.1523,85.0529,81.0000,82.0061,83.0241,82.0000,83.0000,84.0952,84.1487,85.4751,86.3713,84.3801,85.5862,87.6926,85.7088,87.6926,85.2878,86.2844,85.1469,84.2140,83.2166,84.0952,84.1487,81.0000,81.0000,77.0000,80.0062,77.0584,77.2334,73.3348,71.4493,71.8471,70.2140,68.8840,68.6804,66.0984,66.4831,61.2699,0.0000,0.0000,0.0000,0.0000,0.0000,0.0000,0.0000,0.0000,0.0000,0.0000,0.0000,0.0000
1700000017.300000,-62.5,79.3095,75.7100,81.0494,78.2624,79.2465,76.4853,80.7527,76.6551,79.6304,80.2247,82.2982,81.0062,82.0061,79.0000,78.0064,80.0000,80.0999,81.0987,78.3135,81.4985,80.3057,79.5110,83.6002,81.8841,82.3772,83.3607,84.7231,84.5281,82.7647,88.0738,81.2158,84.3445,84.7172,82.7345,83.6002,83.7257,81.4985,78.3135,77.0584,76.1643,78.0064,74.0270,76.0263,70.0286,69.1158,67.1863,68.4690,66.7533,65.7343,65.2533,64.5136,60.4152,0.0000,0.0000,0.0000,0.0000,0.0000,0.0000,0.0000,0.0000,0.0000,0.0000,0.0000,0.0000
1700000017.350000,-58.4,77.8974,80.1561,81.4002,82.6196,81.4002,82.4197,80.1561,82.1523,80.9938,79.4040,84.5991,83.2406,83.6301,83.6301,82.7647,82.0792,82.6378,80.7775,82.2192,85.7030,84.4334,85.7263,82.8613,86.1278,86.1278,86.3481,89.0505,86.3481,89.2693,86.6833,86.1220,89.9889,89.7385,87.0919,86.6833,85.1645,86.3308,84.1190,81.5966,82.2800,79.3095,78.0000,76.1577,75.6439,73.3485,72.0069,71.6938,69.8928,69.0652,67.0075,68.0147,65.7647,0.0000,0.0000,0.0000,0.0000,0.0000,0.0000,0.0000,0.0000,0.0000,0.0000,0.0000,0.0000
1700000017.400000,-62.4,79.4292,77.8781,80.7775,82.7103,78.7464,77.7946,80.0562,80.7775,82.0792,80.1124,80.6226,82.7345,80.4984,84.5340,82.2982,83.2406,82.8553,82.6801,81.5414,82.6620,82.0975,87.2009,84.4038,86.6833,86.2149,88.7299,91.3510,90.9065,89.3756,88.7299,89.6437,92.0978,90.1388,92.6175,89.0505,89.0505,85.7030,84.3149,86.8217,85.7555,82.3650,80.2621,79.7559,76.0263,76.0263,73.8241,73.5391,71.1688,71.4703,68.6586,68.8840,66.1891,0.0000,0.0000,0.0000,0.0000,0.0000,0.0000,0.0000,0.0000,0.0000,0.0000,0.0000,0.0000
1700000017.450000,-59.2,81.2711,80.0062,85.1645,85.1645,84.8999,80.0500,82.3772,81.3941,83.1865,83.8630,84.5931,85.4751,87.4643,87.2812,86.1452,88.0057,86.0058,87.0057,86.1452,89.2749,87.2066,90.5538,89.4539,90.9340,92.4392,88.6848,92.0706,94.2019,94.5410,95.3520,93.7710,99.1413,94.8947,94.5304,92.5419,95.3363,90.1388,90.0500,88.0227,87.0057,88.0227,82.0061,83.0963,81.1542,78.4092,77.9295,77.2787,74.1485,77.6209,76.5376,70.2282,67.5426,0.0000,0.0000,0.0000,0.0000,0.0000,0.0000,0.0000,0.0000,0.0000,0.0000,0.0000,0.0000
1700000017.500000,-60.5,80.6536,80.4114,81.9390,82.4621,83.7735,83.6301,82.3650,80.0625,82.3650,84.0595,84.3801,85.1469,86.2670,85.8021,84.0238,86.4523,83.7377,85.7030,88.4138,87.6926,87.6926,88.5268,89.1067,89.2749,96.3328,94.2603,94.6414,96.8298,95.4254,99.0202,94.6414,98.8585,94.3663,94.2603,94.9210,97.0000,94.0479,91.9239,91.2414,87.7838,87.7838,87.8635,89.4986,83.4086,82.8010,77.9359,78.2304,76.0066,75.1798,75.5844,72.8011,70.8802,0.0000,0.0000,0.0000,0.0000,0.0000,0.0000,0.0000,0.0000,0.0000,0.0000,0.0000,0.0000
1700000017.550000,-62.1,81.3941,81.0247,79.3095,83.9524,84.6463,83.8153,82.5651,78.7718,82.5409,82.0792,84.5281,84.9706,83.6301,86.7698,84.5340,84.7231,86.6083,87.9830,86.5332,87.9204,85.7030,89.0505,87.4185,91.6788,90.6090,87.2066,92.0978,94.3663,93.4345,95.5877,92.0978,96.5401,95.2680,95.4254,94.0213,95.0000,93.8616,91.8368,89.3085,88.7525,88.2043,87.9830,88.3233,81.8841,82.7345,82.2922,79.4796,80.9938,80.0062,73.4983,74.3303,68.4690,0.0000,0.0000,0.0000,0.0000,0.0000,0.0000,0.0000,0.0000,0.0000,0.0000,0.0000,0.0000
1700000017.600000,-60.2,84.7231,83.3547,84.1190,84.1190,87.6584,86.3134,81.9390,85.6154,85.2350,85.7030,85.7030,87.2812,84.7703,86.8332,88.7694,86.8850,87.1321,86.3134,88.1192,90.7965,88.6848,92.3472,87.2812,90.1388,93.0215,94.0213,94.0053,96.0208,99.0454,97.0000,97.0206,98.0051,99.0454,95.2575,97.2523,94.5304,94.5304,91.5478,90.9340,92.9139,88.4590,89.4427,87.2983,83.1986,83.9345,76.5376,82.5409,80.4114,77.8203,74.2496,77.0260,72.2011,0.0000,0.0000,0.0000,0.0000,0.0000,0.0000,0.0000,0.0000,0.0000,0.0000,0.0000,0.0000
1700000017.650000,-62.6,81.1542,86.4697,82.4924,85.0000,83.5464,86.1452,85.7030,84.6463,85.1469,84.8999,87.9318,89.4930,90.7579,88.0227,89.9611,87.7269,90.8020,88.1022,91.2414,89.5545,89.1852,89.6939,90.4268,91.8096,95.1893,94.0319,98.4733,93.7443,98.2293,94.8683,99.8599,98.7370,99.0202,95.0158,97.2471,93.6483,96.6488,95.2575,91.2853,92.1358,86.1626,87.6641,87.6641,82.5409,80.9568,78.5875,78.3390,78.4474,77.2787,76.4199,75.0267,73.1095,0.0000,0.0000,0.0000,0.0000,0.0000,0.0000,0.0000,0.0000,0.0000,0.0000,0.0000,0.0000
1700000017.700000,-64.2,80.6226,77.2528,81.5966,81.5966,81.2711,78.7464,75.9276,79.8311,78.4474,81.8841,79.2465,83.7257,82.4924,83.3847,82.2192,83.0241,83.0542,83.0000,82.0975,85.0941,82.2982,85.2878,82.2982,85.8429,87.8237,87.1321,93.2148,92.3959,90.4268,93.5575,90.6090,90.2552,94.3663,90.2552,89.5600,88.8144,85.5862,89.2749,87.1436,85.0941,85.0235,80.0000,81.1542,79.1012,75.1665,73.5527,72.6911,73.6817,71.1969,70.0928,67.6757,65.3911,0.0000,0.0000,0.0000,0.0000,0.0000,0.0000,0.0000,0.0000,0.0000,0.0000,0.0000,0.0000
1700000017.750000,-63.0,77.8332,80.2808,79.5110,83.2406,79.0253,80.0000,77.4209,80.1561,81.8352,79.4040,83.3547,83.2406,85.8836,84.5340,85.9069,83.7735,83.6720,78.5493,83.4865,83.4865,85.7030,85.4400,80.9568,85.8662,87.0919,89.4986,91.2195,88.5268,91.0055,87.3212,90.2441,89.7385,92.1792,88.5268,90.4434,86.3308,85.7030,86.7295,83.0060,83.5703,81.0247,82.7647,79.6241,78.7210,75.5910,74.9466,72.4017,72.6705,68.4105,68.7677,68.5930,64.6607,0.0000,0.0000,0.0000,0.0000,0.0000,0.0000,0.0000,0.0000,0.0000,0.0000,0.0000,0.0000
1700000017.800000,-60.4,85.0235,86.2090,81.4985,86.2090,86.5794,85.5862,82.8734,84.0119,86.3134,84.4038,82.7647,88.0568,87.9318,87.9318,88.8876,86.9770,88.6002,86.3771,87.8465,85.2350,87.0919,87.3212,86.0058,85.8662,89.8944,92.1358,92.5905,90.7855,93.9415,91.3017,92.1303,93.9149,92.1358,88.5664,92.3093,88.7694,88.3912,86.1626,83.5703,84.4334,82.2800,81.2711,79.1202,78.8543,77.3692,71.8471,72.9931,73.3348,71.1126,68.0000,67.1193,64.6297,0.0000,0.0000,0.0000,0.0000,0.0000,0.0000,0.0000,0.0000,0.0000,0.0000,0.0000,0.0000
1700000017.850000,-63.3,82.6378,79.8499,83.7735,83.3847,81.9390,80.5295,81.8413,82.2982,83.1865,81.9878,84.1190,84.9058,84.5991,84.8764,83.4865,85.0000,83.6002,83.6002,83.2406,85.4283,84.2021,86.6833,82.2192,84.8999,87.0460,89.1067,89.8053,89.1964,88.4138,88.3912,87.0460,89.3756,88.7299,86.0523,85.0000,84.8116,82.8010,84.8764,81.8352,78.4920,79.4040,76.5376,78.2943,72.4500,72.2357,68.0294,69.6419,69.2604,66.7608,63.7887,65.9242,62.1289,0.0000,0.0000,0.0000,0.0000,0.0000,0.0000,0.0000,0.0000,0.0000,0.0000,0.0000,0.0000
1700000017.900000,-60.2,81.2527,83.9524,80.6040,84.5281,81.3941,82.3772,81.8841,81.7435,83.7257,81.3019,83.1505,84.0238,84.0060,84.0000,85.0000,83.0241,84.0238,81.0247,84.2912,84.2140,83.0963,84.2912,80.3990,85.3288,86.1452,85.0000,88.1192,86.3134,89.2693,85.1587,86.7006,86.8332,88.3629,85.3756,86.2090,83.2166,83.2166,82.0244,81.0247,81.0000,75.0267,77.0260,74.0608,71.2531,69.5845,67.7422,68.0661,66.4906,65.0000,62.3618,61.6847,60.4152,0.0000,0.0000,0.0000,0.0000,0.0000,0.0000,0.0000,0.0000,0.0000,0.0000,0.0000,0.0000
1700000017.950000,-64.2,83.3847,84.4808,85.8429,85.4751,86.7006,79.0759,83.5464,81.3941,84.4038,84.1724,85.6154,85.8662,86.9770,87.5957,85.3815,88.9550,83.3847,86.3771,83.3847,86.8159,84.6936,87.6584,87.2353,87.7097,90.3549,86.7698,89.5545,92.6607,89.5545,91.3017,86.3134,89.4707,89.4427,86.7640,85.0000,90.8735,85.4927,84.3090,82.6378,81.7068,81.2711,77.4919,78.7464,72.8011,72.0347,68.6586,70.0357,67.8970,67.4759,66.0681,63.0079,60.4070,0.0000,0.0000,0.0000,0.0000,0.0000,0.0000,0.0000,0.0000,0.0000,0.0000,0.0000,0.0000
1700000018.000000,-57.1,78.7718,76.8505,82.3650,78.0320,82.7647,76.0592,76.9220,78.7210,82.8553,83.6720,84.1724,83.7735,84.3090,83.2166,81.5966,84.8999,80.7775,82.9699,80.0500,83.7437,83.6780,84.3445,82.9759,84.3445,85.1587,82.2010,84.7172,87.4643,83.7257,88.5664,83.8630,84.8528,85.0000,84.7231,84.0119,84.1724,80.6040,78.8480,79.5550,74.7262,78.8480,74.7262,74.3303,70.2282,67.0671,67.2309,67.1193,65.3911,66.7308,61.0574,61.4003,58.1378,0.0000,0.0000,0.0000,0.0000,0.0000,0.0000,0.0000,0.0000,0.0000,0.0000,0.0000,0.0000
1700000018.050000,-60.1,84.5340,83.1865,80.5295,88.1192,85.9593,85.4751,86.2844,84.9058,86.2670,84.0536,90.1388,88.8144,88.0057,88.4081,88.8651,89.9389,89.9389,87.8635,91.2414,90.5207,88.4138,91.9674,88.3912,91.9674,91.2414,93.3488,92.7631,89.9389,96.3328,89.2749,89.9389,94.2603,93.3488,92.6337,91.9348,87.0000,87.0460,87.3212,84.3860,85.1469,78.8733,80.2808,77.0065,76.4003,72.6705,71.8679,72.2011,70.3278,67.9779,66.4831,66.7308,63.6003,0.0000,0.0000,0.0000,0.0000,0.0000,0.0000,0.0000,0.0000,0.0000,0.0000,0.0000,0.0000
1700000018.100000,-63.2,83.0963,84.3801,82.6075,84.5931,85.7088,83.8630,83.8630,87.1321,85.1587,86.1220,87.5557,86.5852,87.0919,87.3613,87.0919,89.1852,85.3815,88.5438,88.0227,89.8888,88.2553,90.2497,87.0919,91.7878,92.1954,89.4707,91.3893,92.1954,90.8735,93.0376,90.2497,91.1811,90.8240,89.1964,87.2812,88.5438,89.1964,86.6487,84.7703,80.3617,82.2253,77.6660,78.6448,76.4853,72.6911,71.4493,70.0643,68.0074,69.0000,67.0298,66.2722,63.1506,0.0000,0.0000,0.0000,0.0000,0.0000,0.0000,0.0000,0.0000,0.0000,0.0000,0.0000,0.0000
1700000018.150000,-60.3,79.6492,80.6226,81.3449,82.0731,82.0731,81.3204,80.8084,80.7217,83.6301,81.5659,85.2760,86.0523,83.6002,84.8116,84.4038,85.7030,85.7555,84.9058,85.2350,87.3212,87.4643,87.8180,85.8836,89.8944,90.7855,90.3549,90.3770,90.3383,91.7061,92.6121,90.3549,90.7855,89.9444,88.3233,88.1930,87.8180,84.2199,84.3149,81.5414,80.7094,78.6003,78.2368,77.2010,76.0592,70.8378,71.4493,70.7107,72.1388,67.4759,64.2028,65.1920,62.7694,0.0000,0.0000,0.0000,0.0000,0.0000,0.0000,0.0000,0.0000,0.0000,0.0000,0.0000,0.0000
1700000018.200000,-62.0,80.7527,78.0897,80.6040,80.0500,84.9294,77.3692,80.0812,79.1202,80.3617,82.2192,80.9568,83.2166,85.7963,82.4621,82.8553,88.1022,80.0562,82.7647,80.6226,85.5862,86.4523,84.2199,84.2199,85.4400,85.2350,85.1469,85.2115,88.4816,84.8764,89.8721,82.3772,88.4816,86.8217,85.4400,84.3801,87.4643,82.3650,81.0062,80.9506,77.4145,78.2943,74.6860,78.7909,70.5762,70.0071,69.2604,68.0074,68.6804,69.6348,66.9104,63.2851,59.0085,0.0000,0.0000,0.0000,0.0000,0.0000,0.0000,0.0000,0.0000,0.0000,0.0000,0.0000,0.0000
1700000018.250000,-62.1,78.7210,78.7909,82.4621,81.9390,80.4114,80.7775,80.6536,80.6536,78.7718,82.0061,83.9345,82.4621,83.7437,83.5464,82.2253,82.0366,81.8841,81.5843,83.6002,83.4865,84.7172,83.7257,81.2219,84.0952,84.0238,84.0952,85.0235,87.0057,88.0000,86.0233,84.0952,87.1436,85.2115,85.5862,82.4924,83.7257,82.3893,80.8950,80.0625,77.9295,75.7100,72.5672,75.9276,71.0634,72.8011,68.9493,71.8679,67.2309,68.4471,66.2420,63.2851,63.0079,0.0000,0.0000,0.0000,0.0000,0.0000,0.0000,0.0000,0.0000,0.0000,0.0000,0.0000,0.0000
1700000018.300000,-59.0,81.5659,85.7030,83.4506,85.5862,84.1724,85.6329,80.8084,83.6002,84.2021,84.2021,85.1469,85.4283,86.6083,88.0057,86.8389,86.2844,86.9540,85.5862,84.5991,86.3134,89.0056,87.7269,83.6301,87.6641,91.2360,89.9611,93.7763,91.9239,91.9239,89.1572,89.1572,88.9550,88.2383,90.6201,87.7269,85.8662,86.8332,85.5862,83.0060,81.1234,79.6116,82.6801,80.1561,74.3303,74.0608,71.8471,73.4098,70.1783,67.2086,67.3573,66.4003,63.8122,0.0000,0.0000,0.0000,0.0000,0.0000,0.0000,0.0000,0.0000,0.0000,0.0000,0.0000,0.0000
1700000018.350000,-64.9,84.5931,82.3893,83.0241,85.0000,85.3288,85.3288,84.6463,85.3756,87.0919,85.4400,86.8332,87.2812,87.5957,88.2553,88.6002,87.4643,86.9253,86.5390,89.8999,86.7698,89.4707,85.5862,86.3539,86.9540,91.0659,90.5538,91.8096,90.4268,92.9624,91.8096,90.5538,91.8096,89.0449,88.8369,87.8180,87.7097,87.2353,84.5281,84.5813,82.7345,81.5414,80.1124,77.8781,75.9605,76.8960,70.8378,73.0821,72.2772,70.6116,67.8970,67.1863,63.1269,0.0000,0.0000,0.0000,0.0000,0.0000,0.0000,0.0000,0.0000,0.0000,0.0000,0.0000,0.0000
1700000018.400000,-62.2,80.4487,79.2023,78.8733,80.4301,77.4661,77.2334,80.6226,79.9062,80.6102,79.9062,85.5628,84.8999,83.5464,82.3286,84.5044,83.6002,83.6002,81.2711,84.0536,83.4865,84.0536,82.6801,83.2166,86.9540,86.9540,85.5862,89.9444,88.1930,91.3017,87.2353,88.3233,90.9175,88.3233,89.0449,89.3588,85.4459,86.8389,83.6002,82.8010,82.0061,79.6492,76.5768,75.7430,73.5935,71.4213,70.7107,70.0071,68.1175,69.6563,66.2873,65.5134,64.4127,0.0000,0.0000,0.0000,0.0000,0.0000,0.0000,0.0000,0.0000,0.0000,0.0000,0.0000,0.0000
1700000018.450000,-60.1,80.4984,76.4788,79.1770,80.9568,82.3650,77.0260,78.2943,78.0320,80.7775,80.7094,83.6002,83.4086,82.0061,84.5044,81.2158,85.0412,82.2192,81.4678,82.0731,83.4506,84.8999,86.2670,82.7345,85.9128,87.3212,85.0412,87.9659,90.6090,88.6172,88.6172,87.0460,88.4590,89.0955,88.4138,87.0000,87.0000,84.8646,82.0731,80.9197,81.2158,79.5110,78.0064,77.4209,71.2811,71.8679,69.3542,70.2353,70.2140,70.2638,65.9242,64.5136,61.1310,0.0000,0.0000,0.0000,0.0000,0.0000,0.0000,0.0000,0.0000,0.0000,0.0000,0.0000,0.0000
1700000018.500000,-63.9,76.0000,78.0000,76.0592,80.0000,77.0065,77.1038,77.1038,75.3260,77.3175,73.6817,77.9295,77.8781,79.3095,79.5550,79.3095,74.7262,78.1601,75.2861,80.0062,78.1089,76.8440,80.4114,73.0069,79.2023,80.1124,80.5295,81.8596,81.9390,84.0952,81.4371,84.6936,83.7735,83.9345,79.8499,80.0062,75.9605,76.3217,78.7464,78.4474,77.8845,71.3092,74.7329,71.5891,70.4060,66.4831,66.6108,66.2722,66.0681,63.0317,61.0000,62.0725,59.6825,0.0000,0.0000,0.0000,0.0000,0.0000,0.0000,0.0000,0.0000,0.0000,0.0000,0.0000,0.0000
1700000018.550000,-60.6,84.7231,85.0882,87.1321,88.5099,83.2166,83.2166,81.5414,83.0060,81.8413,83.2406,84.8116,83.7377,85.0412,81.4678,82.8070,84.8646,82.7345,81.3204,83.5464,84.2912,84.2199,82.8794,82.2192,84.8116,85.2760,83.8689,85.4283,86.6833,87.4586,83.0963,86.0523,85.7963,86.4523,84.8999,84.1724,82.0366,82.0244,79.1960,79.9812,77.9872,77.4661,76.6942,75.4321,70.8025,71.0282,67.1193,68.2642,69.3542,65.2993,64.0781,61.9839,60.1664,0.0000,0.0000,0.0000,0.0000,0.0000,0.0000,0.0000,0.0000,0.0000,0.0000,0.0000,0.0000
1700000018.600000,-66.7,80.2247,85.1469,85.0000,85.0235,83.0000,85.0000,79.0000,82.0975,81.1542,81.3019,83.1505,83.2166,83.7257,82.8734,84.0119,80.4114,81.0247,79.8311,81.0432,81.7435,82.0061,82.2800,79.1202,82.2192,82.8613,85.3815,85.7030,84.1190,89.1964,82.2800,83.5225,86.0233,82.8613,82.0061,82.9699,80.0812,80.7775,78.8543,76.1183,78.4474,74.8131,74.6726,71.8471,71.4493,69.3542,68.1175,67.0075,64.0000,62.2013,61.4003,60.8276,59.6657,0.0000,0.0000,0.0000,0.0000,0.0000,0.0000,0.0000,0.0000,0.0000,0.0000,0.0000,0.0000
1700000018.650000,-64.3,87.0517,85.0000,84.0536,85.0059,86.0930,85.0235,86.3713,84.4808,84.2912,85.5862,87.4643,86.4697,85.7088,85.3288,85.5102,84.9294,85.7030,84.7231,81.7435,84.2021,86.8332,83.2406,82.4621,86.0233,87.9318,86.0233,86.9770,89.8109,83.1685,87.2812,82.5651,86.6833,84.8999,86.6833,84.4038,81.0247,82.5651,81.2158,80.2309,77.7817,77.3175,74.3303,72.2496,71.0282,70.1783,68.0074,67.0075,66.0681,65.4905,62.6498,65.2533,59.4811,0.0000,0.0000,0.0000,0.0000,0.0000,0.0000,0.0000,0.0000,0.0000,0.0000,0.0000,0.0000
1700000018.700000,-58.1,86.8332,88.6172,84.9588,91.2853,87.0460,87.0460,87.0460,86.2786,87.6926,84.8646,87.0460,87.9659,87.8635,86.5563,87.8635,85.4283,84.2021,84.8116,86.6083,87.6584,84.4038,86.8389,83.0060,87.9204,85.9826,87.0919,89.8888,85.4400,87.4643,86.8217,87.3670,86.8389,88.4816,85.2115,85.0000,82.8010,83.2406,80.9197,80.1561,80.0562,74.9667,74.3303,73.5935,72.1388,69.3542,68.2495,67.2012,66.8506,62.9682,65.5134,63.0635,62.3939,0.0000,0.0000,0.0000,0.0000,0.0000,0.0000,0.0000,0.0000,0.0000,0.0000,0.0000,0.0000
1700000018.750000,-63.0,94.2444,91.0824,92.1141,96.5660,93.4077,91.5478,95.0789,92.6121,94.5410,91.6788,94.8262,92.2822,95.0158,95.0158,98.1122,93.2952,92.9624,92.3580,91.5260,92.9139,95.1315,94.3027,92.2009,91.6788,96.5401,92.1954,93.8616,95.2680,96.0469,94.3663,95.2103,94.8103,93.0054,92.4175,91.8368,90.6973,88.4081,88.2327,85.9826,85.4400,81.1234,80.5295,81.4125,78.2624,75.6439,71.3092,72.4500,70.5195,71.1688,68.9638,71.3863,62.6498,0.0000,0.0000,0.0000,0.0000,0.0000,0.0000,0.0000,0.0000,0.0000,0.0000,0.0000,0.0000
1700000018.800000,-62.9,88.1419,91.9239,91.5478,93.7763,90.8240,89.6939,89.1964,90.1388,87.9204,90.8020,93.9628,91.9239,93.6216,92.4175,91.4440,91.4112,92.2280,90.6090,91.7878,91.3510,91.7878,92.5419,89.3588,90.2718,95.1315,95.1315,93.0054,93.0215,93.0484,94.0213,93.3435,92.1358,90.1998,91.3510,89.4539,86.5794,84.5931,84.7172,84.0119,80.8950,80.2309,78.4474,75.7100,73.9797,72.2772,71.1688,71.1688,72.1110,69.4622,67.2309,65.7647,62.4260,0.0000,0.0000,0.0000,0.0000,0.0000,0.0000,0.0000,0.0000,0.0000,0.0000,0.0000,0.0000
1700000018.850000,-61.5,96.9381,96.1665,94.7629,98.4124,96.2601,98.4937,90.6863,95.9010,96.5401,96.6075,98.4073,96.8349,99.8649,96.2601,96.2601,98.1835,97.0979,96.0417,95.8801,97.2471,97.2471,97.1288,95.7706,98.8382,100.2397,97.0618,97.9439,101.5332,97.9439,97.0618,97.5295,99.7296,95.2943,96.6488,94.3398,95.8801,93.8136,92.6499,91.8096,87.9204,86.2149,85.8021,81.2158,77.0065,77.2334,74.3303,74.2765,75.0067,73.7564,69.0290,69.0652,67.1193,0.0000,0.0000,0.0000,0.0000,0.0000,0.0000,0.0000,0.0000,0.0000,0.0000,0.0000,0.0000
1700000018.900000,-59.0,87.6926,86.3134,88.3912,91.2195,89.8053,89.8276,91.4385,89.2749,92.8493,89.6437,94.4934,92.6175,93.6002,94.6256,92.4175,92.6553,95.1893,89.3588,94.5145,93.2952,94.3398,92.6607,86.6083,97.0464,93.9415,93.9149,96.6488,93.4773,96.6023,93.0215,94.0213,92.9624,93.8136,91.2688,90.4268,86.6083,84.9058,86.0233,84.6286,85.8021,79.6492,81.8352,77.3369,77.6209,75.0733,71.4213,71.4493,68.8840,68.4105,67.0075,66.0379,63.5295,0.0000,0.0000,0.0000,0.0000,0.0000,0.0000,0.0000,0.0000,0.0000,0.0000,0.0000,0.0000
1700000018.950000,-64.2,86.4697,85.7088,85.8429,87.5728,86.1452,86.3134,86.6833,85.3756,87.8009,85.4400,89.5600,91.4166,92.9731,90.8240,90.8240,88.7694,90.0777,87.3212,89.4707,89.0000,90.3770,89.4427,86.8332,93.1504,91.7878,93.2952,91.8096,89.6939,92.9624,89.1852,92.9624,90.9175,93.0591,90.3549,88.1192,89.0056,86.7698,85.0000,81.0247,80.0562,79.6241,80.4114,75.9605,73.0548,73.0821,71.1688,70.3420,68.6586,66.2873,70.7107,65.0692,61.0000,0.0000,0.0000,0.0000,0.0000,0.0000,0.0000,0.0000,0.0000,0.0000,0.0000,0.0000,0.0000
1700000019.000000,-62.2,82.0061,83.0060,81.4678,83.8689,85.7963,84.2912,82.0366,85.5628,83.4386,83.4865,86.2786,87.8635,90.1388,84.0238,88.7299,87.8009,87.4185,85.2115,85.4459,89.3085,88.4816,89.3588,87.1321,87.4643,89.6939,89.9444,90.9175,88.3233,92.7847,89.1852,89.0449,90.0500,90.7359,88.2043,87.6641,85.4459,83.4865,84.8116,82.4621,83.8689,78.6448,77.9872,79.3095,75.0733,71.4213,71.5052,71.4493,67.4759,68.0074,65.7343,64.4981,59.9333,0.0000,0.0000,0.0000,0.0000,0.0000,0.0000,0.0000,0.0000,0.0000,0.0000,0.0000,0.0000
1700000019.050000,-62.0,83.0963,82.0975,81.8841,83.6002,82.8734,79.9062,80.2309,82.5651,83.6780,82.0061,84.6463,84.2021,83.4865,83.2166,84.1546,86.1626,84.6936,83.2586,84.0952,85.0000,86.3308,84.5991,84.5281,87.7097,88.1930,87.2353,89.6939,87.7097,90.0500,89.1852,87.2353,86.3539,88.5889,86.3134,86.3308,85.4283,83.2586,82.3468,80.2309,80.0562,78.1857,77.4919,75.8947,71.7844,73.2462,66.9403,67.0820,68.8840,67.3647,65.1920,63.0079,63.1981,0.0000,0.0000,0.0000,0.0000,0.0000,0.0000,0.0000,0.0000,0.0000,0.0000,0.0000,0.0000
1700000019.100000,-60.8,79.6492,83.1865,82.2922,87.6641,81.1542,83.0060,82.6378,82.6378,84.1546,84.1190,86.6833,82.9699,84.8999,86.4002,85.3756,85.7030,89.4427,83.5464,87.4643,87.6926,84.7172,87.6926,85.4751,89.2020,91.2688,89.4539,88.1419,91.1976,92.1358,89.0505,93.5361,89.5600,89.5600,88.8144,85.8429,86.1452,83.8630,82.2010,81.0247,81.0247,80.2808,78.5875,77.4919,75.2861,71.5122,71.3092,69.8570,67.5352,67.1193,67.7422,64.0703,62.6259,0.0000,0.0000,0.0000,0.0000,0.0000,0.0000,0.0000,0.0000,0.0000,0.0000,0.0000,0.0000
1700000019.150000,-62.0,81.7863,81.0247,80.3617,84.8999,82.8613,81.9085,80.4114,82.2800,85.2350,84.0952,83.6301,83.2406,87.6584,85.0882,85.8836,84.3801,87.6641,83.5284,84.3149,83.4865,89.3085,88.6002,83.0060,88.0909,89.0225,87.3212,90.2718,89.8109,92.4554,87.6185,89.6270,88.8144,89.6270,87.6584,88.2327,85.9826,83.4865,82.3772,80.7775,81.9878,78.2624,79.6053,78.2624,75.2396,72.0902,68.7095,71.1688,68.3081,69.1231,67.9117,64.6297,63.0317,0.0000,0.0000,0.0000,0.0000,0.0000,0.0000,0.0000,0.0000,0.0000,0.0000,0.0000,0.0000
1700000019.200000,-59.8,84.7172,82.6075,82.2982,84.2912,84.1487,82.2192,81.0555,84.0060,84.0000,85.0529,85.0941,88.0511,84.4808,86.8332,85.8429,89.6270,85.7030,89.4427,86.5852,89.7385,87.3212,85.8662,85.1469,88.6002,90.8020,89.1852,91.0824,91.7061,90.4434,92.3472,88.2327,90.1388,89.5600,90.5207,90.2497,88.7694,85.1469,84.3445,84.1724,80.4114,79.9062,79.0759,79.7621,73.4370,75.5381,72.1110,72.0000,73.0000,68.1175,67.3647,68.0661,64.5368,0.0000,0.0000,0.0000,0.0000,0.0000,0.0000,0.0000,0.0000,0.0000,0.0000,0.0000,0.0000
1700000019.250000,-70.6,79.8812,81.8352,81.9878,84.2199,82.7647,82.2982,84.5813,84.1724,83.5703,85.2350,87.4643,86.7295,86.3771,86.0233,86.3308,85.8662,88.5268,87.5557,87.3212,88.6454,87.0976,89.4427,88.0738,92.7631,91.5915,91.2414,94.8947,90.9340,93.0591,91.7878,93.7443,94.3663,91.4112,90.0278,93.3916,91.2195,87.6413,84.7703,82.8613,83.4865,82.2192,81.5966,79.4796,75.7694,73.4098,72.0902,72.4500,71.6938,69.6348,68.2422,67.3573,62.9365,0.0000,0.0000,0.0000,0.0000,0.0000,0.0000,0.0000,0.0000,0.0000,0.0000,0.0000,0.0000
1700000019.300000,-61.5,79.5110,83.6301,81.3941,83.4865,83.4506,82.7345,83.4865,86.5563,83.8689,83.8153,86.4002,88.2327,88.4816,89.3588,92.1141,89.6939,94.1541,87.4643,93.9415,89.0056,92.1358,92.1358,90.7855,93.2309,94.5410,95.7549,96.3846,93.5201,97.9898,93.2309,95.8541,96.7729,94.8472,94.8472,94.8262,90.8020,91.2360,87.7097,88.6848,88.5889,84.5991,82.9277,79.8812,79.6304,77.2010,73.4098,75.4321,72.8354,72.1803,71.4493,70.0000,67.4240,0.0000,0.0000,0.0000,0.0000,0.0000,0.0000,0.0000,0.0000,0.0000,0.0000,0.0000,0.0000
1700000019.350000,-60.5,78.4920,80.7217,79.3095,82.2192,83.2406,79.8123,81.0247,79.6304,83.4865,83.0060,84.9058,84.2199,87.7097,88.5494,87.6584,86.7640,85.4283,84.5281,88.7694,86.0058,88.7694,90.6201,85.0882,91.0824,92.1141,90.4765,89.1964,94.5780,92.3580,93.0484,92.4770,92.4770,92.4770,91.3893,91.2360,88.1419,86.7640,85.9593,82.8553,84.7231,81.6333,82.1523,80.4487,79.2023,76.0263,73.4098,73.7564,70.1783,70.0071,70.0071,69.0290,65.1920,0.0000,0.0000,0.0000,0.0000,0.0000,0.0000,0.0000,0.0000,0.0000,0.0000,0.0000,0.0000
1700000019.400000,-60.3,80.0812,80.0062,80.4114,84.4334,79.1202,83.9345,81.9390,81.3941,81.8413,81.4125,87.2353,85.2350,90.5538,90.2109,89.3085,89.0505,92.4175,88.0057,88.2383,89.8109,88.8651,89.4986,88.0909,92.7631,91.4385,92.7631,92.7631,92.0978,95.6713,93.4345,94.4934,93.6056,94.0213,91.0494,91.6079,88.8144,88.0057,85.1469,84.5991,82.6620,77.9359,84.0595,77.1751,77.0260,73.3553,74.3236,70.6824,71.5122,67.0671,66.7608,69.4262,65.7647,0.0000,0.0000,0.0000,0.0000,0.0000,0.0000,0.0000,0.0000,0.0000,0.0000,0.0000,0.0000
1700000019.450000,-61.2,83.7257,82.2982,83.3847,85.2878,85.2878,83.0241,86.0000,85.0000,84.0952,84.2140,86.2090,90.6697,90.2718,90.6697,87.6926,91.7823,90.0278,90.2441,90.9560,89.4986,93.6216,95.0789,89.2861,92.0489,93.6803,90.8020,94.5569,95.8801,94.5569,93.6376,93.4077,96.8401,94.3716,93.1451,89.0225,93.8616,88.0568,89.8220,87.3212,83.9524,81.3941,80.0500,80.7527,75.5381,75.6637,73.2462,72.0625,74.0068,73.0069,69.1158,67.4759,64.7611,0.0000,0.0000,0.0000,0.0000,0.0000,0.0000,0.0000,0.0000,0.0000,0.0000,0.0000,0.0000
1700000019.500000,-62.9,80.8084,78.6448,81.8352,83.4086,81.6884,82.2010,83.0060,84.0536,86.8389,85.4400,90.4268,89.0674,88.6848,88.5494,91.7061,89.4707,91.7061,88.5664,87.7269,89.5545,86.3308,90.6201,87.4643,89.4930,91.4166,89.4930,95.1893,91.7606,92.3580,86.0349,90.4765,91.5478,91.3893,87.2353,86.3308,85.4283,84.0952,82.2982,81.0062,79.6053,75.1332,78.5493,73.2462,73.2462,70.8025,70.2140,69.6563,67.6240,66.7083,66.4831,64.4438,65.0000,0.0000,0.0000,0.0000,0.0000,0.0000,0.0000,0.0000,0.0000,0.0000,0.0000,0.0000,0.0000
1700000019.550000,-58.4,81.4125,78.7147,82.3772,81.9878,84.0595,80.4550,81.2711,82.3772,83.2346,83.6002,85.8021,88.6002,88.4081,85.9128,84.6463,88.4138,85.5862,86.3713,82.7345,87.6926,84.8999,86.9770,87.0000,85.5862,89.1067,88.4138,89.1067,89.8276,91.9348,89.8053,86.2670,88.4138,84.8999,84.9588,87.3212,80.9197,81.0555,80.6040,78.6003,74.4043,73.8173,73.8173,71.0211,68.2642,69.4622,66.7308,64.8460,66.7083,64.2573,61.0983,62.0967,57.8705,0.0000,0.0000,0.0000,0.0000,0.0000,0.0000,0.0000,0.0000,0.0000,0.0000,0.0000,0.0000
1700000019.600000,-62.8,83.6002,80.1561,83.7377,82.8794,85.7963,80.0562,82.0244,84.8528,84.1487,87.2066,87.0000,87.9659,86.4002,87.6185,88.8651,87.4586,86.4002,87.0057,87.9204,87.6584,88.4816,87.3670,87.9204,88.3233,90.0500,89.3588,89.5879,90.4268,89.5879,87.3670,86.2670,87.9204,86.8389,85.8021,83.8689,83.2406,80.2808,82.3286,76.5768,78.6448,74.2765,72.1388,74.2765,67.1789,67.2681,63.7809,65.2150,63.8201,66.0379,60.5392,58.6003,57.7754,0.0000,0.0000,0.0000,0.0000,0.0000,0.0000,0.0000,0.0000,0.0000,0.0000,0.0000,0.0000
1700000019.650000,-59.1,77.9359,77.6660,79.4040,77.8010,79.2023,74.2024,76.5768,75.9276,80.0562,80.7217,82.1340,82.0731,83.4506,82.7587,82.0731,81.4678,82.2192,80.0562,78.7464,81.8352,82.9759,83.0963,79.3095,84.2021,82.6196,81.2158,83.8689,84.8116,82.0061,84.0238,80.1561,83.5464,82.8794,81.3449,81.3204,79.1960,77.1038,73.6614,75.0067,71.5891,68.1175,69.6563,68.6003,65.0000,62.9682,60.2080,61.0574,58.1808,59.0339,57.6975,56.3205,53.6004,0.0000,0.0000,0.0000,0.0000,0.0000,0.0000,0.0000,0.0000,0.0000,0.0000,0.0000,0.0000
1700000019.700000,-63.1,77.2334,78.4920,78.5175,80.6102,80.6598,80.0562,78.7464,79.2023,79.5110,82.2010,81.8413,83.2346,82.0975,81.5414,82.0975,84.2199,82.3650,81.4923,79.6053,82.7345,82.3650,82.2922,82.2982,83.6720,83.1926,81.4371,86.9253,84.5281,84.0952,85.0882,83.6720,86.3308,84.5340,83.1865,80.5295,79.2591,78.7718,76.8505,76.3217,77.1038,74.4043,71.2811,70.6045,66.2193,67.0075,62.9682,63.6553,65.0538,60.3075,59.8164,59.4054,57.1402,0.0000,0.0000,0.0000,0.0000,0.0000,0.0000,0.0000,0.0000,0.0000,0.0000,0.0000,0.0000
1700000019.750000,-60.9,78.7147,79.6053,80.5295,83.7735,76.6942,80.1124,79.1202,80.0562,80.0562,81.3204,84.4808,85.0706,83.4326,84.6463,85.6154,81.0494,85.0000,82.5651,84.5281,87.6926,83.0241,85.4751,85.8429,84.3801,86.4697,84.2912,86.2844,85.2878,85.3756,86.2844,86.7006,85.3756,84.7172,81.7435,84.1724,79.9062,82.3772,76.4853,78.1025,76.6877,74.7262,71.5681,72.1249,68.9638,67.0522,64.6220,66.3099,64.8845,64.0078,61.4003,60.7454,57.0088,0.0000,0.0000,0.0000,0.0000,0.0000,0.0000,0.0000,0.0000,0.0000,0.0000,0.0000,0.0000
1700000019.800000,-60.0,80.7775,78.7464,82.5651,79.5550,79.4040,80.0562,82.2800,80.7775,83.2586,80.1124,85.9069,85.4225,84.1190,83.1865,85.4225,86.4523,85.7555,86.4523,84.5991,84.5991,83.8630,87.0919,87.1321,85.7030,84.8764,84.2021,87.6584,90.4434,87.0919,88.4816,87.9204,87.9830,89.3588,86.4523,82.3650,83.2406,82.2982,80.9506,77.3692,75.6439,74.2496,75.7694,74.6726,69.8928,69.5701,65.8027,66.2193,64.5368,63.6396,63.3877,61.1310,59.0085,0.0000,0.0000,0.0000,0.0000,0.0000,0.0000,0.0000,0.0000,0.0000,0.0000,0.0000,0.0000
1700000019.850000,-63.0,76.6551,80.8084,79.2465,80.4114,83.0241,78.7718,81.3941,81.0062,83.2166,80.0250,83.0241,83.0000,84.0060,84.0536,86.0930,84.2912,86.3713,86.3713,82.8734,83.8630,86.9770,85.4751,82.8734,87.2983,88.2836,86.1452,86.4928,89.4427,89.1067,86.1452,84.7172,84.7172,87.5728,86.5794,82.8734,81.3019,81.1542,77.0260,80.2247,76.0000,73.0000,73.0000,73.0616,70.1783,70.1142,66.4831,64.9384,63.3482,62.5859,60.7289,60.1664,58.1808,0.0000,0.0000,0.0000,0.0000,0.0000,0.0000,0.0000,0.0000,0.0000,0.0000,0.0000,0.0000
1700000019.900000,-61.2,73.1642,74.6726,70.5195,74.9466,71.4703,72.1249,70.4060,71.5891,73.5459,71.3863,76.2955,73.9797,76.6551,74.6726,80.3057,74.4312,76.3217,74.2428,77.1038,75.0267,77.0260,76.0066,73.0616,78.0000,79.0253,80.0000,81.0062,80.0000,81.0062,78.0000,79.0253,80.0000,78.0256,75.1066,74.1687,72.2496,74.5453,72.6911,70.0357,71.0211,64.3273,67.9117,65.9697,65.5210,61.6847,59.2030,59.8080,57.0088,54.1295,58.3095,56.6127,54.0370,0.0000,0.0000,0.0000,0.0000,0.0000,0.0000,0.0000,0.0000,0.0000,0.0000,0.0000,0.0000
1700000019.950000,-64.8,75.9605,76.6942,78.2943,75.2396,77.3886,75.5844,76.0263,76.0592,76.4788,78.0320,78.8923,81.5414,77.3886,82.6620,80.4487,80.4301,80.6040,80.0000,78.1025,81.5659,79.5110,81.3449,80.8084,82.0244,83.4865,82.7587,81.3449,82.7587,86.2670,83.4865,81.3449,80.6598,81.4678,80.9197,79.3095,78.2432,76.6942,74.8131,72.8011,72.2011,73.2393,69.0652,69.1158,63.8122,64.4981,62.6099,63.0714,60.0083,60.7454,59.4643,57.0088,55.7315,0.0000,0.0000,0.0000,0.0000,0.0000,0.0000,0.0000,0.0000,0.0000,0.0000,0.0000,0.0000
1700000020.000000,-63.0,73.4370,72.5603,75.3127,76.4853,75.9276,74.7329,76.5376,77.7946,76.2168,76.2168,79.3788,79.7120,79.4796,79.4796,81.0247,81.8596,80.9568,79.1581,79.7559,81.9878,79.4040,80.9938,79.4040,79.9250,82.1523,80.7775,82.3772,83.2166,82.3772,83.2166,80.4550,80.9938,80.9938,79.9250,79.7559,79.2591,76.0263,75.5844,75.1532,73.8241,72.0902,69.4622,69.0797,65.1920,64.2573,61.6847,64.1950,59.4811,60.4152,57.3149,56.0357,56.0000,0.0000,0.0000,0.0000,0.0000,0.0000,0.0000,0.0000,0.0000,0.0000,0.0000,0.0000,0.0000
1700000020.050000,-65.2,79.4040,80.1561,78.5493,83.7616,78.8923,80.6226,80.4984,81.4125,84.5281,80.1124,85.9069,86.0058,85.6154,87.6641,84.8646,87.3155,85.0706,80.6536,85.7263,86.8332,87.3613,85.8662,83.5225,88.0568,87.8009,88.7694,89.0505,88.5268,90.4710,87.8009,89.8443,89.5600,89.8109,85.4400,86.0233,82.2800,83.4865,78.5493,79.8499,79.3095,74.7329,74.7329,72.4500,69.3542,67.2309,65.8635,66.0379,68.2422,64.8151,62.9682,61.5224,58.8982,0.0000,0.0000,0.0000,0.0000,0.0000,0.0000,0.0000,0.0000,0.0000,0.0000,0.0000,0.0000
1700000020.100000,-64.3,73.3894,76.8960,75.7694,78.3901,75.6439,76.4853,75.1798,77.8974,77.1751,78.8923,81.6333,82.0975,81.8413,81.6088,85.2115,82.6196,84.6463,81.2158,84.2912,84.9588,85.0412,85.6329,83.4865,85.5628,87.6926,84.8528,88.3912,86.2670,89.8053,86.2670,87.6926,87.0000,85.5862,85.0412,83.6301,80.1561,80.2808,78.6003,77.0065,76.6094,71.8471,73.2393,69.6419,68.7968,65.5134,64.0078,65.2993,63.9766,62.2415,61.6847,59.4811,57.4891,0.0000,0.0000,0.0000,0.0000,0.0000,0.0000,0.0000,0.0000,0.0000,0.0000,0.0000,0.0000
1700000020.150000,-60.3,79.4292,77.4661,81.5843,80.8084,80.7775,78.1601,82.5409,81.2711,81.9329,85.6154,86.5390,87.2353,86.7640,93.4773,86.7698,91.9239,85.4751,90.0500,87.9830,91.8096,91.4166,92.6499,92.6499,94.3027,94.0479,90.6973,94.6256,99.0454,96.0208,96.0208,92.6499,95.9635,96.2549,91.5860,90.4268,90.4268,87.3212,84.5991,83.7257,85.0000,81.3941,75.6439,81.1542,71.3092,70.9366,69.5701,68.9638,70.0928,68.6586,68.2495,62.3939,62.0000,0.0000,0.0000,0.0000,0.0000,0.0000,0.0000,0.0000,0.0000,0.0000,0.0000,0.0000,0.0000
1700000020.200000,-60.1,74.2765,72.9178,72.3464,77.9872,75.9276,75.9276,74.8131,74.0608,74.8866,76.3217,80.9938,80.5295,82.2982,80.9506,83.6481,81.9390,82.6378,82.3468,85.0941,80.6536,84.8646,86.6487,86.0349,86.6833,86.6833,86.6833,88.8876,89.1852,88.8876,86.9770,89.4930,89.1852,90.1388,87.5957,85.0941,83.9345,82.0792,80.1124,79.6241,78.7210,78.7147,76.0263,72.4707,69.9714,67.7422,67.1193,66.2873,63.0079,64.2028,63.7024,58.7282,57.6281,0.0000,0.0000,0.0000,0.0000,0.0000,0.0000,0.0000,0.0000,0.0000,0.0000,0.0000,0.0000
1700000020.250000,-61.9,78.4920,77.2334,76.6942,78.1025,79.8123,77.0065,80.0000,79.0569,77.3886,81.1234,85.5862,82.3650,84.5340,85.8836,86.4060,85.0000,86.8159,84.0952,85.7963,88.6002,88.6002,89.1964,85.4400,92.6553,91.3947,91.7606,91.7606,92.3472,91.0934,92.3472,92.6553,92.3580,92.1141,91.7878,88.6397,87.8465,85.2350,85.4283,83.2406,85.4225,80.6226,78.3901,78.0320,73.7835,72.6705,67.8012,70.0000,69.4262,67.2086,63.6396,66.2193,60.8030,0.0000,0.0000,0.0000,0.0000,0.0000,0.0000,0.0000,0.0000,0.0000,0.0000,0.0000,0.0000
1700000020.300000,-62.0,77.4661,73.9797,77.3692,75.0000,79.6994,77.2010,77.1622,80.4114,78.9240,80.5295,82.2982,78.7718,84.1190,85.0882,84.3801,86.2844,85.4400,86.8389,85.2115,85.8021,87.4185,86.4002,87.6185,88.8651,88.0909,88.2383,90.7855,91.4385,89.3756,94.2603,87.4586,91.6788,89.6270,90.0000,93.2309,90.6973,88.4816,84.0595,83.8630,80.7775,77.8974,77.0260,78.2943,72.0069,73.4098,70.9366,69.2892,68.6222,67.7200,64.7611,63.9531,62.2896,0.0000,0.0000,0.0000,0.0000,0.0000,0.0000,0.0000,0.0000,0.0000,0.0000,0.0000,0.0000
1700000020.350000,-64.7,73.4983,76.2758,76.3217,77.1751,73.4302,77.8267,78.2624,78.5493,78.1857,77.8332,80.9938,82.9699,83.9345,83.9345,83.6780,85.1469,84.5281,82.9759,83.7257,81.7435,87.8237,85.5862,83.7257,89.5600,88.2780,87.2066,91.0879,93.4345,90.1998,89.1403,90.3549,89.5600,90.3549,86.5794,85.9884,84.5931,85.9884,81.5843,80.6040,78.8543,78.3390,76.4003,74.4648,70.8802,69.8928,69.6419,67.4166,66.8506,63.9766,65.3682,61.5873,60.0000,0.0000,0.0000,0.0000,0.0000,0.0000,0.0000,0.0000,0.0000,0.0000,0.0000,0.0000,0.0000
1700000020.400000,-61.0,77.4726,77.2528,79.0569,79.0569,80.3617,75.6902,78.1025,77.6660,78.4474,80.2309,82.2010,82.8734,83.7257,83.3847,83.3847,85.0529,83.0060,83.0241,84.0060,85.0529,85.0941,88.2043,86.0930,88.2043,89.1403,88.2043,88.4590,91.4440,90.4489,90.3549,88.1419,88.2043,89.2020,88.1419,86.0523,85.0000,83.0542,82.1523,81.2219,78.2304,78.4092,74.5453,74.5453,70.8590,68.8840,67.0820,66.7083,66.2193,66.4078,61.4654,63.0714,59.5399,0.0000,0.0000,0.0000,0.0000,0.0000,0.0000,0.0000,0.0000,0.0000,0.0000,0.0000,0.0000
1700000020.450000,-60.5,74.3303,75.1066,77.1038,79.0063,77.0065,77.0584,76.0592,76.1643,78.1025,76.7919,81.2158,79.6241,83.3607,82.0000,78.6448,84.4038,83.9345,80.7775,83.5225,85.1645,82.0061,85.7263,82.8613,88.0227,86.1626,87.6641,88.6002,88.8651,90.2497,89.8109,86.9770,87.2812,88.7694,89.7385,84.9294,82.9699,82.0061,81.7863,78.9177,77.1038,74.6726,74.4312,73.5527,69.0290,67.1863,67.0000,66.0681,66.1891,64.2806,62.6498,62.1691,56.6127,0.0000,0.0000,0.0000,0.0000,0.0000,0.0000,0.0000,0.0000,0.0000,0.0000,0.0000,0.0000
1700000020.500000,-59.4,73.8783,74.6525,77.1038,77.1038,76.0263,76.5506,76.0066,75.8024,76.1577,76.4788,78.7718,78.7210,79.6241,79.7057,79.7057,81.3449,82.2800,78.7718,82.8613,83.8153,83.4865,84.2021,82.0061,85.1469,87.5557,85.6154,83.9524,86.5852,88.7694,85.8662,87.3613,88.6002,86.3308,84.7585,82.8734,82.6378,80.2309,80.6226,77.0779,77.0779,74.7329,75.1532,72.8972,70.2353,67.2309,62.1289,63.0079,63.5138,64.5368,59.6657,57.2800,55.4437,0.0000,0.0000,0.0000,0.0000,0.0000,0.0000,0.0000,0.0000,0.0000,0.0000,0.0000,0.0000
1700000020.550000,-63.6,70.3847,71.1758,72.0069,72.8972,72.0694,71.5891,71.0211,74.3303,74.0608,71.6101,74.4043,75.9276,76.6942,77.3369,77.9872,75.0733,76.4199,74.2496,76.4853,77.0779,78.5684,78.7464,75.0733,79.5110,81.5659,79.5110,83.6002,81.6884,82.0061,82.3286,79.5110,78.8733,79.2465,78.5684,79.1960,73.5527,74.2765,74.2496,74.3303,74.3303,66.8431,67.4759,66.4003,63.0079,63.6003,61.2944,61.5873,59.6825,57.3062,57.2451,55.7136,53.7587,0.0000,0.0000,0.0000,0.0000,0.0000,0.0000,0.0000,0.0000,0.0000,0.0000,0.0000,0.0000
1700000020.600000,-64.7,67.9412,68.6222,69.2965,71.4493,68.8840,69.3542,69.6563,71.0634,71.4003,70.2140,73.2393,71.5612,76.3217,74.4312,71.0211,74.2428,75.1798,75.1798,75.1332,77.8203,73.3553,74.6860,74.7329,78.0000,77.8781,76.1577,78.9240,76.9675,77.0779,78.0000,77.8203,78.7210,77.3692,75.5910,74.2428,72.0694,72.0694,70.4911,68.5055,66.2873,63.8201,62.2013,62.8013,61.4003,59.6657,56.7274,55.9732,56.5685,53.9073,51.8556,52.8015,48.7647,0.0000,0.0000,0.0000,0.0000,0.0000,0.0000,0.0000,0.0000,0.0000,0.0000,0.0000,0.0000
1700000020.650000,-61.2,72.4983,70.6612,71.1196,71.5891,74.3034,71.6938,72.4017,72.9452,72.4224,72.4224,75.4321,75.8222,77.3369,75.8222,76.5768,77.1038,77.1038,76.3806,77.7946,77.7946,78.4920,78.5175,75.7430,81.6884,81.5659,79.3977,78.8733,82.3286,82.4621,80.1561,81.3941,81.3204,79.9062,77.1038,76.4199,74.9533,74.2496,73.5935,70.9366,70.1783,66.7083,67.8012,67.6240,63.0079,61.0328,60.7454,59.6825,58.1378,55.9017,57.3847,52.5547,50.9608,0.0000,0.0000,0.0000,0.0000,0.0000,0.0000,0.0000,0.0000,0.0000,0.0000,0.0000,0.0000
1700000020.700000,-61.8,67.8970,66.9104,67.9117,68.8840,69.1231,68.1542,70.2140,68.9638,69.5701,69.8928,70.5762,70.9366,74.3236,74.7329,75.6439,74.7061,73.7902,75.1332,74.7061,76.5376,75.6637,77.0260,73.4302,79.3221,77.1751,76.8505,77.1751,81.1234,78.2304,78.2304,78.3901,76.9415,76.0263,74.6860,72.4983,73.8241,73.9256,70.5762,65.0000,68.9493,67.6757,62.9682,63.8905,59.4811,58.4637,57.2713,54.9181,55.4437,55.3263,54.1479,53.0000,52.2398,0.0000,0.0000,0.0000,0.0000,0.0000,0.0000,0.0000,0.0000,0.0000,0.0000,0.0000,0.0000
1700000020.750000,-62.1,69.2026,67.4759,67.8970,71.5052,69.3542,70.0071,70.0357,70.7248,73.1095,72.4707,72.6223,74.6525,72.8011,72.1110,75.7166,74.3034,75.8024,75.6637,75.5910,77.8974,78.0320,76.4788,76.4788,79.2023,77.8203,80.0562,81.4371,79.7057,80.6226,79.7057,76.4853,77.3692,78.2943,75.2928,76.1577,73.5731,74.9466,71.0211,69.0652,69.6348,67.6757,66.8506,62.8013,63.4114,60.6053,58.7282,59.4643,58.0000,55.1725,56.0803,53.0094,50.7740,0.0000,0.0000,0.0000,0.0000,0.0000,0.0000,0.0000,0.0000,0.0000,0.0000,0.0000,0.0000
1700000020.800000,-59.4,68.7968,68.8186,69.8140,69.8140,71.2180,71.2180,68.1175,68.6804,70.0357,72.8354,73.5527,74.2765,75.0067,74.4110,72.3464,74.0270,75.2861,74.0270,73.4098,75.8024,75.6042,76.4003,75.2130,76.0066,78.2368,76.8440,78.4920,79.8812,79.3221,79.8812,78.8162,78.6003,77.2010,78.8733,74.4110,73.6614,73.0000,70.7107,68.5930,67.2086,66.4831,65.1153,65.9469,61.0737,59.4054,57.4282,57.9828,56.4358,56.7979,53.7122,55.3624,51.2445,0.0000,0.0000,0.0000,0.0000,0.0000,0.0000,0.0000,0.0000,0.0000,0.0000,0.0000,0.0000
1700000020.850000,-62.7,65.1460,67.7200,66.7083,69.3758,68.6586,66.4906,67.8970,69.4622,68.7314,68.2642,71.5681,71.1126,71.0282,69.0072,71.0000,73.0069,73.0000,73.0616,72.1110,74.1080,72.1734,72.2496,72.1734,75.4255,74.4312,76.4199,77.4145,74.4312,77.4145,77.4145,76.2365,76.2365,73.2462,75.1066,73.0274,72.0000,71.0000,70.0286,67.2681,65.1230,64.1950,62.5140,60.2993,60.5310,57.8705,55.1090,56.8858,55.5428,53.4509,52.5547,52.3259,47.5079,0.0000,0.0000,0.0000,0.0000,0.0000,0.0000,0.0000,0.0000,0.0000,0.0000,0.0000,0.0000
1700000020.900000,-64.2,62.1691,61.8142,64.7765,61.9839,65.2763,65.4905,63.1981,65.0308,65.1230,65.0000,66.0000,67.0075,67.1193,66.1211,66.1891,69.3542,67.2681,67.2681,66.6108,66.6108,67.6018,68.2495,68.5930,67.2681,69.8713,70.2140,71.5891,71.0211,70.4060,71.1969,69.0507,70.5762,70.4557,68.4690,65.1920,67.2681,65.1920,63.0000,62.0081,62.0000,59.0085,58.0000,57.0351,55.0818,56.2228,52.4690,52.9528,50.2195,49.7293,49.0408,49.0408,46.5188,0.0000,0.0000,0.0000,0.0000,0.0000,0.0000,0.0000,0.0000,0.0000,0.0000,0.0000,0.0000
1700000020.950000,-63.8,64.5368,64.0312,67.1863,68.3081,67.3573,64.8460,65.7875,65.9242,66.7083,67.1193,69.3181,68.4251,70.7107,71.5891,70.3278,72.4017,70.4911,71.0211,68.8186,73.2393,71.0282,70.4557,69.6348,72.2011,73.4098,73.4098,74.8131,74.6525,73.8783,73.2462,70.2140,70.2140,71.2811,72.4017,69.3397,70.4911,67.9559,65.3682,65.3682,65.3682,63.9531,62.6099,60.0083,56.8595,57.3847,53.7587,55.6597,54.4059,53.3667,50.4480,49.3660,48.0104,0.0000,0.0000,0.0000,0.0000,0.0000,0.0000,0.0000,0.0000,0.0000,0.0000,0.0000,0.0000
1700000021.000000,-61.9,63.0714,60.4152,63.1585,65.9242,65.1920,62.3939,64.1950,65.8027,64.5601,65.3070,65.5134,65.9242,67.0820,66.7533,68.7314,68.4690,68.3593,64.3817,69.1158,68.2642,69.2604,70.2567,68.1836,71.0000,71.0070,70.0071,70.0286,71.0634,72.0278,71.0070,68.1175,71.0634,69.2604,68.2642,66.6108,66.3702,64.3817,63.7887,64.9384,61.1882,59.6657,57.2713,60.4152,56.7539,57.2800,54.4243,53.4883,53.8516,49.2443,49.6488,49.7393,46.0435,0.0000,0.0000,0.0000,0.0000,0.0000,0.0000,0.0000,0.0000,0.0000,0.0000,0.0000,0.0000
1700000021.050000,-61.6,66.6033,65.0692,67.2086,64.3506,68.0147,62.2896,65.4370,65.0000,65.2150,66.0303,68.2422,69.0652,69.8928,70.4911,69.4622,71.1196,69.7711,70.2353,70.6612,72.0069,71.5542,70.2638,71.5542,70.6824,70.6824,71.5542,70.6824,75.1532,74.7329,73.8241,70.6612,72.0139,72.4500,70.6612,70.3278,68.2642,68.7968,64.4050,62.4260,62.4260,63.6003,60.2163,61.8466,58.1378,56.0803,52.3450,53.7587,53.8145,51.2250,53.0094,51.6236,49.6488,0.0000,0.0000,0.0000,0.0000,0.0000,0.0000,0.0000,0.0000,0.0000,0.0000,0.0000,0.0000
1700000021.100000,-61.8,66.0681,66.1211,65.3758,65.2763,65.7647,64.9384,65.1153,65.9697,67.6831,65.5210,67.7200,68.9638,69.6419,69.6419,68.9493,70.3847,69.3542,68.7095,70.6612,70.6824,70.6824,71.1196,68.4251,71.8679,71.3442,71.5891,72.5603,73.5731,72.7186,73.9256,71.6938,74.3034,72.0069,71.5542,70.2140,68.9420,67.0820,62.7694,65.9242,63.3246,62.0322,61.0983,61.3514,57.2800,59.2030,53.3667,54.9181,55.9017,52.1536,51.3517,51.0000,50.1597,0.0000,0.0000,0.0000,0.0000,0.0000,0.0000,0.0000,0.0000,0.0000,0.0000,0.0000,0.0000
1700000021.150000,-65.3,65.0308,65.0308,68.0000,67.0075,69.0072,65.1920,66.0303,65.2763,69.4622,66.0984,67.0820,69.8570,69.1231,71.3092,69.3758,70.0928,69.9214,68.0074,69.8928,70.8378,70.8378,70.2282,69.6419,72.9178,73.9256,72.0902,74.4648,73.7360,72.2357,72.6154,71.8679,72.8011,72.1110,70.2282,72.4224,70.8378,68.9638,65.8027,66.9403,65.9697,63.1506,61.9839,59.8415,58.5491,58.5491,57.0789,57.0351,55.0000,55.0000,53.0377,52.2398,50.0100,0.0000,0.0000,0.0000,0.0000,0.0000,0.0000,0.0000,0.0000,0.0000,0.0000,0.0000,0.0000
1700000021.200000,-62.6,65.7647,67.1193,66.0379,68.2642,65.7343,67.9559,65.0000,65.2150,64.0312,64.5368,68.7677,65.8559,67.9412,69.2965,70.0071,70.0928,70.0357,68.6222,72.4707,72.4707,71.7008,72.6223,68.4105,73.4098,74.2024,72.8011,71.6101,73.0069,75.2130,70.8025,74.4043,76.2168,73.8783,73.0000,70.2922,69.4262,70.7248,67.1789,65.7951,65.1153,64.4438,64.4438,62.4820,62.0081,60.8030,58.0086,60.4649,55.5698,55.0727,53.7122,53.4883,50.9608,0.0000,0.0000,0.0000,0.0000,0.0000,0.0000,0.0000,0.0000,0.0000,0.0000,0.0000,0.0000
1700000021.250000,-62.6,66.5282,65.4370,64.4050,65.0000,66.0303,66.0303,64.3506,65.0000,66.8880,67.6018,67.1193,68.4251,67.9779,70.6824,67.2309,70.9366,68.7095,68.9493,68.0074,69.5701,69.5701,70.8802,70.5195,69.6419,72.8011,72.2772,73.4983,74.4648,72.2772,75.1864,70.8802,70.6045,74.3303,73.3757,70.2140,70.8378,68.7095,68.5420,65.7951,64.0781,63.0714,62.6498,63.1348,58.6686,56.0803,57.1402,56.0357,54.6443,54.6717,52.3450,50.9313,49.8197,0.0000,0.0000,0.0000,0.0000,0.0000,0.0000,0.0000,0.0000,0.0000,0.0000,0.0000,0.0000
1700000021.300000,-62.7,65.0308,65.1230,68.3593,65.0692,66.3702,65.4905,66.0984,64.9384,66.9403,67.4685,68.1542,66.7608,70.8802,68.3081,69.2892,70.0071,68.1542,69.8570,68.9420,70.6612,71.1758,72.4500,71.1126,73.4302,74.7930,74.3034,73.4302,74.7930,73.8241,76.3217,74.7930,74.7930,72.8972,73.8241,72.4500,72.9178,72.4500,70.5762,69.2892,68.0074,68.0074,63.8905,67.4463,62.3618,60.8769,58.2495,57.5587,57.4282,57.3149,56.0089,53.0000,50.3587,0.0000,0.0000,0.0000,0.0000,0.0000,0.0000,0.0000,0.0000,0.0000,0.0000,0.0000,0.0000
1700000021.350000,-60.9,66.2420,63.9766,67.2309,64.8845,66.8506,63.6946,65.8027,65.8027,67.4463,67.4463,69.1231,67.6831,71.1969,70.0357,66.9104,72.2496,69.1158,70.1783,70.0286,71.0070,70.0286,71.0000,71.0000,75.0067,72.0000,72.0069,74.0270,77.1038,77.0584,77.0260,73.0000,76.0066,77.0065,74.0000,73.0000,73.0616,72.1110,70.1783,70.3491,68.2642,67.2681,64.6297,66.9104,61.0000,61.1882,57.7235,60.4401,57.5674,56.0803,55.7136,54.1202,49.7393,0.0000,0.0000,0.0000,0.0000,0.0000,0.0000,0.0000,0.0000,0.0000,0.0000,0.0000,0.0000
1700000021.400000,-64.1,63.3877,64.6297,63.1506,64.1327,64.5368,63.5610,62.6418,63.8905,67.0522,65.0000,65.1920,68.5420,68.0294,67.9779,67.6018,67.1193,68.6003,66.3702,69.8928,69.3397,70.4557,70.4557,68.8186,71.8401,73.4098,73.4098,75.9276,74.5185,75.9276,74.5185,74.2024,74.6525,76.2168,74.2024,75.2130,71.0282,71.5612,70.1783,68.2642,68.2642,66.2420,67.1193,65.2993,63.9766,60.8358,60.4152,57.5847,60.7289,58.2409,53.3667,55.5788,56.2228,0.0000,0.0000,0.0000,0.0000,0.0000,0.0000,0.0000,0.0000,0.0000,0.0000,0.0000,0.0000
1700000021.450000,-61.1,64.1249,63.2851,64.7765,64.2806,62.8013,65.1153,64.1327,64.3273,63.5610,64.8460,67.0522,68.6222,68.7095,68.3520,68.7095,68.0294,68.4471,67.6240,69.7711,70.2353,71.5542,71.5891,68.0000,73.0616,70.8308,72.7186,75.4718,74.0945,76.6616,74.4312,76.1577,76.1577,75.5910,72.4707,72.4500,72.4500,72.4983,70.0071,70.0071,68.7095,67.3573,67.6757,64.8460,64.2884,62.5859,59.0339,59.2284,58.4209,55.3263,55.0818,54.0370,54.2310,0.0000,0.0000,0.0000,0.0000,0.0000,0.0000,0.0000,0.0000,0.0000,0.0000,0.0000,0.0000
1700000021.500000,-61.0,60.2080,60.4401,63.0079,64.4050,62.4260,63.8201,63.5138,62.9682,63.6318,62.2656,66.1891,64.8845,67.1193,66.8506,68.1542,67.4166,66.4078,66.7308,67.3573,67.0522,67.0522,68.6804,66.2193,70.4060,71.5891,71.5891,74.5252,73.5459,72.5672,72.5672,73.4983,74.4648,74.0405,70.3420,73.0548,69.2604,68.6804,67.6757,66.4831,66.8506,63.5610,63.1585,63.5610,59.0339,57.3062,56.6039,56.3028,55.2178,53.4135,52.2015,52.3259,48.9183,0.0000,0.0000,0.0000,0.0000,0.0000,0.0000,0.0000,0.0000,0.0000,0.0000,0.0000,0.0000
1700000021.550000,-60.0,63.0714,62.1289,64.4981,64.3817,64.9384,61.5224,64.3273,63.3482,66.4831,64.8460,66.7608,66.4078,67.7791,68.7095,68.7095,69.3542,67.9779,69.3181,68.4763,68.8840,72.4707,73.0616,69.4622,72.9452,72.4017,72.6705,72.4224,76.8440,76.8440,77.6660,75.7166,76.0066,76.3217,74.4312,72.9452,73.4302,70.7107,71.5542,70.2140,67.1193,67.2309,65.3911,65.1920,61.6847,60.0833,58.5235,57.7235,58.0517,57.0701,55.5788,52.0865,51.0098,0.0000,0.0000,0.0000,0.0000,0.0000,0.0000,0.0000,0.0000,0.0000,0.0000,0.0000,0.0000
1700000021.600000,-60.9,65.8027,64.8460,66.4831,68.1542,65.7343,67.4685,66.0984,66.0984,66.9104,67.4759,68.2642,69.0652,71.1126,71.0282,73.0616,72.0000,72.0069,71.0070,73.2462,72.1110,74.1080,74.2428,70.2567,73.8241,75.6637,74.6726,77.5242,74.9667,77.9295,75.5381,76.4199,76.2365,76.2365,75.1066,75.1066,72.0278,73.0000,71.0070,71.0000,70.0286,66.0681,67.0298,64.2806,62.2896,60.4070,59.2284,59.2284,57.7235,54.5711,54.0833,54.7814,53.2353,0.0000,0.0000,0.0000,0.0000,0.0000,0.0000,0.0000,0.0000,0.0000,0.0000,0.0000,0.0000
1700000021.650000,-62.1,62.9682,60.1415,63.6396,62.9365,65.1153,61.6198,64.0312,64.2028,63.6003,66.0303,66.8506,67.6757,68.7968,69.4622,67.4166,71.1196,67.5352,69.7711,67.0820,69.7782,70.2140,70.6824,70.6824,71.3092,71.5891,71.3092,71.8679,73.9256,72.2357,75.0267,70.2638,72.4983,72.4500,71.5542,71.5542,70.7107,67.6018,65.5134,64.6607,63.2851,64.0703,61.2944,63.0079,57.8014,57.0088,56.0803,54.4885,54.4518,54.4885,51.0882,51.4004,48.0208,0.0000,0.0000,0.0000,0.0000,0.0000,0.0000,0.0000,0.0000,0.0000,0.0000,0.0000,0.0000
1700000021.700000,-65.2,59.0000,57.0789,63.0714,62.0322,63.2851,61.2944,61.9839,63.1506,62.3699,65.3070,65.3070,64.8460,66.7608,65.8027,66.7608,67.6757,67.7791,67.7791,67.7791,68.9420,68.4471,69.3542,67.5426,70.6612,70.6824,69.7711,71.5542,71.5542,72.4707,71.5542,70.2638,72.4500,68.8767,70.7743,67.2309,68.7095,68.3520,68.0074,61.9839,63.8905,62.8172,60.1664,59.9083,57.4891,56.2939,54.1295,53.4603,52.3450,53.0377,52.0096,50.0899,47.5184,0.0000,0.0000,0.0000,0.0000,0.0000,0.0000,0.0000,0.0000,0.0000,0.0000,0.0000,0.0000
1700000021.750000,-61.6,63.7809,63.7024,63.7024,67.2086,64.3506,65.1920,64.8151,68.6003,64.8151,68.5055,69.6348,69.3397,67.9559,71.0211,68.6003,71.5542,72.8972,71.5542,70.6824,72.0139,71.1758,73.0069,72.0902,74.0945,73.1642,73.9256,75.2728,77.2528,74.0945,77.2528,73.0069,75.0267,73.0069,71.5891,72.9178,72.4500,69.7711,68.4763,66.3702,62.2656,63.6318,61.4003,62.6817,59.3633,58.5235,54.0833,55.4437,53.8145,53.0754,51.6624,51.7397,48.2597,0.0000,0.0000,0.0000,0.0000,0.0000,0.0000,0.0000,0.0000,0.0000,0.0000,0.0000,0.0000
1700000021.800000,-63.7,60.7454,61.4654,62.2415,63.6946,63.0714,64.4050,62.7694,65.3682,66.8880,65.5134,68.7968,68.5055,67.9559,69.6348,69.0652,70.0000,69.0290,68.4105,70.9366,70.0928,71.7008,72.2496,70.7672,72.1388,74.4110,74.3303,73.5935,72.9178,74.3303,70.7672,72.2496,72.9178,73.1095,68.7677,68.7677,69.2026,67.2012,68.2422,63.2456,65.1920,61.0574,61.5873,59.1693,56.8243,55.4707,54.5619,54.1295,56.4624,52.8110,53.4509,50.0100,48.3735,0.0000,0.0000,0.0000,0.0000,0.0000,0.0000,0.0000,0.0000,0.0000,0.0000,0.0000,0.0000
1700000021.850000,-60.6,62.2415,61.2209,63.8201,65.6049,62.4260,65.1920,64.6607,66.0379,66.2420,62.6099,68.4763,69.7711,69.3181,69.7782,68.4471,71.3092,71.3092,70.5762,69.2892,70.2140,70.8378,72.7324,69.8928,72.7324,72.4224,73.3757,75.9605,73.0821,73.6817,74.7262,70.8378,69.5701,72.7324,70.2282,70.0071,69.0797,68.5420,65.3070,64.4050,63.9531,62.2656,60.5392,59.1693,60.5392,56.6039,55.8032,54.6443,54.6717,52.4976,51.6236,50.9902,49.0408,0.0000,0.0000,0.0000,0.0000,0.0000,0.0000,0.0000,0.0000,0.0000,0.0000,0.0000,0.0000
1700000021.900000,-64.4,63.3246,67.3573,67.0522,69.2604,69.3758,68.1542,69.6348,69.2315,69.2315,69.7209,72.8354,74.4312,74.4312,74.3303,76.2365,73.0274,76.0066,74.0000,78.0256,75.0267,76.0066,77.1038,75.0000,77.0260,80.0562,75.1665,78.4092,79.0569,78.1025,77.2334,78.1025,79.2275,77.3175,76.0592,73.0069,73.0000,72.0000,70.0286,68.2642,70.1142,67.2681,67.4759,64.4981,62.6498,61.9839,60.0167,58.2495,58.4637,55.6597,55.3624,52.8015,51.1077,0.0000,0.0000,0.0000,0.0000,0.0000,0.0000,0.0000,0.0000,0.0000,0.0000,0.0000,0.0000
1700000021.950000,-59.4,67.0820,68.8840,72.5328,71.0634,68.9638,70.8802,68.9493,70.0071,73.9256,72.4500,76.5572,76.9675,75.1532,74.2428,75.1798,78.3901,79.6492,77.8974,77.6981,77.9359,76.8505,78.2368,77.3886,79.6304,80.4487,80.8022,81.6088,79.6304,81.0247,78.0064,78.4920,79.6304,80.4487,76.5506,76.8505,76.1577,76.4788,73.3485,72.8972,70.2353,68.9420,68.8767,68.4471,65.9242,65.0000,61.9839,61.9839,60.8769,59.2284,59.5399,56.1427,54.0000,0.0000,0.0000,0.0000,0.0000,0.0000,0.0000,0.0000,0.0000,0.0000,0.0000,0.0000,0.0000
1700000022.000000,-62.6,68.9420,71.1688,68.9493,70.8378,71.8401,69.3758,71.0634,70.2140,72.3671,72.8354,75.3127,76.4199,76.5310,78.1601,77.4145,78.1025,78.2304,74.1080,79.0063,79.0063,79.0063,81.0555,75.0067,80.0250,79.0569,80.0250,82.0549,81.0555,84.0060,78.0577,81.0062,84.0238,80.0062,81.0000,78.0064,75.1066,76.2365,72.6911,75.5381,74.6726,69.2315,69.0507,67.0820,67.6831,65.0000,61.4003,65.1920,62.7694,58.6941,56.7979,55.7584,54.6443,0.0000,0.0000,0.0000,0.0000,0.0000,0.0000,0.0000,0.0000,0.0000,0.0000,0.0000,0.0000
1700000022.050000,-63.1,69.3542,68.9420,68.3520,69.2892,71.1688,69.5701,71.1688,70.0928,75.4321,77.3692,76.4853,78.0897,79.0759,75.8024,75.5381,78.4092,78.6384,79.5110,78.2304,81.0555,79.1581,78.0256,82.0244,83.0060,82.0975,81.0555,81.0062,83.0060,83.0241,85.0059,85.0059,82.0975,82.0549,81.0987,80.1561,80.3057,79.2275,78.4092,74.9667,76.1183,74.5252,69.0507,70.2140,68.4105,64.5601,65.1460,65.1920,61.7414,63.0714,60.3738,57.3062,56.3028,0.0000,0.0000,0.0000,0.0000,0.0000,0.0000,0.0000,0.0000,0.0000,0.0000,0.0000,0.0000
1700000022.100000,-65.1,68.1175,67.0075,71.0282,73.0069,74.0608,71.1758,74.2428,74.5453,74.6726,78.4474,77.6660,79.0759,81.2527,79.5550,80.2808,82.2800,80.3617,81.9085,80.6536,82.5409,82.5409,83.2166,83.5703,84.1724,86.0058,84.6936,85.4927,89.0505,86.0058,86.3308,84.6936,87.4643,87.6641,86.0349,83.2166,84.7585,82.5409,81.3204,80.0812,77.6209,78.3390,75.9276,76.4853,70.2140,69.7209,67.3647,67.1863,67.0671,66.0076,65.0308,62.2013,58.8558,0.0000,0.0000,0.0000,0.0000,0.0000,0.0000,0.0000,0.0000,0.0000,0.0000,0.0000,0.0000
1700000022.150000,-59.9,73.5731,72.0069,74.2496,74.6860,79.7057,74.8465,79.4796,81.9329,82.2192,82.0061,79.1202,84.9294,88.5268,87.5557,89.0505,87.1321,84.0119,88.2836,86.4697,89.9444,87.6926,90.3549,89.2749,91.1976,95.1315,92.1358,97.0206,97.0824,90.0500,97.0052,88.2043,95.0474,94.2603,91.3510,91.4440,92.5419,91.6624,88.9550,89.6772,86.3134,86.3134,82.2253,82.4621,77.8845,77.2010,73.3757,74.6726,76.6942,72.9178,69.3181,67.9559,63.8201,0.0000,0.0000,0.0000,0.0000,0.0000,0.0000,0.0000,0.0000,0.0000,0.0000,0.0000,0.0000
1700000022.200000,-60.7,71.5891,70.2140,70.5762,75.1332,74.3303,77.3175,78.3135,78.1601,79.0063,81.0062,85.0059,83.1505,85.2115,90.1388,86.2090,89.6772,86.9770,87.9659,89.2693,84.1724,89.2693,91.5915,90.0278,91.4440,95.8019,91.6788,94.5939,94.6414,95.8801,91.6788,93.9415,95.9010,96.6902,95.1262,93.2148,91.2414,91.2414,88.6848,87.4643,89.4539,83.3847,82.2982,82.2192,80.0562,77.0000,74.0000,76.1052,76.4199,71.3442,70.8590,68.4105,68.3081,0.0000,0.0000,0.0000,0.0000,0.0000,0.0000,0.0000,0.0000,0.0000,0.0000,0.0000,0.0000
1700000022.250000,-64.9,73.5731,73.4983,75.0000,77.2010,78.4092,77.6209,79.3977,83.4865,82.7345,85.5628,86.2786,84.8646,88.5268,87.9659,86.4523,89.6437,88.7299,88.2383,87.6584,88.7525,89.8888,89.8888,90.4268,90.7359,93.8136,92.4392,97.2471,97.1288,98.0051,95.8801,98.1122,97.1288,96.5660,96.0417,92.9139,94.0479,92.8009,90.8020,89.6437,87.4586,83.6301,84.5044,81.3941,81.4678,77.7946,75.0067,75.0067,72.9178,73.1095,73.0069,67.6018,69.3181,0.0000,0.0000,0.0000,0.0000,0.0000,0.0000,0.0000,0.0000,0.0000,0.0000,0.0000,0.0000
1700000022.300000,-59.6,75.5050,74.9533,76.9220,79.3095,79.4040,77.2010,81.3449,80.7775,80.7775,81.8596,85.0882,86.3308,85.8662,86.3539,85.0000,88.6848,88.5099,85.0882,89.3085,89.0505,89.8721,87.0057,91.0220,91.2140,93.0054,94.6414,96.6747,93.6056,96.8298,95.2680,94.8103,94.2019,97.0052,94.4034,92.4175,92.6553,92.9139,87.3670,85.7555,84.0595,81.9878,79.7559,78.7718,76.1577,73.3553,71.1126,72.2357,71.8679,68.9493,69.9214,68.6586,65.4905,0.0000,0.0000,0.0000,0.0000,0.0000,0.0000,0.0000,0.0000,0.0000,0.0000,0.0000,0.0000
1700000022.350000,-64.0,77.1751,80.1311,80.1311,80.0625,80.5295,80.1124,79.7057,83.0060,82.4621,79.7120,84.8646,86.9770,87.5957,87.2812,88.6002,86.8332,89.2861,88.0568,89.2693,88.4590,88.2950,90.6090,88.8426,91.4112,93.5575,92.0706,93.3809,93.7443,91.4112,92.3959,92.9624,94.1488,94.1488,90.4710,91.2140,88.3233,88.5438,85.0941,85.7963,83.5703,78.3901,79.8499,77.8203,72.9178,75.5844,72.0069,73.0616,70.4557,71.0282,65.2993,66.6033,63.6396,0.0000,0.0000,0.0000,0.0000,0.0000,0.0000,0.0000,0.0000,0.0000,0.0000,0.0000,0.0000
1700000022.400000,-61.3,71.6938,69.4046,75.0000,73.0069,78.0064,72.0069,73.1095,73.7564,73.7564,75.6902,75.0067,74.9533,75.0733,77.1038,75.0733,80.4301,75.4321,79.6492,75.6042,77.8010,79.6492,79.2023,80.8022,82.0975,82.4197,80.7094,80.9938,84.3149,81.8413,82.0975,80.2122,82.6620,82.4197,82.4197,80.4301,80.4301,75.9276,75.8222,72.8629,72.1388,73.5391,67.8822,70.0071,64.3817,65.8559,63.4114,62.6259,59.9083,62.4340,59.5399,58.1808,52.2015,0.0000,0.0000,0.0000,0.0000,0.0000,0.0000,0.0000,0.0000,0.0000,0.0000,0.0000,0.0000
1700000022.450000,-64.7,72.2357,71.6938,72.9178,75.5844,76.9220,72.8972,75.2928,74.0945,75.4718,76.5506,77.1038,78.4920,80.2122,77.8010,78.6003,81.5659,77.2334,77.2334,79.9812,76.3806,78.5175,83.4506,78.4920,81.3941,81.3449,81.3941,83.6301,85.7030,83.6301,84.2912,80.6598,83.4506,82.7587,78.4920,80.6226,79.2086,77.1038,75.1665,72.3464,74.6525,73.4098,70.4344,69.2026,65.4599,64.8999,62.6817,65.0000,62.1772,62.1772,59.5063,58.5235,57.0088,0.0000,0.0000,0.0000,0.0000,0.0000,0.0000,0.0000,0.0000,0.0000,0.0000,0.0000,0.0000
1700000022.500000,-60.5,72.8629,73.6614,72.4707,72.6223,77.8010,72.0069,77.1038,74.8866,74.7930,76.1577,76.5376,79.2591,77.8267,76.4853,76.9220,80.1124,77.8781,79.8499,77.1622,76.8960,79.7120,80.3243,82.5409,83.2406,83.8153,84.2021,83.9345,86.4002,83.5225,85.7263,81.6088,83.8153,82.5409,84.1546,80.4114,79.4796,79.3095,74.2496,75.6439,75.1532,72.4500,71.1196,70.2353,65.8635,65.0000,65.1920,65.4599,63.4114,63.1269,61.5549,58.0000,57.0088,0.0000,0.0000,0.0000,0.0000,0.0000,0.0000,0.0000,0.0000,0.0000,0.0000,0.0000,0.0000
1700000022.550000,-64.8,70.1783,71.0282,70.8025,73.6003,70.4344,70.8378,71.7008,72.2496,74.2765,73.5527,75.6902,75.1665,77.4661,75.2861,75.4321,77.4661,77.6209,75.8024,78.4920,79.3221,77.9359,79.3221,79.3221,80.1311,82.8553,82.4924,81.3019,84.7231,83.8630,80.2621,83.2166,81.8352,80.9938,81.0247,79.4040,79.2023,78.6003,75.8024,74.2024,72.3464,71.0634,72.2496,70.0928,65.7951,65.7951,64.4438,65.2993,62.6259,62.6817,60.7454,60.0333,56.8595,0.0000,0.0000,0.0000,0.0000,0.0000,0.0000,0.0000,0.0000,0.0000,0.0000,0.0000,0.0000
1700000022.600000,-61.3,69.3758,73.4983,73.6817,70.8378,73.7360,71.8679,71.8679,73.4098,73.0069,74.6860,76.4788,77.8267,78.5493,77.3886,78.8923,79.0759,78.8162,77.4209,77.8010,79.2023,78.2368,82.0061,80.6040,80.1561,84.2912,81.6884,82.8794,83.5464,84.1724,82.8070,83.7377,85.9128,82.6196,83.4086,82.4197,81.6088,79.6304,75.4520,74.8866,75.7166,74.4312,73.0616,71.1969,68.8840,66.1891,63.9766,66.3099,63.9062,63.8905,60.8769,60.0167,57.3149,0.0000,0.0000,0.0000,0.0000,0.0000,0.0000,0.0000,0.0000,0.0000,0.0000,0.0000,0.0000
1700000022.650000,-62.6,67.0671,67.0671,68.9638,69.5701,68.1542,68.4105,67.2681,69.8713,68.8840,71.8471,74.8131,74.4312,73.1710,73.3348,72.2496,76.0066,77.0000,72.0000,76.0263,73.0274,76.0066,76.1643,74.0608,77.3175,78.4092,77.1622,78.5175,78.1601,81.4985,79.6304,78.1601,80.3057,79.1012,79.0253,76.0592,75.0000,74.0068,72.0278,71.0282,72.0625,69.1158,71.1758,66.3702,63.5059,62.8013,61.8142,62.3699,60.1664,57.8705,59.2368,57.3847,54.5619,0.0000,0.0000,0.0000,0.0000,0.0000,0.0000,0.0000,0.0000,0.0000,0.0000,0.0000,0.0000
1700000022.700000,-67.8,68.5930,70.7107,69.4262,74.5185,73.8783,73.2462,72.4224,71.6101,73.8173,73.7835,75.4718,76.8505,76.3217,76.6616,78.3901,76.4853,77.8781,72.4500,76.9675,78.9240,76.6942,79.3095,78.9240,79.7120,80.0562,80.6536,81.5966,83.1685,82.2192,79.7120,79.4796,81.9329,81.5414,77.8781,79.7057,77.4726,76.9675,74.7061,73.4302,72.9452,68.6003,69.9714,66.7308,65.1920,63.2456,62.8013,63.2535,61.7171,59.4643,57.2800,58.1378,55.2178,0.0000,0.0000,0.0000,0.0000,0.0000,0.0000,0.0000,0.0000,0.0000,0.0000,0.0000,0.0000
1700000022.750000,-58.8,71.5891,70.6116,77.3692,74.7262,75.2861,72.1249,72.4500,73.4098,76.1577,77.4726,77.3886,77.3692,77.3692,80.5295,80.0625,80.7775,76.5506,81.6333,81.2711,83.0060,78.8162,82.8010,82.2010,82.6196,84.2021,82.3286,83.7377,87.3212,85.4283,85.7963,84.8116,86.8332,84.8116,83.0060,83.0060,81.2711,80.1561,78.5493,78.5493,77.5242,76.0592,72.0694,75.5910,68.8767,68.4251,66.2118,65.7875,66.7308,66.4831,62.5859,60.4070,57.2189,0.0000,0.0000,0.0000,0.0000,0.0000,0.0000,0.0000,0.0000,0.0000,0.0000,0.0000,0.0000
1700000022.800000,-61.9,65.9469,68.1175,67.8012,70.4344,71.6101,68.2422,70.8025,72.4017,72.2011,70.3278,74.3034,73.7902,76.4788,73.8241,76.4853,78.3901,77.4726,76.3217,76.2168,76.8440,76.5506,79.0569,76.8440,79.1202,81.3204,80.0812,79.8123,81.7435,81.3204,82.0061,80.3617,82.8613,81.5966,78.7464,80.6536,78.7718,77.8332,74.3236,74.7329,72.4983,70.6612,70.6612,69.8355,67.6018,65.8635,62.9682,64.0703,63.4114,62.2896,58.1378,60.1415,57.4891,0.0000,0.0000,0.0000,0.0000,0.0000,0.0000,0.0000,0.0000,0.0000,0.0000,0.0000,0.0000
1700000022.850000,-60.3,71.4493,70.0357,70.0928,73.6614,73.1095,71.2180,73.0069,73.8173,73.0069,76.5506,77.6981,78.8923,78.8923,76.9415,78.3901,80.9506,79.6241,78.2624,82.3468,81.5414,81.4371,81.7068,79.4796,80.6536,83.0060,85.0941,87.3155,85.3815,87.2812,85.7030,86.3771,87.9204,87.0919,86.1626,82.6378,83.2586,80.5295,80.0562,79.1770,77.4145,72.0694,72.9452,73.2462,71.3442,70.1783,68.0074,69.4046,67.6240,63.0317,64.3817,63.7024,61.0328,0.0000,0.0000,0.0000,0.0000,0.0000,0.0000,0.0000,0.0000,0.0000,0.0000,0.0000,0.0000
1700000022.900000,-67.3,72.0625,70.1142,71.0282,75.0000,76.0000,75.0600,77.3175,76.1052,78.4092,80.5047,80.3057,82.7345,84.3445,83.5464,82.3772,85.1645,82.0061,81.6088,82.5651,83.8153,86.6833,85.7963,83.1685,86.5390,88.6002,89.8888,87.8465,90.4710,89.6939,90.4710,86.5390,89.8888,90.1388,90.7579,88.2327,87.6641,85.0706,85.1645,85.1645,78.8480,79.3095,79.1202,77.8781,74.1485,74.8131,70.7107,68.3593,72.0278,67.0298,63.0317,67.2681,64.3273,0.0000,0.0000,0.0000,0.0000,0.0000,0.0000,0.0000,0.0000,0.0000,0.0000,0.0000,0.0000
1700000022.950000,-62.6,75.5844,77.2010,81.0247,81.0247,76.6877,86.1220,81.0494,81.3019,85.5862,84.3801,88.2043,87.0230,93.0860,88.0000,93.0484,90.1998,95.1315,88.0909,95.4254,92.4392,93.3435,91.4440,87.9659,95.1893,95.3520,99.8248,97.0824,97.0824,100.0200,98.2700,98.0612,96.8814,97.6729,97.1648,95.8853,94.8947,93.9042,94.2603,93.1933,91.0879,86.1452,92.1358,85.1469,82.0244,81.0247,77.1622,81.1542,79.5110,75.6637,74.7329,72.2772,71.1688,0.0000,0.0000,0.0000,0.0000,0.0000,0.0000,0.0000,0.0000,0.0000,0.0000,0.0000,0.0000
1700000023.000000,-65.5,78.4920,83.4386,80.6102,84.1724,83.4865,87.2066,87.4586,89.0505,93.0054,90.4434,92.9139,93.1933,93.5361,91.4166,94.8947,96.6488,93.0591,91.2360,96.2549,94.7048,94.7048,99.1615,93.9840,102.4597,102.4890,102.2008,104.8093,103.4456,107.8564,98.0816,103.8460,106.0424,102.2008,105.6504,103.7401,102.7862,98.0816,99.0202,101.0198,98.6154,94.0213,90.3383,90.7855,87.2066,89.0056,83.7257,83.2406,85.2350,79.3221,77.0065,79.3095,75.6637,0.0000,0.0000,0.0000,0.0000,0.0000,0.0000,0.0000,0.0000,0.0000,0.0000,0.0000,0.0000
1700000023.050000,-63.9,84.5813,84.1724,86.1626,86.1626,87.3155,86.0349,86.6487,89.1852,92.3472,91.9239,92.6499,93.1719,94.9210,95.7079,95.7079,95.8853,94.8947,94.8947,95.2575,95.2575,97.3293,100.1249,97.1288,99.0202,103.0049,101.0050,104.0048,105.0048,105.0190,105.0190,104.0000,106.0189,106.0424,103.0776,104.1729,103.1213,101.1781,100.3195,98.5089,97.6217,94.2019,92.3959,92.3959,87.8635,87.3212,83.6780,84.7703,84.1190,81.3449,78.9240,78.7210,74.9466,0.0000,0.0000,0.0000,0.0000,0.0000,0.0000,0.0000,0.0000,0.0000,0.0000,0.0000,0.0000
1700000023.100000,-59.6,84.6286,89.6270,85.9826,94.8683,90.2109,93.2952,88.8369,89.4707,94.8262,89.5545,93.1075,97.3088,98.6813,97.4064,97.4064,94.5569,100.2447,94.2550,101.3903,99.2018,98.7623,103.8123,98.2700,103.2473,104.7378,105.0762,109.0367,105.5462,113.0000,104.2353,104.7378,110.3177,108.6738,104.1393,104.5610,102.3914,100.6628,101.6366,100.6628,103.3247,92.9731,96.4624,91.3947,90.4765,87.4643,88.5664,87.7269,86.3539,82.7647,82.8553,80.4487,76.2168,0.0000,0.0000,0.0000,0.0000,0.0000,0.0000,0.0000,0.0000,0.0000,0.0000,0.0000,0.0000
1700000023.150000,-61.7,84.2199,84.3149,85.2115,83.4865,88.0057,85.7030,85.4283,86.4523,86.8332,87.9659,90.7855,89.9389,88.4590,89.1067,91.2195,90.6090,90.0278,89.8721,90.0278,92.4554,91.6788,92.8009,90.6035,95.4411,98.2293,96.0208,99.0202,99.5691,98.7370,97.9081,99.6243,100.6876,99.6243,98.4073,97.4166,96.6747,94.4934,93.6056,92.0217,91.4385,88.4590,87.7269,86.2670,82.7587,82.1340,77.3369,79.6492,78.6003,78.2368,76.3217,72.4707,72.2357,0.0000,0.0000,0.0000,0.0000,0.0000,0.0000,0.0000,0.0000,0.0000,0.0000,0.0000,0.0000
1700000023.200000,-60.0,84.7585,83.5703,83.3847,87.8465,84.1724,85.9069,87.2066,83.6301,85.8662,89.5545,89.0449,89.3085,88.7525,88.2327,88.4816,90.0000,91.4002,90.6035,92.0978,93.7230,89.4986,93.5094,91.4385,94.7629,96.1665,95.4620,96.8762,96.8969,96.8762,97.5807,98.3107,97.6217,96.9381,96.3328,95.1315,94.9210,94.2603,89.4986,89.0225,86.6083,86.0233,87.6584,85.1469,84.0595,79.2591,77.8267,80.5295,74.7329,75.7694,74.4648,73.6817,69.6348,0.0000,0.0000,0.0000,0.0000,0.0000,0.0000,0.0000,0.0000,0.0000,0.0000,0.0000,0.0000
1700000023.250000,-60.7,80.0000,82.0061,81.2711,84.0536,82.0975,84.3149,82.0975,81.6333,84.7231,85.0000,85.8836,86.3308,87.3212,86.9253,87.7269,85.7963,89.3196,82.6378,87.2812,88.2327,87.5957,88.6002,86.4002,91.9239,91.4822,89.4986,92.7200,90.7083,95.5667,91.2195,92.4446,92.4446,93.6803,91.0934,92.0272,87.9204,88.5438,88.6002,85.2350,87.8465,81.0247,81.3941,76.9220,75.5910,74.7061,73.7835,74.0608,73.8173,69.2026,66.8431,69.3109,65.9469,0.0000,0.0000,0.0000,0.0000,0.0000,0.0000,0.0000,0.0000,0.0000,0.0000,0.0000,0.0000
1700000023.300000,-60.2,82.7647,84.5340,86.3539,85.8836,83.7257,84.7231,83.5284,83.2346,85.8021,85.4459,86.8389,86.0523,88.4081,86.6833,86.5563,89.8276,85.5628,87.7838,90.5207,89.1403,88.4138,87.8635,89.8721,92.0978,91.3510,91.5478,92.0054,93.0860,94.6414,93.8616,93.0860,94.4934,94.9210,92.0217,92.7631,90.5207,89.8276,87.0460,87.1149,84.3860,84.3860,80.0562,82.9759,75.8024,75.8024,73.0069,72.9452,74.7930,72.4707,70.2638,68.9493,66.2193,0.0000,0.0000,0.0000,0.0000,0.0000,0.0000,0.0000,0.0000,0.0000,0.0000,0.0000,0.0000
1700000023.350000,-62.4,81.4923,79.7559,80.4984,82.8553,78.7147,79.6053,80.1124,81.0247,82.0792,80.0562,85.4400,84.4808,85.7263,86.1278,85.1645,86.3481,85.5102,85.7030,86.1452,83.0241,86.1452,85.5862,85.7088,86.2090,89.2749,88.2780,91.1976,93.0860,92.1954,92.0869,91.2688,92.4392,92.5419,90.6697,90.4489,87.6926,85.0000,85.3288,83.5464,81.0247,81.7863,80.5233,75.7100,73.7631,75.2861,72.1110,73.3894,69.4622,67.9779,66.2420,66.7308,62.6817,0.0000,0.0000,0.0000,0.0000,0.0000,0.0000,0.0000,0.0000,0.0000,0.0000,0.0000,0.0000
1700000023.400000,-62.9,77.4145,78.2624,79.6241,81.9390,79.7057,79.2023,80.2309,79.4796,80.0562,81.3204,81.9085,81.4923,83.1986,82.0000,84.4038,83.5464,84.5281,83.1865,84.5931,85.3288,84.8528,86.5794,84.4808,88.0511,88.0909,88.0511,88.0909,89.0898,94.1329,90.0888,90.2718,94.4299,90.7965,87.4643,86.9770,85.3288,84.8528,83.3607,84.5281,80.6040,80.0500,78.3390,76.2430,75.0000,72.7324,70.0071,70.6824,68.0294,67.9779,65.3682,62.6817,62.8013,0.0000,0.0000,0.0000,0.0000,0.0000,0.0000,0.0000,0.0000,0.0000,0.0000,0.0000,0.0000
1700000023.450000,-65.4,79.7120,76.1577,78.7909,78.7210,77.3692,79.1581,78.0320,77.5242,79.0759,79.0759,79.6116,81.5414,83.8153,83.6002,81.4002,81.6884,84.3860,82.3286,82.7345,84.1724,83.4506,85.5862,83.4386,85.7030,86.3134,87.1149,86.6833,87.9659,88.6172,88.6172,91.9674,89.1403,89.1067,89.0955,86.9770,84.1487,84.8646,80.9197,80.1561,81.8352,77.6209,77.6209,77.6209,73.6003,70.4557,67.4166,67.2309,69.3542,66.6408,67.7791,64.1950,60.1664,0.0000,0.0000,0.0000,0.0000,0.0000,0.0000,0.0000,0.0000,0.0000,0.0000,0.0000,0.0000
1700000023.500000,-63.2,79.4040,79.9250,84.0536,82.6620,85.0000,84.6286,83.4086,85.4283,85.2760,84.9588,86.3713,83.4386,90.5207,88.5268,86.3713,89.3756,89.3756,87.4586,88.0057,90.2109,88.4081,88.0057,91.0220,90.4268,94.8736,94.0319,93.8136,96.8969,94.0319,95.7183,92.3580,95.9635,96.5194,94.4034,91.4002,92.2009,89.8109,87.4586,87.3212,83.7377,84.9588,82.1340,80.7217,77.0779,74.9667,71.5891,70.9366,71.4003,70.4557,67.9559,67.4166,64.4748,0.0000,0.0000,0.0000,0.0000,0.0000,0.0000,0.0000,0.0000,0.0000,0.0000,0.0000,0.0000
1700000023.550000,-59.6,85.1469,80.8084,85.3288,85.3288,85.9884,79.0759,82.7345,83.4865,85.7088,86.2844,84.0952,88.0057,88.0227,89.0505,89.0225,89.1403,89.2749,88.2780,91.6624,87.6926,88.5664,90.7965,89.1067,92.7631,90.6090,91.2414,93.5575,94.7259,94.7259,93.9415,93.2148,95.1893,95.8853,91.6624,91.4440,89.3588,90.1998,85.0941,88.0909,86.0523,84.0060,81.0062,80.0250,78.1601,77.4145,72.4431,71.7008,70.6116,72.0347,68.1542,68.3520,66.1891,0.0000,0.0000,0.0000,0.0000,0.0000,0.0000,0.0000,0.0000,0.0000,0.0000,0.0000,0.0000
1700000023.600000,-61.0,82.0549,84.4808,84.5931,86.8332,84.8528,86.4928,87.3212,84.2021,85.6154,88.6002,86.6833,87.2812,91.3947,91.1811,91.7606,92.7038,89.8999,90.3770,94.8103,93.0215,90.8240,92.1792,90.9175,94.6678,94.6678,94.6678,96.5194,95.7183,96.2601,96.5660,96.0417,98.4784,93.1504,93.6483,93.5361,90.3383,90.4268,90.7855,87.7269,85.4927,85.4927,79.7057,82.6378,80.7775,78.1089,74.9466,74.0405,69.3758,72.5672,69.5845,68.1175,64.0000,0.0000,0.0000,0.0000,0.0000,0.0000,0.0000,0.0000,0.0000,0.0000,0.0000,0.0000,0.0000
1700000023.650000,-59.2,83.0000,85.0059,86.2090,88.0511,88.2780,83.3847,88.8144,86.5794,87.1321,87.6641,88.8426,90.2441,93.3916,92.1792,91.6788,91.4822,92.6553,90.4434,91.0824,93.0484,92.3580,91.7606,92.4770,96.2549,98.7927,94.3716,98.4124,99.3177,98.4124,96.6644,98.4886,97.5756,95.4620,94.1541,91.7606,92.6984,92.6553,88.8876,87.3613,86.4002,86.1278,83.1986,82.5651,81.0247,79.0759,73.1642,75.5381,74.4312,72.1110,69.0000,67.1863,64.1327,0.0000,0.0000,0.0000,0.0000,0.0000,0.0000,0.0000,0.0000,0.0000,0.0000,0.0000,0.0000
1700000023.700000,-62.8,89.0225,86.5852,88.8426,92.1954,90.7965,93.7443,90.9340,87.6926,91.5478,90.1998,94.1913,97.0206,95.0210,96.0833,94.0000,94.1913,94.1913,95.1893,94.4299,97.6217,94.8947,96.1769,95.7549,97.0824,100.0200,101.2028,99.7246,100.4390,100.1699,101.8676,97.8621,100.0200,99.6394,98.6560,97.0155,96.1769,97.1648,92.9139,90.6697,90.5538,86.3713,84.3801,83.2947,80.0999,80.0062,77.0000,77.0260,75.1066,73.5527,68.7314,70.2140,68.9638,0.0000,0.0000,0.0000,0.0000,0.0000,0.0000,0.0000,0.0000,0.0000,0.0000,0.0000,0.0000
1700000023.750000,-60.9,83.9345,82.5409,87.2812,86.0349,86.0349,82.2192,85.6154,82.6378,85.9069,88.1022,89.8944,91.2414,89.0674,87.4643,88.6848,94.5780,89.5879,91.8096,90.4434,92.2009,91.6079,92.6175,94.2019,95.0158,92.8493,95.1315,94.1754,95.6713,94.1754,99.3579,96.6747,97.9490,93.6002,95.0000,91.4002,96.4002,94.0479,88.2043,86.2844,80.7094,86.2844,82.8553,83.2406,76.0592,76.0263,70.6612,73.9256,70.3847,69.8928,68.6804,66.7083,64.4981,0.0000,0.0000,0.0000,0.0000,0.0000,0.0000,0.0000,0.0000,0.0000,0.0000,0.0000,0.0000
1700000023.800000,-60.6,89.9889,91.7606,94.5569,96.7678,92.0489,90.7579,90.4765,93.0484,96.3846,94.0213,96.6644,95.7079,99.3177,97.9490,96.6023,99.9850,99.1262,92.9624,98.2293,97.9439,101.5480,96.7988,97.9081,101.2126,99.8649,98.2293,102.2008,101.4002,101.8332,102.8008,102.9029,103.7738,101.5480,101.5480,99.8499,99.9850,94.8947,95.7131,92.5905,89.0000,89.0505,87.2066,85.7963,82.4621,80.4114,81.2711,77.6209,80.2808,78.6448,75.8024,73.2462,70.0071,0.0000,0.0000,0.0000,0.0000,0.0000,0.0000,0.0000,0.0000,0.0000,0.0000,0.0000,0.0000
1700000023.850000,-61.3,87.8635,88.5268,88.7299,89.9389,87.2066,88.8651,89.6437,91.8368,89.8721,89.3085,90.9725,96.7471,94.1541,93.9415,96.2549,94.3716,93.4719,92.1358,96.6644,95.3415,94.0213,94.5410,93.4077,97.4166,97.4064,98.6813,99.9600,99.2975,99.9600,97.7190,94.2444,97.4064,100.4639,96.6644,92.8493,94.5410,94.5410,91.2853,91.7061,88.5494,89.5545,88.1930,82.4924,78.5493,78.7718,75.1665,73.6003,75.2861,74.4110,71.4493,69.3109,68.8840,0.0000,0.0000,0.0000,0.0000,0.0000,0.0000,0.0000,0.0000,0.0000,0.0000,0.0000,0.0000
1700000023.900000,-64.3,85.0941,88.1419,91.0000,91.0055,90.0222,86.0000,89.0505,88.3629,89.1403,90.5538,94.0479,90.9340,92.0706,92.7631,92.5743,92.5743,90.0278,94.1488,93.6803,94.3716,92.8924,95.6033,94.9210,97.0824,95.2103,93.9202,97.0824,99.9300,98.0816,98.6813,97.0824,99.3277,98.6712,93.6803,98.7623,98.2344,93.6216,90.2441,88.6454,87.6641,87.4757,82.7345,82.7345,79.7621,80.2247,76.0592,77.0260,74.0000,74.2428,73.4370,68.7314,68.6586,0.0000,0.0000,0.0000,0.0000,0.0000,0.0000,0.0000,0.0000,0.0000,0.0000,0.0000,0.0000
1700000023.950000,-61.6,83.1986,90.0278,94.5410,91.5915,94.0479,89.3588,86.2844,92.1954,92.3472,94.0479,92.0217,96.0052,96.0469,97.0052,95.0210,97.2523,97.3293,97.1288,93.3435,97.3293,97.3293,96.0260,98.8585,98.4784,101.2719,99.8248,99.0404,104.2353,98.4784,104.7378,99.1413,98.1529,103.0970,94.8947,98.5089,96.7471,94.7629,93.1933,93.1933,90.1998,90.0500,88.0511,88.0057,79.0063,80.1561,79.2275,79.3095,78.3135,77.4661,73.4983,73.9797,69.6419,0.0000,0.0000,0.0000,0.0000,0.0000,0.0000,0.0000,0.0000,0.0000,0.0000,0.0000,0.0000
1700000024.000000,-63.8,96.5401,91.9674,92.6337,98.9949,93.5094,89.8276,92.7631,97.1854,95.4254,98.4073,95.6033,98.2293,97.4166,101.7890,99.8599,99.1262,100.8464,97.7548,97.5295,98.8433,98.3870,102.9563,100.1848,102.5524,102.9563,104.2785,104.7855,103.2473,107.1541,103.6195,106.1037,105.7024,104.3887,100.7224,103.3683,100.6479,95.7079,97.5295,99.4786,94.1541,93.2952,92.6499,90.4268,85.7030,83.6002,81.6088,79.8123,78.8733,78.5684,74.9667,76.5768,71.8471,0.0000,0.0000,0.0000,0.0000,0.0000,0.0000,0.0000,0.0000,0.0000,0.0000,0.0000,0.0000
1700000024.050000,-61.3,89.1403,86.5794,88.6848,92.0706,93.0591,92.0706,93.7443,91.4112,93.5575,93.8616,99.0404,95.5667,96.3016,94.2550,96.7678,97.1442,97.7394,94.2444,97.3088,95.8541,97.3088,97.9898,94.9368,101.1336,99.3177,95.7549,101.0742,101.9804,100.1798,102.4158,100.3195,99.3177,100.3195,96.2549,97.3088,97.3088,97.1442,95.1893,93.3006,90.4434,93.3006,84.6463,88.0568,85.1469,80.8084,80.4114,79.5110,77.3175,76.1643,75.0067,74.1080,73.6817,0.0000,0.0000,0.0000,0.0000,0.0000,0.0000,0.0000,0.0000,0.0000,0.0000,0.0000,0.0000
1700000024.100000,-61.3,92.3580,93.4077,95.3415,93.1451,94.8314,91.9837,93.9415,96.0260,97.3242,95.5249,99.6092,102.2399,100.1798,98.0816,100.1249,102.0441,100.0800,99.0000,100.0450,99.0202,97.0464,100.0450,100.0800,103.6967,102.7035,103.4843,105.9292,103.2376,105.9292,104.4797,102.2399,104.6900,103.4843,99.1816,100.0450,97.0464,99.0808,98.0051,98.0000,95.0053,93.1343,90.5538,90.1998,87.6926,87.8237,81.7435,81.3941,80.0812,78.5875,78.1089,73.7360,73.3485,0.0000,0.0000,0.0000,0.0000,0.0000,0.0000,0.0000,0.0000,0.0000,0.0000,0.0000,0.0000
1700000024.150000,-61.2,89.2693,88.8426,89.4427,91.5915,89.1067,91.0824,88.4590,90.2718,92.2659,91.0879,92.1358,93.0054,95.0210,95.0000,97.0206,93.0860,94.1329,91.0879,93.3435,93.4345,93.6483,93.6483,91.6624,95.5249,96.3379,95.7079,99.2472,96.6902,100.0200,95.9010,98.4784,96.6902,98.4784,95.3520,96.1769,91.9239,93.6483,91.3510,91.2688,90.1998,86.0233,88.0227,83.0241,82.0000,80.0062,77.0584,78.2304,77.5242,73.5527,72.5672,71.3092,69.8928,0.0000,0.0000,0.0000,0.0000,0.0000,0.0000,0.0000,0.0000,0.0000,0.0000,0.0000,0.0000
1700000024.200000,-62.9,84.4808,84.1190,90.8240,87.3155,89.1964,87.6641,89.6939,86.5390,89.9611,91.2360,91.7061,93.5361,92.6607,94.1541,93.6483,95.5249,92.6499,92.1141,93.8136,91.5860,95.6922,95.4411,95.6922,97.0052,97.0052,96.8298,96.0469,99.4887,97.8366,98.2344,93.4077,98.0051,99.6394,96.6075,96.8349,97.3499,93.0054,91.8096,89.3588,85.7555,87.2353,86.8332,84.5340,82.3468,80.2309,77.6209,77.1622,76.2168,78.7464,70.8308,70.8590,67.4759,0.0000,0.0000,0.0000,0.0000,0.0000,0.0000,0.0000,0.0000,0.0000,0.0000,0.0000,0.0000
1700000024.250000,-61.7,91.9837,90.0278,96.0260,94.7629,94.8947,87.6926,96.2549,95.1315,96.2549,97.0824,95.1893,98.0459,99.0000,100.0200,99.0051,98.0816,97.3293,98.1835,97.4166,98.6154,99.6092,99.2975,98.7320,102.1078,100.6231,100.2846,102.1812,105.9056,102.1812,103.9423,100.6231,104.0865,101.1187,99.9850,98.4124,98.8585,97.5141,97.1854,96.1301,92.1954,93.0484,87.0230,91.0055,83.0542,84.0000,80.1561,80.6226,80.7527,79.2465,78.6448,75.5844,73.9256,0.0000,0.0000,0.0000,0.0000,0.0000,0.0000,0.0000,0.0000,0.0000,0.0000,0.0000,0.0000
1700000024.300000,-60.7,92.4554,89.1964,92.6337,94.1116,96.8762,89.1403,91.2414,94.7945,94.1754,98.5951,97.8366,99.4887,97.4526,99.6243,98.6002,100.9554,95.7183,99.2975,96.3846,99.4786,99.6444,97.6166,100.8464,101.0742,101.5332,99.7647,102.4597,106.9299,100.3195,106.9299,101.0792,101.9657,101.5332,100.7224,98.4886,100.8464,98.2700,93.4933,92.1141,90.1388,91.8096,87.9204,90.8020,82.6196,81.2158,80.1561,82.0366,77.8974,79.9312,76.5768,75.4321,72.4017,0.0000,0.0000,0.0000,0.0000,0.0000,0.0000,0.0000,0.0000,0.0000,0.0000,0.0000,0.0000
1700000024.350000,-64.3,89.6772,91.6624,90.8020,94.2019,91.0055,90.8020,92.6499,94.3716,97.2677,92.6553,97.0824,95.1893,99.2975,98.4327,98.0816,97.4987,99.0051,98.2344,98.4886,98.4124,96.1769,101.5185,94.8472,99.1262,99.7647,102.9563,103.9423,101.2126,102.5768,102.9563,101.5332,102.5768,99.7296,98.8382,102.0441,95.8541,97.1700,93.9840,94.5780,94.9210,90.4434,89.1852,84.7703,83.4326,81.7863,78.2624,78.8543,80.7527,75.2396,75.0267,74.0270,71.1758,0.0000,0.0000,0.0000,0.0000,0.0000,0.0000,0.0000,0.0000,0.0000,0.0000,0.0000,0.0000
1700000024.400000,-61.4,88.2383,86.4002,90.8020,92.0054,93.6002,92.4175,92.3580,94.0319,92.6499,94.6678,97.1288,94.4140,97.5295,96.1769,93.4773,95.7549,96.6644,94.5410,93.0484,95.8541,97.6934,97.3088,93.0484,99.4585,97.7190,96.1665,100.9604,101.9215,100.0000,103.1601,98.6813,99.9300,102.8834,99.7246,98.6154,96.9330,94.3398,93.6216,93.2309,90.4710,87.6641,87.6584,86.9540,83.2406,80.7775,76.5506,78.0064,79.8123,79.0253,73.6614,72.1249,70.9366,0.0000,0.0000,0.0000,0.0000,0.0000,0.0000,0.0000,0.0000,0.0000,0.0000,0.0000,0.0000
1700000024.450000,-58.1,90.4268,93.2363,94.8472,97.0824,94.7629,96.8969,92.6337,94.7629,95.5877,97.8366,101.2373,100.0050,101.5332,97.2008,99.0202,103.0049,99.5691,99.5691,101.5480,98.4784,98.1835,101.7104,99.6444,101.5185,104.4462,101.5332,104.6518,104.2017,104.6518,103.3151,101.9657,101.0742,103.3538,99.9850,99.9850,101.8725,101.0198,96.5660,95.9635,95.1315,90.8020,91.4002,89.2020,88.4081,79.9812,79.6492,83.6301,79.1960,79.9812,76.5768,76.0263,73.7835,0.0000,0.0000,0.0000,0.0000,0.0000,0.0000,0.0000,0.0000,0.0000,0.0000,0.0000,0.0000
1700000024.500000,-60.6,93.3006,94.2444,94.5569,99.9300,95.3363,96.5660,97.2677,96.7729,97.5141,99.8248,100.8067,100.1299,100.8415,100.7174,100.7174,100.3195,102.4890,98.3260,100.0450,100.1249,100.0800,103.0437,99.0202,105.1190,105.1190,104.0769,105.1713,106.1179,107.0747,105.1190,106.0424,106.0754,106.0189,105.0000,102.0196,102.0441,102.0196,98.0816,97.1854,97.1288,94.5304,92.7793,89.8053,87.8237,86.3134,82.7647,83.6780,82.0061,81.6088,80.3243,78.3901,75.5910,0.0000,0.0000,0.0000,0.0000,0.0000,0.0000,0.0000,0.0000,0.0000,0.0000,0.0000,0.0000
1700000024.550000,-65.3,90.3770,92.1358,93.7763,97.1700,97.3088,98.4886,91.5478,96.1353,94.5569,93.6803,100.6876,100.9604,98.7623,101.4150,98.2344,100.6628,101.0000,96.5401,100.2846,101.6071,99.6394,100.4490,99.9850,100.4988,101.4938,99.3227,103.8171,101.9657,105.5746,102.3963,98.9949,104.0865,103.4070,100.9752,101.7890,101.0000,100.8067,97.7446,96.3016,97.5295,92.3472,92.3472,90.1388,86.3308,89.0505,82.7647,82.7345,80.0625,81.3019,78.8162,74.6324,75.1665,0.0000,0.0000,0.0000,0.0000,0.0000,0.0000,0.0000,0.0000,0.0000,0.0000,0.0000,0.0000
1700000024.600000,-56.4,93.7443,95.1315,92.9139,97.6524,97.0052,97.8008,96.4002,93.0860,98.8585,97.1854,99.9050,101.2373,102.5524,98.2904,100.4191,101.2373,104.7378,99.7246,100.5684,98.8585,102.0686,100.4241,94.6414,104.4031,103.2279,106.0189,105.2093,105.4372,112.6455,105.4372,105.4372,107.4151,102.6158,104.2017,103.0776,101.5332,99.9050,101.9117,96.8969,94.9210,92.6984,94.0479,89.8276,90.5538,87.3212,84.4038,83.2346,83.4865,79.3221,79.7559,78.2943,74.9466,0.0000,0.0000,0.0000,0.0000,0.0000,0.0000,0.0000,0.0000,0.0000,0.0000,0.0000,0.0000
1700000024.650000,-59.6,97.4936,96.1769,94.5304,95.7549,97.8673,94.6414,96.2549,96.0833,99.0202,97.0464,99.0051,102.0049,100.0050,100.1249,99.0454,100.0800,100.3195,103.6967,98.7320,99.8499,97.8673,98.0051,98.9949,102.8397,100.0200,102.3914,102.3572,104.7855,105.9906,108.6692,104.7855,107.2007,104.3456,103.7545,103.9423,100.2846,100.2846,97.7394,95.5249,96.8762,93.3435,95.2575,90.1998,87.0230,88.0227,83.0060,86.0233,81.3941,83.8630,79.9062,82.2253,74.9466,0.0000,0.0000,0.0000,0.0000,0.0000,0.0000,0.0000,0.0000,0.0000,0.0000,0.0000,0.0000
1700000024.700000,-63.1,92.6499,93.1719,91.7823,96.5401,94.3663,95.7079,93.2148,95.1893,94.5304,90.3549,94.3398,99.2472,95.1893,98.0816,98.0816,97.0464,98.0459,93.0215,97.2523,100.1249,97.1854,94.5304,93.2631,98.6154,98.6154,99.6092,99.9850,98.0051,101.6071,100.4490,103.0970,101.9657,100.8415,98.8585,98.5089,95.3363,98.2497,94.3398,93.1343,93.0484,89.0000,89.0056,88.0057,86.0058,87.0517,82.4924,79.7621,80.0625,77.1038,77.3692,74.3303,73.1642,0.0000,0.0000,0.0000,0.0000,0.0000,0.0000,0.0000,0.0000,0.0000,0.0000,0.0000,0.0000
1700000024.750000,-62.9,93.6483,92.7793,96.0260,95.6347,98.4784,94.5410,98.2700,96.7729,97.2934,100.1699,96.5660,100.5783,102.1421,99.2975,100.8811,104.9238,99.9600,99.6243,100.3195,101.2373,100.3195,98.4124,101.1336,102.0000,101.1187,101.7104,101.7104,103.9423,102.0833,105.5888,104.2353,101.5972,105.5462,101.9804,97.9439,104.2017,98.4886,98.8989,96.3846,93.7763,93.9840,89.8888,91.7606,84.7703,86.8332,81.2527,85.1469,78.2624,84.0119,79.6304,77.0260,74.1080,0.0000,0.0000,0.0000,0.0000,0.0000,0.0000,0.0000,0.0000,0.0000,0.0000,0.0000,0.0000
1700000024.800000,-65.4,93.5361,93.7710,96.3328,97.3293,98.2497,93.1933,96.0469,97.1288,97.1854,100.0200,99.0808,99.1262,100.1798,99.5038,100.1798,102.4890,97.8673,97.5141,95.7549,99.9850,99.8499,99.9850,98.4784,105.9906,101.2028,99.4636,102.6109,102.8397,102.1812,105.2616,99.8248,101.4347,104.9381,100.8415,103.5857,100.9752,99.7246,97.6217,94.5304,92.2659,93.0484,89.0898,92.0217,85.0529,86.3713,80.2247,82.2010,81.3941,84.3445,78.8543,79.1202,74.6726,0.0000,0.0000,0.0000,0.0000,0.0000,0.0000,0.0000,0.0000,0.0000,0.0000,0.0000,0.0000
1700000024.850000,-63.0,95.8019,93.8136,89.8721,96.2601,96.2601,94.5780,96.0417,97.4166,96.2549,98.9798,97.1288,98.4124,101.9657,101.9804,97.9898,101.7693,97.6934,99.0051,96.1353,99.9600,96.5660,102.7862,96.4624,95.8801,103.1601,102.8834,104.2929,103.5809,104.8093,102.1078,99.0404,104.6948,101.8332,98.9798,102.1421,102.4597,100.0900,99.0051,95.8541,95.7549,90.8020,88.1022,88.5494,85.8836,85.0000,80.4550,82.0975,80.4487,80.4301,79.8123,75.0067,75.7430,0.0000,0.0000,0.0000,0.0000,0.0000,0.0000,0.0000,0.0000,0.0000,0.0000,0.0000,0.0000
1700000024.900000,-58.2,92.6984,91.1811,94.4299,96.6075,94.4299,93.9415,96.1509,97.5295,100.1798,97.4166,99.4786,101.7104,98.7927,101.7890,99.8599,100.2098,99.4032,94.2019,99.4887,100.7671,96.6747,98.8585,97.3088,104.6518,99.7246,99.0353,101.8627,105.3613,105.3613,103.9663,100.5684,100.4092,103.3925,104.8046,101.4150,98.4937,99.6394,96.8298,93.2309,94.4034,91.2634,91.5260,88.7525,84.3801,84.5991,81.4923,80.5295,80.6226,77.3886,75.8947,75.2861,72.0069,0.0000,0.0000,0.0000,0.0000,0.0000,0.0000,0.0000,0.0000,0.0000,0.0000,0.0000,0.0000
1700000024.950000,-60.5,86.2844,91.2688,89.6772,98.8585,92.2280,94.0479,92.3959,92.7631,93.3809,94.3716,95.3363,97.4166,95.8801,98.3514,101.8332,94.2444,97.7394,93.6216,95.7549,95.3415,94.9368,97.5090,91.2853,99.8499,97.4936,100.6479,101.2126,100.8464,102.5768,101.2126,98.8382,100.6479,100.1848,96.1769,97.9898,97.5756,95.7549,93.1075,95.4620,94.7048,87.6641,90.4765,86.3308,85.0706,82.4621,79.5550,79.4292,78.2624,76.1183,73.6817,76.1643,71.0070,0.0000,0.0000,0.0000,0.0000,0.0000,0.0000,0.0000,0.0000,0.0000,0.0000,0.0000,0.0000
1700000025.000000,-64.2,99.0353,97.1854,96.6747,96.8298,99.0202,98.2344,101.8332,96.0208,104.0096,100.7025,103.4698,104.0096,104.3072,106.1744,102.2155,107.7822,99.7447,102.8834,102.9563,106.1037,102.9563,106.4049,103.4698,107.3359,105.4751,104.5466,108.5035,112.0089,108.5035,110.7249,105.4751,110.4943,108.4620,105.3091,104.3887,108.6738,103.7545,99.2975,101.5972,97.2471,98.4886,92.7847,97.4166,90.9725,88.7525,85.4459,86.4002,84.6463,87.6926,83.4865,79.0253,78.6003,0.0000,0.0000,0.0000,0.0000,0.0000,0.0000,0.0000,0.0000,0.0000,0.0000,0.0000,0.0000
1700000025.050000,-64.7,86.6083,88.4816,88.6002,89.3085,89.3085,87.8009,87.8009,90.2718,88.4081,87.3212,93.3809,94.0691,91.9239,93.3809,93.3381,91.9674,92.0978,87.9659,95.9010,94.1754,97.3088,94.0213,92.0054,96.8349,96.2601,95.9635,101.7890,98.4733,99.2975,95.1315,99.6243,96.6075,101.0445,97.4526,97.9490,93.4077,96.5401,90.9065,90.1388,90.5538,86.3134,86.9770,86.2670,79.9312,77.8974,75.8222,78.0064,77.3886,76.0066,76.0066,70.2353,70.7743,0.0000,0.0000,0.0000,0.0000,0.0000,0.0000,0.0000,0.0000,0.0000,0.0000,0.0000,0.0000
1700000025.100000,-61.0,91.0824,85.5862,93.5361,91.5478,91.2688,85.2878,91.0879,91.1373,93.0054,95.0000,95.0210,94.0851,95.0842,97.3293,98.2497,98.6154,94.7629,93.6483,92.2280,97.1648,94.8947,98.2700,95.8019,97.5295,101.1385,100.4241,99.4585,100.9604,103.1601,101.2423,98.9545,100.8960,102.8397,100.0200,101.2028,97.8621,96.6902,96.6902,93.0591,91.6624,92.4392,88.5664,88.3629,84.2912,81.0247,83.0060,82.0244,80.0562,78.2304,77.4145,75.1332,71.5681,0.0000,0.0000,0.0000,0.0000,0.0000,0.0000,0.0000,0.0000,0.0000,0.0000,0.0000,0.0000
1700000025.150000,-65.5,88.6848,87.2353,95.2575,90.3383,94.3716,92.8493,89.6939,93.6376,94.3398,96.3846,94.2444,93.6376,96.4624,100.4241,96.7729,99.0404,96.5091,96.1041,96.1769,96.3379,99.9850,99.3227,102.5914,100.2447,101.4938,97.4166,103.1746,105.0428,103.0437,105.0428,101.0792,102.1225,104.2353,103.3102,101.4938,101.4938,98.4124,95.3363,94.3663,93.3809,93.2148,87.6641,91.4440,83.6780,83.1986,83.8153,81.9085,79.1202,78.9240,76.4853,79.9250,72.4224,0.0000,0.0000,0.0000,0.0000,0.0000,0.0000,0.0000,0.0000,0.0000,0.0000,0.0000,0.0000
1700000025.200000,-59.2,88.2950,91.6788,91.9239,94.5569,91.3947,95.1893,93.6376,93.7763,96.2081,93.7763,96.2549,101.0792,97.9439,100.1848,97.4936,95.3834,99.9850,97.1288,97.3499,99.8649,96.2601,99.8649,98.7370,100.2098,99.4032,104.2017,101.8283,105.8017,106.0424,107.0047,103.2327,105.8915,107.2007,104.2929,99.5691,103.7738,101.0198,95.3834,95.5249,92.2822,93.9415,90.7855,93.0215,88.1419,85.6154,83.3847,85.0941,81.2711,78.1601,78.4474,77.6466,78.4092,0.0000,0.0000,0.0000,0.0000,0.0000,0.0000,0.0000,0.0000,0.0000,0.0000,0.0000,0.0000
1700000025.250000,-60.4,87.6641,90.9560,88.8876,93.9628,86.6487,87.5957,87.9204,92.1141,90.0777,88.3912,94.0213,94.3716,93.0215,95.3834,99.7296,90.9175,96.0417,91.9239,95.9635,95.9635,97.9081,96.6075,93.2309,100.2646,96.4002,101.0445,99.9050,100.8960,105.1190,98.8585,102.6158,101.0445,99.0202,100.4241,101.4002,97.0824,97.3499,95.7183,94.6678,95.7183,88.1930,90.8240,86.8332,84.9706,83.6720,84.1724,83.9345,78.1857,79.4040,76.4003,74.3303,74.3303,0.0000,0.0000,0.0000,0.0000,0.0000,0.0000,0.0000,0.0000,0.0000,0.0000,0.0000,0.0000
1700000025.300000,-60.2,73.0548,74.6324,76.9220,79.8123,75.9605,76.9220,79.1202,80.2808,75.9276,78.4474,82.3772,82.7345,83.7257,79.7621,80.7527,81.3941,81.3019,79.2275,79.1581,83.0963,82.2192,85.0235,80.0562,84.0536,83.0000,86.0058,87.0517,86.1452,88.0511,89.1403,88.0227,87.0057,84.0000,84.0536,85.1469,84.0952,81.1542,79.4040,80.3990,78.5175,75.6637,75.8024,75.1332,70.2140,66.7083,68.6804,67.4463,66.0984,65.7875,64.0781,61.7171,60.0333,0.0000,0.0000,0.0000,0.0000,0.0000,0.0000,0.0000,0.0000,0.0000,0.0000,0.0000,0.0000
1700000025.350000,-62.4,86.0233,87.6185,86.4002,93.0860,89.6437,88.8651,90.0278,88.4590,88.4590,93.3488,96.2081,96.2081,93.7230,98.4937,95.5249,94.6414,97.1854,93.4077,93.8136,95.0000,93.8616,96.0208,95.6922,98.7927,98.2700,98.7927,99.8599,101.7104,100.7025,99.4786,99.8649,105.3945,101.7890,101.6071,98.0051,96.6075,94.0479,93.8616,94.6414,93.8616,90.7855,89.1403,87.0000,84.8528,82.0366,79.3977,79.5110,77.6209,77.6660,78.7718,74.4312,69.7782,0.0000,0.0000,0.0000,0.0000,0.0000,0.0000,0.0000,0.0000,0.0000,0.0000,0.0000,0.0000
1700000025.400000,-64.0,84.0952,87.0517,88.2780,90.3549,86.3713,87.4643,87.8237,88.1192,88.9550,89.4427,92.1954,92.4175,90.2441,92.8924,90.7083,94.9210,89.8443,89.8443,92.0272,89.8109,92.6553,93.9840,92.4770,94.9368,95.4620,96.2549,98.6154,98.4886,99.5389,99.0051,100.6578,99.7246,99.6243,98.3514,94.8683,94.5569,95.2103,93.1451,95.5667,87.5557,85.9069,85.3756,84.8528,82.0366,82.6075,77.1038,78.0577,76.0066,75.0067,74.0608,73.6817,70.0357,0.0000,0.0000,0.0000,0.0000,0.0000,0.0000,0.0000,0.0000,0.0000,0.0000,0.0000,0.0000
1700000025.450000,-67.5,86.0000,86.0233,89.0898,89.0225,90.2718,85.2115,88.9550,88.5664,93.9042,93.0591,91.0824,94.0479,94.3663,92.9624,94.5939,96.3016,90.9560,93.4077,92.3472,94.2444,93.3006,96.0052,94.5569,98.0867,97.1442,97.8621,99.8098,99.8098,97.9898,100.2247,97.1700,102.4597,100.4639,96.9330,96.7988,98.3514,95.1893,91.7606,91.9239,89.2861,92.1954,87.3212,88.8426,80.2309,82.7647,78.5175,81.4985,75.3260,79.0063,74.0608,73.3348,72.8354,0.0000,0.0000,0.0000,0.0000,0.0000,0.0000,0.0000,0.0000,0.0000,0.0000,0.0000,0.0000
1700000025.500000,-65.1,87.8009,85.1645,89.9889,89.4986,93.9628,90.5207,90.8240,93.3006,91.1811,93.9840,95.0789,95.2733,94.8103,96.1769,92.1358,96.7471,92.7847,91.3017,90.9725,96.5194,94.0319,96.2601,95.4149,100.2098,98.6002,99.2018,100.2646,101.8283,100.2646,103.2327,97.8008,99.6243,100.8018,99.6243,98.0051,98.2293,96.2601,94.5780,95.1893,91.9239,92.1141,89.1852,89.9444,84.0773,85.4283,80.5295,79.4796,81.3449,79.6994,75.6902,74.5252,71.5681,0.0000,0.0000,0.0000,0.0000,0.0000,0.0000,0.0000,0.0000,0.0000,0.0000,0.0000,0.0000
1700000025.550000,-61.8,83.7377,87.2066,82.0366,89.8721,84.8646,86.2670,79.9312,81.5659,84.8999,90.0000,83.6002,91.0659,86.5332,92.1792,94.8103,85.4751,87.7097,86.3134,86.3134,91.7878,92.1792,89.5377,85.8662,101.2423,93.9415,93.6216,91.7606,101.9510,93.7763,89.5600,92.3472,97.3088,90.8240,96.5660,96.6644,91.3893,90.3770,95.7131,84.5813,87.7269,89.4427,83.7257,85.9593,78.7718,79.9250,77.2010,75.1665,77.4209,77.0065,75.9276,69.3109,68.6804,0.0000,0.0000,0.0000,0.0000,0.0000,0.0000,0.0000,0.0000,0.0000,0.0000,0.0000,0.0000
1700000025.600000,-62.9,85.5102,87.0976,86.3481,89.2693,88.7694,88.7694,88.3233,88.6002,90.1388,89.1964,90.8240,91.5478,92.3093,93.1075,93.6216,92.1303,93.0215,89.8944,93.5361,92.1792,93.9415,94.5145,90.0500,95.1315,96.2549,95.9635,98.4733,97.9081,100.6876,97.0824,99.3227,99.3227,99.9850,97.6166,96.7471,94.8947,94.0213,93.0591,93.4719,93.0376,89.0505,87.4643,85.7963,83.2166,81.6088,77.3692,78.8543,78.6448,76.1183,75.6637,73.1710,72.0069,0.0000,0.0000,0.0000,0.0000,0.0000,0.0000,0.0000,0.0000,0.0000,0.0000,0.0000,0.0000
1700000025.650000,-58.4,86.0349,88.2327,88.6002,88.8876,91.4822,87.0919,86.3481,90.9560,90.2441,90.6090,92.3959,90.0944,91.0824,90.9340,89.8053,91.4440,94.3398,94.4299,92.0217,93.0215,93.0484,94.0053,93.0000,95.0474,96.0469,92.1358,99.0202,96.1873,97.1288,97.0824,97.0206,99.0454,98.0204,96.0469,97.0052,97.0464,94.1329,91.2688,91.4440,89.3588,90.6697,88.6848,89.2693,84.1724,82.7647,80.2808,80.6536,78.1601,77.8332,74.3236,72.8972,72.4017,0.0000,0.0000,0.0000,0.0000,0.0000,0.0000,0.0000,0.0000,0.0000,0.0000,0.0000,0.0000
1700000025.700000,-63.2,94.3398,93.1933,89.6270,95.4149,89.8721,94.8683,93.4077,92.6175,93.2363,91.4385,95.1315,95.5877,97.0000,96.9381,101.1187,93.3809,97.0000,90.6090,97.9490,97.3088,98.7168,96.2133,94.8103,98.2293,101.8332,99.8649,101.7890,98.7370,103.4698,98.7370,101.8332,103.2279,101.6071,101.4002,101.0445,95.0000,101.0445,95.0158,92.6984,95.5877,89.8276,92.6337,87.6812,87.0000,83.5464,80.2808,82.8010,79.6304,78.8162,78.8923,75.5844,74.4648,0.0000,0.0000,0.0000,0.0000,0.0000,0.0000,0.0000,0.0000,0.0000,0.0000,0.0000,0.0000
1700000025.750000,-62.2,86.0930,89.0898,88.2780,90.4489,88.6848,90.3549,85.9884,89.2693,90.2552,88.8426,93.8616,88.0568,91.2140,89.5600,93.9202,90.8240,89.8888,88.0227,92.1954,92.6121,89.5545,93.9415,90.3383,94.8947,94.0213,96.2549,97.2471,95.8801,97.7548,93.4933,95.0158,95.8801,97.6166,93.4773,93.4773,90.7855,92.5743,91.7878,90.8735,89.9611,84.6936,88.2383,84.3090,81.5966,81.5966,78.8480,76.4003,76.9025,73.3485,72.8354,72.1734,70.0286,0.0000,0.0000,0.0000,0.0000,0.0000,0.0000,0.0000,0.0000,0.0000,0.0000,0.0000,0.0000
1700000025.800000,-61.7,88.0057,87.1436,89.1403,91.1976,92.2659,89.0505,88.5664,88.4590,89.8053,92.7793,92.0706,91.4112,93.3809,94.9210,92.4175,92.4446,89.5600,93.1451,91.0934,93.6376,92.3472,94.5780,89.5377,95.6347,95.4620,94.7048,95.8541,98.6154,97.3088,101.6366,96.3846,98.4327,98.2344,95.8593,94.5780,93.6056,94.5569,91.9239,89.4986,87.3212,87.5557,86.8850,88.8426,84.0119,81.0494,76.3217,79.3095,76.0592,75.0067,73.1710,70.5762,71.8053,0.0000,0.0000,0.0000,0.0000,0.0000,0.0000,0.0000,0.0000,0.0000,0.0000,0.0000,0.0000
1700000025.850000,-62.0,93.9149,91.2414,93.9840,93.6216,94.2444,93.4077,92.6984,92.3472,92.6553,93.3006,94.1116,96.5401,96.3172,96.7729,96.5401,96.3379,95.8853,92.9139,93.6483,95.6347,95.7549,94.5304,96.3328,97.0052,99.0808,98.0204,100.0050,100.0450,100.0050,100.0050,98.3260,99.1262,102.1763,100.1249,96.5194,97.2523,95.3363,95.5249,95.0368,91.6624,91.7823,90.4268,90.4268,84.1724,83.9345,80.0812,83.4865,82.0792,80.7775,76.0263,76.9415,73.2393,0.0000,0.0000,0.0000,0.0000,0.0000,0.0000,0.0000,0.0000,0.0000,0.0000,0.0000,0.0000
1700000025.900000,-63.7,89.0225,86.1278,89.4986,89.7385,90.0278,86.6833,88.4590,90.0278,90.9340,89.9444,92.7793,91.4440,92.6553,91.5478,93.1933,94.0053,93.0215,90.0222,90.0500,92.0217,92.0217,93.1933,91.1373,91.4440,96.2549,95.5249,98.7320,97.4166,96.6282,98.7320,94.6414,96.6282,96.4210,95.1893,94.3398,96.0208,91.0220,89.0225,90.0000,88.0511,87.0517,85.1469,87.2066,80.3990,79.4040,77.4661,76.6877,78.8543,74.2159,74.9466,70.3847,68.4471,0.0000,0.0000,0.0000,0.0000,0.0000,0.0000,0.0000,0.0000,0.0000,0.0000,0.0000,0.0000
1700000025.950000,-62.7,87.7097,88.1022,93.5201,95.2575,92.1954,89.5545,93.0484,91.4166,92.3580,95.1893,95.2733,95.5092,95.6033,96.1665,92.1792,95.8019,93.7443,94.3663,93.2148,95.6347,93.7710,98.4124,94.5304,97.3293,98.7320,97.3293,98.0816,101.1237,98.1835,102.1763,99.1262,102.0784,101.2423,100.2447,98.2497,99.8499,96.0260,95.9010,95.1262,89.4427,91.9837,86.8850,91.0055,85.3756,82.7103,80.0812,79.6994,80.3243,81.5414,77.4145,75.4718,73.0069,0.0000,0.0000,0.0000,0.0000,0.0000,0.0000,0.0000,0.0000,0.0000,0.0000,0.0000,0.0000
1700000026.000000,-63.0,90.1388,88.9550,89.5545,91.3893,93.5201,89.0000,90.3549,89.4707,91.7878,92.2822,94.4140,93.2952,96.2549,96.7988,91.5260,95.6033,91.2140,94.2019,93.0860,95.0158,95.6713,94.1116,94.0691,99.0051,99.0353,94.7523,99.0858,97.6217,99.2472,101.4150,99.0858,98.4124,99.7246,97.6217,96.8762,99.0051,95.4620,93.6056,89.2749,87.4586,90.6090,85.9128,87.0057,79.8123,82.4197,81.0247,79.6116,79.4040,76.0263,77.8781,75.6108,68.0074,0.0000,0.0000,0.0000,0.0000,0.0000,0.0000,0.0000,0.0000,0.0000,0.0000,0.0000,0.0000
1700000026.050000,-58.2,91.4822,89.7385,90.8020,96.1041,91.9837,91.5915,92.0706,91.9239,92.9139,93.3435,95.5249,94.1329,96.1873,94.0479,96.0833,97.0052,95.0053,92.0054,95.1893,95.1893,95.3363,95.3363,93.3435,97.0155,98.4784,97.0155,100.6231,100.1299,99.2975,99.2975,99.9850,101.9657,100.8415,98.7320,98.5089,97.6217,95.5249,95.2575,95.1893,95.0842,92.0000,90.0000,88.0227,84.0536,82.2192,80.5047,81.8841,83.3607,76.4853,77.3692,75.8947,73.0069,0.0000,0.0000,0.0000,0.0000,0.0000,0.0000,0.0000,0.0000,0.0000,0.0000,0.0000,0.0000
1700000026.100000,-65.3,90.0278,86.5852,90.8020,90.4268,90.8020,87.1321,87.4643,89.5600,91.4440,93.1343,91.2688,94.0213,94.0479,94.0213,94.0000,94.0851,91.1976,95.3363,93.3435,92.7793,92.6553,94.2019,90.2552,93.9415,96.6902,94.9210,98.7168,97.0155,98.9545,100.1699,96.5401,97.5141,99.6895,100.2247,97.6729,96.1769,94.0479,94.7629,92.5419,92.6553,92.4392,90.2718,88.0511,86.0930,83.0963,81.0000,80.0999,80.0250,78.5175,78.0897,76.1577,72.4224,0.0000,0.0000,0.0000,0.0000,0.0000,0.0000,0.0000,0.0000,0.0000,0.0000,0.0000,0.0000
1700000026.150000,-60.9,94.8262,89.4707,93.6216,94.8472,94.4299,94.5410,92.6553,93.0054,91.0934,96.8401,98.0306,98.0816,96.7729,96.5401,95.3415,96.0260,98.0051,94.6414,96.5194,98.2497,98.2497,97.0464,97.2523,100.0450,101.1237,101.0050,103.0776,104.0433,101.1781,106.0189,102.0196,106.0754,108.0417,104.0048,101.0000,100.0800,101.0792,98.6154,96.7471,93.4345,99.4082,93.3435,93.7710,91.0824,86.8332,86.3134,84.4038,85.1469,85.7030,82.6378,82.2922,76.5376,0.0000,0.0000,0.0000,0.0000,0.0000,0.0000,0.0000,0.0000,0.0000,0.0000,0.0000,0.0000
1700000026.200000,-60.9,85.8662,87.2066,90.2109,89.1852,91.5860,86.5332,87.0919,90.9725,91.2688,92.4175,95.2103,93.4077,93.0860,93.7230,93.0860,92.7631,91.9674,92.6984,89.9389,91.9674,91.2853,97.7446,95.0158,96.4002,97.4526,97.6166,99.8098,101.6071,97.2008,105.2093,96.0469,101.4002,101.6710,97.3088,100.7671,100.5684,99.7647,91.9674,94.7945,90.5097,90.5538,88.4138,92.0978,85.7963,86.0523,81.6088,79.4040,80.9938,82.3650,75.1332,78.3901,75.2728,0.0000,0.0000,0.0000,0.0000,0.0000,0.0000,0.0000,0.0000,0.0000,0.0000,0.0000,0.0000
1700000026.250000,-62.3,86.3308,90.3383,91.7061,91.2853,94.1541,87.4643,89.1964,91.7061,94.2444,91.0934,93.3006,92.1792,95.8019,94.1488,97.2934,94.9210,94.3663,92.2280,94.0479,94.5304,95.5249,97.3293,93.5361,96.0833,99.1262,99.0202,101.0198,102.1225,104.0192,101.0050,100.1798,101.0792,100.1249,101.3163,100.1798,99.4082,97.3293,97.0155,97.8673,94.8947,91.2414,90.7083,89.8220,86.5852,87.3613,83.2406,86.3771,83.9345,81.1542,78.2624,76.5376,77.2010,0.0000,0.0000,0.0000,0.0000,0.0000,0.0000,0.0000,0.0000,0.0000,0.0000,0.0000,0.0000
1700000026.300000,-62.1,89.8721,91.8096,90.4268,94.3398,92.7847,94.0213,94.0213,92.6607,93.0215,94.8472,95.7549,97.6934,97.8621,93.6376,97.8621,96.4624,98.6712,95.8175,95.6033,98.2344,99.6243,98.9545,96.7729,101.0000,102.3914,101.2719,104.5610,103.5761,104.5610,101.0000,105.1190,104.3456,102.1812,99.4585,102.8397,103.5809,100.1699,100.6876,97.1236,95.1893,92.3580,95.5196,91.1811,87.4643,88.1192,83.7257,86.3539,80.9938,84.0536,77.0065,78.7464,76.4199,0.0000,0.0000,0.0000,0.0000,0.0000,0.0000,0.0000,0.0000,0.0000,0.0000,0.0000,0.0000
1700000026.350000,-59.6,89.1852,89.5377,90.6201,96.2081,93.6216,94.5410,93.2309,97.0824,94.8472,94.8103,96.1769,95.5249,96.3846,97.4166,99.6444,100.1249,98.4733,94.6256,97.6166,95.6033,94.6414,98.5951,95.2680,100.4490,102.6499,101.1781,103.2473,103.2763,106.0660,106.0660,104.6900,102.6499,104.2353,102.9417,102.3035,100.8960,99.6394,96.6075,94.4034,97.2008,91.8096,91.2634,90.1388,92.7847,87.3212,83.1865,84.5281,85.4283,80.9938,80.0562,79.5550,78.4474,0.0000,0.0000,0.0000,0.0000,0.0000,0.0000,0.0000,0.0000,0.0000,0.0000,0.0000,0.0000
1700000026.400000,-64.8,92.0489,93.0215,92.0217,94.0053,94.0053,90.0222,92.1954,94.3398,95.6347,96.7471,97.8673,96.1769,98.9949,95.7079,93.1719,97.9847,95.8019,98.7623,94.5569,98.6813,99.6243,102.3181,99.0202,99.0051,100.4639,99.4032,103.7882,105.0952,104.2017,107.7868,102.0441,102.8834,104.6948,101.7693,102.0441,103.2473,102.5280,98.0306,97.4166,95.5092,97.4166,93.1451,94.1116,87.8635,87.0976,86.6833,81.7435,86.7006,83.4865,78.0256,80.0999,74.6726,0.0000,0.0000,0.0000,0.0000,0.0000,0.0000,0.0000,0.0000,0.0000,0.0000,0.0000,0.0000
1700000026.450000,-65.0,91.8096,89.8721,89.6270,91.6079,90.8020,89.8109,91.0494,92.9570,91.3510,91.9674,93.4345,94.0479,96.9381,94.0691,92.7631,93.8616,93.6002,91.6788,93.6002,96.0208,93.8136,96.5194,97.6371,97.4166,100.3444,96.3846,100.3444,103.5857,103.8316,100.3444,98.7927,100.4988,102.2155,101.0198,99.1262,98.4733,94.8683,97.2008,94.2019,94.4034,93.6002,90.6035,90.1388,88.6172,82.7587,79.2465,82.0366,80.7217,79.8123,79.4040,76.0263,75.1798,0.0000,0.0000,0.0000,0.0000,0.0000,0.0000,0.0000,0.0000,0.0000,0.0000,0.0000,0.0000
1700000026.500000,-62.1,86.4523,87.4643,87.4643,92.3580,91.5260,87.0919,90.2109,88.7299,90.4268,91.6788,93.8616,92.7631,91.9348,91.9348,92.6337,90.5097,93.3809,90.5207,93.2363,93.8616,93.0054,96.6075,95.8019,97.0979,98.4733,94.5780,99.6444,99.2975,100.7025,98.4784,97.6371,102.3963,99.0202,99.2975,99.0454,97.4166,96.0469,93.7230,94.4934,91.4385,90.0278,88.4590,87.7838,84.1487,83.4386,81.3204,81.5659,79.2023,78.2368,78.2304,74.9466,74.3236,0.0000,0.0000,0.0000,0.0000,0.0000,0.0000,0.0000,0.0000,0.0000,0.0000,0.0000,0.0000
1700000026.550000,-62.6,87.6641,89.8220,86.9770,91.7878,89.9444,92.4392,89.3588,90.3549,90.1998,91.0494,92.0489,94.0213,95.0000,93.0215,94.0851,95.3363,92.6553,91.4440,95.1893,92.9139,92.0706,93.3809,92.0706,96.6902,97.0824,99.2472,100.4390,97.5141,102.6109,102.8397,100.4390,103.1601,104.3456,101.7890,100.6231,100.1299,98.7320,94.7629,93.1343,94.2603,91.1976,95.0210,89.0505,86.0058,87.1436,82.1523,80.5047,79.5110,78.7718,78.1025,78.1601,73.7360,0.0000,0.0000,0.0000,0.0000,0.0000,0.0000,0.0000,0.0000,0.0000,0.0000,0.0000,0.0000
1700000026.600000,-63.1,88.0738,86.4928,87.2983,91.4112,90.6697,92.0706,90.6697,90.5538,90.1998,93.3435,92.3472,96.0208,95.0210,95.0000,94.0213,95.0842,96.1301,95.3363,91.4440,95.7549,94.6414,92.6553,95.0368,96.3379,97.3242,97.2934,100.2247,101.6366,101.2028,104.5466,101.0000,102.9612,101.7890,100.1299,99.7246,98.9949,100.4988,97.3293,95.4254,95.1893,90.0888,92.0217,91.0494,87.0057,86.0058,84.2912,84.2912,81.8841,83.3607,81.4923,75.5844,74.4648,0.0000,0.0000,0.0000,0.0000,0.0000,0.0000,0.0000,0.0000,0.0000,0.0000,0.0000,0.0000
1700000026.650000,-63.1,86.9770,89.1067,85.5628,91.9348,89.8721,87.2066,91.3510,87.3212,95.6033,87.6185,93.2309,94.0319,94.3027,94.6678,97.9439,92.6607,92.5905,93.1504,94.8103,96.1509,93.4719,97.0824,95.4620,98.0816,99.0202,97.4064,103.7304,101.5923,105.6220,102.1421,103.8171,103.7304,101.0198,101.2373,102.0441,99.4032,97.5756,96.6075,98.4124,97.0618,89.0674,90.9175,90.5538,87.9830,86.5332,82.8010,81.5659,85.9128,79.3977,78.4920,75.6902,73.4098,0.0000,0.0000,0.0000,0.0000,0.0000,0.0000,0.0000,0.0000,0.0000,0.0000,0.0000,0.0000
1700000026.700000,-61.5,88.2950,88.0738,87.0919,94.8314,91.3947,89.2861,89.4930,89.1964,92.3472,93.2309,95.4620,94.9368,95.7079,94.4299,94.8103,95.2943,93.5361,93.8136,92.9624,96.3846,94.8736,99.0202,94.0319,100.8018,102.6158,100.6032,104.4031,104.2017,103.4070,104.6375,103.6002,105.4372,103.4698,103.4650,102.9272,100.4988,99.9850,96.2549,97.0618,96.6488,94.8103,92.6121,91.2853,89.5545,87.3155,83.8153,83.9345,82.7103,82.5651,81.3941,78.2304,74.0270,0.0000,0.0000,0.0000,0.0000,0.0000,0.0000,0.0000,0.0000,0.0000,0.0000,0.0000,0.0000
1700000026.750000,-59.5,83.6002,86.4697,91.0824,89.1067,87.1321,87.2983,88.7694,88.5268,88.0568,88.5438,90.1388,90.4434,95.5196,89.6939,90.2497,92.7038,90.8735,93.4719,93.9415,96.1769,95.2943,91.7061,93.5361,97.7548,99.0202,99.0202,100.6876,102.9029,104.0096,104.5610,100.9554,104.0096,102.6255,101.3558,100.3444,100.7224,99.7647,94.8262,96.6075,94.3663,93.6216,92.6121,92.4770,86.9770,87.5957,82.8613,80.0812,77.6660,79.4292,74.6726,77.1622,73.0069,0.0000,0.0000,0.0000,0.0000,0.0000,0.0000,0.0000,0.0000,0.0000,0.0000,0.0000,0.0000
1700000026.800000,-63.2,83.7257,85.4225,85.6154,88.1022,88.7694,86.3771,86.9770,88.2327,87.6413,89.8443,93.3006,90.5207,94.5939,90.8020,94.3663,93.2148,93.9042,90.9340,94.7629,95.1315,95.4254,96.0833,95.2575,98.0459,97.1288,98.0051,98.0000,101.0050,104.0433,100.0050,102.0049,106.0047,103.0049,102.0196,101.1237,100.4988,100.3195,98.4124,93.9042,94.8947,91.9239,92.0706,90.8020,89.7385,84.1724,82.7103,81.6088,83.4865,81.3449,79.2023,78.2943,73.7835,0.0000,0.0000,0.0000,0.0000,0.0000,0.0000,0.0000,0.0000,0.0000,0.0000,0.0000,0.0000
1700000026.850000,-63.5,86.1220,85.7030,85.6154,88.0568,87.3613,90.4434,89.4930,88.0227,89.8888,89.5545,93.1075,92.1358,93.4773,94.8262,94.4140,94.5145,94.3398,94.3398,93.1933,97.6524,97.0824,94.3027,96.4002,99.3579,100.8960,98.5951,100.7671,104.9952,104.3504,102.0686,102.0686,103.7111,104.8904,99.6394,102.2008,101.8332,99.8649,98.8130,97.6524,92.9624,94.3398,90.4268,92.9624,88.6848,86.3539,84.9706,83.1926,83.3847,80.0562,79.6994,78.8543,72.8354,0.0000,0.0000,0.0000,0.0000,0.0000,0.0000,0.0000,0.0000,0.0000,0.0000,0.0000,0.0000
1700000026.900000,-59.0,83.6301,83.1865,84.5991,85.9593,83.7257,85.5862,85.4400,85.7030,86.8389,85.2115,90.0000,90.4268,88.8651,90.1388,90.7855,90.5538,91.9348,88.4138,91.9348,92.0217,91.9674,92.7631,90.6863,95.4254,94.4934,95.4254,98.4073,99.8098,101.8283,99.0202,100.1249,101.6710,99.3579,98.4937,97.0824,96.3328,96.1769,93.3488,91.9674,92.0217,87.8635,88.5268,86.6833,84.6463,81.4002,81.0247,79.8812,78.5493,75.6637,74.2496,73.5391,70.8802,0.0000,0.0000,0.0000,0.0000,0.0000,0.0000,0.0000,0.0000,0.0000,0.0000,0.0000,0.0000
1700000026.950000,-57.3,89.5545,89.0505,91.2360,92.1358,91.7061,90.3549,90.9175,91.4166,93.8136,93.1933,96.2601,97.4166,98.6002,96.8298,99.0202,97.1854,97.8366,96.3328,96.8969,96.8969,99.7647,102.5329,99.7246,102.8251,103.4795,102.8251,106.4049,108.5772,107.2986,106.6677,106.4049,106.4049,108.9771,106.7755,106.7942,103.9471,103.9471,101.1385,99.7647,99.1564,96.4261,96.5401,95.2680,90.6035,89.0505,85.9826,86.6083,84.7231,83.7257,82.7345,80.2309,76.8440,0.0000,0.0000,0.0000,0.0000,0.0000,0.0000,0.0000,0.0000,0.0000,0.0000,0.0000,0.0000
1700000027.000000,-60.0,86.0233,86.0930,86.2090,88.2780,88.3629,88.2780,88.8144,89.4427,91.4112,90.0278,92.1954,93.6216,95.0789,93.6803,94.5569,93.3006,93.9840,93.0484,95.4620,96.2549,96.2549,96.6075,93.9415,100.2397,98.4124,99.3630,102.2155,103.4456,103.0776,102.2155,102.4744,103.8316,103.8316,102.4207,101.9657,100.6479,98.8433,98.0867,96.7729,96.3846,92.6984,90.4765,89.5377,86.0233,84.4808,81.7435,82.2253,81.7863,79.0759,77.5242,77.0584,75.0000,0.0000,0.0000,0.0000,0.0000,0.0000,0.0000,0.0000,0.0000,0.0000,0.0000,0.0000,0.0000
1700000027.050000,-62.2,79.2591,81.0062,84.5340,86.3134,84.5281,83.1926,84.0952,86.0058,84.6936,86.9770,87.2812,87.3613,89.0225,88.5268,88.0568,91.4440,89.2693,88.8426,89.1067,91.4112,91.2414,92.0706,91.6624,93.1933,94.1913,94.2603,95.2575,97.4166,97.3293,97.1854,96.5194,97.5141,97.8673,97.0155,94.5410,96.1769,94.0479,93.5575,91.5915,89.8220,87.5557,87.0919,87.0919,80.6536,80.6536,76.3217,78.0000,74.7329,75.1332,72.8972,72.4017,70.0000,0.0000,0.0000,0.0000,0.0000,0.0000,0.0000,0.0000,0.0000,0.0000,0.0000,0.0000,0.0000
1700000027.100000,-61.4,87.6641,92.1303,88.6848,94.0213,89.3588,92.7847,90.4268,94.8683,93.7443,92.0054,96.2133,96.5401,97.1854,98.4124,101.9804,94.7945,100.4191,94.0479,99.1564,99.1564,98.4937,100.7671,97.9490,101.6071,103.4070,104.4031,107.4151,104.6231,111.0180,104.4031,107.2007,106.4002,106.0424,106.8270,106.5270,102.1763,102.1763,99.1564,99.0353,101.8627,92.6337,95.4830,91.2414,91.3510,87.9659,84.0238,85.6037,84.0536,80.7094,79.7559,80.4984,78.0000,0.0000,0.0000,0.0000,0.0000,0.0000,0.0000,0.0000,0.0000,0.0000,0.0000,0.0000,0.0000
1700000027.150000,-60.4,83.5225,87.8009,86.3481,89.4986,86.8850,88.0738,88.9550,90.6697,90.7965,87.4643,93.5361,93.2631,94.1913,93.0860,95.0474,95.0053,96.0052,92.0000,97.1854,95.1893,96.3328,97.4166,95.4254,99.8499,101.5972,100.8415,103.2473,102.5914,104.9381,101.9657,103.6967,104.5801,103.3925,101.4938,103.2376,100.0800,99.0454,98.0000,97.0052,98.0051,92.1358,92.1358,87.2812,86.3713,85.5862,81.0494,82.2010,81.2527,77.8845,77.1622,74.4648,73.3485,0.0000,0.0000,0.0000,0.0000,0.0000,0.0000,0.0000,0.0000,0.0000,0.0000,0.0000,0.0000
1700000027.200000,-60.8,84.5991,86.6083,85.0882,89.1852,88.1192,89.4707,85.8662,88.6397,90.3770,88.3912,89.8888,92.6984,92.9731,92.3472,94.5569,91.9239,94.1116,91.6788,94.3663,93.1719,93.1719,96.5091,93.5575,96.7471,98.8585,98.7320,102.8251,99.7246,103.5857,100.6032,101.9657,102.2595,102.4207,99.6394,99.8248,96.8814,97.8621,97.5141,94.8314,93.1451,90.1388,91.4822,88.2327,86.0349,83.2166,80.2309,81.0247,80.5295,77.4145,76.3217,74.0608,71.8401,0.0000,0.0000,0.0000,0.0000,0.0000,0.0000,0.0000,0.0000,0.0000,0.0000,0.0000,0.0000
1700000027.250000,-60.6,86.9540,86.2844,89.3085,90.1388,90.6973,87.3670,91.4002,91.4002,93.2363,92.8493,92.7631,94.7945,96.1665,96.8969,94.7629,97.0824,96.4261,94.3663,96.0469,97.6166,97.6166,98.8130,100.0000,99.8599,101.7890,102.6255,103.2473,106.5317,105.4751,105.8159,103.1746,105.3945,106.2544,102.6499,104.4031,102.4158,101.4002,98.0816,97.4526,95.2680,92.0978,92.0978,91.3510,86.3134,86.2670,82.8070,83.5464,81.0555,79.2023,78.2368,76.3217,73.3553,0.0000,0.0000,0.0000,0.0000,0.0000,0.0000,0.0000,0.0000,0.0000,0.0000,0.0000,0.0000
1700000027.300000,-62.9,84.3801,84.7172,85.1587,87.1321,87.4757,86.4928,88.2950,87.5557,88.0568,88.0568,90.1388,90.7579,91.4166,91.1811,92.4770,92.7038,93.9415,91.2853,92.5905,92.5905,93.0591,95.3834,93.1504,97.3499,98.2700,98.1835,100.6876,99.2975,99.5691,102.3426,101.2423,100.7025,101.5480,100.4988,98.6154,98.1122,97.5295,94.8262,93.0215,92.1303,90.3770,89.0505,87.8465,85.6154,82.6378,79.7120,81.3204,78.1601,77.1298,76.4853,73.5527,72.1734,0.0000,0.0000,0.0000,0.0000,0.0000,0.0000,0.0000,0.0000,0.0000,0.0000,0.0000,0.0000
1700000027.350000,-64.2,91.4822,92.0272,92.6984,97.0824,93.4077,92.1141,95.7549,94.9368,95.2733,94.8103,98.8989,97.9490,98.8838,98.4886,99.9850,101.5135,99.6243,100.2098,101.8332,104.8093,101.0445,106.6677,102.0049,104.9952,106.3015,107.6290,108.9771,110.5351,110.4536,108.9312,110.6345,111.8660,109.7862,107.1681,107.9352,106.6068,105.0000,103.1746,101.2571,101.2571,97.0824,95.7183,96.5660,91.9239,90.8240,86.7698,86.3134,87.7269,84.7585,83.4865,79.0759,77.1038,0.0000,0.0000,0.0000,0.0000,0.0000,0.0000,0.0000,0.0000,0.0000,0.0000,0.0000,0.0000
1700000027.400000,-62.2,91.0879,92.1954,96.1301,94.0479,95.0474,92.0054,93.0484,92.0869,95.0842,94.5304,94.6414,97.0155,99.9850,102.1812,98.8433,100.1699,99.4585,98.4886,100.0000,99.6243,101.6514,102.7862,101.5923,105.3091,105.8489,104.3887,107.0187,109.7725,105.8489,110.6933,108.3374,109.5628,108.2682,108.8485,108.1665,106.2826,102.5280,101.8332,101.5332,97.8008,98.4937,93.6216,95.1262,92.1954,86.8850,84.8528,85.3756,84.3801,82.0975,82.0061,80.0250,76.1183,0.0000,0.0000,0.0000,0.0000,0.0000,0.0000,0.0000,0.0000,0.0000,0.0000,0.0000,0.0000
1700000027.450000,-62.6,77.4661,80.4301,77.0065,80.8022,78.2368,81.2711,78.4920,79.6116,80.7775,83.3547,85.0000,84.5340,85.0000,85.4283,86.0058,86.1626,87.6641,84.4334,87.9318,88.6002,86.0233,89.7385,85.4400,91.2195,93.9415,94.5939,93.5575,91.5915,97.8621,93.5575,94.1488,94.7259,95.3415,92.4175,92.8924,89.0225,91.9239,87.3613,86.4002,86.9770,81.9329,83.8153,78.1089,78.7718,79.4796,70.2638,72.4983,73.9256,69.1158,70.4911,68.0074,65.8559,0.0000,0.0000,0.0000,0.0000,0.0000,0.0000,0.0000,0.0000,0.0000,0.0000,0.0000,0.0000
1700000027.500000,-61.9,93.7230,90.0278,94.7629,91.3510,98.2904,91.2195,92.0217,96.3328,99.3579,98.5951,100.0050,99.0202,97.2008,99.4032,95.8019,101.3558,96.0417,101.3558,101.2126,101.0792,102.0000,101.0792,103.8316,103.7882,105.9906,107.3546,109.3846,108.6324,106.6208,111.2340,109.2520,109.2520,109.7725,107.9352,105.0952,105.0952,101.2126,99.8599,100.4988,95.5249,96.0417,92.6499,96.2601,88.8144,87.6584,83.8153,84.5044,83.7377,82.0244,82.1340,78.4092,77.1038,0.0000,0.0000,0.0000,0.0000,0.0000,0.0000,0.0000,0.0000,0.0000,0.0000,0.0000,0.0000
1700000027.550000,-60.4,87.6926,87.5728,91.3510,91.4440,88.2780,88.2780,92.0489,92.0489,95.0842,95.0210,93.0484,96.0469,96.1873,96.4210,93.2631,98.0051,96.8762,99.8499,95.1893,95.9010,99.8248,100.0200,101.2028,102.1078,101.6366,100.4241,103.3247,105.3613,102.1078,105.2616,102.8397,103.0776,105.5367,101.2028,104.1393,103.7545,98.0051,97.0155,97.8673,94.4299,93.1933,90.2718,94.0851,85.0000,85.0059,82.0244,81.2219,80.3990,78.7718,77.6660,75.6902,72.7324,0.0000,0.0000,0.0000,0.0000,0.0000,0.0000,0.0000,0.0000,0.0000,0.0000,0.0000,0.0000
1700000027.600000,-64.2,85.4459,87.9204,89.0449,90.7359,89.6939,87.8180,90.3549,91.2360,92.6121,92.6121,95.2733,95.4620,94.1541,94.3398,95.1893,96.8401,96.5660,95.3363,95.5667,96.8814,96.8814,98.1529,97.6729,98.9949,102.1078,100.7174,103.3925,103.3925,103.5857,104.4797,102.5914,103.3925,103.4843,101.7104,101.5972,100.9752,99.0404,97.0824,96.3172,94.1488,92.8924,90.4710,89.7385,85.1645,84.2021,81.6088,80.3243,81.3449,79.3095,76.9220,74.4312,72.6705,0.0000,0.0000,0.0000,0.0000,0.0000,0.0000,0.0000,0.0000,0.0000,0.0000,0.0000,0.0000
1700000027.650000,-64.1,94.0479,97.0464,98.2497,99.1816,97.2523,98.3260,97.4166,99.5038,101.5972,100.6231,101.0000,102.1812,104.0481,104.8093,105.5130,106.0424,104.5466,101.2423,105.0048,104.9952,106.2544,107.9120,101.9510,109.7725,109.2520,110.5712,113.4637,110.1681,116.0776,112.9248,112.7209,117.5457,112.2720,110.1363,111.9732,108.5035,107.8564,107.2054,104.5466,105.0190,98.6560,99.4636,93.0591,92.3959,92.5419,89.4539,86.2090,87.0000,86.0930,85.0529,78.2304,79.2465,0.0000,0.0000,0.0000,0.0000,0.0000,0.0000,0.0000,0.0000,0.0000,0.0000,0.0000,0.0000
1700000027.700000,-62.1,88.8876,92.6553,92.0272,92.3472,95.1893,95.1893,94.5410,93.1075,95.3415,96.1769,100.1798,101.5332,101.9657,99.3630,100.3444,102.6255,103.1746,97.4166,104.0433,101.6071,102.6255,100.0000,101.0198,107.2986,109.6358,105.2616,105.8915,107.9352,111.2879,107.1681,109.6358,109.8089,111.6065,108.0046,105.8017,105.1190,104.2929,102.6255,99.6444,99.6444,94.8947,96.7471,96.6488,91.7061,87.7269,85.6154,87.6641,83.4865,83.5225,78.5875,78.6448,77.4145,0.0000,0.0000,0.0000,0.0000,0.0000,0.0000,0.0000,0.0000,0.0000,0.0000,0.0000,0.0000
1700000027.750000,-60.4,94.0213,93.0860,94.1913,98.2497,94.3398,95.3363,94.8947,95.1893,99.2975,95.7079,101.9804,101.6366,104.0481,102.6158,103.8460,100.2447,103.4070,98.6813,104.5466,102.6937,104.5466,104.2785,101.6366,107.3546,107.8378,109.5673,112.2943,110.4762,114.0614,110.9414,112.6987,112.2943,112.6987,110.0727,110.0727,106.2309,105.8489,104.5466,104.7521,101.2423,98.0306,97.7190,94.5569,93.6803,89.7385,86.8850,87.6641,87.4757,82.6075,82.2982,80.0062,78.1025,0.0000,0.0000,0.0000,0.0000,0.0000,0.0000,0.0000,0.0000,0.0000,0.0000,0.0000,0.0000
1700000027.800000,-63.0,89.2693,91.7823,92.4175,93.3916,92.6499,90.9560,95.6033,94.9210,95.2103,93.3006,99.1615,98.0867,98.4886,96.6075,97.5090,99.2975,98.8838,97.6166,99.6444,100.3444,99.4786,101.2423,100.4042,103.6002,103.0049,106.0189,106.4002,105.6030,105.4230,106.8270,107.4151,107.6476,108.1665,105.3945,104.3072,103.1746,104.0096,100.4988,98.2700,96.2549,95.7131,94.8262,92.1303,89.4707,87.8465,84.5044,85.7030,81.9085,81.3204,80.0812,78.4474,75.5381,0.0000,0.0000,0.0000,0.0000,0.0000,0.0000,0.0000,0.0000,0.0000,0.0000,0.0000,0.0000
1700000027.850000,-61.9,90.5207,88.6172,90.9065,92.4554,93.4077,91.2140,92.4175,92.3580,92.3580,95.4149,97.3499,97.2471,96.7471,98.0051,96.6488,99.3177,95.7549,98.8989,98.7927,100.4639,98.7927,101.5135,100.6578,104.6948,104.0433,103.7401,104.4031,108.5219,104.1201,109.4806,104.9952,107.8564,106.2544,105.6220,106.0424,104.9238,103.0776,100.3195,97.0824,96.6075,96.6023,91.6788,93.9415,89.0674,87.4643,85.4400,84.0536,81.2711,81.8352,80.7217,79.2086,74.5185,0.0000,0.0000,0.0000,0.0000,0.0000,0.0000,0.0000,0.0000,0.0000,0.0000,0.0000,0.0000
1700000027.900000,-65.7,91.4112,88.0738,92.6499,90.2441,93.8616,89.0225,92.0489,92.3472,95.8175,97.4064,97.7394,98.6154,99.0051,98.8989,97.0824,99.3630,95.7706,98.4886,97.7548,100.4988,99.1262,102.3426,100.7025,104.6231,104.6231,104.0433,105.8017,109.0183,105.6030,110.4219,107.2007,108.8118,109.8590,108.7244,105.1190,106.5317,102.9272,100.4988,99.4786,96.2549,97.6166,92.1792,94.8103,87.6641,86.8159,85.6154,86.0349,82.8734,83.5225,80.5233,79.4292,75.5381,0.0000,0.0000,0.0000,0.0000,0.0000,0.0000,0.0000,0.0000,0.0000,0.0000,0.0000,0.0000
1700000027.950000,-63.1,90.2552,91.5915,94.1488,93.1719,94.3663,91.9239,93.3006,94.8683,96.1353,96.4624,97.4987,98.4886,98.8989,99.7447,98.8433,101.5972,99.8499,100.7224,100.1699,100.7025,102.9272,102.9029,101.7890,104.2017,107.8007,105.8017,106.6677,110.2588,109.4806,111.6647,108.4066,110.6029,110.2089,108.2266,107.6476,107.0747,105.3945,102.9272,101.3558,99.1262,98.6154,94.0213,96.1769,89.8944,88.5664,86.3308,85.2350,85.4400,84.4334,81.0432,79.6241,76.5310,0.0000,0.0000,0.0000,0.0000,0.0000,0.0000,0.0000,0.0000,0.0000,0.0000,0.0000,0.0000
1700000028.000000,-63.5,91.0879,92.1954,92.4392,95.4254,91.6624,94.7629,94.2019,94.9210,97.0824,95.0789,97.7446,99.4585,100.2846,98.9798,100.2447,101.3903,101.0198,99.5389,101.9804,101.0792,101.5185,103.7690,101.9657,106.6771,105.1903,108.0463,110.4536,111.3059,112.3610,110.1363,111.1395,110.7881,109.4166,108.4066,108.2405,106.4706,105.5462,103.3151,102.4597,102.0441,97.6934,96.2549,94.3398,91.7606,87.9204,86.0233,85.7263,85.6154,83.5464,82.0366,80.3990,77.0584,0.0000,0.0000,0.0000,0.0000,0.0000,0.0000,0.0000,0.0000,0.0000,0.0000,0.0000,0.0000
1700000028.050000,-60.9,86.7698,87.6641,87.8465,90.4710,90.2497,89.5377,88.8651,90.4434,92.0489,93.1451,96.5660,95.8019,96.3172,97.2934,97.8621,95.6347,96.7471,94.8947,97.2523,98.2497,98.3260,100.0450,97.1288,102.0049,104.0192,103.0000,105.0428,106.0754,108.0417,106.0424,106.0000,106.0189,106.0189,106.0189,104.0769,103.1746,100.3195,99.5038,97.6217,97.6217,96.0260,95.8853,92.0706,87.4757,85.9069,83.4326,84.6463,83.5225,80.9938,78.0000,76.9220,74.9466,0.0000,0.0000,0.0000,0.0000,0.0000,0.0000,0.0000,0.0000,0.0000,0.0000,0.0000,0.0000
1700000028.100000,-60.4,88.9550,90.6201,90.8020,93.5201,92.1358,92.1303,92.5905,94.0213,94.5145,95.8801,98.2700,98.1835,98.4733,98.8130,98.8130,100.4241,100.2646,99.4887,99.9050,101.9117,101.3163,103.3247,102.5914,106.7755,106.7755,106.0660,108.9036,111.0360,111.0360,111.7318,111.0180,111.0180,108.9771,109.6586,109.7862,107.6290,106.6677,102.6158,102.0049,100.0000,98.8130,96.2601,96.2549,90.7359,91.0659,86.8332,88.1192,86.3308,83.9345,80.6536,81.0432,77.6660,0.0000,0.0000,0.0000,0.0000,0.0000,0.0000,0.0000,0.0000,0.0000,0.0000,0.0000,0.0000
1700000028.150000,-58.4,90.0000,89.0056,92.0869,92.1358,93.2631,91.2688,92.6553,91.9239,93.0591,93.5575,97.0824,96.7729,100.1699,98.7623,98.4937,98.9798,99.0202,98.6813,100.4639,101.2373,100.3195,102.0441,101.1336,104.2353,105.1190,105.1190,107.4244,110.5351,108.7842,111.0180,109.1284,110.5351,111.3643,105.5509,107.3546,106.9299,106.5129,103.0776,100.4639,99.5389,96.7988,94.9210,95.8175,90.4434,88.8876,85.3756,86.8850,86.4928,84.1724,81.4985,80.0562,76.0263,0.0000,0.0000,0.0000,0.0000,0.0000,0.0000,0.0000,0.0000,0.0000,0.0000,0.0000,0.0000
1700000028.200000,-63.8,87.2983,86.9770,89.4539,88.5664,88.2780,88.2780,88.2780,91.1373,91.0879,91.0055,94.0053,93.0484,95.0842,95.2575,94.1329,97.5141,95.6347,94.6414,96.3379,99.1413,98.9949,99.4636,98.4784,101.1385,102.1078,103.5857,103.5857,107.2007,106.2309,107.2007,105.1190,107.6894,106.3673,104.2353,104.9381,104.0865,102.1078,99.4082,98.4124,97.1854,95.1315,93.0484,92.0000,87.0057,87.1436,85.2878,85.4751,81.0494,80.6040,78.8543,77.2010,74.4648,0.0000,0.0000,0.0000,0.0000,0.0000,0.0000,0.0000,0.0000,0.0000,0.0000,0.0000,0.0000
1700000028.250000,-60.4,88.5268,86.9770,89.1403,90.5207,90.5538,89.1403,91.4385,90.9065,93.4077,94.8103,96.2133,96.0208,97.6524,96.5194,95.7183,98.6154,95.7706,98.4886,96.6023,100.6231,97.9490,101.5529,101.0792,104.3887,102.9563,104.3887,105.4751,108.0787,105.8489,108.6324,106.1037,109.2520,108.2589,105.1190,105.1190,106.0047,103.3102,100.8464,96.3846,96.8969,96.5660,93.4933,94.8683,87.6584,88.8144,86.6833,86.4523,84.2199,82.7345,81.4678,78.2432,74.3303,0.0000,0.0000,0.0000,0.0000,0.0000,0.0000,0.0000,0.0000,0.0000,0.0000,0.0000,0.0000
1700000028.300000,-63.4,85.0941,83.5703,86.9253,87.4643,86.8159,86.8159,88.1192,88.1930,89.0674,90.5538,91.4166,92.6499,93.2309,92.4175,94.4034,95.4254,93.0860,93.7230,92.6984,95.4830,94.0691,96.8762,94.7629,98.4124,98.3514,100.5684,101.4150,102.0686,102.8251,104.2353,100.5684,104.2353,103.3247,101.8627,101.1385,100.4191,99.7246,97.7446,95.6713,93.3809,93.7230,90.1388,90.9065,83.4086,84.4038,81.8413,83.4865,80.7775,78.3901,76.0263,76.1577,73.0548,0.0000,0.0000,0.0000,0.0000,0.0000,0.0000,0.0000,0.0000,0.0000,0.0000,0.0000,0.0000
1700000028.350000,-60.7,88.0568,89.7385,91.0055,93.9415,91.5915,92.5743,93.6483,91.5478,93.2631,93.3435,97.2523,99.1262,100.0200,100.0000,100.0050,99.1262,100.1798,99.1816,100.6032,101.9657,101.8332,103.5761,101.2719,104.9238,105.9056,106.0990,109.8818,107.9352,113.2652,108.9082,109.2383,109.8818,113.1592,106.7052,108.6738,106.3673,106.0660,104.8093,101.5972,101.5972,97.2523,97.2523,95.0474,92.0489,90.0222,87.0000,87.0517,88.2043,83.3847,81.2158,80.8084,78.1601,0.0000,0.0000,0.0000,0.0000,0.0000,0.0000,0.0000,0.0000,0.0000,0.0000,0.0000,0.0000
1700000028.400000,-63.0,85.5862,88.4590,88.2043,90.2718,90.0888,91.0879,90.0000,91.0494,93.0215,93.1343,94.2603,95.5249,95.6347,97.3242,97.3242,97.8621,97.2934,96.5401,97.5295,99.7246,99.4585,100.2846,98.3717,100.6578,104.4031,103.8171,105.3091,105.8489,108.4620,106.2309,106.0424,106.0424,106.6255,105.6882,105.6220,102.1421,103.0922,100.9604,98.7623,97.8008,95.8019,95.5667,94.1488,88.4590,89.1067,84.8528,84.4808,84.2140,81.0987,81.0062,79.1012,77.6466,0.0000,0.0000,0.0000,0.0000,0.0000,0.0000,0.0000,0.0000,0.0000,0.0000,0.0000,0.0000
1700000028.450000,-64.6,88.5494,88.5889,89.1852,92.7847,92.1141,90.4268,92.6553,92.4175,92.4175,94.8103,96.2133,97.9490,98.4937,97.6217,97.6217,99.7046,100.4490,98.3107,99.9050,99.4887,100.1249,102.4500,100.8960,103.4698,106.0189,105.4372,109.2886,109.8590,108.7244,110.1136,108.8118,109.6221,110.2089,109.0183,106.6677,105.8915,106.4049,103.4795,100.5684,100.5684,96.8762,96.1769,95.4620,92.6553,90.6090,85.7963,86.0523,85.0000,83.4865,81.8352,80.5295,77.8781,0.0000,0.0000,0.0000,0.0000,0.0000,0.0000,0.0000,0.0000,0.0000,0.0000,0.0000,0.0000
1700000028.500000,-64.1,87.0057,86.0000,90.0888,90.0500,93.1933,88.1419,90.2718,91.3510,93.5361,93.9042,94.2019,95.3520,95.7079,95.3415,94.5939,98.4937,95.8801,98.3717,95.1893,97.7190,98.0306,100.5684,99.2975,101.2373,103.6195,103.4698,105.7024,106.6208,106.5129,106.5129,104.9238,106.7755,106.9766,106.2826,105.6220,104.3552,103.7401,99.7246,99.4585,96.7729,96.5401,93.8616,94.3663,88.2836,85.8429,83.3847,85.2115,83.0542,83.0000,81.0247,78.3135,75.9539,0.0000,0.0000,0.0000,0.0000,0.0000,0.0000,0.0000,0.0000,0.0000,0.0000,0.0000,0.0000
1700000028.550000,-64.6,84.0119,82.7345,86.4697,85.4751,86.2844,84.2140,87.1436,88.0511,87.0057,87.0230,91.0879,91.2688,92.2659,92.5419,92.3472,94.0479,92.9139,93.0591,93.1719,94.9210,94.9210,96.5401,96.5401,97.4166,99.0404,98.0816,100.2846,102.4890,102.4890,104.0433,100.6876,101.9215,102.1078,102.1078,102.3914,100.6628,97.7446,95.7079,95.7079,94.0479,93.7710,90.6697,91.5478,84.2912,83.2166,80.0250,81.0247,80.0562,78.1601,76.5310,75.9539,72.2772,0.0000,0.0000,0.0000,0.0000,0.0000,0.0000,0.0000,0.0000,0.0000,0.0000,0.0000,0.0000
1700000028.600000,-65.6,86.6083,88.7525,91.0220,93.2309,89.2020,90.4268,89.3756,92.6984,94.7945,95.4830,95.4620,96.2081,96.2081,97.7446,97.7446,99.4887,99.0202,97.0052,97.9081,98.7370,99.2975,101.5480,100.1699,104.4462,105.3091,104.8093,106.9439,107.4244,108.7842,106.9439,108.9082,110.5351,108.9082,106.8504,106.8504,106.5317,103.1746,101.8332,100.2098,99.4032,95.6033,96.5401,93.8616,90.7855,87.8635,86.3713,87.6926,84.9588,84.3860,82.0061,79.3221,77.0260,0.0000,0.0000,0.0000,0.0000,0.0000,0.0000,0.0000,0.0000,0.0000,0.0000,0.0000,0.0000
1700000028.650000,-61.6,84.4808,84.4334,87.6641,88.2553,88.9550,86.5390,88.6397,91.2853,90.8020,91.6788,93.0591,93.6483,94.6678,95.4149,94.3398,95.4411,95.2103,95.2103,94.6414,97.6166,98.4073,99.4887,97.3088,100.4988,101.2373,101.9117,104.6900,106.8316,104.6900,105.4182,103.4795,105.5509,107.1681,103.7111,103.2327,102.6158,99.8098,100.0000,98.2293,97.0824,93.4933,91.2688,92.9624,87.8180,86.3539,84.5281,83.2586,83.3847,80.9938,78.4347,77.3692,74.9667,0.0000,0.0000,0.0000,0.0000,0.0000,0.0000,0.0000,0.0000,0.0000,0.0000,0.0000,0.0000
1700000028.700000,-60.5,84.3445,85.9884,83.6002,87.8237,85.3756,86.3713,86.0930,86.0058,88.0000,88.0057,92.0054,93.0484,93.0860,93.1933,95.4254,92.6553,94.8947,91.0824,96.8814,96.3172,95.3415,98.2344,94.3663,99.4585,100.4241,100.9604,103.0922,101.2423,106.6068,101.5332,103.4456,104.6948,105.3613,102.8834,102.3572,98.9545,98.8433,98.6560,96.1769,96.3379,90.6697,92.6553,87.5728,87.2812,85.2878,81.1542,81.0555,82.0061,78.1025,78.6384,76.1183,74.2159,0.0000,0.0000,0.0000,0.0000,0.0000,0.0000,0.0000,0.0000,0.0000,0.0000,0.0000,0.0000
1700000028.750000,-59.0,84.4808,84.8999,87.0976,90.4710,89.0505,88.4590,87.6926,90.6697,90.6697,90.2718,93.3435,94.1329,94.0851,96.0469,95.0210,96.0052,96.0469,94.0479,96.2549,96.2549,97.4166,99.6092,97.6217,100.9752,102.7035,100.9752,104.2353,103.5761,106.0660,104.2353,105.0762,105.0762,104.8093,104.8093,103.4843,102.3132,102.1763,100.0800,97.0052,99.0051,95.0474,94.0851,94.1329,90.2718,85.3756,83.7257,83.0241,83.5464,81.2527,78.4474,79.1202,73.8241,0.0000,0.0000,0.0000,0.0000,0.0000,0.0000,0.0000,0.0000,0.0000,0.0000,0.0000,0.0000
1700000028.800000,-60.0,82.0975,84.1487,86.0233,87.0057,84.0000,86.0058,88.0511,86.1452,86.2090,87.5728,90.7965,91.2414,93.9415,91.9837,91.9837,93.1451,94.3716,91.2140,94.2550,92.6553,95.2103,93.3006,92.6984,98.6154,99.9250,99.9250,101.6366,100.7224,104.2785,102.9563,101.7693,104.0000,102.8834,100.9009,100.9009,98.3514,99.6243,94.8683,95.2103,94.9210,89.7385,89.9889,89.7385,84.9294,84.3445,81.6150,81.4985,79.2275,77.0584,77.0065,75.0600,72.4431,0.0000,0.0000,0.0000,0.0000,0.0000,0.0000,0.0000,0.0000,0.0000,0.0000,0.0000,0.0000
1700000028.850000,-61.7,86.3134,87.8635,88.7694,90.4710,89.9889,88.3233,90.1388,89.8109,92.0272,92.3093,95.0789,95.2733,95.7079,94.3663,95.2575,96.2549,95.8801,95.3834,97.0979,97.9439,98.1835,97.6524,98.2293,101.0445,102.6158,101.8283,105.2616,104.4845,105.8915,105.8915,105.4230,106.2121,104.8093,105.6030,104.6231,102.6499,103.2279,98.7370,97.0979,97.0979,95.8801,94.5145,92.6607,90.7855,88.1022,84.6936,84.8646,82.8734,82.5409,80.3617,79.3095,75.8024,0.0000,0.0000,0.0000,0.0000,0.0000,0.0000,0.0000,0.0000,0.0000,0.0000,0.0000,0.0000
1700000028.900000,-58.5,86.4002,85.6154,88.0738,88.2950,88.4590,86.8850,87.5728,88.5664,91.4440,93.2631,94.2603,95.1893,95.0842,94.0053,95.0210,95.1893,96.2549,95.2575,94.6414,96.0260,97.8673,98.3107,98.9949,99.2472,102.7716,101.0000,104.2929,105.9906,105.0190,104.5466,102.6109,105.0190,105.7592,103.3683,103.1601,102.7716,101.1187,99.8499,99.5038,97.0155,95.5249,93.4345,91.3510,87.1436,85.1469,83.0000,85.0059,83.0542,80.3057,78.6384,79.4292,74.7262,0.0000,0.0000,0.0000,0.0000,0.0000,0.0000,0.0000,0.0000,0.0000,0.0000,0.0000,0.0000
1700000028.950000,-64.2,91.5260,89.3588,90.9175,92.6607,93.0591,91.7061,94.3716,94.0213,94.4299,96.3846,96.7729,98.4327,98.0816,99.6243,98.3514,101.2423,99.3277,97.8008,99.4636,102.6109,101.4150,101.9804,102.1812,104.7378,105.7213,106.3673,108.3420,108.5035,108.8531,111.6289,107.0794,111.8034,108.4666,108.9082,107.2007,106.7380,105.0809,103.0922,102.7862,99.2975,98.0816,96.3846,96.2549,91.2853,90.3383,87.2353,88.1930,85.2350,83.4865,83.2406,80.8084,77.7946,0.0000,0.0000,0.0000,0.0000,0.0000,0.0000,0.0000,0.0000,0.0000,0.0000,0.0000,0.0000
1700000029.000000,-59.0,88.2950,88.0568,89.8443,93.9628,91.3947,90.7579,92.1141,92.4770,92.8493,94.9368,97.5756,96.6075,97.0464,98.4124,97.5295,96.5660,97.0979,97.6371,99.2975,97.3499,99.2975,99.6243,98.8130,103.8557,102.6158,103.2327,104.4845,105.8915,107.9352,106.5270,109.2016,108.4066,108.8118,106.8316,105.1190,104.5610,103.4650,102.7278,100.3444,100.3444,96.6488,96.1769,94.8103,90.8020,89.1572,84.8646,86.0349,84.1190,82.7103,82.9759,79.7621,76.1643,0.0000,0.0000,0.0000,0.0000,0.0000,0.0000,0.0000,0.0000,0.0000,0.0000,0.0000,0.0000
1700000029.050000,-64.3,86.8217,81.8352,87.8180,86.0930,90.7855,86.0930,89.8999,90.3383,92.6121,93.6216,93.5201,97.7394,94.9210,95.1893,92.0272,98.7623,95.0789,97.5295,94.9210,96.3172,96.8814,98.6560,98.0612,98.3107,99.1413,103.0970,101.9657,106.6771,99.6092,108.9036,101.9657,104.8093,105.3803,104.1393,102.7716,103.5857,104.5610,98.2344,97.8008,94.9210,96.8401,92.7200,94.5569,87.3155,88.3912,85.0882,82.3468,84.0773,83.5284,80.1561,76.6094,75.8222,0.0000,0.0000,0.0000,0.0000,0.0000,0.0000,0.0000,0.0000,0.0000,0.0000,0.0000,0.0000
1700000029.100000,-62.3,85.1587,84.7172,88.2780,86.3713,91.2688,87.1436,90.0056,88.0057,91.0220,93.0484,95.0210,94.0851,95.1893,93.3435,94.4299,96.3379,93.9415,96.6902,95.5667,100.1699,95.5667,98.0816,97.9847,100.9604,99.7246,101.2423,101.8430,103.7304,103.4650,105.6882,104.0433,107.2054,105.6220,103.1601,102.4890,102.3572,100.6628,98.0612,97.0824,93.7443,96.6902,92.7631,94.0479,87.6926,87.5728,85.2115,82.0549,81.0987,82.0549,79.3095,77.1038,75.1864,0.0000,0.0000,0.0000,0.0000,0.0000,0.0000,0.0000,0.0000,0.0000,0.0000,0.0000,0.0000
1700000029.150000,-62.5,89.0674,90.3383,89.4707,93.0376,91.7878,93.1075,92.1141,93.0484,95.5196,94.2550,98.3717,98.7623,100.1699,98.4886,100.6628,99.2472,101.0000,98.3107,99.8499,101.8332,100.8415,102.4890,100.7174,105.1190,105.2331,105.3043,109.0734,108.2266,111.1620,108.1665,109.2245,110.2905,111.4495,108.6646,105.9292,104.8093,104.9381,103.2473,101.9804,102.1812,97.2934,97.2677,94.1116,91.7606,90.4434,86.0349,88.0227,83.3847,83.1926,83.1865,80.4550,79.4040,0.0000,0.0000,0.0000,0.0000,0.0000,0.0000,0.0000,0.0000,0.0000,0.0000,0.0000,0.0000
1700000029.200000,-63.1,86.4523,87.1149,87.6812,89.0955,91.2414,89.1067,89.1964,89.4986,91.5478,92.6175,94.0213,93.8136,94.8683,94.0319,94.0319,94.5145,96.2549,94.0213,95.7079,96.1509,96.1509,98.8989,96.6075,101.7693,102.1567,102.1567,104.1777,104.1777,106.4049,103.8171,104.5466,106.4049,105.1903,104.2785,103.7882,103.3151,101.0792,98.8838,96.6488,96.6488,94.5145,94.6678,91.5860,88.7525,85.4459,83.4086,85.7963,82.9759,82.0731,79.2086,76.6942,74.6324,0.0000,0.0000,0.0000,0.0000,0.0000,0.0000,0.0000,0.0000,0.0000,0.0000,0.0000,0.0000
1700000029.250000,-58.8,86.0930,84.0536,88.0057,87.0057,88.0511,88.0909,88.2780,91.3510,92.5419,91.7878,94.0479,93.3809,94.9210,95.3415,93.3916,97.8008,94.9210,95.2103,95.8593,96.7988,96.4624,99.1615,99.1615,99.3177,102.0441,100.7224,103.7882,104.6518,103.3151,106.4519,102.4597,105.1190,105.6030,102.5524,103.8701,102.6937,102.3181,98.6813,99.2975,95.1893,96.4624,91.0934,93.4077,87.0919,85.8662,84.3445,84.1724,82.7345,81.3941,78.0577,79.0063,75.2396,0.0000,0.0000,0.0000,0.0000,0.0000,0.0000,0.0000,0.0000,0.0000,0.0000,0.0000,0.0000
1700000029.300000,-61.5,86.3134,87.2353,87.8465,89.3196,88.3912,88.6002,88.5438,88.8876,89.5600,93.1451,93.4077,95.5667,94.3663,93.9415,94.3663,96.7471,96.6282,95.8853,95.2575,95.1315,97.1288,98.0204,98.0816,100.0000,102.0000,102.0049,102.0784,104.0433,104.0433,105.1190,104.0192,105.0762,104.0192,102.0196,103.0000,101.0445,101.1781,99.2472,96.3328,96.4210,95.5249,93.5361,93.9042,87.8237,86.3134,83.3607,84.1724,82.9699,81.9085,79.8499,76.4853,73.9256,0.0000,0.0000,0.0000,0.0000,0.0000,0.0000,0.0000,0.0000,0.0000,0.0000,0.0000,0.0000
1700000029.350000,-61.5,87.0919,85.9826,88.8369,88.8369,90.2109,88.3233,88.1930,90.3383,89.8944,91.2853,93.6216,93.9840,95.8593,94.8683,94.8683,97.8008,94.3716,97.2677,95.8019,98.2700,97.2934,99.0404,96.8814,99.9850,100.9752,100.7174,103.6967,103.8171,103.6967,104.5801,102.1078,103.9471,103.2473,103.7545,102.1812,102.1812,101.7890,98.2700,97.9847,97.0155,95.6033,92.3472,92.3472,85.7030,87.6641,83.9345,82.3468,82.2982,82.2982,78.3901,77.6660,74.0270,0.0000,0.0000,0.0000,0.0000,0.0000,0.0000,0.0000,0.0000,0.0000,0.0000,0.0000,0.0000
1700000029.400000,-62.5,84.0119,84.0119,85.6154,88.5268,85.3756,82.7103,87.9318,85.3815,88.8876,87.0919,89.5377,86.9770,101.0742,93.9415,91.2853,83.6481,91.0659,92.1358,89.1852,97.2471,96.8349,87.4586,97.6524,95.4254,102.5914,90.8020,100.5684,114.0219,104.0192,101.6071,109.8590,106.0424,97.8008,99.0202,104.6231,96.5194,97.8008,93.8136,92.1141,92.0869,91.2688,90.9175,92.1792,86.7698,83.1926,80.7775,78.1857,80.3243,80.0062,76.6551,76.4853,73.5527,0.0000,0.0000,0.0000,0.0000,0.0000,0.0000,0.0000,0.0000,0.0000,0.0000,0.0000,0.0000
1700000029.450000,-60.8,88.1192,87.9659,88.4590,91.4440,91.2688,92.1954,91.0879,92.0054,95.0000,93.0860,93.1343,94.3398,95.5249,96.6282,95.6347,96.7471,97.1648,95.1893,98.0612,97.0824,96.5401,99.9250,97.0155,101.8332,101.5332,103.7401,105.3043,103.7401,104.6948,102.7862,104.1201,104.9952,106.0424,103.1601,104.0481,102.1078,101.8676,99.2472,99.8248,99.6394,95.7549,95.7549,92.6553,90.3549,88.1419,83.0542,86.0233,84.0238,82.1523,79.5110,78.9177,77.1298,0.0000,0.0000,0.0000,0.0000,0.0000,0.0000,0.0000,0.0000,0.0000,0.0000,0.0000,0.0000
1700000029.500000,-64.5,87.2066,91.0879,88.0057,93.0215,90.0000,91.0055,90.0888,92.0489,93.3435,92.3472,94.6414,95.7549,97.1648,97.8621,98.6560,97.2677,98.2344,94.1116,98.3717,96.4624,98.0816,101.5135,97.0824,101.3903,104.5466,102.6937,105.1903,105.1903,107.4244,105.1903,105.3091,106.2309,106.4049,104.4031,104.4031,101.5135,101.5135,100.5783,98.6712,99.0404,95.3363,94.3716,92.8924,90.0278,85.3288,83.7257,85.5862,84.3801,82.0975,80.0250,79.1012,76.5310,0.0000,0.0000,0.0000,0.0000,0.0000,0.0000,0.0000,0.0000,0.0000,0.0000,0.0000,0.0000
1700000029.550000,-58.7,85.4459,86.0233,87.0919,90.9725,89.0449,90.7359,89.6939,90.5538,90.4268,93.0215,93.9415,93.2309,93.4077,93.6376,95.4620,96.1353,96.7678,95.8175,98.0816,98.0816,97.1236,97.2677,94.5939,101.6071,100.8067,102.7716,102.9612,102.7716,104.9238,103.5761,104.5610,104.7855,105.0190,103.3247,101.9215,100.1699,101.1385,98.7623,97.1236,96.7678,93.4077,92.6984,90.6201,89.5545,86.3308,84.1190,84.2199,82.1523,80.1561,79.8812,76.2168,75.0067,0.0000,0.0000,0.0000,0.0000,0.0000,0.0000,0.0000,0.0000,0.0000,0.0000,0.0000,0.0000
1700000029.600000,-60.2,86.1626,88.6397,88.1022,93.0376,89.8944,90.7855,88.1930,90.0500,93.2952,93.4933,95.4149,94.6256,95.2103,97.0052,97.6166,95.7758,97.8366,95.7758,96.8969,96.1665,96.1769,100.4191,96.8762,99.9050,101.9804,101.9804,105.1190,104.3504,106.4049,103.5857,104.8904,104.9952,104.8046,104.6900,103.9663,103.2376,101.8627,99.0353,98.3514,98.4124,92.8493,95.1315,89.4986,88.4081,86.4002,82.6620,85.4400,83.8630,79.2591,77.3886,78.5493,75.5844,0.0000,0.0000,0.0000,0.0000,0.0000,0.0000,0.0000,0.0000,0.0000,0.0000,0.0000,0.0000
1700000029.650000,-63.1,87.2353,87.2066,89.9611,91.7061,90.8735,88.7694,88.6002,90.4765,90.2497,92.0489,95.2103,94.3716,94.8314,96.7729,96.5401,95.9010,96.8814,94.3663,96.8762,97.8673,97.8673,97.6217,96.6282,100.1249,102.2399,100.1798,104.1729,103.2376,106.2309,103.1746,104.3887,106.3814,102.5914,102.5914,102.2595,100.9752,102.1078,99.6394,98.0612,98.0612,93.8616,95.3363,91.7606,88.2327,85.7030,82.0792,84.6936,83.1926,80.9506,81.1234,78.7718,75.4321,0.0000,0.0000,0.0000,0.0000,0.0000,0.0000,0.0000,0.0000,0.0000,0.0000,0.0000,0.0000
1700000029.700000,-62.4,87.9204,89.1852,87.3613,90.8020,88.7694,92.8924,90.0278,91.4112,92.7631,90.7965,94.7629,95.4254,94.5304,95.2575,96.2549,96.0208,98.0204,94.0000,98.0459,95.0474,97.0824,99.1816,96.1301,100.6032,103.3925,101.4938,104.8093,102.7035,106.9205,102.8251,104.3887,104.5801,104.3887,103.3102,103.1746,102.0784,100.0800,98.0051,97.0052,98.0051,95.0210,94.1329,90.1388,90.3549,86.5794,83.8630,84.3445,82.9759,80.5233,79.0569,77.8332,75.1532,0.0000,0.0000,0.0000,0.0000,0.0000,0.0000,0.0000,0.0000,0.0000,0.0000,0.0000,0.0000
1700000029.750000,-63.6,86.6083,87.0919,86.2844,89.5879,88.8369,87.8180,87.2353,88.5494,91.2360,89.8999,93.4719,94.9368,93.4077,92.1141,92.4770,95.2103,94.9210,94.2550,94.8314,95.3415,95.8019,97.8621,96.3172,98.3107,99.6394,98.1529,101.8332,102.8251,101.8332,101.8332,100.9752,102.9563,105.0762,100.6231,101.9804,101.0000,98.2700,97.2677,97.2677,95.0789,94.6414,89.8443,91.7061,85.7030,85.0941,83.0060,82.0792,81.3941,79.6492,76.3217,76.8440,75.4321,0.0000,0.0000,0.0000,0.0000,0.0000,0.0000,0.0000,0.0000,0.0000,0.0000,0.0000,0.0000
1700000029.800000,-64.4,86.0233,86.0930,87.3670,90.1998,88.4590,88.4590,88.9550,87.9659,91.2414,89.8220,93.1719,93.6216,95.0789,94.3716,95.6033,94.8683,96.7988,92.3580,96.2081,94.5410,96.9330,96.6644,93.6216,99.7447,99.7447,100.6231,102.4207,102.4207,104.6566,101.0742,103.7545,103.7545,103.7882,101.6366,102.0441,98.6154,100.0900,98.0816,96.4624,96.4624,91.3947,91.0934,88.6002,87.8009,85.1469,82.2010,82.8734,81.7435,79.3095,78.1025,76.0263,74.5453,0.0000,0.0000,0.0000,0.0000,0.0000,0.0000,0.0000,0.0000,0.0000,0.0000,0.0000,0.0000
1700000029.850000,-60.7,83.2166,84.8646,86.9770,89.4930,86.0349,87.2812,85.6154,86.3481,88.5268,88.4590,89.1067,91.9239,91.6624,91.4440,93.3435,93.2631,94.1329,89.1403,94.0000,95.0000,91.0055,98.0051,93.0860,96.2549,99.1262,98.5089,100.6032,102.2399,101.4938,100.4988,101.2423,102.3132,101.0792,100.1798,102.0441,98.1835,96.0469,96.0208,95.0000,95.0210,91.3510,94.5304,85.2878,83.3847,85.9884,79.7621,82.3772,82.4621,77.8845,78.7464,74.0945,72.9178,0.0000,0.0000,0.0000,0.0000,0.0000,0.0000,0.0000,0.0000,0.0000,0.0000,0.0000,0.0000
1700000029.900000,-62.2,85.7088,84.7172,84.1724,86.8332,86.1452,87.3212,84.1724,86.3481,87.8009,88.5438,92.6553,91.0824,93.0484,90.4710,92.1141,93.4719,92.5743,90.3549,91.7878,92.7847,95.0158,92.4392,92.4392,94.3027,98.2293,97.6371,99.8649,101.0198,99.4032,99.0454,100.9554,102.0784,98.1835,97.0979,97.7548,97.4166,96.2549,94.6678,96.3846,96.3846,88.1192,92.6121,90.8020,85.4283,84.5044,81.2711,80.6536,79.6994,79.5550,75.9276,75.9539,71.3442,0.0000,0.0000,0.0000,0.0000,0.0000,0.0000,0.0000,0.0000,0.0000,0.0000,0.0000,0.0000
1700000029.950000,-61.4,86.3134,89.0000,90.7855,91.2414,91.7061,87.2353,88.8369,93.4933,91.5860,93.7443,97.0824,94.0213,96.4002,97.3088,95.4254,96.4261,94.7629,96.3328,95.4620,99.7246,101.1385,97.6729,96.8969,100.5684,101.5332,101.4150,105.2616,103.7111,105.8915,104.8093,104.9952,104.1393,103.9663,105.3803,101.9117,96.8969,100.4490,100.4191,99.0858,97.1854,95.1315,93.4345,91.5478,90.0000,85.8021,86.5332,85.7555,81.6333,83.6481,80.1124,80.4114,75.2861,0.0000,0.0000,0.0000,0.0000,0.0000,0.0000,0.0000,0.0000,0.0000,0.0000,0.0000,0.0000
1700000030.000000,-61.7,88.0909,87.0517,90.0000,92.0000,92.0054,90.1388,94.1913,93.2631,94.4299,94.6414,98.7320,96.0260,98.0612,97.7446,95.3415,100.4241,94.6414,94.9210,98.9798,102.4597,101.5135,99.5389,99.2975,103.0776,102.6937,103.0776,102.4597,104.6948,106.4519,104.6518,106.9299,107.0187,104.7855,103.8701,104.1777,103.0922,103.4650,102.1421,99.3277,98.0306,98.3717,94.9210,95.8019,92.4175,87.5557,85.1587,85.7088,86.5794,82.3893,79.0253,80.0562,75.5381,0.0000,0.0000,0.0000,0.0000,0.0000,0.0000,0.0000,0.0000,0.0000,0.0000,0.0000,0.0000
1700000030.050000,-63.4,86.4523,88.1022,83.7735,91.2853,86.8159,89.5545,89.3196,87.9204,91.0824,87.9318,92.4446,90.2497,89.9889,95.1262,93.9415,90.6090,94.2019,89.1067,94.7629,93.5361,90.4489,95.3363,91.4440,97.0206,98.0459,98.0000,102.0441,97.0824,107.0000,97.0052,101.0198,103.0776,98.0816,98.2497,98.1835,95.1315,98.6154,94.5304,95.8853,95.0368,89.4427,89.9444,86.4928,87.8635,83.6780,79.4040,82.2192,83.2166,76.3217,76.4853,75.1798,72.6705,0.0000,0.0000,0.0000,0.0000,0.0000,0.0000,0.0000,0.0000,0.0000,0.0000,0.0000,0.0000
1700000030.100000,-62.3,82.0731,85.2760,85.4283,87.0057,86.4002,87.6584,86.2670,86.8217,89.3085,88.1930,90.0500,92.5905,93.0376,93.0376,93.9415,92.1954,92.7038,90.6201,93.3006,94.5569,95.1893,96.7678,93.6056,97.2677,99.7246,95.3363,99.6895,102.1078,103.0776,97.9847,98.2344,99.4585,98.3717,97.5295,98.9798,95.5092,97.1442,95.5196,94.3398,94.5780,87.8465,90.3770,85.8662,84.9706,84.0773,77.8974,81.8352,78.4920,77.4209,76.2168,75.1665,73.0000,0.0000,0.0000,0.0000,0.0000,0.0000,0.0000,0.0000,0.0000,0.0000,0.0000,0.0000,0.0000
1700000030.150000,-61.0,86.4697,87.9659,88.8426,89.4427,91.2195,89.2693,89.0225,88.5268,90.2497,93.6803,93.0054,94.5569,93.3006,93.0484,92.1141,95.3415,92.6121,94.9368,94.3663,96.1509,94.3663,96.1769,97.9490,96.8969,100.8464,100.3444,101.3558,101.5480,100.1699,105.8159,100.7224,103.5857,99.3630,101.9657,99.7296,101.5185,100.6479,95.0789,96.2549,94.3398,93.0484,88.9550,92.0272,86.0233,86.1278,80.7775,82.3772,81.7435,81.3941,81.2219,77.0065,75.1066,0.0000,0.0000,0.0000,0.0000,0.0000,0.0000,0.0000,0.0000,0.0000,0.0000,0.0000,0.0000
1700000030.200000,-63.6,88.8369,87.9204,86.5332,89.5879,91.6079,90.6973,90.0000,91.8314,91.5478,91.5478,93.4345,96.8969,94.1116,96.2081,97.6729,95.6713,95.2680,96.4261,95.4254,96.4002,95.4254,98.0051,95.4411,99.2975,101.5135,101.2423,104.0096,102.3963,107.7033,101.3558,104.5610,103.7304,104.0433,102.0784,104.0433,101.0198,100.8018,97.8008,96.6747,97.4526,93.0860,93.7230,92.7631,86.9770,84.8528,84.1724,83.4865,85.2760,82.2010,80.7094,78.3901,74.2496,0.0000,0.0000,0.0000,0.0000,0.0000,0.0000,0.0000,0.0000,0.0000,0.0000,0.0000,0.0000
1700000030.250000,-60.9,83.8153,86.3771,90.8020,87.2812,91.0934,86.5852,89.2693,89.2693,89.8220,93.3809,94.3663,94.6414,92.7793,94.7629,93.2631,96.0833,94.0053,96.0208,96.0833,96.1873,94.0479,96.2549,97.0824,100.4042,99.3227,98.4124,102.5914,102.9563,98.1529,104.2353,102.4890,103.4843,102.4890,101.4002,104.2353,102.1225,101.0792,98.0000,97.0206,95.0053,94.0000,90.0000,94.1329,86.2090,86.2844,85.3756,84.1724,83.7437,83.4326,77.7946,77.4919,75.6439,0.0000,0.0000,0.0000,0.0000,0.0000,0.0000,0.0000,0.0000,0.0000,0.0000,0.0000,0.0000
1700000030.300000,-64.4,86.5332,86.5332,87.4643,90.2109,87.3212,86.8332,89.4707,90.3383,88.1022,89.0505,90.8020,93.0484,94.1541,92.0272,95.5196,95.5092,96.1665,90.8020,94.6414,96.7729,95.8019,96.5401,96.3172,97.3242,100.8067,100.2846,102.1078,99.6394,104.9238,103.7545,105.5367,102.5914,103.1601,99.4636,103.3683,98.7168,99.9250,95.3363,95.2103,92.3472,89.5377,89.4930,88.6002,85.6154,85.0000,81.4371,82.7647,80.4550,78.7718,76.2758,77.4661,70.0357,0.0000,0.0000,0.0000,0.0000,0.0000,0.0000,0.0000,0.0000,0.0000,0.0000,0.0000,0.0000
1700000030.350000,-62.1,82.2010,82.8734,82.7345,86.7006,82.3893,83.2947,84.1487,85.0529,85.0235,86.0058,89.0505,88.1419,89.2749,89.5600,88.5664,87.6926,90.0944,86.5794,92.3959,90.2441,91.0055,92.4175,90.0278,92.0489,95.6033,93.9628,98.0816,95.5092,99.6243,96.4624,99.9250,98.6712,95.6033,95.0789,95.5667,91.9239,94.3663,93.5575,90.8020,91.4112,84.0119,87.9659,83.6002,82.6075,80.2247,77.0584,77.0065,78.0000,73.1095,72.3395,73.9797,72.7805,0.0000,0.0000,0.0000,0.0000,0.0000,0.0000,0.0000,0.0000,0.0000,0.0000,0.0000,0.0000
1700000030.400000,-60.7,85.6154,87.7269,86.0058,87.7269,87.6584,85.8836,89.5545,91.0659,88.6848,89.0449,88.8144,94.4034,92.2009,93.0860,92.2009,92.6984,92.6553,90.6090,90.5207,93.4345,96.8762,99.0353,94.1116,96.6747,100.8960,96.4261,100.4241,104.4845,102.6158,102.4500,100.8960,101.1781,102.8251,101.9804,101.9117,97.6729,97.0000,95.4830,96.8762,93.3488,92.0217,87.7838,89.2749,85.0412,84.4038,78.2368,79.8812,84.0595,76.3217,76.0592,75.5844,71.4703,0.0000,0.0000,0.0000,0.0000,0.0000,0.0000,0.0000,0.0000,0.0000,0.0000,0.0000,0.0000
1700000030.450000,-60.1,89.5377,86.3308,86.0233,89.4930,90.4434,89.1852,91.4440,90.7083,90.4268,90.8020,92.1954,95.5249,94.0479,94.8947,92.6553,98.1835,95.1315,96.1873,94.0053,96.0469,97.0052,100.1798,97.0206,100.1249,100.0050,98.2497,101.1781,104.1201,101.4938,102.2399,101.1237,103.0776,103.1746,102.0441,101.0198,103.0194,101.0198,96.2549,93.3435,92.3472,93.3435,90.4489,90.9340,87.2983,85.1587,82.0000,84.8999,79.4040,83.8153,78.3901,75.5844,74.4312,0.0000,0.0000,0.0000,0.0000,0.0000,0.0000,0.0000,0.0000,0.0000,0.0000,0.0000,0.0000
1700000030.500000,-61.0,86.0930,86.3539,88.1022,87.6641,92.5905,88.1419,89.9611,87.8465,88.9550,89.8888,90.1388,92.9731,92.7200,93.4077,93.4077,96.1041,93.9415,92.9624,91.9239,96.0260,95.8853,97.7394,94.8947,98.1835,97.2523,97.2523,100.0800,102.1763,102.0784,101.0445,100.2447,107.1168,102.1763,101.4002,97.7394,100.8415,99.7246,96.1769,96.5091,92.2280,92.5743,91.0055,91.2195,87.5557,84.4808,84.1190,81.2711,79.3095,81.0247,78.2943,74.9466,73.8173,0.0000,0.0000,0.0000,0.0000,0.0000,0.0000,0.0000,0.0000,0.0000,0.0000,0.0000,0.0000
1700000030.550000,-66.6,83.2406,85.4283,82.9759,88.6172,85.6329,84.9588,84.8646,86.3134,89.0955,85.7030,89.1403,90.1388,92.6175,91.2140,92.6175,94.4034,94.6256,90.4434,92.4392,95.1893,94.8736,94.1541,95.5249,97.0464,100.1848,98.8838,100.6479,99.3630,101.0742,97.5295,98.6154,102.5768,101.2126,98.1122,98.4784,95.9635,94.8736,94.3027,96.8349,91.0220,87.9659,89.4986,87.9659,85.7963,82.7587,77.7946,79.9312,78.6448,76.8375,75.8024,72.9452,70.7107,0.0000,0.0000,0.0000,0.0000,0.0000,0.0000,0.0000,0.0000,0.0000,0.0000,0.0000,0.0000
1700000030.600000,-64.4,87.1149,86.3713,87.6926,87.6926,86.2670,85.5628,89.1067,90.5538,89.8721,86.5563,94.0213,95.2103,92.6553,95.6922,90.2109,95.7183,94.0319,92.4392,95.7706,94.4140,95.3834,97.9490,99.3630,99.9250,99.8098,97.0824,101.0792,102.9563,104.0000,103.0776,100.7224,101.9657,102.8591,101.0742,97.9490,98.9798,98.8838,97.5295,96.7471,92.9624,91.8096,89.8721,91.0220,86.2670,85.9128,81.5659,80.7217,79.9812,81.3449,79.3095,77.2010,71.5612,0.0000,0.0000,0.0000,0.0000,0.0000,0.0000,0.0000,0.0000,0.0000,0.0000,0.0000,0.0000
1700000030.650000,-62.9,86.1626,88.6002,88.1419,89.5545,89.8999,89.4427,89.4707,91.3017,92.1792,91.0659,92.6499,93.4773,94.8683,93.8136,92.2009,94.4934,95.2680,92.9570,94.0691,96.2601,96.9381,96.8762,93.3809,100.4988,99.0353,97.6729,102.7278,100.5684,104.1393,104.0048,101.8332,103.3925,103.9663,101.1187,99.0353,101.9117,98.3514,96.4261,93.4345,93.2363,92.0054,91.4002,92.2009,85.7030,85.4400,83.3547,82.7647,80.9506,78.2943,74.4648,74.9466,76.6551,0.0000,0.0000,0.0000,0.0000,0.0000,0.0000,0.0000,0.0000,0.0000,0.0000,0.0000,0.0000
1700000030.700000,-62.6,87.0517,91.0055,87.0919,91.0494,90.0500,89.0898,86.2090,90.4489,90.9340,87.1321,91.0824,95.3520,95.3415,95.3415,94.1488,93.4077,96.5660,91.9239,96.4624,96.4624,94.8683,96.2081,95.1893,98.2344,97.5756,101.6366,103.8701,101.7693,104.3887,102.0441,102.5524,105.7024,101.0198,99.9600,103.4070,97.0824,98.9798,96.1665,94.1116,96.0469,91.9837,93.7443,88.6454,87.2983,84.3445,83.2166,82.3893,82.0975,78.0064,77.1622,75.5381,78.6448,0.0000,0.0000,0.0000,0.0000,0.0000,0.0000,0.0000,0.0000,0.0000,0.0000,0.0000,0.0000
1700000030.750000,-64.4,91.0055,85.1469,87.2066,88.0511,92.1954,86.7006,87.8237,88.1192,91.0824,91.7823,92.1954,95.5667,91.4822,95.8801,91.7606,96.1353,92.3472,93.3006,95.4620,94.3398,95.4620,99.0051,98.8989,95.2575,96.6488,100.2247,105.0952,102.8834,102.8834,105.1190,99.2975,101.0742,105.5509,102.0441,102.8834,105.1903,101.0198,95.8593,97.7394,96.4624,94.6414,89.1852,89.2861,84.6463,83.4326,80.6040,82.2010,81.4985,82.2192,77.1038,77.0000,74.2428,0.0000,0.0000,0.0000,0.0000,0.0000,0.0000,0.0000,0.0000,0.0000,0.0000,0.0000,0.0000
1700000030.800000,-64.4,85.0706,85.0706,88.5268,87.5557,87.5557,85.3756,87.8635,88.2950,87.4757,91.9239,90.6697,92.3472,92.1954,93.1933,94.3398,94.0213,95.0053,91.0220,93.0860,91.0000,93.0215,94.0479,92.2659,97.7394,98.4124,99.5038,99.7246,98.6154,102.4890,101.7104,98.1835,100.1249,100.1249,101.0198,100.0800,97.0206,97.0464,95.0000,94.0053,91.0494,92.3472,92.3472,88.6848,84.7172,84.1724,80.0500,80.5233,81.4923,76.2168,75.8947,75.2396,70.6612,0.0000,0.0000,0.0000,0.0000,0.0000,0.0000,0.0000,0.0000,0.0000,0.0000,0.0000,0.0000
1700000030.850000,-62.3,85.1469,87.5557,85.4400,90.7083,86.6833,86.4002,88.8651,87.6641,88.7694,88.7694,91.3893,91.7061,90.3383,92.5905,91.2414,91.7878,91.0659,91.0659,91.2688,92.6499,94.8683,95.4411,93.7443,97.2008,98.6002,96.4002,102.0049,101.0445,102.8008,103.2327,99.2018,101.6071,101.0198,99.0454,100.6876,98.7370,95.4149,94.5145,94.0213,91.7061,91.7061,89.8944,89.0000,85.6154,83.9345,78.7718,82.5409,79.1202,77.8845,77.6660,76.5310,71.0282,0.0000,0.0000,0.0000,0.0000,0.0000,0.0000,0.0000,0.0000,0.0000,0.0000,0.0000,0.0000
1700000030.900000,-56.4,87.3613,85.3815,89.5377,90.7579,89.5377,87.0919,89.8999,89.0000,90.8020,90.8020,93.9415,95.7706,98.1122,94.6678,92.4392,97.0824,91.6079,96.8349,95.4254,96.0469,96.2133,97.8366,99.4887,99.0858,102.0686,99.8248,103.2473,107.4895,104.6614,107.4802,100.5684,105.4182,103.9663,103.4795,103.5857,100.4241,98.4073,96.4002,95.8019,93.8136,93.2309,93.8136,93.7443,86.6083,86.6083,78.3901,82.7345,82.2982,83.0060,77.1622,80.3617,73.5459,0.0000,0.0000,0.0000,0.0000,0.0000,0.0000,0.0000,0.0000,0.0000,0.0000,0.0000,0.0000
1700000030.950000,-61.4,88.0738,87.0919,89.2861,88.2950,88.6002,88.2553,89.8888,86.5390,88.0227,88.3912,92.7038,93.0376,92.6121,94.8103,93.0376,94.8947,94.6678,94.6678,93.1933,95.6922,97.3499,98.2293,98.4733,96.6075,99.6243,96.2133,102.4500,101.8283,103.2327,100.4241,101.2126,104.0192,102.8008,101.8332,99.0454,98.1835,99.0202,94.4140,94.8947,93.9415,93.9415,90.3383,93.4773,84.6936,81.9390,81.7068,82.5409,83.8153,80.5233,80.0625,74.3303,73.0274,0.0000,0.0000,0.0000,0.0000,0.0000,0.0000,0.0000,0.0000,0.0000,0.0000,0.0000,0.0000
1700000031.000000,-64.3,87.4643,85.4751,87.0230,89.0056,88.0909,84.0238,87.0057,86.0930,89.0898,89.2020,91.3510,93.0591,93.0591,90.9340,92.0706,92.9624,89.2693,92.6499,93.9628,94.1116,95.3415,96.1665,96.1665,97.4064,102.1421,99.2975,98.6813,101.8430,101.5923,100.9009,101.5135,103.7401,102.7862,99.3277,100.9604,97.8008,95.3363,95.8019,96.7729,92.7631,93.9415,88.2836,91.4112,83.0241,83.4865,80.2247,81.0987,82.0061,77.0065,77.2334,74.9667,72.5672,0.0000,0.0000,0.0000,0.0000,0.0000,0.0000,0.0000,0.0000,0.0000,0.0000,0.0000,0.0000
1700000031.050000,-62.4,84.5044,83.1685,86.0233,85.7263,89.4986,84.6463,87.4757,86.1452,86.9770,89.9444,89.9444,91.4440,93.5361,88.2780,91.1373,94.0479,89.0225,92.0054,93.1343,92.0869,95.3363,94.5304,92.3472,96.0260,97.6217,96.7471,98.3107,101.1187,98.0051,103.2473,94.8947,101.2719,101.4347,99.7246,98.5089,97.2523,94.2603,94.1913,94.0851,91.0494,92.0000,86.0058,90.0888,82.1523,83.2166,79.1581,79.6304,80.2309,81.3941,76.4003,71.7844,70.2638,0.0000,0.0000,0.0000,0.0000,0.0000,0.0000,0.0000,0.0000,0.0000,0.0000,0.0000,0.0000
1700000031.100000,-59.9,84.1190,85.8662,85.9069,89.0505,86.5390,86.8159,87.6641,89.3196,88.6002,89.8443,92.4446,90.5207,93.4077,93.3916,91.4440,94.7259,93.7443,91.0055,92.9139,95.8853,97.7394,96.7471,96.4210,100.3195,99.3227,99.1262,101.3163,102.1763,101.1237,99.1262,102.3963,99.4082,101.8332,100.6032,98.0051,97.1648,99.2975,94.7259,92.3959,93.1719,90.4710,90.7083,86.3481,84.2021,85.3815,80.0562,80.7775,79.3095,78.2943,78.7718,75.1665,73.4098,0.0000,0.0000,0.0000,0.0000,0.0000,0.0000,0.0000,0.0000,0.0000,0.0000,0.0000,0.0000
1700000031.150000,-63.4,86.5563,84.9588,88.4138,89.8276,88.4138,87.0000,87.7269,88.4590,90.7855,91.4385,94.0213,92.2009,95.2103,94.8736,94.3027,96.3846,92.6607,95.1893,93.9415,96.6488,98.0051,94.8472,97.5295,99.9250,98.4886,100.3195,99.0051,105.1095,101.9510,105.6882,98.6154,102.6937,105.7024,102.4597,101.9804,100.6231,98.3870,100.7224,97.0618,93.1504,94.5145,90.9725,91.8096,88.4816,84.4038,81.0555,84.3860,83.5464,81.3204,77.1038,75.2861,75.2130,0.0000,0.0000,0.0000,0.0000,0.0000,0.0000,0.0000,0.0000,0.0000,0.0000,0.0000,0.0000
1700000031.200000,-61.4,89.0674,90.4268,87.8180,93.8136,91.8096,90.7359,94.0479,93.0054,94.6414,90.2718,98.0816,97.8366,96.2081,96.1769,99.7246,97.0000,99.0858,97.0000,101.0445,103.0776,98.8585,100.2098,98.6002,106.2544,104.0433,100.6876,105.9481,107.3778,108.1665,104.8475,108.1665,108.4528,107.0747,101.8332,105.8017,104.8093,102.8008,100.8960,97.3088,97.9490,95.7758,95.5249,91.2853,88.3912,88.3912,84.1724,86.3713,82.4621,80.6040,82.0975,82.3650,76.4853,0.0000,0.0000,0.0000,0.0000,0.0000,0.0000,0.0000,0.0000,0.0000,0.0000,0.0000,0.0000
1700000031.250000,-62.7,85.6329,84.8528,90.5097,87.7269,88.4590,87.2066,86.3713,89.4986,92.4554,93.0054,91.8368,96.7988,92.9624,92.1141,94.3398,93.6483,92.2822,94.8947,93.9415,93.0376,97.5090,97.0824,93.5201,97.7394,99.5389,97.8621,99.9250,105.4751,99.9600,101.3903,98.6154,103.6195,102.5524,102.4597,100.1798,100.6231,97.0464,100.6479,96.6488,93.6483,90.7359,91.9239,92.3580,85.9826,87.6584,81.4002,85.7963,81.4678,80.6226,78.4920,77.9872,74.6324,0.0000,0.0000,0.0000,0.0000,0.0000,0.0000,0.0000,0.0000,0.0000,0.0000,0.0000,0.0000
1700000031.300000,-58.4,83.0060,85.0235,87.0057,87.0517,87.0230,86.0233,85.5862,86.4697,87.4643,88.9550,90.6697,91.0824,89.8220,93.9415,92.4175,94.1116,90.5207,92.1792,92.9731,92.1141,92.6553,93.6216,94.9210,94.9368,96.9330,97.1700,100.6479,102.4158,99.7447,101.5529,100.7224,100.6479,100.7224,98.2344,100.3195,97.8621,98.0306,94.5569,95.2103,92.4446,92.4446,88.3233,87.8009,86.1220,79.8311,80.4114,78.9177,80.6226,78.0577,77.0065,75.1066,74.8131,0.0000,0.0000,0.0000,0.0000,0.0000,0.0000,0.0000,0.0000,0.0000,0.0000,0.0000,0.0000
1700000031.350000,-66.4,84.0238,83.0241,87.5728,86.2844,86.5794,85.7088,86.8332,89.6270,88.1192,87.8635,90.8020,91.9239,91.7606,92.3472,90.8020,93.9202,93.6376,92.6553,90.2497,90.6201,93.6376,93.6216,96.6644,99.7647,98.4124,97.5295,99.2975,103.3102,102.0000,102.0000,98.8382,100.6479,99.7447,100.7224,96.7729,99.1615,101.2373,95.8541,92.1141,93.6376,91.0934,87.3613,89.2861,86.4002,83.4326,80.4114,82.2010,80.7527,78.2304,76.3217,78.0000,73.1710,0.0000,0.0000,0.0000,0.0000,0.0000,0.0000,0.0000,0.0000,0.0000,0.0000,0.0000,0.0000
1700000031.400000,-61.4,85.5628,86.3713,87.9659,88.4590,88.7299,86.0523,90.8020,88.4816,90.6973,89.5879,92.1141,93.1504,93.5361,93.5361,91.7878,95.7079,96.6075,94.4299,94.3398,96.9330,98.2344,97.7394,96.2081,99.9300,99.2975,100.5783,102.8834,107.5639,104.9952,101.5332,100.8811,105.3613,105.3043,98.0816,101.5923,102.5280,94.3398,96.6644,92.6121,95.3415,92.5743,92.1792,88.5889,87.3212,88.5099,81.5414,79.0569,79.8123,81.0555,79.9812,76.4199,75.4321,0.0000,0.0000,0.0000,0.0000,0.0000,0.0000,0.0000,0.0000,0.0000,0.0000,0.0000,0.0000
1700000031.450000,-62.5,88.1192,88.6848,87.8180,91.7061,92.6607,90.2109,89.3085,91.2634,93.0054,93.6002,94.2019,92.3147,96.6747,90.5538,96.2601,96.1665,93.3381,93.3809,93.4345,98.5951,97.0824,101.0445,94.4934,102.0049,102.0049,100.0000,106.2544,102.4158,105.4372,102.9029,103.4070,104.0433,104.4031,105.2093,103.4070,98.7168,100.8960,97.8366,97.8366,93.6056,95.4830,93.3488,91.2195,88.4590,85.6329,83.0963,83.2406,84.0536,81.5414,80.2621,77.0260,74.7329,0.0000,0.0000,0.0000,0.0000,0.0000,0.0000,0.0000,0.0000,0.0000,0.0000,0.0000,0.0000
1700000031.500000,-60.9,86.0349,86.6487,86.5390,88.3912,85.6154,85.9069,85.9069,87.2353,90.3549,85.4751,92.6607,92.4392,93.1933,92.1141,93.7443,90.2109,96.8349,91.6079,94.0213,93.8616,94.8103,95.6713,91.6788,94.7945,97.6729,99.7647,100.4490,97.5807,103.2473,101.8332,100.4988,99.1564,101.9804,99.4887,98.0816,96.8298,98.2344,94.6414,94.4034,95.4411,89.8721,89.3588,89.0449,86.8332,85.0000,79.6241,81.1542,79.4796,77.1622,75.5844,77.3692,73.9797,0.0000,0.0000,0.0000,0.0000,0.0000,0.0000,0.0000,0.0000,0.0000,0.0000,0.0000,0.0000
1700000031.550000,-61.6,87.8237,85.0529,91.2688,92.1358,90.0500,92.0217,89.1403,87.2066,92.1954,92.1954,95.1315,93.5361,94.0479,94.2019,93.2148,97.2934,93.9415,95.1262,97.0155,98.0816,97.9847,97.7190,97.4166,99.2975,100.2447,99.2975,102.8834,103.8171,102.3181,105.4751,103.2473,103.8171,104.6757,104.0433,103.1601,101.8332,103.5809,97.7446,94.3663,95.8019,95.7079,90.8020,91.7823,88.8144,85.9884,83.2947,82.1523,82.2192,83.0542,79.2275,79.7621,74.5252,0.0000,0.0000,0.0000,0.0000,0.0000,0.0000,0.0000,0.0000,0.0000,0.0000,0.0000,0.0000
1700000031.600000,-60.9,85.0235,87.0230,88.0000,90.0056,89.0225,87.0919,88.2780,89.2749,88.6848,91.9239,90.6697,94.0479,92.5743,93.2148,94.1488,94.8314,91.2140,91.9239,95.5092,96.4624,96.1353,97.3088,94.9210,100.6578,100.9009,99.1615,104.0000,104.0000,102.3181,102.1567,103.4650,102.3181,105.3423,103.2473,102.1421,100.8811,98.2344,97.7446,97.0824,93.6216,95.3415,92.2280,92.7631,86.9770,83.6002,83.3847,84.0536,83.0060,78.0256,79.5110,79.4292,73.7564,0.0000,0.0000,0.0000,0.0000,0.0000,0.0000,0.0000,0.0000,0.0000,0.0000,0.0000,0.0000
1700000031.650000,-60.2,85.0941,88.6002,86.0058,91.3893,89.0505,90.3770,89.4427,90.7855,92.5905,90.2109,92.4392,95.1893,93.7443,94.8683,97.0824,92.8009,96.2133,92.6175,97.1854,95.0158,95.2680,97.7446,93.4345,99.0051,101.1187,102.5329,104.6614,101.1781,106.1037,103.9471,105.3613,103.9471,104.0048,101.9804,102.0686,98.5951,98.5951,98.2344,96.0469,96.4002,93.0054,95.4411,90.1388,88.5099,86.0930,84.1190,84.0773,81.4371,80.2309,79.4796,78.1601,75.5050,0.0000,0.0000,0.0000,0.0000,0.0000,0.0000,0.0000,0.0000,0.0000,0.0000,0.0000,0.0000
1700000031.700000,-62.2,83.4326,87.6413,89.4930,89.4930,90.1388,87.2812,88.8651,88.2553,90.2497,89.6939,93.9149,93.9415,96.6023,94.4140,93.1504,93.8136,92.6499,93.8136,92.0869,96.5194,94.0319,98.2293,96.0208,98.8585,101.6710,99.0202,103.2327,105.1190,100.0050,102.8251,101.2126,102.6158,106.0189,102.2008,100.4390,98.4733,99.0454,94.8736,98.4784,94.8736,92.9624,91.5860,92.1303,83.2586,84.1724,84.3090,81.9329,78.1089,81.0432,77.1298,76.6877,74.1687,0.0000,0.0000,0.0000,0.0000,0.0000,0.0000,0.0000,0.0000,0.0000,0.0000,0.0000,0.0000
1700000031.750000,-62.0,88.0227,84.3090,86.9253,87.2353,87.6641,87.6641,90.3549,89.0674,92.6607,91.9239,93.2952,95.1315,96.8349,92.4175,93.2309,95.2680,95.2680,94.4934,97.0000,99.2472,96.5401,97.7446,97.6729,100.4490,98.3107,100.4092,101.8234,105.3803,100.4988,107.5174,103.2473,104.6900,104.7378,101.9804,99.7647,99.2472,101.4150,96.5401,95.6033,92.8009,94.2019,90.4434,93.2309,87.3670,86.6083,83.1865,83.6301,80.1124,80.0562,79.1202,78.1601,72.7805,0.0000,0.0000,0.0000,0.0000,0.0000,0.0000,0.0000,0.0000,0.0000,0.0000,0.0000,0.0000
1700000031.800000,-61.4,87.2353,89.0505,89.5545,91.3893,90.2497,90.8240,91.4166,91.7061,92.3472,93.1451,94.8314,97.2934,96.8814,96.3379,98.8433,95.8853,98.8585,96.7471,99.2472,97.5141,97.4166,101.1781,98.1275,101.0050,104.0048,103.0000,106.0047,105.0000,109.0046,105.0000,105.0048,106.0189,105.0762,105.1713,105.1190,102.1225,102.1763,100.3195,99.5038,97.8673,95.0368,95.1893,92.7631,89.8220,87.3212,85.1645,84.7703,83.4865,80.4114,78.9240,76.9220,76.3217,0.0000,0.0000,0.0000,0.0000,0.0000,0.0000,0.0000,0.0000,0.0000,0.0000,0.0000,0.0000
1700000031.850000,-64.4,88.5268,89.0505,92.3959,93.0591,92.0706,88.1192,92.5419,95.3363,94.1329,94.0213,97.1854,96.0052,99.0051,99.1262,99.0202,100.3195,96.3328,96.6282,99.9850,101.9657,100.8415,100.6231,101.2719,101.4150,104.3456,103.0776,107.2007,109.6358,107.7033,108.6692,106.7333,107.2007,106.0990,105.3233,104.1393,103.5761,105.2236,100.9752,100.8415,99.5038,96.2549,94.2603,95.0474,90.1998,91.0494,88.0511,88.1419,85.1469,81.3941,80.2309,81.2527,75.8947,0.0000,0.0000,0.0000,0.0000,0.0000,0.0000,0.0000,0.0000,0.0000,0.0000,0.0000,0.0000
1700000031.900000,-60.5,85.2878,83.6002,90.6697,86.7006,88.8144,86.9770,88.8426,88.2950,88.5268,92.4175,92.6499,94.1116,91.4822,92.0489,91.7061,94.1541,91.5478,94.1541,93.5201,95.2575,93.9415,95.2575,96.1509,97.9490,98.8382,97.5295,99.8499,103.4456,100.3444,103.4456,101.0742,103.8316,103.7690,101.9657,101.0792,100.7224,99.9250,98.0816,93.9840,90.8240,93.3006,90.1388,90.8020,85.1645,84.8999,81.2527,81.5843,80.0625,81.3941,78.0577,76.0066,73.2462,0.0000,0.0000,0.0000,0.0000,0.0000,0.0000,0.0000,0.0000,0.0000,0.0000,0.0000,0.0000
1700000031.950000,-63.5,87.3613,88.7694,87.3212,93.3916,90.0278,93.1719,91.9239,93.7710,93.7710,91.4440,96.5194,97.1854,98.1275,96.0469,97.0052,98.0051,100.0200,95.0474,101.1781,99.3227,98.4124,100.6032,97.5141,101.9657,102.8251,102.9563,104.5610,104.2353,109.4897,103.2473,106.9205,106.0660,105.8017,104.5801,103.5857,102.3963,102.2399,99.0454,98.0204,99.0454,94.0000,95.0210,92.0869,92.1954,87.2066,83.4865,84.8528,82.5651,81.0247,81.3204,78.1089,75.2396,0.0000,0.0000,0.0000,0.0000,0.0000,0.0000,0.0000,0.0000,0.0000,0.0000,0.0000,0.0000
1700000032.000000,-63.0,86.7698,86.7640,89.9611,89.5545,87.8465,89.5545,89.5377,90.1388,90.4434,90.8020,93.4077,92.6499,95.3415,94.9210,94.9210,96.3379,93.7710,92.9139,96.4210,96.2549,94.4299,97.1854,95.0842,99.0000,99.0000,101.0000,103.0049,101.0198,103.0194,102.0784,104.0000,104.0000,103.0000,102.0049,102.0784,98.1275,101.0792,98.1835,96.3328,95.4254,92.7793,91.7878,89.9444,87.2983,86.8850,82.2253,82.7103,81.0432,80.3243,78.9240,76.0592,75.2928,0.0000,0.0000,0.0000,0.0000,0.0000,0.0000,0.0000,0.0000,0.0000,0.0000,0.0000,0.0000
1700000032.050000,-61.8,86.2670,88.4816,87.1321,91.2688,90.2109,88.3233,89.5545,90.7855,90.7855,90.8020,93.9415,95.4620,95.2733,94.5780,93.6376,95.8175,96.1665,94.9210,94.8314,95.8019,96.0469,98.2700,95.5667,99.4636,101.2719,100.4490,102.2595,103.2473,104.3935,102.2595,101.7890,105.7213,104.1393,102.1812,100.6628,100.6628,99.2018,98.4937,97.5295,96.1665,93.6056,92.3580,90.8240,88.0227,86.9253,84.5281,82.7647,81.8841,79.4040,77.9359,77.0065,75.0067,0.0000,0.0000,0.0000,0.0000,0.0000,0.0000,0.0000,0.0000,0.0000,0.0000,0.0000,0.0000
1700000032.100000,-58.1,87.3613,86.3308,89.4930,89.4930,91.4166,87.3155,92.1954,89.9611,91.2360,93.0215,93.0591,93.6483,96.0417,95.1893,95.4149,97.0824,94.4034,94.6256,95.6033,97.0052,96.8298,99.3579,97.1854,100.4490,101.9117,100.4490,103.9471,106.0754,103.9471,105.3613,103.9663,106.7942,105.4751,102.7278,104.2353,100.6578,100.0050,99.6394,98.2344,94.8103,93.8136,91.8368,92.0869,89.0449,86.6083,84.7231,82.7647,83.1865,81.9390,80.4114,77.4919,74.2159,0.0000,0.0000,0.0000,0.0000,0.0000,0.0000,0.0000,0.0000,0.0000,0.0000,0.0000,0.0000
1700000032.150000,-66.2,85.9069,84.1724,89.9889,88.7694,91.2140,85.8662,89.4930,89.1852,89.5377,91.7606,92.3580,93.2309,95.0789,94.4299,91.7061,96.6488,93.0591,95.2943,93.2952,96.5660,95.5249,96.2549,97.0979,98.4733,100.4390,98.4733,100.4390,105.2093,100.8018,104.6231,99.8649,103.4698,103.1746,101.5480,102.0833,102.2155,99.8499,97.0618,95.7131,92.1303,94.8103,89.0000,92.7038,86.1626,85.4400,84.4334,82.2800,81.0432,81.5843,78.0897,77.2334,73.0069,0.0000,0.0000,0.0000,0.0000,0.0000,0.0000,0.0000,0.0000,0.0000,0.0000,0.0000,0.0000
1700000032.200000,-60.7,87.5728,88.8144,91.4112,92.3959,94.9210,92.1954,93.3916,93.1451,93.6803,95.5092,97.4166,97.1442,98.0816,96.9330,98.2344,98.4886,97.5090,97.5090,98.0051,99.3630,98.8838,99.9850,99.4786,102.6255,103.4650,102.0833,105.1190,106.5082,107.6151,107.6151,104.8475,107.0701,104.8475,105.4751,105.6788,105.1903,104.7091,101.0742,97.0464,98.3870,95.7549,94.4299,93.2309,89.3196,88.8651,85.3815,86.4002,85.6154,83.9524,80.7527,79.4040,78.0256,0.0000,0.0000,0.0000,0.0000,0.0000,0.0000,0.0000,0.0000,0.0000,0.0000,0.0000,0.0000
1700000032.250000,-66.4,90.6697,90.7965,90.9340,92.9139,94.7259,91.4112,92.3959,95.3415,95.3415,94.3716,98.3717,97.4064,98.6813,99.0202,99.6243,98.7927,99.5389,95.4620,100.6479,99.8098,100.7224,101.0792,98.8382,104.8093,103.9423,103.9423,107.5407,109.2749,108.4066,106.5505,106.0047,109.1284,108.2266,105.5509,106.0236,103.7882,104.2161,101.6366,101.6366,100.0900,96.1353,96.1353,92.3472,88.3233,89.0505,84.5281,85.1587,83.6002,82.6075,81.3941,79.0253,76.1643,0.0000,0.0000,0.0000,0.0000,0.0000,0.0000,0.0000,0.0000,0.0000,0.0000,0.0000,0.0000
1700000032.300000,-62.6,88.3233,89.0225,90.0278,93.3916,93.1719,94.7259,93.9042,92.9139,93.5361,93.6483,97.6217,97.3293,98.1835,98.1835,98.0816,100.0200,99.0454,97.0206,99.2472,100.3195,99.2472,100.6032,98.4124,101.7104,101.7104,101.9657,106.5317,105.5462,107.5174,106.0660,106.9205,109.0367,106.9205,105.6835,102.4890,105.3043,103.1213,101.0445,99.0202,98.0000,96.0052,96.0052,93.1343,92.2659,88.2780,87.4643,86.9770,84.1724,82.7103,81.9085,80.0562,76.5572,0.0000,0.0000,0.0000,0.0000,0.0000,0.0000,0.0000,0.0000,0.0000,0.0000,0.0000,0.0000
1700000032.350000,-61.7,85.6037,87.6185,87.6584,90.6973,87.3670,89.5879,87.1321,89.5545,91.4166,88.5494,92.6121,91.5478,93.4077,94.3398,95.0789,93.3006,97.0824,91.0934,95.6033,93.9628,96.1665,97.2677,94.5939,98.6560,99.8248,99.6394,102.5914,100.0200,105.7213,101.6071,101.9804,103.3683,102.6109,100.8960,100.6876,97.2677,98.9545,96.5660,95.6033,97.1236,90.1388,92.3580,88.0227,87.4643,85.9069,82.2922,83.1865,83.3547,78.0320,76.5506,75.8024,75.0733,0.0000,0.0000,0.0000,0.0000,0.0000,0.0000,0.0000,0.0000,0.0000,0.0000,0.0000,0.0000
1700000032.400000,-62.4,88.8876,94.5569,87.5957,95.0789,89.6939,91.0824,92.4770,92.6121,91.2853,93.0215,98.4124,96.3846,97.7548,96.8969,97.4166,96.0417,99.2975,97.6524,100.2098,97.2008,100.0000,101.0198,97.0052,104.8904,102.0686,100.0050,109.0413,105.6456,108.3005,106.4049,104.3504,106.5270,107.4477,104.8093,106.8316,102.8008,102.6499,100.8018,97.9081,99.0202,92.7847,95.3834,90.5538,88.1930,90.3770,83.0060,84.8646,82.8613,86.0233,78.7464,80.4114,75.8024,0.0000,0.0000,0.0000,0.0000,0.0000,0.0000,0.0000,0.0000,0.0000,0.0000,0.0000,0.0000
1700000032.450000,-57.4,83.4506,82.7345,84.1724,84.8999,85.7030,83.5464,86.6833,84.5044,88.6002,88.6002,89.6270,90.9725,92.6499,91.0659,90.2109,91.7878,91.2414,90.8240,91.2360,93.0376,92.5743,94.9368,92.7038,94.9210,96.9330,96.2081,99.0202,100.5684,99.6243,100.2447,100.0900,100.0900,99.9250,99.0051,98.8989,97.0824,96.2549,93.0376,92.5905,91.7061,90.9175,87.3212,88.3233,84.5991,82.0975,79.4040,78.2432,78.7464,76.5768,75.6637,74.4110,69.8140,0.0000,0.0000,0.0000,0.0000,0.0000,0.0000,0.0000,0.0000,0.0000,0.0000,0.0000,0.0000
1700000032.500000,-61.4,89.1964,88.8651,90.4434,92.6553,93.6803,90.2497,90.9560,92.6499,95.3415,95.7079,96.6902,98.0051,99.7246,98.6154,97.6217,100.2447,97.1854,98.1835,98.0051,100.0200,100.0200,102.0000,100.0050,102.2399,105.1190,102.1763,105.1713,109.2245,106.2309,108.1665,104.0769,109.0734,108.0185,106.0047,106.0047,104.0192,102.0441,101.0792,99.1816,98.3260,96.4210,92.7793,93.9042,88.2836,88.4590,85.6154,85.8662,83.5225,84.1190,80.7775,79.6241,78.0320,0.0000,0.0000,0.0000,0.0000,0.0000,0.0000,0.0000,0.0000,0.0000,0.0000,0.0000,0.0000
1700000032.550000,-59.0,88.5889,85.0000,84.8646,89.0505,88.3912,89.8888,89.1964,88.5438,88.3233,88.2327,92.3472,92.4446,93.6216,94.5939,91.0055,94.2019,93.9042,92.9139,94.5304,94.4299,95.6347,94.1329,94.5304,96.0833,97.2523,99.1816,102.1225,100.0000,101.0050,100.0000,100.1249,103.0776,103.1213,101.4938,101.2423,101.7104,97.7394,96.3379,95.5249,92.2280,93.5575,89.8220,87.5557,85.3756,86.4002,80.3617,82.6378,81.7068,79.7057,80.0625,75.8024,74.4043,0.0000,0.0000,0.0000,0.0000,0.0000,0.0000,0.0000,0.0000,0.0000,0.0000,0.0000,0.0000
1700000032.600000,-58.7,90.2441,89.4986,93.8616,92.8924,93.4077,91.4822,92.6553,92.0272,92.6984,94.5410,97.6934,96.6644,97.9439,98.3870,96.6023,99.8499,97.7548,96.3846,99.0202,100.1249,100.7025,101.5135,100.4390,104.2017,102.8008,103.4070,106.6677,106.0424,107.2986,105.1190,105.8017,107.0047,106.6068,105.4372,105.2093,102.6499,102.9029,102.0833,99.6444,98.2700,96.2549,96.2549,93.9415,89.8944,89.4707,85.2350,86.7295,85.7030,83.8153,82.0061,79.6241,77.5242,0.0000,0.0000,0.0000,0.0000,0.0000,0.0000,0.0000,0.0000,0.0000,0.0000,0.0000,0.0000
1700000032.650000,-63.4,87.0976,88.0568,88.3233,92.6499,89.8443,91.0934,91.7606,94.5410,91.3893,91.5478,95.0789,95.3415,98.0867,95.7079,95.2575,96.7471,93.5361,94.6678,97.4166,99.2975,97.0979,99.6243,98.7370,102.6499,101.8332,100.8018,102.2008,105.8017,106.4002,105.0000,106.6068,107.0047,106.6068,105.1190,101.7890,101.2423,103.7738,99.7647,96.6023,96.6488,93.9415,92.5743,91.7061,89.3196,88.3912,86.9770,84.7703,81.0432,82.2253,81.3941,78.6384,74.1080,0.0000,0.0000,0.0000,0.0000,0.0000,0.0000,0.0000,0.0000,0.0000,0.0000,0.0000,0.0000
1700000032.700000,-64.2,85.4459,86.8332,88.0909,91.2140,87.9659,88.5268,88.4590,89.1067,91.9348,89.8053,91.9239,92.6553,94.7945,95.6713,95.7758,94.8103,95.4254,92.8009,95.4411,96.5194,96.5194,97.9439,94.5780,98.2700,100.7025,101.3558,103.9423,101.7104,103.7738,100.4988,102.3963,103.7738,104.3072,101.7890,102.9029,99.4032,99.0202,96.6747,97.9490,96.4261,91.2853,92.6984,89.1067,86.9770,84.8646,81.3941,82.9759,81.8352,78.4920,78.0320,76.9415,73.9256,0.0000,0.0000,0.0000,0.0000,0.0000,0.0000,0.0000,0.0000,0.0000,0.0000,0.0000,0.0000
1700000032.750000,-57.9,86.3308,86.8159,87.6641,88.0227,89.3196,87.3155,87.5957,89.1852,89.8443,90.9560,90.7083,93.1719,93.7443,94.2019,93.2148,95.6347,92.4392,93.5361,93.1933,95.0842,94.1913,97.0206,96.0208,98.0204,99.0202,99.0454,101.1237,103.0776,102.1225,103.1213,101.0445,103.0437,104.0048,102.0049,102.0196,101.0050,98.0816,97.1288,97.2523,94.3398,92.6553,90.5538,91.7878,85.0000,84.1724,82.0000,83.9345,82.0061,80.9568,77.4919,76.9675,73.9256,0.0000,0.0000,0.0000,0.0000,0.0000,0.0000,0.0000,0.0000,0.0000,0.0000,0.0000,0.0000
1700000032.800000,-65.0,82.5651,82.8734,87.3670,87.6926,88.8144,86.3713,87.1436,89.0225,89.1403,89.0056,90.0056,89.0505,90.1998,95.2575,92.1954,92.7793,93.0591,89.4539,97.0155,91.9239,93.3809,94.5410,92.3959,97.7446,96.3172,97.2677,97.5295,100.4241,103.0776,99.2018,97.5141,101.6366,103.5857,98.0612,99.0404,97.3242,97.1648,94.8947,96.3328,92.6553,87.2066,89.0898,90.0888,86.0058,87.0057,83.0542,80.1561,81.3941,79.9062,76.1183,71.3092,71.1688,0.0000,0.0000,0.0000,0.0000,0.0000,0.0000,0.0000,0.0000,0.0000,0.0000,0.0000,0.0000
1700000032.850000,-64.7,83.6301,85.0000,84.7231,88.1930,86.0930,86.6083,85.9826,87.0919,88.2327,88.0057,89.6270,92.2009,91.0494,90.0278,91.4385,90.5207,92.6337,89.8053,91.3510,91.4385,92.0978,95.2680,92.9570,95.4254,98.0816,97.4526,100.2098,99.4032,100.2098,98.8130,99.8098,100.8018,100.4241,98.8585,98.8585,96.4261,96.3328,93.3488,93.3381,91.9348,88.3912,89.1403,86.3134,85.0412,82.9759,79.0253,80.2122,79.0569,77.1751,73.3553,74.3236,72.4500,0.0000,0.0000,0.0000,0.0000,0.0000,0.0000,0.0000,0.0000,0.0000,0.0000,0.0000,0.0000
1700000032.900000,-65.5,85.5862,87.6926,88.1192,89.1067,89.4427,86.4928,89.8220,88.8426,89.4986,92.4446,91.0934,94.2444,92.3580,93.9840,93.0484,96.2549,94.4299,93.5201,95.2575,96.6075,95.7079,95.2943,95.7706,99.3227,100.4988,97.9439,102.7278,104.6231,102.9272,102.6255,101.3558,102.5768,102.0833,101.1187,99.7647,100.6479,99.7647,97.4936,95.7079,94.0213,92.3093,92.3093,89.8888,86.0349,84.4808,81.2527,82.9759,81.3941,82.2010,77.9295,76.2365,73.0069,0.0000,0.0000,0.0000,0.0000,0.0000,0.0000,0.0000,0.0000,0.0000,0.0000,0.0000,0.0000
1700000032.950000,-62.5,82.4621,83.7377,82.8794,84.9588,85.5628,84.1724,82.7345,85.7030,87.2066,85.7030,85.7963,89.8109,91.4002,88.8144,92.2009,89.3085,93.7443,88.2043,91.3017,91.7878,90.5538,93.0591,90.3549,94.4299,96.6644,96.1509,100.2247,97.5756,99.3177,96.1769,96.6075,97.0824,97.0824,96.1509,94.8947,94.8947,94.1541,96.5660,92.6499,89.0449,88.4816,88.4816,85.0000,79.8123,79.8123,78.1025,77.1557,76.3806,76.4853,75.1665,75.0000,70.4911,0.0000,0.0000,0.0000,0.0000,0.0000,0.0000,0.0000,0.0000,0.0000,0.0000,0.0000,0.0000
1700000033.000000,-60.4,85.8429,84.3801,88.1419,89.1403,89.0898,87.0517,88.0057,88.0000,90.0500,92.1954,93.2631,93.5361,94.7629,92.9139,92.7793,95.5249,93.9415,95.1262,92.6499,96.0469,93.6216,96.8401,96.8401,97.4064,99.6243,98.3514,101.8430,103.8171,101.9510,103.2473,100.2447,102.7862,103.0922,100.5783,100.2846,102.8834,97.8008,96.3016,95.3415,93.6216,93.7443,90.4268,91.2414,85.9884,84.5931,82.2982,82.0975,82.0244,80.0062,78.1025,76.5310,74.3303,0.0000,0.0000,0.0000,0.0000,0.0000,0.0000,0.0000,0.0000,0.0000,0.0000,0.0000,0.0000
1700000033.050000,-64.5,83.2166,85.4751,86.8332,87.8237,87.9659,89.2693,89.0505,88.0738,89.4986,89.4986,92.4446,93.6056,95.2103,93.6056,95.8175,95.2733,96.0052,93.1075,94.8472,97.0464,93.9415,98.3870,96.1509,99.3630,99.7647,99.4786,104.1009,100.2397,103.3538,103.9423,102.4744,104.3168,103.7545,100.6479,100.6479,98.4886,98.4886,96.3846,95.0789,94.3398,92.3580,90.7579,90.1388,88.3233,87.0919,82.2253,83.5464,79.9062,80.6226,80.0562,77.0260,74.2428,0.0000,0.0000,0.0000,0.0000,0.0000,0.0000,0.0000,0.0000,0.0000,0.0000,0.0000,0.0000
1700000033.100000,-61.1,86.8332,88.8369,90.4268,92.1141,89.0449,91.2634,92.0054,92.6175,92.4554,93.7230,97.1854,95.5249,96.1769,96.1769,96.1769,95.5249,97.0824,94.1754,98.0816,98.2344,98.2344,100.0000,97.2008,102.6499,103.2279,102.3426,105.1190,103.1746,105.9481,104.5610,105.1190,105.6835,106.6068,104.2017,102.8008,101.2126,101.8283,100.1249,98.4937,97.0824,94.0691,94.0479,92.6337,89.1067,87.7838,84.5044,84.0238,82.2010,81.2711,78.2304,77.8974,75.2396,0.0000,0.0000,0.0000,0.0000,0.0000,0.0000,0.0000,0.0000,0.0000,0.0000,0.0000,0.0000
1700000033.150000,-62.6,87.0976,86.8332,88.3233,89.9889,90.1388,89.1852,89.5377,89.8888,90.6201,92.7038,93.6216,93.0376,95.7079,95.2575,93.9415,95.5249,95.1893,94.3398,95.6922,98.2293,98.2293,97.8008,98.0051,101.0445,100.6032,100.2646,102.8251,104.3504,104.9952,103.4795,103.7111,104.3504,104.4845,102.4500,101.8283,100.6032,100.4390,97.9081,95.4149,94.8736,92.9624,92.1141,90.0500,86.8332,86.3539,83.6301,83.2586,81.1542,81.9329,79.4040,77.1298,74.9667,0.0000,0.0000,0.0000,0.0000,0.0000,0.0000,0.0000,0.0000,0.0000,0.0000,0.0000,0.0000
1700000033.200000,-65.0,84.8528,86.1452,86.4928,89.4427,86.4928,87.0976,87.0919,88.8876,90.8020,89.1852,92.6553,92.0272,93.0484,93.0484,95.8541,94.3716,93.0376,92.5743,93.9415,93.5361,95.7706,96.7471,93.6483,96.5660,99.1262,99.0202,102.9029,102.6255,102.3426,100.6876,100.4988,102.9272,103.2473,99.9850,100.3444,98.4886,97.0618,96.6075,95.2733,94.8472,90.6201,90.4710,88.0227,86.6487,84.1190,81.3204,80.7775,82.0000,77.1038,77.5242,77.1038,74.0068,0.0000,0.0000,0.0000,0.0000,0.0000,0.0000,0.0000,0.0000,0.0000,0.0000,0.0000,0.0000
1700000033.250000,-61.3,86.3713,81.5659,87.2066,85.9128,86.4002,83.4086,87.6584,88.2327,90.1388,88.5099,90.5538,92.7847,92.2822,90.3549,90.3383,93.1075,91.3893,92.1358,92.6984,92.6984,90.8240,92.9731,93.6376,93.6803,99.9300,96.8401,98.9545,100.4241,97.2677,100.4390,100.0000,101.2423,101.5332,98.3717,97.4166,100.5684,94.8683,93.4077,92.7038,91.7878,90.6201,89.0505,90.7855,85.8836,82.7647,79.2591,79.0569,79.0569,79.8123,76.0592,75.6902,70.7672,0.0000,0.0000,0.0000,0.0000,0.0000,0.0000,0.0000,0.0000,0.0000,0.0000,0.0000,0.0000
1700000033.300000,-62.8,87.6641,85.7555,89.5545,88.6848,89.9444,87.6584,87.6641,90.3770,90.4710,92.6984,93.0484,92.6984,93.6056,94.9210,92.4446,95.5667,92.4175,94.1488,92.3959,96.1769,96.1769,98.8585,95.0368,96.4210,99.4082,98.3260,101.1781,103.1213,102.1763,102.1225,101.4938,103.3102,103.4843,101.4938,101.7104,99.8499,98.8585,97.4936,95.7079,93.3809,92.9624,91.2195,91.6788,85.8662,84.8999,82.5651,83.4865,81.9329,80.6226,77.8267,75.8024,73.2393,0.0000,0.0000,0.0000,0.0000,0.0000,0.0000,0.0000,0.0000,0.0000,0.0000,0.0000,0.0000
1700000033.350000,-61.6,84.7172,87.9659,89.4427,88.8144,92.9624,88.9550,90.0278,89.7385,90.5207,90.5207,94.8683,91.0824,92.6553,91.7606,95.0789,96.1769,92.6121,95.7079,96.1769,97.9490,95.7131,97.0618,94.0213,102.3426,98.9798,98.1835,101.2571,103.1746,101.7890,104.8475,103.7738,108.7566,104.8093,101.2126,99.7647,98.0051,102.4744,94.3716,96.6075,91.6788,92.6121,87.7269,91.5478,88.6002,83.1685,82.9699,81.4923,82.9759,81.2158,78.5175,78.1601,76.0066,0.0000,0.0000,0.0000,0.0000,0.0000,0.0000,0.0000,0.0000,0.0000,0.0000,0.0000,0.0000
1700000033.400000,-63.2,87.2983,86.4928,88.5268,87.3212,88.7694,85.6154,88.8876,91.3947,91.7061,93.6376,92.1141,94.5410,94.5410,92.6121,92.1358,97.0618,92.1792,95.7706,93.6483,95.5249,95.5249,96.2549,97.0979,99.6243,100.6876,98.4733,101.6071,104.0433,101.0198,103.8123,100.4390,101.2571,103.7304,102.0833,100.4988,101.3558,97.7548,95.7706,95.7131,92.5905,93.4719,89.8999,92.1954,85.2350,85.7963,82.5409,83.8153,82.0061,80.5233,78.2624,76.5310,74.0608,0.0000,0.0000,0.0000,0.0000,0.0000,0.0000,0.0000,0.0000,0.0000,0.0000,0.0000,0.0000
1700000033.450000,-66.6,86.7295,88.6397,89.9611,92.6121,89.8999,92.1358,90.3549,92.2822,92.6607,92.6499,95.7183,94.8683,98.2293,96.0208,97.2008,97.6166,98.2344,96.0469,99.2472,99.1564,98.4937,98.4124,96.8762,101.1385,103.9663,101.8627,106.1508,106.1037,108.1897,104.6614,106.7755,106.7755,106.0754,104.6900,104.8904,101.9804,102.0686,100.8960,98.2344,98.8585,94.6256,94.8683,90.6973,88.5099,88.5099,84.2199,85.4751,83.1926,81.0247,80.0562,79.6994,76.6877,0.0000,0.0000,0.0000,0.0000,0.0000,0.0000,0.0000,0.0000,0.0000,0.0000,0.0000,0.0000
1700000033.500000,-62.7,85.5628,83.4865,92.6175,86.5563,91.2140,85.2760,87.6584,90.2109,88.7525,93.1933,93.1933,94.3398,95.0158,95.2943,92.1303,96.1769,92.6121,96.1769,94.3398,97.8621,97.8621,93.9202,99.0202,97.1236,101.2423,100.8811,100.2846,104.8093,100.9604,106.4800,100.6876,104.1201,106.2544,101.8332,99.9300,104.9238,101.3903,99.0051,96.3846,94.0213,93.5201,92.1358,93.4773,87.2066,85.0882,81.9878,81.5414,83.2346,84.2021,79.3095,77.7946,73.7564,0.0000,0.0000,0.0000,0.0000,0.0000,0.0000,0.0000,0.0000,0.0000,0.0000,0.0000,0.0000
1700000033.550000,-66.9,86.1220,87.5557,88.7694,89.9889,86.1278,86.6833,91.7606,89.8109,92.9731,90.6201,93.6216,92.1358,93.9149,93.9415,93.9149,93.9149,94.8947,92.9624,95.4149,94.5780,97.0979,99.0202,95.6922,101.2126,99.0202,101.6710,103.2327,104.4031,105.4230,101.8283,101.4002,105.4372,103.4698,103.4698,104.3072,98.7370,97.6371,97.7548,98.2700,96.0417,92.5905,92.1358,89.8944,85.0882,85.6154,80.6536,83.8153,81.7435,78.5875,78.5875,77.4661,75.2396,0.0000,0.0000,0.0000,0.0000,0.0000,0.0000,0.0000,0.0000,0.0000,0.0000,0.0000,0.0000
1700000033.600000,-59.7,87.6641,87.6641,88.0057,88.0057,86.4002,87.0057,91.0494,86.4523,92.0978,89.0955,93.3488,94.3663,94.9210,90.7855,95.6713,93.8616,95.8019,94.6414,96.6075,96.0208,94.3027,96.2549,95.1315,100.2397,101.2126,102.5768,103.8316,104.4462,102.4744,102.0833,104.8093,104.8093,103.5857,99.1262,103.1746,97.6371,99.6444,97.3499,95.1315,96.5194,91.0494,91.6788,91.0494,86.4523,85.7030,82.7345,83.4506,82.9759,77.3369,78.4092,74.8866,74.4312,0.0000,0.0000,0.0000,0.0000,0.0000,0.0000,0.0000,0.0000,0.0000,0.0000,0.0000,0.0000
1700000033.650000,-64.8,90.4434,89.8721,91.8096,91.8096,93.2952,91.9239,92.6607,92.6607,93.4773,93.9149,96.6075,97.6934,98.2344,97.3088,96.9330,99.9300,98.0306,98.3514,97.5295,99.7246,100.0000,101.3903,100.1699,103.1601,103.3683,102.9612,104.1393,110.0227,104.9238,108.0602,105.5367,108.6830,107.9352,105.0809,104.5466,105.5130,104.1201,99.9300,98.3514,97.7394,96.2081,92.4770,94.5410,90.3770,87.6584,86.7698,86.0930,82.6801,84.0536,80.6040,78.7464,74.9667,0.0000,0.0000,0.0000,0.0000,0.0000,0.0000,0.0000,0.0000,0.0000,0.0000,0.0000,0.0000
1700000033.700000,-58.8,75.1864,75.4321,77.2787,81.2158,78.4474,80.0625,79.4040,79.2275,82.0975,83.0963,82.0549,83.0241,85.0059,85.0000,84.0536,81.3941,84.3801,83.2947,86.5794,85.0000,87.4757,88.2836,85.5102,88.2950,90.0278,88.5268,90.4710,91.6788,93.8616,89.7385,92.8924,92.6499,92.1954,92.1954,91.0055,89.6270,90.0944,86.8332,87.6926,88.5664,82.4924,83.2947,79.2275,77.0584,77.1038,74.0000,74.0608,72.2496,70.4557,72.0069,67.7200,67.0671,0.0000,0.0000,0.0000,0.0000,0.0000,0.0000,0.0000,0.0000,0.0000,0.0000,0.0000,0.0000
1700000033.750000,-63.6,85.2115,86.2090,86.7006,88.5664,92.3472,87.6926,89.4427,89.4427,93.9415,89.0505,92.1954,96.3016,96.3016,95.8801,93.9628,96.7988,97.1442,95.1893,93.6216,94.5410,98.2344,100.2247,100.0900,98.8382,100.6479,100.6231,101.9804,103.8316,103.3102,106.8925,101.5185,102.8591,102.4597,105.1903,100.7224,101.9510,102.3181,98.0816,95.2103,97.0824,94.5569,91.7606,89.9889,88.0568,82.5651,84.1724,82.7345,82.2982,81.1542,76.0000,80.1561,72.8354,0.0000,0.0000,0.0000,0.0000,0.0000,0.0000,0.0000,0.0000,0.0000,0.0000,0.0000,0.0000
1700000033.800000,-63.7,84.2021,85.6154,83.7437,87.8635,87.2983,88.1192,89.2693,88.6848,91.5478,90.2718,89.1403,92.1358,94.0053,92.0000,93.0215,94.0851,95.1315,91.1976,92.4392,95.3363,95.3363,98.5089,93.4345,98.3107,96.0260,100.2846,100.6231,102.7716,104.7378,100.0200,99.2975,102.4207,101.5972,100.4988,97.5141,100.4988,100.3195,94.4299,94.3398,95.1315,94.0213,92.0054,87.0057,85.0529,83.1505,80.5047,81.8841,80.7527,78.3390,77.6209,77.4919,72.6154,0.0000,0.0000,0.0000,0.0000,0.0000,0.0000,0.0000,0.0000,0.0000,0.0000,0.0000,0.0000
1700000033.850000,-64.5,86.9770,89.8053,90.5538,91.2414,92.0978,90.7855,90.7855,89.3756,93.4077,94.4034,96.8349,97.4166,97.3499,95.7183,97.9439,94.8947,97.9490,96.6023,96.6644,97.5090,96.6075,100.3195,99.4032,104.4031,103.8171,103.4650,102.5280,108.8485,108.5035,105.6882,106.6255,107.1541,108.6324,106.9299,106.0236,102.0441,105.1190,101.0742,98.8382,97.2471,95.0158,96.0417,92.6499,88.2043,90.0000,85.0000,85.9128,83.6301,84.2199,82.7345,78.1025,75.4520,0.0000,0.0000,0.0000,0.0000,0.0000,0.0000,0.0000,0.0000,0.0000,0.0000,0.0000,0.0000
1700000033.900000,-60.3,83.7257,86.1452,86.8850,88.4590,87.8635,87.3212,87.3613,88.6002,89.8109,89.4930,91.7061,91.4166,93.0484,92.3093,92.7038,93.4773,92.1792,93.0591,94.1541,93.2952,96.0417,95.6922,93.8136,98.4733,98.4733,97.4166,100.6032,101.4002,102.8008,102.0049,101.6071,103.6002,102.4158,101.2571,99.0454,99.5691,97.4166,95.5249,93.1504,91.3017,91.7878,91.3017,90.7855,86.7640,83.2586,80.6226,82.2800,80.6536,80.3617,78.1025,77.1038,74.3303,0.0000,0.0000,0.0000,0.0000,0.0000,0.0000,0.0000,0.0000,0.0000,0.0000,0.0000,0.0000
1700000033.950000,-61.2,85.7030,86.0233,88.0568,89.5600,88.0568,88.5268,88.8426,88.4590,89.4427,89.1067,93.9042,92.5419,94.4299,93.2631,94.2603,95.0210,95.0053,93.0000,96.0833,95.1893,95.1315,96.2549,94.2603,98.6154,98.6154,99.8499,101.9657,99.9850,102.2595,102.2595,102.8251,102.9563,101.7104,100.6032,99.4082,100.3195,97.3293,97.0464,96.0208,95.0210,93.0000,92.0054,90.0056,87.0517,84.1487,81.3941,81.7435,81.0494,78.6448,78.8480,74.0000,73.0069,0.0000,0.0000,0.0000,0.0000,0.0000,0.0000,0.0000,0.0000,0.0000,0.0000,0.0000,0.0000
1700000034.000000,-62.4,85.2115,84.4038,87.3670,89.5879,88.8369,88.5099,88.6848,89.4707,90.3549,90.8020,92.1358,93.1075,94.5410,93.0484,93.9840,95.8175,94.2550,94.2550,94.1116,95.8019,95.8019,97.2934,95.3415,97.6729,99.6394,100.6231,102.1078,102.1078,102.8251,100.9752,102.1078,102.1078,102.5914,101.0000,101.6366,100.4390,98.7168,97.2677,95.3363,95.6033,91.3947,90.4434,89.1964,85.7963,84.8646,81.5414,81.3941,81.8413,79.2591,76.8505,76.4003,73.1095,0.0000,0.0000,0.0000,0.0000,0.0000,0.0000,0.0000,0.0000,0.0000,0.0000,0.0000,0.0000
1700000034.050000,-61.9,86.3539,88.5494,88.5664,90.3383,89.9611,88.6397,89.0505,89.9611,91.1811,90.7579,92.3472,94.3716,95.0789,95.0789,95.8019,96.1041,95.7079,94.9210,96.1769,96.1769,96.3379,98.8585,96.7471,100.1249,101.2423,100.2447,102.3132,103.3102,103.1746,102.1763,102.3963,103.4843,103.8171,100.8415,100.2846,100.2846,98.0051,98.3107,95.7079,96.1041,92.6499,91.4822,90.5207,86.3308,86.3771,82.0792,84.1724,82.2922,80.4984,77.4145,78.2304,75.0000,0.0000,0.0000,0.0000,0.0000,0.0000,0.0000,0.0000,0.0000,0.0000,0.0000,0.0000,0.0000
1700000034.100000,-59.0,86.0930,86.6083,87.6584,89.3085,90.4434,86.6083,88.4081,88.0909,90.1388,90.6090,92.0217,90.5207,94.0479,92.6553,94.0691,94.1754,95.1315,92.8493,95.0000,95.6033,95.6033,97.4166,93.8136,98.1835,100.4042,99.0202,103.4650,102.3963,102.9272,102.9272,103.1746,104.0096,102.9029,102.0784,101.0198,99.4032,97.8008,98.2344,96.6747,93.8616,92.0978,89.8721,90.5538,86.2670,84.8646,82.2192,82.9759,81.8352,80.2122,77.3886,76.5376,73.8241,0.0000,0.0000,0.0000,0.0000,0.0000,0.0000,0.0000,0.0000,0.0000,0.0000,0.0000,0.0000
1700000034.150000,-61.4,88.4138,89.0955,89.1067,91.9348,91.3510,91.2853,90.7855,92.4554,93.0860,94.4034,95.6033,97.0824,97.0824,98.1835,96.2549,98.2700,97.2471,96.2549,97.0618,100.1798,98.8382,100.1798,99.7447,103.4698,103.8701,103.0776,106.2309,107.0187,106.6208,105.7024,106.1037,107.4244,106.9299,105.9906,104.6566,103.3102,102.9563,99.9850,97.7548,98.2700,96.5194,95.4411,93.6002,90.6035,88.2383,83.7377,87.0460,83.4506,83.4865,79.3977,78.6003,76.8505,0.0000,0.0000,0.0000,0.0000,0.0000,0.0000,0.0000,0.0000,0.0000,0.0000,0.0000,0.0000
1700000034.200000,-59.7,89.0505,88.1419,90.6201,91.3893,89.8888,90.2497,90.2497,90.4765,92.9731,93.4077,94.3716,97.5141,97.2934,98.0612,98.0612,98.0051,96.8762,96.7471,97.5141,97.6217,99.6092,100.3195,98.2497,100.0200,103.0437,102.0441,106.0424,106.0047,105.0048,106.0000,105.1190,105.1713,106.3015,104.5801,104.4797,102.5914,100.4988,99.9850,99.8499,99.2975,95.1262,92.9624,93.1719,88.0568,86.6833,83.8153,84.8646,84.3090,82.8553,78.7147,78.8923,76.8440,0.0000,0.0000,0.0000,0.0000,0.0000,0.0000,0.0000,0.0000,0.0000,0.0000,0.0000,0.0000
1700000034.250000,-59.1,87.2812,90.7579,87.6641,90.8240,88.0227,90.4710,89.0505,89.4707,92.1358,90.8240,93.6483,93.4933,95.4149,94.5780,96.7988,94.0479,97.2008,92.2009,98.8585,96.0469,97.4526,99.3579,93.4345,99.7246,102.5329,101.8332,103.9471,103.2473,106.7755,101.1187,106.1037,105.3803,105.4751,102.8251,100.7671,98.5951,101.4150,98.2344,98.4073,97.8008,91.8368,93.4773,88.4816,88.2043,86.0930,81.8841,84.0773,83.2586,78.3901,80.4114,76.5376,75.9276,0.0000,0.0000,0.0000,0.0000,0.0000,0.0000,0.0000,0.0000,0.0000,0.0000,0.0000,0.0000
1700000034.300000,-64.5,86.0930,86.2090,87.4643,90.3549,87.6926,88.8144,89.4427,88.4590,89.8220,89.4986,94.1488,94.1116,95.3363,95.8801,95.2103,93.3006,96.4624,92.3580,95.8541,96.2549,95.8541,96.6075,94.4299,100.1798,99.7447,101.0742,102.8834,102.4207,104.2017,102.4207,103.7545,104.2017,104.6518,101.5529,101.1336,99.5389,100.0900,99.0202,95.8175,95.8175,91.0934,93.9628,89.0225,87.5557,86.3481,82.3772,81.8841,80.6226,80.2247,79.0063,77.0584,74.4312,0.0000,0.0000,0.0000,0.0000,0.0000,0.0000,0.0000,0.0000,0.0000,0.0000,0.0000,0.0000
1700000034.350000,-61.9,90.0056,88.0000,91.0494,91.0879,94.1329,90.1388,91.7878,92.6553,93.9042,95.3520,95.1893,94.9210,97.2934,96.7729,94.5939,98.0816,96.4624,98.6712,96.7988,98.0816,99.0202,100.8464,100.0900,102.4597,104.2785,102.4597,103.7882,107.7868,104.6518,106.4519,105.6030,106.0236,106.0236,103.8701,104.9238,103.2473,101.5923,100.2447,97.4166,97.7190,95.6033,94.3716,93.6216,89.2693,88.0738,84.3445,84.8528,83.4865,83.2166,80.0062,78.0577,75.4255,0.0000,0.0000,0.0000,0.0000,0.0000,0.0000,0.0000,0.0000,0.0000,0.0000,0.0000,0.0000
1700000034.400000,-63.3,86.4002,85.1645,90.1388,88.2327,88.5438,88.8651,88.6002,89.9611,91.5478,90.8020,93.9149,95.7706,95.7131,95.7706,92.2822,95.4149,94.5780,93.1933,95.0000,98.2344,96.0208,99.4887,98.4073,98.4937,100.7671,100.5684,103.3925,105.4182,103.3247,104.0625,100.5684,102.8251,102.7278,101.4150,101.6710,103.0776,101.8283,99.2018,96.0208,96.4002,95.4411,93.1933,91.2688,87.6641,85.0882,84.0773,83.1926,82.3468,78.9240,79.7120,78.5875,75.3127,0.0000,0.0000,0.0000,0.0000,0.0000,0.0000,0.0000,0.0000,0.0000,0.0000,0.0000,0.0000
1700000034.450000,-61.4,86.0058,84.8646,86.9770,86.3771,87.9204,87.5957,88.3233,88.3233,90.7083,89.9889,93.3916,93.9415,93.7443,94.2019,93.2148,95.4254,93.3435,94.3398,94.1329,94.0479,95.1315,97.0206,96.0469,98.0051,98.0000,98.0051,101.0445,103.0776,102.0784,102.0784,100.0050,104.0048,102.0000,101.0198,100.0450,101.1237,99.1816,96.5194,95.6347,93.6483,92.7793,88.9550,91.2414,84.5281,84.1724,81.7435,83.5225,81.2711,80.4114,75.6439,76.0592,73.2462,0.0000,0.0000,0.0000,0.0000,0.0000,0.0000,0.0000,0.0000,0.0000,0.0000,0.0000,0.0000
1700000034.500000,-66.3,91.0220,90.0222,93.0215,93.0054,93.0860,90.1998,91.1976,92.4392,93.6483,95.1893,95.7079,97.2934,98.9545,98.2344,97.7446,99.4585,97.1236,98.3717,97.4064,98.3514,98.6813,101.5923,100.8464,102.4158,106.0236,102.4597,105.1190,108.2589,108.2589,107.7868,105.1903,108.3374,107.0187,105.8489,105.4751,104.0000,104.5466,102.5280,98.6813,98.0306,96.3016,94.6414,94.3716,88.5268,88.0738,85.0000,84.7172,83.3847,84.3801,81.1542,79.0063,76.3217,0.0000,0.0000,0.0000,0.0000,0.0000,0.0000,0.0000,0.0000,0.0000,0.0000,0.0000,0.0000
1700000034.550000,-61.5,83.8689,87.2066,85.6329,89.1964,85.5862,86.9770,88.4138,88.5268,89.2749,88.7299,92.4554,91.4002,94.4034,93.4773,94.3027,93.4933,94.6678,91.0659,96.7471,95.2943,95.2943,96.1509,93.9149,100.7224,100.3195,99.0051,101.3903,101.7693,104.5466,101.0198,102.5524,104.0000,102.5524,100.2247,101.1336,97.9439,100.1798,97.5295,96.6488,96.1769,90.5538,93.2952,87.9830,86.2844,86.5332,80.2122,82.0061,80.1561,77.1557,78.4920,76.4853,73.4098,0.0000,0.0000,0.0000,0.0000,0.0000,0.0000,0.0000,0.0000,0.0000,0.0000,0.0000,0.0000
1700000034.600000,-63.4,88.7694,89.9611,91.2360,92.1358,93.0215,91.2414,94.0213,91.9239,93.2952,94.0319,95.7183,97.6524,97.6524,97.8008,97.0052,98.7168,98.5951,97.1854,98.3514,99.7246,101.1781,101.8234,97.5807,103.3247,105.3803,102.7278,104.2353,106.3015,107.0561,108.3744,107.5639,108.3005,107.5174,105.3613,106.7755,105.3613,104.6900,100.6578,97.9490,98.5951,96.6747,95.4254,96.2133,87.2009,88.8144,84.3149,86.4523,85.0882,84.5340,81.9390,79.7120,75.6902,0.0000,0.0000,0.0000,0.0000,0.0000,0.0000,0.0000,0.0000,0.0000,0.0000,0.0000,0.0000
1700000034.650000,-60.7,79.4040,80.4550,82.0975,83.4865,83.0060,82.4197,83.2406,83.0963,83.6301,83.6301,86.3713,87.0000,86.2670,87.6926,87.0000,87.2066,88.8651,85.9128,89.2020,90.2109,89.4036,89.8721,89.0505,92.1141,94.0319,93.4933,95.5249,94.6678,96.8969,97.2471,97.4166,96.5660,97.0979,94.0319,94.5780,93.4773,93.2309,90.6035,88.2383,87.4586,85.9128,85.1469,84.2912,82.0731,77.8332,77.0779,77.8974,75.8222,74.8131,74.0608,70.4911,66.6483,0.0000,0.0000,0.0000,0.0000,0.0000,0.0000,0.0000,0.0000,0.0000,0.0000,0.0000,0.0000
1700000034.700000,-63.2,85.7963,84.6936,88.1419,90.4710,89.4707,88.5494,89.5545,89.0674,89.5545,89.6939,92.1141,93.1933,93.1933,93.0054,93.2309,93.8616,93.8616,93.8616,93.4345,95.6713,94.8472,96.2081,94.0691,98.3514,100.4490,99.7246,101.1781,101.2373,102.6499,101.9117,101.1385,103.2473,104.6518,102.5329,99.7246,99.8248,98.4937,96.6747,94.4934,93.8616,92.8009,91.4002,89.3085,85.4459,83.7616,81.6333,81.8841,79.1770,79.2023,78.5493,76.5376,71.8053,0.0000,0.0000,0.0000,0.0000,0.0000,0.0000,0.0000,0.0000,0.0000,0.0000,0.0000,0.0000
1700000034.750000,-62.0,83.4865,82.7345,85.0000,85.1587,86.4928,84.5281,84.6463,86.8332,87.0919,88.6002,88.6002,89.8109,89.8109,91.7606,91.5478,92.1954,90.8020,90.8020,91.2414,91.7878,91.7878,94.1541,94.0213,94.3398,96.0417,96.0417,99.2975,100.4042,98.7370,98.1835,97.9439,99.8599,97.9439,99.1262,98.6154,96.2549,93.5361,94.3663,93.0376,92.1358,89.9611,87.7269,88.3912,83.2166,80.6536,79.6994,80.3617,79.5550,78.4474,75.8024,75.3260,72.0278,0.0000,0.0000,0.0000,0.0000,0.0000,0.0000,0.0000,0.0000,0.0000,0.0000,0.0000,0.0000
1700000034.800000,-64.7,87.2066,86.3134,87.7097,91.3017,90.0500,89.1852,87.6641,90.9725,90.1388,89.8721,93.6002,95.2680,95.2680,93.8616,95.9010,94.7945,94.8472,91.9674,95.4620,96.8762,96.1769,97.5910,94.7945,98.5951,100.7671,101.4150,102.9417,103.0776,103.5857,102.3035,103.4795,104.1393,102.5914,103.2473,101.1385,102.5329,98.9949,97.6729,95.5249,96.5401,92.1954,92.4554,92.0054,86.6083,84.8764,82.3772,82.8553,81.8841,81.3941,76.5572,76.2168,74.7262,0.0000,0.0000,0.0000,0.0000,0.0000,0.0000,0.0000,0.0000,0.0000,0.0000,0.0000,0.0000
1700000034.850000,-64.7,86.3713,83.3847,88.9550,87.8237,90.0944,87.2983,88.8426,89.4986,88.7694,91.2140,91.9239,91.7606,94.5569,93.3006,92.9731,95.4620,92.7038,94.5410,93.9415,96.6075,96.6075,96.1769,95.2943,98.9798,100.2397,98.6154,100.4988,103.5857,100.4988,103.5857,100.3444,103.9423,102.9563,100.7224,101.5332,101.5185,98.8433,97.1700,95.4620,94.1541,92.1141,88.6002,91.7061,84.7703,85.1645,81.7435,82.0000,79.8311,79.9062,78.3135,76.0263,73.0616,0.0000,0.0000,0.0000,0.0000,0.0000,0.0000,0.0000,0.0000,0.0000,0.0000,0.0000,0.0000
1700000034.900000,-63.0,86.2844,84.2199,89.0674,88.1930,89.9444,86.7698,88.5494,88.5664,90.8735,91.7878,93.0484,93.6376,93.6056,93.6056,92.6553,94.3716,93.8616,94.1116,92.1954,95.9010,95.8019,96.8814,93.9415,98.8585,98.1529,98.1529,100.9752,103.0970,101.9657,103.8171,100.2846,103.4070,102.5914,101.2028,100.2247,98.7168,98.7168,95.3363,95.2103,92.7200,93.3006,88.5438,91.4166,85.2350,84.6936,81.3941,83.6481,80.7775,79.6116,77.1038,75.6042,72.9178,0.0000,0.0000,0.0000,0.0000,0.0000,0.0000,0.0000,0.0000,0.0000,0.0000,0.0000,0.0000
1700000034.950000,-60.0,85.2878,86.3713,85.8429,88.6848,88.9550,87.9659,86.6833,89.0505,90.2441,90.7083,91.6788,92.4446,93.9628,93.3006,93.9202,93.0484,95.0789,93.4077,95.3415,94.8472,96.1769,97.9490,95.7079,98.8838,100.1848,98.8838,102.9563,102.4744,102.9563,101.1187,100.6479,102.5768,102.8834,101.9657,101.5185,100.2247,99.4032,98.0816,96.4624,94.3398,91.3947,91.3947,89.1852,85.8662,83.4326,81.0247,82.3772,82.0366,79.4040,77.1038,76.0066,74.3303,0.0000,0.0000,0.0000,0.0000,0.0000,0.0000,0.0000,0.0000,0.0000,0.0000,0.0000,0.0000
1700000035.000000,-65.5,86.5390,86.5390,87.9204,90.1388,89.4930,86.9770,87.6413,89.5600,90.2497,92.1954,93.9415,94.2019,94.8947,94.6414,93.9042,95.4254,95.2575,94.2603,96.0833,96.0833,97.0824,97.0206,97.0052,100.2447,101.1781,100.1249,101.0792,104.1729,104.3072,103.2376,103.1213,104.0769,104.0000,103.0049,102.0196,101.0198,101.0000,98.0816,96.1301,96.1873,94.4299,92.4392,91.6624,85.9884,85.5102,82.2253,83.6780,81.0432,80.0062,76.5506,78.0000,73.3553,0.0000,0.0000,0.0000,0.0000,0.0000,0.0000,0.0000,0.0000,0.0000,0.0000,0.0000,0.0000
1700000035.050000,-59.6,88.6397,85.9069,91.6788,89.4427,89.9444,90.9175,92.7847,89.3588,96.2549,94.0319,94.6256,94.8103,94.2019,96.0469,95.2680,94.8472,95.5249,93.4345,93.3488,94.7629,94.7629,101.2373,98.4937,99.6394,103.7111,99.3579,104.6375,101.8283,101.8283,104.2017,102.3035,105.4230,104.4845,103.4795,104.9952,100.5684,100.6578,97.5910,96.8969,97.5910,93.3809,94.0479,93.4345,86.4523,87.9659,83.6002,84.8764,84.8764,81.6333,79.7559,77.3886,73.0548,0.0000,0.0000,0.0000,0.0000,0.0000,0.0000,0.0000,0.0000,0.0000,0.0000,0.0000,0.0000
1700000035.100000,-62.5,87.8237,88.8144,88.6848,92.4392,92.2659,92.2659,92.1954,93.0484,93.0484,94.0213,97.0464,97.2523,99.2472,98.5089,97.4166,99.6092,97.0155,98.1529,96.8814,100.8067,98.8433,101.9804,98.2700,102.8834,104.8093,103.3247,104.8093,107.7033,106.3203,105.0809,105.2616,107.7033,106.7333,105.1190,104.9238,103.3683,103.1601,100.6231,100.1299,98.8585,96.4210,95.3363,94.3398,90.0888,87.0057,86.0233,86.2090,84.2140,82.3893,81.8841,78.6448,76.9220,0.0000,0.0000,0.0000,0.0000,0.0000,0.0000,0.0000,0.0000,0.0000,0.0000,0.0000,0.0000
1700000035.150000,-59.6,88.4138,89.1067,90.5538,91.2414,90.6090,89.9389,90.9065,91.2140,95.8019,94.6256,96.0208,97.9081,95.7183,97.4166,96.0417,97.0618,97.0464,95.2575,99.4032,98.4886,98.4886,101.0198,99.0051,102.5280,103.4650,101.8430,104.6757,105.9481,104.9952,106.2544,105.6220,107.2241,105.6882,106.4049,105.4751,103.4698,100.7224,99.8098,97.9439,97.9439,93.9415,94.4140,93.1504,88.8369,87.6641,83.7616,85.0000,82.8010,80.9197,80.6598,80.6598,75.6042,0.0000,0.0000,0.0000,0.0000,0.0000,0.0000,0.0000,0.0000,0.0000,0.0000,0.0000,0.0000
1700000035.200000,-62.3,89.2749,87.0460,91.9674,90.5538,91.9239,91.2195,89.8276,91.3510,92.1954,94.3663,97.9490,96.8298,97.2008,97.4166,96.8349,99.5691,97.0979,97.0979,98.6154,98.9798,99.9850,99.7647,98.4886,104.2161,102.8591,103.3151,105.6030,107.3546,107.3546,107.3546,105.9906,108.6738,107.3313,105.1903,104.7091,104.3168,104.9571,99.6444,99.5691,97.3499,96.8349,92.2009,93.4077,88.8651,87.9659,86.3713,85.5628,84.8646,82.1340,80.4301,79.0569,76.6616,0.0000,0.0000,0.0000,0.0000,0.0000,0.0000,0.0000,0.0000,0.0000,0.0000,0.0000,0.0000
1700000035.250000,-63.7,88.7299,87.1149,91.2414,90.5538,92.6337,89.8053,89.9389,92.8493,92.8493,95.2680,95.9010,94.8103,98.0051,96.8349,95.4411,100.4042,95.1893,97.4166,96.6488,97.9490,97.9490,100.6479,98.8382,102.9563,102.8834,100.7224,104.3887,107.5407,104.0000,107.5407,105.1903,104.7855,106.1037,104.2161,104.6518,106.0047,104.2353,98.4886,97.7548,94.6678,97.4166,91.8096,94.0479,89.8721,87.6185,84.0238,85.0412,82.8794,83.4386,80.7217,79.8123,74.8866,0.0000,0.0000,0.0000,0.0000,0.0000,0.0000,0.0000,0.0000,0.0000,0.0000,0.0000,0.0000
1700000035.300000,-61.7,85.9069,86.0058,88.5494,88.1022,88.5494,85.8836,87.8180,87.8180,91.0659,90.9725,91.8096,93.8136,93.0054,94.8103,94.2019,94.3663,93.5094,94.4934,93.4345,94.7945,95.5249,96.8762,96.1769,98.3514,99.0353,99.7647,100.4490,103.3925,101.1781,101.8627,100.4490,104.6518,105.3613,101.8627,101.1781,100.4988,98.4937,97.1854,95.9010,94.0213,93.2309,92.4175,90.9725,86.8217,86.6083,82.8553,84.0773,82.2922,80.2309,78.1857,76.2430,73.5459,0.0000,0.0000,0.0000,0.0000,0.0000,0.0000,0.0000,0.0000,0.0000,0.0000,0.0000,0.0000
1700000035.350000,-61.1,86.6487,89.5377,90.4710,92.3093,91.3893,90.8735,91.6788,91.7061,94.4140,93.1504,95.5249,95.7183,96.5194,98.7370,99.2975,98.2293,97.8008,97.0052,96.5401,97.8366,98.5951,99.8248,97.7446,101.8627,104.6900,103.2473,107.4802,107.4802,106.7755,105.3613,104.6900,106.7755,107.5174,104.8046,105.6456,103.5857,102.4500,99.8098,99.2018,98.6002,95.6922,94.8683,92.6499,89.3588,88.3233,85.4751,86.3134,85.4283,83.3847,80.6536,79.1202,77.4661,0.0000,0.0000,0.0000,0.0000,0.0000,0.0000,0.0000,0.0000,0.0000,0.0000,0.0000,0.0000
1700000035.400000,-60.7,83.0241,83.0542,84.0952,90.1998,86.2844,87.2066,84.7172,88.9550,86.9770,87.8635,92.5743,93.1719,94.8314,91.9239,96.3016,91.7606,95.5196,90.1388,95.8175,97.4064,96.1353,95.8541,94.1541,100.1798,100.6231,99.3177,101.9804,101.5185,105.9906,98.8382,103.7882,102.0441,101.1336,100.8464,97.6934,96.7729,97.3088,94.5780,96.4624,97.0824,90.2497,92.0489,88.3233,87.8009,84.9294,79.0759,83.6002,81.4985,76.3217,76.0263,75.0067,74.5453,0.0000,0.0000,0.0000,0.0000,0.0000,0.0000,0.0000,0.0000,0.0000,0.0000,0.0000,0.0000
1700000035.450000,-63.0,85.4400,87.4643,87.2353,90.3770,89.8944,87.6584,89.6939,89.3588,92.1141,90.4268,92.9624,94.5780,94.0479,93.2309,94.0213,95.7758,92.7631,95.6713,94.0479,94.7945,94.0691,96.4261,95.4830,98.4937,100.5684,98.4937,103.2327,102.6158,102.6158,102.6158,100.4241,103.2327,103.0776,100.8960,102.1763,100.4988,99.7246,96.1769,95.4830,94.7523,92.6984,89.8721,89.9389,86.5563,85.1469,82.6196,81.6088,80.4487,79.7559,76.0263,78.0000,75.6108,0.0000,0.0000,0.0000,0.0000,0.0000,0.0000,0.0000,0.0000,0.0000,0.0000,0.0000,0.0000
1700000035.500000,-62.4,84.7172,87.3670,87.0517,91.1373,88.0909,90.0500,88.0057,89.0225,90.0222,89.2749,92.1358,93.5361,93.5361,92.7793,93.9042,94.7259,94.7259,91.0055,94.8314,94.3716,94.8314,97.5295,94.6414,99.6243,99.6243,99.9300,102.5280,101.5135,103.4070,100.9009,104.0433,103.4070,102.7862,101.5332,100.9604,97.2677,99.2018,97.2934,94.9210,97.8621,92.2280,92.0706,90.0944,86.7006,85.4751,84.2140,82.0975,82.0061,79.0569,78.2304,77.1038,75.7100,0.0000,0.0000,0.0000,0.0000,0.0000,0.0000,0.0000,0.0000,0.0000,0.0000,0.0000,0.0000
1700000035.550000,-60.1,86.9770,84.4808,88.5268,87.5557,92.4175,88.5268,89.4427,89.4427,91.7878,91.7878,92.6553,94.3398,95.1893,95.1315,93.0860,98.0204,94.0213,95.0210,95.1893,96.2549,96.2549,96.4210,97.5141,98.9949,99.8499,99.8499,102.5914,103.9423,102.9612,104.7378,101.9657,104.2353,102.8251,101.4938,100.6032,101.4938,99.5038,97.1854,96.0833,94.0851,94.0851,91.0494,93.0000,87.0230,85.1469,83.2166,83.6002,82.8734,81.5843,78.1025,77.4919,75.0267,0.0000,0.0000,0.0000,0.0000,0.0000,0.0000,0.0000,0.0000,0.0000,0.0000,0.0000,0.0000
1700000035.600000,-59.6,86.9770,85.4400,87.7269,86.9253,88.1419,90.3770,90.8020,90.8240,91.3017,91.9239,94.4140,91.5860,95.4149,95.2103,95.4411,95.4254,95.2680,96.0469,97.8366,97.8366,97.0824,96.1769,99.1564,99.7246,100.4191,103.2473,105.3613,106.0754,103.9663,106.7942,103.2473,105.4182,104.6614,105.4182,99.8248,102.1763,99.2472,100.0050,96.6747,95.4254,93.6002,93.2309,92.4175,88.4816,86.0930,84.5991,86.7698,83.6301,80.7775,79.1202,78.5875,76.2955,0.0000,0.0000,0.0000,0.0000,0.0000,0.0000,0.0000,0.0000,0.0000,0.0000,0.0000,0.0000
1700000035.650000,-61.7,84.7231,83.7257,84.1190,87.2353,87.6584,85.8662,87.2353,87.7269,88.6397,87.6641,90.1388,91.0934,91.0934,90.2497,89.5600,94.5939,91.9837,93.1719,92.2280,94.7259,92.3959,94.0479,93.6483,97.3293,97.3293,97.2523,98.2497,100.4042,99.3227,100.1798,99.4082,102.3963,100.8415,98.8585,98.0051,98.9949,98.0051,94.3663,92.7631,89.8220,89.7385,87.8009,89.0225,82.2800,83.1685,80.9938,79.4796,80.1124,79.2023,76.5376,74.4312,73.0069,0.0000,0.0000,0.0000,0.0000,0.0000,0.0000,0.0000,0.0000,0.0000,0.0000,0.0000,0.0000
1700000035.700000,-60.2,83.7735,84.3090,86.7295,87.6641,89.1964,85.7030,88.2327,87.6413,88.6002,89.7385,93.1719,92.7631,92.3959,92.0706,92.2280,94.6414,93.6483,94.6414,93.2631,94.2603,94.2603,96.1873,96.1301,100.0050,99.0051,99.0051,101.0000,103.0049,102.0000,103.0049,101.0792,103.0437,103.1213,101.1781,101.3163,101.3163,99.3227,96.6282,94.7629,94.0479,93.7443,89.8220,89.0505,84.1724,85.1645,80.6536,81.2711,80.7775,78.5493,76.0592,76.1577,72.1110,0.0000,0.0000,0.0000,0.0000,0.0000,0.0000,0.0000,0.0000,0.0000,0.0000,0.0000,0.0000
1700000035.750000,-58.5,85.6037,86.0523,85.7963,89.3756,88.4590,87.7838,89.1067,88.3912,89.8276,91.2853,92.0217,93.7230,93.2363,94.8103,94.8103,94.8683,94.3027,94.3027,96.8969,97.4166,95.7183,97.1288,93.6483,97.4936,101.1187,99.7296,102.8591,102.4158,103.7545,102.8591,102.4207,102.4207,102.4744,101.5972,100.8464,99.9850,100.4988,98.1835,95.6922,95.6922,92.4175,93.8136,89.8109,87.4586,83.7377,83.5464,82.8070,80.6102,78.6448,78.2432,76.8440,74.4312,0.0000,0.0000,0.0000,0.0000,0.0000,0.0000,0.0000,0.0000,0.0000,0.0000,0.0000,0.0000
1700000035.800000,-59.6,85.0000,85.8662,86.3134,90.3549,87.3212,88.6848,88.5099,87.9204,88.7525,89.6270,93.2309,93.6002,94.0213,92.3147,94.4934,92.0217,94.7945,91.9348,95.4830,94.7945,96.2601,96.4261,95.6713,98.8585,100.8960,99.0202,100.0000,102.0049,104.2017,101.4002,102.4500,102.6158,103.0776,102.1763,100.0050,98.4937,98.4937,96.1769,94.7629,94.0479,91.9674,91.2853,89.2749,87.2066,85.2760,82.0061,81.0247,80.7094,79.9250,78.7718,75.1532,72.8011,0.0000,0.0000,0.0000,0.0000,0.0000,0.0000,0.0000,0.0000,0.0000,0.0000,0.0000,0.0000
1700000035.850000,-58.9,88.6002,90.8735,90.3770,92.6121,91.2360,92.1303,90.0500,91.9239,94.3398,93.4933,94.8736,96.2601,97.4166,97.8008,97.4526,97.9490,99.1564,97.0000,99.7246,99.7246,99.7647,100.4988,98.3514,102.0686,102.7278,103.5857,105.4230,106.6677,106.6677,104.6375,107.2986,108.0741,107.2986,104.3504,104.3504,101.9804,102.6499,100.4191,98.2904,97.5807,94.0691,94.1116,92.8493,90.1388,87.2066,86.6833,86.0233,84.0536,81.8352,82.3650,77.3886,76.8960,0.0000,0.0000,0.0000,0.0000,0.0000,0.0000,0.0000,0.0000,0.0000,0.0000,0.0000,0.0000
1700000035.900000,-64.3,85.7030,85.7963,85.6154,89.8888,86.0058,88.6397,87.2066,87.2353,89.4707,86.9540,90.4268,92.1141,93.4933,93.1933,94.0319,92.4175,95.2103,91.4002,94.6414,95.2680,93.8616,97.1854,91.4385,98.4124,98.4124,99.7246,99.7246,100.4988,103.3247,98.4124,101.3163,103.3925,101.4150,99.9050,98.8585,95.9010,97.8008,96.0208,94.8683,95.4411,87.9830,91.9239,86.9540,85.9593,85.0000,80.4984,82.3468,79.4796,78.4347,78.1601,73.7564,70.8590,0.0000,0.0000,0.0000,0.0000,0.0000,0.0000,0.0000,0.0000,0.0000,0.0000,0.0000,0.0000
1700000035.950000,-61.0,87.8465,87.7269,89.0000,90.3770,89.8944,89.4707,89.0674,91.7878,93.6483,90.7359,92.6499,93.2309,96.8349,95.2103,97.4166,96.0469,95.2680,93.7230,95.6713,96.4261,97.1854,99.0858,95.5877,97.6217,100.4490,101.8332,105.3803,103.2473,105.3803,104.6614,103.2376,104.6614,105.4182,101.9804,102.0686,100.7671,99.9050,97.3088,97.4526,97.2008,92.4175,93.2309,92.3580,87.1321,86.4523,83.6481,84.0773,82.8553,81.1542,78.7718,77.2010,75.7100,0.0000,0.0000,0.0000,0.0000,0.0000,0.0000,0.0000,0.0000,0.0000,0.0000,0.0000,0.0000
1700000036.000000,-62.3,90.0222,86.0523,93.2631,91.1373,93.5361,90.4489,93.0591,94.0479,95.7079,95.9010,95.9010,97.7446,97.9847,97.5295,94.6414,99.6243,96.4624,97.4064,95.0789,98.6154,98.2344,101.1336,100.3195,102.8591,102.8591,102.8591,103.7690,107.3546,105.1190,107.3546,104.6518,105.5462,107.3313,105.6030,104.7855,106.5129,103.4698,101.0198,99.0202,96.7988,98.9798,92.3472,95.6033,86.8332,87.5557,85.9069,85.3288,83.8630,84.3801,81.0987,80.0000,75.1665,0.0000,0.0000,0.0000,0.0000,0.0000,0.0000,0.0000,0.0000,0.0000,0.0000,0.0000,0.0000
1700000036.050000,-60.1,86.1452,86.2844,87.2812,91.3510,90.6697,88.6848,88.8144,88.1192,91.7823,90.2441,92.6499,93.6803,95.8801,96.7678,95.5092,95.1893,93.9840,93.4077,94.0213,95.8541,95.8541,97.0824,95.2733,98.9798,102.4744,100.2397,104.3168,102.9563,104.8093,101.7104,102.0000,104.2353,105.0952,102.4158,104.2161,101.5529,99.7447,98.8989,95.8541,94.5410,92.6984,91.4166,92.0272,85.0706,85.1645,82.4621,82.5651,82.2010,80.8950,79.6304,76.1052,74.0270,0.0000,0.0000,0.0000,0.0000,0.0000,0.0000,0.0000,0.0000,0.0000,0.0000,0.0000,0.0000
1700000036.100000,-61.3,86.7006,88.4590,90.2718,92.4392,92.1358,90.1388,91.0055,91.0055,93.0484,94.0851,96.1873,96.3328,96.5194,96.7471,97.8673,97.8621,97.5141,95.3415,98.2344,96.3016,99.7246,100.0000,97.8008,101.5135,102.4597,101.8430,105.1095,105.4751,106.4049,105.8489,106.0424,104.7521,105.6882,105.3423,104.3552,101.8332,100.8811,100.6876,99.4585,98.2344,96.7729,92.4175,93.1719,89.4427,86.9770,84.5931,84.3801,84.2140,83.0241,79.0063,79.3095,75.9539,0.0000,0.0000,0.0000,0.0000,0.0000,0.0000,0.0000,0.0000,0.0000,0.0000,0.0000,0.0000
1700000036.150000,-63.1,86.0233,87.0517,89.2020,89.2020,90.4489,87.4643,90.9340,90.2552,90.2552,91.7823,92.9624,93.8616,96.0469,93.6803,94.6414,95.5092,95.1893,94.2444,96.0052,97.3088,97.6934,97.1700,97.1700,99.7296,100.6231,100.6231,102.4207,103.3102,103.7690,104.6566,103.7545,105.0952,105.0952,102.4597,100.7224,99.8098,100.8464,98.7927,96.7988,95.5196,93.9628,90.5207,91.4822,88.0568,86.5852,83.7437,83.1865,80.7527,81.6150,80.0999,78.0000,73.1710,0.0000,0.0000,0.0000,0.0000,0.0000,0.0000,0.0000,0.0000,0.0000,0.0000,0.0000,0.0000
1700000036.200000,-64.0,88.9550,88.7694,89.0505,90.8735,91.2360,88.5494,90.4268,90.9175,93.2952,92.4392,94.8736,96.5194,97.0824,96.0208,96.4002,96.5401,96.4261,96.4261,95.4830,97.5910,96.8969,100.4191,96.1665,101.3163,103.3925,100.6578,104.3504,104.3504,105.1190,105.1190,104.2353,105.7592,104.8904,104.0625,104.0625,103.2473,101.8234,99.7647,97.6729,97.0000,95.6713,93.5094,93.8616,89.0225,85.6037,84.0536,83.4865,84.3801,83.2406,80.5295,78.5493,74.0000,0.0000,0.0000,0.0000,0.0000,0.0000,0.0000,0.0000,0.0000,0.0000,0.0000,0.0000,0.0000
1700000036.250000,-62.4,87.0000,88.0511,88.2043,91.0879,89.3588,89.3588,89.8053,90.0944,92.0706,91.5915,92.7631,93.3916,96.0469,93.1451,95.6033,96.7678,95.1893,94.2444,96.0052,97.6934,96.3846,97.5756,95.3415,99.7296,100.1848,101.5332,101.5972,102.8834,105.1903,103.8316,103.3102,104.6566,105.5509,101.9804,101.9804,100.2247,100.7224,98.2344,97.3088,95.2733,92.3580,92.9731,91.3947,87.6413,85.4400,83.4326,83.5464,83.1865,81.7435,80.3057,78.0256,75.0600,0.0000,0.0000,0.0000,0.0000,0.0000,0.0000,0.0000,0.0000,0.0000,0.0000,0.0000,0.0000
1700000036.300000,-64.5,88.4590,86.4928,90.4710,90.2441,92.6499,88.7694,91.0934,89.8443,94.2550,93.6376,96.2081,95.8541,96.2549,96.1769,94.4299,96.6023,95.7131,97.9490,96.3846,99.6444,97.2471,99.6444,99.9850,102.6499,102.9029,101.2571,104.0433,105.2093,106.0189,107.0747,103.2279,106.5082,105.9481,104.3072,103.7738,104.8093,101.7104,98.9798,98.0051,96.6023,95.2575,92.1954,95.8541,89.6939,88.6002,85.7030,85.7263,83.9345,82.0000,80.0625,79.6304,76.0592,0.0000,0.0000,0.0000,0.0000,0.0000,0.0000,0.0000,0.0000,0.0000,0.0000,0.0000,0.0000
1700000036.350000,-62.6,86.0058,87.0230,86.2090,91.2688,90.1388,87.2066,85.7088,87.8237,92.9139,87.4757,91.4112,93.6216,96.0469,97.8008,98.0816,91.0824,92.9731,92.9731,93.4077,94.0213,94.0213,97.5090,95.3415,97.9439,101.5185,101.5332,102.9563,101.7104,104.3168,98.8838,103.7690,105.1190,106.0047,101.9804,105.5509,98.8382,100.6479,98.0867,97.6934,97.6934,90.8240,91.1811,87.9204,89.8109,83.8153,81.0432,82.4621,80.6040,78.7718,79.6304,76.0592,76.1643,0.0000,0.0000,0.0000,0.0000,0.0000,0.0000,0.0000,0.0000,0.0000,0.0000,0.0000,0.0000
1700000036.400000,-60.7,87.0517,88.0000,91.0055,92.0217,90.0888,91.1373,92.2659,92.4392,93.5361,95.0368,95.0368,95.7079,97.2934,95.5667,97.2934,97.9847,95.6033,96.3016,96.7678,98.9798,98.3514,99.9600,97.8621,103.8701,102.1567,102.5524,106.1037,104.7855,106.1037,106.1037,106.2309,107.1541,105.4751,105.1095,105.3423,101.8430,102.4597,98.6712,99.0404,96.8401,94.5939,95.1262,94.1488,88.2836,85.9884,85.5862,83.4865,83.1505,82.0244,81.0247,79.2275,75.8024,0.0000,0.0000,0.0000,0.0000,0.0000,0.0000,0.0000,0.0000,0.0000,0.0000,0.0000,0.0000
1700000036.450000,-64.5,83.0963,84.0238,84.4038,88.8144,86.2670,86.8389,87.0919,87.9830,88.3233,88.6848,89.9444,91.6788,91.2360,92.1954,92.1954,91.1811,92.3580,90.8240,92.3472,93.0054,93.3006,94.3716,92.7200,96.3172,98.7168,97.5141,99.0404,99.0404,101.0000,101.0000,100.6628,99.4636,99.9250,98.2344,99.4585,96.8401,95.6033,95.5092,92.6553,92.6553,91.4166,90.1388,88.9550,85.6154,82.3468,80.9506,81.8841,78.3901,78.2304,75.7166,74.8131,71.4493,0.0000,0.0000,0.0000,0.0000,0.0000,0.0000,0.0000,0.0000,0.0000,0.0000,0.0000,0.0000
1700000036.500000,-62.4,82.0975,83.2346,82.0061,87.6185,85.9128,85.1469,84.9588,84.8999,87.0000,87.0000,89.1403,89.9389,90.7855,89.6437,92.4554,91.6079,93.2309,89.8721,93.1933,91.5860,92.1141,92.7847,91.4166,96.1509,95.7131,96.6023,99.3177,96.6075,101.5529,97.5090,98.3870,101.9804,100.1798,97.4936,96.6488,95.2943,95.3834,92.7847,91.5860,91.5860,89.3085,89.3085,87.0919,85.2115,82.8010,79.5110,80.9197,79.2086,75.6902,76.4199,74.0270,72.6705,0.0000,0.0000,0.0000,0.0000,0.0000,0.0000,0.0000,0.0000,0.0000,0.0000,0.0000,0.0000
1700000036.550000,-60.0,87.3613,85.8662,88.5268,88.7694,87.0976,87.8635,86.9770,88.6848,90.7965,90.2718,92.2659,94.0851,94.0851,95.0053,94.0053,96.0052,95.0474,93.0484,94.2603,95.3363,95.4254,96.5194,94.6414,97.1648,99.9850,99.2975,102.5914,102.5914,103.5761,102.7716,100.9752,102.1078,103.0970,99.9850,100.4988,100.4988,99.4082,98.1835,96.0833,95.0474,94.0053,91.0055,90.0222,85.0529,83.0963,80.3057,82.4924,81.2158,79.4292,78.1601,76.5376,73.1642,0.0000,0.0000,0.0000,0.0000,0.0000,0.0000,0.0000,0.0000,0.0000,0.0000,0.0000,0.0000
1700000036.600000,-61.5,88.7299,87.2066,90.5538,90.5538,92.6337,89.8053,91.3510,92.0217,93.7230,93.8616,95.9010,97.6166,97.4166,96.8349,95.4411,97.7548,95.8801,96.3846,95.7131,97.9490,96.6023,99.3177,99.3177,101.7693,102.5524,101.7693,104.1777,106.6255,105.3423,106.9766,104.5466,107.7033,107.3359,104.3887,102.9563,104.6948,101.9804,101.0792,97.0618,95.2943,96.7471,94.0213,95.5249,89.3588,87.3670,85.4459,85.0000,83.2406,84.2912,81.3204,80.7217,76.2168,0.0000,0.0000,0.0000,0.0000,0.0000,0.0000,0.0000,0.0000,0.0000,0.0000,0.0000,0.0000
1700000036.650000,-58.1,86.7698,85.4751,88.8369,90.2109,89.0449,87.6641,88.4816,88.8144,92.2009,91.8314,93.2363,95.1315,93.5094,94.7945,93.3809,94.0479,93.3488,93.3488,94.1754,95.1315,95.6713,96.6747,97.3088,98.6002,100.0000,100.0000,103.2279,102.4158,101.8332,103.8123,101.4002,103.0049,104.8093,101.8283,101.5332,101.4150,97.0824,97.6729,96.1769,94.0691,91.9239,90.5207,91.2853,86.3713,85.1469,81.8352,83.0060,79.3221,79.9250,77.5242,76.4853,73.1642,0.0000,0.0000,0.0000,0.0000,0.0000,0.0000,0.0000,0.0000,0.0000,0.0000,0.0000,0.0000
1700000036.700000,-58.9,84.3860,86.4523,86.9770,89.1067,87.0000,88.3912,88.5268,90.0278,89.3756,88.2383,93.2363,93.6002,94.0479,95.1315,95.1315,93.6483,95.3834,93.1504,96.6023,96.6075,96.1509,97.9898,94.3716,99.4032,99.9250,99.9250,101.3903,101.0198,104.4031,101.8430,104.5466,104.5466,104.0000,99.9250,101.5529,99.7447,100.1798,96.1769,94.8262,94.3663,90.9175,92.2822,90.2109,87.3670,83.4865,82.2010,82.6196,81.6884,77.8332,78.4920,75.8222,74.8131,0.0000,0.0000,0.0000,0.0000,0.0000,0.0000,0.0000,0.0000,0.0000,0.0000,0.0000,0.0000
1700000036.750000,-60.3,83.0963,84.2140,84.2912,87.3670,84.5931,86.5794,85.9884,87.4757,87.4757,87.3212,89.4986,90.2497,91.2140,91.0934,91.0934,91.7061,92.3580,89.1964,93.6216,92.3093,93.6216,94.8472,91.2853,96.6488,97.0618,97.4936,100.1848,98.4124,102.0000,98.4124,99.2824,100.6231,100.6479,98.8989,98.0867,96.0052,96.3846,93.4077,92.0272,91.4166,89.8443,88.3233,88.0568,84.6463,83.1986,80.6040,80.8950,78.4092,77.3175,76.0592,75.0267,72.3395,0.0000,0.0000,0.0000,0.0000,0.0000,0.0000,0.0000,0.0000,0.0000,0.0000,0.0000,0.0000
1700000036.800000,-65.0,89.0505,89.9889,91.0934,92.0489,92.6553,89.8109,91.1811,92.7038,94.0213,93.5201,94.4299,96.6075,97.0464,97.0618,98.1122,97.9439,96.7988,96.7988,96.0208,96.6075,97.2008,99.4887,99.4032,100.8960,103.0776,103.0776,106.9626,106.3015,105.5509,105.6456,102.9417,104.8904,104.3504,104.4845,103.8557,104.6375,102.2008,99.2975,98.1835,96.7988,95.7183,94.6678,93.1504,88.5889,86.3539,84.0773,85.0882,84.3090,83.4865,80.3617,80.8084,76.7919,0.0000,0.0000,0.0000,0.0000,0.0000,0.0000,0.0000,0.0000,0.0000,0.0000,0.0000,0.0000
1700000036.850000,-62.5,84.1487,87.2812,84.5931,90.5538,86.7006,88.5664,88.4590,89.0505,88.8426,88.2950,92.8924,91.7606,92.0489,92.0489,94.5569,92.3580,95.8593,90.2497,97.6934,94.4299,94.8472,95.2733,93.9415,97.9490,99.7447,101.5332,102.8834,99.2975,104.7091,101.5332,104.2017,103.7545,103.3151,102.4597,100.7224,99.0051,101.3903,96.7988,95.5196,96.1353,90.8020,92.3472,88.0568,88.2950,86.3481,81.2158,82.0366,80.5047,78.2304,78.0256,76.1052,74.4312,0.0000,0.0000,0.0000,0.0000,0.0000,0.0000,0.0000,0.0000,0.0000,0.0000,0.0000,0.0000
1700000036.900000,-62.7,89.3085,87.6584,86.4002,90.8020,94.2019,88.2383,92.1954,93.2363,92.7631,96.3328,95.4620,97.5807,94.7629,94.8472,96.2081,99.6394,95.4254,98.7168,96.6075,98.6002,98.0051,98.4733,102.0784,105.4751,102.3963,104.5610,106.0000,109.4166,107.5407,108.5587,101.3558,105.3945,104.8475,102.9029,102.0784,108.0046,101.0198,99.2018,99.2018,97.2008,97.4526,95.2680,95.5249,89.8721,88.3912,89.1964,87.1149,85.2760,84.4038,79.3221,79.4040,75.5844,0.0000,0.0000,0.0000,0.0000,0.0000,0.0000,0.0000,0.0000,0.0000,0.0000,0.0000,0.0000
1700000036.950000,-62.7,87.0919,85.2350,87.2353,89.4707,89.0000,89.8944,88.1930,89.5545,90.2109,89.8888,93.1933,93.4773,95.2103,93.4077,93.4077,93.7230,95.0158,92.9570,94.7629,94.7945,94.7945,96.1665,92.6337,100.0050,101.3163,99.2472,101.4150,100.8960,102.9417,99.4887,102.1763,104.1393,102.6499,102.5524,100.4490,100.4490,99.0051,96.8762,96.2601,97.0000,91.4385,90.1388,90.4268,87.6185,84.4038,81.2711,80.9938,82.4924,81.0062,77.8267,74.8465,72.7324,0.0000,0.0000,0.0000,0.0000,0.0000,0.0000,0.0000,0.0000,0.0000,0.0000,0.0000,0.0000
1700000037.000000,-63.4,86.3713,84.1724,88.5268,87.7838,88.7299,86.5563,86.8332,90.6035,93.0054,95.1315,93.4773,94.0319,95.5249,93.6483,95.3834,94.3663,94.3716,95.7079,96.0052,94.1541,96.0052,99.6243,98.2344,98.6813,98.0306,99.6243,102.3572,105.5130,103.8460,106.3203,103.4456,104.4031,103.7401,104.4031,100.8811,102.5280,102.3181,99.1615,96.7729,96.0052,94.0213,91.2853,93.4719,85.4283,86.3134,83.8630,85.2350,80.1561,80.2122,78.1025,77.1038,73.5935,0.0000,0.0000,0.0000,0.0000,0.0000,0.0000,0.0000,0.0000,0.0000,0.0000,0.0000,0.0000
1700000037.050000,-62.1,85.3756,86.1452,88.0511,88.0511,90.0056,88.0057,88.0909,91.1976,88.2780,92.3472,92.4392,91.5478,94.6414,94.2019,93.2148,96.1041,94.5939,92.4175,94.6414,95.5092,96.4624,96.1353,96.1353,98.6813,99.6243,101.5923,102.1567,103.6195,103.2473,102.6937,101.9510,104.0000,104.1777,100.6578,101.8430,99.3277,98.4937,98.9545,97.7446,95.8019,92.9624,91.7823,88.4590,85.8429,85.9884,82.7345,82.3893,81.1542,79.0000,78.2304,76.4199,72.9931,0.0000,0.0000,0.0000,0.0000,0.0000,0.0000,0.0000,0.0000,0.0000,0.0000,0.0000,0.0000
1700000037.100000,-60.9,87.0976,87.8635,87.9659,90.2552,89.9444,88.8144,89.5600,89.3588,91.2688,92.1358,94.0851,95.0053,96.0000,94.0479,95.1315,95.5249,94.6414,94.5304,95.8853,96.1769,97.1648,97.0824,95.5249,98.4886,100.2247,100.8960,104.2929,103.5809,101.6514,103.5809,102.1078,102.1078,103.5857,102.3914,103.1601,101.6071,99.4636,98.1529,97.0155,95.8853,93.7710,91.6624,92.3472,88.1419,86.1452,82.0061,83.0241,81.0987,81.3019,78.9177,77.4661,75.6902,0.0000,0.0000,0.0000,0.0000,0.0000,0.0000,0.0000,0.0000,0.0000,0.0000,0.0000,0.0000
1700000037.150000,-60.5,90.0500,87.0057,92.0217,91.0055,93.0215,88.0909,92.2659,93.2631,93.5361,93.9042,94.8947,97.6729,96.6902,97.5141,97.2934,98.4937,96.5660,97.2677,95.8175,97.0824,98.9798,100.9009,99.6243,101.2373,103.0776,104.3887,104.7855,106.9299,105.1903,108.4620,104.0000,106.2309,107.7033,103.4650,103.7304,104.4031,102.1421,101.5332,99.7246,98.4937,97.5141,94.5939,94.9210,87.4757,87.1321,84.7172,84.3801,84.1487,82.0244,80.0062,79.3095,75.8024,0.0000,0.0000,0.0000,0.0000,0.0000,0.0000,0.0000,0.0000,0.0000,0.0000,0.0000,0.0000
1700000037.200000,-66.3,85.0941,85.3815,85.4400,87.6413,86.4002,87.8009,87.5557,87.8635,88.0738,86.9770,90.0944,89.6772,92.5419,93.3435,92.4392,91.1373,92.0869,91.0494,92.0489,93.0000,94.0053,95.0474,92.0869,96.5194,97.4166,97.5141,100.7174,100.4988,100.6032,99.7246,99.4082,101.4002,101.3163,98.1835,99.0808,97.1288,97.1288,95.0842,94.0053,93.0054,91.0879,90.1388,88.2043,84.2140,83.7257,80.7527,81.2158,79.8311,77.6209,75.9605,74.9466,72.0902,0.0000,0.0000,0.0000,0.0000,0.0000,0.0000,0.0000,0.0000,0.0000,0.0000,0.0000,0.0000
1700000037.250000,-67.0,87.3155,90.4434,91.0934,92.0489,90.7083,93.1451,90.7083,94.9210,91.7823,95.0368,99.2975,95.7549,100.4988,99.1816,99.2472,98.0816,99.0202,97.0206,99.0202,101.0050,101.0198,101.1237,99.0808,103.4843,103.3925,103.4843,105.6835,105.8017,106.6771,105.6835,105.4751,108.3744,108.2959,110.2225,106.2309,104.1729,102.0784,102.0049,99.0000,98.0000,96.0833,95.1893,95.2575,93.3435,88.6848,87.1321,89.1067,87.0976,83.4326,79.8123,79.1202,78.3901,0.0000,0.0000,0.0000,0.0000,0.0000,0.0000,0.0000,0.0000,0.0000,0.0000,0.0000,0.0000
1700000037.300000,-60.7,83.8153,86.3308,85.4400,87.6413,87.3613,88.0568,87.3212,88.0738,88.8426,87.2983,91.2414,92.7793,93.6483,91.3510,91.2688,92.0869,93.0484,91.0220,93.0215,94.0213,94.0053,94.0851,94.0851,97.4166,98.3260,97.4166,99.5038,98.5089,100.6032,99.6092,100.4042,101.4002,100.1798,100.1249,100.1249,98.0459,98.0816,95.0053,93.0054,93.0484,90.0500,90.1998,88.2780,86.3713,83.6002,81.0494,81.5843,81.0247,78.1601,77.4919,74.0945,70.2638,0.0000,0.0000,0.0000,0.0000,0.0000,0.0000,0.0000,0.0000,0.0000,0.0000,0.0000,0.0000
1700000037.350000,-58.6,85.3756,87.2066,86.1452,88.1419,87.0057,87.0057,88.0057,90.0500,90.0500,90.3549,92.5419,92.9139,92.0706,95.7079,95.3520,94.9210,94.3663,93.8616,94.6414,93.4077,96.5660,96.4624,95.5092,98.2344,100.0900,99.1615,104.0000,103.6195,104.9238,103.6195,101.9510,102.8834,102.5280,102.4597,100.8811,100.5684,99.6243,97.4166,98.0816,95.6033,92.6499,93.6216,88.2950,84.5281,85.1587,80.6226,81.4985,81.0987,79.0569,76.0066,77.1038,73.5527,0.0000,0.0000,0.0000,0.0000,0.0000,0.0000,0.0000,0.0000,0.0000,0.0000,0.0000,0.0000
1700000037.400000,-63.2,88.1192,88.8144,92.2659,91.4440,94.2603,91.2688,93.0484,94.0053,95.0053,96.0052,98.0000,98.0816,98.2497,97.2523,96.4210,99.9850,96.0260,99.2975,97.6729,99.4636,98.2700,100.1699,100.4390,103.3247,104.0481,102.6158,106.0424,106.6068,105.6504,109.4806,104.5466,107.7033,106.7380,105.0190,104.0481,105.3233,104.7378,103.0970,99.8499,97.8673,97.6217,94.5304,95.3363,91.1976,87.1436,87.0517,87.0057,86.0523,84.4808,82.0366,80.0500,76.2430,0.0000,0.0000,0.0000,0.0000,0.0000,0.0000,0.0000,0.0000,0.0000,0.0000,0.0000,0.0000
1700000037.450000,-60.8,86.8850,87.4757,85.8429,90.9340,85.7088,88.4590,87.4643,90.2718,91.2688,90.0056,93.0000,95.0210,95.0842,94.1913,97.1288,94.2603,95.6347,92.6553,95.1893,94.0479,95.0368,96.6902,95.1262,97.5295,102.1078,100.4241,102.8834,102.3572,104.8093,101.9215,102.1078,104.2929,101.6366,101.4150,101.9804,98.2700,98.0612,97.6729,95.1893,97.0155,90.5538,92.5419,88.3629,87.2066,84.0952,80.0000,83.0542,81.2219,79.2275,77.5242,77.2787,74.7262,0.0000,0.0000,0.0000,0.0000,0.0000,0.0000,0.0000,0.0000,0.0000,0.0000,0.0000,0.0000
1700000037.500000,-65.7,89.0505,91.7823,90.7965,93.0591,91.6624,93.7710,92.2659,93.1933,94.1329,94.0479,96.0469,98.0051,97.0464,97.0824,98.2497,97.5141,99.7246,95.7549,99.6394,98.6560,98.0612,100.4390,97.0824,101.1385,102.3572,103.5809,105.6504,101.9215,107.8564,105.3613,106.3203,107.2800,104.8093,103.8460,105.0190,103.8123,103.5857,99.8248,98.3107,100.2846,94.0479,96.0260,91.6624,92.4392,87.2812,84.0952,86.0523,83.0000,82.0975,81.3941,78.0897,76.6877,0.0000,0.0000,0.0000,0.0000,0.0000,0.0000,0.0000,0.0000,0.0000,0.0000,0.0000,0.0000
1700000037.550000,-61.4,86.3481,86.1220,87.4757,90.4268,88.1192,88.2836,89.5600,89.4539,91.2688,91.1976,92.1954,94.0851,94.0479,94.0000,93.0054,95.1893,94.4299,93.3435,94.5304,93.9042,95.7549,96.5091,96.8762,97.4936,100.2846,99.8248,103.1601,102.3914,102.8397,105.0190,101.7890,101.9804,102.9612,101.2719,101.1187,100.9752,99.7246,96.3328,96.2549,95.2575,93.1343,91.1373,91.0055,86.0058,84.0060,82.0975,82.2982,81.4985,81.0494,76.9025,76.5376,72.8011,0.0000,0.0000,0.0000,0.0000,0.0000,0.0000,0.0000,0.0000,0.0000,0.0000,0.0000,0.0000
1700000037.600000,-61.3,86.5794,82.7345,88.1192,88.1192,91.2414,85.9069,88.5268,88.7694,89.7385,93.1451,91.4822,91.3947,94.5569,93.3006,91.4166,95.8541,92.1954,94.0213,93.9149,94.8103,94.8103,95.2943,96.1769,97.6166,98.8838,98.4886,98.6154,103.9423,100.8464,103.9423,100.7224,103.4456,103.3538,101.5185,101.0792,101.9804,98.4886,98.0867,95.0789,93.0484,95.5196,90.1388,92.0489,84.4808,84.8999,82.2253,82.2010,82.2010,82.6075,78.1601,76.0263,73.1710,0.0000,0.0000,0.0000,0.0000,0.0000,0.0000,0.0000,0.0000,0.0000,0.0000,0.0000,0.0000
1700000037.650000,-65.6,80.3057,81.2219,81.1542,85.0941,82.0549,84.0060,83.0241,85.1469,85.0941,84.3801,87.3670,86.8332,88.1192,87.9659,89.2693,87.4757,90.6090,87.0976,90.7083,90.2497,90.2497,91.4822,88.8876,92.9731,92.9731,93.9840,97.1442,95.1893,99.2975,95.5196,98.0306,97.7190,96.7678,94.5569,95.8801,93.9628,92.8924,91.9239,91.0055,91.2195,85.0000,85.9884,84.0119,83.6002,81.4985,77.2334,77.1038,77.0000,73.0069,72.2496,71.7008,68.8840,0.0000,0.0000,0.0000,0.0000,0.0000,0.0000,0.0000,0.0000,0.0000,0.0000,0.0000,0.0000
1700000037.700000,-62.9,86.7006,86.4697,87.0919,90.1388,88.0511,88.0909,88.0057,91.0055,92.0217,92.0869,93.1343,94.3398,93.6483,94.7629,95.6347,95.1893,94.3663,94.2019,96.3172,96.1041,95.9010,98.7168,95.5667,99.3277,100.9604,99.7246,102.8834,103.4456,103.4456,103.1601,103.0776,103.0776,103.3683,102.1812,101.9804,100.0200,99.8248,98.1529,96.0260,96.5194,93.4345,93.3435,93.1933,87.0230,84.0000,84.0952,83.2947,83.4865,80.7527,79.9062,78.5875,75.5844,0.0000,0.0000,0.0000,0.0000,0.0000,0.0000,0.0000,0.0000,0.0000,0.0000,0.0000,0.0000
1700000037.750000,-61.4,85.8662,85.3756,89.0505,88.8426,88.6454,87.6641,88.8144,89.5600,90.3549,92.1954,94.2603,93.1343,94.0851,94.0053,93.0054,96.1873,93.2631,94.3398,93.9042,95.0368,94.8947,96.6902,97.1648,98.8433,98.6560,99.2472,101.6366,102.8397,101.8676,103.3247,101.6366,103.0776,103.5857,101.2028,101.0000,101.4347,99.2975,96.7471,95.5249,92.5419,93.4345,90.4489,92.1954,87.0517,85.0529,83.0000,83.0241,81.0987,80.5047,78.2624,76.6877,74.0405,0.0000,0.0000,0.0000,0.0000,0.0000,0.0000,0.0000,0.0000,0.0000,0.0000,0.0000,0.0000
1700000037.800000,-62.1,85.4225,85.8662,84.6936,88.6397,86.5390,87.0919,86.6487,87.5957,90.4434,88.3233,92.0489,91.9239,93.6216,92.1954,92.9624,93.2148,92.2280,89.9444,92.5419,92.3472,93.4345,94.2603,93.2631,97.0824,97.1288,98.0459,101.0050,100.0200,102.0049,101.0050,100.0450,101.0792,102.0784,99.2472,99.2472,97.3293,98.5089,94.7629,95.0368,93.0591,90.0944,89.6270,89.0505,85.3756,85.6154,81.0432,80.9568,79.7120,78.0000,76.9220,74.3034,73.4983,0.0000,0.0000,0.0000,0.0000,0.0000,0.0000,0.0000,0.0000,0.0000,0.0000,0.0000,0.0000
1700000037.850000,-61.5,87.9830,85.7555,87.8180,87.8180,90.4268,86.3539,88.1192,89.8999,89.0505,90.6201,92.1141,92.0272,92.3472,93.4077,91.3947,95.0789,94.1488,94.5939,93.3809,97.0824,95.1262,96.0260,96.1769,97.5141,100.6032,99.4082,102.3963,103.3925,101.2423,104.3072,101.4938,102.5914,103.9471,100.1299,101.1187,101.2719,98.9949,96.3379,95.7079,93.1719,93.3916,90.9560,91.2140,84.4808,83.1685,82.2800,82.0792,81.0247,80.4984,77.0260,75.8024,73.0069,0.0000,0.0000,0.0000,0.0000,0.0000,0.0000,0.0000,0.0000,0.0000,0.0000,0.0000,0.0000
1700000037.900000,-60.2,85.4400,86.3308,84.1546,88.6002,87.6641,84.8646,85.9069,89.4707,87.2353,87.8180,91.4166,91.9239,92.1141,92.9139,93.4773,93.0054,90.4268,92.2009,92.0978,91.4385,92.3147,98.3514,92.6984,94.7629,98.3107,101.8332,102.7278,98.4937,101.3163,102.0686,98.4937,100.5684,104.6900,99.0353,99.7647,96.1769,96.8762,96.9381,96.3328,92.6553,90.1388,88.8651,87.4586,85.6037,81.0247,81.5414,84.0595,79.4040,77.4145,75.1332,75.6439,75.8947,0.0000,0.0000,0.0000,0.0000,0.0000,0.0000,0.0000,0.0000,0.0000,0.0000,0.0000,0.0000
1700000037.950000,-60.2,85.4459,88.3233,88.3233,90.9175,90.9175,85.0882,91.2414,87.6641,87.7269,89.4707,93.4077,93.4077,92.3580,92.3580,93.6376,94.1116,99.9250,92.8924,95.1262,96.8814,96.7729,97.1648,99.2975,97.8673,102.8251,100.7174,101.4938,102.5914,102.4890,103.3925,102.9563,101.9657,102.9563,104.7378,103.8171,102.9612,98.8433,96.5401,95.8019,97.5141,93.8616,94.6414,90.2497,86.3308,85.3815,82.8734,84.6936,82.3468,82.3650,75.8024,77.1038,74.5185,0.0000,0.0000,0.0000,0.0000,0.0000,0.0000,0.0000,0.0000,0.0000,0.0000,0.0000,0.0000
1700000038.000000,-62.0,86.9540,89.5545,86.3134,92.5905,88.1022,91.6788,89.9611,90.2497,91.5478,89.5377,93.9840,93.6056,96.4624,94.2550,96.8401,94.5939,96.5401,92.4175,98.0612,95.5249,98.4784,98.1529,95.1893,99.7246,100.7174,101.7104,104.4797,101.5972,106.5692,100.4042,107.0561,103.9471,103.2473,102.4207,102.5914,99.8248,100.4390,96.7729,94.8314,97.5295,91.4822,95.2103,89.1852,89.1964,86.7295,83.0060,85.0000,82.2982,80.2621,79.3221,77.4209,75.2861,0.0000,0.0000,0.0000,0.0000,0.0000,0.0000,0.0000,0.0000,0.0000,0.0000,0.0000,0.0000
1700000038.050000,-62.2,84.5991,82.3650,87.9830,91.0659,88.5099,86.0930,89.8888,89.3085,86.8389,89.2020,94.6414,90.7855,89.3756,90.0278,90.5538,92.6553,91.2195,93.3488,91.3510,95.1315,94.3663,95.9010,95.2680,99.4032,97.8008,98.0051,100.2098,101.6071,101.2571,102.4158,99.2018,100.6032,103.0776,99.4887,97.8366,99.0858,97.0824,96.3328,94.9210,92.6337,92.6337,89.1067,89.8276,83.5464,84.2021,80.0000,80.4487,79.3221,82.4924,75.1798,75.1532,72.1110,0.0000,0.0000,0.0000,0.0000,0.0000,0.0000,0.0000,0.0000,0.0000,0.0000,0.0000,0.0000
1700000038.100000,-60.8,88.5438,85.4400,89.7385,89.0225,90.7083,88.2950,91.5915,89.6270,89.9444,94.0479,94.8947,94.5304,96.2549,93.1933,92.1954,98.0051,93.0215,98.0459,96.1873,98.1835,95.1315,97.3293,100.4042,100.8415,99.7246,98.7320,102.2595,104.7378,99.8248,107.6894,102.9563,104.2353,103.9471,103.4843,102.7035,103.3925,101.3163,97.1854,95.0210,92.0217,95.0842,90.0222,94.0479,88.0511,86.2090,83.2947,83.8630,82.7345,83.7437,80.2808,77.4919,73.5391,0.0000,0.0000,0.0000,0.0000,0.0000,0.0000,0.0000,0.0000,0.0000,0.0000,0.0000,0.0000
1700000038.150000,-58.1,87.3155,90.4710,89.5545,89.0505,91.2853,91.2414,90.3549,89.5545,91.9239,92.1141,91.2688,90.9725,96.4002,95.6033,93.4077,97.9490,96.4261,93.0860,95.4830,97.5807,94.7945,101.9117,97.6217,100.6578,99.1564,101.4150,105.4230,102.3035,103.2327,105.4230,102.0686,104.9952,101.0445,102.9417,105.4182,100.6578,97.0000,94.0691,97.5807,95.4830,93.3488,89.8721,90.6863,88.6172,87.4586,85.0000,84.6286,81.5414,80.9938,80.5295,78.7210,77.2528,0.0000,0.0000,0.0000,0.0000,0.0000,0.0000,0.0000,0.0000,0.0000,0.0000,0.0000,0.0000
1700000038.200000,-64.5,84.3090,85.0941,87.9318,86.9770,87.6413,87.6413,86.5852,86.5852,89.6270,89.8220,91.0055,91.5915,91.0824,91.7878,91.5478,93.2631,91.0879,93.0860,92.0054,94.0213,92.0217,95.1315,95.0210,96.1301,98.0816,98.2497,100.4988,99.4082,101.4938,100.4988,99.2472,101.3163,100.2447,99.1816,99.0808,98.0051,97.0052,95.0474,93.1343,92.0489,91.1976,89.2020,89.3588,84.5931,83.6002,81.0494,81.5843,82.0000,79.6994,76.2168,74.8465,71.5542,0.0000,0.0000,0.0000,0.0000,0.0000,0.0000,0.0000,0.0000,0.0000,0.0000,0.0000,0.0000
1700000038.250000,-61.6,84.2140,82.1523,84.4808,86.5794,83.6002,87.2983,88.4590,88.8426,87.0976,86.5852,91.4822,91.0934,94.2550,93.6056,92.6553,94.1541,94.5410,93.5201,93.9415,95.7079,95.2575,96.6488,93.0591,96.5660,99.0202,101.3558,100.4988,99.5691,103.4650,102.3963,100.1699,102.3963,102.2155,100.4988,99.8499,100.3444,100.6479,97.0618,93.4773,94.8472,91.3893,94.9368,90.4710,87.3155,85.3815,81.6088,82.9699,79.8123,75.7100,78.2624,76.5310,75.0600,0.0000,0.0000,0.0000,0.0000,0.0000,0.0000,0.0000,0.0000,0.0000,0.0000,0.0000,0.0000
1700000038.300000,-60.6,85.6037,84.0238,86.5563,86.5563,88.5268,85.7963,85.5862,86.3713,87.6926,89.1403,91.3510,90.0278,92.4554,90.6035,90.7855,96.4002,92.4175,92.4175,92.3580,94.3027,96.5194,94.6678,93.1933,97.1288,99.8499,98.9798,100.8464,102.4744,100.2397,102.5768,102.2155,101.5480,102.9272,100.4042,99.8649,99.4032,99.8649,95.8019,94.8103,92.6175,93.7230,90.7855,90.6090,84.8528,84.8999,82.1340,81.6884,78.2432,77.6660,76.0066,76.6616,70.2638,0.0000,0.0000,0.0000,0.0000,0.0000,0.0000,0.0000,0.0000,0.0000,0.0000,0.0000,0.0000
1700000038.350000,-63.4,86.3308,85.7030,85.6154,89.7385,89.9889,87.5557,90.8020,91.0824,91.4112,90.7965,93.6483,91.6624,92.3472,93.3435,95.0842,91.0055,97.0824,93.0215,97.0824,96.3328,96.2549,97.7394,95.5249,99.8499,100.2846,99.8499,103.9423,100.4490,101.9804,100.8067,101.6071,104.7378,102.2595,102.5914,104.9381,98.5089,101.9657,95.2575,96.2549,96.1301,93.0054,94.0053,91.0220,88.0057,87.0000,82.0975,84.2140,83.3847,78.2624,79.8311,77.3692,72.8011,0.0000,0.0000,0.0000,0.0000,0.0000,0.0000,0.0000,0.0000,0.0000,0.0000,0.0000,0.0000
1700000038.400000,-63.1,86.0349,90.4765,89.8999,91.7878,92.5743,91.6788,90.3549,90.8240,94.6678,92.9624,94.6678,96.5660,97.3499,96.6075,97.2008,100.1249,96.5401,99.2472,96.8969,97.5807,98.9949,98.3514,100.4191,104.8904,101.1781,100.6578,107.2986,107.4477,106.8270,107.2986,108.5772,104.6375,108.3744,107.0561,104.1393,105.4182,105.3613,98.2904,101.9804,96.8969,94.7945,96.2081,92.8493,89.4986,88.0909,85.0000,86.0233,81.2711,81.1234,78.2943,78.9240,75.5844,0.0000,0.0000,0.0000,0.0000,0.0000,0.0000,0.0000,0.0000,0.0000,0.0000,0.0000,0.0000
1700000038.450000,-62.3,88.3912,90.8240,89.4930,92.9731,90.8020,90.8020,92.4175,93.1719,94.9210,94.3663,95.9010,98.1529,98.7320,98.4124,100.4042,99.1816,100.0800,96.0469,100.0200,99.0454,100.1249,101.2423,99.1262,102.3132,104.3887,103.4843,107.0561,106.6771,109.7725,105.9292,105.5746,108.9036,108.6646,106.6771,105.3043,102.2399,102.0784,101.0445,100.0050,100.0200,97.0206,97.0464,93.0215,90.1388,87.0919,85.2115,86.5794,84.7172,82.3772,80.7775,80.0062,78.5493,0.0000,0.0000,0.0000,0.0000,0.0000,0.0000,0.0000,0.0000,0.0000,0.0000,0.0000,0.0000
1700000038.500000,-61.9,86.8332,87.4586,86.4002,89.4036,90.4434,89.0505,90.6973,89.8888,92.3580,92.2822,93.5361,95.7131,95.2575,95.7079,96.6075,96.6644,95.4620,93.4077,94.5780,96.0052,97.1442,98.6813,96.7678,98.7623,100.9604,99.7246,102.8834,105.0809,104.5466,103.5809,101.5332,104.9952,103.4070,102.8834,103.8171,101.9510,99.0202,98.0867,96.3846,97.5090,93.0215,93.0215,91.7061,87.3212,86.6083,82.6620,83.0060,82.6196,80.8084,77.8974,77.0779,74.4110,0.0000,0.0000,0.0000,0.0000,0.0000,0.0000,0.0000,0.0000,0.0000,0.0000,0.0000,0.0000
1700000038.550000,-60.1,84.2199,82.0731,87.0000,84.8646,87.7269,84.2199,86.4523,86.5563,88.2383,90.6035,90.0000,90.4434,90.9725,91.5860,89.3588,94.0213,89.9444,92.1792,90.3383,91.7061,92.5743,93.6216,93.1075,93.9840,96.2081,95.8593,98.6813,101.1929,98.3514,101.1929,96.4624,102.5280,100.6578,98.6154,99.0051,98.0867,95.8541,93.5201,92.1358,88.5494,91.2414,87.2353,88.6848,85.2350,81.8352,79.3221,80.0000,77.8010,78.8733,76.4853,74.2765,70.4344,0.0000,0.0000,0.0000,0.0000,0.0000,0.0000,0.0000,0.0000,0.0000,0.0000,0.0000,0.0000
1700000038.600000,-59.3,89.9611,90.3770,89.0056,94.3663,92.1792,92.6607,92.2822,92.1141,92.9624,93.7443,99.0454,97.8008,97.0052,96.8298,99.6394,98.5951,99.2472,97.0824,99.7246,100.4191,100.4191,102.5329,99.7246,102.8251,104.8046,104.9952,105.7592,106.4049,109.1238,105.7592,109.0413,108.9771,109.6586,106.0754,106.0754,104.6518,104.6614,101.8627,101.3163,99.2472,96.6747,96.2133,93.4077,91.6079,89.3085,86.2844,87.8180,85.0000,83.1865,82.3468,79.1202,76.6551,0.0000,0.0000,0.0000,0.0000,0.0000,0.0000,0.0000,0.0000,0.0000,0.0000,0.0000,0.0000
1700000038.650000,-60.4,85.6037,85.0000,86.0233,89.8721,87.3670,87.3670,86.6083,90.0500,90.4268,90.7855,92.5743,93.5201,93.1075,95.0789,93.2309,94.8683,92.9731,92.6553,94.3716,95.3363,95.3363,97.9847,96.3172,97.6729,100.6231,100.2846,102.1078,102.2595,103.0970,101.9657,101.6071,103.5761,102.7716,101.0000,101.2028,99.2472,98.4886,96.7729,96.7729,95.3363,92.0489,91.3947,89.8109,85.0941,84.5044,82.4621,82.3468,80.9506,79.2591,77.1751,75.7166,73.2462,0.0000,0.0000,0.0000,0.0000,0.0000,0.0000,0.0000,0.0000,0.0000,0.0000,0.0000,0.0000
1700000038.700000,-62.4,83.1865,83.0241,85.5862,85.5862,86.2844,84.3801,86.0930,87.0230,87.0230,87.0230,91.0055,90.0888,91.1976,90.3549,91.4440,92.7793,90.7965,90.9340,91.5915,91.9837,91.9837,93.6216,92.4175,95.3363,96.0469,97.1236,99.0404,98.7623,98.0816,101.2423,97.2677,100.9604,100.6876,98.2344,97.5141,96.1041,97.0824,94.3663,93.2148,91.0824,89.6772,87.6926,88.3629,83.1505,82.0975,81.0247,81.0062,78.0577,78.4092,74.6726,73.3485,70.6045,0.0000,0.0000,0.0000,0.0000,0.0000,0.0000,0.0000,0.0000,0.0000,0.0000,0.0000,0.0000
1700000038.750000,-59.9,84.7585,85.0941,84.3090,91.3893,86.9253,85.6154,90.3383,89.0674,89.9444,89.0674,90.0500,93.8136,92.0869,93.1933,94.6256,91.2140,93.2363,92.6175,94.9210,92.0978,92.0217,95.5877,93.3809,95.4830,97.6729,101.1781,101.9804,99.1564,102.6499,103.4795,99.0858,102.7278,100.4490,102.5524,99.7647,99.0353,96.8762,95.5877,95.5877,93.7230,91.8314,92.9570,91.0494,84.8116,82.6620,81.3019,83.3547,79.7559,78.7718,76.9415,77.4919,75.6902,0.0000,0.0000,0.0000,0.0000,0.0000,0.0000,0.0000,0.0000,0.0000,0.0000,0.0000,0.0000
1700000038.800000,-60.2,84.9706,87.2353,84.6936,88.7694,83.5703,88.0227,86.0349,87.5957,90.4434,88.3233,92.1792,91.6788,91.4440,92.9624,94.9210,93.0591,95.0368,88.8144,94.4299,92.5419,94.5304,95.2575,92.2659,96.0208,97.0206,99.0202,101.0050,99.0202,102.0000,98.0051,102.0441,100.1249,101.2423,100.4042,100.4042,96.5194,96.4210,94.0479,94.8947,93.0591,89.4427,91.5915,87.8635,85.3756,82.7103,80.6536,81.5966,80.9938,77.4726,76.4853,75.6637,72.9452,0.0000,0.0000,0.0000,0.0000,0.0000,0.0000,0.0000,0.0000,0.0000,0.0000,0.0000,0.0000
1700000038.850000,-64.4,86.8217,85.2350,89.5545,87.3212,87.7097,85.0000,87.6584,89.0000,89.4707,90.6201,92.4770,92.6984,92.9731,91.0934,92.0489,97.9847,92.8924,95.8019,93.9415,94.9210,95.9010,97.0155,96.1769,98.4124,99.7246,99.5038,101.4938,104.3887,101.3163,104.3072,101.7104,103.6967,103.9471,101.1187,103.0970,102.5914,99.2975,97.0824,96.1041,92.4175,93.8616,89.0225,90.5207,86.0233,84.7585,82.2800,81.5414,79.7057,81.4125,78.3901,76.5506,72.8011,0.0000,0.0000,0.0000,0.0000,0.0000,0.0000,0.0000,0.0000,0.0000,0.0000,0.0000,0.0000
1700000038.900000,-61.7,81.8352,80.9197,83.4865,84.9588,84.9588,83.4865,83.4386,84.1487,85.5862,87.1149,87.1149,87.9659,91.0494,88.2383,90.8020,90.1388,89.0449,90.1388,91.0659,91.0659,91.0659,93.1504,92.2822,94.3663,95.2943,94.8262,96.6075,96.6075,97.9898,98.4124,97.9490,97.9490,97.1288,95.8801,96.3846,95.7183,95.1893,93.4773,91.2634,90.4434,89.0505,87.4185,85.6037,83.0963,80.8084,79.2086,78.5175,75.6637,75.9276,74.0270,74.3303,70.7107,0.0000,0.0000,0.0000,0.0000,0.0000,0.0000,0.0000,0.0000,0.0000,0.0000,0.0000,0.0000
1700000038.950000,-61.2,84.4038,83.6780,85.0706,86.9770,90.1388,86.7295,88.6002,86.9770,89.3196,89.8999,93.4719,93.0591,92.1303,91.7878,93.1504,94.3398,94.0319,94.5780,93.8136,96.4002,96.6075,95.4254,95.6033,97.1854,98.0816,97.3088,99.9050,100.4988,100.5684,102.8251,99.2472,103.0776,100.8960,98.0816,99.0202,98.4073,97.4166,95.2103,96.5194,92.9624,91.8096,90.7359,90.7359,86.8332,83.6481,82.3468,81.9390,78.5493,80.3243,79.1202,77.1298,74.3303,0.0000,0.0000,0.0000,0.0000,0.0000,0.0000,0.0000,0.0000,0.0000,0.0000,0.0000,0.0000
1700000039.000000,-64.6,88.5438,86.1278,92.4175,94.5939,93.7443,91.9837,92.0706,93.0591,90.5538,94.3398,96.4210,98.1275,98.0459,97.0052,95.0210,97.0000,99.1816,98.0816,96.2549,100.2447,101.4002,100.6032,94.6414,102.1812,101.7890,102.2595,103.3683,107.0794,105.9056,106.7052,106.7052,109.6586,106.0660,104.2353,103.9471,101.4002,105.5746,99.4082,100.3195,100.2447,96.0469,94.0053,95.0053,88.0057,90.1998,83.3847,82.6075,82.8734,83.0241,81.3941,79.4040,75.2396,0.0000,0.0000,0.0000,0.0000,0.0000,0.0000,0.0000,0.0000,0.0000,0.0000,0.0000,0.0000
1700000039.050000,-61.4,89.4427,85.6154,89.7385,92.4175,94.3716,95.3363,95.2103,90.4434,92.0489,94.1541,99.9250,95.8541,97.0464,93.4773,96.6075,97.5295,99.7647,98.4886,97.0979,98.2700,99.8499,99.0202,99.2975,102.6158,102.2008,103.2279,105.2093,105.2093,107.2007,108.4066,106.8316,109.8590,109.0000,107.0701,105.4751,106.5317,102.6255,103.7738,99.1262,97.6166,97.4936,92.6121,93.4719,89.5545,90.8240,86.6487,85.0706,84.4808,83.4326,81.2527,78.7718,78.1601,0.0000,0.0000,0.0000,0.0000,0.0000,0.0000,0.0000,0.0000,0.0000,0.0000,0.0000,0.0000
1700000039.100000,-57.9,87.3670,83.0963,89.0056,87.0230,92.0054,88.0057,90.1388,87.4643,90.4489,90.5538,91.2688,95.3520,95.5249,91.5915,95.1262,96.5401,95.8019,94.1116,94.8683,95.1893,95.2103,97.1442,97.4064,98.7927,101.9510,100.4639,104.0000,104.6948,104.3887,104.7855,103.8701,103.0776,103.2473,101.3903,103.8171,100.5684,98.6712,96.7678,95.8801,93.6803,92.6499,90.9560,94.1488,85.7030,84.5281,82.8734,82.7345,82.4924,82.1523,78.0000,76.1643,75.1332,0.0000,0.0000,0.0000,0.0000,0.0000,0.0000,0.0000,0.0000,0.0000,0.0000,0.0000,0.0000
1700000039.150000,-60.4,82.2982,81.4985,86.0000,83.0060,84.0238,82.0244,86.0930,86.1452,87.2812,85.2878,89.4539,89.9444,91.2414,90.2552,85.5102,91.0055,88.5268,89.4986,88.8876,88.8876,91.3947,94.5780,93.9202,96.3846,96.0052,96.9330,96.2549,97.1700,97.1700,101.2373,96.0052,99.7447,99.4032,96.2081,98.6154,98.6813,94.9210,91.7606,89.5600,89.1852,92.4446,88.3233,89.2693,84.4038,81.7863,80.0625,80.7527,78.5175,77.2334,76.0066,75.0267,69.1809,0.0000,0.0000,0.0000,0.0000,0.0000,0.0000,0.0000,0.0000,0.0000,0.0000,0.0000,0.0000
1700000039.200000,-63.8,87.0000,89.1403,87.2066,90.0278,88.8651,89.6437,91.4002,91.2634,91.5260,91.2688,94.0319,93.8136,96.7471,94.8947,94.8947,94.8103,96.1769,93.5201,97.6934,96.9330,97.8621,98.0816,95.8593,98.9798,101.5135,100.5783,103.1601,103.7401,105.6504,102.2008,103.0922,104.9952,103.4070,102.4597,103.8171,100.0900,100.8464,99.8098,96.6644,98.8989,91.6788,93.0215,90.8240,88.6848,86.4523,81.8352,82.6620,83.0060,79.8123,79.2465,77.7946,74.5185,0.0000,0.0000,0.0000,0.0000,0.0000,0.0000,0.0000,0.0000,0.0000,0.0000,0.0000,0.0000
1700000039.250000,-59.8,83.0241,85.0941,87.3670,88.4590,87.5728,89.4539,86.9770,88.2836,88.6454,92.1954,91.6788,91.9239,92.4446,91.4822,91.0934,95.5196,93.4077,93.2309,93.6216,94.8472,93.1075,95.2943,96.1509,99.3630,98.4124,99.8499,102.2155,100.3444,101.2126,101.8725,102.9563,104.4462,104.2353,102.0000,102.8834,100.1848,98.4124,97.9898,95.3415,93.6216,91.4166,88.7694,90.4765,88.5438,86.3308,82.7103,83.9524,79.4292,80.0625,79.5110,74.0608,73.0000,0.0000,0.0000,0.0000,0.0000,0.0000,0.0000,0.0000,0.0000,0.0000,0.0000,0.0000,0.0000
1700000039.300000,-61.0,87.2066,86.5563,85.9128,88.0909,87.4586,87.2009,87.9204,88.2043,90.9725,89.6939,92.7847,92.6607,93.9415,93.0215,94.8262,94.4299,93.6216,92.3093,92.6984,95.8593,95.8593,95.5092,92.6553,97.8008,100.0000,99.7246,102.3572,102.6158,103.5809,103.3247,101.9215,104.1201,102.4890,101.8332,99.9300,100.2447,98.6813,96.9330,95.4620,94.9368,91.7061,91.7061,89.8999,86.3539,84.5991,81.6333,81.8352,81.0247,79.2023,77.3369,76.4199,74.4110,0.0000,0.0000,0.0000,0.0000,0.0000,0.0000,0.0000,0.0000,0.0000,0.0000,0.0000,0.0000
1700000039.350000,-62.8,86.0523,86.8332,86.8389,90.4434,88.7525,88.7525,87.1321,87.8180,91.7878,89.4707,92.1303,94.3716,93.9415,94.9368,97.1700,94.3398,96.4624,91.4166,95.2103,94.6414,93.9628,98.2344,94.3716,98.4886,101.4150,99.8248,103.9423,101.0000,104.7378,102.5914,102.3914,103.3683,103.3683,100.8960,101.8676,100.4241,99.4585,96.4624,96.1353,96.4624,92.0272,93.9840,88.3912,86.9253,85.9069,82.2922,83.6481,80.2621,78.2304,76.6094,76.0592,75.0067,0.0000,0.0000,0.0000,0.0000,0.0000,0.0000,0.0000,0.0000,0.0000,0.0000,0.0000,0.0000
1700000039.400000,-62.5,82.8734,82.4924,84.3801,88.2780,85.1469,86.0930,86.0930,87.0057,87.0057,88.2043,91.2688,90.3549,91.6624,91.0824,94.0479,93.3809,92.9624,92.1954,93.6216,92.1792,93.6803,94.6414,94.9210,99.0202,97.7394,100.9009,102.8834,101.9510,102.1567,101.7693,100.6578,103.7304,103.4650,97.7394,99.2975,97.7394,97.7190,99.2018,97.2677,94.6414,90.0278,90.2441,89.2693,84.1724,86.1452,82.7345,81.3941,79.3095,79.0253,76.0263,79.1581,73.5527,0.0000,0.0000,0.0000,0.0000,0.0000,0.0000,0.0000,0.0000,0.0000,0.0000,0.0000,0.0000
1700000039.450000,-61.0,82.0244,82.7345,83.5464,87.7269,84.3860,85.1469,85.9128,86.2149,87.6185,88.8144,91.5260,91.2688,91.9239,90.9175,91.4166,90.8240,93.9149,89.8999,92.6121,92.6121,93.0376,95.3415,91.3893,94.8683,96.4624,97.0824,98.6813,97.4064,99.9300,99.9300,99.6243,99.7246,99.5389,98.0867,99.4032,95.8541,95.4620,95.2733,91.7061,91.2414,89.9444,90.8240,89.1852,85.7555,81.2711,78.8162,79.8123,78.7464,76.4853,75.0067,73.5527,70.4344,0.0000,0.0000,0.0000,0.0000,0.0000,0.0000,0.0000,0.0000,0.0000,0.0000,0.0000,0.0000
1700000039.500000,-60.8,85.6154,86.3481,87.0976,90.6090,88.2836,89.1067,88.6848,89.6772,91.3510,90.1998,93.0860,94.0479,93.0000,94.0479,94.0851,95.3363,94.3398,92.5419,93.9042,94.8947,95.8853,98.4784,96.3379,99.4636,100.2247,99.6895,103.0776,101.1385,103.5809,102.6158,101.8676,103.0776,101.6366,101.6366,101.9804,99.6394,98.6560,98.1529,96.0260,96.8762,92.5419,91.6624,90.4489,88.2043,85.0941,82.0061,83.0241,82.0549,79.3095,77.5242,76.2955,73.7631,0.0000,0.0000,0.0000,0.0000,0.0000,0.0000,0.0000,0.0000,0.0000,0.0000,0.0000,0.0000
1700000039.550000,-63.6,83.7257,87.8237,85.1469,88.2780,84.0536,89.4539,88.0511,88.0057,91.0055,89.0898,92.0869,93.3435,93.4345,93.0591,93.5361,94.0479,93.2148,90.9340,94.1488,93.3916,94.5939,95.8019,94.1116,95.6033,98.6712,99.0404,103.7304,101.8332,104.9952,100.8811,99.7246,99.7246,101.6514,100.6876,100.4390,99.9250,98.2700,95.5667,95.5249,95.1893,90.5538,90.6697,88.6848,87.3670,84.0952,84.0238,85.0235,80.0562,79.2275,77.5242,78.4474,70.3420,0.0000,0.0000,0.0000,0.0000,0.0000,0.0000,0.0000,0.0000,0.0000,0.0000,0.0000,0.0000
1700000039.600000,-62.9,83.0060,85.0235,83.0241,86.0058,86.0233,86.2090,86.3713,87.6926,90.6697,88.4590,91.2414,90.4710,91.2195,96.5401,91.4440,92.7200,91.7606,92.3472,93.0484,94.2444,93.6376,97.5756,95.4620,95.7079,99.7447,99.2824,102.8591,101.9804,100.6231,102.8591,99.7447,100.6231,101.5529,98.8989,98.6154,97.3088,99.1615,97.1442,96.4624,93.6056,93.4077,92.4446,88.0568,84.6463,84.4038,82.3772,81.0494,80.3990,78.3135,77.0584,77.0584,73.1710,0.0000,0.0000,0.0000,0.0000,0.0000,0.0000,0.0000,0.0000,0.0000,0.0000,0.0000,0.0000
1700000039.650000,-62.6,86.1278,87.3613,86.0349,91.4166,89.5377,91.1811,89.6939,87.0919,91.7878,91.2414,93.0215,93.0591,97.4166,95.4149,94.6678,94.0479,94.0479,92.8009,98.6002,97.0052,98.7168,97.0824,95.0158,102.5329,100.4490,103.2763,102.5524,103.2376,105.3613,103.2473,106.0660,106.0754,104.6900,100.5684,101.3163,100.6578,98.5951,100.2646,99.4887,94.6414,93.0054,95.4411,89.6270,89.3085,87.1321,81.0062,85.0000,82.7345,81.1542,81.1542,78.4347,76.6551,0.0000,0.0000,0.0000,0.0000,0.0000,0.0000,0.0000,0.0000,0.0000,0.0000,0.0000,0.0000
1700000039.700000,-64.1,81.7435,86.6487,84.8646,86.0349,88.5438,86.1626,85.2350,88.5664,90.8020,85.4751,89.9444,90.4268,92.4392,91.9239,94.3398,91.2688,94.6256,90.2109,93.2363,91.8314,95.7758,94.3663,93.0860,97.6217,97.7446,97.7446,102.5329,101.8332,105.3613,102.6499,101.2373,101.9804,100.4988,100.0050,101.5332,95.9010,98.8585,94.2019,97.0052,94.0479,88.2043,91.0659,87.3670,85.5862,85.0882,84.1190,84.0952,79.8499,77.2528,75.8947,78.5875,75.3127,0.0000,0.0000,0.0000,0.0000,0.0000,0.0000,0.0000,0.0000,0.0000,0.0000,0.0000,0.0000
1700000039.750000,-61.6,86.1452,85.2878,89.2749,87.4643,88.6848,89.5600,90.2552,90.8020,91.9837,93.3916,92.4175,93.8616,95.3363,95.5092,92.3580,98.0816,94.1541,97.8621,96.6644,97.0824,95.7079,97.0618,98.8382,102.5768,99.4786,103.4456,103.5857,104.4462,103.0776,104.4462,103.4456,104.4462,101.1187,101.5332,101.5332,104.2353,105.1190,97.0824,94.4299,94.8472,97.8621,90.2497,90.8240,86.9770,89.1852,83.6780,83.4326,85.1469,81.0494,78.6384,78.4092,76.0000,0.0000,0.0000,0.0000,0.0000,0.0000,0.0000,0.0000,0.0000,0.0000,0.0000,0.0000,0.0000
1700000039.800000,-63.2,87.2983,88.8426,90.7083,93.1719,90.7083,89.5600,90.8020,91.7061,90.8240,94.8683,96.7988,96.7988,101.2373,98.4886,97.0464,96.1769,99.7647,96.1769,98.6154,97.9439,98.6154,101.5135,97.7548,101.0198,105.1190,104.2929,106.6068,104.6231,108.8118,107.0047,103.4650,106.5082,110.3857,106.8504,109.0000,103.9423,102.2155,101.5332,100.7224,101.0742,95.7131,94.3716,91.2853,91.3893,87.3155,86.6487,85.7263,83.2406,83.3607,82.5651,79.3095,78.0000,0.0000,0.0000,0.0000,0.0000,0.0000,0.0000,0.0000,0.0000,0.0000,0.0000,0.0000,0.0000
1700000039.850000,-60.6,88.4816,83.8153,89.4986,91.8314,90.0278,87.4586,88.5268,90.5538,91.9674,91.2195,92.6337,94.7945,92.6984,95.7758,93.7230,94.8103,95.6033,98.2344,93.8136,94.3027,98.0051,100.7025,96.7988,99.6444,102.7278,98.7927,102.0833,103.9423,101.1187,104.8093,103.2473,101.7104,103.4650,106.5082,106.2544,102.0784,99.8649,98.6002,97.2008,94.6414,95.9010,91.4385,90.6863,84.1487,84.1487,83.5464,81.6884,84.5044,79.2023,78.2368,77.5242,74.2496,0.0000,0.0000,0.0000,0.0000,0.0000,0.0000,0.0000,0.0000,0.0000,0.0000,0.0000,0.0000
1700000039.900000,-62.2,82.4197,79.8123,83.2406,84.8116,85.2760,83.0963,84.2912,84.9588,85.5628,87.6926,89.1403,89.1964,90.1388,88.8651,89.3756,93.0054,90.2109,89.6270,91.0659,91.2688,94.0319,95.3834,94.3398,94.4140,96.6488,97.5295,98.8382,98.3870,97.4936,98.3870,98.3870,97.9439,97.4936,98.4886,95.8801,97.6166,93.0591,92.2822,92.6499,89.3588,90.9725,88.2043,88.0057,82.8010,80.8084,79.3095,80.0562,77.8332,79.1960,73.6614,73.4098,70.4557,0.0000,0.0000,0.0000,0.0000,0.0000,0.0000,0.0000,0.0000,0.0000,0.0000,0.0000,0.0000
1700000039.950000,-61.5,88.2836,87.8635,89.2693,90.9560,90.5207,91.4822,89.8109,90.7579,94.8683,90.2497,93.0484,94.5410,95.7079,95.7079,95.7131,97.0618,98.8382,93.2952,96.5660,99.8599,97.9439,98.4733,97.6524,99.0454,101.2126,103.0049,105.4230,104.2017,106.4002,102.0049,103.2279,107.4477,108.2266,101.0198,104.3072,102.3426,99.4786,100.8464,98.6154,97.6166,93.5361,94.3716,91.2360,90.3383,89.8999,84.8646,83.2166,83.5225,80.7775,80.6040,78.7718,76.4199,0.0000,0.0000,0.0000,0.0000,0.0000,0.0000,0.0000,0.0000,0.0000,0.0000,0.0000,0.0000
1700000040.000000,-61.2,89.1964,90.4765,92.6121,90.6201,93.1075,92.6121,94.3716,92.1358,93.4773,93.2952,94.5145,97.3499,98.4733,98.4073,96.8349,99.6394,98.0816,98.8585,98.3514,101.4150,101.4150,101.3163,94.7945,104.8046,106.1508,106.7942,103.3247,107.5639,106.8878,108.3005,106.8316,107.5174,107.5174,107.5174,107.5639,105.4182,100.5684,100.4988,95.6713,97.9490,96.6747,95.4254,94.4034,88.7525,90.6973,86.6083,85.8836,84.5281,85.0000,81.9390,80.3243,78.8480,0.0000,0.0000,0.0000,0.0000,0.0000,0.0000,0.0000,0.0000,0.0000,0.0000,0.0000,0.0000
1700000040.050000,-62.5,88.8144,88.8144,90.5538,92.2659,92.1954,91.1976,93.0484,92.0000,94.0000,94.0851,96.0469,97.2523,97.4166,98.5089,96.5194,98.0051,97.0155,96.1769,96.3172,99.0404,99.4636,99.9250,98.9545,101.6514,103.8460,103.4456,104.4031,105.6504,105.3613,107.8564,106.0424,105.0809,107.0047,106.2309,104.5610,103.5857,103.1601,98.8433,99.2975,96.0260,96.6282,94.6414,95.2575,88.2780,87.0230,84.0000,85.0235,84.0952,83.4865,79.7621,79.4292,75.9605,0.0000,0.0000,0.0000,0.0000,0.0000,0.0000,0.0000,0.0000,0.0000,0.0000,0.0000,0.0000
1700000040.100000,-62.7,84.1190,84.2199,84.0536,89.3588,89.8721,87.9204,86.2670,85.6037,91.2140,87.2066,89.3756,91.4385,91.2195,90.5207,94.0479,92.6553,92.7631,89.8721,93.2363,93.8616,95.2680,94.8103,95.0000,95.4411,101.2571,101.7890,101.5480,102.0784,104.3072,100.9554,98.4784,100.1249,101.0198,101.6071,98.4073,99.8098,98.6002,95.4254,95.4254,96.4261,92.0217,91.9674,87.7269,86.9770,85.6329,80.8084,80.6040,80.6040,78.8162,75.7166,73.9256,72.9178,0.0000,0.0000,0.0000,0.0000,0.0000,0.0000,0.0000,0.0000,0.0000,0.0000,0.0000,0.0000
1700000040.150000,-59.8,80.6040,83.3607,81.8841,84.8528,82.4924,83.3847,83.1505,85.0529,84.0238,85.0059,87.0057,89.0505,88.1419,88.2780,88.3629,88.6848,88.8144,87.9659,89.8220,90.2441,90.0278,91.4440,90.7083,93.6803,93.6803,93.9628,96.1353,95.2103,97.4166,97.7190,96.1665,98.3717,97.1236,96.5660,96.3016,94.1116,93.6216,90.0278,90.6090,90.6090,85.9884,85.9884,84.7172,82.7345,81.3941,78.2304,79.0569,76.0000,76.0592,73.3348,72.6911,68.6586,0.0000,0.0000,0.0000,0.0000,0.0000,0.0000,0.0000,0.0000,0.0000,0.0000,0.0000,0.0000
1700000040.200000,-60.1,89.9889,89.7385,93.1719,93.1719,92.3959,89.8220,93.0591,93.7710,95.6347,96.2549,98.3260,98.1275,98.0204,98.0204,97.0052,101.0792,98.0816,98.0816,97.4166,97.3293,99.3227,100.4988,101.8332,101.6071,103.5761,103.5761,107.8703,106.7052,105.7213,108.0602,106.2121,107.2007,106.0660,106.7942,106.6771,105.6835,103.5857,101.2423,100.1798,99.0808,99.0454,96.0208,96.0208,90.0500,90.1998,84.3801,85.8429,85.1587,83.5464,80.5233,80.6536,77.2528,0.0000,0.0000,0.0000,0.0000,0.0000,0.0000,0.0000,0.0000,0.0000,0.0000,0.0000,0.0000
1700000040.250000,-65.4,86.5332,87.0919,85.8021,88.8144,86.6833,85.1469,87.1149,88.4138,87.6926,91.2414,90.5097,94.2603,90.6863,89.4986,91.2140,94.2019,92.8009,93.6002,92.6499,94.0319,92.9139,95.8801,95.5249,95.0158,99.8499,97.1288,100.1848,101.9657,99.7296,102.4744,98.4124,99.2975,104.3168,102.2155,100.8464,99.4786,97.0979,96.2549,94.0479,91.8368,91.6079,90.8020,91.8314,85.2760,86.4523,83.5464,80.6102,80.6226,79.3095,76.2168,77.4209,70.8308,0.0000,0.0000,0.0000,0.0000,0.0000,0.0000,0.0000,0.0000,0.0000,0.0000,0.0000,0.0000
1700000040.300000,-61.8,86.9770,86.2670,89.1067,89.1067,88.4590,86.3713,87.3212,87.6185,92.6175,94.4034,91.0220,91.8096,93.8136,97.2471,93.8136,95.8801,95.8801,93.5361,95.2733,98.8433,99.3177,98.4124,98.4886,101.3903,100.9009,101.0198,101.9510,107.3359,104.1777,103.4698,105.1095,104.5466,102.3181,102.9563,101.9657,103.3151,103.3151,98.3870,96.6488,95.7706,95.5249,91.5860,92.3580,87.4185,86.2149,82.6196,85.9128,81.3941,81.3204,78.4920,78.8733,72.8011,0.0000,0.0000,0.0000,0.0000,0.0000,0.0000,0.0000,0.0000,0.0000,0.0000,0.0000,0.0000
1700000040.350000,-61.2,80.3990,81.2219,83.4865,85.5862,85.7088,85.5102,85.1587,82.9759,85.3756,84.1724,86.1278,87.6413,87.9318,88.2327,93.6056,88.3912,90.6201,86.9253,92.6121,92.1358,90.8020,91.7061,90.3549,94.1541,94.8947,96.3846,98.7927,96.0417,99.1262,97.4166,98.8838,99.9850,98.6154,95.0158,95.7706,97.0618,94.3663,93.0376,89.5545,92.1954,88.7694,86.1626,86.7295,80.6536,81.9085,78.1601,76.9025,76.9025,74.8131,76.6551,74.1080,71.0070,0.0000,0.0000,0.0000,0.0000,0.0000,0.0000,0.0000,0.0000,0.0000,0.0000,0.0000,0.0000
1700000040.400000,-62.9,83.6301,85.4225,83.7257,87.7097,86.4523,88.3233,87.6641,84.8764,87.6584,88.2383,92.6175,90.9065,92.8493,91.2853,91.2853,91.2195,91.9348,90.5207,92.1954,92.8493,93.7230,95.2680,92.4554,97.9081,97.6524,97.4166,99.2975,98.4733,101.2571,99.2975,100.4390,102.6499,100.4390,98.6002,98.2344,96.4002,97.6166,95.4254,93.7230,93.0860,90.5538,91.2853,86.3134,86.2670,84.1724,79.3977,80.2808,79.2023,77.2010,77.1038,73.9256,71.5542,0.0000,0.0000,0.0000,0.0000,0.0000,0.0000,0.0000,0.0000,0.0000,0.0000,0.0000,0.0000
1700000040.450000,-63.1,85.7963,86.4002,89.3085,90.4434,89.8721,89.5879,89.3588,90.0500,90.5538,93.1504,93.2952,93.4719,96.6023,95.7549,97.3088,97.3088,95.0789,96.2081,98.3514,96.1665,98.3514,98.6712,97.4064,98.2344,101.9215,99.7246,102.1078,102.6109,106.3015,103.8123,103.8460,104.7855,105.2616,102.6158,102.2008,98.3717,101.8430,97.7394,98.0816,100.0900,94.5410,95.3415,89.6939,85.8662,85.8836,85.4751,85.7555,82.6801,81.0247,79.2023,79.2086,75.8222,0.0000,0.0000,0.0000,0.0000,0.0000,0.0000,0.0000,0.0000,0.0000,0.0000,0.0000,0.0000
1700000040.500000,-61.2,88.5268,89.0505,91.4112,93.7443,92.0706,91.0824,90.6697,91.4440,94.4299,93.1933,95.0842,96.0833,98.0000,97.0206,98.0051,98.1275,96.2549,97.2523,97.5141,97.4166,97.5141,99.9850,98.0051,101.0000,104.5610,104.1393,106.0990,105.9056,106.8878,105.3233,104.7378,106.2121,107.2007,102.8251,104.5801,102.7035,101.5972,101.3163,100.1249,97.1288,96.0208,95.0053,93.0000,90.0888,87.1436,84.4808,84.7172,84.1724,82.5651,80.5233,79.0569,77.6209,0.0000,0.0000,0.0000,0.0000,0.0000,0.0000,0.0000,0.0000,0.0000,0.0000,0.0000,0.0000
1700000040.550000,-64.1,86.1452,86.4928,87.0976,89.0505,88.2950,87.8009,89.5600,89.1852,89.4930,89.8109,91.7606,92.4770,94.0213,93.1075,93.5201,94.8262,94.8947,93.0591,95.5249,95.5249,94.6678,96.2549,96.5194,98.8130,99.6243,99.6243,102.2008,103.6002,102.6158,103.4070,102.4158,102.4158,102.6499,101.5135,101.7890,99.5691,100.4042,96.8969,95.8801,94.0213,91.7061,91.2414,89.4707,87.2353,84.3090,82.2800,83.4865,80.6536,80.0812,78.5875,75.8024,75.2396,0.0000,0.0000,0.0000,0.0000,0.0000,0.0000,0.0000,0.0000,0.0000,0.0000,0.0000,0.0000
1700000040.600000,-62.5,85.6037,87.9659,87.2066,89.8721,88.4138,89.1403,88.4138,87.7269,89.9389,87.2066,92.4554,88.2383,91.8314,96.0208,95.2103,97.7548,94.3398,96.0417,96.2549,96.2549,97.6166,97.4936,96.1509,100.7224,100.6479,102.9563,102.0441,103.8701,103.4698,104.9238,102.9563,102.5524,105.1903,100.2247,103.7690,100.1798,98.8382,94.8947,96.2549,93.2952,92.1141,93.2952,93.7443,87.6584,83.8153,84.0238,81.5659,83.4506,79.1960,77.0779,74.5185,73.4983,0.0000,0.0000,0.0000,0.0000,0.0000,0.0000,0.0000,0.0000,0.0000,0.0000,0.0000,0.0000
1700000040.650000,-62.9,82.6620,80.1561,81.8352,84.0238,83.0963,80.4301,82.0731,82.0366,82.7345,84.8999,86.2670,87.7838,87.9659,90.2718,87.6185,88.2327,87.6584,88.4816,87.6641,86.9540,87.8180,90.3549,90.0500,93.4719,92.1303,93.0215,95.3415,97.5756,96.2549,96.6644,95.2733,97.0824,94.0213,93.4719,93.9149,94.3663,92.6607,91.0659,90.5538,88.6848,89.5879,85.4400,83.7616,81.0247,81.0247,74.6525,76.8375,74.4110,75.6902,72.9178,71.2180,68.0074,0.0000,0.0000,0.0000,0.0000,0.0000,0.0000,0.0000,0.0000,0.0000,0.0000,0.0000,0.0000
1700000040.700000,-62.8,90.2109,87.4643,90.7359,92.1792,89.0056,88.5494,88.5664,86.8159,92.3093,95.0789,92.1141,95.8593,95.8175,93.6056,95.5092,97.2677,95.8019,94.5939,95.1262,94.7259,97.0824,100.2846,98.6560,100.8415,102.9563,98.0051,101.5972,101.8332,104.6900,104.3887,102.2595,106.7942,105.3803,104.3935,102.4207,100.8067,100.0200,98.7168,98.7168,93.4077,95.6033,92.1792,88.5438,87.5957,86.7295,84.1724,85.0000,82.2982,82.8553,80.7775,79.4040,73.2462,0.0000,0.0000,0.0000,0.0000,0.0000,0.0000,0.0000,0.0000,0.0000,0.0000,0.0000,0.0000
1700000040.750000,-61.4,86.4002,84.8116,86.8389,89.8721,92.6553,91.2634,92.1141,89.8888,88.6848,91.3017,95.3834,95.2733,95.2733,95.3415,93.6216,95.0789,95.8593,94.9210,97.5295,98.6712,95.8175,95.8801,98.7623,100.1699,100.8960,99.2018,102.3572,101.6366,102.3914,104.7855,105.7592,107.2007,104.5466,104.4031,98.6712,100.2447,100.2447,98.3514,94.9210,93.9840,90.8735,94.0213,93.9149,88.1022,86.3539,83.5284,84.9058,82.9277,78.6003,78.7464,74.9667,74.4110,0.0000,0.0000,0.0000,0.0000,0.0000,0.0000,0.0000,0.0000,0.0000,0.0000,0.0000,0.0000
1700000040.800000,-63.2,84.0536,83.8153,86.8332,86.2149,86.6833,85.1469,87.8635,86.3713,87.7838,89.8053,89.8053,89.8721,91.2853,90.7855,90.7855,94.0213,92.0054,92.8009,92.0869,92.6553,93.2309,94.5780,94.5780,97.7548,96.8969,96.3846,98.9798,101.7104,98.9798,100.3444,99.1262,101.8725,101.5480,99.8599,98.7370,100.6876,98.4733,96.4002,93.4077,91.8314,90.0278,89.2749,88.4590,83.4506,83.4386,79.3095,82.2192,80.2808,80.0000,75.4520,74.0945,72.9178,0.0000,0.0000,0.0000,0.0000,0.0000,0.0000,0.0000,0.0000,0.0000,0.0000,0.0000,0.0000
1700000040.850000,-60.9,81.3941,87.6641,87.8237,87.8237,89.8053,88.6848,86.2090,88.2043,89.0898,88.0909,91.0055,93.0054,91.0879,92.1954,91.2688,93.5361,90.5538,91.7878,93.3809,94.2019,93.3809,95.7079,95.9010,97.9847,99.4636,96.3016,101.6514,100.0000,99.7246,99.0404,99.4585,101.6366,101.4150,101.9804,101.0000,99.6394,97.0824,95.5249,93.9042,95.8853,91.3510,91.5478,88.5664,84.1487,84.0238,81.0555,82.0549,77.1622,81.4985,77.7817,76.4853,75.8947,0.0000,0.0000,0.0000,0.0000,0.0000,0.0000,0.0000,0.0000,0.0000,0.0000,0.0000,0.0000
1700000040.900000,-65.2,89.0056,85.1469,89.2020,86.2844,91.4440,87.5728,89.5600,91.6624,90.9340,93.3809,95.1262,94.5939,96.3172,93.4077,93.6803,99.2975,92.6553,97.7190,94.9368,98.2344,97.8621,98.4124,99.3177,101.5332,98.8433,101.9657,103.7690,103.3538,102.0000,105.1903,104.2017,103.7545,104.6566,102.9563,102.5524,104.7855,101.6366,96.9330,99.7246,94.1541,95.1893,92.9731,93.3006,86.5852,88.7694,82.5651,84.8528,82.8734,80.6226,80.3057,77.0065,74.2428,0.0000,0.0000,0.0000,0.0000,0.0000,0.0000,0.0000,0.0000,0.0000,0.0000,0.0000,0.0000
1700000040.950000,-61.1,84.2021,85.9069,87.4757,92.1954,87.2983,87.2983,87.8237,89.4539,88.4590,90.1388,89.1403,93.0000,96.0208,94.0000,95.0053,93.1343,96.2549,95.1893,96.5194,95.5249,95.4254,98.8585,95.1893,100.0200,100.4390,101.0000,102.1812,103.9423,105.3233,102.3914,101.4347,103.9423,104.3935,103.0970,103.9471,98.1529,97.7394,98.7320,98.1275,97.3293,92.0217,93.0000,89.0225,87.0230,88.0909,84.2140,82.3893,83.7257,80.0625,78.1025,75.9605,71.1688,0.0000,0.0000,0.0000,0.0000,0.0000,0.0000,0.0000,0.0000,0.0000,0.0000,0.0000,0.0000
1700000041.000000,-63.6,81.7863,83.1865,81.7435,87.8237,83.8630,84.7172,84.1487,86.0523,88.1419,87.0000,87.0517,90.0056,91.0055,91.0879,92.0489,91.1976,90.4489,88.8144,92.6553,95.5249,92.2280,94.2019,90.2552,96.6902,95.7079,98.2700,98.2700,99.2472,97.0824,101.0000,98.6560,100.0200,98.8433,98.8433,96.5091,94.7629,94.4299,93.0860,94.1329,92.0489,91.0055,90.0222,88.0227,83.0241,83.0963,81.2219,81.3941,79.0759,74.1485,76.6551,71.5122,70.0071,0.0000,0.0000,0.0000,0.0000,0.0000,0.0000,0.0000,0.0000,0.0000,0.0000,0.0000,0.0000
1700000041.050000,-60.2,86.1452,84.4808,88.2043,85.4751,90.1998,86.1452,88.0511,89.0000,92.0054,88.0057,91.0879,93.1933,93.2631,92.3472,94.4299,95.0368,91.9239,93.3809,92.5743,95.7079,94.5410,96.8814,94.3663,97.0155,101.6514,99.9250,100.1699,100.1699,101.3903,101.3903,96.0469,102.1078,104.5610,99.0404,101.4347,98.6560,100.1299,97.4166,95.5249,96.6282,93.1343,92.1358,91.0055,86.0058,84.0000,81.1542,81.3019,82.3893,80.0625,76.4003,75.9605,70.5762,0.0000,0.0000,0.0000,0.0000,0.0000,0.0000,0.0000,0.0000,0.0000,0.0000,0.0000,0.0000
1700000041.100000,-64.9,86.1452,84.3445,86.1220,87.8635,87.0976,85.6154,87.3613,88.2327,88.5438,88.9550,90.4765,91.1811,92.7038,92.6121,92.6121,93.0215,92.1303,92.5905,91.0659,93.8136,93.8136,94.8736,95.4149,96.2601,97.9081,98.2293,100.6032,100.6032,99.4032,101.6071,99.6243,102.4158,100.6876,98.7370,99.3227,98.4784,99.3227,95.0158,93.6483,91.7878,91.2414,89.4427,88.5664,85.0000,84.1724,82.2800,82.2192,79.6994,78.5875,76.6877,75.6637,73.2462,0.0000,0.0000,0.0000,0.0000,0.0000,0.0000,0.0000,0.0000,0.0000,0.0000,0.0000,0.0000
1700000041.150000,-65.5,80.9938,83.0060,85.2350,87.8465,87.7269,89.0505,87.2353,89.1852,89.0056,87.7097,91.2688,94.0319,92.1141,94.0479,94.6256,92.6175,94.0213,91.0494,95.7758,95.6713,94.0691,93.3809,95.5877,97.6217,99.0051,97.6217,101.2373,97.6217,101.1781,100.4988,101.8332,103.2473,100.4092,100.4490,96.3328,99.7246,98.7168,95.8019,96.2133,93.8616,90.8020,91.6079,88.6002,82.6620,85.1469,82.4924,82.3650,81.8413,78.3901,76.8960,74.7262,72.5672,0.0000,0.0000,0.0000,0.0000,0.0000,0.0000,0.0000,0.0000,0.0000,0.0000,0.0000,0.0000
1700000041.200000,-64.1,87.6584,87.4185,91.6788,92.0054,89.2749,88.7299,89.1964,89.8721,93.3488,90.5097,92.6337,94.1116,96.3328,96.4261,94.3663,97.0052,96.2133,93.8136,94.6256,98.4733,96.7988,97.9439,96.2601,102.5768,100.3444,101.2126,103.4456,103.8316,105.1903,103.8316,102.3963,104.1009,107.0701,105.4751,104.5610,99.8649,100.8018,99.4032,96.2133,95.6033,95.7758,90.6863,93.7230,89.1403,86.2786,81.3941,82.9759,83.0963,79.2023,79.0569,75.2928,72.4500,0.0000,0.0000,0.0000,0.0000,0.0000,0.0000,0.0000,0.0000,0.0000,0.0000,0.0000,0.0000
1700000041.250000,-61.9,84.9588,86.0523,91.2140,89.8109,88.6002,88.2327,90.9725,90.5538,95.1893,94.1541,96.3846,94.8947,96.6488,94.3663,97.9490,96.1769,93.6216,94.5410,96.0052,97.4064,97.4064,99.6243,99.6243,100.5783,100.2846,103.8460,104.0481,104.8093,105.7733,103.3247,104.1201,106.3203,105.6504,102.1421,103.4070,101.5923,99.7246,100.3195,99.8098,97.1700,97.0824,92.1303,94.8262,87.3212,89.5545,84.7231,84.3801,82.6620,82.8010,79.9812,74.9667,73.8783,0.0000,0.0000,0.0000,0.0000,0.0000,0.0000,0.0000,0.0000,0.0000,0.0000,0.0000,0.0000
1700000041.300000,-60.1,87.3670,88.3629,90.0500,92.0489,90.0000,88.0057,91.1373,88.3629,93.2631,90.4489,93.2148,94.0479,97.4936,93.7443,95.9010,95.3415,95.8019,93.0054,98.6712,96.1353,98.3717,100.0900,97.8621,99.5389,102.5524,103.8701,106.8878,104.6948,107.3546,103.7882,104.6948,105.7024,106.6208,103.8701,102.0441,102.6937,101.5923,99.2975,99.2975,96.7678,93.6803,94.9210,93.1451,87.5557,90.0278,84.9294,84.0119,82.7345,82.3893,80.1561,76.0066,77.3175,0.0000,0.0000,0.0000,0.0000,0.0000,0.0000,0.0000,0.0000,0.0000,0.0000,0.0000,0.0000
1700000041.350000,-62.2,87.0230,83.0060,85.0941,84.2140,86.2090,86.4697,85.8429,84.8528,88.9550,90.6090,89.1067,91.5915,92.1954,90.2497,90.4710,91.7606,88.8651,90.7579,90.2497,93.9840,92.3093,94.0213,92.8493,93.0376,97.0824,95.7079,100.6479,100.6231,96.6023,102.8834,96.1769,97.9490,98.3870,98.4886,101.1336,99.0051,96.0052,93.3006,91.7061,88.5438,90.4434,86.4002,88.6002,86.8332,82.0000,82.2253,79.2465,77.1038,77.3175,76.0066,74.0608,72.4431,0.0000,0.0000,0.0000,0.0000,0.0000,0.0000,0.0000,0.0000,0.0000,0.0000,0.0000,0.0000
1700000041.400000,-61.1,84.5044,84.8999,90.6090,84.9588,89.8053,87.0460,88.5268,86.3134,84.8999,88.0909,91.8314,91.2140,91.8368,89.6270,91.8096,93.1933,89.8888,94.3398,91.9239,98.4124,96.1769,95.7131,97.0464,97.6934,99.4032,97.5756,97.9898,104.3887,102.3181,104.9238,100.3195,103.8701,103.3151,100.6231,101.9657,103.3102,98.4124,96.7471,94.5145,91.5860,92.3580,90.2109,92.0869,87.6584,82.6196,81.8352,83.6301,79.2086,79.9062,77.2334,74.8131,73.4983,0.0000,0.0000,0.0000,0.0000,0.0000,0.0000,0.0000,0.0000,0.0000,0.0000,0.0000,0.0000
1700000041.450000,-62.5,81.4923,82.4924,81.5414,84.5991,81.5414,84.0536,85.0000,83.8689,83.8689,86.6833,88.0909,87.3212,87.7838,89.1403,89.0955,89.9389,87.7838,87.0460,90.1388,88.8651,91.6788,96.4002,91.8314,96.0208,95.2103,94.8683,98.4784,97.9081,99.5691,98.7370,98.0051,98.4733,100.4390,98.6002,95.2103,93.8616,95.2680,94.9210,91.3510,89.8276,86.3134,86.2786,86.3134,82.1340,80.0562,77.9872,77.4661,77.2010,73.7835,74.2428,73.8241,66.8506,0.0000,0.0000,0.0000,0.0000,0.0000,0.0000,0.0000,0.0000,0.0000,0.0000,0.0000,0.0000
1700000041.500000,-63.8,93.0376,91.7061,90.3549,92.5905,93.9415,91.3017,92.4392,94.1541,94.5780,94.0479,97.6524,97.2008,99.4032,97.1854,99.4887,98.4124,97.0000,95.4620,101.1385,100.4490,99.0353,102.8251,99.0858,102.4500,104.3504,103.5857,104.2017,105.6030,106.8270,107.4477,106.0424,108.0741,109.8772,107.9352,106.3015,107.5639,104.0625,103.2473,96.8762,99.0353,96.8969,99.0858,92.7631,90.0278,91.5478,83.4086,87.0919,86.8217,84.2199,86.3539,79.7057,76.2168,0.0000,0.0000,0.0000,0.0000,0.0000,0.0000,0.0000,0.0000,0.0000,0.0000,0.0000,0.0000
1700000041.550000,-64.7,88.3233,86.1278,91.2195,88.5268,90.2441,88.8426,91.4112,89.8053,91.9239,90.5538,94.5304,94.3398,95.3363,96.1301,94.1329,96.0052,96.0208,96.0052,97.1288,97.2523,95.5249,99.3227,95.2575,99.6092,101.8332,102.1078,100.8415,106.7942,104.0865,106.7942,102.5914,104.6900,104.4797,104.3072,102.4890,100.1249,103.1213,100.0200,99.0051,97.0206,96.0833,89.2020,93.3435,87.3670,87.6926,86.7006,86.1452,82.7647,80.7775,78.1089,80.4114,72.9178,0.0000,0.0000,0.0000,0.0000,0.0000,0.0000,0.0000,0.0000,0.0000,0.0000,0.0000,0.0000
1700000041.600000,-64.3,89.0225,87.1436,88.2780,91.4440,88.6848,89.3588,90.9340,89.9444,93.9415,91.4440,93.1719,91.9239,95.0789,95.8801,96.8401,96.1353,99.9600,94.8683,97.6934,97.1700,96.7729,98.4886,96.6075,101.0742,102.8591,102.4744,103.9423,102.8834,106.0660,106.0047,105.1190,106.4378,106.8878,104.2017,101.6366,101.1336,101.9804,97.6934,94.9210,99.7246,93.3006,93.6803,92.0272,92.4446,86.8332,85.5102,86.3134,81.2158,82.6075,81.1542,81.0247,73.1095,0.0000,0.0000,0.0000,0.0000,0.0000,0.0000,0.0000,0.0000,0.0000,0.0000,0.0000,0.0000
1700000041.650000,-61.7,84.4038,85.7263,85.4400,86.6833,85.4400,85.0706,85.7963,86.9253,86.9253,89.4707,91.7061,90.4268,93.6483,88.8369,92.9624,91.5260,92.1141,91.2634,93.6002,95.6033,95.2103,95.4254,93.0860,96.3328,97.6729,95.5249,96.8762,101.1781,103.3247,98.2904,103.3247,102.0686,102.0686,99.3579,100.2646,97.1854,98.7168,93.8616,93.6002,91.4002,88.7525,89.8721,88.7525,83.2166,81.8352,82.8553,82.2982,78.7909,75.7694,77.8332,75.0000,71.1969,0.0000,0.0000,0.0000,0.0000,0.0000,0.0000,0.0000,0.0000,0.0000,0.0000,0.0000,0.0000
1700000041.700000,-60.1,85.0706,87.5957,85.2350,86.5390,89.9611,90.3770,89.8944,89.9444,94.1541,93.2952,97.1288,93.8136,95.7183,95.4411,97.4166,98.2344,96.5401,91.8314,97.6729,98.3514,98.3514,98.2904,95.5249,101.9804,101.8234,101.2373,103.7111,101.9804,105.2616,101.5332,107.6290,106.4049,103.4795,105.7592,104.0625,101.8234,101.1385,96.8969,97.0000,99.1564,93.5094,93.0860,91.5478,88.7299,86.8332,84.6286,84.0536,82.3772,79.0759,81.4125,78.0000,73.6817,0.0000,0.0000,0.0000,0.0000,0.0000,0.0000,0.0000,0.0000,0.0000,0.0000,0.0000,0.0000
1700000041.750000,-64.2,86.0058,84.0060,89.0056,86.0058,87.1436,85.2115,86.2844,90.2718,86.4697,90.6697,88.9550,89.6270,90.4268,93.7443,89.6270,92.0489,89.8443,93.6803,91.4166,92.6553,92.6553,95.2733,96.0052,96.7729,96.7729,94.3716,98.4124,104.2161,97.0464,104.6518,98.8989,99.8098,100.3195,99.8098,98.7927,100.4639,98.0816,93.9202,94.2444,90.8020,90.5207,88.0568,90.4710,82.0000,83.9524,81.0494,78.6384,80.6226,80.1561,77.0260,77.1038,73.5527,0.0000,0.0000,0.0000,0.0000,0.0000,0.0000,0.0000,0.0000,0.0000,0.0000,0.0000,0.0000
1700000041.800000,-58.3,87.0517,88.1419,91.3510,93.2631,91.5478,88.6848,89.6772,90.4268,90.6090,90.2441,94.8314,96.8401,97.8008,94.2550,96.4624,98.7927,96.2081,95.0789,98.4124,99.7447,97.0824,100.1848,97.4936,103.9423,103.4456,103.4456,102.9272,107.3778,107.3778,105.8159,105.5888,106.9439,106.6771,103.4456,105.5462,99.2975,102.4744,100.6231,98.4124,97.1700,97.9898,94.1541,96.9330,88.8651,87.2812,84.7703,86.8332,83.4326,81.2158,81.2158,79.2275,75.0267,0.0000,0.0000,0.0000,0.0000,0.0000,0.0000,0.0000,0.0000,0.0000,0.0000,0.0000,0.0000
1700000041.850000,-63.0,84.1724,86.8332,86.1278,88.0568,85.8662,86.1278,87.2812,88.9550,89.5377,89.5545,90.4710,91.7061,91.2360,93.0215,93.0591,92.7847,95.5249,92.7847,94.0319,93.4773,97.0824,95.4411,93.2309,94.6414,98.4073,99.2018,100.8960,99.8098,101.5332,100.7671,102.0049,104.0192,101.0198,99.0454,102.8008,96.6075,99.5691,95.7183,97.7548,95.0158,87.7097,90.8240,88.5494,84.5340,84.0952,79.3095,81.3449,80.3243,79.6994,74.9533,75.3127,73.3348,0.0000,0.0000,0.0000,0.0000,0.0000,0.0000,0.0000,0.0000,0.0000,0.0000,0.0000,0.0000
1700000041.900000,-59.5,87.5957,88.6002,92.8924,89.9889,90.7083,88.2950,91.7823,92.2280,95.0368,94.7629,93.5361,95.3363,97.1854,96.1301,97.0824,98.0000,96.0052,97.0000,96.1873,97.1854,98.2497,101.4938,99.5038,101.1187,102.9563,103.9471,105.5462,106.8878,105.9056,106.5317,105.0762,105.2236,106.2121,104.6900,105.6835,103.3925,101.4002,99.1816,100.1249,98.0816,96.0208,95.0210,95.0000,88.0227,85.0941,85.2878,85.5862,84.8528,82.3772,80.0500,80.3617,77.2528,0.0000,0.0000,0.0000,0.0000,0.0000,0.0000,0.0000,0.0000,0.0000,0.0000,0.0000,0.0000
1700000041.950000,-59.6,84.9058,86.2670,84.8116,88.8144,84.4038,90.6035,87.9659,88.5268,91.2853,89.1067,94.0691,92.6337,92.6984,92.6984,95.6713,90.9065,96.6747,90.7855,94.0213,93.8136,95.6033,94.8736,90.6973,96.0417,100.4042,102.3963,100.8464,98.6154,105.8159,102.5768,102.9272,104.1009,101.2423,102.9029,101.5135,96.8349,98.6002,96.4002,95.4254,94.6414,90.7855,92.9570,87.1149,88.4138,83.4506,79.2465,83.6301,80.6040,77.8010,79.0569,77.1751,72.4983,0.0000,0.0000,0.0000,0.0000,0.0000,0.0000,0.0000,0.0000,0.0000,0.0000,0.0000,0.0000
1700000042.000000,-63.2,84.8764,86.5332,88.3233,89.6939,88.6848,88.1930,88.5494,89.8944,91.2360,92.1954,93.5201,93.2309,94.3398,92.6984,95.1893,95.6033,94.1116,94.3716,95.1262,96.8814,95.5667,98.6560,94.9210,98.1529,101.1187,98.9949,102.8251,102.7035,103.5857,104.6900,102.7035,103.9471,102.9563,103.2473,102.5914,101.4150,99.4636,97.2677,96.0469,94.3716,93.4077,91.4822,91.0934,87.5957,85.4400,83.0060,83.2586,81.9390,79.7559,78.5493,76.6094,74.6525,0.0000,0.0000,0.0000,0.0000,0.0000,0.0000,0.0000,0.0000,0.0000,0.0000,0.0000,0.0000
1700000042.050000,-60.7,88.1192,91.3017,88.3233,95.0158,89.3588,94.3398,92.0869,91.6079,93.0054,92.0054,95.4254,96.5401,96.4261,96.3328,99.1564,94.7629,99.0353,93.3488,99.8248,98.4124,98.4937,100.0050,95.1315,102.6158,102.6158,104.2017,105.8017,104.0192,108.4066,103.6002,106.8270,106.0424,106.5270,104.3504,103.3925,100.5684,102.6499,101.8234,97.5807,100.4490,92.7631,95.0158,90.0278,91.2140,86.4002,83.8153,84.3149,84.2199,80.1311,80.4984,78.9240,76.8440,0.0000,0.0000,0.0000,0.0000,0.0000,0.0000,0.0000,0.0000,0.0000,0.0000,0.0000,0.0000
1700000042.100000,-62.9,84.8999,86.5852,88.0738,89.0505,88.8426,89.8220,88.4590,90.0944,90.0944,91.4440,91.2688,94.0851,94.0479,93.0054,95.0210,95.0474,94.0851,92.0217,95.2575,95.2575,96.1873,97.5141,94.5304,99.4636,100.4490,99.4636,101.4347,103.4070,104.7378,101.6071,102.2595,103.0970,101.8332,102.7035,102.3963,101.4938,98.6154,98.3260,96.1873,96.0833,91.0000,92.0000,90.0056,88.0511,86.2090,82.6075,83.8630,82.2010,80.4114,79.0759,76.5376,73.9256,0.0000,0.0000,0.0000,0.0000,0.0000,0.0000,0.0000,0.0000,0.0000,0.0000,0.0000,0.0000
1700000042.150000,-61.0,80.9938,82.2800,81.9085,86.0233,83.5225,84.2021,83.9345,84.4038,85.9069,86.3134,87.1321,88.5664,90.4489,89.3588,89.4539,89.1403,90.0888,89.1403,91.0000,91.0000,91.0000,92.0489,90.1388,93.4345,97.6217,94.5304,96.4210,96.6282,98.6154,96.5194,97.4166,99.2472,98.3260,96.1873,97.0464,94.1329,94.1329,94.1329,90.0222,92.0217,86.0930,87.2066,85.2115,82.2192,80.6226,78.9177,78.4474,78.8543,74.7329,75.6902,71.7844,68.5420,0.0000,0.0000,0.0000,0.0000,0.0000,0.0000,0.0000,0.0000,0.0000,0.0000,0.0000,0.0000
1700000042.200000,-67.5,85.0000,85.0000,88.0909,88.8651,88.7299,87.7838,88.4590,89.8053,89.8276,89.8276,93.5094,92.1954,93.8616,94.2019,93.2363,95.2103,92.9139,93.0054,95.1893,95.7183,96.2549,96.8969,94.5145,98.8382,98.8838,101.5185,100.6231,102.8591,102.4207,103.3151,101.0742,104.2353,104.3168,101.2126,101.7104,99.9850,98.2700,98.1835,96.2549,92.9139,93.6002,92.0054,90.6035,85.2760,85.0412,82.7587,83.4386,81.3941,79.3977,78.8733,75.2130,72.2011,0.0000,0.0000,0.0000,0.0000,0.0000,0.0000,0.0000,0.0000,0.0000,0.0000,0.0000,0.0000
1700000042.250000,-61.5,87.2983,87.6926,89.5600,88.5664,91.3510,89.2020,90.1388,91.0494,90.0222,92.0489,95.0210,94.1913,96.3328,96.5194,94.4299,97.7394,95.1893,95.1893,95.9010,98.0612,97.8621,99.6895,97.7446,101.2423,101.9215,101.2423,103.4456,105.3613,104.4031,104.6948,103.1601,106.7380,104.5466,103.0776,102.6109,101.6366,100.2247,98.8433,98.8433,95.1893,95.8853,90.6697,92.6553,88.2780,87.1436,85.0529,83.0000,82.0975,81.0987,79.4040,77.6466,74.2159,0.0000,0.0000,0.0000,0.0000,0.0000,0.0000,0.0000,0.0000,0.0000,0.0000,0.0000,0.0000
1700000042.300000,-60.9,82.6075,84.7172,85.3288,86.1452,86.3134,85.5102,85.1469,86.5852,88.7694,88.6002,88.8876,89.8109,90.4765,91.7606,90.8240,91.3893,90.4710,90.4710,92.5743,92.5743,93.9149,93.4773,92.1792,95.5249,98.6154,96.8969,100.4988,99.6444,100.4988,99.9850,98.1122,101.2126,100.2397,98.4124,99.2824,97.4936,95.7079,95.3415,93.6216,94.1541,89.5377,88.8651,86.3308,83.5225,82.0061,79.0759,79.8311,79.2465,77.7817,75.2396,75.0267,72.0625,0.0000,0.0000,0.0000,0.0000,0.0000,0.0000,0.0000,0.0000,0.0000,0.0000,0.0000,0.0000
1700000042.350000,-64.0,88.2043,91.4440,90.4489,95.6347,92.0706,93.7710,94.3663,92.7631,94.1488,93.6216,96.5660,97.8008,98.3717,98.9798,98.9798,97.1442,99.1615,95.0789,102.0441,101.1336,99.4032,103.3151,97.9439,103.8316,104.7091,104.7091,108.4066,105.6788,110.1454,104.8093,108.7060,108.7060,107.7822,105.9906,106.5129,102.8834,104.6948,101.6366,101.3903,101.3903,95.8593,96.4624,92.6553,89.8443,88.7694,86.1220,85.9069,84.1724,80.7527,81.3941,79.0253,79.0569,0.0000,0.0000,0.0000,0.0000,0.0000,0.0000,0.0000,0.0000,0.0000,0.0000,0.0000,0.0000
1700000042.400000,-59.1,83.2166,82.2982,85.5862,86.7006,86.8332,82.8734,86.4928,85.9069,87.3212,88.7694,89.9889,88.8876,90.4434,89.8109,89.8109,92.7038,88.7694,90.6201,89.4707,91.6788,92.5743,94.8262,94.3663,95.0158,96.7471,95.8801,99.1262,98.2700,97.4166,101.5480,99.4786,100.3444,101.2126,98.0051,97.5295,97.9490,97.4936,93.0376,92.6121,90.4710,91.3893,87.4643,89.1964,83.4865,80.9568,81.3204,79.5550,79.0759,78.2624,75.6637,73.1095,72.0069,0.0000,0.0000,0.0000,0.0000,0.0000,0.0000,0.0000,0.0000,0.0000,0.0000,0.0000,0.0000
1700000042.450000,-62.7,88.4590,91.7878,89.1067,93.0591,89.4427,93.9415,93.3916,92.8924,95.0789,93.4077,97.2677,97.1236,99.9300,97.7394,98.6813,97.3088,99.0051,95.7549,101.0792,101.9657,100.1798,99.2975,96.6023,103.4456,105.6788,104.8093,107.7033,108.0463,109.4166,105.8159,107.4244,108.9082,109.1787,105.1190,104.6518,102.8834,106.1037,102.1567,99.5389,100.8464,95.8593,95.5196,92.9731,91.0934,90.5207,85.6154,87.0976,84.3445,82.7345,81.2219,79.0063,78.1601,0.0000,0.0000,0.0000,0.0000,0.0000,0.0000,0.0000,0.0000,0.0000,0.0000,0.0000,0.0000
1700000042.500000,-65.1,88.2327,86.8332,92.4554,90.1388,93.0860,89.2749,91.9674,91.2414,91.9239,92.6553,94.7945,97.0824,96.5401,96.6747,95.2680,98.6002,95.4411,96.8349,97.0979,97.9439,97.9439,97.7548,98.6154,102.4207,102.4744,102.4207,102.8834,105.9906,104.6518,106.8925,104.6566,107.8239,106.9439,106.6771,103.9423,105.8159,102.9272,99.5691,97.6524,96.8349,95.8019,93.4077,93.4077,89.4986,87.2066,83.4865,84.1487,84.1724,82.8794,80.4301,77.6660,75.8024,0.0000,0.0000,0.0000,0.0000,0.0000,0.0000,0.0000,0.0000,0.0000,0.0000,0.0000,0.0000
1700000042.550000,-62.5,83.2586,83.3847,83.8153,86.3771,84.7585,84.1190,84.2021,84.6463,87.5557,87.8635,90.2441,89.6270,91.4112,89.9444,91.7878,90.3549,93.3435,89.2749,92.0217,93.0054,93.0054,95.0842,93.0054,96.0833,97.1288,96.0833,99.3227,98.4124,101.4938,99.4082,99.3227,101.4002,100.3195,98.2497,98.0459,97.0464,95.0053,94.0479,93.1343,93.0484,88.1419,89.2020,88.3629,84.3801,83.6002,79.9062,81.3941,78.6448,77.6209,75.5844,73.1642,72.0069,0.0000,0.0000,0.0000,0.0000,0.0000,0.0000,0.0000,0.0000,0.0000,0.0000,0.0000,0.0000
1700000042.600000,-60.9,87.3613,89.0225,89.8220,90.0278,91.7823,89.4427,90.9340,92.6553,92.6553,94.2603,95.1315,95.0842,98.0051,97.0000,99.0000,97.0824,98.1275,95.1893,98.7320,98.6154,98.6154,101.1187,97.0155,101.4150,103.9423,103.1601,106.5129,107.9352,106.7333,105.5367,105.3233,106.0990,107.0794,106.5317,105.2236,101.9657,101.1187,99.7246,99.5038,99.4082,94.1329,95.0842,93.0484,90.0056,86.0058,85.0529,85.1469,84.3801,81.6150,80.0625,79.3095,78.1089,0.0000,0.0000,0.0000,0.0000,0.0000,0.0000,0.0000,0.0000,0.0000,0.0000,0.0000,0.0000
1700000042.650000,-63.1,87.0517,88.0909,91.3510,90.4489,91.5478,90.5538,89.2693,92.2280,93.7443,94.1488,95.3415,96.3016,97.8008,97.4166,96.1665,98.6813,96.9330,97.1442,96.2549,98.8989,100.2247,101.0792,99.7447,102.8834,103.7690,102.8834,105.1903,106.5505,106.6771,107.5407,103.3538,106.0660,108.2405,104.2017,104.6518,105.1190,101.1336,101.6366,99.5389,97.6934,96.2081,93.6376,92.9731,87.2812,87.6413,85.8662,86.1220,82.5651,83.8630,81.3019,80.0562,76.0263,0.0000,0.0000,0.0000,0.0000,0.0000,0.0000,0.0000,0.0000,0.0000,0.0000,0.0000,0.0000
1700000042.700000,-63.6,87.3212,89.1852,89.0449,91.5860,89.0449,89.5879,90.6973,93.2309,93.0054,93.8616,95.7758,94.8472,94.7945,95.4620,96.2081,96.1769,98.4124,96.2081,97.1854,98.4937,97.8366,99.3579,98.2344,101.8332,103.0049,102.4158,105.8017,106.8316,106.8316,106.0189,105.6030,106.2121,107.2986,105.7592,104.2353,102.8251,101.4150,101.2373,99.7647,97.5807,94.0691,94.1116,93.4345,89.3756,87.6185,84.0536,83.4865,82.6801,81.1234,79.2591,79.6241,76.8960,0.0000,0.0000,0.0000,0.0000,0.0000,0.0000,0.0000,0.0000,0.0000,0.0000,0.0000,0.0000
1700000042.750000,-60.2,89.0056,89.9444,88.8369,91.9239,91.0659,91.5860,90.9725,93.6002,93.6002,93.4077,96.8298,96.4261,96.4261,98.4124,97.7446,97.5910,98.2904,96.1769,98.4124,100.5684,100.0050,102.3035,100.1249,103.4070,104.2017,103.6002,106.6068,107.2007,108.0046,107.4151,107.0047,108.4066,107.4477,105.4230,105.2616,104.3504,104.2353,103.3247,99.0353,100.4490,95.4830,97.6729,93.3809,89.1964,87.9659,84.8116,85.8021,85.9826,83.2166,81.6333,81.3941,75.3923,0.0000,0.0000,0.0000,0.0000,0.0000,0.0000,0.0000,0.0000,0.0000,0.0000,0.0000,0.0000
1700000042.800000,-61.7,88.5268,89.2693,88.4590,93.3809,93.0591,91.9239,93.5361,92.2659,92.2659,94.1329,97.0464,97.0206,98.0051,97.0206,99.0202,98.1835,98.2497,97.3293,98.6154,98.7320,98.8585,101.1187,98.1529,103.1601,104.9238,104.3456,107.7079,106.3015,108.6830,106.7333,106.8878,107.8703,107.6894,105.7213,106.0660,103.9471,103.8171,99.4082,101.3163,100.3195,98.0459,96.0208,94.0213,91.0055,90.0500,85.0941,85.3756,83.8630,82.0366,81.5843,79.5550,78.4347,0.0000,0.0000,0.0000,0.0000,0.0000,0.0000,0.0000,0.0000,0.0000,0.0000,0.0000,0.0000
1700000042.850000,-60.6,84.3801,84.5991,85.8836,87.2353,88.1022,85.8662,85.0882,87.4643,88.0227,88.6002,89.5377,91.3947,90.8020,92.4446,93.1451,91.2195,93.3916,91.2195,92.3959,92.2280,93.2148,95.0368,93.9042,97.5141,99.6092,98.5089,101.3163,100.4988,103.3925,101.3163,99.5038,102.4890,101.8332,99.9850,99.2975,97.3242,97.6729,94.7259,94.1488,94.3663,89.9889,90.5207,88.8876,85.7263,84.7585,81.3449,82.0792,79.6241,79.6053,77.1751,74.0608,72.0069,0.0000,0.0000,0.0000,0.0000,0.0000,0.0000,0.0000,0.0000,0.0000,0.0000,0.0000,0.0000
1700000042.900000,-58.5,87.5557,86.5852,91.7823,89.4427,91.2414,90.9340,90.6697,92.5419,91.3510,93.2631,96.1301,95.0053,97.0206,97.0206,95.0000,98.2497,95.2575,96.2549,96.6282,97.7394,98.6154,98.1529,98.1529,102.3914,102.3914,103.1601,103.5857,106.9626,105.7592,107.9352,105.3233,107.0794,105.9056,104.5610,104.2353,104.2353,103.2473,99.9850,98.5089,96.4210,96.2549,94.1329,95.1315,88.0057,88.0057,84.0952,85.2115,83.4865,82.7345,80.2309,78.1025,75.5844,0.0000,0.0000,0.0000,0.0000,0.0000,0.0000,0.0000,0.0000,0.0000,0.0000,0.0000,0.0000
1700000042.950000,-63.4,88.0738,88.0738,87.2983,91.2414,89.1067,87.8237,91.5478,92.2659,91.2688,94.1329,95.0842,96.0052,97.0206,97.0206,96.0469,98.1835,96.3328,96.2549,98.0051,98.7320,97.8673,99.6394,97.1648,103.3683,103.1601,103.5857,105.2616,105.7592,105.9906,106.9626,106.0990,107.4895,105.1190,104.9238,104.2353,102.5914,101.9657,100.7174,98.4124,99.4082,96.1301,95.1893,93.0484,91.0220,90.0056,85.0941,85.2115,83.4865,82.7345,79.4292,79.5550,76.2168,0.0000,0.0000,0.0000,0.0000,0.0000,0.0000,0.0000,0.0000,0.0000,0.0000,0.0000,0.0000
1700000043.000000,-62.3,83.0060,84.3090,86.7295,88.2553,86.0349,87.9204,86.9770,88.6002,87.6413,88.2950,91.9837,92.0706,93.9042,93.9042,93.0591,94.6414,95.3363,93.2631,94.0851,95.1315,96.1301,97.0206,96.0208,98.1835,100.0800,101.1237,102.1225,103.0776,104.1729,103.1746,102.0049,104.0048,104.0000,102.0196,102.0196,99.0454,99.0202,98.1275,96.1873,95.2575,92.6553,91.6624,88.9550,85.1587,85.9069,81.2527,82.7103,80.9568,78.4347,77.8332,74.7329,72.0069,0.0000,0.0000,0.0000,0.0000,0.0000,0.0000,0.0000,0.0000,0.0000,0.0000,0.0000,0.0000
1700000043.050000,-59.7,84.0536,87.9204,85.7555,89.6939,86.9540,89.1852,87.7097,89.4707,89.8999,92.1954,93.1075,94.9368,92.6984,91.0824,93.3006,94.9210,95.3363,94.1116,96.5401,96.5401,96.7729,97.8621,95.9010,99.8499,100.8415,100.7174,102.8251,102.7035,103.4843,102.4890,102.8251,104.0865,104.2353,103.2473,103.2473,101.0000,101.0000,97.5141,96.5401,97.2677,93.4077,94.3716,90.1388,89.1852,84.1546,82.0792,84.1724,82.3468,80.9506,79.7559,76.0066,74.2024,0.0000,0.0000,0.0000,0.0000,0.0000,0.0000,0.0000,0.0000,0.0000,0.0000,0.0000,0.0000
1700000043.100000,-61.8,85.0000,87.0057,88.0909,93.0484,88.1419,91.1373,90.3549,90.6697,92.6553,92.0706,95.7079,95.3415,95.5667,96.3016,98.7168,96.1665,98.6712,94.5569,99.0202,98.0816,99.0202,101.0198,97.3088,101.9804,103.7882,103.3151,107.3546,105.1190,109.1238,105.5509,107.8378,107.0187,107.4244,105.4751,106.7755,103.2473,102.8834,99.6243,98.9798,98.9798,94.3716,95.0789,90.9560,90.2441,87.4757,85.0000,84.5931,85.4751,80.1561,79.0569,79.1012,75.3260,0.0000,0.0000,0.0000,0.0000,0.0000,0.0000,0.0000,0.0000,0.0000,0.0000,0.0000,0.0000
1700000043.150000,-66.7,85.5862,87.2353,86.7640,88.1022,89.0505,89.0505,87.6641,89.5377,90.4765,90.7579,94.5569,93.9628,94.3716,94.1116,94.5939,96.6902,95.1893,94.3663,94.7629,95.6347,96.6282,98.4124,98.3260,99.1262,100.2447,102.1763,104.0433,104.0433,105.0428,104.0192,102.0784,104.0769,105.2331,103.3102,103.3925,102.5914,100.7174,98.1529,98.1529,97.3242,94.9210,92.1954,93.3916,86.5852,86.8332,83.5225,83.4865,83.2166,81.1542,78.7147,77.4145,72.9452,0.0000,0.0000,0.0000,0.0000,0.0000,0.0000,0.0000,0.0000,0.0000,0.0000,0.0000,0.0000
1700000043.200000,-62.5,87.0000,86.0523,90.1998,91.1373,91.2688,90.2718,88.9550,90.6697,92.2280,93.0591,94.9210,95.1262,95.5667,96.0469,95.3363,96.1353,95.5196,96.1353,94.3398,97.8621,97.8621,100.2247,98.6154,101.0792,102.4597,101.9804,105.0952,105.1190,104.7091,108.2405,106.8878,106.8878,105.5509,104.7855,103.8701,103.2473,103.6195,100.5684,98.6813,96.1353,95.8175,94.5569,94.6414,87.8009,86.5852,84.3445,85.1587,82.8734,81.3019,79.0569,78.0256,76.3217,0.0000,0.0000,0.0000,0.0000,0.0000,0.0000,0.0000,0.0000,0.0000,0.0000,0.0000,0.0000
1700000043.250000,-64.0,87.4757,89.2693,88.5664,92.9139,91.4440,92.4392,91.2688,92.1358,92.1954,93.0054,95.0210,96.1301,97.1854,96.3328,95.3363,97.6217,97.8673,97.0155,95.3520,99.1413,99.1413,99.8248,100.0200,102.8834,102.3572,103.5809,106.7380,106.7380,107.9676,107.2800,106.4800,106.9626,107.2800,105.3233,106.7052,104.1393,102.9612,100.2846,99.1413,98.9949,97.4166,96.3328,94.1913,90.0888,88.0057,85.0529,85.0941,85.2878,82.4924,81.8841,79.2465,76.2430,0.0000,0.0000,0.0000,0.0000,0.0000,0.0000,0.0000,0.0000,0.0000,0.0000,0.0000,0.0000
1700000043.300000,-59.2,83.2166,83.4865,84.1190,86.6833,86.4002,87.0919,86.3481,88.2950,89.2693,88.1192,91.7878,92.6553,92.4392,95.1893,93.1933,94.0851,94.0213,93.0215,93.0215,95.0210,95.0842,97.0824,96.1873,97.6217,100.6032,99.6092,102.8251,103.8171,103.9471,102.8251,101.4938,103.4843,103.3925,100.3195,102.2399,101.2423,100.1798,96.0469,96.0052,93.0054,94.0213,92.0489,90.0888,85.1469,84.3801,82.6075,81.7435,81.5843,80.0500,77.6209,76.8440,71.6938,0.0000,0.0000,0.0000,0.0000,0.0000,0.0000,0.0000,0.0000,0.0000,0.0000,0.0000,0.0000
1700000043.350000,-65.1,84.8999,87.0919,87.0976,88.5268,86.8850,88.8426,88.4590,88.1192,89.8053,90.5538,93.4345,94.1913,93.1343,94.0213,94.0851,94.0053,96.0208,93.0484,96.1873,96.2549,95.1893,96.4210,96.4210,101.1187,101.1187,99.9850,102.4207,102.2595,105.2236,102.2595,104.9381,104.8093,104.5801,102.3963,102.3963,100.2447,102.1763,98.0816,96.0208,96.0052,92.0054,92.0489,91.1373,89.2749,88.6848,82.8734,84.1724,82.5651,80.2808,80.0812,76.8440,74.3236,0.0000,0.0000,0.0000,0.0000,0.0000,0.0000,0.0000,0.0000,0.0000,0.0000,0.0000,0.0000
1700000043.400000,-63.6,86.2090,88.1419,87.0057,92.0054,87.0000,91.0055,90.0222,91.0879,92.1954,91.5478,94.8947,95.1893,95.9010,96.1041,97.0824,97.0155,99.4585,95.0789,99.6243,97.1236,97.8008,100.2447,97.0824,103.4698,103.4698,105.8489,106.6208,105.7024,108.8531,105.7024,107.5407,107.7033,107.9120,105.6220,104.6757,101.8430,102.4597,99.6243,98.0816,99.4585,95.0789,96.5401,92.1954,91.4112,86.9770,84.4808,85.3756,83.1505,79.0569,79.0000,79.0569,75.6637,0.0000,0.0000,0.0000,0.0000,0.0000,0.0000,0.0000,0.0000,0.0000,0.0000,0.0000,0.0000
1700000043.450000,-60.0,83.4865,82.7345,82.7587,84.1724,84.9588,82.2192,84.0238,85.6037,85.4459,86.6083,88.2327,89.0505,89.5879,90.7359,89.3588,90.8240,90.7855,89.8944,90.3770,90.4710,91.7878,93.4077,93.2309,93.0484,99.1615,95.8593,98.9798,99.9300,99.2975,99.9300,97.7394,99.6243,99.9600,98.7927,98.6154,96.6644,95.2733,93.4773,93.4773,91.2414,89.9444,88.1930,87.4643,81.8352,80.4550,79.8812,79.4040,78.4092,77.2334,73.5391,73.1095,70.0000,0.0000,0.0000,0.0000,0.0000,0.0000,0.0000,0.0000,0.0000,0.0000,0.0000,0.0000,0.0000
1700000043.500000,-59.7,85.0000,83.0241,87.0976,85.9069,86.3481,84.6463,87.6413,86.9770,87.2812,88.8651,92.0272,92.1141,92.4770,92.3093,91.2853,94.3663,92.5905,93.9415,92.2822,96.0417,94.1541,96.2549,96.0417,97.6524,99.2975,100.4390,103.0049,102.4158,101.6071,104.4031,100.6876,104.0433,104.5610,102.3426,102.9272,101.3558,100.3444,97.0618,95.2943,94.8262,93.9149,91.2360,91.2853,86.1626,85.2350,81.5966,82.8613,81.3204,80.2808,76.2955,76.4199,74.0608,0.0000,0.0000,0.0000,0.0000,0.0000,0.0000,0.0000,0.0000,0.0000,0.0000,0.0000,0.0000
1700000043.550000,-60.5,85.4283,85.8836,85.0882,89.0674,87.9830,87.9830,88.2043,88.7525,90.6973,90.0000,92.0054,93.0860,93.6056,92.0217,93.3809,93.3381,92.6337,91.9674,92.7631,95.0158,95.7758,98.0816,94.6414,98.8130,100.0000,100.8018,102.9029,102.4158,105.1190,102.0784,101.4002,103.2279,102.2008,102.6158,102.4500,100.2646,100.7671,96.4261,97.0000,95.5877,92.6337,91.9239,90.5097,86.3134,84.2912,83.0963,82.0061,80.8022,78.4920,77.6981,76.0592,73.0069,0.0000,0.0000,0.0000,0.0000,0.0000,0.0000,0.0000,0.0000,0.0000,0.0000,0.0000,0.0000
1700000043.600000,-61.1,85.1645,86.4002,87.5957,90.7579,89.1964,87.9204,88.7694,90.4710,90.8020,92.5743,93.0591,94.0213,93.6483,95.1893,96.0417,96.0208,96.6075,95.8019,97.6166,97.4526,98.2344,100.0050,97.8366,100.4490,102.5914,103.2473,106.0660,106.0660,107.4895,106.7942,106.7942,106.0754,107.5174,107.5639,104.8904,102.8251,101.3163,100.8960,97.6166,97.6166,95.0000,95.0000,94.6256,88.7525,85.7555,83.8630,84.1190,83.1865,82.3468,79.3095,78.1089,75.6902,0.0000,0.0000,0.0000,0.0000,0.0000,0.0000,0.0000,0.0000,0.0000,0.0000,0.0000,0.0000
1700000043.650000,-62.5,86.7698,89.0674,88.3233,89.6939,89.5879,90.2109,90.9725,91.6079,92.2009,90.9065,95.9010,92.0978,94.8472,95.4830,96.8969,96.1769,96.8969,95.5249,97.9490,97.9490,98.7168,99.6394,98.8585,100.4390,101.8332,103.4698,105.3945,104.8618,107.0747,105.6835,107.6476,106.8316,107.2007,106.2121,105.2616,103.2327,102.3035,100.0050,99.1564,98.4937,94.7945,95.4620,92.6337,89.8276,87.7838,85.1469,85.6037,83.6002,81.5414,80.7775,79.6492,75.2396,0.0000,0.0000,0.0000,0.0000,0.0000,0.0000,0.0000,0.0000,0.0000,0.0000,0.0000,0.0000
1700000043.700000,-61.5,85.6037,86.6833,88.5268,88.6172,89.1403,90.5207,90.5538,91.2853,92.0217,92.1954,95.1315,96.0469,95.4254,96.0208,96.0208,97.0979,97.2471,96.0417,96.6488,98.8382,98.4124,100.1798,98.3870,102.9563,103.7882,103.3683,104.5466,105.8489,106.0424,107.5407,106.2309,108.0787,107.9352,105.6030,106.9299,104.6518,104.6566,101.5332,98.9798,97.2471,94.6678,94.1541,92.9624,90.9725,87.0919,84.4038,84.0238,83.7377,82.1340,79.9062,78.6448,75.8024,0.0000,0.0000,0.0000,0.0000,0.0000,0.0000,0.0000,0.0000,0.0000,0.0000,0.0000,0.0000
1700000043.750000,-60.5,87.2066,87.1149,88.4138,89.1403,90.5097,87.6812,88.4590,89.9389,91.4385,92.4554,94.6414,95.8019,96.2601,97.9081,94.5780,96.0417,96.0417,95.0158,96.1769,97.9490,97.0618,100.6231,98.3870,101.2373,103.4698,103.4698,106.2309,106.7755,106.7755,107.1541,105.7024,107.9352,106.9299,105.1190,104.6566,105.0952,102.8834,98.9798,100.3444,98.1122,96.2549,94.0319,93.1933,90.4434,86.4002,84.0238,85.7030,83.5464,82.0244,79.9312,77.4661,76.2758,0.0000,0.0000,0.0000,0.0000,0.0000,0.0000,0.0000,0.0000,0.0000,0.0000,0.0000,0.0000
1700000043.800000,-59.6,88.4138,93.3809,87.9659,94.9210,89.6437,92.6175,92.4175,93.4773,94.8683,93.4933,95.7183,98.1122,100.3444,99.2975,100.6231,96.6075,101.5529,97.1700,102.3181,99.3680,101.2423,103.4070,98.3514,106.3203,106.3203,108.5219,110.6029,107.9676,114.7258,106.7380,113.3225,111.1261,109.7679,109.1100,107.8378,105.3043,106.9766,105.8489,102.6937,103.0776,96.6644,100.6479,95.2733,94.8103,92.1792,87.8180,88.5099,84.3149,81.8413,81.8352,82.1340,79.2465,0.0000,0.0000,0.0000,0.0000,0.0000,0.0000,0.0000,0.0000,0.0000,0.0000,0.0000,0.0000
1700000043.850000,-62.1,85.4400,85.6154,89.2693,88.0738,88.4590,87.4757,88.8144,88.8144,91.4440,93.5361,94.3398,95.2575,95.1315,95.0210,96.0208,98.0459,96.1301,95.1893,96.3328,98.5089,97.3293,99.8499,99.4082,101.2719,102.9563,101.9657,104.5610,105.9056,105.1190,106.8878,104.9381,106.5317,106.7942,105.5746,104.5801,104.3887,103.2376,100.0800,100.0450,97.0206,96.0052,93.0000,94.0479,90.1388,86.2090,85.5862,84.8528,83.0241,83.1986,79.8123,79.3788,75.2396,0.0000,0.0000,0.0000,0.0000,0.0000,0.0000,0.0000,0.0000,0.0000,0.0000,0.0000,0.0000
1700000043.900000,-60.4,85.0000,82.2922,87.7269,86.0058,87.0919,86.1626,88.5438,86.9770,88.8876,89.8443,93.6803,93.1451,93.3916,93.1719,91.7823,95.8853,91.7878,94.7629,95.3363,97.2523,95.2575,96.0833,98.2497,99.0202,100.0450,98.0204,101.0000,104.0192,102.0196,105.0190,103.0000,105.0190,104.0000,101.0445,101.0792,101.3163,100.4042,97.7394,95.7549,92.7793,94.8947,90.9340,93.3809,87.8635,86.1220,83.4326,83.8153,80.6536,80.0562,78.9240,76.0263,74.6257,0.0000,0.0000,0.0000,0.0000,0.0000,0.0000,0.0000,0.0000,0.0000,0.0000,0.0000,0.0000
1700000043.950000,-62.2,85.3756,84.1724,88.4590,88.8426,91.2414,87.1321,88.5664,88.4590,90.5538,93.1343,94.0851,94.0053,96.0000,95.0210,94.0053,96.1301,96.1873,96.2549,96.4210,98.5089,97.4166,98.6154,98.9949,101.9804,101.7890,101.9804,103.5761,105.9056,104.9238,105.7213,103.5761,107.0561,105.9292,104.6900,103.4843,102.4890,102.5914,100.2447,98.1275,97.0464,96.0000,94.0053,95.0210,88.0511,88.3629,84.5931,85.0000,82.2010,82.9759,81.4923,77.7946,75.7694,0.0000,0.0000,0.0000,0.0000,0.0000,0.0000,0.0000,0.0000,0.0000,0.0000,0.0000,0.0000
1700000044.000000,-62.8,86.3713,85.3756,91.7878,90.6697,92.0706,87.9659,89.4427,91.7823,93.1719,94.8314,94.9210,96.1665,97.0824,96.7988,95.5196,99.0051,94.0213,98.0867,95.7079,99.3177,99.4032,100.6231,98.8382,102.2155,103.9423,101.7104,104.8093,109.4166,106.3297,108.5587,105.6788,108.3005,108.6738,106.4378,105.5509,106.4378,103.3151,101.0792,101.1336,97.6934,98.7927,92.4770,95.5196,88.5438,89.2861,86.3481,85.5102,83.9524,84.8528,80.6226,80.0562,76.0263,0.0000,0.0000,0.0000,0.0000,0.0000,0.0000,0.0000,0.0000,0.0000,0.0000,0.0000,0.0000
1700000044.050000,-59.7,84.4038,86.8332,86.4002,88.3233,88.8876,87.5957,88.2553,90.4765,91.1811,91.3893,94.5410,93.9149,94.8103,93.9415,94.8103,95.3834,96.3846,94.5145,97.3499,96.2549,97.0979,99.8649,97.9081,102.0049,103.6002,101.4002,105.6030,104.8093,106.4002,103.6002,105.8017,105.4372,106.2544,104.5610,103.1746,102.0833,102.9272,99.4786,98.8838,96.6488,95.7079,93.0376,92.1954,86.9253,85.7963,83.4865,83.8153,83.2406,81.2527,80.4114,78.6384,76.0263,0.0000,0.0000,0.0000,0.0000,0.0000,0.0000,0.0000,0.0000,0.0000,0.0000,0.0000,0.0000
1700000044.100000,-61.6,86.0233,84.1546,88.6002,88.2553,88.0227,85.2350,89.8999,89.4427,90.8240,92.6607,92.6607,93.6483,93.8136,94.8736,97.3499,97.2008,94.8103,95.8019,95.1315,96.3328,97.1854,99.0858,99.8248,99.7246,101.8627,100.4191,104.6614,107.4895,106.0754,108.2081,104.6518,106.7755,106.7755,105.3803,103.3247,104.8046,100.8960,99.0202,98.4073,96.2133,96.4002,92.4175,94.5780,85.9826,86.2844,85.7555,85.0000,82.7647,81.9390,78.7718,78.7464,75.7100,0.0000,0.0000,0.0000,0.0000,0.0000,0.0000,0.0000,0.0000,0.0000,0.0000,0.0000,0.0000
1700000044.150000,-63.8,82.3468,86.7640,86.7698,89.9444,87.3212,88.3233,87.1321,90.6973,91.8368,89.6270,92.4175,94.0213,93.2363,94.2603,96.4261,95.4830,94.7523,93.3381,95.5249,96.4261,97.7446,98.7168,97.9490,100.4241,101.0445,103.2327,106.0189,105.8017,105.8017,103.6002,104.8093,105.8017,106.0424,105.2616,104.2353,102.7278,102.6499,100.4490,97.5910,96.8969,94.7629,94.0691,92.6984,87.2066,85.7963,83.0963,83.4086,84.6286,79.6116,78.7718,78.7210,74.6726,0.0000,0.0000,0.0000,0.0000,0.0000,0.0000,0.0000,0.0000,0.0000,0.0000,0.0000,0.0000
1700000044.200000,-59.9,85.8836,88.6848,88.8369,91.5860,89.0449,89.5879,90.4434,91.4002,92.6175,94.0213,94.6414,95.7758,95.6713,97.0000,96.2081,96.1769,98.4124,96.2081,97.8366,97.8366,98.7168,99.4887,98.0816,102.8008,102.8008,102.8008,105.2093,106.6068,107.4151,106.6068,107.0047,107.2007,106.8270,105.2616,105.7592,104.8904,102.7278,100.4191,98.2904,98.2904,94.0691,95.5249,95.6713,88.7299,88.0909,84.8116,85.2115,84.3149,83.3547,81.8841,79.3095,76.5506,0.0000,0.0000,0.0000,0.0000,0.0000,0.0000,0.0000,0.0000,0.0000,0.0000,0.0000,0.0000
1700000044.250000,-61.1,84.8646,87.7838,87.7838,90.6863,90.1388,90.1388,90.8020,89.6270,90.4434,92.1141,94.8736,94.6678,95.8801,94.8947,95.7706,96.1509,97.0464,94.8472,99.5389,98.2344,99.1615,98.0816,98.0816,102.7862,103.0922,104.0433,105.9481,105.6504,106.6068,104.9952,106.5692,107.2054,106.5692,104.7521,104.5466,102.6937,103.4698,100.3195,100.6479,99.3177,95.2943,95.7706,90.9175,89.6939,88.5099,85.9826,84.6286,82.0061,79.8123,81.3941,79.2086,76.2168,0.0000,0.0000,0.0000,0.0000,0.0000,0.0000,0.0000,0.0000,0.0000,0.0000,0.0000,0.0000
1700000044.300000,-61.2,86.1626,86.8159,89.0000,88.5494,90.8240,87.7097,90.2109,90.7359,92.9139,92.6499,94.8683,96.6075,97.2008,97.6166,96.5401,97.6729,94.1116,96.1769,95.4620,98.4124,98.3514,99.9050,99.8248,101.4150,104.9952,102.9417,105.6030,107.0047,107.4477,107.8007,104.4845,107.0047,106.6677,105.8915,106.4049,103.3925,101.9117,100.4191,102.5329,97.5807,97.6729,93.4345,96.3328,88.7299,87.9659,84.2021,84.4038,84.8764,84.3801,80.1311,77.3886,75.3923,0.0000,0.0000,0.0000,0.0000,0.0000,0.0000,0.0000,0.0000,0.0000,0.0000,0.0000,0.0000
1700000044.350000,-59.4,87.1149,86.5563,91.0494,88.2383,92.0054,89.8109,92.6553,91.5260,91.8096,94.6678,95.5249,96.6488,97.0618,97.9490,95.2575,99.8098,96.7729,98.6154,98.4327,99.9600,99.3680,100.2447,100.5684,104.1201,105.6504,104.1201,105.3613,108.9312,106.7380,111.1261,105.3613,109.7679,109.1100,105.6220,106.5692,106.9766,106.0424,102.1567,99.4032,97.5756,97.9439,95.7079,96.1769,91.3017,89.6939,87.4643,84.6286,84.4038,83.8689,82.3286,79.9062,75.9276,0.0000,0.0000,0.0000,0.0000,0.0000,0.0000,0.0000,0.0000,0.0000,0.0000,0.0000,0.0000
1700000044.400000,-64.9,85.5862,88.3912,86.3713,90.6090,88.6172,90.1388,91.8314,90.8020,93.0054,90.4434,94.0479,94.3398,96.0417,95.0158,96.2549,95.2575,97.5090,95.2733,99.0051,97.6934,98.6154,100.6578,98.2344,101.1929,103.4650,104.9952,107.0047,104.3552,107.8564,103.1601,106.2544,108.1573,105.6220,105.3423,105.1095,101.7693,102.6937,101.1336,100.2247,99.8098,94.3663,96.6023,91.7061,90.9175,88.1930,85.7555,84.3149,84.4038,81.2158,80.7217,79.1960,76.5768,0.0000,0.0000,0.0000,0.0000,0.0000,0.0000,0.0000,0.0000,0.0000,0.0000,0.0000,0.0000
1700000044.450000,-63.3,86.8332,87.6584,86.5332,90.6973,89.0449,87.9830,89.3588,90.4268,92.1792,89.8944,93.0376,94.5410,96.2081,96.7988,97.8621,96.1353,97.7190,92.3472,98.2344,98.4937,97.5295,101.1385,97.5141,101.1187,104.2353,104.2353,105.5462,105.7213,106.2121,104.2353,104.9238,107.2800,107.0794,105.3233,105.2616,103.0776,100.6628,101.3903,100.6876,99.0404,92.9731,93.3006,91.4166,88.0227,86.9253,85.0000,84.5340,85.9593,79.7559,79.4040,79.0569,76.6942,0.0000,0.0000,0.0000,0.0000,0.0000,0.0000,0.0000,0.0000,0.0000,0.0000,0.0000,0.0000
1700000044.500000,-60.8,86.3134,86.8159,87.8465,88.7694,89.3196,91.1811,89.8109,89.1852,91.0934,91.2140,95.3363,96.3172,95.9010,94.3663,96.6902,95.8853,96.5194,96.6282,98.3260,98.1835,97.2523,100.0800,98.1275,102.0000,101.0000,104.0048,106.0189,105.0190,106.0424,105.0428,106.0047,108.0046,108.0046,106.0424,105.1190,103.1213,104.2353,100.4988,98.7320,98.7320,96.0260,95.0368,94.2019,91.9837,88.2950,83.6780,86.4002,83.8153,82.6378,81.1542,79.6241,75.8024,0.0000,0.0000,0.0000,0.0000,0.0000,0.0000,0.0000,0.0000,0.0000,0.0000,0.0000,0.0000
1700000044.550000,-62.6,86.7006,83.6002,90.2718,86.2090,91.1373,85.1469,90.0000,90.0000,91.0220,95.0842,93.0860,94.1913,95.3363,94.4299,91.6624,99.1413,94.3663,98.6560,94.1488,98.2700,96.3172,99.2018,100.8960,100.6876,101.6514,100.6876,104.1201,106.6068,102.4890,107.2800,102.1078,105.5130,106.4800,103.0776,105.3233,106.8878,101.7890,99.9850,97.7394,95.6347,98.5089,92.4392,95.1893,86.0930,87.0230,84.0238,84.0238,83.1505,82.7345,80.2309,78.1025,73.3757,0.0000,0.0000,0.0000,0.0000,0.0000,0.0000,0.0000,0.0000,0.0000,0.0000,0.0000,0.0000
1700000044.600000,-63.5,84.0119,85.7088,85.4751,92.4392,87.2812,88.1419,87.0057,90.0056,88.0000,92.0869,95.1315,94.1913,95.5249,93.6483,94.7629,96.6902,96.8814,92.9624,97.7446,97.0155,97.9847,98.0816,96.5660,101.5135,101.5135,100.9009,104.1777,103.8171,107.7033,105.4751,105.6882,106.6255,105.6220,103.4070,102.1421,100.2846,102.2008,99.7246,98.2344,96.7729,94.1488,95.1262,91.9837,88.1192,87.9659,82.7345,84.2912,83.2166,81.0555,80.0062,78.3135,74.8131,0.0000,0.0000,0.0000,0.0000,0.0000,0.0000,0.0000,0.0000,0.0000,0.0000,0.0000,0.0000
1700000044.650000,-60.5,84.1724,86.3134,86.8332,90.7965,87.5728,87.4643,87.1436,87.0919,91.0494,91.0000,93.0054,94.0479,94.0851,92.1954,95.2575,95.6347,96.7471,93.9042,95.3520,95.9010,98.0612,97.5141,97.5141,100.4241,102.6158,102.8834,105.3613,104.1201,107.5639,104.4031,104.5466,105.7733,104.5466,103.8123,102.8397,101.6366,101.0000,99.6394,96.3379,97.1648,94.7629,94.5304,92.3472,88.2780,86.2844,84.0536,84.0000,83.0963,80.2247,79.6304,78.2624,77.3692,0.0000,0.0000,0.0000,0.0000,0.0000,0.0000,0.0000,0.0000,0.0000,0.0000,0.0000,0.0000
1700000044.700000,-60.4,88.2327,85.8021,86.8332,91.8314,89.3756,89.2749,89.9389,91.2414,91.2195,92.6553,93.4345,95.7758,96.0469,96.8298,96.8298,96.6075,96.8349,94.8683,97.0979,98.7927,99.8599,99.4786,97.6166,100.6231,102.8591,102.4158,107.3546,105.9906,107.7868,105.1190,106.0047,106.8925,106.4706,104.7091,106.5505,102.9563,103.4456,101.3558,99.0202,99.8599,96.2601,96.0208,93.8136,88.8651,88.0909,84.2912,85.6329,84.8528,81.3204,81.3941,79.0253,76.5506,0.0000,0.0000,0.0000,0.0000,0.0000,0.0000,0.0000,0.0000,0.0000,0.0000,0.0000,0.0000
1700000044.750000,-60.9,91.9239,91.2853,91.6788,95.7079,93.5361,92.5905,93.6483,95.5249,93.4933,96.7988,100.1249,99.0454,101.2126,101.6710,100.2646,101.3163,102.6499,99.8248,99.7046,103.9471,103.9471,105.3803,103.2763,105.7592,107.0561,108.5772,110.8873,111.8258,112.4455,111.0405,109.7862,113.4548,111.8660,111.8034,109.6221,108.9036,109.6038,106.7942,104.0625,102.6499,100.6578,100.0050,99.3579,94.0213,93.8136,89.8721,90.4268,88.8369,85.8836,84.5340,82.4621,80.3243,0.0000,0.0000,0.0000,0.0000,0.0000,0.0000,0.0000,0.0000,0.0000,0.0000,0.0000,0.0000
1700000044.800000,-61.6,90.3383,91.2414,92.2822,94.8947,93.8136,93.8136,95.6922,93.2309,96.0208,94.8103,97.8008,100.8960,100.6578,99.1564,101.8627,100.4092,101.9117,99.8248,102.1763,102.9417,103.0776,105.4230,102.4500,106.0189,107.4151,108.2266,111.2205,110.3857,111.2205,111.7721,111.2520,112.8938,111.6065,109.6221,110.6029,108.8531,109.6358,107.1681,104.3504,102.8251,99.7647,99.7647,96.8969,94.0479,93.3488,89.2749,88.7299,88.2383,86.4002,84.3149,84.5991,80.9568,0.0000,0.0000,0.0000,0.0000,0.0000,0.0000,0.0000,0.0000,0.0000,0.0000,0.0000,0.0000
1700000044.850000,-60.6,85.7963,83.2166,86.3308,87.5957,88.8876,88.6002,85.6154,90.0278,89.0505,91.7823,93.5575,93.0591,92.9139,93.6483,92.4392,95.1315,93.0860,94.0851,95.0000,95.0000,97.0052,97.0464,94.0053,100.3195,101.2423,101.2423,103.2376,104.4797,105.3043,104.3887,103.3102,104.3072,104.0769,104.0769,104.0192,102.0049,102.0000,98.0204,98.0459,95.0474,95.1893,92.2659,91.5478,87.5728,85.7088,81.3941,83.7437,81.2527,81.0432,80.3243,76.6942,76.0263,0.0000,0.0000,0.0000,0.0000,0.0000,0.0000,0.0000,0.0000,0.0000,0.0000,0.0000,0.0000
1700000044.900000,-61.0,87.8635,86.6833,91.4002,90.6035,93.0054,87.9204,90.7359,91.4166,93.1504,94.4140,95.3834,97.0464,96.6075,96.6075,96.6644,100.4639,96.2081,99.0202,97.4166,99.7246,98.7623,102.6158,101.3903,102.8397,105.5367,103.3683,107.0794,110.2180,106.3015,110.2180,105.3233,107.4895,107.7079,106.7333,107.4477,107.0047,103.1601,102.1421,100.2447,98.3514,99.1615,94.3398,97.3088,89.9611,88.6397,86.7640,86.7698,85.9593,84.3801,80.4487,79.6492,77.1557,0.0000,0.0000,0.0000,0.0000,0.0000,0.0000,0.0000,0.0000,0.0000,0.0000,0.0000,0.0000
1700000044.950000,-63.5,87.3212,90.4710,87.2983,93.7443,89.9444,93.3809,89.5600,92.4392,93.3435,92.0869,95.0842,97.0052,99.0051,98.0459,101.0792,97.2523,101.4938,93.5361,99.9850,100.1299,100.2846,100.6231,96.6902,104.2929,105.0190,106.2309,108.2405,107.9676,113.0531,105.0809,109.6358,110.8603,108.9082,107.4895,107.2800,102.9612,105.1190,103.5761,101.4347,102.4207,93.6483,98.6154,92.6553,92.3472,90.2718,87.0057,87.0000,87.0230,81.0555,81.3941,80.7527,79.0759,0.0000,0.0000,0.0000,0.0000,0.0000,0.0000,0.0000,0.0000,0.0000,0.0000,0.0000,0.0000
1700000045.000000,-60.1,85.7030,88.4590,89.0955,92.6337,91.2414,91.2414,91.4385,91.5478,92.6175,92.8009,95.0000,97.6524,99.5691,97.0979,98.1835,97.2471,98.4886,95.7706,98.3870,101.0792,99.8098,102.1567,99.4032,101.9510,104.1777,105.1095,107.5639,107.5639,107.5639,107.2241,107.9120,107.5639,110.4943,106.2309,107.5407,105.1903,105.6030,103.3102,101.0742,99.2975,95.7706,96.2549,94.6678,91.5860,89.0449,84.8764,85.8021,85.0000,84.2912,82.8070,81.3941,78.8733,0.0000,0.0000,0.0000,0.0000,0.0000,0.0000,0.0000,0.0000,0.0000,0.0000,0.0000,0.0000
1700000045.050000,-65.0,86.4002,84.4334,86.3771,86.6487,89.5377,85.4400,89.9611,90.3770,91.2853,92.1303,93.4773,94.5145,95.3834,95.1893,93.8136,98.1835,95.6922,95.1315,94.4034,97.0052,96.4002,98.8585,97.6166,100.6578,100.7671,100.6578,103.3925,106.9626,104.8904,106.9626,103.5857,104.9952,106.6677,103.2327,103.0049,103.6002,100.4390,99.8649,99.8599,96.2549,94.6678,91.9239,94.8947,89.0056,87.2066,85.9069,84.6936,84.1546,81.9085,80.0812,78.8543,76.5310,0.0000,0.0000,0.0000,0.0000,0.0000,0.0000,0.0000,0.0000,0.0000,0.0000,0.0000,0.0000
1700000045.100000,-58.1,88.6454,90.0278,89.7385,93.3916,90.9560,92.4446,92.6553,92.9731,94.2444,93.7763,97.6934,98.4124,99.2824,99.2824,99.2824,99.7647,101.2126,98.9798,102.0833,99.0202,102.0833,103.1746,99.8649,105.8017,107.2007,107.0047,109.0183,109.0183,111.2115,109.0183,110.8016,112.0045,110.4355,109.8590,106.7802,105.3945,104.8475,104.6231,102.2155,102.5768,98.4124,98.3870,96.1509,93.5201,90.8735,87.6641,87.9204,86.3308,85.1645,82.2253,82.0366,78.3135,0.0000,0.0000,0.0000,0.0000,0.0000,0.0000,0.0000,0.0000,0.0000,0.0000,0.0000,0.0000
1700000045.150000,-61.9,84.6463,85.8662,84.7703,90.1388,86.6487,88.2553,87.0919,87.8465,90.8735,90.3770,92.1358,92.5905,94.0213,94.5145,95.8801,94.5780,95.6922,92.3580,96.4002,97.2008,97.2008,99.4887,96.0469,99.9050,102.0686,101.2373,104.6900,103.3925,107.5639,102.5914,104.0625,104.8046,105.6456,104.3504,105.2616,101.6710,100.6032,99.2018,98.0051,98.2293,92.9139,93.7443,92.1141,88.5099,85.5862,84.1190,85.8662,83.1926,80.2309,78.7718,79.4040,75.7100,0.0000,0.0000,0.0000,0.0000,0.0000,0.0000,0.0000,0.0000,0.0000,0.0000,0.0000,0.0000
1700000045.200000,-65.0,88.6002,89.1852,90.7579,92.3580,91.4166,91.4166,92.4770,94.0213,93.6216,94.8472,97.4936,97.9490,98.0051,99.4786,99.4786,99.0202,99.2975,95.6922,100.2098,99.4032,101.8332,101.8283,101.2126,104.8904,104.9952,104.8904,109.0413,109.0413,110.4536,111.1980,109.4806,108.5772,110.4219,109.2016,109.2016,105.2093,106.6068,104.5610,104.0096,101.7890,101.0198,98.6154,94.5145,90.8240,90.3383,88.1419,88.9550,85.4400,84.4334,82.9699,81.0247,78.6384,0.0000,0.0000,0.0000,0.0000,0.0000,0.0000,0.0000,0.0000,0.0000,0.0000,0.0000,0.0000
1700000045.250000,-67.0,90.3549,89.8999,91.2853,93.5201,93.4077,92.4770,93.3006,94.2444,95.5092,97.8008,98.7623,97.5141,101.4150,100.2247,99.8248,102.4207,99.8499,100.9752,100.3195,101.3163,101.2423,103.1213,102.1225,106.0047,107.0187,107.0000,110.0045,114.0175,112.0402,111.0405,110.0045,112.0045,111.0045,111.0045,110.0409,110.1136,106.1179,105.3043,104.3887,102.4890,102.5914,97.8673,98.1529,91.2414,91.5915,89.0505,89.9889,86.6833,86.6487,83.0060,81.9390,79.6492,0.0000,0.0000,0.0000,0.0000,0.0000,0.0000,0.0000,0.0000,0.0000,0.0000,0.0000,0.0000
1700000045.300000,-57.6,89.0056,89.0000,88.1419,92.1358,88.7694,89.6939,88.9550,91.0824,92.6984,92.0489,95.2103,97.2677,98.2344,97.5141,99.2472,96.6902,98.6560,95.1893,97.7394,97.7394,98.7320,100.6032,99.5038,102.1225,105.1190,104.1201,109.0413,105.1190,110.1136,106.0754,106.3015,109.1650,108.5587,105.4751,106.6771,103.6967,102.8251,102.2595,102.1078,101.2719,95.3415,97.5141,92.6499,90.2497,87.6413,84.7585,86.9770,86.5390,82.3468,81.4125,80.2621,77.6660,0.0000,0.0000,0.0000,0.0000,0.0000,0.0000,0.0000,0.0000,0.0000,0.0000,0.0000,0.0000
1700000045.350000,-63.2,87.9204,87.9830,90.5538,89.1852,91.7061,88.5889,90.8020,90.3770,91.2853,93.7763,95.4620,96.2081,96.7988,95.5196,96.4624,97.5295,95.8019,95.8019,96.1041,98.8433,99.0404,100.4490,99.2975,102.2595,105.2236,103.2473,106.4706,109.7725,106.5692,107.5639,103.9471,106.5692,107.0561,106.2121,105.3803,104.9238,103.1601,102.1078,101.3903,98.2344,96.1665,94.5569,95.8175,89.8109,91.4166,84.8646,86.9253,85.4283,84.1190,81.3019,79.0569,78.2432,0.0000,0.0000,0.0000,0.0000,0.0000,0.0000,0.0000,0.0000,0.0000,0.0000,0.0000,0.0000
1700000045.400000,-62.8,85.9128,83.2406,88.6002,87.6185,90.4434,85.1469,89.3588,88.8369,90.0500,91.3017,91.7061,92.1358,96.1769,95.3415,93.5201,96.7988,94.5780,96.2081,94.2550,95.8801,96.1665,98.4937,98.4937,100.0200,102.3914,100.2247,103.9423,106.7052,103.7545,107.0794,101.9804,104.3456,105.5367,104.0481,104.5610,103.3247,101.9215,99.3277,98.9798,96.1353,96.4624,92.6984,93.4077,86.5390,86.4060,83.6720,84.5281,84.5991,81.6333,79.3221,77.2010,75.8222,0.0000,0.0000,0.0000,0.0000,0.0000,0.0000,0.0000,0.0000,0.0000,0.0000,0.0000,0.0000
1700000045.450000,-65.6,88.8426,88.0738,89.9889,90.7083,91.7606,91.4822,91.7061,93.3006,93.0484,93.9840,97.3088,97.5756,99.3177,97.0464,95.7079,101.7104,99.1262,99.1262,99.5691,100.1249,99.5691,102.2008,100.6876,104.0192,107.8007,104.8093,109.4806,109.4806,107.9352,111.5213,109.6358,111.0405,110.0000,109.4029,108.8118,107.8981,107.0747,103.7738,102.0833,101.0198,99.4786,98.1122,96.6488,92.1303,89.8944,87.3212,88.0227,86.1626,85.0706,83.2406,81.5843,77.5242,0.0000,0.0000,0.0000,0.0000,0.0000,0.0000,0.0000,0.0000,0.0000,0.0000,0.0000,0.0000
1700000045.500000,-60.4,89.0000,88.5494,89.9444,92.5905,91.7878,89.6939,92.6499,93.4773,94.8683,94.4034,97.0052,97.9490,99.3579,99.1564,98.4124,100.4490,99.0051,98.9949,100.0050,102.0686,102.0686,103.0776,99.4887,104.8093,107.0047,106.6068,110.4355,110.2089,110.8016,109.0413,110.8016,111.6065,112.0045,109.0183,107.2986,107.2986,105.6456,104.2353,101.9117,101.1781,98.2904,97.5910,97.5910,92.7631,92.0978,87.9659,88.2383,86.4002,85.4459,84.7231,83.6481,80.6226,0.0000,0.0000,0.0000,0.0000,0.0000,0.0000,0.0000,0.0000,0.0000,0.0000,0.0000,0.0000
1700000045.550000,-64.3,84.8999,80.3617,87.9204,83.1685,88.2553,83.8153,87.4643,86.0058,86.9253,91.7061,90.8020,91.2414,92.5905,91.7878,90.9175,97.0979,89.8888,96.5194,89.0505,94.4034,94.6256,96.2133,97.8008,99.4887,99.6394,97.3088,100.6578,105.6456,100.6578,107.0561,98.8585,103.0776,103.2327,102.6158,102.0049,103.8123,99.8649,96.2549,95.7183,92.4392,95.8801,89.5545,94.0213,84.9706,84.9706,82.3468,83.5703,81.9329,82.2800,79.3095,78.4474,74.4312,0.0000,0.0000,0.0000,0.0000,0.0000,0.0000,0.0000,0.0000,0.0000,0.0000,0.0000,0.0000
1700000045.600000,-60.5,89.1067,84.5281,90.0278,90.2441,90.4710,89.7385,91.7061,92.0272,91.4166,94.9210,96.4624,96.2081,99.0051,97.5756,97.0824,101.0742,97.5295,98.8838,99.1262,100.4988,99.0202,99.8649,101.5480,104.6231,104.5610,106.0189,107.2007,108.6002,107.8007,110.2089,108.2266,110.2089,108.2266,107.0747,107.8981,108.7566,105.8159,103.4456,100.6479,98.4124,99.2975,96.1509,99.3177,93.1075,91.2853,88.0227,88.2553,85.3815,84.6463,83.7437,80.7527,78.1601,0.0000,0.0000,0.0000,0.0000,0.0000,0.0000,0.0000,0.0000,0.0000,0.0000,0.0000,0.0000
1700000045.650000,-60.9,88.6002,85.8662,91.4440,90.4710,92.4175,89.0505,90.6090,90.4268,94.0479,93.9042,94.2603,95.3363,99.1816,98.1275,98.1275,101.0050,97.0000,100.0000,99.0808,102.0784,101.0792,102.1763,102.1763,103.8171,105.5746,103.5857,106.4706,109.7725,107.7868,109.7725,106.3814,109.2245,109.2245,109.0734,106.0424,109.0183,104.0192,103.0049,101.0198,101.1781,100.4042,97.2523,97.5141,91.9239,89.4427,87.8635,89.0225,87.8009,86.3308,82.8734,81.5414,77.4145,0.0000,0.0000,0.0000,0.0000,0.0000,0.0000,0.0000,0.0000,0.0000,0.0000,0.0000,0.0000
1700000045.700000,-60.6,87.3212,87.6641,88.1930,90.3549,90.4268,89.5545,91.0659,91.8096,94.0319,93.0054,97.6524,95.6033,97.0052,97.3088,97.9490,99.1564,98.4124,96.8969,98.3107,101.1385,101.8332,101.2373,100.4988,104.3504,106.5270,103.7111,108.8531,109.4806,109.6358,111.5213,106.4049,109.2245,111.1261,107.5639,108.9312,106.0754,106.0660,102.5914,101.8627,100.4988,98.5951,98.7168,97.3088,92.6175,90.8020,88.4816,87.1321,88.3233,85.0000,82.7647,82.0792,80.0062,0.0000,0.0000,0.0000,0.0000,0.0000,0.0000,0.0000,0.0000,0.0000,0.0000,0.0000,0.0000
1700000045.750000,-60.6,87.7097,87.3212,91.8096,88.7525,94.8736,89.0505,90.8020,93.0054,93.2363,94.6414,96.6747,98.4937,97.7446,96.1769,95.4620,101.2373,96.4261,99.8248,97.3088,99.6394,100.8960,101.8332,103.4070,102.9029,106.8316,103.4698,106.7802,110.1363,106.0000,111.2205,105.3945,110.3857,110.6797,108.2266,107.2007,109.2016,105.8915,102.9417,101.4150,98.5951,101.9804,95.5249,98.2904,91.2195,91.2414,88.6172,88.0909,88.2383,86.0233,82.6801,81.9878,78.2943,0.0000,0.0000,0.0000,0.0000,0.0000,0.0000,0.0000,0.0000,0.0000,0.0000,0.0000,0.0000
1700000045.800000,-62.3,89.3588,89.5879,91.2634,95.2103,93.4077,92.8009,92.4554,95.0158,96.9381,96.9381,99.1564,99.7246,101.1187,101.1187,102.5914,101.3163,102.9417,100.7671,101.4002,102.6499,103.8123,105.6835,102.4158,105.1190,108.4666,108.1665,114.0570,112.3610,113.5341,112.6810,111.7721,112.6055,115.9353,113.4637,113.8112,110.4219,108.7060,105.5509,104.8046,104.8046,101.8627,99.7246,99.7046,94.7945,92.7631,91.4385,90.9065,90.4268,86.2670,83.8630,85.4225,80.6226,0.0000,0.0000,0.0000,0.0000,0.0000,0.0000,0.0000,0.0000,0.0000,0.0000,0.0000,0.0000
1700000045.850000,-56.8,88.3233,89.5879,89.6270,91.2634,90.2109,90.8020,90.1388,90.0278,94.2603,93.3809,95.5877,95.4620,97.5910,97.6217,97.6217,98.7168,98.7168,98.0816,98.0051,98.8130,98.2293,103.1746,100.1249,106.0000,106.5317,106.0000,108.9082,108.5587,108.9082,107.7033,106.5317,109.4166,109.2932,107.9120,109.2886,106.2544,106.4002,104.6375,102.4500,101.0445,98.4937,98.4937,97.0824,91.2414,91.2414,88.4138,87.7838,87.3212,85.0000,83.8153,81.9878,80.5295,0.0000,0.0000,0.0000,0.0000,0.0000,0.0000,0.0000,0.0000,0.0000,0.0000,0.0000,0.0000
1700000045.900000,-62.7,84.0238,83.8153,88.4816,86.8389,89.3588,87.9830,87.7097,89.4707,90.3549,92.1358,94.8103,94.8472,94.9368,95.4620,94.9210,98.3514,94.5569,95.5092,96.3016,97.7446,97.5141,99.0404,97.5141,102.5914,104.1393,102.4207,105.2236,107.0561,105.9292,106.0660,104.5610,108.1897,106.5317,105.9056,104.9238,104.3456,104.0481,102.2008,100.9604,100.9604,97.4166,94.5569,92.6553,88.6002,86.7295,84.6936,86.3308,83.6301,81.4923,79.9250,79.6304,77.3369,0.0000,0.0000,0.0000,0.0000,0.0000,0.0000,0.0000,0.0000,0.0000,0.0000,0.0000,0.0000
1700000045.950000,-65.0,86.0930,86.2090,87.3670,87.3670,88.9550,87.1321,88.4590,89.8220,91.2195,89.9889,94.6414,94.5569,94.8683,95.8593,95.8593,97.1700,95.3415,95.3415,97.4936,97.4936,97.4936,99.8499,98.9798,101.8725,103.7738,101.5480,104.0096,105.9481,106.7802,105.1190,105.3945,107.3778,108.2266,106.8504,105.3091,104.4462,103.5857,102.0833,101.0742,100.1848,95.2733,94.8472,95.3415,90.8735,88.9550,84.1546,86.3308,84.7703,82.9699,82.2253,80.2309,77.1622,0.0000,0.0000,0.0000,0.0000,0.0000,0.0000,0.0000,0.0000,0.0000,0.0000,0.0000,0.0000
1700000046.000000,-62.0,87.9659,88.6848,88.3629,91.4440,91.2688,91.1976,91.1373,93.0054,92.0054,94.0851,95.1315,98.4124,99.6092,98.8585,99.6092,99.9850,100.4490,98.4784,100.2247,101.2028,102.3914,104.0481,100.1699,103.4070,106.2544,106.2544,109.4166,109.4166,112.5789,109.7315,109.7679,109.7679,112.5389,109.6358,110.1136,106.2309,105.5130,105.0190,104.3456,103.7545,98.1529,98.9949,98.0051,91.6624,90.2718,89.0898,90.0222,88.0057,86.0523,83.0963,81.6150,78.6448,0.0000,0.0000,0.0000,0.0000,0.0000,0.0000,0.0000,0.0000,0.0000,0.0000,0.0000,0.0000
1700000046.050000,-61.5,85.3756,85.6154,85.0706,89.5600,87.5957,87.5957,90.4765,88.0227,91.5478,89.9611,93.5201,95.2733,97.0464,96.1769,97.5295,96.0417,95.7183,95.4149,97.4166,99.0454,98.2293,98.6002,97.4166,101.6710,103.0776,103.8557,106.4049,106.3015,107.1681,105.7592,107.2986,109.4806,109.0183,106.6068,105.8017,103.0049,103.7304,103.7738,100.1699,101.0198,96.0417,95.5249,94.4140,91.6788,88.5664,87.3212,84.8646,85.7963,82.8734,82.0061,80.4114,77.5242,0.0000,0.0000,0.0000,0.0000,0.0000,0.0000,0.0000,0.0000,0.0000,0.0000,0.0000,0.0000
1700000046.100000,-61.6,87.0230,85.1469,88.2043,89.2020,89.4539,88.4590,89.9444,90.4268,89.4427,91.7823,93.3916,93.4077,94.6414,95.2103,94.2550,97.0824,96.2081,94.5780,97.6934,98.4886,99.4032,100.7224,99.3177,102.4207,102.8591,103.3538,106.5505,106.4706,107.4244,106.0660,106.8925,109.1284,109.5673,106.9299,104.2785,103.3683,102.6937,102.3181,100.9009,99.0202,97.4166,95.5092,94.2550,90.7083,89.4986,83.7437,86.3134,86.1452,82.6075,81.1542,79.0063,77.1622,0.0000,0.0000,0.0000,0.0000,0.0000,0.0000,0.0000,0.0000,0.0000,0.0000,0.0000,0.0000
1700000046.150000,-62.1,86.2844,91.4166,87.3212,93.5361,87.2353,92.1303,91.6788,93.1075,96.2549,92.1141,97.1442,98.3514,98.0306,97.8008,102.2008,97.2677,101.4150,97.0824,102.5914,100.6231,100.6231,103.0970,99.1413,105.3850,106.3814,106.3814,111.2205,109.2932,115.2779,107.2287,112.4455,111.3643,111.8794,109.8954,108.0463,106.0660,106.2121,105.7213,103.7545,104.9238,96.3172,101.6366,93.8616,94.6414,93.0054,88.2553,89.3196,86.5390,83.6720,84.0773,83.7257,80.1561,0.0000,0.0000,0.0000,0.0000,0.0000,0.0000,0.0000,0.0000,0.0000,0.0000,0.0000,0.0000
1700000046.200000,-61.3,79.9812,79.2465,81.5659,83.4865,81.6884,81.2158,83.2406,83.2346,85.2115,86.5332,85.4400,88.8369,90.8240,89.8944,89.8999,90.8020,89.8999,90.4710,94.2444,92.3580,93.0484,95.5092,91.7061,97.0155,96.5660,100.4241,100.1699,101.6366,101.4150,100.4390,100.2247,99.4585,101.3903,100.9604,100.5783,97.8008,98.7623,97.0824,93.9202,94.8683,91.7606,89.6939,90.4710,84.0952,87.2066,82.2982,82.4924,79.6116,76.3217,77.6660,75.4321,75.6902,0.0000,0.0000,0.0000,0.0000,0.0000,0.0000,0.0000,0.0000,0.0000,0.0000,0.0000,0.0000
1700000046.250000,-63.7,86.2844,85.5862,88.6848,88.1930,90.3549,89.8944,90.8735,91.9239,92.8493,93.4077,94.9210,94.2444,96.1353,97.4166,95.8801,99.6895,98.8433,96.8814,99.6394,100.4490,100.4490,100.8415,101.1187,103.4843,106.4706,105.3850,107.2986,110.2225,110.2225,110.1635,107.4663,111.4495,110.5486,107.5639,107.7868,107.2007,105.5462,102.9612,102.1812,100.0200,100.4390,96.7729,95.3363,91.4822,91.0934,86.0349,87.0919,86.5390,84.9706,84.1190,79.0759,78.0064,0.0000,0.0000,0.0000,0.0000,0.0000,0.0000,0.0000,0.0000,0.0000,0.0000,0.0000,0.0000
1700000046.300000,-62.1,87.3212,84.7231,90.4268,88.7525,92.0869,87.4185,90.4268,90.2718,93.2363,93.4345,97.0824,96.1769,95.4620,96.1769,95.4830,99.9050,97.8366,98.4937,97.0052,99.4032,99.8098,102.2008,100.6876,102.6255,104.8475,103.4650,107.7033,110.1363,108.2266,110.1363,107.0701,111.2205,110.3857,109.2886,109.8590,108.8118,106.4002,103.0776,101.6710,100.0050,99.8248,94.1754,98.4124,90.5207,91.2195,87.1149,87.1149,86.6833,85.0000,82.0975,79.4040,76.0263,0.0000,0.0000,0.0000,0.0000,0.0000,0.0000,0.0000,0.0000,0.0000,0.0000,0.0000,0.0000
1700000046.350000,-64.6,87.0517,86.0930,90.2718,90.4489,91.5478,88.6848,91.2414,90.6090,92.7631,94.1488,95.5667,96.5660,96.5660,96.4624,94.5569,99.0202,97.1442,99.3680,97.1700,100.7224,100.3195,101.5529,102.4597,105.1903,106.0047,105.1190,106.4706,109.2749,110.0591,112.7697,109.1284,110.5351,110.9099,108.6876,107.8378,107.4244,108.3374,102.6937,101.0198,99.3680,99.6243,96.7678,98.3717,91.7606,91.9239,88.5268,89.6270,87.1321,86.4697,82.1523,81.0062,79.1012,0.0000,0.0000,0.0000,0.0000,0.0000,0.0000,0.0000,0.0000,0.0000,0.0000,0.0000,0.0000
1700000046.400000,-63.7,88.6848,87.4643,89.2749,91.3510,92.0489,90.0500,93.0054,92.0000,94.0213,94.0851,98.2497,98.6154,99.6092,96.1769,99.1413,99.8248,99.8248,100.0200,100.4241,103.0776,101.3903,104.8093,102.8834,105.9481,106.8925,105.9481,110.1363,109.7862,109.2016,110.4943,109.7862,112.6055,110.6797,108.8118,109.2016,108.5219,107.2800,104.1201,103.0776,100.6628,100.0200,98.8433,98.3107,93.2148,92.5419,89.3588,89.2020,88.0227,87.0057,85.0529,81.3019,79.0759,0.0000,0.0000,0.0000,0.0000,0.0000,0.0000,0.0000,0.0000,0.0000,0.0000,0.0000,0.0000
1700000046.450000,-63.1,87.4643,86.4697,88.2836,90.9340,91.2414,89.6270,90.2441,91.4440,93.4077,94.2550,95.8801,96.7678,98.0816,94.9210,96.2081,99.1615,99.4032,99.8098,98.3870,101.5185,100.1848,102.9563,102.4744,104.4462,106.6771,105.4751,107.7033,109.0780,108.0463,113.0177,107.5407,110.7881,109.7725,108.7842,108.3005,109.1284,107.3546,103.8701,103.0776,99.4032,100.0900,97.7394,97.4064,91.7061,92.0489,87.8009,87.5557,86.6833,86.3134,82.3893,81.0987,78.0064,0.0000,0.0000,0.0000,0.0000,0.0000,0.0000,0.0000,0.0000,0.0000,0.0000,0.0000,0.0000
1700000046.500000,-60.9,84.5281,82.2982,85.4751,86.8332,87.8180,87.4643,88.4816,89.0505,90.8020,90.8020,92.6175,95.7758,93.5094,94.1116,94.1116,94.0691,94.0691,94.0691,95.5877,97.3088,97.8366,98.8585,97.4526,100.2098,105.2093,103.0049,105.1190,106.2544,104.5610,107.0747,106.2544,105.4372,107.4151,104.2017,104.8093,103.0776,101.6710,100.7671,98.5951,99.1564,94.1116,94.7945,94.7629,89.8053,88.4138,85.1469,84.6463,84.8116,81.8413,80.1561,78.3901,74.7329,0.0000,0.0000,0.0000,0.0000,0.0000,0.0000,0.0000,0.0000,0.0000,0.0000,0.0000,0.0000
1700000046.550000,-64.9,86.6083,87.9204,91.0659,92.6499,91.4166,89.5545,91.2360,93.5201,94.4299,94.5410,97.5756,99.1615,97.4987,102.4597,98.9798,97.8008,100.1699,97.7446,100.0200,101.4347,101.6071,104.2353,101.4347,103.8171,106.2121,106.7942,110.4536,110.2905,112.4455,110.4536,110.4536,111.2879,112.7519,109.5536,111.0180,107.2007,106.8878,104.1393,103.5857,102.3914,99.4636,97.2677,96.5660,93.6803,90.5207,89.8109,90.1388,87.4643,84.5813,81.4923,80.9938,78.8162,0.0000,0.0000,0.0000,0.0000,0.0000,0.0000,0.0000,0.0000,0.0000,0.0000,0.0000,0.0000
1700000046.600000,-64.0,85.8021,88.7525,87.9830,91.8096,89.1852,92.2822,90.8240,91.3017,94.8103,91.2853,96.1769,96.2549,99.9250,97.1442,99.9600,96.7678,99.6243,95.2103,101.6366,100.6628,101.1385,101.9804,100.4390,104.9238,105.7213,105.5462,108.5035,107.3546,112.1472,107.3546,110.8197,113.6002,111.0045,108.4666,107.4895,105.2616,106.4800,103.8460,103.4456,103.7401,96.4624,98.6813,94.9210,93.4077,90.8735,87.6641,87.6584,87.2353,84.7231,82.0975,82.6196,77.8974,0.0000,0.0000,0.0000,0.0000,0.0000,0.0000,0.0000,0.0000,0.0000,0.0000,0.0000,0.0000
1700000046.650000,-62.7,85.4927,84.5281,86.3539,88.1192,90.0500,87.4643,87.1321,89.8721,90.6973,91.6079,93.8136,94.0213,95.9010,96.4261,94.2603,96.2601,96.2081,95.4620,94.1116,95.5249,99.8248,100.6578,99.2472,100.2646,102.4500,101.6710,105.4230,109.0183,107.0047,108.2312,103.7111,105.8915,105.7592,106.4049,106.9626,104.0625,103.2763,99.0051,99.0051,96.8762,96.2601,93.6056,92.3147,87.4586,86.2149,85.0000,86.8389,84.5991,84.7231,79.6492,79.3095,75.6108,0.0000,0.0000,0.0000,0.0000,0.0000,0.0000,0.0000,0.0000,0.0000,0.0000,0.0000,0.0000
1700000046.700000,-61.2,85.3756,87.4643,89.1067,93.0591,89.6270,89.4427,90.8020,90.2441,92.1954,92.4446,96.1665,94.5569,97.0824,96.7988,99.9600,99.4032,97.5756,96.6644,99.7447,100.6479,100.1798,101.9657,99.2975,104.1009,105.4751,105.8159,109.4166,108.0463,109.9318,108.2266,107.9120,109.2749,110.9414,106.8925,105.9906,104.2161,103.7545,104.2785,101.6366,100.8464,96.2081,97.1442,95.5196,91.3947,89.9889,87.3212,86.6833,87.2983,85.9884,82.4924,81.0987,78.0256,0.0000,0.0000,0.0000,0.0000,0.0000,0.0000,0.0000,0.0000,0.0000,0.0000,0.0000,0.0000
1700000046.750000,-61.4,87.9659,85.1469,91.2853,89.8721,92.6337,88.3912,91.2414,91.2414,91.5478,96.6747,97.4526,98.0051,97.4166,97.3499,95.6922,101.3558,96.3846,100.4988,97.4936,102.4158,101.5332,102.4597,102.8834,106.4049,106.2309,103.0776,107.7033,110.3857,108.8485,112.9469,109.5628,112.1606,110.3087,109.6586,108.3374,111.4002,106.5129,102.8591,100.6231,97.9490,100.6479,96.6488,99.6444,91.0659,90.9725,87.4185,87.8009,85.4283,86.6833,82.8794,81.3204,77.3369,0.0000,0.0000,0.0000,0.0000,0.0000,0.0000,0.0000,0.0000,0.0000,0.0000,0.0000,0.0000
1700000046.800000,-62.3,85.7963,87.4643,87.2353,91.7061,88.5664,92.1303,90.8240,91.4166,92.7847,91.9239,96.5660,97.3499,97.9081,96.2601,98.2293,98.0816,100.1249,96.6747,101.9804,100.4988,99.8248,101.8627,99.7647,105.3613,106.0660,105.3803,108.9312,106.7942,111.7587,107.5174,111.7229,108.9036,109.6221,108.9771,108.3005,104.1393,104.9952,103.0776,102.0049,103.4070,96.8349,97.6524,95.1315,94.3398,89.6939,85.9593,86.7698,85.4283,82.4621,83.2166,79.4040,78.8543,0.0000,0.0000,0.0000,0.0000,0.0000,0.0000,0.0000,0.0000,0.0000,0.0000,0.0000,0.0000
1700000046.850000,-59.9,87.3212,88.6172,88.5268,91.3510,91.2414,91.9348,91.9239,91.9674,94.1116,93.8616,96.2133,98.0051,97.6524,98.4733,99.2975,99.0202,100.7025,98.4784,101.2126,102.5768,100.8464,102.0833,100.6231,107.0187,106.6208,107.0187,108.7474,110.9820,112.8051,111.0856,110.0727,112.6987,112.7120,110.9414,108.3005,108.3005,106.9439,104.3168,104.4462,101.5480,99.2975,97.9081,95.4411,92.4175,90.9065,87.8635,87.1149,88.3912,86.9770,84.2199,83.0963,79.6304,0.0000,0.0000,0.0000,0.0000,0.0000,0.0000,0.0000,0.0000,0.0000,0.0000,0.0000,0.0000
1700000046.900000,-65.4,84.8646,84.9588,88.7299,88.6172,90.1388,87.4586,91.0220,91.8368,92.0869,94.8736,95.7183,94.5145,98.0051,97.5295,95.7131,99.8098,98.4886,98.4886,98.4327,99.9600,100.3045,100.5684,102.1421,105.3613,105.6504,104.1201,107.0047,110.6029,106.4800,108.6692,107.2800,110.1635,108.5219,107.8564,107.5174,106.6255,105.6220,102.3181,100.4639,99.1615,98.8989,95.7549,95.7079,90.3383,88.5494,86.8332,85.5862,83.2166,86.0233,82.0061,79.9812,76.3806,0.0000,0.0000,0.0000,0.0000,0.0000,0.0000,0.0000,0.0000,0.0000,0.0000,0.0000,0.0000
1700000046.950000,-60.5,87.8180,89.0674,87.6584,92.5905,92.1358,89.4707,92.4770,92.4770,95.2733,94.5569,96.1353,98.0306,99.3277,100.4241,101.6514,99.4636,101.6366,99.2472,101.4347,101.1187,101.2719,103.9471,100.8415,104.3887,106.4706,107.3778,110.2225,109.4578,112.2853,109.2932,110.4536,110.5486,110.5486,109.5536,108.0463,107.0561,105.5462,105.1190,103.5857,104.0481,97.2677,100.1699,96.8401,95.2103,90.4434,87.3155,87.4643,86.4060,84.5281,83.7257,82.6801,78.6003,0.0000,0.0000,0.0000,0.0000,0.0000,0.0000,0.0000,0.0000,0.0000,0.0000,0.0000,0.0000
1700000047.000000,-59.8,85.3756,88.6848,88.2836,92.0706,87.4757,91.9837,90.9560,92.4446,93.6803,92.3472,96.4624,95.5196,96.7988,97.4987,100.4639,97.5756,100.2247,97.5090,100.6479,100.7224,101.7104,101.3558,100.8464,104.3072,105.1523,108.7244,110.6797,107.8981,111.5034,105.9481,111.2205,111.2520,110.1363,107.3778,108.0463,104.4462,104.7091,103.3102,101.9657,103.7545,96.6644,98.8989,94.0213,93.4077,89.3196,86.9770,86.9770,86.1278,82.4621,82.3772,81.6150,78.1601,0.0000,0.0000,0.0000,0.0000,0.0000,0.0000,0.0000,0.0000,0.0000,0.0000,0.0000,0.0000
1700000047.050000,-59.8,87.2353,85.8662,90.3549,88.1192,91.7061,87.8180,90.4268,90.9725,94.3027,96.6075,95.6033,96.6747,97.9490,97.8366,97.1854,100.4092,96.8762,98.2904,97.0824,99.9050,100.5684,101.5332,103.5857,102.6158,103.4070,102.8008,105.8017,109.8590,108.2266,111.8302,106.4002,110.0000,109.8089,107.9352,108.2312,108.5772,105.6456,102.0686,101.9804,97.6217,99.0051,94.7523,96.8969,89.1403,89.2749,86.6833,86.2149,85.8021,84.3149,81.8352,80.5295,74.3236,0.0000,0.0000,0.0000,0.0000,0.0000,0.0000,0.0000,0.0000,0.0000,0.0000,0.0000,0.0000
1700000047.100000,-59.7,87.1321,88.6454,90.4710,91.0055,91.6788,90.7083,92.7200,91.3947,93.6056,94.5780,96.5660,97.1700,97.5756,97.9439,97.0824,100.6479,98.8838,98.8838,99.9850,100.8464,101.3558,101.5480,102.0833,105.8017,106.0189,106.6068,108.0046,111.0180,109.2016,110.2089,109.8590,109.2886,110.1136,107.9120,107.9120,107.3778,107.3778,102.3963,102.5768,100.1848,99.2824,96.6075,96.6644,93.1075,91.1811,87.3155,87.5957,85.7263,83.9345,82.0000,80.2309,77.4145,0.0000,0.0000,0.0000,0.0000,0.0000,0.0000,0.0000,0.0000,0.0000,0.0000,0.0000,0.0000
1700000047.150000,-60.3,85.4283,87.6584,87.8180,90.9175,90.2109,90.2109,92.0869,92.0869,93.8136,94.2019,96.4002,96.6747,98.5951,97.7446,98.4124,97.5910,99.0051,97.5910,100.0050,100.7671,102.1763,101.0445,100.8960,104.2017,106.4002,106.4002,108.2266,106.7802,110.1136,109.2886,109.8590,111.2520,109.4029,110.0000,108.8531,105.8915,105.7592,102.7278,102.6499,100.4988,97.6217,97.6217,96.1665,91.9348,89.8721,87.2066,88.4081,84.2021,83.4865,82.3772,80.6226,80.6226,0.0000,0.0000,0.0000,0.0000,0.0000,0.0000,0.0000,0.0000,0.0000,0.0000,0.0000,0.0000
1700000047.200000,-62.2,89.2749,85.5862,91.9239,88.3912,94.1116,87.7838,92.0978,92.3147,92.0054,96.4002,97.0052,98.0051,97.0824,97.3499,95.1315,101.2126,94.8947,102.0833,96.1509,101.9804,101.0792,102.9563,104.2161,106.6208,106.6208,102.9563,107.5407,112.3610,106.9766,114.0175,106.6208,111.2340,108.8531,109.2520,107.8378,111.8034,105.5888,102.5768,100.8464,98.6154,101.8725,93.8136,99.5691,89.8721,91.0220,89.6270,88.0909,86.5563,86.9770,82.1340,82.4621,77.4209,0.0000,0.0000,0.0000,0.0000,0.0000,0.0000,0.0000,0.0000,0.0000,0.0000,0.0000,0.0000
1700000047.250000,-61.1,85.2350,87.0919,90.1388,91.4166,92.0272,90.4434,91.7606,90.7083,93.8616,93.7443,95.5249,95.1893,98.6154,98.6154,99.6092,99.3227,98.3260,98.2497,99.0051,101.0000,101.0050,102.0196,100.0200,104.2353,105.3043,105.3850,110.3676,109.2932,110.3676,107.4663,109.2245,111.2205,109.0734,107.0747,109.0046,104.0433,105.0048,104.0048,101.0050,102.0784,99.2472,97.4166,94.3398,91.4440,90.9340,86.3134,86.8850,87.0976,83.6780,81.9085,80.9938,77.8781,0.0000,0.0000,0.0000,0.0000,0.0000,0.0000,0.0000,0.0000,0.0000,0.0000,0.0000,0.0000
1700000047.300000,-68.3,86.8217,89.3085,89.0225,89.2020,90.4268,88.8651,90.4268,90.9065,92.8493,93.3809,94.7523,98.4124,97.7446,97.8366,98.4124,100.1249,98.8585,98.2344,97.4166,101.4002,100.6032,103.0049,101.0198,104.4462,105.8159,105.1523,107.3778,109.4166,109.9318,110.4536,107.9120,110.1136,111.0180,108.8118,107.8007,107.8007,105.2093,104.0192,103.2327,98.7168,98.4937,96.2601,94.7945,91.2195,89.1403,86.6833,86.8332,86.4002,85.2115,80.4487,82.1523,77.3886,0.0000,0.0000,0.0000,0.0000,0.0000,0.0000,0.0000,0.0000,0.0000,0.0000,0.0000,0.0000
1700000047.350000,-60.9,84.7231,86.8850,85.6154,91.6788,89.9889,91.4822,92.6553,92.0272,91.4166,93.4077,95.8541,96.2549,97.5756,97.5090,98.3870,97.1288,99.1262,96.0417,102.0833,100.7025,100.7025,100.6876,99.2975,103.4070,105.2093,104.2017,105.8915,108.2312,110.4219,106.6677,108.6002,110.8016,109.6221,107.8981,106.7802,104.8475,105.3945,103.7738,101.3558,99.4786,96.6488,98.4124,95.7131,92.1358,89.9611,86.5390,87.3155,86.0349,83.2406,82.4621,81.5843,75.4255,0.0000,0.0000,0.0000,0.0000,0.0000,0.0000,0.0000,0.0000,0.0000,0.0000,0.0000,0.0000
1700000047.400000,-64.1,86.0233,87.5957,88.6002,91.7606,88.7694,88.7694,90.8020,90.3383,93.4773,93.4773,94.4140,96.3846,98.6154,97.4166,97.9439,98.2293,97.4166,97.4166,97.8008,98.7168,100.8960,102.0686,100.7671,102.6499,106.2168,105.3803,108.1897,109.6221,108.2081,109.6221,107.5639,110.3449,108.9771,106.3015,107.0561,105.1190,104.6375,103.0049,101.0198,99.6243,96.2601,95.9635,96.5660,90.5538,89.1852,86.3539,88.5494,87.2353,85.2350,81.2711,79.8123,77.4661,0.0000,0.0000,0.0000,0.0000,0.0000,0.0000,0.0000,0.0000,0.0000,0.0000,0.0000,0.0000
1700000047.450000,-60.6,81.8352,86.9540,84.1190,89.5545,85.8836,89.4707,87.6641,88.1419,89.1572,89.3196,92.6984,92.9731,94.5569,93.9628,97.1236,94.3716,97.5141,90.2441,96.8814,98.6560,96.8814,98.4784,95.3520,100.4988,102.8251,104.4797,105.4751,102.8251,109.5536,103.3925,106.9205,105.5746,105.2236,104.5610,104.7378,101.6071,101.7890,102.1812,99.6895,100.1699,91.7606,95.2103,90.1388,91.0824,86.7295,83.3847,83.7735,84.9706,80.5295,79.7559,77.3886,77.0065,0.0000,0.0000,0.0000,0.0000,0.0000,0.0000,0.0000,0.0000,0.0000,0.0000,0.0000,0.0000
