host_timestamp,rssi,amp_0,amp_1,amp_2,amp_3,amp_4,amp_5,amp_6,amp_7,amp_8,amp_9,amp_10,amp_11,amp_12,amp_13,amp_14,amp_15,amp_16,amp_17,amp_18,amp_19,amp_20,amp_21,amp_22,amp_23,amp_24,amp_25,amp_26,amp_27,amp_28,amp_29,amp_30,amp_31,amp_32,amp_33,amp_34,amp_35,amp_36,amp_37,amp_38,amp_39,amp_40,amp_41,amp_42,amp_43,amp_44,amp_45,amp_46,amp_47,amp_48,amp_49,amp_50,amp_51,amp_52,amp_53,amp_54,amp_55,amp_56,amp_57,amp_58,amp_59,amp_60,amp_61,amp_62,amp_63
1700000000.000000,-60.1,64.8151,66.8431,65.4599,69.8928,65.4599,67.6757,67.7422,65.3682,67.6018,68.4251,70.2140,69.8570,70.6824,71.3092,73.5391,70.8378,71.7844,70.8378,71.8401,70.6045,70.8802,74.2159,72.0347,73.7564,75.9276,77.6660,79.6241,78.6448,81.3941,80.6040,78.8480,78.5875,79.8123,77.4919,77.7946,76.5506,73.7360,72.2357,72.6154,72.4983,68.4251,67.5352,66.7308,61.9112,58.8303,57.6888,59.4054,55.0000,54.6717,52.4023,53.7401,49.6790,0.0000,0.0000,0.0000,0.0000,0.0000,0.0000,0.0000,0.0000,0.0000,0.0000,0.0000,0.0000
1700000000.050000,-63.5,70.1783,71.1126,73.0069,73.0000,72.0000,70.0000,71.1126,73.2462,75.2396,74.9667,75.8024,76.2955,77.1038,76.4853,79.0759,74.4648,78.8480,75.9605,77.1622,76.5376,78.1089,78.4347,78.1089,81.1542,82.4621,80.2309,85.0882,84.1724,85.2350,83.3847,82.6378,83.5703,86.3308,84.1190,83.5225,81.6088,81.7435,78.1025,78.4474,75.5050,73.9797,71.8471,70.5762,68.3593,66.1891,64.0078,63.0000,62.0000,59.0339,57.3149,57.5587,53.3667,0.0000,0.0000,0.0000,0.0000,0.0000,0.0000,0.0000,0.0000,0.0000,0.0000,0.0000,0.0000
1700000000.100000,-61.1,65.9242,65.3070,65.7647,70.2353,66.2420,66.2420,68.7968,68.8186,69.6348,67.6240,69.8140,69.5270,70.8378,71.5052,74.9667,72.8629,73.5527,70.7248,73.0000,73.1095,73.8783,75.2861,73.8783,77.0065,78.6003,78.0064,79.4040,79.4040,82.6620,79.2023,83.2406,82.0061,81.6884,79.3977,78.6448,77.1038,75.6637,75.0733,74.3303,73.7564,69.0290,68.8840,67.8012,66.4003,61.0328,59.9083,61.4003,57.3062,55.4617,56.0803,54.4243,54.1202,0.0000,0.0000,0.0000,0.0000,0.0000,0.0000,0.0000,0.0000,0.0000,0.0000,0.0000,0.0000
1700000000.150000,-63.7,68.7968,68.2422,68.4105,71.4003,69.6563,69.5270,69.0290,70.1783,71.5052,72.1249,71.4493,73.0000,73.7564,74.6525,74.5185,72.4224,71.6101,73.2393,73.5731,76.0066,72.9452,77.5242,74.6257,80.0625,78.7147,78.7147,80.0625,82.7345,84.0773,83.1865,84.2199,84.2199,83.5284,81.5414,79.0569,77.6660,77.6660,76.0263,73.4098,72.6223,71.7008,70.0928,66.5282,62.9682,61.5224,60.2080,61.0737,59.8164,58.0086,56.6127,55.2268,53.7122,0.0000,0.0000,0.0000,0.0000,0.0000,0.0000,0.0000,0.0000,0.0000,0.0000,0.0000,0.0000
1700000000.200000,-60.5,71.5542,71.1758,70.0071,73.3894,74.9466,69.8928,72.1249,72.5328,72.5328,75.9276,75.7100,76.4853,78.0897,77.9295,77.7817,78.1601,78.3135,76.2365,77.1622,80.0250,77.2334,81.0000,79.0063,81.0247,83.0000,81.0000,84.0060,86.0000,83.0060,83.0000,83.0000,87.0057,87.0919,82.2192,83.2166,81.3019,80.7527,77.9295,77.4661,75.3127,73.9797,72.0347,69.6419,65.5210,66.7308,62.7694,62.2415,60.4152,58.6003,56.9386,56.3028,54.2033,0.0000,0.0000,0.0000,0.0000,0.0000,0.0000,0.0000,0.0000,0.0000,0.0000,0.0000,0.0000
1700000000.250000,-64.6,62.2013,65.4905,63.9531,63.7887,66.7083,66.2873,65.2533,65.8027,66.4078,65.1460,68.3520,70.9366,68.5420,71.1758,69.7782,68.0000,70.8308,68.6003,69.9714,72.4017,71.0211,72.1110,72.9452,75.6042,77.0065,76.4003,77.4661,77.0065,78.1025,77.0065,78.0064,78.8162,79.0569,77.3886,77.3886,75.8024,73.9256,72.4707,71.1196,70.6612,67.5426,66.2118,66.7083,62.7694,59.8080,59.1354,57.0088,57.4891,57.0701,55.7315,53.6004,52.0384,0.0000,0.0000,0.0000,0.0000,0.0000,0.0000,0.0000,0.0000,0.0000,0.0000,0.0000,0.0000
1700000000.300000,-62.9,68.2495,69.2026,66.2873,69.6348,68.2642,67.7422,68.8840,66.6483,69.3181,69.7782,69.7782,70.9366,72.2357,71.7844,72.4500,73.6817,70.8802,71.5681,72.0347,72.5672,71.8053,73.1642,74.5252,75.8024,77.1038,77.1038,81.8841,80.0625,80.0625,80.0625,78.4474,80.4114,80.0500,80.5233,79.3095,76.9220,76.6551,73.0548,73.7360,72.8011,68.1542,67.6240,64.4050,61.7171,61.2944,60.4152,59.6825,59.3633,55.2178,53.4135,53.9073,53.0754,0.0000,0.0000,0.0000,0.0000,0.0000,0.0000,0.0000,0.0000,0.0000,0.0000,0.0000,0.0000
1700000000.350000,-58.7,68.0661,67.8970,66.1891,70.3491,69.2604,68.1836,68.1836,71.0070,71.0070,70.0286,73.1095,71.2531,75.3260,73.8241,73.5527,72.9931,74.3303,73.3485,73.0069,74.4648,74.9533,75.6902,73.4983,77.7946,77.1622,78.1089,82.5409,81.2711,83.1685,81.2711,82.5651,82.0061,84.4038,82.0000,79.3095,79.4292,79.6241,75.9539,72.8354,72.5603,70.2567,71.2531,67.1193,64.0078,61.0000,60.0000,58.0775,58.0775,55.3263,53.7587,53.3667,52.2015,0.0000,0.0000,0.0000,0.0000,0.0000,0.0000,0.0000,0.0000,0.0000,0.0000,0.0000,0.0000
1700000000.400000,-63.3,65.3682,64.3506,67.6757,69.6348,66.6108,67.2012,67.0075,66.7083,68.0147,67.8822,70.0071,70.7248,70.1783,71.7008,71.5891,70.2922,73.4098,69.8140,71.8471,73.7835,71.8471,74.9466,71.8679,74.7930,76.1577,77.0260,78.2943,77.0260,80.0625,77.4145,78.3901,80.7775,80.4550,78.2368,78.2368,73.0069,75.6042,74.0270,71.0634,69.5270,68.0147,67.8970,65.0692,62.2415,60.8769,58.8982,57.0088,57.0088,54.6443,55.7584,53.7122,49.6588,0.0000,0.0000,0.0000,0.0000,0.0000,0.0000,0.0000,0.0000,0.0000,0.0000,0.0000,0.0000
1700000000.450000,-59.3,65.9697,64.8460,67.6757,69.2604,67.4166,65.9242,66.7083,68.4251,68.0000,66.7308,72.0694,72.7186,73.2462,71.2811,71.8471,71.8401,72.8011,72.6223,73.1095,74.3303,72.1803,73.5527,72.1249,74.9667,77.1557,77.1557,80.8084,78.5684,80.7217,77.2334,82.0244,80.6226,81.3449,77.8974,79.3977,76.5768,77.9872,77.6209,74.2024,73.4098,68.5055,70.2140,67.1193,65.0000,61.9112,58.6686,58.6003,59.5063,58.3095,57.2451,55.0818,53.1507,0.0000,0.0000,0.0000,0.0000,0.0000,0.0000,0.0000,0.0000,0.0000,0.0000,0.0000,0.0000
1700000000.500000,-63.3,67.0075,68.1175,68.6804,70.7107,70.0357,67.1789,70.8378,69.6563,72.3464,70.8025,71.6101,70.1783,73.2462,73.0616,73.5731,75.5910,74.2428,73.3485,74.7329,73.9256,75.1532,75.3923,75.2396,76.8440,78.4347,80.3243,83.1685,81.6088,81.9085,82.5651,83.1685,84.5044,83.0060,82.3468,81.9390,76.9675,79.6053,75.5844,76.9415,72.5603,70.1783,68.7968,67.9559,65.7343,65.2150,60.4401,60.2080,60.3075,58.0517,58.6941,55.9732,53.6004,0.0000,0.0000,0.0000,0.0000,0.0000,0.0000,0.0000,0.0000,0.0000,0.0000,0.0000,0.0000
1700000000.550000,-62.9,65.7647,68.0661,66.0984,70.4060,66.9403,68.1542,69.2604,70.5195,71.5122,69.6419,71.1758,72.4983,73.3485,72.0069,72.4707,73.0616,74.0945,71.8679,74.6324,76.0263,75.4520,75.0000,73.4098,76.8375,77.9872,78.1025,81.4678,79.5110,80.9197,82.8794,82.4621,82.4621,82.0061,82.2010,78.8162,79.6304,78.2368,73.5731,73.9256,73.9256,68.8840,70.2353,69.7711,64.8845,63.5610,59.6154,60.4070,61.0328,56.6127,58.2409,55.9017,51.3517,0.0000,0.0000,0.0000,0.0000,0.0000,0.0000,0.0000,0.0000,0.0000,0.0000,0.0000,0.0000
1700000000.600000,-60.7,67.0820,67.4685,66.7608,70.0928,67.7200,69.8928,68.0074,69.6419,68.7095,70.2638,72.4500,72.4707,73.3553,75.1798,73.9256,72.9452,75.1665,70.1783,77.4209,75.8024,78.2368,75.6042,73.4098,78.7464,78.7464,79.5110,83.0963,81.5659,85.1469,81.6884,83.2406,85.0000,83.8153,80.7094,80.7094,79.0569,76.5506,76.1577,73.9256,72.0069,72.0139,71.1126,67.1193,65.0000,62.9682,61.3514,60.7289,60.4401,59.2284,58.2495,56.5685,54.0093,0.0000,0.0000,0.0000,0.0000,0.0000,0.0000,0.0000,0.0000,0.0000,0.0000,0.0000,0.0000
1700000000.650000,-62.1,72.9178,68.0000,68.0000,67.7422,71.8679,68.7968,71.0282,71.4003,72.6223,73.4098,74.8131,74.5185,75.8222,74.2496,72.8354,77.7946,73.0000,76.5768,75.2861,76.2168,76.8375,77.0065,78.4092,79.4040,80.2122,79.4040,82.3772,85.4459,83.4865,85.7030,81.6088,85.4459,84.8116,82.6196,82.4621,84.3860,80.6598,79.9312,76.3806,72.8629,73.5527,70.0357,70.9366,65.4370,63.4114,61.4003,62.4260,60.2080,61.9112,56.7979,54.4243,54.4243,0.0000,0.0000,0.0000,0.0000,0.0000,0.0000,0.0000,0.0000,0.0000,0.0000,0.0000,0.0000
1700000000.700000,-61.9,69.5270,68.2495,68.4105,67.0075,68.8186,69.8928,67.6757,69.3397,69.1158,70.6612,71.5542,71.5542,72.0139,73.0069,70.7743,73.7360,74.9466,72.4500,73.0821,73.7631,75.8947,73.4983,74.4648,78.4474,77.6660,78.1025,81.5843,79.8311,81.5843,81.0247,80.5233,81.2527,80.9568,80.9568,80.0062,77.7946,76.2168,75.3923,72.0902,72.0902,69.4622,70.6612,68.0000,64.4981,62.7694,60.7454,57.2014,57.2014,55.3173,52.4023,52.3450,49.6790,0.0000,0.0000,0.0000,0.0000,0.0000,0.0000,0.0000,0.0000,0.0000,0.0000,0.0000,0.0000
1700000000.750000,-62.7,66.7083,67.2681,67.1789,71.5052,68.7677,67.3573,67.6240,72.8011,70.8025,69.6348,74.8866,73.7835,73.5731,73.4302,72.5603,74.6860,74.6860,71.5542,73.9256,76.1577,74.0945,78.1857,73.5391,78.4347,79.7120,78.4347,82.2192,83.1685,82.8613,80.3243,82.2800,83.5703,85.2350,81.1542,80.6226,77.8203,78.2943,73.9256,75.1798,73.0616,70.4911,70.1783,67.1193,63.8201,63.0079,61.0737,59.6657,58.8982,55.9017,54.4885,54.6717,52.4309,0.0000,0.0000,0.0000,0.0000,0.0000,0.0000,0.0000,0.0000,0.0000,0.0000,0.0000,0.0000
1700000000.800000,-62.3,67.0522,65.1920,68.7095,69.6419,70.2638,69.4622,67.5352,69.7711,71.5891,71.8679,73.5731,72.6705,74.0608,73.8173,74.4043,74.6525,74.0270,73.2462,77.2334,77.2334,77.2334,75.7430,75.0067,80.6598,80.6226,80.6226,82.7587,82.0731,83.4865,82.0244,85.5862,84.1724,85.7030,81.5659,81.8352,80.4301,80.0000,78.0064,76.8440,75.1665,72.2011,72.2011,68.0000,64.4050,65.7419,62.3939,61.6847,61.6847,59.1354,57.0088,57.2713,54.3323,0.0000,0.0000,0.0000,0.0000,0.0000,0.0000,0.0000,0.0000,0.0000,0.0000,0.0000,0.0000
1700000000.850000,-58.0,71.0282,65.8027,72.5603,72.2011,71.5891,69.3542,70.2140,72.4500,71.3092,73.7360,74.8465,75.6108,75.0000,74.6324,73.0821,78.1025,75.1864,75.4321,76.2955,78.2624,76.4853,77.7817,79.0759,77.3175,80.6226,79.6304,82.3893,85.2878,83.2947,85.3756,81.6150,83.8630,84.1724,84.7231,82.9759,84.1724,79.3095,77.2010,75.2861,72.7324,73.6817,70.5762,70.0071,64.6220,63.1585,62.6498,61.4003,60.9016,60.2080,56.8595,55.6058,53.7587,0.0000,0.0000,0.0000,0.0000,0.0000,0.0000,0.0000,0.0000,0.0000,0.0000,0.0000,0.0000
1700000000.900000,-63.3,68.2642,69.0652,65.8027,69.8928,67.8012,69.0290,68.0147,69.3109,70.0357,68.5930,72.9178,73.0000,73.0000,73.2462,74.0270,75.0000,74.8866,71.2811,75.4718,75.4718,75.4718,77.5242,74.7930,76.9220,77.3692,81.4125,82.2922,80.9506,85.8662,81.3941,81.8841,84.2199,83.5284,81.9878,81.3019,78.7718,77.9359,78.2368,74.4043,74.8131,71.4003,71.8401,68.0147,66.6033,65.0692,60.8112,60.8769,59.4643,59.2030,57.4282,55.2268,53.2353,0.0000,0.0000,0.0000,0.0000,0.0000,0.0000,0.0000,0.0000,0.0000,0.0000,0.0000,0.0000
1700000000.950000,-66.3,65.3070,64.7765,66.4831,67.3647,67.1863,66.1211,66.0076,69.0000,69.0072,70.0286,71.1758,71.1758,71.2531,71.4493,72.8354,72.1803,72.3671,73.3485,72.7805,74.2159,73.4983,75.0000,73.4983,75.8947,76.8440,78.1089,78.1089,81.7068,82.2800,82.2800,80.6536,80.3617,82.2192,77.6209,79.3095,78.8543,76.2955,75.9539,75.8024,70.5762,71.2531,68.2642,67.2681,64.0312,63.0317,60.0083,62.0322,59.0339,58.1378,55.5788,55.3173,51.6624,0.0000,0.0000,0.0000,0.0000,0.0000,0.0000,0.0000,0.0000,0.0000,0.0000,0.0000,0.0000
1700000001.000000,-60.0,66.2420,64.6607,66.8506,66.8506,68.6003,67.4240,68.4105,68.0147,70.0928,70.0071,71.4213,71.4493,72.1803,71.7008,73.2462,74.6525,73.4098,72.6223,72.4224,72.2011,73.2393,77.1038,76.0066,77.0260,77.5242,76.1577,80.1311,82.4924,81.4923,81.6333,80.7775,79.9250,80.7094,80.4487,80.0000,79.4040,76.2168,76.0592,73.7564,72.1803,70.0071,69.3109,67.2086,63.7809,60.4401,58.8982,61.4003,59.0762,58.5235,56.0803,54.1295,50.6952,0.0000,0.0000,0.0000,0.0000,0.0000,0.0000,0.0000,0.0000,0.0000,0.0000,0.0000,0.0000
1700000001.050000,-60.8,65.0692,65.0308,68.0074,68.0000,69.0652,64.0703,65.1920,65.7647,70.5762,68.8840,68.0661,69.8570,70.0928,70.0928,70.6045,72.4224,70.2140,70.5195,69.6419,72.8011,73.5391,73.8241,71.6938,73.3485,76.4788,73.3553,78.7147,78.7147,79.1770,81.4125,75.1532,77.8203,80.1124,78.3901,78.1857,75.9605,73.0548,73.3757,70.8802,70.0928,66.9403,64.7611,65.5134,60.8276,60.8276,58.5491,58.3095,56.3205,56.0357,54.0000,53.0377,49.4975,0.0000,0.0000,0.0000,0.0000,0.0000,0.0000,0.0000,0.0000,0.0000,0.0000,0.0000,0.0000
1700000001.100000,-61.8,70.5762,71.2531,71.0070,75.1066,71.0070,73.0000,73.1095,73.1095,73.2462,73.3348,76.6551,74.9667,75.9539,75.1332,75.7100,77.6209,78.3390,76.9220,77.4919,77.1622,79.0569,78.1857,77.4919,81.1542,81.7068,81.1542,83.3847,83.3847,83.7735,85.4927,86.3771,86.5390,85.7030,80.9568,83.5225,83.2406,80.7775,77.6660,75.3127,72.9931,72.9931,72.0069,70.4557,67.3647,65.2763,64.0703,61.0000,59.0000,59.0339,58.2151,55.5788,54.3415,0.0000,0.0000,0.0000,0.0000,0.0000,0.0000,0.0000,0.0000,0.0000,0.0000,0.0000,0.0000
1700000001.150000,-62.0,66.1211,67.4759,67.8970,70.0357,67.2681,66.4906,66.9403,67.4463,68.6804,69.2604,71.7844,71.5122,75.6108,72.2357,74.4648,72.4500,72.8972,72.0069,74.7930,73.4302,72.9452,74.9466,73.5731,76.5506,78.2304,77.9359,81.5414,81.5414,82.0975,81.2711,84.0595,81.6333,80.7775,80.5295,79.6492,78.7147,78.2624,76.9675,75.3923,71.5122,71.5122,69.2892,68.6804,64.8460,61.1310,61.3922,59.8415,60.0167,56.3205,56.1427,55.0000,51.0392,0.0000,0.0000,0.0000,0.0000,0.0000,0.0000,0.0000,0.0000,0.0000,0.0000,0.0000,0.0000
1700000001.200000,-61.5,67.3647,68.1836,65.0692,69.0290,68.0000,68.0000,68.0000,68.1175,69.3542,68.2642,71.5681,72.0069,72.9931,71.8053,72.3671,72.0347,73.9797,71.5681,72.4224,74.3303,72.1249,74.9466,72.4500,77.0779,76.1577,77.4726,80.2309,78.3901,80.2309,78.7909,81.3449,81.3449,78.1089,79.0569,81.0432,75.9605,77.8845,74.4648,71.5891,71.5891,66.6108,68.8840,65.7647,63.3877,60.2080,58.0775,60.0000,58.0000,54.0833,54.0833,52.4690,50.9902,0.0000,0.0000,0.0000,0.0000,0.0000,0.0000,0.0000,0.0000,0.0000,0.0000,0.0000,0.0000
1700000001.250000,-61.2,69.3109,67.3573,68.4105,72.4707,68.6003,69.4046,68.5055,69.3397,69.8928,70.4911,72.9452,72.8972,75.5910,73.8241,74.7329,73.0069,74.8465,72.6154,75.6108,74.3303,74.3303,75.0000,74.3303,78.8480,78.7464,79.1202,82.9699,82.0061,83.2406,80.0812,82.5651,83.1685,82.5409,81.9329,80.2309,78.9240,78.7909,76.9220,75.5844,74.2428,69.4622,72.1110,66.5733,64.4050,63.8201,60.6053,58.8982,58.1378,58.0517,56.5862,54.0370,53.0094,0.0000,0.0000,0.0000,0.0000,0.0000,0.0000,0.0000,0.0000,0.0000,0.0000,0.0000,0.0000
1700000001.300000,-62.0,65.5134,62.1691,66.7533,63.7887,66.6108,62.3939,63.1981,65.1920,66.0076,68.0000,68.0074,69.0290,70.1142,69.1809,68.1175,69.5845,68.4690,69.4622,69.0507,71.3863,71.0211,71.5891,71.3863,72.7805,73.4983,75.4321,76.6551,76.9220,76.1577,79.3095,74.7329,77.6660,77.1038,76.7919,74.8131,75.5381,72.3395,73.1710,69.0652,66.0681,66.0000,63.0000,63.0317,59.0339,58.2151,57.2189,55.7315,55.7315,54.3415,52.2015,51.5461,50.1597,0.0000,0.0000,0.0000,0.0000,0.0000,0.0000,0.0000,0.0000,0.0000,0.0000,0.0000,0.0000
1700000001.350000,-63.8,63.1981,65.1920,67.0298,67.0000,68.0000,64.0078,65.1230,66.1891,67.7422,67.7422,68.7314,70.8590,70.8590,69.4262,68.2495,69.3758,70.3420,70.2140,67.6757,70.8378,71.1688,73.9256,70.5762,73.5391,73.5391,73.9256,75.1532,78.3901,74.7329,79.8499,76.6942,78.1857,76.5506,77.1622,74.6324,75.0000,72.2772,69.8570,70.2140,69.0507,69.2315,65.7647,64.4981,58.4209,57.2189,56.0357,58.0345,58.0086,55.0091,53.1507,52.6118,48.0521,0.0000,0.0000,0.0000,0.0000,0.0000,0.0000,0.0000,0.0000,0.0000,0.0000,0.0000,0.0000
1700000001.400000,-61.0,64.8460,66.7608,64.5136,70.2282,67.0671,68.1542,68.0294,69.7782,68.0000,66.2420,70.8308,71.0211,71.5612,71.6101,73.8173,71.6101,72.6223,68.4105,71.5891,73.1095,72.3464,76.4853,72.8629,77.1557,76.4853,77.0779,80.6226,78.5684,82.0731,77.1557,79.9312,81.3204,78.5175,77.8974,77.9872,75.1665,77.2334,75.0000,74.2024,74.8866,68.5055,69.3397,64.8999,61.9112,62.2656,58.1378,59.0931,57.7754,55.1543,53.1413,52.4976,52.3927,0.0000,0.0000,0.0000,0.0000,0.0000,0.0000,0.0000,0.0000,0.0000,0.0000,0.0000,0.0000
1700000001.450000,-60.0,71.4213,72.1249,71.4493,74.2765,71.7008,72.4707,73.6003,72.6705,73.7835,76.5506,75.1665,74.7930,75.2928,75.6637,77.3692,77.8781,77.4726,75.6439,76.5506,76.2168,78.4347,77.7946,76.5506,81.0432,81.2711,83.2406,83.9345,84.2021,85.7263,83.9345,83.8153,85.4400,84.7703,84.7585,83.2166,83.0060,81.9390,79.1581,76.4853,76.4853,72.0694,73.9256,68.6003,65.8635,65.1920,60.7454,63.0079,62.8013,58.8982,58.0000,57.3149,53.8145,0.0000,0.0000,0.0000,0.0000,0.0000,0.0000,0.0000,0.0000,0.0000,0.0000,0.0000,0.0000
1700000001.500000,-62.2,66.0681,68.2642,67.2681,68.5930,68.7314,67.7422,67.2681,69.4262,68.6586,68.4105,72.4224,72.8011,74.6726,73.5391,72.2357,73.8241,72.0139,72.0069,72.0069,76.4788,72.8972,76.5376,74.4312,76.5506,79.4040,77.3886,80.1561,81.3019,82.3772,81.6333,80.7775,83.3547,82.7345,81.8413,82.2922,81.4371,77.3886,75.6439,73.1642,72.8011,70.5195,68.3081,69.2604,64.5601,65.0000,59.0339,60.2080,59.6825,58.4209,54.2310,55.0091,55.0818,0.0000,0.0000,0.0000,0.0000,0.0000,0.0000,0.0000,0.0000,0.0000,0.0000,0.0000,0.0000
1700000001.550000,-63.0,67.4166,66.8506,69.3181,69.3181,66.2420,66.7308,68.2642,69.0652,66.8506,67.4240,73.8173,71.0634,72.3464,70.9366,70.7672,72.1388,74.2765,72.1249,71.7008,74.8131,73.4098,74.4043,75.4321,76.6094,77.2010,76.4003,78.8162,80.7094,82.3772,81.0247,82.6620,81.6088,78.8162,79.6492,80.9197,80.2808,78.5175,76.3675,72.8354,72.1249,72.8629,69.3109,68.0147,66.0681,61.2209,60.6053,59.9083,60.7454,57.3062,56.7979,55.9464,54.0833,0.0000,0.0000,0.0000,0.0000,0.0000,0.0000,0.0000,0.0000,0.0000,0.0000,0.0000,0.0000
1700000001.600000,-63.5,69.3397,65.6049,71.8401,67.4759,70.8378,65.1920,67.1789,70.7107,70.7248,73.6614,72.9178,73.2462,74.2024,75.0000,72.8011,76.2758,71.8679,74.9466,72.5603,76.1577,76.1577,76.5376,77.8974,79.1581,80.0625,79.1581,80.0625,85.0000,80.9506,87.2066,80.0625,82.7647,85.9593,83.0060,81.5414,83.4865,79.6304,79.2023,77.0065,72.8011,75.2861,68.0147,72.1803,63.6396,65.0692,61.6198,61.7171,60.3075,61.0328,56.8595,53.7122,52.8015,0.0000,0.0000,0.0000,0.0000,0.0000,0.0000,0.0000,0.0000,0.0000,0.0000,0.0000,0.0000
1700000001.650000,-61.0,65.6201,67.3647,68.1836,69.1158,68.0074,66.0076,67.0075,68.0074,70.0643,69.2604,71.3442,70.0357,71.8471,72.0069,72.3671,73.0069,72.5328,72.5328,71.4703,72.4224,74.0000,73.3894,73.0548,76.3217,76.8960,76.6942,78.7909,80.2309,79.8499,83.3847,78.5493,79.1202,80.3243,77.1622,79.6994,77.8845,75.4321,72.7805,72.5672,71.1969,67.8970,65.7647,65.3758,60.5310,60.2993,60.0750,58.0000,57.0000,58.0000,54.0833,52.3450,50.4480,0.0000,0.0000,0.0000,0.0000,0.0000,0.0000,0.0000,0.0000,0.0000,0.0000,0.0000,0.0000
1700000001.700000,-60.8,72.0625,74.0608,69.0000,75.0000,71.0634,71.0282,70.1783,72.4431,72.5603,71.8471,72.9931,75.5050,78.1025,76.6551,79.5550,76.8440,76.2168,74.9466,77.8332,77.2528,77.4919,77.8781,76.6942,80.9506,80.9506,84.0952,84.0773,84.0773,86.7698,83.1865,86.8159,84.5813,85.2350,85.7963,85.4400,79.3788,80.3243,79.1202,77.8845,76.6551,72.3671,72.0347,69.6348,67.0820,64.4981,63.2851,63.2851,61.1310,59.0085,58.0000,55.1453,54.4518,0.0000,0.0000,0.0000,0.0000,0.0000,0.0000,0.0000,0.0000,0.0000,0.0000,0.0000,0.0000
1700000001.750000,-59.2,63.3877,63.7887,64.1327,64.9384,64.3273,63.7887,65.2533,66.4078,65.4599,67.6757,69.6419,68.1542,68.1542,69.3542,69.7782,70.7107,68.9638,71.3442,71.5612,70.7248,70.1783,74.0608,71.4003,75.6042,74.8131,74.0270,76.0592,79.6492,79.0253,78.2432,79.2023,79.4040,78.2368,76.5506,78.2304,75.4718,74.4312,72.4707,73.8241,69.3181,68.8767,66.2118,67.2309,60.9262,60.1664,57.2451,57.0088,57.5674,55.5428,52.7731,53.4603,51.0392,0.0000,0.0000,0.0000,0.0000,0.0000,0.0000,0.0000,0.0000,0.0000,0.0000,0.0000,0.0000
1700000001.800000,-64.2,68.6222,66.1287,68.9420,68.0294,67.9779,66.6408,68.0955,67.2309,69.6419,67.7422,72.2011,70.2140,72.0069,72.2011,72.2011,71.0634,71.5891,73.0000,74.2496,74.9533,72.8354,76.3806,74.2496,76.3806,78.5684,77.8974,78.7464,81.5659,80.7217,80.0562,81.3204,81.3449,80.6226,78.5684,78.5684,77.9872,74.6525,73.4098,72.8011,71.6101,69.0652,67.1193,67.4166,61.4003,59.9416,59.0339,56.4624,57.0088,55.7136,54.4059,53.3667,51.6236,0.0000,0.0000,0.0000,0.0000,0.0000,0.0000,0.0000,0.0000,0.0000,0.0000,0.0000,0.0000
1700000001.850000,-63.5,69.9714,66.6483,70.6824,68.4251,71.5891,67.2309,67.0671,69.2892,70.2140,72.1249,72.5328,72.2772,72.7805,72.5672,70.2140,75.6637,72.6911,74.8131,72.2496,73.1710,76.3217,74.1080,77.1622,77.0584,78.0000,79.0000,80.0000,83.0060,81.0000,83.0241,81.1542,82.0549,82.0975,79.4040,80.5047,81.6150,75.9539,75.5050,73.7564,69.6348,70.0928,67.0522,68.0074,62.2977,63.2456,59.2368,60.9262,57.7754,58.1378,55.0727,53.8516,51.2250,0.0000,0.0000,0.0000,0.0000,0.0000,0.0000,0.0000,0.0000,0.0000,0.0000,0.0000,0.0000
1700000001.900000,-63.0,66.0681,67.3573,65.6049,67.4240,66.2873,66.0303,66.8880,66.2420,68.4251,68.8767,70.2140,69.0797,68.7095,70.5762,70.5762,70.8378,71.7844,68.9638,71.3092,72.2772,73.2462,72.5672,72.3671,72.9931,75.5050,75.8024,77.7817,79.0759,78.2624,76.9415,78.2624,77.2787,79.0759,77.3692,78.5875,75.4321,74.7262,71.7844,72.4500,71.8679,67.1193,67.1193,65.3070,62.1691,59.4811,58.1808,55.5698,56.6039,54.4059,53.4135,49.6790,51.6236,0.0000,0.0000,0.0000,0.0000,0.0000,0.0000,0.0000,0.0000,0.0000,0.0000,0.0000,0.0000
1700000001.950000,-61.5,67.4463,66.4078,68.0074,66.4078,68.1542,66.3099,66.6408,65.2993,65.7647,70.7107,68.9638,72.4017,69.3397,70.0000,70.8025,73.4098,72.6223,73.8783,70.8378,74.2496,74.9667,75.0733,74.9667,75.0733,78.5175,77.8332,79.2465,80.6598,80.6598,82.7587,79.2086,82.0244,80.6226,79.2465,81.5659,79.5110,77.0065,75.0000,73.8173,71.6101,69.8928,68.5055,68.7968,62.7694,62.2656,58.1378,60.0083,57.3847,57.2451,55.3624,54.1202,49.4975,0.0000,0.0000,0.0000,0.0000,0.0000,0.0000,0.0000,0.0000,0.0000,0.0000,0.0000,0.0000
1700000002.000000,-59.1,67.5426,67.9779,69.3542,66.7308,72.7186,69.3397,67.6757,67.4240,71.4003,70.8378,72.6223,72.9178,73.5935,73.5391,73.5391,75.0067,73.7564,71.5052,75.6042,75.0000,74.6525,76.6094,75.8024,78.2368,79.0569,80.7094,80.7094,83.5284,84.0595,84.5991,82.6620,85.7030,85.2115,82.0061,80.6040,80.9197,78.7464,77.1038,73.5391,75.0067,73.5391,70.0357,70.0928,67.3573,66.0681,62.0081,63.0079,59.0762,59.1693,58.1378,55.9017,52.8110,0.0000,0.0000,0.0000,0.0000,0.0000,0.0000,0.0000,0.0000,0.0000,0.0000,0.0000,0.0000
1700000002.050000,-59.5,65.2993,66.4003,67.0075,67.4240,65.4599,68.5055,67.9559,67.7422,68.6003,67.5352,69.7711,69.8570,72.0902,70.7743,72.2357,70.5762,71.3092,69.8928,72.7324,73.0548,73.3757,74.0405,71.5681,74.7329,77.8781,79.8311,80.2808,77.8781,81.7435,79.0759,79.8123,79.5550,81.2711,80.6536,80.0562,75.2728,74.6726,74.4648,72.4983,72.9178,66.2420,67.6018,63.1348,61.0574,59.0762,58.0086,58.6003,56.8507,54.5619,52.4976,52.3450,50.4480,0.0000,0.0000,0.0000,0.0000,0.0000,0.0000,0.0000,0.0000,0.0000,0.0000,0.0000,0.0000
1700000002.100000,-57.2,70.4060,69.5845,71.4493,73.6817,72.3395,70.2567,71.0282,71.0000,73.0000,72.0000,76.0000,75.2396,75.2396,74.8131,75.6637,75.1332,75.7100,75.1332,75.9276,76.4003,75.7100,78.5875,75.6902,80.9568,81.0432,81.9085,84.4334,82.8613,83.8153,84.4808,84.7703,82.7103,86.1278,84.4038,82.9759,82.2010,80.8950,77.5242,77.4145,74.4312,73.1710,71.0282,70.0071,65.0000,63.0000,62.0081,60.2993,59.3043,58.6941,56.2939,56.2939,54.7083,0.0000,0.0000,0.0000,0.0000,0.0000,0.0000,0.0000,0.0000,0.0000,0.0000,0.0000,0.0000
1700000002.150000,-63.5,69.0652,68.0000,69.0290,71.0000,71.1758,68.1175,69.7209,70.7107,69.8713,72.5672,74.3303,74.2159,75.4321,74.7262,74.0405,74.3303,75.0267,74.4648,75.2396,78.2943,76.5572,77.3692,75.6439,79.1770,79.1770,80.9506,83.2406,83.1865,84.1190,83.6481,84.5281,81.8596,81.8596,81.5414,80.2309,79.4796,78.4347,77.2010,75.9605,72.8011,71.5681,69.8570,69.6348,66.2873,63.9531,58.8558,61.4003,62.2013,57.0351,57.0000,56.1427,51.3517,0.0000,0.0000,0.0000,0.0000,0.0000,0.0000,0.0000,0.0000,0.0000,0.0000,0.0000,0.0000
1700000002.200000,-63.8,68.7677,70.7248,71.4213,70.0071,73.5935,70.9366,72.8011,71.8401,71.4003,72.8011,76.0263,72.9452,74.6257,74.4312,74.9466,76.0592,77.3692,73.3553,75.5844,76.0592,76.0263,76.9675,76.9675,81.7068,80.2309,82.6378,83.0060,83.2166,84.3090,83.5703,82.7647,84.5813,85.0000,83.6481,81.4125,79.2591,79.7559,77.1038,76.0263,74.6324,72.8011,71.0634,67.3573,65.9469,65.0692,63.6396,60.2080,58.8982,58.4123,56.0357,56.0803,51.4781,0.0000,0.0000,0.0000,0.0000,0.0000,0.0000,0.0000,0.0000,0.0000,0.0000,0.0000,0.0000
1700000002.250000,-59.6,65.2150,67.6757,66.3702,67.7422,67.6018,68.8840,67.5352,68.0294,68.0294,67.2309,71.3092,69.6419,71.4703,70.8378,70.5195,73.4983,72.5328,68.8840,72.7805,72.5672,72.7805,73.8241,72.1803,75.9539,76.9415,76.7919,79.5110,77.9295,79.9062,77.6466,79.6241,78.6448,79.8311,77.3692,78.3390,75.6902,74.0405,74.0000,72.8011,71.5122,67.6240,67.9779,65.7419,64.8460,60.4152,58.1808,60.2080,58.5235,54.6443,54.0370,51.6624,53.0377,0.0000,0.0000,0.0000,0.0000,0.0000,0.0000,0.0000,0.0000,0.0000,0.0000,0.0000,0.0000
1700000002.300000,-59.3,65.3070,64.4748,65.5515,66.4831,67.4166,65.8027,66.7608,66.2193,68.4105,68.6586,69.2315,70.0357,71.8471,70.7107,71.5681,71.2531,72.1110,70.2567,71.0070,73.0069,71.0000,73.0000,72.0000,76.1052,76.0592,76.1052,78.2304,78.0256,79.1012,79.0063,77.0000,78.0000,78.0577,77.0584,77.1622,77.1622,75.3260,72.0069,71.8471,70.8590,67.2681,65.3070,65.2533,61.4003,60.4401,58.1893,57.2451,54.7814,54.6260,53.2353,51.6236,50.0000,0.0000,0.0000,0.0000,0.0000,0.0000,0.0000,0.0000,0.0000,0.0000,0.0000,0.0000,0.0000
1700000002.350000,-59.3,69.0000,68.0000,69.1158,70.0643,70.3491,71.2531,69.4622,69.4262,72.0069,71.5681,73.4983,74.3303,72.7324,74.9466,75.2728,76.3217,76.5572,75.2396,72.8972,73.3485,75.5844,76.9415,78.7718,80.4550,80.7094,80.7775,82.0975,84.0595,84.5991,83.5284,83.0060,84.7231,85.0882,82.2982,82.2922,83.1865,80.5295,76.4853,76.1577,74.0945,73.3894,71.1688,69.2604,65.8027,65.8027,62.5859,63.1506,61.6604,60.5310,58.4209,57.0351,53.0000,0.0000,0.0000,0.0000,0.0000,0.0000,0.0000,0.0000,0.0000,0.0000,0.0000,0.0000,0.0000
1700000002.400000,-65.4,71.2531,70.3491,71.0634,74.0068,71.0282,71.0070,72.0000,73.0616,72.2496,74.3303,76.2365,75.8024,77.9295,75.9539,76.1183,78.1025,77.1298,77.3692,76.2430,77.4919,75.0000,80.0062,76.2168,79.7120,81.9329,83.5703,85.0941,84.3090,85.7963,84.5044,84.4334,85.0706,84.7703,83.6780,83.9345,81.0247,82.3772,78.6448,77.7817,74.9667,71.5681,71.5681,71.1758,66.0681,64.0078,64.0000,64.0078,62.0322,58.3095,58.5491,58.4637,53.4509,0.0000,0.0000,0.0000,0.0000,0.0000,0.0000,0.0000,0.0000,0.0000,0.0000,0.0000,0.0000
1700000002.450000,-62.4,68.0294,69.7782,70.4911,69.3397,70.1783,69.3397,69.4046,69.2026,73.2462,70.0928,73.8783,73.0000,74.9667,73.5527,74.2496,73.6614,75.8222,73.7564,74.0270,75.0000,77.8010,78.8162,75.8024,78.7718,79.0569,77.6660,81.5414,82.9277,84.0595,84.0595,84.0536,85.2115,86.6083,82.6196,82.3286,81.4678,80.0562,76.3675,77.7817,75.6637,71.5052,70.2922,68.7677,64.6607,63.6003,63.0079,62.1289,61.2944,58.6686,56.7979,57.2713,55.0273,0.0000,0.0000,0.0000,0.0000,0.0000,0.0000,0.0000,0.0000,0.0000,0.0000,0.0000,0.0000
1700000002.500000,-64.8,66.3099,66.8506,66.4078,70.8378,65.8027,67.4463,65.9697,68.6586,69.7209,69.2315,68.8840,70.4557,73.2462,73.1710,74.1687,71.0000,73.0000,71.0070,73.1095,72.1110,73.1095,75.5381,73.1710,74.5453,77.4145,77.5242,80.6226,78.9177,79.9062,79.7621,80.3990,80.2247,81.1542,79.1012,79.1012,77.0065,76.0000,74.0000,73.0616,72.1110,68.1836,68.1836,68.4690,62.5140,61.5224,58.8558,58.2495,57.7235,54.5711,55.3624,54.7814,51.4296,0.0000,0.0000,0.0000,0.0000,0.0000,0.0000,0.0000,0.0000,0.0000,0.0000,0.0000,0.0000
1700000002.550000,-62.4,66.2193,65.3070,66.2873,68.2495,66.6108,64.7765,67.3647,67.2681,68.1175,69.0072,69.0652,71.0282,71.0000,70.0643,72.0069,72.2496,71.5681,70.2567,71.7008,71.8471,71.5681,72.0069,74.9667,74.5252,76.4853,75.9276,77.8781,78.1025,79.0759,78.8543,77.1038,78.0897,78.9177,77.7817,77.2334,77.2334,76.1052,73.0274,71.0000,71.0000,68.0661,64.1249,65.0308,59.3043,60.5310,58.8558,57.2713,57.2713,54.1202,53.4509,52.5547,49.1935,0.0000,0.0000,0.0000,0.0000,0.0000,0.0000,0.0000,0.0000,0.0000,0.0000,0.0000,0.0000
1700000002.600000,-60.9,66.5733,68.4105,65.8027,68.2422,69.5270,68.0147,69.3542,67.8970,69.2965,69.3542,72.9178,73.4098,71.8401,73.4098,75.4321,75.8024,75.7166,73.2393,74.4312,74.4312,75.4718,76.6616,74.3034,78.2624,79.6492,78.7210,81.3941,81.0062,85.0000,83.1865,81.0062,82.8553,83.8630,82.3772,83.2166,80.7094,79.8812,77.2010,74.0270,73.8783,71.5052,70.7248,69.2965,63.6553,63.6553,62.3699,61.2209,58.4123,58.8218,57.6888,55.4707,52.8015,0.0000,0.0000,0.0000,0.0000,0.0000,0.0000,0.0000,0.0000,0.0000,0.0000,0.0000,0.0000
1700000002.650000,-63.3,67.7791,67.9779,65.2993,70.6612,66.2420,65.8635,66.8880,69.0652,70.4557,70.8025,71.4003,72.0069,74.5185,70.0357,76.4853,73.5527,72.1249,71.4213,75.7430,74.3303,75.0733,76.0592,75.9276,77.8010,81.2158,80.6040,80.8022,80.8022,84.4038,81.8352,82.6196,81.8352,83.6301,79.2086,83.4386,81.3204,77.7946,76.4199,73.7564,75.9276,71.8401,72.2011,67.6757,64.6375,62.1289,61.4003,61.7738,59.9416,57.2713,57.5847,56.3028,52.6308,0.0000,0.0000,0.0000,0.0000,0.0000,0.0000,0.0000,0.0000,0.0000,0.0000,0.0000,0.0000
1700000002.700000,-60.6,68.6804,68.7677,70.8025,71.8401,69.4046,69.6348,69.3397,68.6003,69.4622,73.4302,72.4707,74.2496,75.1532,73.0069,74.4648,74.6726,72.4500,74.0000,74.0405,75.0000,74.3303,77.3692,75.2861,78.8543,79.3095,78.8543,81.5843,81.7863,84.5281,83.7437,81.2527,80.7775,82.2800,81.6088,80.6536,80.9568,77.4919,76.6942,73.5391,73.0069,70.6824,70.6612,67.0820,63.5295,61.4003,60.5392,59.3633,59.4054,57.8014,56.0803,52.3450,52.4976,0.0000,0.0000,0.0000,0.0000,0.0000,0.0000,0.0000,0.0000,0.0000,0.0000,0.0000,0.0000
1700000002.750000,-60.6,68.0000,67.0075,68.1836,69.2604,70.4557,65.6201,69.2315,69.6348,68.6586,69.8570,71.0634,72.5328,73.0821,72.1110,70.2282,73.8241,71.6938,75.6439,75.1332,74.7930,74.2428,77.0260,76.5376,78.0320,78.3901,76.6616,80.4487,81.5414,79.3221,82.9277,80.4550,81.6333,83.3547,79.2591,78.7718,81.3941,76.5572,74.8465,74.0945,70.0071,71.1688,66.8506,68.9493,61.6847,61.0328,59.9083,59.4390,59.2284,58.5491,57.1402,55.0091,51.0392,0.0000,0.0000,0.0000,0.0000,0.0000,0.0000,0.0000,0.0000,0.0000,0.0000,0.0000,0.0000
1700000002.800000,-62.6,66.0984,66.2193,68.6804,71.5681,73.3757,70.8802,68.7095,69.6419,71.6938,72.4500,74.2496,76.0263,72.9452,73.4302,74.7930,76.0066,75.4718,76.5506,75.0000,76.6094,78.8162,78.2368,78.6003,81.0555,83.7377,82.3286,85.2760,85.0412,85.9128,85.9128,81.8352,85.2115,86.2670,85.7030,85.7555,83.0060,82.1523,81.4923,79.1581,72.4500,75.6439,72.9178,69.8570,67.7791,66.7308,62.9365,65.0000,59.6657,59.2284,58.5491,58.0775,55.0000,0.0000,0.0000,0.0000,0.0000,0.0000,0.0000,0.0000,0.0000,0.0000,0.0000,0.0000,0.0000
1700000002.850000,-63.0,68.7095,68.7095,69.8570,69.8570,68.8840,68.4251,68.8840,71.0211,69.4622,70.1783,73.2393,74.4043,74.8131,72.0069,74.0270,72.4707,75.0733,70.1783,73.5391,73.5527,74.9667,75.6902,74.2496,77.9872,78.7464,77.2334,81.4678,79.3095,84.2912,82.2192,80.6226,82.7587,82.7345,80.6598,77.8974,78.5684,76.6942,75.2861,73.4098,72.8011,70.1783,70.1783,67.2309,64.4981,62.7694,59.9416,61.2699,59.6154,56.0803,55.9732,55.3624,52.3927,0.0000,0.0000,0.0000,0.0000,0.0000,0.0000,0.0000,0.0000,0.0000,0.0000,0.0000,0.0000
1700000002.900000,-62.1,66.5282,64.3506,65.7951,67.2681,68.0147,67.3573,68.0147,67.3573,68.4105,71.0282,71.8679,70.4911,72.9452,71.5891,72.5603,75.1532,71.1126,72.0069,70.3847,72.4500,76.0592,73.5391,72.8011,75.9605,78.7464,79.0569,79.7120,81.9085,80.9568,80.9568,79.3788,81.5414,81.0247,80.0562,79.1581,77.3692,77.8203,74.7061,74.7930,72.2011,69.8928,69.0652,68.0074,64.2028,63.2535,60.8276,60.8769,57.9828,57.3847,55.9017,54.0370,52.4309,0.0000,0.0000,0.0000,0.0000,0.0000,0.0000,0.0000,0.0000,0.0000,0.0000,0.0000,0.0000
1700000002.950000,-61.2,67.2681,67.2681,68.8840,70.2922,70.6045,68.8186,69.8928,69.3397,69.6419,71.1969,72.5603,71.5542,73.7902,73.8241,75.6439,74.6726,74.3303,73.3894,74.6324,74.0405,74.9466,74.7262,73.4983,77.1298,80.5233,80.0500,81.0247,81.0247,84.7231,81.2527,81.7435,82.4621,84.2021,80.9568,79.3788,78.5493,79.8499,75.2396,73.4098,72.9178,68.0000,70.6612,65.7647,64.4981,64.4981,60.2080,60.8030,56.0357,57.6281,55.9017,53.7401,53.1507,0.0000,0.0000,0.0000,0.0000,0.0000,0.0000,0.0000,0.0000,0.0000,0.0000,0.0000,0.0000
1700000003.000000,-66.6,66.1211,66.1211,66.1891,68.2642,68.7314,68.0661,65.6201,69.6348,71.1969,66.7608,71.7844,72.4500,71.1688,71.3092,72.4500,74.8465,73.9256,72.0902,72.0069,72.4500,74.2428,76.9220,73.4302,76.0066,77.9359,76.0066,84.0595,81.3019,81.8352,81.3019,81.0062,81.8841,82.2982,80.0562,82.8553,79.7057,77.8781,76.1577,73.7360,74.9466,69.6419,70.6045,66.2193,65.5134,64.3273,59.8415,60.6712,59.4138,57.3149,56.0803,58.0086,54.2310,0.0000,0.0000,0.0000,0.0000,0.0000,0.0000,0.0000,0.0000,0.0000,0.0000,0.0000,0.0000
1700000003.050000,-62.2,69.2604,69.3542,69.0507,69.8713,70.4060,70.6116,71.0634,71.5681,70.2140,72.4500,74.0945,73.0069,76.9675,73.3485,73.8241,76.0592,73.4302,74.3034,74.9466,77.5242,76.8505,77.6981,77.1038,80.0000,80.2122,80.0000,82.2010,83.6002,85.0000,82.2010,84.6286,86.6083,84.0595,84.9058,82.1523,81.4923,80.1311,79.1770,77.8203,73.3485,71.5891,71.6938,70.9366,66.8506,66.4078,61.4003,63.0635,60.8769,59.2284,57.8705,57.3149,53.0000,0.0000,0.0000,0.0000,0.0000,0.0000,0.0000,0.0000,0.0000,0.0000,0.0000,0.0000,0.0000
1700000003.100000,-60.7,66.0681,68.0147,68.5930,70.0357,70.0071,69.3542,68.0147,68.8840,69.6563,70.8025,73.4098,72.2011,76.2758,73.2462,76.0066,73.4302,73.8241,72.4707,74.6860,76.9675,78.2943,77.0779,75.1532,76.6942,80.7775,80.6226,81.3449,81.9329,83.5703,84.3090,83.3847,85.0882,85.0000,81.3941,81.0062,78.7718,80.2621,76.3217,75.4718,72.4224,72.8011,71.4003,69.2026,68.1175,67.2681,61.5549,62.2415,60.1082,59.5483,58.4123,56.0357,54.5894,0.0000,0.0000,0.0000,0.0000,0.0000,0.0000,0.0000,0.0000,0.0000,0.0000,0.0000,0.0000
1700000003.150000,-64.8,67.8970,70.0357,68.8840,69.5270,70.6045,71.6101,69.4046,70.1783,69.3397,69.4622,73.4302,72.4500,73.3485,76.0592,74.3236,73.5391,74.6726,71.5122,74.3303,74.9466,75.2728,76.2430,74.3303,78.8480,78.3390,80.2808,81.2527,81.2527,84.6463,79.3095,81.3204,83.8153,83.1685,81.2711,79.1202,78.0000,77.4726,76.5572,73.3485,73.3485,68.8840,71.1969,65.3682,64.1405,62.9682,59.9083,61.0328,58.8982,57.3847,57.3847,53.7587,51.8556,0.0000,0.0000,0.0000,0.0000,0.0000,0.0000,0.0000,0.0000,0.0000,0.0000,0.0000,0.0000
1700000003.200000,-60.9,71.2811,66.0379,71.6938,71.6938,73.3553,68.0000,70.2638,70.7743,71.5122,74.0000,73.6817,73.4983,74.2159,73.2462,72.7805,78.8543,72.9931,78.0897,74.8131,75.8024,77.7817,77.6466,78.4092,79.1012,81.2219,82.0061,82.1523,85.1469,83.0963,88.0511,82.2192,83.2166,83.7257,83.6002,83.1865,83.0241,78.2624,79.3095,77.3692,73.4983,74.4648,68.0074,71.1688,64.8460,62.9682,62.2415,62.1691,59.9416,58.1808,57.4543,55.2178,53.4135,0.0000,0.0000,0.0000,0.0000,0.0000,0.0000,0.0000,0.0000,0.0000,0.0000,0.0000,0.0000
1700000003.250000,-65.3,66.0303,66.0379,68.2642,69.8355,67.1193,67.5352,68.4251,69.3542,71.6938,70.0071,70.9366,73.3757,74.0405,72.5328,72.8011,75.5050,75.5050,72.5672,74.8131,74.8131,76.4853,76.6551,74.5453,75.2396,80.2247,79.1581,81.1542,79.1012,83.1505,82.2192,80.3057,80.5047,80.7527,80.0625,80.4114,76.2955,78.4474,75.9276,75.1864,72.8011,68.9638,70.2140,66.7308,62.0322,62.0322,58.6003,59.0339,59.0593,56.8243,53.3385,54.0833,50.6063,0.0000,0.0000,0.0000,0.0000,0.0000,0.0000,0.0000,0.0000,0.0000,0.0000,0.0000,0.0000
1700000003.300000,-62.6,66.9104,67.6018,67.3647,71.4493,68.1836,71.1126,70.0000,71.0070,73.0000,71.1758,74.0608,73.3348,75.3260,73.3348,73.8241,73.1642,73.3485,74.1485,73.9797,76.6551,75.6902,76.9220,74.4648,79.6994,80.0062,79.3788,81.5966,80.9568,84.7703,82.8613,81.3204,82.8613,82.2800,81.4923,81.2527,78.2624,79.9062,74.5453,73.4370,74.3303,70.2567,70.2567,68.0661,66.0000,64.0000,61.0328,61.0328,59.3043,56.3205,57.0701,56.2939,53.1601,0.0000,0.0000,0.0000,0.0000,0.0000,0.0000,0.0000,0.0000,0.0000,0.0000,0.0000,0.0000
1700000003.350000,-65.3,66.0000,68.1175,64.2806,69.1809,66.3702,67.6018,68.7314,69.6348,70.4060,66.7083,69.8570,70.8802,70.2140,70.2140,72.4224,70.0071,73.5391,70.9366,73.3485,74.7329,73.3485,75.5910,71.1126,75.1332,75.6637,76.0592,78.3901,78.2943,78.7718,77.4145,83.1865,80.9506,80.6226,80.6226,78.5493,77.0779,74.3303,75.2861,71.1688,72.4224,66.7083,69.6348,66.0984,64.1327,61.6604,58.3095,58.2151,57.1402,53.0094,55.0000,53.1507,53.6004,0.0000,0.0000,0.0000,0.0000,0.0000,0.0000,0.0000,0.0000,0.0000,0.0000,0.0000,0.0000
1700000003.400000,-61.8,66.0000,67.0671,70.1142,68.2642,70.3491,67.7422,68.0661,71.0211,69.6348,71.0634,73.2462,72.8011,74.0000,75.2728,73.0548,75.0267,73.5391,73.1642,72.9178,72.8972,75.1532,76.0263,75.1532,77.0260,79.7559,77.8974,81.6333,81.9878,81.0062,83.0060,81.4125,81.4125,82.7345,79.6241,82.4621,77.8781,76.6942,75.2396,73.3894,72.1110,71.1688,67.7200,65.9697,63.3482,61.1882,62.9682,59.5399,58.2151,56.1427,56.0357,54.0000,52.3450,0.0000,0.0000,0.0000,0.0000,0.0000,0.0000,0.0000,0.0000,0.0000,0.0000,0.0000,0.0000
1700000003.450000,-66.7,68.0661,68.0661,68.8840,69.6348,70.3420,68.4105,67.3573,68.9493,71.5122,69.8570,69.8570,71.5542,71.5542,72.8972,73.3553,72.0694,74.4312,72.9452,71.0211,72.9452,75.8024,76.0066,73.0069,74.6525,79.8123,78.2432,81.8352,83.4086,81.6088,80.2122,79.6304,81.2711,80.4550,81.3019,81.0062,77.8974,77.0260,75.1332,76.4853,75.2396,70.3847,68.7095,67.6757,61.0328,62.9365,59.2030,59.9083,59.0339,56.7186,54.5894,55.0818,52.0000,0.0000,0.0000,0.0000,0.0000,0.0000,0.0000,0.0000,0.0000,0.0000,0.0000,0.0000,0.0000
1700000003.500000,-59.9,69.5845,66.2722,69.2604,70.0643,72.0278,67.0075,70.0000,70.0071,69.1158,72.2496,73.5527,74.8131,74.9667,72.3671,72.3671,75.9276,73.7564,74.4648,74.9466,77.2010,75.5844,75.2728,76.2168,79.3095,79.1202,77.6209,80.6226,82.4621,83.3847,81.7068,81.3449,82.6378,84.4334,81.9085,80.0812,79.3095,77.6209,76.9025,73.1642,72.3671,70.0357,69.7209,70.5762,64.2806,63.1981,61.0328,61.0000,59.0000,59.0000,58.2151,54.3323,51.1957,0.0000,0.0000,0.0000,0.0000,0.0000,0.0000,0.0000,0.0000,0.0000,0.0000,0.0000,0.0000
1700000003.550000,-62.1,66.1891,67.2681,63.3877,65.4905,67.8970,65.1153,65.1153,67.4685,68.4105,67.7200,69.9214,70.2282,73.3894,71.5122,70.9366,73.8241,71.5891,70.2638,72.0694,72.0069,72.4500,73.3553,71.5891,74.3303,74.4312,75.4718,78.2304,79.0759,78.5493,81.6333,77.8974,78.7718,79.6053,79.1581,78.2943,76.9675,73.9256,71.8679,71.8679,71.1688,67.7200,66.7608,66.4831,60.6383,60.2080,58.5491,58.6941,57.4282,54.1479,54.1479,52.0000,49.2544,0.0000,0.0000,0.0000,0.0000,0.0000,0.0000,0.0000,0.0000,0.0000,0.0000,0.0000,0.0000
1700000003.600000,-62.2,66.6108,68.6003,67.3573,72.9178,68.6804,68.6804,70.0357,71.4213,71.5052,70.4344,73.2462,72.8011,72.4224,77.1038,73.7835,74.0945,74.9466,74.0945,75.6637,74.3034,76.5376,78.2624,76.0263,79.7057,80.6226,79.8499,85.0882,83.2586,84.6936,81.9390,84.0952,83.1926,83.6481,81.8841,81.6333,80.1561,77.5242,79.8812,76.5506,75.2130,71.8401,73.4098,69.6563,66.6033,65.0692,62.2415,62.9365,60.9590,58.8982,57.0088,56.0357,54.5894,0.0000,0.0000,0.0000,0.0000,0.0000,0.0000,0.0000,0.0000,0.0000,0.0000,0.0000,0.0000
1700000003.650000,-64.1,64.4981,65.3682,66.2420,70.2140,64.8460,66.6408,67.7791,67.2309,68.3520,69.8928,70.2140,70.6045,72.5328,71.3863,72.2772,71.1969,71.7008,70.8590,73.5527,74.2428,73.5527,75.1665,71.2531,77.0065,77.0260,77.0065,79.0000,79.0000,83.0000,78.0000,83.0060,83.0542,79.2275,77.3175,78.3135,75.5381,76.6551,73.9797,71.8471,72.0069,65.5134,68.6586,65.0000,64.0312,61.9839,58.1893,59.4643,56.4624,54.6260,53.7122,52.8394,50.4777,0.0000,0.0000,0.0000,0.0000,0.0000,0.0000,0.0000,0.0000,0.0000,0.0000,0.0000,0.0000
1700000003.700000,-67.2,68.0661,66.6108,67.2681,71.3442,70.1142,71.0634,68.0000,71.0000,71.0070,70.0643,72.1734,74.2428,75.2396,73.2462,73.8241,74.1485,75.3127,72.7805,75.6902,74.4648,75.4321,77.7946,74.7262,77.1622,77.7946,78.4474,82.5409,81.5966,85.0941,81.2711,81.9085,80.9568,84.2021,82.4621,80.2808,78.6448,79.0759,75.9539,74.8131,73.6817,71.2531,72.1734,66.0303,64.0703,63.0079,60.0000,62.0322,61.2046,57.3149,53.9351,54.5711,52.8867,0.0000,0.0000,0.0000,0.0000,0.0000,0.0000,0.0000,0.0000,0.0000,0.0000,0.0000,0.0000
1700000003.750000,-65.8,68.3593,66.2722,68.0661,71.1758,68.0000,69.0000,70.1142,69.1158,72.2496,69.3542,71.7008,72.6911,72.0069,73.7564,72.3671,73.4983,74.7262,73.4983,73.3757,74.6324,74.9466,74.6726,75.2728,77.4726,78.7909,78.0000,81.9390,84.1724,83.7735,83.6720,80.7775,83.3847,82.5409,79.0569,80.3617,79.0569,76.9220,76.4003,73.5459,71.5891,69.0507,68.0661,67.6018,63.3877,61.2944,61.1310,58.0086,58.0000,58.0775,55.2268,53.3385,52.6118,0.0000,0.0000,0.0000,0.0000,0.0000,0.0000,0.0000,0.0000,0.0000,0.0000,0.0000,0.0000
1700000003.800000,-60.6,66.4831,65.8027,67.4166,67.7791,67.2309,69.3542,69.3542,68.4471,68.0000,69.3542,70.7107,69.6419,74.3303,72.9452,71.2811,73.4098,73.2462,73.4098,75.0733,74.3303,75.8222,73.5527,74.2765,74.9667,77.7946,78.4920,79.9312,79.3095,81.4678,84.1724,82.7345,83.4506,80.6226,80.6598,78.6448,81.0555,79.8123,75.8024,72.4017,71.2811,70.7248,68.5055,70.1783,64.4981,64.0078,59.9416,59.5063,59.5063,58.5235,55.9732,56.5155,51.6236,0.0000,0.0000,0.0000,0.0000,0.0000,0.0000,0.0000,0.0000,0.0000,0.0000,0.0000,0.0000
1700000003.850000,-61.4,67.6757,67.4240,67.2309,72.2011,66.7308,70.7107,70.6612,69.7782,72.0902,69.0797,73.9256,73.7360,74.3303,74.9466,75.5844,73.4983,76.6551,73.4983,75.7100,76.4853,75.5050,78.0897,74.3303,79.5110,79.7621,79.9062,82.8734,80.8950,82.8734,79.9062,82.5651,82.2010,83.1986,81.2527,79.5550,78.1601,76.2168,76.2168,75.9605,73.3894,68.5420,73.0069,66.2118,65.3070,63.0635,58.6686,59.6825,59.3633,54.4059,56.0803,55.9017,53.0377,0.0000,0.0000,0.0000,0.0000,0.0000,0.0000,0.0000,0.0000,0.0000,0.0000,0.0000,0.0000
1700000003.900000,-61.6,67.4166,63.2851,71.1196,69.3181,70.6612,67.5426,70.9366,69.0797,70.2282,72.7324,71.1688,71.8401,74.9533,74.5252,72.7805,74.9667,71.7008,74.6726,74.4312,75.1665,73.4370,76.0263,78.1601,76.0000,81.0000,78.0000,79.0253,81.0987,82.0000,84.0060,81.0000,84.0000,83.1505,80.0999,81.3019,80.3990,77.5242,74.6726,70.8590,71.8471,71.1969,68.4471,67.6831,62.5859,60.4401,61.0328,59.1354,60.0833,58.6941,54.5619,54.5894,52.6973,0.0000,0.0000,0.0000,0.0000,0.0000,0.0000,0.0000,0.0000,0.0000,0.0000,0.0000,0.0000
1700000003.950000,-60.4,64.3817,64.7765,65.7647,68.8840,66.2873,66.7083,65.5210,66.7608,68.6222,67.0671,70.5762,70.0071,69.3542,70.2140,72.0139,71.1126,71.1196,71.1196,72.2011,72.2011,73.0616,73.5731,74.0945,76.6094,78.7718,75.4520,80.2122,78.2368,80.4487,80.4487,79.0759,80.1561,79.4040,80.2621,79.6492,78.2624,74.2428,72.9178,73.0069,71.3092,67.4166,67.6757,65.8027,62.9365,58.9406,59.9083,59.2284,56.5685,55.4437,53.2353,54.0093,50.0100,0.0000,0.0000,0.0000,0.0000,0.0000,0.0000,0.0000,0.0000,0.0000,0.0000,0.0000,0.0000
1700000004.000000,-59.7,64.6297,68.0661,66.2873,69.2315,65.7343,66.9403,67.0522,68.3520,68.3520,68.0074,68.5420,70.2638,71.5542,72.8972,73.3553,72.0694,74.0945,69.6419,73.7835,73.4983,74.3303,75.2130,70.2140,75.4321,75.8024,76.2168,82.4621,80.0000,84.8116,78.8733,81.6088,82.4197,81.0247,80.7094,78.4920,76.0066,76.6616,74.2428,75.5910,74.6860,69.8570,69.4622,66.8506,64.0781,62.0322,59.1354,60.1664,59.6657,56.2939,56.4358,53.3385,51.0000,0.0000,0.0000,0.0000,0.0000,0.0000,0.0000,0.0000,0.0000,0.0000,0.0000,0.0000,0.0000
1700000004.050000,-61.1,65.8027,68.9493,66.8506,68.5420,67.2309,67.5426,68.8767,68.0000,71.1196,68.9638,71.0211,71.0282,71.8471,72.8011,71.6101,72.3464,75.8222,71.7008,75.0067,75.7430,75.9276,77.7946,75.6902,77.8974,77.1557,79.9312,79.9312,79.3977,85.6329,82.2192,83.4506,84.1724,82.8794,80.8084,81.5659,78.7464,78.7464,76.6942,75.4321,74.4043,71.0282,69.3397,67.4166,64.1405,63.1348,61.7414,61.3270,60.5392,59.4643,57.2451,54.7083,51.7880,0.0000,0.0000,0.0000,0.0000,0.0000,0.0000,0.0000,0.0000,0.0000,0.0000,0.0000,0.0000
1700000004.100000,-62.9,67.7422,68.9638,68.4251,67.5352,65.3070,68.0294,67.7791,70.2140,72.1110,69.3758,70.6045,73.5459,74.5252,74.5252,74.1485,74.1485,75.6637,73.6817,74.1687,74.1687,76.1643,77.0260,76.0066,76.0000,79.0000,80.0062,84.0536,79.0000,84.0000,81.0000,80.0062,81.0062,80.0000,80.0250,82.2982,78.3135,76.3217,73.6817,74.9667,75.8024,69.4262,70.8308,66.7083,64.7611,64.7611,58.2409,61.0328,58.3095,57.0088,54.1295,54.1202,51.3128,0.0000,0.0000,0.0000,0.0000,0.0000,0.0000,0.0000,0.0000,0.0000,0.0000,0.0000,0.0000
1700000004.150000,-64.4,71.1688,68.6804,69.8570,72.7805,74.2159,72.0069,72.0069,74.4312,73.4370,74.1687,76.0592,77.1038,75.0000,77.0065,75.0000,77.1622,77.0584,77.1038,74.3303,77.4145,77.3175,79.5110,78.5175,81.3941,83.0241,81.2158,84.1724,87.2983,85.0000,87.2983,83.8630,86.8332,87.3670,85.1469,83.1505,83.0060,81.0247,79.0253,77.0065,77.0260,74.1687,71.1758,71.2531,66.2722,66.0984,64.1327,62.8172,61.1310,60.4401,57.2451,58.3095,52.8394,0.0000,0.0000,0.0000,0.0000,0.0000,0.0000,0.0000,0.0000,0.0000,0.0000,0.0000,0.0000
1700000004.200000,-62.2,67.2681,67.6018,68.8840,70.8590,68.0661,69.2315,69.6348,70.0928,72.5328,71.8401,73.3894,74.3303,73.5391,72.0902,73.9256,74.2496,76.0263,72.9178,72.5603,74.7061,73.7902,75.2928,75.2928,78.2368,79.8812,78.2368,80.7094,80.7094,80.9938,82.0975,80.4550,83.0060,82.2982,82.2982,82.7345,80.0562,77.3886,75.2396,75.3923,73.7360,68.0074,70.5195,68.3081,65.5210,65.0000,59.2284,59.8415,58.6941,55.3263,54.3323,53.0000,51.0392,0.0000,0.0000,0.0000,0.0000,0.0000,0.0000,0.0000,0.0000,0.0000,0.0000,0.0000,0.0000
1700000004.250000,-62.1,64.4438,62.3699,64.8151,64.6607,67.2012,63.8201,64.6375,65.8635,66.7308,68.4763,67.5352,68.4251,68.9420,69.8570,69.4622,70.0071,68.0074,70.5762,69.9214,69.9214,71.1688,74.0405,70.8802,73.9797,74.5252,72.5672,75.3127,76.4853,76.4853,79.3095,75.9276,76.6551,76.9220,75.9605,76.8440,75.2728,72.4500,70.0071,71.1758,68.5420,67.9779,64.8460,63.5059,59.9416,59.1693,55.2268,56.6127,55.4707,54.8179,51.0882,52.3259,50.3289,0.0000,0.0000,0.0000,0.0000,0.0000,0.0000,0.0000,0.0000,0.0000,0.0000,0.0000,0.0000
1700000004.300000,-62.1,62.9365,64.3506,65.1920,70.1783,65.2993,66.2193,65.2150,64.8999,67.1193,69.6419,68.7968,67.1193,71.1196,70.2140,71.1126,69.4622,70.3847,69.4622,72.8011,72.1110,73.3894,73.6817,72.1110,74.7262,76.9220,76.6551,78.8480,78.5875,80.0812,77.6209,79.1202,80.6536,80.9568,78.4347,76.6942,76.3217,76.5572,72.9178,71.1196,72.0694,68.4763,70.8308,65.0000,65.1920,61.0328,58.0086,58.0086,58.2580,56.7274,55.2268,53.7587,51.4004,0.0000,0.0000,0.0000,0.0000,0.0000,0.0000,0.0000,0.0000,0.0000,0.0000,0.0000,0.0000
1700000004.350000,-62.9,70.2922,68.6804,70.7107,70.0357,71.4213,70.7672,72.6223,71.8401,72.4224,76.2758,73.0069,76.5506,76.0066,74.4312,73.9256,78.2624,74.6860,76.0263,74.3236,75.7694,78.7909,78.1857,79.1202,81.2711,80.3243,80.6536,81.9085,86.6833,82.8613,86.9770,81.9329,85.7030,85.4400,84.3090,83.0060,83.7735,79.1581,77.4145,77.0260,71.5891,73.5731,70.8308,71.0211,64.0703,64.0703,61.6117,62.0081,57.6281,59.4643,59.3970,56.7274,52.8015,0.0000,0.0000,0.0000,0.0000,0.0000,0.0000,0.0000,0.0000,0.0000,0.0000,0.0000,0.0000
1700000004.400000,-60.6,70.0000,70.1142,70.2567,71.1758,71.5681,68.2642,70.7107,70.0357,72.0069,70.6116,72.2772,73.4983,74.0405,75.2728,75.2861,75.2728,76.3217,75.0267,77.8781,76.3217,77.0779,78.2943,76.0592,78.7718,81.4125,80.5295,81.4125,84.0773,82.2982,83.1865,80.0562,84.1724,82.4621,80.9938,79.7120,79.1202,80.0562,76.2168,75.4321,73.7631,71.8053,69.8570,68.8840,66.6108,63.3877,60.0750,60.0750,60.0083,58.0000,54.0093,55.0818,51.4781,0.0000,0.0000,0.0000,0.0000,0.0000,0.0000,0.0000,0.0000,0.0000,0.0000,0.0000,0.0000
1700000004.450000,-61.9,67.3573,65.1460,66.4906,66.4906,69.4262,66.0984,66.9104,65.6201,66.6108,68.2642,71.1758,71.1758,70.0286,71.0000,71.0070,73.0069,72.0069,71.0000,71.2531,74.2428,74.1080,75.4255,72.5603,73.8241,74.8131,76.7919,77.6466,77.7817,79.7621,80.6226,77.5242,81.2219,80.1561,77.0260,77.0000,77.0000,76.0263,72.1110,71.1758,69.1809,70.2567,65.9242,65.9242,62.9682,60.2080,59.4390,59.9083,55.6597,54.4243,53.8516,52.3259,50.2494,0.0000,0.0000,0.0000,0.0000,0.0000,0.0000,0.0000,0.0000,0.0000,0.0000,0.0000,0.0000
1700000004.500000,-63.2,70.7248,71.4493,71.0634,71.8401,73.4098,70.8025,71.8471,71.5612,73.7835,74.3034,75.2928,76.4788,75.5844,77.8781,77.8781,77.0779,75.9605,75.6108,77.1622,79.0569,77.1622,80.0062,80.0062,82.0000,81.2527,83.1986,84.1724,85.3756,85.3756,84.4038,83.6780,86.6833,86.0233,82.2192,84.1546,82.2800,81.3449,79.3095,77.8781,76.4853,74.7061,70.7107,70.3278,67.2309,64.0703,63.2456,62.4260,62.8013,59.6657,56.6392,55.9017,53.1507,0.0000,0.0000,0.0000,0.0000,0.0000,0.0000,0.0000,0.0000,0.0000,0.0000,0.0000,0.0000
1700000004.550000,-61.7,64.4050,64.4050,64.4748,64.6220,67.0671,61.6847,65.1460,65.0000,67.1863,67.6831,66.4906,68.0661,69.7209,68.4690,68.5930,70.2567,71.1126,69.1809,70.0071,73.0069,71.0000,74.0000,72.0000,74.1687,74.0608,75.1665,77.4145,77.1622,78.1601,78.1601,77.1038,77.0584,78.0064,74.0000,78.1025,76.0592,74.0608,72.3395,72.3395,67.6018,66.7533,63.7887,64.1327,60.0167,59.2284,55.7853,56.6127,55.9732,54.4243,52.5547,51.0000,48.5489,0.0000,0.0000,0.0000,0.0000,0.0000,0.0000,0.0000,0.0000,0.0000,0.0000,0.0000,0.0000
1700000004.600000,-64.3,71.1688,65.7875,71.3092,70.9366,74.7329,67.6240,73.3553,73.3553,72.2011,76.6616,75.8024,76.8505,75.2130,75.8024,75.8024,79.5110,73.7564,80.1561,75.0067,77.7946,75.6637,79.2086,80.6102,82.1340,84.9588,82.0366,83.6301,87.3212,83.7377,88.6172,83.5464,84.2199,86.2786,85.5862,86.9770,85.7030,82.1340,79.8123,80.6040,76.4003,76.6094,70.8025,75.4520,67.4166,66.3702,64.4981,64.8460,63.0714,62.7694,58.8727,58.5235,54.1295,0.0000,0.0000,0.0000,0.0000,0.0000,0.0000,0.0000,0.0000,0.0000,0.0000,0.0000,0.0000
1700000004.650000,-61.0,69.8355,72.9452,69.8928,74.3303,72.2011,71.4003,69.5270,72.2496,73.1095,70.0928,72.1249,76.3675,75.7430,75.8222,77.1557,75.9276,78.8733,75.4321,76.4003,77.4209,77.4209,79.8812,78.2368,79.0759,83.2166,81.8352,84.9058,83.0060,87.6641,84.5991,85.1469,86.2670,87.4185,85.8021,82.6196,81.0555,79.3977,78.5684,77.7946,76.4853,72.9178,73.0000,68.0147,66.7083,64.6607,63.6003,62.4260,60.7454,57.8014,57.7062,56.3649,54.4243,0.0000,0.0000,0.0000,0.0000,0.0000,0.0000,0.0000,0.0000,0.0000,0.0000,0.0000,0.0000
1700000004.700000,-64.6,70.8025,67.8012,71.2811,72.1110,71.8679,70.4911,73.0616,73.3553,72.0069,71.3092,75.2396,73.7360,75.6108,74.9466,74.9466,75.9605,75.4321,76.4003,78.3390,77.1298,79.3095,78.6448,76.4853,80.6226,82.7345,83.0241,82.8734,87.8237,84.8528,83.8630,83.1865,88.0738,85.1469,83.6780,82.7103,82.5651,79.8123,78.1089,77.1622,75.2728,75.0267,70.0071,70.6824,65.7647,65.7647,61.9112,60.2080,59.0762,56.8595,59.6406,57.6281,53.0377,0.0000,0.0000,0.0000,0.0000,0.0000,0.0000,0.0000,0.0000,0.0000,0.0000,0.0000,0.0000
1700000004.750000,-61.0,64.0312,62.2013,64.6375,65.8027,65.4599,64.3506,66.2420,65.7647,66.6483,67.9779,69.7711,69.7782,68.5420,69.0797,70.2282,71.4703,69.2604,71.4703,69.3758,71.3863,69.8570,73.3485,70.6116,74.5252,74.7329,75.1332,76.7919,78.2624,78.2624,78.9177,75.7100,78.4474,80.4114,76.1577,76.4003,75.9605,75.8947,72.8011,70.5762,67.7791,68.9420,64.8460,62.6099,61.7738,59.9416,56.9386,56.6039,57.1402,55.2178,52.0096,50.9313,47.4236,0.0000,0.0000,0.0000,0.0000,0.0000,0.0000,0.0000,0.0000,0.0000,0.0000,0.0000,0.0000
1700000004.800000,-60.0,70.0357,70.8378,74.5185,73.2462,72.0069,71.4003,72.4224,72.1110,76.5506,74.4312,76.1577,77.4145,78.2624,77.3886,77.3886,78.3901,77.2528,75.7694,77.1622,77.1622,80.0062,80.3617,78.4474,81.4923,81.7435,83.6780,85.1469,85.1469,84.6463,86.3481,85.8662,86.6833,86.0233,85.0706,82.8613,81.9329,83.9345,77.8781,77.8203,75.1532,74.6860,72.4707,71.1969,66.7308,65.5134,64.0703,62.4260,63.6003,61.0737,59.5483,55.8659,55.2268,0.0000,0.0000,0.0000,0.0000,0.0000,0.0000,0.0000,0.0000,0.0000,0.0000,0.0000,0.0000
1700000004.850000,-61.4,68.7314,65.4905,72.1734,71.2531,73.1095,68.0294,71.0000,71.0634,71.1758,72.0625,74.1687,74.4312,74.5453,74.9667,75.1332,75.7100,72.0347,75.1864,74.0405,78.7464,76.8440,77.4919,76.8440,78.4347,80.6536,80.0562,81.1542,83.9345,83.0060,83.9345,82.8734,82.8734,83.1685,80.3243,81.9085,79.8123,76.9025,77.4661,75.1332,73.3485,72.8354,68.7314,70.5762,63.1981,65.2763,61.1310,62.0322,60.0000,58.0345,57.4282,54.4518,53.6004,0.0000,0.0000,0.0000,0.0000,0.0000,0.0000,0.0000,0.0000,0.0000,0.0000,0.0000,0.0000
1700000004.900000,-64.4,65.2150,64.2028,66.8431,67.3573,68.0147,66.4831,66.4680,68.6804,68.0147,68.0147,72.4707,73.4098,73.6003,72.2011,72.4224,74.6257,74.7930,73.5731,73.8241,73.3553,72.0069,76.0592,74.2496,75.7694,78.3901,79.3095,82.2800,82.2800,83.0060,81.7068,82.3468,82.8553,81.4371,80.0625,79.6492,78.7718,78.7718,73.7835,75.7166,75.1665,69.6348,68.8186,66.6108,66.2193,62.4820,58.8982,59.5483,60.8276,56.6392,58.8982,55.2178,50.4777,0.0000,0.0000,0.0000,0.0000,0.0000,0.0000,0.0000,0.0000,0.0000,0.0000,0.0000,0.0000
1700000004.950000,-65.3,70.0000,71.0282,68.5055,72.4017,68.7968,71.8679,70.2353,69.8355,71.5542,71.5891,73.3485,74.3236,73.7360,75.9605,75.2728,75.5844,74.0405,73.7631,75.1864,76.1577,75.4321,77.4661,73.5459,77.9295,81.5843,78.9177,82.7345,82.3772,83.8630,83.1865,85.1469,83.1986,82.7103,81.2527,81.7435,79.0569,77.7946,76.5506,76.3217,75.3923,71.5891,69.3542,68.8767,64.8460,62.6498,59.6825,60.2080,60.2080,58.4123,56.2228,55.1725,53.7587,0.0000,0.0000,0.0000,0.0000,0.0000,0.0000,0.0000,0.0000,0.0000,0.0000,0.0000,0.0000
1700000005.000000,-61.8,67.1193,67.4166,68.9638,68.3081,66.7608,67.7200,65.1153,68.2495,69.0507,69.7209,71.0211,70.7107,71.3442,72.2496,73.2462,73.0000,73.0000,71.0000,74.0608,72.2496,71.1758,74.3303,73.1095,75.5381,76.2365,78.4092,78.9177,80.7527,80.8950,80.7527,78.3135,81.4985,79.2275,80.2247,78.2304,77.0000,77.0000,73.1710,74.0608,71.1126,68.2642,66.2722,66.3702,62.8013,59.6825,59.0339,59.2284,59.4390,56.9210,54.4243,53.3104,51.8845,0.0000,0.0000,0.0000,0.0000,0.0000,0.0000,0.0000,0.0000,0.0000,0.0000,0.0000,0.0000
1700000005.050000,-61.8,67.0671,64.8460,68.6804,69.6419,68.1542,67.9117,69.6348,69.0507,68.7314,69.7209,72.3395,71.1758,73.0616,74.0270,74.0270,72.0069,72.0625,72.1110,72.1734,74.3303,75.3260,74.5453,74.5453,78.4474,77.7817,79.2465,78.4474,81.3941,81.3941,81.3941,80.2309,82.2010,79.6304,78.6384,78.4092,77.1622,77.1622,74.0270,72.0069,73.0000,69.0000,67.0075,67.0671,63.1981,61.2046,58.4209,57.8705,58.0517,56.0892,54.8179,53.4509,51.0784,0.0000,0.0000,0.0000,0.0000,0.0000,0.0000,0.0000,0.0000,0.0000,0.0000,0.0000,0.0000
1700000005.100000,-61.8,68.2642,70.4557,71.1969,72.9931,70.4060,71.5891,72.5328,73.0821,70.5195,73.3894,75.8947,75.9605,78.3901,74.7329,78.3901,77.4145,77.4145,77.0260,76.8505,79.0759,75.8024,79.3221,77.3886,80.7094,80.7094,82.0975,83.6002,85.0000,85.8021,86.2670,86.6083,85.4459,85.4459,83.0060,83.0060,82.3650,80.9506,77.3886,76.9675,74.6860,72.9178,70.7743,68.3520,67.7791,64.8460,61.0328,62.3618,59.6657,59.0339,57.5587,56.3205,56.0803,0.0000,0.0000,0.0000,0.0000,0.0000,0.0000,0.0000,0.0000,0.0000,0.0000,0.0000,0.0000
1700000005.150000,-60.3,67.2681,65.7343,67.9117,68.4105,68.3081,67.0671,66.4831,68.1542,69.0797,69.3181,71.1126,71.5891,73.0616,72.2011,72.2011,71.5612,71.8471,71.2811,72.0069,72.8011,71.8401,76.8375,73.2462,76.3806,75.0733,77.8332,79.2465,78.5684,79.9312,80.6598,80.0562,80.9197,78.1025,80.4301,78.6003,78.6003,77.4209,73.2393,73.4983,71.5612,69.3542,67.6018,66.2420,63.0635,60.3738,58.3095,60.9262,56.6480,55.6597,55.3624,54.1295,51.4781,0.0000,0.0000,0.0000,0.0000,0.0000,0.0000,0.0000,0.0000,0.0000,0.0000,0.0000,0.0000
1700000005.200000,-63.2,68.5930,67.9412,70.2922,70.8378,68.8840,69.2026,71.6101,69.6348,69.8928,71.0211,72.7186,73.9256,75.1798,74.7061,74.6860,75.6439,73.9256,73.5391,72.4500,77.4919,76.3217,78.4347,76.5506,79.1202,80.0062,77.7946,81.6088,83.5225,84.1190,83.1685,81.5966,82.5409,83.8153,81.7068,81.1542,79.3095,78.7147,76.4788,74.7930,72.5603,72.2011,70.4911,68.7968,65.4599,63.2456,61.2209,60.9590,59.5483,57.9828,55.8659,55.3173,53.0094,0.0000,0.0000,0.0000,0.0000,0.0000,0.0000,0.0000,0.0000,0.0000,0.0000,0.0000,0.0000
1700000005.250000,-59.9,71.4213,69.3109,72.2496,72.3464,71.2180,70.4344,70.8025,72.6705,74.0608,71.8679,75.2928,75.6637,75.1798,76.4853,76.9220,76.1577,78.3901,75.2396,75.6108,79.4796,77.6209,79.7120,78.1089,81.3204,81.0432,83.9345,86.4002,81.4923,87.3613,85.8662,85.3815,86.0233,86.0349,83.9345,82.8553,79.7057,80.6226,79.1581,76.9220,77.4145,72.0694,73.5731,72.2011,66.0303,65.2150,62.8013,62.6259,61.7171,60.2080,56.5862,56.6392,54.4059,0.0000,0.0000,0.0000,0.0000,0.0000,0.0000,0.0000,0.0000,0.0000,0.0000,0.0000,0.0000
1700000005.300000,-62.8,69.5845,69.0507,68.6586,70.8308,71.3092,67.9117,69.9214,70.8378,71.1688,71.3092,73.9256,74.7329,73.7902,72.8972,73.7902,73.4302,75.2928,75.2928,75.4718,76.0066,75.7166,76.0263,77.1038,81.0555,81.8352,80.4301,82.6196,84.2021,83.2406,87.0057,83.0060,85.7030,85.1469,84.0595,83.5284,83.2406,81.4923,77.4145,76.9415,74.2496,74.3236,71.3092,70.3847,67.6757,65.1460,62.9365,62.8172,60.4152,58.6941,57.5587,57.2189,57.0000,0.0000,0.0000,0.0000,0.0000,0.0000,0.0000,0.0000,0.0000,0.0000,0.0000,0.0000,0.0000
1700000005.350000,-60.1,66.2193,67.0522,68.9493,65.1920,69.4622,66.2118,69.3181,66.6483,70.3278,69.4622,72.2011,72.9452,74.0608,73.2393,70.8025,74.6525,72.4707,75.2861,72.1803,72.8354,75.6637,75.6902,74.9667,78.5684,78.5684,78.5684,79.3977,82.9759,80.1561,82.3286,81.3941,82.8070,82.8070,82.0244,78.5175,80.7217,77.2334,75.2861,73.1095,71.8401,71.6101,70.0000,70.4557,65.5134,62.4340,61.4003,60.8276,59.4811,58.6003,57.0088,55.6597,54.3415,0.0000,0.0000,0.0000,0.0000,0.0000,0.0000,0.0000,0.0000,0.0000,0.0000,0.0000,0.0000
1700000005.400000,-62.9,69.3397,69.3397,68.8186,74.4043,70.6045,71.8401,69.5270,70.0357,72.1388,68.6804,74.2765,74.6525,74.6525,74.0270,77.0065,74.4043,78.2368,74.3303,77.1751,78.7718,78.5493,78.7718,75.6637,78.7210,80.0562,83.1926,85.0000,82.7345,87.6584,83.6301,85.8836,84.5991,86.8332,83.5284,82.1523,81.5414,79.0759,78.2368,78.6003,78.2432,73.2462,74.5185,70.8378,66.5282,65.0692,62.2415,63.7024,61.8466,59.2030,59.4054,55.2268,53.7122,0.0000,0.0000,0.0000,0.0000,0.0000,0.0000,0.0000,0.0000,0.0000,0.0000,0.0000,0.0000
1700000005.450000,-61.7,69.0072,67.1863,69.4622,71.3442,71.5681,70.7107,68.8840,72.3671,71.0211,71.3092,73.4983,72.7324,75.8947,74.0000,73.3894,75.9605,74.8465,74.0945,75.6439,76.9675,76.5572,77.3692,76.4853,78.7718,77.8974,78.7718,82.3650,83.6481,83.2406,81.8841,83.1865,82.7345,81.8596,83.0060,80.7775,82.2800,79.4796,77.4919,75.9605,75.0000,73.0069,70.0928,70.2140,66.0984,63.9531,61.5224,61.2046,60.0333,58.0345,55.0000,56.1427,53.2353,0.0000,0.0000,0.0000,0.0000,0.0000,0.0000,0.0000,0.0000,0.0000,0.0000,0.0000,0.0000
1700000005.500000,-61.1,65.6201,67.7422,65.1920,68.1836,66.1891,68.1175,68.0294,68.0294,69.0000,68.0074,70.1783,70.2567,73.5527,72.6911,72.6911,71.3863,73.3485,70.2140,74.4648,72.5672,73.5459,73.2462,71.5681,75.2728,76.2430,76.8440,79.0569,80.6536,82.0061,80.3617,81.7435,81.2527,80.6040,78.4474,80.2309,75.6637,75.1332,74.6726,73.4370,73.1710,68.0294,68.0294,64.0000,64.0000,59.1354,58.3095,58.4209,57.4282,54.9181,55.1090,53.6004,51.5461,0.0000,0.0000,0.0000,0.0000,0.0000,0.0000,0.0000,0.0000,0.0000,0.0000,0.0000,0.0000
1700000005.550000,-63.8,65.7343,64.4981,65.3070,65.7647,68.0294,65.3070,66.4078,67.3573,69.2892,69.9214,69.9214,71.5681,72.0347,70.6116,72.3671,71.5681,71.7008,69.7209,71.2531,72.1110,72.2496,76.0066,71.0634,75.0067,78.0064,76.0000,78.0064,78.0000,80.0000,80.0000,79.0569,80.0000,81.0987,78.1025,80.2247,77.2334,76.6551,72.6911,72.9931,71.8471,69.6348,65.7343,66.2193,61.1310,59.2030,57.5674,58.1893,55.7136,56.8595,55.9017,52.4786,51.0392,0.0000,0.0000,0.0000,0.0000,0.0000,0.0000,0.0000,0.0000,0.0000,0.0000,0.0000,0.0000
1700000005.600000,-63.4,66.2873,65.2150,67.6240,67.6240,70.0928,68.6804,67.1789,67.8970,67.8822,70.1783,70.8378,72.0069,72.8011,71.0282,71.6101,73.2393,71.8679,72.2011,72.0694,72.5603,73.0616,73.8241,72.8972,76.5572,77.0779,76.5572,80.2309,80.6226,79.3095,80.6226,79.6241,81.4371,80.9506,77.4145,78.7718,77.1751,75.4718,74.0608,71.2811,71.0282,71.4003,67.6240,67.0075,62.3699,62.3699,58.6941,59.3970,56.6392,57.4891,54.6717,53.0094,50.7740,0.0000,0.0000,0.0000,0.0000,0.0000,0.0000,0.0000,0.0000,0.0000,0.0000,0.0000,0.0000
1700000005.650000,-61.9,63.1269,64.0703,66.0000,68.0661,69.0000,66.0000,67.1193,68.2642,67.3647,67.6018,68.8840,72.0069,72.1803,70.6116,71.1969,72.5328,72.1249,71.8401,72.7324,72.1110,72.4500,73.3894,72.4500,77.0779,76.6942,77.0779,77.4726,78.3901,80.6226,81.7068,79.4796,80.9938,79.0569,79.4040,79.1202,78.5875,74.4648,73.7564,71.5891,69.0507,67.6018,66.4831,65.6201,63.0714,61.0737,58.0000,58.0000,57.0789,57.3149,57.3149,51.7880,48.0833,0.0000,0.0000,0.0000,0.0000,0.0000,0.0000,0.0000,0.0000,0.0000,0.0000,0.0000,0.0000
1700000005.700000,-61.0,65.1920,64.3506,65.7951,68.6804,69.4262,68.0147,67.8012,68.6003,68.8186,69.3397,69.8928,71.0211,72.2011,71.1969,70.3278,71.5542,72.4500,71.5542,72.6154,74.7329,73.5391,74.4648,71.8679,76.2168,76.5506,74.9466,78.4347,80.0062,78.1089,79.3788,78.1857,81.3449,80.6226,78.7909,77.3886,77.3692,75.5910,73.9256,72.7186,70.4911,67.9559,67.6757,66.6108,62.2013,61.8466,59.5483,58.0517,56.5685,56.6392,54.0370,52.2015,50.7740,0.0000,0.0000,0.0000,0.0000,0.0000,0.0000,0.0000,0.0000,0.0000,0.0000,0.0000,0.0000
1700000005.750000,-62.4,65.9469,67.3573,64.4438,69.3542,66.4680,67.8822,67.1789,68.6804,68.8840,68.4105,70.0000,71.8471,72.9452,72.4017,73.2462,73.5731,73.9256,68.9638,72.8972,73.8241,74.2428,75.1332,73.8241,77.2528,76.6942,78.3901,80.6226,80.2309,81.1542,80.2309,78.2943,82.7647,79.1770,80.0625,79.4040,78.0320,77.1751,74.0945,74.3303,72.4224,67.8012,67.6240,64.6607,63.0317,60.1082,58.6941,59.3970,58.0517,55.9732,54.6717,53.2541,51.9711,0.0000,0.0000,0.0000,0.0000,0.0000,0.0000,0.0000,0.0000,0.0000,0.0000,0.0000,0.0000
1700000005.800000,-61.6,69.8928,69.3397,72.0694,71.5891,70.6612,71.1126,71.6938,71.8679,73.3894,74.0000,75.6108,73.6817,78.1601,76.9220,77.1298,76.4853,78.6448,74.3303,77.6466,76.5310,77.7817,79.2275,77.5242,78.3135,83.2947,83.2166,84.1487,85.0235,86.1452,84.1487,86.3713,84.2912,84.3801,83.8630,81.8841,80.4114,82.0000,78.8480,76.6551,73.4983,72.1249,71.8401,69.2604,67.7791,62.0322,63.1585,60.4152,61.3270,58.6686,58.8303,57.2014,54.6717,0.0000,0.0000,0.0000,0.0000,0.0000,0.0000,0.0000,0.0000,0.0000,0.0000,0.0000,0.0000
1700000005.850000,-59.4,67.0000,65.0000,67.1193,68.0661,67.1863,67.2681,68.5930,68.0661,69.0507,69.0507,70.0928,71.5681,71.5681,73.0821,73.3757,72.4500,74.6726,71.5122,72.0139,75.1532,73.9256,75.5844,75.5910,77.8974,78.7718,78.3901,77.5242,80.5295,81.9878,80.1311,80.0625,80.9506,79.1581,78.2943,79.7057,77.4726,75.9605,74.3303,73.0548,71.4703,69.3758,66.4831,66.7083,64.3273,62.1691,57.8705,58.5491,58.3095,56.2228,55.0091,54.0000,51.1566,0.0000,0.0000,0.0000,0.0000,0.0000,0.0000,0.0000,0.0000,0.0000,0.0000,0.0000,0.0000
1700000005.900000,-63.3,65.1153,64.7611,66.2193,67.7200,66.2193,67.7200,68.7095,68.7095,68.1542,70.6824,71.1126,71.5891,73.4302,73.0616,72.0069,72.1110,71.2811,70.4557,75.0000,75.2130,74.6324,73.4098,74.6525,76.4199,76.5768,77.1557,79.3095,82.7587,82.1340,82.8794,80.9197,83.8689,81.8352,82.8010,79.4040,79.0569,78.2368,76.5506,73.5731,73.5731,70.3278,68.4763,69.7711,63.9766,62.7694,62.3939,59.1354,60.0833,57.9741,56.5155,57.0701,53.2353,0.0000,0.0000,0.0000,0.0000,0.0000,0.0000,0.0000,0.0000,0.0000,0.0000,0.0000,0.0000
1700000005.950000,-62.6,64.0781,67.2309,64.4050,66.1891,65.7647,65.3682,68.2642,67.9559,69.3397,68.0074,71.6101,69.6563,72.3464,70.8378,70.8378,72.8629,73.5527,72.8354,73.5935,73.6614,72.9178,74.5185,73.2462,75.6042,77.8010,78.6003,78.2368,80.8022,81.6088,79.4040,80.6040,82.4621,79.3977,79.9812,79.2465,77.8332,76.4199,74.2496,72.8629,73.0000,69.6563,69.5270,66.8431,63.4114,63.8201,57.9828,60.2080,59.1693,57.3062,55.4707,53.3104,50.9215,0.0000,0.0000,0.0000,0.0000,0.0000,0.0000,0.0000,0.0000,0.0000,0.0000,0.0000,0.0000
1700000006.000000,-60.3,67.8970,65.6201,68.2642,68.1836,66.0303,68.0661,68.0074,69.0290,68.0074,69.1809,72.1110,71.4493,72.4431,69.8713,72.0069,73.5459,73.7564,71.8053,71.1688,74.0405,72.8011,74.3303,74.6324,75.6108,78.1089,77.4919,82.6378,80.0562,81.7068,83.2166,82.5409,81.2711,82.2192,81.7435,81.7435,80.2808,78.8543,74.9667,73.8241,73.6817,70.5762,69.2604,67.2681,65.1230,63.0317,60.0000,62.0322,59.0762,57.2189,56.8858,55.9017,52.8867,0.0000,0.0000,0.0000,0.0000,0.0000,0.0000,0.0000,0.0000,0.0000,0.0000,0.0000,0.0000
1700000006.050000,-62.8,70.8590,67.4685,69.6348,71.5891,71.3092,69.2604,68.6222,69.5701,73.7360,73.5391,72.6154,76.4788,76.0263,75.5910,75.5844,76.1577,74.4312,75.4718,75.4520,76.8440,75.7166,78.0064,77.4209,80.4301,79.8123,80.4301,82.6196,83.8689,82.4621,85.4283,82.4197,85.2115,85.7030,81.5414,81.6333,79.9250,80.2621,76.5376,77.4145,72.9178,72.4983,71.1758,69.0797,65.5515,65.4599,61.9839,61.1310,59.9083,58.4637,54.7449,55.4437,52.0865,0.0000,0.0000,0.0000,0.0000,0.0000,0.0000,0.0000,0.0000,0.0000,0.0000,0.0000,0.0000
1700000006.100000,-59.5,67.9559,70.4557,69.2026,73.1095,68.7677,69.5270,70.7248,72.1249,71.4493,70.7672,73.8783,74.2024,75.4321,77.6209,77.4209,76.5506,76.8505,74.8866,77.0260,75.2928,76.1577,77.8974,76.0592,79.6241,79.6241,81.4371,85.9069,84.1724,85.4283,84.5281,84.9706,86.7640,83.6481,84.2199,83.8630,79.3221,80.9938,78.0064,76.6094,75.0000,71.8401,70.2922,68.1175,67.3573,65.1153,61.5224,61.6198,60.2080,58.8982,58.0086,55.0727,55.9464,0.0000,0.0000,0.0000,0.0000,0.0000,0.0000,0.0000,0.0000,0.0000,0.0000,0.0000,0.0000
1700000006.150000,-61.1,67.8970,66.6108,65.4905,68.2642,68.0661,68.1175,68.0000,68.0074,69.0290,68.1836,72.1110,72.1734,72.4431,72.4431,73.6817,70.8590,73.1642,72.1803,71.5891,72.0347,72.2772,74.7262,72.2772,76.9220,75.0000,77.8845,78.4474,80.3617,80.7775,79.8123,78.5875,81.7435,80.5233,79.6241,78.4474,75.3127,76.6551,73.4370,74.1687,73.1710,69.0290,70.0000,67.0000,63.0000,61.0082,58.2151,60.2080,58.8558,54.1295,54.3415,52.2015,51.4781,0.0000,0.0000,0.0000,0.0000,0.0000,0.0000,0.0000,0.0000,0.0000,0.0000,0.0000,0.0000
1700000006.200000,-61.7,65.9697,65.1153,67.4685,66.9104,65.9242,64.4981,69.5845,69.2604,66.4831,69.0652,71.0000,71.0070,73.0000,71.1126,71.0282,73.2462,72.4431,71.2531,71.5681,71.7008,74.8131,74.9667,71.8471,75.9276,76.9025,77.8781,78.8543,79.6241,78.8543,80.4114,78.9177,82.8734,78.6384,78.3135,79.2275,78.1601,78.1601,74.0270,71.0000,71.0070,68.0661,67.1193,66.1891,63.2851,61.6604,58.6941,57.8705,56.7539,55.7853,53.7587,52.8110,49.2443,0.0000,0.0000,0.0000,0.0000,0.0000,0.0000,0.0000,0.0000,0.0000,0.0000,0.0000,0.0000
1700000006.250000,-59.3,64.6607,65.5134,67.9779,65.7647,66.6408,64.4050,67.0820,67.7791,68.7095,67.6757,71.1688,68.9638,70.8802,70.6116,69.8570,69.6348,70.4060,71.1969,70.5762,71.8471,70.0357,71.7008,71.7008,73.1710,74.1687,75.1665,78.2304,79.1581,77.1622,79.1581,78.3135,79.6304,78.0897,77.4661,76.4853,77.4661,73.5459,72.2772,70.3420,70.2140,68.3081,65.7875,65.5515,62.7694,59.6154,57.2451,58.5918,54.2033,55.7584,54.0833,52.2015,50.3289,0.0000,0.0000,0.0000,0.0000,0.0000,0.0000,0.0000,0.0000,0.0000,0.0000,0.0000,0.0000
1700000006.300000,-64.2,65.1920,63.2456,62.6418,66.0984,65.2533,64.7611,65.5134,64.9384,64.9384,67.7422,68.2642,70.1783,68.1836,69.0290,69.0652,71.0000,71.0000,69.0000,68.1175,70.1142,72.1734,71.1758,72.2496,74.6726,74.3303,73.6817,76.6551,77.6466,76.6551,78.5175,77.4145,77.3175,76.1643,78.0577,76.0263,76.0000,75.0000,72.1110,68.1175,68.1836,67.2681,65.4905,63.3877,58.8558,58.8558,57.4891,57.9741,55.3624,54.4059,52.8110,50.5668,47.8539,0.0000,0.0000,0.0000,0.0000,0.0000,0.0000,0.0000,0.0000,0.0000,0.0000,0.0000,0.0000
1700000006.350000,-62.9,67.3573,68.3081,73.0069,70.8308,73.3485,72.1803,72.0069,72.0069,72.5603,73.3348,74.1080,77.0260,77.0000,76.0066,75.0000,79.1581,76.2365,77.2334,76.5310,77.4145,78.6384,78.9177,78.9177,80.2808,80.2808,81.2527,83.1986,84.4038,85.8662,87.3212,84.7231,86.6833,87.1321,83.8630,83.8630,82.6075,80.5047,78.3135,77.1038,76.0592,71.0282,71.0000,72.0000,67.0671,64.1950,64.2806,62.6498,61.6604,60.0167,59.2284,57.0088,53.4883,0.0000,0.0000,0.0000,0.0000,0.0000,0.0000,0.0000,0.0000,0.0000,0.0000,0.0000,0.0000
1700000006.400000,-58.6,69.4622,69.0507,67.9117,69.8570,68.6804,67.0522,68.0074,69.8928,72.1110,71.6938,70.7743,73.4098,75.1332,73.3553,73.8241,74.7930,74.4312,74.4312,74.6324,78.2368,77.4209,77.8010,77.8010,79.0253,80.2808,81.8352,83.7377,83.7377,85.4283,83.0963,83.4086,87.8009,86.2670,84.3149,83.0060,83.0060,81.6333,78.7718,79.1770,75.5910,74.7329,71.1126,68.9420,66.8506,64.8460,62.2977,64.5136,60.7289,59.4390,56.7186,57.4282,55.0818,0.0000,0.0000,0.0000,0.0000,0.0000,0.0000,0.0000,0.0000,0.0000,0.0000,0.0000,0.0000
1700000006.450000,-59.2,65.2993,67.5352,68.0955,69.8355,68.7968,68.7968,68.2422,69.4046,70.8025,68.2495,70.1783,72.9178,72.8629,71.4213,74.9533,72.8629,73.6614,70.8378,74.8131,73.4098,74.2024,76.6094,74.8866,77.9359,80.4550,80.4550,82.6801,79.9250,83.2166,81.3019,83.4865,81.5414,82.2010,81.6088,79.8123,78.2432,77.9872,77.2334,74.3303,77.8332,70.7248,70.0357,66.4680,64.5368,63.8905,62.2013,61.4003,59.6406,57.9828,55.9464,57.2451,54.2310,0.0000,0.0000,0.0000,0.0000,0.0000,0.0000,0.0000,0.0000,0.0000,0.0000,0.0000,0.0000
1700000006.500000,-60.6,68.4251,68.0000,70.4911,70.4911,70.4557,68.5055,68.0074,69.8140,72.0069,72.3464,72.3464,72.8629,75.7430,74.9533,74.2496,76.4199,72.9178,76.5768,74.6525,74.6525,74.8131,79.2023,75.6042,78.4920,79.6304,78.8162,82.9277,82.6620,81.0247,84.0536,83.6002,83.8153,83.8689,81.5659,81.4678,80.7217,79.9812,76.3675,75.6902,73.6614,70.8378,65.9469,69.5270,65.8027,64.2028,60.2163,58.5235,59.5399,59.0593,55.4617,56.0803,53.4509,0.0000,0.0000,0.0000,0.0000,0.0000,0.0000,0.0000,0.0000,0.0000,0.0000,0.0000,0.0000
1700000006.550000,-61.9,71.5891,70.6612,73.0069,73.4098,72.6154,72.0902,70.5762,73.3757,73.3757,71.5681,74.7262,75.9276,76.4853,75.9539,77.6660,77.9295,77.5242,74.5453,77.4145,77.1622,78.3135,78.2304,77.1038,82.0061,82.0000,82.0000,84.0000,86.0000,86.0000,88.0000,86.0930,86.1452,85.3756,83.2947,82.7345,81.6150,80.7527,79.2465,79.2465,76.1577,74.4648,73.4983,69.3758,67.0671,64.5136,62.7694,61.3270,61.7414,58.6003,58.6686,56.6039,55.2178,0.0000,0.0000,0.0000,0.0000,0.0000,0.0000,0.0000,0.0000,0.0000,0.0000,0.0000,0.0000
1700000006.600000,-60.2,66.4831,66.4831,66.0681,68.8840,68.6003,67.0075,67.1193,68.7968,68.7968,68.9638,72.2011,70.6612,73.3553,72.9178,72.4983,73.5391,72.8011,71.8679,72.7324,73.3757,74.0000,75.2861,74.3303,76.6551,76.9220,79.5550,80.5233,81.4923,81.4923,79.5550,78.8480,81.3204,83.1685,79.3788,79.1202,79.4796,77.0779,75.1532,74.2496,69.7782,70.6612,67.1193,67.2309,61.4003,63.5138,57.6888,60.8030,58.6003,58.2580,55.9732,53.7587,50.4480,0.0000,0.0000,0.0000,0.0000,0.0000,0.0000,0.0000,0.0000,0.0000,0.0000,0.0000,0.0000
1700000006.650000,-59.3,67.3647,64.2806,69.1809,68.0661,68.0294,68.0294,67.0671,69.0290,69.1809,68.1836,71.3442,72.6911,72.6911,71.0211,72.1803,72.0347,71.3092,72.2772,72.1249,75.8947,73.3757,73.7360,73.6817,74.4648,78.1857,77.0779,77.4726,79.7057,80.6226,79.3095,80.0562,81.5966,81.5966,79.4040,77.4919,75.9605,73.9797,72.5672,72.3671,71.1969,69.0507,67.7422,67.6018,63.1981,60.1332,60.0083,58.0000,58.0000,58.1378,55.2268,53.6004,50.2195,0.0000,0.0000,0.0000,0.0000,0.0000,0.0000,0.0000,0.0000,0.0000,0.0000,0.0000,0.0000
1700000006.700000,-64.6,64.8460,67.5426,69.8570,73.0069,71.8679,71.8679,71.7844,70.2140,71.1688,71.5891,75.5050,74.1485,74.8131,73.5527,73.6817,75.4255,76.3217,74.1687,76.1052,77.0584,77.1038,77.0065,76.0000,81.2219,79.1012,79.1581,79.2275,82.1523,87.1436,85.0235,84.0238,86.0000,86.0233,84.0238,80.1561,79.1012,81.0062,75.2396,74.4312,73.4370,69.0507,71.1969,68.0661,67.4685,65.2533,60.4401,61.3514,58.8727,57.5847,57.3847,54.5619,53.7122,0.0000,0.0000,0.0000,0.0000,0.0000,0.0000,0.0000,0.0000,0.0000,0.0000,0.0000,0.0000
1700000006.750000,-58.9,66.4078,66.4078,67.7791,68.5420,65.7951,66.3099,68.0955,68.9638,68.0955,68.7968,68.7968,71.6101,72.4224,73.6003,71.2180,71.5891,70.8378,71.5052,71.4493,73.5527,74.2496,75.7430,73.5391,73.1095,77.8974,75.9276,79.0253,79.6492,78.8733,79.5110,77.8974,80.8084,79.3095,78.4920,78.4920,78.5175,75.0067,73.8783,71.7008,71.0634,71.4003,67.0075,68.0074,62.4260,59.9083,61.0574,58.6686,58.6686,55.4617,53.8516,53.1413,49.0408,0.0000,0.0000,0.0000,0.0000,0.0000,0.0000,0.0000,0.0000,0.0000,0.0000,0.0000,0.0000
1700000006.800000,-62.3,66.6108,66.0984,69.0507,70.6116,67.9117,70.6045,67.7200,68.7095,73.3894,69.6419,71.6938,72.0139,75.1532,76.0592,75.1332,72.2011,73.9256,71.3442,77.1038,75.8024,76.6094,76.4003,74.2024,78.8733,81.8352,79.5110,82.2192,80.8084,85.0412,80.2808,83.2406,84.3860,83.4086,82.0061,81.0247,77.1038,79.3221,76.6616,76.5376,77.8974,72.8972,71.1126,68.0294,64.8460,64.0781,61.0983,62.0322,60.7289,58.2409,57.2713,56.8858,54.2310,0.0000,0.0000,0.0000,0.0000,0.0000,0.0000,0.0000,0.0000,0.0000,0.0000,0.0000,0.0000
1700000006.850000,-61.3,68.1175,67.6240,67.4240,69.4046,69.3397,67.1193,68.7968,68.6003,69.9714,71.5542,70.2140,71.1758,73.0069,73.9256,73.5391,72.4500,71.7844,72.4500,73.0821,73.0821,74.3303,76.9220,75.0000,75.5050,77.6660,78.4474,79.8311,81.0247,81.2527,81.0247,81.7435,81.3204,80.3617,79.0569,80.9938,77.4919,78.9240,73.9256,74.3236,73.8241,69.8355,68.4763,66.7308,61.9112,62.1289,59.2030,59.2030,57.4891,56.8507,55.9732,55.1725,53.4135,0.0000,0.0000,0.0000,0.0000,0.0000,0.0000,0.0000,0.0000,0.0000,0.0000,0.0000,0.0000
1700000006.900000,-62.6,69.6419,67.7200,71.1688,69.8928,71.5122,69.4622,69.7711,71.5542,72.9452,72.9452,72.4707,73.5731,75.4718,74.8866,74.8866,75.8024,74.6525,74.2024,75.9276,77.2334,75.9276,76.4199,78.5684,77.7817,79.9312,80.6102,81.3204,82.8070,83.4506,83.4506,84.1487,86.2786,84.8999,85.0412,81.4678,80.6040,80.0000,78.2368,73.2393,72.4017,69.9714,72.2011,70.2353,65.3682,64.8845,62.1691,62.2415,61.4654,60.1664,57.2800,54.3415,52.6118,0.0000,0.0000,0.0000,0.0000,0.0000,0.0000,0.0000,0.0000,0.0000,0.0000,0.0000,0.0000
1700000006.950000,-62.7,66.2193,65.2150,66.8506,69.3397,66.5733,67.2309,67.5352,69.3542,66.6408,66.7083,70.0071,69.6419,70.9366,69.8928,70.2140,72.8011,72.5328,71.5681,72.7805,72.5672,73.3485,73.9797,73.9797,75.5381,75.6637,76.6551,79.3095,79.6304,81.6150,80.3990,78.0897,82.8734,80.8950,78.2624,77.6660,76.9025,75.1864,73.7631,70.5195,69.2604,69.6419,67.7791,65.9242,62.7694,61.3270,57.6975,57.2451,56.0803,54.7083,56.3028,50.8035,48.8365,0.0000,0.0000,0.0000,0.0000,0.0000,0.0000,0.0000,0.0000,0.0000,0.0000,0.0000,0.0000
1700000007.000000,-62.2,63.2535,65.1920,61.5224,66.4831,62.9682,63.7024,64.0312,64.8151,67.0075,66.0303,65.2150,67.4166,66.0379,67.7422,69.4622,66.6483,69.3181,67.0820,68.8767,67.2309,69.8570,71.8679,69.0797,72.1110,73.3894,70.5195,77.7946,77.4919,76.8440,74.9466,76.5506,75.6108,75.9605,74.4648,75.2396,73.8241,74.6860,70.7107,68.4763,68.0955,63.8122,66.0379,62.9682,59.0762,57.8014,55.8032,56.8507,55.4437,54.4885,52.3259,52.4976,49.4065,0.0000,0.0000,0.0000,0.0000,0.0000,0.0000,0.0000,0.0000,0.0000,0.0000,0.0000,0.0000
1700000007.050000,-65.7,66.0303,66.2722,69.4622,71.5681,70.8590,68.8840,68.2495,70.0928,71.3092,71.1688,74.3303,73.3894,73.7360,74.0945,74.0945,74.2496,73.8241,73.3485,75.1798,74.3034,75.6637,77.5242,75.8024,78.4920,80.1561,79.3221,81.8413,82.3772,82.3772,81.2711,82.0975,82.3772,83.3547,81.4923,80.5295,78.7147,76.0592,76.9675,75.2396,73.0069,70.5762,69.2892,71.1688,63.8905,62.6418,60.6383,59.2284,58.0517,58.6941,56.3205,54.0093,53.0000,0.0000,0.0000,0.0000,0.0000,0.0000,0.0000,0.0000,0.0000,0.0000,0.0000,0.0000,0.0000
1700000007.100000,-63.8,69.0797,67.9779,71.5542,69.7711,68.6003,69.8355,68.7968,70.4557,71.6101,74.2024,72.2011,73.2462,73.7564,74.3303,74.3303,74.3303,74.2496,74.2496,76.4853,76.5768,75.8222,76.0592,76.5768,81.2158,79.2023,77.8010,82.2010,83.4086,80.4301,84.0238,81.8352,84.5044,83.0963,84.1724,81.3449,80.6226,79.9312,76.4853,74.5185,75.0067,71.0634,70.6045,69.4046,64.0703,63.0079,60.5392,60.9016,59.5399,59.9416,55.9464,53.7587,50.6952,0.0000,0.0000,0.0000,0.0000,0.0000,0.0000,0.0000,0.0000,0.0000,0.0000,0.0000,0.0000
1700000007.150000,-60.6,67.6018,69.2604,68.0294,69.1809,69.0000,71.0000,71.0282,71.1758,71.2531,71.5681,72.3395,73.8241,72.9931,73.1642,74.5252,74.2159,74.7262,73.7631,75.8947,74.9466,74.9466,75.2728,77.1622,78.5493,78.9240,82.0792,83.3847,84.3090,84.3090,83.3847,83.5703,83.2166,83.1685,81.6088,81.6088,80.5233,79.5550,78.1025,76.4853,72.9931,71.7008,67.4759,68.3593,65.1230,64.1950,60.0333,60.0000,58.0000,58.1378,57.3149,54.4518,52.1728,0.0000,0.0000,0.0000,0.0000,0.0000,0.0000,0.0000,0.0000,0.0000,0.0000,0.0000,0.0000
1700000007.200000,-59.7,68.1542,67.4685,68.7314,68.7314,67.2681,68.5930,69.1809,68.0074,70.0286,72.0069,71.0000,73.0069,72.1734,74.1080,72.1110,73.4370,72.6911,73.6817,72.3671,75.7100,75.5050,75.9276,72.5672,76.4003,77.6209,77.8845,81.6088,82.8613,79.1202,83.8153,78.8480,82.9699,81.2527,80.6040,78.2624,80.2309,79.9062,74.4312,72.1734,71.1758,70.0643,68.1175,70.0000,63.0000,63.0317,59.0085,59.2115,58.2151,56.7186,56.0892,55.0818,50.5964,0.0000,0.0000,0.0000,0.0000,0.0000,0.0000,0.0000,0.0000,0.0000,0.0000,0.0000,0.0000
1700000007.250000,-60.7,66.0681,63.1269,66.2722,66.3702,66.7533,65.7647,66.4906,65.7343,67.1863,67.4463,68.8840,68.6804,70.2282,68.0074,68.3520,72.0139,70.2140,70.6824,69.8355,72.5603,72.2011,72.2011,73.0616,73.2462,74.0945,75.1665,75.7166,78.7718,75.4520,80.1561,77.1751,79.9250,79.4040,76.6616,77.4145,76.4788,75.6439,70.7743,70.0071,67.7791,68.7095,66.7308,65.4599,59.7746,59.2030,57.9741,56.0892,56.2939,53.9351,52.2398,52.0096,49.0000,0.0000,0.0000,0.0000,0.0000,0.0000,0.0000,0.0000,0.0000,0.0000,0.0000,0.0000,0.0000
1700000007.300000,-57.7,66.7533,66.4831,66.1891,69.1158,68.0661,68.0294,69.0000,68.0294,70.0643,70.1142,73.1710,72.3395,72.5603,72.6911,73.8241,74.5252,74.5252,71.3863,75.1864,73.0821,74.0405,75.0000,72.5328,76.2430,77.2010,78.1089,80.3243,79.3788,82.8613,82.5651,80.0812,83.5225,80.7775,81.2527,78.6448,77.4661,76.7919,74.5453,73.6817,72.2496,68.0661,70.0643,66.0076,65.0000,63.0317,59.0339,60.1332,58.2151,57.7062,54.3415,54.1202,51.2640,0.0000,0.0000,0.0000,0.0000,0.0000,0.0000,0.0000,0.0000,0.0000,0.0000,0.0000,0.0000
1700000007.350000,-63.3,64.0312,63.5610,63.5610,67.2681,64.7765,66.6108,65.4905,67.1193,68.1175,68.0661,69.0290,70.0000,70.0643,73.0616,73.1710,69.2604,68.4690,68.4690,70.8590,70.7107,70.8590,75.3127,71.3863,76.1577,75.7100,76.1577,77.8845,78.3390,81.0247,77.6209,75.9276,78.4474,80.4114,77.1038,76.6551,75.5381,74.3303,72.2496,70.0643,69.0290,68.0000,68.0000,63.0317,63.0714,61.1310,58.2151,57.3149,56.5685,53.9351,53.3667,54.1202,49.9800,0.0000,0.0000,0.0000,0.0000,0.0000,0.0000,0.0000,0.0000,0.0000,0.0000,0.0000,0.0000
1700000007.400000,-58.7,65.1153,63.6396,66.3702,67.4759,66.1211,66.1891,66.0000,66.0076,69.0000,70.1142,67.0075,68.1836,70.1783,70.4557,71.5681,71.1969,71.3863,70.2140,71.8053,73.2462,71.0634,74.0405,71.0634,72.4224,77.7946,76.5376,78.4347,78.4347,80.3243,80.3243,77.2010,78.7464,80.0812,78.5875,76.9025,76.2955,75.1332,74.4312,73.4370,71.8471,67.1193,66.1211,64.1249,61.0082,61.0082,59.0000,58.0345,57.1402,55.3263,52.7731,54.5711,50.9215,0.0000,0.0000,0.0000,0.0000,0.0000,0.0000,0.0000,0.0000,0.0000,0.0000,0.0000,0.0000
1700000007.450000,-62.6,65.3758,64.0703,68.0294,65.0308,68.0000,64.0078,67.1193,68.3593,71.2531,71.5681,71.5681,71.8471,72.1803,72.3671,70.8308,71.3092,73.4983,74.7262,70.2282,73.7360,71.5122,75.9605,75.0267,77.4726,76.6942,77.8781,79.2023,84.1724,78.3901,83.2586,78.1857,81.9390,81.7068,79.3788,79.0569,79.0569,74.7262,74.9533,71.8053,70.6116,70.2140,66.9104,67.4759,62.2896,61.2944,60.0750,60.0333,58.0000,55.0818,53.2353,51.3517,52.1728,0.0000,0.0000,0.0000,0.0000,0.0000,0.0000,0.0000,0.0000,0.0000,0.0000,0.0000,0.0000
1700000007.500000,-62.4,68.7677,66.0681,66.8431,70.0000,67.2012,68.8186,69.3397,69.6419,71.1196,70.3278,71.1969,71.1196,72.0139,74.3236,72.6154,73.3894,71.5122,72.8011,72.8011,75.0000,74.0405,73.4983,73.4983,76.4853,79.3095,77.4661,81.0247,79.2465,82.5651,82.2253,79.8311,81.7863,81.7435,79.1202,79.4040,78.7718,76.5506,75.3923,74.3236,73.0069,70.3847,67.5426,67.5352,63.9531,61.2944,60.2080,59.0762,57.1402,55.8032,54.6717,54.4518,51.0882,0.0000,0.0000,0.0000,0.0000,0.0000,0.0000,0.0000,0.0000,0.0000,0.0000,0.0000,0.0000
1700000007.550000,-60.2,63.6003,66.4078,63.7887,67.9117,67.0820,69.0507,66.7533,67.8970,68.4690,66.3702,68.1836,70.0286,72.0000,71.0070,72.0000,70.1142,73.1095,68.1836,74.4312,72.4431,71.5681,71.8471,69.8713,74.3303,75.3127,75.5050,78.4474,76.4853,79.8311,78.6448,80.0625,79.0759,79.6304,76.5310,76.6551,76.2365,76.0592,74.0068,70.0000,72.0000,66.0303,69.0072,65.1920,62.1289,60.2080,57.2189,58.8558,57.0701,54.8179,53.1601,50.9215,52.3927,0.0000,0.0000,0.0000,0.0000,0.0000,0.0000,0.0000,0.0000,0.0000,0.0000,0.0000,0.0000
1700000007.600000,-62.1,69.6348,68.2495,69.2604,71.1688,71.1688,70.2140,70.5762,71.6938,71.8679,71.1126,73.3485,73.4302,74.7930,75.8024,73.0616,76.2758,74.3303,76.2758,75.8024,78.2368,75.8024,75.4321,77.8010,78.5684,80.0562,80.0562,83.6301,82.3286,83.6301,84.2912,82.4621,84.8116,84.4038,81.5414,82.1523,79.9250,80.4550,78.3901,74.7930,73.8241,72.0139,71.1126,68.9420,64.2573,66.4831,63.2456,61.4003,60.8769,59.2284,55.1090,55.3263,52.0096,0.0000,0.0000,0.0000,0.0000,0.0000,0.0000,0.0000,0.0000,0.0000,0.0000,0.0000,0.0000
1700000007.650000,-62.0,65.0692,67.3573,69.0290,68.4105,67.0075,65.8027,69.6419,67.4166,70.3278,71.1969,72.2011,71.1196,74.2496,71.5891,74.3236,73.6817,72.4500,71.4703,73.0821,76.6551,74.0405,75.7100,73.0821,76.6877,76.6877,78.6448,79.4292,81.2158,80.6040,80.4114,81.5843,81.0494,81.7863,78.8543,77.6209,76.9220,78.4347,72.8011,71.8679,70.9366,70.0071,68.5420,65.3070,65.3070,60.8358,60.4152,59.6825,56.4358,56.8595,56.2228,52.4023,50.9313,0.0000,0.0000,0.0000,0.0000,0.0000,0.0000,0.0000,0.0000,0.0000,0.0000,0.0000,0.0000
1700000007.700000,-61.1,69.0000,69.0000,68.0294,71.0070,71.1126,71.3442,70.4557,71.4493,71.0211,72.5672,73.7564,73.7631,75.9605,74.6324,78.1601,75.2728,76.2168,74.3303,74.8465,76.6942,75.9605,77.4726,76.0592,79.1770,80.5295,81.4125,82.2982,82.7345,83.1865,84.0773,86.3308,84.5813,83.3847,82.2800,81.3449,81.9329,78.7718,77.1622,75.8947,74.0405,73.2462,71.8053,66.2873,67.0820,65.7647,62.2013,61.2046,60.0750,57.0789,58.0000,55.2268,53.6004,0.0000,0.0000,0.0000,0.0000,0.0000,0.0000,0.0000,0.0000,0.0000,0.0000,0.0000,0.0000
1700000007.750000,-62.8,66.6033,68.5930,68.6222,67.8970,65.9469,69.5270,67.6240,69.4046,69.4046,68.5055,72.9452,71.3442,73.0616,71.5891,72.5603,70.2140,72.0139,72.0139,73.9256,75.3923,73.1642,76.3217,71.8679,78.1089,79.0569,78.4474,79.1202,79.4040,82.8613,81.9085,81.2711,82.2192,82.5409,79.4796,79.3095,79.3095,77.8781,74.2428,75.6637,72.4707,69.6419,68.7968,67.1193,64.0703,62.6817,59.2030,58.2580,56.7274,56.5685,55.8659,54.4885,51.4004,0.0000,0.0000,0.0000,0.0000,0.0000,0.0000,0.0000,0.0000,0.0000,0.0000,0.0000,0.0000
1700000007.800000,-64.4,65.8635,66.2420,67.1193,68.4251,68.0294,67.6240,67.7791,69.4622,68.7095,67.7200,71.5681,69.3758,72.5672,71.0211,72.3671,72.0069,71.8471,71.8471,71.4493,73.3348,73.3348,74.2428,71.1758,77.0000,77.0000,77.0000,80.0000,80.0000,81.0000,80.0000,80.0062,82.2192,83.2947,78.4092,77.5242,77.6466,76.4199,74.6726,72.0069,72.3671,69.8570,67.9117,66.7608,63.6003,61.9839,59.6154,60.5392,56.8595,55.9464,56.7979,53.7122,53.2541,0.0000,0.0000,0.0000,0.0000,0.0000,0.0000,0.0000,0.0000,0.0000,0.0000,0.0000,0.0000
1700000007.850000,-62.3,65.8635,64.0078,64.8460,67.5426,66.7083,64.8845,64.4748,66.7308,67.0671,68.3081,69.5701,70.8802,70.0928,70.6116,67.9117,72.1803,69.0507,70.7107,68.4690,69.5845,71.4493,72.3395,71.1758,74.1080,76.1052,74.1080,78.1025,79.1012,79.1012,81.1542,78.2304,79.3095,77.6466,77.6466,77.2787,75.5050,73.7564,72.7805,70.0928,70.8802,69.5701,66.4078,66.7308,59.2368,57.7754,59.0339,58.1378,56.4358,55.2268,51.3128,51.4004,48.2701,0.0000,0.0000,0.0000,0.0000,0.0000,0.0000,0.0000,0.0000,0.0000,0.0000,0.0000,0.0000
1700000007.900000,-60.0,71.0282,68.5055,71.8679,67.7422,71.1969,68.0955,69.7711,68.0000,71.1758,72.2357,71.8679,74.3303,74.9466,74.6324,72.7324,76.6551,73.2462,73.2462,75.5050,75.7100,75.3127,78.0897,78.0897,78.3135,78.5175,79.5110,81.4985,84.5931,83.7257,83.8630,81.8841,84.0119,83.5464,80.2808,82.4621,79.5550,77.8845,78.4474,75.8947,73.3894,73.9256,69.4622,67.6240,64.4050,62.6099,61.7738,60.2080,58.5235,59.6406,58.0086,53.9073,54.4518,0.0000,0.0000,0.0000,0.0000,0.0000,0.0000,0.0000,0.0000,0.0000,0.0000,0.0000,0.0000
1700000007.950000,-62.4,70.6045,68.4105,70.6116,71.3863,72.3671,69.8713,68.2642,71.2531,71.0634,76.1052,74.1080,76.0000,76.0263,76.0066,75.0067,77.2334,73.3348,75.2396,72.4431,75.8024,75.6637,78.4474,76.9415,78.6448,82.7647,79.6241,82.2253,85.1469,82.7647,85.9069,83.1865,84.7231,84.3445,84.0119,82.7345,80.3057,79.1012,77.0584,76.0000,75.0067,73.0274,71.0000,70.0286,65.1920,62.2013,61.2944,61.0000,60.0167,59.4390,57.2800,55.0273,52.8015,0.0000,0.0000,0.0000,0.0000,0.0000,0.0000,0.0000,0.0000,0.0000,0.0000,0.0000,0.0000
1700000008.000000,-64.9,68.2642,68.1836,68.0000,71.0070,69.0000,70.0071,69.1809,70.1783,70.4557,70.4557,73.8241,73.1642,72.0069,74.2159,73.9797,75.6902,73.4983,73.0821,75.2728,74.9466,75.2728,77.6209,75.9605,77.8781,78.7909,80.6226,81.0247,81.0247,82.7647,81.9390,83.3847,83.3847,82.6378,82.2800,81.9085,80.0812,78.1601,76.4003,76.4003,74.5252,71.1969,68.2495,67.7422,64.6297,62.2896,60.0750,59.0085,60.0083,58.0000,56.1427,54.4518,52.1728,0.0000,0.0000,0.0000,0.0000,0.0000,0.0000,0.0000,0.0000,0.0000,0.0000,0.0000,0.0000
1700000008.050000,-62.8,70.0071,70.0643,71.3442,71.1758,73.3348,70.7107,71.3863,69.8570,72.3671,72.0347,74.2159,73.7631,74.3303,72.4224,73.6817,73.7360,74.0945,75.3923,75.6439,77.8781,75.6439,77.3886,76.9220,78.2943,80.5295,81.8841,81.0062,81.8841,83.1865,86.3134,83.6720,85.4283,83.2586,82.4621,83.0060,80.9938,79.7120,77.1622,74.4648,74.0405,72.5672,71.5891,70.4060,65.1153,65.7647,62.3939,63.0714,60.0750,58.0086,58.0086,57.1402,51.7880,0.0000,0.0000,0.0000,0.0000,0.0000,0.0000,0.0000,0.0000,0.0000,0.0000,0.0000,0.0000
1700000008.100000,-61.5,65.2763,66.3702,68.7314,69.4262,69.4262,67.2681,67.0522,68.6222,68.3081,68.3081,70.5195,71.3092,71.3092,70.7743,69.3542,72.0139,71.1196,71.5891,72.5603,72.5603,73.0616,74.7930,73.0616,75.7166,77.3886,79.3221,77.6660,80.1561,80.7094,79.3221,79.4040,79.9250,78.8923,77.8974,79.6053,77.8781,76.4853,74.6726,75.0267,72.8011,69.2604,66.4078,66.4831,61.8466,60.6383,57.8705,58.5491,58.4209,56.2228,56.0803,53.0094,51.2445,0.0000,0.0000,0.0000,0.0000,0.0000,0.0000,0.0000,0.0000,0.0000,0.0000,0.0000,0.0000
1700000008.150000,-60.1,64.4050,65.7647,65.7647,69.8355,66.0379,68.7968,64.6375,67.6240,68.4105,68.1175,69.4262,70.7248,70.7248,69.2965,73.5527,72.8629,73.1095,70.0928,74.0270,73.4098,72.8011,73.8173,71.6101,74.6257,76.5506,76.8505,80.7775,79.0759,80.9938,79.0759,82.0975,84.3149,80.2122,79.2023,78.6003,77.8010,77.6209,76.5768,73.5935,72.8629,70.7672,70.7248,65.7951,65.1153,63.0317,59.8164,58.6003,59.4054,57.9828,55.0727,52.3546,52.3927,0.0000,0.0000,0.0000,0.0000,0.0000,0.0000,0.0000,0.0000,0.0000,0.0000,0.0000,0.0000
1700000008.200000,-63.4,68.4471,65.7343,69.2604,66.7608,69.2604,67.3573,68.3520,67.0671,70.3847,69.7782,71.1126,72.0694,72.0694,72.7186,71.6938,74.0945,71.2811,73.7835,71.6101,73.2393,75.0000,74.2024,75.8024,75.1665,78.7464,75.2861,80.2808,82.4621,80.1561,81.6884,77.0065,79.4040,80.2122,80.7094,79.9250,79.0759,78.0320,73.8241,74.7061,70.6612,70.6824,66.7083,67.4166,61.6847,60.7289,60.1664,58.9406,59.6657,57.0701,53.9351,53.4603,51.0000,0.0000,0.0000,0.0000,0.0000,0.0000,0.0000,0.0000,0.0000,0.0000,0.0000,0.0000,0.0000
1700000008.250000,-63.5,70.7248,68.0147,69.0290,69.5270,70.8025,71.2180,69.4046,71.2811,72.1110,72.2011,73.4302,75.1798,75.1332,75.5844,75.5844,76.6942,75.3923,73.5391,75.2728,77.4919,75.2728,77.1622,75.5844,79.3095,79.5550,78.3390,81.4923,84.4038,84.4038,85.6154,82.0061,85.7263,83.1685,81.1542,83.0060,78.5493,79.3095,77.8781,76.4853,74.2428,71.1196,69.8355,70.3278,65.1920,62.6817,61.6117,62.8013,60.0000,58.8982,56.6392,54.4518,54.2033,0.0000,0.0000,0.0000,0.0000,0.0000,0.0000,0.0000,0.0000,0.0000,0.0000,0.0000,0.0000
1700000008.300000,-61.8,67.0075,66.0303,71.0282,69.6348,70.4911,68.7968,70.3278,71.1196,69.7711,72.0139,71.1126,75.6108,73.7360,73.7360,75.6108,76.9220,73.7631,74.3303,74.9533,75.7100,75.1864,76.4853,75.9276,76.7919,79.9062,78.7718,79.7621,82.6075,82.8734,84.7172,81.3941,82.3772,83.7437,81.4923,80.7775,80.7775,77.8845,76.8440,72.7324,71.5122,72.2357,67.4166,68.5420,62.6498,64.4050,60.4152,59.9416,59.0762,57.6888,54.6443,54.6717,52.3259,0.0000,0.0000,0.0000,0.0000,0.0000,0.0000,0.0000,0.0000,0.0000,0.0000,0.0000,0.0000
1700000008.350000,-63.0,65.4599,65.0000,66.2420,67.2309,66.6483,64.4127,66.7083,65.9242,67.7791,71.1688,70.2282,69.2604,70.6045,69.6419,67.4463,73.4983,70.3420,71.5891,69.6348,72.1803,71.8471,72.9931,73.1642,75.5381,74.5453,75.3260,76.6551,78.6384,79.4040,80.0625,76.9415,80.0625,78.2624,77.6660,75.7100,77.3692,74.0405,71.1688,70.5195,67.6757,69.0797,66.7083,67.1193,62.1691,59.9333,56.8243,57.9828,56.3028,56.8595,54.2033,52.0096,47.3814,0.0000,0.0000,0.0000,0.0000,0.0000,0.0000,0.0000,0.0000,0.0000,0.0000,0.0000,0.0000
1700000008.400000,-63.9,66.0984,64.0312,64.7611,64.7611,65.5134,65.1153,65.6201,66.2722,66.2722,67.0075,69.0290,68.0000,70.0000,68.0294,70.0643,72.1110,70.1783,69.4622,68.7314,70.7107,70.0357,72.0069,70.4060,73.2462,75.5050,73.9797,79.8123,78.8480,76.4003,78.8480,77.6660,78.8543,79.4292,76.2955,76.9415,74.6726,74.5453,72.2496,74.1687,68.1836,68.0000,65.0077,65.0000,62.0081,59.0085,57.2189,57.2189,56.3205,53.7587,50.9902,50.9608,50.3289,0.0000,0.0000,0.0000,0.0000,0.0000,0.0000,0.0000,0.0000,0.0000,0.0000,0.0000,0.0000
1700000008.450000,-62.6,68.0147,67.8970,70.0928,69.4262,68.8840,70.4344,71.6101,71.2811,74.9466,74.0608,75.2130,74.6257,74.9466,74.4312,72.4707,75.6439,75.1532,76.9675,74.4648,77.4919,76.3217,77.1622,76.8960,77.4919,81.3449,81.2711,81.3204,81.9085,83.2406,84.7703,82.2192,84.4334,82.6378,80.7775,82.4621,81.4371,79.6492,78.3901,76.0066,74.9466,73.0616,70.4911,69.6348,65.2150,63.6003,60.6053,59.6657,60.8769,59.3970,56.7274,55.2178,54.0833,0.0000,0.0000,0.0000,0.0000,0.0000,0.0000,0.0000,0.0000,0.0000,0.0000,0.0000,0.0000
1700000008.500000,-62.5,69.3181,68.5420,70.3847,69.0797,68.7095,68.7095,68.6222,71.1688,69.6419,70.3420,72.5672,73.3485,74.9667,73.8241,72.8354,75.3260,74.2428,73.3348,75.0267,75.1665,77.0584,77.0065,74.0270,77.2334,81.0555,79.0569,81.0555,80.0250,83.0542,82.0549,82.0000,84.0238,83.0060,83.2166,83.2166,80.3057,78.3135,76.6551,72.9931,74.3303,72.5672,70.4060,66.2193,65.5210,64.8460,61.0328,60.7454,59.2368,58.1808,56.7979,52.3546,51.6236,0.0000,0.0000,0.0000,0.0000,0.0000,0.0000,0.0000,0.0000,0.0000,0.0000,0.0000,0.0000
1700000008.550000,-59.3,65.7951,66.4680,69.3542,67.1789,69.5270,66.7083,69.2026,68.0074,70.4557,72.1110,73.4983,73.5731,73.0616,70.7107,72.5603,74.7329,72.9178,74.7329,72.6154,74.8465,73.1642,75.9605,73.7360,77.1622,77.4919,76.5376,78.1089,80.3617,80.0062,82.5651,82.2192,80.9938,82.2800,81.0247,80.2309,80.1124,76.4853,75.5910,72.0694,69.4622,72.5603,67.7422,67.1193,64.0703,61.8547,59.8164,59.5483,58.2580,58.6941,55.1725,54.6717,51.0392,0.0000,0.0000,0.0000,0.0000,0.0000,0.0000,0.0000,0.0000,0.0000,0.0000,0.0000,0.0000
1700000008.600000,-63.2,65.0308,64.0000,66.0303,69.1158,67.1863,64.2806,65.7647,67.8970,68.2495,68.2495,70.8308,72.2772,74.0405,71.1688,72.7324,72.7324,70.9366,70.5762,71.1758,72.9178,72.9178,73.7902,72.9178,76.0592,76.4788,77.8974,80.2621,80.6226,79.2591,78.7718,78.7718,80.5295,79.6053,77.8781,79.2023,77.4726,76.3217,74.3303,71.7844,71.7844,67.7200,66.4831,67.1863,62.5859,60.6383,59.0339,57.8705,56.3205,56.2228,54.0093,52.0096,51.2445,0.0000,0.0000,0.0000,0.0000,0.0000,0.0000,0.0000,0.0000,0.0000,0.0000,0.0000,0.0000
1700000008.650000,-65.0,69.0072,70.0000,70.1783,71.1126,71.2531,70.5762,70.5762,68.8840,74.9667,69.6348,74.9533,74.0405,73.7631,74.6324,76.2430,75.2728,76.2168,74.9466,77.4726,76.3217,74.4648,77.8781,74.7329,76.9415,78.2943,80.0625,83.1865,81.4125,84.9706,81.8413,83.6720,82.4621,83.3847,81.3449,83.1685,79.1202,80.0062,76.9220,73.4983,74.7329,72.0069,72.1803,68.5930,65.9242,64.6297,60.0750,62.0322,58.0000,57.0000,58.0775,56.1427,54.9181,0.0000,0.0000,0.0000,0.0000,0.0000,0.0000,0.0000,0.0000,0.0000,0.0000,0.0000,0.0000
1700000008.700000,-62.5,65.3758,67.2681,68.1175,69.0652,70.0000,67.0075,68.0000,69.0652,70.0643,71.3442,70.5762,73.6817,72.9931,72.3671,74.5252,74.9533,73.2462,74.2159,72.1249,74.0405,74.0405,74.9466,76.2168,75.3923,79.3788,78.5493,82.6378,81.7068,82.2800,82.2800,80.0062,81.6088,82.5651,81.3204,79.3095,81.0247,76.6877,75.5050,74.9667,71.7008,71.1758,71.2531,68.0661,64.0078,64.0000,62.0081,60.1332,59.2115,58.3095,54.9181,53.8516,53.4509,0.0000,0.0000,0.0000,0.0000,0.0000,0.0000,0.0000,0.0000,0.0000,0.0000,0.0000,0.0000
1700000008.750000,-60.9,66.0000,67.0000,66.1891,70.1783,68.1836,68.2642,68.3593,68.7314,70.7107,67.9117,70.0928,71.5681,73.0821,72.1110,73.0548,72.1110,72.1110,70.9366,73.0069,73.0069,72.6154,74.7329,71.5542,77.4145,76.5376,78.7147,81.8841,79.1770,81.8841,79.1581,79.6053,81.4371,81.0247,80.2309,79.1202,76.5506,75.9605,73.6817,72.4224,72.8011,69.6348,68.8840,65.5134,62.1691,61.8142,59.2115,60.1332,59.0085,57.0088,54.0093,54.0833,52.4690,0.0000,0.0000,0.0000,0.0000,0.0000,0.0000,0.0000,0.0000,0.0000,0.0000,0.0000,0.0000
1700000008.800000,-64.7,62.2013,59.5399,64.1327,61.8142,64.7611,58.9406,63.6003,63.6003,66.4078,66.4831,67.4166,66.3099,68.8767,68.8767,66.6483,71.6938,67.7422,68.7968,67.6757,68.8186,70.2140,71.2180,72.4224,71.7008,73.8783,70.2922,76.5768,80.1561,75.1665,77.3369,74.6525,77.3369,77.8010,76.4003,76.8440,75.7166,74.6257,71.3442,69.6419,65.8635,68.4251,64.8845,65.2993,59.0931,61.3270,57.3847,57.5847,55.9732,55.6597,53.3667,51.9711,47.2652,0.0000,0.0000,0.0000,0.0000,0.0000,0.0000,0.0000,0.0000,0.0000,0.0000,0.0000,0.0000
1700000008.850000,-63.8,70.8308,68.8840,70.6045,70.6045,69.6419,68.7095,70.0071,70.2638,70.6824,71.5891,73.4098,73.8241,74.4312,74.0945,75.4718,74.3303,76.0263,73.2393,75.4321,76.8375,76.5768,76.5768,76.8375,80.0562,82.8794,79.9312,83.4506,84.9588,85.6329,85.7030,82.8070,85.7030,86.4523,83.2406,82.8010,81.0247,81.2711,80.1561,75.8024,76.6616,72.9452,70.6612,70.6612,68.4471,64.4748,64.6220,61.6847,61.0328,59.2030,56.5155,56.7186,56.1427,0.0000,0.0000,0.0000,0.0000,0.0000,0.0000,0.0000,0.0000,0.0000,0.0000,0.0000,0.0000
1700000008.900000,-63.7,65.9242,63.5610,63.5295,66.2420,66.2420,65.3682,64.6607,66.5733,67.6757,65.2150,69.4046,70.9366,68.0147,70.0357,68.6804,69.2965,72.1249,71.4213,70.8378,72.9178,70.8378,73.8783,73.7564,72.8011,76.2168,77.2010,77.8010,77.0065,79.0253,78.4092,78.8733,80.0562,79.2465,80.6102,78.4920,75.6637,74.9667,74.4110,71.8401,71.0634,67.8012,67.2012,66.0303,61.2944,61.0574,59.6825,58.1378,57.6975,55.9464,54.7814,53.4509,52.3927,0.0000,0.0000,0.0000,0.0000,0.0000,0.0000,0.0000,0.0000,0.0000,0.0000,0.0000,0.0000
1700000008.950000,-62.5,64.1327,65.5134,67.1863,65.2533,68.3081,66.0984,64.8460,68.1542,67.2309,68.8767,67.9779,69.3542,71.1969,68.7968,69.1158,73.4983,69.8928,72.4224,71.4003,73.2462,73.4098,72.3464,73.7564,74.2765,75.0067,74.3303,77.0779,80.6598,79.9812,80.6226,77.8974,82.2192,79.5110,78.2432,78.4092,78.6003,76.8440,74.6257,72.6705,70.4911,69.4622,68.0000,68.6003,63.0635,61.7414,60.0083,61.4654,58.1893,56.6127,56.0446,53.3667,51.3517,0.0000,0.0000,0.0000,0.0000,0.0000,0.0000,0.0000,0.0000,0.0000,0.0000,0.0000,0.0000
1700000009.000000,-61.0,65.3070,65.9697,66.4078,68.0074,66.0984,67.4166,67.7791,68.1542,68.9420,69.7782,72.4500,71.1969,72.5603,71.3442,71.0211,73.2393,72.4224,73.2393,74.0270,72.6223,74.6525,75.1665,72.3464,76.4199,76.3806,78.5175,79.2465,79.1960,81.3204,79.1960,79.9312,82.7345,79.3095,77.8974,76.5768,77.0065,77.8010,74.6324,73.4983,71.2811,70.1783,68.7968,66.5733,63.6318,60.9016,59.0339,59.0339,57.3847,56.0803,54.0833,52.4976,51.9711,0.0000,0.0000,0.0000,0.0000,0.0000,0.0000,0.0000,0.0000,0.0000,0.0000,0.0000,0.0000
1700000009.050000,-61.6,65.7647,69.2604,65.2763,71.2531,68.0294,71.0282,69.0000,71.0282,70.1142,68.3593,71.5681,70.7107,74.1485,73.3485,74.9667,70.8308,75.9276,72.8011,75.0000,75.9605,76.8440,76.5376,74.3303,80.6226,78.3901,79.4796,84.1724,80.2309,83.9345,80.2309,83.9345,82.8734,83.1685,80.9568,81.0432,77.8845,79.8123,76.4003,75.9276,75.5050,69.7209,71.7008,67.6018,64.4981,63.1981,60.1332,60.0000,59.0000,56.0357,55.0364,54.2310,51.9711,0.0000,0.0000,0.0000,0.0000,0.0000,0.0000,0.0000,0.0000,0.0000,0.0000,0.0000,0.0000
1700000009.100000,-65.0,69.5270,74.2024,70.0000,72.2011,73.8173,73.2462,70.3278,70.7107,74.7061,73.8241,76.0592,77.8781,76.6942,75.6108,75.6108,77.7946,79.0569,74.4648,78.5875,77.3692,79.3095,80.6040,77.4661,79.9062,82.0366,83.8630,86.8332,83.8630,88.1192,82.8734,85.1587,84.5281,85.9069,87.0976,85.3756,82.4621,81.6088,80.3617,76.5506,77.1622,73.1642,75.3923,69.8570,67.5426,64.8845,64.8845,63.6318,61.9112,60.2080,56.8595,58.4123,56.6392,0.0000,0.0000,0.0000,0.0000,0.0000,0.0000,0.0000,0.0000,0.0000,0.0000,0.0000,0.0000
1700000009.150000,-60.1,66.2722,64.7765,69.0507,68.4471,67.6831,66.4906,68.9638,68.3081,69.8928,69.2892,71.1688,71.8679,74.3236,71.1758,72.4500,75.1798,71.5891,74.7930,72.7186,73.4983,73.4983,76.0263,75.7166,76.2758,78.6003,77.4209,80.4301,81.8352,79.0253,83.4086,80.8022,80.8022,82.6620,81.5414,79.9250,80.7775,78.7718,76.4788,75.1532,72.0139,73.8241,69.7782,68.1542,63.9062,62.9682,62.9365,60.8769,57.9741,59.4390,55.5788,56.0803,53.0094,0.0000,0.0000,0.0000,0.0000,0.0000,0.0000,0.0000,0.0000,0.0000,0.0000,0.0000,0.0000
1700000009.200000,-62.4,64.3817,66.7533,67.2681,69.2315,66.7083,64.7611,68.0074,66.7308,67.3573,68.7095,70.5762,70.3847,72.4983,70.7743,69.8570,73.3553,72.0694,71.5891,69.6419,71.8679,72.7186,72.9452,73.7835,75.7166,77.1038,77.4209,80.4487,79.0569,79.0569,81.2711,80.4550,81.5414,80.9938,78.8923,76.5376,78.7210,76.0263,75.6439,71.5122,69.0797,68.3081,67.3573,67.0522,62.0967,60.4401,59.4390,59.0339,57.8705,56.3205,54.0093,53.0000,52.0384,0.0000,0.0000,0.0000,0.0000,0.0000,0.0000,0.0000,0.0000,0.0000,0.0000,0.0000,0.0000
1700000009.250000,-59.6,67.4685,69.8713,70.7107,70.7107,71.3442,70.2567,71.0000,68.0294,70.0000,72.0000,74.0000,75.0600,74.1687,74.2428,74.6726,74.9667,75.9539,73.9797,75.1332,75.7100,75.9276,75.7100,76.1577,78.8480,79.3095,79.8123,82.5651,82.0061,82.7103,82.9699,84.4038,85.6154,82.0000,82.5651,80.4114,79.7621,79.5110,77.1622,74.1080,72.0625,73.0069,71.0000,69.0290,67.0000,64.0312,61.2046,62.5140,58.8558,59.2284,57.0088,55.3624,52.9245,0.0000,0.0000,0.0000,0.0000,0.0000,0.0000,0.0000,0.0000,0.0000,0.0000,0.0000,0.0000
1700000009.300000,-62.6,67.7422,69.4262,67.4685,67.2681,68.4105,69.6419,69.5701,67.6757,70.5762,70.2638,74.0945,74.2496,72.4500,73.3553,73.4302,75.2928,74.9466,72.7186,73.8173,75.0000,74.4043,75.6042,75.0000,77.3369,79.5110,79.6492,82.0731,81.4678,82.4621,80.7217,80.1561,81.6884,82.6196,82.0061,83.2346,78.2368,78.4920,75.4718,74.9466,76.3217,71.6938,71.1196,67.1193,64.4050,62.6498,61.3270,60.1664,59.4643,56.6127,55.0818,52.3927,51.6236,0.0000,0.0000,0.0000,0.0000,0.0000,0.0000,0.0000,0.0000,0.0000,0.0000,0.0000,0.0000
1700000009.350000,-65.2,63.6318,65.7343,68.0074,66.4003,69.0290,67.0075,68.0147,68.0147,70.0357,70.7248,71.4213,69.3542,72.4707,71.8401,73.4098,73.0069,73.0069,71.6101,72.1110,75.1665,72.7186,76.6616,74.4312,77.8974,78.7718,76.5376,80.5295,81.4125,82.7647,82.8553,80.1311,83.3547,82.6801,81.2711,78.2368,79.4040,77.2010,75.4321,73.8783,72.3464,69.3542,70.0357,70.0071,65.0692,65.9469,60.4401,61.2209,61.4003,58.5235,57.4543,55.9017,53.7122,0.0000,0.0000,0.0000,0.0000,0.0000,0.0000,0.0000,0.0000,0.0000,0.0000,0.0000,0.0000
1700000009.400000,-61.9,62.9682,63.5689,66.7608,67.0522,66.4906,66.7083,66.7083,65.9242,68.7314,67.7422,68.4690,73.5527,66.0000,71.0070,71.2531,66.0303,68.0661,70.0000,68.0661,74.0000,74.3303,70.7107,74.1687,74.6726,82.4924,75.1332,79.3095,74.0608,77.6466,78.6384,74.3303,74.1080,82.0244,79.0000,74.0270,77.1622,72.1110,74.3303,70.3491,65.1920,66.4831,64.6297,65.7647,61.0000,59.6657,56.3205,57.4891,55.6597,54.7814,53.3104,50.5371,50.2494,0.0000,0.0000,0.0000,0.0000,0.0000,0.0000,0.0000,0.0000,0.0000,0.0000,0.0000,0.0000
1700000009.450000,-62.6,65.2993,63.4114,63.6003,65.0000,64.3506,64.0703,64.1405,65.8635,66.2420,67.9779,68.8767,68.9420,68.5420,70.0071,70.9366,68.3081,69.2604,69.2604,70.8802,70.6045,72.2772,70.6116,69.8570,74.9667,74.9667,76.1183,78.0897,78.2624,78.9177,76.9415,77.6660,78.4474,78.8543,77.6209,76.9220,74.0405,73.3757,71.4703,70.5762,70.9366,66.7083,67.6240,64.4050,59.0339,59.0593,54.7083,57.4543,56.3028,54.0833,52.2015,52.4976,50.9313,0.0000,0.0000,0.0000,0.0000,0.0000,0.0000,0.0000,0.0000,0.0000,0.0000,0.0000,0.0000
1700000009.500000,-63.2,68.1542,68.3520,71.4703,73.0821,69.6419,71.5681,72.0069,72.0069,72.0069,72.0069,75.8024,75.3260,73.5527,75.1665,76.1643,77.0065,78.0000,76.0066,78.1601,78.2304,77.2334,77.5242,80.2247,77.7817,82.4924,82.7345,83.1865,85.1587,85.0000,86.8332,86.8332,85.8429,85.5862,82.6075,83.2166,82.2192,81.0000,78.0000,77.0260,76.0263,72.0625,70.1142,70.1783,67.4759,67.6018,60.6712,61.0000,61.0000,59.6657,58.1893,57.9396,52.8015,0.0000,0.0000,0.0000,0.0000,0.0000,0.0000,0.0000,0.0000,0.0000,0.0000,0.0000,0.0000
1700000009.550000,-65.3,68.9493,67.3573,68.6804,71.3092,69.8570,70.4060,69.0507,72.6911,69.4622,72.1734,74.3303,74.1080,75.0600,74.0608,74.0270,74.0000,75.0067,74.0608,76.1643,78.2304,76.1643,76.3217,75.6637,79.7621,79.0759,79.9062,79.9062,81.7435,84.8528,81.2158,82.4924,83.4865,83.1505,80.0999,82.0000,82.0244,80.0000,77.0065,74.1080,74.2428,71.2531,70.3491,69.4622,65.7647,63.9531,59.9083,61.6117,60.4401,58.8218,57.0088,55.0364,53.8516,0.0000,0.0000,0.0000,0.0000,0.0000,0.0000,0.0000,0.0000,0.0000,0.0000,0.0000,0.0000
1700000009.600000,-60.3,64.2884,64.8460,65.5515,68.1542,64.2573,64.4748,66.1891,64.8460,67.1193,67.1193,69.6419,71.0211,69.8928,70.0000,71.6101,69.6563,72.2496,71.5891,72.8354,72.8354,74.2496,72.9178,73.5527,73.0000,76.5768,77.1557,80.9197,78.1025,77.2334,80.1561,80.0562,82.1340,80.0562,77.1038,77.7946,77.1038,77.1557,73.7564,73.2462,70.2922,70.8025,69.2026,66.8506,64.6375,62.1289,58.3095,59.0339,59.4811,57.0088,55.5428,53.7587,52.6308,0.0000,0.0000,0.0000,0.0000,0.0000,0.0000,0.0000,0.0000,0.0000,0.0000,0.0000,0.0000
1700000009.650000,-66.0,67.2086,68.7677,66.8431,70.4344,67.2012,70.2140,69.3397,68.7968,70.4911,69.8355,72.5603,72.0694,73.7902,76.0592,76.5572,72.8011,73.7360,72.4500,75.8947,76.8440,73.0821,76.9220,74.0405,78.1025,79.8123,78.8480,81.7435,82.7103,85.1645,82.7103,83.2406,83.2406,82.8613,82.2192,80.4114,79.8499,78.3901,76.0592,75.5844,76.4788,70.2353,72.5603,67.2309,66.5733,63.8201,61.0328,59.8164,58.8982,58.6941,55.8659,55.2268,52.2015,0.0000,0.0000,0.0000,0.0000,0.0000,0.0000,0.0000,0.0000,0.0000,0.0000,0.0000,0.0000
1700000009.700000,-64.7,65.8027,67.6757,66.0379,69.3397,67.2309,66.7308,66.7308,68.0000,67.5352,66.7083,69.8928,73.3757,72.1249,72.8011,72.4224,73.2462,73.9797,71.5891,72.3671,73.7564,73.5459,75.9539,74.8131,76.1052,77.3175,77.2334,82.2192,81.2219,83.1505,83.2166,80.3990,81.7435,81.3941,78.4474,79.8311,79.2465,78.0897,74.9533,75.1864,72.5328,69.9214,69.2604,65.1460,63.5689,62.7694,62.1691,59.9416,59.5399,56.4358,54.9181,55.8032,51.8556,0.0000,0.0000,0.0000,0.0000,0.0000,0.0000,0.0000,0.0000,0.0000,0.0000,0.0000,0.0000
1700000009.750000,-60.6,67.6018,66.6108,71.3092,67.4685,68.1542,69.3758,70.2140,69.8928,70.5762,70.0071,71.3092,74.2496,73.3553,72.9452,73.3553,74.4312,74.0945,74.6257,76.0263,75.7166,74.8866,76.6094,75.0000,76.0592,78.8733,81.0555,80.9197,81.5659,83.2406,83.7377,81.0555,82.6196,84.4038,81.0247,80.7094,79.0759,77.9359,77.0260,74.4312,74.7061,70.6612,69.3181,68.8767,65.7951,64.0781,61.0328,61.0328,60.7289,57.7235,55.1090,53.9351,54.1479,0.0000,0.0000,0.0000,0.0000,0.0000,0.0000,0.0000,0.0000,0.0000,0.0000,0.0000,0.0000
1700000009.800000,-63.5,64.8460,61.7414,63.1585,64.0781,65.1920,63.5689,65.1460,64.8460,65.2533,65.9697,66.2873,68.8840,68.7314,68.5930,68.7314,68.2642,68.1175,69.1809,69.0000,70.0000,71.0070,71.0000,72.0000,74.1687,74.1080,75.1665,77.4145,75.3260,76.1643,79.2275,75.1066,78.0256,78.0064,77.0000,76.0263,75.0267,74.1687,74.1687,68.2642,67.2681,65.6201,64.7765,64.7765,59.0339,59.4390,55.7853,55.0818,55.0818,54.7814,51.4781,51.4781,48.8774,0.0000,0.0000,0.0000,0.0000,0.0000,0.0000,0.0000,0.0000,0.0000,0.0000,0.0000,0.0000
1700000009.850000,-66.0,68.6003,68.5055,67.2309,72.2011,69.3542,72.5603,70.2140,70.6824,69.3542,70.9366,72.8011,73.0548,75.2728,74.3303,76.2430,74.2159,75.9276,71.0634,75.5050,77.2787,75.5050,76.1183,75.8024,77.6466,83.6002,80.5047,81.6150,79.4040,84.7172,81.7435,83.3607,84.0119,84.5281,82.7647,82.7103,80.5233,78.8480,77.7946,74.9466,77.1622,71.5122,69.8570,67.2309,63.9766,61.7171,60.9016,60.5392,62.4340,56.8595,57.2014,56.7274,53.7587,0.0000,0.0000,0.0000,0.0000,0.0000,0.0000,0.0000,0.0000,0.0000,0.0000,0.0000,0.0000
1700000009.900000,-63.4,64.4050,64.6220,67.6757,65.4599,65.8027,66.7608,66.4906,67.6831,66.4906,68.0661,69.2315,71.7008,71.3442,69.2604,69.2604,72.0000,71.0070,72.0278,71.0634,71.1126,72.0069,73.2462,74.0608,75.2396,76.2365,77.4145,78.4092,79.5110,78.5175,81.3941,81.1542,82.2192,81.0555,79.0000,78.0000,76.0263,75.1066,73.2462,71.4493,69.3542,69.4622,66.7533,67.0820,63.1506,61.1882,58.9406,58.2409,58.2409,56.6480,53.3104,52.3259,50.6063,0.0000,0.0000,0.0000,0.0000,0.0000,0.0000,0.0000,0.0000,0.0000,0.0000,0.0000,0.0000
1700000009.950000,-61.2,67.9117,66.4906,70.7107,69.8713,68.5930,69.1809,70.1142,71.2531,71.0000,73.0000,74.0000,76.0592,76.2365,71.2531,73.2462,74.8131,72.6911,75.9539,74.5252,75.9276,75.3127,76.4003,77.8781,79.1202,80.7775,79.8123,81.6088,84.4808,81.6088,84.4808,81.4923,84.6463,83.1986,80.6040,82.3772,80.0625,79.7621,75.4255,74.1687,72.2496,71.2531,68.0661,69.0000,66.0000,64.0078,62.0322,60.2993,58.4209,58.6941,56.2939,54.3415,52.8110,0.0000,0.0000,0.0000,0.0000,0.0000,0.0000,0.0000,0.0000,0.0000,0.0000,0.0000,0.0000
1700000010.000000,-62.0,66.4078,65.8027,67.6831,69.6348,68.2495,68.2495,69.5845,69.7209,71.2531,71.2531,72.1110,73.0274,71.0070,71.0070,71.0282,77.2334,72.2496,74.2428,71.5681,74.9667,75.6637,74.3303,77.5242,78.4474,80.6040,79.0759,79.0759,84.1724,81.2527,85.1469,80.4114,83.5464,81.8841,81.8841,79.6304,81.6150,79.1581,75.0267,73.0000,71.0070,72.0000,68.0000,68.0661,64.1950,61.2046,59.5399,58.4209,58.5491,55.7853,55.0818,53.7587,52.9245,0.0000,0.0000,0.0000,0.0000,0.0000,0.0000,0.0000,0.0000,0.0000,0.0000,0.0000,0.0000
1700000010.050000,-63.1,67.4759,66.6033,67.8822,68.5930,68.0147,66.5282,66.7083,68.6003,72.0069,70.8025,72.1110,71.8679,70.4911,72.5603,73.9256,76.0263,73.3485,74.2496,72.4983,74.3236,75.6439,75.9605,75.7694,76.5376,78.7464,79.0569,80.6536,83.8153,81.9085,82.8613,81.3449,83.5703,82.6378,80.6226,83.2586,80.0562,78.7909,75.2928,75.6637,73.4302,72.7186,68.2642,68.7968,63.2456,62.4260,60.6053,62.6259,60.2080,60.2080,54.4518,56.8507,52.4309,0.0000,0.0000,0.0000,0.0000,0.0000,0.0000,0.0000,0.0000,0.0000,0.0000,0.0000,0.0000
1700000010.100000,-67.0,69.6419,71.0634,70.2140,72.3671,72.0069,72.6911,71.2531,71.1758,72.1734,71.1126,77.1038,74.0000,77.0000,77.0260,80.0250,77.3175,77.2334,75.4255,77.7817,78.9177,76.7919,78.4474,77.9295,81.2527,79.2465,83.1986,81.7863,82.2253,86.1220,84.9294,87.4757,86.4928,85.0000,85.8429,83.4865,80.2247,82.1523,78.0000,78.0000,75.0000,73.0069,73.1095,71.1758,65.4905,65.4905,61.5224,63.1506,61.1882,57.7235,56.3028,55.7136,53.2353,0.0000,0.0000,0.0000,0.0000,0.0000,0.0000,0.0000,0.0000,0.0000,0.0000,0.0000,0.0000
1700000010.150000,-59.4,69.8355,72.0694,71.1126,72.4500,71.1758,70.3847,71.5122,73.0548,73.3757,74.3303,75.9605,73.9797,76.6877,76.4853,77.6660,77.9295,78.9177,77.7817,77.2334,78.3135,77.3175,79.1581,77.1038,80.0000,83.0060,83.0000,84.0000,86.0000,86.0523,85.0000,84.0952,86.0930,86.2090,81.3019,83.8630,83.8630,82.0366,79.0759,78.4474,75.9276,73.7631,70.8802,70.2140,68.0074,64.1950,63.5689,62.7694,63.5610,59.9416,58.6686,56.0357,56.4004,0.0000,0.0000,0.0000,0.0000,0.0000,0.0000,0.0000,0.0000,0.0000,0.0000,0.0000,0.0000
1700000010.200000,-63.1,63.6003,63.6003,68.2495,65.8559,67.3573,65.8559,67.8822,64.3506,67.2681,69.5270,69.4262,70.4344,71.2180,70.0000,69.4046,73.2462,69.6419,72.7186,71.6938,71.1969,73.9256,73.7902,72.9452,75.1532,76.0592,76.5572,78.7210,79.2023,77.8781,80.5295,78.2624,80.9506,80.1311,76.1577,77.5242,77.3886,76.5506,73.8173,70.2140,68.4105,68.2495,65.4370,64.4438,60.2080,60.8276,57.2800,57.3149,57.4891,55.4437,53.6004,51.6236,49.6488,0.0000,0.0000,0.0000,0.0000,0.0000,0.0000,0.0000,0.0000,0.0000,0.0000,0.0000,0.0000
1700000010.250000,-63.5,64.7611,61.8466,64.1950,64.1950,64.2573,62.3939,63.5610,65.3911,65.7647,67.1193,70.7107,68.2642,70.1783,68.7968,69.6419,70.0000,68.4105,70.4344,70.1783,71.5891,71.5891,73.5935,71.4493,73.5527,74.9533,73.5935,77.2334,79.9312,78.5684,79.3095,78.4920,78.4920,80.6226,79.3095,79.3977,77.3369,75.9276,73.4098,71.6101,71.6101,68.8186,66.2873,68.7968,61.4003,62.2656,59.4811,59.0339,59.0339,56.0803,55.6597,53.1601,50.0100,0.0000,0.0000,0.0000,0.0000,0.0000,0.0000,0.0000,0.0000,0.0000,0.0000,0.0000,0.0000
1700000010.300000,-61.9,68.2495,66.6033,67.1789,67.9412,69.3109,65.7647,68.2495,70.4344,67.6240,71.8401,72.2011,72.4224,73.4983,71.8679,73.2462,75.1332,75.1332,74.2428,73.8241,74.3236,74.3236,76.1577,76.8960,76.8960,78.5493,78.7718,81.9085,79.3788,81.2711,83.4865,79.1202,80.6536,83.9345,80.6226,78.2943,79.6241,76.9415,76.1577,74.0945,71.1969,69.6419,67.1193,68.8186,63.8201,61.6117,59.8164,58.7963,58.7963,55.8659,57.3847,53.4135,53.0094,0.0000,0.0000,0.0000,0.0000,0.0000,0.0000,0.0000,0.0000,0.0000,0.0000,0.0000,0.0000
1700000010.350000,-58.9,68.5420,69.3181,68.4763,70.6612,69.4622,70.4911,69.6419,70.4557,70.2140,70.2140,74.6525,73.6614,76.4853,73.5527,76.4199,76.4853,75.7430,72.8629,77.2334,79.0253,75.9276,76.2168,76.6094,78.0064,81.4002,80.8022,82.9277,84.8764,86.2670,82.6620,87.6185,84.8116,85.6037,83.0963,85.0412,82.1340,80.7217,79.1960,76.3675,76.4199,72.9178,73.0000,68.7677,66.8431,65.6049,63.0079,61.2944,60.2080,58.6686,57.2451,55.0364,55.3624,0.0000,0.0000,0.0000,0.0000,0.0000,0.0000,0.0000,0.0000,0.0000,0.0000,0.0000,0.0000
1700000010.400000,-62.8,62.9682,62.2896,63.0317,63.8905,64.8151,63.0079,63.0079,64.0703,64.3506,67.1193,67.4166,66.7308,68.9638,68.4251,69.7782,71.1126,70.2638,68.1542,71.1688,70.9366,70.9366,71.1688,70.2282,73.3757,73.3757,75.0000,76.6551,75.9605,78.1601,76.9220,75.6108,80.3243,78.7718,75.7694,74.7329,73.9256,73.8241,70.6612,69.3542,66.2420,67.7422,66.0379,62.4340,59.4054,60.2163,54.8179,55.9732,53.8145,53.7587,52.3259,49.0408,47.0106,0.0000,0.0000,0.0000,0.0000,0.0000,0.0000,0.0000,0.0000,0.0000,0.0000,0.0000,0.0000
1700000010.450000,-64.7,69.7711,68.4763,67.7422,68.4763,69.3397,70.2140,69.4046,72.2011,71.0634,70.8378,74.3303,74.2496,75.6637,74.9533,74.2496,75.1665,76.6942,73.1095,76.8375,74.8131,77.4661,77.2010,75.2130,79.0569,80.1561,82.0975,85.7030,83.2166,85.7030,83.7616,84.6286,85.8021,84.6463,83.7377,82.8794,82.2192,80.8084,77.7946,77.0779,76.4199,73.6614,72.2496,70.2922,66.8431,63.6003,61.8547,60.2080,63.1348,59.5399,57.6975,57.2713,56.6127,0.0000,0.0000,0.0000,0.0000,0.0000,0.0000,0.0000,0.0000,0.0000,0.0000,0.0000,0.0000
1700000010.500000,-62.4,67.6831,64.7611,65.8027,68.4105,65.1920,65.5515,65.9242,67.6240,66.1891,68.4251,69.3181,70.3278,70.3278,69.6419,71.5612,71.6101,71.0282,70.8025,71.2180,72.4707,74.6525,72.2496,73.1095,77.2334,75.0067,77.1557,79.9312,77.1038,79.2465,79.3095,80.6598,80.8084,80.8084,80.2808,77.0065,75.4321,76.8440,71.8679,71.3442,71.3442,67.7422,68.4251,64.4127,63.0714,61.3270,58.6003,57.0088,56.6480,55.3624,54.8179,51.9711,51.2445,0.0000,0.0000,0.0000,0.0000,0.0000,0.0000,0.0000,0.0000,0.0000,0.0000,0.0000,0.0000
1700000010.550000,-60.9,67.4685,64.7611,65.5210,67.7200,66.0984,65.7875,68.1542,65.7951,67.6240,68.8767,71.1126,71.5891,72.0694,70.8308,73.5731,71.2811,74.0608,75.7166,75.6042,75.0000,75.6042,75.2861,74.6525,78.5684,79.3095,76.4853,81.4678,84.1724,80.7217,83.4865,82.1340,83.0963,84.0238,80.6040,79.4040,80.4487,77.9359,79.0759,74.4312,72.0694,72.5603,68.4763,69.3181,63.9766,63.1585,60.7454,61.6847,59.4811,59.2030,55.7853,58.4209,54.2310,0.0000,0.0000,0.0000,0.0000,0.0000,0.0000,0.0000,0.0000,0.0000,0.0000,0.0000,0.0000
1700000010.600000,-65.6,67.0000,66.0303,65.1230,70.1783,71.3442,68.3593,67.6018,70.2140,69.2315,71.0634,70.8308,74.0405,74.0405,72.1249,74.3303,74.3303,72.2357,70.5762,73.4098,75.9605,73.4098,75.1532,76.0592,76.9415,79.6492,79.1770,81.4125,81.3941,80.9506,81.3941,80.9568,83.1926,82.4621,80.2309,82.6378,79.7120,78.1089,76.2168,72.2772,73.4983,69.6348,67.2681,67.8970,63.5059,62.3939,59.1354,60.0333,58.0000,58.0000,58.0000,54.3323,51.7880,0.0000,0.0000,0.0000,0.0000,0.0000,0.0000,0.0000,0.0000,0.0000,0.0000,0.0000,0.0000
1700000010.650000,-66.1,67.2681,66.4906,71.3092,68.6804,68.6804,68.9638,70.8378,71.3092,70.0071,73.3485,72.0139,72.0069,73.8241,73.4302,72.5603,74.9466,72.7186,74.6257,75.4520,77.6660,76.8440,76.6094,76.4003,78.8733,81.0555,81.0555,81.6884,82.6196,82.6196,84.0238,82.4197,83.6002,84.5991,84.0595,79.9250,80.7775,79.4040,76.1577,74.6860,74.2496,72.9178,69.0797,71.8679,65.7875,63.8905,61.9839,60.1664,59.2284,59.2284,55.7315,53.3385,52.0096,0.0000,0.0000,0.0000,0.0000,0.0000,0.0000,0.0000,0.0000,0.0000,0.0000,0.0000,0.0000
1700000010.700000,-63.0,68.7314,68.3593,67.1193,67.1863,64.0312,68.0294,68.0000,66.0000,70.0643,69.2604,69.3542,72.6911,73.6817,70.7107,71.0211,71.5891,70.8308,70.6116,75.4321,73.2462,72.5328,75.9605,74.0405,77.4919,78.1089,78.4347,78.4347,79.3788,81.2711,79.3788,79.8123,80.7775,81.2527,79.3095,78.4474,77.1038,76.9415,76.6551,74.3303,71.2531,69.0652,68.0661,67.0000,63.0000,63.0000,59.0762,59.2115,58.4209,57.8705,54.3415,54.8179,49.3356,0.0000,0.0000,0.0000,0.0000,0.0000,0.0000,0.0000,0.0000,0.0000,0.0000,0.0000,0.0000
1700000010.750000,-63.9,63.7887,65.3070,63.9531,65.7647,64.4981,65.3758,64.1950,65.0308,68.0294,67.0298,68.0074,68.1175,68.1836,72.3395,71.5681,69.7209,69.8713,69.6348,70.0928,70.8308,70.8308,72.8011,70.8802,75.2728,74.9466,75.5844,76.5506,78.4347,78.4347,77.4919,78.7464,78.4474,77.6209,77.8845,77.1298,75.9276,75.7100,72.3671,70.2140,70.0357,66.6108,64.4981,64.3817,61.1310,59.1354,56.0000,56.0000,56.0089,55.0091,52.0865,51.4781,49.0306,0.0000,0.0000,0.0000,0.0000,0.0000,0.0000,0.0000,0.0000,0.0000,0.0000,0.0000,0.0000
1700000010.800000,-64.0,69.0652,69.0652,70.0000,72.0000,69.0652,70.2567,72.3395,71.3442,72.6911,73.6817,73.9797,74.5252,75.1864,73.4983,78.1025,75.2728,75.8947,74.3303,78.1857,75.9605,78.1857,78.3901,76.5572,80.0625,79.2023,81.8413,84.9706,83.1865,86.7698,85.8662,85.4283,84.6936,85.2350,84.1546,81.9329,81.9329,80.9568,78.1601,75.9605,75.1864,72.7805,73.0069,69.0507,66.0984,64.4981,64.1950,61.0328,60.0333,60.0000,58.0086,56.3205,55.5788,0.0000,0.0000,0.0000,0.0000,0.0000,0.0000,0.0000,0.0000,0.0000,0.0000,0.0000,0.0000
1700000010.850000,-61.7,62.6817,62.4340,62.9682,67.7422,65.7647,65.2993,64.4050,65.3911,66.7083,67.4166,67.0671,68.3081,69.1231,68.0074,70.3420,71.5891,69.2315,68.2495,68.8840,72.9931,72.6911,71.5681,73.5527,74.1687,75.2396,74.1687,75.1066,79.1581,78.2304,79.3095,79.5110,79.4040,79.5110,75.8024,76.1183,74.5252,73.5459,70.6116,71.3092,68.6804,66.0984,63.5689,63.5689,62.3939,60.1664,55.4617,55.9017,54.5619,54.2033,53.8516,50.8035,50.3289,0.0000,0.0000,0.0000,0.0000,0.0000,0.0000,0.0000,0.0000,0.0000,0.0000,0.0000,0.0000
1700000010.900000,-61.4,63.8905,66.0681,65.2150,68.8186,64.6375,69.8928,67.2309,68.6003,67.2309,64.8845,68.9420,69.0797,70.9366,70.2282,74.6726,70.2140,73.3757,68.9638,73.2462,72.0347,72.0347,76.1577,69.6348,75.8024,76.7919,77.9295,78.9177,76.9415,84.5931,79.7621,80.4114,81.3941,80.8084,79.3095,78.8480,76.4003,74.4648,73.0821,72.7324,74.3303,66.3099,70.7743,63.1585,63.5059,63.5295,57.3062,58.8303,54.7083,54.0833,53.8238,53.4135,51.6236,0.0000,0.0000,0.0000,0.0000,0.0000,0.0000,0.0000,0.0000,0.0000,0.0000,0.0000,0.0000
1700000010.950000,-61.1,67.6757,66.8506,70.4344,69.5270,69.5270,68.0147,69.3542,70.7248,69.3109,70.9366,72.9178,74.5185,73.4098,72.4707,72.8011,76.0263,72.9452,70.4557,74.6257,77.0260,75.8024,76.0592,75.2928,79.6053,78.7147,79.6053,83.6301,81.8413,83.1926,82.2982,82.3650,84.1190,83.0060,82.3772,79.3221,79.3221,78.8162,74.2024,75.1665,72.4707,70.8378,69.3542,70.0357,63.6396,62.9365,60.2080,61.2209,58.4123,56.6127,55.4707,55.0727,52.8015,0.0000,0.0000,0.0000,0.0000,0.0000,0.0000,0.0000,0.0000,0.0000,0.0000,0.0000,0.0000
1700000011.000000,-64.0,68.7677,69.3542,71.4213,71.4213,72.8629,70.0928,71.8401,70.9366,72.0069,74.6324,74.4043,77.1038,74.0945,75.1665,74.0945,78.7718,77.4145,76.4788,78.2943,76.5572,77.3886,77.8781,80.6226,81.7068,81.3449,80.6536,84.7585,83.5703,85.7963,85.2350,86.0058,86.5390,85.4927,84.0952,83.6481,82.2982,80.5295,77.6981,75.1665,74.9466,73.0069,72.6223,69.4046,66.2193,65.9469,62.2415,62.9365,60.8769,60.2080,58.4123,56.0357,52.4786,0.0000,0.0000,0.0000,0.0000,0.0000,0.0000,0.0000,0.0000,0.0000,0.0000,0.0000,0.0000
1700000011.050000,-60.8,64.0078,64.0078,65.2993,66.7083,63.5610,64.4748,65.9242,65.9242,66.7308,67.0522,66.7608,68.4105,70.6116,68.4471,68.6586,70.0357,69.7209,68.7314,69.3542,71.4493,71.8471,72.1734,73.1710,72.0000,76.0263,74.0270,76.0263,80.0250,78.0064,79.1012,75.1665,78.3135,78.3135,76.7919,76.7919,74.9667,75.5050,70.6116,69.2315,68.8840,67.4463,65.2533,63.8905,60.7289,60.7454,55.9464,57.2451,56.3649,53.7122,51.0000,51.3128,47.6340,0.0000,0.0000,0.0000,0.0000,0.0000,0.0000,0.0000,0.0000,0.0000,0.0000,0.0000,0.0000
1700000011.100000,-59.9,66.9403,65.2533,68.3081,69.5701,68.3520,68.7095,68.1542,71.1126,70.6824,71.5542,72.4707,75.2928,74.4312,72.9452,74.3303,75.8024,75.0000,74.8131,73.7564,77.2334,76.6942,77.8332,74.4110,80.6226,81.3204,80.6102,82.7345,83.4386,82.7345,85.5862,82.7345,85.5862,85.7030,83.7377,81.8352,81.8352,80.0000,78.2368,75.2130,73.2462,72.7186,71.0211,69.1158,66.2420,64.8460,63.0714,63.1585,58.5235,59.8080,57.5674,57.2713,55.3263,0.0000,0.0000,0.0000,0.0000,0.0000,0.0000,0.0000,0.0000,0.0000,0.0000,0.0000,0.0000
1700000011.150000,-67.2,68.7677,65.4370,70.8025,68.8186,69.3397,68.5055,70.8308,69.3542,68.8840,71.1126,75.1532,74.8465,74.6726,74.0945,73.5391,76.8440,74.3303,72.8011,74.4648,76.1577,77.6660,77.2787,78.8543,79.0759,78.9177,77.9295,79.9062,84.0119,81.0494,83.8630,83.5464,85.5102,84.1724,82.0000,79.5550,80.5233,77.2010,77.1622,75.2728,72.1110,72.6154,69.8570,68.9420,64.4050,64.4050,61.2944,60.0333,58.5235,59.9083,55.2178,53.9073,53.0377,0.0000,0.0000,0.0000,0.0000,0.0000,0.0000,0.0000,0.0000,0.0000,0.0000,0.0000,0.0000
1700000011.200000,-59.2,65.7647,65.1153,64.5368,66.8431,66.7083,67.6240,68.4105,65.0000,65.8027,69.3397,69.1158,70.8308,71.5891,70.6612,71.1196,72.4983,72.4983,71.5891,73.1642,73.5391,73.9256,73.7360,72.6154,76.9220,76.5376,75.2861,79.3788,78.4474,79.4040,80.3243,80.3243,80.0562,82.0792,78.7909,79.1581,77.8267,76.4853,74.7061,73.0616,70.4911,69.1158,67.1193,65.8027,64.4050,61.7171,60.8276,58.6941,58.0000,56.5862,55.3173,53.1507,50.2494,0.0000,0.0000,0.0000,0.0000,0.0000,0.0000,0.0000,0.0000,0.0000,0.0000,0.0000,0.0000
1700000011.250000,-58.4,65.7875,67.4166,63.6946,68.5420,65.3911,67.0820,66.1891,67.5352,68.4763,68.7968,71.0211,69.6348,71.0282,71.2180,72.8011,72.4707,75.2861,69.0290,72.8629,72.8629,75.0733,75.0067,71.4213,75.0733,77.1557,77.8332,79.2465,77.8332,82.7587,77.7817,82.0244,80.6226,80.0562,78.7464,78.2432,74.6525,76.2168,73.6003,73.2393,73.7835,67.2309,69.4622,65.3682,64.4981,61.7171,60.0083,58.6941,57.0088,54.7083,53.4509,52.3927,50.8035,0.0000,0.0000,0.0000,0.0000,0.0000,0.0000,0.0000,0.0000,0.0000,0.0000,0.0000,0.0000
1700000011.300000,-61.9,66.7308,65.7343,65.2150,67.8012,67.0075,65.4370,67.3573,69.4262,67.8822,69.3109,70.7248,70.0928,71.5891,73.7564,72.4707,73.4098,73.4098,71.6101,73.4983,74.3303,74.0945,74.9466,73.2462,76.1577,77.4145,77.0260,80.9506,79.6492,80.1311,80.7775,79.9250,81.6333,80.4550,78.2304,76.8440,77.2010,74.6525,74.6525,72.9178,73.0000,68.5930,67.8970,67.1789,63.7024,62.3699,58.8982,59.8164,58.0086,55.4707,54.2033,52.7731,51.0784,0.0000,0.0000,0.0000,0.0000,0.0000,0.0000,0.0000,0.0000,0.0000,0.0000,0.0000,0.0000
1700000011.350000,-61.3,64.0703,63.0079,66.4003,65.4370,65.1920,62.3699,65.7647,65.0692,66.4680,66.5282,70.0928,68.1175,68.2495,69.4046,70.0000,71.0282,70.4557,71.5612,69.9714,71.1969,71.3442,72.5603,72.2011,74.2496,76.4788,75.5844,77.3886,79.2023,77.3692,79.6053,77.0260,78.2943,79.9250,75.6637,76.5506,75.7166,73.2393,72.0069,72.2011,68.4105,67.3573,65.2993,65.1920,62.9365,59.3970,55.9732,57.4891,54.6717,53.0094,51.0392,51.6236,48.3011,0.0000,0.0000,0.0000,0.0000,0.0000,0.0000,0.0000,0.0000,0.0000,0.0000,0.0000,0.0000
1700000011.400000,-63.2,66.6108,68.1836,66.0303,68.1836,69.0000,66.0000,68.0661,67.1863,69.3542,70.3491,70.5762,73.8241,71.1969,72.3671,70.4060,73.2462,72.1249,72.8011,71.7844,73.6817,73.3894,73.7360,73.7360,77.2528,76.6942,77.0779,78.9240,79.3095,79.3095,83.9345,79.3095,80.4114,79.4796,80.6536,78.1089,80.0812,76.9220,74.9533,73.5459,69.4262,72.0069,66.7533,68.4690,63.2851,62.2013,60.2080,58.0086,58.0000,58.0345,57.2189,53.6004,50.2195,0.0000,0.0000,0.0000,0.0000,0.0000,0.0000,0.0000,0.0000,0.0000,0.0000,0.0000,0.0000
1700000011.450000,-62.8,67.0075,64.2028,66.6033,66.7083,66.5282,67.9412,66.4831,68.6804,68.7677,70.2922,69.5270,69.8140,72.8011,70.4557,72.2011,72.2011,72.2011,72.0694,72.0069,74.7061,73.3553,72.4983,72.8972,77.8781,77.8781,78.7909,78.5493,82.4621,81.5414,79.3095,81.0247,83.2586,79.6053,79.6053,78.7718,77.5242,76.0066,74.3303,72.1110,70.4557,67.8012,67.8012,66.2193,63.8905,60.9590,58.0517,58.7282,55.8659,56.6392,56.0803,52.4309,50.4777,0.0000,0.0000,0.0000,0.0000,0.0000,0.0000,0.0000,0.0000,0.0000,0.0000,0.0000,0.0000
1700000011.500000,-63.4,64.0000,63.0079,68.0661,67.1863,66.2722,65.3758,67.4759,66.9104,68.8840,68.4471,68.8840,71.1688,71.1688,71.4703,70.5195,72.8011,71.5122,73.1642,72.4983,72.4983,73.4098,73.3485,72.0139,75.6637,77.4145,77.8974,79.6492,79.6492,79.2591,82.2982,78.7147,80.0625,80.9568,80.6226,80.2309,79.4796,74.6726,76.5506,72.1110,71.1688,68.4105,65.9697,67.6831,62.5859,62.3699,58.4209,59.6825,58.2151,56.2228,56.0000,53.0377,50.3587,0.0000,0.0000,0.0000,0.0000,0.0000,0.0000,0.0000,0.0000,0.0000,0.0000,0.0000,0.0000
1700000011.550000,-62.9,63.6396,62.8013,63.3877,64.4981,64.1950,63.1981,66.0076,65.0077,65.0308,64.1249,68.3593,68.2642,68.7314,68.8840,68.7314,69.4262,70.6116,67.2681,70.3420,70.0928,70.3420,70.5195,69.2604,72.2357,73.1642,74.0945,76.8960,77.6209,78.5493,77.2528,78.1089,77.4919,77.2010,76.6551,74.7262,74.2159,75.0000,71.0634,70.6116,69.0507,64.7765,65.7647,63.5059,62.3939,60.0333,58.0000,58.0000,53.0000,53.0848,54.0833,51.6236,48.0521,0.0000,0.0000,0.0000,0.0000,0.0000,0.0000,0.0000,0.0000,0.0000,0.0000,0.0000,0.0000
1700000011.600000,-62.6,65.6049,64.4050,69.0652,69.3397,68.5055,70.3278,66.2420,70.2140,71.5542,69.8570,72.0902,72.6154,76.3217,72.4500,73.3894,74.7262,72.8011,73.7631,72.5672,74.7329,75.9276,77.8781,77.4661,78.0897,78.2624,77.9295,80.8950,80.8950,82.0366,84.1724,82.2010,82.5651,83.9524,82.2253,79.3095,79.8123,77.1622,75.2728,75.6108,74.4648,72.2357,70.2638,67.0820,64.8460,62.1772,58.1808,57.9828,58.3095,57.2014,54.8179,53.0754,52.3450,0.0000,0.0000,0.0000,0.0000,0.0000,0.0000,0.0000,0.0000,0.0000,0.0000,0.0000,0.0000
1700000011.650000,-63.6,64.1950,64.0000,69.0290,69.0290,69.1158,67.2681,67.7422,67.8970,69.4262,70.0357,72.0069,73.0069,72.5328,72.5328,71.5681,72.7324,71.1688,70.5762,73.5391,73.9256,74.3236,75.2396,73.0069,78.7210,76.0263,77.3692,80.0625,80.5295,83.1865,82.7345,80.5295,82.8553,82.0792,78.5493,78.5493,79.3788,80.0062,74.0405,73.4983,72.5328,70.0928,69.4262,66.0984,64.9384,61.4003,58.3095,59.0762,57.0789,56.0000,55.0000,54.0833,51.7880,0.0000,0.0000,0.0000,0.0000,0.0000,0.0000,0.0000,0.0000,0.0000,0.0000,0.0000,0.0000
1700000011.700000,-61.2,70.7107,66.1891,69.0652,69.0652,71.0000,68.0000,72.0625,70.1783,69.2604,73.5527,74.4312,75.9539,75.1332,74.7329,73.5459,76.6551,73.7631,78.1601,74.0000,75.6108,76.5506,78.0000,78.4347,78.0000,81.1542,80.2309,81.8596,85.9069,81.8596,84.0952,83.0060,85.0882,83.5703,83.5703,82.8734,83.1685,78.7464,76.9025,75.9276,75.1864,71.5891,69.2315,68.2495,67.7422,63.5059,62.2013,60.1332,61.1310,58.0000,57.0351,55.3263,50.8035,0.0000,0.0000,0.0000,0.0000,0.0000,0.0000,0.0000,0.0000,0.0000,0.0000,0.0000,0.0000
1700000011.750000,-60.4,62.8172,62.8172,66.9104,61.0000,65.7647,65.3758,64.2806,63.1981,67.0671,67.0075,69.0072,68.0294,68.2642,68.1836,69.1809,69.8713,67.7422,70.7107,70.4060,72.1803,72.5672,71.3092,70.8308,74.0405,75.0000,75.0000,76.8440,76.8440,77.4919,78.4474,75.9605,78.8480,79.3095,77.4661,76.2955,76.4853,74.5252,70.5762,69.4622,68.3593,68.1836,65.0692,65.0692,61.0328,60.0000,56.0357,55.2268,56.2228,54.5894,51.6236,51.4198,49.6488,0.0000,0.0000,0.0000,0.0000,0.0000,0.0000,0.0000,0.0000,0.0000,0.0000,0.0000,0.0000
1700000011.800000,-62.1,63.6003,64.4050,66.8880,68.5055,66.8880,67.7422,66.2420,65.7647,68.4251,68.4471,70.2638,71.3092,70.8378,70.8378,71.7844,72.1249,73.4983,70.3420,72.7805,73.9797,73.9797,75.5050,72.3671,77.6466,76.9415,76.9415,79.9062,77.7817,81.8841,78.7718,79.0759,79.2465,80.2808,79.8123,78.1601,75.2861,76.2430,75.2728,72.4500,71.5122,68.9420,67.6240,65.9242,63.5059,60.8276,58.3095,58.5235,56.3028,56.8595,52.8015,53.0754,50.9313,0.0000,0.0000,0.0000,0.0000,0.0000,0.0000,0.0000,0.0000,0.0000,0.0000,0.0000,0.0000
1700000011.850000,-58.8,63.0317,64.4438,67.6240,67.6240,67.2012,65.8027,68.2422,66.2873,68.7968,69.8355,70.3278,72.4707,68.8840,70.6612,71.1126,72.2357,70.0071,71.8679,71.4703,72.7324,75.2728,75.2861,73.3757,76.9220,78.1601,76.9220,78.8480,79.5550,80.7775,81.4923,77.2010,81.9085,80.6536,80.0562,78.1857,77.4726,74.8465,73.8241,73.7902,70.2353,69.3542,65.8635,66.0379,62.9682,58.2495,58.6003,58.2580,57.3847,55.9017,52.3259,53.1507,51.4004,0.0000,0.0000,0.0000,0.0000,0.0000,0.0000,0.0000,0.0000,0.0000,0.0000,0.0000,0.0000
1700000011.900000,-62.5,64.5368,63.4114,68.2422,65.4599,66.5733,66.7308,65.8635,67.1193,68.4251,67.1193,69.3542,70.3847,71.8679,70.2282,70.9366,72.7324,71.1688,71.1688,70.3420,73.2462,71.3092,72.5672,74.3303,74.6726,76.1183,75.1332,77.9295,80.2309,80.4114,79.0759,76.6877,79.4292,78.5875,79.0759,78.1601,77.2010,74.6324,73.7360,70.9366,70.0071,68.0294,66.3099,65.3070,61.7171,61.4003,59.1693,57.1402,56.6127,55.8032,53.9073,53.0377,49.5177,0.0000,0.0000,0.0000,0.0000,0.0000,0.0000,0.0000,0.0000,0.0000,0.0000,0.0000,0.0000
1700000011.950000,-62.3,63.6003,65.5210,64.8845,67.2309,66.8506,63.5610,66.1891,65.7647,65.7647,67.6018,67.7422,72.6705,62.4340,68.8186,71.8471,70.4911,67.6240,71.8471,69.0290,71.0634,77.1038,72.8629,74.3303,77.1557,81.0555,77.8332,74.2496,73.1095,81.3941,78.5684,80.6226,81.3204,77.1557,74.6525,79.8123,72.6223,77.0065,69.8928,73.2462,71.5891,66.2420,66.2420,64.8845,62.1772,59.4811,56.4624,54.2310,55.0273,56.3028,53.1601,53.1507,50.4876,0.0000,0.0000,0.0000,0.0000,0.0000,0.0000,0.0000,0.0000,0.0000,0.0000,0.0000,0.0000
1700000012.000000,-63.8,69.5270,69.4262,67.8970,70.0357,68.5930,70.7672,70.1783,68.7677,70.9366,69.4046,73.8173,74.6257,74.9466,74.4312,74.4312,73.3553,77.8974,72.8972,74.7329,75.1532,78.2624,76.9675,76.1577,79.3788,79.7120,81.9329,82.5409,82.6378,84.5044,81.2711,83.7735,84.3090,84.5813,84.0773,80.9506,79.6053,79.1770,79.2591,75.4718,74.4312,70.4557,71.6101,66.6108,65.6049,63.2535,59.5483,60.8769,59.3970,56.5685,55.3173,54.8179,53.2541,0.0000,0.0000,0.0000,0.0000,0.0000,0.0000,0.0000,0.0000,0.0000,0.0000,0.0000,0.0000
1700000012.050000,-63.4,65.3911,63.5610,65.2993,65.7647,64.4981,65.5134,66.0379,66.2873,68.4105,67.2012,68.4105,70.1783,69.5270,69.5270,70.0071,72.1249,71.5052,70.0357,73.1095,72.4707,71.0634,73.4098,73.8783,74.4043,77.2010,74.8866,79.8812,79.3221,78.8162,77.6660,80.6040,79.2023,79.6492,78.6448,77.8974,77.8974,76.3806,74.2496,72.9178,70.8378,68.7677,69.0290,66.8431,64.0312,59.8164,58.6003,58.8303,56.0803,57.7062,57.2713,55.1543,50.2892,0.0000,0.0000,0.0000,0.0000,0.0000,0.0000,0.0000,0.0000,0.0000,0.0000,0.0000,0.0000
1700000012.100000,-61.3,67.3573,68.3081,66.3099,71.5122,68.1542,68.0294,67.0820,67.1193,68.9638,69.1158,72.2011,73.4983,71.0282,72.2011,73.2393,73.6003,74.6525,72.4707,73.7564,73.1095,73.1095,74.9667,75.6902,75.6637,78.4920,76.3675,79.9062,82.7345,81.3204,81.3204,82.0366,81.4678,80.8084,81.0555,81.4002,78.6003,77.4209,74.8866,71.5612,73.0616,70.7107,68.4251,68.4251,64.8460,62.2415,59.2368,56.6480,58.8218,56.3028,54.8179,53.9351,50.4876,0.0000,0.0000,0.0000,0.0000,0.0000,0.0000,0.0000,0.0000,0.0000,0.0000,0.0000,0.0000
1700000012.150000,-62.4,64.3506,63.6318,66.2420,66.2420,66.6408,64.4050,64.4748,66.3099,66.1287,66.7308,68.6222,70.0928,69.8570,68.6586,70.0928,71.1969,69.0507,68.8840,69.4622,70.7107,68.7314,71.1758,73.1710,73.0274,77.0584,75.1066,76.0263,79.1012,78.0577,79.1581,77.0584,78.1601,79.1581,77.6466,76.6551,75.9539,74.8131,69.6348,69.6348,70.0928,65.2533,65.5210,63.6003,61.9839,58.8727,57.0088,57.0088,54.6260,55.0091,52.8394,50.7740,48.0104,0.0000,0.0000,0.0000,0.0000,0.0000,0.0000,0.0000,0.0000,0.0000,0.0000,0.0000,0.0000
1700000012.200000,-63.5,65.9242,68.0074,66.4831,72.8011,69.3758,68.6586,67.0820,70.4060,69.5845,69.5845,70.3491,71.3442,72.0625,73.1095,73.0616,72.0000,75.0000,71.0000,74.1080,73.1710,75.1665,77.4145,73.2462,77.7817,77.3175,79.6304,78.6384,80.8950,83.6002,79.4040,81.3019,82.4924,80.2247,82.2192,81.0247,79.0063,78.0256,77.0584,73.2462,75.3260,69.3542,70.4557,64.4981,64.7765,62.1691,59.2284,58.6941,59.7746,56.3028,54.4243,55.0364,52.3546,0.0000,0.0000,0.0000,0.0000,0.0000,0.0000,0.0000,0.0000,0.0000,0.0000,0.0000,0.0000
1700000012.250000,-64.4,67.0522,67.0522,67.1863,66.7608,67.9117,66.7083,69.0507,67.0820,70.8590,68.5930,71.2531,72.1110,74.0270,71.0000,73.0069,70.0071,74.0608,71.1126,75.1066,74.2428,76.1052,77.2334,71.5681,77.4661,78.2624,79.0759,81.0494,79.2465,82.8734,80.0625,82.6075,83.3847,83.1505,80.0999,82.0975,78.1025,78.0577,74.0000,77.0000,73.1095,67.1193,71.2531,66.2722,64.6297,60.6712,59.0339,59.4390,58.4637,55.6597,54.4059,54.4243,51.4296,0.0000,0.0000,0.0000,0.0000,0.0000,0.0000,0.0000,0.0000,0.0000,0.0000,0.0000,0.0000
1700000012.300000,-65.0,69.3758,67.7200,70.8378,72.4500,71.1688,69.6419,69.3542,71.5891,73.3485,73.8241,75.1798,74.4312,74.6257,75.1665,73.7835,75.7166,74.0608,76.0263,76.0592,74.8131,74.6525,79.0253,80.8084,80.6226,80.6598,80.0562,81.4678,85.6329,82.7345,84.9588,82.9759,83.8689,83.4086,82.6196,82.6620,81.8413,80.1561,77.1751,75.6637,74.7930,74.7061,72.0139,70.2140,65.3911,62.3939,61.6847,61.3514,60.1664,59.9083,55.9017,55.5788,54.2310,0.0000,0.0000,0.0000,0.0000,0.0000,0.0000,0.0000,0.0000,0.0000,0.0000,0.0000,0.0000
1700000012.350000,-61.6,67.2309,65.2993,68.1542,68.0294,68.1542,67.2309,68.6222,67.6757,70.2140,70.6045,70.6045,73.0069,73.3485,73.1642,74.8131,73.4370,73.4370,71.3442,72.1110,74.0270,74.0608,76.0066,74.0068,76.0263,78.0000,78.0064,81.0555,82.0975,81.0987,82.0975,81.0000,80.0000,83.0000,80.0999,80.1561,77.4145,79.4040,74.8131,73.8241,72.0069,69.4262,67.8970,67.6831,63.3482,62.0967,60.4401,58.1893,56.3028,57.7754,54.1202,53.7122,51.8652,0.0000,0.0000,0.0000,0.0000,0.0000,0.0000,0.0000,0.0000,0.0000,0.0000,0.0000,0.0000
1700000012.400000,-60.5,66.4003,68.2422,67.1193,68.7968,67.7422,68.6003,68.8840,72.0139,70.2140,70.3847,70.0071,72.8011,73.0548,73.3757,73.0821,72.5328,73.4983,70.8308,75.5050,75.1332,74.3303,76.6551,73.8241,78.3135,79.4040,79.4040,78.1601,82.2982,82.2982,82.2982,81.6150,83.6002,80.8950,81.2158,80.4114,79.4292,77.4661,74.2159,74.7262,72.1249,70.5195,70.8378,66.4831,62.3939,62.2415,59.9333,58.1808,56.3560,55.4707,56.3028,52.4309,52.4976,0.0000,0.0000,0.0000,0.0000,0.0000,0.0000,0.0000,0.0000,0.0000,0.0000,0.0000,0.0000
1700000012.450000,-61.4,71.5122,69.2604,70.3420,70.0928,71.8053,68.8840,68.8840,70.0357,71.5681,72.3395,73.3348,72.2496,76.0263,76.0592,75.0067,77.0000,75.0067,73.1095,75.1665,77.2334,77.2334,77.3175,78.4092,77.9295,78.7718,80.8950,83.0241,84.8528,82.0366,83.7257,82.6075,84.4808,85.2115,82.2192,80.0562,81.0062,79.0000,77.0260,76.2365,73.1095,73.3348,69.2604,69.4622,65.1153,63.9531,59.2284,61.1310,59.9083,55.9732,55.3624,53.7122,52.3546,0.0000,0.0000,0.0000,0.0000,0.0000,0.0000,0.0000,0.0000,0.0000,0.0000,0.0000,0.0000
1700000012.500000,-64.4,65.1230,67.0000,68.0074,68.0000,68.1836,66.1891,66.1891,66.4831,69.3542,67.7422,72.0069,71.5891,71.5891,70.3420,70.3420,72.4224,71.7844,70.8378,72.4500,73.7360,73.7360,72.8011,74.0945,74.7329,75.5844,75.1532,78.2943,79.6241,80.1124,78.2943,79.3095,79.8499,81.9329,80.6536,77.7946,77.7946,75.5844,72.0347,70.0928,70.0928,69.2315,66.2873,65.7647,63.6396,61.4003,58.2151,57.0088,56.0000,56.0000,54.1479,51.3517,48.8365,0.0000,0.0000,0.0000,0.0000,0.0000,0.0000,0.0000,0.0000,0.0000,0.0000,0.0000,0.0000
1700000012.550000,-62.8,68.5420,69.6419,71.8679,70.5195,70.8802,70.3420,69.6348,69.8570,72.1803,72.9931,75.9539,75.8024,74.3303,74.2428,73.2462,77.0260,74.0000,77.0000,75.0067,74.0608,75.0067,77.0584,77.2334,81.3941,80.3990,78.4092,82.7345,83.8630,83.6002,84.8528,81.2219,83.2947,83.1505,83.0000,82.0061,80.0062,80.0250,78.1601,76.1643,72.3395,73.4370,71.3442,70.8590,65.1153,64.1327,60.6383,61.4003,60.4401,59.1354,58.5235,55.0091,51.4781,0.0000,0.0000,0.0000,0.0000,0.0000,0.0000,0.0000,0.0000,0.0000,0.0000,0.0000,0.0000
1700000012.600000,-62.7,67.6018,65.0000,70.4557,68.7968,70.4557,67.8012,67.8012,68.0147,70.8378,70.7672,71.5052,73.5391,73.5527,72.1803,70.8378,73.1095,73.2462,74.6525,72.8011,74.6324,74.6324,75.7166,76.5506,77.3886,78.5493,78.3901,79.7559,82.4924,80.7775,83.5284,78.2304,81.6333,82.9277,81.2711,78.6003,79.2023,79.0253,73.8783,75.0733,70.0928,72.1249,67.8970,68.5930,63.7809,60.8769,61.0737,58.4123,57.2014,55.4707,55.7584,53.7122,52.0000,0.0000,0.0000,0.0000,0.0000,0.0000,0.0000,0.0000,0.0000,0.0000,0.0000,0.0000,0.0000
1700000012.650000,-62.1,68.1542,67.7791,67.0671,70.8378,71.1688,66.7608,67.9117,69.4262,69.6348,70.7107,71.3863,73.6817,74.6726,73.3348,74.3303,75.0067,74.0270,74.0270,73.0069,76.0263,75.0267,77.1038,74.0608,79.1012,79.2275,78.3135,79.3095,83.4865,83.2947,84.1487,82.0975,83.1505,83.0542,79.0000,81.0000,80.0250,79.2275,74.3303,72.6911,70.4557,70.8590,69.2315,69.4262,63.1506,62.5859,60.4401,59.7746,58.1893,59.8080,55.5428,53.3385,51.3128,0.0000,0.0000,0.0000,0.0000,0.0000,0.0000,0.0000,0.0000,0.0000,0.0000,0.0000,0.0000
1700000012.700000,-64.6,65.7951,64.4438,65.9469,66.0681,67.0075,67.0075,65.8027,69.3397,66.8506,68.0955,69.4622,68.9638,70.2140,72.9178,71.1126,70.6824,72.0902,69.8570,70.5762,71.8679,72.8011,74.3303,71.7844,73.7631,77.2010,75.9605,78.8480,78.7464,81.9085,78.1601,78.1089,80.9568,79.4796,79.1202,77.8781,76.5572,75.1532,72.9452,72.5603,70.7107,67.4166,66.8880,64.8999,61.4003,62.2013,57.4891,57.3847,56.6392,54.4518,55.1725,52.0096,51.0392,0.0000,0.0000,0.0000,0.0000,0.0000,0.0000,0.0000,0.0000,0.0000,0.0000,0.0000,0.0000
1700000012.750000,-63.9,65.0000,64.6607,66.2873,68.5055,67.4240,67.2012,67.6240,67.6240,67.6240,69.2965,72.1803,70.0071,71.4493,72.1803,70.8378,70.9366,71.0634,70.9366,73.4098,72.8011,71.6101,74.0608,74.0608,74.6257,76.3217,74.0945,78.0320,78.5493,78.5493,79.0759,79.8812,81.2711,79.4040,78.4092,77.3369,78.2432,76.5768,72.1803,70.7248,71.4213,68.6804,65.8559,67.3573,61.7171,59.2030,56.3028,58.5235,56.3028,55.2268,54.5894,50.9902,49.9800,0.0000,0.0000,0.0000,0.0000,0.0000,0.0000,0.0000,0.0000,0.0000,0.0000,0.0000,0.0000
1700000012.800000,-67.1,65.7951,65.7419,64.4127,67.6018,64.4981,65.0000,66.5733,63.2456,66.6108,67.8012,68.2495,67.6240,70.1783,69.3109,70.8378,71.4213,72.1803,66.4831,70.8378,70.8378,70.8378,72.3464,68.8840,71.6101,74.2024,73.8173,78.6003,75.8024,78.6003,78.6003,76.8375,79.2023,76.5768,75.0067,76.3806,74.2496,73.5527,71.4493,70.0928,70.8378,66.8431,66.8431,62.6259,60.7454,58.5235,56.6039,57.3062,54.5894,52.7731,52.3259,49.0408,49.0408,0.0000,0.0000,0.0000,0.0000,0.0000,0.0000,0.0000,0.0000,0.0000,0.0000,0.0000,0.0000
1700000012.850000,-59.4,67.6018,67.7422,69.8928,69.3397,69.0652,68.5055,72.0069,72.2011,71.8401,70.9366,72.8354,71.4213,74.2765,72.2496,72.8629,75.0733,71.7008,74.6525,73.4098,74.6525,74.0270,75.8024,75.2130,79.0759,79.0759,78.8923,81.8352,84.0595,81.3019,84.0595,81.2711,83.2346,83.2406,81.8352,80.2808,81.6884,77.9872,77.1557,74.2765,72.1249,72.1249,67.9412,68.0147,65.4370,62.0081,62.2013,59.0762,59.6825,59.6825,55.4707,54.5619,51.6236,0.0000,0.0000,0.0000,0.0000,0.0000,0.0000,0.0000,0.0000,0.0000,0.0000,0.0000,0.0000
1700000012.900000,-58.5,66.0984,67.3573,67.4166,69.6419,68.0294,63.9766,67.9779,68.4251,69.7711,68.0955,70.8308,70.4911,71.5612,70.4557,70.4557,71.4003,70.6045,72.2011,71.5891,72.3464,70.2922,74.3303,72.3464,73.5527,76.3806,74.9533,79.2465,79.2086,78.5175,80.7217,79.3095,80.0562,80.2808,77.0065,78.6003,75.8024,74.8866,74.6257,72.7186,69.9714,69.3181,65.7647,66.6408,62.2415,60.0083,59.4643,57.8705,55.6597,54.8179,52.9528,51.7880,50.0899,0.0000,0.0000,0.0000,0.0000,0.0000,0.0000,0.0000,0.0000,0.0000,0.0000,0.0000,0.0000
1700000012.950000,-60.6,64.5368,65.5134,65.9697,67.1863,67.0522,66.0984,66.0984,67.0671,67.0671,67.5426,68.9420,70.2140,69.3181,68.9638,71.1196,69.4622,70.8308,69.6419,69.0652,71.2811,71.0211,71.6101,71.0282,74.0270,75.4321,74.6525,77.4661,76.8375,78.8733,77.0065,77.2010,79.0569,77.1038,75.1665,77.0260,75.8024,75.6637,70.6612,70.2140,70.2638,66.3099,66.3099,63.6946,60.7289,58.8218,56.7539,57.2713,53.9351,53.9351,53.3385,51.2445,50.0000,0.0000,0.0000,0.0000,0.0000,0.0000,0.0000,0.0000,0.0000,0.0000,0.0000,0.0000,0.0000
1700000013.000000,-62.5,65.7647,67.8970,66.7083,68.6586,64.7611,66.9403,66.4078,66.7308,68.0074,68.1542,69.8570,72.0139,70.2140,71.6938,72.0694,70.4911,72.2011,69.8928,71.2811,71.0282,71.8471,73.8173,72.2011,75.0733,76.5768,74.6525,78.6448,77.9872,79.3095,80.0562,80.1561,79.2023,78.6003,78.0064,78.2368,76.8440,75.7166,71.5612,72.4017,70.8308,68.4763,68.4251,67.5352,62.6099,60.9262,56.6480,58.5235,55.6597,54.8179,52.8867,52.9528,50.2494,0.0000,0.0000,0.0000,0.0000,0.0000,0.0000,0.0000,0.0000,0.0000,0.0000,0.0000,0.0000
1700000013.050000,-60.7,68.0294,68.0000,68.0000,68.1836,72.1734,67.1193,66.3702,68.7314,69.7209,69.2315,70.8590,70.0357,69.6348,71.5681,70.6045,71.1688,71.4703,71.4703,70.5762,73.1642,72.8011,74.7329,73.5391,74.7329,74.7329,76.9675,80.4984,81.4371,80.5295,81.0247,79.3095,80.5295,79.8499,79.1202,78.7718,77.1622,74.7262,74.2159,74.2159,71.8053,69.2315,66.7533,65.6201,59.6825,61.5224,58.1378,59.1354,57.0000,58.0000,53.0848,53.4603,51.9711,0.0000,0.0000,0.0000,0.0000,0.0000,0.0000,0.0000,0.0000,0.0000,0.0000,0.0000,0.0000
1700000013.100000,-59.6,66.0076,66.0076,68.0000,70.0071,67.0298,67.0671,67.1863,68.5930,67.7422,68.6586,70.6116,70.3420,70.8802,71.1688,71.1688,71.1688,71.4703,69.5701,70.9366,70.9366,73.9256,74.3236,73.0069,75.1798,76.9415,74.7061,79.1770,78.2624,81.8413,77.3886,78.7210,76.9675,79.3095,77.2528,79.3788,76.5506,75.2728,74.0405,70.6045,70.6045,68.4471,66.2873,63.9531,62.9682,60.4070,58.2151,58.0345,58.0086,55.0000,53.0000,52.0865,49.4975,0.0000,0.0000,0.0000,0.0000,0.0000,0.0000,0.0000,0.0000,0.0000,0.0000,0.0000,0.0000
1700000013.150000,-63.5,66.7308,67.2309,66.6483,67.5352,68.0294,66.3099,67.2309,68.7095,67.3573,66.4078,69.9214,68.1542,70.3420,70.0928,72.5672,72.1803,71.1969,68.5930,71.5681,71.5681,70.2567,74.1687,71.1758,75.0067,74.0608,75.0000,78.0000,78.0000,77.0000,80.0000,79.0569,79.1012,79.1581,78.3135,77.5242,77.5242,74.6726,70.6116,71.5891,69.8570,67.9117,65.0000,65.2533,61.6847,61.3514,57.9396,57.3847,56.4624,55.0091,53.3385,51.6236,50.0000,0.0000,0.0000,0.0000,0.0000,0.0000,0.0000,0.0000,0.0000,0.0000,0.0000,0.0000,0.0000
1700000013.200000,-60.7,65.1920,65.1920,68.6003,67.2309,67.5352,67.1193,68.0294,68.0294,69.4622,70.0071,70.9366,71.4703,72.4224,70.3420,69.3758,72.7805,68.2495,72.3671,70.5762,72.1803,72.8354,71.4493,74.5453,74.1080,77.3175,78.1025,78.1025,80.0999,79.1012,80.1561,78.3135,80.5047,78.5175,78.9177,78.2624,80.0625,76.1183,73.9797,71.0634,68.1542,69.9214,68.0074,65.1460,61.3514,62.0322,58.1808,58.6003,58.1378,55.0727,55.5698,49.0918,49.0408,0.0000,0.0000,0.0000,0.0000,0.0000,0.0000,0.0000,0.0000,0.0000,0.0000,0.0000,0.0000
1700000013.250000,-60.2,67.6240,66.4003,68.8186,67.9559,68.7968,68.2642,68.0955,67.5352,68.8840,69.7782,73.0069,69.4622,72.8011,70.9366,69.2892,71.1688,70.5195,72.4224,71.0634,70.0928,72.2772,72.7805,74.5252,75.3127,75.5050,75.8024,78.0897,80.4114,79.4292,81.3941,76.9025,81.0247,80.8084,77.6209,77.8845,77.4919,77.7946,72.4500,70.9366,69.0797,67.9779,65.7951,65.2993,62.6498,61.4003,57.4543,57.6888,56.0357,55.4437,54.5619,52.3450,49.5782,0.0000,0.0000,0.0000,0.0000,0.0000,0.0000,0.0000,0.0000,0.0000,0.0000,0.0000,0.0000
1700000013.300000,-60.8,63.5610,63.9531,65.8635,66.7308,66.7308,67.2309,66.2873,67.1193,66.6108,67.0075,68.2495,68.1175,68.6804,67.1789,68.7677,68.5930,70.0071,68.5930,71.5052,70.8378,69.3542,70.8378,71.7008,73.8173,74.2024,74.2024,75.2130,75.6042,78.6003,77.8010,77.4661,78.6448,78.5684,77.2334,74.9667,73.5527,73.5527,69.6563,69.5270,68.1175,66.2193,66.2193,62.2013,61.8547,58.8303,55.0727,56.3560,55.0091,54.1295,51.6236,51.2640,47.5395,0.0000,0.0000,0.0000,0.0000,0.0000,0.0000,0.0000,0.0000,0.0000,0.0000,0.0000,0.0000
1700000013.350000,-63.5,65.0692,66.7083,66.2193,70.4344,67.4240,69.3397,69.0652,69.3397,69.3397,67.7422,71.1969,72.0069,72.4707,71.5542,71.1126,71.6938,70.9366,70.9366,72.4500,74.3303,73.0548,74.6324,72.4224,75.4321,78.4474,76.4003,79.5550,78.3390,81.3204,80.0812,79.6994,80.6536,81.9085,78.1857,77.0779,76.1577,75.6439,74.2428,72.4707,71.5891,68.4763,68.2642,67.4166,63.5138,59.0762,56.4004,57.4891,58.1378,55.1725,54.4885,51.2250,49.4065,0.0000,0.0000,0.0000,0.0000,0.0000,0.0000,0.0000,0.0000,0.0000,0.0000,0.0000,0.0000
1700000013.400000,-59.7,67.6018,66.9104,64.3273,68.2495,67.9117,66.7083,67.0522,66.4078,69.2604,68.3520,70.5762,70.9366,71.5891,70.2140,71.1126,71.5891,70.7107,70.8308,70.4911,73.7835,73.5731,73.2393,73.4983,75.6042,74.6324,76.2168,76.8375,78.6003,78.2432,79.2023,79.6304,78.2368,78.7718,77.3886,77.1751,77.1751,74.7930,72.9452,72.0069,69.7782,68.5420,65.3911,66.4831,62.0322,59.4643,56.9210,58.9406,57.0088,54.1295,54.5894,52.2398,51.0098,0.0000,0.0000,0.0000,0.0000,0.0000,0.0000,0.0000,0.0000,0.0000,0.0000,0.0000,0.0000
1700000013.450000,-57.4,69.0290,69.0652,69.1809,72.3395,68.7314,72.6911,70.0357,72.3671,71.3863,72.0347,74.7262,73.3757,74.3303,74.0000,76.5506,75.9605,75.9605,73.5391,76.0263,75.5844,75.5844,78.7147,76.0263,79.0759,79.4040,79.9250,83.3547,82.6801,85.7555,83.8630,83.7257,85.8836,84.5281,83.1865,81.9390,81.8596,78.7909,78.3901,74.6726,73.7360,70.8802,71.1688,69.1231,66.9403,64.1327,58.8558,58.5491,58.5491,58.3095,55.0818,53.0000,53.0848,0.0000,0.0000,0.0000,0.0000,0.0000,0.0000,0.0000,0.0000,0.0000,0.0000,0.0000,0.0000
1700000013.500000,-60.3,65.8559,67.6240,67.4240,70.2140,70.4557,70.4911,68.7968,68.9638,67.7422,71.1196,72.8972,72.6154,72.2357,72.2357,72.6154,72.8011,72.7324,72.1110,72.5328,72.5328,74.0405,73.2462,74.4648,75.5050,77.2787,77.1038,81.2158,81.2158,79.6241,78.8543,79.8311,81.4923,81.7435,81.3204,79.3788,78.7464,75.6108,73.1642,73.0069,70.2638,67.9779,67.5352,65.7647,63.6318,60.5392,57.1402,60.4649,58.0086,55.3173,54.6717,52.3259,50.2494,0.0000,0.0000,0.0000,0.0000,0.0000,0.0000,0.0000,0.0000,0.0000,0.0000,0.0000,0.0000
1700000013.550000,-60.6,66.0681,64.2028,66.6108,68.0074,70.1783,67.1193,67.2309,67.7422,67.2309,68.4251,68.4471,70.7743,69.8570,70.0071,70.9366,70.5195,70.2140,69.9214,69.3758,69.3758,70.3420,73.7564,71.5891,74.6726,77.6466,74.9667,77.1038,77.9295,78.0897,78.0897,77.4661,78.6448,77.6660,77.6209,76.9220,76.9220,73.0821,72.7324,71.5122,68.3520,68.1542,68.0294,64.4050,59.9416,60.8276,56.9386,56.3028,56.3028,52.2015,52.8015,51.0882,48.1041,0.0000,0.0000,0.0000,0.0000,0.0000,0.0000,0.0000,0.0000,0.0000,0.0000,0.0000,0.0000
1700000013.600000,-62.1,68.8840,69.0290,67.8012,72.8011,68.2422,69.0652,68.7968,68.6003,72.0694,69.3542,72.0069,74.2496,73.0069,72.8011,70.3847,71.4703,72.4224,71.1688,71.8401,73.0069,73.4983,75.7100,73.5459,74.9667,77.2787,77.9295,79.7621,79.7621,80.8950,78.7718,81.2158,80.0625,81.3941,79.0759,81.4923,76.9220,76.6551,73.3757,71.7844,70.8378,67.7791,70.0071,65.3911,63.5610,60.3738,59.4811,59.5399,57.3062,54.6443,53.8238,54.0370,52.3259,0.0000,0.0000,0.0000,0.0000,0.0000,0.0000,0.0000,0.0000,0.0000,0.0000,0.0000,0.0000
1700000013.650000,-63.5,67.6240,64.6607,65.1153,65.8559,67.1789,65.7647,65.7951,65.1153,66.6033,65.9469,68.2495,67.2012,68.8186,69.0652,70.7248,69.4622,69.4622,69.4622,68.4763,68.4763,69.3542,69.3181,70.2140,73.0069,72.6154,73.0069,76.6942,75.7694,74.8465,77.0779,75.1332,78.2943,76.4788,75.6637,75.6637,74.4312,72.7186,70.1783,70.4557,68.0074,65.8027,64.0312,63.8905,59.5483,58.7282,56.5685,55.1725,55.9017,53.2635,50.6063,51.6140,48.3735,0.0000,0.0000,0.0000,0.0000,0.0000,0.0000,0.0000,0.0000,0.0000,0.0000,0.0000,0.0000
1700000013.700000,-63.0,64.8460,67.0671,67.2309,69.4622,66.7083,67.5426,67.5352,66.7308,69.3542,67.4166,70.1783,69.0652,70.4557,69.6348,70.2140,67.6240,71.2180,68.2495,71.4493,70.0357,72.1803,71.4493,69.2965,73.5527,75.6637,73.5935,77.8974,74.2765,80.6226,75.0067,78.5175,78.4920,79.2465,77.8332,80.1561,73.8783,73.4098,72.8011,70.4557,69.8928,65.8635,68.0955,62.2656,62.1772,58.5918,55.4617,55.5428,55.0273,51.8652,53.6004,51.7880,49.4975,0.0000,0.0000,0.0000,0.0000,0.0000,0.0000,0.0000,0.0000,0.0000,0.0000,0.0000,0.0000
1700000013.750000,-62.2,63.6003,65.1460,63.7887,66.9403,67.2681,65.3070,64.9384,62.8013,68.4690,67.3647,70.1783,68.1836,68.1175,67.0671,70.0000,68.0661,68.0294,69.1158,67.2681,70.3491,68.3593,70.5762,70.4557,72.1803,74.1485,73.1642,75.7100,76.6877,76.6877,77.4661,76.9415,76.9415,76.6551,72.4431,76.3217,73.2462,72.1110,72.0000,72.0000,67.0075,66.0303,64.0703,63.1269,58.4209,57.3149,53.6004,53.9351,55.5428,52.2015,50.2892,50.9215,48.7545,0.0000,0.0000,0.0000,0.0000,0.0000,0.0000,0.0000,0.0000,0.0000,0.0000,0.0000,0.0000
1700000013.800000,-64.6,68.3593,67.3647,67.7422,68.8840,69.2315,68.2495,68.1542,68.1542,69.1231,70.2140,71.1688,70.8378,71.8679,71.8679,71.8679,71.1758,71.1758,70.6824,69.7711,72.0694,72.4707,73.4302,71.1969,75.1665,76.0066,74.6257,75.8024,79.6116,78.5493,78.0320,76.5376,78.8923,81.0062,75.5844,77.4726,76.1577,76.5572,72.2357,71.4703,70.8378,66.4831,68.1542,67.4685,62.3699,59.0339,58.5491,59.4138,56.0803,55.0818,53.0000,52.0384,50.1597,0.0000,0.0000,0.0000,0.0000,0.0000,0.0000,0.0000,0.0000,0.0000,0.0000,0.0000,0.0000
1700000013.850000,-63.8,68.9493,70.2140,71.5681,73.0821,70.0928,73.0069,72.5672,72.5672,70.8590,73.6817,75.4255,75.3260,76.1643,74.0608,74.1687,77.0000,76.0000,75.0067,77.0260,76.0592,74.0608,74.3303,74.1687,79.9062,78.6384,79.6304,79.5110,82.8734,82.6075,82.6075,83.2947,84.2140,84.1487,82.0000,82.0244,80.0000,79.0063,79.1012,74.1687,72.6911,72.5603,69.7209,69.2315,65.3070,64.7611,60.1664,61.0328,57.5847,57.0088,55.1543,53.6656,50.2494,0.0000,0.0000,0.0000,0.0000,0.0000,0.0000,0.0000,0.0000,0.0000,0.0000,0.0000,0.0000
1700000013.900000,-60.5,68.7314,68.7314,71.3442,71.4493,72.1734,70.1142,71.0282,73.0274,73.0000,73.0274,72.0278,74.1687,74.3303,73.5527,72.5603,73.9797,73.5459,71.1969,72.7805,73.7564,73.7564,75.9605,72.8011,76.5376,76.5376,77.7946,80.0062,78.4347,81.2711,81.6088,82.0061,82.0061,81.4923,78.8543,78.8543,80.0625,78.2624,75.5381,74.5453,70.1783,72.1110,68.0661,68.0000,63.0000,63.0317,60.1332,61.2944,58.6941,57.8705,56.2939,51.9230,50.2892,0.0000,0.0000,0.0000,0.0000,0.0000,0.0000,0.0000,0.0000,0.0000,0.0000,0.0000,0.0000
1700000013.950000,-62.7,62.6498,62.7694,62.3939,65.7875,64.1950,65.7875,62.3618,64.8460,65.0000,63.3482,67.2681,64.9384,67.6018,67.4759,66.4831,67.2681,66.1211,65.1230,67.0075,67.0000,67.0075,68.0294,67.0075,71.0634,71.1126,71.1758,71.2531,72.2496,74.1687,73.2462,73.0274,73.0069,75.0000,73.0274,73.0274,72.0625,70.1142,68.2642,67.4759,65.6201,63.1506,62.9682,61.1882,56.5155,54.5711,54.4059,53.7587,53.8516,51.4781,48.7545,47.0106,46.3249,0.0000,0.0000,0.0000,0.0000,0.0000,0.0000,0.0000,0.0000,0.0000,0.0000,0.0000,0.0000
1700000014.000000,-63.0,65.4370,67.0075,65.2150,69.0652,64.0703,67.9559,64.8999,66.3702,67.7422,65.2993,67.1193,68.0294,67.6240,70.5762,71.3092,67.0671,71.7844,65.7875,70.5195,67.6757,70.2140,69.9214,68.6586,71.1969,72.3671,72.3671,75.7100,75.1864,77.8781,74.9533,77.6209,76.2430,76.5506,74.9466,74.6726,72.1110,71.5122,69.0797,68.9420,71.1126,63.1348,66.7308,61.4003,58.8303,58.8218,55.0000,55.6058,53.8145,50.2096,50.9313,49.4975,49.2037,0.0000,0.0000,0.0000,0.0000,0.0000,0.0000,0.0000,0.0000,0.0000,0.0000,0.0000,0.0000
1700000014.050000,-63.7,66.8880,65.3682,68.0000,63.5059,66.1891,64.4050,67.6240,66.8506,67.0671,68.6222,68.0074,68.0074,69.9214,67.1863,66.7083,71.1969,67.0820,67.8970,67.6018,68.4690,69.4622,71.3442,70.1783,71.0070,73.0616,73.0616,75.0000,77.0065,76.0066,79.0253,75.1066,76.0592,76.3217,76.4199,75.4255,76.9415,72.0069,70.6116,68.6586,67.4685,68.1542,63.0635,63.8905,57.5674,58.5235,57.3847,55.9464,53.7122,53.7122,51.1077,49.0918,46.4004,0.0000,0.0000,0.0000,0.0000,0.0000,0.0000,0.0000,0.0000,0.0000,0.0000,0.0000,0.0000
1700000014.100000,-63.2,67.9412,68.5930,72.1249,69.2965,70.8378,67.3573,68.2495,67.8012,70.2140,71.2811,70.4557,70.1783,70.8308,71.1969,70.7107,72.4707,68.4471,71.1126,69.4622,71.8679,70.9366,74.3303,73.0548,73.6817,75.5844,74.3303,79.1202,80.3617,77.2010,81.6088,75.5844,79.6994,79.3788,79.1202,78.1857,78.3901,74.7329,74.6860,70.7107,68.4251,70.3278,67.6018,67.7422,61.2944,60.4649,58.0086,57.0088,56.8507,58.1378,53.7587,53.8145,47.8017,0.0000,0.0000,0.0000,0.0000,0.0000,0.0000,0.0000,0.0000,0.0000,0.0000,0.0000,0.0000
1700000014.150000,-60.2,65.0000,65.0000,69.0072,67.0298,67.0298,67.1863,65.3758,65.4905,65.7647,66.9104,68.4471,69.8570,68.8840,67.4463,68.6804,68.9493,68.9493,67.0671,70.0071,67.6240,68.7095,70.6824,68.0294,69.3542,72.4707,70.7107,73.8241,74.3034,75.6637,74.2428,76.0263,77.8203,77.8781,75.2396,72.2357,74.0945,72.4500,69.5701,69.9214,68.6804,65.5210,63.7887,62.5859,59.8415,57.4282,55.3263,54.2310,54.0370,54.0833,50.0000,50.0400,48.5077,0.0000,0.0000,0.0000,0.0000,0.0000,0.0000,0.0000,0.0000,0.0000,0.0000,0.0000,0.0000
1700000014.200000,-61.0,63.5138,64.8999,63.1348,65.3682,65.7647,65.7647,64.4050,65.3070,65.7951,65.9242,66.4831,67.6757,66.7308,67.0522,66.4831,67.4685,67.4685,64.3273,65.7647,68.0661,68.0661,67.7422,67.4759,70.3491,71.2531,69.2604,75.2396,73.2462,75.1665,75.3260,74.4312,76.4199,76.6551,72.9931,72.1803,72.1803,70.2140,68.8840,68.4105,67.7200,63.2456,63.9062,62.9682,59.2368,57.7754,54.5619,52.7731,51.9711,50.2494,49.3964,48.6004,45.3431,0.0000,0.0000,0.0000,0.0000,0.0000,0.0000,0.0000,0.0000,0.0000,0.0000,0.0000,0.0000
1700000014.250000,-61.5,64.5601,62.2977,65.7875,64.2573,64.0781,62.7694,64.8460,64.8460,65.2993,65.7647,66.7308,64.8999,66.2873,65.2150,64.0703,66.0681,64.6607,65.2993,65.0538,66.5282,67.2086,69.2965,67.8970,69.5270,73.0000,68.7677,73.2462,73.2462,73.1095,72.6223,73.7564,73.6614,74.2765,72.8354,72.8354,72.1388,71.4493,67.9412,67.2681,65.2993,63.4114,61.4003,60.8030,57.1402,57.1402,52.8394,52.3546,52.3546,51.4296,50.5668,48.1041,44.6430,0.0000,0.0000,0.0000,0.0000,0.0000,0.0000,0.0000,0.0000,0.0000,0.0000,0.0000,0.0000
1700000014.300000,-61.4,66.1287,65.9242,67.1193,68.0294,67.0820,66.2118,66.2420,67.2309,66.3702,67.9559,68.5055,69.0652,68.6003,69.6563,69.2026,69.6563,67.3573,68.7677,70.7107,69.3109,67.8822,70.0071,69.3109,71.7008,73.0000,71.5891,74.5185,75.0733,78.1025,75.8222,75.0733,76.3806,76.3675,74.9533,75.0733,73.6614,71.5891,70.2922,70.0000,67.8012,66.0303,64.8999,63.8122,60.0333,56.8243,55.9017,55.0364,54.6260,50.6952,49.6488,50.0000,46.6905,0.0000,0.0000,0.0000,0.0000,0.0000,0.0000,0.0000,0.0000,0.0000,0.0000,0.0000,0.0000
1700000014.350000,-61.8,63.5059,63.9531,66.0984,67.0820,62.9682,63.3482,64.0312,64.2884,65.1460,66.0984,66.4831,65.7875,66.1287,66.3099,65.3911,65.7419,65.2993,63.9531,65.7647,67.2309,67.7422,67.7422,66.8880,69.0652,69.6419,70.4557,72.9452,72.9452,74.3303,72.6705,73.5731,73.5731,72.7186,72.0694,72.4500,71.1126,68.5420,68.1542,66.4831,64.8460,64.5601,63.6003,60.8769,57.4891,54.1295,53.6004,53.3385,52.3450,50.0899,50.0400,49.1630,47.2652,0.0000,0.0000,0.0000,0.0000,0.0000,0.0000,0.0000,0.0000,0.0000,0.0000,0.0000,0.0000
1700000014.400000,-60.0,69.0507,68.8840,67.4759,70.4557,70.2567,69.3542,69.1158,70.0643,70.0071,71.0000,71.0000,71.0634,72.1734,71.1758,70.2567,71.4493,69.4622,70.5762,70.6116,72.1803,72.3671,70.4060,72.0347,73.7631,74.4648,74.4648,77.2010,78.8480,78.4474,78.5875,78.3390,79.8311,81.7863,77.4661,77.1038,77.6466,74.5453,73.3348,73.1095,71.0634,69.0000,66.0000,65.0000,62.0081,60.2993,58.4209,57.5587,54.5894,56.0892,53.8516,50.2892,48.1041,0.0000,0.0000,0.0000,0.0000,0.0000,0.0000,0.0000,0.0000,0.0000,0.0000,0.0000,0.0000
1700000014.450000,-59.1,67.6757,64.8999,68.6003,67.7422,70.7107,66.7308,67.9779,66.6408,68.1542,71.3092,70.3847,70.8378,69.5701,70.2140,68.9638,71.0634,68.8840,70.0928,69.2315,68.0661,71.0211,73.4370,71.8471,71.3442,73.4370,73.4370,75.4255,79.4040,76.1052,78.5175,75.8024,77.7817,77.7817,78.2624,76.4853,76.1577,74.4648,71.8401,69.5701,69.5701,67.0671,63.6946,64.0781,59.0339,59.0339,56.3560,56.9386,55.7584,53.8238,51.2250,51.0882,48.1041,0.0000,0.0000,0.0000,0.0000,0.0000,0.0000,0.0000,0.0000,0.0000,0.0000,0.0000,0.0000
1700000014.500000,-60.9,66.8431,68.1175,65.8559,70.8378,65.0692,66.4831,66.4831,66.4831,66.6033,65.9469,67.6240,67.0075,68.0074,67.4240,71.0282,67.7422,70.3278,65.3682,70.7107,68.4251,68.4251,69.7782,67.9779,70.9366,71.1758,71.6938,75.3923,76.3217,76.6942,77.0779,76.5572,76.5572,76.0263,76.4788,76.5376,73.9256,72.7186,72.1110,68.8186,68.0074,65.6049,65.0000,63.2535,60.2080,58.0000,55.1725,56.5685,53.1507,51.8556,48.4149,49.9300,48.8774,0.0000,0.0000,0.0000,0.0000,0.0000,0.0000,0.0000,0.0000,0.0000,0.0000,0.0000,0.0000
1700000014.550000,-65.3,71.4003,69.2026,70.4344,69.6563,69.5270,68.8840,70.7107,69.2965,68.6222,70.7672,70.7248,73.0000,70.9366,73.4098,70.8025,72.1110,69.6419,69.6419,70.8308,71.6938,72.0694,73.3485,71.5891,74.7329,75.5844,74.7329,77.8781,78.3901,78.9240,80.2309,77.8203,80.5295,80.4984,78.2943,77.4145,77.6981,76.0066,72.4224,71.6101,70.0000,70.0000,68.2495,65.2993,62.3699,60.1415,59.3970,57.3149,55.9732,54.8179,53.8238,52.6973,49.1935,0.0000,0.0000,0.0000,0.0000,0.0000,0.0000,0.0000,0.0000,0.0000,0.0000,0.0000,0.0000
1700000014.600000,-63.7,68.5930,67.2681,67.2681,68.2495,68.8840,67.6831,67.0522,68.6804,68.6222,66.7308,68.0074,69.0797,69.7782,69.3181,66.6408,68.9638,68.0955,67.2309,70.4557,70.4557,69.8928,71.6101,68.8186,70.4344,71.8401,73.4098,77.4661,74.5185,77.4661,75.9276,76.4003,78.4092,77.2010,76.8505,73.7835,74.6257,72.7186,71.1969,70.2353,68.4251,67.5426,66.2118,65.0000,62.0322,60.1664,55.6597,55.3624,54.5711,52.3927,50.2195,50.4876,49.0918,0.0000,0.0000,0.0000,0.0000,0.0000,0.0000,0.0000,0.0000,0.0000,0.0000,0.0000,0.0000
1700000014.650000,-62.1,63.1269,64.1249,64.0000,64.0000,65.0077,63.0079,62.1289,63.0714,64.1249,62.5140,66.4831,66.7533,66.0984,63.1506,65.7343,65.0000,65.2533,63.0635,64.5136,65.7875,65.1460,67.0671,65.7875,67.6240,68.1542,69.0797,71.6938,72.0902,74.8465,73.5391,71.8679,71.5122,73.0548,71.1688,69.6419,69.3758,68.8840,68.4471,64.9384,65.7647,63.5059,62.5140,61.2046,58.0775,56.0089,53.0000,54.0000,52.1536,51.2445,49.2544,47.8539,45.6070,0.0000,0.0000,0.0000,0.0000,0.0000,0.0000,0.0000,0.0000,0.0000,0.0000,0.0000,0.0000
1700000014.700000,-60.9,65.0000,64.0000,64.0312,65.1230,65.0692,64.1950,66.3702,65.6201,66.7533,65.9242,67.2681,67.4685,69.1231,65.9697,66.2193,67.6757,63.9062,65.7875,67.2309,68.5420,67.2309,69.3542,67.6240,69.3181,72.0139,70.6612,74.2428,74.7061,74.7061,75.5910,73.4098,74.8465,75.2396,73.1642,73.7360,74.0000,70.2140,72.2772,68.1542,66.7083,63.5610,62.1691,62.9682,57.5587,58.2151,55.1453,56.0803,53.0094,53.0000,52.0096,48.2597,45.7056,0.0000,0.0000,0.0000,0.0000,0.0000,0.0000,0.0000,0.0000,0.0000,0.0000,0.0000,0.0000
1700000014.750000,-61.6,66.6033,63.0317,66.0681,65.2993,69.2026,65.8027,65.2150,65.2150,67.9559,67.2309,68.2642,66.7308,66.7308,68.4251,65.7647,68.9420,70.9366,68.1542,68.9493,71.1688,69.8928,71.1688,70.2140,70.6045,71.5681,73.2462,75.4321,75.9276,75.7100,78.3390,76.9220,77.4919,78.4474,74.9466,74.6726,75.3923,72.6154,72.0139,70.2140,66.6483,66.6483,64.0078,65.5134,60.2080,59.3633,57.4282,55.0000,54.6717,53.7587,52.3259,50.2494,47.0106,0.0000,0.0000,0.0000,0.0000,0.0000,0.0000,0.0000,0.0000,0.0000,0.0000,0.0000,0.0000
1700000014.800000,-62.3,65.4370,64.6607,64.6375,66.4003,64.6375,65.4599,64.1405,66.3702,64.0078,64.8845,64.8460,66.7083,65.9242,68.1542,67.7791,66.7308,66.4078,64.8460,68.4105,65.5210,68.4105,68.6586,68.6586,68.8840,73.1642,70.8590,74.6726,75.1332,77.6466,74.6726,75.5050,75.3127,75.9276,75.4321,74.0405,71.5681,71.4703,71.1688,67.7791,69.6419,65.3911,64.8845,59.9333,59.0339,56.8243,54.7083,53.8516,53.8238,52.2015,49.8197,48.9183,46.6905,0.0000,0.0000,0.0000,0.0000,0.0000,0.0000,0.0000,0.0000,0.0000,0.0000,0.0000,0.0000
1700000014.850000,-63.2,66.0303,66.4003,67.6240,67.4759,66.7083,64.6607,66.4680,65.0692,66.4831,67.3573,67.9412,67.6240,68.4105,68.6003,66.6108,69.0652,69.1158,69.3397,69.4622,70.2353,71.5891,72.0139,70.2140,70.6824,75.1532,72.4983,78.3901,78.0000,76.1577,78.9240,75.5844,78.7210,79.1770,78.2943,77.4145,76.6616,74.6257,74.0608,71.0282,69.4046,67.0075,66.8431,64.0312,57.3149,58.0517,56.5862,57.2800,55.2268,54.6717,51.4004,50.4777,47.0106,0.0000,0.0000,0.0000,0.0000,0.0000,0.0000,0.0000,0.0000,0.0000,0.0000,0.0000,0.0000
1700000014.900000,-60.5,65.0077,64.0078,69.0290,68.1175,68.2642,64.2806,64.4981,66.6108,66.9104,67.0820,70.4060,67.6831,68.4105,69.6419,67.0522,71.1688,68.7095,70.5762,68.9420,70.7743,70.7743,71.1126,72.0139,73.8241,74.2428,74.2428,76.0592,78.2943,76.9415,79.6492,77.8781,80.1124,79.7057,78.1857,76.8960,75.2728,74.9466,73.7631,71.3092,66.9403,68.4471,65.1153,67.0820,59.6825,59.6825,58.3095,58.0345,56.0357,55.0000,56.0357,51.2445,47.6760,0.0000,0.0000,0.0000,0.0000,0.0000,0.0000,0.0000,0.0000,0.0000,0.0000,0.0000,0.0000
1700000014.950000,-58.2,64.5368,66.7083,66.7608,68.9638,66.4078,67.0671,68.5420,67.5426,66.6408,67.1193,69.8355,68.6003,71.8679,69.3397,70.7248,71.0282,72.2011,71.0634,73.2462,70.9366,72.9178,72.9178,71.4493,75.6637,77.0779,75.6902,79.9312,81.3204,82.0366,79.9062,78.4920,82.0244,81.3204,78.5684,78.7464,77.2334,78.2432,75.8024,74.4043,72.4224,69.6419,70.8308,68.2642,63.6318,64.0078,58.5918,58.6003,59.0931,58.5235,55.0273,54.1202,51.9711,0.0000,0.0000,0.0000,0.0000,0.0000,0.0000,0.0000,0.0000,0.0000,0.0000,0.0000,0.0000
1700000015.000000,-63.9,67.6831,64.1327,68.7314,67.8970,68.4690,65.3758,67.1863,65.0692,67.0298,71.0070,71.0000,70.0286,72.1734,70.3491,67.1863,73.5527,69.0507,72.6911,69.2315,73.3485,74.1485,75.9276,73.7564,76.9220,76.1577,73.7631,75.9605,81.0432,79.8123,82.2800,78.1025,79.4292,81.5843,77.4661,80.0625,78.6384,78.6384,74.3303,71.1758,69.0290,70.0000,67.0000,68.0000,60.0750,60.2080,58.3095,58.4209,58.4209,56.7186,53.1507,51.2445,49.3964,0.0000,0.0000,0.0000,0.0000,0.0000,0.0000,0.0000,0.0000,0.0000,0.0000,0.0000,0.0000
1700000015.050000,-59.8,64.8151,68.1175,68.2422,70.4557,67.6757,67.1193,65.8635,67.2309,68.4763,71.1126,70.2638,71.3092,73.7360,71.5122,74.3303,71.7844,74.0405,69.5701,75.1864,73.9797,74.9533,74.9533,74.1485,77.9295,82.0366,79.9062,83.0241,82.8734,86.4928,81.0494,82.7647,84.9294,85.1469,82.7103,82.8613,80.3617,78.4474,77.4919,78.1857,74.8465,75.1532,71.5542,69.3181,64.8460,66.2420,61.9112,61.8547,61.6117,58.4123,57.6281,55.8659,53.0377,0.0000,0.0000,0.0000,0.0000,0.0000,0.0000,0.0000,0.0000,0.0000,0.0000,0.0000,0.0000
1700000015.100000,-62.2,66.6408,66.4831,70.3847,69.6419,69.2892,67.6757,67.1863,70.0928,71.8053,70.8308,70.2140,73.6817,73.8241,73.4370,73.4370,75.1665,73.0616,74.0608,75.0000,75.0000,78.0064,79.0253,77.0260,78.3135,83.2166,79.3095,82.3893,86.2090,85.2878,86.2090,82.0549,85.0529,87.0517,84.0000,83.0241,83.0060,80.0562,81.3941,78.4092,75.4255,72.9931,72.0069,73.1642,65.7343,64.0312,62.3618,62.9365,63.2456,61.8466,59.0931,56.7979,55.2268,0.0000,0.0000,0.0000,0.0000,0.0000,0.0000,0.0000,0.0000,0.0000,0.0000,0.0000,0.0000
1700000015.150000,-60.0,67.2309,68.0074,71.2811,69.6348,68.4105,70.0000,71.5891,71.4213,73.5391,70.7248,75.0067,75.1665,76.0592,76.6094,77.6209,76.0263,76.8440,76.2758,78.5493,79.7559,80.2621,81.4923,78.8923,82.2982,81.8413,85.4225,88.1022,88.5494,88.1192,87.6584,87.7097,87.7097,89.6939,87.1321,85.7030,85.4459,82.9277,81.4002,79.0253,78.8733,76.4853,77.8974,75.7430,69.2965,67.8970,65.8559,65.2993,64.8151,62.0081,60.8030,61.0574,55.0091,0.0000,0.0000,0.0000,0.0000,0.0000,0.0000,0.0000,0.0000,0.0000,0.0000,0.0000,0.0000
1700000015.200000,-59.2,69.6348,70.4344,68.8840,71.8401,70.8378,71.5052,72.8354,72.9178,72.9178,71.7008,76.8375,74.4043,78.0064,78.2368,77.6660,77.1751,80.7775,77.6981,83.7257,83.1865,82.7345,82.7345,81.4125,86.0058,85.0000,84.5813,89.0505,86.4060,93.6216,89.1572,92.5743,92.1358,88.1930,88.5889,86.9540,87.9830,86.2844,84.3149,82.4197,80.2122,78.1025,77.3369,75.7430,74.2765,70.0928,67.1789,67.2086,65.1920,65.2993,65.2150,63.2851,59.5399,0.0000,0.0000,0.0000,0.0000,0.0000,0.0000,0.0000,0.0000,0.0000,0.0000,0.0000,0.0000
1700000015.250000,-62.3,70.9366,68.9420,73.7902,71.5542,72.0694,68.0955,70.4557,72.6705,72.0069,76.2168,74.4043,77.4661,77.2334,79.2465,77.0779,81.3941,77.1557,82.8794,76.2168,80.4487,80.8022,83.4865,81.6088,84.8764,84.0595,85.1469,88.6848,90.5538,88.8369,93.4933,86.6083,89.6939,90.7359,88.4816,90.6973,90.6035,86.6833,84.3860,83.7377,78.7464,78.5684,75.0067,77.7946,71.4213,70.0071,67.1789,67.2681,65.1153,66.6108,64.0703,60.9016,57.7062,0.0000,0.0000,0.0000,0.0000,0.0000,0.0000,0.0000,0.0000,0.0000,0.0000,0.0000,0.0000
1700000015.300000,-60.9,67.2681,65.7647,70.8590,71.0211,69.4262,67.4685,70.3420,71.1688,72.4224,72.1110,73.0548,73.1642,78.0000,75.1532,75.1532,75.5910,74.2428,77.4145,77.1751,77.6981,78.0320,81.8352,80.4550,80.4487,83.4865,82.9277,88.4816,84.5991,87.0919,88.7525,83.5284,90.7359,88.6848,87.3212,86.3134,86.3134,85.0000,81.5414,80.0562,77.2528,75.5844,74.6324,75.0000,70.8802,69.8570,66.0984,66.0984,65.4905,63.5059,61.0737,62.0000,57.0789,0.0000,0.0000,0.0000,0.0000,0.0000,0.0000,0.0000,0.0000,0.0000,0.0000,0.0000,0.0000
1700000015.350000,-65.9,68.4105,70.0928,68.2495,68.8840,69.5845,71.7008,70.4557,68.1175,71.0282,72.0069,73.0274,75.0600,75.2396,73.4370,76.4199,77.7817,77.9295,76.9415,78.6448,78.6448,79.0759,79.8123,80.5233,80.9568,83.5225,83.8153,88.2327,84.7703,88.8876,86.9770,87.0919,87.8009,88.5268,86.5852,85.1469,84.5281,85.3288,81.8841,81.7435,79.7621,77.2334,77.2334,73.2462,69.0072,70.0000,64.0078,66.0681,63.0714,63.2851,60.4070,59.0339,56.5155,0.0000,0.0000,0.0000,0.0000,0.0000,0.0000,0.0000,0.0000,0.0000,0.0000,0.0000,0.0000
1700000015.400000,-58.4,66.1287,65.7875,68.0074,68.6804,71.0634,66.9403,68.8840,71.3863,72.3671,71.5681,71.7008,73.4370,76.0592,74.1687,75.0600,76.0263,77.0065,77.0260,76.2365,78.1601,79.1012,80.3990,79.3095,81.6150,82.4924,81.4985,84.4808,84.7172,85.9884,88.5664,85.3756,88.4590,85.2115,84.0952,86.0233,85.0059,81.0000,80.0999,79.0569,77.1622,76.3217,72.4431,72.8354,67.8970,66.2873,64.3273,66.2193,65.2533,61.6847,61.4654,59.5063,57.4543,0.0000,0.0000,0.0000,0.0000,0.0000,0.0000,0.0000,0.0000,0.0000,0.0000,0.0000,0.0000
1700000015.450000,-61.9,69.1158,68.5055,69.8355,70.2353,68.8840,68.4251,70.3847,70.7743,70.9366,73.0548,75.8947,74.7262,73.2462,73.2462,75.1864,75.9276,74.3303,76.2955,74.8131,77.1038,79.7621,79.5110,81.4985,81.1542,81.3941,84.1487,85.2878,84.1487,85.3756,86.4697,85.5862,85.7088,88.8144,84.5281,84.5281,85.7030,82.9759,81.4923,77.6209,75.9605,75.0000,74.9466,70.9366,66.8506,67.2309,63.9766,63.9531,62.6498,63.6318,58.5235,59.0762,57.4891,0.0000,0.0000,0.0000,0.0000,0.0000,0.0000,0.0000,0.0000,0.0000,0.0000,0.0000,0.0000
1700000015.500000,-64.3,67.1193,66.2420,67.2309,66.5733,68.0074,66.4003,67.0075,66.8431,70.2922,65.9469,70.0928,70.7672,72.1249,72.8629,72.2496,73.0000,73.4098,72.6223,73.4098,75.8024,73.6003,76.2758,74.0608,77.3886,79.3221,80.4550,82.1523,82.6801,82.1523,84.0595,81.5414,83.4865,81.6088,80.0000,80.6040,78.8733,77.2334,75.6902,75.6637,72.8354,69.3542,70.0071,68.0147,65.2993,64.6607,60.6053,59.4054,61.2944,58.5235,55.4707,54.5619,54.4243,0.0000,0.0000,0.0000,0.0000,0.0000,0.0000,0.0000,0.0000,0.0000,0.0000,0.0000,0.0000
1700000015.550000,-59.4,65.3911,70.2638,69.3542,70.7107,68.0955,71.1969,67.4166,69.3397,68.5055,70.4344,70.6045,68.7677,71.5052,72.8354,72.1249,73.5527,75.0733,70.7672,74.0270,75.2861,75.2861,75.6042,73.4098,77.6660,79.8812,78.2368,82.3772,81.2711,85.1469,79.0569,81.0247,84.2021,82.6196,81.8352,81.4678,78.7464,78.7464,77.8974,75.0067,75.6637,69.3109,70.7248,66.5282,65.9469,63.2535,61.6117,61.2944,60.2080,56.0803,56.9386,55.0091,54.0833,0.0000,0.0000,0.0000,0.0000,0.0000,0.0000,0.0000,0.0000,0.0000,0.0000,0.0000,0.0000
1700000015.600000,-60.2,68.2642,65.7343,68.0074,67.4240,69.0290,67.0075,66.8431,66.8431,68.0147,67.8970,70.0357,69.4262,70.1783,71.0634,70.8378,70.0000,68.6003,70.0000,71.0282,72.4224,72.8011,74.0608,71.5612,76.5376,73.9256,76.1577,77.1751,78.8923,77.8974,78.0320,76.0066,80.1561,79.6304,78.0064,74.8131,76.2168,74.8131,73.1095,70.1783,68.6222,66.4680,65.7647,65.7647,63.0317,59.8164,59.2030,56.3028,55.2268,53.8516,52.4786,52.7731,51.0784,0.0000,0.0000,0.0000,0.0000,0.0000,0.0000,0.0000,0.0000,0.0000,0.0000,0.0000,0.0000
1700000015.650000,-61.5,65.8635,68.4251,67.5426,69.7782,66.7083,67.2309,67.4166,66.7308,66.7308,66.4078,71.1688,70.6045,68.8840,69.6348,71.5891,68.7314,70.7107,68.7314,71.3442,72.2496,71.1758,73.0616,70.2567,74.1080,74.1080,75.1066,76.0263,75.0067,79.0063,76.0263,77.1622,78.1601,78.1601,76.4199,74.6726,73.6817,74.3303,69.6348,70.0928,68.8840,66.0984,66.0984,61.6847,62.6259,59.8080,57.0088,55.5428,55.9464,53.2353,53.5350,51.0392,49.6790,0.0000,0.0000,0.0000,0.0000,0.0000,0.0000,0.0000,0.0000,0.0000,0.0000,0.0000,0.0000
1700000015.700000,-62.8,65.3911,64.4748,65.7875,65.7875,65.7875,65.1460,64.0312,64.3273,65.7343,65.3070,65.5134,67.8970,66.7533,68.4690,67.3647,67.2681,68.0661,67.0298,67.0000,70.0000,69.0000,69.0072,68.0000,71.1126,71.0282,70.1142,72.2496,72.1734,73.2462,75.1665,72.0625,75.0600,74.0068,74.0068,74.0000,71.0070,69.1158,69.2604,67.4759,65.4905,62.6498,62.9682,62.3699,57.4891,55.3173,54.8179,54.7083,51.8652,51.6236,49.1935,48.7647,46.6476,0.0000,0.0000,0.0000,0.0000,0.0000,0.0000,0.0000,0.0000,0.0000,0.0000,0.0000,0.0000
1700000015.750000,-61.8,63.9766,64.4127,65.8635,65.3682,63.8122,63.2851,64.3506,62.6817,62.4260,63.4114,64.0312,65.2993,64.3817,65.0692,64.3506,66.4831,65.1153,64.3817,64.2028,66.0681,65.4370,65.8027,66.4003,66.8506,66.8506,69.0652,70.7248,70.1783,69.6348,70.7248,70.8025,72.4224,72.6223,71.2180,69.5270,68.8840,68.6804,67.2681,64.3506,62.9682,62.2896,60.3075,60.3075,56.8507,56.4004,53.2541,53.2541,50.7740,51.4781,48.7647,47.4236,45.5412,0.0000,0.0000,0.0000,0.0000,0.0000,0.0000,0.0000,0.0000,0.0000,0.0000,0.0000,0.0000
1700000015.800000,-60.9,61.4654,62.3939,62.6259,62.2977,61.9839,61.0328,62.8172,59.9083,60.6383,61.0000,61.9839,61.5224,61.4003,63.2851,61.4003,64.0000,60.0000,63.0000,64.0078,64.0703,63.0079,64.1950,64.0703,66.3702,65.1920,65.4905,69.5845,68.4690,67.6018,69.5845,69.4622,69.3542,70.1783,68.0661,69.0652,69.0072,65.0000,65.0308,65.0692,62.1289,61.1310,57.2189,57.4282,54.4518,53.7587,51.1957,50.2195,50.9608,50.2892,47.7598,46.0977,43.8292,0.0000,0.0000,0.0000,0.0000,0.0000,0.0000,0.0000,0.0000,0.0000,0.0000,0.0000,0.0000
1700000015.850000,-59.2,62.8172,63.5610,61.9839,65.9242,62.6498,62.5140,61.4003,62.0725,62.0725,63.0317,65.0077,62.0081,65.0308,64.0703,65.1920,63.3877,63.5059,61.6604,63.9531,63.3482,64.1327,65.5134,64.3273,66.9403,66.9403,67.1863,70.6045,67.4463,72.5328,68.4105,71.0634,70.6116,71.8053,70.2140,69.7209,69.5845,68.5930,68.2642,65.0692,65.0692,62.0000,63.0000,58.0000,58.0345,56.0803,52.1536,52.4690,50.6360,49.4773,48.7647,48.3839,45.6946,0.0000,0.0000,0.0000,0.0000,0.0000,0.0000,0.0000,0.0000,0.0000,0.0000,0.0000,0.0000
1700000015.900000,-62.1,68.2495,67.0820,67.7422,67.7422,67.3647,65.3758,66.1891,67.0671,67.0671,65.0000,68.0000,67.1193,67.1193,67.2681,66.2722,68.4690,67.7422,66.9104,68.2495,66.7083,68.6586,69.1231,68.1542,69.9214,72.4224,71.4703,73.3757,74.3303,75.5844,75.5844,73.7631,74.7262,78.3390,75.9276,73.1642,74.3303,72.1803,70.4557,70.3491,67.1863,67.0671,67.0298,64.0000,63.0000,62.0081,57.1402,57.1402,56.4358,54.5894,54.1295,51.9230,51.8652,0.0000,0.0000,0.0000,0.0000,0.0000,0.0000,0.0000,0.0000,0.0000,0.0000,0.0000,0.0000
1700000015.950000,-65.3,64.3817,65.8559,63.8905,68.1175,63.2535,66.4003,64.6375,63.5138,64.8999,61.5873,66.7308,64.8845,66.6483,64.8845,66.7083,65.9242,68.7095,64.2573,66.7308,66.4078,66.4078,68.0074,65.5210,70.2140,69.6348,71.3863,72.5672,71.5891,77.6660,72.3671,77.1298,76.1577,75.9605,74.3303,73.3757,71.4703,72.1110,71.8679,67.2309,69.8570,63.9766,68.4251,62.6099,62.2656,58.8303,58.5235,58.0086,55.0000,53.4135,53.1507,50.2096,50.3289,0.0000,0.0000,0.0000,0.0000,0.0000,0.0000,0.0000,0.0000,0.0000,0.0000,0.0000,0.0000
1700000016.000000,-64.6,66.6033,66.0681,68.6003,68.6003,66.4003,65.4599,68.2642,67.7422,66.2420,67.1193,66.2420,68.4251,70.6824,69.8570,68.7095,70.5195,68.9638,69.2604,68.1542,70.8308,71.3092,70.4060,70.6116,72.1803,74.3303,74.9667,77.6466,77.5242,77.3175,79.7621,80.0625,81.2158,82.2010,79.0759,79.3095,78.8480,78.4474,74.9466,72.8011,70.5762,71.3092,68.7095,69.4622,63.0714,63.5610,59.9416,60.7454,59.6825,58.0086,56.0803,57.3847,51.6236,0.0000,0.0000,0.0000,0.0000,0.0000,0.0000,0.0000,0.0000,0.0000,0.0000,0.0000,0.0000
1700000016.050000,-63.2,65.8027,62.0967,66.4831,67.4166,66.4831,65.0000,66.7083,68.0000,66.6408,66.7308,69.1158,69.0652,69.6348,69.2026,69.6348,69.6563,70.4344,68.7677,67.9412,72.2496,72.8629,74.2765,73.5527,72.9178,75.9276,74.5185,80.0562,81.4678,79.3977,81.0555,79.9312,82.0731,83.4506,82.7587,83.4865,79.3977,78.6448,79.5110,77.6209,74.6324,72.9452,70.7248,72.9452,64.4981,66.6483,62.6498,60.8358,63.5610,61.0983,59.4643,58.9406,56.5685,0.0000,0.0000,0.0000,0.0000,0.0000,0.0000,0.0000,0.0000,0.0000,0.0000,0.0000,0.0000
1700000016.100000,-59.7,69.3542,68.8767,71.3092,73.4098,73.3894,70.5762,71.1688,72.1249,72.5328,73.5459,71.3863,73.8241,76.6551,74.1687,74.3303,76.0263,75.0067,75.0067,76.0066,79.1581,77.1038,78.1025,78.4092,83.3607,81.8841,80.7527,85.3288,88.2836,87.2983,87.2983,89.4427,90.0944,89.6772,88.3629,86.3713,88.3629,87.2066,86.0523,83.0000,80.0000,79.0569,77.2334,77.2334,73.2462,70.7107,67.8970,68.2495,66.0984,66.9403,62.6418,62.9682,58.5918,0.0000,0.0000,0.0000,0.0000,0.0000,0.0000,0.0000,0.0000,0.0000,0.0000,0.0000,0.0000
1700000016.150000,-57.4,67.0000,68.0000,69.0652,71.0634,68.2642,67.3647,67.8970,68.8840,70.4060,70.8308,72.0347,71.4703,71.4703,74.0000,75.2728,73.4098,73.8241,72.4983,74.6860,74.7061,74.6860,76.1577,77.1751,79.3221,79.8812,79.8812,82.2010,85.6037,84.2021,85.6037,85.4459,87.6584,87.6641,87.1321,86.0930,84.2199,85.0882,81.8413,81.8413,77.3886,77.3886,78.2943,73.9256,71.3092,69.2892,65.1460,65.5210,65.0000,65.1153,62.1691,59.6825,58.0000,0.0000,0.0000,0.0000,0.0000,0.0000,0.0000,0.0000,0.0000,0.0000,0.0000,0.0000,0.0000
1700000016.200000,-63.9,71.5891,72.1388,74.2496,75.6637,74.2496,75.1665,74.3303,76.2168,78.0064,75.8024,78.4920,80.7775,78.8923,81.0062,81.0062,80.4984,81.0247,79.2023,80.4114,80.9938,82.0792,84.4334,81.9085,85.4400,85.8662,87.8009,92.4175,92.6499,93.9628,93.6216,93.1451,94.9210,95.8175,94.9210,93.9840,91.1811,90.6201,87.6641,88.5494,89.0000,79.1770,81.4923,78.5493,75.8024,73.2393,68.8186,72.8011,71.7008,66.6033,65.7647,65.8559,63.8905,0.0000,0.0000,0.0000,0.0000,0.0000,0.0000,0.0000,0.0000,0.0000,0.0000,0.0000,0.0000
1700000016.250000,-63.6,69.6563,67.8012,67.4240,70.6045,69.6348,67.4166,70.4911,70.3278,72.4707,72.0139,75.1532,74.2496,75.3923,73.1642,74.3303,77.7946,74.3303,75.0000,75.1864,77.3692,79.3095,78.4474,77.8781,83.0241,80.0625,81.7435,84.5931,86.7006,87.6926,88.6848,89.2693,89.1067,89.8220,87.0976,89.7385,86.8332,84.2021,81.9329,81.9329,80.9938,76.5572,74.8465,73.9256,69.3542,69.3542,65.3682,65.0000,62.9682,62.6817,58.2580,58.7963,55.1543,0.0000,0.0000,0.0000,0.0000,0.0000,0.0000,0.0000,0.0000,0.0000,0.0000,0.0000,0.0000
1700000016.300000,-61.3,73.1710,73.2462,73.6817,74.4312,74.3303,73.9797,74.7329,74.2159,75.7100,77.1622,79.3788,79.1202,78.9240,79.7057,78.3901,80.0625,79.2023,79.6053,78.8923,78.8923,80.6226,83.2166,80.2621,83.6002,84.2021,85.2115,88.2327,86.6083,90.2109,91.2634,89.3085,90.1388,91.8096,90.5538,87.7097,87.7097,87.2353,83.1865,82.7647,81.5414,80.9938,75.9605,74.9466,73.0548,70.8802,66.9403,67.4685,66.2873,64.7765,61.8142,62.1289,61.0000,0.0000,0.0000,0.0000,0.0000,0.0000,0.0000,0.0000,0.0000,0.0000,0.0000,0.0000,0.0000
1700000016.350000,-64.9,59.4138,62.5140,61.1310,62.0725,63.0079,63.0000,60.0750,62.1289,64.0078,63.1269,65.3758,65.6201,65.7647,65.7647,67.0820,67.6831,66.9403,65.0000,66.4831,67.4463,67.4463,68.6222,65.4599,71.3092,71.5122,70.9366,72.8011,71.8679,75.0267,74.4648,74.3303,74.9466,74.3303,73.7631,73.0069,70.0928,71.0634,69.2315,68.2495,65.7647,63.3877,62.5140,61.1310,58.1378,57.0351,55.0091,54.0000,53.0848,50.0899,49.2544,47.6760,46.8402,0.0000,0.0000,0.0000,0.0000,0.0000,0.0000,0.0000,0.0000,0.0000,0.0000,0.0000,0.0000
1700000016.400000,-66.3,61.0000,60.0750,63.1269,62.2013,63.2851,61.5224,61.8142,62.1691,63.5610,65.7343,65.5210,68.3081,66.0984,64.8460,62.9365,65.9242,64.6220,65.5515,66.2118,65.7419,66.1891,68.0000,68.8840,69.6419,71.3442,67.2309,68.2642,73.2462,72.7186,73.7835,71.6938,73.0616,74.3034,72.4500,69.7782,70.2638,67.6240,67.7791,65.1920,65.1920,62.6418,60.0833,61.4003,55.7853,54.3415,52.7731,52.7731,50.4876,53.1507,50.0400,49.0000,46.0435,0.0000,0.0000,0.0000,0.0000,0.0000,0.0000,0.0000,0.0000,0.0000,0.0000,0.0000,0.0000
1700000016.450000,-61.2,65.7647,63.0317,67.6240,68.2495,67.6240,65.8027,68.5055,66.2873,67.4166,69.9714,67.7422,70.2140,70.2140,70.2638,70.2140,72.0902,70.0071,69.0797,69.2604,70.2140,71.4703,74.0405,71.8401,74.2159,75.4321,75.4321,76.9025,78.3390,79.3095,78.3390,76.6551,77.8845,77.8845,77.7946,76.5506,74.6726,73.1642,73.0069,71.1126,69.7782,68.4251,64.4981,64.8845,61.4003,59.1693,56.3028,56.8595,55.6058,53.2635,53.0754,51.6236,48.2701,0.0000,0.0000,0.0000,0.0000,0.0000,0.0000,0.0000,0.0000,0.0000,0.0000,0.0000,0.0000
1700000016.500000,-62.0,63.5138,65.2150,62.8013,66.2193,65.2993,65.1920,63.0317,65.0692,65.7647,66.4831,68.6804,66.7083,67.6240,66.8431,68.4105,66.8506,68.5055,67.1193,68.7968,69.4622,69.1158,69.8355,69.8355,72.0139,73.7902,73.4098,74.3236,73.8241,76.9220,74.7329,76.0263,76.4788,76.0592,74.4312,74.4312,72.7186,71.0211,69.6348,67.8012,67.8012,63.4114,65.2993,61.7171,58.7963,58.0000,56.5685,53.7401,55.2268,51.6624,51.4004,51.6140,48.3735,0.0000,0.0000,0.0000,0.0000,0.0000,0.0000,0.0000,0.0000,0.0000,0.0000,0.0000,0.0000
1700000016.550000,-63.4,62.2013,59.4138,62.5140,61.5224,62.9682,60.0167,61.6117,60.4152,63.3246,64.8460,64.5601,65.1920,63.3246,64.6220,62.9682,65.3911,62.6099,65.3070,62.1772,66.1891,64.8460,66.2420,67.1193,67.1193,68.6003,67.7422,70.1783,72.9452,70.7248,73.2462,69.4622,72.9452,73.3553,70.6824,69.7782,71.1758,70.2638,66.8506,64.2573,62.2977,62.2977,58.5235,61.1310,55.5428,55.1090,53.7587,53.3385,51.3517,50.2494,50.0899,47.0106,45.1774,0.0000,0.0000,0.0000,0.0000,0.0000,0.0000,0.0000,0.0000,0.0000,0.0000,0.0000,0.0000
1700000016.600000,-60.7,59.4643,58.5235,59.7746,60.4401,60.1664,59.2030,57.4891,60.0167,60.2080,61.5224,62.5140,61.2046,62.2013,62.1289,62.0725,62.1289,63.0000,62.0000,65.0308,64.0312,64.0312,63.0714,63.1981,65.4905,67.3647,65.4905,68.5930,70.4557,70.3491,69.4622,67.1863,70.3491,68.2642,68.0294,68.0074,66.0076,65.0000,65.0308,63.0317,62.1289,60.4070,59.5399,56.5685,52.6118,54.1295,51.1957,51.6624,50.6952,49.0408,48.1041,45.6180,45.2769,0.0000,0.0000,0.0000,0.0000,0.0000,0.0000,0.0000,0.0000,0.0000,0.0000,0.0000,0.0000
1700000016.650000,-61.6,63.0635,62.8172,61.3922,65.1153,62.8013,62.8013,60.4070,63.3877,65.1230,63.0317,63.0000,65.0000,66.0681,66.1891,65.0692,65.1920,65.4905,64.4981,66.7533,67.0820,66.2873,68.0661,66.9403,67.9117,69.3758,69.6419,71.5681,71.8401,73.7631,72.5328,71.8053,71.0634,72.3671,72.1803,72.1803,69.7209,69.7209,67.4759,67.2681,66.1891,62.0725,63.0079,61.0082,59.0085,57.0351,54.1479,54.3323,53.3385,52.9528,50.0100,49.7293,46.4866,0.0000,0.0000,0.0000,0.0000,0.0000,0.0000,0.0000,0.0000,0.0000,0.0000,0.0000,0.0000
1700000016.700000,-63.7,63.6318,63.2851,66.0303,65.4599,63.0079,63.6003,65.6049,62.6259,63.7809,63.7024,66.5282,66.4680,66.4680,67.2681,65.1153,65.9469,65.9469,64.6607,66.0303,68.8186,67.4240,68.5055,66.2873,69.6419,69.4622,72.2011,74.0945,72.7186,73.7835,73.7835,74.0608,73.8173,74.6324,71.4003,73.2462,71.5891,70.9366,69.3542,67.2086,66.4680,63.7024,63.7024,62.4820,57.6281,57.2014,55.4707,56.3028,52.4786,53.7122,52.3259,50.1597,48.3839,0.0000,0.0000,0.0000,0.0000,0.0000,0.0000,0.0000,0.0000,0.0000,0.0000,0.0000,0.0000
1700000016.750000,-60.7,59.8415,59.4138,58.3095,58.3095,58.1378,57.2189,59.0762,58.0345,58.0000,59.0000,60.0000,60.1332,60.2993,59.3043,59.3043,60.6712,61.0000,60.8276,60.4152,60.4152,60.4152,63.5610,61.6117,63.8905,63.3246,63.3246,65.5210,67.0522,65.1460,68.0074,66.9403,70.0928,69.8570,65.9242,66.0984,65.6201,63.5059,62.2896,62.2896,61.1310,61.0328,58.0086,59.0000,56.0089,53.0848,52.2398,51.4781,49.6488,50.2195,48.2701,46.1736,46.2385,0.0000,0.0000,0.0000,0.0000,0.0000,0.0000,0.0000,0.0000,0.0000,0.0000,0.0000,0.0000
1700000016.800000,-61.3,69.2315,69.6348,68.6586,69.8570,70.6045,67.7200,68.0074,66.7308,70.0071,69.4622,69.0797,70.7743,70.2140,71.5891,71.6938,72.2011,70.8308,71.3442,74.0608,72.2011,72.8011,74.2024,72.6223,75.2861,77.0065,77.3369,78.7464,79.5110,80.2808,81.5659,79.8123,80.4301,80.4301,78.0064,81.8413,78.2304,76.8505,73.9256,74.7930,71.5891,69.7782,68.4471,68.1542,65.1920,63.5689,61.3514,60.7289,60.1664,57.4891,57.8705,56.3205,53.0094,0.0000,0.0000,0.0000,0.0000,0.0000,0.0000,0.0000,0.0000,0.0000,0.0000,0.0000,0.0000
1700000016.850000,-64.8,67.5352,63.9531,68.0294,64.8845,67.7791,65.5515,64.8460,64.8460,64.8460,67.0522,68.1542,67.1863,67.2681,66.7533,67.8970,69.3542,66.1891,68.1836,67.1193,69.0652,68.0661,70.0643,71.0282,71.0282,73.0069,73.0069,72.0278,76.1052,75.0600,78.0577,76.0066,78.0000,77.0065,77.0584,76.1052,75.0600,76.2365,71.5681,70.3491,68.7314,68.8840,66.0984,68.2495,62.8172,60.7289,59.7746,58.5235,56.8595,58.1808,55.9017,53.7122,51.0392,0.0000,0.0000,0.0000,0.0000,0.0000,0.0000,0.0000,0.0000,0.0000,0.0000,0.0000,0.0000
1700000016.900000,-63.3,65.1920,66.0303,65.8027,68.4105,66.4003,64.5368,64.4438,65.1153,64.3506,63.6553,66.5282,67.3573,67.4759,67.0075,68.0074,66.6108,69.3397,64.3506,69.4622,71.3442,69.9714,68.4763,68.8840,70.2140,71.5542,73.8241,73.8241,75.1532,78.7210,74.7329,77.8203,77.8203,79.1770,77.4145,77.1751,72.7186,75.2928,73.7835,72.4224,69.4046,69.0290,68.2495,64.5368,64.5368,64.3817,57.2800,59.4643,56.2228,56.2228,55.8032,53.0000,51.0000,0.0000,0.0000,0.0000,0.0000,0.0000,0.0000,0.0000,0.0000,0.0000,0.0000,0.0000,0.0000
1700000016.950000,-62.7,68.0074,67.7791,70.7743,69.4622,69.3542,68.4251,66.2420,69.4622,68.6003,68.7968,72.1110,71.6101,69.8140,69.8140,68.8840,71.5052,70.0357,71.4213,72.1388,73.5527,72.1803,72.3464,71.5891,75.9276,74.6525,74.0270,77.8010,78.6003,80.0000,79.4040,79.2023,79.6492,80.9197,80.8084,81.4678,80.6226,81.3204,77.7946,76.3806,72.9178,72.3464,70.2922,71.2180,67.0075,64.6375,60.4649,63.8122,61.2944,59.0339,59.5063,56.6480,52.8867,0.0000,0.0000,0.0000,0.0000,0.0000,0.0000,0.0000,0.0000,0.0000,0.0000,0.0000,0.0000
1700000017.000000,-64.8,65.0077,64.0703,68.1175,66.2722,67.3647,64.3817,65.9242,67.0820,65.7343,67.6831,67.4463,68.0074,69.9214,68.0074,67.6757,71.1758,68.4471,70.2140,70.6612,70.6612,71.1126,73.4302,72.0694,74.3303,74.9466,73.7835,77.1038,78.2368,76.8440,78.2368,80.1561,81.8352,80.6226,79.6492,77.5242,76.9415,76.0592,77.8781,75.6439,73.1642,72.2357,70.9366,70.5195,64.8460,64.5601,63.9531,61.9839,61.9839,60.4070,58.3095,58.0086,54.1479,0.0000,0.0000,0.0000,0.0000,0.0000,0.0000,0.0000,0.0000,0.0000,0.0000,0.0000,0.0000
1700000017.050000,-62.3,65.7647,67.1193,66.8506,70.2638,66.8506,68.0074,67.0522,67.4463,66.4831,67.6831,67.2681,69.0507,70.7107,70.8590,73.3348,69.2604,71.0634,70.0286,72.0000,73.0069,73.0069,75.0067,72.1110,75.2396,76.2365,77.2334,79.9062,79.4040,83.2947,79.9062,81.4985,81.4985,83.2166,80.2247,83.1505,77.0065,79.0000,79.0253,77.1038,76.1052,72.3395,73.4370,69.7209,66.6108,67.0820,63.3482,62.8172,63.8905,61.0328,59.6154,59.9333,54.7083,0.0000,0.0000,0.0000,0.0000,0.0000,0.0000,0.0000,0.0000,0.0000,0.0000,0.0000,0.0000
1700000017.100000,-62.3,67.9117,63.1506,70.5762,66.7533,72.6911,64.4981,66.0303,66.0303,69.0000,70.0000,72.0278,70.1142,73.4370,72.4431,69.5845,72.9931,69.6348,74.1485,71.0634,73.4983,73.4983,73.3757,74.0405,74.3303,77.4919,74.6726,75.6108,80.7775,82.0792,84.3090,79.1202,83.2166,84.4334,81.6088,81.3204,83.5225,81.0432,78.3390,75.7100,73.3485,76.1183,68.7314,74.4312,69.4622,67.0671,65.0692,63.0000,62.0000,64.0703,62.5140,60.0167,55.0818,0.0000,0.0000,0.0000,0.0000,0.0000,0.0000,0.0000,0.0000,0.0000,0.0000,0.0000,0.0000
1700000017.150000,-61.4,67.5426,68.1542,68.7095,72.1110,69.2892,65.8027,67.4463,67.1863,69.1231,69.2315,70.0357,70.8590,72.4431,72.1110,72.3395,74.0608,72.0069,72.0000,72.1110,73.0616,74.1080,74.3303,72.1110,76.6551,77.5242,77.9295,80.2309,84.0119,82.2010,80.4114,82.0366,83.0241,83.8630,82.3893,82.2192,80.3057,81.2219,78.0256,78.0000,79.0000,75.0600,74.0608,73.0616,68.4690,67.6018,65.3070,63.3482,63.7887,60.4401,60.7289,58.6941,55.9017,0.0000,0.0000,0.0000,0.0000,0.0000,0.0000,0.0000,0.0000,0.0000,0.0000,0.0000,0.0000
1700000017.200000,-59.7,71.8401,72.4224,74.0000,70.2282,71.5122,71.8679,73.5391,72.0139,72.4500,73.4302,74.0945,76.3217,77.3886,77.4209,76.2758,76.4003,75.6042,73.4098,77.8974,75.8222,77.1557,77.1557,77.8332,79.2465,82.0731,82.0366,85.5862,84.9588,85.7030,84.9588,86.2670,86.9770,89.1403,88.4590,86.4523,85.7030,85.7030,82.0061,81.4002,81.0247,79.6116,79.4040,74.6257,72.4707,71.5542,69.8570,69.2892,67.3573,65.4599,64.2884,61.6117,61.5224,0.0000,0.0000,0.0000,0.0000,0.0000,0.0000,0.0000,0.0000,0.0000,0.0000,0.0000,0.0000
1700000017.250000,-56.9,71.1126,73.1095,73.4370,73.8241,73.9797,71.1969,72.7805,72.5328,71.8401,71.4703,76.8440,75.6108,75.0267,73.8241,75.1532,76.0263,76.9220,76.5376,77.6981,78.2304,77.6981,79.3221,78.7718,81.4002,81.0247,83.2346,84.8116,84.2021,87.6185,85.0000,85.4459,89.8109,89.6270,85.4459,86.8217,84.9058,85.2350,82.3650,83.2406,81.3941,77.8781,79.7057,75.7694,72.8011,71.7844,68.4105,68.0074,65.5134,65.1153,62.5140,61.2046,63.0000,0.0000,0.0000,0.0000,0.0000,0.0000,0.0000,0.0000,0.0000,0.0000,0.0000,0.0000,0.0000
1700000017.300000,-67.8,70.0071,68.0000,72.0625,72.0278,72.2496,69.3542,68.7314,69.2315,71.0211,70.6116,72.7805,73.2462,75.2861,74.0000,73.6817,75.9605,70.5762,74.4648,72.4500,73.7902,76.4788,77.0260,75.1798,77.5242,78.8923,79.4040,82.6801,81.6333,82.6801,85.7555,82.8553,84.7231,83.2406,84.1190,84.9706,84.9706,81.4371,80.2309,79.8499,77.4919,77.7946,75.8947,73.0821,68.8840,68.1542,64.9384,66.7533,64.4981,63.2851,61.0000,62.0081,58.3095,0.0000,0.0000,0.0000,0.0000,0.0000,0.0000,0.0000,0.0000,0.0000,0.0000,0.0000,0.0000
1700000017.350000,-68.3,70.2567,68.0661,72.0000,71.0000,71.0282,69.0000,71.1126,71.3442,70.4557,71.5681,71.8471,72.9931,72.7805,74.4648,72.2772,75.5844,73.0548,73.0548,72.2357,74.3236,75.3923,75.1532,77.6209,79.1581,79.6053,77.8203,83.2406,83.3547,81.9878,84.2199,82.2982,84.1190,81.4371,85.4927,82.8553,83.3847,82.8734,80.9568,78.7464,76.8440,77.2010,73.2462,73.9797,70.2140,68.2495,66.4831,65.1920,65.2763,64.0000,61.0082,60.2993,57.8705,0.0000,0.0000,0.0000,0.0000,0.0000,0.0000,0.0000,0.0000,0.0000,0.0000,0.0000,0.0000
1700000017.400000,-58.7,68.2495,65.2150,68.7968,68.5055,68.2642,65.1920,68.4763,67.9779,67.0820,68.4471,69.4622,69.2892,73.3894,70.2140,69.5701,73.2462,73.2462,72.5672,71.0211,72.0069,72.1803,74.9667,73.6817,74.4312,76.4199,76.3217,77.1038,79.2275,80.0562,82.1523,79.1581,82.2982,82.3893,80.7527,82.8734,81.8841,79.4292,77.8781,77.3692,75.4321,74.4648,73.6817,71.1688,68.7095,66.4831,63.9766,63.0714,63.5059,62.2656,60.2080,59.4054,55.4437,0.0000,0.0000,0.0000,0.0000,0.0000,0.0000,0.0000,0.0000,0.0000,0.0000,0.0000,0.0000
1700000017.450000,-64.5,67.1863,70.2140,67.3573,70.2282,68.7095,69.4622,68.0294,69.7711,68.4471,67.7422,69.3397,72.1110,72.1110,71.7008,73.6003,71.8401,75.9276,72.3464,74.2765,73.5527,75.0067,76.3806,72.8629,78.7464,79.6492,80.6040,83.4086,80.1561,83.8689,80.6040,84.5044,85.0412,84.1724,82.0731,84.1724,79.9312,80.6102,78.5684,77.8974,80.9197,73.4098,75.6042,72.2011,70.4557,68.2642,66.2420,65.2993,64.4127,62.1691,60.4152,59.1354,56.0446,0.0000,0.0000,0.0000,0.0000,0.0000,0.0000,0.0000,0.0000,0.0000,0.0000,0.0000,0.0000
1700000017.500000,-61.0,67.3573,68.0074,68.1542,67.7791,68.1542,66.2118,68.4251,66.6483,67.7422,69.6419,69.6419,71.8679,71.6101,68.6003,69.2026,71.5891,72.3464,70.1783,71.4493,71.4493,72.8354,73.5391,73.5391,75.0067,74.4110,74.4110,78.7464,79.5110,79.5110,79.5110,79.2465,80.7217,82.7345,81.3204,79.9062,78.5684,77.8974,75.9276,74.6525,74.0270,70.8025,69.4046,69.0652,63.5138,64.1405,61.7171,60.3738,61.8466,61.0983,58.5235,55.0818,54.1295,0.0000,0.0000,0.0000,0.0000,0.0000,0.0000,0.0000,0.0000,0.0000,0.0000,0.0000,0.0000
1700000017.550000,-60.8,66.0076,62.0000,64.0000,66.0076,65.0692,64.1249,64.3817,63.7887,65.1153,65.1153,66.2873,64.2884,65.2533,69.5701,65.1460,66.4831,66.4831,68.7095,67.9779,67.2309,71.5891,70.7107,68.8767,73.4302,71.1969,72.0694,74.4312,76.1577,78.0320,76.3217,72.5603,77.4145,77.3692,76.9220,76.9675,75.6439,73.1642,70.5762,72.1110,68.9493,69.9214,64.5601,65.2533,62.8172,61.0000,59.6825,58.5491,58.3095,57.2189,56.0000,54.0370,52.1536,0.0000,0.0000,0.0000,0.0000,0.0000,0.0000,0.0000,0.0000,0.0000,0.0000,0.0000,0.0000
1700000017.600000,-63.9,60.1664,62.0967,62.5859,61.3922,60.0167,61.6604,61.4003,61.2944,61.1310,61.0737,62.0725,62.0000,63.0317,63.0714,64.0703,64.3817,63.5059,61.5224,63.9531,64.9384,65.7647,66.7083,64.3273,66.4831,67.4463,68.6804,71.5681,71.1688,72.1249,71.8401,71.5681,72.2772,72.7805,71.3863,71.1969,70.2140,69.8713,68.3593,67.4759,65.3758,62.0725,64.0703,61.0000,58.0000,57.0789,54.0370,56.2228,53.4603,51.6236,50.0100,50.6952,47.4342,0.0000,0.0000,0.0000,0.0000,0.0000,0.0000,0.0000,0.0000,0.0000,0.0000,0.0000,0.0000
1700000017.650000,-63.1,63.7809,62.2896,64.2028,65.2150,66.0303,62.2013,63.8122,63.8122,66.3702,65.2993,65.7647,66.7083,66.7083,66.1287,65.1920,68.9493,65.5210,67.7200,64.7611,66.9403,69.8570,68.6586,68.2495,70.7107,72.8354,71.8471,71.7008,75.6637,73.6817,76.6551,73.8241,76.1183,76.2955,74.5252,73.7564,74.9533,71.3092,70.6045,69.9214,68.0074,66.4831,64.2573,65.9242,58.6941,59.0931,57.2451,57.3062,55.0727,54.9181,51.6140,54.0370,50.2494,0.0000,0.0000,0.0000,0.0000,0.0000,0.0000,0.0000,0.0000,0.0000,0.0000,0.0000,0.0000
1700000017.700000,-59.3,67.3647,66.1211,68.0294,68.0294,68.0000,65.0000,66.0681,68.1175,66.1891,68.3593,68.3593,67.8970,68.8840,70.4060,68.4471,68.8840,69.1231,67.4463,68.9638,68.9493,71.4703,70.5762,70.5195,70.3847,74.4648,73.9256,74.7329,77.0779,77.0779,76.5572,74.6726,78.5493,78.4347,75.8947,76.5376,73.7631,74.4648,73.7564,70.6116,69.2315,68.4690,65.4905,65.3758,61.2046,60.0750,60.0000,57.0000,57.0351,55.0818,53.4603,53.7587,51.9230,0.0000,0.0000,0.0000,0.0000,0.0000,0.0000,0.0000,0.0000,0.0000,0.0000,0.0000,0.0000
1700000017.750000,-63.8,60.6383,60.6383,58.5235,61.4003,59.4643,61.0328,61.0328,59.8080,60.1664,58.6003,60.8358,60.9016,60.8276,61.4003,62.2656,61.2944,62.6817,59.9083,61.4003,62.2013,61.6117,62.8013,60.4401,64.4438,64.4438,65.1920,67.2681,66.6033,69.5270,68.0147,68.8840,68.4105,69.4046,68.2422,67.1193,64.3506,66.0303,64.4981,61.7738,61.2944,57.6975,59.0339,55.9464,54.2310,53.8516,52.4976,51.9230,49.4773,47.0744,47.8539,45.3982,44.0454,0.0000,0.0000,0.0000,0.0000,0.0000,0.0000,0.0000,0.0000,0.0000,0.0000,0.0000,0.0000
1700000017.800000,-62.9,59.5399,59.5399,59.2115,60.2080,59.1354,58.0345,58.0000,58.0000,60.0083,59.0762,59.2115,61.2046,61.4003,61.8142,59.6825,61.0000,60.4152,59.4390,60.8769,60.1664,60.6383,62.6418,60.1664,61.6847,63.5689,63.5689,65.7875,65.4599,67.4166,66.1287,65.1460,68.0074,66.4831,65.7343,65.5134,64.5368,62.1691,61.8142,61.6604,61.5224,57.2189,58.0775,56.0357,53.0094,51.0000,49.0408,48.0937,48.2597,47.3814,44.7214,43.4166,43.0116,0.0000,0.0000,0.0000,0.0000,0.0000,0.0000,0.0000,0.0000,0.0000,0.0000,0.0000,0.0000
1700000017.850000,-62.8,63.0635,63.0635,65.5134,64.5368,65.3070,63.9531,63.7887,64.6297,64.2806,65.1230,66.0681,65.0077,68.0000,67.0000,67.0298,66.0303,67.1193,65.2763,66.6108,67.7422,66.6108,68.7314,67.0820,68.8840,69.4262,68.8840,72.7805,73.0069,73.0069,72.7805,73.5459,73.1642,74.8131,71.7008,71.4493,71.2531,68.2642,68.0661,66.0303,66.0000,64.0000,62.0000,62.0322,59.0762,57.1402,53.3385,53.6004,52.9528,51.1957,50.4480,46.8188,47.0106,0.0000,0.0000,0.0000,0.0000,0.0000,0.0000,0.0000,0.0000,0.0000,0.0000,0.0000,0.0000
1700000017.900000,-62.2,62.8013,63.0079,61.2944,66.2873,65.0000,61.5873,62.6498,63.5059,64.4127,63.9766,65.7951,66.1287,66.7308,66.0984,67.0522,65.5210,65.9697,64.0312,67.4685,65.5134,67.0820,68.2495,66.6108,67.2681,71.2531,71.2531,74.1687,71.2531,74.2428,74.2428,73.3348,74.4312,74.5453,71.7008,72.0069,69.8713,69.2315,68.6586,66.9403,66.2193,61.9839,63.2456,60.0833,57.2451,54.2310,54.6260,53.2259,52.7731,49.2443,48.8774,49.0918,46.8615,0.0000,0.0000,0.0000,0.0000,0.0000,0.0000,0.0000,0.0000,0.0000,0.0000,0.0000,0.0000
1700000017.950000,-58.2,68.6003,70.4557,67.9559,72.1110,68.6003,69.4622,71.5891,69.3181,70.2140,68.5420,70.7743,72.8011,72.1110,71.4703,74.3303,71.1688,72.2772,71.5681,72.7805,72.5672,74.5252,75.5050,72.3671,74.4312,76.6551,78.6384,80.5047,78.7718,83.0241,80.6226,80.0625,82.3772,81.5843,80.4114,81.4923,77.3692,77.6209,75.0000,74.3303,73.0548,68.1542,72.0902,67.6240,65.3070,60.3738,60.4152,59.6825,58.8303,56.3028,55.8032,54.6717,53.0754,0.0000,0.0000,0.0000,0.0000,0.0000,0.0000,0.0000,0.0000,0.0000,0.0000,0.0000,0.0000
1700000018.000000,-61.3,67.2086,69.2965,67.2086,70.0357,68.1175,66.7083,66.8431,66.6108,70.8025,68.7968,70.1783,69.9714,71.1969,70.6612,71.1196,72.0139,72.4983,71.1758,74.0945,72.2357,72.2357,74.3303,72.7324,75.2861,76.5376,77.4919,80.7775,80.3617,80.5233,81.7435,79.6994,80.9568,81.2711,80.0562,83.0060,80.2309,78.3901,76.9220,73.7902,75.1798,73.4302,69.9714,70.4911,67.6757,62.4260,60.6053,61.2209,60.9590,59.4138,55.1725,55.3173,53.8238,0.0000,0.0000,0.0000,0.0000,0.0000,0.0000,0.0000,0.0000,0.0000,0.0000,0.0000,0.0000
1700000018.050000,-61.0,65.7951,66.2118,65.2993,66.7308,64.4981,66.5733,65.2150,65.2150,67.0075,64.6607,68.8840,70.0928,70.0928,67.8822,71.4213,70.1783,69.5270,70.9366,69.2026,71.4003,70.8025,73.2393,71.0282,74.3303,76.2758,76.0066,79.9250,80.2621,79.9250,79.9250,78.4920,81.3019,82.3772,78.6003,81.0247,78.6003,78.2432,76.5768,77.8332,74.3303,72.1388,68.5930,69.3542,65.1920,64.5368,60.6053,60.8030,61.8547,58.3095,58.1378,55.0364,52.9245,0.0000,0.0000,0.0000,0.0000,0.0000,0.0000,0.0000,0.0000,0.0000,0.0000,0.0000,0.0000
1700000018.100000,-63.0,64.6297,63.6396,67.1863,67.2681,67.0075,64.0078,69.0652,66.0681,63.5059,68.4690,68.2642,74.4312,69.7209,72.5328,67.4463,69.8570,71.1688,74.0405,72.8011,72.1110,72.8011,72.0069,71.6938,72.8972,71.3092,75.5910,84.1190,77.3886,79.1770,84.5991,81.9390,82.7345,83.1926,80.6226,79.3095,80.2309,83.2166,76.2168,78.7464,75.2728,71.8053,74.7262,70.6116,69.6348,68.0661,63.7887,63.3877,63.5059,62.0725,60.0333,58.0345,57.3149,0.0000,0.0000,0.0000,0.0000,0.0000,0.0000,0.0000,0.0000,0.0000,0.0000,0.0000,0.0000
1700000018.150000,-62.0,66.7608,63.5610,69.0507,65.3070,69.5845,64.4981,66.1891,69.0290,69.0652,71.0000,70.0286,71.1758,71.2531,72.2496,71.2531,74.9667,70.8590,74.3303,72.3671,73.7564,74.4648,75.4321,78.3390,78.1601,78.4474,80.3617,81.5966,84.4334,81.2711,84.1190,82.5651,82.5651,83.2406,81.7435,82.7647,84.1724,82.2010,78.7718,78.3135,75.4255,77.1622,72.1110,74.0000,69.0000,65.0000,65.0308,65.1230,62.3939,64.9384,59.2284,58.5235,55.3624,0.0000,0.0000,0.0000,0.0000,0.0000,0.0000,0.0000,0.0000,0.0000,0.0000,0.0000,0.0000
1700000018.200000,-63.4,69.7711,69.6419,67.6757,72.9452,68.8186,69.4046,69.8140,69.5270,71.5891,67.2086,72.1249,75.1665,73.8783,72.2011,75.1665,73.4098,74.4043,73.2393,76.8505,76.8505,78.4920,76.3217,76.3217,81.3941,81.8413,80.0562,83.1865,82.2922,86.3308,84.9706,88.5664,87.7097,87.9830,86.8217,85.9826,85.4400,86.5332,83.2166,83.2346,81.4002,77.4661,79.9812,74.2765,74.2496,72.1388,68.8840,69.0290,65.8027,62.4260,62.4260,61.9112,60.0083,0.0000,0.0000,0.0000,0.0000,0.0000,0.0000,0.0000,0.0000,0.0000,0.0000,0.0000,0.0000
1700000018.250000,-62.9,70.8308,69.4262,71.7008,73.3485,74.3303,71.3442,71.0282,71.0634,73.0000,69.1158,76.1052,76.5310,76.6551,79.0759,78.0897,77.1298,77.6660,74.7329,80.0812,79.8123,82.0000,83.1685,78.1601,81.3449,84.4334,83.2166,88.3912,88.3912,90.6201,87.8465,88.2553,90.8240,89.1852,87.6413,87.6413,85.1645,87.5557,85.9069,85.1469,84.5281,79.9062,77.6466,77.4145,71.2531,73.0616,68.0000,68.0074,67.0298,65.2763,61.2944,62.5859,58.2409,0.0000,0.0000,0.0000,0.0000,0.0000,0.0000,0.0000,0.0000,0.0000,0.0000,0.0000,0.0000
1700000018.300000,-64.4,73.1642,71.5891,74.2159,73.7631,73.0821,70.5195,73.1642,74.0945,73.4098,74.2496,77.8267,77.8974,79.7559,79.0759,80.7775,80.8022,80.8022,80.8022,81.0555,82.4621,82.4621,84.2912,81.5659,84.1724,86.2786,84.8646,89.0955,89.0955,89.8053,90.5097,90.5538,91.2853,90.6863,90.0278,88.7299,88.4081,87.0057,84.6286,84.0536,83.2166,79.9250,77.1751,77.0260,72.9452,69.7711,68.0294,66.4831,66.1287,63.8905,62.3618,59.4390,57.5587,0.0000,0.0000,0.0000,0.0000,0.0000,0.0000,0.0000,0.0000,0.0000,0.0000,0.0000,0.0000
1700000018.350000,-63.3,76.9220,73.4983,76.1577,74.9533,76.7919,73.9797,78.7718,78.3135,78.1025,80.0062,83.0542,83.0241,85.1469,84.3801,84.5931,86.5794,86.8332,85.1587,85.7030,89.0505,86.8850,88.2950,88.7694,92.7200,90.2497,91.2140,92.0489,98.6712,97.1236,96.4624,93.9628,96.5660,97.5141,96.1041,94.9210,96.5091,92.3959,90.5538,90.6697,86.2844,85.2878,82.0975,83.0542,79.0253,78.0064,72.1110,71.2531,69.5845,69.2315,63.3482,62.0967,57.9396,0.0000,0.0000,0.0000,0.0000,0.0000,0.0000,0.0000,0.0000,0.0000,0.0000,0.0000,0.0000
1700000018.400000,-60.9,80.0062,81.0062,80.0562,81.4985,79.6304,82.2010,83.1865,82.2253,82.7103,82.2800,89.1852,87.9204,90.8240,90.0777,93.1075,92.1792,95.7079,93.0591,95.3834,92.2822,94.3398,97.0979,93.8136,97.6524,102.0833,101.2571,104.6231,101.2571,109.6221,104.5610,105.3945,107.6151,107.9120,105.1903,105.8159,105.1903,100.6231,102.9563,96.6075,99.1615,93.6376,94.2444,87.5957,86.6833,83.6780,75.5050,80.2309,76.5310,73.4370,73.1095,69.0072,66.1211,0.0000,0.0000,0.0000,0.0000,0.0000,0.0000,0.0000,0.0000,0.0000,0.0000,0.0000,0.0000
1700000018.450000,-60.2,69.8570,64.8845,70.1783,70.1783,68.8186,70.2140,72.4707,72.9178,72.1803,74.4110,76.4853,77.8010,79.6304,79.6304,83.6002,83.7616,82.3772,81.8413,81.9878,88.5099,88.6848,89.9444,87.7097,92.1358,94.4299,95.2733,96.1769,98.4124,101.9804,98.3870,98.8433,100.6479,102.0833,101.2126,100.4988,100.7025,97.9081,96.8349,95.6033,90.4268,92.0217,85.6329,86.9770,79.2465,79.3095,78.6448,75.9276,74.8866,69.0652,67.7422,66.6483,60.5392,0.0000,0.0000,0.0000,0.0000,0.0000,0.0000,0.0000,0.0000,0.0000,0.0000,0.0000,0.0000
1700000018.500000,-62.8,62.9682,62.2656,62.6099,65.3070,64.0781,63.9062,62.6418,63.3246,65.5134,67.8970,69.7209,71.4493,72.2496,73.0616,75.0267,76.0066,77.0584,76.0263,77.2334,79.4040,79.5110,80.6226,79.7621,82.3772,84.1724,83.1865,87.6641,90.2441,91.9837,91.0055,91.2414,93.3809,93.2148,91.7878,92.5419,92.2659,91.1976,89.0225,87.0057,86.0058,84.0952,82.2192,80.3990,76.6551,74.8131,70.4060,69.8570,67.4463,66.0984,62.9682,61.8466,59.0593,0.0000,0.0000,0.0000,0.0000,0.0000,0.0000,0.0000,0.0000,0.0000,0.0000,0.0000,0.0000
1700000018.550000,-63.1,62.6418,62.5859,65.9242,65.9242,65.6201,61.1310,62.0725,65.0077,66.0000,67.1863,68.5930,68.4471,71.3863,72.2772,73.7631,74.9466,76.5506,72.2357,76.5572,78.5493,78.0000,81.8596,79.1770,81.1234,81.8841,83.3547,86.0930,90.0500,89.6939,89.6939,90.0500,94.1541,92.1303,94.3663,92.5743,89.5545,91.7061,89.3196,87.8465,87.9204,84.1190,81.3204,81.0432,79.0759,75.3127,71.0211,72.9931,70.4557,70.1783,65.0308,66.1211,61.6604,0.0000,0.0000,0.0000,0.0000,0.0000,0.0000,0.0000,0.0000,0.0000,0.0000,0.0000,0.0000
1700000018.600000,-60.6,61.6198,62.2254,60.2080,64.6607,62.2013,59.0762,64.1405,62.1772,61.2699,62.3939,64.2573,67.3573,69.6419,70.0928,72.5672,69.2315,72.0069,69.2315,74.1687,76.1052,76.2365,79.0569,73.1095,80.0000,81.0000,83.0000,84.0952,84.0952,88.0511,85.0529,88.0227,90.0500,91.0055,89.0000,88.0511,84.0952,85.2115,85.4751,85.5862,84.3801,82.5651,82.3772,79.4292,76.1577,73.9797,69.9214,70.8378,68.9493,66.7083,66.2118,65.0000,59.9083,0.0000,0.0000,0.0000,0.0000,0.0000,0.0000,0.0000,0.0000,0.0000,0.0000,0.0000,0.0000
1700000018.650000,-63.8,61.5873,58.2495,59.8164,60.0000,60.8276,59.3970,58.6941,59.5483,60.6053,60.7454,63.5138,64.1405,65.0000,66.1891,69.3181,67.1193,69.6419,65.9242,72.4224,70.2140,69.8928,73.3757,69.6419,76.1577,75.9276,75.7100,79.8311,80.0625,83.5464,81.0494,84.1724,84.1724,84.9294,82.7103,87.0919,82.8613,82.5409,81.3449,82.6378,82.4621,77.8781,77.8267,74.7061,71.5891,68.2642,68.7968,69.0652,66.8431,64.6607,61.6198,60.9590,58.8982,0.0000,0.0000,0.0000,0.0000,0.0000,0.0000,0.0000,0.0000,0.0000,0.0000,0.0000,0.0000
1700000018.700000,-60.9,63.2851,61.0328,62.8013,63.8905,58.7963,59.4643,60.8276,60.4401,60.3075,61.8547,61.2944,65.1920,66.2420,68.4251,67.1193,68.5420,67.6240,66.8506,69.5701,69.5701,71.4703,73.0821,72.4224,75.9276,75.9276,77.8781,84.1724,81.7863,86.1452,82.7647,82.4621,86.6833,87.0976,86.8332,86.4002,84.1190,83.4865,83.7735,84.6936,81.1542,77.3886,75.5910,73.7902,72.4707,69.1158,67.1193,66.8506,67.0075,63.7809,62.2896,60.8276,58.1378,0.0000,0.0000,0.0000,0.0000,0.0000,0.0000,0.0000,0.0000,0.0000,0.0000,0.0000,0.0000
1700000018.750000,-63.8,64.1327,62.0967,61.3514,62.9682,61.8466,61.8466,62.1772,61.7738,63.6318,63.2851,66.5733,66.6108,66.2193,66.0681,65.7647,70.0071,66.4831,69.3109,69.6563,71.2180,67.2012,73.6003,72.2011,74.0608,76.8440,76.5506,78.5493,83.2406,81.6333,84.2199,83.0060,84.0595,85.4400,85.2115,84.6286,84.2021,85.1469,82.2192,78.5175,78.5175,79.2086,75.6637,77.1557,72.2496,69.4262,66.0681,68.0074,64.3506,65.0000,64.4127,61.8466,60.0833,0.0000,0.0000,0.0000,0.0000,0.0000,0.0000,0.0000,0.0000,0.0000,0.0000,0.0000,0.0000
1700000018.800000,-59.9,61.4003,61.8547,61.0574,61.0574,58.6686,63.0714,61.8466,64.1950,60.7454,63.6003,64.2884,66.9403,65.3070,64.7765,63.5059,67.2681,68.1175,67.0075,69.0000,70.0286,72.1734,73.1095,72.1734,73.1710,75.3260,77.4145,78.9177,79.7621,82.0366,82.0366,81.6150,82.7345,81.7435,81.3941,84.2140,84.0952,81.0062,80.0062,79.0569,78.0256,76.1643,74.4312,71.4493,70.4557,69.7209,65.7647,65.5134,64.7611,62.6418,61.8466,59.0339,57.8014,0.0000,0.0000,0.0000,0.0000,0.0000,0.0000,0.0000,0.0000,0.0000,0.0000,0.0000,0.0000
1700000018.850000,-64.4,65.1920,66.8506,64.0312,63.8905,62.4820,65.1920,63.6396,65.7951,64.5368,62.4820,67.2012,67.4240,66.8880,71.0211,69.4622,69.7711,70.6824,71.5891,71.1758,72.0902,72.0902,73.1642,72.4500,77.4919,78.1089,79.1202,81.6088,82.2800,84.4808,84.4808,85.0706,85.7030,85.7030,86.1626,87.0919,82.8553,86.4060,82.7345,82.3650,81.9878,77.6981,76.3217,77.9359,71.8471,72.2011,67.6240,68.0147,67.8970,64.3506,61.7171,62.8013,60.7454,0.0000,0.0000,0.0000,0.0000,0.0000,0.0000,0.0000,0.0000,0.0000,0.0000,0.0000,0.0000
1700000018.900000,-59.5,67.6018,64.6607,69.0652,65.0000,65.6049,65.6049,65.1153,63.6396,67.1789,65.8559,68.6222,67.6240,68.0074,69.6348,72.1110,70.8308,70.2353,72.4707,70.6612,71.1126,74.3236,77.8781,77.6209,77.8332,78.9240,79.0569,82.8613,84.7703,85.0706,84.4808,83.2166,87.6641,87.0919,86.9253,87.7269,87.2353,84.9706,84.7231,81.4923,82.3650,82.0975,78.4920,77.4209,72.2011,72.6223,68.7677,69.3542,67.1789,67.3573,63.2535,62.4260,58.3095,0.0000,0.0000,0.0000,0.0000,0.0000,0.0000,0.0000,0.0000,0.0000,0.0000,0.0000,0.0000
1700000018.950000,-60.3,62.2977,63.2456,62.6498,64.6220,64.4127,61.2699,61.4003,62.1289,64.6375,63.2535,64.8151,65.8559,65.7647,69.3109,67.8970,68.1175,68.4105,66.4003,70.4557,69.6348,69.8928,71.5612,70.1783,73.3553,76.0592,76.5376,78.7909,80.4984,79.2023,79.7057,81.3941,82.2982,83.2406,83.3547,81.9878,80.6226,80.2621,78.4920,77.9359,78.8162,74.2024,72.0069,74.5185,68.7677,68.5930,65.7647,66.4831,63.2535,62.4820,63.0079,58.5235,55.9464,0.0000,0.0000,0.0000,0.0000,0.0000,0.0000,0.0000,0.0000,0.0000,0.0000,0.0000,0.0000
1700000019.000000,-61.2,65.3070,65.7951,66.7308,68.6222,64.8460,65.8027,65.3070,67.4685,65.7647,65.6201,69.2604,69.0652,73.0069,71.0070,71.0634,71.1758,73.3348,71.5681,73.6817,74.9667,76.1183,77.2787,72.5672,77.8845,79.8123,80.0812,81.6088,80.6536,87.2812,85.7030,86.8332,86.8332,87.8009,85.3756,85.3756,83.3607,82.8734,81.7435,81.4985,81.3941,77.1622,77.1038,74.0270,72.0000,71.0000,69.0290,69.2604,65.3758,65.1153,62.3699,62.3618,58.8727,0.0000,0.0000,0.0000,0.0000,0.0000,0.0000,0.0000,0.0000,0.0000,0.0000,0.0000,0.0000
1700000019.050000,-62.8,66.2193,65.2993,68.5930,66.5282,68.5930,63.7809,65.4370,67.2012,65.4599,67.4166,67.2309,67.5352,69.7711,70.2638,68.9420,71.1688,69.2892,71.1688,71.5681,74.7262,74.4648,75.7100,75.1864,76.1183,79.0759,79.0759,83.6002,84.5931,82.4924,83.4865,81.6150,87.8237,86.3134,84.7231,85.7030,85.3756,85.1645,84.4808,82.5651,79.4040,77.4919,75.6108,76.6942,71.1758,69.7782,66.6483,67.2309,66.3702,67.4166,62.8013,61.7171,58.0000,0.0000,0.0000,0.0000,0.0000,0.0000,0.0000,0.0000,0.0000,0.0000,0.0000,0.0000,0.0000
1700000019.100000,-62.8,64.0781,63.5059,64.0078,63.9531,63.6318,61.0574,62.2013,63.2535,61.6198,65.1153,64.4438,67.8822,65.7647,66.7083,65.2993,69.0652,69.6348,67.4240,67.7422,69.6419,68.2642,71.1196,70.6612,72.4983,73.3485,73.3485,78.9240,79.4796,81.7068,81.7068,80.2309,81.5414,81.0247,81.3941,81.3941,82.2982,79.2591,78.0320,76.8505,75.7166,74.6257,69.6348,72.6223,67.0075,65.4370,63.8905,63.6553,63.7024,61.6198,60.4401,59.0762,55.5698,0.0000,0.0000,0.0000,0.0000,0.0000,0.0000,0.0000,0.0000,0.0000,0.0000,0.0000,0.0000
1700000019.150000,-62.3,69.0652,69.0072,67.0000,71.0000,68.1836,66.2722,66.9104,69.2315,66.9104,68.1542,71.4703,70.8378,70.9366,71.6938,74.4648,74.2496,74.2496,75.1798,74.7930,73.4302,75.8024,78.7718,76.8505,79.4040,80.8022,82.8010,84.6463,84.6463,86.2149,85.2760,85.2115,88.6002,87.4185,90.6973,90.2109,88.3233,86.9540,83.2406,83.6301,83.1926,81.5414,79.7057,77.8332,74.0945,73.3757,69.3758,68.4471,69.0507,64.7765,66.4831,62.0322,61.0737,0.0000,0.0000,0.0000,0.0000,0.0000,0.0000,0.0000,0.0000,0.0000,0.0000,0.0000,0.0000
1700000019.200000,-59.7,64.4981,63.1269,64.0312,64.0078,65.0077,60.0000,63.1981,63.1981,64.4981,62.8013,65.5134,66.2193,66.0984,67.6757,65.1460,69.0797,68.9420,66.3099,69.7711,71.5542,69.7711,70.4911,71.1196,75.7166,75.4718,74.6257,78.4920,78.8162,80.0000,82.4197,79.6116,82.3772,84.5991,80.6226,81.4125,82.3650,79.6053,79.6241,75.6439,73.9256,77.2528,71.8679,76.2168,68.9638,67.4463,65.5134,64.1327,62.8013,61.5224,61.1310,62.0000,56.3205,0.0000,0.0000,0.0000,0.0000,0.0000,0.0000,0.0000,0.0000,0.0000,0.0000,0.0000,0.0000
1700000019.250000,-61.8,65.0077,63.1269,64.3817,66.3702,60.2080,61.1882,62.0967,61.4003,62.2977,62.9682,65.9242,66.2118,67.9779,67.1193,68.4763,69.3397,69.0652,68.8186,70.6045,71.2180,71.2180,73.1095,70.7672,75.0067,75.6637,77.7817,80.6598,80.6102,82.0366,80.6226,84.1724,86.2670,84.2199,84.2199,82.2192,82.2192,80.4301,77.8010,78.8162,76.6094,74.9466,74.0945,73.5731,72.0069,68.4251,63.5610,65.3911,63.9062,62.6259,61.6847,58.9406,55.9017,0.0000,0.0000,0.0000,0.0000,0.0000,0.0000,0.0000,0.0000,0.0000,0.0000,0.0000,0.0000
1700000019.300000,-66.5,65.9697,62.1691,62.9682,61.5224,64.3817,59.1354,64.0000,61.0000,61.0082,59.4138,64.4981,64.9384,66.0984,65.2533,63.0635,68.0074,67.3573,68.9493,69.0797,68.4471,70.7743,71.5542,71.1126,74.3034,73.8241,75.1798,77.1751,79.0759,78.2304,82.6801,83.3547,79.7559,82.8553,81.4923,82.7345,82.7647,81.5414,80.2309,78.7718,75.0267,76.8440,73.6817,75.0000,66.9403,69.1231,66.4906,64.6297,63.5059,62.2013,61.0328,59.0085,57.3149,0.0000,0.0000,0.0000,0.0000,0.0000,0.0000,0.0000,0.0000,0.0000,0.0000,0.0000,0.0000
1700000019.350000,-63.5,63.0635,62.6418,61.6847,63.9062,60.1664,60.9262,60.3738,61.7738,61.0574,59.9083,61.8547,63.2535,62.4820,64.5368,67.1789,64.3817,67.8970,66.5282,68.2495,69.5270,68.7677,69.2026,68.0074,71.5612,71.8471,74.3303,77.1038,75.7166,79.8812,76.3217,80.4487,81.0247,81.4002,79.0253,79.5110,79.3977,78.7464,79.9062,75.6637,77.1038,72.9178,74.4110,71.0634,69.2026,68.0074,63.5138,63.6318,64.0078,60.8276,60.0083,57.5847,57.5674,0.0000,0.0000,0.0000,0.0000,0.0000,0.0000,0.0000,0.0000,0.0000,0.0000,0.0000,0.0000
1700000019.400000,-64.1,61.2944,63.1981,62.8013,64.4981,62.1691,60.4152,62.2977,62.0322,61.0983,61.7414,63.0635,63.6318,64.6607,64.6607,66.5733,68.6003,67.0075,65.6049,68.1175,70.1783,70.1783,73.6614,68.6222,73.0000,76.3806,75.7430,76.5768,78.5175,83.5464,82.1340,85.5628,84.1724,84.8528,83.4865,86.4523,84.2912,82.2192,82.2010,79.6304,81.0247,74.6257,76.3217,72.2011,69.3542,68.4251,64.8845,66.7083,65.1460,63.2456,61.4003,59.0339,57.5587,0.0000,0.0000,0.0000,0.0000,0.0000,0.0000,0.0000,0.0000,0.0000,0.0000,0.0000,0.0000
1700000019.450000,-62.3,63.9766,61.3270,63.5689,64.5136,63.0635,61.6117,60.8276,62.5140,59.2115,62.0322,65.0077,65.0000,66.0303,67.1863,66.2722,68.7314,67.8970,68.8840,68.8840,69.1231,73.0069,72.7324,74.6324,74.9466,76.8440,77.8332,79.4796,83.2166,82.0792,85.2350,85.0706,84.7585,84.7703,85.3815,85.4400,83.9345,82.7647,82.5651,81.0494,78.9177,79.6304,77.5242,78.4092,72.0278,71.0282,67.0075,67.1193,66.1211,65.4905,61.0000,61.1310,59.1354,0.0000,0.0000,0.0000,0.0000,0.0000,0.0000,0.0000,0.0000,0.0000,0.0000,0.0000,0.0000
1700000019.500000,-63.9,60.8030,61.8466,60.9590,62.2896,60.1082,60.8769,56.8507,60.0000,60.2163,61.0574,60.9016,62.6498,64.0781,65.1920,65.0000,64.8460,65.8027,64.5601,69.6348,69.8570,69.8570,71.1969,69.2315,72.2496,75.5381,75.1665,78.2304,81.3019,81.2219,81.3941,81.6150,85.5862,85.1587,85.1587,83.5464,82.5651,82.0000,80.7775,78.1601,78.4474,76.5506,74.4648,72.2357,70.7743,69.7782,64.8845,65.3682,62.9682,63.2851,61.4003,60.9590,59.4138,0.0000,0.0000,0.0000,0.0000,0.0000,0.0000,0.0000,0.0000,0.0000,0.0000,0.0000,0.0000
1700000019.550000,-62.6,64.1249,59.0762,62.6498,61.8142,60.4152,59.6657,59.9083,59.4811,60.4070,61.3270,63.0714,63.2851,64.3506,65.8027,64.8999,67.0075,69.6563,68.2495,68.0147,70.0928,71.5052,71.4213,72.8354,75.2861,75.8222,77.3369,79.3977,83.0963,86.0523,85.9128,83.7377,87.2066,85.5628,86.9770,87.0000,88.5268,84.9588,82.1340,80.8084,78.2432,79.6304,76.0263,77.1038,70.8308,68.4763,66.6483,66.3099,64.0781,63.6946,59.8080,59.2030,56.7186,0.0000,0.0000,0.0000,0.0000,0.0000,0.0000,0.0000,0.0000,0.0000,0.0000,0.0000,0.0000
1700000019.600000,-63.1,61.8547,58.4123,60.8769,60.1082,60.8276,58.8982,56.8507,56.4004,57.1402,61.4003,62.7694,61.7171,62.7694,64.0781,65.7875,67.4463,68.4105,68.4105,68.2495,72.0069,72.1803,73.8241,72.8354,76.2365,76.5310,77.4145,82.2982,84.2140,82.1523,85.2878,83.4865,88.4590,88.1192,85.5862,86.1452,86.1220,83.9524,82.9699,81.3204,80.9568,78.7718,75.3923,76.8960,69.8570,69.7782,65.7647,66.2420,64.6607,64.8999,62.0081,60.1415,57.9828,0.0000,0.0000,0.0000,0.0000,0.0000,0.0000,0.0000,0.0000,0.0000,0.0000,0.0000,0.0000
1700000019.650000,-63.0,60.3075,59.4138,58.0517,61.8466,60.0000,60.4649,59.5399,61.7414,60.0083,59.6154,63.5689,63.6003,63.3246,64.7611,67.4685,68.4690,67.3647,68.1175,71.0634,72.0069,73.0000,73.0000,74.0000,76.1052,77.0584,79.1581,85.3756,86.1452,86.2844,88.5664,89.0898,92.0869,89.0505,88.0057,89.0056,87.0230,86.2090,85.3756,83.7257,81.7435,81.3941,77.2787,78.6448,71.8053,70.8308,68.1542,67.3573,64.8460,64.8845,61.2699,61.9112,58.8218,0.0000,0.0000,0.0000,0.0000,0.0000,0.0000,0.0000,0.0000,0.0000,0.0000,0.0000,0.0000
1700000019.700000,-63.6,64.4050,65.0000,61.7171,63.0317,60.8276,61.5549,62.0081,62.0081,63.8122,63.2851,66.6483,66.2118,68.1542,67.4166,69.8928,69.6419,71.3092,71.8053,73.7564,74.5252,76.2955,79.0759,78.7718,81.1542,82.6075,84.2912,85.2878,90.1388,89.2020,91.2688,89.2749,91.3510,93.7710,94.0479,95.0368,92.7631,92.9624,89.4986,85.4400,87.0919,83.8153,81.9085,78.4347,76.1577,76.5572,69.3181,69.7711,70.3278,69.8928,65.2150,65.6049,60.2080,0.0000,0.0000,0.0000,0.0000,0.0000,0.0000,0.0000,0.0000,0.0000,0.0000,0.0000,0.0000
1700000019.750000,-65.3,65.0000,64.0703,67.8970,62.3939,66.0984,64.3273,63.8905,65.1920,63.6946,67.0820,64.8845,67.2309,70.2140,70.8025,71.6101,75.8222,75.8222,76.3806,77.0779,77.0779,80.6226,80.7217,82.9759,86.5563,86.6833,86.2149,88.6002,92.8009,94.2019,94.2019,95.1315,95.1315,97.1854,94.9210,94.7945,94.7629,94.0691,91.2853,88.6172,85.9128,87.4185,82.4621,84.6286,75.7166,73.7835,71.8679,70.6612,68.4251,69.4622,65.9242,62.2977,61.1310,0.0000,0.0000,0.0000,0.0000,0.0000,0.0000,0.0000,0.0000,0.0000,0.0000,0.0000,0.0000
1700000019.800000,-64.7,64.5601,67.6757,63.0714,65.3911,67.5352,63.6318,63.8122,63.1269,63.4114,70.0928,68.6222,71.4493,73.1095,73.8783,75.2861,78.8162,76.8440,79.3221,80.7775,84.7231,82.1523,86.7698,83.7257,87.2066,86.8332,89.8944,93.4773,93.0215,94.3716,95.2575,94.3663,95.8801,96.5660,97.4166,94.6678,96.5194,95.4411,92.4554,89.4986,88.0909,84.9588,82.1340,84.1487,79.2086,75.0733,72.0069,72.0069,70.2140,70.1783,69.3542,62.6498,63.1585,0.0000,0.0000,0.0000,0.0000,0.0000,0.0000,0.0000,0.0000,0.0000,0.0000,0.0000,0.0000
1700000019.850000,-59.7,64.4050,65.7419,67.1193,65.5134,66.2193,65.9469,65.1153,67.8822,67.9412,69.4262,72.2011,73.2393,74.3303,76.0066,77.3886,77.8974,78.7147,77.3886,82.4621,84.5281,87.7269,82.4621,86.9253,87.0919,88.6002,87.3155,93.6376,93.6376,92.6984,96.7988,94.3398,97.3088,94.0213,94.8472,95.2575,95.2575,95.2943,90.5538,88.5099,86.0930,81.0247,81.0247,82.8010,75.4321,73.2462,69.3109,69.3542,67.8970,66.5282,65.1920,63.0079,57.4543,0.0000,0.0000,0.0000,0.0000,0.0000,0.0000,0.0000,0.0000,0.0000,0.0000,0.0000,0.0000
1700000019.900000,-64.9,73.0616,69.7782,71.6938,74.3236,71.1688,72.7324,71.1688,73.5459,76.6877,74.9667,76.5310,81.3941,80.0999,84.3801,83.2947,85.0059,85.0529,85.0235,90.0056,91.0494,88.0909,91.0220,87.2066,92.5419,95.6347,95.3363,97.5141,97.3293,102.3132,98.2497,96.0208,98.0459,100.0200,99.0202,98.0051,93.0860,93.2631,94.4299,91.6624,90.6697,81.3941,82.0000,78.6448,77.6209,76.4003,68.9638,70.5762,71.8679,66.7083,62.1691,65.7647,59.3633,0.0000,0.0000,0.0000,0.0000,0.0000,0.0000,0.0000,0.0000,0.0000,0.0000,0.0000,0.0000
1700000019.950000,-61.7,71.7844,72.4500,73.8241,76.0263,69.3542,72.8972,73.0616,71.8679,75.1665,75.4321,77.8010,76.0592,77.1557,79.9312,82.1340,82.0244,82.7345,82.0366,84.2912,84.8646,85.7030,87.1149,84.9588,89.4986,90.4268,88.0909,91.3510,93.4077,93.0860,91.0494,92.3147,92.7631,92.0217,89.9389,90.5207,89.8053,87.0460,83.5464,82.9759,83.7377,79.4040,78.6003,76.2758,73.2393,69.4622,68.6003,67.5352,65.3682,64.8845,62.7694,59.1354,57.9741,0.0000,0.0000,0.0000,0.0000,0.0000,0.0000,0.0000,0.0000,0.0000,0.0000,0.0000,0.0000
1700000020.000000,-65.4,70.0000,73.0274,72.0000,74.0608,72.1734,72.5603,69.7209,72.5672,73.3485,70.8802,75.6902,75.2861,76.5506,77.8332,77.8332,79.7057,81.0247,79.2023,79.1581,81.8413,81.3941,81.3941,80.4984,85.2350,84.9058,84.5991,88.3233,86.0930,88.5099,86.9540,87.3212,86.8332,88.1022,87.7269,86.0058,85.0882,82.3468,81.7068,78.5493,79.7120,75.9605,74.7262,71.5681,69.6348,67.6831,63.9531,65.4905,63.2851,62.2896,59.0762,59.0085,54.0093,0.0000,0.0000,0.0000,0.0000,0.0000,0.0000,0.0000,0.0000,0.0000,0.0000,0.0000,0.0000
1700000020.050000,-62.8,71.5891,70.0357,71.1758,71.2531,73.0616,70.0071,74.0270,73.0616,74.1080,72.4431,76.4199,75.5381,76.7919,76.4853,75.7100,81.7435,79.1202,79.4040,80.6536,81.9329,80.0062,80.4114,82.2192,83.0060,85.6154,84.1546,84.1724,83.7735,87.2353,88.1419,86.0058,86.5390,88.3912,85.7963,86.3771,85.7263,83.2406,80.6040,77.6660,79.6241,74.9533,74.7329,72.1803,72.6911,67.3647,65.1230,67.1193,64.0703,62.0000,60.0750,59.5399,56.0892,0.0000,0.0000,0.0000,0.0000,0.0000,0.0000,0.0000,0.0000,0.0000,0.0000,0.0000,0.0000
1700000020.100000,-62.8,68.7314,68.8840,68.4471,71.8053,69.6419,68.6222,68.0074,69.2892,69.8570,67.7791,72.0902,74.7061,71.1688,73.8241,73.3553,66.8880,72.1110,77.9359,78.4920,71.2811,79.6116,81.6884,77.6660,78.0064,75.9276,80.8022,84.4038,86.8217,82.0061,82.8010,88.8651,82.6196,86.2844,84.6286,83.7616,82.3772,80.9938,77.3886,75.5844,70.3847,72.6154,70.2638,71.1688,70.2282,66.7308,65.1460,60.8769,62.0967,61.6604,59.4138,58.0775,57.0000,0.0000,0.0000,0.0000,0.0000,0.0000,0.0000,0.0000,0.0000,0.0000,0.0000,0.0000,0.0000
1700000020.150000,-58.1,68.4690,65.7647,65.5134,65.7343,65.9697,67.4463,67.0671,66.1287,68.3520,67.2309,70.5762,71.1758,69.7782,71.5542,68.8840,73.9256,73.0616,73.4302,74.0608,73.8173,75.4520,75.2130,75.4520,79.4040,76.6094,79.0253,79.0253,80.0000,80.4301,82.4197,80.8022,83.0060,84.6286,81.2711,79.6116,80.6226,78.2943,76.4788,76.0592,73.4098,72.9178,70.7743,69.2892,67.0671,64.1950,62.6418,61.1310,58.4637,57.5587,58.2151,56.0357,55.0000,0.0000,0.0000,0.0000,0.0000,0.0000,0.0000,0.0000,0.0000,0.0000,0.0000,0.0000,0.0000
1700000020.200000,-61.8,67.4685,65.7647,68.3593,65.4905,68.1175,65.1230,66.0303,68.0000,68.0661,73.1095,70.1142,69.1809,71.4493,71.4493,71.0211,74.7329,68.6586,72.5672,69.8570,73.7631,75.4321,76.2430,76.4003,76.5376,78.1601,76.8440,80.0062,83.4865,79.0569,82.8613,80.6536,83.2406,80.5233,82.2253,80.2808,82.2010,81.0494,76.5310,76.4199,72.1734,76.1643,71.1126,73.0069,65.0077,65.0308,63.1269,61.2046,59.5399,63.1506,61.1310,58.2409,52.5547,0.0000,0.0000,0.0000,0.0000,0.0000,0.0000,0.0000,0.0000,0.0000,0.0000,0.0000,0.0000
1700000020.250000,-61.4,61.2944,64.1950,64.1950,66.1891,67.0000,63.0000,64.0703,64.1249,64.2806,65.9242,64.1327,70.6116,70.8308,69.3758,71.5681,69.5701,71.7844,68.3081,70.0071,70.8378,71.5122,74.6726,71.1758,71.5542,77.3886,77.8267,78.7210,77.8203,79.6053,78.2943,79.1581,80.1124,82.4621,78.9240,80.0562,79.3788,75.9605,77.1622,74.6324,74.3303,72.3671,71.1969,69.4262,64.9384,64.6297,62.1289,63.1981,61.0082,63.0000,59.0000,57.1402,54.7449,0.0000,0.0000,0.0000,0.0000,0.0000,0.0000,0.0000,0.0000,0.0000,0.0000,0.0000,0.0000
1700000020.300000,-61.4,61.3922,63.0635,63.6003,66.4078,63.5689,63.9062,64.0781,62.6498,63.9766,65.3682,67.1193,68.2642,69.3397,68.7968,69.8928,68.4105,71.0634,68.1175,70.9366,70.8378,71.5891,72.1388,70.7248,76.3806,74.9533,74.2496,79.9812,77.1038,79.9312,79.2086,79.2086,79.9062,79.9312,81.3204,79.2086,77.2334,76.8375,75.6042,73.6003,73.0069,69.8928,71.5612,68.2642,67.6018,64.8845,61.7738,61.7414,62.2415,60.7454,60.4401,55.3173,54.5894,0.0000,0.0000,0.0000,0.0000,0.0000,0.0000,0.0000,0.0000,0.0000,0.0000,0.0000,0.0000
1700000020.350000,-58.5,67.1193,66.0303,65.6049,67.0075,68.1175,66.6033,68.5930,67.2086,66.4831,67.4759,70.2922,71.4003,70.8025,73.2393,74.0608,75.4718,73.2462,73.0616,73.4302,76.9415,73.3553,73.7902,72.4500,76.9675,77.8781,78.7909,82.8553,81.0247,84.1724,81.9390,81.9390,85.4225,83.6481,81.8413,82.3650,80.2621,79.9250,80.4550,79.6116,78.4920,75.4321,74.0270,72.3464,70.0928,67.9412,65.7647,64.3817,63.0317,62.4820,60.8030,59.9083,59.5399,0.0000,0.0000,0.0000,0.0000,0.0000,0.0000,0.0000,0.0000,0.0000,0.0000,0.0000,0.0000
1700000020.400000,-64.8,65.7647,65.6201,67.2681,66.2722,67.1863,67.0671,65.0000,68.0074,68.0000,67.3647,68.4690,67.6018,72.0069,72.9931,72.5603,73.3485,71.8053,73.0069,73.7631,70.8308,72.8011,74.3303,74.3303,77.6209,78.0000,77.8332,78.5493,80.0562,79.4796,80.0562,80.3243,80.6536,83.2406,79.1202,83.1986,79.3095,77.6209,80.6040,75.5050,74.1485,73.6817,73.4370,69.3542,69.1158,69.0072,64.0703,65.1230,63.1981,61.2944,60.4070,59.2284,58.2409,0.0000,0.0000,0.0000,0.0000,0.0000,0.0000,0.0000,0.0000,0.0000,0.0000,0.0000,0.0000
1700000020.450000,-61.5,63.3246,63.2456,63.0635,65.5210,65.9697,62.3699,64.7765,62.6498,63.2851,66.2722,68.1836,69.0290,68.0000,68.0000,68.0000,68.1836,69.2604,70.1783,69.5845,71.5681,70.5762,71.0211,70.7107,71.1969,74.1485,72.5672,76.9025,77.3692,76.4003,78.8543,76.4853,76.4853,77.2787,78.0897,77.7817,77.5242,76.2365,73.1710,72.1734,72.0069,71.0000,70.0000,69.0290,66.0303,64.2806,59.4138,63.5059,58.8558,59.4390,57.2800,55.3624,54.1295,0.0000,0.0000,0.0000,0.0000,0.0000,0.0000,0.0000,0.0000,0.0000,0.0000,0.0000,0.0000
1700000020.500000,-61.2,63.0317,66.4680,63.6553,67.1789,63.0317,63.7809,64.2028,63.6003,65.2150,64.8999,68.7968,68.0955,67.7422,68.9638,67.5352,68.4251,68.9420,69.3542,68.9420,68.1542,68.5420,71.3092,69.2892,71.1688,72.4224,73.6817,74.9466,74.6324,75.2861,77.2010,75.8947,77.4919,76.3217,76.1577,75.6439,74.3236,73.4098,72.4500,68.8840,69.8355,67.4166,67.9559,66.8506,66.2873,62.0081,59.0339,60.2080,57.9828,57.3149,55.9732,55.3173,52.1536,0.0000,0.0000,0.0000,0.0000,0.0000,0.0000,0.0000,0.0000,0.0000,0.0000,0.0000,0.0000
1700000020.550000,-60.9,63.0714,63.0000,65.0077,64.0312,63.0714,62.0725,63.3877,62.6498,63.5059,62.9682,64.5368,63.5610,65.9697,66.4831,65.8027,66.7308,67.0671,65.7875,66.8506,68.1542,67.6240,68.9420,68.1542,68.4471,70.2140,69.3181,71.5891,72.4500,72.8972,72.4707,71.1126,73.3485,73.8241,72.0902,72.6154,72.8011,72.8011,68.3081,67.0522,68.3081,65.0000,65.7343,63.3482,61.8142,58.6941,57.3149,56.1427,57.0789,57.0000,54.0093,50.2494,50.0100,0.0000,0.0000,0.0000,0.0000,0.0000,0.0000,0.0000,0.0000,0.0000,0.0000,0.0000,0.0000
1700000020.600000,-62.8,66.0000,63.0317,63.0317,63.1269,64.1249,62.3939,62.6498,63.9531,64.1327,64.7611,67.4463,65.4599,67.3573,67.3573,65.7875,69.0797,66.8506,69.0797,68.4251,68.0294,69.3542,70.2140,69.7711,69.9714,71.6938,70.8308,72.5603,76.5376,73.0616,74.3034,71.1196,74.7061,73.7902,74.6860,74.3236,73.3485,71.5891,71.3092,69.0797,68.9493,68.3081,65.5210,66.4831,59.9083,61.3922,57.8705,58.5491,57.1402,58.2151,54.0000,53.0000,51.2445,0.0000,0.0000,0.0000,0.0000,0.0000,0.0000,0.0000,0.0000,0.0000,0.0000,0.0000,0.0000
1700000020.650000,-60.7,62.9365,63.6553,63.0317,63.0317,64.8151,63.2535,63.0079,61.4003,63.8122,63.8122,65.8635,66.6483,66.6483,64.4748,64.4050,67.7791,66.8506,66.4831,66.4078,68.9493,67.3573,68.9638,67.3573,70.0928,71.0634,69.8570,71.8053,73.5459,74.7329,75.9276,74.2159,73.9797,72.8011,74.0405,71.1688,71.4703,72.8011,69.0797,68.9420,68.1542,66.3099,67.0820,64.4127,61.2944,59.1693,57.9828,57.4282,57.4282,55.4437,53.9073,53.0377,51.0882,0.0000,0.0000,0.0000,0.0000,0.0000,0.0000,0.0000,0.0000,0.0000,0.0000,0.0000,0.0000
1700000020.700000,-61.1,65.7647,65.7647,62.3699,68.2495,67.0075,66.0681,63.8201,64.6375,64.3506,65.3682,65.7647,65.7419,67.1193,67.6240,68.9420,67.7791,70.2282,66.7308,68.3081,69.9214,71.1688,70.6045,67.7200,69.6348,72.5672,72.7805,74.5252,75.5050,76.2955,74.5252,73.7564,75.1864,75.4321,74.7262,73.0821,72.7324,71.4703,69.6419,69.0797,70.7743,65.0000,65.7951,64.4050,59.4811,60.4152,58.5235,57.1402,56.8595,55.6058,54.0370,53.0754,52.3450,0.0000,0.0000,0.0000,0.0000,0.0000,0.0000,0.0000,0.0000,0.0000,0.0000,0.0000,0.0000
1700000020.750000,-62.0,67.1193,65.0308,67.0000,67.0000,68.0661,64.1249,65.6201,64.6297,66.7533,68.2495,66.4906,69.6348,69.3758,70.0928,69.2604,71.7844,71.4703,71.5122,70.3847,72.4983,72.0139,71.5891,71.5891,73.3553,74.6860,71.1196,74.7930,77.0260,74.3034,78.7718,76.9415,78.2943,76.9220,77.3886,77.8781,73.8241,75.3923,71.5122,71.1688,68.0074,68.3081,65.8027,66.4831,63.5610,62.5859,61.0000,59.6825,58.5491,58.2151,58.0086,55.0000,53.2353,0.0000,0.0000,0.0000,0.0000,0.0000,0.0000,0.0000,0.0000,0.0000,0.0000,0.0000,0.0000
1700000020.800000,-59.8,68.0661,69.0507,67.2681,66.3702,70.2567,66.0303,66.0076,67.0000,69.0072,69.0290,71.1126,70.2567,69.5845,70.5762,70.8590,72.5672,72.3671,71.3863,73.2462,72.2772,73.2462,74.0405,72.2772,74.6324,74.6324,74.6324,75.5844,77.1622,76.2168,79.0569,77.2010,78.5875,77.6209,78.3390,77.6660,78.0897,76.9415,73.6817,71.4493,69.1809,70.2567,66.1211,68.0294,64.0000,61.0737,59.0762,59.2115,58.4209,58.8558,55.3173,55.0818,52.5547,0.0000,0.0000,0.0000,0.0000,0.0000,0.0000,0.0000,0.0000,0.0000,0.0000,0.0000,0.0000
1700000020.850000,-62.0,63.2851,58.5235,64.6375,61.6117,62.2013,62.6259,62.3699,62.2415,61.5224,63.6553,64.3817,65.1920,66.0681,66.7083,65.4370,67.8012,65.4599,67.1193,66.0379,67.2309,69.1158,67.2309,68.6003,68.4763,70.4911,69.7711,71.5891,76.0592,72.4500,74.7061,69.8355,74.7930,72.9452,72.2011,69.3397,73.4983,70.8025,68.4105,67.6240,65.2993,65.2993,61.5549,64.3817,57.9828,57.2800,53.7587,53.2635,55.6058,54.4059,52.4786,49.7393,47.9270,0.0000,0.0000,0.0000,0.0000,0.0000,0.0000,0.0000,0.0000,0.0000,0.0000,0.0000,0.0000
1700000020.900000,-60.9,63.1981,62.3939,64.6297,64.4981,61.1882,63.7887,62.3618,60.4401,63.2456,62.2977,65.1920,65.0000,67.6240,65.7419,66.6408,67.2309,67.2309,65.8635,68.7968,69.6419,69.6419,69.6419,66.8506,71.0282,71.0282,71.6101,75.0000,74.2024,75.0000,74.4043,76.2758,77.6660,76.0066,75.4718,74.0945,73.0616,72.9452,71.5542,67.6240,69.3542,65.9242,64.0781,63.5689,60.7454,61.0328,58.2409,56.2939,57.4891,56.4358,54.3323,52.0096,51.0000,0.0000,0.0000,0.0000,0.0000,0.0000,0.0000,0.0000,0.0000,0.0000,0.0000,0.0000,0.0000
1700000020.950000,-60.6,64.7765,63.5059,65.2763,64.2806,65.0692,64.0000,64.0312,64.0312,64.1249,65.2763,68.4690,65.9242,70.2140,69.2315,69.4262,69.3758,68.1542,71.8401,70.2140,72.7324,72.1249,72.4500,71.7844,74.8465,76.6942,73.9256,74.7329,77.8781,76.6942,79.8499,74.6726,78.5493,79.6994,78.1089,75.0000,75.2861,74.2159,73.2462,72.7805,71.1969,68.7314,66.0984,66.4831,61.2944,61.2944,58.0345,59.0000,57.0088,58.0345,55.2268,52.7731,51.4198,0.0000,0.0000,0.0000,0.0000,0.0000,0.0000,0.0000,0.0000,0.0000,0.0000,0.0000,0.0000
1700000021.000000,-66.3,63.1585,65.3070,63.5689,66.1287,64.1950,64.8460,61.6117,64.3273,66.0984,64.7765,67.4759,64.2806,68.1836,70.0286,70.1142,68.0000,71.0070,69.0072,70.1783,71.2531,72.1110,72.2496,69.2604,72.6911,72.4431,73.6817,77.9295,76.6551,79.9062,76.7919,78.6384,77.6466,79.4040,77.2334,79.1012,76.0263,75.0000,72.0625,73.0616,73.1095,66.2722,69.1809,65.2763,60.5310,60.6712,58.2495,59.6657,58.4637,56.0446,56.3028,53.3104,51.8845,0.0000,0.0000,0.0000,0.0000,0.0000,0.0000,0.0000,0.0000,0.0000,0.0000,0.0000,0.0000
1700000021.050000,-60.2,65.8559,65.0692,66.5282,66.5282,67.3573,63.8905,65.0000,67.2012,64.8999,67.2309,68.6003,68.0955,69.7711,70.6612,69.3542,71.6938,71.1758,68.5420,73.1642,73.1642,72.4500,74.9466,73.3894,76.5376,77.1622,76.2430,76.8440,78.7464,79.0569,79.6994,78.1089,80.6536,80.7775,78.9240,80.1124,77.3886,76.0592,73.3553,72.5603,73.4302,69.6419,68.5055,67.6757,63.6003,62.6259,58.8982,59.4643,58.7282,57.2800,56.6392,55.2178,50.7740,0.0000,0.0000,0.0000,0.0000,0.0000,0.0000,0.0000,0.0000,0.0000,0.0000,0.0000,0.0000
1700000021.100000,-63.3,68.4690,65.6201,67.2681,65.3070,67.9117,62.3618,65.8027,65.1460,66.1287,67.6240,68.4471,68.8840,70.2353,70.3278,69.3542,71.8679,68.7968,72.7186,67.6757,70.4557,73.7835,75.0000,74.4043,73.8783,76.6942,72.0069,77.6209,81.8352,77.6209,81.4002,75.2130,81.5414,80.4487,78.4920,79.7559,79.7559,74.3034,74.3034,72.8972,71.5891,70.3847,66.4831,69.2892,64.2573,61.6847,62.0967,60.6383,59.6657,58.8558,54.3323,57.1402,54.0000,0.0000,0.0000,0.0000,0.0000,0.0000,0.0000,0.0000,0.0000,0.0000,0.0000,0.0000,0.0000
1700000021.150000,-61.8,65.8635,67.1193,65.7343,67.6757,65.0000,64.8151,65.9469,67.2086,67.1789,67.8970,67.8970,66.7083,68.0074,70.6045,73.0069,69.3397,73.4983,72.1110,72.5603,73.2462,71.6938,74.7930,72.9452,74.2496,78.7147,76.9675,80.0562,81.3941,80.4984,80.5295,78.7147,82.7647,81.0062,80.6226,78.8923,76.8505,75.7166,73.8173,75.2130,72.8011,70.4344,68.6804,68.7677,63.7024,61.5224,60.1082,60.1415,58.8982,57.8014,56.0357,56.0803,52.7731,0.0000,0.0000,0.0000,0.0000,0.0000,0.0000,0.0000,0.0000,0.0000,0.0000,0.0000,0.0000
1700000021.200000,-65.7,63.8122,65.5134,63.1348,66.7308,62.6099,64.4050,63.1585,62.7694,65.1920,65.8027,65.5210,66.2193,66.9403,66.2873,67.2681,70.0357,69.7209,68.3593,70.2567,69.3542,69.2604,70.0643,71.2531,72.0278,73.1095,76.0066,76.0000,77.0584,78.0256,77.0260,77.1038,80.1561,76.4199,75.5381,77.9295,77.9295,75.9539,71.8053,70.8308,69.8570,69.6419,69.6419,64.1950,62.0322,60.7454,56.8595,57.6975,57.2451,54.5894,54.0833,54.6443,52.6308,0.0000,0.0000,0.0000,0.0000,0.0000,0.0000,0.0000,0.0000,0.0000,0.0000,0.0000,0.0000
1700000021.250000,-63.5,66.4831,66.7608,63.6946,68.6222,62.3939,63.6946,65.3070,63.9531,62.6498,61.9112,66.0379,67.6757,68.2422,67.2012,72.0069,65.8559,70.8378,68.6804,70.7672,70.0071,72.9178,73.5391,69.2965,72.9178,75.0067,75.1665,78.1025,76.4199,81.3941,75.1665,78.5175,77.1557,79.9062,77.1557,76.4853,75.1665,75.9276,74.6525,72.2011,72.8011,69.6348,69.8928,63.8122,64.1405,62.2656,59.9333,59.5063,60.0083,53.7587,56.3028,55.0818,51.4781,0.0000,0.0000,0.0000,0.0000,0.0000,0.0000,0.0000,0.0000,0.0000,0.0000,0.0000,0.0000
1700000021.300000,-63.5,69.8570,72.0902,71.1126,72.8972,66.2420,70.2353,67.7422,65.7343,69.3397,69.2026,71.2180,72.3464,72.2496,73.5935,74.2765,73.5527,76.3675,73.5527,77.2334,76.5768,75.8222,77.9872,77.6209,81.0247,81.6088,78.8162,83.2346,81.6088,86.2670,81.6088,84.6463,87.3212,84.3860,81.4678,84.3860,82.0731,80.6226,77.0779,77.7817,77.8332,71.0634,75.6042,68.8840,69.2026,66.2873,64.1405,65.3682,62.6099,61.7171,58.3095,59.2368,54.7083,0.0000,0.0000,0.0000,0.0000,0.0000,0.0000,0.0000,0.0000,0.0000,0.0000,0.0000,0.0000
1700000021.350000,-60.1,63.9531,65.7647,66.3702,64.2806,66.0681,63.0714,64.0078,64.0000,65.0692,66.3702,66.4831,67.7422,68.0661,67.6831,68.4471,71.1688,69.2604,68.4105,69.8928,71.7844,72.4224,71.7844,70.5762,74.7329,74.4648,73.8241,77.8781,75.5844,76.9675,78.2943,78.5493,79.4796,78.4347,80.3243,78.7464,78.1601,76.2430,74.9533,71.3863,73.3485,69.0507,66.9104,66.6108,64.2806,62.3939,61.2046,60.0000,58.0086,57.0351,58.2151,54.5894,51.6624,0.0000,0.0000,0.0000,0.0000,0.0000,0.0000,0.0000,0.0000,0.0000,0.0000,0.0000,0.0000
1700000021.400000,-62.3,66.0303,66.4003,66.5282,65.8559,65.0692,63.7024,64.5368,63.1269,66.0681,66.8431,67.6240,67.1193,67.9559,69.1158,68.0955,71.5542,69.7782,69.7711,71.1758,72.6154,72.0902,71.5122,71.1758,75.6108,75.2728,75.2728,77.7946,79.6994,76.8440,78.1089,81.3449,81.6088,79.4796,81.5414,79.3095,78.7909,76.9220,75.1798,73.4302,70.3278,70.8308,67.9559,65.7343,64.2028,62.8013,59.8164,60.3075,58.1378,56.5685,56.0803,55.8032,54.3783,0.0000,0.0000,0.0000,0.0000,0.0000,0.0000,0.0000,0.0000,0.0000,0.0000,0.0000,0.0000
1700000021.450000,-59.3,70.8802,70.2140,71.3092,70.2282,69.3542,68.3520,69.3181,70.2353,70.2353,70.1783,71.5612,72.9452,72.4224,74.8131,74.0270,74.3303,75.0733,73.5527,74.2496,76.3806,77.7817,79.3095,76.3675,78.7464,80.1561,77.9872,83.7377,82.8010,83.0060,85.4283,84.3860,82.3286,85.1469,84.8646,83.4506,84.8999,82.1340,80.1561,80.0562,77.3369,74.0270,74.2024,73.8173,68.5055,67.9559,65.5134,64.0078,62.6498,63.5059,59.6154,61.3514,56.5155,0.0000,0.0000,0.0000,0.0000,0.0000,0.0000,0.0000,0.0000,0.0000,0.0000,0.0000,0.0000
1700000021.500000,-63.5,67.8970,64.4981,65.1920,65.1920,66.0303,63.0317,65.0077,64.1249,65.1920,64.2806,65.6201,66.0984,68.8840,68.8840,67.9117,69.3758,68.9638,69.2604,69.2892,69.6419,69.4622,71.6938,70.7743,72.4500,75.5844,75.5844,76.9220,80.1311,77.4145,79.1770,77.3886,78.7210,83.2586,78.0000,79.8499,78.9240,76.2168,75.9605,74.9466,74.7262,72.0347,67.6831,68.6586,63.1506,66.0984,60.5310,60.5310,59.0762,57.0000,56.0357,57.1402,53.6004,0.0000,0.0000,0.0000,0.0000,0.0000,0.0000,0.0000,0.0000,0.0000,0.0000,0.0000,0.0000
1700000021.550000,-67.1,68.4251,68.4471,70.0071,69.0797,70.0071,68.9493,68.9638,68.6804,67.4463,69.6348,71.1969,70.8590,72.6911,71.5681,71.4493,74.0068,73.0616,73.0274,74.0068,76.0000,74.0000,76.0263,74.0270,76.3217,77.2334,81.2219,82.2192,82.3893,83.3847,81.3019,79.1012,83.0542,83.0000,82.0000,82.0061,81.0247,81.2219,81.2219,77.4145,76.4199,73.6817,72.1803,70.6116,67.6831,68.1542,64.8460,63.8905,62.3939,61.8466,59.5063,59.0593,56.6039,0.0000,0.0000,0.0000,0.0000,0.0000,0.0000,0.0000,0.0000,0.0000,0.0000,0.0000,0.0000
1700000021.600000,-66.6,65.9469,65.9469,66.4003,67.6240,64.4050,66.2873,64.1405,66.2420,66.6483,65.2993,69.3542,70.7743,69.6419,69.2892,69.2892,70.2140,70.8802,68.4105,72.0347,71.0634,72.0347,74.7329,71.3863,72.8354,75.1332,77.9295,79.6304,78.6384,79.7621,79.7621,79.4292,81.5843,80.0500,78.1025,79.4040,75.9605,77.2010,77.1622,73.3894,73.3894,70.3847,72.4983,67.0820,66.1891,65.3682,61.9112,62.1289,58.5235,57.8014,57.4891,54.4885,54.4885,0.0000,0.0000,0.0000,0.0000,0.0000,0.0000,0.0000,0.0000,0.0000,0.0000,0.0000,0.0000
1700000021.650000,-59.1,68.8186,64.6375,68.2642,66.3702,67.1193,66.2420,67.0820,67.9779,66.3099,65.9242,68.9493,69.2604,70.6045,67.9117,70.0928,72.9931,71.5681,69.8713,71.1758,72.4431,73.5527,72.1734,73.4370,75.1066,74.0000,76.0066,78.0000,78.0256,80.0000,81.0000,79.0253,81.0987,80.0562,80.0999,79.4040,80.3990,79.9062,75.9539,74.5252,71.8053,71.8053,68.4471,69.3758,67.4463,65.1460,62.0322,61.8466,61.3270,61.2699,56.4358,57.4543,54.2033,0.0000,0.0000,0.0000,0.0000,0.0000,0.0000,0.0000,0.0000,0.0000,0.0000,0.0000,0.0000
1700000021.700000,-60.4,67.1863,67.0522,68.9493,65.1460,66.4831,65.3911,63.5610,65.3682,65.3682,66.7308,67.2309,66.2873,68.2422,68.0074,66.4003,69.5270,65.9469,70.1783,68.6222,70.7248,72.1388,72.1388,71.4493,75.1665,75.0733,75.7430,75.2861,78.2432,75.8222,78.7464,77.1557,78.5684,79.9312,77.7946,79.2086,77.8332,77.9872,75.9276,73.8783,70.8025,69.6348,69.6348,68.7968,62.4340,62.2656,60.9016,60.3738,59.9333,57.3847,58.1893,56.3205,54.3415,0.0000,0.0000,0.0000,0.0000,0.0000,0.0000,0.0000,0.0000,0.0000,0.0000,0.0000,0.0000
1700000021.750000,-60.5,67.4759,67.2012,66.4003,68.5055,67.4166,68.2642,68.4763,65.7647,68.8840,68.0294,68.9420,69.2892,68.0074,68.3081,68.6222,70.8802,69.3758,68.4105,72.5672,72.7805,72.5672,74.9667,72.1803,75.5381,76.7919,77.6466,78.6384,77.9295,80.8950,76.6551,78.4474,80.2309,80.4114,79.0759,78.3390,76.9220,76.5376,75.8947,73.6817,73.5391,70.2638,71.1126,69.3542,64.8845,62.6498,60.2080,59.6825,57.6888,55.2178,56.7274,54.4518,53.8145,0.0000,0.0000,0.0000,0.0000,0.0000,0.0000,0.0000,0.0000,0.0000,0.0000,0.0000,0.0000
1700000021.800000,-63.0,66.7083,63.9766,66.7308,66.2420,64.3506,61.5873,66.0303,63.8201,63.4114,64.5368,67.3573,65.0692,66.4831,65.7951,66.4831,67.4759,66.2193,67.4759,69.0652,69.3397,69.6348,69.3397,70.7248,72.9452,73.4302,72.5603,72.0694,76.4788,74.7061,77.4145,75.6637,76.6616,77.1751,78.7718,77.3886,76.8440,76.0263,72.8011,68.2495,68.0147,69.5270,67.3573,65.0692,64.3506,60.1415,58.0517,58.2580,59.8164,57.4282,56.8595,53.7122,53.2259,0.0000,0.0000,0.0000,0.0000,0.0000,0.0000,0.0000,0.0000,0.0000,0.0000,0.0000,0.0000
1700000021.850000,-61.2,63.1269,62.2013,64.2806,63.2851,64.7765,58.6941,63.1506,61.8466,60.8769,63.3246,64.5136,65.4599,63.5610,63.5610,63.1585,66.2118,62.6099,65.7647,66.7308,68.0000,65.7647,67.2309,68.7968,69.6348,70.4557,71.0282,71.6101,76.8440,70.4557,74.6324,73.2393,75.1665,77.1751,75.8024,74.7930,76.1577,73.3553,70.2140,68.5420,68.1542,67.7791,63.9062,66.4078,59.7746,59.9083,56.0892,59.2284,55.9017,58.4209,54.0833,53.0000,51.0098,0.0000,0.0000,0.0000,0.0000,0.0000,0.0000,0.0000,0.0000,0.0000,0.0000,0.0000,0.0000
1700000021.900000,-57.9,67.4166,65.1920,66.7608,67.0522,66.7608,66.2193,65.1153,64.9384,67.0820,65.3758,64.4981,66.0681,69.0652,67.0671,66.0000,68.0074,70.1142,70.0643,68.2642,69.3542,69.3542,69.5845,70.4557,71.8471,72.8354,72.9931,74.5252,74.3303,77.9295,77.9295,73.9797,76.9415,77.9295,75.6637,76.3217,76.3217,75.0600,72.0000,72.0278,70.0071,68.1836,66.2722,66.2722,62.3939,59.8415,58.6941,59.2284,57.9741,57.2800,54.4243,53.3104,50.5371,0.0000,0.0000,0.0000,0.0000,0.0000,0.0000,0.0000,0.0000,0.0000,0.0000,0.0000,0.0000
1700000021.950000,-64.5,64.8151,64.2028,66.8506,65.4599,62.9682,64.1405,63.5295,63.0714,64.4050,64.8845,65.9242,65.7875,68.3520,66.7608,65.1460,68.8840,65.9697,66.4906,66.2873,67.2681,68.0661,71.0211,68.0661,72.2496,71.3442,72.2496,72.2496,74.3303,77.3175,75.3260,76.6551,77.7817,77.9295,74.1485,75.5050,72.7805,74.9533,73.2462,70.8802,69.2604,68.3520,65.5515,65.1920,62.6498,61.2699,56.3649,56.8243,56.0803,54.9181,52.2015,53.1507,50.9902,0.0000,0.0000,0.0000,0.0000,0.0000,0.0000,0.0000,0.0000,0.0000,0.0000,0.0000,0.0000
1700000022.000000,-61.2,66.0303,67.1863,64.1249,69.2604,65.6201,66.6108,64.9384,65.5134,65.5134,65.8027,66.7608,68.0074,67.3573,69.8570,70.3847,70.2638,70.6612,67.5352,73.4302,71.1969,72.4707,72.7186,69.9714,74.3303,76.5506,75.4520,77.4209,77.1038,80.7094,76.5506,79.0759,82.3772,81.9878,80.1311,80.5295,77.4145,76.9220,73.8241,74.4648,75.3923,68.7095,70.5195,67.7200,64.5601,65.2533,61.1882,61.0000,59.4138,57.3149,56.0357,57.0000,53.0848,0.0000,0.0000,0.0000,0.0000,0.0000,0.0000,0.0000,0.0000,0.0000,0.0000,0.0000,0.0000
1700000022.050000,-62.8,63.9766,60.8358,65.1920,63.6946,66.4078,61.3514,61.8466,63.5610,62.5859,65.1153,63.7887,63.7887,64.4981,66.1211,64.2806,67.0000,65.0000,67.0000,66.1211,68.1836,68.1175,68.1836,68.2642,68.4690,69.3542,70.7107,72.8354,74.6726,70.8590,74.8131,73.5527,74.6726,75.2396,74.1080,75.1066,74.0270,71.0000,69.0072,68.0294,65.0308,67.1863,64.2806,64.3817,59.8415,58.8558,57.4891,56.7539,55.0818,55.6597,54.7083,51.4781,50.2494,0.0000,0.0000,0.0000,0.0000,0.0000,0.0000,0.0000,0.0000,0.0000,0.0000,0.0000,0.0000
1700000022.100000,-60.2,64.4438,64.3817,65.7647,66.4831,63.0317,63.8905,63.2535,64.4050,65.2150,64.6375,64.3506,66.7308,65.2993,67.1193,64.4050,68.1542,67.7791,68.5420,67.0671,68.9493,68.6222,69.2604,68.9638,70.0928,72.0347,70.0928,73.9797,74.5252,77.1298,74.2159,75.4321,76.6551,75.5844,73.6817,75.6108,75.6108,71.5122,70.3847,68.5420,68.0294,66.2118,67.1193,62.6498,62.2656,59.6825,55.4707,57.4282,56.4004,55.9732,53.0754,52.3259,49.6790,0.0000,0.0000,0.0000,0.0000,0.0000,0.0000,0.0000,0.0000,0.0000,0.0000,0.0000,0.0000
1700000022.150000,-62.6,66.4906,61.8466,66.0984,64.1950,65.7875,62.0322,64.0781,63.0714,65.3070,65.8635,65.3682,67.4166,69.0652,66.8506,67.2012,68.6003,67.6240,67.6240,70.0928,67.8970,69.3109,72.1388,70.0071,70.8378,72.9178,72.9178,77.2334,78.5684,75.1665,78.5684,75.7430,77.1557,78.5684,78.5175,78.5175,75.6902,76.5768,73.8783,72.0069,70.6045,69.8928,68.5055,67.1193,62.7694,61.9112,57.3062,59.4811,60.0083,55.5428,55.9732,53.8516,53.9351,0.0000,0.0000,0.0000,0.0000,0.0000,0.0000,0.0000,0.0000,0.0000,0.0000,0.0000,0.0000
1700000022.200000,-63.4,67.5352,64.0078,65.0000,64.4981,65.1920,63.5138,65.8027,65.0000,66.2193,64.5368,64.4438,65.7647,66.4680,67.2681,67.2086,68.1175,67.6240,67.6240,67.2012,68.2422,68.0074,68.2422,69.8928,71.6938,70.8308,72.2011,74.6257,74.7930,73.9256,74.4312,72.4017,76.5506,75.7166,74.0608,73.8173,72.6223,73.4098,70.1783,70.0928,68.6222,66.4680,65.0692,65.7951,59.4643,60.6053,57.8014,57.4282,55.4707,55.2268,51.8845,52.3259,50.3289,0.0000,0.0000,0.0000,0.0000,0.0000,0.0000,0.0000,0.0000,0.0000,0.0000,0.0000,0.0000
1700000022.250000,-61.7,63.5295,61.7414,66.8506,63.9062,64.5136,62.9365,64.7611,65.2533,62.1691,64.3273,64.5368,65.7647,66.4831,64.1950,64.0703,68.0000,65.0000,68.0294,66.0681,68.1836,65.1920,68.4690,67.1863,68.5930,68.8840,71.5681,72.3671,74.5252,72.3671,75.5050,73.6817,74.9667,74.8131,74.5453,73.4370,73.1710,72.1734,70.0071,68.0000,68.0294,68.0074,63.0317,63.1269,60.0750,58.2151,57.4282,57.5587,53.9351,52.3927,52.4976,51.2640,49.2443,0.0000,0.0000,0.0000,0.0000,0.0000,0.0000,0.0000,0.0000,0.0000,0.0000,0.0000,0.0000
1700000022.300000,-63.3,69.8928,67.2012,66.6108,68.2495,68.8840,66.5282,67.2086,67.8970,68.6222,68.1175,68.8840,70.6045,71.0282,69.8928,69.8928,71.0211,70.8308,71.3442,69.3542,72.4707,73.4302,71.5542,72.0139,73.9256,74.4648,77.0779,79.4796,78.0000,76.6942,78.9240,79.2023,80.1124,81.8413,78.7147,78.7718,77.8974,76.1577,75.4718,73.7835,71.5612,70.6045,69.0290,66.2193,64.5368,62.2415,60.8112,60.1082,58.1378,58.1378,56.2228,55.2178,50.6063,0.0000,0.0000,0.0000,0.0000,0.0000,0.0000,0.0000,0.0000,0.0000,0.0000,0.0000,0.0000
1700000022.350000,-61.7,66.4906,67.6831,65.8027,70.8802,66.7608,66.7308,68.1542,66.3099,67.6240,64.8460,67.5352,68.2642,67.7422,68.7968,69.3397,68.0074,68.6003,69.2026,68.8840,71.5891,69.6563,72.2496,71.5052,74.9667,73.5391,74.9533,77.1038,75.6902,79.9312,76.3675,77.8332,79.9062,78.5175,77.1557,75.9276,74.0270,76.2168,73.2393,70.7248,70.4557,66.8880,69.4622,66.7308,64.0078,63.0635,59.0339,58.1808,57.3847,55.3624,55.0818,54.1295,53.7587,0.0000,0.0000,0.0000,0.0000,0.0000,0.0000,0.0000,0.0000,0.0000,0.0000,0.0000,0.0000
1700000022.400000,-58.6,65.3911,66.6408,62.6498,66.6483,63.1348,65.0000,62.9682,65.8027,64.6375,63.8905,65.2993,63.0317,65.1920,66.4680,67.1789,67.2086,68.6804,65.1920,67.6240,66.8431,69.0290,68.6003,68.4105,70.4911,72.4224,72.4224,73.2462,72.9452,76.5506,74.3303,74.8866,76.2758,76.2168,74.6525,74.2024,70.9366,70.8378,70.0071,69.2965,69.3109,63.7024,63.0317,61.7171,59.8164,59.4054,56.3028,55.7584,54.7083,53.7122,52.7731,52.0000,49.3356,0.0000,0.0000,0.0000,0.0000,0.0000,0.0000,0.0000,0.0000,0.0000,0.0000,0.0000,0.0000
1700000022.450000,-63.5,66.0303,67.0298,63.0000,69.0000,66.0076,65.0692,64.2806,64.2806,63.6396,63.7887,66.0984,65.3070,66.2193,65.1460,67.3573,66.1287,67.7791,65.9242,69.3542,68.9420,68.0294,69.3181,67.1193,71.1196,72.8972,73.3553,75.6637,73.3553,75.2928,74.3034,76.9220,76.4788,76.4853,74.3236,73.5391,72.8011,73.1642,70.5195,68.6804,69.9214,65.2533,65.9697,64.5368,63.1506,58.6941,58.3095,58.2151,55.0818,54.0000,53.0848,53.1507,50.3587,0.0000,0.0000,0.0000,0.0000,0.0000,0.0000,0.0000,0.0000,0.0000,0.0000,0.0000,0.0000
1700000022.500000,-59.5,68.1175,66.2722,68.7314,68.7314,67.7422,65.7647,66.7083,65.0000,67.1863,67.7200,69.5701,67.6757,69.6419,68.1542,66.8506,69.3181,67.5352,70.2140,68.4763,72.5603,70.3278,68.7968,71.6938,72.6705,74.6257,72.6705,76.2758,77.9359,74.8866,78.2304,76.3217,79.0759,75.6637,77.4145,77.8267,76.4853,76.5572,73.5391,73.1642,71.5122,70.5195,67.3573,65.8027,60.8769,60.4152,58.8558,59.5399,58.4209,58.2151,55.0364,55.0000,51.1566,0.0000,0.0000,0.0000,0.0000,0.0000,0.0000,0.0000,0.0000,0.0000,0.0000,0.0000,0.0000
1700000022.550000,-61.6,67.4166,64.8460,67.6757,64.5136,68.1542,63.0635,67.2681,63.9531,66.6108,66.7533,66.4831,68.0661,68.0661,67.0298,66.0681,70.0000,68.0661,70.0643,68.1175,70.2567,69.2604,70.2567,71.5681,72.6911,75.6637,73.9797,74.9667,77.9295,75.3127,80.2309,74.6726,79.7621,77.5242,76.1643,76.2365,78.1025,74.0000,70.0000,70.0286,68.1175,68.1836,64.1950,65.4905,60.6712,60.8276,57.8705,57.4891,55.0818,55.6597,54.7814,53.3104,50.1199,0.0000,0.0000,0.0000,0.0000,0.0000,0.0000,0.0000,0.0000,0.0000,0.0000,0.0000,0.0000
1700000022.600000,-62.1,65.2993,63.1348,66.7308,63.6318,65.7343,62.9682,63.0079,63.7809,63.7809,65.9469,66.6033,66.4680,66.4680,64.3817,63.0317,70.4344,65.4370,70.0000,68.0074,69.4046,67.4240,69.6348,69.6348,71.5612,69.6419,70.4911,71.6938,77.5242,72.5603,79.4040,73.7835,77.3886,74.3303,76.0263,72.4224,75.4321,72.6223,70.0928,69.3542,65.0692,68.5930,62.2415,65.7951,58.8982,58.2580,57.0088,57.2014,54.6443,55.2268,53.2353,52.3259,49.0408,0.0000,0.0000,0.0000,0.0000,0.0000,0.0000,0.0000,0.0000,0.0000,0.0000,0.0000,0.0000
1700000022.650000,-62.4,66.7083,63.0714,64.8460,65.7647,67.2309,64.1405,64.0703,64.6375,64.2028,65.4370,66.0681,67.9412,68.5930,66.4680,65.7647,68.6804,68.8840,68.8840,69.6563,68.6003,69.2026,69.6348,70.4557,71.8679,72.9452,73.7835,75.4718,76.8505,77.3886,76.5506,76.2758,77.1038,78.6003,74.6525,74.0270,74.0270,72.3464,72.2496,69.3109,67.8970,65.7647,64.3817,64.4438,60.4401,60.4401,55.0000,56.6127,57.1402,56.0803,52.8394,51.4781,50.3289,0.0000,0.0000,0.0000,0.0000,0.0000,0.0000,0.0000,0.0000,0.0000,0.0000,0.0000,0.0000
1700000022.700000,-62.0,67.2086,65.7647,65.7647,65.7951,65.1920,67.6240,65.6049,65.2150,66.0303,65.1920,67.7422,68.8767,66.6483,66.6408,65.3070,68.5420,68.1542,69.2892,68.3081,70.8378,69.8928,72.1249,71.1688,72.0347,73.2462,72.7805,75.5050,79.3095,77.8781,77.6660,76.1577,78.8480,77.4919,77.2010,75.6108,74.6726,74.6726,71.3092,69.8570,67.9779,70.2140,65.7647,65.7647,61.9112,61.0574,57.6888,59.2030,55.4437,55.3173,55.9732,51.6236,48.9183,0.0000,0.0000,0.0000,0.0000,0.0000,0.0000,0.0000,0.0000,0.0000,0.0000,0.0000,0.0000
1700000022.750000,-63.3,69.0072,66.0000,69.0652,68.0661,67.3647,64.2806,65.4905,66.0984,66.4906,69.6348,67.4463,68.0074,72.4500,68.7095,68.6222,70.7743,68.0294,71.1758,71.1126,72.9178,72.4500,72.8972,73.8241,74.4312,74.9466,74.4312,76.3217,80.2621,76.8505,82.4924,77.8974,81.4125,79.1581,76.5572,77.4726,78.0000,77.0779,74.0945,73.3894,70.2140,71.8401,65.7343,68.1542,61.1882,61.8142,58.5491,58.1378,59.0339,58.0345,56.0000,54.0833,51.3517,0.0000,0.0000,0.0000,0.0000,0.0000,0.0000,0.0000,0.0000,0.0000,0.0000,0.0000,0.0000
1700000022.800000,-61.4,66.4906,69.3758,67.3573,68.9493,64.8460,63.9062,67.4166,66.3099,66.6408,66.1891,68.9638,67.7422,70.1783,68.2422,71.0282,70.2140,70.8025,69.2026,72.2496,69.4262,72.3464,74.4110,70.7672,76.3806,75.6637,76.3675,81.3204,78.4920,81.3204,79.2465,82.0366,80.9197,83.7377,79.6492,80.6040,77.4209,78.2368,74.8866,72.9452,72.7186,67.1193,69.7711,66.6483,63.9766,61.4654,61.0983,58.8218,59.1354,58.2409,56.0446,53.9351,54.1479,0.0000,0.0000,0.0000,0.0000,0.0000,0.0000,0.0000,0.0000,0.0000,0.0000,0.0000,0.0000
1700000022.850000,-62.2,65.3758,62.6498,63.9531,63.7887,67.2681,61.8466,64.8460,64.5601,64.5136,67.4166,66.3099,65.3911,66.2118,64.8460,64.8460,67.1193,66.8880,69.4622,67.1193,68.7968,68.5055,70.0000,71.6101,71.2180,73.4098,72.2011,73.2462,76.8375,74.8131,75.6042,74.0608,75.6042,75.7166,75.1665,74.6257,73.0616,73.9256,71.1196,69.7782,66.6408,67.2309,64.2573,64.8460,61.6847,57.8705,57.9741,56.0446,54.5711,54.3415,53.3385,53.0377,48.0000,0.0000,0.0000,0.0000,0.0000,0.0000,0.0000,0.0000,0.0000,0.0000,0.0000,0.0000,0.0000
1700000022.900000,-57.4,65.0692,61.5549,63.7809,64.0312,64.4050,63.0079,64.6375,61.5873,62.9682,64.0078,67.0820,64.4050,66.7083,65.1920,62.3939,66.7308,66.7308,66.4078,67.4463,67.7200,66.4831,67.1863,69.3758,72.0069,71.1969,70.8590,73.9797,75.3127,75.1332,77.2787,74.5252,75.9276,75.9605,74.0405,74.3303,75.2861,71.1688,68.9493,67.7791,67.6240,66.2118,64.4050,63.0635,58.5918,58.6686,56.3028,56.0357,54.8179,53.6004,51.2250,50.2494,48.1664,0.0000,0.0000,0.0000,0.0000,0.0000,0.0000,0.0000,0.0000,0.0000,0.0000,0.0000,0.0000
1700000022.950000,-61.6,68.2495,65.9469,64.3506,66.4680,68.6222,65.7951,64.6607,66.2193,66.0303,65.2150,68.6003,67.6757,69.3397,69.0652,67.2309,71.5891,70.6612,70.2140,68.5420,69.0797,70.0071,74.0945,72.6154,73.5391,75.3923,77.1622,75.2728,79.0569,75.6108,78.4347,77.4726,77.8332,77.8781,77.8781,76.9220,75.1798,75.8024,74.3303,70.4557,69.8928,69.0652,64.8151,66.8431,61.0737,58.8982,56.5862,58.0000,55.9017,54.8179,53.8238,52.1536,51.4781,0.0000,0.0000,0.0000,0.0000,0.0000,0.0000,0.0000,0.0000,0.0000,0.0000,0.0000,0.0000
1700000023.000000,-63.2,64.2806,66.2722,67.0000,65.0000,64.0000,63.0317,63.0714,64.1249,64.3817,64.6297,65.3070,65.9697,66.9403,67.7200,68.4105,67.6757,68.3520,68.3520,69.8570,70.0071,70.9366,72.0902,68.9420,72.9452,74.2428,76.0592,77.8267,77.0260,77.8974,77.3692,78.7210,78.2943,80.5295,77.6209,79.1202,75.6108,74.0945,74.6324,73.4983,71.8401,67.1863,65.9697,65.3070,60.2080,60.6712,59.4138,58.3095,58.0345,57.0000,55.0000,52.0865,51.6236,0.0000,0.0000,0.0000,0.0000,0.0000,0.0000,0.0000,0.0000,0.0000,0.0000,0.0000,0.0000
1700000023.050000,-62.2,65.7343,68.4471,64.9384,68.0661,62.8013,64.3817,65.2763,65.0692,65.0308,64.0000,67.0075,67.0671,70.2567,70.2567,70.2567,69.7209,70.8590,69.5845,73.5459,72.5672,72.1803,71.5891,69.1231,73.7631,75.4321,74.7262,78.8480,78.8480,80.7775,77.1298,79.3095,79.4292,81.5843,77.9295,79.9062,73.6817,74.5453,75.2396,73.1095,74.0270,66.0000,69.0000,65.0692,64.1249,64.2806,58.6941,56.7186,58.4637,53.8516,55.7853,54.0833,49.7695,0.0000,0.0000,0.0000,0.0000,0.0000,0.0000,0.0000,0.0000,0.0000,0.0000,0.0000,0.0000
1700000023.100000,-58.9,66.5733,65.1920,67.1193,65.7647,69.7711,62.6099,65.3911,65.0000,67.4166,69.6419,66.7608,67.4463,68.6586,67.4685,68.4471,71.7008,68.3593,71.4493,69.3542,72.2496,72.3395,73.1710,72.1734,74.0068,78.0256,77.0260,77.0000,81.0062,77.0260,83.0963,79.0569,77.3175,80.2247,79.6304,77.9295,77.9295,77.1038,72.7805,72.0347,68.8840,69.9214,64.8460,66.0984,61.0983,61.6847,58.1808,58.1378,57.2451,55.9464,53.5350,53.6004,49.6790,0.0000,0.0000,0.0000,0.0000,0.0000,0.0000,0.0000,0.0000,0.0000,0.0000,0.0000,0.0000
1700000023.150000,-63.2,62.7694,64.6607,67.1193,64.4050,63.4114,61.2209,65.1920,65.7951,63.6396,62.2896,65.1920,66.8431,68.6003,66.2873,67.2012,69.8928,67.6757,68.7968,71.1196,72.0694,71.6938,72.4500,72.0694,73.4098,75.1532,73.3485,76.9220,77.3886,77.8781,79.1581,79.1581,79.1770,81.0062,78.5493,76.0066,78.2368,76.0263,72.4224,74.0270,68.1175,69.6563,68.0147,67.1789,62.9365,60.1415,57.3847,58.8982,57.4891,56.0357,53.5350,52.3546,50.5668,0.0000,0.0000,0.0000,0.0000,0.0000,0.0000,0.0000,0.0000,0.0000,0.0000,0.0000,0.0000
1700000023.200000,-59.8,67.4166,68.3520,67.1863,68.6804,67.9117,66.4906,64.7765,65.7647,67.3647,65.0692,69.0290,69.0072,69.0072,70.0286,70.0286,71.2531,70.3491,71.4493,71.7008,72.9931,71.8471,73.9797,72.0069,76.4003,76.9025,76.9025,79.5550,79.3095,78.3390,79.3095,79.8311,81.5843,78.9177,77.9295,78.7718,77.6466,76.5310,74.1687,72.0625,71.0070,68.0000,67.0000,68.0074,64.0703,63.0714,57.4282,58.5491,57.7062,54.1295,52.3927,52.8867,51.6236,0.0000,0.0000,0.0000,0.0000,0.0000,0.0000,0.0000,0.0000,0.0000,0.0000,0.0000,0.0000
1700000023.250000,-62.5,64.4127,62.2656,62.7694,64.6607,63.8201,62.2013,62.0081,60.8769,62.2896,62.9365,65.0692,63.1269,66.7083,65.4370,67.6240,68.8186,67.1193,67.6757,68.2642,69.1158,69.1158,70.3278,69.8355,73.3485,72.4707,73.7902,75.1532,76.4788,77.3692,78.7147,75.2928,79.2591,75.8024,76.0066,76.2758,75.7166,73.0069,71.2180,71.4003,68.8840,68.0147,65.0692,65.7951,61.5224,60.1415,56.6392,58.8982,57.8014,55.2178,51.6236,51.4781,48.7545,0.0000,0.0000,0.0000,0.0000,0.0000,0.0000,0.0000,0.0000,0.0000,0.0000,0.0000,0.0000
1700000023.300000,-59.7,66.4831,64.4981,64.7765,65.1153,64.2884,66.4831,64.8460,62.0322,64.6220,65.9242,66.6408,68.4251,69.3181,68.0000,66.3702,67.9559,69.8928,67.6757,70.6045,71.6101,70.4344,70.4344,71.0634,73.1095,75.8222,75.0733,76.4199,77.2334,79.3977,77.8974,78.7464,80.4301,79.8123,79.2023,75.8024,76.8440,75.1665,72.7186,72.9452,68.9638,65.7419,65.7419,64.8460,63.1585,62.3939,57.9396,56.3028,55.9732,53.8516,54.1295,50.9902,49.2544,0.0000,0.0000,0.0000,0.0000,0.0000,0.0000,0.0000,0.0000,0.0000,0.0000,0.0000,0.0000
1700000023.350000,-59.2,64.4050,64.8460,63.1348,64.4981,63.2851,63.6318,62.2013,62.0081,63.8905,66.0681,65.8559,64.3506,66.5282,66.5282,65.9469,67.0075,67.6240,69.4046,68.2422,70.4557,69.6348,71.5612,71.5612,74.4312,76.3217,73.5731,77.1751,76.1577,78.2304,78.3901,76.5506,80.1561,78.4920,75.8024,73.4098,76.0592,73.1095,73.5935,71.4493,70.0357,67.1789,66.4831,65.0692,61.0737,59.2030,57.8014,57.4282,55.4707,55.9464,53.2353,52.3927,49.9800,0.0000,0.0000,0.0000,0.0000,0.0000,0.0000,0.0000,0.0000,0.0000,0.0000,0.0000,0.0000
1700000023.400000,-61.0,66.0303,66.8431,66.6033,65.1153,65.0692,63.6396,64.3506,65.1920,66.6033,65.6049,65.6049,67.4166,69.3397,67.2309,69.9714,68.9638,69.7711,68.4251,70.2638,73.0069,70.6824,73.5391,71.1758,73.3894,75.6108,75.9605,79.1202,80.4114,77.4919,78.5493,77.0779,79.2023,78.2943,76.9220,78.7147,72.9452,77.0260,74.4312,72.4017,70.1783,67.2012,67.0075,62.4820,62.4820,60.2080,57.3149,54.4518,56.6392,53.7587,50.4480,52.8015,50.6063,0.0000,0.0000,0.0000,0.0000,0.0000,0.0000,0.0000,0.0000,0.0000,0.0000,0.0000,0.0000
1700000023.450000,-65.0,65.2150,67.2012,66.6033,66.7083,65.7951,65.1920,63.6396,65.7951,65.8559,66.4003,65.2150,68.2422,69.3397,67.7422,70.4911,66.6483,71.5542,67.1193,71.5542,68.9420,69.3542,72.0902,70.3847,73.3894,75.9605,75.9605,78.5493,75.9605,80.0562,76.3217,77.2528,78.7909,79.6241,76.4788,77.0260,74.7061,73.9256,71.8679,69.3397,71.0282,67.2012,66.8431,63.4114,62.4820,59.4643,55.8659,58.7282,54.4518,53.8145,52.2015,51.0392,50.6063,0.0000,0.0000,0.0000,0.0000,0.0000,0.0000,0.0000,0.0000,0.0000,0.0000,0.0000,0.0000
1700000023.500000,-61.7,65.4905,65.1153,65.3070,65.7343,65.5210,62.6418,66.7308,64.6220,63.1585,65.3070,67.1193,66.6483,68.0000,66.2420,68.7968,69.6348,68.2422,69.8140,71.8401,70.9366,72.6223,72.2496,71.0634,73.5935,77.1557,76.5768,75.6637,79.9812,77.8332,78.5684,78.7464,77.9872,79.6492,77.4661,80.0000,79.0569,75.4520,74.4312,72.5603,72.0694,68.8840,67.0820,65.7951,60.8358,62.7694,59.4643,56.6480,55.9732,57.2800,51.9711,50.6360,50.0899,0.0000,0.0000,0.0000,0.0000,0.0000,0.0000,0.0000,0.0000,0.0000,0.0000,0.0000,0.0000
1700000023.550000,-63.4,67.1789,65.7647,68.0147,64.5368,66.4003,66.6108,64.0703,65.7343,66.3702,65.3682,68.0000,67.5426,70.2638,69.7782,68.5420,70.9366,70.2282,69.6419,69.9214,71.1688,71.4703,72.8011,72.5328,74.9533,75.1864,76.4003,77.1298,78.8480,77.6209,80.7775,76.8440,80.0062,78.7718,76.8440,78.3901,77.0779,75.1532,72.9452,72.8972,68.9638,68.7968,63.8122,66.2873,62.6817,58.6003,55.4437,57.3847,55.1725,56.5685,54.4885,51.2250,48.8262,0.0000,0.0000,0.0000,0.0000,0.0000,0.0000,0.0000,0.0000,0.0000,0.0000,0.0000,0.0000
1700000023.600000,-61.6,61.9112,63.5138,62.9682,62.6817,62.8013,62.4820,63.7809,61.5549,60.8112,63.6396,65.1153,65.4370,67.0075,65.6049,66.2193,67.6757,67.7422,68.7968,69.4622,68.0955,67.6018,69.3542,71.1969,72.4500,72.4500,73.4098,76.1577,76.9675,76.0592,77.0779,76.4788,78.7718,76.5376,76.1577,74.6257,76.0066,73.2462,70.6045,69.8140,67.8012,65.4370,65.9469,62.2415,60.1415,60.1082,54.4518,55.9017,54.0370,52.4309,52.4309,49.9300,46.9574,0.0000,0.0000,0.0000,0.0000,0.0000,0.0000,0.0000,0.0000,0.0000,0.0000,0.0000,0.0000
1700000023.650000,-62.0,65.1920,64.4981,65.1153,65.7647,65.1153,61.3922,62.3618,64.8460,63.2456,65.1920,66.1287,67.7791,68.0294,67.5426,67.0820,69.4622,66.8880,67.2309,68.7968,71.5612,70.1783,71.0282,71.2811,73.8173,75.1665,74.8866,77.4209,78.2368,78.0064,77.4209,78.7718,77.9359,78.2304,77.8974,78.3901,77.8267,72.0139,72.2357,71.8679,70.2282,67.3573,65.7875,66.7608,59.6657,59.9083,58.2495,56.8858,54.7449,56.2228,53.0094,50.0000,49.0408,0.0000,0.0000,0.0000,0.0000,0.0000,0.0000,0.0000,0.0000,0.0000,0.0000,0.0000,0.0000
1700000023.700000,-61.6,62.2656,63.6318,61.7171,63.5610,62.2415,61.0983,60.1664,61.6847,62.9365,63.0635,63.1506,63.1506,65.1153,65.6201,67.8970,67.2681,66.2722,65.1920,71.0634,71.0282,71.1126,71.0070,69.0072,72.0278,74.0000,73.0274,76.0066,76.0066,78.0000,75.0000,78.0064,77.0584,76.2365,75.3260,75.6637,72.6911,73.6817,72.3671,68.4471,68.8840,64.2884,62.6418,61.9839,58.1893,58.8727,53.3104,55.9017,55.9017,51.0000,50.6063,51.6140,46.4004,0.0000,0.0000,0.0000,0.0000,0.0000,0.0000,0.0000,0.0000,0.0000,0.0000,0.0000,0.0000
1700000023.750000,-58.1,63.0635,61.9839,61.3514,63.9062,63.1585,63.1585,63.0714,63.0635,63.6318,60.2080,64.6607,64.8999,64.8151,65.4370,65.4370,67.3573,68.0147,67.2681,68.6222,69.3109,68.5930,70.0928,68.6222,72.9178,73.6614,73.6614,75.0733,76.5768,75.8222,76.4853,75.6637,77.0779,77.0779,74.2496,75.0067,71.8401,72.6223,72.2011,70.2140,67.6757,66.3702,62.7694,61.4003,60.8276,56.7979,55.4617,53.3104,54.7814,51.8652,49.7293,49.4773,47.3814,0.0000,0.0000,0.0000,0.0000,0.0000,0.0000,0.0000,0.0000,0.0000,0.0000,0.0000,0.0000
1700000023.800000,-62.9,65.0077,64.0000,64.1249,63.1981,65.2763,63.2851,64.7765,62.9682,65.3070,63.0635,66.4831,66.7608,64.8460,65.9242,65.5515,69.8570,68.9420,67.5426,68.4763,69.7711,69.7711,71.6938,68.8840,71.5612,74.9466,74.4312,75.4718,75.4718,77.9359,75.4718,76.6616,77.8974,76.9415,76.0263,75.1532,75.2396,74.8465,68.7095,68.9493,68.3520,65.8027,65.5210,65.0000,59.6657,58.2495,55.7315,56.3205,54.3323,52.0865,51.0392,51.0000,48.0937,0.0000,0.0000,0.0000,0.0000,0.0000,0.0000,0.0000,0.0000,0.0000,0.0000,0.0000,0.0000
1700000023.850000,-61.7,66.0303,66.0303,63.6318,67.2309,62.6498,64.0078,63.0714,63.1585,63.6946,61.6847,64.5136,65.8027,66.7608,67.9117,68.1542,65.1153,70.0357,66.0984,71.4493,70.4557,71.4493,71.2531,69.3542,74.2428,74.1687,74.2428,78.1025,75.1066,78.1601,75.1665,77.3175,77.5242,75.9539,75.8024,76.9415,71.3863,73.0069,69.9214,68.6804,68.6804,65.7875,64.6220,60.4070,59.6154,57.0088,54.1202,55.9017,53.2353,50.2494,50.2195,49.0408,48.1664,0.0000,0.0000,0.0000,0.0000,0.0000,0.0000,0.0000,0.0000,0.0000,0.0000,0.0000,0.0000
1700000023.900000,-62.5,65.0077,65.0000,64.1950,64.1249,64.2806,61.4003,62.1691,64.1327,63.1506,63.0635,65.5210,67.0522,65.7875,67.7791,69.0797,67.1193,70.6824,68.4471,68.9638,68.6003,68.6003,69.6419,68.9638,71.5612,74.4312,73.2462,75.7166,76.0066,75.1665,78.2304,74.4312,76.0066,76.1577,76.1577,77.3886,75.1532,74.3236,71.8679,68.7095,69.6419,65.7875,65.1460,62.3618,59.9083,59.2284,56.8858,55.9017,52.3450,53.3385,51.0392,51.0000,48.2597,0.0000,0.0000,0.0000,0.0000,0.0000,0.0000,0.0000,0.0000,0.0000,0.0000,0.0000,0.0000
1700000023.950000,-63.0,63.7887,65.0000,62.9365,63.5689,62.6259,63.5689,63.5610,59.9333,63.5610,60.8276,64.8845,64.6607,64.6607,66.2873,65.7343,67.2012,66.4003,66.4003,67.4759,68.2495,69.6563,71.5891,69.4262,72.1388,70.7672,73.5391,73.5527,75.6902,77.1557,74.3303,75.1665,78.7464,76.6942,73.6003,74.0608,71.8471,73.2462,70.3278,70.7107,68.8840,65.3911,64.4050,61.4654,57.3847,56.6480,55.9732,54.1202,53.3667,51.9711,51.7880,48.1664,47.0000,0.0000,0.0000,0.0000,0.0000,0.0000,0.0000,0.0000,0.0000,0.0000,0.0000,0.0000,0.0000
1700000024.000000,-64.5,66.0000,68.0074,71.0634,70.0071,65.2763,65.3758,66.7533,67.0820,67.2681,69.6348,71.5681,70.2140,72.1110,72.4500,73.3894,70.0071,74.8465,70.7743,72.4500,75.1532,75.1532,73.3553,73.3553,76.1577,78.7718,76.3217,79.7559,81.4125,81.0062,78.7718,81.8413,80.9568,82.8553,79.7057,80.4114,77.2528,74.9466,74.6324,71.8401,72.2772,68.2495,66.7083,65.1153,59.5399,60.2993,58.2151,56.0803,56.0089,55.0000,52.0000,51.0882,48.3735,0.0000,0.0000,0.0000,0.0000,0.0000,0.0000,0.0000,0.0000,0.0000,0.0000,0.0000,0.0000
1700000024.050000,-61.5,67.3573,65.1460,65.2533,66.4831,69.4262,64.1327,64.7765,65.3758,67.4759,68.1175,69.0072,69.0000,70.0000,69.0652,71.0634,71.1758,69.2604,71.4493,69.7209,73.3485,72.9931,73.3485,74.3303,75.4321,78.5875,75.9276,77.6209,80.5233,79.3095,79.3095,75.5050,79.8311,80.4114,79.0759,77.7817,75.6637,74.3303,74.2428,71.1758,69.1158,68.0000,63.0000,64.0078,59.0339,60.1332,55.2268,55.4437,54.7449,53.9351,51.9711,49.7293,47.4342,0.0000,0.0000,0.0000,0.0000,0.0000,0.0000,0.0000,0.0000,0.0000,0.0000,0.0000,0.0000
1700000024.100000,-63.3,64.1249,65.0077,65.0000,65.0077,64.0312,65.1920,64.6297,62.9682,64.9384,63.3482,65.5134,66.4831,68.4105,67.0522,68.0074,67.7791,68.7095,68.3520,72.4500,71.5891,70.6612,71.1969,69.8355,73.9256,74.4312,73.5731,78.2304,75.4718,78.5493,76.6616,79.2591,77.5242,77.4145,77.4145,75.5910,75.1532,76.3217,71.5122,70.2282,70.2282,64.8460,66.4831,62.8172,61.1310,59.4390,55.3173,57.0701,54.5894,50.3587,51.0098,49.0000,46.2709,0.0000,0.0000,0.0000,0.0000,0.0000,0.0000,0.0000,0.0000,0.0000,0.0000,0.0000,0.0000
1700000024.150000,-60.0,65.7951,66.3099,64.6220,67.0671,63.8905,65.5210,62.8172,65.1153,65.5134,64.7765,66.6108,65.2763,65.1920,67.0671,68.0661,68.0294,71.0000,68.0000,71.0282,71.0634,69.1158,71.1126,69.1158,73.5527,72.3395,72.3395,76.7919,76.2365,77.4145,74.3303,76.2365,77.2334,76.0592,75.0600,76.0000,72.0069,74.0068,71.2531,67.2681,69.2604,64.7765,64.9384,62.9682,59.2284,58.4637,53.4509,54.1202,53.4883,50.6952,48.8467,49.6588,47.4131,0.0000,0.0000,0.0000,0.0000,0.0000,0.0000,0.0000,0.0000,0.0000,0.0000,0.0000,0.0000
1700000024.200000,-62.9,68.3081,67.7200,67.4463,68.1542,67.6831,65.9242,67.7422,66.3702,67.1863,68.1836,70.0643,70.0000,68.0000,69.0290,68.0661,71.1758,69.7209,72.3395,71.8471,72.9931,74.6726,72.1803,72.1803,76.9025,75.5050,76.1577,76.9025,76.9025,76.9025,78.6448,79.4292,80.8950,80.0625,77.9295,75.5381,77.3175,75.1665,72.0625,71.0282,68.0294,67.0671,65.0692,64.0703,60.2993,59.5399,56.4358,53.7587,50.2195,51.6624,51.2445,47.5395,46.5188,0.0000,0.0000,0.0000,0.0000,0.0000,0.0000,0.0000,0.0000,0.0000,0.0000,0.0000,0.0000
1700000024.250000,-62.4,65.7951,66.5282,66.4831,67.8822,65.0692,65.9469,62.6259,65.0000,63.6003,64.8999,67.4166,66.7308,68.4763,66.1891,66.2420,69.7782,67.6240,67.6240,70.5762,70.5762,68.7095,69.5701,70.5195,71.5681,71.8401,73.0821,73.4983,74.7262,74.4648,77.2010,77.2010,78.1089,77.1622,75.9605,75.0267,74.7329,72.4983,69.3542,68.0000,65.7647,65.3682,64.6607,62.1289,58.8218,55.8032,52.8015,53.2635,52.4023,51.6624,50.2096,47.5079,45.8039,0.0000,0.0000,0.0000,0.0000,0.0000,0.0000,0.0000,0.0000,0.0000,0.0000,0.0000,0.0000
1700000024.300000,-64.1,65.3682,65.5134,66.8506,68.5055,65.8027,62.8013,64.4438,65.0692,65.7951,65.0692,67.1789,67.3573,68.8840,67.4759,69.2026,69.8928,68.7968,69.3397,70.1783,70.8308,70.8308,73.4302,70.7107,74.7061,74.2428,74.7061,76.9675,76.0263,77.3692,76.9220,76.1577,76.5376,79.7559,76.6616,78.2304,76.2758,73.4983,71.0634,70.4344,68.2495,66.0681,65.1920,65.0692,60.8112,57.2800,57.3149,54.8179,55.4437,53.0094,52.1536,49.2443,47.8539,0.0000,0.0000,0.0000,0.0000,0.0000,0.0000,0.0000,0.0000,0.0000,0.0000,0.0000,0.0000
1700000024.350000,-62.3,72.3671,71.8053,72.8011,72.8011,73.0821,68.6804,69.6419,68.7095,69.4622,69.7711,71.5891,72.9452,72.4707,73.0616,73.5731,74.3303,72.9452,74.6257,75.0000,74.8131,77.0065,75.2861,74.8131,78.7464,79.5110,80.4301,80.1561,80.8084,83.0963,83.0963,81.8352,81.2158,81.6088,79.8812,80.9938,77.9359,79.7559,75.6637,73.7902,72.0069,70.7743,69.4622,68.7095,64.8460,62.2977,60.4401,58.9406,56.7539,54.9181,53.6004,53.1507,51.0000,0.0000,0.0000,0.0000,0.0000,0.0000,0.0000,0.0000,0.0000,0.0000,0.0000,0.0000,0.0000
1700000024.400000,-61.1,70.0071,69.1158,69.3542,68.3593,66.7533,67.7422,66.9104,66.0984,68.6586,67.9117,68.4105,70.2140,70.5195,71.1688,68.0074,71.6938,71.3092,71.1758,70.6612,72.4500,72.0139,73.3553,73.7902,77.1751,75.8024,74.7930,77.4145,78.2304,77.5242,79.2591,77.4145,80.5295,79.6241,81.0247,77.0779,75.9605,77.4919,73.0821,71.8401,69.3758,68.8840,65.7343,67.2681,61.8142,60.4070,58.2151,59.2115,54.0093,54.0093,53.1507,51.2445,48.0521,0.0000,0.0000,0.0000,0.0000,0.0000,0.0000,0.0000,0.0000,0.0000,0.0000,0.0000,0.0000
1700000024.450000,-60.8,69.0652,69.1809,69.2604,71.3442,68.4690,65.6201,69.2315,67.6831,69.1231,70.6045,70.2140,71.1688,70.9366,69.4622,70.3847,72.4983,73.3485,70.6612,72.0694,72.4707,72.9452,73.9256,73.9256,77.6660,78.2304,77.9359,80.7094,80.1561,79.3221,79.6116,80.7775,81.9878,79.2591,78.7147,77.8203,77.3692,76.0592,74.3236,70.3847,70.3847,67.3573,67.6757,66.2193,60.7289,59.2284,55.9017,58.5491,55.3263,55.2268,51.0000,51.0098,47.0956,0.0000,0.0000,0.0000,0.0000,0.0000,0.0000,0.0000,0.0000,0.0000,0.0000,0.0000,0.0000
1700000024.500000,-63.2,66.7083,68.6804,67.8822,69.3109,66.5282,67.9412,68.0147,66.7083,66.8431,65.2150,69.3397,68.7968,70.7107,70.3278,71.1969,69.3181,71.5542,70.2140,70.7743,73.1642,73.0069,72.4500,70.3847,74.6324,74.6324,74.6324,76.5376,77.7946,79.0569,78.1089,79.3788,79.1202,77.6209,76.9675,76.0592,73.3485,73.3485,72.4707,71.5891,67.6018,67.9559,65.4599,62.4260,60.2163,58.8982,55.9732,55.9017,55.1725,50.2096,48.1664,49.0408,46.8722,0.0000,0.0000,0.0000,0.0000,0.0000,0.0000,0.0000,0.0000,0.0000,0.0000,0.0000,0.0000
1700000024.550000,-63.4,69.1809,69.0290,71.0070,71.0000,70.0000,67.0298,68.2642,69.4622,68.5930,71.0211,69.4262,71.5891,71.0634,73.2462,72.5328,72.7324,70.8378,71.1688,70.0071,74.3236,73.9256,74.7329,72.4500,76.4788,76.0263,75.1532,77.8267,81.4125,80.0625,80.0625,79.6053,80.5295,81.0247,79.7057,77.1622,76.8440,74.9466,72.4224,73.4983,71.3092,69.0507,66.2873,65.1153,61.8142,59.5399,57.2189,57.1402,55.0000,55.0000,53.0094,52.3450,47.6760,0.0000,0.0000,0.0000,0.0000,0.0000,0.0000,0.0000,0.0000,0.0000,0.0000,0.0000,0.0000
1700000024.600000,-63.1,70.1783,67.0075,69.6348,69.0652,68.5055,67.1193,66.2420,68.0000,68.0000,69.7782,70.6612,69.8570,69.0797,70.5762,68.9493,74.0405,66.7608,71.5681,69.8570,72.5672,72.3671,72.3671,74.5252,74.8131,74.9667,74.8131,76.4199,79.7621,75.6637,79.9062,77.9295,78.9177,78.2624,78.4474,79.0759,77.3692,75.2861,72.1110,72.4500,68.3520,67.7791,64.0781,65.7419,59.0339,59.5063,54.5894,55.0727,54.3783,55.2178,51.4004,49.6790,47.3814,0.0000,0.0000,0.0000,0.0000,0.0000,0.0000,0.0000,0.0000,0.0000,0.0000,0.0000,0.0000
1700000024.650000,-62.2,69.4622,67.1193,70.7107,69.3181,69.8355,67.7422,68.2422,69.0652,70.2140,68.6003,69.2026,69.6563,69.3542,70.7248,67.8970,72.1803,69.3542,70.0928,68.2495,69.2026,73.2462,73.0069,71.4003,75.1665,76.2758,74.0608,77.3886,79.6116,76.5506,78.4920,75.7166,78.6003,79.8123,76.2168,78.7464,77.2334,74.3303,74.9667,70.7248,69.3542,68.0147,65.1153,67.4759,59.8164,59.8164,57.2014,56.3028,55.2268,54.2033,52.3259,51.4781,47.4342,0.0000,0.0000,0.0000,0.0000,0.0000,0.0000,0.0000,0.0000,0.0000,0.0000,0.0000,0.0000
1700000024.700000,-63.6,65.2150,69.6419,66.0379,66.3702,65.7647,67.6018,67.0820,63.5610,67.2309,64.2573,67.4166,67.0522,68.0074,66.9403,70.0928,67.2681,69.2315,66.7533,69.7209,70.3491,69.3542,70.4557,66.4831,70.1142,73.1710,74.1687,76.0263,74.1080,79.0063,76.0000,76.1643,76.1643,76.1643,75.5381,74.6726,72.0069,71.8471,70.6116,68.8840,67.9117,64.5601,66.0984,65.1460,60.7454,57.0088,56.4624,53.3104,53.2259,50.6063,50.2494,48.5489,44.0454,0.0000,0.0000,0.0000,0.0000,0.0000,0.0000,0.0000,0.0000,0.0000,0.0000,0.0000,0.0000
1700000024.750000,-65.2,68.8840,67.6018,68.1836,69.2604,69.1809,65.0308,67.0075,68.0294,68.1836,68.1836,68.1836,68.5930,70.4557,70.8590,68.8840,69.6348,71.0634,68.8840,70.2140,70.2140,70.2140,71.7844,71.4703,72.8011,74.3303,72.6154,75.7694,76.3217,75.3923,79.4796,73.3894,77.8332,78.1089,78.1089,78.1601,75.6902,73.2462,71.5891,70.2140,69.2315,67.6018,64.6297,64.2806,60.1332,58.0345,58.0086,57.0000,56.0803,53.1507,52.3450,49.0306,47.8017,0.0000,0.0000,0.0000,0.0000,0.0000,0.0000,0.0000,0.0000,0.0000,0.0000,0.0000,0.0000
1700000024.800000,-60.3,67.3647,66.4831,66.9104,68.7314,67.7422,65.9242,66.7083,65.9697,65.5210,67.3573,68.9493,68.7095,69.2892,69.0797,68.1542,70.2140,69.3181,68.4471,68.9638,67.7422,71.1969,71.3442,68.2642,71.0282,72.9452,72.4224,75.7166,76.5506,75.7166,75.7166,74.6257,79.0759,78.3901,77.4145,76.4788,75.5844,73.8241,70.2638,69.0797,68.1542,66.4078,65.4599,62.6418,58.9406,58.4637,55.7315,53.7587,53.6004,52.2398,51.1566,50.0000,47.0956,0.0000,0.0000,0.0000,0.0000,0.0000,0.0000,0.0000,0.0000,0.0000,0.0000,0.0000,0.0000
1700000024.850000,-61.2,71.5122,69.5701,71.1688,72.1249,72.2772,68.4105,69.6348,70.8590,69.0507,71.4493,71.7008,73.4370,73.1710,72.1734,70.0071,74.0000,72.0000,72.0000,74.0608,73.1095,74.1687,75.2396,73.1710,76.7919,77.6466,74.6726,78.9177,81.2158,79.7621,79.9062,79.6304,80.3990,81.2219,79.3095,79.1581,80.0000,79.0000,75.1066,73.1710,70.1783,71.4493,67.4759,67.7422,62.8013,62.3699,60.2080,58.6941,57.0088,56.6480,52.9245,53.6656,48.8774,0.0000,0.0000,0.0000,0.0000,0.0000,0.0000,0.0000,0.0000,0.0000,0.0000,0.0000,0.0000
1700000024.900000,-56.8,69.7782,68.1542,68.0074,67.4166,66.4078,67.3573,67.0522,67.4463,67.9117,68.6586,68.7314,66.2722,68.4690,68.4690,68.3593,69.1809,68.0294,68.0074,68.0074,70.0000,69.0000,71.0070,70.0286,72.2496,73.1710,74.1687,74.3303,75.1665,75.4255,74.1687,75.1066,76.0263,75.0000,77.0065,76.0592,74.0608,72.0625,70.3491,69.2604,68.5930,65.9242,64.3273,65.0000,60.8769,58.9406,55.6597,55.3624,54.2310,51.4781,52.3259,50.5371,48.0208,0.0000,0.0000,0.0000,0.0000,0.0000,0.0000,0.0000,0.0000,0.0000,0.0000,0.0000,0.0000
1700000024.950000,-62.9,68.2495,68.7314,68.7314,71.4493,68.2642,67.3647,69.1809,68.0294,68.0074,68.0000,68.0294,69.1158,68.1175,68.3593,69.4622,69.4622,69.7209,68.7314,70.4060,69.2315,70.2140,70.6116,69.6348,72.1249,75.9605,73.0821,75.9605,75.4321,77.2010,76.9220,77.8781,76.4003,78.4474,76.1183,74.6726,73.6817,74.6726,71.1758,70.1783,69.0072,66.0000,65.0692,63.0000,63.1981,58.4209,55.5788,55.1090,54.5711,54.1202,52.2015,49.9800,48.3322,0.0000,0.0000,0.0000,0.0000,0.0000,0.0000,0.0000,0.0000,0.0000,0.0000,0.0000,0.0000
1700000025.000000,-64.5,64.1249,64.0000,67.0000,67.0000,67.0298,66.0681,66.2722,66.1891,63.2851,64.4981,63.7887,64.5368,67.1863,64.2884,65.2533,66.4078,64.8460,64.8460,67.7791,67.2309,68.1542,66.7083,66.7083,69.8355,68.4251,70.6612,71.1969,71.1969,72.0694,73.8241,75.1332,75.5844,75.6439,73.9256,71.3092,71.8679,71.7844,68.3081,66.4078,66.2193,63.7887,63.7887,63.3482,59.5399,55.7315,53.2353,53.1507,53.0848,51.0098,49.0000,48.1664,44.7214,0.0000,0.0000,0.0000,0.0000,0.0000,0.0000,0.0000,0.0000,0.0000,0.0000,0.0000,0.0000
1700000025.050000,-59.0,67.6831,70.8308,67.3573,71.1688,70.2140,68.0074,68.1542,68.1542,68.1542,68.4471,71.5891,70.6612,70.3278,68.0955,71.3442,69.3397,71.6101,68.0074,71.8401,69.8140,70.4344,73.1095,70.2922,74.2765,75.0067,75.0067,77.1557,75.6637,77.1038,77.1038,77.2334,80.0562,76.6942,79.6492,76.4003,73.8173,74.8866,72.7186,71.1969,72.0694,67.1193,68.8840,64.4050,64.4748,59.0931,56.3028,56.6127,55.3624,54.5711,51.9711,53.2353,49.0408,0.0000,0.0000,0.0000,0.0000,0.0000,0.0000,0.0000,0.0000,0.0000,0.0000,0.0000,0.0000
1700000025.100000,-61.6,69.2604,68.4690,68.4690,68.4690,67.0820,67.8970,67.0820,67.2681,68.6586,68.9638,65.7875,69.0797,68.3520,70.9366,68.1542,70.2638,67.9779,67.5426,70.2353,70.2140,69.3181,70.7107,70.4911,70.4557,73.4983,71.8471,75.7166,75.1665,77.1038,75.7166,73.5731,78.3901,76.4788,75.5910,74.6860,75.1332,72.9178,72.6154,72.2357,71.5122,65.1460,64.2884,64.2884,59.6657,60.2080,56.5685,55.4437,55.1453,53.0848,51.0882,51.0000,49.1630,0.0000,0.0000,0.0000,0.0000,0.0000,0.0000,0.0000,0.0000,0.0000,0.0000,0.0000,0.0000
1700000025.150000,-65.0,69.3542,68.0147,69.0290,67.6240,67.0075,67.2012,67.4240,66.2873,67.1193,67.1193,66.2420,68.0000,69.3181,68.0294,67.5426,70.9366,67.0671,69.0797,68.3081,70.2140,69.2604,70.3420,68.9638,71.5891,72.0347,71.5891,75.9276,75.9276,75.3127,76.9025,75.4321,76.9220,77.2010,76.5376,75.2728,73.3894,71.8679,71.5891,70.2140,68.4251,66.7308,65.7647,63.1348,61.0574,59.9083,58.0086,57.6281,57.4891,51.8556,52.3259,51.0882,47.6340,0.0000,0.0000,0.0000,0.0000,0.0000,0.0000,0.0000,0.0000,0.0000,0.0000,0.0000,0.0000
1700000025.200000,-63.1,70.2353,68.8840,67.2309,67.7422,66.0379,66.0379,65.2150,67.2012,67.4240,65.4370,69.5270,69.3542,68.5930,68.6222,67.8822,69.3542,68.0147,67.4759,67.2012,69.6563,68.8840,71.4003,68.0074,71.3442,73.2462,73.4983,74.3303,73.7835,76.8505,74.6257,76.8440,77.4209,75.6042,77.4661,73.8783,72.4707,72.0069,71.5052,70.7672,69.2965,67.2086,65.1920,63.1269,61.7171,58.6003,56.8595,55.4707,53.8516,53.7122,50.6063,49.2443,48.0833,0.0000,0.0000,0.0000,0.0000,0.0000,0.0000,0.0000,0.0000,0.0000,0.0000,0.0000,0.0000
1700000025.250000,-61.7,68.7968,68.2642,68.6003,68.9638,70.2353,68.8840,67.6240,66.7083,67.6240,68.0074,69.2892,70.5195,69.9214,69.3758,69.1231,68.6586,68.2495,68.4471,67.7422,71.5681,69.5845,71.5681,69.4622,71.1758,73.1095,74.1080,74.0270,76.1052,75.0600,77.1038,75.1665,76.2365,76.2365,75.4255,74.8131,76.5310,75.1332,72.3671,71.3092,68.6586,67.7200,65.4599,63.9062,60.1664,60.0083,56.4624,55.0091,55.4707,54.7083,51.8652,50.6063,49.0408,0.0000,0.0000,0.0000,0.0000,0.0000,0.0000,0.0000,0.0000,0.0000,0.0000,0.0000,0.0000
1700000025.300000,-63.6,67.2012,66.0303,64.3506,66.8880,65.5134,66.7308,65.2993,65.7951,64.4050,65.9242,65.5515,65.7875,66.7308,66.4078,65.7875,68.8840,67.6831,65.7343,66.0984,68.0661,67.8970,68.7314,66.7533,69.2604,71.2531,70.2567,71.1126,73.1095,74.1080,73.1095,75.4255,73.4370,76.6551,73.6817,71.8471,71.1969,70.2140,68.6586,67.1863,66.7608,62.9365,64.5136,61.6847,59.2368,56.4624,55.9464,55.0091,55.4707,51.1077,52.1536,49.2037,47.4236,0.0000,0.0000,0.0000,0.0000,0.0000,0.0000,0.0000,0.0000,0.0000,0.0000,0.0000,0.0000
1700000025.350000,-63.5,69.7711,67.5352,67.7422,67.7422,66.8506,67.7422,66.6108,65.6049,67.0075,64.0312,66.7083,67.8970,67.8970,67.8970,67.8970,67.2681,68.1175,68.2495,68.4105,68.0074,65.8027,69.8928,68.2422,69.1158,72.9452,71.1969,71.1969,72.0694,74.7930,76.5376,73.7835,75.4718,74.8866,74.8866,75.2130,73.6003,73.4098,68.8840,68.7677,68.1175,65.0692,65.7647,62.9365,59.4643,57.3847,56.2228,56.2228,53.8238,54.6443,52.8394,49.6488,47.9270,0.0000,0.0000,0.0000,0.0000,0.0000,0.0000,0.0000,0.0000,0.0000,0.0000,0.0000,0.0000
1700000025.400000,-61.0,71.1126,70.6612,73.4302,71.5891,71.5891,67.2309,70.7248,70.0000,71.8471,70.6045,70.0000,73.1095,70.8378,72.9178,70.8378,71.4493,70.7248,71.5052,70.1783,71.5891,71.2180,72.4707,73.4098,74.4043,75.0000,75.4520,77.1038,80.4487,77.6660,81.2711,77.0065,78.6003,80.2808,77.6209,77.8974,75.8222,77.1038,74.9667,73.5527,71.4493,69.5270,69.6563,67.2012,62.0081,61.6117,57.9828,60.5392,56.9386,58.1378,54.2310,52.8110,49.3356,0.0000,0.0000,0.0000,0.0000,0.0000,0.0000,0.0000,0.0000,0.0000,0.0000,0.0000,0.0000
1700000025.450000,-65.3,68.8840,68.0147,68.8840,69.0290,66.4003,67.0075,68.0074,65.4599,66.5733,68.6003,68.0955,69.3542,70.6612,70.2140,69.3181,69.0797,69.0797,68.1542,69.5701,68.6222,70.5762,69.9214,69.2604,71.0634,73.2462,70.0928,74.2159,74.9533,75.9276,75.4321,75.6902,75.9605,77.1622,75.6108,74.6726,74.0945,72.6154,72.0139,69.3542,69.7711,67.1193,66.2420,64.1405,60.2080,58.8218,57.2014,57.4891,54.6717,54.4885,50.2096,50.9902,50.6063,0.0000,0.0000,0.0000,0.0000,0.0000,0.0000,0.0000,0.0000,0.0000,0.0000,0.0000,0.0000
1700000025.500000,-64.4,70.2140,70.2140,69.6419,67.7422,70.4911,68.7968,68.7968,68.0074,68.6003,68.2495,68.2495,70.1783,68.6222,67.8970,68.6222,67.8822,67.2681,69.3542,69.6563,69.0290,69.6563,70.6045,69.6348,72.7186,72.1110,72.4017,75.1665,76.8440,75.1665,75.4520,74.8866,77.4209,76.2168,76.4003,75.2861,75.9276,74.6525,72.1388,71.4493,70.0357,68.0147,66.0681,64.5368,61.0737,60.4649,57.1402,57.4543,55.5698,55.9464,53.2353,55.1543,50.5964,0.0000,0.0000,0.0000,0.0000,0.0000,0.0000,0.0000,0.0000,0.0000,0.0000,0.0000,0.0000
1700000025.550000,-61.6,68.2642,69.8355,67.5352,70.2140,66.6408,68.0294,66.7083,67.4166,67.7791,66.4078,67.3573,69.9214,69.1231,67.9117,69.8570,68.0661,67.8970,67.7422,69.4622,69.4622,67.4759,69.1809,68.1836,71.0000,71.0000,74.0068,75.0000,74.0068,77.0065,76.0000,77.0260,77.1622,76.1643,74.3303,74.4312,72.5603,74.6726,72.0069,70.4060,69.6348,66.2193,65.9697,64.8460,61.9839,61.6847,57.0088,56.8595,55.4617,52.7731,52.8394,49.4065,50.6063,0.0000,0.0000,0.0000,0.0000,0.0000,0.0000,0.0000,0.0000,0.0000,0.0000,0.0000,0.0000
1700000025.600000,-62.7,71.0282,71.0282,71.0211,71.5612,71.8679,68.6003,69.3181,68.4471,70.6824,69.0797,70.0071,69.2892,69.5701,69.5701,72.1249,69.3758,72.5672,69.8570,70.0357,71.7008,72.6911,72.5603,74.4312,73.2462,74.2428,74.1687,76.1643,79.1012,78.1025,79.1581,76.1643,79.3095,78.5175,75.6637,78.6384,76.1183,75.5050,71.5891,71.3092,71.3092,67.7200,67.0522,66.4078,62.0322,61.4654,59.0931,59.5063,55.9464,55.4707,54.0833,53.6004,52.4976,0.0000,0.0000,0.0000,0.0000,0.0000,0.0000,0.0000,0.0000,0.0000,0.0000,0.0000,0.0000
1700000025.650000,-63.4,68.6804,69.2604,69.2892,69.6419,69.4622,68.1542,68.1542,69.3181,69.7782,69.4622,67.7422,69.3397,68.7968,70.4557,70.4557,70.8025,68.8840,69.2026,69.3542,69.4262,70.8378,70.8378,70.0357,71.5052,72.8629,72.2496,75.0733,75.7430,77.8974,77.2334,75.7430,78.4920,77.0779,77.0779,77.2334,75.1665,72.9178,71.5891,71.8401,72.0069,67.9559,67.1193,66.2873,60.9016,61.2944,58.1378,57.6975,57.3847,55.1543,55.3624,53.1601,50.8035,0.0000,0.0000,0.0000,0.0000,0.0000,0.0000,0.0000,0.0000,0.0000,0.0000,0.0000,0.0000
1700000025.700000,-60.4,66.7083,68.9420,67.7791,70.9366,68.9493,67.0671,67.3573,68.0074,68.9638,68.1542,69.6348,69.2315,69.0507,68.7314,69.0507,69.1809,68.1836,68.1175,70.0643,70.1142,68.1836,72.0069,70.0000,73.1710,74.0068,73.0616,73.0069,75.1066,76.0592,75.0600,78.0000,79.0000,75.0067,78.1025,74.1687,76.3217,74.3303,71.3442,70.7107,69.8713,67.4685,66.9403,66.7083,61.4003,60.4070,57.5847,57.3847,56.8595,55.0091,54.2033,52.1536,48.4149,0.0000,0.0000,0.0000,0.0000,0.0000,0.0000,0.0000,0.0000,0.0000,0.0000,0.0000,0.0000
1700000025.750000,-62.1,67.7422,69.2315,68.6586,69.8570,66.9403,70.3420,69.2604,69.2604,66.7308,67.7791,69.6419,69.6419,69.4622,69.7782,70.2140,68.4763,71.6938,68.6003,69.6419,70.7248,70.8025,70.8025,68.8186,72.8011,73.0069,74.0270,75.2861,73.8783,77.4661,76.6942,79.2023,77.6209,77.6209,77.4209,75.7166,74.6257,74.7930,74.3034,70.6612,70.6612,66.2118,67.5426,65.0000,64.6220,61.6847,57.8705,59.2030,56.5155,54.9181,55.4437,53.1507,51.0098,0.0000,0.0000,0.0000,0.0000,0.0000,0.0000,0.0000,0.0000,0.0000,0.0000,0.0000,0.0000
1700000025.800000,-62.9,68.0074,68.0074,68.0294,70.0071,67.1863,67.1863,68.4690,68.7314,68.7314,69.4262,69.6348,69.3758,70.3420,68.6804,69.2604,69.5701,69.8928,68.9493,67.6240,71.8679,69.8570,71.1126,69.3542,72.4707,73.3553,74.7930,76.5376,75.5910,77.4145,77.4145,77.3886,80.0562,78.2943,76.0592,77.6209,75.6108,76.3217,72.1110,71.1688,69.6419,67.9117,67.6831,66.4906,63.7887,61.4003,58.4209,58.2151,56.0357,57.0000,53.0000,53.1507,50.8035,0.0000,0.0000,0.0000,0.0000,0.0000,0.0000,0.0000,0.0000,0.0000,0.0000,0.0000,0.0000
1700000025.850000,-60.3,72.0347,67.4685,70.0357,70.8590,70.8590,67.7422,68.1836,67.1863,69.1809,70.0000,69.0000,70.0071,70.0071,68.1836,68.1836,69.5845,68.7314,70.8590,69.8713,72.5672,69.2315,69.8570,71.5891,72.8011,72.5328,73.0069,76.2430,76.9220,75.9605,78.1601,76.6551,78.3390,77.8781,76.4853,76.2955,75.1332,73.9797,71.4493,72.4431,71.3442,69.0652,65.0308,67.0075,63.0079,62.1289,59.2115,60.4070,57.8705,58.0517,57.2713,54.1202,52.2015,0.0000,0.0000,0.0000,0.0000,0.0000,0.0000,0.0000,0.0000,0.0000,0.0000,0.0000,0.0000
1700000025.900000,-62.4,67.4759,65.3070,69.4262,66.7083,70.0928,65.5210,66.4078,67.0671,66.1287,67.4166,70.0071,68.1542,69.3542,68.4251,66.6483,69.4622,67.7422,67.2309,67.9559,70.4557,68.2422,70.0000,71.0282,72.6223,72.8011,72.3464,74.5185,75.2861,73.6614,75.9276,75.6042,76.0592,77.6209,77.4209,73.0069,75.7166,72.2011,72.2011,71.1196,68.4763,70.2140,64.8460,65.3070,59.6154,58.8727,57.2451,58.5235,57.0088,57.0088,55.7315,53.3385,51.0098,0.0000,0.0000,0.0000,0.0000,0.0000,0.0000,0.0000,0.0000,0.0000,0.0000,0.0000,0.0000
1700000025.950000,-63.0,69.3542,70.6612,67.6240,73.0069,67.7791,71.1688,69.5701,70.2140,69.9214,68.6804,70.8802,72.7805,72.7805,71.0211,73.9797,70.3491,74.3303,69.1809,74.1080,72.0625,73.0616,73.0000,72.0000,76.0263,78.0000,77.0065,79.1581,79.1012,82.1523,77.1622,80.0250,81.0247,79.0000,79.0000,79.0253,76.0592,76.1643,74.4312,74.4312,74.6726,69.0507,72.0069,64.1327,64.7611,62.8172,60.1664,60.0833,60.7454,56.4624,56.7979,54.7083,54.3783,0.0000,0.0000,0.0000,0.0000,0.0000,0.0000,0.0000,0.0000,0.0000,0.0000,0.0000,0.0000
1700000026.000000,-61.2,67.9779,70.7107,67.2309,70.8308,67.9559,65.7343,67.4240,68.1175,67.0075,65.2993,70.8378,70.8378,69.2965,68.5930,68.5930,70.1783,70.1783,66.7083,70.0000,70.4557,68.5055,72.6705,69.0652,71.3442,72.7186,73.0616,75.6637,73.9256,77.4145,77.5242,74.6257,78.0320,77.6981,75.7166,75.4520,73.0069,73.6003,73.1095,70.1783,70.1783,66.5282,66.5282,63.6396,62.2896,60.8769,60.2080,57.6281,56.0357,54.6443,54.7083,52.3259,50.5668,0.0000,0.0000,0.0000,0.0000,0.0000,0.0000,0.0000,0.0000,0.0000,0.0000,0.0000,0.0000
1700000026.050000,-64.9,64.3817,63.5059,63.9531,66.4906,64.3273,64.7611,65.2533,65.2533,63.6003,62.6259,66.7308,65.9242,67.2309,67.1193,65.7419,66.6483,67.2309,64.8845,68.7968,68.7968,68.7968,66.4003,65.8027,69.0290,72.6223,72.6223,73.7564,73.7564,75.9276,73.8783,76.8375,74.6525,75.0000,74.6324,75.1665,71.8679,73.0616,71.3442,71.1196,68.8840,67.0820,67.0820,63.5610,62.7694,61.6847,56.6127,56.0446,55.0818,55.3173,53.9351,53.4603,51.0392,0.0000,0.0000,0.0000,0.0000,0.0000,0.0000,0.0000,0.0000,0.0000,0.0000,0.0000,0.0000
1700000026.100000,-59.7,70.0071,71.1126,72.2496,71.1758,71.3442,70.5762,70.8590,71.0211,69.2315,71.3863,73.0069,73.4983,73.4983,70.5195,71.8401,73.3894,73.7360,70.9366,71.5891,72.9178,73.8241,73.3485,73.7902,73.9256,76.0592,76.5376,78.7147,77.8974,79.7559,80.5295,79.6053,81.4125,79.7057,78.9240,79.8499,78.7718,78.1089,75.5844,73.4983,72.2772,73.2462,72.0347,68.2495,65.3070,63.2851,61.2944,61.0737,60.0083,57.0000,58.0775,57.3149,52.7731,0.0000,0.0000,0.0000,0.0000,0.0000,0.0000,0.0000,0.0000,0.0000,0.0000,0.0000,0.0000
1700000026.150000,-63.9,68.2495,70.0928,70.0928,70.6045,69.2604,68.6222,69.2892,69.0797,70.3847,69.3542,72.0069,72.5603,72.2011,71.6938,72.2011,71.0282,71.4003,69.2026,69.8140,72.4707,75.1665,72.3464,73.5935,75.6637,76.3806,76.3806,80.7217,79.9062,81.3204,80.6598,81.3204,82.7345,82.0731,80.7217,80.0562,78.5684,76.6942,77.6209,76.0263,73.8173,69.3397,71.2811,71.0211,64.4981,64.8845,64.8460,63.5059,60.7454,60.5392,58.1893,59.9083,53.9351,0.0000,0.0000,0.0000,0.0000,0.0000,0.0000,0.0000,0.0000,0.0000,0.0000,0.0000,0.0000
1700000026.200000,-58.5,69.9214,72.2772,69.2315,72.3671,69.4262,73.9797,68.5930,68.2642,69.2604,70.0286,72.0278,73.0000,74.0000,74.0000,75.0267,71.1758,74.3303,69.3542,72.8354,72.9931,74.9667,75.3127,69.6348,76.1577,77.3692,78.5875,81.7435,78.5875,84.4038,80.0500,81.0247,80.8084,80.2309,80.0625,80.6226,74.8131,79.4040,76.4199,76.1643,74.1080,70.0000,74.0068,68.0074,68.0294,66.1891,63.2851,61.4003,60.0167,56.2939,57.4891,55.9732,53.7122,0.0000,0.0000,0.0000,0.0000,0.0000,0.0000,0.0000,0.0000,0.0000,0.0000,0.0000,0.0000
1700000026.250000,-61.0,68.0147,66.4831,69.3109,67.1789,68.6222,67.2086,68.1175,66.8431,68.6003,71.0282,70.8025,69.3397,70.1783,69.1158,69.4622,71.5891,69.7782,71.5542,71.1758,71.3092,71.6938,71.3092,71.3092,74.6324,76.2168,74.9466,75.5844,78.7464,78.1601,81.2711,77.1622,80.9568,79.4796,80.4114,77.4726,77.8781,78.7210,76.0263,72.4707,72.9452,70.4911,69.9714,68.5055,65.4599,63.6003,62.0081,61.0737,60.2080,60.8276,56.6392,56.4004,53.5350,0.0000,0.0000,0.0000,0.0000,0.0000,0.0000,0.0000,0.0000,0.0000,0.0000,0.0000,0.0000
1700000026.300000,-66.0,69.4622,68.5930,70.2140,70.0357,70.8308,65.5134,67.0522,68.3081,68.6222,70.2282,71.1688,72.2357,71.5891,69.8570,71.1126,73.4302,71.1196,71.6938,70.4911,72.7186,70.7248,73.8173,75.1665,75.0000,78.0064,74.2024,81.2158,82.4621,78.4092,81.8352,79.4040,79.8123,81.0247,79.0569,81.5414,80.7775,77.8974,77.3692,74.6860,73.7902,70.7743,69.8570,72.0902,64.8460,64.5136,64.8460,63.7887,60.2080,62.9682,57.4282,58.0775,57.0000,0.0000,0.0000,0.0000,0.0000,0.0000,0.0000,0.0000,0.0000,0.0000,0.0000,0.0000,0.0000
1700000026.350000,-59.1,70.0357,69.0507,69.1809,72.5603,69.1809,68.1175,70.0000,68.0000,71.0000,69.1809,71.1126,70.3491,70.4557,71.7008,72.6911,71.8053,72.7805,70.8308,71.5681,72.5328,71.5681,74.3303,74.0000,75.0267,75.6108,76.3217,80.2309,77.6209,79.7057,78.7909,80.0562,81.5966,78.4347,80.3243,78.8480,78.8480,76.9220,75.1864,74.5252,74.5252,68.8840,70.0357,68.7314,63.5059,63.1981,62.0322,61.0082,61.0000,56.0803,58.1378,56.4358,55.3173,0.0000,0.0000,0.0000,0.0000,0.0000,0.0000,0.0000,0.0000,0.0000,0.0000,0.0000,0.0000
1700000026.400000,-61.1,72.0069,72.5672,69.8570,72.7805,70.3420,70.8802,71.7844,71.1688,70.3847,70.5762,74.8465,73.0069,74.3236,74.2496,73.3553,74.0945,75.8024,72.1110,74.6324,75.6042,75.2130,76.8375,73.8173,78.2432,78.4092,78.2432,80.8084,82.8794,83.7377,85.0412,82.4621,86.6833,83.2406,85.6037,82.2010,82.3772,80.4550,78.3901,76.5376,77.8974,73.3553,72.9178,72.9178,68.9420,66.3099,63.9062,65.4599,62.9365,62.8172,63.1506,57.7062,56.0000,0.0000,0.0000,0.0000,0.0000,0.0000,0.0000,0.0000,0.0000,0.0000,0.0000,0.0000,0.0000
1700000026.450000,-61.7,71.8679,68.0074,71.1688,72.4224,74.2159,67.9117,69.2315,69.7209,72.1803,71.3442,72.4431,72.2496,74.2428,75.0267,74.0000,73.0616,72.0278,73.0616,73.4370,74.4312,73.4370,75.8024,74.8131,78.2624,80.2309,78.8543,80.7775,83.7437,82.0000,82.7647,83.5464,84.5281,84.5281,82.3772,82.0366,81.7435,79.4040,79.0569,77.0584,79.0569,74.0068,73.0000,72.0000,67.1863,68.0294,64.2806,63.3877,64.7765,61.8142,58.9406,59.4811,56.4624,0.0000,0.0000,0.0000,0.0000,0.0000,0.0000,0.0000,0.0000,0.0000,0.0000,0.0000,0.0000
1700000026.500000,-64.5,67.1789,66.5282,67.3573,67.4759,68.4105,66.2193,66.0303,65.7343,68.2642,69.8355,67.2309,69.4622,71.5542,71.1758,70.2638,69.8928,69.5701,67.6757,69.9214,72.5328,73.4983,73.0069,72.2772,73.1642,75.3127,74.3303,78.9177,79.9062,77.9295,80.8950,77.9295,80.0625,79.2465,79.0759,79.0759,80.5233,75.6902,74.9466,74.6324,73.3894,71.1688,69.6419,69.6419,62.2415,63.5610,62.6498,63.6318,60.4152,59.6825,57.4282,58.1378,55.8659,0.0000,0.0000,0.0000,0.0000,0.0000,0.0000,0.0000,0.0000,0.0000,0.0000,0.0000,0.0000
1700000026.550000,-61.8,68.8840,67.2309,68.2642,69.3397,66.8506,67.6757,69.8140,67.3573,68.0147,69.3542,70.7248,71.4213,71.5052,70.9366,73.1095,73.4098,75.2130,71.0282,72.1110,72.7186,71.0211,73.4302,72.2011,77.3692,76.9415,76.4788,80.1124,81.3941,84.9706,81.8596,83.1926,81.4125,83.1865,81.0062,81.4923,80.7775,77.3886,77.9359,76.6094,74.6257,73.4098,71.8401,70.2922,68.2495,62.9682,62.9682,64.3506,60.2080,59.5483,60.6053,59.6406,55.9464,0.0000,0.0000,0.0000,0.0000,0.0000,0.0000,0.0000,0.0000,0.0000,0.0000,0.0000,0.0000
1700000026.600000,-60.6,72.4500,73.4098,73.0069,75.0267,75.8947,74.6324,73.7631,73.2462,74.7329,74.5252,75.5050,75.3127,79.7621,78.5175,77.3175,78.1025,78.0577,76.0066,77.0584,78.0064,79.0253,81.3941,79.1012,81.3941,85.3756,81.3941,85.1587,85.4751,87.1321,87.1321,87.3670,87.6926,88.4590,87.3670,85.2115,84.0060,87.0000,84.0060,81.1542,79.1012,78.1601,78.3135,75.2396,72.5603,69.4622,69.8713,68.4471,66.7083,64.2884,63.5689,60.9262,58.1808,0.0000,0.0000,0.0000,0.0000,0.0000,0.0000,0.0000,0.0000,0.0000,0.0000,0.0000,0.0000
1700000026.650000,-65.4,71.4213,70.0357,67.2681,71.2180,69.2026,69.6348,68.5055,69.8928,68.2642,70.3278,72.9452,72.4500,73.3485,72.4983,72.4983,75.7694,72.1110,72.4224,74.6324,73.3757,75.0000,75.4321,75.4321,77.4661,78.6448,81.5843,81.0494,82.7647,82.3772,83.1865,82.7647,85.9069,83.6780,81.7435,84.4808,80.6536,81.9085,77.4919,78.1857,77.2528,74.7329,70.2638,72.4500,67.1193,66.2420,63.2851,62.4340,64.4050,61.4003,60.3075,58.6941,55.1725,0.0000,0.0000,0.0000,0.0000,0.0000,0.0000,0.0000,0.0000,0.0000,0.0000,0.0000,0.0000
1700000026.700000,-60.9,70.0357,72.1803,70.9366,73.4098,71.4003,75.2130,73.7835,74.8866,73.0616,73.3553,74.6860,76.9220,76.0592,74.4648,78.9240,75.8947,77.7946,75.2861,78.8480,77.3692,78.3390,80.2808,76.4853,81.7435,82.0366,82.0366,83.4865,84.5931,89.8053,87.4643,86.8332,88.8144,87.4757,87.4757,86.6833,84.7231,83.4326,81.2527,80.3617,81.6088,77.7946,77.1622,74.0000,72.4500,70.0071,66.6408,67.5426,66.1891,65.8635,62.9682,61.8547,59.4643,0.0000,0.0000,0.0000,0.0000,0.0000,0.0000,0.0000,0.0000,0.0000,0.0000,0.0000,0.0000
1700000026.750000,-62.0,68.7095,69.0797,69.7782,71.1126,69.3181,72.4707,70.2353,70.8308,70.1783,70.4557,73.4098,74.5185,74.5185,74.3303,75.0733,73.5527,75.0067,71.4213,76.4853,75.6637,74.2765,77.8974,75.1665,80.0000,80.8022,80.2122,83.6002,83.8153,86.6083,83.4086,83.0963,85.0412,84.9588,83.4506,81.3204,82.7345,82.8070,79.9062,79.2086,77.9872,74.4110,75.2861,72.6223,72.8011,68.5055,65.3682,63.6318,64.4127,63.0635,60.4152,61.0983,56.5155,0.0000,0.0000,0.0000,0.0000,0.0000,0.0000,0.0000,0.0000,0.0000,0.0000,0.0000,0.0000
1700000026.800000,-60.9,69.9214,68.0074,69.5701,71.1688,69.8570,69.6419,67.9779,68.8840,69.7711,70.4911,72.5603,70.7248,73.4983,71.4003,72.0069,74.4110,73.6614,73.6614,70.7107,73.5935,75.6637,74.4110,76.4853,76.6942,77.4661,76.6942,81.4002,82.2010,80.8022,85.4283,83.0963,83.4086,85.1469,83.8689,82.0731,82.0731,82.0366,78.4920,77.1038,74.3303,74.4110,73.7564,73.8783,67.8012,66.6108,63.8201,65.7343,61.0574,60.4152,59.0339,57.7754,57.8705,0.0000,0.0000,0.0000,0.0000,0.0000,0.0000,0.0000,0.0000,0.0000,0.0000,0.0000,0.0000
1700000026.850000,-58.1,71.0000,69.0000,71.1758,71.2531,74.4312,71.8471,70.4060,72.7805,72.7805,72.8011,73.7631,75.0000,74.9466,74.3303,75.0267,74.3236,75.6439,74.2496,76.0592,76.0592,78.7718,77.1751,75.6637,79.6116,79.9250,81.3019,83.4865,84.8764,86.2670,84.5991,83.3547,88.5099,86.8332,86.3539,85.0000,83.6481,81.8596,81.5414,80.7775,78.5493,77.7946,74.9466,72.4224,69.6419,68.8840,66.7083,68.0661,66.6108,65.4905,61.0328,64.0000,57.1402,0.0000,0.0000,0.0000,0.0000,0.0000,0.0000,0.0000,0.0000,0.0000,0.0000,0.0000,0.0000
1700000026.900000,-64.5,70.0071,67.9412,71.5891,68.2495,71.2180,68.4105,69.0652,72.9452,72.1110,73.5731,74.3034,73.7902,74.2428,75.1532,75.6439,77.1622,73.3894,75.6108,75.5844,76.8440,76.2430,75.9605,79.1202,79.3095,81.0247,80.6040,83.5464,84.7231,85.5102,83.9524,83.1986,85.6154,84.4808,84.4808,83.8153,84.7703,83.5225,79.3095,80.7775,78.7909,76.9220,72.0139,73.8241,67.6018,68.2642,63.8122,66.8506,64.2028,62.6259,61.0737,60.8112,59.5483,0.0000,0.0000,0.0000,0.0000,0.0000,0.0000,0.0000,0.0000,0.0000,0.0000,0.0000,0.0000
1700000026.950000,-63.7,70.6116,68.0661,72.0069,72.8354,69.7209,70.3491,71.0282,71.0000,71.0000,72.0278,75.0600,75.1665,75.4255,75.5381,73.6817,76.1183,73.5459,74.5252,75.6902,76.9220,78.1601,78.7464,77.2010,81.9329,82.5409,80.9938,82.6378,82.2800,88.0227,85.2350,85.7963,87.3155,85.7030,85.0706,81.9085,82.0061,83.4326,81.2527,78.4474,79.4292,78.0897,73.8241,74.6726,70.3491,67.3647,66.0303,65.0308,64.0000,66.0681,63.2851,60.6712,56.7539,0.0000,0.0000,0.0000,0.0000,0.0000,0.0000,0.0000,0.0000,0.0000,0.0000,0.0000,0.0000
1700000027.000000,-60.2,65.5134,64.4981,66.6483,70.6612,68.9420,66.1891,66.8506,68.3520,69.5701,70.8802,71.3092,69.8570,73.3485,72.8354,71.1969,75.5381,71.4493,74.4312,72.1734,74.1687,74.1080,77.0065,75.0267,77.0260,78.0256,78.0577,80.0999,81.1542,81.1542,84.2140,82.0244,82.0000,82.0244,83.0542,81.0247,81.1542,80.3057,78.5175,78.6384,74.6726,75.1332,71.1969,74.3303,69.1231,67.1863,65.8027,62.0322,64.8460,62.7694,60.8358,59.5399,56.0357,0.0000,0.0000,0.0000,0.0000,0.0000,0.0000,0.0000,0.0000,0.0000,0.0000,0.0000,0.0000
1700000027.050000,-63.6,70.0071,70.7248,70.0928,69.4262,71.0634,69.2026,71.8471,70.4557,73.7835,71.0211,75.8024,77.4145,74.7061,74.2496,74.7329,75.3923,78.1857,74.4648,76.8440,77.7946,77.1622,77.4919,76.5376,79.0759,82.0000,82.2253,85.3756,85.1469,87.3212,86.1220,83.4326,87.0919,89.9889,84.7703,85.7030,84.1190,82.6378,80.6226,80.6226,79.2023,77.3886,74.7061,74.3034,69.8355,68.2642,67.4166,66.6108,66.4003,62.0081,62.2896,60.1082,57.6281,0.0000,0.0000,0.0000,0.0000,0.0000,0.0000,0.0000,0.0000,0.0000,0.0000,0.0000,0.0000
1700000027.100000,-62.2,69.8713,69.2604,70.1783,71.1758,71.0070,70.0071,70.0286,69.0072,73.0069,71.3442,73.2462,73.8241,76.1183,74.9667,75.1332,75.7100,75.9276,74.7329,75.5844,75.0000,77.2010,79.3788,77.2010,78.1857,81.3449,82.0792,84.3090,83.0060,83.3847,85.4400,84.1546,86.0349,85.0706,83.5225,85.1645,82.9699,82.2253,80.2808,80.4114,78.9177,77.6466,73.4370,71.1126,69.0072,70.0071,67.0000,68.0294,63.1269,60.2993,60.5310,59.0339,58.9406,0.0000,0.0000,0.0000,0.0000,0.0000,0.0000,0.0000,0.0000,0.0000,0.0000,0.0000,0.0000
1700000027.150000,-62.1,68.5055,66.8880,67.5352,67.5352,68.8767,67.9779,69.8570,70.0071,70.5195,72.7324,70.2282,74.7262,73.4983,73.2462,73.5459,74.8131,73.5527,74.6726,73.4370,74.4312,76.4199,77.1622,78.1601,79.0253,81.0247,82.0244,82.0000,84.0000,82.0000,87.0000,83.0963,85.0941,85.2878,82.3893,82.4924,85.9884,83.7257,77.6660,78.6448,76.9025,76.9025,73.4983,73.0821,69.2604,70.2282,67.0671,64.8845,63.9531,65.8635,61.9112,60.2163,58.1378,0.0000,0.0000,0.0000,0.0000,0.0000,0.0000,0.0000,0.0000,0.0000,0.0000,0.0000,0.0000
1700000027.200000,-62.2,66.7308,68.3520,68.1542,69.4622,67.0820,68.0000,65.8635,70.8308,66.3702,69.0652,70.2140,70.8025,71.2180,71.8401,74.5185,72.9178,73.5935,72.1803,72.1249,74.2765,75.0733,75.8222,73.6614,77.4661,78.2432,80.4301,82.0061,83.8689,83.2406,83.2406,84.3860,84.3860,85.7030,81.3449,81.4678,81.3204,79.9312,79.3095,76.5768,77.3369,74.0270,72.0069,71.0282,67.6757,66.8506,61.0574,65.8635,62.1772,61.3270,60.1664,59.4811,58.2495,0.0000,0.0000,0.0000,0.0000,0.0000,0.0000,0.0000,0.0000,0.0000,0.0000,0.0000,0.0000
1700000027.250000,-57.8,67.0298,68.0661,67.1863,71.2531,68.4690,69.7209,67.2681,67.6831,70.6116,69.2604,70.2140,72.1110,72.1110,72.4500,75.3923,71.5891,76.0592,70.6612,72.9452,73.3553,76.1577,77.0260,73.5731,76.2758,78.4920,79.8812,83.6002,81.8413,83.7616,81.0247,83.5284,83.2166,84.3801,81.6333,85.0000,81.9878,79.6241,80.9568,78.0000,79.2023,71.5122,73.7360,70.5195,68.6804,68.6804,63.5610,64.1327,64.9384,61.0000,60.4070,61.0328,58.0000,0.0000,0.0000,0.0000,0.0000,0.0000,0.0000,0.0000,0.0000,0.0000,0.0000,0.0000,0.0000
1700000027.300000,-60.1,68.6804,70.1783,70.4344,72.8011,72.4224,69.3397,70.1783,72.4017,75.2928,74.7061,74.6860,75.6439,75.7694,76.3217,75.9605,77.4919,77.2010,75.2861,78.1601,79.5550,79.0759,79.8311,79.6241,80.8950,83.8630,84.3445,86.8332,87.1321,88.9550,86.9770,88.4590,86.6833,88.0738,89.0505,87.8009,83.9345,85.8662,82.2192,85.3815,82.8734,78.7909,77.6209,75.2396,72.8972,67.9779,67.6018,67.7422,65.1920,62.1289,63.8201,61.8466,60.8276,0.0000,0.0000,0.0000,0.0000,0.0000,0.0000,0.0000,0.0000,0.0000,0.0000,0.0000,0.0000
1700000027.350000,-63.8,68.6804,68.4471,70.6116,69.2315,69.7209,70.7107,69.4622,70.1142,71.0634,71.0000,72.0069,76.0592,74.1080,73.1710,75.1665,74.5453,75.4255,74.8131,74.9667,74.3303,75.3127,77.6660,76.6877,79.3095,80.5233,82.0061,83.9345,83.9345,82.9699,82.9699,83.7437,85.1469,86.1452,83.8630,83.7257,82.7345,81.4985,80.2247,77.0000,77.0260,76.0000,75.0000,73.0616,72.1734,69.1809,66.4831,66.9104,62.1691,62.5859,60.4401,61.0983,59.2368,0.0000,0.0000,0.0000,0.0000,0.0000,0.0000,0.0000,0.0000,0.0000,0.0000,0.0000,0.0000
1700000027.400000,-62.4,65.3911,63.1585,68.0074,66.0984,66.7308,65.9697,67.4685,67.4685,65.9242,68.8840,70.8590,72.5603,70.2567,71.1126,69.0652,73.0000,70.0071,72.0069,72.0625,72.3395,73.3348,74.4312,74.4312,76.9415,77.7817,77.9295,79.2465,81.7863,78.8543,85.1469,80.2309,83.1865,83.7257,79.7621,80.5047,82.2982,81.3019,78.0577,75.0067,73.0000,75.0000,70.0000,72.0278,67.1193,67.1193,64.3817,61.8142,61.8142,62.8172,58.1893,57.9396,54.2310,0.0000,0.0000,0.0000,0.0000,0.0000,0.0000,0.0000,0.0000,0.0000,0.0000,0.0000,0.0000
1700000027.450000,-60.1,62.8172,61.9839,64.4981,63.6396,65.3758,64.1950,65.0692,64.0078,65.0000,65.0077,66.0303,67.1193,68.1836,67.3647,68.4690,67.8970,67.2681,67.2681,68.8840,70.8308,69.8570,70.3420,70.0928,73.0821,74.0405,73.3757,75.8947,78.1089,77.7946,76.8440,76.2430,79.1202,78.5875,76.9025,75.9276,75.1332,76.1183,73.5527,73.4370,71.1758,69.1158,67.0671,67.0298,63.0000,63.0079,59.0762,59.3043,57.4282,57.5587,55.1090,54.4059,52.2015,0.0000,0.0000,0.0000,0.0000,0.0000,0.0000,0.0000,0.0000,0.0000,0.0000,0.0000,0.0000
1700000027.500000,-62.9,66.4906,67.7422,70.3491,69.4622,67.2681,68.0661,67.0000,70.0071,69.0652,68.1175,71.2531,72.4431,73.6817,73.9797,73.6817,73.5459,73.9797,73.0069,75.0000,75.9605,75.6902,76.5376,74.9466,76.8960,81.5966,80.0562,83.0060,85.6154,84.1546,85.4400,80.6536,85.0706,85.3815,84.2021,84.2021,81.2527,82.7103,79.4292,80.0625,77.7817,74.4312,74.4312,72.1734,70.0286,66.0076,65.0000,65.0308,66.2722,62.5140,60.6712,60.4152,58.5235,0.0000,0.0000,0.0000,0.0000,0.0000,0.0000,0.0000,0.0000,0.0000,0.0000,0.0000,0.0000
1700000027.550000,-61.4,68.9493,70.3847,71.6938,72.9178,68.8767,69.3542,70.7107,71.0211,69.1158,69.8928,74.0608,74.8131,75.4321,76.5768,77.2334,75.6902,77.0779,75.0067,76.4199,77.8332,78.5175,79.3977,79.3977,81.2158,82.8010,82.6196,86.4002,87.2009,89.2020,86.4002,86.0523,85.9128,88.5268,87.2066,87.7269,84.8528,82.7345,82.8070,80.7217,80.1561,75.4321,77.0065,75.8024,71.6101,70.1783,66.7308,68.0955,65.7647,63.5059,62.7694,60.4070,58.9406,0.0000,0.0000,0.0000,0.0000,0.0000,0.0000,0.0000,0.0000,0.0000,0.0000,0.0000,0.0000
1700000027.600000,-63.5,72.1734,70.0000,69.0290,73.0069,72.1110,71.1126,70.4557,71.5681,76.7919,73.1642,73.7564,75.4321,77.2010,77.4919,76.2430,75.8947,77.1622,79.8499,77.4726,76.9675,77.8781,79.6241,79.1581,81.1234,81.1234,85.0882,86.4523,86.0930,86.4523,87.4643,87.7097,86.3134,87.2353,85.4283,87.7269,85.6154,84.6936,82.6378,81.9085,80.6536,77.8845,77.8845,77.2010,70.8308,72.0069,69.7209,68.5930,66.2722,65.0692,63.0317,63.0317,62.2896,0.0000,0.0000,0.0000,0.0000,0.0000,0.0000,0.0000,0.0000,0.0000,0.0000,0.0000,0.0000
1700000027.650000,-63.2,68.1542,71.6938,70.2282,73.0548,68.6222,70.6045,68.4105,71.0634,73.5459,71.5891,75.8024,73.5527,75.5381,75.2396,76.1643,76.0000,77.0065,76.0000,77.0584,77.2334,77.0584,79.3095,77.3175,79.7621,81.6150,81.7435,87.8237,85.9884,88.1192,87.9659,88.8144,86.4697,88.3629,87.2812,88.2043,86.0233,83.0000,84.0000,79.0063,80.0999,77.1622,77.2334,74.4312,75.5381,69.7209,65.3070,67.4685,66.9403,62.2977,62.0322,61.0983,60.3738,0.0000,0.0000,0.0000,0.0000,0.0000,0.0000,0.0000,0.0000,0.0000,0.0000,0.0000,0.0000
1700000027.700000,-60.2,67.2681,66.7083,70.6045,69.6419,69.2604,68.0074,70.0071,72.0139,69.4622,71.5542,72.8972,71.8679,73.9256,75.8024,70.4911,74.4043,73.0069,75.2130,74.2024,77.3369,75.9276,77.8332,78.5175,79.1960,80.6598,79.2086,82.7345,85.5628,82.7587,86.2786,83.4506,87.0000,85.5862,85.7030,82.9759,85.9128,84.6463,81.6088,78.2368,76.2758,77.9359,73.2462,73.9256,70.7107,68.6003,67.1193,64.8460,64.4748,64.2573,61.0328,61.6117,58.6941,0.0000,0.0000,0.0000,0.0000,0.0000,0.0000,0.0000,0.0000,0.0000,0.0000,0.0000,0.0000
1700000027.750000,-64.1,68.8186,68.2422,68.7968,66.3702,71.1969,66.7308,67.5426,68.4471,69.8570,70.9366,72.1110,72.1110,72.1249,74.9533,70.8308,74.7329,71.1969,74.1485,74.8131,77.5242,77.4145,76.4199,77.4145,79.0253,80.0562,79.0000,81.0247,86.0058,82.0000,87.0230,84.0952,86.0233,87.0919,86.3713,83.4865,83.4865,80.7527,82.0366,78.9177,74.7329,77.1298,73.9797,73.9797,68.3081,69.5701,64.6220,64.6220,63.1585,63.9531,64.0078,60.2080,58.6003,0.0000,0.0000,0.0000,0.0000,0.0000,0.0000,0.0000,0.0000,0.0000,0.0000,0.0000,0.0000
1700000027.800000,-64.9,64.4981,64.1327,65.7343,66.4906,66.9403,66.4831,65.4599,67.4166,68.3520,67.7791,67.6240,70.6612,68.8767,70.2353,70.3278,72.4017,71.2811,69.4046,72.2011,73.4098,74.6525,76.5768,73.0000,75.8222,79.3095,77.1557,78.4920,81.3449,81.3204,82.0366,79.9062,84.2199,82.2192,82.3286,80.9197,80.4301,78.2432,77.6660,77.1038,75.1665,71.8679,72.2011,69.4622,67.1193,64.8845,62.2415,62.2415,60.5392,59.1354,58.2409,59.0339,56.5685,0.0000,0.0000,0.0000,0.0000,0.0000,0.0000,0.0000,0.0000,0.0000,0.0000,0.0000,0.0000
1700000027.850000,-65.4,65.6201,65.4905,67.0671,68.2642,67.1193,67.0000,69.0072,69.0072,69.1809,68.4690,71.3442,72.0069,72.1803,72.5672,71.8053,75.4321,73.7631,72.8011,70.8378,74.0000,74.0405,74.9466,73.3894,76.9675,79.3095,78.2943,79.7057,81.0247,81.9390,82.8553,82.4621,82.6378,85.0941,80.0062,80.9568,81.9085,80.0812,78.3390,77.8781,74.5252,75.1332,71.1969,71.4493,68.4690,68.1175,64.0078,65.0000,62.0322,61.2046,58.4209,57.5587,56.7539,0.0000,0.0000,0.0000,0.0000,0.0000,0.0000,0.0000,0.0000,0.0000,0.0000,0.0000,0.0000
1700000027.900000,-57.0,67.8970,67.9412,67.4759,69.6563,67.2012,66.4003,69.0652,67.4166,69.9714,68.0955,71.5542,72.4500,72.4500,71.1758,70.3847,75.2728,74.0000,73.0548,75.0000,75.9605,75.2861,78.5875,74.9533,79.4292,80.6040,81.2158,81.3941,84.1724,85.5102,85.5102,85.9069,84.4038,85.6154,83.5225,84.4808,83.5225,84.4808,78.1857,78.9240,78.0000,75.6439,74.2496,72.4500,68.8840,66.7308,63.8122,65.4599,62.0081,61.8466,62.4820,60.1415,56.6392,0.0000,0.0000,0.0000,0.0000,0.0000,0.0000,0.0000,0.0000,0.0000,0.0000,0.0000,0.0000
1700000027.950000,-59.7,67.8970,65.7951,65.8559,67.3573,66.8431,67.6240,69.0652,67.4240,68.7968,67.7422,68.2642,70.7107,72.0069,71.5542,72.0139,73.1642,72.8011,70.9366,73.0548,73.0548,73.0548,74.0405,75.0000,74.9533,76.9220,79.3095,80.2808,83.4326,83.1986,83.1986,84.2021,85.4400,83.5225,81.9329,84.7703,82.2800,83.0060,79.3095,77.3886,75.1332,75.1332,73.3553,71.8679,67.6018,66.5733,63.2456,64.2028,63.2535,62.4820,58.7282,58.7963,56.8507,0.0000,0.0000,0.0000,0.0000,0.0000,0.0000,0.0000,0.0000,0.0000,0.0000,0.0000,0.0000
1700000028.000000,-63.5,66.6108,68.1175,67.0671,71.1126,70.0071,70.0071,69.2604,66.3702,68.3593,68.4690,71.2531,72.8354,73.9797,73.7564,73.9797,73.0821,73.3757,74.0405,75.2728,73.3894,76.8440,75.7694,76.3217,79.3095,80.6226,78.9240,84.1724,80.1124,83.7735,84.1724,83.3847,85.6154,85.7963,83.1685,83.8153,81.6088,82.0061,81.7863,78.6448,77.2787,72.8354,74.8131,69.5845,69.0652,66.1891,63.0079,64.0078,63.0079,61.1310,58.5491,58.0517,55.5428,0.0000,0.0000,0.0000,0.0000,0.0000,0.0000,0.0000,0.0000,0.0000,0.0000,0.0000,0.0000
1700000028.050000,-57.7,63.4114,63.2535,65.1920,67.8970,67.1789,61.5549,66.4831,65.4370,65.4370,68.8186,68.2422,70.1783,71.6938,69.4622,68.9638,71.5542,71.5542,71.1126,70.3847,70.7743,72.2357,75.9605,72.1110,75.9605,77.4919,77.2010,79.1202,81.3204,80.0812,81.3204,79.6994,82.8613,85.0941,79.8499,79.7057,80.2309,78.9240,75.1532,75.6439,73.3485,73.5731,69.8355,69.4622,64.1405,63.2456,62.2013,62.0081,60.9590,60.2080,57.3149,57.3149,53.2635,0.0000,0.0000,0.0000,0.0000,0.0000,0.0000,0.0000,0.0000,0.0000,0.0000,0.0000,0.0000
1700000028.100000,-59.7,68.7314,64.7765,67.1863,66.9403,68.1542,67.7200,66.0984,68.0074,68.3520,69.8570,70.7743,72.0139,72.4500,69.8355,72.4707,72.9452,71.2811,72.9452,70.4557,71.0282,75.2130,73.2393,77.2010,75.1665,78.8733,78.2432,82.2192,83.6301,82.3286,84.3860,81.0555,82.8010,83.0060,82.0975,81.8352,85.2350,81.3019,78.7718,74.3034,72.8972,72.8972,72.9178,73.4098,68.3520,63.5689,64.1950,64.0312,61.3922,61.8142,57.5587,58.4209,57.0351,0.0000,0.0000,0.0000,0.0000,0.0000,0.0000,0.0000,0.0000,0.0000,0.0000,0.0000,0.0000
1700000028.150000,-63.0,69.2965,66.4680,69.3542,70.8378,68.1175,69.8140,68.8186,68.5055,70.1783,72.4017,71.6938,72.4500,71.5542,73.4098,74.2496,75.0267,75.8947,76.2168,76.2430,75.5844,75.5844,78.3390,76.6551,77.4661,82.5651,81.3941,83.5464,84.1724,84.5281,86.1452,84.7231,87.0976,85.3756,83.5225,84.8999,84.4808,81.6088,80.0062,81.5966,78.7718,76.6942,75.2396,72.4500,69.7711,67.1193,65.3682,65.5134,63.8122,61.6117,61.4003,59.5483,56.5685,0.0000,0.0000,0.0000,0.0000,0.0000,0.0000,0.0000,0.0000,0.0000,0.0000,0.0000,0.0000
1700000028.200000,-62.1,68.1175,70.0286,69.0000,72.0069,68.0661,70.2567,70.5762,69.8713,72.1803,72.7805,73.5459,73.0069,75.6902,74.3303,76.8440,75.3923,76.1577,76.0592,78.2943,77.8203,78.7909,78.3901,73.8241,81.9878,82.3650,84.2199,85.7030,84.0595,87.9204,87.0919,87.1321,87.1321,87.8180,85.0882,85.4751,82.2982,85.0000,81.0247,78.7909,80.6226,75.9605,75.2728,72.7324,69.2604,68.4105,65.9697,65.0000,66.7083,62.5140,61.2944,59.0000,59.0085,0.0000,0.0000,0.0000,0.0000,0.0000,0.0000,0.0000,0.0000,0.0000,0.0000,0.0000,0.0000
1700000028.250000,-61.7,65.2993,66.6408,67.1193,69.6419,66.4831,69.2892,67.7200,66.4831,67.9117,67.9117,71.8053,70.2140,70.7107,69.4622,74.4312,69.1809,73.0616,70.1142,76.0000,76.0000,73.0000,73.0274,72.0278,77.3175,79.1581,76.4199,81.1542,82.3893,85.3756,81.1542,83.0963,84.0238,83.0241,81.0062,81.0247,81.0555,79.0253,78.3135,78.2304,76.4199,71.0211,73.9797,70.2140,67.4685,66.9403,63.3246,64.8460,62.9682,60.5392,58.1808,57.7062,55.4707,0.0000,0.0000,0.0000,0.0000,0.0000,0.0000,0.0000,0.0000,0.0000,0.0000,0.0000,0.0000
1700000028.300000,-62.8,63.3877,61.6604,67.4685,65.5134,63.7887,65.0000,65.2533,65.4599,69.2892,67.6240,70.9366,68.5420,70.6612,69.7711,67.6018,71.8679,70.1783,71.5612,70.2140,73.2462,71.8401,73.2462,75.4321,76.5768,74.4110,77.3369,79.3095,80.7217,80.6598,82.2192,80.9197,82.8794,83.7377,81.0555,81.4002,81.6088,77.9359,76.0066,75.4718,72.4017,73.4302,71.5891,70.2140,66.2118,65.7419,60.9262,62.3939,60.4070,59.2030,57.4891,56.8858,54.1479,0.0000,0.0000,0.0000,0.0000,0.0000,0.0000,0.0000,0.0000,0.0000,0.0000,0.0000,0.0000
1700000028.350000,-58.0,68.0074,67.6831,68.0661,68.0661,67.7422,69.5845,68.1836,68.0074,71.0282,68.0000,72.0069,73.0616,72.1110,71.2531,73.3348,75.9539,73.8241,74.1485,75.7100,74.2159,74.4648,75.9605,77.2010,79.6994,80.9568,79.0569,81.9329,81.9329,84.7585,84.4334,85.4400,86.6833,86.1278,85.8662,81.7863,82.9759,82.7647,78.0897,77.9295,75.8024,76.2365,76.2365,72.2496,70.1142,66.0000,66.0000,65.1230,63.1981,63.5059,60.0167,58.6941,56.6127,0.0000,0.0000,0.0000,0.0000,0.0000,0.0000,0.0000,0.0000,0.0000,0.0000,0.0000,0.0000
1700000028.400000,-60.7,70.2353,70.7743,74.3236,69.4622,73.3894,70.8378,70.8802,72.1249,73.9797,73.3485,76.6877,77.4661,75.8024,75.5381,74.2428,79.0569,77.0065,77.0000,77.0065,77.1038,78.0577,79.3095,82.0244,81.6150,82.2982,82.3893,87.6926,89.1067,87.6926,90.6697,90.3549,90.6697,90.4489,88.1419,88.1419,88.0057,88.0227,81.0555,80.1561,79.1581,78.2304,78.4092,75.8024,74.8131,70.7107,67.2681,68.1542,65.0000,66.7308,64.2573,62.2415,58.6686,0.0000,0.0000,0.0000,0.0000,0.0000,0.0000,0.0000,0.0000,0.0000,0.0000,0.0000,0.0000
1700000028.450000,-65.1,65.0077,64.2806,66.6108,66.2722,66.9104,65.7647,65.7343,65.7343,65.2533,66.7608,69.2604,68.9493,69.6419,68.7095,68.5420,70.6612,70.6612,70.6612,71.1969,73.0616,72.7186,75.7166,71.0211,75.8024,76.8440,77.0065,78.2368,80.0000,81.2158,81.4002,79.8812,82.6620,80.7094,80.1561,78.5493,78.3901,78.3901,77.8267,73.3485,73.4098,72.0902,69.6419,70.8378,65.4599,63.8905,62.6418,59.6657,59.0339,59.8415,58.5491,55.1453,53.0094,0.0000,0.0000,0.0000,0.0000,0.0000,0.0000,0.0000,0.0000,0.0000,0.0000,0.0000,0.0000
1700000028.500000,-64.0,68.6222,69.4262,68.8840,69.6563,69.6563,67.8012,67.9559,69.4622,70.1783,70.7107,70.2140,72.9178,73.9256,73.0069,73.5391,75.6108,72.7324,73.3894,73.0821,75.9605,77.3692,79.5550,77.3692,79.2465,81.2158,79.9062,86.3134,87.6641,85.7030,86.6833,86.1220,87.5557,88.7694,84.8999,88.8876,83.8153,82.5409,81.9329,80.7775,78.0000,77.8267,74.7061,73.9256,66.3702,68.6003,64.6607,66.6108,65.6049,63.2535,60.2080,60.8112,55.3173,0.0000,0.0000,0.0000,0.0000,0.0000,0.0000,0.0000,0.0000,0.0000,0.0000,0.0000,0.0000
1700000028.550000,-61.9,68.2422,65.1920,66.2420,65.3682,69.7711,63.9531,66.2118,66.4831,66.8506,67.6757,69.5701,68.4105,70.3420,69.8570,67.1863,72.1803,69.8713,72.0069,70.4557,71.4493,73.4370,75.4255,75.4255,75.0267,77.1622,78.0577,81.0247,82.0975,79.1581,83.0542,78.3135,82.3893,82.4924,81.6150,81.8841,81.2158,77.4661,77.1298,75.4321,75.9605,75.9605,72.7324,69.8928,65.5515,64.6220,62.6498,63.0635,62.2656,60.7454,58.5235,56.4004,52.4976,0.0000,0.0000,0.0000,0.0000,0.0000,0.0000,0.0000,0.0000,0.0000,0.0000,0.0000,0.0000
1700000028.600000,-63.3,68.4471,66.2873,66.4831,67.4759,66.2722,67.2681,66.0076,67.0000,68.0000,71.2531,73.1710,70.4557,72.6911,71.7008,73.1642,76.1183,72.7805,72.7805,71.8401,75.4321,76.2430,75.8947,76.8440,77.8332,78.5493,80.7775,80.4114,86.1626,83.3847,86.3771,83.4865,84.7703,84.7703,84.7703,84.2021,85.4400,80.5233,80.0500,78.6448,75.1332,73.4370,72.4431,71.4493,66.0681,65.0077,64.0078,65.0000,61.0328,62.2013,58.6941,58.0517,54.8179,0.0000,0.0000,0.0000,0.0000,0.0000,0.0000,0.0000,0.0000,0.0000,0.0000,0.0000,0.0000
1700000028.650000,-64.9,66.4003,63.5138,68.5055,66.2873,66.8880,64.0078,66.1891,63.9531,67.2309,68.9420,70.0071,69.2892,69.2892,68.9638,67.4463,71.0634,69.6348,72.5672,70.0357,70.8590,72.8354,73.4370,74.8131,74.2428,77.4145,77.2334,81.2219,82.0975,79.1581,83.0963,81.2219,81.2219,82.4924,81.7435,82.7345,78.9177,80.8084,76.6877,76.1577,73.7631,73.0821,71.1688,70.2282,68.3520,64.2573,64.6220,63.9531,63.0635,61.0574,57.6888,57.4282,55.2268,0.0000,0.0000,0.0000,0.0000,0.0000,0.0000,0.0000,0.0000,0.0000,0.0000,0.0000,0.0000
1700000028.700000,-62.4,65.1230,66.1211,66.2722,69.4622,65.1153,69.0507,66.9403,66.7608,68.6804,68.6222,69.2604,70.2282,73.1642,69.0797,70.3847,72.0069,73.3553,69.3542,74.4312,73.5731,74.9466,76.2758,72.4017,76.6094,78.2368,78.6003,81.8352,83.6002,85.6037,83.4086,82.2010,83.0060,85.7030,83.7616,83.2166,79.2591,81.0062,80.0625,79.1581,77.8781,72.6154,70.7743,69.6419,67.4166,67.0671,62.3618,62.8172,61.6117,60.2080,58.6941,56.1427,57.0000,0.0000,0.0000,0.0000,0.0000,0.0000,0.0000,0.0000,0.0000,0.0000,0.0000,0.0000,0.0000
1700000028.750000,-62.1,66.7083,67.6240,66.4003,70.8025,69.8928,67.6757,67.2309,70.3278,66.7308,71.1758,68.9420,71.1758,73.3894,74.0000,72.4224,73.7631,73.3757,71.5681,72.5672,74.5252,76.2955,75.9539,77.9295,77.4145,79.6304,80.5047,81.3941,84.3801,85.3756,83.4865,84.5931,85.7088,87.9659,84.5281,83.5464,82.5651,82.7647,78.5875,76.9220,76.2430,74.3303,73.3894,72.4500,69.2892,67.5426,65.3070,64.4127,62.6498,61.8547,60.7454,60.0000,54.5619,0.0000,0.0000,0.0000,0.0000,0.0000,0.0000,0.0000,0.0000,0.0000,0.0000,0.0000,0.0000
1700000028.800000,-58.3,65.0000,63.2456,67.6757,67.6757,68.0955,66.6483,66.2420,68.4251,66.7083,70.9366,68.7095,67.7200,73.4098,68.9638,67.7200,72.9931,72.5672,68.4471,69.7209,72.1803,77.9295,77.2334,72.1803,77.1622,86.2090,75.0067,84.2140,88.8144,82.3893,80.3990,84.5281,86.9770,79.5110,81.0247,84.5281,79.8311,79.0759,77.8845,75.0000,75.1864,74.9466,73.3894,72.6154,68.1542,63.9531,64.8845,61.4003,60.2080,60.2080,58.5235,56.8507,55.1725,0.0000,0.0000,0.0000,0.0000,0.0000,0.0000,0.0000,0.0000,0.0000,0.0000,0.0000,0.0000
1700000028.850000,-59.8,69.0507,69.8570,69.6419,70.0928,69.5701,68.6222,70.0071,69.6419,69.3542,70.2140,71.5891,73.9256,75.8024,72.7186,73.7835,74.8131,73.0069,74.8131,75.1665,75.1665,77.9872,79.9812,77.1038,78.5175,80.6226,81.3449,84.2912,86.3134,86.3713,85.6329,84.8999,89.1403,88.4138,82.8794,87.0000,83.6301,85.7963,80.4301,81.4002,78.6003,77.4209,74.0608,74.0945,69.1158,69.8355,67.1193,66.1891,64.8460,62.2415,60.7454,59.4811,58.0517,0.0000,0.0000,0.0000,0.0000,0.0000,0.0000,0.0000,0.0000,0.0000,0.0000,0.0000,0.0000
1700000028.900000,-60.7,66.0681,67.6240,65.2150,69.0652,67.4166,66.2873,64.1405,67.1193,68.0000,68.4471,70.6824,69.2892,70.5762,73.0548,70.8378,71.5681,72.5328,71.5681,72.3671,72.7805,73.4983,72.5672,72.9931,76.4199,77.4145,79.7621,79.9062,81.4985,83.8630,81.6150,81.8841,82.7647,85.1469,82.2253,82.4621,79.5550,78.3390,78.4474,77.2010,76.5506,72.4500,73.0069,69.8570,66.1891,64.0078,61.9112,60.2080,62.4340,61.0328,57.6281,56.7274,55.1725,0.0000,0.0000,0.0000,0.0000,0.0000,0.0000,0.0000,0.0000,0.0000,0.0000,0.0000,0.0000
1700000028.950000,-60.0,68.8840,70.0357,69.1231,70.8308,68.4105,71.8401,68.0074,67.6757,70.8378,71.6938,73.3485,72.8972,71.5891,72.7186,74.0945,74.6257,76.8505,73.4983,74.4043,74.6324,75.0000,78.4092,75.4321,79.2086,81.3449,79.9812,84.8528,81.3204,83.4865,84.1724,84.2912,85.7963,87.2009,84.0238,83.8153,82.8010,81.4002,79.8812,77.9359,76.8505,73.9256,74.3034,71.1969,67.5352,68.5420,62.7694,63.9062,60.4070,58.5235,58.5235,57.7235,56.7186,0.0000,0.0000,0.0000,0.0000,0.0000,0.0000,0.0000,0.0000,0.0000,0.0000,0.0000,0.0000
1700000029.000000,-60.9,67.9117,68.2495,66.6108,67.6018,67.2681,65.2763,67.1193,65.0000,67.0075,68.0074,69.0290,70.1783,71.2531,71.4493,71.8471,70.2140,73.0069,70.6116,69.6419,72.8011,73.4983,74.6324,73.4983,75.9605,76.2168,77.8332,80.0562,80.9938,82.2800,82.2800,78.1089,81.2711,82.8613,81.6088,81.0432,79.8311,80.2808,76.6877,75.9539,76.2955,72.9931,71.3442,70.2567,65.0692,66.0681,64.0000,63.0000,60.1332,62.2896,58.5491,56.0892,56.0446,0.0000,0.0000,0.0000,0.0000,0.0000,0.0000,0.0000,0.0000,0.0000,0.0000,0.0000,0.0000
1700000029.050000,-62.9,64.4050,66.8431,67.6757,69.3397,68.2642,66.2420,66.1891,68.5420,69.7782,70.9366,70.5762,70.5195,73.3757,73.7631,73.2462,73.2462,75.3127,71.0211,73.9797,75.4255,74.8131,77.4145,75.2396,78.1025,80.0562,80.0250,81.0247,84.1487,84.0952,82.0975,83.1505,85.2115,83.3847,83.3847,82.7345,83.1865,81.2158,79.8311,78.3390,77.3692,75.0000,74.9466,70.2140,67.3573,67.0671,64.0781,64.0781,61.7414,59.9416,58.6686,58.5235,56.2228,0.0000,0.0000,0.0000,0.0000,0.0000,0.0000,0.0000,0.0000,0.0000,0.0000,0.0000,0.0000
1700000029.100000,-62.3,62.6259,61.0328,64.7611,66.4831,65.3070,63.5610,63.1506,64.4981,64.6297,68.0294,66.1891,67.0075,68.0000,67.0000,69.0652,69.3542,69.5845,68.4690,70.0357,72.0069,72.0069,71.8053,70.8308,74.7262,75.6902,74.7262,76.5376,79.4040,79.4040,79.6994,79.5550,80.0812,80.0500,78.8543,79.0759,78.0897,79.0759,74.6726,74.8131,71.3442,70.1783,68.1175,69.1158,63.0079,63.0079,61.0737,60.1332,59.2115,57.3149,56.5685,52.8867,52.4976,0.0000,0.0000,0.0000,0.0000,0.0000,0.0000,0.0000,0.0000,0.0000,0.0000,0.0000,0.0000
1700000029.150000,-60.9,66.4831,66.2193,66.2873,66.0984,65.9242,65.4905,66.1891,65.1920,68.0074,66.0000,70.0286,69.1809,71.2531,68.3593,68.3593,72.5603,70.4060,72.0069,72.5328,72.5672,73.4983,72.4224,74.3303,74.9466,78.1089,76.5506,81.3449,82.6378,80.9938,82.2800,80.6536,82.5409,81.9085,79.8123,81.3204,82.7103,77.1298,76.6877,76.1183,74.9667,73.6817,71.5681,70.2567,67.2681,64.1249,61.0082,62.0000,59.0762,58.1378,56.4358,55.7315,52.3927,0.0000,0.0000,0.0000,0.0000,0.0000,0.0000,0.0000,0.0000,0.0000,0.0000,0.0000,0.0000
1700000029.200000,-63.1,66.0681,64.4050,68.0074,69.6348,68.7968,66.8880,66.7308,66.6483,69.3542,67.6240,71.1758,70.2282,68.9638,72.4224,72.1249,72.0347,72.7805,72.7805,72.0069,72.6911,72.9931,73.5527,74.5453,75.2396,76.2365,79.1581,79.0569,83.0963,82.0975,83.0241,83.2166,83.2166,83.4865,82.8734,81.8841,82.8734,80.0625,79.6241,76.9025,74.2159,73.7631,70.8802,71.1688,66.7608,64.2573,62.7694,63.1585,61.3270,60.4152,59.6825,56.8595,54.2033,0.0000,0.0000,0.0000,0.0000,0.0000,0.0000,0.0000,0.0000,0.0000,0.0000,0.0000,0.0000
1700000029.250000,-64.5,66.7083,64.8460,65.3682,67.6018,66.7308,66.8880,65.4599,64.6375,64.4050,66.7083,69.5270,69.3542,69.3542,66.4831,70.0071,69.3542,69.4262,69.4262,71.8401,72.6223,73.2462,72.8011,71.2811,77.1038,79.3221,75.4718,76.8505,81.5414,82.6801,82.6801,81.2711,85.0000,82.6196,80.2808,78.7464,79.5110,80.2808,75.7430,74.9667,72.8354,72.1803,70.7672,68.0147,66.0681,65.2150,61.6117,61.8547,61.9112,58.5918,56.7979,56.8595,53.7587,0.0000,0.0000,0.0000,0.0000,0.0000,0.0000,0.0000,0.0000,0.0000,0.0000,0.0000,0.0000
1700000029.300000,-62.4,65.7647,64.1405,64.3506,65.2150,64.6375,64.4050,65.4370,63.8905,69.0290,69.3109,67.8822,70.7672,67.9412,71.5891,70.1783,70.4344,71.0282,71.6101,70.4557,69.8928,71.8471,73.7835,73.5731,73.8241,74.7930,75.5910,79.6492,79.1770,80.5295,81.4125,77.5242,81.4923,82.3772,78.4920,79.6304,79.0569,76.8440,78.4092,74.6525,75.1665,72.9178,70.0357,67.8970,65.7647,63.6553,60.4401,61.2209,60.8030,57.6888,57.1402,56.9386,51.4781,0.0000,0.0000,0.0000,0.0000,0.0000,0.0000,0.0000,0.0000,0.0000,0.0000,0.0000,0.0000
1700000029.350000,-62.6,66.0379,67.6018,67.5352,68.8840,67.9779,67.1193,67.7791,69.2892,69.5701,66.4078,68.9638,68.4105,71.0634,70.6116,70.6116,72.6911,72.4431,69.4622,73.1095,75.1066,73.0616,75.0067,72.0278,75.0000,79.0000,80.0562,81.0555,81.0555,82.1523,82.0244,85.0000,83.0000,84.0060,82.0244,81.0555,79.1012,80.3990,76.5310,75.8024,77.1038,72.9931,72.3671,70.6116,66.9403,65.2533,60.4401,62.0322,60.7454,59.0931,57.2451,57.4543,53.0094,0.0000,0.0000,0.0000,0.0000,0.0000,0.0000,0.0000,0.0000,0.0000,0.0000,0.0000,0.0000
1700000029.400000,-66.1,66.4831,65.8027,68.3520,68.0074,65.5515,66.8506,66.2118,67.0820,68.0000,68.0955,68.9638,69.6419,71.2811,70.4557,70.0000,71.8401,71.0634,70.9366,72.8629,72.1388,72.8354,74.2765,73.5391,76.4853,77.2334,77.9872,79.3977,83.0963,80.1561,81.6884,83.6301,83.5464,84.8999,84.1487,80.6598,81.3941,80.0562,77.2334,76.6942,74.6525,73.0069,70.4557,70.4557,68.2642,63.0635,64.0078,63.5059,59.9333,59.2368,55.7136,56.6127,55.1090,0.0000,0.0000,0.0000,0.0000,0.0000,0.0000,0.0000,0.0000,0.0000,0.0000,0.0000,0.0000
1700000029.450000,-61.2,65.2763,65.7647,65.7647,68.5930,65.3070,65.7343,64.2884,66.7608,68.0074,64.5136,68.3520,69.0797,70.2638,70.2140,71.1126,68.8840,72.9452,66.7308,72.9452,71.0211,71.5612,74.0608,72.2011,73.4098,77.8010,76.2168,79.5110,77.4661,82.6196,77.0065,80.2122,81.6088,81.6088,80.1561,80.9938,74.4312,75.2928,74.7061,76.0263,74.3034,67.6240,71.1758,68.1542,64.8460,63.5689,60.4401,60.1664,59.4390,57.2713,57.7062,54.3323,52.0384,0.0000,0.0000,0.0000,0.0000,0.0000,0.0000,0.0000,0.0000,0.0000,0.0000,0.0000,0.0000
1700000029.500000,-60.8,64.8460,65.3911,68.0294,67.2309,65.5515,64.8460,67.3573,67.0522,66.2193,68.8840,70.8308,70.0357,70.0357,68.7314,66.6108,71.0282,69.1158,71.2531,71.0000,71.0000,71.0070,74.0068,74.0000,77.1622,77.0260,77.2334,78.2304,79.2275,77.2334,82.2192,80.0999,82.0244,81.0062,79.0063,80.0062,79.1581,78.2304,77.4145,74.8131,71.8471,71.7008,71.0211,69.4262,64.5368,62.0967,61.9839,60.0833,57.2451,58.6941,56.3560,54.5894,52.1536,0.0000,0.0000,0.0000,0.0000,0.0000,0.0000,0.0000,0.0000,0.0000,0.0000,0.0000,0.0000
1700000029.550000,-63.8,67.9559,67.6757,65.0000,66.6108,69.0290,69.5270,68.6222,68.6804,67.8970,66.6033,70.8378,70.4344,72.8011,71.2180,72.8011,73.4983,73.7835,71.0211,73.0616,74.3034,74.2428,76.4788,73.3553,78.2624,77.3886,80.6226,82.4621,81.3941,83.2586,81.9390,82.2922,84.9706,83.2406,81.4125,81.4923,82.4924,80.1561,78.8162,78.2368,74.6525,73.1095,73.8783,69.3542,67.8970,67.8970,62.9365,64.4438,61.8466,59.6657,56.6127,56.0803,55.0091,0.0000,0.0000,0.0000,0.0000,0.0000,0.0000,0.0000,0.0000,0.0000,0.0000,0.0000,0.0000
1700000029.600000,-61.0,64.0000,68.0000,67.0000,69.0652,67.2681,68.2642,66.9104,66.0984,65.3070,65.7343,68.8840,69.6419,70.6045,70.8378,71.4703,67.7791,70.3847,69.0797,71.5542,71.5542,72.8972,73.4302,71.5891,75.4718,74.9466,76.3217,78.2304,80.2621,81.9878,77.1751,81.6333,81.9878,81.4923,80.5295,79.1581,78.2943,77.4726,76.6942,75.6108,73.7360,72.1249,71.5681,66.9403,66.2193,63.7887,58.8558,61.6604,59.6825,55.3263,57.0351,54.0000,51.0882,0.0000,0.0000,0.0000,0.0000,0.0000,0.0000,0.0000,0.0000,0.0000,0.0000,0.0000,0.0000
1700000029.650000,-56.9,66.0303,64.3506,69.1158,66.3702,66.2420,63.9531,66.6408,67.1193,65.5515,68.3520,69.6419,68.3081,69.6419,68.6804,67.9117,73.0069,67.0820,70.2140,71.7008,74.4312,71.3442,73.3348,73.4370,76.1052,77.2334,77.0260,79.1012,83.0542,82.0975,84.1487,80.0999,83.0963,80.2247,81.3941,79.7621,78.9177,78.4474,77.6660,73.0069,71.0634,73.4983,68.0074,70.5195,66.1287,62.3939,62.0322,61.3270,61.2699,58.1808,57.4543,56.6127,52.8015,0.0000,0.0000,0.0000,0.0000,0.0000,0.0000,0.0000,0.0000,0.0000,0.0000,0.0000,0.0000
1700000029.700000,-62.6,68.4471,67.0820,68.0955,68.8840,68.6003,68.2642,66.5733,69.0652,67.2012,69.5270,69.5270,68.6222,71.4213,70.7672,71.4213,71.5891,71.7008,71.7008,72.8011,73.4098,72.8011,72.4224,74.6324,75.2928,79.0759,76.6616,80.7775,82.8553,81.9878,81.6333,82.1523,84.5991,82.4197,83.6002,82.0061,80.6040,81.8352,79.0253,77.2334,74.3303,74.2496,72.1249,70.7248,67.2681,66.2193,62.0081,62.4260,61.8547,61.2944,56.4358,56.7979,54.7814,0.0000,0.0000,0.0000,0.0000,0.0000,0.0000,0.0000,0.0000,0.0000,0.0000,0.0000,0.0000
1700000029.750000,-61.8,66.1891,66.3702,66.0984,68.0661,65.7343,66.2193,66.7608,66.7608,66.7308,66.1287,68.7095,69.4622,68.9420,70.6612,68.4763,70.3278,69.9714,69.6419,71.0282,71.6101,72.2011,73.4098,72.4224,75.9276,75.2861,75.2861,80.0562,80.1561,82.0731,79.5110,81.6884,80.2808,82.0061,80.6040,81.6088,79.0569,78.4920,74.9466,77.5242,73.4302,71.5542,69.7711,69.3181,65.7951,64.0781,62.0322,61.3514,58.8218,58.2495,56.2939,55.3263,53.0377,0.0000,0.0000,0.0000,0.0000,0.0000,0.0000,0.0000,0.0000,0.0000,0.0000,0.0000,0.0000
1700000029.800000,-60.0,71.6938,68.7095,70.8378,70.5195,73.0821,68.6804,70.8308,71.3092,72.0069,72.9931,73.8241,73.8241,76.4199,73.2462,74.2428,76.0000,72.0000,76.0000,75.0267,74.0000,76.0592,77.1622,77.1622,77.4145,81.3941,81.7435,82.6075,83.7257,83.8630,85.8429,81.2219,84.2912,85.0529,84.0238,85.0059,87.0057,83.0060,81.0555,79.2275,78.4092,76.4199,71.5681,72.0069,66.9104,67.4685,63.7887,63.8905,62.2977,62.0322,57.7754,58.6003,56.4358,0.0000,0.0000,0.0000,0.0000,0.0000,0.0000,0.0000,0.0000,0.0000,0.0000,0.0000,0.0000
1700000029.850000,-64.2,64.5136,64.8460,66.4831,65.7343,67.6831,66.2873,68.0661,66.7533,66.3702,66.1211,68.1175,70.0071,71.0634,70.0286,71.0000,71.2531,69.3542,71.4493,70.8590,70.8590,71.7008,72.0069,72.1803,73.4983,73.2462,75.9605,78.5875,80.0812,78.5875,79.4040,79.5550,80.2808,79.6241,76.9415,79.7621,78.9177,77.9295,75.4255,71.3442,72.2496,71.0282,69.0072,67.0000,64.0078,63.0714,61.2046,59.3043,59.5399,55.5788,56.0892,53.3667,54.4243,0.0000,0.0000,0.0000,0.0000,0.0000,0.0000,0.0000,0.0000,0.0000,0.0000,0.0000,0.0000
1700000029.900000,-61.8,64.5368,60.4152,66.6108,62.8013,67.4759,63.1981,63.0714,65.0308,65.0692,68.0000,68.0000,68.1175,68.1175,68.1836,65.3758,68.7314,67.0820,68.2495,67.6831,70.6045,70.0928,71.5681,72.5328,72.4224,72.1249,73.0821,74.0000,78.4347,78.4347,78.1089,76.9220,78.1089,77.8845,79.0759,75.9276,75.5050,76.1183,72.6911,72.5603,70.2567,70.1783,66.1211,66.0681,62.0322,61.0000,58.0086,58.2151,58.2151,54.3323,53.9351,51.9230,49.0408,0.0000,0.0000,0.0000,0.0000,0.0000,0.0000,0.0000,0.0000,0.0000,0.0000,0.0000,0.0000
1700000029.950000,-63.0,63.7024,63.0317,61.0737,66.8431,62.0081,64.2028,62.2013,63.5138,63.8122,63.2851,65.7647,67.9779,67.5352,67.6240,68.5420,67.0671,68.9493,64.8460,67.7200,70.6045,69.6419,70.3420,68.1542,70.0357,74.1485,74.3303,75.1332,75.3127,80.4114,75.3127,77.6660,75.9276,77.6209,76.9220,77.2010,73.6817,72.4224,72.4500,70.7743,70.9366,64.8460,68.4471,64.4050,61.7738,60.4152,57.9828,57.1402,55.2178,52.2015,51.2250,52.3450,50.2494,0.0000,0.0000,0.0000,0.0000,0.0000,0.0000,0.0000,0.0000,0.0000,0.0000,0.0000,0.0000
1700000030.000000,-63.0,67.7791,66.8506,65.7419,67.1193,68.0000,65.7647,66.7308,66.2873,67.6757,65.8027,70.8025,68.4105,68.1175,68.6804,68.6804,70.0357,68.6804,70.7672,68.7677,71.0634,71.0634,72.2011,74.0270,74.4043,75.2130,73.8173,76.8505,77.3886,78.7718,77.6981,77.1038,79.0569,79.6304,79.4040,80.4301,78.1025,77.2334,76.4199,72.8629,71.4213,70.0071,70.0357,68.0147,63.8905,63.2535,58.8982,60.0000,56.8595,56.0803,54.1202,53.6656,52.5547,0.0000,0.0000,0.0000,0.0000,0.0000,0.0000,0.0000,0.0000,0.0000,0.0000,0.0000,0.0000
1700000030.050000,-57.7,69.2315,69.0507,69.2604,70.3491,68.1836,69.1158,71.0070,70.0286,71.1758,71.1758,71.1758,72.2496,72.4431,72.0069,72.0069,73.0069,73.0069,72.0347,70.2140,72.4500,74.0000,75.3923,74.3303,78.7909,78.5493,78.7909,79.1581,82.4621,82.2922,84.1724,80.6226,83.2586,83.3847,82.2800,81.2711,80.9568,80.2808,75.9276,77.1298,76.1577,72.3671,72.1803,70.7107,66.7533,64.6297,63.1981,63.0714,61.0000,58.0000,57.0789,55.3263,55.5788,0.0000,0.0000,0.0000,0.0000,0.0000,0.0000,0.0000,0.0000,0.0000,0.0000,0.0000,0.0000
1700000030.100000,-60.2,66.7083,68.5055,67.1193,70.4557,68.7968,69.3397,66.2420,69.7711,69.7711,68.8767,70.7743,70.3847,70.5762,71.1688,72.1110,72.5328,71.3092,70.6045,71.3863,72.3671,73.9797,74.1485,73.1642,76.7919,77.9295,80.6226,82.4924,80.5047,83.7257,78.5175,81.8841,82.0366,82.3772,82.3772,82.2253,79.5550,79.3095,78.1089,75.6108,76.2168,72.2357,70.0071,69.3542,65.2993,63.0635,60.5392,61.5873,60.7454,58.0086,54.6717,54.4885,53.7401,0.0000,0.0000,0.0000,0.0000,0.0000,0.0000,0.0000,0.0000,0.0000,0.0000,0.0000,0.0000
1700000030.150000,-64.7,67.4240,66.8506,67.0075,69.2026,67.4759,67.6240,67.2681,67.1789,67.8970,65.7647,67.8970,70.8378,70.2922,71.4003,72.2011,71.6101,73.4983,70.7248,71.3442,72.5603,72.2011,74.7930,72.0694,75.5844,78.2624,77.3692,79.6241,79.6053,81.8596,81.8413,80.5295,82.2982,81.4923,80.6226,80.7775,78.7718,78.4920,75.8024,75.0000,74.0270,69.4262,70.1783,68.6222,62.9365,60.8112,59.4138,61.7171,59.8164,58.6003,55.0000,55.0727,51.8941,0.0000,0.0000,0.0000,0.0000,0.0000,0.0000,0.0000,0.0000,0.0000,0.0000,0.0000,0.0000
1700000030.200000,-65.1,68.4471,70.0928,69.6419,72.5328,72.1249,69.6419,71.5122,69.6419,70.9366,70.2638,72.0139,74.7061,72.9452,73.9256,74.4312,74.6257,73.8173,73.4983,73.6003,76.0592,74.0270,76.5768,75.2861,79.2465,80.7217,79.9812,84.1724,84.8999,83.4506,83.4506,85.7030,84.3860,85.0412,83.0963,82.6196,83.0060,79.8812,81.5414,80.7775,75.2928,74.7061,72.8972,71.5542,68.5420,66.2118,62.7694,62.0322,60.7289,60.7289,57.0088,57.7062,54.3323,0.0000,0.0000,0.0000,0.0000,0.0000,0.0000,0.0000,0.0000,0.0000,0.0000,0.0000,0.0000
1700000030.250000,-65.2,67.1863,68.1175,66.0000,69.0072,67.0671,68.0000,65.1920,66.3702,69.2604,67.7422,70.0357,70.6116,71.8053,70.3420,73.4983,71.1688,72.1110,68.6222,71.5122,70.9366,73.5391,74.7329,69.8570,74.2428,77.3692,79.1770,80.5295,79.1770,82.7345,77.8267,80.0562,79.6241,82.7647,79.4796,80.7775,78.4347,77.6209,76.5376,76.9220,76.9220,69.6348,69.4262,67.4685,66.9104,62.8013,59.2115,60.2080,59.1354,57.0789,55.0000,56.1427,53.3385,0.0000,0.0000,0.0000,0.0000,0.0000,0.0000,0.0000,0.0000,0.0000,0.0000,0.0000,0.0000
1700000030.300000,-59.3,64.4981,66.8880,64.6375,71.0282,67.0075,67.6240,66.4003,67.4759,66.7083,67.1789,69.3109,70.7672,71.5891,68.8840,71.7008,70.0000,71.4003,68.4105,74.6257,72.4017,73.0616,74.7930,70.8308,74.7061,76.5376,76.9415,80.9568,78.2624,82.7345,78.2943,80.1311,81.0062,81.0062,79.9250,79.9250,75.1665,77.9359,75.8024,74.0270,73.8783,71.5891,70.9366,67.2086,66.4680,64.3817,60.8769,61.0737,58.8982,57.8014,55.2178,55.7584,53.7122,0.0000,0.0000,0.0000,0.0000,0.0000,0.0000,0.0000,0.0000,0.0000,0.0000,0.0000,0.0000
1700000030.350000,-62.2,64.0781,64.6220,63.2456,64.1950,64.5136,64.8460,64.7611,64.5368,63.9531,66.7533,66.3702,68.1836,68.1175,66.0076,68.0661,68.0000,68.0074,68.0000,69.1158,70.1142,68.1836,69.3542,68.4690,71.0211,75.1332,73.9797,76.4853,75.3127,77.2787,77.1038,78.0897,78.9177,77.6466,76.4199,77.3175,75.3260,74.1687,73.0616,72.0000,70.0071,67.0298,67.1193,64.2806,63.1981,60.2993,58.8558,59.0339,55.3173,53.6004,54.5711,50.2892,49.2443,0.0000,0.0000,0.0000,0.0000,0.0000,0.0000,0.0000,0.0000,0.0000,0.0000,0.0000,0.0000
1700000030.400000,-62.2,65.0000,65.0000,68.5055,68.7968,67.7422,66.3702,65.7647,66.6483,67.5426,68.5420,70.0071,70.2282,68.9493,68.9638,68.9638,67.9117,68.6586,71.5891,70.8590,70.5762,72.9931,72.0069,69.5845,73.1710,75.2396,75.2396,79.0569,79.0253,80.0250,81.0555,79.1581,82.2192,81.2219,77.5242,77.7817,77.9295,76.9415,74.3303,72.7805,73.0069,70.6045,69.6419,68.9638,65.1460,62.7694,60.1664,59.5063,58.6003,57.2451,56.4358,54.6443,52.8015,0.0000,0.0000,0.0000,0.0000,0.0000,0.0000,0.0000,0.0000,0.0000,0.0000,0.0000,0.0000
1700000030.450000,-65.0,67.9117,65.0000,67.6831,68.6586,66.4906,66.7533,68.7314,66.4831,68.1836,68.0294,70.1142,70.0000,72.0069,71.1126,70.0286,72.1734,72.4431,70.2567,70.7107,72.6911,70.7107,74.3303,74.3303,75.7100,76.1577,76.4003,80.7775,81.0247,80.0500,81.4923,80.6040,81.3941,79.9062,79.7621,79.5110,78.4092,78.2304,74.1687,74.0608,73.0000,71.0000,68.0074,68.1836,64.0703,62.2896,59.6825,58.8558,58.0517,56.5155,55.0818,54.0833,51.4781,0.0000,0.0000,0.0000,0.0000,0.0000,0.0000,0.0000,0.0000,0.0000,0.0000,0.0000,0.0000
1700000030.500000,-62.7,64.6375,64.6607,64.5368,64.5368,65.1153,62.9682,65.7647,65.7647,67.2086,68.1175,66.8431,68.4105,69.4046,69.6348,69.3397,68.2642,68.0955,67.7422,67.5352,69.3181,69.3181,72.0139,69.7782,73.1642,74.0945,73.1642,76.8960,78.1857,75.6108,79.8499,77.2528,78.7909,81.0247,77.8267,76.4788,76.0592,75.6637,74.0945,72.7186,68.7968,69.8928,67.8012,68.4105,61.8466,61.0737,60.2080,57.9828,57.2800,55.9732,53.9073,53.8238,50.2494,0.0000,0.0000,0.0000,0.0000,0.0000,0.0000,0.0000,0.0000,0.0000,0.0000,0.0000,0.0000
1700000030.550000,-63.4,64.5601,65.1920,63.6946,65.3911,64.0781,62.6498,62.6099,64.8845,65.7647,64.6607,66.2873,69.0652,67.4240,66.0681,67.6240,68.2495,68.6804,67.2681,66.4680,67.1789,69.3109,71.4493,68.6222,72.4707,74.6525,72.3464,75.9276,76.8375,77.0065,76.8375,75.8222,77.2334,78.5684,77.0779,78.5175,76.3806,74.9667,73.0000,72.3464,71.7008,68.4105,66.4003,64.6375,62.1289,60.2080,59.0593,58.1378,58.6003,55.5428,54.2310,52.8110,50.2195,0.0000,0.0000,0.0000,0.0000,0.0000,0.0000,0.0000,0.0000,0.0000,0.0000,0.0000,0.0000
1700000030.600000,-57.5,66.9104,64.9384,66.7083,68.1542,67.7200,65.2533,66.7308,65.7875,67.4166,66.8506,70.2638,70.2140,68.0000,70.7107,69.9714,70.1783,72.4224,69.8928,72.2011,71.6101,73.6003,73.8783,69.6563,75.7430,77.8974,75.0733,78.4920,79.2086,80.6598,80.6226,82.1340,80.8084,81.5659,81.6884,81.0555,77.6209,78.6003,76.8440,73.2393,75.7166,68.6003,69.9714,68.0955,66.6483,64.8460,62.7694,61.0983,60.7454,58.5235,57.2800,55.3173,52.6118,0.0000,0.0000,0.0000,0.0000,0.0000,0.0000,0.0000,0.0000,0.0000,0.0000,0.0000,0.0000
1700000030.650000,-61.6,65.1153,63.7024,62.9682,64.3817,64.3817,63.7809,62.4820,64.5368,64.6607,64.4050,64.0703,66.5733,64.1405,67.1193,67.2309,65.7647,65.7647,64.8460,67.2309,67.1193,68.4471,70.3847,66.3099,72.4224,71.7844,72.1110,75.6108,74.9466,76.5506,74.0000,75.9605,75.9605,77.4726,75.5844,76.4788,74.2428,73.7902,70.7107,70.7107,69.3397,66.4003,67.4240,63.4114,59.8164,59.4643,56.5685,57.2800,55.9017,52.4976,52.4976,52.2015,49.0918,0.0000,0.0000,0.0000,0.0000,0.0000,0.0000,0.0000,0.0000,0.0000,0.0000,0.0000,0.0000
1700000030.700000,-59.2,67.9779,67.5426,68.8840,68.9638,70.3278,65.3682,68.7968,69.6348,69.8928,68.4105,70.8025,70.1783,72.1803,72.1803,72.1803,71.4213,70.0357,72.1388,70.8378,72.3464,74.5185,73.8783,73.4098,74.4043,78.6003,76.6094,78.8162,80.2122,81.0247,80.0000,79.8123,85.6037,84.0238,80.8084,79.3095,78.5175,77.8332,77.8332,76.4199,73.0000,70.4344,71.4003,67.6240,63.5138,62.4340,61.4003,61.4003,59.9333,56.7979,56.0803,55.0273,49.3356,0.0000,0.0000,0.0000,0.0000,0.0000,0.0000,0.0000,0.0000,0.0000,0.0000,0.0000,0.0000
1700000030.750000,-63.7,67.6831,67.9117,65.1153,68.0661,66.9104,67.7422,66.2722,68.1175,69.0000,66.0000,68.0074,69.0072,69.0652,69.1809,71.1758,69.8713,71.0211,69.4262,71.5891,71.5681,71.0634,71.8401,71.3092,72.4500,75.2861,76.8440,78.7718,76.8960,78.7718,78.7718,78.1089,78.4347,79.4040,77.8845,76.9220,76.9025,75.9276,75.5050,74.8131,72.6911,68.5930,67.6018,67.2681,64.0703,60.1332,58.0086,58.0000,59.0339,57.2189,54.3323,53.7587,53.3667,0.0000,0.0000,0.0000,0.0000,0.0000,0.0000,0.0000,0.0000,0.0000,0.0000,0.0000,0.0000
1700000030.800000,-62.3,65.7647,65.7647,67.2086,67.2681,68.1175,64.3817,67.6240,66.2193,67.2012,65.8027,67.1193,68.2642,69.4622,68.0000,65.7647,70.6824,66.7083,68.1542,68.1542,72.2357,70.9366,70.5762,70.2282,71.4703,76.2168,73.0821,76.5376,78.4474,77.2010,78.8480,78.4347,78.1089,78.5493,78.5493,78.0000,76.0592,74.7329,72.4707,71.1196,70.7107,69.9714,67.7422,67.4166,63.5138,63.0079,58.2580,57.4891,55.9732,57.2800,54.4885,51.2250,48.8262,0.0000,0.0000,0.0000,0.0000,0.0000,0.0000,0.0000,0.0000,0.0000,0.0000,0.0000,0.0000
1700000030.850000,-63.5,66.4831,64.3506,68.8840,64.5368,66.8431,62.0081,67.2012,66.2873,67.4240,66.7308,67.9559,67.2309,74.7329,70.2140,68.4251,68.0294,67.4166,71.3092,67.4166,74.6324,70.0928,66.2193,73.7631,72.7805,70.4557,71.5681,71.3863,81.4985,79.4292,82.7103,80.4114,78.6448,78.1601,81.6088,76.9220,78.7718,73.5391,75.0267,72.9178,66.7083,66.6408,66.1891,67.5352,61.4003,61.9112,61.2944,61.0328,57.4282,57.0088,51.7397,53.0377,49.8197,0.0000,0.0000,0.0000,0.0000,0.0000,0.0000,0.0000,0.0000,0.0000,0.0000,0.0000,0.0000
1700000030.900000,-63.7,70.2140,65.2993,69.3542,68.9638,69.9714,68.2642,68.7968,69.4046,72.0069,72.4707,69.6563,70.0928,72.1803,72.8354,68.5930,72.9178,71.5052,71.5052,71.7008,74.6525,74.6525,73.8173,74.4043,75.7166,77.1038,76.5506,79.6116,81.3019,79.3221,82.0975,78.8162,82.6620,83.0060,79.8123,80.1561,79.6492,77.8974,75.6637,74.2496,73.5391,73.0000,69.5270,68.8840,63.8905,64.6375,60.0000,59.0762,56.6039,59.0593,57.2451,56.4624,51.8652,0.0000,0.0000,0.0000,0.0000,0.0000,0.0000,0.0000,0.0000,0.0000,0.0000,0.0000,0.0000
1700000030.950000,-63.4,68.7968,69.1158,70.7107,68.8840,69.7711,65.7419,67.2309,67.7791,70.9366,72.4500,71.8679,71.7844,71.5681,71.5681,69.6348,73.1642,72.0069,73.6817,71.2531,74.3303,74.2428,75.0600,74.1687,77.1038,79.0569,77.0260,80.0250,83.0000,81.0000,84.0000,80.0062,84.0060,84.0536,82.2192,80.1561,80.5047,77.6466,78.2624,75.5050,74.5252,71.8053,69.6348,70.8802,66.0984,64.8460,61.6847,60.5392,59.8080,59.9333,55.4707,54.3783,50.4777,0.0000,0.0000,0.0000,0.0000,0.0000,0.0000,0.0000,0.0000,0.0000,0.0000,0.0000,0.0000
1700000031.000000,-63.4,68.2642,68.6003,69.8355,68.4251,70.2140,66.6408,67.2309,71.1688,70.5195,70.5195,71.4703,71.1688,72.2772,73.9797,72.5672,74.1485,71.1969,70.4557,72.2496,74.1080,74.1687,74.0270,74.0270,78.0000,79.0000,79.0000,80.0250,83.0241,83.0241,83.0542,82.0000,84.0000,84.0060,83.0241,82.1523,81.2219,79.6304,75.8024,76.9415,75.3127,72.5672,69.6348,69.8570,65.5210,65.5210,62.3618,61.0328,57.9396,56.3649,54.1295,54.7083,51.3128,0.0000,0.0000,0.0000,0.0000,0.0000,0.0000,0.0000,0.0000,0.0000,0.0000,0.0000,0.0000
1700000031.050000,-61.6,68.0000,69.4622,69.6419,67.7422,69.8928,68.2422,68.4105,68.0147,68.2495,69.3542,70.8378,69.2965,69.3109,70.0357,70.8378,71.7008,71.2180,71.4003,71.0282,73.4983,72.1110,75.1665,74.3303,76.1577,75.2928,77.4145,79.1770,81.8841,79.6492,81.0062,79.2591,81.4923,83.3547,80.7775,80.4550,80.7094,78.6003,75.4321,75.2861,76.5768,70.0928,69.3542,67.8970,63.6396,63.0317,60.8769,60.2080,59.8164,56.3028,55.5698,54.1202,51.4781,0.0000,0.0000,0.0000,0.0000,0.0000,0.0000,0.0000,0.0000,0.0000,0.0000,0.0000,0.0000
1700000031.100000,-62.6,67.6240,66.6108,68.5055,68.2422,69.1158,66.8880,66.2420,68.8840,66.6483,68.5420,68.9420,69.0797,70.9366,71.8679,69.5701,72.1249,69.3758,69.6419,70.6116,71.5891,70.6116,73.3485,70.2140,74.8131,75.8024,74.5453,76.5310,79.7621,79.6304,79.6304,78.9177,81.0494,82.3772,78.8543,79.3095,77.8845,76.9220,75.8947,74.3303,72.4500,70.0071,66.3099,67.5426,63.0714,63.5295,59.9416,59.1693,57.1402,56.3028,54.8179,52.4023,50.9117,0.0000,0.0000,0.0000,0.0000,0.0000,0.0000,0.0000,0.0000,0.0000,0.0000,0.0000,0.0000
1700000031.150000,-59.8,64.0312,63.9531,66.9104,65.1153,65.7647,66.4831,66.1891,66.0681,65.0308,67.0075,68.0000,68.0000,67.0298,68.1836,65.1920,67.3647,66.4831,68.7314,69.0507,69.6348,69.4262,69.1231,71.5891,72.0347,70.6045,72.8011,74.6324,78.4474,74.3303,78.1601,76.6551,79.5550,76.6551,78.1025,75.5050,75.3127,74.8131,70.2567,70.2567,68.1836,70.0643,67.0671,66.0303,60.0000,59.0339,57.0789,58.1378,55.5788,53.9351,53.3667,50.6952,50.3289,0.0000,0.0000,0.0000,0.0000,0.0000,0.0000,0.0000,0.0000,0.0000,0.0000,0.0000,0.0000
1700000031.200000,-61.7,67.1193,67.5352,68.4471,69.7782,67.2309,68.1542,67.0671,66.4078,68.6222,67.4463,68.6586,69.2315,69.6348,69.0507,70.8590,68.4690,69.3542,68.1836,72.0625,70.0071,72.0069,73.0069,71.0000,74.1687,75.0600,74.1080,79.2275,77.1038,79.1581,79.1012,80.0562,79.0253,80.0000,79.0000,78.0577,76.1052,75.1066,74.2428,72.6911,73.4370,69.0507,67.0820,65.3070,65.7343,61.8466,60.1664,59.4811,58.1893,56.6480,54.1295,52.3259,49.9300,0.0000,0.0000,0.0000,0.0000,0.0000,0.0000,0.0000,0.0000,0.0000,0.0000,0.0000,0.0000
1700000031.250000,-58.8,63.7024,64.4438,67.6240,67.0075,65.8027,65.2150,66.5733,66.3702,66.3702,69.3542,66.7308,70.2140,69.7782,66.7083,67.6240,70.0071,66.4078,69.8928,67.7200,70.3420,70.3420,70.6116,71.0634,72.1803,74.7329,73.1642,75.9539,77.9295,74.6726,81.0494,77.4661,77.2787,78.4474,78.5875,76.6551,76.6551,76.8440,72.1110,72.4500,68.7095,69.0797,65.0000,65.7951,63.0714,59.4811,58.1808,58.8303,54.2033,56.0357,52.8015,50.9902,48.0833,0.0000,0.0000,0.0000,0.0000,0.0000,0.0000,0.0000,0.0000,0.0000,0.0000,0.0000,0.0000
1700000031.300000,-60.2,67.6240,68.4471,67.5352,67.5352,67.5352,67.6018,68.2642,67.9559,68.5055,67.2012,70.0000,70.9366,71.5052,70.0357,72.8629,72.1249,71.5052,69.3542,71.5891,69.5270,68.8840,72.0069,71.4003,74.3303,75.7166,75.7166,78.7718,78.2304,82.1523,79.9250,80.7094,78.8162,80.0000,79.2023,78.4092,76.5768,77.0065,74.5185,72.2496,73.5527,69.3109,70.0928,66.5282,63.0317,61.8466,59.0762,57.1402,57.1402,57.4543,53.3385,53.2353,51.6236,0.0000,0.0000,0.0000,0.0000,0.0000,0.0000,0.0000,0.0000,0.0000,0.0000,0.0000,0.0000
1700000031.350000,-63.6,66.8880,67.1193,66.2118,68.9420,64.4748,68.9420,68.5420,67.0671,66.7308,66.0984,69.2604,69.3758,68.4105,69.4262,69.4262,70.4557,70.7107,68.7314,73.4370,71.1758,70.3491,73.0616,71.1758,74.0000,75.0067,76.0066,79.0000,76.0066,79.0063,79.0000,80.0562,80.0562,80.1561,80.2247,76.4199,77.6466,77.9295,73.5459,72.5672,70.0928,68.1542,69.9214,64.5601,64.5136,61.6847,58.8727,59.0339,55.0364,53.7122,54.7083,52.2015,50.0000,0.0000,0.0000,0.0000,0.0000,0.0000,0.0000,0.0000,0.0000,0.0000,0.0000,0.0000,0.0000
1700000031.400000,-60.5,68.5930,69.3542,70.2922,73.0000,71.0634,71.8401,69.4046,70.6045,71.0282,69.3397,72.4017,72.2011,73.3553,72.4707,72.9452,73.3485,73.0069,72.0139,72.0902,73.5391,74.8465,75.2728,73.3894,76.5376,78.1089,79.6994,83.4865,80.6536,83.4865,82.2192,82.6378,83.3847,84.1724,80.1124,82.2982,80.0625,80.5295,78.3901,76.3217,76.0066,72.2011,72.2011,67.6240,64.8151,64.4438,63.6396,63.6396,58.7963,58.8982,56.4004,56.0357,53.0000,0.0000,0.0000,0.0000,0.0000,0.0000,0.0000,0.0000,0.0000,0.0000,0.0000,0.0000,0.0000
1700000031.450000,-62.9,63.3482,65.0000,66.7608,67.7200,65.8027,65.4599,66.7308,66.3099,65.9242,63.9766,67.0820,66.6483,67.1193,67.7422,67.7422,66.8506,66.6108,67.4240,67.8012,69.0290,69.8140,71.0634,71.5891,71.5052,73.5935,72.8354,76.3806,74.9667,76.3806,78.4920,76.4199,77.8974,78.8733,76.2168,77.0065,72.8011,73.4098,70.7248,71.0211,69.6419,65.8635,65.2993,65.7647,61.7414,61.3270,57.0088,57.0088,55.0818,56.0446,52.8867,50.4876,50.3587,0.0000,0.0000,0.0000,0.0000,0.0000,0.0000,0.0000,0.0000,0.0000,0.0000,0.0000,0.0000
1700000031.500000,-66.4,65.7951,64.6220,64.8460,65.7875,65.7875,64.8460,66.2193,65.5134,65.3070,68.2495,67.8970,66.4831,67.4759,67.3647,67.1863,69.0000,68.0000,68.0074,68.0661,70.0643,68.1836,70.3491,71.1758,71.4493,74.4312,72.4431,74.8131,76.7919,76.7919,79.7621,76.5310,78.6384,76.2365,77.2334,75.1066,76.0263,76.0000,71.0634,70.1142,67.0671,69.1158,64.1950,66.3702,62.5140,59.6825,56.7186,58.2495,54.5711,55.6597,51.6236,51.4781,47.8853,0.0000,0.0000,0.0000,0.0000,0.0000,0.0000,0.0000,0.0000,0.0000,0.0000,0.0000,0.0000
1700000031.550000,-60.7,66.4831,62.5859,67.2681,65.3070,67.2681,63.1506,65.7647,65.4905,66.1891,65.1230,67.1193,67.0000,68.0074,67.0298,67.0298,69.3542,67.3647,69.4622,66.6108,69.0507,71.1969,68.2495,68.2495,72.5328,73.0069,73.0069,73.4983,77.4919,75.9605,77.2010,74.9533,78.1025,77.8781,76.6877,75.1332,76.9415,74.8131,71.4493,71.2531,67.1863,69.1158,63.0714,67.0000,62.0000,59.0339,59.2115,57.2189,57.4282,53.9351,51.9711,50.9608,48.1041,0.0000,0.0000,0.0000,0.0000,0.0000,0.0000,0.0000,0.0000,0.0000,0.0000,0.0000,0.0000
1700000031.600000,-64.5,65.2993,68.0147,67.1789,67.8970,65.7647,66.4831,68.7677,67.4759,67.6240,66.6108,67.2012,68.7968,68.7968,68.0955,70.3278,69.7711,71.1126,67.0820,68.5420,68.1542,68.1542,72.1110,69.2892,71.4703,73.0821,74.0405,77.2010,76.9220,78.4474,75.6902,77.4919,76.9220,77.4919,77.8332,77.2528,74.8465,75.6439,72.0139,71.1126,70.2140,66.2420,68.4763,66.0379,63.5138,58.5235,59.4054,57.6281,56.2228,53.9073,53.0377,50.9313,50.0000,0.0000,0.0000,0.0000,0.0000,0.0000,0.0000,0.0000,0.0000,0.0000,0.0000,0.0000,0.0000
1700000031.650000,-61.9,68.4105,66.4003,69.6419,67.9559,68.6003,67.7422,68.4763,67.6018,67.9779,70.7743,68.9420,68.1542,68.9493,69.2604,67.3573,71.5681,68.8840,71.0634,70.2140,71.1969,69.4262,70.8590,72.8354,72.3395,76.4199,72.5603,77.1622,79.1581,76.1643,80.1561,78.4092,80.6226,79.6304,80.4114,79.0759,78.6448,76.1577,72.0347,72.2772,71.1688,70.2140,66.4078,68.9493,64.6220,61.7414,61.2699,60.9016,57.4543,55.7584,54.9181,55.0000,49.5782,0.0000,0.0000,0.0000,0.0000,0.0000,0.0000,0.0000,0.0000,0.0000,0.0000,0.0000,0.0000
1700000031.700000,-59.7,65.4599,63.6003,65.2533,64.2884,64.0312,62.3699,63.5610,65.1153,64.1327,65.3758,65.1920,66.0303,69.0652,66.0000,65.0000,69.0072,67.0671,67.1193,65.3758,68.1836,67.1193,67.4759,70.5762,69.4262,72.3671,70.2140,74.1485,75.5050,74.3303,77.2787,72.1803,75.5381,75.4255,73.1095,75.1665,75.0600,74.1080,69.0290,71.0000,67.0298,67.0298,63.1269,66.3702,59.3043,58.5491,54.3415,55.5428,53.8516,54.1202,50.5964,49.0408,48.3322,0.0000,0.0000,0.0000,0.0000,0.0000,0.0000,0.0000,0.0000,0.0000,0.0000,0.0000,0.0000
1700000031.750000,-62.5,65.3070,65.0000,65.7875,65.7875,65.7875,64.5136,65.2533,65.2533,66.7083,67.2681,66.2873,66.0984,67.4759,67.4759,67.1193,70.1142,68.0074,67.0075,65.0000,69.0290,68.0000,70.0643,70.0286,71.1126,71.2531,73.3348,73.4370,76.4199,75.3260,76.3217,76.2365,77.2334,76.1643,76.0592,75.0067,74.0000,74.0068,70.1783,71.3442,68.3593,65.6201,65.9242,66.0984,61.0000,59.4390,55.7853,55.7853,55.6597,55.0273,50.9902,51.4296,48.8774,0.0000,0.0000,0.0000,0.0000,0.0000,0.0000,0.0000,0.0000,0.0000,0.0000,0.0000,0.0000
1700000031.800000,-61.2,66.7608,66.4078,68.6222,66.7308,68.1542,66.3099,67.0820,68.0000,67.5352,69.4622,67.6018,69.3397,69.3397,70.4557,67.8012,72.0069,67.6240,70.2922,69.4262,70.7107,72.8629,72.1388,72.8354,74.2765,75.0067,72.1803,76.5768,78.5684,77.8974,79.9812,77.1038,80.0562,79.2465,79.2086,80.6226,77.8332,76.5768,75.4321,72.8011,69.8140,69.3397,66.2873,66.8880,61.9112,61.4003,58.5918,58.1378,59.5063,55.7136,55.0818,53.1601,48.5077,0.0000,0.0000,0.0000,0.0000,0.0000,0.0000,0.0000,0.0000,0.0000,0.0000,0.0000,0.0000
1700000031.850000,-62.7,68.0000,67.2309,69.3397,67.9559,67.6757,67.8012,67.6240,68.8840,68.1175,68.0147,70.8378,70.8378,72.8354,69.2965,67.8970,70.9366,70.9366,70.6045,69.8140,71.8471,71.6101,73.7835,72.6705,74.0945,75.1665,74.6257,77.5242,77.1751,79.4040,79.4040,78.7718,79.9250,77.9359,78.2368,77.4209,77.6209,75.2861,75.0733,71.4213,72.1388,69.3109,70.8378,67.3573,62.3699,63.0317,59.0339,60.8030,58.5235,54.2033,53.6656,52.3927,49.3356,0.0000,0.0000,0.0000,0.0000,0.0000,0.0000,0.0000,0.0000,0.0000,0.0000,0.0000,0.0000
1700000031.900000,-62.4,70.0357,68.0661,69.4622,70.4557,68.1175,69.1158,68.0294,68.0074,70.0000,67.1193,70.1142,70.3491,71.4493,71.5681,70.8590,70.2140,70.6116,69.1231,69.9214,72.5328,73.0821,73.0548,70.5195,75.6108,75.9605,75.7694,79.3095,80.4114,80.2309,79.3095,79.4796,80.3243,81.3449,79.3788,79.0569,78.8480,75.6902,76.9025,74.3303,73.1642,69.0507,68.7314,67.4759,63.5059,62.1289,59.0085,58.0000,58.0000,57.0000,53.1507,52.6118,51.4198,0.0000,0.0000,0.0000,0.0000,0.0000,0.0000,0.0000,0.0000,0.0000,0.0000,0.0000,0.0000
1700000031.950000,-64.2,65.4599,65.7343,67.7422,67.7422,68.0955,65.7647,65.2993,67.5426,67.1193,67.7791,69.6419,67.3573,69.2604,71.1688,70.2140,69.8570,70.0928,68.8840,67.8970,70.2140,69.8713,71.7008,72.6911,72.1734,74.1687,73.3348,76.1643,78.3135,77.3175,79.5110,77.6466,79.7621,76.9415,77.4661,78.1025,79.6241,74.9533,73.7631,71.1688,71.1688,69.2892,66.3099,65.9242,63.1585,59.9333,56.8243,58.6686,57.4543,56.3028,51.8652,53.2635,50.9313,0.0000,0.0000,0.0000,0.0000,0.0000,0.0000,0.0000,0.0000,0.0000,0.0000,0.0000,0.0000
1700000032.000000,-59.8,63.1348,64.0078,63.9766,65.7419,64.8845,63.5610,64.6220,64.2573,63.2456,66.0984,66.4078,66.2193,66.9403,65.5134,64.3273,66.7533,65.6201,67.6018,66.2722,68.1836,68.1836,68.0661,68.0294,69.0000,72.0069,71.0000,73.0000,74.0068,75.0600,77.0065,75.0000,77.0000,77.0584,74.2428,75.1665,74.4312,72.5603,71.0211,69.0507,67.4685,66.7083,63.7887,65.2533,60.4401,59.4643,55.0273,56.6480,53.3104,52.7731,51.4781,48.8774,47.6340,0.0000,0.0000,0.0000,0.0000,0.0000,0.0000,0.0000,0.0000,0.0000,0.0000,0.0000,0.0000
1700000032.050000,-61.9,68.5930,67.7422,67.1863,70.3491,67.1193,67.0671,68.0294,68.0000,69.0000,68.1836,70.1783,68.7314,69.7209,72.0069,71.0211,69.2315,71.5891,69.6348,72.5328,70.3420,74.0405,72.1249,70.2140,74.4648,73.1642,74.6726,78.7718,77.8332,78.7718,79.4796,79.1202,80.0062,80.6536,76.6551,80.2808,76.6551,75.1864,74.3303,72.1803,73.8241,69.4622,67.3647,68.1836,64.1249,62.0081,60.0000,59.0085,58.2151,53.1507,53.3385,50.9902,50.6952,0.0000,0.0000,0.0000,0.0000,0.0000,0.0000,0.0000,0.0000,0.0000,0.0000,0.0000,0.0000
1700000032.100000,-60.7,65.2150,64.8999,68.2642,67.7422,68.0000,66.2420,68.4471,66.7083,67.2309,68.1542,69.0797,69.5701,69.8928,68.9638,69.9214,72.0347,68.8840,69.6348,69.8713,70.8590,70.0357,71.4493,71.4493,72.3395,73.2462,73.1710,76.1052,76.1643,76.1643,77.1038,76.3217,80.3990,79.4040,77.7817,76.7919,77.2787,73.5459,73.2462,72.2772,69.6419,69.5701,66.0984,65.7875,62.0322,60.5392,58.6003,58.6003,56.3560,56.0803,52.6973,51.6140,49.8197,0.0000,0.0000,0.0000,0.0000,0.0000,0.0000,0.0000,0.0000,0.0000,0.0000,0.0000,0.0000
1700000032.150000,-59.1,68.3520,66.3099,68.5420,68.5420,69.3181,65.7419,68.0000,68.0000,67.6018,67.9559,70.4557,69.2026,72.0069,68.8840,69.5270,70.0928,72.1388,69.3542,70.0071,72.1388,70.7248,73.5935,71.5891,74.0270,75.6042,77.0065,79.2023,78.6003,78.6003,79.2023,79.0253,78.8733,79.9812,77.8332,79.2086,77.8332,76.3806,74.2765,74.2765,70.8378,68.8840,68.8840,67.8012,61.4003,61.5873,59.1693,58.6686,58.1808,55.4617,55.0364,54.4243,50.0000,0.0000,0.0000,0.0000,0.0000,0.0000,0.0000,0.0000,0.0000,0.0000,0.0000,0.0000,0.0000
1700000032.200000,-65.6,68.0000,67.0000,68.1175,69.1158,68.1836,66.3702,67.4759,67.8970,66.9104,68.4471,68.6586,68.6804,70.2140,68.6222,69.5701,69.6419,69.0797,70.3847,70.2638,69.3542,71.1126,71.5891,68.9638,72.7186,75.4718,73.2462,76.8505,78.2304,77.1751,77.1751,78.8923,78.0320,77.8974,80.1311,78.2943,76.9220,76.0592,72.4983,70.0071,70.9366,68.6222,67.3573,64.2884,61.4003,61.8466,56.5155,57.8705,57.5587,56.3205,53.1507,53.0377,50.0400,0.0000,0.0000,0.0000,0.0000,0.0000,0.0000,0.0000,0.0000,0.0000,0.0000,0.0000,0.0000
1700000032.250000,-61.4,66.8880,62.4340,64.8460,65.7647,65.3070,64.4050,64.2573,64.2573,65.4599,66.4078,66.0984,66.2193,68.1542,67.2681,66.4906,67.6018,66.4831,67.4759,67.1193,68.1175,68.1175,70.0071,69.0290,72.0000,71.0000,71.0000,75.0267,76.1052,75.0267,79.1012,76.0263,76.0066,77.0000,75.0067,75.0067,74.1080,72.3395,71.5681,69.4622,67.6018,66.7533,62.8013,65.3070,60.4152,60.1664,59.2030,54.7083,56.3028,53.7122,52.8015,50.1199,47.7074,0.0000,0.0000,0.0000,0.0000,0.0000,0.0000,0.0000,0.0000,0.0000,0.0000,0.0000,0.0000
1700000032.300000,-65.5,68.4105,68.8840,68.6222,69.3542,69.3109,66.4680,69.4262,68.6804,70.1783,71.4003,70.2922,70.0000,71.4003,70.4557,69.8928,73.2462,71.6938,71.1196,70.6612,71.5542,72.4500,72.9178,72.9178,74.8465,75.6439,75.3923,79.1202,80.7775,78.7718,80.7775,78.0000,80.2309,80.1124,80.4984,78.2943,78.3901,77.8974,75.4718,75.1665,71.8471,71.6101,67.2012,67.6240,63.8905,61.0737,60.9590,60.1082,58.0517,57.4891,54.4059,54.6443,50.1199,0.0000,0.0000,0.0000,0.0000,0.0000,0.0000,0.0000,0.0000,0.0000,0.0000,0.0000,0.0000
1700000032.350000,-58.9,66.0000,63.0000,68.0294,66.1211,69.1158,65.3758,65.6201,67.7422,65.9242,69.2315,68.6586,70.0928,70.6045,68.6804,67.0522,69.6419,66.4831,67.7791,68.9420,70.7743,69.7782,70.2140,71.1126,73.5731,73.8241,72.5603,74.0945,78.3901,75.6637,80.2621,75.6637,77.8974,80.9506,78.2624,75.1532,76.5572,75.0267,73.7360,72.1110,70.2140,68.8840,65.2533,65.7343,59.6657,60.4152,58.6941,58.8558,57.2189,55.0364,53.0000,51.0882,48.2597,0.0000,0.0000,0.0000,0.0000,0.0000,0.0000,0.0000,0.0000,0.0000,0.0000,0.0000,0.0000
1700000032.400000,-62.0,69.1158,68.0000,71.1758,69.3542,69.5845,67.6018,68.8840,68.2495,69.6348,70.3420,71.0634,71.1688,71.4703,70.8378,71.5122,71.8679,68.9420,71.1126,69.3181,70.6612,72.4500,73.4302,74.2428,74.6257,76.6616,74.0945,77.3886,79.0759,78.2304,79.0759,76.6616,82.4924,81.4125,79.1770,79.1581,79.6241,75.1532,75.7694,72.8011,71.8679,72.1110,66.4078,66.4831,63.7887,62.5859,59.0339,59.6825,58.4209,56.1427,53.0377,53.0000,51.0882,0.0000,0.0000,0.0000,0.0000,0.0000,0.0000,0.0000,0.0000,0.0000,0.0000,0.0000,0.0000
1700000032.450000,-63.3,65.8027,66.2193,64.7611,66.7083,68.2495,64.9384,66.6108,65.2763,66.2722,67.1193,67.1863,69.1158,69.0072,68.0000,68.0000,68.0294,68.1175,69.1158,67.3647,68.3593,68.5930,71.7008,68.5930,71.8471,72.1803,72.3671,73.1642,74.1485,76.1183,79.0759,76.1183,76.7919,76.5310,76.4199,76.2365,77.1038,74.0000,72.0278,70.0286,70.0643,67.2681,66.3702,65.6201,61.5224,60.8276,57.2713,55.5428,55.7853,54.0833,52.9245,52.8015,49.1935,0.0000,0.0000,0.0000,0.0000,0.0000,0.0000,0.0000,0.0000,0.0000,0.0000,0.0000,0.0000
1700000032.500000,-62.1,66.4831,66.5282,65.9469,66.8431,65.4370,67.6240,66.4003,65.7343,68.2422,65.8635,68.0955,66.6483,67.1193,69.3181,69.3181,68.5420,69.8570,67.6240,70.0071,69.2892,70.5762,71.7844,70.8378,71.8401,73.7631,74.0405,76.6551,75.2861,78.5875,75.5844,79.0569,78.1089,77.4919,78.1857,78.0000,76.1577,73.8241,71.1196,70.7107,71.1969,66.8880,66.8880,63.5138,63.8201,59.4054,57.0088,57.4891,54.4885,54.4518,53.8145,52.0096,48.2597,0.0000,0.0000,0.0000,0.0000,0.0000,0.0000,0.0000,0.0000,0.0000,0.0000,0.0000,0.0000
1700000032.550000,-59.8,66.1211,64.1950,68.5930,65.7647,68.7314,64.1327,64.3273,67.1863,66.2193,68.1542,68.4105,69.2604,68.6222,68.3520,67.4166,71.6938,66.3099,66.7083,67.5352,69.3181,69.7711,72.0694,69.8355,72.7186,72.7186,72.7186,74.9466,76.3217,74.9466,77.1751,75.2928,78.0320,76.0592,76.4788,76.4853,75.6439,73.0069,72.2357,71.8679,68.6222,67.7200,64.0312,65.9697,59.9083,59.0339,56.5685,55.4437,55.4437,54.1479,53.0848,52.0384,48.1664,0.0000,0.0000,0.0000,0.0000,0.0000,0.0000,0.0000,0.0000,0.0000,0.0000,0.0000,0.0000
1700000032.600000,-63.7,66.1287,65.5515,64.4748,67.1193,64.8460,65.7419,66.2420,65.0000,65.5134,64.3506,67.4166,68.0074,66.6108,67.6240,68.4105,65.8559,67.9412,67.2086,69.2965,68.5930,70.0071,69.3542,68.6222,73.1095,73.6614,75.2861,75.4321,75.2861,77.4661,74.8131,77.2334,76.6942,78.5684,76.3806,75.6637,73.5527,75.0733,72.4707,68.8840,70.4344,64.6375,65.2150,64.6375,61.8547,60.2080,56.9386,58.1378,55.0091,53.7122,52.5547,50.9215,49.2443,0.0000,0.0000,0.0000,0.0000,0.0000,0.0000,0.0000,0.0000,0.0000,0.0000,0.0000,0.0000
1700000032.650000,-60.3,68.0000,68.8840,68.4471,69.7782,70.0071,70.3847,67.4166,70.2140,69.5701,69.8570,70.8308,72.5672,71.1969,70.2140,72.5672,69.5845,72.4431,69.4622,72.1734,72.1110,74.1687,74.0270,72.0278,75.0600,79.0063,78.0577,79.0000,80.0062,81.0555,79.0000,80.0000,81.0000,82.0061,82.1523,79.4040,79.3095,78.2304,74.4312,73.9797,74.1485,69.8570,68.8840,67.4463,64.2884,61.9839,60.7454,58.8727,57.7754,55.0364,55.0091,54.7083,51.6140,0.0000,0.0000,0.0000,0.0000,0.0000,0.0000,0.0000,0.0000,0.0000,0.0000,0.0000,0.0000
1700000032.700000,-59.4,66.6483,65.8635,68.2642,68.2642,67.1193,64.3506,66.6108,68.0074,67.0075,69.5270,69.4262,70.0071,67.8822,69.3109,67.8970,70.8378,70.1783,70.9366,69.0290,70.8025,70.8025,72.4224,71.6101,73.5731,74.7930,73.2462,74.9466,78.8923,77.1751,79.4040,76.5506,80.4550,78.4920,78.6003,76.6094,77.0065,77.0065,73.8783,72.9178,68.7677,71.4213,66.4680,66.4831,61.5549,61.0737,59.2030,59.2030,55.8032,56.3028,54.7083,52.3259,49.7695,0.0000,0.0000,0.0000,0.0000,0.0000,0.0000,0.0000,0.0000,0.0000,0.0000,0.0000,0.0000
1700000032.750000,-62.0,66.6408,65.7647,67.7422,66.8880,67.1193,64.3506,66.4003,67.2012,66.4003,68.1175,68.1175,68.6804,69.3542,68.5930,67.2086,71.5052,68.8840,71.7008,68.4105,69.6348,70.6045,71.6101,73.0069,73.2462,74.6257,74.6257,74.3034,78.5493,75.2928,79.0759,74.3303,78.2304,78.4920,76.6094,76.4003,77.6209,75.2861,72.2496,72.2496,69.3542,69.2965,65.7647,65.7647,62.3699,60.3075,57.8014,57.4282,56.6127,56.3028,52.8394,53.2353,50.3289,0.0000,0.0000,0.0000,0.0000,0.0000,0.0000,0.0000,0.0000,0.0000,0.0000,0.0000,0.0000
1700000032.800000,-63.5,70.7743,70.9366,70.8378,70.5762,72.4224,68.6804,70.0928,70.0928,70.8308,71.1969,72.1803,72.4431,71.4493,72.2496,71.1758,73.0274,72.0069,73.0000,71.0282,72.0278,73.0616,74.1080,72.1734,74.6726,76.4199,77.6466,78.9177,80.8950,77.7817,80.7527,80.5047,82.4924,81.3941,80.0999,79.1012,80.0562,76.0066,76.0000,75.0000,72.1110,71.4493,69.2604,67.4759,64.4981,62.9682,59.2284,62.3699,59.6657,58.8218,55.6597,53.3104,51.4296,0.0000,0.0000,0.0000,0.0000,0.0000,0.0000,0.0000,0.0000,0.0000,0.0000,0.0000,0.0000
1700000032.850000,-65.7,66.3702,68.1836,69.0652,68.0661,69.0000,68.0000,66.0076,68.1836,70.3491,68.5930,68.4690,71.0211,71.1969,71.3863,70.4060,70.3420,71.1688,69.9214,70.9366,73.3894,72.4500,73.5391,70.9366,74.7329,75.6439,74.7329,77.3692,77.8203,79.6241,79.6053,79.6241,81.4371,80.2309,80.2309,78.1857,76.5506,76.8440,75.5844,72.2772,73.7564,70.6116,67.4685,69.0507,64.1327,60.6712,59.4138,58.0775,58.2151,57.0000,54.0093,53.3385,49.6488,0.0000,0.0000,0.0000,0.0000,0.0000,0.0000,0.0000,0.0000,0.0000,0.0000,0.0000,0.0000
1700000032.900000,-61.6,67.0000,67.1193,66.1211,68.2642,67.3647,65.4905,66.6108,68.0661,67.4685,65.3070,68.6586,69.1231,68.9638,69.9214,68.6222,68.7095,68.1542,67.6240,69.3542,69.3181,69.3181,70.7107,70.2140,73.9256,73.8241,73.5731,76.3217,77.1751,78.2304,78.0320,77.0260,78.3901,79.1770,76.9220,76.0263,75.2396,74.8465,72.8011,71.5122,69.5701,67.0522,66.0984,66.2193,62.8172,60.6383,58.6941,58.6941,54.5894,56.1427,53.0377,52.0096,50.0899,0.0000,0.0000,0.0000,0.0000,0.0000,0.0000,0.0000,0.0000,0.0000,0.0000,0.0000,0.0000
1700000032.950000,-62.0,67.0671,64.0000,66.0303,65.0308,67.0298,63.0317,64.3817,64.4981,65.7647,67.8970,65.9242,66.4906,66.2873,69.1231,66.2193,70.5195,65.7875,70.5195,64.6220,67.6240,69.0797,69.3181,69.3542,70.6824,73.8241,71.1126,73.8241,76.0592,73.8241,76.0592,74.6860,76.4853,76.5572,76.6942,72.8011,75.9605,72.7324,70.8802,69.3758,67.1863,68.8840,62.3699,64.1327,58.5491,58.5491,56.3205,57.1402,55.0091,55.0000,51.0392,51.1566,47.8539,0.0000,0.0000,0.0000,0.0000,0.0000,0.0000,0.0000,0.0000,0.0000,0.0000,0.0000,0.0000
1700000033.000000,-62.5,65.1230,67.0298,67.0000,67.0000,68.0074,64.0078,67.1193,66.2722,67.3647,69.4622,67.6018,68.8840,69.2315,68.4471,68.8840,68.4105,68.3081,68.0074,68.9493,68.9493,70.5762,72.8011,70.9366,72.0902,74.3236,72.4983,76.0592,75.6439,77.4726,75.1532,76.6942,78.9240,80.0562,76.2168,79.0569,74.3303,74.3303,73.0069,73.0069,70.6116,67.0820,68.0661,64.6297,62.5140,59.2115,59.0000,59.0000,57.0000,54.0833,53.3385,52.6118,51.4198,0.0000,0.0000,0.0000,0.0000,0.0000,0.0000,0.0000,0.0000,0.0000,0.0000,0.0000,0.0000
1700000033.050000,-57.6,63.5138,68.0074,66.4003,66.8506,67.6240,64.5368,65.8559,66.5282,68.6222,66.4680,67.1789,67.3573,68.7677,67.6240,67.6240,70.0000,67.8012,68.8186,69.8928,68.7968,69.8928,72.2011,67.7422,72.9452,72.9452,72.4707,75.5910,76.4788,76.5376,77.8974,76.6616,77.5242,75.4718,76.0066,74.6324,76.0263,72.8011,72.2011,71.0634,68.8840,67.9412,65.7647,65.0538,60.8276,58.7963,56.2228,57.6281,56.6127,53.2541,52.1536,51.0000,49.6588,0.0000,0.0000,0.0000,0.0000,0.0000,0.0000,0.0000,0.0000,0.0000,0.0000,0.0000,0.0000
1700000033.100000,-61.1,66.1891,63.5059,65.4905,65.9242,64.3273,63.9531,65.0000,65.2533,66.0984,65.4599,66.7608,67.0671,69.0797,68.9420,66.3099,69.3181,65.2993,68.8840,67.2309,68.7968,69.3397,69.8928,68.7968,70.4557,71.6101,70.8025,74.8131,75.6042,74.8131,76.4003,76.6094,77.2010,77.4209,75.1665,74.0608,73.0616,72.5603,70.2140,68.8767,68.8767,66.2118,63.5610,62.2415,61.6847,59.4643,56.9210,55.3624,55.3173,52.9528,52.7731,49.2544,47.0000,0.0000,0.0000,0.0000,0.0000,0.0000,0.0000,0.0000,0.0000,0.0000,0.0000,0.0000,0.0000
1700000033.150000,-57.6,68.9420,68.5420,70.9366,70.9366,70.2140,69.2604,67.4463,70.0928,69.8570,69.4262,71.1969,70.7107,72.5603,72.2496,72.4431,74.1080,73.0274,71.0070,73.0069,74.0000,74.0000,74.0270,74.0270,75.5381,77.5242,78.3135,79.5110,80.6226,79.5110,80.6226,80.2247,80.1561,80.1561,79.0253,80.0250,79.0000,79.0000,76.0066,74.1687,71.1758,70.1783,68.3593,70.5762,64.9384,62.3699,59.9083,60.4401,58.8218,57.8705,56.3028,53.3104,52.3546,0.0000,0.0000,0.0000,0.0000,0.0000,0.0000,0.0000,0.0000,0.0000,0.0000,0.0000,0.0000
1700000033.200000,-61.0,63.4114,66.2193,65.0000,67.2012,66.6108,68.5055,65.7343,67.7422,66.8880,69.3542,67.9779,70.2638,69.0797,69.0797,67.2309,68.0074,69.2604,66.7308,67.4463,69.9214,69.6419,69.3758,70.0928,75.1332,72.5672,76.2955,76.4853,76.6877,78.4474,77.2787,77.8781,76.6551,79.1202,76.8440,76.5376,75.2728,73.6817,71.5122,71.8679,70.2638,68.4251,67.0820,66.2420,63.1348,60.5392,58.8218,58.6003,55.0000,53.9073,52.4023,51.6236,49.0408,0.0000,0.0000,0.0000,0.0000,0.0000,0.0000,0.0000,0.0000,0.0000,0.0000,0.0000,0.0000
1700000033.250000,-63.8,67.5426,64.4127,67.2309,65.8635,65.1920,63.8122,65.2150,66.8506,64.8151,66.4003,68.4105,68.2495,68.8840,69.3542,67.9412,72.1803,67.2086,66.6033,69.0290,68.4105,70.8378,70.6045,69.6563,73.6003,73.0069,72.6705,74.3303,76.5506,75.4520,78.4920,78.2368,78.0064,77.8010,77.3369,73.8783,77.2334,73.5527,72.1388,69.3542,67.9412,67.2086,65.1153,64.6607,62.0081,60.2163,58.0086,57.4543,54.3783,54.5619,53.7122,51.6236,47.8017,0.0000,0.0000,0.0000,0.0000,0.0000,0.0000,0.0000,0.0000,0.0000,0.0000,0.0000,0.0000
1700000033.300000,-58.7,64.5368,63.3482,66.9104,68.0661,66.6108,65.4905,64.1249,67.3647,65.1230,66.0000,67.0000,66.1211,66.1891,67.3647,68.1836,67.3647,67.8970,67.7422,68.0661,68.2495,69.0507,70.2140,67.9117,69.9214,74.0405,73.0821,74.3303,76.6551,75.0000,75.0000,73.7631,77.1298,77.8781,76.4853,75.8024,73.3485,72.1803,71.7008,69.4622,68.1175,67.0298,66.0000,63.0000,61.0000,59.1354,58.1378,58.3095,56.7186,54.5894,52.1728,50.6952,49.0408,0.0000,0.0000,0.0000,0.0000,0.0000,0.0000,0.0000,0.0000,0.0000,0.0000,0.0000,0.0000
1700000033.350000,-64.2,72.0139,70.0071,72.7324,72.1110,71.7844,71.1688,72.8011,71.0634,71.5891,73.9797,74.3303,75.3127,74.9667,74.4312,74.4312,75.0267,75.0067,76.0263,77.0000,78.0000,76.0000,78.1025,76.0592,79.1581,80.2247,79.3095,80.3990,82.4924,83.6002,84.4808,81.1542,86.1452,84.1487,83.0241,83.0060,82.0061,80.0250,78.1601,77.1622,74.4312,73.3348,70.4557,70.0357,65.3070,64.1327,64.7611,59.9083,59.4811,60.1664,57.3847,56.3560,52.8394,0.0000,0.0000,0.0000,0.0000,0.0000,0.0000,0.0000,0.0000,0.0000,0.0000,0.0000,0.0000
1700000033.400000,-60.7,68.8840,66.6033,67.9412,67.8970,69.2965,67.1789,67.2681,66.7083,68.8840,68.6003,71.6101,68.2642,69.3397,69.6419,70.8308,71.5891,68.4251,69.7711,68.9420,71.6938,72.0902,74.0945,70.0071,73.0548,74.0000,74.0000,78.1089,77.2010,76.8440,78.4347,77.1622,79.3788,81.7068,78.9240,77.4726,74.7329,74.7329,73.8241,71.5891,71.5891,69.1158,67.7422,66.5733,63.8201,62.2013,59.2030,58.8982,55.9732,54.4518,52.3259,52.4023,51.0392,0.0000,0.0000,0.0000,0.0000,0.0000,0.0000,0.0000,0.0000,0.0000,0.0000,0.0000,0.0000
1700000033.450000,-65.5,68.1836,66.2722,67.0820,69.8713,66.7533,66.2873,67.4463,66.9403,68.6804,66.4078,68.6222,69.2892,70.9366,70.2638,68.9420,69.7711,71.1196,68.0000,71.3442,70.4911,70.4911,73.2462,69.8928,73.8173,77.0065,76.6094,76.8375,75.6042,78.4092,78.6003,80.2122,79.4040,79.6304,76.5506,77.3886,74.0945,77.5242,72.0694,72.0139,72.0069,68.9420,68.5420,63.6946,62.3939,60.7454,59.7746,57.9741,57.4891,54.3415,54.7449,53.4603,52.0096,0.0000,0.0000,0.0000,0.0000,0.0000,0.0000,0.0000,0.0000,0.0000,0.0000,0.0000,0.0000
1700000033.500000,-63.0,66.6483,67.5352,65.7951,67.1193,66.3099,67.2309,65.5515,66.1287,68.0074,64.8460,67.9117,68.4471,68.8840,71.1969,69.2315,68.0661,68.4690,67.3647,69.2604,71.4493,68.4690,70.2567,69.1158,73.0000,72.0000,74.0000,76.0000,76.0066,77.0065,77.0065,76.0263,77.1622,76.3217,77.5242,76.7919,72.4431,73.5527,72.1803,70.2140,69.8570,68.4105,65.2533,64.2884,61.6847,60.5392,56.8595,58.6003,56.3560,53.7122,52.8394,51.6236,50.6063,0.0000,0.0000,0.0000,0.0000,0.0000,0.0000,0.0000,0.0000,0.0000,0.0000,0.0000,0.0000
1700000033.550000,-60.8,65.7647,66.4831,64.3817,67.2681,66.8431,68.1175,66.8506,68.7968,67.9559,67.9559,68.6003,69.7711,68.4763,68.8767,72.4500,69.0797,69.6419,68.1542,71.4703,70.2140,71.1688,70.8802,69.9214,72.7805,74.7262,75.9276,76.1183,75.7100,80.4114,78.2624,79.3095,78.8543,80.6040,77.6209,78.1601,75.2861,76.5376,72.8011,70.9366,73.1642,66.7083,68.5420,65.3070,61.2699,60.8276,57.8014,57.9828,56.3028,56.0357,54.2033,52.4976,50.9313,0.0000,0.0000,0.0000,0.0000,0.0000,0.0000,0.0000,0.0000,0.0000,0.0000,0.0000,0.0000
1700000033.600000,-63.2,65.1460,64.8460,67.4166,66.4831,67.2309,65.3911,64.8845,66.1891,65.7647,66.7308,69.4622,68.7968,69.4046,68.5055,66.6108,70.6045,67.0075,68.1175,67.2086,70.0928,69.5270,71.4493,71.4213,72.8629,73.5527,72.1803,75.7430,77.8332,75.7430,77.1038,74.9533,76.3675,77.8332,76.4199,76.4853,75.1665,73.0000,72.6223,70.8025,70.4557,67.9559,64.3506,65.1920,60.4152,59.9416,59.0339,58.6003,57.0088,57.0088,53.4509,52.6308,47.8539,0.0000,0.0000,0.0000,0.0000,0.0000,0.0000,0.0000,0.0000,0.0000,0.0000,0.0000,0.0000
1700000033.650000,-61.1,64.2884,64.2884,67.1863,66.7083,66.2873,65.3070,65.6201,64.4981,65.4905,67.1863,67.1193,67.0075,67.0000,67.0000,68.0000,70.1142,69.2604,67.1193,67.4759,67.3647,68.5930,70.8590,69.0507,72.7805,72.7805,71.8053,74.7329,75.1864,75.9276,74.7329,75.7100,77.1038,77.1038,75.8024,73.4370,75.4255,72.2496,70.3491,69.0652,69.0290,67.0000,66.0303,65.0692,60.0333,60.1332,58.5491,56.5685,56.0892,55.5428,50.6952,51.5461,49.3964,0.0000,0.0000,0.0000,0.0000,0.0000,0.0000,0.0000,0.0000,0.0000,0.0000,0.0000,0.0000
1700000033.700000,-62.8,65.7647,67.6018,69.7782,69.7782,67.6240,66.3099,66.7308,67.0671,69.2604,67.3573,69.2604,69.8570,70.8308,69.4262,69.4262,70.5762,70.3491,68.4690,71.1758,72.1110,71.1758,72.0278,68.1175,75.0000,77.0000,75.0000,76.0000,78.0256,79.0569,79.0569,77.0000,79.0000,79.0253,79.0569,78.1025,74.2428,77.5242,72.9931,70.8590,70.8590,68.2495,68.6586,66.7083,62.8172,59.2030,58.5235,58.5235,58.3095,56.8595,53.7122,53.8516,50.0000,0.0000,0.0000,0.0000,0.0000,0.0000,0.0000,0.0000,0.0000,0.0000,0.0000,0.0000,0.0000
1700000033.750000,-61.7,66.4003,66.0681,68.0147,67.9412,67.8970,67.8970,65.8559,67.2681,68.7677,65.4370,68.8840,68.4105,70.4557,68.6003,71.0282,71.0211,69.4622,68.6003,70.7107,70.6612,70.2140,71.5891,69.3181,74.7329,74.6860,74.7329,77.0779,76.5572,78.9240,77.4726,79.1581,78.7210,78.7147,76.4788,78.3901,74.6257,74.6257,73.0069,72.2011,71.4003,68.8840,68.1175,63.7809,63.6553,60.8276,57.3149,57.3149,57.4891,55.4437,54.0833,51.1077,51.8845,0.0000,0.0000,0.0000,0.0000,0.0000,0.0000,0.0000,0.0000,0.0000,0.0000,0.0000,0.0000
1700000033.800000,-62.5,65.3911,63.9766,65.3070,67.0820,66.2420,65.7647,65.0000,66.6108,67.1193,66.4003,67.6240,68.6003,68.2495,68.6804,66.5282,71.4213,67.2086,68.6222,69.4262,68.8840,68.8840,71.2180,71.2180,71.6101,73.8173,71.6101,74.3303,77.9359,74.6257,77.6660,74.6324,78.2368,76.8440,77.6209,76.2168,75.9276,72.1803,70.7248,70.0071,68.5930,67.2086,65.1920,64.5368,59.6657,58.2580,57.0088,58.6003,54.6443,56.0803,51.4781,51.8941,47.1699,0.0000,0.0000,0.0000,0.0000,0.0000,0.0000,0.0000,0.0000,0.0000,0.0000,0.0000,0.0000
1700000033.850000,-61.0,72.0000,70.1783,71.3442,73.1710,73.4370,71.4493,70.7107,71.0211,72.5672,71.8053,73.0069,72.1249,75.9605,73.6817,74.0000,74.0945,73.5391,73.5391,72.9178,73.8241,76.4853,77.3692,75.1332,76.6616,80.6226,81.1234,83.3547,84.9058,81.9878,82.8553,83.6481,83.6481,83.6301,82.7345,83.6720,81.0247,80.4114,77.8332,76.5506,76.2168,73.0821,70.6045,69.6348,66.7083,65.1153,61.8142,63.6396,60.2080,60.0000,58.0086,58.0345,54.3323,0.0000,0.0000,0.0000,0.0000,0.0000,0.0000,0.0000,0.0000,0.0000,0.0000,0.0000,0.0000
1700000033.900000,-60.5,67.3647,67.3647,65.1153,69.2315,66.2873,67.4685,67.1863,67.1863,68.9638,66.7308,70.5195,71.1688,70.0071,69.0797,71.1758,69.7711,70.7107,69.8355,71.6938,70.4911,72.4017,73.4983,68.7968,74.6324,74.0608,76.0263,75.8024,76.0263,80.0000,76.6094,76.8440,78.2368,76.8440,76.3217,75.4718,74.4312,74.7061,73.7902,71.5891,72.0139,67.2309,67.2309,65.5515,62.9682,62.9365,58.2409,58.6941,57.7235,53.6004,54.2310,53.0848,52.0000,0.0000,0.0000,0.0000,0.0000,0.0000,0.0000,0.0000,0.0000,0.0000,0.0000,0.0000,0.0000
1700000033.950000,-59.2,67.4463,65.7875,66.1287,65.7875,67.2309,67.6240,64.8460,66.1891,65.7647,66.2420,68.0000,67.9559,68.5055,68.5055,69.6348,70.0000,67.4759,68.2495,70.1783,70.8378,70.0928,72.8354,70.7248,73.5527,72.8629,72.1803,76.5768,77.1038,77.8332,77.2334,77.1038,77.0779,77.0779,77.7946,73.5935,77.2334,74.6525,72.4707,71.4003,70.4557,68.5055,65.7343,65.0000,61.9112,60.8276,55.4707,57.2451,55.5428,53.3104,53.7587,50.6952,50.0100,0.0000,0.0000,0.0000,0.0000,0.0000,0.0000,0.0000,0.0000,0.0000,0.0000,0.0000,0.0000
1700000034.000000,-61.4,70.0928,68.8840,68.6804,71.1688,68.3081,68.9493,70.0071,68.5420,68.5420,69.3181,70.6612,71.1969,71.6938,71.3442,70.8308,70.7248,71.6101,71.6101,69.2026,71.0282,72.8011,73.2462,73.1095,74.9533,76.4199,75.6637,78.4920,80.6226,79.9312,79.2086,79.3095,79.3095,80.0562,80.2808,79.8123,77.6209,77.0065,73.8173,75.7166,74.6257,69.4622,68.0955,66.2420,64.8460,61.7414,60.0083,60.0083,59.4643,55.9732,57.0088,53.1507,51.4781,0.0000,0.0000,0.0000,0.0000,0.0000,0.0000,0.0000,0.0000,0.0000,0.0000,0.0000,0.0000
1700000034.050000,-60.7,70.0928,70.6045,68.0074,70.2282,69.6419,66.4831,69.0797,69.7782,70.2140,70.2353,70.2353,72.2011,73.2462,71.8679,72.1110,71.6101,73.2393,70.8025,70.6045,73.8783,71.7008,75.8222,73.0000,74.9533,77.7946,75.6637,79.2086,81.3204,77.7946,80.6226,80.6226,80.6598,80.8084,78.6448,79.2023,79.2023,77.2010,76.2758,75.1665,73.4983,71.6938,67.1193,67.5352,63.9531,61.7414,60.8358,58.8727,58.8727,57.2800,54.8179,53.9351,53.3385,0.0000,0.0000,0.0000,0.0000,0.0000,0.0000,0.0000,0.0000,0.0000,0.0000,0.0000,0.0000
1700000034.100000,-63.4,67.4166,66.7308,70.8802,69.2604,71.5681,68.4105,67.4685,68.0661,69.7209,70.5762,70.4557,73.2462,73.1095,73.0616,70.0071,72.0278,73.0616,72.0278,71.2531,74.1687,73.3348,73.3348,74.6726,74.9667,76.2955,75.1332,77.4661,80.6040,78.4474,80.6040,80.4114,80.0625,80.7527,79.9062,79.5110,79.6304,77.2334,75.1066,75.0600,72.0069,70.0000,68.0294,68.0294,63.1981,63.1981,61.5224,60.0167,58.8558,57.2713,55.7853,53.7587,51.0784,0.0000,0.0000,0.0000,0.0000,0.0000,0.0000,0.0000,0.0000,0.0000,0.0000,0.0000,0.0000
1700000034.150000,-60.4,65.2993,68.2495,67.8970,68.6222,67.1789,67.1789,67.8970,67.3573,69.4262,67.6240,70.0000,69.8928,69.8928,69.6419,69.6419,72.2011,70.3278,69.4622,72.4707,72.8972,72.0069,72.4983,73.4098,76.5506,76.5506,75.9605,77.6209,79.4796,78.5493,78.7718,79.3095,80.6226,80.0562,76.9220,77.4145,77.4145,75.1798,73.9256,70.1783,69.8928,68.4105,67.2012,66.4003,61.4003,62.3699,59.3970,58.6941,55.9732,55.9732,54.0370,52.2015,49.3964,0.0000,0.0000,0.0000,0.0000,0.0000,0.0000,0.0000,0.0000,0.0000,0.0000,0.0000,0.0000
1700000034.200000,-63.1,69.1809,68.0661,71.0070,71.0070,71.0282,69.0652,69.1809,69.3542,70.4557,70.7107,71.5681,69.8713,72.5672,70.8308,70.0928,71.8401,71.1688,72.1249,72.4500,72.8011,72.4500,73.9256,72.8011,75.6439,75.6439,76.5572,78.2624,80.1124,77.8781,81.4371,80.1124,80.6226,80.2309,79.7120,80.6536,79.0569,78.1601,76.1577,72.7805,71.8053,69.6348,68.7314,69.7209,64.4981,63.2851,60.2080,60.0750,59.0085,57.0000,56.1427,55.4437,52.1728,0.0000,0.0000,0.0000,0.0000,0.0000,0.0000,0.0000,0.0000,0.0000,0.0000,0.0000,0.0000
1700000034.250000,-63.2,67.2309,69.3542,68.0000,70.6612,70.3278,68.6003,69.3397,70.4557,69.6348,71.0282,71.0282,71.4003,72.6223,72.3464,72.1803,73.5527,72.8629,70.7248,74.4110,72.6223,74.5185,73.6003,71.7008,76.8375,79.0253,77.8010,79.8812,81.6088,80.4487,81.0247,79.2023,83.0060,83.0060,80.2808,80.1561,78.5684,77.0779,76.4199,75.0733,72.8629,71.5052,70.2922,68.2495,64.8151,62.0081,60.4649,61.5873,60.5392,56.8243,55.0364,54.0833,51.2445,0.0000,0.0000,0.0000,0.0000,0.0000,0.0000,0.0000,0.0000,0.0000,0.0000,0.0000,0.0000
1700000034.300000,-63.4,66.2420,65.2993,65.3911,66.3099,68.1542,64.2573,65.7875,64.8460,66.4831,68.4105,69.1231,69.4262,66.7083,68.8840,67.7422,67.2681,69.1809,68.1175,68.0074,71.0282,68.0661,72.0069,70.0071,72.0278,75.0267,71.0070,76.1052,78.0577,75.1066,80.0999,76.0066,79.0000,77.0000,76.0263,77.0584,76.1052,76.0592,71.4493,70.4557,67.8970,68.0661,66.9104,65.1153,62.5859,60.4401,56.6127,56.9210,55.9732,53.3104,53.7122,53.7122,50.2494,0.0000,0.0000,0.0000,0.0000,0.0000,0.0000,0.0000,0.0000,0.0000,0.0000,0.0000,0.0000
1700000034.350000,-61.4,69.0290,68.0294,71.0000,70.0000,70.0286,70.1142,67.2681,67.3647,68.4690,68.8840,70.2140,69.4262,72.3671,70.0928,73.0069,72.8011,70.8802,71.4703,70.8378,72.4500,71.7844,75.6108,72.8011,74.7329,76.5572,76.5572,79.7057,77.8781,78.2943,81.0247,80.2309,80.4114,80.3243,79.6994,78.1601,78.5875,78.1601,75.9276,73.0069,71.0211,69.7209,68.7314,67.4759,64.1950,63.0079,62.0000,60.0333,59.0085,58.2151,57.3149,53.7587,51.4198,0.0000,0.0000,0.0000,0.0000,0.0000,0.0000,0.0000,0.0000,0.0000,0.0000,0.0000,0.0000
1700000034.400000,-63.3,68.2495,69.7209,68.5930,71.5681,69.4622,69.1809,70.1783,70.0643,70.0286,71.0000,71.0000,71.0282,71.1126,73.1710,74.3303,73.4370,74.4312,73.6817,73.1642,74.7329,74.5252,75.9276,72.7805,77.6209,78.1025,77.8845,81.0432,81.0432,82.9699,80.7775,79.8311,81.5843,81.5843,79.2465,80.8950,79.6304,77.5242,77.1622,75.0600,74.0608,71.0000,70.0286,67.0671,64.1249,62.2013,60.4070,61.8142,59.2284,56.5155,55.3624,55.3624,52.8015,0.0000,0.0000,0.0000,0.0000,0.0000,0.0000,0.0000,0.0000,0.0000,0.0000,0.0000,0.0000
1700000034.450000,-59.7,66.2420,67.5352,68.0294,68.8767,67.6240,68.7095,69.5701,69.2604,68.6222,66.2193,70.3420,70.8308,72.5672,72.1803,72.1803,71.8471,70.7107,70.5762,73.1710,72.3395,71.0282,73.2462,71.1126,76.0000,76.0000,76.0000,78.0064,79.0000,81.0000,80.0000,79.0063,80.0062,80.0562,80.1561,80.3990,77.4145,76.6551,74.1485,74.1485,72.3671,68.4105,69.6419,67.1863,66.0984,61.6847,59.2368,59.2368,58.1808,56.7979,56.4358,53.5350,54.2033,0.0000,0.0000,0.0000,0.0000,0.0000,0.0000,0.0000,0.0000,0.0000,0.0000,0.0000,0.0000
1700000034.500000,-64.0,65.9242,66.2118,66.2118,65.7951,65.2993,63.5295,65.3682,65.3682,66.3702,66.0379,67.6757,66.4003,66.4003,69.6563,67.0075,70.7672,68.6222,68.5930,67.1789,69.2965,70.7248,69.3542,70.0357,71.7008,72.0069,72.4707,74.6525,76.8375,75.0000,77.4661,75.9276,75.8222,77.1038,75.6902,74.9533,75.6637,73.5527,73.6614,68.1175,68.2495,66.4003,64.2028,63.5138,59.0762,60.5392,56.3560,56.3560,55.0364,53.7122,52.5547,51.5461,49.2443,0.0000,0.0000,0.0000,0.0000,0.0000,0.0000,0.0000,0.0000,0.0000,0.0000,0.0000,0.0000
1700000034.550000,-62.1,64.6220,67.4166,65.4599,69.5701,68.0074,67.4463,65.7343,67.4685,68.6586,69.0507,69.0507,68.4690,71.2531,69.2604,73.1710,70.1142,71.0070,70.0000,70.0643,72.0278,73.0274,71.1126,71.1758,73.2462,75.5381,76.4199,79.6304,78.5175,79.6304,77.5242,77.4145,79.3095,80.1561,79.1012,79.0253,76.0000,75.0000,75.0267,74.1687,73.2462,70.3491,69.5845,64.7765,62.9682,61.8142,59.6657,59.6657,58.2409,55.6597,53.8516,53.7122,50.1199,0.0000,0.0000,0.0000,0.0000,0.0000,0.0000,0.0000,0.0000,0.0000,0.0000,0.0000,0.0000
1700000034.600000,-61.8,66.3702,64.6607,67.1193,66.0303,65.8027,68.0074,65.2993,66.0681,65.8559,65.7647,67.8970,68.6222,69.3542,70.0928,67.2681,69.6563,67.6240,68.4105,71.0282,71.6101,70.2140,72.4017,69.6419,73.0616,74.0945,73.0616,74.7930,76.6616,77.5242,78.0320,77.6981,78.5493,78.7718,76.2758,76.0263,75.6042,74.6525,72.3464,70.8378,70.0928,70.0071,66.4680,65.7951,62.3699,61.7171,58.0086,58.0086,55.4707,55.9464,53.2353,51.4781,48.8467,0.0000,0.0000,0.0000,0.0000,0.0000,0.0000,0.0000,0.0000,0.0000,0.0000,0.0000,0.0000
1700000034.650000,-57.4,69.3542,69.4262,70.1783,69.5270,71.8401,67.8012,68.8186,67.6757,71.0282,71.6938,72.5603,71.1196,72.0139,72.9178,69.7782,72.6154,72.8011,71.8679,71.1688,72.7324,72.7324,74.0405,74.2159,75.1864,75.7100,76.9025,78.4474,79.6241,81.2527,81.0247,79.5550,82.4621,82.2800,78.7464,78.7464,79.0569,79.3788,75.7694,73.5391,73.9256,69.7782,68.8767,68.4251,65.2993,63.1348,58.8303,59.6406,59.4054,58.4123,56.8507,53.7587,51.6236,0.0000,0.0000,0.0000,0.0000,0.0000,0.0000,0.0000,0.0000,0.0000,0.0000,0.0000,0.0000
1700000034.700000,-59.9,70.0071,68.5420,70.2140,70.2140,70.6612,68.4763,71.5891,69.6419,71.8679,72.4224,70.8025,74.0270,74.0270,72.9178,71.5891,74.9533,74.2496,74.2496,73.5935,75.0067,74.2765,75.9276,75.2861,77.4209,78.0064,78.6003,79.6304,82.4197,81.8413,82.6620,79.2023,84.2021,83.8689,80.0562,79.3095,81.4678,80.0562,76.3675,75.6637,72.1388,71.5891,70.1783,70.1783,66.2193,64.4050,63.2456,60.7454,60.5392,60.0333,55.4707,55.1543,51.8652,0.0000,0.0000,0.0000,0.0000,0.0000,0.0000,0.0000,0.0000,0.0000,0.0000,0.0000,0.0000
1700000034.750000,-65.6,71.4703,68.6804,73.4983,70.8308,72.3671,68.6586,69.0507,71.7008,71.8471,73.3348,74.1687,74.0270,74.0000,75.0000,75.0000,76.0066,73.1710,76.1643,74.1687,74.1687,78.3135,77.5242,76.4199,78.4474,79.2465,79.4292,80.4114,84.3445,82.3772,83.3607,80.6226,82.6075,83.6002,82.3893,82.1523,80.0999,80.0562,79.0253,76.0000,74.0270,74.1687,71.2531,70.2567,65.7647,63.9531,60.0167,61.1310,60.1664,60.4401,58.5235,56.4624,54.5894,0.0000,0.0000,0.0000,0.0000,0.0000,0.0000,0.0000,0.0000,0.0000,0.0000,0.0000,0.0000
1700000034.800000,-61.7,67.8012,68.0074,67.4166,71.0211,67.2309,66.3702,69.3542,67.5352,68.8840,70.2638,71.3092,69.6419,71.5122,71.7844,71.4703,69.9214,71.3092,70.8802,70.6116,71.8053,74.9533,74.5252,71.3863,74.6726,75.6637,75.6637,77.6466,78.6384,82.0366,79.7621,78.9177,81.3941,81.0247,78.6448,78.8480,78.3390,75.6902,75.0000,75.8947,71.4703,69.0797,68.5420,67.6240,63.5059,62.1772,60.0333,60.0333,58.2495,56.8595,54.8179,54.6717,52.3259,0.0000,0.0000,0.0000,0.0000,0.0000,0.0000,0.0000,0.0000,0.0000,0.0000,0.0000,0.0000
1700000034.850000,-61.9,69.8570,68.8840,71.1688,73.7631,69.2604,69.8928,70.0071,69.8570,71.8679,72.0139,71.1126,73.4302,74.3034,74.0945,74.0945,72.9452,74.8866,71.6101,74.0270,75.0000,75.4321,74.6525,75.9276,76.4199,79.9812,79.3095,80.6598,81.3204,84.2199,80.6598,83.7377,83.6301,81.2158,81.8352,83.0060,78.6003,79.4040,77.3886,74.6257,75.4718,72.0694,71.5891,67.5352,67.0820,63.5610,59.2368,62.6259,60.0833,57.2800,56.3205,54.9181,55.2268,0.0000,0.0000,0.0000,0.0000,0.0000,0.0000,0.0000,0.0000,0.0000,0.0000,0.0000,0.0000
1700000034.900000,-62.4,70.6045,69.3758,69.8570,72.5672,69.2315,70.0357,70.3491,71.3442,69.3542,71.0634,72.0278,72.0000,72.0625,74.1687,73.0069,75.2396,74.3303,71.4493,72.9931,74.8131,73.9797,76.1183,73.5459,77.3692,78.5875,77.6209,79.5550,78.5875,83.9345,79.5550,80.5233,83.9524,83.9524,78.2624,79.9062,77.9295,78.9177,75.6637,76.2365,74.2428,71.0070,71.0070,68.0074,65.0000,64.0703,61.2944,59.5399,60.4070,57.8705,58.2495,56.3205,53.4883,0.0000,0.0000,0.0000,0.0000,0.0000,0.0000,0.0000,0.0000,0.0000,0.0000,0.0000,0.0000
1700000034.950000,-59.8,68.5930,68.1836,68.0294,68.0661,68.0000,69.0072,69.0072,71.0634,69.1158,70.4557,69.1809,72.6911,71.8471,71.0211,70.8590,72.5672,70.8308,73.7564,70.6045,72.8011,71.8401,72.1110,71.4703,76.5506,76.5506,76.5506,79.1202,78.7718,80.9938,80.4114,80.3243,82.5409,82.8613,77.8845,79.3095,78.1025,76.4853,74.1485,74.8131,73.6817,69.2604,68.1836,67.1863,63.0317,62.0081,60.0000,60.0333,59.3043,58.5491,53.7587,54.5711,50.2892,0.0000,0.0000,0.0000,0.0000,0.0000,0.0000,0.0000,0.0000,0.0000,0.0000,0.0000,0.0000
1700000035.000000,-60.4,68.1175,65.8559,66.4680,67.8970,66.4831,67.8970,65.2993,67.6240,68.4105,66.0303,69.6348,68.5055,70.4911,73.0616,71.1196,68.8840,70.7107,70.2140,69.4622,69.8570,72.2357,73.1642,70.5762,75.5844,75.2728,75.5844,76.9220,77.4919,79.4040,76.9220,74.9466,79.3788,80.0562,77.8332,78.0000,75.6439,73.9256,73.3485,72.8972,71.5891,69.1158,68.6003,67.4166,61.2944,62.6817,58.0086,58.2580,57.4891,55.9732,52.3259,53.0754,50.6063,0.0000,0.0000,0.0000,0.0000,0.0000,0.0000,0.0000,0.0000,0.0000,0.0000,0.0000,0.0000
1700000035.050000,-60.1,66.0681,64.8151,66.8506,68.8186,68.7968,66.0379,68.9638,64.8460,69.3542,70.2140,69.7782,72.4983,71.8679,68.3520,67.6757,70.3420,70.8802,69.3758,70.4060,70.4060,70.4060,72.0069,72.0069,74.5453,75.8024,75.5381,78.4092,77.4145,78.5175,80.3057,77.5242,79.5110,76.6551,78.9177,76.9415,76.4853,76.9025,70.3420,72.1249,69.2604,69.2604,68.3081,66.1287,62.3939,62.0322,59.2368,59.0339,57.2451,56.0803,55.4707,51.4004,51.0882,0.0000,0.0000,0.0000,0.0000,0.0000,0.0000,0.0000,0.0000,0.0000,0.0000,0.0000,0.0000
1700000035.100000,-62.7,67.1863,65.2533,65.7875,66.0984,65.7875,65.1920,67.2309,67.2309,67.5426,67.5352,67.9779,66.7308,68.0955,68.9638,69.1158,71.2811,68.8186,68.8186,68.2495,68.8840,68.4105,70.9366,71.0634,71.5052,73.5527,72.1803,75.6902,77.1038,77.1557,77.8332,75.8222,77.3369,78.7464,76.0592,76.4003,76.0263,72.9452,73.2462,71.6938,69.8355,68.8840,66.6483,65.3070,62.6498,58.6941,57.3847,58.1893,55.6597,56.7539,50.4480,52.6118,50.1597,0.0000,0.0000,0.0000,0.0000,0.0000,0.0000,0.0000,0.0000,0.0000,0.0000,0.0000,0.0000
1700000035.150000,-60.0,67.0298,66.0303,68.2642,69.1809,68.5930,66.7533,67.0820,69.4262,68.6586,70.3420,71.1688,70.8802,69.8928,70.2282,70.9366,71.1126,71.1126,70.2140,71.1196,72.0694,71.1969,74.4312,70.4911,75.1665,74.8866,74.8866,77.4209,78.7718,76.8440,77.4209,78.7718,78.7718,79.9250,78.3901,77.8974,76.0592,72.8972,74.7329,73.8241,74.7329,69.0797,68.1542,65.7875,63.8905,60.7289,60.4401,59.4390,57.0701,56.8858,54.4518,53.1507,51.0098,0.0000,0.0000,0.0000,0.0000,0.0000,0.0000,0.0000,0.0000,0.0000,0.0000,0.0000,0.0000
1700000035.200000,-61.5,71.1758,68.5420,72.9178,70.2140,72.8972,68.8840,71.6938,71.0211,70.4911,71.2811,74.0608,73.0069,74.0270,74.6525,71.7008,75.1665,70.8378,74.2765,70.0357,74.2765,74.9533,75.9276,76.4199,75.9276,80.2808,78.4092,81.6884,82.3286,80.2808,83.7377,79.3095,82.8794,83.4865,81.3204,82.0244,81.3449,78.5684,75.2861,77.4661,74.6525,73.2393,69.6348,69.3397,65.4599,64.1405,62.6498,60.4152,59.5063,57.7754,56.3028,55.0818,52.9528,0.0000,0.0000,0.0000,0.0000,0.0000,0.0000,0.0000,0.0000,0.0000,0.0000,0.0000,0.0000
1700000035.250000,-65.3,69.1231,70.8802,70.8378,71.5122,70.5762,69.2892,70.7743,70.6824,72.0139,68.8840,72.4707,72.5603,74.4312,74.6257,71.3442,73.2393,75.2130,72.8011,75.2861,73.8783,74.6525,76.4199,73.1095,78.4920,79.2465,80.6102,82.0244,81.3204,84.1487,82.0244,82.8070,82.8070,79.9812,82.3286,81.0555,77.8010,79.0569,76.5506,73.2462,74.6257,72.2011,71.1969,68.4251,67.5352,64.4050,61.3270,62.0322,61.6847,58.2409,58.6941,55.9017,54.2310,0.0000,0.0000,0.0000,0.0000,0.0000,0.0000,0.0000,0.0000,0.0000,0.0000,0.0000,0.0000
1700000035.300000,-63.5,69.0000,69.0000,70.0286,74.0068,71.1126,69.1809,68.5930,70.7107,70.0357,69.6348,71.8053,73.2462,74.0405,72.4224,71.4703,73.7360,75.0267,70.9366,73.8241,74.7329,73.8241,76.0263,75.1798,78.8923,77.8974,78.3901,80.7775,81.6333,84.0595,81.6333,81.9878,81.4923,82.7647,81.8413,81.3941,78.7210,78.3901,77.6209,74.0945,72.8011,72.1249,72.4224,69.3758,66.7083,63.7887,62.3699,60.8276,59.8415,58.3095,56.0803,55.0000,53.1507,0.0000,0.0000,0.0000,0.0000,0.0000,0.0000,0.0000,0.0000,0.0000,0.0000,0.0000,0.0000
1700000035.350000,-58.6,68.0147,68.1175,67.6240,68.8840,70.8025,67.6757,69.8928,69.6419,70.3278,70.3278,72.0694,72.4500,70.2140,72.9178,70.2140,74.8465,70.5762,71.8679,71.1688,73.3757,72.4224,74.3303,74.3303,75.4321,77.8781,75.9276,78.8543,78.1025,80.2808,81.2527,78.5875,80.5233,79.6994,79.4040,80.3243,77.8332,76.6942,73.8241,74.2496,72.0139,72.0694,67.6018,66.0379,62.4340,63.5138,60.2163,59.4054,57.0088,59.4643,55.1725,53.8145,51.4004,0.0000,0.0000,0.0000,0.0000,0.0000,0.0000,0.0000,0.0000,0.0000,0.0000,0.0000,0.0000
1700000035.400000,-62.2,64.0703,66.0303,65.4370,67.8012,66.7083,63.7809,65.0692,67.1789,67.1789,64.4438,67.9412,68.2495,69.6563,67.0075,67.6240,69.3397,69.3397,68.5055,69.1158,70.4911,69.6419,71.1969,72.0694,73.3485,75.1332,75.5844,73.7902,75.5844,76.0263,76.9220,77.4145,77.4145,77.8974,75.2928,75.7166,74.8866,75.1665,73.2393,71.2180,68.8840,65.2993,67.2681,63.7024,62.2415,59.3970,57.3149,57.4891,57.0088,54.6443,54.9181,52.1536,49.1935,0.0000,0.0000,0.0000,0.0000,0.0000,0.0000,0.0000,0.0000,0.0000,0.0000,0.0000,0.0000
1700000035.450000,-59.1,67.0298,68.1836,68.5930,68.3593,69.8713,67.7422,68.6586,69.6348,70.3420,68.3081,70.3420,71.1688,72.1110,70.5762,71.8679,73.5391,72.4983,69.7782,71.5891,72.0069,72.0694,73.9256,72.5603,74.6257,74.9466,76.8505,79.0759,79.0759,79.9250,80.4550,78.8923,80.7775,77.4145,79.6492,79.6241,76.0592,75.6439,73.5391,72.8011,72.8011,70.8802,67.7200,66.4831,64.7611,62.8172,60.2080,58.8558,59.4138,58.4209,56.0357,55.0091,53.1507,0.0000,0.0000,0.0000,0.0000,0.0000,0.0000,0.0000,0.0000,0.0000,0.0000,0.0000,0.0000
1700000035.500000,-65.4,67.6831,67.8970,67.6018,68.5930,66.6108,67.1863,68.1175,67.0671,68.0000,67.0000,70.0643,70.1783,70.1783,69.3542,71.4493,69.8713,71.1969,69.2315,73.5459,70.6116,72.7805,72.7805,70.6045,74.3303,74.3303,75.2861,78.1089,77.4919,81.5966,78.4347,80.3617,78.1601,81.7435,76.1577,76.6877,76.6877,75.3127,73.9797,72.6911,73.4370,68.4690,68.1836,66.1211,68.1175,61.0000,60.0000,58.2151,59.2115,57.5587,55.9017,53.3667,51.2445,0.0000,0.0000,0.0000,0.0000,0.0000,0.0000,0.0000,0.0000,0.0000,0.0000,0.0000,0.0000
1700000035.550000,-61.7,72.0902,68.1542,72.4500,71.1688,70.3420,70.6045,69.6348,69.6348,69.6348,71.0211,72.9931,72.6911,75.2396,73.2462,73.2462,74.0608,71.0000,76.0000,74.0270,76.0592,77.1622,76.1643,75.1665,75.5381,80.3057,78.3135,79.9062,82.8734,80.7527,83.7257,80.5047,84.4808,83.3847,81.1542,80.0250,81.0247,80.0062,78.0577,75.0267,72.0625,74.3303,69.1809,69.3542,65.6201,64.7765,61.8142,61.3922,59.9083,60.4401,55.9732,57.2713,53.7122,0.0000,0.0000,0.0000,0.0000,0.0000,0.0000,0.0000,0.0000,0.0000,0.0000,0.0000,0.0000
1700000035.600000,-59.7,67.1193,69.7782,69.9714,70.7107,70.4911,68.7968,70.4557,70.4557,68.4105,70.4344,71.0634,71.5052,72.3464,73.5527,73.5527,74.2765,72.2496,71.5891,73.1095,74.2024,74.6525,73.2393,74.4043,76.5506,77.9359,75.7166,79.6116,79.9250,80.9938,82.6801,80.7094,81.5414,80.2122,81.2158,78.8733,80.4301,78.8733,77.8974,74.9667,72.8629,71.4213,70.0928,70.0928,64.5368,64.5368,61.0737,60.6053,58.8218,60.5392,57.2451,53.3104,52.5547,0.0000,0.0000,0.0000,0.0000,0.0000,0.0000,0.0000,0.0000,0.0000,0.0000,0.0000,0.0000
1700000035.650000,-59.5,67.4759,68.4690,72.3671,70.0357,67.0820,66.7083,67.0522,68.6804,68.3081,68.9493,70.5762,70.3847,69.7782,70.2140,70.6612,71.1969,71.1969,72.0694,70.4557,73.7835,72.1110,72.2011,73.0069,74.0270,74.6525,76.2168,77.4661,79.5110,79.6492,79.0253,80.4301,79.8123,79.8123,80.2122,78.0064,77.6660,76.1577,75.4718,72.0694,70.2353,70.2140,68.4251,68.0294,64.4748,61.8466,59.2368,60.7289,58.1893,56.5155,55.1090,55.5788,51.1566,0.0000,0.0000,0.0000,0.0000,0.0000,0.0000,0.0000,0.0000,0.0000,0.0000,0.0000,0.0000
1700000035.700000,-64.1,69.5701,68.3081,67.4463,69.8570,67.1863,69.6348,68.2495,69.7209,70.5762,68.4690,70.3491,71.1126,73.0616,71.0070,72.0000,71.0070,72.0278,70.0643,72.2496,72.3395,73.2462,76.5310,71.2531,73.6817,76.9415,76.9415,81.0494,80.8950,81.2158,77.1038,79.5110,80.6226,80.3990,79.3095,80.0999,79.0569,76.0066,76.0000,73.0274,72.0625,69.1809,71.2531,67.3647,64.3817,62.5140,60.4152,61.1882,58.9406,56.0446,53.7587,53.7122,51.4296,0.0000,0.0000,0.0000,0.0000,0.0000,0.0000,0.0000,0.0000,0.0000,0.0000,0.0000,0.0000
1700000035.750000,-67.2,70.8590,69.2315,71.8053,69.1231,70.6045,67.0522,70.2140,69.8928,70.9366,69.8570,72.9178,72.9452,74.3034,73.0616,71.5891,75.8024,73.2462,74.0945,72.2011,74.0608,76.0263,77.0065,75.4321,77.2334,79.3095,77.8974,81.3941,82.8070,79.3977,83.5464,80.0562,81.6884,82.3286,82.0061,82.6620,79.6304,77.4209,76.5506,76.3217,73.0616,72.0069,68.8840,69.7711,64.8845,63.1585,61.0983,61.6847,59.4811,60.1664,55.7853,57.2713,52.4690,0.0000,0.0000,0.0000,0.0000,0.0000,0.0000,0.0000,0.0000,0.0000,0.0000,0.0000,0.0000
1700000035.800000,-64.4,68.8840,68.4105,69.6348,70.4557,69.8928,65.1920,67.7422,68.4763,70.3278,69.7782,70.6824,73.4098,72.2357,71.8679,71.8679,73.3894,71.4703,70.8802,69.6419,71.3092,72.8011,75.7100,75.7100,75.8024,76.1183,76.1183,76.9415,81.0494,80.0625,82.0366,77.4661,81.3941,82.0000,78.1025,79.1202,78.8480,76.2430,74.9466,74.3303,71.5122,70.9366,67.2309,68.0294,61.2699,61.7171,59.9416,59.3633,57.9828,57.4282,55.0000,54.6717,52.3450,0.0000,0.0000,0.0000,0.0000,0.0000,0.0000,0.0000,0.0000,0.0000,0.0000,0.0000,0.0000
1700000035.850000,-59.4,65.1153,62.9682,63.5610,64.3273,65.0000,63.3246,61.6847,65.7875,66.1287,66.4831,64.4748,64.4050,67.0820,66.1891,65.7647,66.3702,67.1193,65.7343,67.6757,68.0074,68.6003,69.2026,68.8840,71.2180,71.7008,72.3464,73.6614,74.5185,75.9276,71.5891,73.8783,76.0592,74.0270,74.4043,73.8173,73.2393,71.2811,69.4622,68.9638,67.2309,65.7647,64.8460,62.6498,60.0083,56.8595,56.6480,57.5847,54.7083,53.1601,52.1728,50.6360,49.1630,0.0000,0.0000,0.0000,0.0000,0.0000,0.0000,0.0000,0.0000,0.0000,0.0000,0.0000,0.0000
1700000035.900000,-65.3,68.7314,65.7647,68.6586,70.4060,68.6586,65.9697,65.9697,68.9638,67.6757,69.8928,70.9366,70.9366,72.9178,71.1126,72.6154,72.0069,72.9452,68.8840,70.8308,73.0616,72.5603,74.3303,72.7186,75.4520,76.0263,74.0608,78.2368,79.0569,79.6304,79.6304,79.8812,80.4550,80.7775,79.6492,78.2624,79.6053,76.0263,73.8241,72.4983,72.2357,70.0071,67.0671,68.3081,62.3618,61.8466,59.8415,58.8558,58.6941,58.4209,55.1453,53.0000,51.0882,0.0000,0.0000,0.0000,0.0000,0.0000,0.0000,0.0000,0.0000,0.0000,0.0000,0.0000,0.0000
1700000035.950000,-64.0,66.3099,68.7095,66.4078,67.6757,68.9638,68.6804,66.7083,67.2681,67.4685,68.7314,68.5930,69.2604,69.1809,71.1758,73.0616,71.0282,71.0000,69.0000,71.1758,72.1734,73.2462,74.2428,72.6911,74.9667,77.1038,75.1332,76.4853,78.0897,78.2624,77.4661,79.7621,80.0625,80.7527,79.6304,78.1601,74.1687,75.1665,74.0068,72.0000,73.0069,68.1175,69.0072,67.1193,64.3817,61.5224,58.5491,59.8415,56.0892,55.5428,53.4509,53.7587,51.4781,0.0000,0.0000,0.0000,0.0000,0.0000,0.0000,0.0000,0.0000,0.0000,0.0000,0.0000,0.0000
1700000036.000000,-63.0,67.4759,65.1153,69.3109,67.8822,69.3109,66.5282,67.9412,68.7677,68.2495,70.8025,72.2011,67.9559,69.6419,71.3442,70.4911,70.7107,70.6612,70.6612,70.2140,73.3485,73.7902,74.3236,74.3236,75.6108,76.5506,77.4919,79.1202,81.3449,79.3788,80.0562,79.8499,80.1124,80.5295,80.0562,77.4145,78.2943,77.8267,74.3034,71.3442,69.6419,70.4557,67.4240,67.0075,62.0081,63.7809,60.1082,59.3970,58.0000,56.7274,55.2268,52.8015,50.4777,0.0000,0.0000,0.0000,0.0000,0.0000,0.0000,0.0000,0.0000,0.0000,0.0000,0.0000,0.0000
1700000036.050000,-63.1,67.7422,71.3442,69.4046,74.0608,70.0000,69.0290,68.4105,71.0634,72.2496,69.4262,72.1388,72.8629,73.7564,72.2496,75.2861,69.8140,73.0069,71.2180,74.8866,73.2393,73.8173,75.1665,72.1110,77.4145,77.4145,79.2591,82.8553,80.1311,84.1190,80.2621,83.3547,81.3019,80.9938,80.4487,81.0247,76.6094,79.4040,78.1025,75.9276,77.2334,70.0357,71.4493,67.1789,68.6222,63.7809,61.7171,60.6053,61.6117,55.7584,57.4543,55.4707,54.1295,0.0000,0.0000,0.0000,0.0000,0.0000,0.0000,0.0000,0.0000,0.0000,0.0000,0.0000,0.0000
1700000036.100000,-62.8,67.1863,66.4831,65.1460,68.9493,66.7308,66.1287,65.5515,68.0294,68.4471,66.6483,69.8355,68.6003,68.6003,72.9452,72.9452,70.4557,71.0282,68.8186,72.6223,72.0069,71.7008,73.7564,70.1783,74.2496,75.6637,77.1038,78.4920,76.3806,80.6226,74.9533,77.9872,77.2334,78.1025,78.4092,78.4092,75.2130,74.4043,74.3303,74.6257,71.6938,68.0955,68.4763,65.7647,63.5610,61.3270,59.8080,58.8727,57.8705,56.7539,54.5711,53.7587,51.1566,0.0000,0.0000,0.0000,0.0000,0.0000,0.0000,0.0000,0.0000,0.0000,0.0000,0.0000,0.0000
1700000036.150000,-60.6,68.0955,67.0820,69.3181,68.8767,69.3542,66.3099,68.7095,69.5701,69.2604,72.5328,69.1231,70.6116,71.5891,72.3671,70.2140,71.7008,71.4493,71.4493,71.1126,71.1126,71.1126,75.0267,74.0608,74.0270,77.0065,76.0066,79.0063,78.0577,80.0250,81.0247,80.0000,81.0062,80.0000,78.0577,78.1025,79.1581,77.3175,74.5453,72.8354,71.7008,70.4060,68.0661,68.6586,63.0635,62.3618,60.7289,58.3095,58.3095,58.1808,55.4617,55.9464,49.9300,0.0000,0.0000,0.0000,0.0000,0.0000,0.0000,0.0000,0.0000,0.0000,0.0000,0.0000,0.0000
1700000036.200000,-60.9,67.6240,64.6607,67.4759,67.2681,66.4680,66.4680,66.4831,67.2086,68.0147,68.8840,69.4046,68.8186,70.7248,68.7968,69.3397,72.9452,68.4763,69.7711,69.3542,70.2140,70.6612,73.4098,70.3847,74.0000,75.9605,75.6108,78.1089,80.9568,78.4347,81.2711,78.4347,79.3095,80.2309,77.8781,76.4853,77.8203,75.1532,73.3553,73.9256,70.8308,70.4911,66.2873,68.5055,61.4003,60.6053,59.8164,56.6392,57.3149,58.6941,55.2268,52.4023,52.2015,0.0000,0.0000,0.0000,0.0000,0.0000,0.0000,0.0000,0.0000,0.0000,0.0000,0.0000,0.0000
1700000036.250000,-61.3,69.6348,70.6045,71.1688,71.7844,71.1688,71.1688,71.5122,69.0797,71.1758,72.0139,73.3485,72.0069,72.4707,72.5603,71.1969,75.1665,72.9452,73.7835,75.0000,73.4098,74.8131,73.1095,74.8131,77.9872,77.3369,78.5684,80.0562,79.3095,82.3286,82.8070,82.3286,83.8689,80.4301,80.8022,79.4040,80.2122,77.3886,77.4145,75.1798,73.4302,73.7902,72.4707,69.3542,67.2309,65.0000,61.3514,61.0328,61.1310,59.4390,58.8558,55.3263,53.0377,0.0000,0.0000,0.0000,0.0000,0.0000,0.0000,0.0000,0.0000,0.0000,0.0000,0.0000,0.0000
1700000036.300000,-62.6,69.0507,68.7314,70.4557,70.5762,70.2567,68.2642,70.1783,69.1158,71.0634,70.0071,70.0286,71.1758,73.2462,72.4431,73.3348,72.6911,72.9931,70.0357,73.5459,72.5672,75.3127,75.9276,72.7805,76.5376,78.4474,77.4919,79.6994,80.9568,82.5651,80.3617,82.5651,81.4923,81.0247,80.4114,79.4292,80.4114,80.0625,75.6637,75.2396,73.4370,71.1126,69.0652,68.0000,65.0077,65.0692,63.1981,60.2993,58.8558,59.0339,57.8705,55.0818,54.0833,0.0000,0.0000,0.0000,0.0000,0.0000,0.0000,0.0000,0.0000,0.0000,0.0000,0.0000,0.0000
1700000036.350000,-61.9,62.2254,63.6553,65.1920,65.1920,63.8905,63.2535,64.4050,64.8999,65.2150,64.6607,67.4166,66.2420,67.5352,68.4251,66.6483,68.0294,67.2309,67.2309,67.4166,69.5701,69.6419,70.5195,68.6222,71.1688,71.8401,69.6419,74.3303,76.4003,77.2010,75.0000,74.3303,75.5844,74.6324,75.6108,73.9256,73.0069,72.6154,70.6612,68.4251,69.3181,65.3682,65.7647,64.6607,59.3633,57.6888,58.6003,57.0088,54.6717,51.6624,50.9117,52.4023,48.2597,0.0000,0.0000,0.0000,0.0000,0.0000,0.0000,0.0000,0.0000,0.0000,0.0000,0.0000,0.0000
1700000036.400000,-60.8,67.1193,66.2873,67.6240,67.2012,69.6563,68.1175,66.7083,67.2086,67.1789,67.2086,70.0928,69.4262,71.0634,70.8025,71.2180,71.6101,68.5055,68.2422,71.3442,70.4911,71.3442,72.9452,73.0616,74.7329,74.6860,76.0263,78.2943,79.2023,80.0562,79.6241,78.2624,80.5295,80.6226,79.4040,77.9359,76.5506,76.5506,73.0069,73.6003,71.2180,69.6563,68.6804,65.2993,63.0317,60.8276,58.7963,58.0517,58.8982,54.2033,53.8238,53.3385,52.3259,0.0000,0.0000,0.0000,0.0000,0.0000,0.0000,0.0000,0.0000,0.0000,0.0000,0.0000,0.0000
1700000036.450000,-63.8,69.4262,70.0071,67.8970,72.2496,69.5270,69.4262,68.4105,69.2026,71.6101,68.7968,73.4983,70.8308,73.5731,73.4302,73.8241,73.8241,74.2496,72.4500,74.8465,76.3217,74.6726,76.5506,72.4500,76.9220,78.7464,77.7946,80.6536,79.6994,82.5651,81.9085,81.2711,83.4865,84.1546,80.4114,81.0247,78.3901,80.9568,76.9415,75.1798,73.4302,72.5603,71.3442,67.9559,64.6375,64.6375,62.0081,60.3075,58.0000,57.2800,56.5685,55.3173,53.8238,0.0000,0.0000,0.0000,0.0000,0.0000,0.0000,0.0000,0.0000,0.0000,0.0000,0.0000,0.0000
1700000036.500000,-64.0,72.7805,69.8570,70.8802,72.1249,74.6324,71.1688,72.4500,72.0902,72.0902,74.2428,72.4707,74.3034,75.2928,76.0066,75.1665,74.6324,75.0000,76.0263,74.6525,76.5768,77.9872,77.8974,77.2334,75.6902,81.3204,79.9062,82.0244,85.5862,81.3204,84.8999,80.6102,83.5464,84.2912,81.3941,84.3860,81.8352,80.0000,79.4040,77.4209,75.7166,73.2462,70.4911,72.2011,66.2420,65.2993,62.1691,61.7414,62.7694,60.7454,59.1354,58.2495,55.9017,0.0000,0.0000,0.0000,0.0000,0.0000,0.0000,0.0000,0.0000,0.0000,0.0000,0.0000,0.0000
1700000036.550000,-62.7,66.1287,65.5515,65.4599,66.0984,64.1950,63.3246,64.7611,64.3273,66.7083,65.7647,67.7422,69.2604,70.1142,69.0290,69.1158,70.0071,68.0000,66.0000,68.0074,68.0074,70.0286,70.1142,71.3442,71.7008,74.6726,74.6726,75.6637,77.6466,79.4040,76.5310,76.2365,76.1643,78.1025,77.0000,74.0000,74.0000,73.0069,72.0625,74.1687,68.2642,68.7314,65.7647,63.9531,60.2080,60.6383,57.9741,57.2800,57.9396,54.0833,53.3104,51.4296,49.3964,0.0000,0.0000,0.0000,0.0000,0.0000,0.0000,0.0000,0.0000,0.0000,0.0000,0.0000,0.0000
1700000036.600000,-60.9,67.1193,65.5134,68.7968,68.7968,67.9559,68.0074,69.2026,67.6240,67.3573,70.1783,70.1783,69.2965,70.7248,70.0928,70.8378,71.2180,71.2180,69.6563,71.6101,71.8471,72.2011,70.7248,72.9452,74.0945,74.0945,73.9256,75.8024,82.4924,78.2943,80.1311,79.4040,79.9250,79.6116,77.3886,76.6094,78.0064,74.2024,73.8783,71.7008,69.5270,69.3542,66.4831,67.8822,64.3817,63.0317,57.4891,59.8164,57.2014,56.8595,55.2268,53.7122,51.0784,0.0000,0.0000,0.0000,0.0000,0.0000,0.0000,0.0000,0.0000,0.0000,0.0000,0.0000,0.0000
1700000036.650000,-59.8,69.3181,67.6018,70.2140,69.7711,69.7782,67.6240,68.1542,69.8928,71.7844,69.3758,69.6419,69.6348,72.7805,73.3485,74.1485,73.9797,72.8354,71.5681,74.3303,72.5603,74.2428,75.2396,75.1665,77.0065,78.0000,79.0000,82.0000,83.0241,82.0000,83.0241,79.0569,82.1523,81.2219,80.5047,80.6226,77.6466,79.6304,74.3303,75.5050,73.5459,72.8011,69.6419,67.3573,64.1950,62.9682,60.9262,60.8358,59.0339,60.4152,55.5698,55.4707,51.4004,0.0000,0.0000,0.0000,0.0000,0.0000,0.0000,0.0000,0.0000,0.0000,0.0000,0.0000,0.0000
1700000036.700000,-60.8,69.6348,69.6419,70.8802,71.1688,71.7844,68.9493,72.6154,68.5420,69.7782,71.5542,73.3553,73.9256,73.4302,72.7186,72.9452,73.2393,74.2024,72.4224,74.0270,74.6525,74.0270,77.2334,77.3369,77.8332,78.5684,78.5684,79.9062,79.9062,79.9062,82.7345,82.8070,82.8070,82.3286,83.0963,79.2023,78.6003,78.6003,76.8440,74.3303,74.6257,72.2011,71.3442,67.1193,66.6483,62.6498,60.4152,60.7454,59.8080,59.7746,57.9741,56.5155,53.3385,0.0000,0.0000,0.0000,0.0000,0.0000,0.0000,0.0000,0.0000,0.0000,0.0000,0.0000,0.0000
1700000036.750000,-63.1,66.0076,66.0076,67.1193,68.1175,67.1863,66.4831,68.0661,68.0661,66.2873,68.8840,69.4262,69.9214,69.9214,70.2140,69.8928,68.1542,70.0071,70.7743,69.7711,71.5542,70.2140,73.8241,70.6612,72.7186,74.4312,76.3217,76.8505,77.1751,79.0759,79.9250,78.0320,78.8923,80.0625,77.4145,78.2624,76.4853,74.7329,74.4648,71.8679,71.1688,68.3081,67.0522,65.8027,63.3246,60.4152,59.4390,58.8558,56.4358,56.5685,56.0357,53.0000,52.1536,0.0000,0.0000,0.0000,0.0000,0.0000,0.0000,0.0000,0.0000,0.0000,0.0000,0.0000,0.0000
1700000036.800000,-61.8,71.6101,71.8471,72.7186,74.3303,74.4312,71.6938,73.3485,71.5542,71.5891,73.4098,75.3923,75.9605,76.5506,75.8947,74.0405,74.4648,76.9025,73.9797,77.2787,76.1183,77.2787,77.9295,76.9415,79.3095,81.7435,80.3990,83.2166,84.5931,85.4751,85.3756,83.7257,83.8630,84.0119,82.7647,84.5281,82.2253,80.2808,79.1202,78.7464,75.5844,74.6324,72.1110,71.3092,66.8506,66.2118,63.9766,64.4127,64.4981,61.2944,57.6888,55.8032,55.1725,0.0000,0.0000,0.0000,0.0000,0.0000,0.0000,0.0000,0.0000,0.0000,0.0000,0.0000,0.0000
1700000036.850000,-61.8,68.8840,67.9117,68.3081,66.4078,67.0671,67.4166,69.0797,67.1193,68.4471,69.3181,68.4251,71.1196,68.2642,68.7968,69.8928,71.6101,69.2026,70.6045,70.8378,73.7564,70.9366,72.9178,73.5935,74.2496,74.9533,75.6902,77.1038,77.8332,78.5175,78.5684,78.5175,80.6226,79.1960,78.5684,77.8974,77.3369,75.9276,74.0270,71.0282,71.0282,69.8928,66.2873,66.8880,65.5134,63.1348,59.9416,59.9333,58.6003,57.0088,56.3205,55.0818,49.6488,0.0000,0.0000,0.0000,0.0000,0.0000,0.0000,0.0000,0.0000,0.0000,0.0000,0.0000,0.0000
1700000036.900000,-61.5,69.2892,70.5762,71.3092,71.6938,68.8767,68.0294,71.1126,69.3181,70.7107,69.3397,71.8471,71.6101,74.2024,73.2462,72.8011,74.0270,73.2462,71.5891,73.5527,73.6614,74.2765,74.2765,74.9533,75.9276,77.4661,77.9872,81.3941,80.0562,80.8084,81.3941,81.3204,83.4386,81.3449,79.2465,81.5659,80.9197,78.7464,75.2861,74.8131,73.0069,70.4911,69.3397,67.7422,63.6318,64.8460,60.8358,62.6498,59.8080,57.0088,57.2451,55.3624,53.9351,0.0000,0.0000,0.0000,0.0000,0.0000,0.0000,0.0000,0.0000,0.0000,0.0000,0.0000,0.0000
1700000036.950000,-59.4,68.4471,64.7765,65.2763,69.4622,66.1891,68.1175,64.0078,68.0294,68.0074,67.0298,71.0000,69.1809,68.4690,71.2531,72.6911,69.2315,69.6348,68.4471,71.0634,69.3758,72.8011,71.8401,70.6045,72.7324,75.5844,73.6817,78.4347,78.1089,78.4347,76.5506,77.8845,79.0569,80.0812,76.9220,78.1025,76.9025,75.3127,73.6817,73.4370,74.6726,68.1836,68.1836,66.1891,62.0322,62.0081,60.0000,61.0328,58.1378,57.4282,54.9181,53.6004,52.2015,0.0000,0.0000,0.0000,0.0000,0.0000,0.0000,0.0000,0.0000,0.0000,0.0000,0.0000,0.0000
1700000037.000000,-62.7,65.2993,62.2656,65.1920,65.0000,65.7343,64.0703,66.4003,64.0312,63.1269,67.3573,66.5282,67.2086,68.5930,66.5282,66.5282,70.1783,66.7083,68.8840,68.0074,70.8025,68.4105,67.6757,71.0282,71.8679,71.0211,71.8679,73.9256,77.1751,73.9256,77.6981,75.1665,77.9359,76.2758,77.2010,75.2130,75.2861,72.0069,71.7008,67.9412,67.3573,67.1789,64.3817,65.8559,60.2080,58.2580,57.0088,56.8595,55.7584,54.3783,52.8394,49.1935,47.1699,0.0000,0.0000,0.0000,0.0000,0.0000,0.0000,0.0000,0.0000,0.0000,0.0000,0.0000,0.0000
1700000037.050000,-61.5,63.7809,64.3817,64.3817,63.6553,64.4438,64.5368,63.4114,64.4050,65.8027,63.5138,65.7343,65.5134,68.9638,67.6018,68.4763,68.4471,68.0294,67.2309,67.7791,68.1542,69.0797,68.9493,68.0074,71.8401,73.3757,74.0405,74.0405,77.2010,74.7262,75.4321,74.3303,74.6324,75.2728,75.0267,75.0267,73.9256,72.2357,70.2140,69.7711,67.5352,65.7647,65.0000,62.4340,59.3633,59.0762,57.2014,55.6058,53.9073,52.4023,52.3450,50.9313,51.2250,0.0000,0.0000,0.0000,0.0000,0.0000,0.0000,0.0000,0.0000,0.0000,0.0000,0.0000,0.0000
1700000037.100000,-60.6,66.8506,66.8880,69.9714,67.7422,69.3542,66.6483,68.0294,66.7083,68.1542,69.6419,70.0071,69.5701,70.5195,70.8802,69.1231,74.3303,71.1969,71.1969,71.7008,72.4431,71.4493,74.2428,75.5381,76.1052,76.2365,75.1066,76.0592,80.0250,79.0253,82.0244,79.1581,80.0999,80.2247,78.5175,80.3990,79.9062,77.1038,73.9797,73.0069,69.8570,69.8570,67.4463,69.3758,63.3246,63.6003,61.0983,60.1664,57.7754,56.3560,55.5698,53.2541,51.2250,0.0000,0.0000,0.0000,0.0000,0.0000,0.0000,0.0000,0.0000,0.0000,0.0000,0.0000,0.0000
1700000037.150000,-63.9,72.1734,69.1809,69.5845,73.5527,70.7107,69.0507,69.6348,70.4060,70.8308,72.1249,74.0405,72.4500,71.7844,73.5391,72.8011,72.9178,73.7902,72.9178,74.3034,76.1577,74.3034,74.6257,73.5731,77.3886,80.4550,76.8440,81.0247,79.6304,81.0247,83.2346,81.5414,84.3149,82.1523,80.7775,81.9878,80.0625,77.4145,76.9220,74.7329,74.7329,70.7743,72.2357,69.2892,66.4078,65.8027,60.4401,60.8769,58.6941,58.8558,57.5587,57.2189,53.0000,0.0000,0.0000,0.0000,0.0000,0.0000,0.0000,0.0000,0.0000,0.0000,0.0000,0.0000,0.0000
1700000037.200000,-59.9,71.5122,70.5195,73.2462,72.8011,74.2159,69.6348,72.1803,71.1969,72.0069,74.6726,73.3348,75.4255,75.1665,74.0000,73.0000,76.0592,74.0270,75.0600,74.3303,76.2365,76.3217,77.5242,78.7718,78.0897,81.8841,78.0897,81.0494,83.7437,82.5651,84.5281,85.0000,84.0119,83.7257,82.3893,83.2166,82.2192,78.1025,79.0253,77.0000,75.0000,72.0278,71.1758,72.1734,67.3647,63.7887,62.9682,62.1691,61.6117,60.4401,58.8218,57.3847,54.5619,0.0000,0.0000,0.0000,0.0000,0.0000,0.0000,0.0000,0.0000,0.0000,0.0000,0.0000,0.0000
1700000037.250000,-64.9,66.4680,65.7647,65.1920,66.0681,66.0681,64.2028,65.8027,64.0703,65.4599,67.2309,67.2309,66.6483,69.3181,67.0820,68.0294,70.3847,69.0797,67.2309,69.5701,67.6757,70.2140,71.1688,69.6419,70.6045,74.4648,75.4321,76.6877,76.1577,76.1577,77.8781,77.8845,76.9220,77.4919,75.8947,77.4919,73.7360,73.7360,69.8570,72.0902,69.3181,65.7647,65.7647,63.6318,61.9112,59.3633,56.3028,57.2014,54.6717,53.9073,53.0377,50.2494,48.2701,0.0000,0.0000,0.0000,0.0000,0.0000,0.0000,0.0000,0.0000,0.0000,0.0000,0.0000,0.0000
1700000037.300000,-63.7,67.7791,68.1542,69.7782,70.2638,69.7782,69.3181,68.6003,69.1158,68.7968,69.8928,72.6705,70.8025,72.8011,72.4707,72.4707,71.5052,73.5527,71.4213,73.5935,73.6614,73.5935,75.0733,72.3464,76.8375,76.6942,78.6003,78.6003,80.8022,82.0061,80.4301,82.3286,82.3286,81.6884,80.0562,79.2465,77.1038,75.6637,75.0733,75.9276,73.0000,71.2180,70.8025,66.4003,66.4003,65.4599,60.5392,61.4003,59.9416,58.6003,58.1808,55.9732,51.9230,0.0000,0.0000,0.0000,0.0000,0.0000,0.0000,0.0000,0.0000,0.0000,0.0000,0.0000,0.0000
1700000037.350000,-66.4,68.8840,67.2681,68.0661,71.1758,69.0000,69.0072,69.0290,68.1175,69.1809,69.1809,71.2531,71.5681,69.8713,74.3303,72.5672,72.2772,72.8011,70.8802,72.7324,73.3894,72.4500,74.0945,72.4500,76.1577,76.8960,76.1577,80.1124,79.7057,80.9568,82.8553,81.1542,82.4621,82.0792,81.5966,79.3788,79.1202,80.0812,74.9533,73.7564,74.3303,71.1969,70.6116,67.7422,64.4981,62.5140,62.2013,63.0714,58.0000,58.0000,56.2228,55.4437,52.9528,0.0000,0.0000,0.0000,0.0000,0.0000,0.0000,0.0000,0.0000,0.0000,0.0000,0.0000,0.0000
1700000037.400000,-65.5,66.6033,67.4759,65.8027,70.0000,66.6108,66.8506,65.7343,67.7422,69.9714,67.5352,69.7711,70.6612,72.0139,70.6824,71.1758,70.5762,72.8011,69.6419,72.1249,71.1688,71.1688,74.0405,70.8802,74.9533,76.6551,76.1577,78.3390,79.5550,79.8123,78.3390,78.1601,78.8480,77.4919,77.7946,78.1089,74.6726,75.7694,75.1532,72.8972,71.1196,67.2309,69.4622,66.0379,62.9682,59.9083,60.8030,60.6053,58.8982,57.3149,56.5685,54.5619,52.2015,0.0000,0.0000,0.0000,0.0000,0.0000,0.0000,0.0000,0.0000,0.0000,0.0000,0.0000,0.0000
1700000037.450000,-60.8,64.3506,64.5368,65.9469,64.5368,63.2535,62.8013,65.2150,64.6375,64.0703,66.5733,67.6018,66.6483,67.0820,67.1193,67.1193,67.6240,70.0071,67.2309,68.9493,68.0074,67.4166,69.8928,69.2604,71.3092,72.8011,70.0928,74.7262,76.6551,75.9605,76.9220,74.7262,78.1089,77.4919,76.3217,74.4648,77.6209,73.0069,70.2140,70.6612,68.4251,67.2309,65.8635,64.6607,60.4649,61.0328,57.0088,57.4891,57.3149,55.1725,51.6236,52.0096,50.2195,0.0000,0.0000,0.0000,0.0000,0.0000,0.0000,0.0000,0.0000,0.0000,0.0000,0.0000,0.0000
1700000037.500000,-64.7,67.0820,64.8460,67.6240,68.5420,67.7791,67.0671,66.4078,66.4078,68.9638,70.6045,70.0928,70.2140,68.8840,70.7107,68.7314,72.1734,69.1158,71.1758,69.0652,72.0278,73.0274,74.0000,72.0000,76.1052,76.1052,74.1687,76.1643,79.4040,79.1581,80.2247,79.0253,80.0250,82.0244,79.0000,77.0260,78.0256,77.1038,75.2396,71.4493,72.6911,70.7107,66.7533,68.2495,61.6117,60.8769,61.1310,60.4070,58.8727,57.3847,55.0364,51.8845,52.1536,0.0000,0.0000,0.0000,0.0000,0.0000,0.0000,0.0000,0.0000,0.0000,0.0000,0.0000,0.0000
1700000037.550000,-61.1,68.0074,70.0071,69.0652,70.0286,68.0661,68.1175,69.1809,69.4622,70.7107,70.0357,70.6116,71.5891,70.8308,72.1249,74.0405,72.1110,72.4500,71.8679,71.8679,73.1642,73.9256,74.3236,73.4098,77.4145,78.2943,76.4788,79.6492,80.0625,81.4923,81.0062,80.4984,82.3468,81.9390,80.2309,78.9240,78.4347,77.4919,75.2861,75.0000,72.2772,70.6116,69.6348,65.3070,64.9384,63.6396,60.2080,58.2151,58.0000,58.0000,57.0789,55.2268,51.6236,0.0000,0.0000,0.0000,0.0000,0.0000,0.0000,0.0000,0.0000,0.0000,0.0000,0.0000,0.0000
1700000037.600000,-61.8,67.1193,64.4748,69.6419,67.3573,69.8928,66.4078,67.7200,65.9697,66.7083,69.2315,68.4471,70.5762,71.5681,70.2567,68.4690,72.0069,69.0290,72.0278,72.0000,71.0000,72.0000,74.0608,74.0270,74.3303,75.1665,76.3217,77.2334,80.5047,78.3135,79.4040,78.1601,80.0999,81.0000,79.0063,79.0000,78.0256,78.0256,74.1687,73.1710,69.5845,69.7209,67.7422,67.0820,62.1691,62.8172,58.9406,59.7746,57.2451,56.6480,55.1543,54.1202,50.7740,0.0000,0.0000,0.0000,0.0000,0.0000,0.0000,0.0000,0.0000,0.0000,0.0000,0.0000,0.0000
1700000037.650000,-61.6,65.8027,66.4078,65.1920,68.1542,64.0781,68.1542,65.7647,66.2420,68.0000,65.1920,69.4622,69.6419,69.3397,70.8025,71.6101,71.0634,72.3464,67.6240,71.5052,71.4213,70.0071,74.9533,70.0357,74.3303,74.9533,76.4853,80.8084,77.1038,80.6598,77.1038,77.8332,80.6598,78.4920,79.2465,77.8974,74.4110,73.8783,72.4224,71.0282,72.4224,67.9559,68.7968,61.9112,62.2656,61.2944,59.0339,58.6003,56.0803,53.4883,52.8110,53.3667,52.7731,0.0000,0.0000,0.0000,0.0000,0.0000,0.0000,0.0000,0.0000,0.0000,0.0000,0.0000,0.0000
1700000037.700000,-60.4,65.1920,65.9469,64.8151,67.6240,64.6375,65.4599,67.7422,68.2642,68.0955,66.6483,70.2353,71.1126,70.3847,70.3847,70.5762,69.8928,71.4703,68.9638,71.3092,70.3420,70.6045,72.5672,71.5891,75.3127,76.4853,75.3127,78.7718,77.2787,80.2309,78.7718,80.6040,80.4114,82.9759,79.0759,78.5875,76.9220,76.5376,73.7360,72.4500,72.8011,69.4622,68.5420,64.8845,63.9766,63.0635,59.9416,58.6686,58.8303,55.2178,53.6004,54.5619,51.6236,0.0000,0.0000,0.0000,0.0000,0.0000,0.0000,0.0000,0.0000,0.0000,0.0000,0.0000,0.0000
1700000037.750000,-63.2,68.2642,65.4599,68.6003,67.0075,68.2495,65.2993,68.2495,65.8559,69.3109,67.8822,68.6222,70.8378,70.1783,68.8840,68.8840,70.8025,70.4557,69.4046,69.3397,72.1110,70.4557,72.2011,73.7835,75.6637,75.6637,73.9256,76.6616,78.7718,77.8974,78.3901,76.0066,79.0759,78.2304,77.8010,77.8010,77.8010,75.6042,75.2861,72.2496,70.0357,70.7248,66.4680,67.1789,63.0317,61.7171,59.2030,59.0762,56.3028,56.9386,55.4707,55.9017,52.2015,0.0000,0.0000,0.0000,0.0000,0.0000,0.0000,0.0000,0.0000,0.0000,0.0000,0.0000,0.0000
1700000037.800000,-62.2,67.7200,65.8027,70.9366,70.0071,68.1542,69.0797,69.3181,69.7711,71.1196,70.3278,71.3442,71.2811,71.0282,73.2393,72.6705,73.4098,74.0270,71.0634,73.0000,72.9178,74.2496,73.5527,74.3303,76.3806,78.4920,80.6226,78.5684,82.0366,82.0366,81.3204,80.6102,81.3204,84.2199,79.9812,80.9197,81.0555,77.0065,76.0263,74.8866,72.6705,73.2462,70.4911,67.1193,64.8460,63.0714,60.4152,60.5392,59.8080,59.1354,56.0446,54.9181,52.4690,0.0000,0.0000,0.0000,0.0000,0.0000,0.0000,0.0000,0.0000,0.0000,0.0000,0.0000,0.0000
1700000037.850000,-63.1,66.6108,67.3647,67.8970,70.2140,65.1153,69.2315,68.1542,69.3758,68.6222,68.0074,71.1688,69.6419,70.7743,70.2638,71.5542,71.5542,71.1969,68.8840,72.7186,73.5731,72.7186,71.0211,72.7186,74.4043,75.8024,74.4043,77.4209,76.6094,80.6040,78.8162,79.8812,81.3019,79.0759,78.5493,77.0260,75.6637,76.9220,73.3485,72.0902,71.1758,67.7791,69.6419,67.3573,64.1950,63.6003,58.2495,60.0167,58.8558,57.5587,55.3263,54.0370,51.0000,0.0000,0.0000,0.0000,0.0000,0.0000,0.0000,0.0000,0.0000,0.0000,0.0000,0.0000,0.0000
1700000037.900000,-64.7,65.7343,67.4685,64.7765,70.2140,65.7647,67.8970,66.1891,65.1230,67.0298,68.0000,68.0661,69.0652,70.1783,70.2567,69.2604,69.5845,69.7209,69.7209,69.4262,69.6348,70.4060,71.8053,70.0928,71.1688,75.0000,75.9605,77.7946,78.4474,78.7464,76.9220,77.8845,79.3095,78.3390,77.6660,77.4661,77.1038,75.1332,74.6726,69.5845,72.2496,67.1863,68.1175,66.0000,63.0000,60.0333,58.0775,59.3043,55.4437,53.6004,53.9351,52.8867,51.8652,0.0000,0.0000,0.0000,0.0000,0.0000,0.0000,0.0000,0.0000,0.0000,0.0000,0.0000,0.0000
1700000037.950000,-64.4,67.1789,68.6222,65.9469,70.8378,65.9469,68.2495,67.4240,67.4240,69.0652,67.7422,70.4911,72.0694,69.3181,68.4251,70.2140,72.2357,71.3092,69.0797,71.7844,70.8378,70.9366,70.8378,71.1688,74.0405,75.6902,76.9220,77.6209,76.9220,79.5550,78.1025,79.1202,82.2800,79.6994,78.4347,78.7718,76.5506,74.8465,75.2396,72.9178,71.1126,68.0000,68.0955,67.2309,63.6318,62.1289,60.0000,59.2030,57.6281,56.7274,55.9732,53.7587,51.4004,0.0000,0.0000,0.0000,0.0000,0.0000,0.0000,0.0000,0.0000,0.0000,0.0000,0.0000,0.0000
1700000038.000000,-58.1,63.3246,63.6946,63.9766,64.4748,63.9531,63.9531,63.5295,66.0379,65.5134,64.8999,68.0074,66.8431,67.6240,66.2193,68.7677,68.6222,70.0071,67.8970,70.0928,69.3542,67.2086,69.4262,70.2922,72.8011,72.8011,72.8011,74.4043,75.8024,77.2010,77.4209,76.8375,77.8010,78.7464,75.7430,75.0733,72.1803,72.9178,70.7107,69.3542,68.6804,66.0681,64.6607,65.4370,60.6053,58.5235,56.3028,55.2268,55.0727,53.6656,53.3104,51.6236,49.3356,0.0000,0.0000,0.0000,0.0000,0.0000,0.0000,0.0000,0.0000,0.0000,0.0000,0.0000,0.0000
1700000038.050000,-60.4,65.7647,67.1193,64.6607,69.3397,66.8506,69.0652,67.6240,66.0681,68.2495,66.6033,70.0928,67.8822,70.7248,72.1803,70.8378,68.8840,71.2180,67.6240,71.0282,71.5612,71.6101,71.3442,69.6419,72.9452,73.0616,77.8974,78.2943,77.4145,80.5295,77.8974,79.9250,79.0759,79.6116,77.3886,77.4209,74.4043,76.2758,74.6525,72.3464,72.3464,70.0928,70.0928,65.7647,64.3506,61.5549,58.7282,56.8507,59.2030,55.2178,55.4707,53.3385,52.3259,0.0000,0.0000,0.0000,0.0000,0.0000,0.0000,0.0000,0.0000,0.0000,0.0000,0.0000,0.0000
1700000038.100000,-61.8,70.0071,68.3520,69.2604,68.6222,68.0074,68.0074,66.7083,66.7083,68.4471,69.0507,70.8590,72.4431,69.1809,72.1110,71.1126,74.0270,73.0069,72.0069,74.1080,73.0274,74.0608,74.1080,74.2428,75.4255,77.5242,76.5310,78.5175,79.4040,81.3941,82.3893,80.2247,82.1523,82.0244,79.0063,80.0000,77.0000,78.0064,74.1080,74.1687,73.2462,71.7008,71.7008,68.0661,64.5368,64.7611,60.1664,59.4811,58.8218,58.1893,55.9464,55.0091,54.3783,0.0000,0.0000,0.0000,0.0000,0.0000,0.0000,0.0000,0.0000,0.0000,0.0000,0.0000,0.0000
1700000038.150000,-59.6,66.4003,63.5138,67.9559,67.4166,66.3702,65.3682,64.8460,65.7951,65.3911,67.7791,67.2309,68.3081,70.2140,68.9638,66.4831,71.8053,66.9403,69.6348,68.7314,68.7314,69.7209,71.7008,70.5762,74.3303,73.1710,74.1687,75.1665,77.1622,75.2396,79.3095,76.3217,79.4040,79.5110,77.9295,74.9667,75.8024,75.5050,73.0069,71.5681,69.3758,67.3573,65.4599,66.7308,61.6847,61.4654,57.3847,58.1378,54.5894,55.0727,56.3028,52.2015,50.4480,0.0000,0.0000,0.0000,0.0000,0.0000,0.0000,0.0000,0.0000,0.0000,0.0000,0.0000,0.0000
1700000038.200000,-64.8,68.7968,67.7422,69.4622,70.3278,68.4251,66.2118,68.9420,68.9420,68.1542,67.3573,72.4224,70.8802,72.0347,70.0928,69.8570,73.5459,72.9931,72.1803,72.5603,74.9667,73.6817,74.3303,74.1080,75.0000,77.0065,77.0260,79.0569,80.0562,79.0569,81.0555,81.1542,82.2982,83.3847,79.6304,79.9062,77.7817,78.7718,76.4853,74.5252,71.3092,69.2604,67.0522,69.2604,65.7875,63.1585,59.0931,59.4811,59.4811,56.8243,55.5698,55.4707,53.4135,0.0000,0.0000,0.0000,0.0000,0.0000,0.0000,0.0000,0.0000,0.0000,0.0000,0.0000,0.0000
1700000038.250000,-63.3,64.2573,65.3911,65.7951,68.0294,65.2993,65.2993,65.7647,65.8635,67.9559,66.5733,68.2422,68.8186,69.0290,68.2495,68.7677,67.1789,70.7248,67.8970,70.7672,70.8378,72.1803,72.3464,69.4262,72.4707,75.2861,76.6942,77.0065,76.2168,78.6003,77.0065,78.8733,79.6492,78.6448,78.5684,77.8974,75.6637,74.9533,73.0000,71.7008,70.4344,67.6240,67.6240,63.6003,64.6375,61.2944,58.8303,57.8014,57.2451,55.0091,55.1543,52.2015,52.8867,0.0000,0.0000,0.0000,0.0000,0.0000,0.0000,0.0000,0.0000,0.0000,0.0000,0.0000,0.0000
1700000038.300000,-64.4,67.3573,66.4078,70.7743,68.9420,70.2638,67.2309,68.4763,71.1196,68.9638,69.8928,70.4911,71.0282,71.6101,72.2011,70.0000,74.4110,70.7672,72.9178,71.4213,74.2496,72.8354,74.3303,74.2496,74.6525,77.9872,75.2861,80.1561,81.8352,77.6209,82.6196,78.7464,81.4678,80.7217,80.6226,79.9312,82.0366,78.4920,76.5768,73.7564,71.8401,70.4344,69.0290,68.6003,64.6375,62.4340,61.4003,61.2944,59.0593,58.6003,56.6480,55.9732,51.4198,0.0000,0.0000,0.0000,0.0000,0.0000,0.0000,0.0000,0.0000,0.0000,0.0000,0.0000,0.0000
1700000038.350000,-66.1,69.1158,65.1230,69.0000,71.0000,68.0000,67.0671,69.1158,68.2642,68.5930,69.7209,70.7107,71.5891,74.5252,72.5672,69.8570,73.0821,69.9214,72.4224,71.1688,72.4500,72.8011,75.3923,74.0945,75.6439,75.6439,76.0592,79.7057,80.6226,80.6226,81.0247,79.8499,81.0247,80.9938,81.2711,78.8480,80.9568,79.8123,74.7329,73.1642,72.0069,70.5762,66.7533,68.4690,63.3877,63.2851,61.0328,60.0000,59.0085,58.2151,57.3149,54.5894,50.4480,0.0000,0.0000,0.0000,0.0000,0.0000,0.0000,0.0000,0.0000,0.0000,0.0000,0.0000,0.0000
1700000038.400000,-63.4,67.3647,66.2722,67.0298,66.0681,68.0000,65.0000,66.0681,68.1836,68.1836,69.4622,69.7209,70.0357,68.6586,69.6348,67.6831,70.6045,68.3081,71.1688,71.1688,70.5762,70.5762,72.6154,72.6154,72.9178,75.1532,72.9178,76.0592,79.1770,76.0263,81.8413,77.3886,78.7210,80.9568,78.3901,75.7694,76.8960,74.6726,75.2728,70.8802,69.9214,70.3420,64.7611,69.6348,61.9839,61.9839,58.4209,58.3095,57.2189,58.0086,54.0000,53.0377,51.2445,0.0000,0.0000,0.0000,0.0000,0.0000,0.0000,0.0000,0.0000,0.0000,0.0000,0.0000,0.0000
1700000038.450000,-65.1,67.2309,62.9682,67.4240,64.6375,69.2026,63.2535,67.2681,65.1153,65.7647,69.3109,70.0071,67.8970,70.0928,67.9412,67.4759,70.2140,64.6375,70.2140,67.1193,71.3442,70.1783,71.6938,70.8308,72.9452,72.2011,72.5603,76.0592,76.9415,75.1332,81.0062,76.1577,77.8974,79.7559,76.5506,75.4718,77.2010,74.2024,73.8783,71.7008,66.6033,69.4262,63.6553,67.8822,59.4138,60.1082,58.7963,56.8507,57.2014,56.3028,53.3385,51.8845,48.8467,0.0000,0.0000,0.0000,0.0000,0.0000,0.0000,0.0000,0.0000,0.0000,0.0000,0.0000,0.0000
1700000038.500000,-62.2,66.2873,64.4050,66.8431,69.5270,66.5282,65.1153,65.0692,67.2086,68.0147,68.0147,69.6563,70.4344,70.8025,68.0074,67.0075,69.6419,70.4911,68.6003,70.2353,70.6612,70.2140,72.9178,72.9178,74.0945,73.8241,75.2396,77.2528,76.5572,80.2309,78.3901,77.8781,79.7057,80.9568,78.7147,77.4145,76.5376,76.1577,74.6257,72.1110,69.8928,70.8025,66.4003,67.0075,63.2535,60.4401,60.8769,60.1415,58.0000,56.7274,55.3173,52.2015,51.9711,0.0000,0.0000,0.0000,0.0000,0.0000,0.0000,0.0000,0.0000,0.0000,0.0000,0.0000,0.0000
1700000038.550000,-61.4,64.5136,64.6220,64.8460,67.1193,65.7647,64.8845,63.6318,66.8880,67.9559,65.2150,66.8506,67.8012,68.2495,67.4759,67.3573,67.8970,67.8970,69.2965,68.6804,70.0928,70.8378,72.4707,69.5270,72.0069,74.0270,73.2462,75.2130,78.6003,75.8024,77.8010,76.0592,80.0000,78.8733,75.8222,77.2334,74.2765,74.2496,72.1803,71.5891,70.1783,65.8559,65.4370,65.8027,61.4003,60.4649,57.1402,58.3095,55.5698,55.4707,54.2310,50.5964,48.5077,0.0000,0.0000,0.0000,0.0000,0.0000,0.0000,0.0000,0.0000,0.0000,0.0000,0.0000,0.0000
1700000038.600000,-60.3,66.7083,69.2315,68.8840,70.0357,67.3647,68.2642,68.1175,69.0000,68.0661,68.0294,70.0071,72.1734,73.1710,70.7107,73.3348,69.7209,74.1485,70.2140,74.7329,72.5672,75.7100,75.9276,70.6045,78.4347,76.8440,78.4347,78.7718,80.0062,83.4865,79.3788,82.2800,83.5225,81.7435,80.2808,80.6040,77.6660,77.8781,75.9539,75.3127,74.5453,69.2604,69.2604,68.2642,64.0312,63.0000,61.0082,61.2046,60.2080,57.3149,54.5894,54.3415,52.2015,0.0000,0.0000,0.0000,0.0000,0.0000,0.0000,0.0000,0.0000,0.0000,0.0000,0.0000,0.0000
1700000038.650000,-62.5,64.7611,62.9365,66.4831,67.0671,67.0671,64.2573,65.3911,64.8845,65.7647,66.6483,68.0000,68.9638,67.7422,67.7422,68.5055,69.8928,66.6108,68.6003,68.4105,69.5270,70.2922,71.5052,70.1783,71.5052,75.0733,73.5935,75.6637,77.1038,77.1038,76.3806,77.1557,77.9872,76.8375,77.6209,75.6042,75.4520,73.7835,73.0616,69.3542,68.0955,68.0000,63.0635,64.8845,60.9262,57.7754,57.9396,56.9210,56.3205,55.1090,52.9528,53.2353,50.0400,0.0000,0.0000,0.0000,0.0000,0.0000,0.0000,0.0000,0.0000,0.0000,0.0000,0.0000,0.0000
1700000038.700000,-59.9,67.7791,68.6222,66.4078,66.0984,69.3758,68.1542,68.2495,70.0357,68.8840,68.4690,70.2567,72.1734,72.0625,72.0000,73.0000,71.0000,70.0643,70.0286,74.2428,74.4312,74.2428,75.8024,74.6726,76.4853,75.1332,78.4474,79.6241,80.8084,80.6040,80.6040,79.0759,84.3445,82.7345,80.6226,81.3941,79.2275,77.1622,76.1052,75.0267,75.0000,72.0000,69.0000,67.0671,65.1920,64.3817,59.4138,60.8276,60.2080,57.2713,57.9741,53.7587,53.3104,0.0000,0.0000,0.0000,0.0000,0.0000,0.0000,0.0000,0.0000,0.0000,0.0000,0.0000,0.0000
1700000038.750000,-61.1,65.7875,63.6946,68.4471,66.6408,66.1891,64.8845,66.0379,67.1193,67.4166,68.0074,69.2026,68.4105,68.2495,68.6804,67.9412,71.4213,68.5930,71.4213,70.1783,69.8140,71.8401,70.6045,70.6045,73.8173,73.8173,72.4224,77.3886,77.9359,75.7166,78.2304,78.2368,78.8162,77.8010,78.6003,78.2432,75.8222,75.1665,72.8629,70.0071,70.0071,67.8970,66.5282,67.9412,61.7171,59.0339,57.0088,60.6053,58.0086,56.4358,54.5894,52.8015,50.3289,0.0000,0.0000,0.0000,0.0000,0.0000,0.0000,0.0000,0.0000,0.0000,0.0000,0.0000,0.0000
1700000038.800000,-60.2,64.4981,65.1920,63.0714,64.1249,62.0081,64.0000,64.1249,63.0317,63.1269,64.4981,68.5930,66.7533,67.8970,67.0820,67.6831,65.7343,69.3758,65.9697,68.3081,68.6222,68.0074,70.2282,67.7791,69.4622,71.8679,73.9256,73.8241,74.0945,77.4726,77.2528,76.8960,77.6209,76.5506,78.1089,73.0821,72.1249,74.4648,69.8570,68.4471,69.0507,64.7765,65.4905,62.6498,62.2013,59.2115,56.0000,58.0000,55.0818,55.0091,53.4603,51.6236,49.4773,0.0000,0.0000,0.0000,0.0000,0.0000,0.0000,0.0000,0.0000,0.0000,0.0000,0.0000,0.0000
1700000038.850000,-62.7,64.3273,64.4981,65.1920,67.3647,66.0303,67.1863,66.0000,68.0000,66.0681,67.1193,69.1809,68.2642,70.5762,68.7314,69.0507,69.6348,69.8570,68.6586,69.6419,70.8802,70.2140,72.8011,71.1688,72.8011,74.0000,73.7360,75.6439,76.8960,78.7909,77.6209,79.1202,78.4347,78.4347,76.8440,77.4919,74.4648,74.4648,73.5459,69.2315,70.0357,68.5930,65.7647,65.4905,62.2013,59.3043,58.0775,57.0000,57.0000,54.0833,53.2353,50.9902,48.8365,0.0000,0.0000,0.0000,0.0000,0.0000,0.0000,0.0000,0.0000,0.0000,0.0000,0.0000,0.0000
1700000038.900000,-61.7,70.0357,69.5270,69.2026,70.6045,68.2422,68.5055,68.2642,69.6419,68.4763,69.3542,70.6612,70.6824,72.0139,70.0071,70.0071,72.7324,72.1110,71.4703,73.4983,73.0069,73.0069,72.7805,72.7805,76.1183,76.2955,76.1183,77.9295,79.9062,80.8950,79.9062,80.2309,82.5651,80.4114,81.0247,80.2808,77.8845,78.8480,76.2168,73.5391,72.4500,70.5762,69.6419,69.8570,66.2118,63.9766,61.2699,59.6825,59.1693,60.4649,57.2014,54.4885,53.7401,0.0000,0.0000,0.0000,0.0000,0.0000,0.0000,0.0000,0.0000,0.0000,0.0000,0.0000,0.0000
1700000038.950000,-61.9,68.6003,67.1193,67.5352,70.6612,66.7083,68.5420,68.3520,68.1542,68.7095,67.3573,71.1688,71.8401,73.2462,72.5672,72.7805,72.0069,72.5603,71.7008,72.2496,72.4431,72.8354,74.3303,71.1758,77.0000,76.0066,77.0260,82.0549,78.0000,82.0000,81.0000,82.0975,79.2275,80.5047,82.6075,80.6226,77.9295,76.9415,74.7329,72.7805,73.7631,70.6045,69.6419,67.3573,67.0671,62.7694,59.5063,61.2699,56.8243,59.6825,57.4543,55.8032,52.6308,0.0000,0.0000,0.0000,0.0000,0.0000,0.0000,0.0000,0.0000,0.0000,0.0000,0.0000,0.0000
1700000039.000000,-60.7,68.1542,68.0074,66.7608,71.1688,69.2892,68.7095,69.0797,69.8570,70.6824,68.0000,71.1969,71.0211,72.4017,72.1110,73.7835,72.8011,73.6003,72.6223,74.5185,76.0592,74.6525,77.2334,76.4853,77.0779,78.4920,78.4920,80.6226,81.3204,83.4865,82.7345,82.8070,85.7030,83.7377,83.2406,83.4086,80.0000,80.6040,80.0000,77.3886,74.4312,73.0616,72.9452,70.6612,67.5426,65.0000,62.3939,62.9365,61.6847,60.7289,59.6657,55.9017,52.0865,0.0000,0.0000,0.0000,0.0000,0.0000,0.0000,0.0000,0.0000,0.0000,0.0000,0.0000,0.0000
1700000039.050000,-59.2,65.8027,66.4078,63.3246,66.1287,63.6946,66.8506,64.4050,65.2993,65.7419,65.0000,66.3702,66.2873,67.6757,67.4240,68.8186,68.8840,69.5270,68.2495,69.3542,69.3542,69.3542,70.0071,69.3109,72.1803,73.5935,72.1803,77.8332,75.8222,78.5684,75.7430,77.8332,79.2465,79.2465,77.1038,77.2334,73.1095,74.6525,72.8011,70.8025,71.0282,66.0379,67.9559,61.9112,62.7694,61.2944,58.1378,57.3847,56.0803,53.8516,55.0818,53.8516,50.6360,0.0000,0.0000,0.0000,0.0000,0.0000,0.0000,0.0000,0.0000,0.0000,0.0000,0.0000,0.0000
1700000039.100000,-61.3,66.0681,67.1863,68.5930,68.5930,70.8590,67.8970,67.4685,68.4105,68.1542,68.6222,69.9214,71.4703,72.4500,73.1642,72.0902,72.8972,70.2140,70.6612,70.8308,73.9256,72.2011,75.7166,72.2011,76.2758,75.4718,76.8440,77.8010,81.8413,81.0247,81.2711,80.1561,82.6620,80.4550,82.6801,81.6333,79.1770,76.4853,76.5572,74.8465,72.0902,70.9366,69.6419,68.3520,62.2977,63.3246,59.9083,59.6657,59.0339,59.6825,57.3149,54.0093,53.0094,0.0000,0.0000,0.0000,0.0000,0.0000,0.0000,0.0000,0.0000,0.0000,0.0000,0.0000,0.0000
1700000039.150000,-61.1,65.1230,68.0000,68.0074,69.0072,66.1891,68.1175,66.3702,68.5930,69.8713,67.4685,71.1969,69.6348,70.3420,72.1249,69.9214,70.2282,73.0548,69.6419,72.4983,71.1126,71.1126,74.7061,72.4500,75.2928,74.7930,77.0260,79.9250,78.8923,81.1234,79.2591,81.9878,80.5295,80.0625,79.6053,78.2943,77.8781,78.3901,75.9605,73.6817,71.7844,69.9214,70.8802,67.4463,65.7343,61.1882,60.0167,60.8276,58.3095,58.3095,55.0091,54.0000,52.0865,0.0000,0.0000,0.0000,0.0000,0.0000,0.0000,0.0000,0.0000,0.0000,0.0000,0.0000,0.0000
1700000039.200000,-59.6,64.4981,67.2309,66.8880,69.3397,68.0074,66.0303,69.0290,64.8151,68.0147,65.7647,69.3109,70.0071,68.6804,70.8378,69.5270,70.8025,70.8025,69.6348,71.8471,73.4983,72.1110,71.6938,71.8679,73.7902,75.1798,76.5376,77.8267,76.9220,81.8413,80.5295,80.5295,81.0062,80.7775,79.6116,79.3221,77.9359,78.2368,75.6042,72.8011,72.6223,70.2922,68.8840,67.2681,64.3506,62.9365,60.8769,60.2080,58.8982,56.2228,55.2178,54.7083,51.8845,0.0000,0.0000,0.0000,0.0000,0.0000,0.0000,0.0000,0.0000,0.0000,0.0000,0.0000,0.0000
1700000039.250000,-62.7,65.1920,62.6498,66.1891,64.4050,66.6408,63.5610,64.5136,63.5689,66.4078,67.3573,68.0074,68.1542,69.6348,67.4685,67.2681,72.4431,67.3647,69.4622,68.1175,69.0290,69.0652,73.0000,72.0069,70.0000,75.0000,72.0069,74.1687,79.1581,75.2396,79.0569,74.0068,78.0256,78.0256,76.0000,77.0000,79.0569,74.1687,72.3395,71.7008,65.6201,68.7314,63.7887,67.0820,59.9083,60.4152,58.9406,56.0446,55.9732,57.0088,53.7122,53.2353,49.3964,0.0000,0.0000,0.0000,0.0000,0.0000,0.0000,0.0000,0.0000,0.0000,0.0000,0.0000,0.0000
1700000039.300000,-63.0,66.7308,66.2420,69.3542,68.4251,69.3181,67.5352,68.9420,68.1542,68.1542,68.3081,70.8802,72.5328,70.0928,69.6348,69.6348,69.0507,70.8590,69.0507,72.6911,74.5453,73.6817,74.2428,72.2496,78.0064,77.0584,76.0592,79.0253,79.0253,80.0999,82.0061,81.1542,83.2947,80.5047,79.7621,79.6304,78.9177,79.2465,75.5050,74.2159,73.2462,70.6045,69.6419,70.5195,64.2573,63.9062,59.9333,59.4811,59.0339,57.8014,54.7083,53.8238,51.4004,0.0000,0.0000,0.0000,0.0000,0.0000,0.0000,0.0000,0.0000,0.0000,0.0000,0.0000,0.0000
1700000039.350000,-59.0,69.9214,68.0074,70.9366,69.4622,70.2638,68.8767,68.0000,68.6003,70.8308,71.2811,72.7186,71.8471,71.6101,73.4098,71.8401,75.7430,72.1803,72.8629,75.7430,74.6525,74.4110,77.3369,75.7430,78.2432,79.6492,79.5110,84.2021,85.2115,84.4038,86.0233,84.2021,85.6037,84.0238,82.3286,83.5464,84.1724,82.0244,79.9312,77.8974,75.7430,75.8222,72.3464,72.3464,67.4759,64.2028,61.2944,64.3506,61.0574,60.8276,59.5063,57.0088,55.6597,0.0000,0.0000,0.0000,0.0000,0.0000,0.0000,0.0000,0.0000,0.0000,0.0000,0.0000,0.0000
1700000039.400000,-62.5,66.2873,66.7533,68.4690,67.4759,68.1836,66.2722,71.0282,67.0000,66.0076,69.0000,70.1142,71.1758,71.2531,69.4622,69.4622,72.5672,71.0634,69.6348,73.9797,71.5681,73.0069,73.0548,74.0405,76.5506,75.5844,77.1622,77.8332,79.7120,77.8332,82.2800,80.3243,80.3243,81.3204,79.1202,79.3095,81.0247,77.8781,76.1183,72.8354,71.7008,70.4557,68.3593,67.1863,64.0312,62.1289,59.0000,60.0083,57.1402,57.3149,54.7449,54.3415,51.2445,0.0000,0.0000,0.0000,0.0000,0.0000,0.0000,0.0000,0.0000,0.0000,0.0000,0.0000,0.0000
1700000039.450000,-63.5,66.2193,65.7343,69.2315,69.6348,67.7422,67.8970,68.3593,65.2763,68.3593,68.0000,71.0000,65.1920,72.0069,70.1783,71.4493,76.1052,68.7314,73.5527,73.5527,73.6817,80.2309,75.9605,75.3127,82.2800,75.1332,81.4923,75.2861,85.7030,81.2527,78.5875,77.4661,86.3134,85.5102,80.4114,74.6726,80.5047,73.4370,75.1665,74.2428,74.3303,74.0270,69.0072,69.1158,63.0714,63.2851,61.4003,58.2495,59.0339,56.8858,55.3173,54.1202,50.6952,0.0000,0.0000,0.0000,0.0000,0.0000,0.0000,0.0000,0.0000,0.0000,0.0000,0.0000,0.0000
1700000039.500000,-63.5,68.6804,68.8840,69.8570,69.2315,70.2140,66.7533,67.2681,68.2642,71.1126,72.1110,71.0634,73.0274,73.0000,71.1126,71.0634,74.4312,69.3542,73.4370,72.0069,74.1485,74.1485,76.4853,75.3127,77.3692,75.9276,77.6660,79.8123,81.0432,80.2808,85.8662,81.2527,83.1986,80.8084,82.3772,81.2158,80.6226,80.3057,77.2334,74.0608,75.0267,73.0000,68.0074,71.0282,66.0076,64.0703,61.4003,60.8276,59.6825,60.4152,57.0088,54.0833,53.3104,0.0000,0.0000,0.0000,0.0000,0.0000,0.0000,0.0000,0.0000,0.0000,0.0000,0.0000,0.0000
1700000039.550000,-62.6,66.2873,65.6049,64.0312,67.6240,63.7809,65.2993,66.5282,63.7024,67.1789,65.1920,68.7677,69.5270,68.4105,69.4046,68.6003,69.0652,68.7968,67.9559,69.8355,70.8308,70.4911,71.5891,69.8355,75.1532,73.3485,75.1532,76.4853,76.9220,78.2943,80.0562,78.2943,78.3901,77.6981,77.1751,76.5506,74.8866,74.0608,72.4224,70.6045,70.2922,67.4759,68.6804,65.7647,63.6553,60.1082,58.0517,59.0339,57.2014,55.2178,54.9181,52.8394,51.4781,0.0000,0.0000,0.0000,0.0000,0.0000,0.0000,0.0000,0.0000,0.0000,0.0000,0.0000,0.0000
1700000039.600000,-62.4,65.4370,63.0317,65.1153,64.3817,66.4680,65.0692,63.7024,65.9469,63.1269,66.2193,65.8027,67.1193,67.9559,67.7422,65.7343,67.1193,68.4251,67.5352,67.1193,68.8767,70.2140,69.8570,69.0797,72.8011,73.7360,72.4500,75.2728,76.2168,75.6108,76.8960,75.3923,77.4726,77.4726,77.3886,76.4788,77.4145,75.5910,72.5603,72.2011,68.7968,68.8186,64.6375,65.6049,60.4401,58.8982,57.3149,55.1725,57.9828,55.2268,53.4135,52.2015,48.0208,0.0000,0.0000,0.0000,0.0000,0.0000,0.0000,0.0000,0.0000,0.0000,0.0000,0.0000,0.0000
1700000039.650000,-63.2,65.0538,65.7951,65.2993,69.6563,67.0075,67.6240,66.4003,67.6757,67.1193,68.6003,70.2353,67.5352,70.2140,69.7782,69.3542,68.1542,70.5762,70.9366,72.4224,73.0548,71.1688,73.0821,72.5328,75.7100,75.7100,75.7100,76.9025,78.8543,82.0000,79.3095,81.7435,81.6088,80.0062,78.4474,80.6536,76.5506,76.5506,75.7694,70.6824,72.0139,69.8355,67.1193,67.2309,65.5134,63.5138,60.6053,59.8164,58.4123,56.6392,53.7587,53.7587,51.4004,0.0000,0.0000,0.0000,0.0000,0.0000,0.0000,0.0000,0.0000,0.0000,0.0000,0.0000,0.0000
1700000039.700000,-62.8,62.0000,61.0000,64.1249,63.1269,64.4981,64.2806,62.1691,63.1506,63.3482,63.5610,63.7887,65.2533,66.7608,64.5136,65.1460,68.1542,65.9242,65.3911,67.1193,67.1193,67.5352,68.4251,68.0000,71.3442,71.6938,70.3278,73.2462,73.7835,72.7186,74.9466,77.0260,77.0260,76.0592,75.1332,74.6860,73.4098,73.9256,70.0071,68.9493,65.7875,64.8460,63.3246,63.3246,59.6657,57.0701,56.7186,54.5894,53.2353,54.1479,54.0370,51.0098,47.2652,0.0000,0.0000,0.0000,0.0000,0.0000,0.0000,0.0000,0.0000,0.0000,0.0000,0.0000,0.0000
1700000039.750000,-63.1,66.7308,65.9242,68.1542,68.1542,67.5352,67.5352,67.2309,67.7422,67.7422,69.3397,69.8928,71.0282,70.0000,70.4344,68.2495,70.8378,70.0357,67.8970,71.4213,71.5052,72.1803,72.2496,72.8629,75.1665,76.5768,76.6942,79.6492,79.0253,78.2432,79.6492,79.5110,82.9759,80.0562,77.7817,78.4920,77.8332,76.4853,75.2861,74.0270,72.0069,70.2140,70.4557,67.2012,63.5138,62.4340,61.4003,60.4152,58.6003,56.0803,56.3028,54.1202,51.9711,0.0000,0.0000,0.0000,0.0000,0.0000,0.0000,0.0000,0.0000,0.0000,0.0000,0.0000,0.0000
1700000039.800000,-62.0,64.8460,66.9403,64.3273,64.3273,63.9531,63.9531,63.5059,63.3877,66.3702,64.0703,67.0298,68.0074,69.0000,68.0294,70.0643,68.1836,68.3593,67.4759,69.4622,69.5845,69.4622,73.6817,68.8840,71.8053,74.5252,74.5252,75.5050,77.6660,78.6448,75.7100,78.0897,80.0625,78.5175,77.3175,75.1665,74.0270,75.0600,72.0000,72.0000,72.0278,65.1920,66.1891,63.1981,63.3877,60.8276,57.4891,58.9406,54.8179,55.3624,52.2015,52.9245,52.3259,0.0000,0.0000,0.0000,0.0000,0.0000,0.0000,0.0000,0.0000,0.0000,0.0000,0.0000,0.0000
1700000039.850000,-63.4,67.1193,66.2873,67.0075,68.4105,64.5368,67.3573,66.5282,67.8970,69.3542,67.1789,70.1783,68.8840,70.4344,71.6101,72.2011,70.2140,71.2811,70.4557,71.5612,73.5731,72.2011,73.9256,73.4302,75.1532,76.0263,75.5844,78.7147,80.9568,82.3650,80.0625,79.1770,82.4924,81.1234,79.6116,80.4487,78.2368,76.6094,75.8024,74.6525,71.7008,70.0928,69.3109,66.4680,62.9365,62.2896,58.1378,59.8164,57.4282,56.0357,53.0000,53.3385,52.3927,0.0000,0.0000,0.0000,0.0000,0.0000,0.0000,0.0000,0.0000,0.0000,0.0000,0.0000,0.0000
1700000039.900000,-62.1,64.4981,65.0000,65.4599,64.6375,66.2873,65.6049,64.0312,64.6607,65.8559,64.4438,67.2086,66.4680,67.8970,67.3573,70.1783,69.0290,70.0000,67.6240,67.4240,68.5055,69.0652,72.4017,70.4557,73.0616,73.0616,73.4302,75.2928,77.0260,78.3901,80.2621,76.6616,77.6981,77.6660,76.0263,77.4209,75.6042,74.6525,71.5891,71.7008,69.3542,69.3542,67.8970,65.1153,63.0317,60.4401,57.6281,58.8218,56.0357,54.3783,54.2033,51.8941,52.0000,0.0000,0.0000,0.0000,0.0000,0.0000,0.0000,0.0000,0.0000,0.0000,0.0000,0.0000,0.0000
1700000039.950000,-59.0,68.0074,65.1920,66.3099,65.3911,67.5352,65.7419,68.0955,67.7422,69.8928,68.2642,70.1783,70.4557,71.0282,72.0069,71.0634,73.0000,70.0928,73.5527,72.1249,75.0733,74.9667,75.2861,74.2496,77.9872,77.9872,77.2334,79.6492,81.0555,81.8352,82.2192,82.2192,81.4678,82.0731,82.0366,81.3204,79.3095,80.2808,76.2168,75.4321,73.6003,73.4098,71.0282,70.7248,66.5733,64.4981,62.6498,62.6099,58.6003,59.8080,57.5674,56.0446,52.9528,0.0000,0.0000,0.0000,0.0000,0.0000,0.0000,0.0000,0.0000,0.0000,0.0000,0.0000,0.0000
1700000040.000000,-60.9,67.4759,67.2681,68.0661,68.0294,68.0294,66.0000,68.0074,69.1809,70.2567,68.4690,70.8590,70.2140,72.3671,71.1969,69.8570,73.2462,71.5681,71.8401,72.1110,71.7844,73.7360,73.5391,72.8011,74.7329,76.5572,78.2943,79.1581,80.1124,81.8596,79.6241,81.1542,80.2309,80.7775,78.7718,80.6536,76.5376,77.7946,72.0347,75.4321,72.5672,69.0507,69.2315,67.7422,63.6396,62.2013,60.2080,60.1332,61.0000,57.0088,54.1479,54.2310,52.9528,0.0000,0.0000,0.0000,0.0000,0.0000,0.0000,0.0000,0.0000,0.0000,0.0000,0.0000,0.0000
1700000040.050000,-61.8,66.7083,67.7791,68.0074,66.7308,67.3573,65.5210,65.7343,65.5134,67.0820,67.2681,69.0507,69.7209,70.4557,70.1783,71.1126,74.0000,70.0071,71.0070,70.1783,72.1734,71.1126,72.2496,74.1687,73.6817,74.4312,75.6637,79.0759,80.0625,78.6384,82.8734,79.6304,81.6150,81.3019,79.4040,79.1012,78.0256,77.0000,75.0000,74.0068,71.1758,70.2567,68.1836,68.4690,62.5140,62.6498,60.0167,60.4152,58.0517,56.3028,56.6480,52.8015,51.4781,0.0000,0.0000,0.0000,0.0000,0.0000,0.0000,0.0000,0.0000,0.0000,0.0000,0.0000,0.0000
1700000040.100000,-56.0,69.4046,70.8025,67.1193,67.9559,67.7422,67.7422,66.7308,68.4251,68.4251,67.2309,70.0071,69.5701,73.0548,70.2140,72.4224,72.5328,72.8011,70.3420,70.6116,72.5328,73.2462,75.5050,74.1485,75.5381,74.6726,78.5175,81.0494,80.8950,83.8630,80.8950,80.4114,81.2527,81.7435,80.7775,79.6994,77.8845,76.9220,74.6324,72.7324,73.7360,69.4622,70.2638,68.0294,65.2993,61.9112,61.4003,61.0328,59.2030,56.4004,56.8507,54.4885,53.0377,0.0000,0.0000,0.0000,0.0000,0.0000,0.0000,0.0000,0.0000,0.0000,0.0000,0.0000,0.0000
1700000040.150000,-62.9,68.2495,65.2533,70.8802,67.4463,68.3081,66.0984,68.7095,68.1542,68.4471,69.7782,70.2140,72.0694,69.6419,70.1783,69.3397,72.2011,69.2026,73.6003,71.5891,74.5185,74.6525,75.0067,74.2765,75.6637,78.4920,77.7817,78.5684,81.3449,79.2465,81.3449,80.6102,82.0244,82.7587,79.2465,80.0562,80.9197,78.1025,77.0065,73.8173,71.6101,72.1110,68.7968,69.3397,66.0379,62.2656,60.8276,60.4152,59.0339,57.0088,56.0803,54.5711,52.3927,0.0000,0.0000,0.0000,0.0000,0.0000,0.0000,0.0000,0.0000,0.0000,0.0000,0.0000,0.0000
1700000040.200000,-63.3,65.8635,64.1405,67.9559,63.8201,68.2422,63.8201,66.8431,64.6607,65.2993,67.8970,67.8822,67.9412,69.4262,68.8840,66.6033,69.8140,67.2012,70.8025,67.4240,69.3397,71.6101,72.7186,72.2011,73.4302,73.9256,73.8241,75.6637,78.7718,75.6637,77.8974,75.2928,79.0759,77.9359,76.8440,77.2010,78.6003,76.4003,73.8783,70.9366,70.8378,69.3109,66.4680,67.2086,60.8276,59.0339,57.8014,58.0086,56.3028,57.1402,54.2033,52.3259,50.6952,0.0000,0.0000,0.0000,0.0000,0.0000,0.0000,0.0000,0.0000,0.0000,0.0000,0.0000,0.0000
1700000040.250000,-62.0,65.0000,63.5610,65.9242,63.7887,65.6201,64.3817,66.3702,66.1211,65.0692,66.0076,66.0000,68.0000,68.1175,67.2681,68.2642,68.7314,67.0820,67.7422,67.4685,70.6116,70.2140,70.6045,69.8570,71.8401,75.0000,76.9220,75.5844,77.2010,77.2010,76.2430,78.1025,78.5875,76.6877,76.4853,75.3127,72.0069,74.6726,73.3348,72.3395,68.1836,67.0075,68.0000,65.0000,63.0000,61.0328,58.4209,55.3263,56.5685,53.7587,53.6004,52.8867,49.9800,0.0000,0.0000,0.0000,0.0000,0.0000,0.0000,0.0000,0.0000,0.0000,0.0000,0.0000,0.0000
1700000040.300000,-60.8,68.2495,67.8970,66.7533,68.7314,67.1863,68.1836,69.0072,68.0000,69.0000,69.0290,72.1110,70.1783,73.3348,71.7008,71.7008,70.4060,73.5459,72.3671,73.7564,74.7262,74.2159,75.9605,70.8802,75.6108,79.3788,78.1089,78.4347,79.7120,83.2166,80.3243,79.6994,83.5225,82.5651,80.7775,79.8311,79.6241,76.4853,76.9415,74.6726,72.4431,70.4557,69.4622,68.2642,65.0077,63.0000,61.0000,62.0725,59.1354,57.3149,55.7315,53.9351,52.8867,0.0000,0.0000,0.0000,0.0000,0.0000,0.0000,0.0000,0.0000,0.0000,0.0000,0.0000,0.0000
1700000040.350000,-64.7,66.5282,63.7024,66.5282,65.0692,65.2993,63.1269,64.6375,65.4599,67.1193,66.0379,66.0379,69.1158,67.1193,68.8840,69.3181,69.0797,69.0797,69.0797,68.7095,69.5701,68.3081,72.1249,71.1688,72.5328,75.0000,73.0069,76.1577,76.9025,75.9276,81.2527,76.9220,78.8480,78.4474,77.1622,78.4347,76.8960,73.5391,74.3236,71.1126,69.7782,68.0000,66.2420,65.8635,61.5873,60.5392,56.8595,58.6003,57.8014,56.7274,52.3259,51.6624,49.0408,0.0000,0.0000,0.0000,0.0000,0.0000,0.0000,0.0000,0.0000,0.0000,0.0000,0.0000,0.0000
1700000040.400000,-61.2,63.6003,60.4152,61.6117,63.7887,62.9682,63.3482,63.5059,62.3939,62.3939,63.1981,66.1891,66.0681,67.0298,67.0000,66.0076,67.1863,67.1193,67.1863,65.4905,68.0661,69.0507,69.2315,67.8970,71.3863,72.1803,72.1803,75.7100,74.5252,72.5672,76.6877,74.1485,74.5252,75.8024,74.5453,72.5603,74.2428,72.1110,71.0000,70.0000,67.0000,67.0298,62.1289,65.1920,58.5491,58.3095,54.5894,56.2939,54.5711,53.8516,50.9215,50.1597,49.1935,0.0000,0.0000,0.0000,0.0000,0.0000,0.0000,0.0000,0.0000,0.0000,0.0000,0.0000,0.0000
1700000040.450000,-64.5,67.2309,68.0294,66.6483,67.0820,66.2420,67.1193,67.7422,68.7968,70.4557,66.4003,70.0000,69.0290,71.5052,70.7672,72.1803,71.4213,72.1803,69.2965,71.5891,72.3464,70.8378,75.2861,71.7008,75.2130,77.0065,77.2010,80.2122,77.8010,80.8022,79.2023,79.8123,81.6884,80.8084,78.5684,81.3204,76.3675,75.6637,74.3303,73.1095,75.2861,68.2495,70.0000,67.4240,65.4599,62.4340,60.4152,59.9416,59.4811,56.4624,57.0088,55.6597,52.6308,0.0000,0.0000,0.0000,0.0000,0.0000,0.0000,0.0000,0.0000,0.0000,0.0000,0.0000,0.0000
1700000040.500000,-61.4,66.5733,66.5733,65.8027,69.4046,68.4105,65.4370,66.7083,67.2086,67.9412,67.2086,68.0147,68.8840,69.8140,70.0000,70.8025,71.6101,71.0282,69.8928,70.4911,71.8679,73.2462,73.5731,72.5603,75.5844,75.1532,75.5844,80.0625,80.0625,82.2922,81.8413,79.7559,81.6333,80.4550,78.2304,79.0569,77.9359,74.0608,74.4043,72.8011,72.4707,70.0928,67.2086,67.1789,64.3506,62.3699,60.4401,59.8164,56.4004,58.0086,55.4707,53.7122,49.6588,0.0000,0.0000,0.0000,0.0000,0.0000,0.0000,0.0000,0.0000,0.0000,0.0000,0.0000,0.0000
1700000040.550000,-60.6,62.6498,67.5352,64.8845,67.5426,64.4748,67.4166,65.7875,65.1460,68.3081,65.0000,68.8840,68.2495,69.2315,67.6018,69.7209,67.4759,71.3442,67.1863,71.0634,71.1126,71.1126,74.0068,71.0000,75.1066,75.0600,76.1052,78.1025,76.0263,80.0562,77.1038,80.0000,80.0000,79.0253,77.1038,77.2334,74.1080,76.3217,72.8354,72.6911,72.1803,68.4471,67.6831,63.5610,63.0635,61.4003,57.0088,59.2368,57.3847,56.4624,55.9464,51.6236,52.6973,0.0000,0.0000,0.0000,0.0000,0.0000,0.0000,0.0000,0.0000,0.0000,0.0000,0.0000,0.0000
1700000040.600000,-59.5,63.9766,62.6498,65.3911,65.0000,64.6220,62.2977,65.2533,63.7887,64.7611,65.3070,68.2495,67.2681,68.7314,68.5930,67.6018,68.1836,68.1836,69.0290,68.0074,71.0000,68.0074,72.1110,69.0652,73.1710,74.1687,72.4431,75.3260,78.4092,77.3175,77.4145,77.1622,79.1012,77.0584,77.0065,77.0000,77.0260,77.1038,72.2496,69.3542,68.4690,68.7314,65.7647,65.9242,62.3699,60.6383,58.9406,55.3624,56.3028,55.1543,54.1295,52.7731,49.3964,0.0000,0.0000,0.0000,0.0000,0.0000,0.0000,0.0000,0.0000,0.0000,0.0000,0.0000,0.0000
1700000040.650000,-61.6,65.4599,66.2873,67.2012,68.4105,65.2993,69.5270,67.2086,67.1789,67.8970,67.2681,68.6222,71.8401,71.8401,71.6101,71.6101,70.7248,72.4017,69.3397,72.9452,72.2011,73.0616,72.9452,71.5891,76.5572,77.3886,76.0592,78.2943,81.4371,81.9390,79.2023,79.6053,82.7345,79.1770,81.4923,79.4040,78.0320,78.5493,75.7166,74.4043,73.0069,69.6563,70.9366,65.7951,64.3817,61.5549,60.1082,60.8769,58.8982,55.6058,56.3028,54.2033,52.7731,0.0000,0.0000,0.0000,0.0000,0.0000,0.0000,0.0000,0.0000,0.0000,0.0000,0.0000,0.0000
1700000040.700000,-63.4,68.0661,68.4471,66.7083,67.1863,67.3573,68.3081,65.4599,67.4166,69.0797,68.0294,70.2140,68.8840,70.3278,69.4622,69.9714,69.3397,71.5612,70.4557,71.6101,71.4003,70.6045,75.6042,71.5891,77.7946,76.3806,75.6637,79.1960,80.6226,79.9062,77.7946,80.7217,80.8084,82.3286,79.8123,78.6003,77.6209,76.6094,74.0608,74.3303,72.4017,71.1969,68.0000,66.2420,64.4050,62.6498,59.2368,59.2368,59.1354,56.3205,55.3624,52.1728,53.4603,0.0000,0.0000,0.0000,0.0000,0.0000,0.0000,0.0000,0.0000,0.0000,0.0000,0.0000,0.0000
1700000040.750000,-62.0,67.3573,68.9493,66.8506,67.7791,68.5420,68.1542,67.5352,68.8840,69.8355,69.3542,73.0616,73.5731,69.8928,71.8471,72.4224,71.8401,73.1095,71.7008,70.8378,72.9178,74.2765,75.6637,74.9533,77.8332,77.1038,77.8332,81.3449,79.3095,80.6598,80.6598,81.3204,82.7587,82.7345,82.1340,82.9759,79.0253,77.0065,76.8440,73.7835,73.2393,69.6419,68.7968,68.6003,64.8460,60.8276,59.9333,60.9262,59.8080,58.1893,56.0446,53.9351,52.4690,0.0000,0.0000,0.0000,0.0000,0.0000,0.0000,0.0000,0.0000,0.0000,0.0000,0.0000,0.0000
1700000040.800000,-59.0,63.7887,63.1506,62.8172,64.0312,61.8466,60.7289,61.6847,62.3939,62.7694,63.5610,64.4050,66.2420,67.2309,66.8880,68.2642,68.5055,67.6757,65.8027,67.0075,66.0681,68.8840,68.1175,68.6804,69.3109,72.8629,70.7248,76.3806,74.9667,75.6637,76.3806,76.4199,76.4199,76.5768,76.5768,75.2861,72.3464,73.4098,71.0282,71.0282,69.8928,66.3702,65.5134,64.0078,59.9416,60.4152,58.6003,57.3847,56.0803,54.0833,53.1601,52.1728,50.6360,0.0000,0.0000,0.0000,0.0000,0.0000,0.0000,0.0000,0.0000,0.0000,0.0000,0.0000,0.0000
1700000040.850000,-61.6,68.1542,66.4078,67.3573,67.1863,68.6804,64.7611,67.4685,68.0661,66.9104,68.5930,71.5681,70.1783,72.1734,72.0278,71.0282,71.0000,73.0000,70.0071,74.2428,74.3303,74.1687,74.5453,73.4370,75.6637,77.7817,76.2955,79.2465,80.2309,82.3772,80.8950,79.7621,83.6002,82.4924,82.3893,80.0250,78.1601,76.0000,76.0066,76.1052,74.0270,71.1758,69.3542,67.3647,63.6396,63.7887,60.8276,60.6383,58.9406,57.2800,55.9732,53.7122,52.3546,0.0000,0.0000,0.0000,0.0000,0.0000,0.0000,0.0000,0.0000,0.0000,0.0000,0.0000,0.0000
1700000040.900000,-60.8,68.6222,70.7107,69.3542,70.9366,68.1175,68.8840,68.0074,69.8928,70.4557,71.0211,71.5612,72.0694,71.5891,72.4500,73.3553,73.5391,75.3923,71.6938,75.2728,73.6817,75.2728,75.9605,74.3303,78.5875,79.8123,78.3390,82.0000,81.2527,82.2253,81.4923,82.5651,83.5225,84.1190,82.2192,82.2800,78.5493,79.8499,75.1532,76.4788,74.6860,71.5891,73.4302,69.9714,66.8880,64.3506,61.2944,61.2209,60.0000,59.4643,57.3847,54.4885,54.2033,0.0000,0.0000,0.0000,0.0000,0.0000,0.0000,0.0000,0.0000,0.0000,0.0000,0.0000,0.0000
1700000040.950000,-62.8,65.1153,65.7647,67.2086,70.0928,68.6804,66.2193,66.4003,68.2422,69.0652,69.0652,68.7968,69.9714,71.1196,70.2140,70.2140,71.3092,69.8570,71.1758,72.4500,74.9466,72.1110,73.3757,72.1249,76.9220,76.9220,76.1577,81.0247,78.3390,80.5233,80.5233,81.7435,81.6088,82.5651,79.0569,79.7120,78.9240,75.3923,74.7329,74.2496,72.9178,70.2353,68.9638,68.4763,64.1405,63.5138,61.6117,61.4003,59.0339,55.9732,54.4885,53.0377,52.2015,0.0000,0.0000,0.0000,0.0000,0.0000,0.0000,0.0000,0.0000,0.0000,0.0000,0.0000,0.0000
1700000041.000000,-64.7,68.2642,69.1158,68.0294,71.0282,68.0000,68.0074,68.1836,69.2604,70.2567,68.7314,72.6911,72.1803,72.7805,73.7564,73.0069,74.4648,73.6817,72.1249,72.8011,74.0945,74.6726,78.0000,74.8465,77.3692,77.8781,81.4371,81.3941,83.6301,82.2922,81.8596,81.0247,82.3468,83.9345,80.7775,81.2711,80.6536,79.0569,77.2010,76.9220,75.1864,71.8053,70.2140,68.7314,66.6108,64.4981,61.1310,61.0737,58.0775,58.0086,58.0345,57.2189,54.7449,0.0000,0.0000,0.0000,0.0000,0.0000,0.0000,0.0000,0.0000,0.0000,0.0000,0.0000,0.0000
1700000041.050000,-64.9,64.1950,64.1950,63.6396,63.7887,63.9531,63.7887,65.0000,64.5368,67.1863,66.4078,67.0671,68.7095,68.1542,69.8570,67.5426,69.7711,65.7647,71.1969,68.6003,70.4911,69.4622,71.5612,71.8471,72.8011,74.0608,72.2011,77.0065,78.2432,76.2168,78.6003,74.8866,78.2368,76.8440,76.8505,78.0320,78.3901,73.9256,72.4707,71.1196,70.2140,69.3542,66.3099,68.0294,59.8080,62.0322,58.2409,59.2030,57.7235,54.9181,53.9351,53.3385,50.0400,0.0000,0.0000,0.0000,0.0000,0.0000,0.0000,0.0000,0.0000,0.0000,0.0000,0.0000,0.0000
1700000041.100000,-61.2,66.2873,68.8840,66.3702,68.3593,68.3593,68.1836,68.0661,67.0000,68.0000,68.0294,68.1175,70.4557,69.4622,71.5681,72.5603,73.5459,73.3485,71.5891,73.2462,72.0347,71.0634,72.8011,73.4983,74.9466,77.7946,75.8947,78.4347,80.0062,82.2192,79.3788,81.9085,82.5651,82.9699,79.5550,80.6040,78.4474,79.2465,74.9667,74.3303,74.1687,72.1734,69.1158,68.0294,64.0078,63.0079,61.0328,60.2080,60.2993,58.6941,56.0892,54.8179,51.5461,0.0000,0.0000,0.0000,0.0000,0.0000,0.0000,0.0000,0.0000,0.0000,0.0000,0.0000,0.0000
1700000041.150000,-61.7,66.8506,63.3246,66.1287,65.1460,67.3573,65.5210,67.6831,68.0661,68.0661,70.8590,69.0507,69.7209,69.4622,69.0652,68.0661,72.0069,70.0000,73.0000,71.0634,72.1734,71.1758,73.2462,75.1665,74.4312,77.2334,76.5310,77.6466,81.8841,77.6466,81.6150,78.3135,79.3095,80.2247,79.1012,79.0569,80.0062,77.0260,74.0270,73.2462,71.1758,71.3442,65.6201,68.5930,61.9839,62.1691,59.2284,59.6657,60.4401,57.2451,54.2310,53.6656,49.2443,0.0000,0.0000,0.0000,0.0000,0.0000,0.0000,0.0000,0.0000,0.0000,0.0000,0.0000,0.0000
1700000041.200000,-63.3,67.1863,68.0074,68.0000,69.0000,68.0074,68.1175,66.2722,65.6201,67.7422,65.3070,70.0357,70.0928,70.8802,68.6804,69.9214,70.5762,71.5122,69.6419,71.1758,72.0139,72.4983,73.7902,71.5542,73.9256,76.5376,78.7718,79.4040,79.7559,79.7559,79.2591,79.6492,83.1865,81.4125,78.7210,79.2023,76.5572,76.1577,74.6726,73.3894,74.0000,68.6804,68.4105,66.2193,65.7343,59.4390,59.2284,59.8415,58.3095,56.2228,55.0364,54.0000,51.1566,0.0000,0.0000,0.0000,0.0000,0.0000,0.0000,0.0000,0.0000,0.0000,0.0000,0.0000,0.0000
1700000041.250000,-62.7,69.6419,66.8506,68.8186,67.8012,69.0290,67.4759,67.1789,67.1789,70.7248,69.3542,70.8378,70.8378,71.7008,70.4344,69.2026,74.4043,69.8928,71.5612,72.0694,73.0616,73.9256,74.6860,75.1332,77.8203,75.5844,77.4726,77.6209,81.4371,81.3941,83.2586,80.4984,82.2922,80.9568,81.4125,79.7559,79.4040,76.8505,75.7166,72.4224,71.6101,71.4003,68.2495,68.7677,63.7809,63.7024,60.1082,60.1082,60.8276,58.1378,55.6058,53.8238,53.7122,0.0000,0.0000,0.0000,0.0000,0.0000,0.0000,0.0000,0.0000,0.0000,0.0000,0.0000,0.0000
1700000041.300000,-62.0,67.8970,65.1153,65.5134,68.0661,65.2533,66.2193,66.7608,65.7875,67.6757,65.9242,69.4622,68.8840,69.7711,70.7107,71.5891,70.4911,71.0211,68.2642,70.4557,71.2811,72.4224,73.6003,72.6223,75.0733,74.4110,77.2334,78.7464,78.7464,78.7464,78.1025,78.8733,81.2158,81.8352,78.8162,79.3221,76.8440,76.2758,75.4718,74.7930,72.9452,67.5426,68.0294,65.3070,61.8466,62.0322,57.8705,59.7746,58.6941,55.7853,55.1090,55.4437,53.0377,0.0000,0.0000,0.0000,0.0000,0.0000,0.0000,0.0000,0.0000,0.0000,0.0000,0.0000,0.0000
1700000041.350000,-62.5,65.0077,65.0692,66.2722,68.1836,67.2681,65.4905,68.0661,65.1153,66.9403,65.5134,68.8840,68.0074,68.9638,69.5701,68.6222,69.0797,68.5420,68.1542,70.2140,70.6612,70.2140,71.1196,71.1196,72.9452,73.9256,75.2928,77.1751,78.8923,78.5493,77.8974,79.1770,80.5295,78.7718,78.2943,76.9675,77.4726,75.0267,75.6108,72.4224,71.1688,67.7200,65.2533,66.7083,64.5368,61.0000,57.8705,58.4209,58.2151,56.0803,54.0000,53.1507,51.3517,0.0000,0.0000,0.0000,0.0000,0.0000,0.0000,0.0000,0.0000,0.0000,0.0000,0.0000,0.0000
1700000041.400000,-63.8,67.0298,64.2806,67.2681,67.1863,68.4690,65.6201,65.3070,66.7083,67.9117,68.4105,69.6419,69.9214,71.7844,72.4500,70.5762,72.0902,69.7782,72.0139,68.8840,71.1196,72.4707,73.0616,73.0616,74.6257,77.6981,74.6257,77.1038,81.5414,77.6660,80.4550,79.9250,80.2621,79.7559,80.0625,80.0625,77.8203,77.8781,73.7360,72.8011,72.1110,71.7844,66.4078,70.8802,61.6117,61.6117,58.2495,58.6941,58.8558,58.2151,54.0000,54.0000,51.2445,0.0000,0.0000,0.0000,0.0000,0.0000,0.0000,0.0000,0.0000,0.0000,0.0000,0.0000,0.0000
1700000041.450000,-59.8,64.4127,64.4127,63.9766,63.1585,62.7694,63.5610,64.8460,63.8905,64.8460,65.9697,64.3273,67.0820,66.9104,66.6108,66.9104,69.3542,66.2722,67.1863,68.0661,68.0074,68.0000,70.0071,70.0000,71.1126,73.1095,72.1110,77.0584,75.1066,76.2365,76.2365,75.0267,78.0000,77.0065,74.0270,76.0263,74.1687,75.2396,71.5681,67.6018,69.7209,68.0661,64.3273,63.1506,59.6657,60.1664,56.9210,56.3028,54.4243,55.9464,52.8015,51.1077,49.0918,0.0000,0.0000,0.0000,0.0000,0.0000,0.0000,0.0000,0.0000,0.0000,0.0000,0.0000,0.0000
1700000041.500000,-58.0,66.1287,63.1585,68.0294,64.4748,67.9779,64.0078,66.2420,67.2309,67.4166,68.7968,67.1193,68.6003,69.2026,69.5270,67.4759,68.6222,67.8822,70.7672,68.6222,71.5052,70.0357,71.7008,72.2496,74.0270,73.4098,73.4098,75.6042,79.2023,75.0000,80.2122,75.4321,77.4661,77.9872,79.3095,77.1557,77.0779,74.9533,73.5935,72.3464,68.8840,69.4262,64.6607,67.0075,61.0328,61.2944,60.5392,59.1693,58.1808,57.2451,54.1295,52.8110,50.0000,0.0000,0.0000,0.0000,0.0000,0.0000,0.0000,0.0000,0.0000,0.0000,0.0000,0.0000,0.0000
1700000041.550000,-64.0,65.7951,66.4680,65.7647,65.8559,65.2993,64.5368,65.8027,65.8027,65.4599,66.0379,68.2642,68.0955,69.3181,70.2140,69.3181,68.9420,68.5420,68.1542,71.1688,69.2892,69.5701,73.0821,71.1688,73.9797,74.4648,74.4648,77.3692,77.3692,78.8543,76.6551,76.9220,78.8480,77.4919,77.7946,78.4347,76.5506,74.4648,73.8241,72.0902,71.1126,70.2140,65.7647,66.7308,62.2656,61.0574,59.3633,58.0086,57.4282,55.6058,53.7587,54.4885,50.3289,0.0000,0.0000,0.0000,0.0000,0.0000,0.0000,0.0000,0.0000,0.0000,0.0000,0.0000,0.0000
1700000041.600000,-65.2,66.6483,68.0294,68.1542,68.1542,68.6222,65.7875,68.4105,66.2193,68.8840,69.6348,69.6348,71.3863,69.8713,71.7008,68.3593,73.1095,73.1710,72.2496,73.0000,74.0000,71.0000,74.0068,74.0270,74.1687,77.1622,77.1038,79.3095,78.2304,79.3095,80.1561,80.0562,80.2247,80.0562,78.0000,79.0063,79.0569,78.2304,74.4312,72.6911,71.5681,71.5681,69.0507,69.4262,64.7611,63.7887,59.9083,60.0833,56.6127,56.0803,55.9017,53.7122,51.8652,0.0000,0.0000,0.0000,0.0000,0.0000,0.0000,0.0000,0.0000,0.0000,0.0000,0.0000,0.0000
1700000041.650000,-62.3,67.7791,63.5610,67.5352,67.5352,68.4763,66.7308,66.2873,67.4240,68.8186,69.4046,69.4046,71.2180,68.4105,70.1783,70.8378,72.8629,70.0071,71.4493,70.8378,72.4707,72.3464,73.6003,73.1095,74.6525,75.4321,75.6042,78.0064,81.0247,76.6094,80.0000,79.0253,79.2023,82.4621,80.8084,80.0562,79.9312,77.0779,73.6614,73.1095,72.3464,69.5270,67.0075,67.0075,64.6375,63.8201,58.5235,58.3095,58.8303,55.5428,57.9396,54.4059,51.1957,0.0000,0.0000,0.0000,0.0000,0.0000,0.0000,0.0000,0.0000,0.0000,0.0000,0.0000,0.0000
1700000041.700000,-60.3,70.2567,68.1836,68.0294,69.0290,71.0070,65.0000,67.1863,66.1891,71.3442,69.4622,73.4370,72.8354,72.3671,72.3671,71.5891,72.8011,70.6045,71.1688,72.1110,72.4500,72.8011,73.9256,72.8011,75.6439,78.5493,77.4726,80.1124,80.9568,81.0247,82.8553,80.2309,81.7068,80.4114,80.0562,78.7464,82.2800,76.9220,76.1577,74.5252,72.5672,71.1969,68.7314,68.5930,64.4981,63.3877,61.0737,59.0339,59.0000,60.1332,58.2151,54.7449,53.6004,0.0000,0.0000,0.0000,0.0000,0.0000,0.0000,0.0000,0.0000,0.0000,0.0000,0.0000,0.0000
1700000041.750000,-63.4,68.4105,68.4105,70.2922,68.2495,67.9412,66.4680,67.8970,68.6222,69.3542,69.2026,69.2026,71.0282,70.1783,71.3442,71.8679,72.2011,73.0616,70.3278,71.5542,72.0139,71.5542,73.8241,73.5391,76.5506,77.4919,76.5506,79.1202,80.9938,79.7120,80.9938,80.0562,84.6936,81.3941,78.7210,81.4125,78.7147,77.3692,73.8241,74.7930,72.7186,71.8471,70.8025,67.6757,63.4114,66.0681,60.3075,60.8276,58.0000,58.6941,54.4518,54.6717,51.8652,0.0000,0.0000,0.0000,0.0000,0.0000,0.0000,0.0000,0.0000,0.0000,0.0000,0.0000,0.0000
1700000041.800000,-59.8,68.2422,71.4003,70.2922,73.7564,70.2922,70.9366,72.1249,70.7107,70.0357,71.5052,73.6614,73.4098,73.4098,73.2393,75.2130,75.1665,74.4312,73.5731,76.0592,75.1798,76.5376,76.0263,76.0263,78.3901,78.7909,79.2023,83.3847,82.6378,81.5414,83.3847,84.5813,85.4283,85.8662,82.8553,81.8841,81.9878,80.6226,78.2304,76.5506,76.5506,72.2011,74.2024,71.0634,68.7677,65.8559,63.6396,62.2415,60.2080,60.9590,57.6281,55.8032,52.8394,0.0000,0.0000,0.0000,0.0000,0.0000,0.0000,0.0000,0.0000,0.0000,0.0000,0.0000,0.0000
1700000041.850000,-62.1,68.6003,66.5733,67.6757,68.5055,70.8025,65.6049,68.7677,67.2681,66.4831,70.7248,67.8970,70.8378,71.5891,71.7008,71.7008,72.2011,69.6348,69.8928,70.1783,72.2011,72.7186,73.9256,75.6637,75.1532,76.9415,76.0263,79.6241,81.8413,79.6241,82.7345,78.7718,80.5295,80.1311,80.2621,80.7775,78.5493,78.2304,78.0064,75.0000,70.6045,72.3464,70.0928,69.3542,63.0317,64.3506,60.8276,60.9590,57.4891,59.0339,55.2178,53.8516,50.1199,0.0000,0.0000,0.0000,0.0000,0.0000,0.0000,0.0000,0.0000,0.0000,0.0000,0.0000,0.0000
1700000041.900000,-60.3,67.2309,65.5515,66.3099,68.4471,67.9779,65.3070,67.5352,67.2309,67.2309,68.2642,69.8928,71.6101,69.6348,69.2026,70.6045,71.7008,70.0928,69.4262,70.7248,71.4213,72.1249,74.9533,72.1249,75.8222,74.4110,73.8783,76.5768,77.2334,78.7464,77.9872,77.7946,81.3449,80.6226,79.9312,77.8974,76.5768,76.4853,74.6525,73.4098,71.6101,67.9559,66.8880,65.5134,62.2656,60.8276,57.2713,58.6941,58.3095,57.5847,55.9732,53.6004,51.7880,0.0000,0.0000,0.0000,0.0000,0.0000,0.0000,0.0000,0.0000,0.0000,0.0000,0.0000,0.0000
1700000041.950000,-63.9,67.1193,64.0703,68.0294,68.0000,67.0075,64.0000,65.0692,67.1863,67.2681,67.7422,67.8970,69.4262,68.6586,69.1231,70.8308,70.2140,68.9638,69.5701,71.1688,68.9493,72.4500,73.7360,69.6419,72.0139,74.6860,73.8241,76.4853,79.1581,78.2943,77.8781,77.8781,77.6209,79.1202,77.4919,77.4919,75.5844,74.3303,73.4983,73.2462,71.5891,67.7422,66.6108,65.4905,62.2896,61.0737,58.0345,58.0000,58.0000,58.0345,54.1479,53.6004,49.4773,0.0000,0.0000,0.0000,0.0000,0.0000,0.0000,0.0000,0.0000,0.0000,0.0000,0.0000,0.0000
1700000042.000000,-63.6,65.7647,64.4438,66.7083,66.7083,67.6240,66.2193,64.8999,66.2873,67.1193,69.4622,69.9714,68.0000,69.3181,68.4471,70.6824,69.8570,70.9366,67.0671,70.8378,71.4703,69.5701,72.1249,72.1249,73.7631,75.9605,73.9797,77.8781,78.3390,78.5875,79.3095,78.1601,78.8480,80.3617,77.7946,78.7718,76.5506,73.9256,72.4983,72.0139,71.1126,68.0000,69.3542,67.2309,62.9682,60.5392,58.5235,59.2030,57.4891,55.9732,53.7401,54.5619,49.8197,0.0000,0.0000,0.0000,0.0000,0.0000,0.0000,0.0000,0.0000,0.0000,0.0000,0.0000,0.0000
1700000042.050000,-61.9,65.7647,63.5138,64.6375,66.6108,67.2012,65.8027,66.7083,68.1175,68.6804,66.4680,69.3542,67.1789,69.3542,70.1783,69.4262,68.4105,70.0000,68.0074,70.4557,71.5612,71.0211,71.3442,71.0211,73.4302,73.9256,74.7930,75.1798,77.4145,78.2943,78.7718,78.8923,78.3901,79.9250,78.7718,77.9359,78.0064,74.6324,74.0270,73.2462,70.1783,69.3542,67.8970,67.1789,63.7024,62.2896,59.0339,58.8982,57.8014,56.0357,53.7122,53.7122,50.5668,0.0000,0.0000,0.0000,0.0000,0.0000,0.0000,0.0000,0.0000,0.0000,0.0000,0.0000,0.0000
1700000042.100000,-60.5,67.6757,66.7308,68.5420,67.6240,69.7782,67.5426,68.0000,68.9638,68.6003,68.7968,70.1783,70.8025,69.6563,72.3464,71.0634,73.7564,70.0928,72.1388,70.7672,73.5527,74.9533,75.0067,75.0733,75.4321,77.4661,76.0592,79.0253,82.0061,79.8123,82.4621,77.9872,80.6598,82.7587,78.5684,77.7817,79.9312,77.7817,76.5768,75.9276,73.7564,71.4003,68.6003,70.2140,63.5138,61.9112,61.4003,60.9016,59.0339,59.5063,54.6260,54.4243,53.3667,0.0000,0.0000,0.0000,0.0000,0.0000,0.0000,0.0000,0.0000,0.0000,0.0000,0.0000,0.0000
1700000042.150000,-58.3,68.4471,68.7314,68.3593,69.3542,70.1783,68.1836,68.0000,70.0000,70.0000,68.0661,71.2531,73.4370,71.4493,70.7107,72.8354,74.5252,74.5252,71.5891,72.8011,73.7631,72.5328,74.9466,73.3757,76.6942,74.6726,78.1857,78.1857,83.0060,79.4796,80.4114,80.3243,84.4334,83.1685,79.8123,79.5550,78.8480,77.1298,75.5050,75.3127,72.9931,70.4557,66.3702,68.3593,64.1950,63.0317,59.0000,60.0000,58.0775,58.1378,55.3263,55.4437,53.3667,0.0000,0.0000,0.0000,0.0000,0.0000,0.0000,0.0000,0.0000,0.0000,0.0000,0.0000,0.0000
1700000042.200000,-65.8,64.3817,64.7765,65.9242,66.4906,66.4906,62.5859,65.8027,65.5210,66.4078,68.6222,67.4166,68.1542,66.3099,67.2309,66.7083,69.7711,66.7308,68.0000,67.2309,68.7968,68.2642,68.7968,70.4911,71.6101,71.6101,71.6101,76.0263,78.0064,73.0069,77.4209,75.7166,77.3886,78.2304,75.2928,76.6616,73.3553,73.7902,73.4098,69.4622,67.2309,67.7791,63.5689,64.5601,60.4401,58.2409,57.9741,55.9017,55.9017,55.2268,53.2353,50.0000,48.1664,0.0000,0.0000,0.0000,0.0000,0.0000,0.0000,0.0000,0.0000,0.0000,0.0000,0.0000,0.0000
1700000042.250000,-62.3,66.7308,66.4078,68.1542,68.4105,67.9117,64.3273,69.0507,66.9104,68.5930,68.2642,70.2567,69.1809,71.0634,70.0286,69.0290,74.0068,70.0286,70.0286,68.3593,71.3442,71.4493,74.6726,72.4431,74.6726,74.8131,75.9539,78.4474,79.4292,77.2787,80.8950,74.6726,77.5242,79.6304,79.4040,78.1601,79.0569,77.0000,74.0068,74.0068,72.1110,71.2531,65.2763,67.4759,60.6712,60.8276,59.0339,60.2080,57.0088,58.5235,54.0833,51.4781,52.8394,0.0000,0.0000,0.0000,0.0000,0.0000,0.0000,0.0000,0.0000,0.0000,0.0000,0.0000,0.0000
1700000042.300000,-58.2,64.3817,65.1920,66.2193,65.4370,67.0075,66.2873,65.1920,67.4166,68.6003,66.2420,66.7308,67.5352,69.3542,68.8767,68.0294,70.9366,69.5701,67.0671,69.2604,70.8802,70.8802,69.8570,69.3758,73.7564,73.9797,73.7564,76.4853,79.4292,78.4474,78.6448,77.1298,80.0500,76.6551,77.4919,77.2010,78.4347,75.7694,73.0069,70.6824,69.7782,69.3181,65.2993,65.7647,62.2656,61.4003,57.1402,57.4282,56.4004,55.9732,54.4518,50.9313,49.8197,0.0000,0.0000,0.0000,0.0000,0.0000,0.0000,0.0000,0.0000,0.0000,0.0000,0.0000,0.0000
1700000042.350000,-60.9,67.6240,65.8027,68.5055,69.0652,68.2642,68.2642,66.2420,68.0000,68.4251,69.3542,69.8570,68.1542,68.7095,71.1688,70.8378,70.8802,72.5328,68.6804,70.6116,71.5891,70.8308,72.5672,70.4060,74.6726,74.6726,75.6637,77.4145,77.3175,79.7621,79.7621,80.7527,80.2309,79.4292,78.8543,77.6660,76.4003,77.8845,76.2430,71.1688,70.8378,67.7791,67.7791,67.2309,63.9766,62.6498,58.5918,59.1693,57.9828,56.8595,55.8032,54.0370,50.9313,0.0000,0.0000,0.0000,0.0000,0.0000,0.0000,0.0000,0.0000,0.0000,0.0000,0.0000,0.0000
1700000042.400000,-62.7,66.7533,68.2495,65.1153,67.4685,66.2193,64.7611,65.8027,66.4078,65.7875,66.1287,67.7791,68.8767,69.7782,68.8840,70.6612,68.2642,70.1783,68.2642,70.4557,70.4557,71.0282,72.2011,69.6348,73.1095,74.6525,74.5185,77.8974,78.7464,78.5684,75.9276,75.9276,79.8123,80.0000,78.6003,77.4209,74.4043,76.8505,73.5731,71.6938,71.1969,67.5352,67.1193,65.3070,63.5610,60.5392,60.0833,58.2409,57.2800,55.7853,54.9181,52.4690,51.1566,0.0000,0.0000,0.0000,0.0000,0.0000,0.0000,0.0000,0.0000,0.0000,0.0000,0.0000,0.0000
1700000042.450000,-63.2,65.8027,66.4078,64.6220,69.0797,66.3099,66.6408,67.9779,67.5352,67.6018,66.7308,70.4911,71.0282,70.8025,70.0000,70.8025,70.4344,70.8378,69.3542,72.1803,73.5527,72.1388,71.4493,70.0357,76.5768,74.4110,76.5768,78.1025,78.7464,81.6884,78.7464,81.4678,79.9062,81.3204,78.4920,77.0779,76.3806,75.7430,75.9276,72.4707,73.8783,66.4003,69.2026,68.5055,65.2150,62.4340,59.1693,58.6003,59.0339,56.8595,56.0803,53.1413,49.4773,0.0000,0.0000,0.0000,0.0000,0.0000,0.0000,0.0000,0.0000,0.0000,0.0000,0.0000,0.0000
1700000042.500000,-65.3,65.1153,65.1153,65.8559,65.0692,65.8559,65.2993,66.2193,67.4240,66.5733,67.4166,68.2642,70.3278,69.8355,70.2353,68.4251,69.0797,70.0071,69.0797,69.8928,70.8378,69.8928,73.3757,70.5195,74.7262,74.0405,74.4648,77.1298,77.8781,79.8311,78.8543,79.8123,79.1202,80.0812,78.4347,78.1089,76.3217,74.0945,73.4098,71.1126,71.1758,69.3181,65.3070,66.7308,61.4003,61.4003,59.6406,58.6003,57.8014,55.6058,54.4885,53.0377,50.3289,0.0000,0.0000,0.0000,0.0000,0.0000,0.0000,0.0000,0.0000,0.0000,0.0000,0.0000,0.0000
1700000042.550000,-61.8,67.6018,66.7533,67.0820,66.4906,68.6586,64.7611,66.9403,65.8027,68.0074,68.6222,69.0797,68.5420,71.1758,70.2140,68.8767,72.0069,68.8840,71.5891,70.4911,72.5603,73.9256,74.0945,72.1110,73.4098,75.0000,75.0000,78.0064,80.6040,78.0064,80.2122,78.4920,80.1561,79.9250,78.3901,78.0320,77.0260,75.6637,73.7902,73.4098,69.8570,70.3847,67.2309,68.9493,61.0328,61.6847,59.9083,59.2284,56.8858,57.4282,54.2310,53.0848,51.0000,0.0000,0.0000,0.0000,0.0000,0.0000,0.0000,0.0000,0.0000,0.0000,0.0000,0.0000,0.0000
1700000042.600000,-62.8,67.7422,66.2420,65.7647,69.3542,67.0820,67.0820,66.3099,67.2309,66.7308,66.4078,69.2604,68.9638,69.1231,68.8840,69.8570,69.0507,70.7107,68.8840,73.4370,70.4557,71.5681,73.1710,72.2496,74.1080,74.0608,75.0267,76.0592,77.0065,79.0063,79.0000,79.1581,79.1012,79.1581,77.4145,77.6466,76.9415,74.9667,73.3485,71.5891,68.8840,68.1542,65.8027,66.0984,62.6259,62.0322,60.0083,58.6003,57.2451,54.5894,54.2033,51.6140,49.6790,0.0000,0.0000,0.0000,0.0000,0.0000,0.0000,0.0000,0.0000,0.0000,0.0000,0.0000,0.0000
1700000042.650000,-62.8,67.5352,66.2420,67.4166,67.7422,68.2642,67.6757,67.6757,68.6003,67.6240,67.6240,69.4262,70.8378,72.8629,71.4213,70.0071,72.1803,71.5891,71.5891,72.6223,71.0634,73.1095,73.4098,72.2011,74.8866,76.2758,76.2758,77.9359,79.3221,77.6660,79.3221,78.2368,80.6040,80.4301,78.7464,79.3977,75.7430,77.2334,75.0067,74.2496,71.5052,70.0928,68.1175,66.4003,65.0000,63.0079,60.4649,59.5399,60.0333,56.3560,55.0091,54.2310,52.2015,0.0000,0.0000,0.0000,0.0000,0.0000,0.0000,0.0000,0.0000,0.0000,0.0000,0.0000,0.0000
1700000042.700000,-62.8,69.4622,68.9638,70.2140,69.3181,70.2638,66.7083,68.7095,70.2282,69.2604,70.2140,71.1688,71.5681,71.5891,73.5459,71.3863,70.5762,71.4493,71.5681,74.2428,72.1734,73.1710,74.0068,73.0274,77.0000,79.0000,78.0064,81.0247,80.0250,80.0562,82.0061,81.0000,80.0000,81.0555,81.1542,79.1581,79.2275,79.3095,74.6726,73.8241,71.8471,70.6116,69.6348,69.1231,65.2533,61.6847,61.3514,61.0983,60.7454,59.5063,57.2451,55.5698,53.2541,0.0000,0.0000,0.0000,0.0000,0.0000,0.0000,0.0000,0.0000,0.0000,0.0000,0.0000,0.0000
1700000042.750000,-62.1,67.4759,68.2495,67.6240,69.2026,67.4240,67.4240,67.9559,65.5134,69.9714,69.3181,68.8840,68.5420,70.3847,69.4622,71.3092,72.1110,71.5122,69.8928,72.1249,71.8401,72.1249,72.1249,72.2772,75.7100,76.4853,77.4661,77.6660,78.6448,80.8084,80.8084,79.5550,80.7775,80.3617,80.0062,79.3788,78.1857,76.5506,73.5391,73.8241,72.0139,70.2353,68.4763,65.8635,63.8122,62.6817,59.4054,59.8164,57.4891,55.9732,55.1725,53.7587,51.2250,0.0000,0.0000,0.0000,0.0000,0.0000,0.0000,0.0000,0.0000,0.0000,0.0000,0.0000,0.0000
1700000042.800000,-59.0,68.7677,69.6563,68.6003,70.0000,70.4557,68.0074,67.4166,68.7968,69.9714,70.7107,72.4707,72.0069,74.2496,73.4098,70.6824,72.8011,73.3894,72.4500,72.4224,74.9466,74.6324,75.0000,73.4983,78.1025,79.3095,75.9276,79.0759,81.2527,81.0247,83.7437,79.5550,81.7435,81.0432,80.0062,80.0562,79.8499,79.4796,76.5572,74.2496,72.0139,72.8972,68.4763,68.0955,62.9682,64.8999,62.4260,61.2209,58.2580,58.7963,55.9017,54.4885,52.2015,0.0000,0.0000,0.0000,0.0000,0.0000,0.0000,0.0000,0.0000,0.0000,0.0000,0.0000,0.0000
1700000042.850000,-65.0,69.0290,69.0290,69.0290,68.0074,70.0643,68.2642,70.5762,68.4690,68.7314,69.8713,73.3485,71.8053,72.2772,70.3420,72.5328,74.9466,72.7324,72.1110,74.3236,73.5391,74.0945,75.6439,74.8465,76.9415,77.8203,77.3886,79.6053,82.7345,79.1770,81.8413,81.4371,84.0952,81.5414,82.0792,80.9938,81.2711,79.0569,76.9220,75.9605,71.0634,71.0634,70.4060,68.2495,63.5059,65.3758,58.2151,62.0725,58.0000,58.0345,56.0089,55.4437,53.9351,0.0000,0.0000,0.0000,0.0000,0.0000,0.0000,0.0000,0.0000,0.0000,0.0000,0.0000,0.0000
1700000042.900000,-62.0,68.1542,66.3099,68.4471,66.6408,69.3181,68.0000,66.3702,67.7422,66.0379,71.2811,68.5055,71.6101,70.6045,69.8140,68.8840,72.1803,69.3109,70.0357,70.0357,72.1803,69.3109,71.5891,72.1803,73.8783,75.4321,75.9276,77.6209,79.0253,78.4092,79.0253,76.5768,80.8084,78.5684,79.2465,79.2465,76.3806,73.5527,75.2861,72.3464,70.2922,69.2026,68.0074,67.6757,62.4260,62.1289,60.0333,59.4811,57.2451,58.1808,56.0803,55.3624,53.3667,0.0000,0.0000,0.0000,0.0000,0.0000,0.0000,0.0000,0.0000,0.0000,0.0000,0.0000,0.0000
1700000042.950000,-61.2,67.4463,67.2681,68.4471,68.7314,65.7647,65.4905,68.1836,66.0681,68.0294,66.0076,69.0290,70.0000,71.0282,69.1158,69.1809,71.4493,70.7107,68.7314,72.3671,71.5891,73.7564,70.8802,69.8570,73.7631,75.1864,76.6551,75.5844,77.2010,79.1202,78.8480,79.0759,81.0432,80.2808,77.1298,76.9025,75.5050,75.6637,73.5527,74.2428,70.1783,68.0661,68.0074,67.0000,63.0079,63.0000,59.0339,58.3095,58.2151,55.7315,55.3173,54.1202,50.6952,0.0000,0.0000,0.0000,0.0000,0.0000,0.0000,0.0000,0.0000,0.0000,0.0000,0.0000,0.0000
1700000043.000000,-63.6,65.3682,65.7647,65.7647,66.6483,63.9766,63.5610,63.9062,64.8460,66.7308,66.0984,66.4831,66.7083,67.6831,67.4685,67.4685,69.8713,67.6018,67.7422,68.2642,69.3542,70.3491,69.1158,70.1783,73.0069,72.0069,74.0000,77.0000,75.0000,79.0000,78.0064,77.0260,77.1622,78.3135,77.3175,75.6637,74.6726,74.1485,72.3671,70.6116,69.8570,66.7608,65.5210,64.8460,61.3514,59.8080,57.0088,58.1378,57.2451,54.5894,54.3783,52.4309,49.5782,0.0000,0.0000,0.0000,0.0000,0.0000,0.0000,0.0000,0.0000,0.0000,0.0000,0.0000,0.0000
1700000043.050000,-62.3,67.6757,71.3442,66.7308,70.8308,68.0000,71.1126,69.3542,67.2309,70.7743,67.0671,69.5701,72.8011,71.5681,73.2462,74.9533,70.6116,75.5050,68.8840,72.5603,74.6726,73.5527,77.1622,71.2531,75.0000,79.1012,78.0256,81.0000,82.0061,84.0060,79.0063,84.0952,84.2140,81.4985,82.2982,82.6075,77.6466,77.6466,76.1183,75.3127,76.6877,69.8570,71.8401,66.7608,66.4078,63.8905,61.6847,62.3939,59.5063,57.2713,55.4707,54.3783,55.0000,0.0000,0.0000,0.0000,0.0000,0.0000,0.0000,0.0000,0.0000,0.0000,0.0000,0.0000,0.0000
1700000043.100000,-63.3,69.8140,70.4344,69.5270,70.1783,71.5052,70.0928,70.0071,68.6222,71.5052,71.5891,73.1095,73.4098,72.2011,73.2393,73.2393,72.2011,73.5731,72.4017,73.0616,75.6637,74.7930,76.4788,76.0592,76.4853,78.2943,79.7057,82.3468,81.0247,82.7647,81.4371,82.7345,85.8662,84.1190,81.4923,81.4923,79.9250,79.6116,75.7166,76.2168,75.8024,71.0634,70.9366,68.6222,65.1153,63.6396,60.8276,62.3699,60.4401,57.8014,57.4282,54.3783,52.3259,0.0000,0.0000,0.0000,0.0000,0.0000,0.0000,0.0000,0.0000,0.0000,0.0000,0.0000,0.0000
1700000043.150000,-65.1,66.8431,66.8431,66.4003,67.8012,65.4599,67.6757,68.2642,66.7308,68.4763,66.6408,69.3542,69.8570,69.0797,68.3520,70.2282,70.2140,70.3420,70.3420,70.6116,72.5672,71.5891,71.1969,72.1803,74.6726,74.8131,74.6726,78.5175,77.2334,79.4040,79.4040,78.6384,78.6384,79.9062,79.4292,78.4474,75.7100,75.9276,75.1864,71.3092,70.8802,67.3573,68.3081,66.1287,62.6259,61.4654,58.1808,58.1808,56.3560,54.7083,55.7584,53.2541,52.4976,0.0000,0.0000,0.0000,0.0000,0.0000,0.0000,0.0000,0.0000,0.0000,0.0000,0.0000,0.0000
1700000043.200000,-61.1,67.2681,64.7765,64.2806,68.5930,68.1836,67.3647,68.0661,67.0000,68.0074,68.0294,68.0294,68.2642,68.4690,68.3593,68.5930,69.7209,70.2140,69.2315,68.6586,70.8308,71.3092,70.6045,70.8802,72.7324,74.6324,74.0000,76.5506,78.1089,77.1622,77.7946,77.2010,79.4040,78.8480,76.6551,77.3692,75.5050,75.5050,72.8354,69.7209,71.2531,70.2567,68.1836,67.0671,62.0322,61.0000,59.0339,58.0775,58.1378,56.4358,54.7449,54.1295,50.2892,0.0000,0.0000,0.0000,0.0000,0.0000,0.0000,0.0000,0.0000,0.0000,0.0000,0.0000,0.0000
1700000043.250000,-59.5,66.2193,66.4831,68.0074,68.0074,68.1542,67.0671,67.2309,67.1193,67.5426,68.8840,71.1969,70.3278,72.2011,69.8928,70.1783,71.0282,69.2026,72.2011,71.0634,71.7008,72.3464,72.9178,72.2496,73.5527,75.6902,74.9533,77.1038,80.6226,80.6226,81.3204,80.1561,80.0562,80.1561,78.1025,77.8010,76.6094,76.0263,73.7835,71.3442,70.8308,72.0694,67.5352,68.0000,63.5059,63.5610,59.8080,59.4643,57.5674,55.0818,55.5428,54.4518,53.1507,0.0000,0.0000,0.0000,0.0000,0.0000,0.0000,0.0000,0.0000,0.0000,0.0000,0.0000,0.0000
1700000043.300000,-59.2,70.5195,70.5762,70.9366,71.3092,71.1758,71.5891,68.4471,70.2353,70.3278,70.4911,73.2393,72.4224,71.6101,75.2861,73.4098,73.1095,74.4110,72.1803,74.2765,75.6637,75.6637,76.3675,75.7430,75.9276,77.9872,78.2432,81.8352,81.6884,83.8689,81.0555,80.8084,83.6301,84.1724,83.4506,82.7587,80.6102,77.7946,76.5768,77.2334,76.8375,72.2011,70.8025,69.2026,62.9682,62.7694,60.9016,62.1772,62.6498,59.5063,57.7754,57.5847,55.0818,0.0000,0.0000,0.0000,0.0000,0.0000,0.0000,0.0000,0.0000,0.0000,0.0000,0.0000,0.0000
1700000043.350000,-61.1,70.6116,66.4906,70.7107,68.7314,73.5527,67.6018,69.1809,70.1142,69.0000,73.0000,72.0000,71.0070,73.1095,72.1734,71.4493,72.6911,70.0357,74.5252,71.5891,74.2159,76.4003,76.6551,77.3692,75.9605,78.4474,77.2010,78.4347,81.9329,79.1202,82.2800,78.7464,82.2192,82.7103,82.7103,80.2808,82.9759,78.2624,74.8131,74.6726,72.6911,74.4312,66.4831,68.3593,63.0714,63.0714,62.0000,61.0737,60.0750,60.2993,55.5788,55.7853,53.1601,0.0000,0.0000,0.0000,0.0000,0.0000,0.0000,0.0000,0.0000,0.0000,0.0000,0.0000,0.0000
1700000043.400000,-60.1,66.0303,65.1920,66.7308,66.2420,67.5352,65.7647,65.3070,64.4748,67.2309,67.7791,68.1542,70.2282,70.5195,69.2604,67.4463,70.8308,69.6348,69.6348,70.0357,70.8590,70.8590,71.5681,71.7008,74.4312,74.5453,74.4312,76.2365,79.3095,78.2304,78.3135,76.6551,79.6304,80.6226,76.2955,75.3127,75.7100,74.2159,71.1688,72.1249,69.5701,68.3520,65.9242,65.9242,60.4152,60.4152,59.4811,59.9416,56.9386,56.3028,53.8238,53.2635,51.6236,0.0000,0.0000,0.0000,0.0000,0.0000,0.0000,0.0000,0.0000,0.0000,0.0000,0.0000,0.0000
1700000043.450000,-64.1,66.6408,65.3911,68.3520,67.7791,67.6757,66.4078,64.2884,65.7343,64.7611,70.4060,69.0507,69.4622,70.5762,69.4622,69.2604,73.1095,68.1175,71.0000,70.0071,73.0000,72.0069,72.0278,72.1110,74.3303,74.1687,74.3303,78.5175,81.3941,79.5110,79.2275,76.0263,80.1561,80.0062,79.0063,78.0000,78.0256,76.0592,74.1687,71.3442,68.2642,70.7107,68.0661,68.2495,62.5859,63.5610,59.2030,61.0328,57.5847,57.9396,54.6260,52.7731,51.1077,0.0000,0.0000,0.0000,0.0000,0.0000,0.0000,0.0000,0.0000,0.0000,0.0000,0.0000,0.0000
1700000043.500000,-59.3,63.8122,62.9682,66.2420,64.8845,64.8460,62.1772,62.6498,63.5610,65.0000,62.6259,67.6757,64.8460,66.7608,66.4831,65.9697,67.4685,65.1153,66.0984,68.5930,68.8840,69.8713,68.2642,66.4831,73.1095,71.2531,71.1758,74.0608,73.1710,75.0600,75.1066,75.2396,74.2428,77.5242,74.8131,73.9797,72.0069,72.3671,69.8570,69.3758,67.1863,66.7608,64.5136,63.5689,60.1664,58.3095,57.2713,57.2451,53.2353,52.4786,52.6973,52.8015,49.6790,0.0000,0.0000,0.0000,0.0000,0.0000,0.0000,0.0000,0.0000,0.0000,0.0000,0.0000,0.0000
1700000043.550000,-63.4,66.2420,67.5352,64.8845,67.6240,67.2309,67.4166,67.6757,66.4078,65.5210,67.4463,66.9403,69.4262,69.2315,69.0507,68.7314,68.3593,70.2567,69.1158,70.0071,72.0000,71.0000,72.0278,72.0069,74.1080,75.1665,74.1687,77.4145,77.5242,78.3135,78.4092,78.4092,78.1025,79.1581,78.1025,78.0256,76.0000,75.0600,74.1687,73.1710,73.1710,68.2642,68.4690,66.4831,63.7887,59.6825,59.0339,59.2284,56.7539,55.9732,53.4883,53.7122,51.4296,0.0000,0.0000,0.0000,0.0000,0.0000,0.0000,0.0000,0.0000,0.0000,0.0000,0.0000,0.0000
1700000043.600000,-62.4,65.7875,67.4166,67.2309,69.8570,67.0820,68.4251,66.7308,67.6018,67.7422,66.2873,69.8928,70.0000,69.5270,70.9366,71.7008,70.8378,70.7672,67.8970,72.8354,70.7107,71.4213,71.5052,73.6614,74.6525,76.8375,76.8375,79.2023,78.8733,81.0555,79.0253,81.5659,80.1561,78.6448,79.9312,79.2086,77.0779,76.3675,74.9667,73.6614,73.1095,70.0000,70.0000,67.0075,64.0703,63.5138,59.6825,60.5392,58.1378,55.0091,55.1543,56.0803,50.9608,0.0000,0.0000,0.0000,0.0000,0.0000,0.0000,0.0000,0.0000,0.0000,0.0000,0.0000,0.0000
1700000043.650000,-61.9,68.9638,67.7200,70.3420,71.5681,71.8053,68.2495,68.7314,70.3491,68.3593,71.2531,72.1734,72.0000,73.0069,75.0000,70.0286,75.1665,72.2496,74.3303,72.5603,73.9797,76.7919,75.1332,75.1332,79.3095,79.0759,80.2808,79.5550,81.2527,82.2253,83.6780,80.8084,84.9294,81.3941,79.9062,80.0625,79.9062,77.6466,77.4145,76.2365,72.2496,73.0000,70.0071,70.0000,64.0312,64.0703,63.2851,60.2080,58.6941,58.8558,59.2284,57.0088,53.4883,0.0000,0.0000,0.0000,0.0000,0.0000,0.0000,0.0000,0.0000,0.0000,0.0000,0.0000,0.0000
1700000043.700000,-59.3,65.0308,62.0322,66.0000,65.0077,65.0692,64.1249,64.1950,64.3817,64.3817,64.9384,67.8970,68.1542,67.1863,68.0074,66.2193,70.5195,66.7308,68.6222,66.8506,67.2309,67.2309,68.5420,72.4983,71.5542,73.3553,70.6612,73.3553,75.1332,73.7902,77.3692,74.7329,77.4726,76.5572,75.3923,75.2728,74.6726,73.6817,70.8378,67.7200,67.4463,66.7083,64.5368,64.1327,60.5310,59.4138,58.2151,58.3095,55.0091,54.0000,53.0000,52.1536,48.5077,0.0000,0.0000,0.0000,0.0000,0.0000,0.0000,0.0000,0.0000,0.0000,0.0000,0.0000,0.0000
1700000043.750000,-60.9,67.2309,67.6240,67.0820,69.3181,69.3542,66.7308,68.0955,67.1193,68.5055,68.4105,71.4003,69.6563,70.8378,70.0357,70.0928,72.1388,71.4213,68.6222,71.5891,71.5052,71.5052,73.1095,72.4707,74.2024,77.2010,76.6094,78.0064,78.0064,79.4040,78.6003,77.4661,80.2808,80.0562,78.5684,78.5175,77.1038,77.7946,77.0779,72.3464,71.5891,69.8140,70.6045,66.4003,64.0703,62.9682,60.9016,60.9016,57.2451,57.2713,56.0803,54.7083,53.1601,0.0000,0.0000,0.0000,0.0000,0.0000,0.0000,0.0000,0.0000,0.0000,0.0000,0.0000,0.0000
1700000043.800000,-60.1,70.0357,68.6222,70.8378,70.8378,68.2495,69.0290,70.0000,70.0000,71.8471,73.2462,72.7186,74.3034,75.6637,74.6860,74.6860,73.0069,73.9256,73.9256,72.8011,72.4500,75.0267,78.1089,75.5844,76.9220,77.6209,77.8845,81.7435,82.4621,82.7103,82.4621,82.2800,84.7703,84.1190,84.8646,81.3449,81.7068,79.4796,78.3901,75.6439,72.9178,74.7061,72.4500,70.3278,66.3702,64.3506,60.8030,61.4003,60.4401,60.8769,59.4138,57.2800,54.0370,0.0000,0.0000,0.0000,0.0000,0.0000,0.0000,0.0000,0.0000,0.0000,0.0000,0.0000,0.0000
1700000043.850000,-61.2,64.3506,65.7343,66.3702,66.7308,66.6483,69.3181,66.2118,67.7791,69.0797,67.6757,68.0074,69.9214,68.4105,70.3420,70.6116,69.4262,71.0211,68.7314,71.5681,71.4493,71.4493,74.3303,70.1783,74.1080,77.0584,76.0066,79.0000,77.0260,81.0062,79.0253,80.0999,80.0562,79.2275,77.3175,78.5175,74.6726,75.9539,74.5252,71.5891,69.8570,69.8570,68.9638,65.8027,64.8460,61.6847,60.7454,59.6154,58.1808,55.4617,55.0727,52.1536,50.6063,0.0000,0.0000,0.0000,0.0000,0.0000,0.0000,0.0000,0.0000,0.0000,0.0000,0.0000,0.0000
1700000043.900000,-65.7,65.2150,64.4050,67.0075,66.8431,67.6240,65.1920,66.4831,66.4680,67.1789,68.0147,70.0928,69.6563,68.6003,69.4046,69.6348,70.4557,69.1158,70.3278,70.6612,72.0069,70.7107,72.8972,72.4500,73.9256,75.6439,73.5391,76.1577,78.9240,78.0000,78.9240,76.5572,80.2309,77.3886,79.6053,76.0263,77.8974,76.5376,74.3303,69.8928,68.7968,71.0282,66.0303,67.8012,62.8013,62.4820,58.0517,58.7282,59.3970,55.2268,55.3173,54.4059,49.3964,0.0000,0.0000,0.0000,0.0000,0.0000,0.0000,0.0000,0.0000,0.0000,0.0000,0.0000,0.0000
1700000043.950000,-61.8,66.0379,64.0703,65.8027,68.6003,67.0075,66.6033,67.2681,65.7647,68.6222,68.0147,70.0928,69.5270,69.0290,69.4046,70.0000,70.7248,69.6419,68.7968,69.1158,72.0694,71.1969,72.8972,72.0069,73.8241,75.6439,77.4726,78.3901,79.3095,80.2309,79.3095,79.7057,80.5295,80.0625,80.0625,77.4145,77.0260,76.1577,75.1665,72.1110,69.8928,68.2422,67.8012,66.8431,63.2535,61.7171,60.1082,59.4138,59.3970,57.3847,56.0803,54.6443,49.3964,0.0000,0.0000,0.0000,0.0000,0.0000,0.0000,0.0000,0.0000,0.0000,0.0000,0.0000,0.0000
1700000044.000000,-59.3,68.9638,66.7308,70.7248,67.1193,68.7968,65.8027,67.8012,67.6240,65.9469,69.4262,72.2496,69.3542,70.7107,72.8629,70.0071,73.8783,70.4344,70.2922,70.8025,72.4224,70.8025,74.8866,73.2393,74.9466,75.1665,74.9466,77.6981,81.1234,78.5493,79.9250,77.1038,80.9938,79.0569,80.2122,78.6003,79.6492,75.4321,74.2765,72.8629,68.5930,71.4213,66.4680,68.6222,63.7809,61.8466,59.8164,63.0079,58.2495,59.6825,55.9464,56.4624,50.6952,0.0000,0.0000,0.0000,0.0000,0.0000,0.0000,0.0000,0.0000,0.0000,0.0000,0.0000,0.0000
1700000044.050000,-61.7,65.9697,65.4599,67.0671,66.7308,67.0671,65.9242,69.3181,64.8460,66.6483,67.1193,68.9638,69.1158,69.8928,69.3397,69.8928,69.6563,68.2495,71.2180,70.0928,71.5052,70.0357,73.5391,72.8629,76.3806,74.9533,74.9533,75.0067,79.2465,78.5684,79.2465,80.6226,80.6226,79.2086,75.6902,78.5684,78.1025,74.0270,72.8011,71.6101,69.8928,69.3397,67.1193,67.7422,63.1348,63.1348,59.0339,58.1808,55.9464,55.9732,55.6597,51.1957,51.7880,0.0000,0.0000,0.0000,0.0000,0.0000,0.0000,0.0000,0.0000,0.0000,0.0000,0.0000,0.0000
1700000044.100000,-62.5,70.3278,71.1196,70.2140,70.6612,68.9420,71.5891,70.0071,71.8679,71.7844,69.9214,73.7631,73.0069,73.5459,71.3863,72.3671,72.6911,76.6551,74.3303,74.3303,75.2396,74.1687,74.1687,75.1066,77.0065,79.0063,81.0000,83.0542,83.0000,83.0241,82.0000,83.0000,83.0241,82.0975,82.1523,82.3893,79.4040,79.4040,75.6637,75.8024,74.8131,71.8053,70.6116,69.8570,65.5210,62.6418,63.5689,61.6847,62.2415,58.1808,57.2451,54.7083,55.7584,0.0000,0.0000,0.0000,0.0000,0.0000,0.0000,0.0000,0.0000,0.0000,0.0000,0.0000,0.0000
1700000044.150000,-59.8,67.6831,68.0074,68.6222,69.5701,67.4166,67.0671,68.0294,69.3181,66.6408,68.8840,68.8840,70.4911,70.4911,69.3397,69.3397,70.0000,71.8401,71.8401,70.8378,71.5891,70.1783,71.4493,73.6614,74.9667,76.3806,74.2765,79.2465,78.5684,78.5684,82.0366,81.3204,79.9062,80.6226,79.9812,79.3095,77.2334,79.5110,73.4098,71.6101,71.0282,70.4557,69.0652,68.7968,64.4981,61.4003,59.4811,59.0339,58.6003,57.3847,55.6597,54.1202,51.7880,0.0000,0.0000,0.0000,0.0000,0.0000,0.0000,0.0000,0.0000,0.0000,0.0000,0.0000,0.0000
1700000044.200000,-62.7,70.8378,69.6419,68.7095,70.9366,70.2638,71.1758,70.2140,70.6612,71.1969,72.5603,72.2011,73.2462,74.3303,74.0608,74.0608,74.2024,73.8783,73.1095,75.0733,74.2765,74.2765,77.1038,74.9667,77.0779,81.3204,79.9062,82.0731,82.7587,83.4506,84.1724,81.3204,81.3204,84.8999,80.8084,82.3286,79.8123,79.2023,76.8440,77.1038,75.1665,72.2011,71.8679,70.7107,64.8460,64.4748,61.7414,62.3939,61.6847,56.6127,57.4891,56.0892,54.5894,0.0000,0.0000,0.0000,0.0000,0.0000,0.0000,0.0000,0.0000,0.0000,0.0000,0.0000,0.0000
1700000044.250000,-63.4,69.1231,69.9214,69.9214,71.4703,68.0074,69.2892,68.3520,68.1542,68.9420,69.3181,72.0694,72.2011,72.2011,70.4911,73.7835,72.4224,75.2130,71.0282,74.0270,74.0270,73.6003,76.2168,75.1665,77.1038,77.7946,79.2086,80.6226,79.9312,81.3449,80.6226,80.8084,80.8084,81.6884,80.6040,81.8413,78.8162,78.6003,76.8440,74.6257,73.0616,68.8840,70.2353,67.5352,63.5610,64.4748,62.0322,61.6847,60.4401,57.9741,57.9741,53.7587,53.2353,0.0000,0.0000,0.0000,0.0000,0.0000,0.0000,0.0000,0.0000,0.0000,0.0000,0.0000,0.0000
1700000044.300000,-63.2,67.4759,67.3647,70.1142,71.0282,69.0000,67.0075,69.0072,68.0074,69.1158,68.1175,71.4493,71.5681,74.1485,71.1969,71.1969,70.8308,71.0634,72.0347,71.8401,74.3303,74.3303,75.6108,72.4500,75.3923,77.2528,76.6942,78.0000,80.2309,81.1542,81.3449,81.7068,82.8734,81.2711,78.4474,78.8480,78.5875,78.1025,75.9276,75.5050,72.1803,70.4557,68.4690,68.1836,65.1920,65.0308,62.0000,60.0000,58.0775,56.2228,55.3263,53.6004,51.6624,0.0000,0.0000,0.0000,0.0000,0.0000,0.0000,0.0000,0.0000,0.0000,0.0000,0.0000,0.0000
1700000044.350000,-62.5,68.1836,68.1836,70.4557,70.7107,68.7314,68.8840,69.6348,69.6348,69.6348,67.7200,71.1688,73.0548,72.8011,73.9256,72.6154,72.9178,75.1332,72.0139,72.9452,73.4302,75.5910,74.9466,73.7835,78.8162,78.4920,78.0064,81.0247,82.0975,82.6620,81.5414,80.9938,83.0060,83.0060,81.4125,80.0625,79.1770,76.9415,76.0263,74.3236,74.3236,71.8679,71.1688,69.2604,65.4599,63.3246,60.4152,61.0000,60.8276,58.5491,57.5587,57.1402,53.0848,0.0000,0.0000,0.0000,0.0000,0.0000,0.0000,0.0000,0.0000,0.0000,0.0000,0.0000,0.0000
1700000044.400000,-59.6,65.7647,66.6483,68.5420,67.5426,67.7791,68.1542,67.6757,66.4078,68.3081,68.4105,70.8308,69.4262,70.7107,71.7008,71.0211,70.4557,71.3442,71.3442,73.0616,73.0274,72.0278,74.0068,73.0000,76.1052,76.0263,75.1066,79.0569,79.1581,80.1561,81.0555,79.0000,81.0062,82.0061,80.0062,79.1581,79.0569,77.1038,75.3260,72.4431,71.7008,68.8840,69.2315,67.2681,64.7611,63.3246,61.0328,57.9396,57.0088,57.3847,54.2310,53.7122,52.1536,0.0000,0.0000,0.0000,0.0000,0.0000,0.0000,0.0000,0.0000,0.0000,0.0000,0.0000,0.0000
1700000044.450000,-60.9,70.0000,66.8506,68.2642,69.6419,67.7422,65.7647,70.2140,69.3542,70.7743,70.3847,71.1758,71.5122,71.7844,72.1249,71.4703,73.7564,72.7805,71.8053,74.1485,74.1485,74.9667,77.6466,74.6726,75.2396,79.3095,76.1643,79.1012,83.1505,82.1523,84.1487,81.3019,82.3893,82.4924,81.6150,80.7527,80.2309,79.4292,76.9025,73.2462,75.0000,72.1249,70.6045,71.1688,63.9062,64.5136,59.6154,59.5063,59.0339,59.5399,56.0803,56.0357,53.2635,0.0000,0.0000,0.0000,0.0000,0.0000,0.0000,0.0000,0.0000,0.0000,0.0000,0.0000,0.0000
1700000044.500000,-63.2,66.2193,65.5210,67.6757,67.4166,67.6757,66.4831,65.3911,66.7083,67.5426,68.4763,70.2353,68.6003,69.9714,70.4557,69.3397,70.8025,70.6045,68.4105,70.2922,70.8378,70.8378,72.8629,72.9178,73.5527,75.6637,74.9533,77.1038,78.5175,77.8332,77.1038,77.7946,79.1960,80.6598,79.3095,77.4661,76.0592,74.8131,72.4224,74.6257,71.2811,68.2642,68.2642,66.3702,63.1348,59.9416,59.5063,58.3095,58.3095,55.6597,55.0818,52.9528,51.4781,0.0000,0.0000,0.0000,0.0000,0.0000,0.0000,0.0000,0.0000,0.0000,0.0000,0.0000,0.0000
1700000044.550000,-61.7,70.4344,68.7677,70.8378,69.3109,69.3109,69.3542,69.5270,68.8840,69.0290,70.6045,70.8025,72.6705,71.8679,72.5603,73.0616,73.3553,72.8972,70.6612,73.0069,75.3923,73.5391,74.6726,73.7360,76.2168,78.4347,78.7464,82.0061,81.3204,81.7435,82.2800,79.4040,84.1190,83.1685,81.9329,82.6378,78.5493,80.2309,77.8781,76.4788,76.0263,72.0694,72.5603,67.7422,66.0379,63.8122,61.6117,62.6259,60.4401,57.4891,58.0000,56.5862,55.4437,0.0000,0.0000,0.0000,0.0000,0.0000,0.0000,0.0000,0.0000,0.0000,0.0000,0.0000,0.0000
1700000044.600000,-60.9,68.5055,68.2642,67.6018,69.3542,68.4251,69.3181,66.1891,67.6240,69.0797,68.6222,70.5762,70.5195,71.4703,70.0928,73.4983,71.3863,71.5891,71.1969,73.4370,75.8024,74.6726,73.4370,71.4493,76.1643,76.1643,76.1643,80.0250,79.1012,81.0987,78.1025,81.0987,81.3019,80.6226,79.7621,76.9415,78.0897,78.4474,72.5672,74.7262,73.7631,68.3081,67.6757,65.7875,65.7875,63.1585,57.7754,60.8358,57.6975,56.3560,55.7584,53.8238,53.1507,0.0000,0.0000,0.0000,0.0000,0.0000,0.0000,0.0000,0.0000,0.0000,0.0000,0.0000,0.0000
1700000044.650000,-62.0,66.7308,64.0078,69.3397,68.7968,67.4240,67.6757,67.4240,67.0075,66.2193,67.9412,69.3542,68.5930,70.8378,70.0928,69.3109,70.1783,68.7677,69.0290,71.2180,73.4098,72.6223,72.8011,72.2011,75.4718,76.0066,75.8024,76.0066,80.9938,77.1038,79.9250,78.2368,80.0000,79.8123,77.4661,77.3369,77.2334,76.5768,74.9667,72.1249,71.4213,70.1783,67.2681,67.6240,60.6053,63.8201,59.3633,58.8303,57.2451,56.8243,55.4707,53.8516,51.2445,0.0000,0.0000,0.0000,0.0000,0.0000,0.0000,0.0000,0.0000,0.0000,0.0000,0.0000,0.0000
1700000044.700000,-61.9,68.8840,69.2315,68.1542,70.8308,68.6804,70.2140,68.6222,70.9366,70.0071,68.5420,73.4098,72.0139,70.6612,70.7107,73.0616,74.0945,75.1665,69.3397,74.2024,74.6324,73.4098,75.4321,74.6525,77.1557,78.6448,78.7464,79.9312,78.5684,82.8070,82.2192,82.9759,83.6301,81.0555,82.8010,81.6088,79.8812,79.0569,76.3217,73.5731,73.0616,71.5891,70.6612,69.3542,68.4471,63.0714,62.0322,61.6847,61.9839,57.9741,58.4637,55.9017,55.2268,0.0000,0.0000,0.0000,0.0000,0.0000,0.0000,0.0000,0.0000,0.0000,0.0000,0.0000,0.0000
1700000044.750000,-61.9,63.6318,65.0000,65.8027,67.1193,66.0303,65.2150,65.6049,67.0075,66.8431,67.2681,68.6222,67.1789,70.7672,69.4262,70.1783,69.5270,69.6563,66.8431,67.8012,68.6003,69.8140,71.6101,71.5612,71.8679,76.3217,73.5731,78.0320,76.3217,78.5493,76.5506,76.2758,79.0569,76.4003,76.2168,77.4661,75.2861,74.4110,73.5935,70.7672,70.7248,65.7951,65.8559,65.1153,62.0081,61.4003,57.1402,57.9828,56.9386,56.3560,52.7731,53.7122,49.6488,0.0000,0.0000,0.0000,0.0000,0.0000,0.0000,0.0000,0.0000,0.0000,0.0000,0.0000,0.0000
1700000044.800000,-62.5,64.6220,67.4166,67.6757,68.3081,66.0984,67.4463,68.1542,67.4685,68.2495,68.8840,70.4557,71.4493,68.1836,69.1158,70.1783,70.0643,71.0000,70.0000,73.0274,71.0070,72.0000,72.1110,73.1710,73.5527,74.4312,78.6384,77.5242,78.4092,79.6304,78.4092,78.0577,80.1561,80.0062,79.0000,80.0062,74.0068,77.0065,74.0608,72.1734,74.5453,69.7209,69.7209,66.9104,62.1691,60.8769,60.0833,58.1893,58.5235,56.0803,53.3104,54.1202,50.2494,0.0000,0.0000,0.0000,0.0000,0.0000,0.0000,0.0000,0.0000,0.0000,0.0000,0.0000,0.0000
1700000044.850000,-61.2,68.4471,68.0661,67.6018,67.7422,69.4622,68.2642,68.0661,68.0661,70.0000,69.0290,71.0000,71.1758,71.1758,69.4622,69.2604,72.6911,70.8590,72.3671,69.6348,71.0634,70.6116,73.7631,73.4983,74.0405,75.0000,76.5376,79.4040,80.0062,79.6994,80.0812,76.9220,79.5550,81.2527,79.3095,79.4292,79.2465,76.6551,75.5381,74.1687,69.1809,70.1142,68.0074,68.0074,63.0000,63.0317,60.0750,61.2944,60.4070,56.8858,54.5711,55.0818,52.5547,0.0000,0.0000,0.0000,0.0000,0.0000,0.0000,0.0000,0.0000,0.0000,0.0000,0.0000,0.0000
1700000044.900000,-63.3,68.9493,68.3081,69.3758,69.8570,69.6348,65.7343,67.7422,68.8840,68.7314,69.5845,70.2567,71.1126,72.0278,73.0616,71.0000,74.0270,71.0634,74.1687,74.3303,75.3260,74.2428,74.6726,74.5453,77.2787,77.2787,78.9177,80.6040,82.5651,81.5843,85.1587,81.7435,80.6226,82.7345,81.6150,81.1542,80.1561,79.0569,78.0064,75.0067,74.0068,71.1126,70.1783,68.2642,67.2681,63.5059,61.0000,61.0000,59.6657,57.0088,57.2451,56.0803,53.2353,0.0000,0.0000,0.0000,0.0000,0.0000,0.0000,0.0000,0.0000,0.0000,0.0000,0.0000,0.0000
1700000044.950000,-65.4,65.1920,65.0538,67.2086,67.8970,65.8559,68.1175,65.6049,67.4240,68.8186,68.8186,70.4557,69.8928,69.6419,71.1969,71.1969,71.1126,71.5891,71.1758,70.7743,71.8679,72.8011,73.0548,71.8679,75.2861,75.8947,74.6324,76.9220,81.0432,79.4040,79.1202,78.7464,80.0062,78.4347,79.1202,76.6942,77.8781,76.4853,75.5910,72.0069,71.5891,69.6419,68.2642,66.0379,62.4260,62.6817,58.6003,59.5483,55.9732,57.2800,54.5619,53.4135,51.4004,0.0000,0.0000,0.0000,0.0000,0.0000,0.0000,0.0000,0.0000,0.0000,0.0000,0.0000,0.0000
1700000045.000000,-63.2,68.7677,65.8559,69.3109,66.4680,67.2681,64.4438,67.0075,66.8431,66.4003,69.8928,70.4557,68.2642,71.3442,70.2353,68.0000,71.5891,70.2638,72.9178,70.0071,70.9366,70.3847,71.5122,74.0945,75.5844,75.5844,75.0000,78.8480,79.1202,78.8480,80.7775,79.6994,80.6536,79.3788,80.4114,78.5493,80.2309,75.7694,72.9178,72.0069,70.2140,71.5891,67.1193,68.6003,63.2851,62.4340,60.6053,60.6053,58.2580,55.9732,53.7587,55.2268,51.4004,0.0000,0.0000,0.0000,0.0000,0.0000,0.0000,0.0000,0.0000,0.0000,0.0000,0.0000,0.0000
1700000045.050000,-63.1,68.4763,65.5134,69.0652,67.9559,71.8471,66.6108,67.6240,68.4105,68.8840,70.8378,71.4493,68.6222,70.0928,71.5052,68.1175,74.6525,69.8140,71.2180,70.4557,72.4224,71.5612,74.6257,75.4718,77.4145,76.5376,74.7061,77.4145,80.9506,77.4145,82.7647,78.3901,81.0062,81.6333,78.2304,78.2368,79.6304,76.8440,75.0000,74.0270,72.6223,72.3464,65.8559,67.8970,61.5224,64.3506,58.7282,61.0737,59.8164,60.0000,56.3028,53.0000,49.6588,0.0000,0.0000,0.0000,0.0000,0.0000,0.0000,0.0000,0.0000,0.0000,0.0000,0.0000,0.0000
1700000045.100000,-65.7,66.8431,66.7083,67.8970,67.8970,67.8822,63.6396,66.6033,66.0681,66.8431,68.4105,70.4344,71.0282,71.0282,68.7968,67.7422,72.0694,67.5352,71.1196,70.2140,72.9178,70.6612,73.0069,73.8241,74.4648,76.1577,74.0945,78.1857,78.7718,78.5493,79.3788,79.3095,81.4371,79.7057,76.9415,78.2943,77.8974,76.6616,74.0945,69.3397,69.3397,69.2026,67.6240,67.6240,63.8905,61.7171,59.4138,58.6941,57.3149,55.9732,55.0000,52.6973,50.6063,0.0000,0.0000,0.0000,0.0000,0.0000,0.0000,0.0000,0.0000,0.0000,0.0000,0.0000,0.0000
1700000045.150000,-66.6,69.8140,70.1783,68.6222,72.2496,72.8354,70.0928,70.1783,70.1783,71.7008,71.2180,72.8011,74.0608,74.0608,74.6257,73.5731,76.0592,73.4302,72.5603,72.9178,74.2496,75.1532,75.6439,76.5572,76.6942,80.2309,80.7775,79.8499,82.6378,82.0792,82.2800,81.0247,81.9390,84.1724,81.8413,82.2982,81.4125,78.8923,76.6616,76.5506,75.7166,72.4224,70.8025,70.4344,64.0312,65.2993,62.2896,60.8276,60.8276,61.7171,56.0803,56.4004,53.3385,0.0000,0.0000,0.0000,0.0000,0.0000,0.0000,0.0000,0.0000,0.0000,0.0000,0.0000,0.0000
1700000045.200000,-66.4,65.7647,68.7314,66.4906,69.2315,65.7343,69.8570,66.0984,66.7308,67.0671,63.3246,68.3520,69.3542,68.9420,70.2140,71.1126,68.0955,72.0694,67.7422,71.5612,70.4557,70.7248,73.2393,71.6101,73.8783,74.2024,76.2168,78.1025,77.8010,80.4301,75.4321,79.4040,79.2023,78.4920,78.2368,78.5493,74.3303,76.1577,75.1798,73.7902,73.3553,66.3099,69.8570,65.1920,64.5136,62.2977,57.8705,59.9083,57.2713,56.0892,55.7315,51.1566,53.0000,0.0000,0.0000,0.0000,0.0000,0.0000,0.0000,0.0000,0.0000,0.0000,0.0000,0.0000,0.0000
1700000045.250000,-60.9,67.1789,66.4680,67.8970,67.2086,65.1920,65.2993,66.7083,66.2193,66.4003,68.0074,69.3397,68.7968,69.9714,68.9638,71.1969,69.7782,69.7782,70.6612,70.7743,70.7743,72.0902,72.6154,70.9366,71.7844,74.9466,74.9466,79.4796,78.4347,78.4347,79.3788,79.4796,80.2309,80.1124,79.6053,76.9415,76.9415,76.4788,72.5603,71.8679,71.3442,69.6348,68.4105,65.6049,63.2535,60.2080,57.3149,58.0000,58.0517,56.7274,53.4135,52.2015,50.2494,0.0000,0.0000,0.0000,0.0000,0.0000,0.0000,0.0000,0.0000,0.0000,0.0000,0.0000,0.0000
1700000045.300000,-64.3,68.6586,69.0507,66.9104,68.8840,68.3593,66.2722,67.1193,68.0661,71.0282,68.0000,70.0643,69.1158,71.3442,72.3395,70.2567,71.4493,70.7107,71.8471,70.4060,71.3863,72.5672,74.7329,72.0347,75.2728,74.6324,77.4919,78.7464,81.0432,78.8480,79.8123,80.5233,81.0247,80.8084,80.6040,80.2309,79.4292,76.7919,75.8024,74.4312,72.1734,70.0286,69.0290,68.0074,63.0714,63.0317,59.2115,58.3095,58.8558,54.9181,56.2939,54.1202,53.4883,0.0000,0.0000,0.0000,0.0000,0.0000,0.0000,0.0000,0.0000,0.0000,0.0000,0.0000,0.0000
1700000045.350000,-59.9,72.3395,68.1836,73.0069,68.0074,73.0274,68.0000,71.3442,69.1809,71.3442,71.5681,73.6817,71.7008,74.8131,74.7329,69.6348,76.6551,70.8802,74.7262,72.8011,73.0548,73.3894,78.4347,76.2168,77.6209,78.9240,78.0000,80.6226,81.4371,80.2309,82.8553,79.4796,84.1546,82.8734,84.7585,81.3204,82.0061,79.8123,79.6241,75.5050,74.1485,73.8241,70.8590,71.3442,66.1211,65.1230,63.0079,62.0081,60.0750,61.2046,58.5491,56.2939,55.0818,0.0000,0.0000,0.0000,0.0000,0.0000,0.0000,0.0000,0.0000,0.0000,0.0000,0.0000,0.0000
1700000045.400000,-63.1,66.7608,65.5210,69.6348,66.7083,70.4060,65.9242,67.3647,65.3758,67.2681,68.1175,69.0290,69.0000,69.0290,71.0634,68.0661,72.4431,68.5930,71.4493,70.7107,72.1803,72.0069,71.5891,72.5672,74.7262,76.4003,73.9797,76.9220,78.8480,79.6994,82.0061,78.3390,80.7775,79.3095,77.8781,78.4474,77.2787,75.8024,73.4370,71.3442,68.2642,69.1809,66.1891,66.0681,64.0000,63.0079,60.0083,58.1378,58.4209,58.4209,55.9017,54.1202,51.5461,0.0000,0.0000,0.0000,0.0000,0.0000,0.0000,0.0000,0.0000,0.0000,0.0000,0.0000,0.0000
1700000045.450000,-64.2,67.2012,68.2422,66.0379,69.3397,67.2309,66.7308,67.5352,68.0294,69.3181,68.1542,68.5420,70.9366,71.1688,71.4703,72.1110,71.8401,70.3420,68.6804,71.5891,70.0357,72.1803,75.1332,71.0211,74.8131,76.6551,77.6466,81.6150,78.6384,82.7345,77.6466,77.9295,79.9062,80.0625,80.4114,79.6241,76.4003,77.2010,75.5844,74.3303,73.0548,68.1542,68.5420,66.3099,63.5610,60.8358,59.9416,60.9016,57.4543,57.1402,54.0370,53.8145,52.3259,0.0000,0.0000,0.0000,0.0000,0.0000,0.0000,0.0000,0.0000,0.0000,0.0000,0.0000,0.0000
1700000045.500000,-64.9,67.2086,67.4759,69.0290,68.2495,67.6240,67.6240,67.4240,67.9559,68.7968,68.7968,72.2011,70.6612,71.1196,69.3181,70.2140,71.8679,69.0797,70.0071,71.7844,74.6324,72.1110,72.4224,72.1249,75.4321,76.9220,75.4321,79.5550,81.7435,78.8480,81.2527,79.8123,80.3617,81.2711,77.4919,79.4796,78.9240,77.6209,74.7329,73.3485,71.5891,71.6938,68.4763,68.2642,62.4340,61.8547,59.8164,59.8164,57.3847,58.7282,54.4518,53.8145,51.4004,0.0000,0.0000,0.0000,0.0000,0.0000,0.0000,0.0000,0.0000,0.0000,0.0000,0.0000,0.0000
1700000045.550000,-65.3,66.7308,67.0671,67.2309,70.0071,68.5420,67.1193,65.7647,67.1193,66.7308,66.8880,68.7968,68.8186,69.6348,70.0000,69.8140,70.1783,70.8378,70.0928,70.0071,71.4493,72.8629,72.8629,70.8378,72.4707,74.6525,74.6525,79.8123,79.0253,77.8010,78.2432,78.2432,77.3369,77.8974,79.2465,78.5175,76.3675,75.6637,73.1095,72.3464,70.8378,69.6563,67.6240,68.0074,62.6817,60.4649,57.4543,58.6686,57.7062,55.9017,56.8595,50.9215,50.0000,0.0000,0.0000,0.0000,0.0000,0.0000,0.0000,0.0000,0.0000,0.0000,0.0000,0.0000,0.0000
1700000045.600000,-60.5,68.4105,66.0681,66.6033,67.8970,67.8822,66.4680,67.3573,66.6033,66.8431,68.4105,69.2026,70.0000,70.8025,68.5055,70.7248,73.9256,69.3542,71.6938,69.3181,71.1196,69.3542,73.8241,70.2140,73.5391,74.3236,75.3923,76.3217,77.4726,78.0000,81.3449,76.9675,80.1124,76.4853,77.3692,77.8974,77.0260,73.0616,72.4017,71.5612,69.8928,68.6003,68.4105,67.6240,63.1269,63.0317,58.0000,59.3970,58.0000,58.8982,53.6004,54.0833,50.6063,0.0000,0.0000,0.0000,0.0000,0.0000,0.0000,0.0000,0.0000,0.0000,0.0000,0.0000,0.0000
1700000045.650000,-60.4,64.4981,67.2309,67.0820,66.1891,66.1891,68.4471,68.1542,67.0671,67.6757,66.0984,70.2140,70.6045,69.6348,67.9117,68.6586,69.4262,71.8471,67.8970,72.1734,73.3348,71.2531,74.1687,72.1110,75.0067,75.0000,75.0000,79.0000,77.0000,79.0000,78.0000,79.0063,83.0241,80.0562,77.1622,77.2334,75.3260,76.7919,75.1332,73.1642,70.6116,68.1542,69.1231,65.0000,62.6418,63.5689,57.9396,57.3847,57.7754,54.1202,54.5894,53.2541,50.6063,0.0000,0.0000,0.0000,0.0000,0.0000,0.0000,0.0000,0.0000,0.0000,0.0000,0.0000,0.0000
1700000045.700000,-61.6,68.7314,69.2315,69.6348,69.6348,69.3758,68.9638,70.2140,70.2282,72.4500,71.6938,71.6938,72.9178,72.4500,72.5603,71.1196,74.9466,71.3442,74.0945,73.2393,74.6324,73.8173,77.2010,75.6042,75.9276,80.2808,79.5110,80.1561,82.2192,81.5659,84.3860,81.0555,81.6884,80.4301,81.4002,81.0247,79.8812,78.7718,74.6257,73.9256,72.4707,73.3553,70.2140,71.1758,66.7083,65.0000,61.3514,64.5136,61.1310,59.9083,57.4891,56.7186,54.2310,0.0000,0.0000,0.0000,0.0000,0.0000,0.0000,0.0000,0.0000,0.0000,0.0000,0.0000,0.0000
1700000045.750000,-64.5,67.8970,69.7209,69.3542,71.2531,68.1175,70.0643,68.0000,69.0000,69.0072,70.0643,73.1095,72.2496,71.5681,73.6817,72.9931,73.3485,74.5252,70.8308,73.2462,74.7262,74.0405,75.2861,73.6817,76.5506,78.4347,79.7120,80.4114,80.7775,83.8153,81.2711,83.1685,82.2192,82.8613,81.0432,82.4621,81.0247,79.4292,77.2787,75.8024,74.5453,72.2496,72.1734,68.1836,66.0000,65.0000,62.0081,60.0083,58.3095,57.4282,57.8705,55.5428,53.7587,0.0000,0.0000,0.0000,0.0000,0.0000,0.0000,0.0000,0.0000,0.0000,0.0000,0.0000,0.0000
1700000045.800000,-64.3,71.3442,72.3395,69.7209,69.7209,71.3863,69.4262,69.6348,70.6116,71.1688,71.1688,71.1688,72.8011,72.8011,72.0902,71.6938,73.8241,75.1532,71.1196,72.5603,76.5376,74.3034,74.4312,74.4312,76.5506,78.4920,77.9359,80.9938,81.2711,82.0975,80.9938,82.6801,82.1523,84.5991,79.6492,82.7647,80.0625,78.2943,78.2943,74.7329,75.7694,71.1688,70.8378,70.2140,65.8027,64.0312,61.0000,61.8142,60.8276,58.2151,58.1378,57.0351,56.0803,0.0000,0.0000,0.0000,0.0000,0.0000,0.0000,0.0000,0.0000,0.0000,0.0000,0.0000,0.0000
1700000045.850000,-58.7,66.7083,67.4463,68.6222,66.4078,68.0074,66.4831,69.0797,66.6408,67.9779,69.3181,70.2140,72.0694,67.7422,71.0211,68.7968,71.6101,70.0000,71.4003,70.8378,71.5891,71.5891,72.2496,72.9178,73.5391,75.6637,75.6637,77.1038,79.9062,77.0779,79.2086,79.9312,80.6226,80.7217,79.3095,80.9197,78.2432,75.0000,74.0608,71.8471,71.5612,70.4911,68.2642,67.1193,65.2993,60.8276,59.0339,60.0083,57.9396,57.5674,54.8179,54.1295,53.6004,0.0000,0.0000,0.0000,0.0000,0.0000,0.0000,0.0000,0.0000,0.0000,0.0000,0.0000,0.0000
1700000045.900000,-59.4,69.3397,66.3702,66.7308,68.4763,68.0000,67.9779,68.1542,67.4166,69.2892,71.5122,70.5195,70.2140,72.1249,69.3758,70.8308,72.9931,71.1969,71.7008,71.5681,73.2462,72.3395,74.1687,73.1710,75.0600,75.0600,76.0066,79.0000,80.0062,79.0000,82.0000,79.1012,79.0569,79.1581,79.2275,79.5110,79.6304,78.2624,75.5050,74.5252,70.6116,71.8053,68.1542,68.4105,66.0984,61.6847,59.8080,61.3270,59.6154,59.0339,55.0727,55.7584,52.2015,0.0000,0.0000,0.0000,0.0000,0.0000,0.0000,0.0000,0.0000,0.0000,0.0000,0.0000,0.0000
1700000045.950000,-59.8,71.4213,66.4831,71.4003,68.2495,71.0634,67.2012,69.8928,68.7968,68.9638,72.7186,72.5603,72.4500,72.4500,72.0139,71.6938,73.7360,72.1110,73.7360,71.1688,72.4224,73.0821,75.4321,75.0000,78.1025,78.8543,76.4003,80.2309,84.1724,79.4292,85.5102,80.6040,81.7863,82.0000,81.0432,80.7775,81.6088,78.1089,76.3217,74.3236,69.4622,73.5391,68.5420,72.4707,65.7647,63.5295,62.6498,61.5873,59.9083,60.0000,57.4891,56.5862,50.9902,0.0000,0.0000,0.0000,0.0000,0.0000,0.0000,0.0000,0.0000,0.0000,0.0000,0.0000,0.0000
1700000046.000000,-63.5,67.2086,69.5270,71.0634,71.4003,70.0000,69.2026,70.1783,70.4911,71.3442,71.6938,72.5603,73.7902,75.5844,73.8241,74.3236,72.2357,73.7360,71.5122,73.6817,75.2861,73.3757,75.6902,77.2010,77.3692,79.5550,78.3390,81.0247,81.4923,84.1724,82.9759,83.6780,84.2021,82.2800,82.8613,82.2192,80.9938,79.8499,78.3901,74.7329,74.7329,74.6860,71.1196,71.1969,63.6318,65.7343,61.2944,60.6053,59.8164,58.7963,57.9828,57.3149,53.4135,0.0000,0.0000,0.0000,0.0000,0.0000,0.0000,0.0000,0.0000,0.0000,0.0000,0.0000,0.0000
1700000046.050000,-63.2,65.0692,65.7647,64.4438,64.4438,65.2993,63.4114,64.2028,65.4599,64.6375,67.1193,69.1158,67.7422,65.7647,67.0820,67.5352,68.1542,67.7791,68.3520,68.9493,68.9638,70.8378,70.8802,70.6045,75.9276,72.2772,73.0069,76.4853,76.4853,76.6877,76.6877,75.7100,76.1577,77.6209,75.0000,76.9220,74.6324,74.9466,73.3894,70.5762,67.4166,68.0294,66.7083,64.8460,61.7171,59.9416,56.9386,57.9828,55.7584,56.0357,53.4135,49.6790,49.5177,0.0000,0.0000,0.0000,0.0000,0.0000,0.0000,0.0000,0.0000,0.0000,0.0000,0.0000,0.0000
1700000046.100000,-61.0,66.1287,68.7095,69.3542,68.9420,67.0820,66.6483,67.2309,68.7968,70.7248,69.6348,68.7968,69.2026,72.2011,72.0069,69.5270,71.5052,72.8629,71.4493,72.8629,71.4493,72.8629,74.3303,73.1095,74.5185,77.3369,76.2168,77.8010,78.6003,81.0555,80.2808,78.2432,81.5659,79.3095,80.6226,79.1960,75.6637,76.4199,75.8222,73.4098,74.6525,69.2026,70.8025,67.2012,64.6375,63.6318,60.9016,59.9416,59.9333,56.8595,55.5428,53.7587,52.3927,0.0000,0.0000,0.0000,0.0000,0.0000,0.0000,0.0000,0.0000,0.0000,0.0000,0.0000,0.0000
1700000046.150000,-61.2,71.4003,71.4003,71.7008,72.3464,70.1783,70.7248,69.3109,72.1249,72.8354,70.9366,72.6223,72.8011,75.2130,74.6257,73.2393,75.2928,75.2928,73.5731,74.3034,74.7061,75.5910,79.6053,75.1532,79.8499,81.1542,80.7775,85.2350,83.3847,86.3771,82.6378,83.6720,85.9069,86.3134,82.2982,83.1865,80.5295,81.4125,79.4040,77.5242,76.5506,73.0069,73.4098,69.8140,66.7083,63.7809,63.7024,62.2254,59.4643,59.4643,58.2580,55.2178,55.7584,0.0000,0.0000,0.0000,0.0000,0.0000,0.0000,0.0000,0.0000,0.0000,0.0000,0.0000,0.0000
1700000046.200000,-62.9,67.1863,69.7209,66.9104,68.5930,69.0507,68.2495,69.1231,69.1231,69.6419,67.0522,69.5701,71.8679,71.8679,72.2357,73.5391,70.2638,74.2496,69.3181,72.2011,72.0694,72.9452,73.2462,72.7186,75.4520,74.8866,79.8812,80.4487,77.9359,79.6304,79.3221,79.9250,80.9938,81.9878,80.6226,80.0625,76.4788,76.9220,75.2396,72.6154,74.8465,70.5195,70.5195,67.0522,64.5601,62.0967,60.2080,59.2284,59.5399,58.3095,56.3205,55.0000,53.0377,0.0000,0.0000,0.0000,0.0000,0.0000,0.0000,0.0000,0.0000,0.0000,0.0000,0.0000,0.0000
1700000046.250000,-59.4,66.6108,64.7765,68.0661,66.4906,68.2495,65.7343,65.2533,66.4831,67.7200,68.9493,68.3520,69.4622,69.4622,69.3181,71.1126,69.7711,68.9638,70.2353,71.3442,73.0616,73.0616,73.7835,72.1110,74.2024,75.0000,72.8011,78.6003,77.6660,78.2368,79.4040,77.4209,80.4487,79.9250,78.8923,77.8974,79.6492,73.4302,72.0139,71.5891,70.7743,69.6419,66.7308,67.3573,63.8905,59.6657,59.2284,58.8558,58.8558,57.4282,55.2268,53.0094,51.0392,0.0000,0.0000,0.0000,0.0000,0.0000,0.0000,0.0000,0.0000,0.0000,0.0000,0.0000,0.0000
1700000046.300000,-59.4,68.9493,66.1287,68.9420,68.1542,70.2140,64.8460,66.6483,66.2420,69.4622,68.7968,69.8928,71.6101,70.0000,72.6223,69.0290,71.5891,70.1783,70.8378,70.7107,72.8629,72.8629,73.5391,74.2496,76.4199,76.4199,75.0733,79.3977,82.3286,78.5684,80.8084,77.1038,80.6226,80.6226,81.3941,79.9812,78.7464,75.9276,73.8783,74.8131,71.6101,72.1110,67.9559,68.2642,62.7694,61.7738,60.8358,60.0083,59.0931,56.6480,53.7587,54.1202,50.0100,0.0000,0.0000,0.0000,0.0000,0.0000,0.0000,0.0000,0.0000,0.0000,0.0000,0.0000,0.0000
1700000046.350000,-59.2,66.7083,66.4906,67.6018,68.7314,68.4690,68.3593,69.0072,68.0074,68.0000,70.0000,70.0000,70.0286,72.1110,70.4557,70.3491,72.0069,72.1803,71.5891,69.6348,72.2772,72.2772,73.3757,72.2772,74.0405,75.5844,76.2168,78.5493,78.7464,77.4919,79.3788,78.7464,80.3243,79.4040,79.6994,77.6209,79.5550,76.1183,75.9539,73.6817,70.7107,69.5845,68.1836,68.1836,64.1950,63.0317,61.0082,59.0085,58.0000,57.2189,53.7587,52.9528,52.8867,0.0000,0.0000,0.0000,0.0000,0.0000,0.0000,0.0000,0.0000,0.0000,0.0000,0.0000,0.0000
1700000046.400000,-62.2,64.4748,65.5515,67.0671,65.7875,67.7200,63.3246,66.7083,66.2873,66.4906,68.2495,67.8970,70.4557,68.3593,68.1836,66.1211,71.0070,68.0000,71.0000,68.0294,70.0643,71.0282,71.1126,72.1110,73.4370,75.4255,71.4493,75.4255,80.5047,76.6551,80.3990,75.4255,77.4145,78.1601,78.1025,76.0263,79.0063,76.0000,74.0270,71.0282,68.1836,68.4690,64.3817,68.4690,61.1882,61.1882,59.4390,57.7235,57.9741,56.6127,56.0803,52.8015,49.6488,0.0000,0.0000,0.0000,0.0000,0.0000,0.0000,0.0000,0.0000,0.0000,0.0000,0.0000,0.0000
1700000046.450000,-63.4,64.7765,67.4759,66.1891,69.2604,67.1193,68.0661,67.0000,68.0074,68.0294,67.2681,68.1836,69.7209,70.0357,70.2140,70.0357,69.2315,71.5891,69.6348,71.8401,71.1688,71.1688,71.7844,71.5122,73.7360,75.6108,75.7694,79.3095,75.9605,81.1542,77.4726,79.4796,80.3243,78.4347,78.4347,76.9220,76.9220,76.6551,75.1864,71.5891,71.3863,68.7314,67.4759,67.6018,63.1981,63.1981,59.0085,60.0000,58.0000,55.0364,56.1427,53.6004,51.9711,0.0000,0.0000,0.0000,0.0000,0.0000,0.0000,0.0000,0.0000,0.0000,0.0000,0.0000,0.0000
1700000046.500000,-60.0,65.0000,65.7875,65.7875,69.9214,64.2884,65.9697,67.2681,66.2873,64.7765,64.7765,65.9242,69.4622,70.1783,68.1836,71.0634,69.0000,71.0000,67.0000,71.1126,70.1783,71.1126,71.4493,68.2642,71.4493,74.6726,74.9667,79.0759,77.1038,79.0759,77.1038,80.7527,78.0897,77.5242,76.2365,78.3135,76.1052,74.0270,75.0000,73.0069,73.0274,65.1230,67.0671,63.2851,64.1950,62.5140,57.7062,59.2284,58.0517,55.3624,55.3624,53.4883,50.0899,0.0000,0.0000,0.0000,0.0000,0.0000,0.0000,0.0000,0.0000,0.0000,0.0000,0.0000,0.0000
1700000046.550000,-62.5,71.6101,69.3397,73.5731,72.0694,72.4707,71.1196,71.5542,71.1126,72.4983,74.8465,73.0069,73.7360,75.2728,76.8440,73.0821,77.3692,73.0069,76.9025,75.3127,77.1038,76.9415,78.5175,77.9295,79.7621,81.8841,80.5047,81.4985,84.4808,84.2912,85.3756,82.7345,84.8528,86.3134,84.3445,84.9294,81.2527,80.7775,80.9568,78.7464,75.9605,75.6108,72.4500,73.0069,68.4471,66.2118,64.4981,61.4003,61.9112,60.7454,58.4123,57.3847,55.1725,0.0000,0.0000,0.0000,0.0000,0.0000,0.0000,0.0000,0.0000,0.0000,0.0000,0.0000,0.0000
1700000046.600000,-64.3,71.8679,70.2140,71.1688,69.9214,69.2604,69.8570,69.4262,69.8713,71.7008,71.4493,72.4431,73.0616,73.0616,74.0000,74.0000,74.0270,73.0274,73.1710,73.1710,74.6726,74.4312,74.8131,75.8024,77.4661,79.4292,78.8543,81.2527,83.9524,82.0000,82.7647,82.3772,83.5464,84.1724,82.3772,82.6075,79.5110,80.3990,77.1622,76.1052,75.1066,73.0000,70.0071,70.0000,66.0000,66.1891,62.2013,62.6498,60.6712,58.6941,59.2284,57.0088,52.9245,0.0000,0.0000,0.0000,0.0000,0.0000,0.0000,0.0000,0.0000,0.0000,0.0000,0.0000,0.0000
1700000046.650000,-61.1,69.7782,67.5352,72.2011,70.7107,71.3442,69.6419,69.6348,70.2140,70.8025,70.0000,70.4344,72.2496,74.3303,72.8629,72.1388,73.6614,72.2496,72.9178,73.8783,74.6525,74.6525,76.4003,76.2168,78.2368,80.2122,77.4209,78.2368,82.6620,82.9277,83.2166,81.0247,81.4002,83.8689,82.4621,82.3286,82.1340,79.2465,76.3806,74.9533,73.5527,72.1803,70.8378,71.0634,67.6240,64.4050,61.8547,60.2080,61.4003,59.0593,58.1808,56.4624,53.1601,0.0000,0.0000,0.0000,0.0000,0.0000,0.0000,0.0000,0.0000,0.0000,0.0000,0.0000,0.0000
1700000046.700000,-63.7,66.2873,63.6396,67.3647,67.2681,67.1863,65.1230,67.0075,67.0075,67.0075,69.0072,67.0075,70.0643,69.2604,67.4759,67.4759,71.0211,68.2495,68.2495,69.1231,70.0928,71.0634,70.6045,72.2772,71.4703,74.0405,72.4224,74.9466,80.0062,78.4474,80.0062,77.2010,75.9605,78.1025,77.8781,77.1298,75.5050,77.1038,72.4431,71.4493,67.2681,69.1158,67.0075,66.0303,62.0081,60.0000,58.0775,58.3095,57.5587,54.9181,53.1507,53.1601,52.9245,0.0000,0.0000,0.0000,0.0000,0.0000,0.0000,0.0000,0.0000,0.0000,0.0000,0.0000,0.0000
1700000046.750000,-59.9,65.8559,63.7809,67.6240,64.6607,68.0074,64.0703,65.4599,66.5733,66.2873,68.4763,68.4763,67.0820,68.5420,69.0797,68.1542,73.1642,66.7308,68.9493,68.9638,70.6045,70.8802,72.2772,70.0928,73.3485,74.1485,72.3671,76.1183,78.4474,75.3127,78.2624,76.4853,78.8543,77.1298,76.9220,77.4919,77.4919,72.4224,72.1110,72.8011,67.7791,68.5420,65.3070,65.3070,59.9333,60.4152,58.8303,57.1402,56.8595,55.8032,53.4135,53.0754,48.8365,0.0000,0.0000,0.0000,0.0000,0.0000,0.0000,0.0000,0.0000,0.0000,0.0000,0.0000,0.0000
1700000046.800000,-62.6,69.5270,69.4262,70.0357,71.4213,70.0357,67.2086,70.1783,71.2180,73.4098,71.6101,73.0069,70.1783,72.2011,72.2011,72.5603,75.1332,72.4500,74.6860,73.1642,75.7694,74.4648,73.1642,75.0267,79.4040,78.1089,77.4919,81.6088,82.8613,82.2800,82.2800,82.2192,82.5409,82.8734,83.2166,81.1542,80.2309,78.2943,76.4788,75.5910,73.7902,73.9256,70.7107,72.2011,67.4166,62.9682,62.8013,62.4820,59.0339,58.0000,57.2800,56.6392,52.8015,0.0000,0.0000,0.0000,0.0000,0.0000,0.0000,0.0000,0.0000,0.0000,0.0000,0.0000,0.0000
1700000046.850000,-65.2,65.3911,65.2993,65.7647,66.6483,66.7308,67.1193,66.5733,65.2150,65.4599,69.4046,68.6003,69.6563,68.8840,68.6804,67.2681,70.7248,67.8970,70.0357,68.6222,69.5270,70.8378,70.9366,70.9366,72.2011,74.6525,73.0069,75.0000,76.2168,77.8010,77.8010,75.4321,77.6209,78.7464,77.1038,77.1038,76.3806,74.9667,71.5052,70.8378,70.2922,68.4105,66.6108,66.6108,60.4649,61.2944,57.9828,61.4003,58.1378,56.3649,53.8516,52.4976,50.4480,0.0000,0.0000,0.0000,0.0000,0.0000,0.0000,0.0000,0.0000,0.0000,0.0000,0.0000,0.0000
1700000046.900000,-62.5,69.0507,69.0507,69.0507,69.6348,70.0928,67.1863,68.9638,68.6222,69.8928,70.0071,71.3092,72.0139,72.0139,72.0139,71.1196,73.0616,72.2011,73.0616,70.1783,72.4224,75.1665,75.7166,74.6324,76.2168,77.8010,79.0253,79.2023,81.0555,80.4301,84.4038,80.0000,83.2346,82.0975,80.4550,81.8352,82.4924,78.3901,75.6637,73.7902,75.5844,73.5391,69.0797,71.8679,65.1920,63.5689,62.0967,59.9083,59.4390,59.0339,58.5491,54.1479,51.0000,0.0000,0.0000,0.0000,0.0000,0.0000,0.0000,0.0000,0.0000,0.0000,0.0000,0.0000,0.0000
1700000046.950000,-59.3,68.0074,69.0000,68.2642,70.1783,70.1783,66.1891,68.8840,69.0507,68.2495,68.8840,70.6116,67.1863,71.8401,70.5195,71.7844,72.1110,70.5762,68.7095,73.0069,72.0069,71.5542,72.8972,72.0069,76.1577,75.6637,78.7718,78.5493,79.2591,79.7559,81.4923,81.4125,80.5295,80.5295,79.1581,78.2943,77.0779,78.7718,75.2728,74.6324,70.8802,71.3092,69.9214,67.1863,65.3070,62.5859,60.0167,58.4209,58.3095,58.0345,57.0000,55.0818,51.2445,0.0000,0.0000,0.0000,0.0000,0.0000,0.0000,0.0000,0.0000,0.0000,0.0000,0.0000,0.0000
1700000047.000000,-62.3,68.7314,68.7314,68.3593,69.3542,69.1158,69.1158,69.0072,69.0072,69.0000,69.0652,72.1734,72.1734,71.5681,72.6911,70.8590,74.3303,73.7564,72.0347,71.8401,73.0069,74.7262,75.2861,75.9605,77.8332,76.8960,77.4919,79.8499,81.1542,81.3449,83.2166,82.5409,82.2192,82.5651,81.7435,79.1202,80.5233,78.8543,76.4853,77.1038,72.1803,74.5453,70.4557,69.2604,65.1230,63.0714,61.0000,62.0081,58.0775,58.1378,56.5685,54.9181,51.9230,0.0000,0.0000,0.0000,0.0000,0.0000,0.0000,0.0000,0.0000,0.0000,0.0000,0.0000,0.0000
1700000047.050000,-60.8,64.8151,65.2150,69.3397,65.4599,66.3702,67.2309,65.7647,66.2118,66.6408,68.5420,68.1542,68.7095,69.2892,68.3081,67.3573,70.8802,70.0928,66.9403,69.6348,71.3863,70.8590,71.7008,69.7209,73.4370,72.5603,74.5453,76.1643,76.2365,78.3135,77.5242,75.5381,79.6304,79.7621,76.1183,76.4853,75.5050,77.1298,73.2462,71.1688,68.6804,68.0074,67.4166,64.8460,62.7694,60.0083,59.0339,57.2451,55.9464,55.2268,53.2541,52.8015,50.9902,0.0000,0.0000,0.0000,0.0000,0.0000,0.0000,0.0000,0.0000,0.0000,0.0000,0.0000,0.0000
1700000047.100000,-57.8,70.0357,67.7422,70.5762,69.7209,71.4493,69.1809,69.2604,71.1758,71.0070,73.0000,73.0616,74.1080,73.3348,70.5762,69.1809,74.6726,70.8590,74.8131,72.5672,74.5252,75.5050,74.5252,75.7100,77.2010,78.4474,76.9220,81.0432,81.3204,80.0812,81.7435,81.7435,83.7437,83.5464,82.0366,80.0625,80.8950,79.9062,77.3175,74.1687,74.1687,74.0270,70.0000,71.0000,67.0671,64.0703,58.3095,61.2944,59.0339,58.0517,55.7853,55.3624,51.2640,0.0000,0.0000,0.0000,0.0000,0.0000,0.0000,0.0000,0.0000,0.0000,0.0000,0.0000,0.0000
1700000047.150000,-58.8,67.2309,65.0000,66.4078,66.7308,64.8460,65.0000,68.4471,66.2873,65.9242,67.6018,67.7422,69.3542,70.2567,67.1193,70.0286,69.0000,70.0000,70.0000,69.1158,71.2531,70.2567,71.4493,70.4557,72.0069,76.6551,76.1183,76.2955,77.1038,78.4474,77.2787,77.6466,78.7718,76.6551,75.5381,76.4199,76.1643,75.1665,71.0070,71.0000,70.0071,69.0000,67.0075,67.1193,62.1289,61.2046,56.5685,57.7062,57.7062,54.5711,55.3624,52.4976,49.7695,0.0000,0.0000,0.0000,0.0000,0.0000,0.0000,0.0000,0.0000,0.0000,0.0000,0.0000,0.0000
1700000047.200000,-58.4,64.8151,66.4003,67.4166,67.1193,67.9559,66.7308,65.7647,67.5352,67.0820,68.4471,68.9420,68.5420,69.2892,69.5701,69.2892,70.3420,70.6045,70.6045,69.8570,70.6116,69.4262,72.0069,72.0069,74.8131,75.6637,75.6637,76.6551,77.6466,79.9062,79.7621,77.4661,80.4114,80.4114,78.1025,79.5550,76.9220,76.9220,73.6817,72.1110,68.3520,70.0071,68.1542,65.3911,63.5610,60.8276,59.5399,59.6825,57.1402,57.8014,55.3173,53.8145,50.9902,0.0000,0.0000,0.0000,0.0000,0.0000,0.0000,0.0000,0.0000,0.0000,0.0000,0.0000,0.0000
1700000047.250000,-65.2,67.2309,68.8767,68.8840,67.1193,68.6003,66.2420,68.5055,69.0652,68.0074,69.6348,68.4105,69.6563,69.5270,72.1803,71.5052,72.1803,69.2965,70.0071,73.0000,72.4707,72.9178,73.1095,75.1665,74.4043,77.6209,75.6042,77.8010,80.0000,80.0000,79.2023,78.8733,80.9197,80.9197,79.3095,79.3095,79.2086,74.9533,73.0000,74.4110,70.1783,71.2180,68.2495,68.0074,61.8547,61.2944,59.3633,60.9016,58.1378,55.9464,53.8516,53.7587,52.6308,0.0000,0.0000,0.0000,0.0000,0.0000,0.0000,0.0000,0.0000,0.0000,0.0000,0.0000,0.0000
1700000047.300000,-64.0,65.1920,65.8559,64.3506,66.4680,65.0692,65.7647,65.2993,64.6607,65.4370,66.4003,67.4240,67.9559,66.8880,67.2309,68.6003,67.5352,68.4251,67.0820,68.9420,69.3542,69.3542,68.9493,68.0074,71.7844,71.7844,74.0000,77.1622,76.5376,78.4347,77.4919,78.7718,78.7718,78.4347,76.1577,74.3236,74.7329,73.8241,72.0069,70.7107,69.9714,67.7422,67.4166,63.8201,63.2456,58.2495,58.4123,57.4891,54.4885,54.4885,52.3450,51.8556,51.0392,0.0000,0.0000,0.0000,0.0000,0.0000,0.0000,0.0000,0.0000,0.0000,0.0000,0.0000,0.0000
1700000047.350000,-60.3,66.4680,64.3817,65.1920,65.1153,65.8559,63.0317,64.5368,66.2193,66.4003,67.1193,67.4166,67.7422,67.7422,68.8840,67.1193,70.2140,68.9420,67.2309,69.3542,68.5420,68.5420,72.8011,70.2282,71.4703,72.4224,73.0821,77.7946,78.7464,75.5844,77.7946,75.6108,78.5493,77.0779,76.5572,75.6439,74.7329,73.3485,72.0694,71.6938,70.8308,68.2642,66.2873,64.6375,61.4003,60.4401,57.3847,58.0000,56.5862,55.2268,53.2635,52.6308,50.2494,0.0000,0.0000,0.0000,0.0000,0.0000,0.0000,0.0000,0.0000,0.0000,0.0000,0.0000,0.0000
1700000047.400000,-65.5,67.6831,66.7083,68.9638,67.3573,69.5701,66.4078,68.7095,69.0797,69.3542,69.7782,71.1758,71.5542,72.9452,70.4911,68.6003,72.6705,70.4557,71.8471,73.4098,72.8011,73.2393,71.7008,73.4098,75.9276,76.5768,76.5768,78.6448,80.7217,78.5684,80.9197,80.2808,82.4621,81.0555,78.6003,78.2368,80.1561,77.3886,73.0616,73.8241,71.6938,71.1196,68.4251,69.3542,64.4748,62.3939,59.8080,60.7289,57.0088,57.9741,56.8858,55.3263,51.0392,0.0000,0.0000,0.0000,0.0000,0.0000,0.0000,0.0000,0.0000,0.0000,0.0000,0.0000,0.0000
1700000047.450000,-64.5,67.0000,67.0298,66.0681,68.1836,67.2681,68.4690,65.9242,67.0820,67.2681,66.2193,70.3420,68.3081,70.2140,69.2892,69.5701,69.6419,68.9420,69.4622,73.8241,71.1126,72.0139,72.8972,71.1196,75.2928,74.7930,75.6637,78.5493,78.3901,80.7775,79.4040,79.7559,79.6492,80.9506,80.4984,77.4726,75.2396,74.8465,74.0945,73.6817,70.8378,67.7200,68.4105,66.7083,64.5368,62.1691,58.8558,59.5399,56.2228,56.0803,55.0091,53.0000,51.2445,0.0000,0.0000,0.0000,0.0000,0.0000,0.0000,0.0000,0.0000,0.0000,0.0000,0.0000,0.0000
