host_timestamp,rssi,amp_0,amp_1,amp_2,amp_3,amp_4,amp_5,amp_6,amp_7,amp_8,amp_9,amp_10,amp_11,amp_12,amp_13,amp_14,amp_15,amp_16,amp_17,amp_18,amp_19,amp_20,amp_21,amp_22,amp_23,amp_24,amp_25,amp_26,amp_27,amp_28,amp_29,amp_30,amp_31,amp_32,amp_33,amp_34,amp_35,amp_36,amp_37,amp_38,amp_39,amp_40,amp_41,amp_42,amp_43,amp_44,amp_45,amp_46,amp_47,amp_48,amp_49,amp_50,amp_51,amp_52,amp_53,amp_54,amp_55,amp_56,amp_57,amp_58,amp_59,amp_60,amp_61,amp_62,amp_63
1700000000.000000,-62.0,83.2406,79.5550,82.5651,81.2527,81.5843,79.0759,80.7527,81.3941,80.5047,81.3019,85.2115,84.0536,86.0523,85.0059,84.0536,86.0233,86.0233,85.0529,84.0952,87.0517,86.0930,86.1452,87.1436,90.4489,88.3629,90.3549,91.4440,93.1933,92.1954,93.1933,90.0222,92.0489,93.0054,90.0056,88.0057,87.1436,86.2090,82.2192,82.4924,79.6304,78.9177,74.9667,75.3127,69.2315,70.6116,66.9403,67.4463,66.4078,68.0074,65.5515,66.7083,63.5295,0.0000,0.0000,0.0000,0.0000,0.0000,0.0000,0.0000,0.0000,0.0000,0.0000,0.0000,0.0000
1700000000.050000,-62.5,86.9770,84.8999,87.8635,87.8635,87.9659,84.0238,87.2009,86.8389,88.7525,90.2109,89.5879,89.6939,91.4166,90.9175,89.0674,91.6788,90.3383,91.2414,91.2853,93.5201,93.5201,94.9368,95.3415,96.3846,98.0867,94.9368,97.4987,99.5389,98.0867,99.9250,95.7549,99.3177,99.2824,97.0618,94.4140,94.5145,91.9239,90.4268,88.4816,85.4459,83.8153,81.4002,81.4002,74.8131,74.6525,73.1095,73.6614,72.8629,72.8354,71.5891,69.2026,67.6757,0.0000,0.0000,0.0000,0.0000,0.0000,0.0000,0.0000,0.0000,0.0000,0.0000,0.0000,0.0000
1700000000.100000,-61.7,82.1523,83.3847,82.6075,85.5862,83.0241,81.5843,82.0000,82.7103,83.6780,84.7703,87.2812,84.4334,86.9770,86.7295,88.0227,87.8465,87.3212,86.4060,89.8999,88.5494,89.0000,89.8944,87.6584,92.6607,92.1792,92.2822,93.6483,94.4140,95.3834,92.2822,91.6788,95.7131,93.9415,90.8020,91.9239,89.1572,87.4643,85.0941,84.4334,82.8734,78.4474,77.2010,77.2010,73.7631,72.8011,69.1231,70.8308,68.8840,67.7422,67.3647,66.0681,65.0077,0.0000,0.0000,0.0000,0.0000,0.0000,0.0000,0.0000,0.0000,0.0000,0.0000,0.0000,0.0000
1700000000.150000,-60.7,81.8841,83.3547,80.9938,80.9938,80.9938,79.4040,81.0555,81.0555,84.3860,84.9588,84.9588,86.3134,86.2786,86.9770,86.9770,88.4590,87.1149,86.3713,85.7963,87.2066,88.0909,90.2718,88.8651,90.6035,91.2140,90.4434,93.0054,94.2019,93.2363,92.6175,90.1388,91.5478,92.1954,89.2749,90.6090,87.7269,87.6812,84.8646,83.5464,82.0731,78.7464,78.1025,76.8375,72.4707,72.0069,70.0000,70.2140,68.7968,69.6419,67.5352,67.0820,65.3911,0.0000,0.0000,0.0000,0.0000,0.0000,0.0000,0.0000,0.0000,0.0000,0.0000,0.0000,0.0000
1700000000.200000,-59.0,81.2158,80.0625,79.5110,81.6150,81.3941,79.2275,81.1542,79.1581,83.0542,81.0000,83.0542,84.1487,85.2115,84.3801,85.2878,85.5862,85.7088,83.7257,85.0000,86.7006,86.5794,87.1321,86.9770,88.0738,89.8220,89.4427,92.7631,91.7823,91.7823,91.7823,91.9239,91.7878,91.3510,88.2043,90.1998,87.1436,87.3670,83.0963,81.0062,79.0000,78.0256,76.0066,75.0600,73.1095,69.1809,68.5930,67.6018,67.0820,66.4906,64.5368,66.4831,62.0322,0.0000,0.0000,0.0000,0.0000,0.0000,0.0000,0.0000,0.0000,0.0000,0.0000,0.0000,0.0000
1700000000.250000,-60.5,81.8352,80.8022,79.8812,83.0060,79.8812,81.3019,80.7775,80.6226,81.8841,82.7647,85.4225,84.5281,85.0882,86.0058,86.8159,84.5044,87.6641,84.1546,87.9204,86.6487,87.3155,87.5957,85.7030,88.8876,90.1388,89.8443,90.8020,90.1388,94.2550,89.1852,91.0824,92.3580,90.2497,86.5390,89.0505,85.0000,87.2066,85.0000,81.1234,81.8841,76.3217,76.3217,73.7835,73.4983,71.2811,68.8186,69.0290,67.3573,65.8559,66.4831,65.1153,65.4370,0.0000,0.0000,0.0000,0.0000,0.0000,0.0000,0.0000,0.0000,0.0000,0.0000,0.0000,0.0000
1700000000.300000,-64.9,81.5843,80.8950,83.4865,81.4985,83.3847,80.1561,83.0241,80.0562,83.0060,84.0000,86.0058,85.0235,86.1452,87.2812,84.2912,88.8144,84.0119,87.1321,86.3134,87.2983,88.9550,87.3212,87.4757,90.0278,89.8220,89.8220,90.4710,94.5939,92.4175,95.3415,92.3959,93.9415,92.2280,92.0706,90.6697,88.4590,86.2844,83.1505,83.0542,80.0250,82.0549,75.0267,77.0065,72.0278,72.0278,68.0661,67.1193,69.1809,68.5930,66.0984,65.9697,64.1950,0.0000,0.0000,0.0000,0.0000,0.0000,0.0000,0.0000,0.0000,0.0000,0.0000,0.0000,0.0000
1700000000.350000,-62.4,86.3713,84.6463,86.0523,84.8116,85.2115,83.4865,84.0595,85.9593,86.3539,88.6848,87.7097,89.8944,89.8944,89.0000,88.5664,92.4770,88.6002,89.3196,91.7606,92.3580,92.6984,92.9731,94.2444,93.6056,96.1353,95.5092,96.1665,97.7190,96.1353,97.7190,95.5196,96.7988,96.5660,94.7048,94.9368,93.9415,91.2360,87.7097,86.4523,84.5991,84.2199,79.0759,79.6116,75.1665,74.3303,72.4224,72.2011,71.7008,72.9178,70.0071,67.9412,68.1175,0.0000,0.0000,0.0000,0.0000,0.0000,0.0000,0.0000,0.0000,0.0000,0.0000,0.0000,0.0000
1700000000.400000,-65.4,83.8153,81.9085,81.9329,85.7030,82.6378,83.7735,83.6720,83.6481,84.0773,84.5991,89.0674,87.8180,87.1321,88.5099,87.6641,89.8721,90.2109,86.6083,90.4268,89.2020,89.0225,89.6437,88.8651,92.8493,91.5478,91.5478,94.2603,95.1315,96.5401,93.6056,94.0213,95.4254,93.0054,91.6079,92.9139,89.8721,89.3588,87.4643,85.0882,81.4923,80.0625,81.8413,76.9220,74.2496,72.4500,69.4622,72.2357,69.5701,69.5701,69.3758,65.5134,66.6108,0.0000,0.0000,0.0000,0.0000,0.0000,0.0000,0.0000,0.0000,0.0000,0.0000,0.0000,0.0000
1700000000.450000,-65.4,84.2199,81.8352,84.6286,82.9277,84.2021,82.6196,84.2912,82.8070,83.4865,85.5862,87.0460,87.6812,88.3912,85.7030,86.4523,87.4586,87.6185,87.0057,88.0057,89.8721,90.2109,89.8721,90.4434,92.0869,92.6553,92.0869,91.9239,94.0319,93.1933,95.4149,93.4773,94.5780,93.8136,91.0220,89.2020,89.6437,87.8635,86.3134,84.8999,79.9312,79.9062,77.7946,77.7817,73.5391,72.8354,70.0928,70.0928,70.2922,69.2026,67.9559,65.0000,63.9531,0.0000,0.0000,0.0000,0.0000,0.0000,0.0000,0.0000,0.0000,0.0000,0.0000,0.0000,0.0000
1700000000.500000,-59.8,86.9770,83.9345,84.9294,83.9524,86.4928,83.3607,86.5794,85.4751,85.2878,87.3670,88.3629,89.1403,90.0888,89.0056,88.0000,89.0898,88.0511,90.0500,88.2043,91.2688,91.2688,91.4440,91.2688,91.5478,93.4345,92.4392,93.9042,94.6414,94.5304,97.6217,92.1954,95.2575,94.1329,93.0215,93.0484,91.0000,90.0222,86.1452,83.2947,82.2982,81.3019,78.3135,80.6226,73.6817,73.5527,73.8241,71.3863,70.6116,70.3420,69.5701,67.7791,65.3070,0.0000,0.0000,0.0000,0.0000,0.0000,0.0000,0.0000,0.0000,0.0000,0.0000,0.0000,0.0000
1700000000.550000,-62.0,83.9345,82.8734,84.1190,84.7703,83.9345,83.4326,84.1724,84.7231,85.1469,84.0119,88.5664,88.5664,89.2749,90.3549,88.2780,91.1976,89.2020,89.0898,90.0222,91.0879,90.0500,91.0220,90.0056,93.0860,93.0215,93.0860,95.0474,97.0000,97.0052,95.0053,95.0474,95.0474,95.2575,91.2688,94.4299,91.3510,89.4539,87.1321,85.9884,83.1865,80.8084,80.6040,79.0759,74.9533,73.7631,71.4703,70.8378,71.3092,69.8570,68.9420,67.5426,67.6018,0.0000,0.0000,0.0000,0.0000,0.0000,0.0000,0.0000,0.0000,0.0000,0.0000,0.0000,0.0000
1700000000.600000,-58.5,84.1190,82.5409,84.8646,84.8646,85.0882,82.3468,84.5340,83.2406,85.5862,87.3212,86.9540,87.9830,87.6641,88.7525,87.0919,90.2718,88.8651,87.6185,89.3756,90.6863,90.1388,89.8721,90.6863,92.0217,92.7631,91.3510,93.3488,94.7629,94.1116,94.7945,93.5094,94.1754,95.7758,92.4554,92.4554,92.8009,89.6270,86.5332,84.9058,81.3019,80.4550,78.5493,80.2621,74.7930,73.9256,71.1196,72.8972,69.7782,69.6419,68.6222,67.0522,65.5134,0.0000,0.0000,0.0000,0.0000,0.0000,0.0000,0.0000,0.0000,0.0000,0.0000,0.0000,0.0000
1700000000.650000,-62.1,83.1986,82.7647,85.9884,82.3772,82.6075,81.4985,82.2982,82.2982,85.0529,85.1469,86.0233,87.0000,88.0000,89.0898,88.0511,88.4590,87.4643,87.4643,88.5664,89.6772,89.4539,91.0824,88.6848,91.4112,92.0706,93.3809,93.3809,94.3663,92.7631,93.3809,92.9139,93.9042,95.4254,90.2718,90.1998,90.0888,88.0909,86.0000,83.0060,83.0060,80.0250,77.0260,78.1025,74.1080,73.3348,70.4557,69.5845,68.7314,69.6348,67.9117,67.3573,66.8506,0.0000,0.0000,0.0000,0.0000,0.0000,0.0000,0.0000,0.0000,0.0000,0.0000,0.0000,0.0000
1700000000.700000,-64.0,89.0056,88.0227,88.0909,88.0909,87.2066,86.3713,87.9659,87.1321,89.4427,88.4590,91.0055,91.0055,91.9837,91.6788,92.8924,93.3006,92.0489,93.6056,92.3580,94.5780,93.9202,96.5660,94.2444,96.2081,95.8593,96.5660,97.6934,97.4987,98.4327,97.4987,98.6813,97.4064,97.4166,95.8801,95.8801,92.8924,91.9837,90.6090,89.4427,88.1192,83.0241,82.0366,82.6075,77.4145,75.4255,74.1687,76.0592,75.0067,71.0282,71.2531,70.7107,68.6586,0.0000,0.0000,0.0000,0.0000,0.0000,0.0000,0.0000,0.0000,0.0000,0.0000,0.0000,0.0000
1700000000.750000,-61.5,81.7435,82.4924,81.2219,83.2166,81.0987,80.0999,81.0000,82.0244,82.0244,81.2219,83.2947,83.4865,83.4865,85.7088,85.7088,85.8429,85.0000,85.0000,84.5281,85.3288,87.2983,87.4757,87.0976,87.5557,89.4986,89.7385,92.6499,93.1719,93.1719,90.2441,88.2836,93.3809,90.9340,88.8144,90.4489,88.4590,85.2878,84.0536,81.0247,81.0247,77.0065,77.0260,75.1066,70.1783,72.1110,68.4690,68.5930,68.0661,66.2873,65.5134,65.5210,63.9062,0.0000,0.0000,0.0000,0.0000,0.0000,0.0000,0.0000,0.0000,0.0000,0.0000,0.0000,0.0000
1700000000.800000,-60.2,84.1190,84.5991,82.6801,85.7555,82.9277,85.4459,83.6002,84.0238,84.8116,83.5464,85.7030,87.6926,89.8053,88.4138,90.5097,87.7838,91.2853,86.3713,90.0278,90.7855,88.6172,88.7299,87.4586,91.6079,93.6002,92.8009,93.6002,90.8020,95.8019,92.0054,94.6414,95.1315,94.1754,91.2853,91.2414,89.8276,89.1067,86.9770,83.4865,82.2192,77.2334,80.1561,76.6942,76.6942,74.2024,70.2140,72.4017,67.7422,67.7422,69.3542,67.5426,67.0671,0.0000,0.0000,0.0000,0.0000,0.0000,0.0000,0.0000,0.0000,0.0000,0.0000,0.0000,0.0000
1700000000.850000,-61.8,90.3549,84.9706,89.4707,86.4060,90.0777,85.2350,87.9204,86.3771,90.4434,91.7606,89.9889,93.4077,91.9239,93.1719,89.0505,95.0368,90.6697,94.0479,90.6697,92.6553,92.9139,95.5249,95.6347,94.2603,95.4254,94.3398,98.1835,101.2423,95.2575,101.2423,93.6483,97.8673,99.1413,95.5249,94.2019,95.9010,91.7823,91.4440,88.7694,84.2021,88.0568,81.0432,84.4334,74.6324,75.2728,73.1642,73.9256,74.7329,75.1332,70.2353,72.7186,68.6003,0.0000,0.0000,0.0000,0.0000,0.0000,0.0000,0.0000,0.0000,0.0000,0.0000,0.0000,0.0000
1700000000.900000,-60.0,83.9345,84.4808,86.0349,85.7030,84.8646,84.8646,84.1724,84.9706,85.4283,86.3539,88.5889,88.3233,88.8369,87.6641,89.5879,89.8721,90.4434,86.0233,89.6437,92.0054,89.0225,89.6437,88.0909,92.0978,93.5094,92.0978,94.8472,95.6713,95.6713,93.5094,95.1315,96.5401,95.2680,93.4077,92.4175,91.6079,89.8721,86.5332,83.7616,82.3772,81.1234,79.7559,77.4145,75.1332,72.8972,70.6824,71.5891,71.3092,70.0071,68.9493,68.9638,68.4471,0.0000,0.0000,0.0000,0.0000,0.0000,0.0000,0.0000,0.0000,0.0000,0.0000,0.0000,0.0000
1700000000.950000,-63.5,89.0505,87.0230,90.0222,87.0230,87.0517,85.2878,87.3670,87.5728,88.9550,91.6624,90.0944,91.4112,91.9837,91.2195,90.4710,94.6414,92.7200,92.0489,92.0272,92.0272,92.9731,93.0484,93.6376,95.2733,95.8593,95.2733,97.3088,100.0900,96.5660,100.0900,95.1893,98.6813,96.7678,96.7678,96.1665,96.3016,92.4175,88.8426,88.6454,83.5464,86.3134,82.2010,82.0366,78.6384,76.4199,74.3303,75.1665,74.1080,75.0067,73.1095,70.2567,67.8970,0.0000,0.0000,0.0000,0.0000,0.0000,0.0000,0.0000,0.0000,0.0000,0.0000,0.0000,0.0000
1700000001.000000,-60.0,82.5409,83.4865,83.5703,83.5703,82.6378,81.9390,85.4283,83.6301,84.9706,84.5991,86.0930,86.8217,87.6641,87.9204,88.7525,87.2009,87.6185,88.0057,88.4081,89.2020,88.6002,91.0494,87.9659,92.0978,91.3510,92.7631,92.8493,93.4345,93.5094,94.2603,93.8616,93.4077,93.8136,91.0220,90.4434,88.4816,88.4816,86.2844,83.5284,81.9878,79.6492,77.8974,78.2624,74.2428,72.4983,70.3847,70.5762,70.5762,70.2140,69.6419,66.9403,65.6201,0.0000,0.0000,0.0000,0.0000,0.0000,0.0000,0.0000,0.0000,0.0000,0.0000,0.0000,0.0000
1700000001.050000,-62.6,82.6801,85.2350,82.7647,86.3539,83.6481,85.4283,85.4927,82.6378,84.8646,84.1546,86.0233,86.9770,89.5600,89.7385,90.7083,88.2950,91.0055,87.8635,89.1067,89.4427,91.2414,91.2414,89.6772,92.4392,93.4345,93.4345,94.2603,93.5361,95.4254,91.3510,95.8853,93.9042,94.2019,93.2148,91.7823,89.4427,87.8635,87.3212,84.4038,84.4038,78.1601,79.4040,76.2430,76.2430,72.7324,71.5122,70.9366,70.7743,69.3542,69.3181,67.6018,66.8506,0.0000,0.0000,0.0000,0.0000,0.0000,0.0000,0.0000,0.0000,0.0000,0.0000,0.0000,0.0000
1700000001.100000,-59.9,89.8999,89.1572,86.5390,88.7694,87.0919,86.3308,88.8876,88.6002,88.8876,90.2441,89.2693,91.4112,92.5743,92.9139,93.2148,92.6553,93.4345,90.5538,91.2688,92.1954,94.2603,95.1893,93.0860,94.0053,94.0479,97.0206,98.0000,99.0454,98.0204,98.0051,97.0824,98.0816,98.2497,94.6414,94.6414,94.6414,92.6553,89.4427,88.6454,86.6833,83.7437,82.2253,81.4923,79.3095,75.6902,73.0821,72.7324,72.8011,72.6154,72.4983,71.1126,68.7968,0.0000,0.0000,0.0000,0.0000,0.0000,0.0000,0.0000,0.0000,0.0000,0.0000,0.0000,0.0000
1700000001.150000,-62.2,81.1542,82.2922,82.2982,84.0773,79.6492,79.4040,80.9938,81.5414,81.8413,82.4197,85.2115,85.0000,86.0523,85.2760,86.6833,86.3713,87.0000,84.2199,86.2786,87.6812,86.9770,88.4590,86.2670,87.7838,89.8276,89.8721,92.6984,89.8276,91.2853,90.5538,91.2195,90.5097,93.3809,88.4590,88.4590,87.2066,86.5563,84.2021,80.8022,80.8022,77.4209,78.2368,74.0608,72.4017,70.4911,68.9638,69.3181,68.4251,67.1193,65.9242,65.4599,64.0312,0.0000,0.0000,0.0000,0.0000,0.0000,0.0000,0.0000,0.0000,0.0000,0.0000,0.0000,0.0000
1700000001.200000,-58.7,84.6286,82.9277,82.1523,87.1321,81.9878,85.4751,83.7257,85.0000,86.7698,82.8553,86.1626,86.0349,87.9204,87.2812,90.8240,86.3308,92.0489,84.1190,90.9560,89.8443,91.0934,91.4822,86.1278,90.6090,92.9624,91.7823,94.5939,91.4440,95.5667,91.4440,94.6414,95.5092,93.9202,91.4166,91.7606,86.3771,87.6641,85.4400,84.6936,83.6720,80.0625,80.0625,75.6637,74.7061,72.7186,69.8928,71.0282,70.8025,67.8012,69.2026,67.2681,65.0692,0.0000,0.0000,0.0000,0.0000,0.0000,0.0000,0.0000,0.0000,0.0000,0.0000,0.0000,0.0000
1700000001.250000,-59.2,85.8429,82.6075,84.3801,83.2947,84.0952,84.1487,83.0000,83.0060,83.0060,87.0919,86.2844,86.5794,90.5538,87.8237,86.8332,88.2836,88.0738,87.4757,88.2950,90.2441,89.0505,89.4986,89.7385,92.0489,93.6803,92.0489,93.9628,95.5092,96.1665,95.2103,93.4077,94.8314,94.3663,91.9837,91.4112,91.9837,88.8426,86.9770,82.8734,81.4985,81.4985,77.5242,79.3095,75.1066,74.0608,72.0069,70.0000,69.0652,70.1783,68.2642,67.6018,65.5134,0.0000,0.0000,0.0000,0.0000,0.0000,0.0000,0.0000,0.0000,0.0000,0.0000,0.0000,0.0000
1700000001.300000,-60.9,82.8613,83.9345,87.0976,82.9759,85.5102,82.2010,83.8630,84.5931,84.2912,85.3756,86.2090,88.0511,87.0230,88.0227,86.0523,90.0500,90.0888,88.1419,87.2066,90.1998,90.1998,90.4489,91.2688,92.6553,91.4440,92.6553,93.7710,94.7629,93.7710,95.6347,93.3435,95.3363,93.1933,92.0869,92.0869,92.0054,90.0056,85.0529,84.1487,81.2219,82.0975,77.2334,78.5175,73.4370,75.5381,70.8590,71.1969,68.4471,69.6419,69.5701,69.6419,64.4748,0.0000,0.0000,0.0000,0.0000,0.0000,0.0000,0.0000,0.0000,0.0000,0.0000,0.0000,0.0000
1700000001.350000,-62.3,82.2253,81.7435,82.8613,82.8613,82.5409,81.5966,81.9329,82.6378,82.4621,83.1926,84.5281,84.1190,85.4751,83.7257,86.3539,86.0930,86.0930,85.7555,86.8217,87.6641,87.1321,87.6584,85.4459,88.8144,88.8144,90.8020,92.2009,91.6079,93.0054,89.6270,90.4268,91.2688,91.0659,89.6939,88.6848,88.5889,88.1930,84.0773,81.4371,81.0247,79.3095,75.7694,75.3923,71.5122,71.1688,69.2604,71.5681,67.6831,67.4685,66.9104,67.4759,65.0692,0.0000,0.0000,0.0000,0.0000,0.0000,0.0000,0.0000,0.0000,0.0000,0.0000,0.0000,0.0000
1700000001.400000,-62.7,83.9345,79.3788,84.1190,80.9568,85.4400,80.7775,82.0000,81.3941,81.3941,84.8528,85.0000,84.4808,86.4697,85.3756,82.2982,88.0511,83.0000,88.0227,85.0059,88.0057,86.0000,90.0888,90.0222,90.1388,90.0888,88.2043,90.2718,93.2631,91.2688,96.3328,88.0909,93.0484,92.0217,90.0000,88.0057,90.0500,86.0930,84.2912,80.3057,79.5110,81.3941,76.4199,77.7817,72.8354,72.9931,70.4060,69.8570,70.8308,68.9638,67.6757,65.9242,63.5059,0.0000,0.0000,0.0000,0.0000,0.0000,0.0000,0.0000,0.0000,0.0000,0.0000,0.0000,0.0000
1700000001.450000,-62.6,80.1561,79.6304,80.8022,80.6040,81.0555,78.8733,81.3449,82.1340,80.6226,84.1487,84.1487,85.5862,83.5464,83.6301,84.2912,85.8021,85.0000,85.0000,84.6286,84.0536,85.2115,85.4400,87.6584,88.7525,88.4816,88.2043,88.8369,90.2109,91.2688,91.5860,89.8721,91.5260,91.6079,88.8144,87.2009,88.8651,83.7377,83.5464,79.9312,77.7946,77.8974,75.6902,76.4199,71.4213,68.6222,67.2681,67.3573,69.0290,68.8186,68.2642,63.5295,62.6498,0.0000,0.0000,0.0000,0.0000,0.0000,0.0000,0.0000,0.0000,0.0000,0.0000,0.0000,0.0000
1700000001.500000,-63.1,87.5728,82.6075,87.4757,83.5464,86.6833,83.4326,84.6463,84.2021,84.4334,86.6487,87.5957,88.0227,88.0227,86.5390,85.6154,90.3770,87.6641,90.7855,87.6584,89.0056,89.0056,89.0674,91.2414,92.1141,91.3017,91.7878,92.1141,94.5145,90.5538,96.0417,91.7061,96.6023,94.3716,90.3383,90.3770,92.7038,89.1572,87.3155,83.8153,82.5409,83.1685,78.1089,81.0432,73.4983,73.2462,69.8570,71.3863,70.7107,73.4370,69.1158,69.0072,67.0298,0.0000,0.0000,0.0000,0.0000,0.0000,0.0000,0.0000,0.0000,0.0000,0.0000,0.0000,0.0000
1700000001.550000,-63.8,83.1685,79.7120,82.0792,81.3449,82.0792,79.2023,81.4125,79.6492,79.4040,83.7257,84.2199,85.2350,84.9058,85.4400,82.9277,86.8332,84.0238,84.0238,85.9128,85.1469,86.6833,87.7838,85.7963,87.7838,88.5268,87.7838,88.4138,90.5207,89.1403,92.6553,88.5268,90.6863,90.0278,87.6185,88.7299,85.8021,84.0536,81.5414,81.8352,78.2304,77.3886,75.4718,76.5376,70.7107,70.2353,68.4251,68.4471,66.7083,68.9493,67.0522,64.0312,62.9682,0.0000,0.0000,0.0000,0.0000,0.0000,0.0000,0.0000,0.0000,0.0000,0.0000,0.0000,0.0000
1700000001.600000,-60.9,86.9253,84.8646,86.6487,87.3155,86.0233,83.2406,84.6463,84.9294,87.4757,87.8635,88.6454,88.1192,88.9550,89.1067,88.5664,90.2718,88.1419,90.0888,88.0511,90.0222,91.0494,90.0056,90.0500,92.0000,92.0054,92.0054,93.0054,95.0053,93.0000,94.0053,94.0053,94.0479,94.0851,91.1373,91.2688,92.3472,89.5600,86.9770,84.3445,82.3772,81.3941,79.6241,78.8543,75.1864,73.4983,71.5681,71.4703,71.7844,71.3092,69.7782,68.4251,66.8880,0.0000,0.0000,0.0000,0.0000,0.0000,0.0000,0.0000,0.0000,0.0000,0.0000,0.0000,0.0000
1700000001.650000,-63.3,85.7030,85.0941,85.2350,84.6936,85.4283,84.0952,85.4225,85.0000,85.0882,85.5862,87.9830,86.2844,90.1388,90.1388,87.0919,91.4002,88.4081,87.6185,88.8651,91.2140,90.6035,88.8651,91.2140,91.3510,92.0978,91.3510,92.0978,93.4345,93.5094,93.5094,95.1315,94.6414,93.6002,93.2309,90.4434,89.3085,88.2043,85.2350,83.3547,82.8553,79.7559,77.8974,80.4984,76.0592,73.4098,71.6938,70.9366,69.2892,70.2140,68.4105,67.2681,67.6018,0.0000,0.0000,0.0000,0.0000,0.0000,0.0000,0.0000,0.0000,0.0000,0.0000,0.0000,0.0000
1700000001.700000,-62.7,85.3815,84.1190,84.2021,85.1645,83.4326,82.0000,83.3607,83.0241,84.0119,83.6002,87.5728,86.2844,87.2066,87.0517,90.1388,91.0055,90.0000,87.0057,91.0494,90.0222,88.0511,90.1388,90.0500,90.3549,92.3472,91.5478,94.5304,93.4345,94.3398,93.5361,95.1893,93.1933,94.0213,92.0489,93.0000,88.0000,88.0057,86.1452,84.1487,84.1487,81.4985,80.3990,78.5175,75.6637,73.6817,70.2140,70.2140,72.2772,69.3758,69.2604,67.0671,65.3070,0.0000,0.0000,0.0000,0.0000,0.0000,0.0000,0.0000,0.0000,0.0000,0.0000,0.0000,0.0000
1700000001.750000,-65.0,88.8651,86.8332,88.0057,87.2009,89.0505,87.4643,86.9540,87.7097,90.0500,88.5494,88.5664,90.0777,92.7038,92.4770,93.6216,93.0484,93.6376,91.4166,92.0489,93.3006,91.7061,94.5569,91.7606,94.8314,95.8019,95.8019,97.5295,98.4937,98.0816,96.5660,95.5092,97.7190,97.0824,97.1442,94.9210,93.6376,93.4077,88.7694,89.9611,87.6641,84.5340,81.0062,81.9878,78.2943,77.1751,73.5731,74.3303,73.6003,73.6003,72.3464,70.1783,69.3542,0.0000,0.0000,0.0000,0.0000,0.0000,0.0000,0.0000,0.0000,0.0000,0.0000,0.0000,0.0000
1700000001.800000,-58.7,83.4865,83.6002,86.1452,84.1724,83.3607,83.9524,83.1986,84.6463,84.8999,85.3815,86.0349,86.7295,87.0919,87.8465,88.9550,88.2383,87.2353,87.3212,88.5664,87.6641,89.4707,89.4427,86.7698,91.0659,90.9175,92.6607,94.4140,93.0591,94.4140,92.1792,93.0215,94.3716,93.9415,91.5478,91.5478,88.7694,88.0227,86.3771,85.7030,84.1190,80.0812,79.8123,78.1025,75.1864,74.5252,70.7107,70.7107,70.2567,68.2642,69.1809,69.0072,68.0661,0.0000,0.0000,0.0000,0.0000,0.0000,0.0000,0.0000,0.0000,0.0000,0.0000,0.0000,0.0000
1700000001.850000,-63.8,84.2021,82.2010,85.1469,83.4865,84.0595,80.7775,82.4924,81.9878,85.0000,86.3308,84.6936,86.1626,87.6641,87.3155,88.6002,89.4930,88.6002,88.6002,86.6833,89.1852,89.1852,89.8443,88.7694,89.6270,90.8020,91.7823,93.1719,93.1719,93.9415,93.7443,90.7083,93.6803,93.0054,92.3472,91.3947,90.4434,88.8876,86.0349,83.8153,81.3449,81.0247,79.3095,79.7057,74.2496,72.4707,71.1969,72.4017,70.7248,69.3397,67.6757,67.8012,66.5282,0.0000,0.0000,0.0000,0.0000,0.0000,0.0000,0.0000,0.0000,0.0000,0.0000,0.0000,0.0000
1700000001.900000,-63.0,87.5557,84.2021,86.9770,84.1190,84.7585,81.3449,84.1724,84.5813,85.4283,87.2066,88.1022,88.1192,88.5889,89.5545,87.8180,91.2688,88.7525,89.5879,89.0505,90.2109,90.6973,88.6002,90.2109,91.4002,93.6002,91.6788,94.6414,94.6414,92.0054,93.8616,92.8009,94.4034,93.8136,93.2309,92.9139,92.6499,88.3233,88.1930,86.7698,83.2406,83.1865,77.8203,80.9568,74.7329,74.3236,71.8679,72.8011,72.7324,71.1688,70.3420,67.8970,66.3702,0.0000,0.0000,0.0000,0.0000,0.0000,0.0000,0.0000,0.0000,0.0000,0.0000,0.0000,0.0000
1700000001.950000,-63.6,83.9345,87.0976,83.9524,84.5281,84.3445,83.1865,82.6075,83.4865,85.2115,85.0941,86.0523,87.0057,88.0057,89.0225,89.0225,86.2090,89.2020,86.3713,89.5600,88.4590,89.3588,90.5538,85.5862,90.6090,91.2414,91.2414,93.5575,91.5915,96.3379,91.2414,93.9042,94.6414,93.2631,91.2688,91.2688,88.2043,88.0909,86.0233,86.0058,85.0000,78.0256,81.0555,76.0592,76.1643,74.2428,71.4493,70.5762,70.2140,68.2495,69.4262,67.0522,67.7791,0.0000,0.0000,0.0000,0.0000,0.0000,0.0000,0.0000,0.0000,0.0000,0.0000,0.0000,0.0000
1700000002.000000,-64.7,81.3941,81.5843,83.9345,83.6780,82.2800,82.5651,82.8613,82.2192,82.8734,82.6378,85.6154,85.9069,86.3308,85.0000,86.8159,85.8836,86.3539,85.0000,86.9540,88.1930,86.7698,86.4523,86.4523,88.7525,90.7359,89.3588,91.9239,89.0449,91.8096,90.2109,92.2822,91.7878,89.8944,89.0000,89.4707,87.2353,87.2353,83.0060,81.7068,80.0562,79.3788,78.4347,78.4474,74.7262,72.2772,70.4060,70.0357,68.7314,67.6018,68.2642,66.0681,65.0308,0.0000,0.0000,0.0000,0.0000,0.0000,0.0000,0.0000,0.0000,0.0000,0.0000,0.0000,0.0000
1700000002.050000,-65.2,80.7094,79.9250,78.8923,81.9878,81.4125,80.0625,80.2309,81.1542,80.2309,81.3449,82.2800,83.4865,82.5651,83.5225,84.2021,84.4038,85.3756,82.9759,84.7231,85.5102,84.7231,86.1452,84.1724,86.7006,87.1321,86.8332,89.6772,87.8237,89.8053,88.8144,88.4590,90.2552,87.6641,86.8850,87.0976,84.1724,84.6463,81.6088,81.0432,80.6536,75.8947,76.2168,72.1110,70.5762,69.6419,67.2309,68.4471,68.4251,65.7647,66.3702,64.6375,63.2535,0.0000,0.0000,0.0000,0.0000,0.0000,0.0000,0.0000,0.0000,0.0000,0.0000,0.0000,0.0000
1700000002.100000,-63.2,88.2836,86.9770,88.5664,86.7006,86.2844,86.2844,88.0057,87.0057,87.0057,90.0056,90.0500,88.0909,91.1373,90.2718,89.3588,92.6553,91.0824,89.9444,89.4427,91.5915,91.2414,93.9415,91.4112,93.1719,93.9415,95.1262,96.3172,96.5401,95.3415,97.2934,94.5410,94.5410,95.3520,94.2019,94.0479,93.5361,91.3510,88.0909,89.0225,86.0930,83.0542,81.0062,81.0247,76.0592,75.0600,74.1687,73.2462,71.3442,72.1803,70.8308,69.6419,68.9493,0.0000,0.0000,0.0000,0.0000,0.0000,0.0000,0.0000,0.0000,0.0000,0.0000,0.0000,0.0000
1700000002.150000,-60.8,83.8153,83.0060,83.6002,83.4086,83.8689,83.0963,82.8794,84.2912,84.9588,83.4386,85.6329,87.1149,85.7963,86.5563,86.6833,88.4081,88.0057,87.2009,86.8389,87.0057,87.8009,89.6270,88.7525,90.5538,90.2109,90.2109,92.9624,92.1141,92.9624,91.9239,92.3580,93.4773,92.8009,89.8109,91.4002,89.6437,87.8009,85.9128,84.5044,83.5464,79.2465,77.1557,77.0779,73.5391,71.4493,70.9366,71.0634,72.6223,70.2140,68.0074,67.2309,66.1891,0.0000,0.0000,0.0000,0.0000,0.0000,0.0000,0.0000,0.0000,0.0000,0.0000,0.0000,0.0000
1700000002.200000,-62.7,84.7231,81.4125,84.0773,84.0773,84.0952,80.6226,82.2800,81.9329,83.8153,85.0941,86.3771,86.3308,86.0233,85.1645,83.9345,87.8635,84.5281,86.8850,85.8429,86.7006,86.1452,86.5794,85.9884,90.5538,88.8144,87.8237,90.2718,92.3472,87.3670,92.3472,90.7965,92.7793,90.6697,89.1067,86.9770,89.0505,87.3212,82.9699,80.0812,78.8480,80.3617,77.4919,78.7718,74.0000,70.8378,69.6419,69.8570,69.8570,67.9779,69.1158,66.8506,64.0312,0.0000,0.0000,0.0000,0.0000,0.0000,0.0000,0.0000,0.0000,0.0000,0.0000,0.0000,0.0000
1700000002.250000,-62.9,81.5414,81.2711,82.4197,84.0536,81.4002,80.4301,81.6884,82.2192,82.1340,83.4865,84.8528,86.2786,84.1487,84.2199,85.5862,84.3860,85.9128,82.4621,84.8116,86.0523,86.0523,86.8332,84.4038,89.3085,87.6584,87.9204,90.1388,90.6973,90.9725,89.5879,90.0000,90.6035,89.0225,87.2066,87.9659,86.5563,85.0412,82.7587,79.9312,78.4920,76.4199,77.7946,75.1665,73.0000,71.0634,68.4105,70.2140,68.2422,68.7968,67.2309,66.1891,62.7694,0.0000,0.0000,0.0000,0.0000,0.0000,0.0000,0.0000,0.0000,0.0000,0.0000,0.0000,0.0000
1700000002.300000,-63.5,88.1022,87.6641,85.6154,88.7694,84.8646,86.0349,86.6487,85.0706,86.9770,87.0919,88.0568,89.4986,88.0738,89.8220,90.0278,89.2693,88.1192,87.8237,88.8144,88.8144,88.9550,91.5478,88.4590,91.1976,93.3435,94.1913,96.2549,95.3363,96.2549,94.2603,91.6624,94.7629,93.9042,93.2148,94.2019,89.4427,89.0505,86.5852,85.8662,84.2021,80.6536,81.6088,80.0062,77.4919,74.6726,71.3092,72.0902,72.4500,71.1196,72.2011,69.8928,68.6003,0.0000,0.0000,0.0000,0.0000,0.0000,0.0000,0.0000,0.0000,0.0000,0.0000,0.0000,0.0000
1700000002.350000,-58.6,83.7257,81.3019,81.5414,82.9277,82.6620,81.0247,82.0061,81.8352,83.7377,84.2912,84.2912,86.2786,85.5862,86.2670,86.2670,87.0000,86.3134,84.1724,86.4523,87.1149,87.0460,87.8635,85.7030,88.2383,88.8651,89.0225,90.7855,90.9065,88.7299,90.1388,88.5268,91.2853,90.5538,89.8276,87.6926,88.4138,87.0000,85.0412,80.2808,81.2158,77.8010,77.2010,76.2758,72.1110,71.0211,69.9714,70.2353,68.4251,68.4251,67.2309,66.1287,64.5601,0.0000,0.0000,0.0000,0.0000,0.0000,0.0000,0.0000,0.0000,0.0000,0.0000,0.0000,0.0000
1700000002.400000,-62.6,89.9444,86.8332,88.6848,89.1852,88.5099,85.4459,90.2109,87.2009,89.8109,90.2718,91.0494,90.7855,92.0978,92.6984,90.5538,94.7523,91.2414,91.2195,91.3510,93.5094,93.4345,92.8493,92.8493,96.6747,96.4261,94.6414,97.4526,98.8585,95.9010,98.2344,97.1854,99.4887,97.7446,94.8472,94.7945,94.7629,92.6337,89.2749,87.9659,85.7963,85.0412,83.0963,84.0238,77.0065,77.8010,74.6324,74.8866,76.0066,74.7930,73.3485,72.4983,69.5701,0.0000,0.0000,0.0000,0.0000,0.0000,0.0000,0.0000,0.0000,0.0000,0.0000,0.0000,0.0000
1700000002.450000,-63.8,86.4697,86.2844,84.2140,85.2878,85.0235,87.0517,83.0000,85.0235,87.1436,84.1487,88.4590,93.9042,82.8734,86.1452,91.0824,94.2019,89.2693,88.0738,92.8924,88.0568,86.4928,92.1954,87.3613,91.0934,90.2441,95.8801,93.6803,87.9318,95.8801,92.6553,90.5207,90.9560,94.1488,92.6499,90.0278,89.0505,89.4427,85.1587,85.8429,86.4697,80.2247,81.2219,77.2334,75.1066,76.0592,70.0071,75.0000,72.1734,69.1809,68.5930,68.7314,65.7343,0.0000,0.0000,0.0000,0.0000,0.0000,0.0000,0.0000,0.0000,0.0000,0.0000,0.0000,0.0000
1700000002.500000,-61.1,88.0227,88.0057,87.0517,89.0000,88.0909,87.2066,87.5728,87.6926,90.6697,88.9550,90.2552,91.0055,92.1954,91.2195,92.4175,91.9239,90.9560,91.4822,91.3947,91.7606,92.7200,93.6056,92.3472,95.5196,95.1893,95.8593,97.7394,97.4064,99.2975,97.4064,96.1665,96.5660,98.0816,94.5939,96.7729,91.4440,91.2195,90.4268,88.9550,86.8332,83.7257,83.3847,81.2219,76.1643,77.0584,75.0267,75.0267,75.0600,72.1110,71.3442,72.0069,70.0928,0.0000,0.0000,0.0000,0.0000,0.0000,0.0000,0.0000,0.0000,0.0000,0.0000,0.0000,0.0000
1700000002.550000,-60.9,83.0963,82.0244,84.0000,83.0000,83.0241,80.0999,82.4924,81.4985,83.7257,82.7345,83.8630,85.9884,85.3288,84.5281,83.9524,85.6154,85.8662,84.2021,84.1190,85.7263,85.7263,87.5957,85.0706,88.2553,88.8651,88.2553,90.6201,89.5377,88.9550,90.4765,88.8651,88.8651,89.4930,88.2327,87.9318,86.8332,85.3756,83.5464,82.0366,80.2309,77.9295,76.9415,75.4255,73.5527,70.4557,68.1836,69.0652,69.0652,68.0074,66.1891,65.6201,64.1327,0.0000,0.0000,0.0000,0.0000,0.0000,0.0000,0.0000,0.0000,0.0000,0.0000,0.0000,0.0000
1700000002.600000,-62.5,89.3588,88.4590,86.9770,89.1067,89.4427,89.6270,89.4986,89.7385,89.4986,89.5600,90.8020,91.7061,92.9731,91.7606,93.3006,93.4077,92.8493,89.1572,94.0213,93.5201,91.7061,94.3716,90.8020,93.0215,95.2575,97.0618,97.9490,97.0618,97.4936,95.7131,97.0464,97.5090,95.7549,96.6644,92.8493,91.7606,93.0484,89.8109,89.8443,86.6833,83.9345,83.9345,80.5233,79.8311,78.6448,75.3127,75.8024,74.4312,71.2531,73.1095,71.0000,73.1710,0.0000,0.0000,0.0000,0.0000,0.0000,0.0000,0.0000,0.0000,0.0000,0.0000,0.0000,0.0000
1700000002.650000,-62.3,82.2982,82.3893,83.7257,84.8528,82.2010,82.3772,83.1986,83.4326,84.2021,83.5225,85.0706,86.6487,86.9770,85.7963,87.3155,86.5390,87.7269,86.0058,86.3308,86.3134,87.6641,88.5494,86.3134,88.1930,91.3017,91.4166,91.7878,92.2822,92.6607,89.5545,89.8944,92.5905,90.7855,89.8999,89.8999,86.8159,86.0058,84.8646,83.2166,83.2166,78.7464,78.7464,77.2010,73.0821,70.8802,70.8308,70.4060,70.0357,68.7314,66.4831,66.0681,65.0000,0.0000,0.0000,0.0000,0.0000,0.0000,0.0000,0.0000,0.0000,0.0000,0.0000,0.0000,0.0000
1700000002.700000,-65.0,87.8009,88.2950,89.6270,90.8020,87.6641,87.1321,88.4590,88.6848,89.3588,88.2043,91.0879,91.0494,92.0217,92.0054,91.0055,91.0879,91.2688,90.1998,91.2688,91.2688,91.1373,92.5419,91.4440,95.1893,94.6414,94.0479,94.8947,96.0260,95.1893,95.0368,95.6347,97.5141,97.2523,94.1329,94.1913,92.1358,91.0879,88.0057,87.0000,86.0233,82.0061,82.0975,81.1542,78.2304,76.3217,73.6817,75.1332,72.3671,73.0069,71.5681,70.8378,68.9420,0.0000,0.0000,0.0000,0.0000,0.0000,0.0000,0.0000,0.0000,0.0000,0.0000,0.0000,0.0000
1700000002.750000,-62.7,83.7257,83.8630,82.3772,85.9826,84.3149,82.6620,83.4086,82.6196,85.2760,84.9588,86.3713,87.0460,87.6926,87.6926,87.6812,86.3134,87.0460,85.6329,86.4523,87.8635,87.7838,88.7299,87.3212,88.8651,91.8314,89.0225,92.6175,92.8009,91.2140,91.4002,88.8651,93.0860,90.6863,89.1403,90.5538,88.4138,86.9770,85.6329,83.5464,80.7217,79.3977,77.3369,77.6209,74.2024,72.4224,70.4557,69.8928,71.8679,69.8355,67.5352,67.1193,63.9062,0.0000,0.0000,0.0000,0.0000,0.0000,0.0000,0.0000,0.0000,0.0000,0.0000,0.0000,0.0000
1700000002.800000,-65.5,87.6641,83.4326,85.6154,84.8999,85.0706,84.1190,84.7585,85.7963,86.5390,87.3212,87.3212,88.5664,88.5494,88.5889,86.8332,88.6848,88.5099,87.1321,88.7525,90.6973,89.5879,91.2634,89.6270,88.4081,92.2009,90.8020,94.0213,93.4077,93.4077,95.6033,91.6079,91.0220,93.2309,92.3580,90.9725,88.5099,87.4643,85.9593,83.7257,81.4923,81.0062,79.1770,77.8203,75.5844,73.4098,71.6938,73.1642,70.5762,68.9638,67.4463,68.4471,66.4831,0.0000,0.0000,0.0000,0.0000,0.0000,0.0000,0.0000,0.0000,0.0000,0.0000,0.0000,0.0000
1700000002.850000,-61.1,85.9069,85.8662,85.0000,85.4751,83.8630,84.7231,84.3801,83.7616,84.3149,85.0000,87.6185,86.6833,89.3756,89.3756,87.2066,89.2749,89.8721,85.6329,91.2414,90.5097,89.1067,90.5097,87.6926,92.1954,92.0217,92.7631,94.1754,92.6984,93.5094,91.3510,94.0691,94.7629,94.0691,91.2853,91.4385,89.1964,89.8721,86.5563,85.1469,84.0238,80.4487,81.0247,77.4209,77.1038,73.7835,72.5603,72.5603,71.5542,69.3181,68.9420,68.3520,68.4105,0.0000,0.0000,0.0000,0.0000,0.0000,0.0000,0.0000,0.0000,0.0000,0.0000,0.0000,0.0000
1700000002.900000,-62.2,87.5728,86.7006,89.2020,87.2812,88.2043,86.0523,87.0230,88.0057,88.0057,90.0500,91.1373,90.5538,91.3510,90.6697,89.4539,94.0479,91.0824,92.0706,90.4268,91.2414,91.0824,92.5743,92.7631,93.8616,94.5939,93.6216,94.1488,96.5401,94.3663,97.5141,94.7259,94.5410,95.3520,93.0591,93.6483,92.6553,92.5419,89.2749,87.1436,85.0529,85.0941,83.0060,83.0060,79.0063,76.1052,75.2396,74.4312,73.6817,72.1803,70.4060,70.6045,68.6222,0.0000,0.0000,0.0000,0.0000,0.0000,0.0000,0.0000,0.0000,0.0000,0.0000,0.0000,0.0000
1700000002.950000,-60.2,83.8153,84.0536,88.2043,85.4400,85.2350,89.4707,86.4523,86.8332,88.1192,87.6641,89.3196,99.9250,94.8683,93.6376,95.5196,96.7988,89.1852,90.4434,90.9560,89.2861,88.6002,89.9889,93.6216,98.1529,89.5600,98.2700,101.0000,93.6216,100.9752,96.3379,96.0469,97.9847,98.4937,96.7729,96.1665,93.6803,93.6803,90.1388,87.3155,88.6002,85.0941,86.9253,82.0792,83.0060,76.9675,77.8974,78.3901,77.3886,75.1665,76.0263,75.0000,71.4493,0.0000,0.0000,0.0000,0.0000,0.0000,0.0000,0.0000,0.0000,0.0000,0.0000,0.0000,0.0000
1700000003.000000,-60.0,88.0227,85.2350,85.0882,87.2353,87.6641,84.5991,85.9593,86.6083,87.8180,87.6641,89.0505,89.6270,90.8020,90.0000,91.4002,91.8314,90.1388,89.4986,90.0278,90.0278,91.4385,91.2853,91.2853,91.2195,91.2195,93.3381,94.0691,95.4620,94.0479,95.4620,92.7631,94.1754,98.0816,93.2363,93.2363,91.8314,89.6437,89.0505,89.0505,85.9826,83.2166,81.5414,81.1234,75.2928,76.0592,73.7902,73.4098,74.4648,72.8011,70.5195,69.3758,67.2681,0.0000,0.0000,0.0000,0.0000,0.0000,0.0000,0.0000,0.0000,0.0000,0.0000,0.0000,0.0000
1700000003.050000,-60.9,84.1487,86.0523,83.0060,85.0059,84.0238,83.0241,85.1469,85.2115,84.2140,86.5794,87.9659,88.1192,88.2836,87.4757,88.8426,88.7694,89.0225,86.8332,89.0225,88.0568,88.7694,89.8443,89.0225,91.0824,92.6553,91.3947,93.3006,92.6553,92.3580,94.8683,91.7606,91.4822,92.8924,90.7083,93.3916,91.7823,89.2693,85.0000,85.0000,83.7257,81.6150,79.5110,79.2275,77.1622,74.0608,72.0278,73.0069,73.0616,70.2567,69.3542,69.8713,67.9117,0.0000,0.0000,0.0000,0.0000,0.0000,0.0000,0.0000,0.0000,0.0000,0.0000,0.0000,0.0000
1700000003.100000,-63.7,84.8646,82.8070,84.6463,82.9759,86.6833,84.2021,83.8153,84.3149,82.9277,86.0930,86.0930,87.8180,87.7097,89.8944,89.4707,88.1419,87.3212,87.3212,87.0919,89.6939,87.4643,89.3196,87.6641,91.3947,92.0272,91.0824,92.3472,93.3006,92.3472,93.6056,93.3006,94.2444,92.1141,89.3196,89.3196,89.6939,88.2383,86.7640,84.5340,81.8413,80.5295,79.6492,78.8923,74.9466,74.6257,72.9452,72.4224,71.4003,71.8401,70.1783,69.2965,67.4759,0.0000,0.0000,0.0000,0.0000,0.0000,0.0000,0.0000,0.0000,0.0000,0.0000,0.0000,0.0000
1700000003.150000,-61.5,87.8009,83.9345,85.0706,86.0233,83.8153,83.9345,83.3847,84.1724,85.4927,86.3134,87.6584,88.1930,88.1930,89.1852,88.1930,89.3588,89.5879,87.9830,87.4185,89.3085,89.3085,91.6079,87.8009,89.4986,94.2019,91.0494,95.1315,95.4254,94.2019,94.0213,91.4002,93.8136,93.2309,92.6553,92.9139,90.1388,90.4268,87.4643,86.4523,84.5991,82.2982,80.5295,80.9568,74.2496,76.0592,72.2357,73.1642,73.3894,72.1249,71.5681,68.6586,69.4622,0.0000,0.0000,0.0000,0.0000,0.0000,0.0000,0.0000,0.0000,0.0000,0.0000,0.0000,0.0000
1700000003.200000,-65.3,72.8011,73.2462,74.7329,74.7329,72.5672,73.1642,73.5527,73.5527,74.3303,75.2396,76.0592,76.0263,76.0066,78.0000,77.0065,78.0256,76.0592,77.0584,77.1622,78.2304,77.1622,78.3135,77.4145,78.7718,79.6304,79.7621,81.7435,81.7435,80.6226,82.7345,81.3941,81.3019,81.2219,78.0577,80.0562,79.0253,77.0260,75.0067,74.0270,73.1095,71.1126,70.2567,70.3491,65.4905,63.7887,63.7887,63.3482,62.5859,61.4003,59.7746,60.4070,58.1808,0.0000,0.0000,0.0000,0.0000,0.0000,0.0000,0.0000,0.0000,0.0000,0.0000,0.0000,0.0000
1700000003.250000,-63.8,80.9197,80.4301,80.8022,81.4002,81.0247,79.3221,79.9250,80.2621,83.3547,81.8841,83.6481,84.5281,84.5281,85.9069,86.8159,85.2350,84.8646,84.8646,84.5044,85.0941,86.3771,86.3771,84.7585,87.6413,88.2327,86.9770,89.1852,90.1388,89.1852,90.1388,89.1964,89.5377,89.8888,87.4643,88.6397,86.8159,85.0000,82.7345,83.1865,78.2943,78.3901,76.3217,76.3217,73.2462,71.0282,70.8025,72.2011,68.7677,69.3542,67.8970,66.5282,65.4370,0.0000,0.0000,0.0000,0.0000,0.0000,0.0000,0.0000,0.0000,0.0000,0.0000,0.0000,0.0000
1700000003.300000,-62.5,86.8332,86.3134,86.7640,87.6641,86.0058,85.6154,86.3771,86.3308,85.7030,86.6487,90.7579,89.8443,89.7385,91.9239,90.4710,91.5915,91.7823,89.6270,92.3959,91.2414,89.2693,90.9340,90.2552,92.6553,94.0479,93.9042,93.6483,92.6553,94.8947,94.8947,94.5410,96.5091,95.5249,93.9415,92.1954,90.7083,91.9239,89.4930,86.9770,85.3815,82.8734,81.9329,79.8499,77.4726,76.1577,73.8241,74.6860,73.0616,72.7186,70.8025,71.0634,68.6804,0.0000,0.0000,0.0000,0.0000,0.0000,0.0000,0.0000,0.0000,0.0000,0.0000,0.0000,0.0000
1700000003.350000,-62.8,84.4038,82.9277,84.9058,83.3547,84.7231,84.2199,84.9706,84.0773,85.0882,89.0505,86.8159,87.4643,87.4643,86.3771,87.3155,89.2861,87.0919,89.2861,86.8332,88.2950,86.8332,88.8426,89.4986,89.4427,92.1954,92.1954,93.3809,93.0591,91.0824,94.3663,93.1719,92.9624,93.1719,90.9560,89.4986,90.5207,88.2327,86.6487,81.9329,81.5966,80.0062,79.1202,80.4114,74.8465,72.6154,71.5891,72.0069,71.5891,71.5612,70.2140,69.2026,68.0147,0.0000,0.0000,0.0000,0.0000,0.0000,0.0000,0.0000,0.0000,0.0000,0.0000,0.0000,0.0000
1700000003.400000,-61.0,81.8413,80.7094,80.2621,80.7775,82.3650,80.6226,81.4125,79.1770,82.3468,83.2586,84.6936,83.5703,85.2350,85.0941,84.1546,85.7263,84.7703,84.7703,85.1645,87.3613,85.4400,86.8332,85.1645,88.2950,89.4986,87.5557,89.0505,90.2441,89.8220,92.1954,89.0225,89.2861,89.5600,87.9318,87.2812,86.6487,85.4400,82.6378,81.7068,79.7057,79.2023,76.4853,76.4853,73.3553,72.5603,70.1783,70.4557,70.7248,68.0074,68.1175,65.8559,65.1153,0.0000,0.0000,0.0000,0.0000,0.0000,0.0000,0.0000,0.0000,0.0000,0.0000,0.0000,0.0000
1700000003.450000,-62.9,82.0792,82.4621,82.3468,84.0952,83.6301,83.1865,81.1234,81.6333,82.6801,84.9058,85.9826,84.6286,87.6584,86.0233,86.6083,86.6833,86.6833,84.5044,86.5563,86.5563,87.2066,87.9659,87.1149,89.1403,90.6090,89.8276,91.2853,89.9389,90.6863,89.8721,89.4986,91.5478,90.2718,87.6185,88.2327,86.6083,85.4459,85.4400,84.3801,80.9938,78.8923,79.2591,76.5376,72.8972,72.4500,70.2638,71.3092,70.9366,69.5701,67.4463,66.4906,65.4905,0.0000,0.0000,0.0000,0.0000,0.0000,0.0000,0.0000,0.0000,0.0000,0.0000,0.0000,0.0000
1700000003.500000,-64.4,86.7640,84.5813,87.4643,88.2383,86.7295,85.7030,86.1278,84.8999,87.3212,89.4986,92.6499,90.0278,89.8220,90.8020,88.6454,92.9139,90.6697,91.6624,91.4440,92.3472,92.5419,92.1954,91.3510,94.1913,95.2575,94.1913,93.1343,97.1854,94.1329,97.1288,94.4299,95.3363,95.5249,93.6483,93.9042,93.3809,91.7823,88.2950,87.8009,83.9345,83.9345,82.9699,82.5409,78.1089,76.5376,74.0945,73.9256,73.4098,74.2428,73.5731,70.4557,68.4105,0.0000,0.0000,0.0000,0.0000,0.0000,0.0000,0.0000,0.0000,0.0000,0.0000,0.0000,0.0000
1700000003.550000,-64.6,83.5464,83.6301,84.0238,85.4283,82.8010,85.2115,85.1469,84.0595,86.6083,86.4523,86.9540,87.7097,88.1192,87.6584,89.0056,88.2383,89.0505,87.2353,89.6939,90.0777,89.1572,88.9550,87.0919,91.0824,92.9731,92.9731,93.9202,92.0272,94.2444,92.0272,92.4770,94.3398,93.6216,89.9611,90.8020,88.1022,88.5494,85.9593,83.7257,83.7257,80.7775,80.4550,78.4920,75.1665,74.6324,71.4003,73.2462,72.3464,70.0928,71.4493,68.8840,68.8186,0.0000,0.0000,0.0000,0.0000,0.0000,0.0000,0.0000,0.0000,0.0000,0.0000,0.0000,0.0000
1700000003.600000,-63.0,84.5340,82.8553,82.6801,83.3547,80.9938,81.2711,80.6040,84.0238,84.5044,83.2406,85.1469,85.6329,87.1149,86.2786,87.6926,87.0460,87.7269,84.9588,88.7299,87.9659,87.8635,89.6437,85.7963,88.2383,89.6437,89.0225,93.0054,92.2009,93.0054,92.4175,90.9065,93.2363,90.9065,90.1388,90.0278,87.1149,87.0000,85.5862,84.1724,82.7345,79.2086,79.2465,77.8974,75.2861,73.1095,72.0069,71.4003,70.4557,70.1783,68.4763,67.0820,67.2309,0.0000,0.0000,0.0000,0.0000,0.0000,0.0000,0.0000,0.0000,0.0000,0.0000,0.0000,0.0000
1700000003.650000,-63.0,82.0975,80.4550,84.2199,81.6333,82.7647,79.1770,83.1926,82.8553,82.4621,85.2350,86.9253,84.5044,85.7030,87.5957,85.3815,87.3613,85.8662,87.0919,86.5852,87.8009,86.8332,88.2950,88.5268,88.8426,89.0505,91.7823,91.7823,93.7443,91.4112,93.9415,89.7385,92.8924,91.2140,88.3233,89.5600,88.8876,86.3308,85.0941,83.2166,80.7775,81.7068,78.3901,77.3886,72.9178,72.4500,71.1196,72.5603,71.3442,71.2811,70.0000,69.6563,66.4831,0.0000,0.0000,0.0000,0.0000,0.0000,0.0000,0.0000,0.0000,0.0000,0.0000,0.0000,0.0000
1700000003.700000,-62.8,81.3204,82.8070,84.3860,85.1469,84.0238,83.4086,84.6286,83.7616,83.7616,86.0930,87.9830,87.3212,88.1930,87.7097,89.9444,89.8999,89.0000,86.3308,89.1572,89.1572,87.8465,89.6939,88.7694,92.3580,92.1141,93.0484,92.6984,93.0484,96.2081,93.0484,94.5410,94.5410,93.1075,91.2853,90.8020,88.5494,89.4707,85.9593,82.4924,84.7231,79.3221,79.8812,78.2368,76.0263,75.8024,71.2180,72.4707,72.1803,71.4493,70.7248,69.5270,67.4240,0.0000,0.0000,0.0000,0.0000,0.0000,0.0000,0.0000,0.0000,0.0000,0.0000,0.0000,0.0000
1700000003.750000,-57.5,84.8999,83.1986,83.3607,84.5281,83.8630,83.6002,83.3847,84.2140,84.2140,84.0238,85.0235,87.0057,90.0056,88.0511,88.0909,88.3629,87.4643,88.3629,88.8144,90.6697,90.6697,91.0824,86.9770,93.1719,92.7631,92.7631,95.1262,94.1488,93.7443,93.9415,93.3809,93.2148,93.0591,92.9139,92.6553,90.5538,88.4590,87.1436,85.0941,84.0952,81.0555,80.0000,79.0000,76.0066,75.1066,73.1710,73.2462,72.5603,72.6911,70.2140,69.3758,67.6757,0.0000,0.0000,0.0000,0.0000,0.0000,0.0000,0.0000,0.0000,0.0000,0.0000,0.0000,0.0000
1700000003.800000,-65.2,81.3204,81.9085,82.5409,81.9329,80.4114,80.4114,80.6226,79.6241,84.0773,82.7647,85.8836,85.5862,85.2350,85.9826,85.4400,85.4459,85.2115,83.8153,86.4002,87.6185,85.8021,87.4586,85.2760,88.5268,90.9065,90.0278,92.1954,90.0278,90.6863,91.4385,90.9065,90.2718,90.6035,87.2009,89.6270,88.2327,86.5332,85.4400,82.1523,81.3019,78.0320,77.8974,76.9415,73.3553,71.1126,69.8570,71.3092,70.5762,69.2892,68.0074,65.5134,64.7765,0.0000,0.0000,0.0000,0.0000,0.0000,0.0000,0.0000,0.0000,0.0000,0.0000,0.0000,0.0000
1700000003.850000,-62.0,84.6286,82.0975,82.6801,83.0060,84.7231,83.2406,82.7647,82.7647,85.4283,85.0882,84.8646,86.3771,87.9204,89.4930,87.9204,89.1852,88.6002,88.6002,85.8662,87.8009,88.5268,90.4710,90.2441,90.4268,91.4112,92.7631,92.7631,92.9624,91.7823,94.9210,91.6788,92.6499,92.7200,91.7606,91.0934,90.1388,86.9770,85.0941,84.5044,82.2800,81.5414,78.9240,79.7057,74.7329,72.4500,71.5891,71.1969,72.9452,71.0282,68.6003,68.2495,67.2086,0.0000,0.0000,0.0000,0.0000,0.0000,0.0000,0.0000,0.0000,0.0000,0.0000,0.0000,0.0000
1700000003.900000,-62.4,90.2109,87.8180,87.7097,88.5889,89.0056,86.7640,86.9253,86.5390,90.8240,91.1811,91.4166,92.9731,92.3472,93.0054,93.0054,94.5939,92.1954,92.1954,91.5915,92.9624,93.1719,95.7079,93.5575,94.2019,95.3520,96.1769,99.1413,100.1299,98.1529,100.1299,94.7259,98.6560,97.2934,95.3415,96.1041,94.9210,92.4446,89.8109,89.8109,86.9770,86.0349,83.2166,82.6378,79.3095,76.5572,75.5844,74.2428,76.1577,74.4312,72.9452,71.6101,70.2922,0.0000,0.0000,0.0000,0.0000,0.0000,0.0000,0.0000,0.0000,0.0000,0.0000,0.0000,0.0000
1700000003.950000,-61.7,83.2406,84.4038,83.1986,87.3212,83.1865,83.1865,83.7257,82.4924,86.4697,85.2878,87.1436,88.0227,89.0225,89.0056,89.0056,89.0225,91.1373,86.1452,90.1998,89.0898,89.0898,90.2718,88.2043,89.5600,92.5419,92.6553,93.6483,93.5361,95.6347,92.5419,93.3435,93.1933,93.0860,92.0217,92.0054,88.0227,90.0056,86.0233,86.0930,83.2166,81.3019,80.5047,78.4092,75.6637,73.8241,71.3863,71.5891,72.0347,69.6419,70.5195,69.0797,67.9779,0.0000,0.0000,0.0000,0.0000,0.0000,0.0000,0.0000,0.0000,0.0000,0.0000,0.0000,0.0000
1700000004.000000,-63.1,85.4400,83.2346,83.8153,83.4086,83.4086,81.0555,86.3713,84.2199,85.5628,86.2670,86.9770,87.7269,89.1964,88.5268,87.2066,91.8314,87.2009,87.6185,89.6270,91.2634,90.4434,90.9725,90.4434,91.2688,92.9139,92.6499,93.8136,94.8736,94.3398,96.5660,91.2634,94.8736,94.6256,90.4434,93.0054,92.4554,88.7299,86.3713,84.1724,82.8070,82.8070,79.9062,81.3204,76.4199,74.2765,73.7564,72.4707,72.6223,73.2393,70.7248,69.3542,67.1193,0.0000,0.0000,0.0000,0.0000,0.0000,0.0000,0.0000,0.0000,0.0000,0.0000,0.0000,0.0000
1700000004.050000,-64.9,84.2912,84.2912,83.4386,85.6329,84.8646,85.6329,85.7030,85.1469,85.9128,84.8116,88.4081,89.8721,89.8721,88.4816,88.4816,89.6939,89.1852,86.9540,89.5545,90.9175,89.6939,91.3017,89.0674,91.6788,93.0215,94.3716,95.7079,93.0215,97.4936,93.0215,94.8947,94.8947,94.6678,91.9239,91.8096,91.5260,91.5260,87.4185,85.6037,83.4086,82.6196,81.6884,80.8084,76.4853,75.7430,73.5391,71.4493,71.5891,71.7008,69.4046,69.6348,68.0955,0.0000,0.0000,0.0000,0.0000,0.0000,0.0000,0.0000,0.0000,0.0000,0.0000,0.0000,0.0000
1700000004.100000,-64.9,86.7698,84.5991,86.6083,86.6083,86.2844,86.0233,85.8021,86.8332,86.0523,87.8635,90.5538,91.2414,90.5207,89.8276,89.8053,92.0217,92.0217,91.2853,90.9065,92.3147,91.6788,93.2363,94.0213,95.4411,95.4411,96.8349,96.8349,97.4166,96.6075,96.8349,95.6033,98.8585,98.0816,95.7758,95.7758,93.5094,92.0217,89.8276,86.9770,86.2670,84.8999,82.1340,82.2192,77.8974,77.2334,73.4098,76.4003,74.0608,74.3303,73.5731,70.2353,70.2638,0.0000,0.0000,0.0000,0.0000,0.0000,0.0000,0.0000,0.0000,0.0000,0.0000,0.0000,0.0000
1700000004.150000,-64.7,85.0000,80.6226,81.8352,83.2166,82.3772,83.8153,83.4086,82.4621,82.3286,83.7377,86.4523,85.5862,86.3134,86.2670,88.3912,86.4523,87.9659,86.4523,88.0909,88.2383,87.4586,88.2383,87.0057,91.2634,92.4175,91.2634,93.4773,93.2309,93.2309,91.2634,91.4002,93.2363,94.8103,90.9065,91.5478,87.3212,87.9659,86.3134,83.4865,82.7345,79.9062,79.9062,78.5684,75.7430,74.4110,70.9366,70.6045,72.8011,69.8928,71.8679,67.1193,67.1193,0.0000,0.0000,0.0000,0.0000,0.0000,0.0000,0.0000,0.0000,0.0000,0.0000,0.0000,0.0000
1700000004.200000,-60.8,89.8944,87.2066,87.3212,86.9253,88.3912,85.7963,86.3308,84.7703,89.5600,90.5207,90.9560,90.9560,91.2195,91.0055,90.8020,93.2148,92.0706,91.9239,90.4489,90.5538,92.4392,94.3398,92.4392,94.2603,95.4254,94.3398,98.0816,99.2472,95.1893,99.2472,94.6414,97.3293,95.8853,94.8947,94.8947,95.3520,91.9837,89.7385,88.7694,84.6463,85.3756,80.7775,83.1685,76.5376,76.5376,75.6108,75.3923,76.1577,75.5844,73.9256,72.4017,70.2140,0.0000,0.0000,0.0000,0.0000,0.0000,0.0000,0.0000,0.0000,0.0000,0.0000,0.0000,0.0000
1700000004.250000,-61.5,90.0278,88.7694,89.2861,91.2140,88.8876,87.9318,90.7579,88.6002,90.4765,88.2383,93.1075,90.3549,91.7061,94.8947,94.3663,93.1504,93.6483,93.2952,92.1141,94.1541,94.1541,93.8136,92.1141,95.8019,98.8130,96.8349,99.6243,97.3499,100.9554,100.6876,100.4988,100.4988,99.8499,97.5295,96.6023,94.8262,92.1792,93.0376,89.4707,88.1419,85.2350,85.7963,83.5703,80.9938,79.4040,76.6551,79.3095,77.4661,73.5459,74.9667,74.4312,71.0282,0.0000,0.0000,0.0000,0.0000,0.0000,0.0000,0.0000,0.0000,0.0000,0.0000,0.0000,0.0000
1700000004.300000,-63.8,82.2982,82.0975,83.0060,81.0062,82.0000,80.0562,82.2982,82.2982,82.4924,84.5931,82.8734,85.1587,85.3288,85.7030,82.7647,85.8662,83.9345,84.8999,84.7703,86.0233,87.3613,87.5957,86.6487,87.9204,88.5438,88.2553,89.8888,90.8240,89.8888,89.5377,88.5438,91.7061,91.3947,87.6413,87.9318,87.8009,86.3481,82.7647,83.5464,80.6040,78.2624,76.1183,77.6466,73.8241,73.6817,71.2531,69.1158,72.0625,69.0000,69.1158,67.4759,65.1153,0.0000,0.0000,0.0000,0.0000,0.0000,0.0000,0.0000,0.0000,0.0000,0.0000,0.0000,0.0000
1700000004.350000,-66.3,86.7698,87.2066,86.8332,89.1852,87.1321,87.1321,84.5991,85.8021,86.6083,87.4586,89.2749,91.2853,90.5207,91.9239,91.2414,91.2195,91.9674,88.4138,92.0978,92.7631,91.9674,92.0978,89.6437,93.0054,93.8136,95.2103,96.6075,96.6075,96.6075,94.4034,94.8103,97.3088,94.2603,93.5094,94.1754,93.5094,92.0978,87.7838,86.3134,84.8646,84.1724,82.8070,79.9812,77.2334,78.8733,73.4098,75.2130,75.2130,74.3303,73.2462,73.0616,70.2638,0.0000,0.0000,0.0000,0.0000,0.0000,0.0000,0.0000,0.0000,0.0000,0.0000,0.0000,0.0000
1700000004.400000,-61.6,84.3090,85.0000,86.3134,85.8836,84.1190,84.7231,85.2350,82.3772,82.3772,83.0060,86.0523,86.6833,86.6833,87.9659,87.9659,86.3713,89.1403,85.5862,89.0955,86.9770,89.0955,89.8053,86.3713,90.0278,90.6863,92.1954,94.3663,92.0217,95.6713,90.6863,91.9674,93.3488,92.6337,90.5097,89.8276,87.6926,88.4138,86.4523,84.2912,85.0412,78.6003,79.8123,76.6094,75.8024,74.4043,71.5612,71.8679,71.5891,71.1196,71.1126,69.4622,68.3081,0.0000,0.0000,0.0000,0.0000,0.0000,0.0000,0.0000,0.0000,0.0000,0.0000,0.0000,0.0000
1700000004.450000,-60.0,91.2140,88.5268,92.4175,91.4440,91.5915,89.1067,89.1067,90.7965,90.7965,90.2718,94.1913,92.0217,95.0053,95.0210,92.0217,95.0053,94.0053,94.0213,95.1893,94.0479,96.1301,96.1873,95.2575,96.6282,97.6217,97.6217,98.3260,100.4988,98.3260,100.6032,99.1816,99.0808,100.0050,97.0052,96.0000,96.0052,95.0053,92.0869,90.1998,89.2020,87.5728,86.7006,85.7088,80.7527,80.2309,77.4661,76.4003,76.9220,78.7464,76.2168,74.8465,72.0139,0.0000,0.0000,0.0000,0.0000,0.0000,0.0000,0.0000,0.0000,0.0000,0.0000,0.0000,0.0000
1700000004.500000,-61.7,89.8276,87.1149,89.3756,86.5563,89.8109,85.0000,88.4816,87.6641,88.5099,90.2109,90.4268,90.9175,90.0500,91.7061,89.0056,92.5743,89.4707,89.9611,89.1572,91.5478,92.4770,93.9840,93.7763,94.5780,96.2081,93.9840,96.4624,99.0202,96.4624,99.0202,93.7763,98.2344,96.3846,94.4299,95.3415,95.7079,91.7061,90.0500,88.3233,85.5862,86.6083,82.1523,82.9277,77.1038,76.8440,74.2024,75.4321,74.6525,76.4199,74.2765,73.1095,70.8025,0.0000,0.0000,0.0000,0.0000,0.0000,0.0000,0.0000,0.0000,0.0000,0.0000,0.0000,0.0000
1700000004.550000,-60.3,81.2711,82.0975,80.6040,82.8010,79.8123,80.9197,82.8794,79.9812,83.4506,81.3204,84.1724,83.5464,84.2912,83.7377,82.4621,84.4038,84.4038,83.6002,86.5332,86.5332,84.6286,86.8217,85.4400,89.6939,87.9830,90.0500,90.0500,89.6939,90.0500,90.0500,92.1141,90.7359,89.5879,88.4816,88.4816,85.2115,86.0233,84.0238,80.2808,80.2808,76.5768,77.3369,77.1557,73.5935,71.4213,69.2965,69.3542,71.5891,69.0290,70.0000,67.1193,64.4127,0.0000,0.0000,0.0000,0.0000,0.0000,0.0000,0.0000,0.0000,0.0000,0.0000,0.0000,0.0000
1700000004.600000,-63.6,89.2693,88.5268,88.8876,88.0568,87.5957,88.5438,86.0349,85.4400,90.2497,86.9253,90.8735,89.4707,89.4427,90.7855,92.5743,89.0056,93.1504,88.6848,91.5860,91.9239,91.4166,92.9624,91.2688,94.0479,95.9635,95.1315,95.7183,97.9439,97.9439,95.4149,95.8801,97.6166,97.5295,94.3663,94.3716,92.1358,92.6121,88.2383,87.0919,86.1626,81.9329,84.7585,81.9085,79.1202,77.6209,75.7100,76.2955,74.9667,74.6726,72.3395,72.1110,74.0270,0.0000,0.0000,0.0000,0.0000,0.0000,0.0000,0.0000,0.0000,0.0000,0.0000,0.0000,0.0000
1700000004.650000,-62.1,87.0460,91.2414,86.2670,89.8053,86.3134,85.6329,85.7963,86.6833,87.3212,85.8021,87.4185,91.5260,89.5879,91.2688,90.9725,89.6939,91.7878,88.3233,90.9175,89.0674,89.9444,92.1792,90.3549,91.2853,95.2733,93.9415,95.7549,95.7079,96.1509,93.9415,93.5361,94.4140,94.5145,92.7847,92.9624,89.6939,87.9830,89.8721,86.0233,85.8021,82.8010,82.4621,80.2808,77.3369,76.4853,72.8629,74.2496,74.3303,72.3464,71.0634,71.6101,67.7422,0.0000,0.0000,0.0000,0.0000,0.0000,0.0000,0.0000,0.0000,0.0000,0.0000,0.0000,0.0000
1700000004.700000,-65.4,86.2844,89.8721,87.0057,91.0220,84.8116,88.0909,86.5563,87.1149,89.1403,84.8646,90.5097,89.8276,90.6090,91.5478,90.7855,88.2383,90.8020,86.4002,93.4773,93.2309,91.0220,92.3580,89.3085,93.8136,94.8736,95.1893,96.5660,92.9624,99.6444,91.9239,94.8736,97.0979,95.6922,92.4175,93.2309,89.6270,89.2020,87.4586,86.6833,87.3212,80.8084,84.9588,77.1557,79.2465,75.6637,74.2765,75.7430,73.1095,70.4344,71.6101,72.4017,71.1196,0.0000,0.0000,0.0000,0.0000,0.0000,0.0000,0.0000,0.0000,0.0000,0.0000,0.0000,0.0000
1700000004.750000,-63.7,90.5097,89.1403,87.1149,87.8635,88.6172,86.8332,86.4002,86.6083,87.4185,90.4268,88.5099,88.6848,89.5545,89.9444,89.9444,91.6788,90.3383,89.0000,88.7694,90.0777,92.7038,92.8493,92.8493,94.2444,95.2733,93.3006,96.1353,96.7988,96.7988,96.7988,93.4077,95.6347,95.4620,93.6216,94.0213,93.5201,91.2360,90.3549,86.8332,85.8836,85.5862,82.6801,82.3772,78.7718,77.1038,75.4520,78.0064,73.8783,75.1665,74.2765,72.8629,69.6563,0.0000,0.0000,0.0000,0.0000,0.0000,0.0000,0.0000,0.0000,0.0000,0.0000,0.0000,0.0000
1700000004.800000,-56.0,90.5207,86.1278,88.2950,89.2693,87.8635,87.6641,87.2983,88.1192,87.6926,89.4539,91.1976,89.0898,91.0494,90.0888,91.0220,90.0000,91.0055,91.0220,90.0500,91.0220,92.0869,92.0869,91.0879,94.4299,97.3293,95.3363,97.3293,98.2497,98.1835,95.3363,98.0459,97.0206,97.0000,95.0053,93.0484,94.0053,92.0489,90.1388,88.2043,87.3670,83.7257,81.6150,81.7435,79.2465,77.4661,75.1864,76.4003,76.2430,73.6817,75.0267,73.0069,72.0694,0.0000,0.0000,0.0000,0.0000,0.0000,0.0000,0.0000,0.0000,0.0000,0.0000,0.0000,0.0000
1700000004.850000,-61.5,90.2718,88.1419,88.0000,89.0056,89.0225,88.0057,89.1403,87.2812,88.3629,89.4539,89.5600,90.0944,90.0944,89.6270,88.4590,91.6788,89.7385,89.7385,89.5600,90.5207,90.5207,92.3472,89.8443,92.9731,93.6056,92.0272,94.2444,95.1893,95.5196,95.5196,94.2550,94.9210,93.9628,93.4077,92.4446,93.3916,90.0278,88.6454,84.3445,84.3445,83.3607,82.7345,83.3847,78.3135,78.2304,75.0600,76.0263,74.0068,76.1643,74.2428,73.8241,70.6116,0.0000,0.0000,0.0000,0.0000,0.0000,0.0000,0.0000,0.0000,0.0000,0.0000,0.0000,0.0000
1700000004.900000,-63.0,89.9444,90.0944,88.4590,91.5915,87.0976,89.2693,87.5557,86.1278,91.0934,86.3308,90.1388,89.3196,88.7694,91.9239,92.4770,90.8020,92.1358,88.1022,90.3549,91.2414,90.7855,91.7878,89.0674,91.9239,93.4933,94.3398,96.0417,95.5249,98.6154,93.8136,94.8947,94.4140,96.1509,93.0215,94.3716,89.8999,90.3770,87.8465,87.8465,86.1626,83.2166,82.5409,82.2192,79.1202,76.4003,75.7100,75.5050,76.1183,74.8131,73.5527,73.1095,70.0286,0.0000,0.0000,0.0000,0.0000,0.0000,0.0000,0.0000,0.0000,0.0000,0.0000,0.0000,0.0000
1700000004.950000,-60.7,88.7694,85.4400,88.5438,87.5957,87.6413,85.8662,86.5852,85.9069,85.9069,87.1321,87.2983,87.9659,88.8144,86.5794,87.3670,90.1388,87.0057,88.0511,88.0057,90.0056,88.0000,91.0494,87.0517,90.0888,92.0489,91.1373,93.4345,93.2631,92.3472,94.3398,92.1358,94.1913,93.0860,91.0494,91.0494,91.0000,90.0222,86.2090,85.1469,83.2166,82.2192,80.2247,81.4985,78.5175,76.5310,73.9797,74.1485,74.5252,75.0000,71.7844,71.8679,69.7782,0.0000,0.0000,0.0000,0.0000,0.0000,0.0000,0.0000,0.0000,0.0000,0.0000,0.0000,0.0000
1700000005.000000,-58.8,87.2353,88.5494,89.4707,90.3383,88.2383,89.1572,86.7295,86.0349,87.3155,89.4930,89.8443,89.9889,90.7083,90.4710,90.4710,89.0505,91.2414,87.2983,91.2414,90.0944,91.0824,91.6624,88.6848,91.2688,93.3435,93.3435,94.3398,92.5419,95.6347,93.4345,94.8947,95.0368,93.3809,93.3809,90.8020,90.8020,90.6090,88.5268,87.8009,84.2021,81.2711,83.4865,81.2711,78.7718,75.3923,73.9256,75.1532,73.3553,73.9256,72.7186,70.2140,71.0634,0.0000,0.0000,0.0000,0.0000,0.0000,0.0000,0.0000,0.0000,0.0000,0.0000,0.0000,0.0000
1700000005.050000,-61.5,88.3912,87.6812,88.5268,87.0460,86.5563,84.0238,84.2021,84.2021,87.0919,87.9204,89.5879,89.0449,89.3588,89.1852,87.8180,89.4707,87.2353,89.4707,87.8465,87.7269,87.7269,88.9550,88.7694,89.8109,91.7606,89.5377,92.0272,92.9731,91.7061,95.5092,90.1388,92.1141,91.3893,90.8735,90.6201,88.1419,89.0505,86.3134,85.4225,83.2406,81.8841,79.2591,80.7775,76.6616,75.1665,74.3303,73.6003,74.4043,73.8783,70.7672,69.2965,68.7677,0.0000,0.0000,0.0000,0.0000,0.0000,0.0000,0.0000,0.0000,0.0000,0.0000,0.0000,0.0000
1700000005.100000,-64.7,88.6848,87.6926,89.2693,89.4427,88.4590,84.5281,87.0976,85.1469,86.1278,89.5600,87.2812,88.2553,88.9550,89.6939,87.0919,88.2383,89.4707,88.5664,88.1192,88.1022,89.8999,91.7061,89.4707,90.2109,91.7878,92.2822,92.7847,92.9624,92.7847,93.8136,91.3017,95.7131,93.4773,91.6788,92.5743,89.4427,88.5664,87.3212,86.5390,83.0060,83.2166,81.3449,81.2711,77.4919,77.2010,73.2462,75.7100,71.3863,73.6817,70.4557,70.0643,69.0072,0.0000,0.0000,0.0000,0.0000,0.0000,0.0000,0.0000,0.0000,0.0000,0.0000,0.0000,0.0000
1700000005.150000,-60.1,90.9175,86.7698,91.7061,87.6641,90.8020,84.6936,88.9550,85.7963,86.9770,90.4765,90.4434,89.1852,89.8443,89.5600,84.8999,91.5915,84.3445,90.8020,86.3134,89.1067,89.4427,88.6848,92.0706,91.6624,91.5478,89.5600,91.3510,95.4254,89.3588,95.3363,90.6697,94.0479,93.2148,91.2414,89.2693,92.7631,88.8426,87.3212,84.8999,81.0432,82.9699,78.8480,83.8153,74.6726,76.3217,74.4648,75.1532,72.0139,73.8241,73.2462,71.6101,68.2495,0.0000,0.0000,0.0000,0.0000,0.0000,0.0000,0.0000,0.0000,0.0000,0.0000,0.0000,0.0000
1700000005.200000,-63.8,94.6678,93.1504,92.5743,93.9415,92.5743,92.1358,91.0000,90.2497,92.4770,89.8888,91.0824,92.6553,93.6803,92.7200,92.7200,91.9239,92.1954,91.2195,94.1488,93.9415,93.9415,94.2019,93.3809,94.7629,97.0155,96.8762,98.8585,98.0051,98.0051,97.0155,95.1893,97.4936,97.8621,96.3172,95.3415,94.3663,92.8924,91.7606,90.4434,88.5438,87.9204,86.3771,84.8646,80.2309,79.2023,78.7909,78.2624,77.5242,76.3217,75.4520,75.6042,72.9178,0.0000,0.0000,0.0000,0.0000,0.0000,0.0000,0.0000,0.0000,0.0000,0.0000,0.0000,0.0000
1700000005.250000,-62.5,88.2043,83.2166,85.8429,87.6926,84.0119,86.5794,85.9069,84.9294,90.2497,88.7694,85.0706,92.6984,91.4166,88.6002,86.7295,89.9611,87.2353,88.6397,89.0000,88.5494,88.1022,90.7855,89.8944,92.3580,93.4933,92.4392,93.2952,94.6678,94.1541,95.7183,95.5249,93.6483,95.3834,93.9149,92.5905,93.9149,89.9444,87.6641,87.8465,86.5390,86.1626,84.8646,83.5703,78.7718,78.7718,76.4003,80.6536,77.3692,76.2955,73.9797,74.3303,72.0278,0.0000,0.0000,0.0000,0.0000,0.0000,0.0000,0.0000,0.0000,0.0000,0.0000,0.0000,0.0000
1700000005.300000,-59.4,85.2350,85.4751,86.3134,84.9706,82.3468,83.2586,83.7735,82.6378,84.1546,83.8153,85.3815,85.7263,86.1278,84.6463,85.8662,83.1986,87.2983,83.1865,88.1192,87.6926,86.1452,87.4643,85.5862,89.3588,88.3629,89.3588,90.1998,90.2718,90.1998,90.1388,91.4440,92.4392,91.6624,90.0944,88.9550,87.9659,89.4427,87.0976,82.4621,82.2253,79.5550,80.7775,78.1601,76.5376,73.3894,71.5122,73.5391,71.6938,71.1126,70.7107,68.7968,68.4105,0.0000,0.0000,0.0000,0.0000,0.0000,0.0000,0.0000,0.0000,0.0000,0.0000,0.0000,0.0000
1700000005.350000,-62.8,85.2350,82.4621,82.3468,82.3468,83.1865,82.7647,83.7257,83.3547,83.0060,82.3772,82.6620,83.8153,83.6002,85.6037,85.6037,85.7963,84.3860,82.8794,82.8070,84.8999,84.2912,87.6926,84.8528,85.5862,88.4138,87.0460,88.5268,89.1403,90.5538,88.5268,87.6926,89.8053,89.1067,87.0000,88.4590,87.7838,84.2199,83.7377,82.4621,82.2010,79.0253,78.0064,78.0064,74.0608,72.9452,70.4911,70.7107,72.4707,72.0139,69.4622,68.0074,67.4463,0.0000,0.0000,0.0000,0.0000,0.0000,0.0000,0.0000,0.0000,0.0000,0.0000,0.0000,0.0000
1700000005.400000,-61.0,91.2853,89.9389,91.5478,91.5478,90.4268,86.4002,88.8144,89.5879,90.7359,89.8888,91.2688,93.6483,92.1792,91.7061,90.3549,94.9368,93.1075,92.7038,93.0484,93.9840,93.4077,95.1893,93.6376,97.0824,97.0824,98.0306,97.4166,99.6243,98.9798,100.2846,98.3514,99.2975,99.2975,94.9210,95.6347,93.7763,95.3415,92.1358,90.3383,88.5494,89.0056,85.9593,87.3212,80.2621,81.6333,78.7718,80.4487,76.4003,77.6209,76.4853,74.9667,74.5185,0.0000,0.0000,0.0000,0.0000,0.0000,0.0000,0.0000,0.0000,0.0000,0.0000,0.0000,0.0000
1700000005.450000,-58.7,90.4710,88.7694,90.1388,89.1852,90.7579,86.9770,88.9550,87.4643,87.8465,88.2383,90.8020,90.3383,90.7855,91.7061,89.0056,90.2109,89.3588,90.2109,90.6973,92.6553,91.8096,92.6553,92.4175,92.2009,93.8136,93.0054,94.8103,96.2133,95.0000,97.0052,95.2103,96.8349,96.5194,95.1315,91.8096,92.9624,91.0659,89.0674,86.3539,84.9706,85.8836,83.1865,81.9390,80.6226,77.8781,75.3923,75.6108,73.6817,74.0405,74.5252,71.1969,70.2567,0.0000,0.0000,0.0000,0.0000,0.0000,0.0000,0.0000,0.0000,0.0000,0.0000,0.0000,0.0000
1700000005.500000,-61.8,94.0213,92.3147,90.6863,93.5094,90.6090,90.5207,90.5207,89.8276,92.0217,90.6863,92.8493,92.3147,93.0860,94.6414,95.6033,93.4773,94.5780,92.9139,92.6499,93.4933,94.5780,95.1893,93.2952,95.7706,97.7548,97.6166,99.8499,99.8499,100.3444,98.0051,97.4166,98.2700,98.4784,97.3499,96.5194,96.0208,94.2019,91.6788,90.9065,90.7855,86.4523,86.4523,83.4506,79.9812,80.6102,77.1038,77.8974,77.4661,76.4003,75.7166,74.6257,73.7902,0.0000,0.0000,0.0000,0.0000,0.0000,0.0000,0.0000,0.0000,0.0000,0.0000,0.0000,0.0000
1700000005.550000,-64.8,90.4268,91.5915,88.8426,90.0278,88.2950,89.9889,88.8876,86.6487,89.4930,86.9770,89.3196,91.9239,92.7038,91.7061,90.8020,91.2414,92.1792,89.0674,92.2822,91.4166,90.0500,93.8136,88.8369,93.4773,95.1315,94.0479,96.2601,96.5194,97.3499,95.1315,95.4149,95.9635,95.7183,93.8136,93.1504,91.3017,89.9444,88.1192,87.2066,88.1022,82.3468,82.3468,82.8553,80.4114,75.9605,77.1622,76.5376,76.2430,75.1864,74.5252,71.5681,69.2604,0.0000,0.0000,0.0000,0.0000,0.0000,0.0000,0.0000,0.0000,0.0000,0.0000,0.0000,0.0000
1700000005.600000,-67.3,90.4268,87.6641,88.6848,91.3017,88.1192,86.7698,87.6641,87.6641,87.8465,88.7694,88.9550,90.4765,89.8109,89.1852,90.4434,89.9889,90.4710,88.5268,89.2693,90.0278,89.4986,91.5915,89.6270,90.9340,93.3809,92.2280,93.2148,92.2280,94.0479,95.1893,92.5743,91.7823,91.7823,92.4175,93.3916,90.7083,89.4986,86.9770,86.0233,85.7030,82.2192,81.5966,81.7068,78.1857,74.3236,73.7902,73.3553,74.2428,72.7186,69.3397,70.2140,68.7677,0.0000,0.0000,0.0000,0.0000,0.0000,0.0000,0.0000,0.0000,0.0000,0.0000,0.0000,0.0000
1700000005.650000,-61.3,89.0955,88.4138,89.2749,90.6090,88.7299,85.2760,86.4002,87.8009,90.2109,90.6973,90.4268,91.2688,92.1141,91.4166,92.1141,90.3549,90.3383,89.4427,89.4707,90.3383,90.3383,91.2853,90.8020,92.4770,94.5410,92.8493,95.6347,97.3088,95.6347,95.4620,94.0213,95.7549,96.6075,92.5743,93.4773,93.0591,91.7878,89.6939,86.9540,85.1469,83.2166,84.6286,81.8413,79.4040,75.4321,75.1665,76.4853,74.9667,73.5527,72.9178,71.8401,70.7248,0.0000,0.0000,0.0000,0.0000,0.0000,0.0000,0.0000,0.0000,0.0000,0.0000,0.0000,0.0000
1700000005.700000,-63.8,91.2195,89.2693,90.7083,92.6499,91.7606,88.6002,90.7579,90.1388,88.0227,92.1141,93.4077,93.1075,92.7038,91.7061,90.8020,92.6607,87.8180,90.4268,90.9175,92.7847,90.9175,92.7847,92.9624,95.9635,95.4149,95.4149,95.7183,95.1315,95.4149,97.0979,96.0417,96.8969,95.3834,93.0591,92.1792,93.0215,91.2360,89.1572,88.3912,86.1626,85.7963,82.6378,84.4334,79.1202,78.5875,75.6902,77.6660,76.2955,76.6551,75.3260,71.0634,70.0071,0.0000,0.0000,0.0000,0.0000,0.0000,0.0000,0.0000,0.0000,0.0000,0.0000,0.0000,0.0000
1700000005.750000,-65.7,86.4928,83.1865,87.1321,82.8734,83.7257,81.3019,83.1505,83.1505,84.0952,85.0235,85.0059,86.0930,86.0523,84.2140,84.0952,86.4697,83.7257,86.5794,82.0366,85.8429,84.7172,86.1452,87.1321,86.3481,88.2950,88.0738,90.0278,91.2195,88.0738,90.0278,86.4928,89.2693,89.1067,86.9770,87.9659,87.6926,84.8528,83.3847,81.2219,79.1581,81.0987,76.1052,77.0000,72.0000,72.0625,69.0652,71.3442,68.4690,68.8840,66.2873,68.1542,64.8460,0.0000,0.0000,0.0000,0.0000,0.0000,0.0000,0.0000,0.0000,0.0000,0.0000,0.0000,0.0000
1700000005.800000,-64.9,94.1541,92.1792,93.9149,94.3716,92.5743,89.4707,92.1954,91.1811,91.5478,92.9731,91.0824,92.7200,93.1451,95.0789,93.4077,94.1488,93.9415,91.0055,91.5915,91.4112,95.3520,94.3663,93.0591,95.5249,95.5249,96.5194,98.7320,99.7246,98.6154,98.7320,95.8853,99.1413,97.8621,98.0612,96.7729,95.3415,95.1262,90.7083,90.2497,88.3233,86.9770,84.1190,83.8153,80.0562,78.3901,77.3886,77.8203,77.4145,77.0260,73.2462,74.0608,73.1095,0.0000,0.0000,0.0000,0.0000,0.0000,0.0000,0.0000,0.0000,0.0000,0.0000,0.0000,0.0000
1700000005.850000,-62.2,92.1141,92.6499,91.2634,94.0479,90.2109,89.2020,88.4081,88.7299,90.0278,89.8721,89.8053,91.9348,91.2195,89.2749,92.0217,90.0278,91.6788,88.2383,90.8020,91.4002,90.8020,92.4175,90.6973,93.8136,94.0319,94.3398,96.0417,95.7183,96.5660,94.3398,93.7443,95.6922,96.0208,93.8136,93.6002,90.8020,91.6079,88.8651,87.4586,86.5563,82.8794,82.8070,80.6226,78.5175,76.3675,75.7430,74.3303,74.0270,72.6223,73.0069,70.7248,71.5891,0.0000,0.0000,0.0000,0.0000,0.0000,0.0000,0.0000,0.0000,0.0000,0.0000,0.0000,0.0000
1700000005.900000,-63.6,88.8651,86.2149,88.0057,87.8009,86.6083,85.1469,85.7555,86.0930,86.6083,86.8332,87.2353,87.2066,87.2353,87.3212,87.3212,86.1626,86.7295,85.7963,87.9204,87.3155,88.2553,89.1852,87.2812,91.9239,91.4822,90.5207,93.4077,93.4077,91.9239,92.7200,90.4434,92.6553,92.9731,90.4765,90.8240,90.8240,87.0919,85.6154,84.5813,80.5295,79.1581,77.3692,77.8974,73.9256,74.4312,71.8679,73.4983,71.0282,71.4003,69.5270,69.3542,67.9412,0.0000,0.0000,0.0000,0.0000,0.0000,0.0000,0.0000,0.0000,0.0000,0.0000,0.0000,0.0000
1700000005.950000,-65.6,89.4539,89.2020,90.1388,89.0505,90.0222,87.0000,88.0057,88.0909,88.0909,88.3629,91.4440,88.5664,89.6772,89.1067,88.2836,90.0278,89.2693,89.2693,88.5268,90.7083,90.5207,90.5207,91.4822,93.9202,93.0054,92.3472,94.8683,94.5569,93.3006,95.8175,93.6803,94.6414,93.8616,91.4440,91.4440,91.4440,91.0055,86.1452,85.9884,82.0366,83.6002,78.6384,80.3057,76.2365,76.2365,73.0616,74.0068,71.0282,73.1710,70.4557,69.8713,68.8840,0.0000,0.0000,0.0000,0.0000,0.0000,0.0000,0.0000,0.0000,0.0000,0.0000,0.0000,0.0000
1700000006.000000,-62.1,85.9826,87.4643,84.3801,87.1321,83.2406,86.7698,84.0773,84.1724,85.0882,82.4621,87.0919,86.3771,86.3771,86.6487,85.3815,85.4400,86.8332,82.0061,88.5268,86.3481,85.3756,86.1220,83.7437,87.2983,89.8220,90.2552,92.2280,88.8426,92.5743,87.2983,90.2441,90.2441,90.2441,87.8009,88.3233,84.4808,85.7263,83.2166,82.2800,81.7068,77.0779,78.3901,73.4098,73.8241,70.6612,69.7711,70.2353,68.7968,67.4240,68.6003,66.8431,67.2086,0.0000,0.0000,0.0000,0.0000,0.0000,0.0000,0.0000,0.0000,0.0000,0.0000,0.0000,0.0000
1700000006.050000,-63.4,92.1303,88.5664,93.5201,89.4707,91.5478,87.4643,88.6002,86.9770,87.5957,91.7606,91.3947,89.9889,91.2195,89.4986,89.4986,92.5743,89.1067,92.2280,89.9444,91.0824,92.9139,93.4345,92.5419,93.2631,94.3398,94.3398,95.2575,98.3260,94.2603,99.3227,92.5419,95.6347,95.0368,92.2280,92.3959,92.5743,90.8020,87.3212,85.8662,83.6780,84.7703,79.1202,82.5409,75.2728,75.9605,74.0945,73.0069,72.9178,75.1332,71.1969,70.7248,69.2026,0.0000,0.0000,0.0000,0.0000,0.0000,0.0000,0.0000,0.0000,0.0000,0.0000,0.0000,0.0000
1700000006.100000,-61.7,89.3588,89.6939,88.1930,91.9239,87.2353,89.0056,87.6641,89.0000,89.4707,87.4643,88.9550,92.3580,91.7061,92.0489,91.3947,89.7385,92.6499,87.3212,91.7823,91.2195,90.2441,91.7823,89.6270,94.8947,93.9042,94.0479,96.1769,93.0591,98.8585,93.6483,94.5410,95.7079,93.9415,92.4175,92.4175,89.4986,88.5268,88.0568,84.7703,85.3815,82.2192,81.9329,79.1202,79.1202,75.7694,72.0902,74.2496,73.3485,73.3553,71.3442,69.8928,69.0290,0.0000,0.0000,0.0000,0.0000,0.0000,0.0000,0.0000,0.0000,0.0000,0.0000,0.0000,0.0000
1700000006.150000,-63.5,84.9058,84.3801,84.3801,85.7555,83.7257,84.5991,82.2982,82.8553,82.2922,82.4621,84.8646,84.1546,85.7030,86.3308,85.7030,83.5225,85.4400,83.2406,84.4038,85.8662,84.8999,86.5852,84.1724,87.4757,87.8635,87.6641,89.8220,90.2441,90.4710,87.3212,89.2861,88.7694,87.9318,86.0233,86.6487,85.0706,83.8153,81.9329,81.3449,79.8499,75.6439,76.0592,72.4500,70.2140,69.3542,66.2420,67.2309,68.2422,66.0303,67.0075,64.5368,64.3506,0.0000,0.0000,0.0000,0.0000,0.0000,0.0000,0.0000,0.0000,0.0000,0.0000,0.0000,0.0000
1700000006.200000,-57.4,93.0000,91.0879,92.1954,89.1403,90.1998,88.4590,89.9444,89.6772,89.1067,92.0706,91.5915,91.0055,91.7823,92.4175,89.4986,93.0054,91.3947,90.8020,90.7579,92.0272,92.3472,92.6984,92.9731,95.2733,94.3398,93.4077,95.2733,96.5660,96.2081,97.1442,94.2444,95.8175,95.5092,94.9210,93.0054,92.8924,89.4986,86.8850,86.6833,82.3772,83.5464,80.2309,81.6150,75.4255,76.3217,73.1095,74.0608,74.0270,74.0270,73.1710,68.3593,67.4685,0.0000,0.0000,0.0000,0.0000,0.0000,0.0000,0.0000,0.0000,0.0000,0.0000,0.0000,0.0000
1700000006.250000,-61.4,94.1541,92.7847,91.7061,92.1792,90.7855,89.8999,91.7878,90.6201,92.1141,91.4166,91.4166,93.3006,93.3006,93.1451,92.4446,91.4440,94.1488,90.2441,93.5575,93.5575,91.4112,95.1893,93.0591,94.6414,95.8853,97.6217,99.6092,97.6217,98.8585,95.6347,95.0368,96.1769,97.3242,94.5410,96.1041,92.1954,91.4440,89.0225,88.0568,87.3613,82.5651,80.6536,79.3788,78.4474,75.2728,74.6726,73.5391,74.2496,72.4500,71.1969,71.3442,70.8025,0.0000,0.0000,0.0000,0.0000,0.0000,0.0000,0.0000,0.0000,0.0000,0.0000,0.0000,0.0000
1700000006.300000,-57.4,88.2327,88.5438,86.3771,88.8651,85.4400,87.0919,86.0058,86.3308,86.8159,85.0000,87.3212,89.1852,89.6939,89.0449,89.8888,88.2043,90.1388,84.8764,88.8144,88.2327,90.0000,90.0000,85.0000,89.2749,90.7855,92.1954,94.4934,93.2363,96.0469,88.8651,92.8009,93.6002,91.2634,90.4434,90.1388,85.9826,87.3670,85.2350,83.3547,82.8553,76.9415,81.8413,75.1332,75.1532,72.4983,69.8570,73.1642,70.2282,68.0074,68.9638,68.6586,67.7422,0.0000,0.0000,0.0000,0.0000,0.0000,0.0000,0.0000,0.0000,0.0000,0.0000,0.0000,0.0000
1700000006.350000,-60.4,88.8144,85.0000,85.2760,85.4283,85.7963,82.8794,84.8999,84.8646,83.4386,83.4386,87.0000,86.3713,87.7838,86.5563,85.7963,85.4283,85.6037,84.2021,85.2115,88.8144,87.4185,88.4816,88.2327,88.5099,90.9725,90.7359,90.7359,92.3580,90.9725,91.2688,88.2327,92.4175,89.6270,86.2149,86.8332,85.9128,85.1469,81.3449,79.9812,77.7817,76.3675,75.6637,75.6902,72.1388,72.1803,68.7677,69.8140,70.2140,68.0074,67.9559,64.8845,64.4748,0.0000,0.0000,0.0000,0.0000,0.0000,0.0000,0.0000,0.0000,0.0000,0.0000,0.0000,0.0000
1700000006.400000,-63.7,86.1452,83.7437,86.8850,84.7231,85.9069,83.1986,83.9345,82.2800,83.8153,84.1190,84.7585,85.0941,87.4643,86.1626,82.4621,88.1022,84.9706,86.7640,84.9706,86.3539,87.2353,87.7097,87.3212,89.1852,89.1852,88.3233,89.6939,92.7847,90.0500,92.7847,89.4707,90.8240,89.8944,85.8662,87.6641,86.8159,82.4621,82.2800,81.3449,77.4919,78.1089,73.0548,75.2861,69.9214,69.6419,68.1542,69.6348,68.2495,67.7422,65.2763,65.1230,66.0076,0.0000,0.0000,0.0000,0.0000,0.0000,0.0000,0.0000,0.0000,0.0000,0.0000,0.0000,0.0000
1700000006.450000,-62.8,91.9348,90.7855,89.4986,91.6788,90.2718,89.8109,90.8020,90.8020,89.0505,91.5260,92.9139,94.0319,91.9239,90.9175,90.0500,90.7855,91.6788,91.2414,90.8020,91.7061,91.6788,94.0213,93.1075,94.5410,95.7549,94.5410,94.7048,96.7729,96.7729,96.7729,94.0213,96.1769,95.7131,93.0591,92.5905,90.9175,89.1852,89.5879,83.7616,83.4865,83.7616,80.7094,82.2010,77.0065,74.0270,72.4707,72.9178,75.0067,72.8354,72.9178,71.8401,68.8186,0.0000,0.0000,0.0000,0.0000,0.0000,0.0000,0.0000,0.0000,0.0000,0.0000,0.0000,0.0000
1700000006.500000,-60.2,95.1893,92.3580,93.6803,94.2550,94.2550,91.9239,94.3663,92.4175,94.1488,93.3809,94.8947,95.0368,93.7710,95.6347,93.6483,94.1329,94.0851,94.1329,94.0479,95.0842,95.0842,96.0208,96.0208,97.0464,97.0206,98.0051,99.0454,99.0202,98.0204,100.0050,97.0206,99.0454,97.0824,94.3398,95.1893,94.2603,93.2631,87.8237,87.8237,86.3134,85.8429,82.3772,82.7647,78.6448,77.8781,76.6551,77.4919,77.4919,74.6726,73.9256,72.9178,70.2353,0.0000,0.0000,0.0000,0.0000,0.0000,0.0000,0.0000,0.0000,0.0000,0.0000,0.0000,0.0000
1700000006.550000,-63.4,92.9139,91.6079,91.4002,93.0054,89.0225,88.2383,89.4986,88.6172,89.2749,90.5538,91.2414,92.6337,92.6984,90.5538,93.3488,92.0978,91.5478,89.3756,89.8109,90.2718,91.0494,92.8009,89.0225,93.2309,95.4411,94.0479,96.6075,95.2103,97.4166,93.4077,94.8103,93.8616,95.1315,92.7631,93.4345,90.6090,88.4138,86.9770,85.5862,83.5464,80.6598,82.2192,79.5110,75.9276,72.6223,72.0069,73.4983,71.2811,72.4017,70.2353,70.6824,66.8506,0.0000,0.0000,0.0000,0.0000,0.0000,0.0000,0.0000,0.0000,0.0000,0.0000,0.0000,0.0000
1700000006.600000,-59.7,94.3398,89.6939,91.2853,93.1075,89.8999,88.5664,88.1192,88.1930,90.0500,90.2109,92.1141,90.9725,92.0869,91.0220,90.4434,89.6437,90.2718,88.8651,89.2749,89.4986,90.2718,91.3510,89.2749,93.3381,94.0691,92.6337,94.7523,94.7629,94.0479,94.0479,93.4345,95.5249,92.7631,90.7855,91.5478,90.4268,87.6185,85.0000,84.6286,83.8153,80.7094,77.9359,79.0759,75.4718,74.9466,71.1969,72.0694,72.0139,70.7743,70.0071,68.6222,67.9117,0.0000,0.0000,0.0000,0.0000,0.0000,0.0000,0.0000,0.0000,0.0000,0.0000,0.0000,0.0000
1700000006.650000,-61.6,95.7549,93.6483,95.1893,94.1913,93.1343,93.0860,94.0053,90.0056,93.0054,93.0215,93.0860,93.1343,95.1893,93.3435,93.5361,93.9042,93.0591,93.2148,93.5575,94.5410,94.3663,94.1488,91.2195,95.8019,97.7446,95.8019,97.0155,97.0155,98.9545,98.9545,96.8814,98.2700,96.8814,93.5575,95.3520,90.0944,90.7965,89.3588,88.2780,86.2090,83.0963,81.0987,81.0555,79.0253,76.0066,74.0000,75.0600,75.1665,74.4312,72.9931,71.5891,71.8401,0.0000,0.0000,0.0000,0.0000,0.0000,0.0000,0.0000,0.0000,0.0000,0.0000,0.0000,0.0000
1700000006.700000,-61.5,95.1315,95.0842,95.0210,95.0210,94.0053,94.0053,93.1343,93.1933,93.2631,94.1913,94.3398,93.6483,96.7471,95.8853,95.0368,93.9415,94.1488,93.9415,94.5939,95.0789,95.3415,95.3363,94.8314,98.0816,98.4937,97.1236,98.3717,98.0816,100.2846,99.3277,97.9847,98.9545,97.2934,97.0824,96.1041,94.5410,94.0479,89.8053,88.6848,86.3713,84.2912,84.2912,81.0987,80.0562,79.1012,77.0065,76.0066,76.0592,74.3303,72.8354,71.8053,70.6045,0.0000,0.0000,0.0000,0.0000,0.0000,0.0000,0.0000,0.0000,0.0000,0.0000,0.0000,0.0000
1700000006.750000,-64.7,85.9069,81.1542,84.8646,82.4621,84.7585,80.6536,83.8153,82.2800,82.0061,83.5225,84.7703,82.7103,84.8999,83.6780,82.0000,85.1587,81.2158,84.0119,82.8734,83.7257,81.7435,84.5931,84.5931,85.3756,84.5931,86.4697,85.3756,88.3629,85.3756,89.4539,84.7172,86.5794,87.9659,84.3445,84.3445,83.9524,82.7103,79.1202,76.2430,75.0000,77.4919,71.1688,73.3894,67.0671,68.0074,65.9242,65.3911,65.3070,66.2420,65.4599,63.8201,63.2535,0.0000,0.0000,0.0000,0.0000,0.0000,0.0000,0.0000,0.0000,0.0000,0.0000,0.0000,0.0000
1700000006.800000,-62.0,82.8553,83.5703,84.5044,85.7963,84.7585,81.9085,81.6088,82.7103,84.8999,83.1986,83.5464,83.1865,84.1724,83.8630,83.8630,83.6002,83.4865,81.3941,81.1542,83.2947,85.2878,86.2090,83.0542,85.0000,87.0000,85.0000,88.0227,89.0056,87.0057,87.0057,85.0941,87.1436,85.2115,84.4808,85.3756,83.3847,81.4985,80.7527,78.7718,76.9415,74.7329,74.5252,73.7564,67.9117,66.2193,65.5210,68.3081,66.7308,65.1920,63.1585,63.5059,62.2656,0.0000,0.0000,0.0000,0.0000,0.0000,0.0000,0.0000,0.0000,0.0000,0.0000,0.0000,0.0000
1700000006.850000,-59.5,91.0055,91.0055,93.0215,92.0217,91.0879,89.1403,89.2749,89.3588,90.3549,91.5478,90.6697,91.2414,92.2280,89.8220,90.8020,91.6788,91.4822,89.8443,89.8443,91.0934,91.0934,91.7061,90.7579,93.0484,94.5780,92.6984,95.4620,94.5780,95.2733,95.8593,94.5569,93.6056,94.2550,92.4446,92.4446,90.9560,89.2693,84.7231,84.7231,83.3607,81.0494,80.0625,78.7718,75.5381,74.4312,73.1095,73.1095,74.0608,71.0070,69.0652,69.3542,67.8970,0.0000,0.0000,0.0000,0.0000,0.0000,0.0000,0.0000,0.0000,0.0000,0.0000,0.0000,0.0000
1700000006.900000,-61.3,92.1141,90.8240,92.4770,91.9239,88.7694,89.0505,88.1419,89.0505,91.6788,89.9444,90.0500,92.1141,91.2688,91.8096,91.8096,91.5260,89.8721,89.6270,88.4081,91.8368,90.4434,93.0054,92.0054,94.1754,94.9210,92.8493,95.9010,96.5401,97.3088,96.2133,93.6002,95.2103,94.0479,93.1933,91.8096,90.9725,88.5099,89.3588,85.5862,84.1190,83.1865,80.5295,79.7057,76.0592,74.8465,73.3894,72.7324,72.1249,70.8802,70.0928,71.3863,68.3593,0.0000,0.0000,0.0000,0.0000,0.0000,0.0000,0.0000,0.0000,0.0000,0.0000,0.0000,0.0000
1700000006.950000,-61.7,85.2878,85.2878,85.8429,85.5862,85.8429,84.0119,82.2010,84.5281,83.7437,84.1724,84.1724,84.8999,84.2021,85.1645,82.8613,84.4334,84.7585,82.8734,83.3847,83.5703,83.5703,85.6154,84.1724,85.9069,86.8159,87.2353,87.3212,88.6397,88.6397,88.2383,87.8465,88.3912,86.7295,86.6487,85.3815,85.3815,84.4808,80.5233,80.2808,78.8543,76.4853,76.4853,73.8241,69.2315,69.8713,69.4622,68.1836,68.0661,68.0074,67.0671,66.2722,63.7887,0.0000,0.0000,0.0000,0.0000,0.0000,0.0000,0.0000,0.0000,0.0000,0.0000,0.0000,0.0000
1700000007.000000,-59.6,93.9628,92.7200,91.9239,91.4440,92.1954,89.8220,90.8020,90.6090,90.0944,90.6697,91.5478,92.3472,92.2659,91.1373,91.2688,93.0054,91.0055,89.0000,90.0000,92.0054,92.0000,91.0494,90.0500,92.4392,94.1913,95.3363,97.2523,97.2523,97.2523,97.2523,97.0824,95.0474,94.0000,94.0053,93.0484,92.0217,91.0220,88.1419,86.2090,86.3713,83.6002,81.4985,79.5110,78.0897,75.3127,73.2462,73.2462,72.8011,72.4224,71.4703,71.3092,70.6612,0.0000,0.0000,0.0000,0.0000,0.0000,0.0000,0.0000,0.0000,0.0000,0.0000,0.0000,0.0000
1700000007.050000,-63.7,86.8159,88.7694,84.3090,89.5545,85.7963,86.3771,84.1546,84.7703,85.0706,84.8999,86.5852,87.0976,86.8850,86.6833,87.8635,85.1587,87.1321,82.0366,86.7006,86.7006,86.8332,87.5728,84.2912,87.0919,91.1976,90.1388,90.1998,90.2718,94.3398,88.2043,91.5478,91.6624,90.0944,89.1067,89.2693,85.5102,85.7030,82.0000,82.4621,82.9699,76.9220,78.4474,74.6324,72.7324,70.5762,68.9420,68.9420,68.4471,66.1891,66.7308,67.1193,67.6240,0.0000,0.0000,0.0000,0.0000,0.0000,0.0000,0.0000,0.0000,0.0000,0.0000,0.0000,0.0000
1700000007.100000,-62.4,90.0278,90.0278,87.7838,92.0217,89.1067,90.5097,87.0460,89.1403,89.1403,87.3212,90.4268,90.8020,90.4434,92.0869,90.6973,90.9725,91.9239,86.6083,90.9175,91.4166,91.9239,91.7878,89.4707,93.9415,93.9415,95.2733,97.0824,94.3716,98.4124,95.2733,96.6023,96.6488,96.8969,92.7847,94.3398,89.6939,90.2109,90.1388,88.4816,86.8389,82.2010,82.0061,80.4301,79.0253,75.8222,73.5527,74.2496,73.5527,72.1803,71.5891,69.8140,69.0652,0.0000,0.0000,0.0000,0.0000,0.0000,0.0000,0.0000,0.0000,0.0000,0.0000,0.0000,0.0000
1700000007.150000,-65.1,89.8109,90.4268,91.0494,90.2718,89.4986,88.6172,87.8635,87.7838,90.5538,88.3912,87.7838,91.3510,90.1388,90.1388,92.8493,89.2020,91.4002,88.0057,89.0505,89.6270,91.0220,92.0869,88.7525,92.6607,93.1504,94.0213,95.5249,94.6678,96.8969,93.6483,93.1933,96.2601,96.6075,94.2019,94.0213,90.4268,91.4002,89.0225,89.3756,86.4523,82.1340,82.7345,79.1960,78.4920,75.6902,73.8783,74.2024,72.8011,71.6101,70.7248,71.3442,70.2140,0.0000,0.0000,0.0000,0.0000,0.0000,0.0000,0.0000,0.0000,0.0000,0.0000,0.0000,0.0000
1700000007.200000,-60.3,95.6347,93.6216,94.8472,91.7878,95.2733,89.4427,94.8947,91.4166,92.9624,92.9624,92.9624,92.9139,94.0479,95.0000,94.2019,94.3663,90.0278,93.6056,91.2853,94.7629,92.6984,95.4620,95.4620,96.2081,98.3107,96.2601,99.8248,101.9804,98.4937,102.7278,96.9381,100.4191,99.7046,97.5910,97.5910,98.3514,95.5249,91.6788,90.2718,86.8332,88.0909,84.0238,86.0233,80.2122,79.3221,78.2304,78.5493,77.5242,77.3692,75.6439,71.8679,71.1688,0.0000,0.0000,0.0000,0.0000,0.0000,0.0000,0.0000,0.0000,0.0000,0.0000,0.0000,0.0000
1700000007.250000,-59.9,91.9837,91.9837,89.4427,93.3809,88.9550,90.9340,87.5728,88.3629,91.1976,90.1388,90.0500,93.0000,92.0489,92.0489,94.0851,88.1419,94.4299,89.3588,90.9340,91.5478,92.5419,94.0479,90.0944,94.5939,97.0824,95.1262,100.2247,97.0824,100.2247,96.8814,98.4784,98.4784,96.0260,95.8853,97.8673,93.3435,93.5361,92.1954,89.1403,89.0505,83.0542,83.0241,83.0060,79.0000,77.1622,76.2365,77.4145,76.5310,74.8131,71.8471,72.0347,70.8378,0.0000,0.0000,0.0000,0.0000,0.0000,0.0000,0.0000,0.0000,0.0000,0.0000,0.0000,0.0000
1700000007.300000,-62.7,89.4427,89.0000,87.3212,89.4707,88.7694,86.7295,87.3155,86.9770,88.8876,88.6002,89.9889,88.5268,89.4986,91.0055,91.5915,89.1067,89.5600,87.1321,89.4539,90.3549,89.4539,91.2688,89.2749,93.0860,93.0860,94.0851,95.0474,95.0474,97.0464,95.1315,95.1893,97.2523,95.3363,94.5304,93.9042,90.9340,92.0706,89.6270,87.8635,87.0976,82.2253,83.6780,81.0432,80.0812,79.0569,74.3303,74.4648,74.3236,72.9178,74.2428,73.5731,70.2140,0.0000,0.0000,0.0000,0.0000,0.0000,0.0000,0.0000,0.0000,0.0000,0.0000,0.0000,0.0000
1700000007.350000,-59.8,87.2066,87.8635,86.3134,89.1403,85.5862,86.2670,86.3134,84.9588,87.1149,86.0523,87.6185,88.2327,87.9204,88.2043,89.5879,86.6083,89.1852,84.7231,88.5889,88.1192,88.5889,90.7855,86.7640,91.3893,92.3093,92.1954,95.4620,92.3093,95.4620,93.2309,93.5201,95.2733,95.7079,91.6788,93.5361,90.8240,91.3017,87.8180,86.0930,87.1321,82.6620,80.7094,80.4487,78.6003,77.0065,74.0270,73.1095,73.5935,69.3542,70.0357,69.4262,69.4046,0.0000,0.0000,0.0000,0.0000,0.0000,0.0000,0.0000,0.0000,0.0000,0.0000,0.0000,0.0000
1700000007.400000,-60.3,81.8413,82.6620,81.5414,84.5991,83.0060,81.4923,82.3650,78.7718,81.4125,82.2922,83.2586,82.8553,82.0792,82.6378,81.9329,83.4865,82.2192,80.0062,83.5225,83.5225,83.8153,84.8999,82.9699,86.1220,87.3212,86.8850,88.2950,88.2950,88.5268,89.4986,89.2861,88.6002,90.1388,87.9204,86.9770,85.0941,84.5044,82.4621,81.0247,80.5295,79.6053,75.1332,75.6637,72.2011,71.0211,68.7968,70.2140,70.6045,69.0290,68.0147,66.4680,65.8559,0.0000,0.0000,0.0000,0.0000,0.0000,0.0000,0.0000,0.0000,0.0000,0.0000,0.0000,0.0000
1700000007.450000,-66.4,85.4927,83.6301,86.3539,85.8836,85.9593,84.2199,84.3149,83.4865,84.6286,83.6002,85.2115,86.4002,85.4283,84.6463,83.8689,87.6926,86.2670,84.8646,84.1724,86.3713,86.3134,87.9659,85.7030,90.0278,88.6172,89.4986,91.0494,93.8616,93.2363,95.4254,92.7631,95.7758,93.5094,91.9674,91.2853,91.9348,89.1403,87.2066,84.5044,83.8689,81.0555,81.2158,82.0061,76.6094,74.6324,72.4017,74.3303,72.2011,71.5542,72.0902,68.0074,67.4463,0.0000,0.0000,0.0000,0.0000,0.0000,0.0000,0.0000,0.0000,0.0000,0.0000,0.0000,0.0000
1700000007.500000,-62.6,85.5628,83.4506,84.2912,83.5464,84.3860,80.4301,82.8010,80.8022,81.8413,83.4865,81.5414,85.7555,84.3801,84.7231,83.7257,87.2066,85.4283,85.4283,84.3090,85.6154,85.0000,84.8646,88.3912,87.9204,89.1964,89.1964,90.1388,91.7606,91.4166,92.6984,91.1811,91.5478,93.1075,90.3770,89.8999,90.7855,88.5494,87.8180,83.3547,82.1523,81.3019,78.2304,80.4487,75.8024,74.4043,72.8011,74.5185,71.4493,73.5391,70.0928,68.1175,66.6108,0.0000,0.0000,0.0000,0.0000,0.0000,0.0000,0.0000,0.0000,0.0000,0.0000,0.0000,0.0000
1700000007.550000,-61.5,86.0058,89.8999,85.0000,88.5889,84.5991,86.6083,82.9277,84.6286,86.6083,83.8153,87.2009,87.6185,87.4586,87.2066,90.6090,85.5628,89.1403,85.5862,87.1149,87.2066,87.1149,89.6437,85.9128,91.2140,93.0860,93.4077,95.8019,94.2019,97.0052,95.8019,95.2680,97.0052,98.0816,95.2680,95.7758,91.2853,91.2414,87.6926,88.4138,88.4138,82.8070,84.2199,80.9197,78.8733,76.0592,75.6042,75.8024,76.8440,73.2462,72.0069,71.5891,71.5122,0.0000,0.0000,0.0000,0.0000,0.0000,0.0000,0.0000,0.0000,0.0000,0.0000,0.0000,0.0000
1700000007.600000,-61.5,88.0738,89.4427,86.3134,89.2693,85.5862,86.5794,86.2090,86.0930,87.0517,85.0059,88.0000,88.0511,88.0909,88.1419,89.2020,87.4643,89.9444,87.6926,88.4590,88.4590,87.4757,90.8020,88.8426,92.4446,91.4440,94.8314,96.3016,95.8019,98.2344,95.3363,96.5401,95.1262,97.0824,95.7079,95.0368,92.2280,92.9139,89.4539,90.2718,87.2812,83.0963,82.0975,81.0247,80.0062,79.0063,76.0263,76.1052,75.3260,74.6726,74.5252,71.8053,71.1688,0.0000,0.0000,0.0000,0.0000,0.0000,0.0000,0.0000,0.0000,0.0000,0.0000,0.0000,0.0000
1700000007.650000,-63.0,89.6939,85.4400,90.4434,87.9204,88.8876,84.2021,87.0976,84.7231,86.3134,87.4757,88.9550,86.7006,89.3588,89.2020,88.2043,89.0000,87.0230,89.0056,89.0505,91.1976,90.1388,90.3549,91.2688,91.6624,93.9042,94.8947,96.1769,99.2975,95.3520,99.2975,95.6347,97.8673,98.4124,94.4299,95.2575,94.1913,93.0860,91.0000,91.0055,89.0000,88.0227,86.0233,85.0941,80.0999,79.2275,77.4145,77.6466,78.0897,76.9025,75.1864,72.7324,72.6154,0.0000,0.0000,0.0000,0.0000,0.0000,0.0000,0.0000,0.0000,0.0000,0.0000,0.0000,0.0000
1700000007.700000,-61.5,88.7525,91.8096,86.9540,92.4392,87.7097,90.3549,88.5494,89.8999,87.6641,86.9253,90.8240,92.3580,92.0272,91.3947,92.6553,90.9560,95.0789,88.5268,91.2195,92.1954,94.1488,93.9415,91.0055,95.8853,97.0155,98.9949,99.9850,98.1529,101.2719,99.1413,101.7890,101.2028,100.1699,99.6895,98.4937,97.2677,97.1236,94.2444,92.3580,94.5780,88.9550,90.6201,85.6154,84.1724,81.8596,78.7718,80.2621,79.6116,76.8440,77.0065,76.0592,74.2765,0.0000,0.0000,0.0000,0.0000,0.0000,0.0000,0.0000,0.0000,0.0000,0.0000,0.0000,0.0000
1700000007.750000,-63.5,88.2383,87.4643,87.0919,87.6641,86.9770,85.3815,85.8662,84.6463,87.8635,86.8850,87.6641,88.4590,89.4427,88.6848,88.4590,89.2020,91.1373,87.0919,90.0056,90.0056,90.0000,92.0869,91.0220,93.0860,97.1288,94.1329,97.1854,97.2523,100.1798,98.2497,99.0808,100.1249,100.0450,99.0202,97.0000,95.0210,94.1329,92.4392,90.4489,90.2718,86.5794,86.9770,84.3445,82.2010,80.0625,78.4474,79.0759,77.6209,76.5376,74.4648,73.4098,73.9256,0.0000,0.0000,0.0000,0.0000,0.0000,0.0000,0.0000,0.0000,0.0000,0.0000,0.0000,0.0000
1700000007.800000,-64.3,82.7345,80.6226,79.9812,82.8070,80.8084,79.0253,79.4040,81.0247,79.6304,80.9938,80.4550,82.8553,83.2406,82.2982,83.1865,83.1926,83.7735,82.4621,83.0060,83.9345,84.5044,85.0941,84.4334,85.7263,88.8876,89.5600,91.7606,91.0934,93.3006,91.7606,91.4166,91.4166,91.7606,90.6201,89.6939,88.6397,87.7269,86.3134,85.0000,85.0000,81.9878,80.7775,76.8505,76.0066,73.7835,72.2011,72.8011,73.1095,71.5891,70.7248,69.3542,68.2495,0.0000,0.0000,0.0000,0.0000,0.0000,0.0000,0.0000,0.0000,0.0000,0.0000,0.0000,0.0000
1700000007.850000,-64.6,88.9550,84.6936,89.4707,86.7640,87.6584,84.5340,86.0930,82.6801,86.2670,86.8217,87.6641,87.4185,88.0057,87.8009,86.8332,90.6090,85.6329,87.7838,87.6926,90.5207,90.5207,90.6090,91.9348,91.9674,93.3809,93.4345,96.4261,98.4937,94.1754,98.4124,96.1769,96.9381,99.0051,96.8762,96.1769,97.0824,95.1315,92.0054,89.2020,86.4002,86.6083,83.8153,86.8217,80.4550,78.2304,78.0320,78.2943,77.3692,76.1577,74.6726,73.4983,73.0069,0.0000,0.0000,0.0000,0.0000,0.0000,0.0000,0.0000,0.0000,0.0000,0.0000,0.0000,0.0000
1700000007.900000,-61.9,89.6270,85.8021,85.9128,86.2149,86.5563,84.9588,85.5862,83.4386,85.6329,87.6926,88.6172,86.6833,87.4586,88.0057,87.8009,88.5099,89.3588,87.9830,89.1852,89.5545,88.8369,91.3017,89.9444,93.0215,94.8103,94.8103,97.5090,98.8433,97.9898,96.6644,96.1509,97.0618,98.1122,95.3834,96.3846,94.6678,93.8136,92.0869,89.8721,89.0505,85.8021,85.0000,84.8116,81.2158,77.9872,77.8332,76.3806,77.0779,76.4853,75.9276,74.0270,70.7248,0.0000,0.0000,0.0000,0.0000,0.0000,0.0000,0.0000,0.0000,0.0000,0.0000,0.0000,0.0000
1700000007.950000,-59.6,87.0517,87.0230,85.2115,90.2718,83.3847,86.7006,85.7088,83.0241,86.3134,83.7437,88.6002,88.8876,86.3308,89.8109,87.5957,85.7963,88.7694,84.8646,90.0777,90.0777,88.7694,89.0505,89.0000,93.5361,93.0591,94.8947,96.6023,93.9415,97.9490,93.9415,97.5090,97.1700,97.3088,94.7048,94.3398,90.8240,91.9239,90.1388,86.6487,86.6833,82.9699,85.7263,80.5233,79.0759,79.0759,75.6637,76.3217,75.2396,76.1052,75.0600,73.0069,70.1783,0.0000,0.0000,0.0000,0.0000,0.0000,0.0000,0.0000,0.0000,0.0000,0.0000,0.0000,0.0000
1700000008.000000,-62.3,88.7694,88.5268,88.0738,87.0976,86.3134,84.1724,83.7257,85.4751,83.3847,86.2090,86.0930,88.0057,88.0000,88.0227,88.0227,89.2020,88.2780,87.2812,87.5728,89.6772,88.5664,91.0824,89.1067,91.9837,92.7631,93.7443,94.7259,95.5249,95.5249,95.5249,93.0591,95.8853,95.6347,94.5304,92.3472,91.2688,91.1373,90.0222,88.0227,87.0057,86.0058,82.0244,83.0963,79.1581,79.2275,75.5381,75.8024,76.2955,74.5252,73.4983,71.4703,70.3847,0.0000,0.0000,0.0000,0.0000,0.0000,0.0000,0.0000,0.0000,0.0000,0.0000,0.0000,0.0000
1700000008.050000,-61.5,93.0591,90.6697,90.3549,90.3549,89.2020,90.0888,90.0000,90.0000,90.0056,90.1388,92.1358,90.1998,92.3472,93.6483,92.7793,91.4112,93.3809,90.6090,92.4175,92.6499,94.3663,95.8019,92.6499,97.4166,97.5295,99.3277,100.0000,100.4241,102.3572,99.2018,99.6895,100.6628,99.2472,99.4636,99.4636,97.0155,96.0260,93.2631,92.3472,92.2659,88.1419,87.0919,85.0235,83.0000,81.0000,80.0999,79.2275,79.6304,77.9295,76.2955,75.7100,74.3303,0.0000,0.0000,0.0000,0.0000,0.0000,0.0000,0.0000,0.0000,0.0000,0.0000,0.0000,0.0000
1700000008.100000,-60.8,90.2109,87.4643,87.7097,85.9593,86.7698,85.8662,84.1724,84.8646,84.5044,87.3155,86.6487,86.0233,89.5600,88.6002,89.0225,90.2441,87.8635,87.8635,88.2836,90.2552,88.1192,90.0944,90.9340,92.4392,94.8947,94.3398,95.4254,97.8673,95.8853,95.6347,94.3663,95.3520,95.5249,93.7443,94.1488,93.1719,90.4710,89.5600,86.6833,85.3815,83.8153,81.5966,80.9938,78.5493,76.6942,75.6439,74.7329,73.7902,74.4312,73.4983,70.8025,69.5270,0.0000,0.0000,0.0000,0.0000,0.0000,0.0000,0.0000,0.0000,0.0000,0.0000,0.0000,0.0000
1700000008.150000,-64.6,82.7345,81.3941,83.5464,82.1340,80.8084,79.6492,80.6040,80.8022,81.8413,80.7094,80.9938,84.3801,82.8553,83.2406,84.5991,85.4283,85.0882,83.2586,83.7735,85.2350,84.6936,86.1626,85.7963,86.3308,89.5377,88.8651,90.7579,90.7579,90.1388,90.7579,89.8888,89.6939,90.8735,89.4707,88.1419,87.6641,85.4225,84.1190,85.0882,81.9878,77.6981,76.8505,77.3886,71.8471,71.8471,70.6045,70.6045,69.5270,70.0928,67.8822,66.5282,66.2193,0.0000,0.0000,0.0000,0.0000,0.0000,0.0000,0.0000,0.0000,0.0000,0.0000,0.0000,0.0000
1700000008.200000,-56.9,92.3580,89.5879,90.8020,88.0057,88.4081,86.0523,88.7299,87.8635,87.8635,90.5207,92.6337,90.5538,90.6090,88.6172,90.6090,93.4077,90.4268,89.8109,91.4002,91.6079,92.8009,94.8683,94.0479,95.1893,96.2549,97.6371,97.3499,98.7370,97.3499,99.5691,97.4166,98.0051,99.6394,96.5401,92.3147,94.2603,91.5478,87.0460,89.8276,84.8646,86.2670,81.3204,84.9588,77.8974,79.5110,76.4003,76.6094,74.8866,75.1665,74.4312,72.0069,71.1758,0.0000,0.0000,0.0000,0.0000,0.0000,0.0000,0.0000,0.0000,0.0000,0.0000,0.0000,0.0000
1700000008.250000,-58.1,91.3947,89.8109,88.6002,90.1388,89.6939,86.4060,89.0000,88.1192,89.0056,88.6848,90.9175,91.2688,91.2688,92.9139,92.3580,93.2309,92.2009,90.8020,91.5478,90.9065,92.3147,94.9210,92.7631,96.2081,96.8969,96.1769,98.3107,99.7647,100.4988,96.2601,99.2472,99.1564,98.5951,96.5401,97.4526,94.6414,93.0054,91.0220,89.8721,87.9204,83.5284,82.1523,81.9878,78.5493,77.8974,75.1332,76.0263,75.1532,73.9256,73.3894,71.4703,70.6116,0.0000,0.0000,0.0000,0.0000,0.0000,0.0000,0.0000,0.0000,0.0000,0.0000,0.0000,0.0000
1700000008.300000,-62.1,89.0056,84.1190,86.4523,84.7231,89.0449,81.8352,86.0233,83.4086,86.8332,88.0909,86.8332,86.5563,88.5268,90.6090,86.3134,89.8276,85.6329,87.7269,87.2066,90.1388,88.6172,92.6175,90.9065,92.8009,93.8616,94.8103,94.4034,97.6166,94.2019,98.4073,90.9065,95.2680,95.7758,93.5094,92.6984,91.2195,89.0955,87.0460,85.6329,81.3449,82.8794,77.9872,80.2808,74.6525,74.8131,72.8011,73.8173,72.6705,71.3442,69.7711,68.9420,67.0671,0.0000,0.0000,0.0000,0.0000,0.0000,0.0000,0.0000,0.0000,0.0000,0.0000,0.0000,0.0000
1700000008.350000,-63.4,89.3196,87.4643,90.8020,88.5664,88.1022,86.3134,85.0882,87.3212,88.3233,88.3233,89.5879,89.8721,91.8368,90.2109,89.6270,91.6788,87.9659,90.0278,90.6090,90.6090,90.6090,92.6553,90.5538,94.7629,94.0479,94.7523,96.8762,96.1769,96.8762,96.8762,96.9381,99.1564,97.0824,95.1315,95.1315,91.6788,89.8109,89.6270,88.4816,85.4459,82.3772,80.9938,79.9250,76.6616,76.1577,72.4707,74.2496,73.8241,73.5391,71.8679,70.6045,68.6586,0.0000,0.0000,0.0000,0.0000,0.0000,0.0000,0.0000,0.0000,0.0000,0.0000,0.0000,0.0000
1700000008.400000,-60.8,92.0489,89.2749,91.4440,89.3588,89.9444,86.9770,89.6270,90.0278,90.0278,92.1954,91.4440,89.7385,90.5207,91.0934,90.4434,91.7061,90.4765,90.4765,88.7694,89.6939,91.9239,91.7061,91.7061,92.5743,96.6075,93.9415,97.0464,96.6075,97.0824,97.0824,96.7729,97.1700,96.2081,94.3398,93.3006,94.2444,90.4434,89.5600,87.5557,84.8999,82.9759,82.0000,81.5843,77.4661,75.3127,74.1485,75.4255,75.2396,73.1095,71.0070,70.1142,69.5845,0.0000,0.0000,0.0000,0.0000,0.0000,0.0000,0.0000,0.0000,0.0000,0.0000,0.0000,0.0000
1700000008.450000,-57.4,93.0860,94.1329,90.3549,92.2659,90.3549,89.6772,90.2552,89.4427,90.6090,89.2693,90.7083,90.9560,90.5207,92.3472,91.0934,90.4434,93.3006,87.6641,90.8240,91.1811,91.1811,91.9239,89.1572,92.5743,94.8472,92.5743,96.1769,95.3415,97.0824,94.4299,95.4620,95.4620,93.9840,93.9840,95.8175,89.8109,91.3947,88.8876,85.8662,85.3756,81.0247,81.7863,80.4114,77.2787,77.1038,73.8241,74.4312,74.1687,71.0634,69.0000,69.0652,70.2567,0.0000,0.0000,0.0000,0.0000,0.0000,0.0000,0.0000,0.0000,0.0000,0.0000,0.0000,0.0000
1700000008.500000,-61.4,92.1358,92.0489,94.0053,92.0054,93.0054,91.0220,92.0217,91.0879,91.0879,91.1976,93.5361,92.6553,91.5478,91.0824,90.2552,92.5743,90.8020,89.8220,91.2195,91.9837,90.2441,91.4440,92.6499,93.9628,94.6414,93.6803,95.6033,95.6033,93.8616,96.3016,93.3916,94.1488,93.3809,92.5743,92.2280,91.0824,90.9340,88.2780,85.2878,82.2192,81.0555,79.0569,81.0247,77.0000,76.0263,73.1095,74.2428,71.4493,71.8471,71.1969,69.6348,68.0074,0.0000,0.0000,0.0000,0.0000,0.0000,0.0000,0.0000,0.0000,0.0000,0.0000,0.0000,0.0000
1700000008.550000,-61.0,92.8009,94.2019,93.0054,94.8103,92.4175,91.2634,90.9725,90.2109,90.5538,90.5538,91.7878,89.4707,92.1303,93.9415,92.5743,91.2853,91.9239,87.8465,90.8240,90.8240,92.1141,94.5780,88.6002,93.9628,94.2550,93.3006,96.1353,95.2103,95.5092,94.5569,94.5780,95.5196,94.5780,92.8493,89.9611,89.6939,87.3212,86.3308,84.5340,85.0000,81.1234,80.6226,78.0320,75.8024,76.0066,72.9452,73.0069,70.8025,69.0290,70.1783,70.0071,68.7677,0.0000,0.0000,0.0000,0.0000,0.0000,0.0000,0.0000,0.0000,0.0000,0.0000,0.0000,0.0000
1700000008.600000,-63.4,95.3834,92.7847,94.8736,93.4933,92.6499,91.5260,93.7443,90.4434,91.4002,90.4268,94.0213,91.5478,94.2603,93.5094,91.3510,93.3488,91.9239,91.2195,91.2853,91.9674,91.2414,93.4345,90.5538,95.1315,95.7758,92.8493,95.7758,94.9210,94.9210,96.4261,94.1116,96.2081,93.3381,92.6553,92.6984,91.9674,90.6090,86.5563,86.6833,83.2406,83.0060,81.4002,79.8812,77.1038,76.0066,74.0945,74.7930,72.0069,72.0139,72.0902,70.8378,68.6804,0.0000,0.0000,0.0000,0.0000,0.0000,0.0000,0.0000,0.0000,0.0000,0.0000,0.0000,0.0000
1700000008.650000,-60.5,96.5401,93.8616,95.0000,94.8103,94.6256,89.8721,92.9139,90.9725,90.5538,92.7847,93.6483,93.0591,93.0215,90.8020,90.3383,94.5410,89.6939,91.5478,91.0824,94.5780,92.6984,92.9731,93.3006,93.9628,95.2103,95.8801,93.9628,96.8401,94.9210,98.0816,94.2550,96.7678,95.1893,93.6376,92.6984,92.4770,87.8465,86.4060,87.2353,83.6301,83.6301,80.0625,80.5295,76.4788,77.0260,74.0945,74.6257,73.4983,72.8011,71.7008,70.0928,69.3542,0.0000,0.0000,0.0000,0.0000,0.0000,0.0000,0.0000,0.0000,0.0000,0.0000,0.0000,0.0000
1700000008.700000,-61.0,99.3680,95.2733,94.8683,95.1893,93.9202,92.1792,90.7083,91.4440,92.1954,94.1488,93.5575,95.3520,94.2019,94.7629,94.8947,94.2603,93.1933,92.2659,93.0860,94.1329,95.0842,95.0210,95.0210,95.0053,98.0051,95.0000,99.0051,99.0051,99.0051,98.0051,96.0469,97.0824,97.1288,95.1893,96.1873,94.3398,90.5538,89.8053,88.9550,86.1452,85.1587,81.3941,81.7863,76.9025,78.5875,75.0000,75.5844,75.8947,74.4648,74.3236,73.3553,69.6419,0.0000,0.0000,0.0000,0.0000,0.0000,0.0000,0.0000,0.0000,0.0000,0.0000,0.0000,0.0000
1700000008.750000,-60.8,85.7088,84.7172,86.2844,84.3801,85.2878,81.1542,82.0975,81.0555,84.0238,83.0241,83.1505,81.2219,83.2166,82.4924,82.2982,83.8630,83.0241,83.8630,81.3941,82.2010,83.0241,84.5281,85.5102,85.6154,86.3481,86.3481,86.3481,89.0505,86.1220,89.0505,85.1587,87.2983,86.8332,85.7088,85.4751,84.4808,83.4865,79.2275,78.2304,77.0584,77.0260,73.0274,75.0000,69.0072,71.0634,67.3647,67.3647,65.7647,66.9104,65.3070,64.5601,62.6259,0.0000,0.0000,0.0000,0.0000,0.0000,0.0000,0.0000,0.0000,0.0000,0.0000,0.0000,0.0000
1700000008.800000,-61.2,99.2472,97.0824,95.5667,97.7446,93.1451,93.1451,92.6553,92.9731,92.3580,91.9239,94.0213,93.5201,93.9415,93.9149,92.5743,93.9415,95.7706,93.1504,94.1541,93.8136,95.3834,94.6678,93.8136,96.5194,97.3499,96.8349,96.7988,96.7988,100.7025,96.7988,98.6154,98.9798,98.4886,95.7131,95.7131,93.9415,92.5743,92.1954,89.0505,86.9253,85.4400,85.7963,82.8734,79.6994,80.3617,77.8845,77.6209,77.4661,77.2787,74.8131,72.2496,70.0286,0.0000,0.0000,0.0000,0.0000,0.0000,0.0000,0.0000,0.0000,0.0000,0.0000,0.0000,0.0000
1700000008.850000,-63.5,95.0053,92.0054,92.0869,91.0220,90.1388,90.1388,90.4489,88.5664,87.6926,89.2693,91.4112,90.8020,90.2441,89.2693,89.2693,90.5207,90.1388,91.0934,90.7579,93.9202,92.3580,93.6376,91.4166,94.3398,94.7048,94.3398,96.5660,96.2081,95.5196,97.1442,96.7678,97.0824,97.1236,93.0054,91.9239,92.4175,92.4175,88.6454,87.2983,83.3607,83.0241,79.7621,80.5047,78.4092,78.2304,75.1665,76.0592,75.0067,75.1066,74.3303,71.8471,71.5891,0.0000,0.0000,0.0000,0.0000,0.0000,0.0000,0.0000,0.0000,0.0000,0.0000,0.0000,0.0000
1700000008.900000,-65.1,97.7446,94.8314,95.0789,93.4077,93.9202,90.4434,92.4770,92.1141,90.0777,92.1954,93.5201,92.5743,91.7061,92.1792,91.4166,95.1893,91.2688,93.7443,92.3580,95.6922,94.3027,95.2103,97.4166,96.8298,98.6002,97.8008,99.0202,100.6032,98.4073,100.6032,99.0454,98.4733,99.0202,97.9439,98.2700,96.8969,94.1541,90.3549,89.4707,86.7698,85.4283,83.6301,85.4927,80.2309,77.6209,74.3303,76.2168,77.2010,78.3390,75.7100,74.8131,71.1758,0.0000,0.0000,0.0000,0.0000,0.0000,0.0000,0.0000,0.0000,0.0000,0.0000,0.0000,0.0000
1700000008.950000,-60.5,96.0469,94.0479,95.0842,94.0851,92.3472,92.2659,92.6553,90.7965,91.0824,89.6270,92.6499,91.4822,92.4446,93.3006,91.4822,93.9202,91.4166,91.7606,93.4077,95.2733,93.9840,94.7048,94.5410,97.9439,99.3177,99.7447,102.0441,101.6366,103.0776,99.9250,101.8430,102.4597,100.5783,99.3277,99.3277,96.5660,95.6033,90.7083,91.4440,88.6454,86.3134,86.1452,84.0119,80.6226,80.2247,77.0584,78.0577,77.0000,75.0067,76.0263,74.3303,72.1803,0.0000,0.0000,0.0000,0.0000,0.0000,0.0000,0.0000,0.0000,0.0000,0.0000,0.0000,0.0000
1700000009.000000,-63.1,89.6437,90.1388,88.5268,89.2749,87.6926,87.6812,88.4138,87.1149,85.7963,85.2760,87.6185,87.4185,88.0057,89.5879,88.7525,89.0674,88.5889,88.1930,89.4427,89.8944,89.0056,91.2360,92.1358,93.7763,94.0213,97.1700,97.6934,98.4886,98.0867,97.9898,97.5090,99.7296,97.5295,94.8947,93.1504,91.7878,90.5538,90.1388,86.8389,85.4459,83.0060,82.2010,82.0061,78.0064,75.4321,74.4110,74.3303,74.2496,72.1388,72.4707,71.2180,68.2422,0.0000,0.0000,0.0000,0.0000,0.0000,0.0000,0.0000,0.0000,0.0000,0.0000,0.0000,0.0000
1700000009.050000,-63.4,89.8276,91.3510,87.9659,90.1388,86.2149,87.2009,89.0505,85.4459,87.1321,86.6083,87.8180,89.9444,88.5889,87.6584,89.4427,88.3912,91.7606,86.1626,90.4765,90.1388,90.1388,92.0272,90.7579,93.9628,94.2550,98.3717,98.3717,97.1236,101.8332,98.3717,100.3045,97.7394,98.2344,94.9368,94.9368,92.1358,90.8020,88.5889,88.1930,85.4751,82.4924,83.0060,81.8352,79.6116,77.3886,75.4520,73.6003,74.6525,72.9178,72.8629,70.0928,69.0290,0.0000,0.0000,0.0000,0.0000,0.0000,0.0000,0.0000,0.0000,0.0000,0.0000,0.0000,0.0000
1700000009.100000,-61.5,91.0824,90.4434,90.5207,89.5600,88.0738,85.1469,86.1452,85.9884,87.6926,88.4590,89.2020,89.0898,90.1388,89.0000,88.0000,90.0888,90.1998,89.2020,89.3588,89.5600,91.6624,93.9042,92.9139,92.5743,98.1529,95.7079,98.8433,101.4347,100.6231,100.4490,98.9949,98.6154,99.5038,97.3293,95.2575,93.1343,91.0494,90.0056,90.0056,85.0059,85.0235,82.0244,82.1523,78.1601,76.2365,75.4255,75.4255,74.8131,74.7329,72.0347,71.1688,70.0071,0.0000,0.0000,0.0000,0.0000,0.0000,0.0000,0.0000,0.0000,0.0000,0.0000,0.0000,0.0000
1700000009.150000,-59.8,86.5563,85.6037,85.8021,85.0000,83.2346,82.3772,82.4924,82.8553,84.5991,84.5340,84.9706,86.3308,84.6936,85.2350,83.0060,87.5957,85.0706,85.0706,83.6780,86.8332,85.8662,88.2950,88.2950,88.8426,92.9624,91.7823,93.9415,96.1041,95.1262,95.5667,93.8616,94.6414,93.6803,92.3472,92.6553,91.0824,89.1964,87.0919,85.2350,82.8553,81.0247,78.7909,77.8267,72.4500,72.8972,71.6938,73.0616,71.5612,70.4557,70.6045,68.1175,67.1789,0.0000,0.0000,0.0000,0.0000,0.0000,0.0000,0.0000,0.0000,0.0000,0.0000,0.0000,0.0000
1700000009.200000,-57.2,93.0860,90.0278,91.2853,91.3510,90.5538,86.9770,89.9389,88.7299,89.6437,89.6437,91.0494,91.0220,91.2634,92.0869,92.3580,91.9239,91.3017,91.3017,91.2414,94.3716,94.3716,95.3415,94.3716,98.4886,97.9898,99.9250,103.0776,102.1567,102.9563,101.6366,102.8591,102.8591,104.2017,98.4886,100.7224,97.7548,95.9635,94.0479,93.2309,91.0220,87.8009,86.2149,85.2760,80.2808,78.8733,78.6448,78.5684,75.6637,75.7430,74.0270,73.8173,71.8679,0.0000,0.0000,0.0000,0.0000,0.0000,0.0000,0.0000,0.0000,0.0000,0.0000,0.0000,0.0000
1700000009.250000,-61.8,89.8721,84.3149,88.5099,85.4459,87.4643,84.2199,84.1190,84.5340,85.8662,85.4927,86.9253,85.4400,86.0349,87.2812,85.7030,88.0568,83.9345,87.8009,85.1469,89.2693,88.0738,90.8020,90.6090,91.6624,94.0479,94.0479,98.4784,99.1413,96.3379,99.6394,95.3415,98.2344,96.5660,95.3363,95.5092,95.2103,91.0934,91.0824,88.3912,84.6936,84.6936,81.1542,82.7647,76.0592,76.4788,74.7930,74.4312,75.1665,75.1665,71.4003,71.0634,67.8970,0.0000,0.0000,0.0000,0.0000,0.0000,0.0000,0.0000,0.0000,0.0000,0.0000,0.0000,0.0000
1700000009.300000,-63.1,84.4038,83.6002,85.9128,83.7377,85.1469,81.3449,82.0366,80.6226,80.6598,82.8070,84.1724,84.2912,84.3860,82.6196,81.8352,86.2670,82.3772,83.2166,83.5284,84.7231,85.2350,86.4523,87.4643,88.5889,89.0674,90.8240,92.1303,93.0591,93.0591,96.1769,92.7847,92.7847,93.1933,92.0869,90.6973,90.8020,87.6185,86.0523,83.6301,82.1340,82.1340,79.9812,79.9062,77.7817,74.9667,71.5891,72.6223,70.4344,71.0282,69.8928,69.7711,67.9779,0.0000,0.0000,0.0000,0.0000,0.0000,0.0000,0.0000,0.0000,0.0000,0.0000,0.0000,0.0000
1700000009.350000,-60.7,90.4434,90.1388,86.0930,91.2688,85.2350,85.9593,84.1190,85.4225,86.7698,82.8553,84.6936,85.4400,85.4400,86.0349,87.5957,86.6833,88.6002,82.7103,88.2950,85.3756,88.5268,88.8426,86.6833,90.2552,91.4112,93.2148,95.1893,94.7259,98.6560,94.7259,95.3415,94.8314,96.8401,93.9628,93.3006,91.3947,90.7579,88.9550,87.4643,86.9253,81.4371,82.7647,78.2624,76.9220,76.4788,73.0616,73.7835,74.0608,72.4224,71.0634,70.8378,70.7248,0.0000,0.0000,0.0000,0.0000,0.0000,0.0000,0.0000,0.0000,0.0000,0.0000,0.0000,0.0000
1700000009.400000,-61.0,89.9444,88.4590,89.0505,90.8020,87.8635,85.3756,88.6002,84.2021,84.4334,84.7585,85.7030,85.7963,85.2350,85.0882,83.7735,84.1190,85.4751,84.1190,86.0930,87.8180,86.9540,89.5879,86.2844,89.8721,90.6973,91.2634,94.0479,92.6553,95.1315,92.9139,94.3398,95.1893,93.6483,91.3017,90.8240,88.5494,88.1419,86.4060,83.9345,83.9345,80.0562,80.4114,79.0569,77.4919,73.3757,71.3092,71.5891,71.5891,69.7209,69.4622,67.1193,66.0076,0.0000,0.0000,0.0000,0.0000,0.0000,0.0000,0.0000,0.0000,0.0000,0.0000,0.0000,0.0000
1700000009.450000,-63.2,92.0217,90.0000,91.0494,89.0225,88.0511,86.2090,86.2844,86.4697,86.7006,87.1321,87.6641,86.8850,87.3212,85.6154,85.3756,86.9770,84.1190,85.3815,85.4400,86.7295,86.0349,88.3912,85.6154,89.8999,89.8999,91.2360,94.8472,95.7549,95.7549,94.9368,93.4077,94.3398,94.2444,93.6056,92.6553,89.8443,90.1388,88.0568,85.6154,84.1724,80.6040,79.4292,79.0759,76.7919,73.5527,71.2531,74.1687,73.0616,70.0000,73.0274,68.2642,67.2681,0.0000,0.0000,0.0000,0.0000,0.0000,0.0000,0.0000,0.0000,0.0000,0.0000,0.0000,0.0000
1700000009.500000,-61.3,94.0851,91.2688,93.3435,88.3629,91.9239,85.9884,89.6270,87.6641,88.6454,89.0505,89.7385,88.8876,86.1278,90.1388,87.5957,86.5390,86.5390,89.1572,88.2383,89.0000,89.4707,95.7079,88.1022,94.0213,95.3834,93.5361,94.8947,97.1288,96.6023,96.6023,93.9415,96.6644,98.0867,94.3398,95.8593,94.9210,91.0824,89.8443,89.5600,88.0568,85.1469,82.4621,81.7863,77.4661,79.0759,76.6551,75.2396,74.0608,74.0068,71.0000,73.1095,69.8713,0.0000,0.0000,0.0000,0.0000,0.0000,0.0000,0.0000,0.0000,0.0000,0.0000,0.0000,0.0000
1700000009.550000,-60.2,91.5915,89.2693,90.2441,89.4986,88.7694,86.6833,85.7030,85.7963,84.5044,84.3090,87.3212,86.3134,87.2066,86.3539,87.7097,87.4643,86.6083,85.7555,89.0505,90.6973,89.8721,90.2109,90.2109,91.0494,96.2133,94.6414,96.6747,97.0052,97.8008,98.2344,96.0208,98.2293,97.3499,97.0979,95.1893,94.3398,93.6483,90.3549,89.4427,87.6641,85.4927,84.1724,83.3847,80.4114,79.1202,76.5376,76.9220,78.1025,76.6877,74.8131,73.3348,70.0286,0.0000,0.0000,0.0000,0.0000,0.0000,0.0000,0.0000,0.0000,0.0000,0.0000,0.0000,0.0000
1700000009.600000,-59.5,92.4446,92.8924,90.4710,91.4440,89.0505,88.1192,87.6926,87.5728,87.3670,88.0909,88.0057,88.0057,90.0500,88.0909,89.0898,89.2749,88.3629,88.5664,90.9340,90.7965,90.7965,93.3809,91.4112,95.5667,96.1041,97.2934,99.4636,100.2247,100.0200,100.2247,100.2846,99.9850,100.8415,98.6154,97.3293,96.3328,96.2549,93.0860,90.0222,89.0056,88.0057,87.0057,87.1436,83.0963,83.2166,78.4092,78.7718,78.6448,76.6877,77.8845,74.6324,72.0902,0.0000,0.0000,0.0000,0.0000,0.0000,0.0000,0.0000,0.0000,0.0000,0.0000,0.0000,0.0000
1700000009.650000,-68.9,92.8493,93.6056,90.2718,91.8314,90.0000,89.4036,88.2043,88.5099,87.6641,86.4523,87.7097,87.6584,89.0000,87.6641,88.1419,88.9550,89.5377,86.3771,92.0272,89.8443,91.0824,91.7606,89.5600,95.5667,94.8314,96.0469,96.7729,96.0469,99.2018,97.2677,100.0000,98.6712,98.9798,96.5660,94.9210,94.3398,93.4077,92.1954,89.4707,88.5664,84.9706,85.8836,85.4751,81.6333,80.7775,78.4920,79.2023,77.8010,75.1665,77.1038,74.2765,75.2861,0.0000,0.0000,0.0000,0.0000,0.0000,0.0000,0.0000,0.0000,0.0000,0.0000,0.0000,0.0000
1700000009.700000,-60.8,97.6371,95.7183,95.3834,91.9239,91.3017,89.0674,89.8944,88.1419,91.2853,90.0777,89.6939,90.8240,90.1388,90.7579,90.1388,91.6788,90.0278,90.0278,88.6454,88.8426,90.6090,93.0591,91.5915,92.0706,95.1893,94.6414,98.8585,101.1187,98.1529,100.1299,95.7079,98.4784,97.2934,96.7729,95.5667,95.3363,92.4446,90.4434,90.4434,87.9204,87.3155,84.5044,86.7295,81.5414,78.2943,78.2943,79.6492,78.8923,79.0759,75.8024,76.6942,74.9667,0.0000,0.0000,0.0000,0.0000,0.0000,0.0000,0.0000,0.0000,0.0000,0.0000,0.0000,0.0000
1700000009.750000,-62.5,102.6499,96.8349,100.1249,97.3499,97.4166,93.2952,93.6483,93.2952,94.1541,96.1509,94.8103,93.9415,93.6216,92.1141,92.8493,94.2444,92.6553,92.6553,92.4446,93.3006,93.3006,95.3363,95.3363,96.3172,99.6895,97.5141,99.4636,101.8676,100.6628,100.6628,99.6243,101.5332,99.9300,98.6813,96.2081,94.3398,95.2733,93.6216,90.8735,88.5664,88.1022,87.2066,86.7698,82.3650,80.7775,78.7718,79.3221,78.6003,78.2432,77.3369,74.2496,73.8783,0.0000,0.0000,0.0000,0.0000,0.0000,0.0000,0.0000,0.0000,0.0000,0.0000,0.0000,0.0000
1700000009.800000,-60.1,89.0674,92.1792,89.6939,90.5538,86.9540,87.9204,86.8217,84.4038,85.2115,82.8010,86.5563,83.7377,85.7963,84.2199,86.3713,83.4506,85.5862,81.3449,86.4523,85.0412,84.2912,87.2066,85.2760,90.0000,89.2020,91.2140,92.2009,92.0054,93.2363,91.2140,93.0860,92.9570,92.0217,89.8721,88.4138,86.2786,86.2786,83.4865,84.8999,83.5464,77.3369,78.8733,76.8375,74.6525,73.6003,69.8928,72.9452,71.8679,69.8355,70.2140,67.2309,68.0074,0.0000,0.0000,0.0000,0.0000,0.0000,0.0000,0.0000,0.0000,0.0000,0.0000,0.0000,0.0000
1700000009.850000,-59.9,94.5780,92.6984,94.5410,94.5410,91.7878,91.7061,90.3549,89.0056,90.4268,90.5538,92.7847,91.8096,91.8096,90.6973,90.4434,90.2718,91.4385,89.3756,91.2853,91.9674,91.2414,92.6337,93.3488,95.4620,96.1769,95.4830,97.0000,97.6729,99.8248,98.3514,98.3107,99.0353,98.2904,96.8969,95.4830,94.9210,93.7230,89.2020,86.4002,86.4002,85.0000,84.4038,84.0536,80.1561,80.1561,77.6981,78.0320,75.6637,76.0592,75.3923,71.7844,71.5681,0.0000,0.0000,0.0000,0.0000,0.0000,0.0000,0.0000,0.0000,0.0000,0.0000,0.0000,0.0000
1700000009.900000,-64.5,92.1141,91.5260,89.6270,91.2634,90.8020,86.2149,88.0909,88.0909,88.6172,84.9588,88.3912,89.1067,88.4138,90.0278,87.2066,88.4081,88.4081,86.4002,87.4185,89.0505,88.0057,90.9725,89.5879,90.0500,93.8136,92.2822,98.1122,96.0417,96.0417,96.0417,95.9635,96.5194,96.0208,95.0000,94.4034,92.8009,90.8020,88.7299,87.9659,87.2066,84.9588,83.5464,82.0244,77.7946,77.1557,75.0733,74.6525,74.8131,73.6003,71.2811,73.0616,70.2140,0.0000,0.0000,0.0000,0.0000,0.0000,0.0000,0.0000,0.0000,0.0000,0.0000,0.0000,0.0000
1700000009.950000,-63.1,84.3090,81.1542,84.5281,81.0247,83.6301,78.7718,78.8923,78.0320,78.7718,80.7094,81.0247,80.0000,81.0555,78.7464,77.3369,82.0366,79.1960,79.1960,78.5684,79.9812,80.6598,82.4621,83.7377,84.2021,84.8116,84.0238,86.4002,88.8144,86.2149,91.4002,86.2149,88.0909,87.3212,87.9659,84.9588,86.3713,84.8999,80.6226,80.6226,77.1038,78.5175,74.3303,77.2334,72.3464,71.8401,70.6045,70.2140,69.0652,69.1158,66.6483,66.2118,64.8460,0.0000,0.0000,0.0000,0.0000,0.0000,0.0000,0.0000,0.0000,0.0000,0.0000,0.0000,0.0000
1700000010.000000,-61.4,90.7083,89.7385,90.5207,89.8443,85.3815,86.0349,83.5703,86.0058,85.6154,84.5281,85.0000,86.9540,87.4643,87.4643,87.1321,87.9204,86.0233,86.2670,87.0057,87.8009,88.6002,89.0225,88.7299,91.9674,94.9210,94.1116,95.5877,96.5401,97.9490,96.4261,95.6033,96.4002,96.6075,96.2601,94.3027,92.3580,92.0869,88.5099,88.3233,85.9593,83.1865,84.0773,81.8413,76.9675,75.7694,74.4648,75.2728,74.0405,75.6902,72.0347,70.2140,69.3542,0.0000,0.0000,0.0000,0.0000,0.0000,0.0000,0.0000,0.0000,0.0000,0.0000,0.0000,0.0000
1700000010.050000,-63.8,89.0056,86.3539,88.3233,86.0930,87.6641,82.6620,85.0000,85.2760,85.9128,87.8635,87.0460,89.8721,89.0955,89.8276,86.3134,90.7855,88.8651,89.0225,89.2020,93.0054,92.4175,93.4773,95.4411,95.4149,96.5194,96.7988,98.4784,102.6255,98.7370,104.0096,98.2293,99.6243,100.6032,98.2344,98.8585,97.1854,94.9210,91.9674,89.8276,85.5862,89.8053,82.0366,84.8999,77.8332,78.5684,77.3369,78.8733,76.4003,76.8440,74.6257,73.9256,70.6824,0.0000,0.0000,0.0000,0.0000,0.0000,0.0000,0.0000,0.0000,0.0000,0.0000,0.0000,0.0000
1700000010.100000,-60.8,85.7088,83.1865,83.5464,82.5651,81.0247,80.0500,80.3617,80.9568,80.9938,81.9329,83.7735,81.9390,82.3468,84.5340,85.4225,86.0930,86.2844,85.4400,85.9826,86.8389,87.3670,88.0057,86.8389,90.6035,92.0054,91.2140,95.6033,94.8103,96.4002,94.2019,96.2601,96.8349,93.4773,93.4933,91.5860,91.4166,90.0500,88.5889,85.8836,85.4225,82.7345,81.3941,80.6226,74.8465,74.4648,71.1688,72.7324,72.4224,71.0634,72.5672,68.7314,66.2722,0.0000,0.0000,0.0000,0.0000,0.0000,0.0000,0.0000,0.0000,0.0000,0.0000,0.0000,0.0000
1700000010.150000,-62.1,90.2552,90.9340,86.5794,88.3629,87.2066,86.0930,86.0233,85.0059,86.0058,84.1487,86.1452,86.2844,86.3713,86.9770,86.8332,88.2836,87.6641,86.1220,87.8009,88.5268,88.7694,92.1792,89.5600,92.6553,94.2550,94.5569,96.1665,95.6033,99.2018,96.5660,96.7729,97.7446,97.4936,95.5249,96.3379,93.9042,94.2019,88.6848,88.5664,88.2043,86.0523,85.0235,83.0060,80.0062,79.0063,77.1622,78.2304,77.7817,75.8024,76.2955,73.9797,73.6817,0.0000,0.0000,0.0000,0.0000,0.0000,0.0000,0.0000,0.0000,0.0000,0.0000,0.0000,0.0000
1700000010.200000,-64.1,96.6644,91.2853,95.2733,92.4770,90.8240,86.0349,89.1852,86.6833,87.3212,87.8009,89.4986,87.8635,89.2693,87.2983,86.9770,90.2718,86.2844,88.1419,89.0225,90.0222,88.0511,91.0055,89.0000,91.0220,91.0000,94.0053,94.0479,97.0824,94.0479,97.0206,95.0000,97.0052,97.0206,94.1329,91.0879,92.2659,91.2688,88.9550,87.2983,84.1724,86.1452,82.0366,85.1469,79.8311,79.0759,76.6551,77.4919,74.6324,77.4726,74.6860,74.7061,72.9452,0.0000,0.0000,0.0000,0.0000,0.0000,0.0000,0.0000,0.0000,0.0000,0.0000,0.0000,0.0000
1700000010.250000,-62.2,92.0272,89.8443,90.5207,87.3613,87.5557,84.1724,85.3288,84.1724,84.7172,85.8429,85.7088,85.3756,85.2115,85.1469,83.0542,85.0235,82.0975,83.0963,82.2192,83.3847,84.3801,84.7172,85.4751,86.8332,87.6926,88.9550,90.2552,92.0706,89.1067,92.2280,89.5600,89.6772,90.5538,88.3629,88.3629,87.1436,85.0235,85.0059,81.0062,81.0062,83.0542,77.0260,79.2275,75.3260,73.2462,72.5603,73.8241,72.1803,71.0634,69.2604,69.2892,67.5426,0.0000,0.0000,0.0000,0.0000,0.0000,0.0000,0.0000,0.0000,0.0000,0.0000,0.0000,0.0000
1700000010.300000,-60.7,94.0213,87.6641,91.0824,90.1388,90.7579,86.0233,85.8662,84.4038,87.6641,87.8635,88.4590,86.9770,87.6926,87.3670,86.3713,89.0056,85.0000,88.0057,88.0227,89.0898,88.0511,89.2749,88.1419,91.5478,92.3472,90.5538,93.5361,93.6483,92.6553,97.6217,93.1933,95.2575,94.1329,95.0210,91.0494,93.0215,91.0055,88.0511,86.0930,85.0941,85.0941,81.0987,81.3941,78.5175,75.5381,75.1332,76.9025,74.7329,74.0405,72.7324,72.2357,68.4251,0.0000,0.0000,0.0000,0.0000,0.0000,0.0000,0.0000,0.0000,0.0000,0.0000,0.0000,0.0000
1700000010.350000,-62.4,91.9239,88.2383,90.8240,88.6002,88.2553,86.0233,84.8999,84.4038,85.1469,86.4928,91.0824,87.5728,89.4539,87.2812,88.3629,90.0500,88.0227,89.0225,88.0227,91.0055,91.0494,91.0494,91.0879,93.3435,95.2575,95.3363,99.3227,99.2472,100.1798,101.1781,98.0051,100.0050,100.0050,97.0206,98.0459,97.0206,94.1329,90.1998,90.3549,88.5664,86.9770,83.1865,83.5464,81.5843,79.6241,77.3692,77.8845,75.2728,75.9605,75.2396,73.8241,72.2011,0.0000,0.0000,0.0000,0.0000,0.0000,0.0000,0.0000,0.0000,0.0000,0.0000,0.0000,0.0000
1700000010.400000,-58.8,86.3308,86.3308,84.5340,83.6481,82.3650,78.5493,81.3019,80.9938,83.8153,82.0061,82.0061,84.5044,84.2199,85.6329,83.4865,86.4523,87.1149,83.5464,84.6463,86.0523,89.2020,88.6002,84.8116,91.6079,97.4166,95.2103,99.4032,98.8130,96.2133,99.4032,94.6414,99.0202,97.1854,98.9949,99.0353,99.1564,94.7629,90.5538,92.0217,89.3756,89.3756,86.4523,85.0000,79.0253,79.6492,76.8440,78.2304,78.8923,77.3886,75.6439,71.8679,71.5681,0.0000,0.0000,0.0000,0.0000,0.0000,0.0000,0.0000,0.0000,0.0000,0.0000,0.0000,0.0000
1700000010.450000,-66.0,88.5889,89.0674,87.8180,89.6939,86.5332,86.2670,82.8010,84.5044,83.8689,84.9588,85.6329,84.8528,85.5862,85.6329,86.5563,86.8332,87.0057,84.4038,86.2670,89.5879,89.8721,92.1141,89.0449,94.1541,95.1893,95.8801,98.4886,97.7548,99.9850,98.2700,97.3499,98.7927,99.0454,96.0208,96.6075,95.0000,94.2019,92.3147,89.9389,90.0278,85.6329,85.5862,82.7345,82.0244,79.2465,77.8974,79.3977,77.4661,76.4003,76.8505,75.8024,74.6860,0.0000,0.0000,0.0000,0.0000,0.0000,0.0000,0.0000,0.0000,0.0000,0.0000,0.0000,0.0000
1700000010.500000,-63.6,87.4643,86.6083,82.3772,87.1321,81.0247,81.0247,81.4002,79.8123,81.0555,79.3977,81.3449,81.3204,82.0731,82.1340,84.2199,80.2808,83.2406,80.4301,83.0060,82.2010,84.0238,83.8153,81.8413,85.7555,87.1321,88.5099,90.1388,89.5879,90.4268,88.7525,91.6079,90.8020,89.6437,88.8651,87.2066,85.1469,85.9128,84.2199,82.8070,82.7587,78.4920,79.2465,76.4199,77.2334,73.8783,70.6045,72.4224,72.1110,71.5612,70.4911,71.1126,70.0071,0.0000,0.0000,0.0000,0.0000,0.0000,0.0000,0.0000,0.0000,0.0000,0.0000,0.0000,0.0000
1700000010.550000,-62.2,97.7190,96.7678,95.5196,94.5780,93.9840,91.9239,90.3770,89.0000,89.8944,88.5889,93.1504,88.8369,91.2688,90.4268,89.5879,91.6079,90.2109,90.2109,90.2718,92.6175,91.0494,90.7855,90.0278,94.8472,94.1754,95.5249,95.5249,94.9210,98.4937,96.2601,96.5401,97.3088,96.2133,93.6002,91.6079,90.8020,90.2109,89.0505,84.5991,83.5284,82.1523,80.2621,79.6492,78.3901,76.4788,74.6860,75.5844,73.9256,75.0267,73.6817,71.5681,70.2140,0.0000,0.0000,0.0000,0.0000,0.0000,0.0000,0.0000,0.0000,0.0000,0.0000,0.0000,0.0000
1700000010.600000,-58.8,97.9439,94.6678,98.2700,93.2952,95.3834,89.0056,89.8999,89.0505,87.3212,91.1811,89.5377,91.0824,91.3947,92.1792,89.2861,92.6499,90.4710,89.2693,89.6270,90.4268,91.5915,91.0824,93.0591,94.7629,95.7549,95.6347,97.7394,99.9850,97.1648,96.8762,94.2019,96.5091,95.1262,91.9837,92.6499,90.4710,89.9889,87.3613,87.6413,83.5225,82.2192,79.3788,79.3788,75.2728,75.3923,72.4983,73.0069,72.8972,74.2428,69.8355,70.1783,67.6240,0.0000,0.0000,0.0000,0.0000,0.0000,0.0000,0.0000,0.0000,0.0000,0.0000,0.0000,0.0000
1700000010.650000,-62.9,93.3435,88.1419,94.0851,89.0056,92.0217,85.0059,88.1419,87.2066,87.3670,89.3588,91.6624,89.9444,89.1067,89.4427,86.3134,89.9889,87.8009,90.9560,87.6413,89.8443,89.5600,89.8109,92.9731,92.3580,94.5780,91.4166,93.6376,98.3514,92.9731,97.4064,92.0489,95.2103,95.3363,92.4446,88.7694,91.2195,87.8635,86.3134,83.1865,78.9177,81.7435,75.6637,79.5110,72.2496,73.3348,69.1158,69.0290,69.0652,68.0294,66.1211,66.4831,62.1691,0.0000,0.0000,0.0000,0.0000,0.0000,0.0000,0.0000,0.0000,0.0000,0.0000,0.0000,0.0000
1700000010.700000,-61.5,93.3006,91.1811,94.0213,91.5478,91.2853,87.2066,89.9444,89.5545,90.0500,91.9239,92.1141,90.9725,92.0869,90.4434,90.2109,92.3147,88.6172,90.7855,91.2853,92.6553,92.0217,92.6337,92.6337,94.7629,96.8762,96.8969,98.3107,99.7647,96.8969,99.7046,96.8969,96.2081,95.5877,93.6056,93.5094,91.0494,89.2020,88.6002,85.4459,82.0975,82.6620,79.0569,79.6116,76.5506,75.4718,72.0694,71.5891,72.0069,70.2638,70.9366,67.3573,65.9697,0.0000,0.0000,0.0000,0.0000,0.0000,0.0000,0.0000,0.0000,0.0000,0.0000,0.0000,0.0000
1700000010.750000,-59.5,89.1852,87.9204,88.9550,87.6641,86.7295,86.9253,85.8662,85.8662,85.4225,86.8332,88.6848,87.4643,87.4643,88.2043,86.8217,89.4036,85.6037,85.6037,86.2149,86.0523,88.2383,89.2749,88.0909,90.6090,91.4385,91.2853,92.6553,94.2603,93.6056,92.7631,92.4554,91.8314,92.8009,90.0000,89.2020,89.6270,87.0919,85.1469,84.0595,80.1561,79.0759,76.6616,76.5376,74.3034,74.3034,71.5891,69.8570,70.0071,69.8928,69.5701,67.1863,64.9384,0.0000,0.0000,0.0000,0.0000,0.0000,0.0000,0.0000,0.0000,0.0000,0.0000,0.0000,0.0000
1700000010.800000,-60.9,98.3260,93.1933,95.0474,93.0860,95.0474,91.0055,92.0000,92.0054,94.0053,93.1343,92.3472,92.9139,93.6483,93.0591,91.5478,93.5575,92.3959,92.5743,91.2195,92.9624,93.5575,96.1041,93.3916,96.1665,95.6033,95.6033,97.5141,99.6895,96.5401,99.2472,95.7079,96.3379,96.0260,92.9139,93.5361,93.5361,91.6624,87.5728,86.2844,85.0941,82.0244,81.0555,82.0061,79.0063,77.0584,76.1643,74.4312,74.5453,74.8131,74.3303,73.0069,71.7844,0.0000,0.0000,0.0000,0.0000,0.0000,0.0000,0.0000,0.0000,0.0000,0.0000,0.0000,0.0000
1700000010.850000,-63.6,96.1769,93.9415,93.5201,94.3716,91.2853,89.9611,92.4770,90.4765,90.4765,91.0824,93.3006,92.7200,91.9239,90.9560,90.9560,92.1954,91.9837,88.8426,92.2280,92.5743,93.7443,93.2148,93.2148,95.5249,96.0260,96.0260,98.1529,96.3379,96.5091,95.5249,96.1041,95.3415,95.5667,91.4822,92.7200,89.8443,88.8876,83.8153,84.1546,82.0792,81.3449,79.4796,79.7057,73.9256,74.7329,71.1126,72.4707,71.1969,70.7248,71.0282,68.4105,68.7677,0.0000,0.0000,0.0000,0.0000,0.0000,0.0000,0.0000,0.0000,0.0000,0.0000,0.0000,0.0000
1700000010.900000,-62.0,93.6056,92.7631,91.9348,92.6553,91.9348,91.2414,87.8635,88.6172,90.7855,89.6437,92.2009,92.4175,92.9139,91.5260,92.9139,91.4166,91.3017,89.5545,90.8240,93.0591,92.6607,95.2575,92.1792,96.6644,98.4124,97.5090,100.1798,100.6231,99.2824,99.7296,96.6488,98.1122,96.5660,94.3398,92.9139,91.2634,90.6973,87.2009,83.4086,82.0061,81.8352,79.6492,77.3369,74.4110,71.5891,70.0928,72.1249,71.4493,68.6804,68.1175,67.8012,66.2873,0.0000,0.0000,0.0000,0.0000,0.0000,0.0000,0.0000,0.0000,0.0000,0.0000,0.0000,0.0000
1700000010.950000,-61.5,99.0202,93.4077,96.8349,95.8019,96.8349,93.1933,94.0319,92.4392,92.7847,95.7706,96.6488,95.2733,94.8472,95.8541,93.6216,95.5196,94.5780,95.5196,96.1665,98.0306,98.3514,99.0404,100.2846,99.4585,101.9215,99.2018,100.9604,102.4890,101.2423,104.6948,99.6243,102.1812,101.3903,99.1615,97.1700,97.5756,93.5201,90.3383,87.2353,85.0000,85.4751,80.1311,80.6226,75.8024,74.0945,73.7835,73.2393,71.6101,72.0069,70.9366,67.3573,65.7647,0.0000,0.0000,0.0000,0.0000,0.0000,0.0000,0.0000,0.0000,0.0000,0.0000,0.0000,0.0000
1700000011.000000,-65.5,91.6624,93.6483,90.4268,94.2019,88.8426,90.0278,90.0278,89.7385,88.7694,89.1852,92.9731,92.3580,93.0484,93.0484,92.4770,88.7694,93.6216,89.0505,92.1358,92.1358,93.9415,95.2733,91.2414,94.5145,97.1288,96.6488,98.4124,96.6075,100.6479,97.0824,95.8541,97.6934,95.5196,91.4166,92.6553,87.5957,89.4930,86.1278,83.9345,82.7103,76.9025,78.6448,74.7329,72.5672,71.1969,69.7209,68.4690,68.1175,66.1891,65.1230,67.0075,64.1950,0.0000,0.0000,0.0000,0.0000,0.0000,0.0000,0.0000,0.0000,0.0000,0.0000,0.0000,0.0000
1700000011.050000,-58.0,94.2550,92.0489,90.4765,91.4166,88.9550,88.7694,88.5664,89.8999,89.4427,90.7855,89.9444,90.9175,90.0500,92.1141,90.2109,92.6553,92.2009,90.4434,92.0054,92.8009,93.0054,95.4254,92.0054,96.5401,97.4526,98.7168,98.7168,98.0816,98.8585,96.2133,93.8136,95.2103,94.8683,92.9139,91.8096,90.2109,85.7555,85.0882,83.2406,81.4923,78.2943,76.4788,76.9220,71.5542,70.6824,68.0294,68.1542,69.0797,67.3573,67.0522,66.9403,64.7765,0.0000,0.0000,0.0000,0.0000,0.0000,0.0000,0.0000,0.0000,0.0000,0.0000,0.0000,0.0000
1700000011.100000,-62.8,92.9731,94.2444,92.7038,93.4077,91.9239,89.8999,89.4427,90.3549,91.3017,91.7878,92.6607,93.8136,93.4933,92.6499,93.7443,95.2103,93.6002,93.0054,94.0213,94.6414,94.8103,97.9490,94.8103,97.1854,100.1249,99.3579,101.0445,98.8585,101.0445,96.4002,96.4002,96.0208,96.2601,94.3027,92.3580,90.4268,88.3233,86.4523,85.8836,83.2406,79.6492,79.1770,76.0592,75.1532,72.9178,71.1758,71.3092,69.8928,68.9638,66.4831,68.6586,66.6108,0.0000,0.0000,0.0000,0.0000,0.0000,0.0000,0.0000,0.0000,0.0000,0.0000,0.0000,0.0000
1700000011.150000,-62.9,97.0052,91.0879,93.1343,93.1343,94.1913,91.3510,93.0591,92.2280,94.2019,93.3809,95.7079,95.5667,95.3415,92.8924,93.3916,94.9210,94.2550,95.5092,94.8683,97.0824,96.1665,95.8175,98.3514,101.0198,99.9600,99.9600,100.2447,103.4070,101.5332,101.5332,98.7623,100.1699,97.5141,95.3415,93.7443,93.5575,91.2414,89.1067,85.4751,83.4865,81.3019,78.2304,81.0987,76.1052,75.0600,71.0070,70.0071,69.1158,70.1783,68.4690,66.6108,64.5368,0.0000,0.0000,0.0000,0.0000,0.0000,0.0000,0.0000,0.0000,0.0000,0.0000,0.0000,0.0000
1700000011.200000,-61.8,95.5249,91.9239,93.2148,94.2019,92.5743,90.8020,90.7083,91.6788,91.9239,92.7200,94.6414,94.2550,94.8683,93.6376,93.9840,97.6934,94.9368,94.5410,95.7079,97.0824,97.1700,98.4124,96.6644,99.2824,99.3177,101.0792,102.8834,103.7882,100.2247,100.7224,100.8464,99.5389,99.0202,97.0824,96.1353,94.2550,91.4822,89.7385,87.0976,84.7231,81.7863,79.8311,78.0897,75.3127,73.8241,70.5762,71.3442,68.1836,69.0072,68.0074,67.0671,65.3758,0.0000,0.0000,0.0000,0.0000,0.0000,0.0000,0.0000,0.0000,0.0000,0.0000,0.0000,0.0000
1700000011.250000,-66.8,93.1075,91.6788,90.3549,90.7855,91.2414,89.1852,88.3233,91.2688,91.8096,90.1388,91.4002,91.4002,93.4077,92.3147,91.6788,93.3809,94.0691,92.6984,91.9348,92.6337,94.7629,96.1665,94.7523,96.2601,98.3107,97.6217,101.1385,101.1385,100.4092,99.7046,96.9381,99.1564,97.1854,95.9010,94.8103,93.4077,88.4081,88.0057,87.9204,84.3149,81.3019,80.7775,78.0320,75.6637,72.4707,70.6612,70.2140,72.0902,69.4622,68.0074,68.0074,65.9697,0.0000,0.0000,0.0000,0.0000,0.0000,0.0000,0.0000,0.0000,0.0000,0.0000,0.0000,0.0000
1700000011.300000,-61.7,88.0909,89.0505,86.0000,88.0000,84.0060,85.0941,85.2878,83.6002,87.6926,84.1724,86.1452,86.6833,87.0976,87.5557,89.4986,86.6833,89.8443,86.0233,90.7579,88.5438,91.0824,92.3580,88.8651,94.1541,94.3398,94.3398,97.8621,94.5780,96.4624,95.1893,96.1665,95.6033,94.1116,92.6499,92.4175,89.4986,88.6454,84.5281,83.0241,83.8630,78.6384,79.6304,76.4199,76.3217,72.3395,71.1758,71.0634,71.0000,67.0671,67.1193,67.2681,66.0984,0.0000,0.0000,0.0000,0.0000,0.0000,0.0000,0.0000,0.0000,0.0000,0.0000,0.0000,0.0000
1700000011.350000,-62.9,95.8175,91.3947,93.9628,93.3006,91.7606,90.7083,90.4710,88.8426,90.6090,89.6270,90.4268,90.0944,90.6697,91.5478,89.9444,91.2688,90.1388,89.1403,90.0888,91.0879,90.1388,93.0484,91.0879,93.0000,94.0479,94.0213,94.0479,94.0851,93.1343,94.1913,92.4392,92.5419,91.6624,87.9659,88.1192,86.3134,84.5281,81.0247,80.2808,77.6209,76.9220,73.4983,73.0821,70.5195,67.3573,66.1287,65.9242,66.3099,64.8460,63.6318,61.9112,61.8547,0.0000,0.0000,0.0000,0.0000,0.0000,0.0000,0.0000,0.0000,0.0000,0.0000,0.0000,0.0000
1700000011.400000,-62.5,101.0792,98.0816,99.0202,98.0816,98.0051,93.0000,94.0213,95.0842,95.1315,95.1315,93.3435,94.5304,95.4254,93.9042,94.6414,96.5091,92.5743,94.5410,91.0055,94.1488,94.7259,95.5667,94.7259,94.8314,97.2934,95.3415,97.2934,99.0404,94.9210,96.5091,94.2019,95.0368,92.6553,90.3549,89.4539,89.2020,86.1452,83.0241,81.0062,78.0000,77.0260,75.0267,75.0600,70.0643,68.1175,66.1891,66.3702,64.7765,64.9384,62.3699,61.1310,59.1354,0.0000,0.0000,0.0000,0.0000,0.0000,0.0000,0.0000,0.0000,0.0000,0.0000,0.0000,0.0000
1700000011.450000,-62.2,94.0479,94.0851,96.3328,93.1933,95.2575,92.5419,86.8332,92.7793,93.2148,93.7443,94.7259,95.0789,94.3716,95.6033,91.4822,92.0489,92.6553,95.5092,92.6984,96.4624,94.8683,93.6376,95.8593,98.4886,94.0213,99.4032,102.3181,97.7394,99.6243,99.9600,97.0824,99.6243,97.8008,96.3016,94.3716,92.4175,89.2693,86.3134,84.8528,82.8734,80.5047,80.6226,77.1038,75.2396,73.0616,70.1783,69.0000,66.0303,68.1175,62.2013,64.6297,61.1882,0.0000,0.0000,0.0000,0.0000,0.0000,0.0000,0.0000,0.0000,0.0000,0.0000,0.0000,0.0000
1700000011.500000,-61.5,91.4166,91.3017,91.5260,93.8136,91.8096,88.4816,89.6270,90.9065,94.3663,89.2749,95.9010,93.3488,94.8472,95.4830,98.2904,96.4261,95.6713,88.6172,98.0816,97.6166,99.6394,102.0049,97.8008,101.0198,105.2093,101.6071,105.4372,103.8557,105.4230,102.6158,102.8251,101.8283,102.1763,102.6499,99.7647,96.8969,94.0479,95.0158,92.0978,91.3510,83.5464,87.1149,83.2406,78.6003,76.2168,72.0069,72.4224,72.4017,70.2353,67.5352,68.4471,67.0671,0.0000,0.0000,0.0000,0.0000,0.0000,0.0000,0.0000,0.0000,0.0000,0.0000,0.0000,0.0000
1700000011.550000,-60.2,96.0208,92.3580,93.4933,91.0659,95.5249,91.7878,93.0215,92.5743,95.7549,96.1769,97.1700,98.2344,98.2344,97.1442,96.4624,99.6243,95.8801,100.9604,97.2677,101.3903,100.6876,101.6366,102.3572,103.5857,104.2929,105.0190,105.9906,108.1712,106.2309,108.4159,104.4031,106.9018,104.3552,101.2423,101.9510,101.3903,97.6934,94.8103,90.8020,89.4427,89.0000,85.8662,87.2353,81.0062,78.8923,76.0066,74.8866,75.2130,74.8131,75.8222,71.4493,67.9412,0.0000,0.0000,0.0000,0.0000,0.0000,0.0000,0.0000,0.0000,0.0000,0.0000,0.0000,0.0000
1700000011.600000,-64.7,95.6713,94.2603,91.9674,95.4620,94.0479,92.0217,92.1954,91.0494,93.0860,92.4554,96.0469,96.6075,95.2103,96.5194,98.4784,95.7183,97.7548,94.3398,98.8838,97.4936,98.0051,99.2975,98.0051,101.5332,103.7690,103.7690,105.0952,104.2353,104.7091,102.4744,103.0776,103.4456,100.4988,98.2700,96.2549,94.8683,93.6002,91.8314,90.2718,88.0909,86.0523,83.2406,82.2192,80.1561,78.6448,76.4199,74.9667,75.6637,75.1665,72.2011,72.6705,71.3442,0.0000,0.0000,0.0000,0.0000,0.0000,0.0000,0.0000,0.0000,0.0000,0.0000,0.0000,0.0000
1700000011.650000,-61.8,92.5743,93.4773,91.2414,93.4773,90.4268,91.4166,90.1388,90.4268,92.0869,89.2020,92.6175,91.6788,92.3147,93.5094,95.7758,93.3809,94.7945,91.2414,93.3381,94.0479,94.7629,96.1769,93.3488,97.0824,99.1564,99.8248,102.6499,98.3107,102.5524,96.1769,97.6217,99.1564,97.7446,94.2603,93.6056,90.9065,90.1388,87.6185,87.2009,84.4038,80.4487,80.4487,79.3221,76.5506,75.4718,71.1969,73.3553,72.0069,71.5891,69.8570,68.7095,67.7200,0.0000,0.0000,0.0000,0.0000,0.0000,0.0000,0.0000,0.0000,0.0000,0.0000,0.0000,0.0000
1700000011.700000,-62.0,92.9731,93.9202,92.4770,93.9840,92.4770,91.0000,91.2853,91.7061,93.0376,91.3017,90.4268,94.1541,93.8136,94.3398,94.8736,92.0869,94.0479,92.6553,95.0000,94.2019,96.6075,97.0052,95.8019,98.0816,100.4241,98.8585,100.2646,99.2018,102.0049,98.4073,100.1249,99.0202,95.7183,94.6678,94.1541,92.2822,89.5545,87.6584,86.3134,85.4283,81.8596,81.9390,77.8781,74.8465,73.7360,70.8378,72.7324,70.2140,69.6419,67.9117,68.0661,68.3593,0.0000,0.0000,0.0000,0.0000,0.0000,0.0000,0.0000,0.0000,0.0000,0.0000,0.0000,0.0000
1700000011.750000,-57.7,89.1964,87.6641,88.7694,86.1626,86.9253,83.7735,85.4283,84.0952,86.3134,85.4751,87.3212,85.7555,88.5099,87.3670,83.7616,87.2009,85.2115,85.2115,85.0000,87.2009,88.2327,89.6437,87.4586,90.0278,90.1388,90.1388,92.6175,94.0213,91.8314,92.6175,89.3085,92.3580,89.8888,87.9830,85.7555,86.9540,84.2199,82.2982,77.8203,76.4853,75.5844,71.1758,73.0069,66.8506,67.6757,64.1950,64.5601,63.0635,63.7887,63.3482,58.6941,59.3043,0.0000,0.0000,0.0000,0.0000,0.0000,0.0000,0.0000,0.0000,0.0000,0.0000,0.0000,0.0000
1700000011.800000,-65.0,96.1769,94.8947,95.7183,95.4149,95.1315,91.5260,93.8136,92.2009,93.2363,94.0213,95.4254,95.1315,97.0824,94.8472,95.5249,96.1769,94.7629,95.4830,94.8472,97.0824,96.8969,97.9490,94.8472,100.7671,99.2472,100.0050,100.6578,102.9417,100.7671,101.3163,99.0858,100.4490,98.9949,94.0691,94.7629,94.1754,91.3510,89.4986,86.2149,84.8116,83.4086,82.8010,81.2711,78.4920,76.5506,74.0945,72.9452,72.9452,70.2140,69.4622,67.6757,66.2193,0.0000,0.0000,0.0000,0.0000,0.0000,0.0000,0.0000,0.0000,0.0000,0.0000,0.0000,0.0000
1700000011.850000,-62.0,97.3499,94.5780,97.2471,97.2471,95.3834,92.1792,93.0376,94.4299,94.4299,94.5410,95.6347,97.0824,98.9798,96.7678,96.4624,98.9545,96.0469,95.0789,95.5667,97.5141,98.7168,97.2934,97.8621,99.1413,100.4490,99.9850,102.9563,104.3935,100.4490,101.1187,99.0404,102.1812,100.4390,98.7168,96.5401,96.3016,93.1451,90.5207,91.3947,87.9318,86.0349,82.8734,85.4400,80.7775,79.8499,77.4726,77.3886,76.4788,76.5376,73.7835,71.8471,71.2180,0.0000,0.0000,0.0000,0.0000,0.0000,0.0000,0.0000,0.0000,0.0000,0.0000,0.0000,0.0000
1700000011.900000,-61.9,96.8349,97.8008,96.0469,99.2018,94.6414,93.6056,91.9674,91.9674,94.0479,94.0479,95.4620,95.5249,94.1754,92.8493,96.5401,94.6414,97.6166,91.2140,96.0208,94.3027,96.0208,96.5194,94.8683,97.3499,100.1249,99.3227,100.7025,99.0202,103.1746,96.5194,98.8130,98.2293,97.6166,95.6033,95.2680,92.9570,91.5478,89.9389,87.0000,87.0000,83.4386,84.8528,82.0366,79.9812,76.4853,75.8222,76.8375,75.2130,73.2393,73.2462,73.3553,74.3236,0.0000,0.0000,0.0000,0.0000,0.0000,0.0000,0.0000,0.0000,0.0000,0.0000,0.0000,0.0000
1700000011.950000,-58.0,90.3549,89.9444,89.1852,90.0500,89.1852,85.7555,87.3670,84.3149,87.9204,84.6286,86.0233,88.4081,86.4002,85.9128,86.6833,87.7838,86.3713,85.6329,86.2786,87.6812,84.1487,86.9770,84.8528,89.1403,90.5538,88.4138,89.8053,89.8053,89.0955,88.3912,89.1964,89.2749,87.3212,85.2760,84.8116,83.0060,79.4040,77.6660,76.8505,76.3217,74.3303,71.8679,69.3542,66.7308,65.2993,64.4050,64.0781,64.4748,62.6259,61.0328,60.1664,60.2080,0.0000,0.0000,0.0000,0.0000,0.0000,0.0000,0.0000,0.0000,0.0000,0.0000,0.0000,0.0000
1700000012.000000,-65.4,101.0000,99.0000,98.0204,97.0052,97.0464,94.1329,94.1913,92.3472,92.4392,92.9139,95.3520,93.9415,94.9210,93.3916,92.9624,95.6033,94.3716,94.3716,94.5569,95.2103,93.9628,93.9202,94.2444,98.2344,98.4327,98.0816,99.6243,98.0816,97.7190,97.4064,97.1236,96.8401,95.8019,93.6216,92.9624,90.2441,89.0505,86.4928,82.3772,83.0241,80.6226,77.4145,77.3175,74.2428,71.1126,69.0290,69.0072,68.0074,67.0298,65.1920,65.3758,63.7887,0.0000,0.0000,0.0000,0.0000,0.0000,0.0000,0.0000,0.0000,0.0000,0.0000,0.0000,0.0000
1700000012.050000,-62.2,92.0272,92.0272,92.6553,94.8683,90.8020,92.4175,89.0505,88.1192,87.0976,90.7965,92.4392,86.3713,94.3398,88.0511,92.1358,90.0500,92.0000,90.0500,92.0054,95.0474,93.1343,93.1343,95.2575,96.6282,95.5249,97.5141,96.4210,101.3163,99.1816,98.2497,98.2497,99.0454,98.0051,95.0053,94.0851,94.0479,93.0484,91.0879,87.2066,84.3801,81.4985,81.3019,79.9062,78.2624,74.7329,69.2315,72.8011,70.8802,72.1249,68.6222,66.7083,66.1891,0.0000,0.0000,0.0000,0.0000,0.0000,0.0000,0.0000,0.0000,0.0000,0.0000,0.0000,0.0000
1700000012.100000,-61.5,92.8009,92.2009,92.3580,91.8368,90.4268,87.6641,87.1321,88.3233,87.7097,88.5889,89.0056,89.4427,89.4707,88.6397,89.0505,88.2553,89.1964,86.0349,88.8876,88.2327,89.1852,88.8876,87.9318,92.6499,91.2140,90.9560,91.2140,92.8924,92.8924,93.1451,90.2497,91.7606,91.3947,89.1964,88.8651,86.3771,87.3155,84.3090,81.1542,80.1124,78.7909,77.8781,76.9415,72.4707,71.5891,70.1783,71.2811,69.6348,68.6003,65.2993,65.7951,64.3817,0.0000,0.0000,0.0000,0.0000,0.0000,0.0000,0.0000,0.0000,0.0000,0.0000,0.0000,0.0000
1700000012.150000,-61.7,99.0404,97.1236,97.2677,96.5660,97.2677,94.5939,94.5939,93.3916,93.3916,91.9837,94.5410,94.2019,94.0479,93.9042,92.7793,94.3398,91.3510,90.1998,90.0888,92.1954,91.1976,93.0484,91.1373,93.0215,95.0474,95.0210,95.0210,97.0464,93.0215,94.0479,92.1954,92.1954,92.4392,91.6624,89.5600,88.9550,87.8237,85.3288,84.5281,82.7647,81.0247,80.0500,77.8845,75.9605,74.0405,70.8378,71.8679,71.6938,71.1126,67.5352,67.2309,65.2150,0.0000,0.0000,0.0000,0.0000,0.0000,0.0000,0.0000,0.0000,0.0000,0.0000,0.0000,0.0000
1700000012.200000,-62.1,99.0858,98.4124,98.5951,99.2472,93.6056,93.6056,93.8616,93.8616,93.4077,92.0054,93.0054,94.0479,94.3027,93.7443,93.7443,92.1141,91.0659,89.6939,90.0500,91.4166,91.9239,90.4268,89.5545,92.1303,90.8240,93.4773,93.0591,92.5905,93.0591,91.3017,91.0659,92.1141,90.9725,88.7525,87.4185,85.2115,83.4865,81.8352,80.6040,79.6492,76.6942,75.1665,75.0733,72.9178,71.4213,68.6222,68.7677,68.1175,66.8431,67.0075,65.1920,63.5295,0.0000,0.0000,0.0000,0.0000,0.0000,0.0000,0.0000,0.0000,0.0000,0.0000,0.0000,0.0000
1700000012.250000,-62.1,100.1798,97.5090,98.8989,99.7447,97.1700,95.4620,96.7729,94.9210,93.6376,95.5196,96.4624,93.9628,95.3363,94.3716,93.6803,94.3663,93.9415,91.2195,92.3959,93.9415,91.5915,94.3663,92.3959,92.9139,94.2019,95.0368,94.2019,95.1893,94.3663,94.3663,93.9415,93.3916,92.6499,88.7694,89.0225,88.0568,85.7263,82.2192,81.2711,77.8332,76.3217,74.3303,73.9256,69.0797,70.2638,65.3070,64.8460,67.1193,64.1405,66.2873,63.0079,60.4401,0.0000,0.0000,0.0000,0.0000,0.0000,0.0000,0.0000,0.0000,0.0000,0.0000,0.0000,0.0000
1700000012.300000,-59.8,100.0000,98.0051,99.0808,100.0800,98.1835,96.3328,96.5194,94.8947,97.0155,96.0260,98.0051,97.3242,97.3242,97.8621,95.3415,97.0155,96.3016,94.6414,97.1236,96.1665,95.8801,96.1353,94.5569,97.0824,98.3717,98.0306,98.3514,98.3717,98.6712,96.4624,95.8801,96.5660,96.7729,93.8616,89.2693,86.8850,86.4928,84.3445,82.7345,81.0494,75.6637,76.5310,76.4199,73.3348,70.3491,69.0652,69.0290,69.0290,67.0298,65.1920,64.4981,62.3699,0.0000,0.0000,0.0000,0.0000,0.0000,0.0000,0.0000,0.0000,0.0000,0.0000,0.0000,0.0000
1700000012.350000,-62.9,91.3510,91.9239,90.5207,93.3809,93.3488,92.6984,93.8616,91.5478,94.2019,92.6175,94.6414,95.2103,95.4411,94.6256,95.6922,96.5194,94.3398,92.6499,91.5860,93.6483,93.2952,95.2943,90.8240,93.5361,96.5660,98.4886,95.2943,94.5145,98.9798,92.6607,92.3580,95.1893,96.5660,92.6499,90.1388,87.6185,86.4002,85.1469,83.5464,81.2158,78.8733,78.7464,74.2765,74.2765,71.4493,67.1789,67.8970,69.3542,64.6607,64.2028,65.7343,62.1772,0.0000,0.0000,0.0000,0.0000,0.0000,0.0000,0.0000,0.0000,0.0000,0.0000,0.0000,0.0000
1700000012.400000,-63.6,103.1746,103.1746,102.3132,103.2376,99.2472,100.4042,99.6092,98.8585,97.8673,99.4636,101.4347,98.8433,100.2247,97.0824,101.2028,96.7729,100.4241,97.2677,98.0816,98.4937,98.0816,96.4624,95.5092,98.6813,99.9300,97.0824,100.5684,98.6712,101.2423,97.7190,96.8401,97.8008,95.5667,93.1719,93.9415,92.9624,91.7823,89.4427,88.2836,86.1452,83.6002,80.5047,79.4040,77.2334,76.1643,73.0069,75.0000,74.0270,73.0616,71.2531,68.5930,67.9117,0.0000,0.0000,0.0000,0.0000,0.0000,0.0000,0.0000,0.0000,0.0000,0.0000,0.0000,0.0000
1700000012.450000,-59.4,98.2344,95.1315,97.1854,95.1315,94.3663,91.2853,91.2853,91.9348,91.9348,92.6553,92.6984,91.3510,91.3510,91.4385,90.6863,93.2363,90.0000,87.6185,88.0057,89.4036,90.6035,89.0505,87.9204,89.3588,90.7359,89.6939,91.2688,92.6499,91.8096,91.2688,89.3085,90.4434,90.8020,88.6002,87.0057,85.4283,84.5044,80.9197,79.3977,78.5684,76.3806,76.3675,74.2496,70.7248,68.6222,67.3573,67.4759,66.2193,66.0303,64.8999,62.7694,60.3738,0.0000,0.0000,0.0000,0.0000,0.0000,0.0000,0.0000,0.0000,0.0000,0.0000,0.0000,0.0000
1700000012.500000,-57.3,94.3663,92.9624,95.3415,94.3663,92.4175,89.7385,92.1792,90.5207,89.8443,91.0824,93.3006,92.3580,90.8240,91.1811,88.3912,91.3893,89.0505,87.7269,88.1022,88.5664,88.1419,89.0056,86.3134,90.5538,91.4166,90.4268,90.5538,91.3017,90.4268,91.3017,89.8944,92.1303,88.5664,87.2353,88.2383,85.6154,85.2350,81.9329,79.7120,77.7946,76.2430,74.6324,74.0405,69.3758,67.6831,67.0820,68.4471,64.7765,64.4981,63.2851,63.0714,60.0750,0.0000,0.0000,0.0000,0.0000,0.0000,0.0000,0.0000,0.0000,0.0000,0.0000,0.0000,0.0000
1700000012.550000,-57.0,100.7224,102.5768,96.3846,99.9850,96.3846,95.7183,96.5194,94.8683,96.8349,93.0054,96.6075,94.8103,96.5401,95.1315,96.4261,92.6984,94.7629,90.6090,94.0479,93.3488,92.6337,94.0691,90.5538,93.5094,95.5877,96.4261,97.1854,94.9210,99.1564,94.1754,94.7945,94.7629,95.4620,93.3488,92.6984,89.2749,88.7299,85.2760,84.0238,84.8116,79.6304,81.0247,76.5506,74.3303,74.0945,71.3442,71.1196,69.3181,67.1193,66.8506,62.9682,65.2533,0.0000,0.0000,0.0000,0.0000,0.0000,0.0000,0.0000,0.0000,0.0000,0.0000,0.0000,0.0000
1700000012.600000,-63.4,99.0202,96.0208,98.0204,96.0052,100.1249,95.0210,96.2549,94.6414,98.1835,98.9949,97.0155,96.0260,97.0155,97.6729,97.8621,100.4390,97.5141,96.5401,94.9210,96.3016,95.2103,95.5092,96.7678,97.8621,100.5684,99.0202,96.2081,100.5684,97.7394,98.3514,94.6414,98.9798,98.7623,93.4077,95.3363,97.2677,93.6216,86.1220,86.3134,83.0241,84.8528,82.0366,82.7345,76.3217,77.5242,72.1734,77.1038,72.0000,73.0616,72.1110,68.7314,65.3070,0.0000,0.0000,0.0000,0.0000,0.0000,0.0000,0.0000,0.0000,0.0000,0.0000,0.0000,0.0000
1700000012.650000,-60.8,104.3168,100.3444,102.9272,101.3558,101.5480,101.7890,100.4390,98.2293,99.4032,99.4032,101.2126,99.8098,102.8008,100.1249,100.2646,101.1781,99.0858,96.2601,97.5910,98.9949,98.2904,101.1385,96.8969,101.2373,100.4490,102.6499,102.7278,102.6499,102.7278,101.2373,101.1385,102.5524,101.8627,98.3107,96.8762,95.5877,95.7758,91.0494,89.8109,87.6185,85.6037,84.8116,85.2115,79.8812,78.4920,76.3217,76.1577,75.6637,75.1532,73.5391,70.9366,68.9638,0.0000,0.0000,0.0000,0.0000,0.0000,0.0000,0.0000,0.0000,0.0000,0.0000,0.0000,0.0000
1700000012.700000,-62.8,96.6075,96.0208,95.9635,96.5194,95.4149,94.0319,95.7183,94.6678,93.2952,96.2549,97.5295,95.2575,95.7079,94.8472,95.2733,95.4620,94.3398,94.3398,93.9840,93.9840,93.4077,95.5196,92.9731,96.1665,97.1236,97.1236,97.1236,97.7190,98.3717,98.3717,95.5196,97.0824,95.2733,92.8493,92.4770,91.5478,89.6939,86.3308,86.3308,82.7345,80.9506,80.5295,80.1311,76.1577,75.8024,72.1110,71.8471,70.8025,71.2180,68.6804,67.8970,65.1153,0.0000,0.0000,0.0000,0.0000,0.0000,0.0000,0.0000,0.0000,0.0000,0.0000,0.0000,0.0000
1700000012.750000,-60.3,98.1529,94.3663,98.6560,94.5410,98.6560,92.9624,95.8019,93.8616,96.8401,96.5660,97.5295,97.4166,98.3717,95.8175,97.0824,98.4327,94.3398,96.5660,91.9239,96.2549,95.8541,96.6644,96.7729,97.5090,98.8989,96.1769,97.5090,98.4124,96.6075,98.8989,94.5410,95.4620,93.7763,91.4166,88.6002,92.3580,86.6487,85.7263,82.9699,78.8480,78.8480,77.6209,77.8781,72.7805,71.5891,68.8840,67.8970,67.6018,68.1175,66.0303,64.0078,63.1269,0.0000,0.0000,0.0000,0.0000,0.0000,0.0000,0.0000,0.0000,0.0000,0.0000,0.0000,0.0000
1700000012.800000,-62.2,96.6075,98.4886,97.8621,99.4032,97.1442,96.7988,94.2550,98.0816,97.1236,95.8801,100.5783,100.9604,97.0155,97.9847,98.2700,99.6394,98.0051,94.3663,98.7320,99.7246,97.8673,96.5194,94.8947,98.6154,97.6217,98.5089,100.1798,99.3227,97.3293,96.2549,97.6217,96.4210,93.9042,92.0706,87.4757,86.4928,87.9659,85.1469,86.1220,85.1469,78.1025,79.5550,76.6877,75.9605,72.8011,68.6222,73.3757,68.9493,68.0294,66.7083,65.2993,64.6607,0.0000,0.0000,0.0000,0.0000,0.0000,0.0000,0.0000,0.0000,0.0000,0.0000,0.0000,0.0000
1700000012.850000,-65.7,106.6771,107.4244,105.1190,107.3546,104.2017,102.8591,102.0441,102.9563,103.4698,102.1567,106.6208,105.8489,107.3359,106.0424,105.6882,104.0433,104.4031,99.3277,102.2008,102.3572,102.8834,104.2929,100.4241,103.3683,103.5809,103.5857,104.5610,105.0190,105.0190,102.1078,100.9604,101.3903,99.0404,98.6712,95.8175,93.9840,92.3580,89.3196,88.0227,86.1626,83.7735,81.9390,80.6226,77.8203,75.5844,73.3553,73.5731,74.9466,71.2811,69.4046,69.0290,67.8970,0.0000,0.0000,0.0000,0.0000,0.0000,0.0000,0.0000,0.0000,0.0000,0.0000,0.0000,0.0000
1700000012.900000,-59.7,102.0049,101.0050,100.0050,101.0050,100.0200,100.0200,99.0202,98.0204,98.0459,97.1854,99.4082,98.6154,98.6154,97.8673,97.5141,96.3379,96.5091,93.5575,95.7079,96.5091,95.3520,95.5249,94.5410,97.7446,99.6895,99.6895,100.2247,96.8814,99.0404,96.1041,96.1769,96.0260,95.5249,93.4345,92.2659,89.3588,90.3549,87.2066,86.0930,83.0241,80.0062,79.0000,78.0256,76.0263,74.1687,70.3491,70.5762,69.8713,69.4262,66.7083,66.2193,65.7875,0.0000,0.0000,0.0000,0.0000,0.0000,0.0000,0.0000,0.0000,0.0000,0.0000,0.0000,0.0000
1700000012.950000,-57.3,99.9300,97.7394,96.7988,98.3514,98.0816,99.7246,98.0867,94.8472,96.6644,94.0213,95.7549,100.6231,98.8838,94.0213,97.6166,96.5660,96.0417,94.1541,94.3398,96.2601,95.1893,98.2293,94.8683,97.2008,97.0052,99.6243,96.6075,99.4032,98.2293,95.6033,97.3499,98.2293,95.7183,93.8136,91.5860,92.9624,92.2822,89.0674,87.6584,85.8836,84.1190,82.7345,80.2309,80.2309,75.3923,72.4500,72.4224,75.9605,70.8802,73.3485,71.0211,67.4759,0.0000,0.0000,0.0000,0.0000,0.0000,0.0000,0.0000,0.0000,0.0000,0.0000,0.0000,0.0000
1700000013.000000,-62.0,103.4650,97.6371,99.9850,100.1699,102.2155,100.7224,99.7647,100.6231,99.2824,101.0792,102.0441,102.1567,100.4639,100.0900,98.6154,99.9600,97.7394,98.3514,97.4166,98.0306,97.0824,96.8401,96.8401,100.4390,100.1699,97.5141,99.4636,98.2344,97.7446,99.4636,94.3716,98.7623,96.1665,93.0054,91.3947,93.3006,91.3947,87.5957,84.5044,82.8734,84.1546,83.9345,82.4621,77.0779,76.0592,72.9452,75.5910,75.2928,74.6257,74.3303,70.8025,67.4759,0.0000,0.0000,0.0000,0.0000,0.0000,0.0000,0.0000,0.0000,0.0000,0.0000,0.0000,0.0000
1700000013.050000,-61.4,105.9906,105.7733,103.8460,105.7733,103.8460,102.4890,102.7862,102.4597,103.4070,103.4070,104.0625,104.1777,105.1095,103.8171,101.9510,102.5524,100.3195,100.3195,99.7447,99.3177,99.3177,102.8591,98.3870,99.2975,100.6479,101.1187,101.5332,100.1848,99.2975,98.3870,96.1769,97.9898,97.9898,96.2549,94.5410,91.9239,91.9239,88.9550,88.2553,86.0349,84.7585,83.1685,83.2406,80.0812,77.6209,77.3692,76.4853,76.9415,76.6551,75.2396,74.0270,71.0634,0.0000,0.0000,0.0000,0.0000,0.0000,0.0000,0.0000,0.0000,0.0000,0.0000,0.0000,0.0000
1700000013.100000,-66.0,101.5332,103.3538,98.3870,102.4207,100.1798,99.7447,96.6644,99.4032,99.0051,96.9330,98.7927,95.8593,98.6813,97.4064,98.0306,95.2103,97.4166,91.7606,95.6033,93.4077,94.6414,94.3716,90.2497,94.8314,95.8019,95.8019,96.7729,93.1451,94.1116,90.9560,91.4822,89.5600,87.9318,86.9770,86.9770,83.1685,82.2192,80.9938,79.7120,79.1202,74.8465,75.7694,73.0069,72.0902,70.2638,67.9779,69.3181,67.6018,67.4166,67.1193,64.4050,63.1269,0.0000,0.0000,0.0000,0.0000,0.0000,0.0000,0.0000,0.0000,0.0000,0.0000,0.0000,0.0000
1700000013.150000,-64.0,99.4636,100.4390,99.9250,99.4636,97.7446,95.8019,96.0469,96.3016,96.8401,95.5092,96.4624,96.7988,95.8593,93.4077,96.4624,94.9368,94.8472,92.1954,92.6121,91.7878,91.5478,95.7549,90.8020,93.0591,94.8103,93.4773,94.8103,93.0376,94.3716,91.2360,90.6201,89.3196,88.6002,85.3815,83.4865,81.2711,80.6536,80.0062,76.2430,74.7262,70.6045,70.3420,70.3420,66.7083,63.9531,61.8142,62.5140,62.3939,61.2944,60.1332,59.0085,57.0789,0.0000,0.0000,0.0000,0.0000,0.0000,0.0000,0.0000,0.0000,0.0000,0.0000,0.0000,0.0000
1700000013.200000,-63.9,98.2344,99.6394,97.1854,100.8960,95.9010,99.2472,97.7446,97.0000,97.6729,95.4620,99.7246,97.6729,97.6729,97.0824,99.0858,95.0158,98.8585,91.4385,98.2344,97.4526,98.0816,98.4073,92.6175,96.6075,99.4032,99.4032,99.0202,96.2133,99.6394,95.4254,95.7758,96.3328,93.4345,90.5207,89.0955,85.5628,86.2786,82.0366,82.0731,81.4678,76.5768,76.8375,73.4098,72.0069,69.4046,66.6108,67.1193,65.0000,62.2656,63.0635,62.6498,61.0983,0.0000,0.0000,0.0000,0.0000,0.0000,0.0000,0.0000,0.0000,0.0000,0.0000,0.0000,0.0000
1700000013.250000,-60.7,93.1451,94.9210,92.0272,96.7678,92.9731,94.2444,92.3580,94.3398,91.2853,92.1303,94.9368,91.2360,97.0824,96.1509,95.7131,94.0213,94.8262,93.1504,96.5660,96.3846,98.9798,95.1893,93.4933,96.2549,99.3227,96.5194,99.6444,97.4166,100.8464,93.8136,98.0051,98.9798,94.8947,95.7706,93.0591,91.2414,91.2853,88.6397,87.4643,85.7963,79.4796,82.8734,80.0062,81.9085,76.2430,74.2159,73.7631,68.4471,68.7314,69.5845,69.0652,67.0671,0.0000,0.0000,0.0000,0.0000,0.0000,0.0000,0.0000,0.0000,0.0000,0.0000,0.0000,0.0000
1700000013.300000,-59.5,102.0441,97.9439,102.9563,98.4124,99.5389,93.7763,95.6347,94.9210,95.5196,98.3514,100.0000,98.2344,97.0155,97.5141,94.8314,99.8248,94.3663,96.3379,92.9139,98.1529,98.3107,98.0051,96.8762,99.2472,97.5141,99.6092,97.5141,102.5914,97.5141,100.4988,97.0155,97.1648,98.4784,94.5410,93.9415,94.5410,91.4112,88.0738,88.2950,85.3756,86.8332,82.4621,84.2021,78.4474,76.2168,75.6108,76.6942,75.2396,75.5844,74.2428,72.7186,71.2811,0.0000,0.0000,0.0000,0.0000,0.0000,0.0000,0.0000,0.0000,0.0000,0.0000,0.0000,0.0000
1700000013.350000,-59.9,100.2098,101.4002,99.8098,98.8130,95.0000,96.6747,97.8366,93.5094,94.9210,91.2853,94.7945,93.3381,94.0691,93.3488,94.0691,89.2749,93.5094,86.4523,91.0494,89.6437,88.2383,89.8109,88.6002,91.6079,92.2009,91.6079,93.0054,88.4081,92.0054,87.8009,88.0909,88.0909,86.5563,84.3860,83.6301,79.9812,79.9812,78.4920,77.0779,76.3675,71.4493,73.5527,68.6804,67.2681,66.5282,63.8905,66.2193,65.0000,61.8547,61.5873,61.4003,59.0339,0.0000,0.0000,0.0000,0.0000,0.0000,0.0000,0.0000,0.0000,0.0000,0.0000,0.0000,0.0000
1700000013.400000,-62.5,103.1746,101.4938,103.1746,103.3102,100.2447,97.1288,100.0800,98.0000,99.0051,101.0050,102.0000,103.0049,100.0200,102.0784,101.1237,100.2447,102.3963,95.5249,98.6154,102.7035,98.9949,98.6560,101.1187,101.2719,101.8332,99.6394,102.2595,99.2975,100.8415,100.1299,96.4210,98.5089,98.5089,95.1315,94.0851,91.0879,88.0057,86.0233,83.0241,79.0253,78.0064,82.0000,74.0270,75.0267,70.1142,68.1836,69.4622,67.8970,62.1691,63.0635,62.2977,59.8080,0.0000,0.0000,0.0000,0.0000,0.0000,0.0000,0.0000,0.0000,0.0000,0.0000,0.0000,0.0000
1700000013.450000,-61.9,101.9215,97.5295,100.9604,99.7246,102.7862,97.4166,96.9330,100.6578,99.1615,100.6578,98.7927,101.2373,103.8701,103.7690,99.7447,104.7091,99.2975,101.2126,98.1122,102.3963,98.7370,101.5135,100.8464,103.7304,102.0833,102.0833,104.8475,107.7033,100.4042,106.5317,98.0051,102.2155,98.4886,96.2549,97.1288,95.2575,92.1954,88.9550,86.9253,83.2586,82.0792,79.6241,81.0247,72.4500,73.5391,71.1688,73.0548,72.4224,68.4471,66.4906,69.0507,63.3877,0.0000,0.0000,0.0000,0.0000,0.0000,0.0000,0.0000,0.0000,0.0000,0.0000,0.0000,0.0000
1700000013.500000,-61.2,104.1201,106.0754,103.0437,105.0762,103.0049,103.0000,103.0776,100.0800,98.1275,98.1835,104.2353,102.7035,100.8415,99.8499,100.8415,101.2719,101.7890,99.4636,103.9423,101.6366,101.2028,100.8960,99.4636,105.2616,103.0776,105.2616,105.0190,102.3914,104.5610,102.1812,103.7545,101.2719,98.3107,96.8762,95.7549,93.7710,93.5361,90.2718,86.1452,87.0919,83.0542,84.0536,80.0062,79.0000,76.0000,74.0270,74.1080,74.2428,71.4493,71.1969,69.2315,68.6804,0.0000,0.0000,0.0000,0.0000,0.0000,0.0000,0.0000,0.0000,0.0000,0.0000,0.0000,0.0000
1700000013.550000,-63.7,101.2126,100.6032,99.0454,99.2018,98.2293,100.1249,96.7988,97.4166,97.4166,96.3846,98.1122,98.0051,98.0051,97.4936,97.0464,97.0824,96.6644,92.7038,96.7729,97.6934,96.3846,96.3846,95.6347,100.3045,98.0816,100.9009,99.9600,101.7693,100.8464,96.3846,96.6644,97.1700,93.9149,94.8103,91.7061,89.4707,88.1930,84.3801,84.5991,81.3019,78.2304,78.7718,75.7166,72.6705,71.8471,67.6240,68.4105,68.6804,67.8970,67.1789,66.4831,64.0312,0.0000,0.0000,0.0000,0.0000,0.0000,0.0000,0.0000,0.0000,0.0000,0.0000,0.0000,0.0000
1700000013.600000,-63.3,98.0816,96.4624,98.0306,98.3514,95.1893,95.5196,95.4620,94.5410,95.3415,95.3415,97.0824,96.6075,97.4936,96.6488,96.6488,95.7183,95.7183,94.3398,97.3499,95.1315,97.0979,98.4733,96.7988,99.8649,98.7370,98.7370,97.0824,99.2975,98.4784,97.3499,95.1893,97.4166,94.0213,93.0591,90.8240,89.0056,86.7640,84.6936,82.8553,81.5414,76.1577,74.8465,75.0267,71.5122,68.9493,66.4078,66.4831,67.1863,64.7611,63.3482,61.2944,59.0762,0.0000,0.0000,0.0000,0.0000,0.0000,0.0000,0.0000,0.0000,0.0000,0.0000,0.0000,0.0000
1700000013.650000,-61.5,98.3870,95.7131,96.2549,97.1288,94.5145,93.6483,94.6678,92.9624,95.6922,96.8349,94.0479,96.4002,96.8298,96.0469,96.2133,97.1854,95.6713,96.4261,96.2081,97.0000,97.7446,99.0353,97.6729,99.7246,99.7647,98.3514,101.9117,99.0353,97.6729,99.9050,96.5401,96.6747,96.0469,93.4077,93.6002,93.2309,88.4816,87.9204,83.7616,82.1523,80.7775,79.4040,77.8974,73.3553,70.2353,70.2638,69.8570,69.0797,68.9493,66.0984,65.0000,63.9531,0.0000,0.0000,0.0000,0.0000,0.0000,0.0000,0.0000,0.0000,0.0000,0.0000,0.0000,0.0000
1700000013.700000,-53.0,101.5480,98.4784,100.1249,98.4733,97.0824,95.4411,97.0052,94.8103,96.2133,95.9010,97.8366,98.4937,97.6217,96.9381,96.9381,97.5910,96.1769,96.2081,97.0824,97.7446,94.7945,98.4937,97.0824,100.0050,100.0050,100.6578,102.7278,99.8248,100.4988,99.2472,98.2904,97.5807,97.5910,93.3809,94.1116,91.3510,90.7855,87.4586,85.4283,84.2021,81.8413,79.6304,79.6304,74.3303,74.3303,71.3442,71.1969,72.0069,69.3181,70.7743,66.1287,66.7608,0.0000,0.0000,0.0000,0.0000,0.0000,0.0000,0.0000,0.0000,0.0000,0.0000,0.0000,0.0000
1700000013.750000,-63.3,106.8270,104.4845,107.0561,102.8251,104.2353,100.5684,101.8627,99.7246,99.7046,101.1187,102.5524,101.9804,101.9117,101.4150,100.0050,102.0049,98.4073,99.8098,98.8130,99.6243,101.2126,102.0784,101.8332,103.7304,104.0433,101.8332,104.0433,104.0433,100.8018,105.2093,99.0202,99.6394,102.3035,98.4937,93.5094,96.2081,91.2414,89.0955,86.2786,83.4865,84.1724,82.0731,82.9759,75.9276,75.2861,72.8011,74.6324,71.0282,71.3442,69.8355,69.3181,67.7791,0.0000,0.0000,0.0000,0.0000,0.0000,0.0000,0.0000,0.0000,0.0000,0.0000,0.0000,0.0000
1700000013.800000,-61.3,92.2009,90.6035,91.2140,89.0225,88.7299,86.5563,87.2066,88.5268,87.0000,87.6926,89.1067,87.0000,88.4138,87.7269,87.0000,89.3756,87.9659,87.3212,87.4586,86.5563,87.9659,86.0523,87.4586,87.2009,88.8651,90.2718,89.0225,89.4986,88.2383,88.8651,85.6329,86.3713,86.2786,84.1487,82.0244,81.3449,79.2465,74.4110,75.2861,71.7008,69.6563,67.4759,69.2026,63.6003,64.4050,60.4649,61.5873,63.1348,62.1772,59.9333,57.2713,57.5847,0.0000,0.0000,0.0000,0.0000,0.0000,0.0000,0.0000,0.0000,0.0000,0.0000,0.0000,0.0000
1700000013.850000,-60.7,105.7024,100.0900,102.4597,100.3045,99.2975,97.7190,97.1236,98.4937,97.2677,98.2344,97.7446,96.7729,100.0200,96.6902,96.5091,99.1413,95.8853,96.0260,95.4254,98.5089,97.6217,98.4124,97.3293,99.2472,99.3227,100.4042,99.3227,98.4124,98.3260,97.4166,94.0479,95.8853,94.0479,91.5915,89.8220,88.6454,86.8850,82.4621,82.4621,79.5550,78.5875,76.4003,75.9605,70.5195,70.5195,68.0074,68.7095,68.5420,67.1193,64.4127,63.2851,61.2944,0.0000,0.0000,0.0000,0.0000,0.0000,0.0000,0.0000,0.0000,0.0000,0.0000,0.0000,0.0000
1700000013.900000,-62.7,103.3247,101.3903,104.1201,101.9215,104.0433,95.8175,98.6813,97.1442,99.3680,99.9250,101.6366,100.6479,100.6479,100.6231,98.8433,102.4744,98.8838,101.5332,100.4988,102.0833,100.7224,103.0776,103.0776,103.7738,102.9272,103.2473,104.9571,104.8093,103.4456,105.1903,101.5332,101.5185,101.5529,99.3177,98.4886,98.4886,94.5410,92.8493,91.7606,85.7030,89.1852,82.8613,82.9699,78.5875,78.1025,76.4853,77.2787,73.8241,75.5381,73.2462,70.0286,68.0294,0.0000,0.0000,0.0000,0.0000,0.0000,0.0000,0.0000,0.0000,0.0000,0.0000,0.0000,0.0000
1700000013.950000,-58.8,102.6109,99.6895,102.1078,102.1078,102.2008,98.0816,101.8332,99.6243,99.3680,101.9510,103.0776,102.0441,104.2785,102.4597,101.5529,105.1190,100.2397,102.0833,102.5768,102.9563,103.4456,103.2473,101.8725,106.7802,106.0000,105.3945,107.0701,108.2266,108.2266,108.7566,103.4456,105.1903,105.5888,103.3102,98.8433,98.4124,97.9439,94.0213,92.7038,90.6201,90.6201,85.2350,85.7963,80.3243,80.6536,79.1202,78.5875,77.6660,77.4661,77.1038,72.2496,71.0282,0.0000,0.0000,0.0000,0.0000,0.0000,0.0000,0.0000,0.0000,0.0000,0.0000,0.0000,0.0000
1700000014.000000,-63.9,93.5575,93.7443,92.9624,92.9624,92.4175,90.7083,89.5600,89.1852,89.1852,87.9204,91.1811,91.9239,91.9239,91.2853,90.8735,91.6788,90.7855,90.7855,91.2414,91.2414,90.3549,92.6607,90.8240,94.3398,94.6678,94.6678,94.6678,94.5145,94.8947,94.8947,95.2575,94.8103,94.3716,90.3770,90.8735,88.3912,87.8465,83.9345,84.1546,82.8734,80.3243,79.4040,78.8480,76.6551,74.9533,70.4060,70.8590,69.5845,69.3542,68.2642,68.0294,66.1211,0.0000,0.0000,0.0000,0.0000,0.0000,0.0000,0.0000,0.0000,0.0000,0.0000,0.0000,0.0000
1700000014.050000,-55.2,105.1095,98.4327,102.6937,98.2344,100.4639,94.0213,97.5090,96.1509,95.2575,99.7296,100.1848,97.0618,96.6488,95.5249,92.7847,98.1835,92.9139,95.7183,95.4411,96.2601,95.1315,94.6256,95.6922,95.4411,95.1315,93.4773,92.6553,95.2103,90.6973,96.2601,87.9830,91.2688,89.6939,86.9540,84.7231,86.3539,84.0773,78.2624,77.3886,72.9178,75.1532,71.5891,75.2396,67.7791,68.1542,67.6757,66.0984,63.6003,66.7083,64.3273,62.5140,58.2151,0.0000,0.0000,0.0000,0.0000,0.0000,0.0000,0.0000,0.0000,0.0000,0.0000,0.0000,0.0000
1700000014.100000,-61.1,100.0450,96.0469,98.2497,99.0202,97.1854,95.6347,96.5194,94.8947,95.5249,96.7471,97.8673,98.6560,96.8814,97.2934,97.8621,98.7168,98.2344,97.7446,97.5295,97.5141,96.3172,98.4937,97.2677,100.9604,100.9604,96.8401,98.2344,98.9545,96.5660,97.0155,93.6216,95.3415,95.3520,91.0824,91.2414,91.9239,85.9884,84.4808,81.3019,81.3019,78.3135,77.4145,80.1561,75.0600,72.0069,68.0294,73.1095,70.1142,72.3395,68.8840,65.3070,66.4831,0.0000,0.0000,0.0000,0.0000,0.0000,0.0000,0.0000,0.0000,0.0000,0.0000,0.0000,0.0000
1700000014.150000,-61.9,103.2473,103.6195,103.4698,101.7693,100.7224,98.8989,97.9439,97.4936,97.1288,99.7647,99.4786,101.0198,98.7927,99.3227,99.3227,102.4158,100.0000,98.8130,99.8098,100.0000,100.2098,100.6032,100.2098,101.0445,103.8557,101.8283,101.4002,101.2126,99.8098,98.6002,98.8130,98.4733,96.7988,93.8136,93.4933,91.5860,89.6939,88.1930,84.5340,81.4125,83.1865,79.1770,78.7909,75.1532,73.4098,70.5762,71.1688,71.1688,69.9214,69.1231,67.2681,65.4905,0.0000,0.0000,0.0000,0.0000,0.0000,0.0000,0.0000,0.0000,0.0000,0.0000,0.0000,0.0000
1700000014.200000,-62.8,105.8489,104.5466,105.6882,103.1213,103.1213,98.9798,101.2423,101.2423,102.1078,100.4241,100.4241,101.2028,101.9804,101.9804,102.1812,101.1187,99.9850,98.9949,98.6154,100.6032,99.8499,101.4938,98.8585,101.4002,102.3963,100.6032,102.8251,101.5972,100.6032,99.6092,96.1769,96.0260,95.7079,91.7823,91.9837,89.0505,88.2950,84.8999,83.9345,81.3204,79.8123,77.4919,74.3303,72.7324,70.0071,69.0797,69.4622,68.0294,65.7419,64.4981,62.7694,61.0328,0.0000,0.0000,0.0000,0.0000,0.0000,0.0000,0.0000,0.0000,0.0000,0.0000,0.0000,0.0000
1700000014.250000,-59.9,97.9490,97.1854,99.2018,97.6166,97.6166,94.4034,97.6524,94.5780,97.0824,97.0979,97.7548,98.9798,98.4886,95.7706,96.2549,100.6231,96.6075,96.6075,96.2549,98.8989,98.4886,99.0051,98.0867,101.0198,100.4639,100.0900,100.0900,99.9250,98.6154,98.2344,94.4299,98.8989,94.8472,93.4719,93.0215,92.5743,91.7061,88.6848,86.9540,84.3801,83.8630,80.9938,79.8812,74.8866,75.0000,71.2180,71.8401,71.5891,68.5930,68.5930,64.4438,62.8013,0.0000,0.0000,0.0000,0.0000,0.0000,0.0000,0.0000,0.0000,0.0000,0.0000,0.0000,0.0000
1700000014.300000,-64.9,95.4254,93.0860,88.4590,91.2195,89.1067,87.0000,87.6926,89.1964,89.9389,88.0909,89.2020,90.2109,93.0054,93.4773,87.6584,91.2688,90.9725,87.6641,87.9830,91.5860,88.5099,92.4392,90.2109,94.8262,92.5905,93.5361,93.9415,93.5361,95.7706,90.8240,95.0158,93.1504,90.7359,89.8888,88.8369,85.9826,89.6939,86.4002,83.4086,85.2115,82.8010,82.6196,80.9197,76.4853,77.1557,72.8354,74.9533,73.6614,68.1175,68.4105,70.7248,68.4763,0.0000,0.0000,0.0000,0.0000,0.0000,0.0000,0.0000,0.0000,0.0000,0.0000,0.0000,0.0000
1700000014.350000,-61.7,103.8460,101.3903,100.4390,102.1078,99.2472,99.0404,98.6560,96.3379,96.1769,98.9949,99.6092,99.4082,99.3227,99.1816,98.3260,101.1237,101.0445,98.0459,102.0049,101.0445,100.0800,100.0000,101.0198,103.0049,102.0196,101.0000,103.0437,101.0792,102.0784,100.0200,99.2472,100.1798,98.4124,97.5141,94.6414,93.6483,93.0591,88.2836,87.1321,87.4757,83.9524,84.1724,82.7103,79.3095,79.1202,75.2728,77.8332,75.7694,74.7329,74.6860,73.0616,71.0282,0.0000,0.0000,0.0000,0.0000,0.0000,0.0000,0.0000,0.0000,0.0000,0.0000,0.0000,0.0000
1700000014.400000,-63.9,102.0784,98.0816,104.1201,100.0450,102.1763,96.3328,99.5038,98.5089,97.8673,100.8415,101.1187,101.4347,103.7545,100.0200,99.4636,104.5610,99.4636,102.8397,99.4636,101.6366,99.6895,100.6628,100.8960,102.4890,102.8834,101.3903,100.6628,101.8676,98.9545,102.6109,96.8814,98.4784,96.1769,94.8947,92.9139,93.9042,89.8053,85.3756,84.3801,79.2275,83.1505,78.1025,79.0569,75.0267,76.0000,71.0070,71.1126,70.1142,71.3442,70.7107,69.0507,64.0312,0.0000,0.0000,0.0000,0.0000,0.0000,0.0000,0.0000,0.0000,0.0000,0.0000,0.0000,0.0000
1700000014.450000,-65.5,91.1373,89.2020,90.5538,91.5478,89.6772,89.1067,92.0706,90.0944,90.4268,91.0055,92.8924,93.4077,93.4077,93.0054,92.4446,91.7606,92.3472,91.7061,93.9202,93.0054,92.3472,92.9731,91.3947,94.3398,93.6376,93.9840,94.2444,91.3947,92.0272,91.7061,90.5207,90.5207,87.0976,82.9759,83.9524,80.0500,80.5233,77.8781,76.4853,75.3127,73.8241,70.7107,69.5845,68.4690,67.1863,64.0703,63.0714,63.0079,61.0000,62.0322,59.1354,57.5587,0.0000,0.0000,0.0000,0.0000,0.0000,0.0000,0.0000,0.0000,0.0000,0.0000,0.0000,0.0000
1700000014.500000,-59.9,100.8960,95.1262,96.7729,101.0000,97.8621,88.9550,92.5419,94.4299,92.3472,95.2575,92.3472,91.1373,97.1854,94.0479,96.0208,95.0210,93.0860,93.2631,92.4392,95.4254,95.2575,95.4254,91.5478,93.5361,97.5141,93.5361,94.6414,91.5478,94.5304,93.3435,90.3549,91.3510,89.4539,91.5478,87.2066,84.1487,86.0233,83.0241,80.0250,77.0584,75.0067,73.0274,73.2462,69.3542,71.2531,66.3702,65.6201,67.7422,64.5368,62.8172,61.0328,62.2415,0.0000,0.0000,0.0000,0.0000,0.0000,0.0000,0.0000,0.0000,0.0000,0.0000,0.0000,0.0000
1700000014.550000,-61.3,99.8098,99.8098,99.0454,101.8332,98.4733,98.7370,96.5194,95.4149,96.5660,95.8801,98.8838,100.6231,99.2975,100.1798,101.0742,98.8989,99.9250,96.6644,100.8464,100.3195,99.8098,100.3195,97.6934,101.8430,102.3181,101.0198,102.1567,101.6366,102.5524,98.4886,101.0792,96.6023,98.0051,94.8947,94.0213,90.9175,90.4268,88.8369,87.1321,84.8764,81.0247,80.7094,78.6003,77.0065,72.6223,72.2496,71.4493,70.0071,67.8970,66.5282,65.4370,66.0303,0.0000,0.0000,0.0000,0.0000,0.0000,0.0000,0.0000,0.0000,0.0000,0.0000,0.0000,0.0000
1700000014.600000,-63.8,100.3195,97.5141,100.9752,98.8585,101.2719,98.4784,97.8621,99.2472,99.2472,99.9250,100.0000,101.2423,101.5332,103.0922,101.5332,105.0048,102.7862,103.8171,103.2473,104.0625,103.1213,105.4751,105.1095,104.7855,107.0187,106.6208,106.4049,106.7755,106.9766,104.0625,103.0922,103.0922,102.2008,100.4241,99.2018,97.9847,95.8019,91.2195,89.6270,88.6454,86.3134,84.1724,83.7257,79.9062,79.3095,77.2334,77.1038,76.0263,75.0067,74.0608,71.2531,69.8713,0.0000,0.0000,0.0000,0.0000,0.0000,0.0000,0.0000,0.0000,0.0000,0.0000,0.0000,0.0000
1700000014.650000,-59.9,103.2763,103.3247,100.1249,104.9952,100.8960,101.8283,102.0049,103.6002,103.8123,105.6835,106.5317,106.8504,107.3778,106.8504,107.3778,106.1744,106.1744,104.4462,106.4706,107.0420,107.5407,106.1744,103.4456,109.1284,108.7842,108.7842,106.0660,102.7278,107.1868,101.0198,101.5480,101.5135,99.6243,94.6256,93.8136,90.2109,91.4002,86.2149,83.8689,84.3860,79.5110,80.0562,77.8332,75.0067,71.4213,70.0357,70.7248,68.6804,68.2495,64.0312,64.8999,63.2851,0.0000,0.0000,0.0000,0.0000,0.0000,0.0000,0.0000,0.0000,0.0000,0.0000,0.0000,0.0000
1700000014.700000,-63.4,94.1541,94.4299,92.5905,98.0867,94.3716,92.5743,98.4124,95.0158,96.3846,95.1893,96.8969,98.1835,99.6243,101.2423,98.7370,99.0454,99.6243,98.6002,99.0202,99.6394,98.4073,99.3579,97.4526,103.2327,100.4241,101.8283,100.6032,97.6166,101.6071,97.2008,96.2601,96.6075,94.8736,92.6499,92.9139,89.0449,90.2109,87.3212,83.6481,82.7647,77.4145,77.0260,75.1532,73.8241,71.1126,68.7095,70.8378,69.6419,66.0984,67.0522,67.8970,63.5059,0.0000,0.0000,0.0000,0.0000,0.0000,0.0000,0.0000,0.0000,0.0000,0.0000,0.0000,0.0000
1700000014.750000,-62.2,93.6216,93.0376,90.3383,91.6788,90.3549,90.8240,91.5860,92.7847,93.7443,91.8096,97.0824,97.0824,99.0454,98.2293,99.6243,99.8098,100.4241,97.6166,98.7168,99.0202,100.6032,99.9050,100.2646,102.8251,103.2327,103.5857,103.2327,104.0192,103.8557,99.6394,100.0000,100.2098,101.8332,96.2601,96.5194,91.2688,91.2688,87.8180,86.6083,86.9540,85.8836,86.3134,84.5281,81.4371,78.3901,77.6209,79.1202,76.2168,75.9605,71.5891,68.0661,68.2642,0.0000,0.0000,0.0000,0.0000,0.0000,0.0000,0.0000,0.0000,0.0000,0.0000,0.0000,0.0000
1700000014.800000,-63.0,87.2353,87.2066,89.5545,89.4707,89.6939,88.3233,86.8217,89.0505,90.4434,92.8009,94.8103,94.6414,95.7758,94.2603,95.5877,95.5249,95.4830,95.4830,97.5910,97.5910,96.8969,97.5807,97.5910,98.3107,99.7046,99.0051,103.2376,98.9949,98.9949,98.9949,95.5249,96.2601,94.1116,91.5478,92.3147,90.2718,89.3756,86.2149,84.0238,83.6002,79.4040,79.4040,78.4920,76.2758,75.1665,72.7186,74.7930,70.7107,71.5542,68.9420,69.0797,67.3573,0.0000,0.0000,0.0000,0.0000,0.0000,0.0000,0.0000,0.0000,0.0000,0.0000,0.0000,0.0000
1700000014.850000,-60.5,97.0824,92.6984,95.2733,95.6347,96.7729,93.6216,93.5201,93.9415,94.8103,96.6023,98.4124,96.7471,97.2471,97.4166,98.1122,99.0202,95.4149,97.9439,97.6524,100.1249,96.7988,97.6524,99.0202,100.2098,102.3426,98.4733,99.0202,100.1699,98.4784,97.9439,93.2952,95.8801,94.8947,89.8944,89.4707,90.3383,88.1022,84.1724,81.0247,80.2309,79.8499,74.4648,77.2528,71.5122,70.8378,68.0074,68.6804,68.1542,67.2681,64.1327,65.4905,62.2013,0.0000,0.0000,0.0000,0.0000,0.0000,0.0000,0.0000,0.0000,0.0000,0.0000,0.0000,0.0000
1700000014.900000,-61.3,95.5249,94.4299,94.2603,97.4166,97.1854,94.1329,95.0474,94.0053,94.0000,95.0053,98.0204,97.0464,98.0816,97.0824,95.1315,97.4166,97.5141,93.2631,95.5249,97.5141,97.5141,97.8673,95.6347,98.0051,98.5089,98.6154,98.6154,95.4254,97.3293,94.2603,92.1358,93.1343,90.0056,90.0000,89.0000,86.0233,86.0058,80.1561,80.2247,78.1025,76.2365,75.4255,71.4493,67.6018,67.8970,64.9384,64.5368,63.7887,61.4003,60.0833,57.9396,55.9464,0.0000,0.0000,0.0000,0.0000,0.0000,0.0000,0.0000,0.0000,0.0000,0.0000,0.0000,0.0000
1700000014.950000,-63.2,105.0048,102.1421,106.0424,104.0433,103.3247,102.3572,104.7855,102.1812,105.3233,106.0990,107.0794,105.7213,106.3673,105.0762,105.2236,107.5639,104.4797,105.4751,104.3072,105.2331,105.4751,105.1713,105.4751,106.1697,106.3015,105.1713,105.1190,106.3015,104.4797,105.2331,100.7174,102.7035,99.8499,97.8673,96.8762,96.1769,95.3520,90.6090,90.2441,88.5268,86.3481,83.6780,83.9345,80.0812,76.9220,75.2861,76.2168,74.3236,74.2496,71.1196,71.1969,67.6757,0.0000,0.0000,0.0000,0.0000,0.0000,0.0000,0.0000,0.0000,0.0000,0.0000,0.0000,0.0000
1700000015.000000,-60.6,92.9624,93.6216,91.4822,96.3016,93.4077,93.0054,93.9202,93.0484,93.6376,95.6347,98.2344,97.6934,98.4886,97.1700,98.8989,96.6075,97.9439,95.2733,98.8382,99.2824,98.8433,99.7296,96.6023,101.5332,101.0742,100.1848,101.0742,99.3177,99.8098,96.6644,97.6934,95.3415,93.7763,91.5478,91.0824,88.2553,87.9204,83.8153,82.8613,82.2800,78.3390,77.3692,75.9276,74.7329,71.3863,70.2140,67.7422,68.2642,65.2763,64.0312,65.0077,64.1249,0.0000,0.0000,0.0000,0.0000,0.0000,0.0000,0.0000,0.0000,0.0000,0.0000,0.0000,0.0000
1700000015.050000,-60.6,95.1262,95.1262,96.5401,96.5401,96.3016,94.6414,95.2103,96.7678,97.4064,98.3514,98.0816,99.1615,100.0900,99.9250,99.0051,101.1336,99.7447,99.3177,98.3870,99.2824,100.6479,100.1798,99.3177,100.1848,101.5185,100.1798,100.6231,101.0792,99.3177,100.2247,95.8541,95.4620,95.2733,92.1141,90.8240,88.6002,86.6487,84.1190,81.9085,79.1202,77.8845,75.6902,73.2462,71.3092,69.1231,66.7083,67.2681,65.7647,64.4981,63.1981,62.1289,62.0081,0.0000,0.0000,0.0000,0.0000,0.0000,0.0000,0.0000,0.0000,0.0000,0.0000,0.0000,0.0000
1700000015.100000,-59.2,99.1262,97.1854,97.3293,100.2447,95.4254,98.6154,98.0051,96.3379,98.0051,98.8433,99.6394,101.2028,101.2028,102.6109,102.6109,98.2344,101.3903,97.5295,102.4890,101.2423,100.6876,101.9215,98.0816,103.0922,103.7401,102.2008,104.4031,100.1699,103.0776,96.7729,97.0824,96.1041,95.7079,92.3959,91.4112,88.1192,86.7006,83.6002,81.3941,81.4985,77.1622,76.1643,74.0608,71.1126,68.0294,66.0000,66.0303,65.0692,64.1249,64.1950,61.4003,59.0339,0.0000,0.0000,0.0000,0.0000,0.0000,0.0000,0.0000,0.0000,0.0000,0.0000,0.0000,0.0000
1700000015.150000,-62.1,96.2601,94.6256,95.0000,95.8019,96.2133,95.9010,94.9210,94.8472,94.7629,94.7945,98.4124,96.2081,99.0051,97.5807,97.5910,97.7446,97.8366,94.1116,97.7446,100.0050,97.0824,99.3579,97.0824,98.5951,99.2472,99.4887,96.5401,97.8366,96.2601,95.5877,94.0479,93.3809,93.3488,89.0955,89.0955,88.3912,85.7030,82.9759,80.1561,78.8733,77.0065,74.0270,74.2024,71.4003,68.0074,67.4240,65.1920,64.6607,63.1348,63.9531,60.4152,57.5847,0.0000,0.0000,0.0000,0.0000,0.0000,0.0000,0.0000,0.0000,0.0000,0.0000,0.0000,0.0000
1700000015.200000,-59.7,91.0879,91.1373,89.0056,91.0055,88.1419,89.2020,91.1976,90.3549,92.2659,87.6926,92.4392,93.2148,91.4112,95.1262,94.5410,92.9624,95.1262,93.3916,96.0469,94.5939,95.3415,94.8314,95.3363,95.6033,95.3363,96.5660,95.6033,94.6414,96.0469,90.9560,94.1488,91.4440,90.6090,86.6833,86.1452,84.7231,84.5281,81.8841,81.6150,77.4145,73.4370,74.3303,75.1665,73.0274,69.1158,69.0290,69.0072,68.0661,62.3939,63.1981,63.6396,60.6383,0.0000,0.0000,0.0000,0.0000,0.0000,0.0000,0.0000,0.0000,0.0000,0.0000,0.0000,0.0000
1700000015.250000,-59.3,95.8019,95.5667,95.7079,97.8621,96.8814,95.0368,92.7793,95.6347,95.6347,97.4166,99.3227,99.1816,100.1798,100.1249,101.1781,100.0000,101.0050,98.0204,102.0049,101.0050,103.0194,103.0000,99.0000,103.0437,104.0192,103.0000,104.0000,101.0050,102.0196,101.0198,99.1262,99.2472,98.2497,95.1893,93.5361,91.5478,90.5538,86.8332,85.9884,83.1865,81.5843,79.6241,78.1025,76.1577,75.4321,71.5681,71.4703,70.8378,69.2892,69.0797,66.6408,67.1193,0.0000,0.0000,0.0000,0.0000,0.0000,0.0000,0.0000,0.0000,0.0000,0.0000,0.0000,0.0000
1700000015.300000,-59.8,92.6984,93.3809,93.3488,93.3488,92.6337,92.6553,94.1116,94.1116,95.6713,95.9010,96.8298,98.4073,98.6002,98.4073,97.0052,98.2293,96.8349,97.6524,97.0824,97.9081,97.6524,99.0454,97.3499,99.9850,102.6255,99.8599,100.6876,99.2975,99.8649,97.6524,95.4254,96.0469,94.4934,90.7855,91.3510,90.0278,87.8635,84.1724,81.3204,79.9062,75.6902,75.0067,73.5935,68.6804,66.7083,65.2993,65.4370,65.0000,64.4050,62.4260,59.6825,60.0333,0.0000,0.0000,0.0000,0.0000,0.0000,0.0000,0.0000,0.0000,0.0000,0.0000,0.0000,0.0000
1700000015.350000,-65.7,100.7025,100.1699,100.8464,101.8725,100.3444,100.2397,99.3630,99.7647,99.2824,99.3177,101.5529,101.6366,102.1567,101.3903,103.4698,99.9600,102.1812,99.0202,101.5135,99.9600,101.0198,100.5684,99.6243,102.4890,102.1421,101.8332,102.1421,99.6243,102.8834,95.8593,96.5660,97.3088,94.9368,94.0213,91.2853,89.4707,88.1419,85.8662,81.8841,81.8841,77.5242,77.5242,74.0945,71.8679,69.3397,66.0303,68.8186,65.4370,63.2535,63.1269,63.6553,59.4643,0.0000,0.0000,0.0000,0.0000,0.0000,0.0000,0.0000,0.0000,0.0000,0.0000,0.0000,0.0000
1700000015.400000,-63.5,96.7471,94.7629,96.3328,97.4166,96.3328,94.2603,96.0833,96.0833,97.0824,95.0474,97.0052,97.0052,98.0051,99.0454,96.0208,98.1275,98.1275,95.1315,96.2549,96.1873,97.0824,96.2549,95.1315,97.5141,96.2549,95.2575,95.1315,95.1315,95.1893,93.1343,91.0220,91.0220,90.0222,87.0230,87.0057,84.0536,83.0542,79.2275,79.2275,77.4145,77.4145,74.5453,72.8354,69.8713,68.2495,65.3070,65.0000,63.6003,63.5689,61.0983,60.4152,59.9333,0.0000,0.0000,0.0000,0.0000,0.0000,0.0000,0.0000,0.0000,0.0000,0.0000,0.0000,0.0000
1700000015.450000,-62.1,93.2363,92.6175,93.8616,96.5401,94.1116,92.0978,92.0217,90.5538,92.6984,97.5910,97.6729,93.4345,95.0158,98.0816,93.6056,95.0000,93.8616,94.8103,97.2008,95.8019,95.4254,94.6256,94.0213,97.3499,97.0824,95.9635,94.3027,95.4149,94.8736,93.4773,92.6553,92.4175,93.6002,88.4081,86.8332,84.3860,84.6463,85.1469,82.2192,77.3369,75.6902,75.1665,75.6902,71.4213,70.7107,66.4831,69.5270,64.4438,65.2993,64.0703,62.4260,67.2309,0.0000,0.0000,0.0000,0.0000,0.0000,0.0000,0.0000,0.0000,0.0000,0.0000,0.0000,0.0000
1700000015.500000,-59.6,105.0048,103.0000,103.0194,103.0194,104.0769,99.0808,102.1763,102.3132,101.4002,101.5972,104.2353,104.2353,100.9752,102.1812,100.2846,102.8397,102.6109,100.8960,101.8676,105.9906,105.2616,103.8460,99.2018,104.9952,104.6948,104.8093,101.8332,100.6876,102.4890,101.5332,98.7623,97.7446,100.4390,96.7729,95.5667,87.8009,90.4710,86.8850,85.1469,86.4928,78.9177,79.2465,76.7919,74.9667,74.6726,70.5762,74.3303,70.0071,68.0294,66.0076,63.1981,65.6201,0.0000,0.0000,0.0000,0.0000,0.0000,0.0000,0.0000,0.0000,0.0000,0.0000,0.0000,0.0000
1700000015.550000,-60.9,101.8627,101.8627,103.2473,103.2473,103.9663,101.2373,101.2373,100.6578,101.5332,104.4845,104.4845,104.2017,104.2017,101.6071,103.6002,103.7304,104.0433,101.2571,103.4650,103.1746,103.2279,101.2423,100.9554,102.3963,102.9272,101.3558,100.4042,102.0833,102.0833,97.4166,98.4733,96.8349,95.8019,93.8136,91.4002,90.2718,87.4586,84.5044,81.6884,79.5110,78.6448,77.2334,72.9178,71.4213,70.7248,65.7647,66.5282,63.7024,62.3699,61.8466,58.8218,58.8303,0.0000,0.0000,0.0000,0.0000,0.0000,0.0000,0.0000,0.0000,0.0000,0.0000,0.0000,0.0000
1700000015.600000,-61.6,98.6002,95.4254,98.8585,97.4526,97.8366,93.4345,95.5249,95.5249,97.6217,99.7046,99.7046,101.1385,100.4490,101.9804,99.7046,102.8251,98.4937,101.3163,99.4887,100.0050,99.9050,101.4150,100.6578,101.0445,102.3035,99.4887,100.1249,101.4150,96.4261,99.1564,93.3809,94.7945,95.4620,91.2414,89.8053,89.8053,84.9588,82.2192,81.5659,79.5110,79.6492,73.2462,73.4098,70.0000,68.8186,65.4599,66.0379,62.7694,64.0078,60.8276,58.6941,55.9732,0.0000,0.0000,0.0000,0.0000,0.0000,0.0000,0.0000,0.0000,0.0000,0.0000,0.0000,0.0000
1700000015.650000,-63.6,91.9239,92.1792,93.6056,90.5207,96.1353,92.3580,91.0824,92.6984,98.6813,96.7729,95.7549,98.8382,98.8838,97.9439,98.8989,103.7690,95.7131,97.9439,97.1288,98.4124,100.6479,99.7647,98.4886,98.4886,100.8464,100.3444,98.8433,100.1798,97.9490,97.9439,92.1358,97.6934,95.8541,92.4770,91.3893,90.6201,86.7295,83.8153,84.1190,81.0432,80.7775,77.3692,77.8845,70.3420,70.0357,71.8471,67.3647,65.2763,67.3647,65.0692,65.0692,62.2896,0.0000,0.0000,0.0000,0.0000,0.0000,0.0000,0.0000,0.0000,0.0000,0.0000,0.0000,0.0000
1700000015.700000,-60.9,96.0469,95.8019,96.1041,98.2700,96.8814,94.2019,95.8853,94.8947,97.5141,97.7394,98.6154,99.5038,98.4124,99.3227,100.2447,98.0051,100.0000,98.0000,99.0051,98.0000,98.0000,101.0198,98.0051,99.0454,101.0000,99.0051,100.0450,98.0459,99.0202,97.0464,95.0210,94.0053,94.0053,91.0494,90.0222,87.2066,86.2844,83.6002,81.4985,80.3990,78.4092,77.4145,75.6637,72.5603,69.5845,67.0820,67.2681,67.4685,65.5210,65.1460,65.5515,63.1585,0.0000,0.0000,0.0000,0.0000,0.0000,0.0000,0.0000,0.0000,0.0000,0.0000,0.0000,0.0000
1700000015.750000,-63.0,109.3846,107.3359,111.0000,109.7862,108.7842,108.7842,110.0636,109.4806,111.4002,110.4400,112.3610,112.3610,109.6358,113.2652,111.3239,112.5877,110.4219,109.4440,111.9866,111.9866,110.6345,109.8362,109.4440,110.4762,110.4219,108.0602,104.7378,105.5367,105.1190,102.7716,100.6628,102.6109,101.1385,96.3016,93.8616,93.1451,91.4822,87.2812,87.2812,84.4808,81.9085,81.9085,82.2192,75.2728,76.5506,73.7360,73.5391,72.4983,71.1126,70.7107,69.4622,67.6757,0.0000,0.0000,0.0000,0.0000,0.0000,0.0000,0.0000,0.0000,0.0000,0.0000,0.0000,0.0000
1700000015.800000,-62.7,101.8725,99.3227,100.7025,99.0202,101.7890,96.5194,98.8130,101.2571,100.8018,105.4230,104.2017,104.3504,104.3504,104.2353,101.8283,107.0561,103.4795,102.7278,101.3163,102.9417,102.6158,105.1190,102.9417,104.1393,102.9417,98.7168,100.2646,101.0445,97.6166,97.4526,93.2309,94.3027,92.3580,89.8888,89.8888,88.2043,82.9277,78.8923,79.4040,75.6637,76.5376,69.8355,72.4500,65.7647,65.3070,63.1585,62.2415,63.3246,62.9682,61.3514,57.9741,57.2713,0.0000,0.0000,0.0000,0.0000,0.0000,0.0000,0.0000,0.0000,0.0000,0.0000,0.0000,0.0000
1700000015.850000,-62.1,89.1403,86.3134,89.9389,89.9389,89.3756,85.9128,88.8651,87.4586,89.2020,91.6079,90.2109,92.0869,92.0869,92.9139,90.6973,94.8736,92.1141,92.1141,91.5860,91.2688,92.9139,91.5860,92.3580,94.1541,92.1141,90.2109,90.1388,92.0869,88.7525,89.8721,85.2115,87.2009,85.4283,82.3286,81.0555,79.5110,75.8222,73.6614,72.1803,70.7672,68.5930,67.1789,66.4831,62.9682,60.9590,58.8982,58.4123,56.4004,56.6127,54.0833,53.0000,50.5371,0.0000,0.0000,0.0000,0.0000,0.0000,0.0000,0.0000,0.0000,0.0000,0.0000,0.0000,0.0000
1700000015.900000,-62.8,97.4166,97.1236,92.7200,93.9628,91.2195,96.3172,96.5401,95.1262,95.3363,94.5410,99.8248,98.4784,96.1769,98.9949,98.1529,96.6282,96.0260,95.8853,98.4124,98.0051,94.8947,100.9752,95.8853,97.1854,100.4988,99.3227,100.6032,95.1893,96.0260,93.6483,93.7443,91.2414,91.4440,89.2693,88.2950,85.8662,87.8009,80.3617,79.3788,80.9568,76.8440,74.9466,73.0548,71.8679,70.0071,65.7951,68.8767,66.2420,63.1348,62.4340,61.2944,62.8013,0.0000,0.0000,0.0000,0.0000,0.0000,0.0000,0.0000,0.0000,0.0000,0.0000,0.0000,0.0000
1700000015.950000,-64.1,106.9205,109.1787,106.7052,107.8703,108.0602,110.2180,109.1421,109.6358,112.7918,109.8954,115.1347,114.8434,116.0905,115.4340,116.3787,116.1077,115.5206,112.3610,115.8792,117.1751,116.1077,117.7455,113.6530,117.9237,116.2454,113.6530,115.5509,110.4943,114.0175,109.9318,109.7315,109.1100,106.9018,103.0922,101.1929,100.2846,99.0404,94.1116,91.4440,89.7385,88.0738,86.5852,81.7863,81.2527,75.5050,75.1332,74.6726,74.6726,72.4431,70.1783,70.0643,68.0294,0.0000,0.0000,0.0000,0.0000,0.0000,0.0000,0.0000,0.0000,0.0000,0.0000,0.0000,0.0000
1700000016.000000,-62.8,98.8989,101.1336,100.4639,102.1567,99.3680,99.9600,100.2447,102.1421,102.7862,102.4890,104.8093,105.7733,106.7380,109.1421,109.1421,105.7592,108.4666,105.7592,109.6586,107.7079,105.5367,109.6586,104.7855,108.8531,108.9082,108.9082,108.0602,105.5130,108.1712,103.0776,102.8834,100.6876,99.6243,98.0306,95.1893,91.4166,88.9550,86.0058,84.6936,83.7735,79.3095,77.8781,76.9675,72.9178,72.0139,68.8840,69.8355,67.4166,64.8999,64.0703,62.8013,60.9590,0.0000,0.0000,0.0000,0.0000,0.0000,0.0000,0.0000,0.0000,0.0000,0.0000,0.0000,0.0000
1700000016.050000,-63.5,90.9725,86.8217,89.8721,87.0919,91.8368,85.8021,91.4002,90.6035,90.1388,92.4554,93.0860,95.7758,94.1116,95.5249,94.8472,94.7629,95.4620,94.7945,96.1769,92.6337,93.4345,95.4620,94.7523,97.6217,99.0051,93.3381,95.4620,94.7945,94.9210,94.8472,90.1388,89.9389,90.1388,87.4185,86.0523,83.0060,82.6196,80.4487,74.8866,72.4224,71.5612,70.4911,69.6419,67.2309,60.9016,63.5295,61.7414,60.5392,60.1664,57.5674,58.8218,53.6004,0.0000,0.0000,0.0000,0.0000,0.0000,0.0000,0.0000,0.0000,0.0000,0.0000,0.0000,0.0000
1700000016.100000,-62.6,95.1315,93.1933,92.9139,93.4773,93.4773,91.2634,92.6175,94.0213,95.1315,93.6056,95.0158,94.3663,96.2601,95.4830,95.4830,96.2081,95.6713,95.5877,97.1854,97.8366,95.5249,97.4526,95.0158,102.4500,101.4150,97.3088,96.5401,99.4887,94.6414,94.4934,91.4385,94.2603,92.0217,90.6090,86.3134,89.0955,85.5862,83.4865,80.6226,80.6598,77.0779,75.7430,72.6223,71.2180,70.2922,66.7083,68.0074,65.8027,66.5733,64.4981,61.9112,60.0083,0.0000,0.0000,0.0000,0.0000,0.0000,0.0000,0.0000,0.0000,0.0000,0.0000,0.0000,0.0000
1700000016.150000,-62.5,109.8089,106.6677,107.0561,107.2986,104.9952,102.7278,106.8878,104.6900,107.4895,109.6038,108.8944,110.3449,109.6221,108.9312,107.5174,112.6987,109.3435,110.6345,107.2986,110.7520,109.7133,110.1136,108.5772,110.4219,109.3435,107.2986,108.0741,109.3435,105.7592,107.2986,101.9804,106.1508,103.2763,99.7246,95.4830,96.8762,93.3488,91.2853,89.8721,84.9588,84.9588,82.2192,83.2406,76.6942,76.8375,74.4043,74.0608,72.6705,73.5731,70.3278,68.8840,65.3070,0.0000,0.0000,0.0000,0.0000,0.0000,0.0000,0.0000,0.0000,0.0000,0.0000,0.0000,0.0000
1700000016.200000,-60.8,110.8603,107.2241,110.0545,109.7862,108.7842,106.9018,107.8564,109.2016,112.6410,114.4771,112.5877,112.3788,114.5426,117.0854,114.3372,117.8855,112.6144,112.9690,111.6289,112.7874,113.5650,112.1784,111.0045,115.8490,113.6002,112.2943,111.6289,112.7874,108.0602,107.8703,103.3683,105.7592,104.2929,99.9250,98.7623,96.0469,93.8616,89.9889,88.5438,86.9770,83.8153,81.9329,81.5966,75.3923,75.0267,72.0902,70.6824,68.4471,67.5426,67.1193,65.8635,63.2456,0.0000,0.0000,0.0000,0.0000,0.0000,0.0000,0.0000,0.0000,0.0000,0.0000,0.0000,0.0000
1700000016.250000,-64.7,96.0260,96.1769,94.3663,97.8621,89.4986,95.0789,96.8401,93.1451,96.1665,91.7061,101.5135,102.5280,101.5135,96.4624,99.1615,99.0051,101.1336,94.4299,100.6479,97.5090,99.5389,95.7549,95.8541,98.4886,101.6366,99.4032,98.8989,94.0213,94.5410,92.4770,88.6002,87.9204,86.9770,86.3771,85.0706,81.6088,84.4808,76.2430,74.4648,75.1864,69.9214,68.8840,67.4685,65.1153,61.0000,61.8142,60.5310,57.4282,57.1402,58.0086,54.0093,55.2268,0.0000,0.0000,0.0000,0.0000,0.0000,0.0000,0.0000,0.0000,0.0000,0.0000,0.0000,0.0000
1700000016.300000,-57.7,88.0909,87.1149,92.6553,90.5538,88.4138,91.2195,90.6863,85.6329,90.2718,90.7855,91.4385,90.7855,91.0494,91.8314,88.7299,92.2009,92.3580,91.0220,90.1388,90.8020,93.0054,93.7443,89.0505,93.1933,90.2109,91.2634,90.4434,91.6079,86.0233,90.8020,86.8332,90.2718,84.6463,81.6884,80.2808,78.7464,77.1038,72.8629,72.1803,65.7647,70.7107,65.7647,65.1920,62.9365,63.7809,57.0088,55.3173,55.6058,56.3028,55.2268,51.8845,50.5668,0.0000,0.0000,0.0000,0.0000,0.0000,0.0000,0.0000,0.0000,0.0000,0.0000,0.0000,0.0000
1700000016.350000,-62.0,95.5667,96.7729,97.8008,96.3016,96.8401,95.2103,97.0824,96.4624,97.4064,99.0202,101.0198,99.9250,100.4639,100.3195,100.4639,102.5524,99.8098,99.4032,100.6479,101.1336,100.3195,100.2247,100.3195,101.0792,100.2247,99.3177,100.7224,99.1615,96.3846,95.6347,93.6376,92.0272,90.4434,88.5438,88.2327,83.8153,81.3204,80.0812,78.5875,76.4003,73.7564,72.7805,70.4060,67.0820,68.0661,64.4981,63.3877,61.2046,61.1310,59.0085,57.0088,57.1402,0.0000,0.0000,0.0000,0.0000,0.0000,0.0000,0.0000,0.0000,0.0000,0.0000,0.0000,0.0000
1700000016.400000,-63.3,104.6614,104.6614,104.0625,106.2168,104.1393,104.3504,107.1681,105.7592,107.2986,107.6151,111.4002,111.0180,111.6065,111.6065,112.6144,113.4637,111.0180,108.8118,111.2520,110.2089,110.4219,110.8016,108.8118,112.3299,110.4355,109.6221,108.6002,107.8007,104.2017,104.8093,101.5332,101.4150,100.0050,95.5877,92.7631,92.7631,92.0978,88.4138,86.9770,82.7345,82.0244,79.9062,79.2086,76.4199,71.7008,70.2922,69.8140,68.6003,69.0652,66.2873,64.4981,63.0635,0.0000,0.0000,0.0000,0.0000,0.0000,0.0000,0.0000,0.0000,0.0000,0.0000,0.0000,0.0000
1700000016.450000,-59.8,106.1508,104.6900,109.6038,109.6038,111.0360,107.5639,109.1238,110.6345,111.9464,115.8836,116.5161,119.3315,117.4436,116.6619,115.8836,117.2902,115.8836,116.6619,114.8085,116.0388,115.8836,114.6342,112.2943,114.4028,114.6342,111.4002,108.8531,111.5213,108.5772,107.8147,102.7278,103.4795,101.8627,99.0353,94.7629,96.2601,91.9239,89.1067,84.8646,85.5862,82.8794,80.7217,80.0562,74.5185,74.0270,72.6223,72.6223,67.8012,69.0652,64.3506,65.3682,62.1772,0.0000,0.0000,0.0000,0.0000,0.0000,0.0000,0.0000,0.0000,0.0000,0.0000,0.0000,0.0000
1700000016.500000,-61.2,106.3297,104.9571,102.4744,102.9563,101.5332,101.5185,101.9804,101.1336,102.5524,105.3091,108.4620,105.4751,107.7033,109.2016,109.5628,108.8485,106.2544,105.0048,104.0625,105.0048,105.4751,105.9481,100.9009,105.3043,103.8171,103.1213,101.2423,100.3045,99.3680,98.4327,94.9368,94.0213,93.6216,89.4707,87.2353,85.8662,81.8596,79.2591,78.2943,76.5376,72.9452,72.4707,72.2011,67.2309,64.1405,62.9682,62.6817,60.2163,60.4401,58.2580,58.1378,55.1543,0.0000,0.0000,0.0000,0.0000,0.0000,0.0000,0.0000,0.0000,0.0000,0.0000,0.0000,0.0000
1700000016.550000,-62.3,88.3629,91.7878,85.5862,92.9139,85.3288,87.6641,88.6454,86.1220,89.2693,84.8999,91.7606,88.8876,91.7061,89.5600,91.4822,87.3613,93.9628,87.3613,90.8020,88.0568,89.0225,91.4822,87.0919,88.5438,86.6833,87.6413,86.5852,81.2527,87.4757,80.6040,81.7435,78.9177,78.9177,74.6726,73.4370,69.4622,71.5681,68.2642,66.3702,68.1175,62.0322,62.0000,59.0000,60.0000,57.0000,52.1536,53.3385,52.3450,51.4781,50.6360,46.8722,46.8402,0.0000,0.0000,0.0000,0.0000,0.0000,0.0000,0.0000,0.0000,0.0000,0.0000,0.0000,0.0000
1700000016.600000,-58.0,87.7269,85.7963,87.9659,85.1469,86.8332,84.6463,86.0233,87.4185,88.6002,90.9725,89.8721,90.1388,92.6553,90.4268,89.8888,93.8136,88.6848,89.5545,88.6848,89.9444,88.6848,89.5545,89.3588,90.9175,90.5538,86.9540,83.7616,87.9830,83.0060,84.5991,80.4487,80.4487,75.2130,74.4043,74.8131,73.4098,71.2180,68.8840,68.0147,68.1175,65.0692,60.8769,64.3506,57.2800,55.2268,55.1543,54.4885,54.0370,52.6308,50.6063,49.6488,48.3011,0.0000,0.0000,0.0000,0.0000,0.0000,0.0000,0.0000,0.0000,0.0000,0.0000,0.0000,0.0000
1700000016.650000,-62.5,106.8504,103.1746,106.2544,104.2929,106.2544,102.2008,105.4230,106.6677,108.0741,110.1136,110.1136,111.2879,111.1980,110.6345,110.6345,113.2166,108.9771,110.4536,107.5174,108.9036,110.3902,111.0360,108.9312,108.9036,109.6586,107.5174,107.4895,107.5639,102.0686,105.4182,98.5951,98.5951,97.9490,94.6414,94.4934,93.2363,88.8651,86.0233,83.8153,81.6088,82.0975,76.2758,77.9359,71.8679,71.0211,68.0955,68.4763,68.8840,68.0294,64.0781,61.6847,60.0833,0.0000,0.0000,0.0000,0.0000,0.0000,0.0000,0.0000,0.0000,0.0000,0.0000,0.0000,0.0000
1700000016.700000,-62.7,103.2473,100.1699,100.6876,101.2571,99.8649,98.2293,101.2126,100.4241,101.3163,102.3035,103.7111,103.4795,104.8904,104.8046,103.3247,105.3613,101.8627,103.9471,103.2763,101.9117,101.8332,102.6499,100.4092,102.5524,103.2763,101.1781,101.9117,101.9117,98.4124,100.4988,96.8762,95.4620,94.0479,91.9348,91.9348,91.2414,87.2066,84.5044,83.8689,82.4621,81.6884,79.5110,78.2368,75.2130,71.0282,69.6348,69.3397,65.0000,65.2993,63.5059,61.4654,59.8080,0.0000,0.0000,0.0000,0.0000,0.0000,0.0000,0.0000,0.0000,0.0000,0.0000,0.0000,0.0000
1700000016.750000,-65.3,106.3015,101.9117,102.5524,102.5914,101.8234,96.1769,101.1781,100.5684,100.6578,101.3163,102.8251,101.8283,103.8557,102.6158,99.0202,104.8618,100.1249,104.6231,100.1249,102.0784,102.6499,103.1746,101.8332,103.1746,103.8123,101.8332,101.2571,100.8018,99.6243,100.8018,96.0469,96.6747,94.3663,92.8493,90.7855,91.2853,88.5268,84.1487,82.0244,80.6226,79.9812,75.7430,78.1025,73.1095,71.2180,67.0075,67.2012,67.6757,68.7968,62.2656,63.5059,60.1664,0.0000,0.0000,0.0000,0.0000,0.0000,0.0000,0.0000,0.0000,0.0000,0.0000,0.0000,0.0000
1700000016.800000,-62.2,91.4166,88.1930,90.3549,88.1192,89.4707,85.9069,87.8465,86.5390,87.6641,91.7606,90.2497,89.1964,90.1388,90.1388,86.3308,92.7200,87.3613,89.5600,89.0225,89.9889,90.2497,88.7694,89.9889,90.7083,90.2497,89.0225,89.0225,91.7606,85.4400,86.6833,83.1685,84.7585,83.4865,79.1202,77.8332,78.0000,75.2396,72.9178,71.5891,67.9779,68.8767,65.7647,67.1193,61.2944,61.2944,58.6686,57.9828,55.7584,58.0086,54.8179,52.4023,50.2096,0.0000,0.0000,0.0000,0.0000,0.0000,0.0000,0.0000,0.0000,0.0000,0.0000,0.0000,0.0000
1700000016.850000,-63.5,96.5194,95.6922,98.0051,97.2008,96.2133,96.0469,96.2601,97.4526,99.3579,99.0858,100.6578,97.0000,101.2373,97.6217,99.7647,101.8332,96.1769,97.6729,97.6217,96.8762,99.0051,97.6217,95.4830,94.7945,96.8762,96.1769,94.7945,96.9381,91.2414,90.5097,91.9674,90.5538,87.0000,84.9588,84.2912,83.7377,82.3286,77.3369,75.2861,78.4092,75.4321,74.2024,72.6705,70.8025,70.0000,65.7343,66.8506,63.1348,63.9531,63.0714,64.4748,62.0322,0.0000,0.0000,0.0000,0.0000,0.0000,0.0000,0.0000,0.0000,0.0000,0.0000,0.0000,0.0000
1700000016.900000,-62.6,108.6830,112.5877,108.6692,114.2366,109.3846,114.5600,110.7249,114.1797,113.2254,111.9464,116.3787,116.4560,117.0470,116.8118,117.6520,112.0089,116.4560,109.7315,117.3925,112.6055,111.3194,112.6055,108.8485,111.2340,111.7900,110.4943,108.1665,103.1213,106.8925,97.7394,101.5332,100.0000,99.0404,93.6803,92.1792,88.2327,89.2861,87.3613,86.4002,85.6154,79.3095,80.8084,77.4661,75.9276,73.7564,71.8471,72.6911,71.4493,67.3647,68.1836,66.0681,67.0298,0.0000,0.0000,0.0000,0.0000,0.0000,0.0000,0.0000,0.0000,0.0000,0.0000,0.0000,0.0000
1700000016.950000,-65.7,111.3059,112.8982,106.2544,112.8938,108.0046,107.2007,107.6151,108.0741,109.6358,110.5351,111.2879,113.2784,111.2879,111.2879,114.7693,109.7862,111.9464,105.5509,109.6221,106.8878,106.9626,107.6290,103.4795,106.8316,106.9626,103.4795,102.0686,98.8585,100.7671,94.4934,92.4554,92.4554,88.4081,86.2149,87.2009,81.8352,79.6304,79.6304,74.6324,75.0000,69.3397,71.2811,69.3397,66.6108,64.3506,61.0574,62.9682,61.7738,59.1693,58.5918,58.1808,55.7136,0.0000,0.0000,0.0000,0.0000,0.0000,0.0000,0.0000,0.0000,0.0000,0.0000,0.0000,0.0000
1700000017.000000,-65.1,98.8433,96.8814,96.5401,99.0404,97.5141,93.1451,96.3016,94.9210,94.2550,96.4624,97.0824,97.7394,96.7988,96.4624,93.6376,95.8541,94.9368,94.5410,94.9368,94.9368,94.3398,94.9368,92.3093,94.8472,94.5410,93.6216,89.6939,90.2497,89.8888,88.9550,85.7030,86.3308,81.9085,80.6536,78.1601,76.2430,76.2430,72.5328,69.3758,67.4463,65.9697,63.7887,64.1327,61.1882,59.0339,55.5788,56.4358,55.3263,55.1453,52.0384,51.0392,48.0104,0.0000,0.0000,0.0000,0.0000,0.0000,0.0000,0.0000,0.0000,0.0000,0.0000,0.0000,0.0000
1700000017.050000,-59.9,96.7729,93.3916,96.3172,94.3663,95.3415,92.5743,93.5575,92.3959,93.3809,95.3520,96.1769,94.7629,94.8947,94.5304,92.7793,94.5304,92.3472,90.4489,90.3549,93.5361,91.5478,92.2659,90.4489,91.1373,92.3472,89.4539,89.3588,90.5538,85.7088,85.7088,84.1724,85.1587,83.3607,80.4114,77.6660,77.6660,74.7329,73.2462,71.0634,69.1231,67.7200,65.0000,64.8460,59.7746,60.0833,57.5847,57.3847,57.3847,56.4624,55.9017,55.4707,52.4786,0.0000,0.0000,0.0000,0.0000,0.0000,0.0000,0.0000,0.0000,0.0000,0.0000,0.0000,0.0000
1700000017.100000,-64.8,114.4945,114.9652,115.8318,114.9348,113.1768,113.1768,113.6486,113.8771,116.3615,115.2476,117.8346,116.2841,119.3650,117.1367,115.7627,115.4340,114.2804,110.7881,113.7409,113.7409,113.2078,110.4536,107.0701,109.2886,110.6752,108.7244,106.5082,106.5317,104.3072,101.7890,99.4786,99.6444,99.1262,97.7548,95.8801,91.9239,91.4166,89.0674,87.2353,86.3539,83.6301,82.7345,78.2943,76.9675,75.6439,71.8679,74.4648,72.1110,70.2282,69.8928,70.6045,66.7083,0.0000,0.0000,0.0000,0.0000,0.0000,0.0000,0.0000,0.0000,0.0000,0.0000,0.0000,0.0000
1700000017.150000,-62.0,120.6192,125.1719,122.2497,128.5496,121.0496,124.1934,123.4909,124.3262,126.9212,122.2620,128.1600,129.0349,129.4025,127.2006,128.1600,124.2779,126.8109,119.5492,126.4911,123.6487,123.3694,124.2779,115.4340,121.4331,118.9033,119.8541,117.6435,114.4814,118.5960,109.7315,111.4002,108.2405,108.5219,106.7380,104.8093,99.4585,99.2018,97.5141,95.1262,94.7259,91.4440,91.5915,86.9770,86.6833,81.0494,78.7718,80.3990,79.3095,76.1643,76.0263,75.0067,74.1687,0.0000,0.0000,0.0000,0.0000,0.0000,0.0000,0.0000,0.0000,0.0000,0.0000,0.0000,0.0000
1700000017.200000,-63.4,99.3680,96.3846,97.5756,97.9898,99.3177,96.1769,97.5295,98.9798,102.4744,102.0833,100.4988,104.6231,106.0000,104.6231,104.3072,106.7802,104.3072,104.3072,102.6255,106.0000,104.9571,104.6231,103.0776,105.1523,104.9571,100.4988,98.6154,98.6154,99.4786,98.1122,92.6607,95.2943,92.5743,87.2353,90.3383,87.2066,83.6301,84.6936,81.5414,80.2309,77.0779,75.9605,77.4919,72.7324,68.9638,68.1542,67.4463,65.7343,65.3070,63.1506,64.7765,61.2046,0.0000,0.0000,0.0000,0.0000,0.0000,0.0000,0.0000,0.0000,0.0000,0.0000,0.0000,0.0000
1700000017.250000,-59.3,91.2688,89.3588,87.4643,86.0930,83.2406,84.5991,83.1865,82.3468,83.1926,83.7735,83.5703,83.8153,83.8153,85.0941,84.5044,85.4400,84.4334,83.8153,83.4865,82.2800,82.2800,84.5044,80.6536,82.2192,82.5409,81.5966,80.0562,80.6226,78.3901,77.6209,73.4098,75.1532,73.3553,70.6612,69.3542,67.5352,65.7647,64.4981,63.6318,62.9682,59.0762,58.5235,56.8595,54.4059,52.8015,51.2250,51.2250,48.8365,48.0833,45.9674,45.2769,46.2277,0.0000,0.0000,0.0000,0.0000,0.0000,0.0000,0.0000,0.0000,0.0000,0.0000,0.0000,0.0000
1700000017.300000,-61.9,83.1505,81.2219,83.4865,81.3941,81.4985,78.5175,76.9415,78.6448,80.0500,77.8781,80.6040,79.8311,77.6209,80.2808,76.9025,80.6536,75.8947,78.4474,76.8440,75.5844,77.4919,76.5376,74.3303,77.1622,75.2861,75.8947,72.7324,75.8947,71.4703,74.9466,69.9214,72.1249,70.2140,69.3758,67.4463,66.9403,63.0635,63.7887,60.0167,60.6712,60.6712,58.6941,60.6712,55.3263,54.3323,51.2445,50.0899,50.0400,52.0096,51.0882,46.2709,46.6905,0.0000,0.0000,0.0000,0.0000,0.0000,0.0000,0.0000,0.0000,0.0000,0.0000,0.0000,0.0000
1700000017.350000,-63.4,104.2353,101.0742,101.9804,102.4158,99.3177,99.8098,98.8989,99.4032,102.0441,100.0900,101.9510,100.5684,99.9600,99.6243,100.6578,100.5684,99.2975,94.2444,96.7678,97.7394,97.7394,96.4624,93.9202,95.6033,95.5092,94.5569,93.9202,93.3006,92.9731,91.0824,88.0227,88.3912,88.6397,85.9069,86.3308,82.3468,82.8553,80.4984,76.9415,75.1332,72.4707,71.5891,72.2011,68.0955,66.5733,63.2456,64.6375,64.2028,62.0081,61.0737,61.7171,58.6941,0.0000,0.0000,0.0000,0.0000,0.0000,0.0000,0.0000,0.0000,0.0000,0.0000,0.0000,0.0000
1700000017.400000,-64.6,112.3788,111.8302,113.2652,113.0310,111.5706,110.7249,111.9732,111.0000,110.3676,111.0000,116.3787,114.2322,114.5862,114.2322,113.5473,114.9478,112.7209,110.1363,112.7209,112.7209,110.4943,110.4943,108.6324,113.0885,110.8603,109.9318,108.6324,108.8485,107.2241,106.4049,105.6220,105.9481,104.4031,98.7623,98.2344,97.2677,95.0789,92.7631,88.6454,86.3134,85.9884,83.8630,81.6150,77.6466,76.5310,72.1734,72.1110,71.0282,70.0071,71.0070,69.1158,65.4905,0.0000,0.0000,0.0000,0.0000,0.0000,0.0000,0.0000,0.0000,0.0000,0.0000,0.0000,0.0000
1700000017.450000,-65.0,106.5692,103.5857,106.0660,106.0660,106.5317,101.7890,105.0190,104.0481,106.3203,110.4400,112.3610,111.9732,115.1347,112.5789,113.2254,114.1622,113.2166,111.0000,111.0000,112.9469,111.0000,112.9469,107.2054,111.9464,108.7842,111.0000,108.7842,108.1665,105.6220,102.7862,99.6243,102.4597,98.2344,95.3363,93.6803,92.8924,91.2195,86.8850,85.7030,81.3941,82.3772,77.1298,76.2955,74.1485,70.4060,68.8840,68.8840,66.6108,67.4759,67.0671,64.0078,63.0079,0.0000,0.0000,0.0000,0.0000,0.0000,0.0000,0.0000,0.0000,0.0000,0.0000,0.0000,0.0000
1700000017.500000,-60.4,92.2280,91.5915,89.2693,92.4175,88.7694,89.5600,89.1852,87.9204,91.0824,92.1141,93.6216,93.7763,96.2549,97.0824,97.5756,96.1769,98.3870,94.3716,96.1509,96.1769,97.1700,95.7079,94.4299,96.1769,95.7079,95.2733,95.2733,92.1358,92.1358,89.4707,90.0777,88.3912,86.7295,83.8153,81.9329,81.5966,79.7120,76.5376,76.9220,73.3757,69.6419,70.3420,67.1863,65.7343,62.3699,61.8142,59.6825,58.5491,56.3205,55.3263,55.1453,54.0000,0.0000,0.0000,0.0000,0.0000,0.0000,0.0000,0.0000,0.0000,0.0000,0.0000,0.0000,0.0000
1700000017.550000,-60.0,89.2749,83.3847,89.6772,83.6002,85.5862,78.2624,82.2253,84.7231,83.4326,88.6002,86.4002,86.9770,83.4865,89.8109,84.1190,89.1572,84.8646,88.7694,85.0882,87.4643,86.5390,86.8159,89.5545,88.1419,89.4707,85.4927,87.6584,89.5545,83.3847,87.3212,80.7775,82.2800,82.2800,81.3449,78.4347,78.7718,78.4474,74.0405,73.7631,73.4983,70.3420,69.1231,67.6831,63.3482,62.9682,63.6396,61.2046,58.4209,60.1332,58.0775,56.0089,56.1427,0.0000,0.0000,0.0000,0.0000,0.0000,0.0000,0.0000,0.0000,0.0000,0.0000,0.0000,0.0000
1700000017.600000,-61.7,88.6848,90.0944,88.0738,87.6641,87.0976,85.8662,86.1278,86.6833,87.2812,88.8651,87.9204,91.7606,89.8888,89.6939,88.9550,90.0777,89.5545,88.2383,88.5664,89.9611,89.1572,89.9611,88.1419,90.7855,91.2853,90.3383,91.2360,91.2360,89.4707,89.4707,88.6397,88.2383,88.7694,87.0919,86.7295,84.1546,83.4865,79.4040,79.1202,77.6209,74.7262,74.2159,72.3671,69.4262,68.8840,67.7422,66.3702,65.2763,65.0692,64.0078,62.0000,62.1289,0.0000,0.0000,0.0000,0.0000,0.0000,0.0000,0.0000,0.0000,0.0000,0.0000,0.0000,0.0000
1700000017.650000,-61.5,94.0479,92.2280,91.9837,93.9415,91.6788,92.8924,93.6056,92.9731,94.8683,96.1353,95.8593,97.4987,99.5389,99.1615,98.2344,99.4032,99.8098,97.5756,98.4124,98.8989,98.4124,100.6479,97.9898,98.8382,99.7296,99.2824,100.6231,100.1798,100.6479,100.1848,98.8989,97.5756,98.6154,96.3846,96.5660,93.6376,91.7606,91.0934,88.6002,86.9770,83.6780,83.6780,82.9759,78.6448,76.2955,73.6817,74.3303,71.3442,73.1710,70.0286,68.0074,65.1920,0.0000,0.0000,0.0000,0.0000,0.0000,0.0000,0.0000,0.0000,0.0000,0.0000,0.0000,0.0000
1700000017.700000,-63.3,97.0618,96.7471,95.8801,98.1122,94.8736,94.8683,96.0208,99.0202,99.8098,100.7671,103.4795,102.7278,104.0625,105.4751,104.2353,105.4751,102.6499,103.3247,103.2763,104.0625,104.7378,105.4182,103.2376,104.6900,104.6614,103.2376,104.6614,103.2376,103.2376,102.5329,100.4191,102.5914,102.5914,98.4124,100.8960,100.0050,97.3088,94.2019,92.0054,91.4002,90.1388,87.9204,86.2844,83.8630,81.0062,79.6492,80.0562,76.5572,75.2396,73.7360,74.9466,72.0347,0.0000,0.0000,0.0000,0.0000,0.0000,0.0000,0.0000,0.0000,0.0000,0.0000,0.0000,0.0000
1700000017.750000,-61.3,98.0816,96.7729,94.9368,94.0213,93.9149,90.0500,91.9239,94.0319,96.5194,95.6922,96.5194,98.2293,96.2601,99.8649,98.6002,102.2008,99.0202,98.4073,98.4073,99.6394,97.6166,99.6394,99.0202,98.4073,99.4032,98.4073,99.0202,98.6002,96.4002,96.2133,90.4434,93.8136,92.9139,89.8721,91.5260,92.3580,89.6939,86.8332,84.1190,83.2406,80.4984,78.2624,80.5295,73.4098,73.9256,70.9366,71.8679,73.3757,72.5328,69.6348,66.9104,65.3758,0.0000,0.0000,0.0000,0.0000,0.0000,0.0000,0.0000,0.0000,0.0000,0.0000,0.0000,0.0000
1700000017.800000,-64.3,93.0215,91.0220,90.1388,86.0523,85.2115,84.2912,83.6002,82.8734,83.7257,82.5651,83.9524,84.4038,84.8999,84.8999,83.6780,84.8999,84.2021,83.2406,84.4808,84.8999,84.6463,85.8662,82.7103,84.7703,85.4400,83.5225,82.9699,83.6780,82.2253,82.0000,79.4292,81.2158,78.9177,76.7919,76.5310,74.6726,72.5603,69.3542,69.1809,67.0671,65.0077,63.0000,63.0079,61.0328,59.0762,56.1427,56.2228,55.5788,54.5894,52.7731,51.4198,50.9608,0.0000,0.0000,0.0000,0.0000,0.0000,0.0000,0.0000,0.0000,0.0000,0.0000,0.0000,0.0000
1700000017.850000,-63.4,89.6270,86.8850,85.6154,84.6463,87.9318,84.8999,81.9329,80.6536,81.3449,85.7963,81.3449,83.3847,84.6936,81.9390,81.9390,82.7647,81.4125,81.0062,81.8841,83.7257,81.8841,82.8553,83.6481,85.4751,84.0773,84.5991,84.9058,84.7231,79.7559,84.5991,78.2624,80.9506,83.1926,79.2023,76.5572,77.0779,75.3923,72.7324,70.8378,68.0074,68.6222,64.5136,68.4105,60.6383,59.2030,58.4637,60.4152,57.7062,57.2189,56.1427,53.0848,52.1536,0.0000,0.0000,0.0000,0.0000,0.0000,0.0000,0.0000,0.0000,0.0000,0.0000,0.0000,0.0000
1700000017.900000,-63.6,105.8017,99.5038,103.3102,103.2376,104.0769,98.0051,100.0200,100.0800,102.0784,104.1729,105.2331,104.4797,106.4706,105.6835,103.6967,108.3420,104.0865,105.0762,104.3935,106.8878,105.3803,108.0602,106.0990,106.7333,107.2800,107.7079,108.4666,110.4219,107.8703,108.2589,105.2236,108.6738,107.9120,106.0660,105.8017,103.6967,103.2376,100.1249,99.0808,96.0833,94.0000,92.0000,93.0054,86.0930,86.1452,81.6150,81.7435,81.8841,81.0494,79.3095,78.1601,74.3303,0.0000,0.0000,0.0000,0.0000,0.0000,0.0000,0.0000,0.0000,0.0000,0.0000,0.0000,0.0000
1700000017.950000,-61.2,95.6033,95.2103,94.5780,94.2444,93.7763,90.0777,94.0213,93.9415,95.7079,96.6023,97.9490,98.4124,99.8499,99.6444,100.8464,98.7370,97.3499,98.1835,98.2293,100.1249,98.7370,102.2008,99.0454,102.6158,103.0049,102.0049,103.4070,103.2327,103.4070,102.6158,101.8332,103.4698,103.4650,100.7025,100.1699,100.1699,96.0417,96.1769,93.9415,93.4773,90.3549,88.1022,88.1419,82.8553,81.1542,80.6536,81.9085,80.0062,79.3095,76.9025,75.1332,75.3260,0.0000,0.0000,0.0000,0.0000,0.0000,0.0000,0.0000,0.0000,0.0000,0.0000,0.0000,0.0000
1700000018.000000,-61.4,93.0860,90.2718,87.8009,84.8116,84.0536,84.9058,82.8553,83.6481,83.6481,86.4060,87.8465,89.3196,89.3196,90.1388,90.1388,92.7200,92.7200,92.3472,91.7606,93.3006,92.6553,94.6414,94.6414,97.0155,95.0789,95.3363,99.4585,100.2846,100.0000,99.3277,96.7988,97.7394,96.9330,95.0789,95.0789,93.6216,91.7061,89.8999,88.1192,85.4751,87.7097,83.7257,84.3801,78.0320,78.5493,75.8024,76.4003,76.0592,75.7430,75.6902,72.1388,73.7564,0.0000,0.0000,0.0000,0.0000,0.0000,0.0000,0.0000,0.0000,0.0000,0.0000,0.0000,0.0000
1700000018.050000,-64.4,100.6876,98.7623,94.2550,93.6803,88.5438,86.1626,83.9345,83.7735,84.1724,80.0562,84.5340,83.3547,84.9058,83.2166,84.0595,82.9277,84.8764,79.0569,84.0536,84.6286,82.0975,84.4038,79.4040,84.6463,85.0000,84.4038,85.0000,83.2346,84.8764,80.4487,82.0975,82.0975,81.5414,77.6981,77.1751,73.4302,73.8241,71.1196,72.8972,70.6612,67.6240,68.1542,63.5610,62.2415,59.8080,58.1893,59.1354,58.2409,56.5155,55.3173,56.0892,56.3205,0.0000,0.0000,0.0000,0.0000,0.0000,0.0000,0.0000,0.0000,0.0000,0.0000,0.0000,0.0000
1700000018.100000,-62.1,97.9898,95.2733,92.7038,92.6121,89.5545,86.5390,83.5703,86.3771,81.2711,85.7030,83.9345,82.4621,82.2253,80.6040,79.3095,81.7863,81.3941,79.6241,80.2309,79.2465,78.2624,78.0897,77.2787,79.5110,81.8841,78.9177,81.8841,80.2309,76.7919,79.2465,78.6448,76.9025,74.9533,73.0069,72.1249,70.8802,73.4983,69.2604,68.0074,65.5515,62.7694,63.6946,63.1585,61.2699,56.7979,57.7062,55.5698,57.1402,54.4059,53.4135,53.8145,51.6624,0.0000,0.0000,0.0000,0.0000,0.0000,0.0000,0.0000,0.0000,0.0000,0.0000,0.0000,0.0000
1700000018.150000,-64.0,98.2700,90.9175,96.7471,92.6607,90.9175,84.5340,89.4707,86.9253,84.3090,88.7694,85.4927,88.9550,89.5377,88.6002,85.7030,87.2812,86.1278,85.4400,82.0061,85.6154,87.5557,86.5852,85.6154,89.0505,89.0225,85.9069,87.5557,88.7694,86.4002,90.2497,84.1190,86.4002,87.9318,80.3243,82.2800,82.8734,78.9240,80.1124,75.1532,73.4098,75.5844,71.5542,70.8308,67.7422,65.8635,66.5733,65.8027,65.0000,65.2993,63.0317,62.2254,61.5549,0.0000,0.0000,0.0000,0.0000,0.0000,0.0000,0.0000,0.0000,0.0000,0.0000,0.0000,0.0000
1700000018.200000,-64.1,112.3610,109.3846,108.2589,107.8378,105.5509,104.2353,102.9563,102.7278,106.0000,106.0000,104.8475,107.0747,107.0747,105.8017,106.0189,107.2986,104.4845,105.4230,106.3015,107.7126,107.2986,106.9626,106.4049,108.9312,110.3902,108.3005,110.3902,108.3005,109.8772,107.5639,107.0561,108.7060,107.2986,105.4230,104.8093,102.0049,98.8130,99.0454,96.7988,95.9635,93.1933,92.1141,91.0659,88.1930,87.7097,82.7647,85.8662,84.5813,83.3847,83.4865,82.5651,81.0247,0.0000,0.0000,0.0000,0.0000,0.0000,0.0000,0.0000,0.0000,0.0000,0.0000,0.0000,0.0000
1700000018.250000,-63.7,118.0678,113.0708,112.2853,109.2932,108.4620,105.0762,108.6738,109.0413,107.2007,111.0856,111.4002,114.1797,112.6410,112.2720,112.6410,115.7670,113.5473,113.5473,114.9478,113.5473,113.5473,115.5206,115.4340,120.9339,116.8118,116.2454,115.7670,118.3300,115.7670,118.3300,114.4902,118.2962,115.5206,112.3610,108.6692,111.5706,107.7033,103.8123,102.1812,102.1812,101.9804,98.4784,102.4207,98.1529,97.7394,93.4345,94.1329,94.0213,96.0208,97.0052,93.3435,93.7710,0.0000,0.0000,0.0000,0.0000,0.0000,0.0000,0.0000,0.0000,0.0000,0.0000,0.0000,0.0000
1700000018.300000,-64.0,96.3379,94.2019,89.1067,90.0944,81.6150,84.3801,83.2166,79.1012,81.0555,78.0064,80.0062,80.0062,80.0999,79.1012,83.0241,80.1561,81.3019,78.2304,79.2275,79.1581,79.1581,79.2275,77.1622,78.3135,79.3095,79.3095,80.2247,78.1025,79.0569,74.0270,76.0000,76.0066,75.1066,70.1142,70.1142,67.2681,67.2681,63.5059,63.3877,61.8142,58.0517,58.5491,54.9181,54.1295,54.3415,52.6308,51.9230,51.2445,49.3356,49.6488,50.6952,49.1935,0.0000,0.0000,0.0000,0.0000,0.0000,0.0000,0.0000,0.0000,0.0000,0.0000,0.0000,0.0000
1700000018.350000,-61.4,85.8662,85.8662,82.2253,84.6463,80.2808,80.2808,77.6660,75.9539,77.4661,76.3217,77.3175,77.0584,75.0600,77.0065,76.0066,77.0260,76.0000,74.0270,76.0066,75.0000,76.0066,73.0000,73.0069,74.2428,72.1734,76.1643,74.0270,74.0608,76.0066,73.1095,76.0066,74.0000,73.1095,71.2531,69.5845,65.2763,67.1193,65.3758,60.0167,62.5140,57.7062,59.4390,58.0517,55.5428,54.5711,52.8110,52.4976,47.9270,48.4665,47.9270,45.6180,44.7772,0.0000,0.0000,0.0000,0.0000,0.0000,0.0000,0.0000,0.0000,0.0000,0.0000,0.0000,0.0000
1700000018.400000,-61.9,85.8429,82.7345,80.5047,80.8950,80.2247,77.2334,77.0584,75.0067,77.0000,75.0000,76.0066,77.1622,78.0577,78.2304,77.1622,77.5242,76.7919,75.5381,75.9539,77.7817,77.5242,77.9295,75.1332,78.6448,77.6660,77.2787,78.2624,77.1038,77.9295,73.9797,75.5381,77.2334,78.2304,74.2428,72.1110,72.1734,71.0282,68.0074,68.0000,66.0000,68.0074,63.0000,64.1950,59.0339,58.2151,56.8858,57.2713,55.3173,55.5428,53.1601,53.1601,52.9245,0.0000,0.0000,0.0000,0.0000,0.0000,0.0000,0.0000,0.0000,0.0000,0.0000,0.0000,0.0000
1700000018.450000,-62.2,97.3088,92.6121,93.9149,93.4719,91.2360,89.4707,90.9175,90.1388,90.4268,92.0869,91.2688,93.2309,95.2103,93.2309,92.2009,94.4034,92.8009,95.2680,92.3147,94.3663,92.8493,94.9210,93.6056,94.2603,95.6713,94.8472,95.7758,92.9570,93.4345,92.1954,93.0860,93.0860,93.4077,89.2020,89.4036,92.4175,88.5099,88.8369,86.0930,83.0060,81.1234,82.8553,77.8203,74.6860,73.7902,74.7329,72.8011,69.8928,74.0405,72.5672,67.6018,68.5930,0.0000,0.0000,0.0000,0.0000,0.0000,0.0000,0.0000,0.0000,0.0000,0.0000,0.0000,0.0000
1700000018.500000,-65.0,114.1797,110.0545,112.7209,107.5639,106.2309,104.0000,106.9299,104.6518,107.7822,105.5888,110.5351,111.1395,113.0177,113.2078,112.5078,115.1217,111.2205,113.7409,111.2205,113.7409,113.8771,113.7409,113.2078,113.4637,115.1217,114.2804,115.1217,117.1367,112.1606,114.9087,107.4244,109.1284,108.6738,104.2161,105.6030,102.8834,101.9804,95.8541,96.9330,91.5478,92.4770,90.6201,92.1141,86.0233,86.0233,83.6780,84.4038,82.7647,81.5843,82.0366,81.4985,81.0062,0.0000,0.0000,0.0000,0.0000,0.0000,0.0000,0.0000,0.0000,0.0000,0.0000,0.0000,0.0000
1700000018.550000,-63.5,112.5877,112.8051,108.1712,108.6692,104.8093,104.4031,103.4070,103.4650,104.7521,104.3887,108.6738,108.6738,113.1768,110.0591,108.6738,110.5351,113.1768,106.0047,112.8716,113.1768,113.5958,110.9414,107.4244,112.1606,111.6468,113.6486,114.5295,112.7120,113.6486,107.7822,108.2589,107.8378,106.9766,102.8834,103.4650,97.3088,96.9330,94.3398,93.6376,90.7579,88.6002,87.9318,85.4400,83.9345,82.4621,78.6448,81.5843,78.9177,77.9295,77.6466,78.2304,77.0065,0.0000,0.0000,0.0000,0.0000,0.0000,0.0000,0.0000,0.0000,0.0000,0.0000,0.0000,0.0000
1700000018.600000,-64.1,90.2109,87.4185,87.9204,82.0975,81.8352,78.8923,79.2591,77.8267,78.7210,78.3901,80.1124,78.9240,80.4114,80.6536,77.8332,82.2192,79.0569,80.0062,78.8480,80.3617,78.4474,80.7775,79.6994,80.7775,81.6088,81.0432,82.0061,81.6088,80.9568,80.9568,77.8332,78.1857,77.6209,76.6942,73.9256,72.4983,71.1126,67.5352,65.7647,64.8845,63.6318,63.6318,61.9112,58.3095,57.4543,56.3028,56.6127,54.2033,55.3173,53.8145,53.7401,50.4480,0.0000,0.0000,0.0000,0.0000,0.0000,0.0000,0.0000,0.0000,0.0000,0.0000,0.0000,0.0000
1700000018.650000,-63.5,77.2010,76.8440,74.3303,74.6324,71.8471,71.8679,70.8308,68.6003,71.1969,68.8840,70.6612,70.2638,70.7743,70.0071,70.6824,70.5762,68.7095,68.7095,70.2282,70.2282,69.6419,71.1688,68.6222,71.8401,71.4703,72.4500,72.1110,68.0074,70.2282,69.8928,68.5420,69.0797,69.7782,69.3542,65.7647,66.6408,64.4127,64.0078,59.6825,58.3095,56.3028,57.6888,56.6127,55.2178,52.2015,51.2250,49.8197,50.2494,50.9313,50.9902,49.0408,46.6154,0.0000,0.0000,0.0000,0.0000,0.0000,0.0000,0.0000,0.0000,0.0000,0.0000,0.0000,0.0000
1700000018.700000,-61.8,74.3303,71.7008,73.8241,70.0357,72.0069,67.4685,68.8840,69.1231,68.9638,68.6804,69.6419,69.5701,66.4078,66.7308,67.6757,69.6419,65.9242,66.3099,65.3911,68.4471,67.6240,68.8767,65.0000,65.7419,66.3099,66.6408,67.5426,68.8767,67.1193,67.0820,65.3911,63.5610,63.5610,65.0000,62.9682,62.9682,59.7746,57.5674,57.9741,57.5674,57.2800,54.5711,55.5428,51.4198,52.1728,49.8197,48.5077,49.2544,49.1630,49.0000,48.0937,46.1736,0.0000,0.0000,0.0000,0.0000,0.0000,0.0000,0.0000,0.0000,0.0000,0.0000,0.0000,0.0000
1700000018.750000,-58.9,90.0000,85.8021,86.6833,84.8116,85.9128,84.0238,83.4865,81.3941,79.9062,80.6102,86.3134,82.0366,83.4865,82.2192,84.2199,84.3860,80.1561,80.4301,78.4092,81.2158,81.0555,82.4197,80.0000,80.4487,83.6002,78.0064,81.8413,80.8022,80.8022,79.4040,77.4661,77.2010,76.2168,75.1665,74.4110,72.2496,72.3464,70.7107,69.3109,69.3109,70.0928,67.8822,67.1789,65.7951,63.7809,60.4401,59.2030,61.4003,61.8547,59.6825,60.4152,58.3095,0.0000,0.0000,0.0000,0.0000,0.0000,0.0000,0.0000,0.0000,0.0000,0.0000,0.0000,0.0000
1700000018.800000,-59.0,116.0905,116.1077,113.6530,115.5206,112.1606,110.6933,110.5712,110.9820,111.8258,113.1592,113.6354,114.0614,113.1592,113.1592,112.2586,111.4136,110.5351,108.7060,108.7842,110.1454,107.5407,110.1454,106.0660,107.5407,110.6391,108.7842,107.0420,105.1190,104.8093,104.3168,100.6231,101.0742,99.7447,96.6075,96.6075,92.6121,93.5201,90.6201,89.6939,89.6939,86.1626,85.4400,83.8153,82.5409,80.6536,79.1202,80.0812,80.2808,78.2624,77.1038,79.1012,76.0066,0.0000,0.0000,0.0000,0.0000,0.0000,0.0000,0.0000,0.0000,0.0000,0.0000,0.0000,0.0000
1700000018.850000,-63.0,116.0560,111.3283,115.6936,112.7209,114.6342,106.4519,110.9414,111.8928,114.3897,116.1077,116.9701,119.2686,121.2642,121.7949,120.2206,122.3193,121.4949,122.3193,119.8541,118.9832,120.6524,120.3703,120.6524,119.5408,120.3703,119.5408,119.5701,122.9675,117.9915,117.9915,112.3788,114.6124,112.2542,106.8878,107.3546,105.9906,101.6366,97.5756,96.2549,93.6216,91.0000,86.7295,91.1811,82.5409,82.5409,80.3243,80.3243,80.7775,81.0247,77.4661,76.7919,74.4312,0.0000,0.0000,0.0000,0.0000,0.0000,0.0000,0.0000,0.0000,0.0000,0.0000,0.0000,0.0000
1700000018.900000,-65.1,103.4070,100.0200,100.1699,97.2934,98.2344,93.4077,97.7190,95.8593,96.2081,98.0867,97.5756,98.4124,103.7545,104.2017,101.9804,103.3102,102.4744,103.7690,101.5972,105.5888,104.2017,106.0047,103.7690,106.1744,106.9439,107.8239,108.2405,107.3313,105.0952,103.7545,101.2373,102.6937,101.2423,97.4064,96.7678,94.5780,92.9731,89.8443,87.6413,87.0919,83.4326,81.2527,79.8311,76.4853,76.1183,72.4431,72.4431,71.3442,71.1758,69.0652,69.0000,68.1836,0.0000,0.0000,0.0000,0.0000,0.0000,0.0000,0.0000,0.0000,0.0000,0.0000,0.0000,0.0000
1700000018.950000,-61.9,94.2603,90.1998,91.5478,89.2749,87.2983,87.0976,85.7030,85.3756,89.2861,89.5600,90.7579,91.3893,88.9550,92.1954,91.2853,93.4719,89.4427,91.2360,88.5889,93.5201,91.2360,94.8262,94.5145,96.3846,97.1288,93.6483,96.1769,99.7647,95.7706,98.0051,94.8472,95.2575,95.8541,93.6216,92.3093,92.3093,87.7269,87.4643,86.0349,80.6536,82.5651,81.6088,82.0061,75.9605,74.5252,72.1803,73.3485,75.8024,71.3442,69.4622,72.0278,65.1230,0.0000,0.0000,0.0000,0.0000,0.0000,0.0000,0.0000,0.0000,0.0000,0.0000,0.0000,0.0000
1700000019.000000,-59.6,82.3893,80.0562,81.0247,80.0250,80.0000,72.0069,80.3057,77.3175,78.5175,80.5047,80.6226,80.4114,82.5651,80.6040,79.3095,85.3756,80.0812,80.7775,81.0432,84.4334,84.1190,82.5409,85.7030,86.3771,88.2327,87.9204,87.5957,87.6413,86.9770,86.9770,87.3613,86.4002,86.8332,88.5268,81.7435,85.1469,81.5843,79.0759,80.0625,76.6551,80.3990,74.9667,74.3303,72.1734,71.1126,68.0661,70.0000,68.0661,69.1158,68.4690,65.5134,65.9697,0.0000,0.0000,0.0000,0.0000,0.0000,0.0000,0.0000,0.0000,0.0000,0.0000,0.0000,0.0000
1700000019.050000,-61.5,90.2441,90.7083,87.2812,90.4434,85.0941,87.0919,86.9253,88.1419,87.6641,87.6584,91.7061,91.3017,92.2822,91.9239,93.6483,91.8096,93.7443,90.9725,94.0479,92.6553,93.4773,95.4411,92.6553,96.6747,97.8008,98.0816,98.6002,95.8019,98.8130,95.2103,96.2601,97.0824,98.1835,94.0319,95.1893,91.9239,93.8136,90.9175,90.4268,90.8240,86.7640,87.6641,85.4927,84.6936,82.6378,80.6536,81.2711,80.5233,78.5875,78.6448,77.6466,77.1038,0.0000,0.0000,0.0000,0.0000,0.0000,0.0000,0.0000,0.0000,0.0000,0.0000,0.0000,0.0000
1700000019.100000,-62.2,111.0856,109.6586,106.4706,110.9414,106.6771,105.3945,106.5082,109.6221,113.2254,113.2299,112.4455,115.1086,115.7454,117.0342,115.7454,115.4340,116.7262,113.9517,113.9517,113.2784,116.1034,117.4138,114.5600,116.7262,117.3882,117.4564,116.6919,118.7939,115.2606,114.5600,111.7318,113.9517,114.6909,109.7862,112.4856,109.7133,106.7942,107.6290,107.0561,107.0561,105.2616,107.6151,103.8123,100.6032,101.5135,97.6371,102.2155,101.0742,102.0000,100.1798,99.1615,96.4624,0.0000,0.0000,0.0000,0.0000,0.0000,0.0000,0.0000,0.0000,0.0000,0.0000,0.0000,0.0000
1700000019.150000,-65.1,113.0044,109.1146,107.2986,104.3072,97.7394,99.2975,98.0612,98.8433,97.5295,97.0155,100.6876,101.5332,104.9952,104.9952,105.6220,107.3359,104.5466,102.1421,106.6255,108.0787,105.1095,108.0787,104.7521,105.1095,106.6255,106.6255,106.8925,104.9952,102.4890,100.9604,100.4241,100.6876,98.0612,96.3172,96.1041,90.6090,89.9444,85.9884,85.4751,82.4924,80.3990,79.2275,79.2275,75.0067,74.1080,72.1110,71.0070,71.0282,68.1836,68.7314,69.0507,66.9403,0.0000,0.0000,0.0000,0.0000,0.0000,0.0000,0.0000,0.0000,0.0000,0.0000,0.0000,0.0000
1700000019.200000,-62.4,108.2266,102.2399,102.3963,96.3328,95.7549,89.1067,90.8020,91.0055,91.6788,94.3716,93.3006,93.9202,94.9210,95.2733,93.3006,96.0052,93.6216,97.1700,93.6216,96.3846,96.5660,96.3846,99.0051,98.4124,97.3088,97.1700,94.3398,100.5684,95.8593,96.2081,93.3006,92.7200,90.9560,91.2140,90.2441,88.2950,82.9759,84.7231,80.0625,75.9539,77.5242,70.4557,77.5242,68.0661,68.0294,67.0000,67.0000,66.0303,68.0661,64.1249,61.5224,60.4152,0.0000,0.0000,0.0000,0.0000,0.0000,0.0000,0.0000,0.0000,0.0000,0.0000,0.0000,0.0000
1700000019.250000,-62.2,93.3809,87.7838,87.8635,86.5563,83.0963,80.0000,80.7094,77.9359,78.0320,78.8923,81.4923,79.6053,82.3468,79.6241,79.7057,81.9329,80.6536,80.3243,80.0062,81.9085,82.5409,82.2800,84.1190,84.4808,86.3308,84.7703,84.1190,86.9770,85.3815,85.3815,84.7585,85.4400,83.5703,80.2309,80.7775,80.2309,76.9220,76.0592,73.3553,72.0069,72.4707,68.9638,70.1783,66.5733,65.7343,64.4050,64.8151,63.2535,63.7809,60.8112,59.5483,56.4004,0.0000,0.0000,0.0000,0.0000,0.0000,0.0000,0.0000,0.0000,0.0000,0.0000,0.0000,0.0000
1700000019.300000,-63.7,75.1066,77.0000,74.0000,76.0000,71.1758,71.1758,66.3702,69.8713,64.7765,67.0820,69.1231,67.6831,70.6045,69.6419,69.6419,68.3081,68.9493,68.0074,68.7095,68.7095,68.7095,69.8570,71.3092,71.5891,71.3092,71.3092,70.6824,69.4622,74.3236,70.3847,74.4648,70.0071,72.1110,71.1688,68.6222,69.5701,67.0522,68.1542,67.0820,65.7343,63.1506,65.1153,63.9531,60.6712,59.4138,58.3095,58.2151,61.0000,58.0086,57.3149,57.7062,57.8705,0.0000,0.0000,0.0000,0.0000,0.0000,0.0000,0.0000,0.0000,0.0000,0.0000,0.0000,0.0000
1700000019.350000,-59.7,80.0562,76.3217,76.0592,73.7360,74.3236,72.4500,71.5542,72.9452,71.6938,71.3442,72.9452,71.8471,73.0069,72.4224,71.6101,73.4098,74.5185,71.0634,73.4098,73.0000,72.2011,74.0270,74.3303,75.0733,74.3303,74.3303,74.2765,73.6614,74.2765,75.7430,73.8783,73.7564,74.0270,72.0069,70.6045,70.6045,68.6003,67.8012,69.0652,69.0652,66.0379,66.0379,63.6318,61.9112,60.8276,61.2699,61.3270,61.3514,61.6847,60.1664,58.4637,56.4358,0.0000,0.0000,0.0000,0.0000,0.0000,0.0000,0.0000,0.0000,0.0000,0.0000,0.0000,0.0000
1700000019.400000,-59.4,85.2115,84.3149,83.3547,82.4924,83.7257,78.7147,81.4371,81.8596,81.9390,82.3468,82.8553,84.8646,83.5703,83.8153,83.5703,82.5651,84.4808,80.6536,82.5651,81.6088,80.9568,83.9345,82.2800,82.0061,84.2021,84.8999,82.9699,86.8332,85.8662,82.9699,79.3788,80.5233,78.7464,80.4114,80.0062,78.1089,74.0945,74.4648,74.3236,76.6942,73.5391,72.0139,72.8972,68.0000,67.0820,65.0000,66.0379,65.7343,66.0303,63.6003,65.8559,63.0317,0.0000,0.0000,0.0000,0.0000,0.0000,0.0000,0.0000,0.0000,0.0000,0.0000,0.0000,0.0000
1700000019.450000,-64.4,102.0784,101.2571,97.2008,97.2008,96.2133,93.7230,95.0158,94.7945,97.6729,95.4620,99.0353,100.5684,101.2373,101.3163,100.5684,99.9050,100.0050,100.7671,99.4887,100.6578,101.3163,101.9804,99.9050,101.8283,102.9417,102.3035,101.4150,101.9117,100.4988,99.1564,96.1665,97.5910,95.4830,94.7629,92.7631,91.3510,89.1964,87.9659,86.5563,84.6463,82.0061,81.4002,78.6003,76.0263,75.7166,73.2462,75.8024,74.7061,74.6860,73.8241,72.0902,71.4703,0.0000,0.0000,0.0000,0.0000,0.0000,0.0000,0.0000,0.0000,0.0000,0.0000,0.0000,0.0000
1700000019.500000,-61.6,118.0042,118.0042,114.2147,115.3516,110.6526,113.6002,114.0175,116.2110,121.5648,124.2779,124.9200,131.4724,132.4009,132.7742,136.3085,136.5650,141.3648,135.5655,139.9893,139.6173,140.4600,139.0899,141.3648,140.4315,138.7083,141.3542,138.7083,136.4001,134.1641,139.0899,133.8245,133.9328,130.7823,137.0584,135.6798,132.5179,133.4616,130.0807,122.8007,123.9395,121.7539,118.8486,117.3882,112.3788,107.8703,105.7213,105.3803,101.9657,103.3925,101.2423,99.0000,99.0808,0.0000,0.0000,0.0000,0.0000,0.0000,0.0000,0.0000,0.0000,0.0000,0.0000,0.0000,0.0000
1700000019.550000,-64.1,103.8316,98.3870,100.7224,93.9415,90.8240,86.1278,86.6833,86.9770,89.3588,94.5304,94.1329,95.0210,100.0050,103.0049,100.1249,106.5692,104.5801,109.4578,104.8093,110.7655,110.5486,113.1371,107.9120,113.8640,116.4302,113.7453,115.8490,118.7139,119.5073,121.4990,116.1077,118.2709,118.1059,115.0043,116.0000,113.0177,112.0714,109.4578,109.5536,101.4938,103.5857,98.9949,101.9804,96.1041,91.6788,88.6002,86.0233,86.6487,86.1626,82.7345,79.6492,81.2711,0.0000,0.0000,0.0000,0.0000,0.0000,0.0000,0.0000,0.0000,0.0000,0.0000,0.0000,0.0000
1700000019.600000,-64.7,81.0247,78.6003,75.9276,75.9276,74.3303,73.5527,72.2496,72.4707,73.2462,72.9452,76.6616,75.2928,77.8267,79.6053,81.8841,80.0562,80.1124,79.6241,85.0000,83.6720,85.4225,85.0000,83.6720,86.1626,86.9253,87.8465,88.5664,87.6641,89.4427,85.0000,86.7698,86.8332,85.9593,83.0060,81.3019,81.3019,81.6333,79.9250,77.9359,78.0064,75.0000,75.2861,73.8783,71.5891,68.6222,65.7647,66.5282,66.7083,63.2535,62.8013,62.9682,59.9416,0.0000,0.0000,0.0000,0.0000,0.0000,0.0000,0.0000,0.0000,0.0000,0.0000,0.0000,0.0000
1700000019.650000,-64.5,75.0267,71.0000,71.0282,70.0286,69.1809,67.6018,68.2495,68.8840,69.1231,70.8802,72.1110,73.3894,74.6726,75.3923,73.9256,77.8203,76.9220,76.9220,78.2624,80.5295,80.0625,80.5295,80.9506,83.7257,82.2982,81.8841,83.7257,85.0000,83.1865,85.0000,83.1926,85.0000,84.1724,81.9390,79.3095,79.8499,77.2528,75.2728,74.3303,71.7844,73.3757,70.8802,71.5681,67.4685,67.9117,64.1327,65.6201,64.4981,65.0692,64.0078,61.0328,59.2115,0.0000,0.0000,0.0000,0.0000,0.0000,0.0000,0.0000,0.0000,0.0000,0.0000,0.0000,0.0000
1700000019.700000,-62.3,67.4166,68.9493,66.4078,65.2533,65.2533,64.5368,62.5140,65.2763,65.4905,68.0661,69.0000,70.0286,70.0643,71.1126,71.0282,73.4370,73.4370,73.5527,74.6726,74.5453,74.4312,78.4092,76.4199,76.1183,79.9062,81.2158,79.7621,81.6150,81.3941,82.3893,79.1581,77.2334,81.1542,79.0253,78.0000,79.0063,76.0263,74.0068,74.1687,70.0286,71.1758,69.1158,68.4690,65.6201,65.9242,63.5610,64.7611,61.1310,62.0967,60.0833,60.0083,57.7062,0.0000,0.0000,0.0000,0.0000,0.0000,0.0000,0.0000,0.0000,0.0000,0.0000,0.0000,0.0000
1700000019.750000,-59.3,65.7647,65.2993,64.0078,64.1405,62.1289,63.0079,62.8013,61.0737,63.7809,63.7024,66.4680,68.6222,67.9412,69.5270,69.6563,67.6240,71.0282,67.8012,70.4557,69.8928,71.0282,74.0608,68.7968,73.5731,75.1665,73.5731,76.8505,76.3217,76.5506,76.6616,76.2758,76.2758,79.0569,72.4224,75.8024,72.8011,72.2011,70.9366,70.8378,70.7672,69.3109,65.7647,65.0692,63.0317,62.3699,59.6657,58.6003,60.8030,58.5235,56.0803,55.4707,55.1543,0.0000,0.0000,0.0000,0.0000,0.0000,0.0000,0.0000,0.0000,0.0000,0.0000,0.0000,0.0000
1700000019.800000,-64.1,66.0984,63.3482,69.1231,64.2884,66.4078,62.2977,65.5515,64.4748,63.5610,66.6483,68.4251,66.6483,68.0000,69.4622,67.2309,70.4911,67.1193,69.8928,69.0652,70.8025,68.8186,71.6101,72.8011,72.6223,73.6003,72.6223,74.0270,77.0065,72.8011,76.8375,71.6101,75.8024,74.4043,73.4983,73.7835,72.7186,72.7186,72.0694,70.7107,66.2420,67.6240,63.6946,64.6220,59.8080,61.6847,58.8218,60.4401,57.0088,59.4390,56.7186,56.2228,53.0377,0.0000,0.0000,0.0000,0.0000,0.0000,0.0000,0.0000,0.0000,0.0000,0.0000,0.0000,0.0000
1700000019.850000,-65.4,76.8505,73.7835,75.6042,73.8173,76.6942,74.4110,75.6902,74.9533,79.1960,78.5175,80.6102,80.6102,80.6226,79.9312,79.2086,85.2760,78.1025,79.5110,78.2432,80.9197,78.2432,80.6040,81.2158,81.6088,81.4002,82.2010,82.2010,85.4459,80.8022,86.6083,81.4002,83.2406,83.4086,82.6196,83.7377,80.9197,77.1557,77.7946,76.4199,75.1665,77.0779,72.1803,73.8783,67.0075,67.4759,65.6049,67.4240,66.8880,65.8635,64.4127,63.5059,59.2368,0.0000,0.0000,0.0000,0.0000,0.0000,0.0000,0.0000,0.0000,0.0000,0.0000,0.0000,0.0000
1700000019.900000,-60.7,85.7555,84.5340,85.8662,84.0952,85.6154,85.6154,88.0227,88.2553,90.4434,91.0824,92.3472,92.7200,92.7200,95.0789,92.4446,97.0824,94.1488,94.9210,95.8019,96.1041,95.5667,93.3809,93.3916,95.0368,91.9239,95.5249,95.0368,93.7710,91.6624,93.2148,92.7631,93.0591,93.1719,89.4986,92.9624,89.2693,86.3481,88.3233,88.6002,86.1278,83.1685,81.0432,80.0562,78.4347,76.3217,76.6942,72.0139,72.4500,70.6612,68.9638,69.8928,69.0290,0.0000,0.0000,0.0000,0.0000,0.0000,0.0000,0.0000,0.0000,0.0000,0.0000,0.0000,0.0000
1700000019.950000,-62.6,102.8834,103.8701,103.7545,109.5673,107.8239,106.9439,111.1395,113.3711,114.9087,117.1367,119.8165,121.2023,121.2023,124.5351,122.6418,121.2023,122.8739,118.1524,121.4949,119.8165,119.8165,119.2686,119.2686,119.8541,122.0656,119.8541,118.1524,118.1524,118.1524,115.4340,112.8982,114.9087,111.1395,108.9082,107.5407,105.8159,104.9571,103.8316,99.2975,98.4124,96.6023,97.0618,96.6644,88.6397,90.0777,86.1626,87.5957,85.0706,87.0919,83.9345,82.7647,81.3941,0.0000,0.0000,0.0000,0.0000,0.0000,0.0000,0.0000,0.0000,0.0000,0.0000,0.0000,0.0000
1700000020.000000,-61.0,124.4709,123.2234,131.1869,133.1353,135.6798,137.9275,140.0036,139.0863,140.9433,137.3536,127.9453,128.7983,130.5105,123.7134,127.3146,125.0960,126.4911,124.5552,124.2578,124.2578,128.4718,124.2578,128.4718,120.9504,120.9504,123.7134,122.4500,130.5105,126.2458,128.5029,133.8432,137.0584,140.6556,144.0590,144.0590,142.6674,135.0704,137.3062,130.6484,130.2498,124.1692,122.6744,117.3371,112.3610,116.6190,107.6476,107.6476,108.2266,106.8316,103.6002,99.6394,100.4191,0.0000,0.0000,0.0000,0.0000,0.0000,0.0000,0.0000,0.0000,0.0000,0.0000,0.0000,0.0000
1700000020.050000,-62.3,109.3435,112.6144,113.9912,115.9655,118.2074,121.7087,122.6540,125.3994,133.0150,131.1030,135.0037,126.6491,130.1883,127.2360,123.9758,117.3882,120.0167,121.7415,115.3950,116.3615,121.1982,117.6308,117.6308,110.0227,116.7262,112.6987,112.2943,114.9348,115.0043,119.4194,122.8007,127.6323,128.7983,134.8258,138.1955,139.1187,142.6674,135.5950,132.0984,132.2309,127.0945,127.0945,120.3703,115.9353,111.8302,101.6071,103.4070,99.4887,97.1854,97.0000,91.2853,87.1149,0.0000,0.0000,0.0000,0.0000,0.0000,0.0000,0.0000,0.0000,0.0000,0.0000,0.0000,0.0000
1700000020.100000,-63.7,84.6286,87.6185,82.8070,88.4590,87.6926,87.3212,88.8651,91.2140,93.4077,95.1315,97.6524,100.4988,104.1009,104.4462,109.4166,107.0420,110.0591,103.8316,109.1284,108.2405,109.6586,111.8034,107.3313,110.9820,111.8928,113.1592,115.8706,114.9478,114.9478,111.8034,113.1768,113.1768,111.1395,108.4066,107.6151,103.4650,103.1746,101.0198,99.8098,96.8298,89.4986,92.0978,84.9588,82.8070,79.9062,74.9667,73.5935,68.7677,67.4759,65.2993,64.6375,63.5138,0.0000,0.0000,0.0000,0.0000,0.0000,0.0000,0.0000,0.0000,0.0000,0.0000,0.0000,0.0000
1700000020.150000,-66.8,71.2531,71.0282,71.0000,71.0634,69.0000,67.0000,67.2681,66.4831,70.4557,68.4690,69.4622,69.7209,70.8590,72.1803,70.4060,72.0347,72.5328,70.0928,70.0928,70.5195,69.9214,70.5195,67.7200,69.8928,71.1688,71.8401,69.5701,71.7844,70.8378,70.8802,68.4105,72.2772,68.8840,66.7083,66.7083,65.7647,66.4831,60.5310,60.1332,62.2013,57.2189,58.0345,57.0351,53.0377,49.0000,49.0000,50.0100,48.0104,47.2652,47.6760,44.7214,45.3542,0.0000,0.0000,0.0000,0.0000,0.0000,0.0000,0.0000,0.0000,0.0000,0.0000,0.0000,0.0000
1700000020.200000,-62.1,59.4138,58.4209,57.1402,59.2115,56.1427,56.2228,56.0357,56.0000,58.0086,55.0091,57.0088,57.0088,57.0789,56.0803,56.1427,57.3149,56.4358,55.3263,56.4358,56.5685,55.3263,56.5685,54.5894,56.5685,57.2189,56.5685,58.6941,56.4358,56.4358,56.4358,55.1453,55.2268,54.0370,52.0384,52.0384,51.0000,50.0100,48.0937,47.0425,48.2597,45.2769,43.2897,42.2966,42.2966,38.4708,37.6563,37.8550,38.3275,35.4401,34.1760,36.4006,34.0147,0.0000,0.0000,0.0000,0.0000,0.0000,0.0000,0.0000,0.0000,0.0000,0.0000,0.0000,0.0000
1700000020.250000,-57.9,60.9590,58.7963,58.0000,58.0000,56.5862,56.5862,56.5862,55.2268,57.3847,55.2268,57.4891,56.8507,57.6281,57.0088,56.2228,56.6127,53.8238,54.4059,53.2541,54.4059,53.2541,54.0833,53.2541,53.0000,54.0833,54.9181,54.6443,54.4059,53.8238,53.2541,50.8035,52.0096,50.4480,49.6790,50.4480,48.1664,47.3814,45.2769,45.9674,43.9318,41.7732,39.6989,40.4599,36.8782,37.6431,36.4006,34.4093,35.5106,34.4819,34.9857,32.6497,31.9531,0.0000,0.0000,0.0000,0.0000,0.0000,0.0000,0.0000,0.0000,0.0000,0.0000,0.0000,0.0000
1700000020.300000,-60.8,61.4003,60.0333,57.3062,59.5399,57.3062,56.3560,57.2713,55.0364,54.6260,55.4617,55.4617,55.9464,55.4617,54.6260,54.6260,53.1413,53.8516,51.6236,52.2015,52.8110,51.2640,52.4976,51.2640,53.1413,51.2640,52.8110,50.9215,51.2640,51.8652,49.3964,49.7695,50.1597,50.1597,47.4236,46.5188,44.7214,45.6508,43.5660,42.1900,39.9625,39.1152,39.6611,36.0555,36.6197,35.0000,33.4216,33.3017,33.4216,32.5576,31.8277,31.2410,30.0000,0.0000,0.0000,0.0000,0.0000,0.0000,0.0000,0.0000,0.0000,0.0000,0.0000,0.0000,0.0000
1700000020.350000,-60.4,60.2080,59.0339,60.6053,59.0339,58.2580,55.6058,55.0000,55.2178,56.6127,55.8032,56.0357,54.6443,54.3783,53.5350,53.5350,53.8516,53.8516,51.6236,51.9711,51.4781,50.6063,51.8845,49.2443,51.0000,50.6063,49.6488,48.7647,50.1199,50.1199,49.6488,47.5079,47.1699,47.1699,44.9444,46.0435,45.4863,43.8292,42.2019,40.6079,39.8246,39.0512,37.6431,36.8782,34.6554,34.6554,33.9411,33.9411,32.5576,31.8904,31.4006,30.8058,29.1548,0.0000,0.0000,0.0000,0.0000,0.0000,0.0000,0.0000,0.0000,0.0000,0.0000,0.0000,0.0000
1700000020.400000,-58.1,62.3699,63.1506,61.9839,62.1691,61.9839,58.8558,60.5310,58.5491,58.4209,57.4282,58.2151,59.2115,59.1354,57.0789,55.2268,57.0789,57.0789,55.0091,53.0000,53.0000,54.0093,53.0000,51.0000,53.0377,51.0000,53.0000,52.0384,52.0000,52.0096,50.0100,49.0000,48.0000,48.0000,48.0000,46.0109,46.0109,43.0116,43.0465,41.1096,41.1096,38.2099,40.1123,37.1214,35.3553,36.4966,33.7343,35.6931,33.7343,33.2415,32.5730,31.6228,29.5466,0.0000,0.0000,0.0000,0.0000,0.0000,0.0000,0.0000,0.0000,0.0000,0.0000,0.0000,0.0000
1700000020.450000,-60.8,73.0616,72.0694,73.3553,71.1969,73.9256,69.8355,70.3278,69.8355,69.8355,69.7711,70.6824,68.8767,71.1126,67.5426,68.4251,67.5426,64.4748,63.9766,61.7414,63.9531,63.0635,62.6099,61.2699,61.0983,61.8466,60.5392,59.0931,59.5063,57.2713,58.1808,55.4707,54.1202,55.4707,51.9711,51.9711,53.2353,49.2443,48.8774,47.8853,46.3249,46.0435,43.2666,43.8292,40.0000,41.8688,39.6989,39.6989,38.8973,38.8973,38.2099,37.5366,35.8050,0.0000,0.0000,0.0000,0.0000,0.0000,0.0000,0.0000,0.0000,0.0000,0.0000,0.0000,0.0000
1700000020.500000,-59.6,82.2253,82.4621,80.5233,79.8311,81.2527,77.3692,79.1202,78.8480,79.1202,76.9220,75.9605,78.1601,75.9605,76.9220,77.6209,74.3303,72.4224,71.7844,70.5195,68.6222,68.6222,68.6222,65.7875,66.4831,67.6757,65.1920,65.1920,65.7875,62.0322,64.2573,60.7454,61.0328,61.0328,56.6127,57.5674,57.0088,56.6127,54.1202,52.8867,50.6952,48.7647,49.7293,49.8197,43.9318,45.8912,41.9762,43.7379,43.1856,44.1814,40.1123,40.0125,40.1123,0.0000,0.0000,0.0000,0.0000,0.0000,0.0000,0.0000,0.0000,0.0000,0.0000,0.0000,0.0000
1700000020.550000,-60.4,95.8593,93.3006,94.5780,98.0816,93.0484,92.9731,90.2497,92.3580,89.5377,89.5377,89.1852,91.7606,87.9318,87.9318,88.2327,84.7703,86.1278,81.3204,80.2808,80.3617,77.1622,79.6994,75.9605,79.6241,79.6241,77.8781,76.9025,73.2462,72.7805,73.3485,71.3092,71.5681,68.1542,68.0074,65.8027,64.7611,62.0967,61.6847,61.1310,58.5235,56.9210,55.3624,54.7083,51.5461,53.1413,51.0784,50.9902,50.5371,51.4781,50.5371,49.3964,46.0435,0.0000,0.0000,0.0000,0.0000,0.0000,0.0000,0.0000,0.0000,0.0000,0.0000,0.0000,0.0000
1700000020.600000,-63.2,119.4738,114.0175,115.8016,115.6028,114.4028,111.4002,111.6065,110.2089,110.8016,111.6065,108.2266,108.4666,109.0413,106.7802,105.1190,104.3072,101.5480,99.3227,98.6154,99.6444,97.4166,96.3846,92.9624,95.3834,95.3834,91.0659,90.8240,90.4268,88.5889,87.2353,83.8630,84.5991,82.4924,81.6333,80.6226,77.6981,75.8024,72.9452,72.4017,69.3397,70.7248,67.9559,68.2422,62.2013,61.0328,60.6053,61.2209,61.0737,60.9590,57.3149,58.6941,55.4437,0.0000,0.0000,0.0000,0.0000,0.0000,0.0000,0.0000,0.0000,0.0000,0.0000,0.0000,0.0000
1700000020.650000,-59.3,126.7517,123.4706,124.9040,122.1884,123.1787,117.0983,120.7021,120.5031,118.5116,120.5031,120.8139,118.5116,116.5204,116.5204,112.8716,114.4378,109.5536,111.4495,108.2959,106.3015,104.3887,106.4706,102.4890,103.2376,103.3925,99.2472,98.2497,98.3260,96.4210,93.3435,90.5538,92.6553,91.4440,86.5794,85.9884,84.0119,83.3607,78.4474,78.4474,74.7329,74.9533,71.5891,70.6045,66.9403,66.7083,63.8905,63.8905,62.2977,63.5689,62.3939,61.2699,60.4152,0.0000,0.0000,0.0000,0.0000,0.0000,0.0000,0.0000,0.0000,0.0000,0.0000,0.0000,0.0000
1700000020.700000,-64.4,115.8016,119.6411,120.4865,120.5031,120.2082,124.3262,124.2779,126.8267,127.1299,123.9677,125.5428,128.4134,127.4402,130.9427,129.1201,134.1044,129.6919,129.6919,129.0271,127.4402,125.0000,123.9677,120.2082,121.7580,120.1665,119.2183,116.6919,116.3787,110.6797,111.9732,107.9676,111.6826,107.7033,103.0776,101.1385,99.2472,96.3172,92.7631,88.4590,85.3288,87.4757,84.3445,81.3941,79.7621,76.5310,72.5603,73.4370,72.3395,72.0069,69.0290,69.0000,69.0290,0.0000,0.0000,0.0000,0.0000,0.0000,0.0000,0.0000,0.0000,0.0000,0.0000,0.0000,0.0000
1700000020.750000,-59.9,117.5968,114.9087,124.3543,111.3059,117.1367,127.7693,115.4340,120.8305,110.0182,116.3615,118.5116,118.3385,108.2266,109.5628,127.3892,126.3171,120.5529,112.9469,130.2690,120.5405,126.5306,123.7619,130.4952,129.5222,127.6127,129.8076,125.3196,129.0310,132.4387,118.5327,130.9695,125.6344,116.9273,109.4166,113.0531,111.6109,116.4989,106.5692,106.9018,103.4456,102.7862,99.7246,92.6553,88.8651,87.2812,87.0919,83.5703,80.4114,81.5414,76.0263,75.6637,74.0945,0.0000,0.0000,0.0000,0.0000,0.0000,0.0000,0.0000,0.0000,0.0000,0.0000,0.0000,0.0000
1700000020.800000,-60.2,71.6938,71.7844,72.5328,71.7844,78.8543,75.0000,74.7329,72.6911,73.9797,72.5328,69.8570,71.8053,68.1542,73.7564,75.5844,76.6877,73.9797,81.5843,82.8734,89.8053,90.4268,93.7710,97.4936,93.7710,97.0155,100.4988,109.4578,107.2986,112.2185,109.2245,114.2147,120.4159,121.4125,123.5840,125.5747,127.7693,127.0118,121.1982,120.8387,116.2497,111.6289,109.6586,108.0602,108.0602,98.8433,98.2700,98.2700,90.9560,91.3947,90.1388,91.1811,85.4927,0.0000,0.0000,0.0000,0.0000,0.0000,0.0000,0.0000,0.0000,0.0000,0.0000,0.0000,0.0000
1700000020.850000,-62.9,168.3865,160.0312,172.5399,161.3753,169.8529,164.0549,171.1198,162.6591,152.7416,158.3982,155.7241,155.7241,158.4487,161.2265,154.1752,162.6591,158.3982,173.9483,171.1198,172.5399,176.7993,175.3682,174.7255,178.8994,179.6051,173.9540,176.1051,162.6899,166.9012,158.4172,162.6407,158.4929,152.7612,148.6607,144.3607,141.5345,135.1037,134.0634,134.0634,129.9577,119.2057,123.3288,115.1086,112.2943,103.8557,104.2017,107.0047,102.9029,104.0433,102.3963,99.6444,97.4936,0.0000,0.0000,0.0000,0.0000,0.0000,0.0000,0.0000,0.0000,0.0000,0.0000,0.0000,0.0000
1700000020.900000,-63.3,118.8697,121.6963,113.3578,113.1459,110.3902,104.7378,101.8332,103.2763,104.6614,96.2601,87.9659,94.7523,87.9659,84.9588,92.6175,97.7446,92.0978,99.0858,96.2601,100.4490,107.4895,103.2376,101.4002,90.7855,93.8616,95.4254,104.7378,105.1190,104.8904,104.2017,111.4002,117.4138,121.8277,127.3185,127.3185,131.3697,131.9470,135.5950,137.2953,141.8238,132.0984,133.8432,128.4134,126.6570,120.1083,110.1363,111.8302,108.4528,107.3778,104.0096,104.6231,102.3035,0.0000,0.0000,0.0000,0.0000,0.0000,0.0000,0.0000,0.0000,0.0000,0.0000,0.0000,0.0000
1700000020.950000,-62.1,113.0708,109.2886,104.9571,111.8258,110.0227,113.4637,121.7580,126.8109,123.0813,131.9394,129.2826,121.8072,112.0892,116.4174,110.7249,111.0856,108.6830,108.2589,101.2719,103.5761,106.7333,98.4886,99.2975,91.6624,89.9444,89.6772,81.3019,84.3445,84.9294,93.9042,91.2195,90.2497,94.9210,106.3203,103.4070,108.8118,111.6289,121.4331,122.7110,129.0349,131.2440,131.2440,123.0325,120.2082,113.4637,106.4049,106.9299,103.3102,95.2943,92.7847,92.4392,88.0057,0.0000,0.0000,0.0000,0.0000,0.0000,0.0000,0.0000,0.0000,0.0000,0.0000,0.0000,0.0000
1700000021.000000,-60.8,114.0570,109.1787,109.5901,114.2366,114.5862,113.6002,121.7539,121.2765,129.0736,129.8769,124.9520,118.3765,115.1217,112.4500,107.2007,110.7655,107.0561,108.5587,106.3814,102.3963,104.5801,100.2447,98.4124,95.1315,93.6483,91.1373,87.2812,93.9042,89.9444,91.6624,90.8020,91.6788,98.4937,107.2007,101.3903,112.0892,116.3873,123.9758,125.2278,132.2800,128.7051,125.5906,121.1487,114.5862,110.8603,108.7474,103.3683,105.0952,95.2943,93.4933,87.2353,85.1469,0.0000,0.0000,0.0000,0.0000,0.0000,0.0000,0.0000,0.0000,0.0000,0.0000,0.0000,0.0000
1700000021.050000,-58.1,107.2007,106.2309,104.0048,104.0433,101.4938,104.6900,109.1421,112.6410,117.9534,119.5408,126.1943,125.7179,132.2309,135.1925,138.5388,136.8941,139.5564,142.2252,144.4749,143.5583,141.7780,145.9897,143.5897,146.7276,140.9823,140.9113,137.0110,136.4844,133.4054,131.7649,131.5485,125.1958,124.4227,123.0041,123.0650,121.0785,118.9286,122.5275,123.2234,131.2174,126.6965,124.3382,120.2082,114.1271,109.1787,110.2225,101.2423,101.3163,94.0479,94.0479,88.0511,81.8841,0.0000,0.0000,0.0000,0.0000,0.0000,0.0000,0.0000,0.0000,0.0000,0.0000,0.0000,0.0000
1700000021.100000,-61.7,132.4840,128.8255,122.5765,128.9496,127.4716,124.2779,123.2234,124.7397,125.9365,128.8914,122.3315,115.9741,111.7587,111.7587,110.5486,108.0000,104.0433,106.0000,104.0048,100.1249,96.0000,95.0474,96.0469,95.6347,87.4643,85.0529,83.0542,83.0060,78.0000,87.0057,89.0056,87.9659,88.4590,92.7631,93.1719,108.6830,107.8703,115.8016,117.7200,122.1229,127.3499,131.2174,133.2404,121.8401,119.5408,113.8859,108.7474,110.5712,104.2161,99.7447,97.0979,95.6922,0.0000,0.0000,0.0000,0.0000,0.0000,0.0000,0.0000,0.0000,0.0000,0.0000,0.0000,0.0000
1700000021.150000,-62.0,120.3038,130.4952,130.9427,130.7708,135.0296,127.4716,127.1220,124.3262,134.7182,132.4840,133.9590,140.9007,139.2300,140.8013,142.0563,149.6262,142.6359,149.3051,143.9340,147.4110,148.2734,153.6392,153.8083,155.6213,160.6393,164.9394,160.5148,166.2919,159.1760,166.2919,152.7514,158.3824,160.2404,154.0130,152.8005,152.8005,151.4332,144.2671,141.1559,131.3697,135.6945,128.8914,128.8255,116.2970,116.2970,112.7209,112.0089,106.2544,105.3613,100.9604,95.7079,95.3520,0.0000,0.0000,0.0000,0.0000,0.0000,0.0000,0.0000,0.0000,0.0000,0.0000,0.0000,0.0000
1700000021.200000,-63.4,150.6320,145.9623,148.1115,144.7791,144.2671,138.2208,138.6831,142.7620,141.5345,141.4214,140.1856,147.3228,148.6607,150.5722,148.8220,157.2005,150.8642,153.4047,153.1176,157.4103,159.2011,157.4103,154.6156,153.0033,156.0288,154.2012,148.5295,151.6476,156.2370,154.1590,159.6246,161.6447,156.2050,151.8552,154.6738,151.6443,145.8355,142.8986,144.2775,137.1860,135.7645,128.7245,129.4488,123.3288,119.4738,113.1592,114.2847,112.6055,112.1606,106.4706,103.7882,95.2733,0.0000,0.0000,0.0000,0.0000,0.0000,0.0000,0.0000,0.0000,0.0000,0.0000,0.0000,0.0000
1700000021.250000,-58.1,86.3539,93.2309,91.7606,90.6201,89.1964,99.4585,94.1488,91.7823,90.5538,88.8144,86.2090,84.0000,82.0000,82.0244,84.3801,81.5843,81.5843,81.2158,86.3481,76.1577,79.2465,78.1025,74.2159,80.3243,74.7262,81.0432,77.2010,79.6994,81.0432,76.6551,83.5464,83.5464,84.8528,88.3629,88.3629,92.7793,96.3328,96.1873,105.0762,105.0190,107.0000,111.0180,107.0747,115.0174,117.2732,119.6035,122.6418,127.2831,128.5496,127.0945,125.2278,119.6202,0.0000,0.0000,0.0000,0.0000,0.0000,0.0000,0.0000,0.0000,0.0000,0.0000,0.0000,0.0000
1700000021.300000,-61.8,126.5069,127.2006,118.2244,123.7134,125.9246,125.2398,118.9622,125.3994,113.6530,107.3359,109.4166,103.3247,100.0000,91.4440,94.6414,78.4092,93.3435,86.3134,80.3990,78.6384,86.6833,78.4092,79.4292,78.6384,77.1038,70.2140,77.1038,75.9276,78.6384,76.4199,86.6833,83.0241,90.6090,91.0055,83.0241,88.6454,93.9042,97.8621,102.1812,108.0602,98.7168,105.3803,104.4031,114.7911,115.7670,120.9049,120.5405,134.2386,139.0863,143.5583,137.9058,131.6055,0.0000,0.0000,0.0000,0.0000,0.0000,0.0000,0.0000,0.0000,0.0000,0.0000,0.0000,0.0000
1700000021.350000,-63.6,77.7817,93.0215,98.0000,98.0204,104.1729,115.4123,120.2206,126.3725,133.4541,130.1730,130.1730,137.3827,136.4185,136.6931,137.7135,149.6262,152.2958,152.0033,149.6262,156.6301,152.5025,156.6301,158.9025,154.9871,151.3803,159.8124,161.3753,156.2850,162.7329,166.4242,158.4487,160.0312,158.5497,164.7938,164.7574,163.3432,158.4172,147.1394,151.4265,143.5583,144.9724,138.6218,140.0714,135.5913,134.8073,129.6302,119.3650,118.7266,110.9414,112.5389,110.3540,112.1472,0.0000,0.0000,0.0000,0.0000,0.0000,0.0000,0.0000,0.0000,0.0000,0.0000,0.0000,0.0000
1700000021.400000,-61.4,125.0640,122.1475,122.3315,109.4897,109.1787,102.6158,104.3887,102.8591,108.9082,111.0405,119.3315,118.1059,134.3577,129.5569,135.1481,139.4453,145.8012,143.0559,151.9901,148.6909,153.4471,147.8716,149.0302,140.9113,145.0000,134.3168,132.3820,127.3499,133.6451,132.2762,128.7245,129.4025,127.3106,130.2306,140.7302,143.6280,145.8355,142.5237,152.8398,154.8580,156.2850,159.9062,169.7999,172.5862,175.3853,165.4872,167.2603,162.9356,156.4001,149.5125,149.2515,141.3223,0.0000,0.0000,0.0000,0.0000,0.0000,0.0000,0.0000,0.0000,0.0000,0.0000,0.0000,0.0000
1700000021.450000,-63.9,75.0000,71.5612,75.2396,74.0405,78.6384,78.0256,87.0230,89.3588,94.5410,99.2472,116.4174,115.1347,122.4132,130.9733,135.6798,137.8840,138.7083,140.8723,140.0036,131.4876,131.3697,132.4009,136.8247,137.6118,141.0142,144.5891,142.8426,130.1768,142.8986,141.0142,135.2072,135.5913,125.4950,123.9879,124.5231,128.9729,141.5345,125.8650,122.4949,115.9655,113.8508,113.5694,113.0044,116.3615,110.0182,112.3076,106.2826,111.9464,113.6002,117.2775,114.9348,123.1787,0.0000,0.0000,0.0000,0.0000,0.0000,0.0000,0.0000,0.0000,0.0000,0.0000,0.0000,0.0000
1700000021.500000,-63.7,61.9839,65.9242,70.3278,76.8440,77.6209,84.8646,90.7855,100.2646,108.7060,113.8112,121.8277,127.8828,135.3699,143.1223,148.1216,150.9437,147.8276,147.3397,140.6165,138.9568,135.6650,130.4301,128.7051,116.2110,119.3315,110.7520,109.6221,111.0721,106.8316,111.0180,112.6099,111.1261,109.9864,116.6919,121.0826,120.9339,122.3315,128.7012,131.5295,135.8823,142.3411,148.9228,150.7116,154.0292,153.6880,146.8196,146.4923,140.0893,135.4733,125.9365,123.0447,120.4159,0.0000,0.0000,0.0000,0.0000,0.0000,0.0000,0.0000,0.0000,0.0000,0.0000,0.0000,0.0000
1700000021.550000,-64.3,101.5135,98.9545,110.0273,107.5639,118.2709,120.0000,124.1451,120.2664,113.2828,104.8093,98.8585,97.0824,91.2195,87.9318,87.9318,82.7647,89.1572,84.0773,86.9540,85.1469,79.3221,80.2808,81.8352,84.1487,84.2199,82.8794,81.2711,83.5284,82.4197,79.2591,74.8866,73.2462,71.6101,67.3573,64.2028,63.6553,69.3542,63.5138,71.1969,76.6942,75.6108,82.2800,77.6209,91.9239,91.9239,104.3072,107.1681,111.0180,118.0678,124.0645,127.2517,123.6851,0.0000,0.0000,0.0000,0.0000,0.0000,0.0000,0.0000,0.0000,0.0000,0.0000,0.0000,0.0000
1700000021.600000,-62.7,128.0820,124.6194,131.1869,139.8177,146.3728,139.5421,131.0343,123.9435,117.1367,109.5536,107.2007,98.6002,94.3663,94.1116,93.0860,82.0731,83.5464,78.4920,74.2496,70.2922,68.7677,62.0081,62.0081,52.4976,53.5350,51.0000,50.6952,51.2445,55.3624,58.3095,61.9839,69.5701,73.9256,74.7329,76.9415,83.0060,84.0595,95.4411,104.0192,100.4490,111.0180,116.1034,122.4949,128.4056,132.3102,140.6627,144.9172,145.7738,143.0315,136.0037,127.5813,121.8277,0.0000,0.0000,0.0000,0.0000,0.0000,0.0000,0.0000,0.0000,0.0000,0.0000,0.0000,0.0000
1700000021.650000,-65.3,115.4340,122.4500,123.4058,126.5069,134.5362,138.1050,143.0874,141.7674,149.8065,146.4411,143.8923,146.2908,140.1606,142.7796,141.3542,133.4541,133.4541,132.5934,136.1800,128.1600,127.4755,121.4331,121.4331,121.2642,117.1367,120.4409,116.2970,116.2970,123.4342,122.5398,136.9708,135.5175,137.8840,131.0343,134.3317,126.4002,128.4134,119.8082,121.0826,118.8024,127.3499,126.8227,123.8103,134.6291,135.3255,138.2353,138.2353,140.8900,139.6173,138.7083,136.6931,129.4681,0.0000,0.0000,0.0000,0.0000,0.0000,0.0000,0.0000,0.0000,0.0000,0.0000,0.0000,0.0000
1700000021.700000,-59.7,165.0969,169.4255,171.8982,178.2133,173.4157,176.1391,164.5418,161.3351,154.2012,149.4590,142.8006,141.2091,135.8013,134.2013,132.6122,135.1185,144.4022,131.2440,139.5170,140.8013,135.9117,123.6649,137.0584,133.2554,125.6423,130.6331,131.5485,124.6796,127.2006,133.0038,134.7145,134.7145,140.2640,147.8276,157.7244,149.2816,164.8787,169.7587,162.6407,160.5148,174.0919,167.1706,168.5052,150.6552,150.2332,147.4110,145.7155,147.4110,138.0036,140.9113,140.9113,140.9113,0.0000,0.0000,0.0000,0.0000,0.0000,0.0000,0.0000,0.0000,0.0000,0.0000,0.0000,0.0000
1700000021.750000,-63.5,124.2779,123.8103,108.7244,105.1190,105.1190,103.4650,98.1122,94.8103,90.8020,86.9253,86.3308,87.8009,93.4077,89.7385,98.2344,97.5141,91.0934,95.5196,90.1388,95.8801,101.5332,97.5141,99.6243,95.8801,98.7623,95.8801,103.5809,106.3203,106.6255,107.3359,115.8318,117.6860,122.5439,120.5695,125.7179,124.8079,128.4056,133.0601,133.2066,138.0326,141.4214,141.5980,141.4850,142.6114,144.2012,151.2085,153.0523,151.9803,159.0220,162.8895,161.8394,158.5497,0.0000,0.0000,0.0000,0.0000,0.0000,0.0000,0.0000,0.0000,0.0000,0.0000,0.0000,0.0000
1700000021.800000,-65.1,78.5175,84.3860,93.3809,91.8368,99.6394,101.6071,106.5317,108.9082,110.0227,113.2519,113.3181,111.7900,114.3897,113.6530,111.9464,114.5426,118.3300,117.2007,119.7748,115.1564,109.7725,117.1751,117.2007,128.1562,120.9049,128.1600,124.4227,119.1008,121.6306,125.6742,114.5426,115.3950,108.7474,108.9082,106.4706,106.5317,106.5317,102.8008,104.0433,101.2126,96.8762,95.5877,94.0479,94.3663,96.2133,92.0869,85.9826,82.3772,82.3650,77.2528,70.2140,70.4060,0.0000,0.0000,0.0000,0.0000,0.0000,0.0000,0.0000,0.0000,0.0000,0.0000,0.0000,0.0000
1700000021.850000,-58.7,80.6226,82.0000,84.1190,81.7068,82.2922,83.6481,85.9826,91.0220,93.8136,77.8332,77.8332,80.6102,79.3095,83.4386,77.8332,87.0057,90.6090,91.9674,96.4261,102.1763,92.0978,100.6032,97.9490,101.8283,98.2293,102.6499,103.7738,103.8123,105.4372,105.9481,97.8008,95.9635,94.2019,93.6056,93.4345,90.6090,86.2670,87.4586,86.6083,93.8136,93.4077,95.9635,89.5545,96.2549,98.8989,105.4751,92.4770,96.7678,87.4757,90.5538,90.0222,90.3549,0.0000,0.0000,0.0000,0.0000,0.0000,0.0000,0.0000,0.0000,0.0000,0.0000,0.0000,0.0000
1700000021.900000,-59.2,141.3259,142.6674,143.5897,145.1206,148.5194,150.9039,154.5089,154.5089,155.0806,158.6001,157.6103,159.1540,160.4307,160.9627,156.6301,162.2652,164.7847,161.1986,164.4384,163.7834,163.5176,169.9176,162.2745,166.9731,171.9448,170.4259,171.8633,171.3301,174.0402,166.9731,165.0121,163.0276,161.7220,161.6447,160.0781,159.2011,156.2370,153.6880,151.1721,148.7178,138.0616,142.0423,138.0616,132.0984,131.1259,126.1269,126.5741,124.8879,126.4634,122.9309,121.1156,119.1050,0.0000,0.0000,0.0000,0.0000,0.0000,0.0000,0.0000,0.0000,0.0000,0.0000,0.0000,0.0000
1700000021.950000,-63.2,124.1692,122.8739,124.4026,131.8256,127.0039,127.0039,130.5986,131.8939,132.6537,134.1827,137.0000,136.2351,141.2268,138.1919,138.1919,137.9746,136.5613,132.2762,136.4734,137.1787,137.2443,137.1787,133.6600,137.8876,138.6218,139.3449,139.3162,135.1037,138.7732,133.0564,134.8258,133.3042,131.0343,126.2101,123.2274,119.6202,119.0378,113.2078,109.9318,106.5317,104.3072,103.7738,99.4786,96.7471,92.2822,90.9175,88.1930,88.1022,87.7269,86.7295,87.5957,83.9345,0.0000,0.0000,0.0000,0.0000,0.0000,0.0000,0.0000,0.0000,0.0000,0.0000,0.0000,0.0000
1700000022.000000,-62.7,126.1467,126.3012,124.9520,127.5774,128.2654,125.2996,126.7754,128.8759,127.7693,124.5793,122.5887,123.4058,120.4159,124.3262,123.5840,123.1990,123.1016,127.1928,123.0163,124.1451,126.1428,123.0366,126.0357,124.0040,124.1008,124.1008,126.0992,128.0976,128.1913,126.3210,120.8139,120.5985,120.9339,112.8716,112.4500,109.4897,107.6894,101.0000,99.0404,96.1041,92.1954,91.0055,87.3212,84.1724,82.0000,78.3390,79.5550,78.1601,77.1622,75.8947,77.2528,73.3485,0.0000,0.0000,0.0000,0.0000,0.0000,0.0000,0.0000,0.0000,0.0000,0.0000,0.0000,0.0000
1700000022.050000,-60.6,117.8898,114.0395,117.6138,120.0000,119.4027,115.2562,117.4436,117.4436,119.2057,119.3315,119.3315,119.8541,119.2057,115.5206,117.7964,116.7776,114.7693,115.4340,114.6298,116.7776,112.0446,114.6298,111.9464,113.2166,113.4548,114.0219,108.4666,109.9864,106.6677,107.4477,103.0049,103.0049,99.8649,94.8683,94.5780,94.5780,89.8888,85.5862,82.8553,81.1234,78.3901,75.1798,74.7061,72.4707,69.8355,67.0820,68.4471,66.2118,65.7951,64.6220,64.8460,64.0312,0.0000,0.0000,0.0000,0.0000,0.0000,0.0000,0.0000,0.0000,0.0000,0.0000,0.0000,0.0000
1700000022.100000,-61.6,109.0413,108.0046,109.0413,108.0417,108.1157,105.1190,106.4706,106.4706,107.6708,107.5639,109.4578,108.7796,108.9036,106.9205,105.9292,107.3546,105.2236,104.2353,103.7545,103.9423,103.4070,105.3233,101.4347,102.3914,104.7378,101.7890,101.7890,103.4070,99.1413,100.1299,96.8762,95.6347,95.6347,92.3472,88.2043,88.1419,85.0941,80.0250,79.0063,76.0066,77.0000,74.0000,74.0270,68.0074,67.0000,66.0303,66.1211,65.1230,66.4831,62.5140,64.3273,61.8466,0.0000,0.0000,0.0000,0.0000,0.0000,0.0000,0.0000,0.0000,0.0000,0.0000,0.0000,0.0000
1700000022.150000,-62.3,92.0000,88.1419,88.4590,89.3588,86.4697,84.5931,90.9340,87.9659,88.8426,89.8220,91.9837,91.0055,93.6216,90.9560,90.8020,92.1792,91.2140,89.8443,90.4434,89.8443,92.4446,91.7606,90.8020,92.0272,92.7200,94.1116,90.4710,90.5207,91.7606,91.9837,89.8220,88.6454,87.8635,83.7257,82.8734,81.8841,81.6150,79.6304,75.2396,75.1066,74.3303,72.1734,71.0282,67.0000,67.0298,65.0692,64.1249,64.2806,60.8276,59.0339,60.4152,57.2451,0.0000,0.0000,0.0000,0.0000,0.0000,0.0000,0.0000,0.0000,0.0000,0.0000,0.0000,0.0000
1700000022.200000,-60.6,78.7464,77.8974,77.0779,77.2334,77.0779,79.9062,79.3977,75.8222,79.5110,82.0061,84.0238,81.8413,81.6088,84.4038,83.6002,80.4550,82.3772,81.2711,82.3772,83.8153,82.4197,84.3149,82.3772,84.7231,88.3233,86.0930,84.0595,86.2844,84.5991,84.9058,83.4865,78.6003,81.2158,78.1025,78.1025,73.0000,74.6525,72.1803,71.5052,68.5930,67.8970,67.8970,63.7024,64.4438,62.0081,58.0086,58.8218,61.0328,58.5235,57.6888,54.5894,54.2310,0.0000,0.0000,0.0000,0.0000,0.0000,0.0000,0.0000,0.0000,0.0000,0.0000,0.0000,0.0000
1700000022.250000,-57.9,73.8241,71.8679,71.2811,72.6705,73.8173,72.6223,71.8401,75.2861,73.7564,75.1665,77.1557,77.0779,79.1960,75.6637,75.6637,77.1557,76.4853,78.6448,78.1025,79.6492,76.6942,80.4301,79.6492,81.4002,79.8123,77.4661,82.0061,81.4002,82.6196,79.6492,76.6942,79.3977,77.8332,75.0067,72.8629,72.1388,71.4493,69.4262,67.2086,63.8905,63.2535,62.4820,64.8151,61.4003,58.5235,57.9828,54.3783,52.4786,53.2353,53.2259,50.0899,49.3964,0.0000,0.0000,0.0000,0.0000,0.0000,0.0000,0.0000,0.0000,0.0000,0.0000,0.0000,0.0000
1700000022.300000,-60.2,70.3847,72.0139,69.3181,72.0069,69.8355,73.4302,73.0616,73.5731,73.2462,69.3397,73.2393,74.2024,74.2024,72.8011,75.8024,74.6525,75.9276,71.0634,75.9276,74.0270,73.4098,75.9276,73.0000,75.7430,76.4199,74.3303,76.4853,74.4110,78.7464,75.1665,75.8024,74.6324,71.5612,69.8928,69.6419,67.4166,67.2309,65.2993,62.1772,60.3738,56.7979,56.3649,53.7122,51.6236,50.3289,48.4665,45.5412,48.0833,43.9318,41.4849,43.6807,38.4708,0.0000,0.0000,0.0000,0.0000,0.0000,0.0000,0.0000,0.0000,0.0000,0.0000,0.0000,0.0000
1700000022.350000,-62.1,73.0000,73.0069,79.0063,74.0000,74.0000,73.1095,72.2496,72.1734,75.3260,76.5310,76.6551,75.8024,78.4474,76.4853,74.3303,75.9276,76.6877,74.7329,72.5328,73.9797,77.1298,75.1864,75.4321,76.8440,77.2010,75.4321,75.6902,76.1577,77.1298,74.7329,74.5252,73.9797,71.5681,69.4622,69.5845,68.3593,65.2763,61.0737,60.2993,56.0089,56.0000,56.0000,52.0000,48.0104,46.0109,45.0999,45.0444,40.0500,41.1947,40.3113,39.4588,38.6394,0.0000,0.0000,0.0000,0.0000,0.0000,0.0000,0.0000,0.0000,0.0000,0.0000,0.0000,0.0000
1700000022.400000,-65.2,81.3204,77.7946,76.5376,76.5376,75.6902,74.9533,74.7329,74.9533,76.9025,77.4661,76.7919,76.9415,76.7919,73.3348,75.9539,76.4199,75.3260,73.3348,73.3348,73.4370,73.5527,75.4255,73.4370,75.0600,77.1038,77.1622,74.5453,75.4255,72.8354,73.4370,72.5672,72.7805,69.8570,65.9697,65.2533,63.6003,60.1664,57.8705,56.6127,52.5547,51.6236,50.1597,47.9270,46.2385,44.2945,42.0476,42.0476,39.4462,39.9625,38.5876,37.2156,35.8050,0.0000,0.0000,0.0000,0.0000,0.0000,0.0000,0.0000,0.0000,0.0000,0.0000,0.0000,0.0000
1700000022.450000,-61.0,87.8635,87.8635,84.8999,86.3713,82.0731,82.0366,81.3204,77.1038,79.1960,78.5684,82.0731,78.6448,79.3977,78.6448,78.7464,78.1025,78.2432,75.4321,77.0065,76.2168,74.6525,76.2168,74.0270,75.2130,77.0065,74.8131,74.0270,74.5185,75.1665,73.0000,71.4213,71.4493,69.3109,66.5282,65.8559,63.0317,60.9590,59.6657,55.6058,54.2033,53.6004,51.4004,50.6063,47.4342,46.6154,44.1022,44.1022,43.5660,43.0465,42.9418,42.5441,40.4969,0.0000,0.0000,0.0000,0.0000,0.0000,0.0000,0.0000,0.0000,0.0000,0.0000,0.0000,0.0000
1700000022.500000,-59.6,80.7217,79.2465,77.0779,77.7946,72.8354,72.8354,70.0071,72.1803,70.8378,68.8840,69.2026,69.4046,70.2140,69.0652,68.8186,67.1193,68.7968,65.1920,67.7422,67.9559,67.1193,66.5733,65.0000,68.4251,68.4763,68.4763,68.0955,66.8880,70.4911,65.5134,66.8506,66.8506,66.2193,63.4114,64.0312,59.6657,59.8164,56.7274,58.7963,56.6392,54.4518,53.0377,51.6236,49.5177,48.8365,46.4004,48.4149,46.8722,45.4863,44.9444,43.9090,44.7214,0.0000,0.0000,0.0000,0.0000,0.0000,0.0000,0.0000,0.0000,0.0000,0.0000,0.0000,0.0000
1700000022.550000,-65.6,74.6257,72.6705,71.0282,69.8140,67.4759,66.6033,67.8970,67.1789,67.9412,67.2681,68.6804,70.4344,71.0634,69.8140,70.0000,71.2811,70.1783,68.5055,69.1158,69.9714,71.3442,71.6938,70.8308,72.0694,73.5731,73.9256,74.7930,75.2928,74.9466,75.8024,74.8866,73.2393,73.0069,72.2011,71.2180,70.4344,69.5270,67.2681,66.4831,65.0692,63.6553,62.9365,62.4820,59.5483,55.4437,55.6058,55.8032,54.6443,53.3385,51.8845,50.0899,48.4665,0.0000,0.0000,0.0000,0.0000,0.0000,0.0000,0.0000,0.0000,0.0000,0.0000,0.0000,0.0000
1700000022.600000,-63.4,73.4983,68.9638,70.2282,68.3520,68.9420,67.5426,68.8840,68.6003,71.3442,71.2811,74.6324,74.4043,75.4321,74.6525,75.4321,77.9872,77.8974,76.4853,78.4920,79.9062,79.9312,79.2086,78.4920,82.1340,82.7587,82.0731,84.1724,84.1487,84.8646,84.8646,82.7587,84.2199,82.8794,81.0555,81.0555,79.8123,78.2432,75.4520,73.4983,72.1110,71.0211,68.6003,68.0955,64.0078,62.6099,59.5063,59.2368,57.5847,57.2451,54.4059,53.1601,50.6360,0.0000,0.0000,0.0000,0.0000,0.0000,0.0000,0.0000,0.0000,0.0000,0.0000,0.0000,0.0000
1700000022.650000,-62.2,83.7257,83.2947,83.0241,83.0060,81.0062,84.0952,85.2878,86.5794,86.8332,89.9444,90.9340,91.4112,94.5410,94.9210,96.8814,95.8019,96.7729,94.8314,98.4937,99.4585,96.3016,99.3277,97.5295,100.5783,99.4585,103.4456,103.4456,100.4241,104.4031,100.4241,101.4150,100.6628,100.0200,96.1769,96.0260,92.6553,93.3435,88.0909,88.0511,85.0529,81.0062,79.0253,74.1080,74.1687,70.1142,65.4905,65.4905,61.5224,58.4637,58.2409,54.4059,52.5547,0.0000,0.0000,0.0000,0.0000,0.0000,0.0000,0.0000,0.0000,0.0000,0.0000,0.0000,0.0000
1700000022.700000,-60.5,122.6540,120.3038,118.5960,122.1884,119.0798,119.2015,123.1747,121.4907,123.4220,124.8519,126.2458,125.6702,128.2225,126.2458,124.8519,127.0039,122.6132,123.4058,123.8467,124.6315,123.4058,126.3725,123.5557,124.8439,127.2831,126.3725,126.5069,124.0161,124.8079,122.2007,121.7580,118.9832,115.7627,114.7388,111.5079,107.9120,103.3538,98.8989,94.8472,91.5478,88.3912,84.1546,80.6536,75.5844,69.6419,68.4105,68.8840,59.2284,61.0000,55.7315,51.4781,50.0899,0.0000,0.0000,0.0000,0.0000,0.0000,0.0000,0.0000,0.0000,0.0000,0.0000,0.0000,0.0000
1700000022.750000,-59.8,139.4453,137.9746,137.8876,140.0357,137.1787,133.0038,135.2072,135.2812,137.5354,136.2351,138.5388,139.0144,139.2013,139.8070,137.9058,139.2013,138.0036,131.6055,134.2721,136.6053,134.2013,134.8481,131.8256,134.8332,133.9627,135.0926,134.6180,132.2006,134.2013,125.2517,123.5557,124.8439,120.2830,116.6919,116.6919,108.8944,107.4895,101.2373,99.1564,95.9010,90.4268,85.6037,80.4487,77.0065,72.4224,66.5733,64.0703,62.1289,58.8303,55.2268,53.3385,50.5371,0.0000,0.0000,0.0000,0.0000,0.0000,0.0000,0.0000,0.0000,0.0000,0.0000,0.0000,0.0000
1700000022.800000,-60.9,116.3873,114.5600,117.6308,117.4436,122.1843,115.7325,117.0983,117.7200,116.8418,116.4302,111.5437,110.2225,107.2287,110.2905,110.2905,113.1106,111.0180,116.1077,114.0175,116.0000,116.0689,116.0043,120.0167,116.0043,114.0702,117.0043,119.0042,122.1024,119.2686,123.0650,122.4091,125.3994,124.7878,122.0533,117.2391,116.1077,113.6002,108.2589,103.3683,100.4390,96.5401,94.5939,89.0225,89.5600,84.8999,82.2800,79.1202,78.4347,73.7631,76.3217,69.0797,69.7711,0.0000,0.0000,0.0000,0.0000,0.0000,0.0000,0.0000,0.0000,0.0000,0.0000,0.0000,0.0000
1700000022.850000,-58.6,123.0447,120.8139,122.1475,121.3343,121.0165,117.0043,117.0684,121.1033,121.2642,124.1008,128.0625,125.0640,126.0159,126.1428,124.2578,126.6689,120.5985,121.4125,120.8139,122.0533,120.7021,121.1982,117.6138,118.8276,118.3427,117.6138,117.8346,120.4159,114.6298,113.4416,112.1115,112.1115,110.1635,109.0183,104.0048,102.0000,101.1237,94.3398,93.4345,88.5664,89.3588,84.5931,85.4751,74.9667,76.6551,71.1969,70.0357,69.2315,68.1542,68.0074,63.2456,62.2415,0.0000,0.0000,0.0000,0.0000,0.0000,0.0000,0.0000,0.0000,0.0000,0.0000,0.0000,0.0000
1700000022.900000,-61.5,101.2126,99.0202,100.8960,100.1249,99.2472,100.4988,101.2373,99.7046,101.8627,101.9117,102.6499,102.7278,104.8046,103.4795,102.6499,102.7278,100.0050,98.5951,99.3579,99.9050,97.0824,97.9490,96.6747,96.6075,97.2008,97.8008,98.0816,95.9010,96.5401,93.2363,92.7631,91.9674,91.9348,88.3912,88.4138,84.8646,81.3204,79.3095,76.4853,75.1665,72.2011,69.8140,67.8012,65.8027,62.6817,59.3633,57.4543,57.8014,53.8516,52.4786,52.3546,50.5668,0.0000,0.0000,0.0000,0.0000,0.0000,0.0000,0.0000,0.0000,0.0000,0.0000,0.0000,0.0000
1700000022.950000,-60.8,100.0050,95.1315,100.2447,98.0816,97.1288,98.0816,94.3398,96.2549,96.3328,95.8853,95.7549,97.0155,99.2975,96.3379,96.1769,96.0260,95.8853,94.3663,90.6090,90.9340,91.2414,93.2148,86.3134,89.2693,89.8220,90.6090,90.2552,88.1192,90.4268,88.9550,84.7172,86.2844,84.3801,83.1505,80.0250,78.1025,79.0063,76.0066,73.0069,69.1158,67.2681,60.0750,62.2896,59.4138,56.3205,54.7449,52.7731,52.9528,50.4480,47.5395,48.0833,49.9800,0.0000,0.0000,0.0000,0.0000,0.0000,0.0000,0.0000,0.0000,0.0000,0.0000,0.0000,0.0000
1700000023.000000,-59.2,95.0158,88.6848,92.7847,88.8369,88.8369,86.5332,89.3085,86.2844,84.8764,86.8389,88.2327,85.8021,84.0536,83.2406,82.2010,85.9128,82.3286,83.7377,80.9197,80.9197,80.2808,81.4678,79.3977,82.1340,79.5110,77.1557,80.0562,79.3977,75.7430,80.8084,76.5768,77.8010,74.4043,71.5612,71.2811,69.8928,69.4046,64.1405,63.2851,60.0333,60.5392,57.8014,56.8243,55.0727,51.4296,51.0784,50.6952,50.6952,47.4342,49.9800,45.8803,43.7379,0.0000,0.0000,0.0000,0.0000,0.0000,0.0000,0.0000,0.0000,0.0000,0.0000,0.0000,0.0000
1700000023.050000,-63.5,80.5295,74.4312,78.5493,75.8024,76.8505,73.4983,73.2393,69.0652,71.6101,72.8011,72.2011,71.8401,72.4707,69.0290,70.9366,70.2922,68.0147,68.1175,68.6804,68.6804,70.0928,70.0928,66.5282,69.3109,70.0928,68.5930,67.8970,69.5270,67.2681,65.9469,63.2535,63.4114,65.4370,63.0079,63.2456,60.4649,60.4649,55.7584,53.7122,53.7122,52.3546,51.4781,50.0899,50.9902,48.7545,47.4236,47.1699,48.3839,47.4342,46.5725,44.9110,43.4166,0.0000,0.0000,0.0000,0.0000,0.0000,0.0000,0.0000,0.0000,0.0000,0.0000,0.0000,0.0000
1700000023.100000,-61.1,69.8355,69.3542,68.4251,64.4050,63.5610,65.7951,65.5515,63.6946,64.2573,62.6259,64.8460,64.2884,65.9697,66.7083,63.5610,65.7647,64.1327,63.3482,64.7765,63.3482,65.3070,66.0984,64.7765,65.4905,67.6018,66.6108,67.8970,65.7647,66.2873,66.7533,64.3273,65.5134,64.2884,64.2884,64.2884,63.0635,61.1310,58.5235,59.7746,56.3028,56.3028,52.9245,54.1295,53.3104,52.7731,49.6488,48.8774,48.5489,48.0104,45.0000,47.5079,44.5533,0.0000,0.0000,0.0000,0.0000,0.0000,0.0000,0.0000,0.0000,0.0000,0.0000,0.0000,0.0000
1700000023.150000,-62.2,67.0000,62.0725,63.2851,62.2013,61.2944,59.5399,61.1882,60.6383,62.0967,65.2533,63.6003,66.7308,65.4599,66.1287,66.1287,67.1193,65.3070,68.0294,63.9766,67.5426,65.3911,67.0820,66.2118,69.3181,70.2140,66.6408,70.2140,68.4471,67.9779,69.3181,67.2309,67.2309,69.6419,67.0671,65.1460,64.1950,63.6003,62.8172,61.6117,58.4637,58.4637,56.0892,58.3095,52.9528,51.1566,50.1597,49.0102,49.0000,48.0104,45.0999,44.4072,43.7379,0.0000,0.0000,0.0000,0.0000,0.0000,0.0000,0.0000,0.0000,0.0000,0.0000,0.0000,0.0000
1700000023.200000,-60.8,71.8471,68.5055,68.7968,65.1920,66.3702,64.0078,63.9531,63.1585,64.8845,67.2309,68.3520,68.7095,67.6757,70.2282,71.1688,70.0928,69.6419,68.6804,69.6419,72.0347,70.6045,72.5328,71.5681,72.0347,73.0069,72.7805,73.0069,73.0069,73.4983,73.0069,68.6804,68.9638,67.6757,69.2892,69.0797,68.5420,65.3911,63.9531,59.9416,59.5399,59.1693,57.4543,55.4707,53.0000,49.4065,47.8017,48.4149,46.7547,45.2548,42.5206,40.3609,41.2311,0.0000,0.0000,0.0000,0.0000,0.0000,0.0000,0.0000,0.0000,0.0000,0.0000,0.0000,0.0000
1700000023.250000,-60.7,80.0062,81.0432,79.3095,81.4923,75.5050,77.6660,78.0897,75.8024,77.6466,77.4145,81.2219,79.2275,81.0987,80.0562,81.0987,80.0062,80.0250,78.0577,81.0000,81.0062,79.0253,80.0062,76.0000,80.0562,79.0063,79.0569,81.0062,79.0063,81.0000,76.0263,79.2275,77.2334,76.5310,72.6911,71.7008,70.2140,69.4262,65.0000,63.6003,61.6847,57.8705,55.0273,53.4883,51.6236,47.0106,45.1885,42.9535,41.1461,39.8246,39.8246,35.5106,33.2866,0.0000,0.0000,0.0000,0.0000,0.0000,0.0000,0.0000,0.0000,0.0000,0.0000,0.0000,0.0000
1700000023.300000,-62.0,104.9238,99.6394,102.3914,97.0824,96.1041,91.6788,93.6803,94.2550,94.2550,93.3006,94.7048,92.1141,92.8493,95.4620,91.9239,96.6644,93.5201,95.0789,89.0505,91.7878,91.7878,94.4299,91.7878,93.0376,93.5201,93.0376,92.3093,92.1141,90.2497,88.5438,84.7703,86.1278,84.9294,80.6040,79.0759,75.6637,71.4493,67.3647,64.3817,57.2189,57.0351,52.0865,50.0899,46.0435,45.0999,42.0119,40.3113,40.1123,37.4833,36.6742,39.4588,36.1248,0.0000,0.0000,0.0000,0.0000,0.0000,0.0000,0.0000,0.0000,0.0000,0.0000,0.0000,0.0000
1700000023.350000,-56.7,124.0363,115.1086,112.6144,109.0183,105.8915,108.3744,103.3247,102.6499,102.6499,102.3035,107.1681,107.4477,111.8258,113.0044,112.6144,114.2016,116.5032,111.8302,114.6211,114.6211,118.2244,121.2106,117.6138,120.0000,120.1041,122.2866,121.8277,122.3806,117.3882,115.4340,109.1238,107.8147,105.5509,102.0049,101.0445,96.8298,92.2009,86.6083,90.6035,86.6833,83.6002,85.4283,86.4523,82.6196,85.1469,84.9588,88.2327,86.0233,88.2043,88.8369,95.7706,92.1954,0.0000,0.0000,0.0000,0.0000,0.0000,0.0000,0.0000,0.0000,0.0000,0.0000,0.0000,0.0000
1700000023.400000,-61.2,91.0494,83.0000,88.2780,88.2836,88.6454,90.5207,92.0272,96.9330,101.5923,111.4002,111.4136,116.7262,121.7087,122.2988,125.2996,130.7364,132.5934,128.9961,135.8308,136.6931,138.4233,137.7135,136.8576,142.0035,144.5856,143.6698,142.0423,142.6885,145.2618,139.2839,139.6710,143.5444,138.4233,135.3255,139.9428,135.8308,128.2809,129.3213,134.1119,130.7364,126.1269,128.7983,127.5343,127.9062,127.4755,122.2497,125.0040,124.9200,125.9365,123.3694,126.3843,124.6154,0.0000,0.0000,0.0000,0.0000,0.0000,0.0000,0.0000,0.0000,0.0000,0.0000,0.0000,0.0000
1700000023.450000,-62.0,95.8593,96.7678,99.4585,102.8397,106.0990,105.2236,109.8954,112.7519,117.4266,120.4159,122.4091,125.3994,127.3931,128.3160,124.3262,124.1008,126.0992,124.1451,123.0000,122.0656,122.0164,118.0000,122.0041,118.0042,116.0000,118.0042,119.0042,119.0168,120.0042,119.0042,124.0000,120.0042,123.0000,124.0161,123.0163,124.0645,127.1417,126.0992,124.4026,121.3343,121.5936,118.4230,118.8276,113.2828,110.3177,107.8703,110.2180,107.2800,107.7033,104.9952,102.8834,101.9804,0.0000,0.0000,0.0000,0.0000,0.0000,0.0000,0.0000,0.0000,0.0000,0.0000,0.0000,0.0000
1700000023.500000,-62.1,103.1213,100.2447,106.0424,105.7733,109.1421,105.0190,108.0602,108.8531,112.7874,114.7563,116.7262,117.2391,116.2497,119.2183,117.2391,120.7021,115.6244,117.7200,115.4340,118.4230,116.5204,118.2709,117.2732,120.1041,118.2709,117.1068,118.0678,122.1475,116.1551,121.1033,115.4340,116.2755,116.6190,112.7519,112.8716,111.8794,106.9205,104.9238,101.9804,98.0612,99.2472,93.9415,94.5939,87.5557,85.8662,82.2800,83.2406,84.1190,80.9938,77.6209,77.3886,75.1332,0.0000,0.0000,0.0000,0.0000,0.0000,0.0000,0.0000,0.0000,0.0000,0.0000,0.0000,0.0000
1700000023.550000,-60.5,99.0353,98.2904,97.6217,99.7246,95.4830,98.4124,99.2472,99.2472,101.4150,99.4887,101.8283,102.2008,102.8008,103.0049,103.4070,101.5135,103.7304,100.2098,101.8332,100.4390,100.0000,102.0784,97.9081,101.0198,102.0833,100.7025,103.4650,101.7890,101.5135,98.7370,99.6243,97.6166,98.0816,94.3663,93.0860,90.1388,87.2066,84.2199,82.7587,80.6226,77.0779,75.6637,72.8629,70.7248,66.6033,65.9469,65.9469,64.6607,62.8013,62.2013,61.2944,60.0333,0.0000,0.0000,0.0000,0.0000,0.0000,0.0000,0.0000,0.0000,0.0000,0.0000,0.0000,0.0000
1700000023.600000,-63.1,93.0054,89.8443,91.7061,90.1388,88.8651,87.9204,89.3196,89.3196,91.0000,91.3893,91.7061,92.1358,92.6121,92.1303,89.4427,92.2822,88.6848,89.9444,88.6848,90.5538,87.7097,89.6939,88.3233,90.7359,91.2688,90.2109,90.7359,90.7359,87.4643,90.0500,86.3539,86.7698,85.8662,81.4371,80.1124,77.8781,76.9675,72.2357,72.2357,68.7095,67.7791,65.0000,67.0671,61.6847,58.5235,58.5235,57.5674,59.2030,56.7539,56.5155,55.1090,56.3205,0.0000,0.0000,0.0000,0.0000,0.0000,0.0000,0.0000,0.0000,0.0000,0.0000,0.0000,0.0000
1700000023.650000,-62.9,89.8999,86.3308,83.2586,84.5813,84.3090,85.7963,85.4400,81.9085,82.8734,84.2021,83.6780,83.4326,85.8662,86.8850,86.5852,87.0976,84.5281,83.7437,84.5281,86.4928,85.9069,86.6833,85.5102,86.7006,87.6926,87.6926,87.2983,88.8426,87.0976,85.3756,85.8662,86.1278,80.9568,79.7120,81.3449,76.2168,75.5844,71.1688,74.4648,71.3092,70.7743,69.8570,66.1891,67.1193,63.0714,61.7171,64.4981,63.2456,61.5873,58.6003,62.0081,59.4643,0.0000,0.0000,0.0000,0.0000,0.0000,0.0000,0.0000,0.0000,0.0000,0.0000,0.0000,0.0000
1700000023.700000,-59.4,78.1089,76.6942,78.7909,75.1532,74.6860,72.4707,74.4312,72.4017,74.8866,74.4043,77.0065,79.6492,79.6492,78.7464,81.5659,82.7587,84.8646,82.8070,80.6598,86.3134,82.7345,88.4590,87.6926,88.4138,91.2414,88.3912,89.1403,89.9389,89.2749,85.7030,85.1469,86.0523,83.7377,85.4283,83.0060,82.2010,80.4301,80.4487,76.6094,75.1665,76.0066,73.7835,72.7186,68.0955,72.0694,67.9779,71.5542,69.2892,69.6419,69.2604,68.4105,62.8013,0.0000,0.0000,0.0000,0.0000,0.0000,0.0000,0.0000,0.0000,0.0000,0.0000,0.0000,0.0000
1700000023.750000,-61.1,72.5328,69.9214,70.8378,70.9366,71.6938,71.1126,74.2428,73.8241,74.7930,76.0066,80.1561,81.0247,83.0060,85.6037,84.6286,86.2149,86.2149,85.8021,87.4586,87.0057,88.8144,89.8109,87.8009,91.5478,91.0494,91.0494,92.2009,92.0054,90.2109,90.8020,87.6584,88.7525,88.2043,85.0882,86.0930,83.0060,83.0060,81.4923,80.0625,78.2624,77.8203,75.5844,76.1577,72.6154,72.1110,70.5195,70.3420,69.6348,68.4471,65.9242,65.3758,64.0312,0.0000,0.0000,0.0000,0.0000,0.0000,0.0000,0.0000,0.0000,0.0000,0.0000,0.0000,0.0000
1700000023.800000,-60.1,83.6002,83.0060,77.6660,81.6333,80.7775,87.2353,87.2066,86.8159,88.5664,88.7694,91.3893,93.4077,94.3398,94.9210,96.9330,96.4624,100.8811,94.2444,96.4624,95.1893,99.6243,103.0922,95.8175,97.8008,103.4456,100.9604,101.8332,98.6813,104.3552,99.6243,99.3680,97.4987,98.7927,95.0789,95.2733,92.8493,90.3770,89.0000,87.6584,87.7097,82.8553,81.1234,78.2304,78.2304,73.4983,72.2011,70.6045,68.0147,66.7083,66.5282,65.7647,64.5368,0.0000,0.0000,0.0000,0.0000,0.0000,0.0000,0.0000,0.0000,0.0000,0.0000,0.0000,0.0000
1700000023.850000,-64.7,88.3629,87.9659,90.4489,90.2718,92.1358,86.0523,88.0057,89.0225,92.3472,95.0842,98.1275,98.1835,99.2472,102.2399,101.3163,100.9752,97.7394,100.9752,99.1413,104.5610,100.4490,102.2595,101.1187,103.5761,99.8499,99.4636,99.9850,105.3803,99.8499,103.8171,99.8499,98.6154,97.3293,93.2631,94.2603,91.0879,93.0215,90.0056,88.0511,79.1012,79.2275,76.0066,80.3057,71.2531,69.5845,65.7647,66.7533,68.8840,62.5859,61.4003,60.7289,58.8727,0.0000,0.0000,0.0000,0.0000,0.0000,0.0000,0.0000,0.0000,0.0000,0.0000,0.0000,0.0000
1700000023.900000,-64.0,108.9312,109.6358,108.4666,108.6830,106.5129,106.3673,107.3546,106.2121,109.0367,111.5437,110.3676,112.3610,114.2147,112.2185,112.3610,114.1096,114.0395,111.2205,111.0721,111.1126,111.2879,112.1115,109.0734,112.0179,114.0395,112.0402,111.2205,110.2225,109.3709,109.2932,104.8093,106.0660,104.7378,100.0200,98.8433,95.1262,92.1954,88.7694,85.8662,85.1645,79.1202,77.2010,76.8440,71.4703,69.5701,66.4831,66.3099,64.4748,60.0083,61.2699,59.4811,60.0333,0.0000,0.0000,0.0000,0.0000,0.0000,0.0000,0.0000,0.0000,0.0000,0.0000,0.0000,0.0000
1700000023.950000,-62.1,104.0433,102.8834,102.6158,102.3572,99.6895,99.9250,99.6394,98.4784,99.4636,101.2719,103.0970,102.7035,103.5857,102.4890,102.7035,102.1763,101.1237,100.1798,102.1225,105.3043,100.1798,102.1225,100.1798,103.1213,101.4002,102.3132,101.4002,100.6032,100.4988,100.6032,99.4636,98.4784,94.3663,93.1719,88.5268,86.4002,87.0919,79.6994,76.2168,75.8947,74.3303,72.1110,70.2282,68.9493,66.1287,61.4654,62.2415,62.2415,62.1691,60.3738,58.3095,56.8595,0.0000,0.0000,0.0000,0.0000,0.0000,0.0000,0.0000,0.0000,0.0000,0.0000,0.0000,0.0000
1700000024.000000,-61.9,98.0867,93.1075,93.9149,92.5905,94.8947,88.8369,92.3580,91.0220,92.6553,95.6033,96.6075,96.4002,97.0052,98.8585,95.9010,101.4150,97.0000,98.4937,98.3514,99.0858,100.0050,101.8627,99.1564,104.0625,103.4795,102.8251,102.1763,102.3035,99.6394,99.2018,94.6256,98.0051,95.1315,93.4773,90.7359,85.5862,84.7231,81.4923,79.6053,77.8974,75.5910,72.0069,72.8972,69.7711,68.8840,68.0294,68.0294,66.4831,65.7875,65.1460,65.9697,62.3699,0.0000,0.0000,0.0000,0.0000,0.0000,0.0000,0.0000,0.0000,0.0000,0.0000,0.0000,0.0000
1700000024.050000,-62.2,92.1954,90.2497,89.1964,89.8109,89.8443,89.2861,89.4986,90.2441,94.3663,96.5091,97.1648,98.9949,97.0155,98.5089,98.9949,102.5914,99.7246,102.5914,103.1746,102.8251,100.7174,103.6967,103.5857,105.2331,105.6835,103.5857,102.9563,105.0762,103.4070,101.2719,96.5091,98.0612,95.5667,90.2441,91.6788,90.4710,88.5268,85.6154,82.2800,79.8123,80.3617,77.4919,80.0062,73.3757,74.3303,72.8011,73.5391,71.5891,70.6612,68.9638,69.6419,67.2012,0.0000,0.0000,0.0000,0.0000,0.0000,0.0000,0.0000,0.0000,0.0000,0.0000,0.0000,0.0000
1700000024.100000,-61.1,91.7061,90.4765,92.8493,93.6216,90.8020,91.6788,93.0591,96.1769,97.1288,98.9798,101.2126,100.3444,102.2155,102.2155,103.0776,101.7890,102.9029,101.2423,101.7890,101.0198,102.6255,104.2929,99.5691,101.2571,103.4650,102.3426,102.9029,100.1249,99.2975,97.3499,97.0979,96.5660,96.2549,92.6499,93.8136,90.4268,90.4268,88.1192,85.4225,84.5340,84.0773,81.8596,81.0247,79.3095,77.0779,74.0945,75.6108,73.3757,71.3092,69.6348,70.8590,66.2722,0.0000,0.0000,0.0000,0.0000,0.0000,0.0000,0.0000,0.0000,0.0000,0.0000,0.0000,0.0000
1700000024.150000,-64.2,93.1075,91.2853,93.9149,92.1303,94.4140,90.4268,94.1541,95.0158,95.7183,97.9439,100.1249,100.4042,101.2423,101.5135,99.0454,102.8008,99.4032,100.0000,98.4073,100.6032,99.4032,99.8098,100.0000,100.2646,100.4241,99.8098,99.4887,99.6394,95.9010,100.2646,94.8103,94.8103,95.6033,94.4034,93.0054,92.0869,89.8888,87.4643,85.5862,81.6333,83.3547,78.0320,81.8841,74.6860,73.7902,72.4983,71.3092,69.6419,68.9493,66.4831,66.7083,64.9384,0.0000,0.0000,0.0000,0.0000,0.0000,0.0000,0.0000,0.0000,0.0000,0.0000,0.0000,0.0000
1700000024.200000,-60.9,101.5480,99.0202,99.8649,100.7025,97.4166,97.0052,98.2344,100.1249,101.6710,102.0686,103.2763,99.7647,104.0625,105.4751,101.2373,102.5524,102.5914,99.0051,99.2472,101.1385,100.4092,104.7378,99.9050,101.6710,103.7111,99.9050,102.3035,104.2353,102.8251,102.9417,99.0051,102.5524,97.5807,98.3107,94.7945,97.7446,91.2414,89.6437,87.4586,81.5659,81.4002,80.4301,78.6003,72.4224,73.2462,67.9559,69.8355,65.8635,66.8880,61.2944,63.0635,61.3270,0.0000,0.0000,0.0000,0.0000,0.0000,0.0000,0.0000,0.0000,0.0000,0.0000,0.0000,0.0000
1700000024.250000,-66.3,103.9423,103.7545,103.2473,105.0762,100.8415,100.6032,99.2472,100.1249,102.1225,103.0776,104.0433,104.0192,104.0000,103.0000,105.0048,104.0048,104.0769,102.0784,104.1201,103.1213,104.0433,104.1729,100.1798,103.4843,106.2309,104.4797,106.2309,105.1713,107.1168,104.0769,104.0192,103.0437,102.1763,99.2472,97.5141,94.5304,92.7793,87.1321,85.1587,82.0366,78.6448,76.4853,73.5459,69.6348,67.6831,67.1863,67.1863,64.8460,65.1460,64.5136,61.4654,59.5063,0.0000,0.0000,0.0000,0.0000,0.0000,0.0000,0.0000,0.0000,0.0000,0.0000,0.0000,0.0000
1700000024.300000,-60.7,103.0922,100.3045,100.8464,99.1615,97.9898,98.8433,97.4936,100.2397,101.2126,100.4988,104.1009,103.1746,104.0096,105.1190,103.4650,103.4698,104.6231,104.6231,105.4372,105.2093,105.4372,106.6068,105.8017,109.4806,111.2115,110.4219,111.0180,111.7721,112.0580,107.6151,107.0420,106.5505,105.5462,101.5529,99.3177,95.7549,92.6121,90.6201,87.0919,83.9345,82.6378,79.1202,79.3788,73.0548,71.7844,70.5195,70.8802,71.5681,71.0634,68.8840,68.8840,66.3702,0.0000,0.0000,0.0000,0.0000,0.0000,0.0000,0.0000,0.0000,0.0000,0.0000,0.0000,0.0000
1700000024.350000,-64.2,89.8443,87.5957,88.6002,88.3912,90.4710,87.6641,88.1022,89.9444,91.3017,92.7847,93.6483,94.3398,97.3499,97.9081,97.3499,98.8130,96.8349,98.2293,97.8008,98.8130,99.0454,102.2008,101.0198,103.2327,103.8123,103.2279,103.4698,103.4698,100.7025,100.7025,95.8801,96.7471,95.2943,90.7855,89.4427,87.6641,84.9706,81.4371,78.3901,76.9675,74.7329,73.0069,73.5391,68.5420,67.7791,67.0671,67.3573,67.3573,66.7608,65.9697,65.1153,63.5059,0.0000,0.0000,0.0000,0.0000,0.0000,0.0000,0.0000,0.0000,0.0000,0.0000,0.0000,0.0000
1700000024.400000,-60.4,89.8109,84.8646,87.8465,88.7694,85.0000,88.1192,87.1321,87.3212,90.7359,89.0449,89.8888,91.2688,94.3027,94.3027,92.3580,93.8616,95.8019,95.8019,95.6033,97.2008,96.6075,95.2103,93.6002,96.2133,96.8349,98.0051,99.6243,93.4773,94.5780,92.6553,90.4268,92.6499,87.9830,86.9540,84.0595,84.7231,80.5295,78.7147,76.9220,74.7061,74.6860,72.8972,70.2140,69.3181,71.5891,67.7791,67.7791,67.4166,66.4831,66.9403,64.9384,61.5224,0.0000,0.0000,0.0000,0.0000,0.0000,0.0000,0.0000,0.0000,0.0000,0.0000,0.0000,0.0000
1700000024.450000,-63.3,86.2149,86.5563,84.1724,88.6172,82.0366,85.5628,84.1487,86.4523,84.8528,84.0238,86.6833,89.0225,91.2140,88.6002,90.6035,86.2149,91.0220,85.2115,90.4434,88.6002,88.4081,91.4002,86.4002,89.8721,90.4434,90.4434,91.8368,86.8332,90.0000,82.0061,85.4283,83.4086,84.8116,83.0963,80.7217,77.3369,75.8222,75.0733,74.3303,76.3675,69.3109,71.4493,66.4831,68.0147,63.2535,63.4114,63.2456,62.1289,62.9682,60.5392,58.5918,60.9262,0.0000,0.0000,0.0000,0.0000,0.0000,0.0000,0.0000,0.0000,0.0000,0.0000,0.0000,0.0000
1700000024.500000,-61.3,90.6035,88.0057,83.8630,89.0449,87.4643,85.2350,85.8662,84.5281,86.3539,82.3468,85.9069,87.7269,87.7269,84.5813,86.9253,88.9550,86.5390,84.8646,88.0227,84.7585,86.9770,85.0941,85.0941,86.3308,87.3155,86.6487,90.1388,85.7030,88.5438,86.9770,88.9550,86.9770,85.6154,81.9390,84.1724,80.5295,78.7147,78.2943,75.1798,73.9256,73.4302,72.6705,70.4557,67.6757,67.1193,64.4050,62.8013,60.2080,62.2896,59.4138,58.7282,57.6281,0.0000,0.0000,0.0000,0.0000,0.0000,0.0000,0.0000,0.0000,0.0000,0.0000,0.0000,0.0000
1700000024.550000,-61.9,99.3630,93.1504,95.7183,93.4933,93.7443,90.4434,91.2140,90.1388,90.1388,92.0217,90.7855,91.2414,93.3488,92.6337,91.2195,91.2853,89.8721,91.2414,90.1388,91.6788,89.3756,91.8314,89.4986,91.4002,92.8009,92.8009,92.4175,95.2103,94.4034,94.8103,91.0494,96.6747,94.3663,91.2853,89.8721,90.5207,86.9770,84.9588,82.9759,80.8084,79.6492,75.0000,74.2024,68.0074,69.4046,67.6757,67.1193,63.2851,64.4981,61.2699,62.2415,60.4070,0.0000,0.0000,0.0000,0.0000,0.0000,0.0000,0.0000,0.0000,0.0000,0.0000,0.0000,0.0000
1700000024.600000,-60.5,101.7890,99.2472,96.5660,96.8401,97.0824,95.8593,94.9368,93.9415,97.0464,96.1769,99.2975,100.2397,99.8499,100.3444,102.7278,102.0833,101.2423,100.9554,102.9029,103.2279,103.8123,107.2007,104.6231,107.8007,111.0180,109.4029,114.0395,111.5034,114.5469,112.8982,108.7842,111.5079,109.5901,105.5509,104.2785,100.3195,98.0816,96.1353,91.3947,90.4434,85.0706,85.0706,82.7103,78.8480,75.4321,72.2772,74.7329,72.0069,69.8713,70.4557,69.0652,66.0303,0.0000,0.0000,0.0000,0.0000,0.0000,0.0000,0.0000,0.0000,0.0000,0.0000,0.0000,0.0000
1700000024.650000,-64.8,101.7890,100.3444,96.1769,97.0464,97.0824,99.5389,96.5660,97.0824,99.0202,99.6243,103.8460,104.0481,105.5367,105.9906,105.2616,107.4895,108.4666,107.4895,106.7052,109.0413,109.0413,111.8034,109.6586,113.9912,115.4123,117.3882,119.4362,118.3596,119.1050,117.4436,113.5297,114.8260,113.6530,107.1541,109.1650,103.8701,101.5529,96.6075,94.4140,90.8240,87.3212,84.7231,82.1523,79.4040,77.9359,74.8866,74.0608,73.2462,73.2462,70.2922,70.1783,67.1789,0.0000,0.0000,0.0000,0.0000,0.0000,0.0000,0.0000,0.0000,0.0000,0.0000,0.0000,0.0000
1700000024.700000,-60.4,95.1893,92.5419,94.3398,95.2575,94.0479,94.0053,97.0464,94.1329,98.1835,98.3260,101.5972,101.4938,104.5801,102.9563,103.0970,105.9056,103.1601,102.9612,103.9423,106.3015,106.0990,107.9352,107.0794,108.9082,109.0413,108.4666,111.1980,111.8034,106.8878,106.5317,104.5801,104.5801,101.2423,99.1816,94.1329,91.0879,90.0888,87.0057,83.0000,80.0000,77.0000,77.0065,75.0000,71.0282,69.0072,67.0671,66.1211,65.1230,65.2763,62.6498,60.4152,59.9083,0.0000,0.0000,0.0000,0.0000,0.0000,0.0000,0.0000,0.0000,0.0000,0.0000,0.0000,0.0000
1700000024.750000,-63.6,91.2140,88.6002,92.0272,89.1964,91.4166,89.8888,90.6201,89.9611,90.8735,93.0376,95.3415,92.1954,96.6075,96.6075,92.5743,96.1769,91.7878,94.8262,90.9175,94.8947,95.7706,94.4140,94.8262,95.0158,96.1769,93.4773,93.0591,95.2575,92.1303,92.1303,86.9253,87.8465,88.7694,84.4334,80.3243,78.7718,75.2861,73.0821,72.1249,69.8570,70.6045,67.1863,68.4105,65.2533,61.3922,58.0517,58.5491,57.4282,58.3095,54.1479,51.0098,53.0094,0.0000,0.0000,0.0000,0.0000,0.0000,0.0000,0.0000,0.0000,0.0000,0.0000,0.0000,0.0000
1700000024.800000,-62.0,93.1933,84.3149,88.6002,87.0919,85.6037,82.0061,89.0225,84.2021,85.9128,86.5563,89.4986,86.6833,87.2066,85.1469,83.6301,87.0000,82.7345,86.3134,82.7587,85.6329,82.1340,84.8528,85.7963,84.1724,84.9588,83.4506,83.5464,84.2912,80.8084,82.8794,79.2023,79.4040,78.0064,76.0263,76.0263,72.9452,71.2811,67.2309,66.8880,66.6483,65.0000,56.8243,62.1772,58.1808,56.3649,53.7122,54.7814,52.5547,52.8110,51.2445,49.2443,48.2701,0.0000,0.0000,0.0000,0.0000,0.0000,0.0000,0.0000,0.0000,0.0000,0.0000,0.0000,0.0000
1700000024.850000,-66.4,84.4038,82.2010,81.4002,85.6037,79.0569,81.8413,78.2304,80.2621,82.4924,77.8974,80.0625,78.7147,80.9568,77.3886,80.5295,77.8781,79.3095,74.6726,79.7120,76.8960,81.1542,79.1202,75.0267,78.1089,76.2430,79.6994,79.6994,75.2728,82.6378,74.3303,80.2309,75.7694,76.9675,75.2396,74.2496,70.2140,70.2353,71.1196,64.4127,65.5134,62.4260,61.5873,56.8595,55.8032,56.4004,54.2033,56.2228,54.0370,50.3289,50.9902,48.0833,47.0106,0.0000,0.0000,0.0000,0.0000,0.0000,0.0000,0.0000,0.0000,0.0000,0.0000,0.0000,0.0000
1700000024.900000,-61.7,89.0505,85.8021,85.4283,84.6463,82.4621,79.3977,79.9812,79.9062,82.0366,79.2465,81.4678,80.9197,82.4621,83.4086,81.6884,83.6002,82.4197,80.0000,79.8812,81.2711,80.4487,82.3772,80.4487,81.3019,83.5284,83.8630,85.2350,85.1469,85.1469,83.2166,82.8010,85.6037,83.8689,81.5659,81.4678,79.3095,77.7817,74.2765,72.1803,69.3542,68.1175,65.2993,63.2535,59.0339,57.8014,56.6127,55.8032,54.9181,55.2268,51.9711,51.0000,49.6588,0.0000,0.0000,0.0000,0.0000,0.0000,0.0000,0.0000,0.0000,0.0000,0.0000,0.0000,0.0000
1700000024.950000,-60.0,88.9550,85.0941,84.7703,86.6833,83.6780,82.7647,84.0119,84.7172,85.7088,86.1452,90.1388,89.0505,89.0056,90.0000,92.0217,90.0222,93.0215,89.0505,94.0479,93.0860,93.1343,94.2603,93.1343,98.6154,95.3363,98.3260,100.3195,99.1816,100.0800,98.0459,99.0051,99.0202,96.0469,93.2631,90.5538,87.8237,87.5728,83.8630,81.0494,78.2624,73.3485,73.7564,69.8570,67.6831,64.2884,62.0967,61.4003,61.0328,59.4811,59.4811,57.9396,56.3649,0.0000,0.0000,0.0000,0.0000,0.0000,0.0000,0.0000,0.0000,0.0000,0.0000,0.0000,0.0000
1700000025.000000,-59.8,103.4456,100.5684,104.5466,102.5280,104.3887,101.0792,105.9906,104.7091,107.4244,110.2769,111.3059,113.7409,113.4416,113.4416,112.8982,114.5469,114.2804,113.1592,114.8564,113.9912,113.1592,117.3243,114.5469,120.0000,118.4610,117.6435,119.5701,121.4907,117.9915,117.8346,115.0043,115.3820,111.8928,108.7474,106.7755,104.3887,99.1615,94.3398,90.7579,88.8651,86.9770,82.8613,81.3204,76.2430,76.6551,71.0634,72.2772,70.4060,70.4060,68.2495,66.9104,66.1211,0.0000,0.0000,0.0000,0.0000,0.0000,0.0000,0.0000,0.0000,0.0000,0.0000,0.0000,0.0000
1700000025.050000,-61.1,111.3957,104.8904,107.6290,108.2081,108.9036,104.6614,108.9036,110.3449,111.0360,114.0219,112.6099,114.8651,112.8051,113.7014,112.6099,115.2562,111.6647,111.5213,110.2588,112.1606,112.1606,115.2562,111.0405,113.6002,114.2016,112.4455,112.8051,114.1096,108.3005,109.2245,105.3803,108.1897,104.0048,101.2373,99.3579,96.2601,94.1116,91.4385,88.0909,83.0963,82.2010,79.8123,80.0000,73.8173,71.0282,70.4557,69.8928,70.8308,69.9714,66.7308,65.7647,63.9766,0.0000,0.0000,0.0000,0.0000,0.0000,0.0000,0.0000,0.0000,0.0000,0.0000,0.0000,0.0000
1700000025.100000,-61.6,104.2353,103.2473,101.5972,105.8017,102.8251,102.4890,100.1798,101.0792,104.0769,102.0441,103.0049,105.0048,104.0000,103.0194,104.0000,101.1781,101.1237,99.0808,101.2423,100.2447,101.1781,101.2423,99.3227,99.6092,102.3132,101.4938,101.4938,100.2447,100.2447,97.2523,97.0824,95.1315,95.0842,90.0056,90.0222,88.0000,88.0057,86.0523,83.1505,82.0975,78.1601,77.1622,74.1687,71.1758,70.2567,65.6201,67.4759,66.9104,64.9384,65.3070,64.2884,62.2977,0.0000,0.0000,0.0000,0.0000,0.0000,0.0000,0.0000,0.0000,0.0000,0.0000,0.0000,0.0000
1700000025.150000,-62.3,93.4719,93.5361,86.9540,90.2109,86.4523,86.6083,86.5332,85.4459,87.4185,86.4002,89.4036,88.8144,90.4268,90.7855,88.7299,87.9659,87.3212,86.4523,90.5207,89.8721,86.4523,87.7269,84.8646,87.0000,86.2670,87.7269,89.1067,87.6812,89.8053,86.2670,86.4523,87.2066,84.9588,83.7377,80.4301,78.4092,78.6003,77.2010,74.8866,74.0608,69.6419,69.8928,65.8635,66.0379,63.2851,62.6498,61.7738,61.2699,59.6154,60.5392,57.5847,56.3205,0.0000,0.0000,0.0000,0.0000,0.0000,0.0000,0.0000,0.0000,0.0000,0.0000,0.0000,0.0000
1700000025.200000,-63.2,94.3663,94.8472,92.1358,94.0213,88.3912,90.2497,90.4765,88.2327,87.9318,91.4822,91.6788,90.7083,93.6216,93.1719,92.4175,88.8426,93.5575,89.6270,94.2019,87.6641,91.2414,94.2019,88.9550,93.9042,95.3520,93.9042,100.2846,97.3242,97.3242,92.5743,94.5939,91.0055,94.6414,88.3233,86.9770,83.1685,86.3308,81.3449,82.4621,78.7909,74.8465,75.6439,71.1126,70.6824,67.1193,63.0635,64.0078,63.2851,63.5138,61.8547,58.4123,58.7963,0.0000,0.0000,0.0000,0.0000,0.0000,0.0000,0.0000,0.0000,0.0000,0.0000,0.0000,0.0000
1700000025.250000,-62.7,102.4890,96.2549,99.0202,97.0052,96.0000,95.0000,97.0824,96.1873,94.4299,97.4166,98.5089,98.9949,98.9949,100.1299,96.3379,101.4150,101.2028,98.2700,98.4886,99.2472,98.4886,100.6628,98.7168,101.3903,103.0776,101.1385,104.7855,102.8397,103.3683,101.0000,98.1529,99.8499,97.5141,95.4254,95.4254,93.2631,92.1358,86.0233,83.0060,83.0241,81.0062,76.0000,76.1052,72.1110,72.0625,68.1836,67.4759,66.9104,62.8013,63.3482,61.6117,60.7289,0.0000,0.0000,0.0000,0.0000,0.0000,0.0000,0.0000,0.0000,0.0000,0.0000,0.0000,0.0000
1700000025.300000,-57.2,111.3643,108.6738,107.0420,107.0420,106.3297,108.1665,107.3359,106.0189,108.0046,109.8089,112.9292,110.6345,112.8051,111.9464,112.1606,112.5389,111.9464,109.8772,111.7318,113.2784,111.1980,112.5389,108.9036,112.4322,115.9655,113.1371,114.6298,113.2784,114.6909,110.5351,108.0741,107.6151,106.4002,102.4158,101.8332,97.0824,95.1315,91.5860,90.7359,86.6083,83.3547,81.4923,78.7147,74.7061,74.2428,71.5542,70.2638,69.4622,66.3099,65.1920,63.2456,61.4003,0.0000,0.0000,0.0000,0.0000,0.0000,0.0000,0.0000,0.0000,0.0000,0.0000,0.0000,0.0000
1700000025.350000,-62.8,107.2054,105.0048,104.5466,106.7755,102.6937,102.9563,103.7545,104.2017,104.2353,104.6566,107.3546,108.7842,107.8239,108.4066,108.9082,108.7566,108.7566,105.4751,107.0701,104.0096,106.0000,105.6835,102.9272,106.5082,106.5317,104.3072,106.5317,102.9272,103.2473,101.2423,99.4786,97.6166,97.0618,93.4719,92.5743,89.0000,88.5664,83.7735,81.5414,81.5414,75.9605,76.3217,72.4500,70.0071,68.7095,65.8027,64.8460,65.1460,64.5601,61.8466,63.3482,58.6941,0.0000,0.0000,0.0000,0.0000,0.0000,0.0000,0.0000,0.0000,0.0000,0.0000,0.0000,0.0000
1700000025.400000,-64.4,105.1523,102.6255,105.6835,101.2571,103.2279,97.2008,99.0202,101.5332,102.1763,104.2353,103.4795,103.3925,106.2168,101.9804,101.9804,104.6900,101.8627,103.2763,99.0051,99.7246,101.1781,103.2763,101.8627,101.1187,103.9663,102.5524,100.4191,103.2763,98.3514,99.1564,95.0158,96.6747,96.2133,91.6079,92.4175,90.4434,86.0233,84.3149,81.6333,80.2621,79.2591,77.0260,76.4788,70.7107,69.3542,69.7782,68.4471,68.1542,66.4831,64.5136,63.3246,63.5610,0.0000,0.0000,0.0000,0.0000,0.0000,0.0000,0.0000,0.0000,0.0000,0.0000,0.0000,0.0000
1700000025.450000,-61.0,92.1141,90.1388,91.2634,88.0057,88.4081,84.8116,87.0057,87.2066,89.2749,89.2749,87.7269,89.8053,94.1116,91.2414,91.9674,92.0217,93.5094,91.2414,90.6090,92.0217,92.6984,90.6090,89.1067,94.3663,96.2601,93.3809,93.5094,94.8472,94.1754,89.1964,89.0955,90.5538,87.7838,85.6329,85.7030,84.3860,80.1561,80.2122,79.8123,76.0263,73.6003,70.8025,68.2422,67.7422,63.8122,61.2944,65.3682,62.6498,62.1772,59.5063,56.6480,58.5235,0.0000,0.0000,0.0000,0.0000,0.0000,0.0000,0.0000,0.0000,0.0000,0.0000,0.0000,0.0000
1700000025.500000,-63.5,91.5860,88.5099,85.2115,90.0000,90.4268,85.4283,86.6833,87.7838,88.4138,86.9770,91.2195,91.9348,91.9674,95.4830,91.9674,96.4261,90.6863,93.6056,91.0494,95.2680,92.6984,94.4934,92.3147,96.0469,97.3088,93.0860,92.4554,97.0000,96.6747,92.7631,92.0217,93.3488,89.8276,87.7269,86.9770,84.8528,80.6598,80.1561,78.8733,77.3369,71.7008,71.7008,70.6045,64.2028,66.4003,60.8030,65.0000,62.4340,60.5392,60.5392,59.9416,57.7754,0.0000,0.0000,0.0000,0.0000,0.0000,0.0000,0.0000,0.0000,0.0000,0.0000,0.0000,0.0000
1700000025.550000,-61.0,104.7378,106.1037,103.9471,103.9471,101.8627,102.0686,102.4500,105.4230,107.0047,110.2089,111.0180,110.3857,111.2205,111.2205,112.8938,113.4416,112.8982,109.8362,112.6810,113.2078,110.6752,113.5341,111.3059,113.8771,112.6810,113.5341,113.0177,113.2078,110.6752,109.5536,108.4666,109.6221,105.2093,101.2126,99.6394,100.1249,99.3579,94.2603,91.3510,89.8276,86.2786,84.8646,82.7345,79.2086,77.0779,74.2765,75.1665,72.3464,74.0270,72.2011,69.3397,70.3278,0.0000,0.0000,0.0000,0.0000,0.0000,0.0000,0.0000,0.0000,0.0000,0.0000,0.0000,0.0000
1700000025.600000,-61.5,109.6221,105.4751,108.5772,109.9864,108.8531,106.2121,111.0180,110.2089,110.9414,115.9353,115.4340,115.9655,117.5968,116.2841,113.7409,119.2015,115.9741,116.9701,112.7697,115.9741,116.2841,114.7388,113.8771,116.2970,116.8461,114.5295,114.0614,117.7200,111.8928,114.5295,109.6038,110.6752,109.5536,105.6835,104.2929,103.4698,98.8130,97.0052,93.4077,90.6035,91.0494,85.2760,87.9659,81.5659,79.3977,78.5684,77.0779,74.9533,74.2765,73.6614,73.2462,70.2140,0.0000,0.0000,0.0000,0.0000,0.0000,0.0000,0.0000,0.0000,0.0000,0.0000,0.0000,0.0000
1700000025.650000,-59.7,106.5317,105.6882,105.9481,106.7802,106.8316,104.6231,109.2016,107.6151,110.1136,108.0741,112.6987,112.6099,111.8660,114.0219,111.9464,111.0360,111.7587,110.3449,110.3177,112.5389,109.7133,108.9312,106.1508,112.4500,108.9036,106.7942,107.4895,106.7755,106.7755,106.7755,104.0625,103.3925,102.8251,98.7168,95.2680,96.6747,93.0860,88.6002,86.4002,85.8021,82.8010,82.4197,80.1561,76.2758,74.0945,71.8679,70.3278,70.7107,69.7711,68.4251,67.1193,65.1920,0.0000,0.0000,0.0000,0.0000,0.0000,0.0000,0.0000,0.0000,0.0000,0.0000,0.0000,0.0000
1700000025.700000,-60.3,95.1315,92.9139,97.4166,92.6499,94.1541,89.6939,90.4268,92.6607,92.6607,93.9415,92.6121,95.2943,99.2824,91.0000,93.0376,93.6376,96.0052,95.0789,89.3196,90.2497,88.7694,87.9204,89.5377,92.6984,87.6413,88.2553,87.5957,92.8493,90.1388,87.6641,83.7735,85.4927,85.4283,85.4283,81.4371,81.8596,76.4788,76.0592,71.3442,69.3542,70.6612,68.6003,68.2642,62.7694,63.2851,61.2944,59.0762,57.2014,59.8164,55.3173,55.9732,53.7401,0.0000,0.0000,0.0000,0.0000,0.0000,0.0000,0.0000,0.0000,0.0000,0.0000,0.0000,0.0000
1700000025.750000,-62.7,93.3006,92.9731,91.2140,90.8020,91.4822,89.5600,87.8009,88.0738,89.6270,90.8020,91.5915,90.6090,92.0706,90.0944,92.9139,93.5361,87.6926,90.7965,87.3670,88.5664,85.8429,91.2688,87.6926,89.3588,90.4489,89.3588,89.4539,88.5664,89.4539,87.4643,82.0366,83.5464,83.7437,77.8781,80.0500,78.8543,76.4003,75.0000,70.5195,71.4703,68.6804,68.4105,63.5689,62.3939,62.3939,58.3095,57.2713,55.9017,55.4707,55.0727,55.7584,54.0833,0.0000,0.0000,0.0000,0.0000,0.0000,0.0000,0.0000,0.0000,0.0000,0.0000,0.0000,0.0000
1700000025.800000,-61.8,96.1769,93.4773,93.0376,93.4719,93.1075,88.0227,89.8109,90.1388,90.4434,92.3472,92.3472,93.4077,93.6803,93.6803,93.9628,94.8314,93.1451,91.4822,89.4986,92.6499,89.9889,92.8924,90.7083,93.3916,93.8616,90.7083,90.9560,89.7385,88.6002,89.8443,85.3815,85.7030,85.4400,82.2800,80.4114,80.2309,76.5572,73.8241,72.4500,72.0139,67.0820,66.1891,67.1193,63.5295,62.2656,59.1693,58.8303,59.0762,57.4282,56.4004,55.3173,54.4518,0.0000,0.0000,0.0000,0.0000,0.0000,0.0000,0.0000,0.0000,0.0000,0.0000,0.0000,0.0000
1700000025.850000,-63.3,98.9545,95.6033,96.4624,94.8683,95.5196,93.4077,94.0213,97.1700,96.1769,97.9898,101.0742,98.3870,99.7647,100.1848,98.0051,100.7224,99.4786,99.4786,101.3558,99.9850,99.4786,99.1262,99.4786,101.0198,101.0198,99.9850,99.1262,99.9850,99.1262,98.9798,96.6488,98.0051,93.9149,91.7061,89.4707,88.1419,87.3212,84.3090,81.7068,78.0000,78.0000,75.3923,74.3303,71.5122,72.1110,68.9638,69.6419,68.1542,68.8840,66.0984,65.9242,65.1920,0.0000,0.0000,0.0000,0.0000,0.0000,0.0000,0.0000,0.0000,0.0000,0.0000,0.0000,0.0000
1700000025.900000,-61.3,101.0445,98.0051,98.4733,97.0824,98.4784,99.1262,100.8464,99.8499,102.8834,105.1190,106.4378,109.1238,108.2266,106.8925,108.6738,108.2589,108.2589,107.3546,107.0187,109.1650,107.7868,108.6876,108.2589,109.1650,110.0227,108.7474,108.6876,106.8925,107.8239,105.5462,101.2126,101.2126,102.7278,99.3227,100.1699,95.7183,93.4773,91.8368,89.4036,88.6002,86.6083,85.0000,83.8689,79.6492,78.2432,75.0733,75.0067,76.3806,76.3806,72.4707,71.4003,69.6348,0.0000,0.0000,0.0000,0.0000,0.0000,0.0000,0.0000,0.0000,0.0000,0.0000,0.0000,0.0000
1700000025.950000,-66.6,108.5587,103.4843,108.1665,106.3015,108.1157,106.0424,106.0047,106.0047,107.0187,110.0409,112.0402,112.1115,112.0714,110.1635,112.1606,114.4378,110.4536,110.2905,110.3676,110.3676,110.0727,110.3676,109.2932,109.5536,110.2905,108.2959,107.4663,108.2959,106.1697,106.3015,103.0776,105.0428,102.0196,100.0050,99.0000,99.0000,97.0464,94.0851,90.1388,87.1436,87.2066,85.2115,85.5862,79.6304,79.9062,76.1183,76.1183,76.9025,75.6902,73.7631,72.1110,69.8570,0.0000,0.0000,0.0000,0.0000,0.0000,0.0000,0.0000,0.0000,0.0000,0.0000,0.0000,0.0000
1700000026.000000,-66.4,104.8093,101.3558,103.7738,103.7738,101.5135,100.1249,101.0198,100.6032,100.8018,103.2327,104.2017,104.4845,105.1190,102.4500,103.2327,104.9952,102.1763,102.9417,102.7278,102.7278,102.7278,99.8248,100.0050,101.2373,99.1564,98.4124,99.1564,99.9050,97.0824,98.4937,95.9010,96.0469,95.4254,92.8009,89.6270,90.4434,88.4816,86.8217,82.6801,80.7775,80.6226,77.0260,78.2943,75.1798,71.5542,68.9420,70.7743,67.7791,68.3520,66.4078,65.0000,64.1327,0.0000,0.0000,0.0000,0.0000,0.0000,0.0000,0.0000,0.0000,0.0000,0.0000,0.0000,0.0000
1700000026.050000,-64.2,93.0000,88.0057,88.0909,85.1469,88.1419,83.2166,85.0000,85.7088,87.6926,85.9884,87.4757,88.6454,86.8850,89.2693,87.8635,88.5268,83.9345,84.4808,86.1220,86.8332,82.0000,85.4400,84.4808,84.7585,87.2812,85.7263,82.9699,85.7263,83.8153,85.1645,83.1986,86.3481,84.5281,78.2624,80.4114,81.0494,76.9415,77.9295,74.4312,70.2567,71.2531,68.0661,68.1175,63.1269,62.0322,62.0000,58.0345,58.3095,59.1354,59.3043,57.8705,54.5711,0.0000,0.0000,0.0000,0.0000,0.0000,0.0000,0.0000,0.0000,0.0000,0.0000,0.0000,0.0000
1700000026.100000,-59.1,92.0706,89.4427,89.0505,87.8635,86.5852,84.8999,86.4002,86.0233,86.9770,87.6641,89.6939,89.5545,89.9611,91.2853,92.1954,90.3383,92.5743,89.0000,91.2414,90.8020,91.7061,91.2414,89.8944,92.6607,93.0591,91.2414,93.4773,93.4719,93.4719,91.7061,88.7694,89.6939,89.8109,86.9770,85.7030,83.4865,83.4865,81.3204,79.1202,79.3095,74.9533,72.7805,73.7564,68.2495,66.7533,65.4905,64.2806,63.1981,65.0308,63.0079,60.0333,59.3043,0.0000,0.0000,0.0000,0.0000,0.0000,0.0000,0.0000,0.0000,0.0000,0.0000,0.0000,0.0000
1700000026.150000,-64.1,87.6584,87.6641,87.1321,87.9830,87.3212,88.5889,88.1192,88.5664,91.7061,93.1075,94.5410,95.0789,98.2344,97.1442,99.5389,97.7394,99.0202,96.4624,97.4064,98.0816,97.8621,99.7246,95.5196,99.3277,98.3514,97.0824,98.3514,95.5196,97.7394,91.0824,91.1811,92.4770,89.9611,88.5664,87.2353,83.7735,81.3941,81.8413,78.2943,76.9220,73.9256,72.5603,71.6938,67.2309,66.7308,63.8122,65.4599,63.6003,58.8218,59.0339,59.5483,57.2800,0.0000,0.0000,0.0000,0.0000,0.0000,0.0000,0.0000,0.0000,0.0000,0.0000,0.0000,0.0000
1700000026.200000,-63.2,109.4029,107.8007,110.2588,109.4806,108.0741,109.3435,108.5772,107.6290,111.2879,109.6038,113.1371,112.4322,111.7318,113.8464,113.1459,111.7229,111.0180,107.4895,110.3177,109.6221,108.2081,108.2081,105.3803,106.2168,107.6290,106.2168,106.1037,106.0660,104.6614,99.7046,96.2081,99.0353,98.5951,94.3663,92.9570,89.3756,88.4590,84.6463,86.2149,81.2158,78.2368,75.4520,74.0608,71.6101,69.3397,66.8880,66.8880,66.7308,65.8635,64.0078,62.1691,60.9262,0.0000,0.0000,0.0000,0.0000,0.0000,0.0000,0.0000,0.0000,0.0000,0.0000,0.0000,0.0000
1700000026.250000,-63.4,118.5960,114.4945,114.9348,113.5958,112.2542,108.7842,111.5079,108.9082,109.4166,111.5168,112.3610,112.0580,112.6055,112.3610,112.0580,110.3857,108.7244,107.0701,107.0747,106.5082,106.2544,105.4372,101.5135,105.0000,103.8123,105.2093,102.4158,102.4158,100.6876,96.2601,95.9635,95.9635,96.5194,93.1933,91.5860,88.5099,87.3212,82.8553,83.2406,79.6492,77.8267,77.3692,75.5844,71.1196,71.5542,68.4251,70.2140,67.7791,66.8506,68.0074,67.4463,67.2681,0.0000,0.0000,0.0000,0.0000,0.0000,0.0000,0.0000,0.0000,0.0000,0.0000,0.0000,0.0000
1700000026.300000,-61.2,115.2085,114.0395,111.0405,114.4028,108.8531,110.7520,108.5772,107.0561,107.0561,106.8316,109.6586,109.6221,108.9036,109.6038,110.3177,106.1037,108.2081,102.5329,106.8316,105.4182,101.8332,103.3247,99.0051,103.4795,102.6499,101.9804,101.4150,97.0000,103.3247,96.4261,97.6729,97.0000,97.5807,92.6337,93.3381,89.8276,89.8053,87.0000,86.3713,85.6329,80.2808,82.9759,78.2432,78.7464,76.4003,73.2393,74.6324,73.4983,72.7186,72.0694,71.5542,70.0071,0.0000,0.0000,0.0000,0.0000,0.0000,0.0000,0.0000,0.0000,0.0000,0.0000,0.0000,0.0000
1700000026.350000,-60.6,106.0189,104.6231,99.5691,101.7890,98.4784,99.4786,100.3444,96.6488,98.8838,98.3870,100.6479,100.6479,99.3177,100.2247,98.8433,98.4886,96.7729,95.3415,95.6347,94.7048,94.9368,94.3398,92.1141,93.9202,95.1893,95.5196,93.9202,92.6984,93.6376,91.4166,91.5478,92.4770,89.9611,87.3212,88.1419,86.9253,86.7640,84.0773,82.2982,79.2591,79.7559,79.7559,78.2304,74.0945,73.4983,71.0282,71.6101,71.2180,70.9366,70.0928,70.7107,67.3573,0.0000,0.0000,0.0000,0.0000,0.0000,0.0000,0.0000,0.0000,0.0000,0.0000,0.0000,0.0000
1700000026.400000,-61.2,101.8676,98.4886,99.4636,98.8433,98.1529,95.7549,96.5194,96.2549,100.1798,99.0808,102.0784,100.0050,102.0196,100.0050,99.0202,102.0196,98.0816,98.0459,97.3293,103.1746,99.0808,100.1798,97.1854,100.6032,99.5038,98.6154,98.5089,99.5038,98.2497,97.3293,95.1893,98.0816,98.0816,95.0210,94.0479,90.0056,90.0000,88.0000,88.0227,85.0235,85.0941,83.2166,84.2912,78.3135,77.6466,75.9539,76.1183,75.5050,76.4003,74.3303,73.0548,72.4983,0.0000,0.0000,0.0000,0.0000,0.0000,0.0000,0.0000,0.0000,0.0000,0.0000,0.0000,0.0000
1700000026.450000,-64.1,85.3288,85.1469,84.6463,88.7694,84.4808,85.7263,86.0349,86.3771,86.3771,88.0227,90.2497,88.7694,90.4710,90.4710,91.3893,89.9611,91.7061,87.7269,90.8020,91.2360,89.8999,90.8020,88.5664,90.3383,90.3383,89.4427,91.2360,88.5664,89.0000,87.6641,88.3912,87.4643,86.1626,84.5044,84.1546,80.6536,81.2711,80.3617,77.8845,76.9220,74.4648,73.7564,71.3863,69.4262,68.2495,64.6297,66.4831,65.2763,63.0714,64.0078,60.0750,61.4003,0.0000,0.0000,0.0000,0.0000,0.0000,0.0000,0.0000,0.0000,0.0000,0.0000,0.0000,0.0000
1700000026.500000,-62.4,97.1854,89.4986,94.2019,92.6175,91.6079,89.0505,91.5260,93.1933,95.4149,94.8736,96.8969,95.3834,97.1288,98.1122,95.3834,98.3870,93.9415,93.9415,92.5905,93.0215,95.7131,96.1509,93.0215,91.2853,93.9415,91.7061,93.9415,93.9415,88.5664,90.3770,87.2353,88.1192,89.9444,86.8332,85.9593,85.5862,81.1234,79.9250,81.8352,76.5506,76.2758,74.0608,72.4224,67.8012,67.0075,64.8151,65.9469,65.8559,65.0538,63.0317,60.9590,59.8164,0.0000,0.0000,0.0000,0.0000,0.0000,0.0000,0.0000,0.0000,0.0000,0.0000,0.0000,0.0000
1700000026.550000,-60.8,100.0000,98.0459,95.1315,98.0816,95.1315,93.4345,93.6483,94.0479,93.2148,94.2019,96.6902,97.0824,96.8814,99.0404,100.0200,95.8019,97.2677,93.8616,95.6033,95.6033,95.3363,95.6033,93.6803,94.5569,95.5092,94.5569,96.7678,94.5569,93.9202,92.6553,92.4446,91.4822,92.7200,88.2950,88.2950,87.0976,85.1469,83.3607,82.2010,81.0494,76.6551,76.6551,75.4255,71.4493,69.2604,67.1193,68.0294,67.0298,65.0077,66.1211,65.3758,63.6396,0.0000,0.0000,0.0000,0.0000,0.0000,0.0000,0.0000,0.0000,0.0000,0.0000,0.0000,0.0000
1700000026.600000,-63.1,96.3379,91.7823,94.1488,93.1719,89.9889,90.9560,89.5600,90.8020,95.5092,92.9731,93.6376,95.1893,95.8593,95.0789,93.9840,94.9368,94.9368,92.3093,93.6216,92.7038,93.1075,91.2853,90.4710,91.6788,93.0376,91.2360,91.2360,92.1358,91.7061,92.5743,87.8465,88.6397,88.9550,86.0349,86.9770,86.0349,82.5409,80.6536,80.3617,76.9220,76.6551,74.7262,74.2159,69.4262,68.2495,67.8970,67.6018,65.3758,65.1920,64.1249,65.0077,64.1249,0.0000,0.0000,0.0000,0.0000,0.0000,0.0000,0.0000,0.0000,0.0000,0.0000,0.0000,0.0000
1700000026.650000,-59.9,106.5082,100.7025,102.5768,101.8725,101.5972,99.3630,101.5529,97.5090,99.7447,101.1336,103.3683,102.9563,103.8701,102.1567,100.8464,101.9510,101.9510,99.9600,98.9798,99.9300,97.7394,99.6243,97.4064,100.5783,100.8811,100.5783,100.2846,101.1929,98.6712,99.6243,98.4327,99.0202,96.5660,93.7763,94.5410,93.1075,90.3383,86.3539,85.4225,83.6481,82.8553,81.9878,78.0320,76.3217,73.7835,71.0211,71.0282,70.0000,70.9366,70.0357,67.8822,65.8559,0.0000,0.0000,0.0000,0.0000,0.0000,0.0000,0.0000,0.0000,0.0000,0.0000,0.0000,0.0000
1700000026.700000,-64.3,102.3132,100.4988,99.7246,98.8585,97.1648,96.1769,98.8433,97.2934,97.2934,98.7168,99.4585,99.0404,100.9604,99.9300,100.0000,98.3514,99.2975,97.4064,98.6813,99.6243,99.6243,99.6243,98.6813,100.8464,101.3903,100.4639,102.8834,102.1812,101.8430,99.6243,98.3717,100.0000,99.2018,94.1488,92.4175,94.3663,91.2195,88.1192,87.2983,83.7257,81.6150,79.7621,79.3095,74.2428,74.0608,71.0282,71.0070,72.0278,70.0286,69.1158,67.3647,67.0820,0.0000,0.0000,0.0000,0.0000,0.0000,0.0000,0.0000,0.0000,0.0000,0.0000,0.0000,0.0000
1700000026.750000,-62.5,100.0450,99.0051,98.0816,100.0450,98.1275,98.3260,99.7246,99.2975,99.9850,99.2975,104.0865,102.3914,105.1190,104.3456,102.1812,103.3247,105.2616,102.8834,103.4456,104.1201,104.4031,104.6948,105.7733,104.9952,107.8564,106.9018,106.9018,104.4031,106.3203,103.1601,101.1385,102.3572,99.6895,98.7168,97.5141,97.0824,94.3663,90.9340,88.9550,86.9770,85.7088,84.7172,83.2947,79.3095,78.2304,75.2396,77.0584,77.0000,75.0267,72.2496,71.3442,71.1969,0.0000,0.0000,0.0000,0.0000,0.0000,0.0000,0.0000,0.0000,0.0000,0.0000,0.0000,0.0000
1700000026.800000,-63.1,102.7862,100.4241,101.6366,101.8676,105.1190,99.8248,102.8251,100.7174,102.4890,104.6900,105.6835,105.4751,106.2309,106.1179,105.0762,107.0000,105.0048,107.0187,106.0424,107.1168,105.0428,107.1168,108.0417,107.1168,109.0413,105.0762,106.2309,107.0747,105.1190,105.2331,102.0784,105.0428,103.0437,98.0204,98.0204,97.0052,95.0474,92.1954,88.2043,87.1436,87.2812,84.1487,85.3756,80.3990,79.3095,76.4199,77.7817,77.1038,76.9025,73.3757,73.0548,69.6419,0.0000,0.0000,0.0000,0.0000,0.0000,0.0000,0.0000,0.0000,0.0000,0.0000,0.0000,0.0000
1700000026.850000,-64.2,97.4987,97.3088,97.0824,98.0867,95.3415,96.1509,95.2575,95.2575,96.1769,94.8947,98.4784,97.6371,98.4784,97.3499,97.9439,96.8349,96.8349,96.5194,99.0454,99.2975,97.0824,96.8349,96.0208,98.8585,97.8008,96.4002,97.2008,95.2103,96.6075,94.2019,94.0479,94.0479,95.1315,90.2109,91.0659,87.9830,87.9830,86.4523,84.2199,81.0062,79.1581,77.8203,77.3886,74.3236,72.6154,69.6419,69.5701,69.2604,68.9638,67.1863,66.4906,64.3817,0.0000,0.0000,0.0000,0.0000,0.0000,0.0000,0.0000,0.0000,0.0000,0.0000,0.0000,0.0000
1700000026.900000,-60.8,100.4988,94.1754,97.9490,95.7758,95.4254,92.2009,95.2103,94.8683,96.2601,96.2549,97.0979,99.9850,100.4988,100.4988,100.8464,99.7647,98.1122,94.8947,94.4140,96.6488,98.0051,97.9490,93.9415,94.8103,97.4936,95.2733,96.1509,97.9490,96.6023,96.1509,92.5905,94.0213,94.0213,91.4166,91.2688,88.5099,87.6641,86.2670,86.6083,82.0061,79.6492,78.8733,77.8974,71.5891,72.8629,70.7248,70.0071,68.6804,68.0147,66.2193,65.0000,64.6607,0.0000,0.0000,0.0000,0.0000,0.0000,0.0000,0.0000,0.0000,0.0000,0.0000,0.0000,0.0000
1700000026.950000,-63.4,101.8676,98.4886,100.0200,99.0404,99.4636,97.1648,97.8673,97.5141,99.3227,100.4988,100.6032,103.3102,102.2399,102.2399,99.1262,103.0776,100.0450,100.0200,98.0051,99.0051,97.0052,98.0000,98.0051,99.0454,100.0000,99.0202,97.0464,100.0000,99.0000,99.0202,97.1288,98.0459,98.1835,95.3363,94.5304,93.3435,92.7793,88.1192,87.4757,84.7231,81.7863,79.8311,77.6209,73.0069,72.8011,70.2140,71.4703,69.2892,67.2309,67.9779,66.6483,62.7694,0.0000,0.0000,0.0000,0.0000,0.0000,0.0000,0.0000,0.0000,0.0000,0.0000,0.0000,0.0000
1700000027.000000,-62.5,104.0769,103.0049,103.0049,105.0000,102.0441,98.1275,100.1798,100.3195,100.6032,100.6032,102.9563,102.9563,103.0970,103.4070,101.4347,101.6366,102.6109,99.6895,101.1385,101.1385,101.6366,101.9215,99.2018,102.1421,103.7401,103.7401,104.6948,104.6948,107.8564,104.1201,102.1078,105.5367,103.7545,98.3107,98.3107,95.0368,94.8947,90.6697,88.3629,87.2066,83.1505,80.3057,80.0562,76.0592,74.0270,70.0071,72.0625,70.0071,70.1142,69.2604,66.7533,63.5610,0.0000,0.0000,0.0000,0.0000,0.0000,0.0000,0.0000,0.0000,0.0000,0.0000,0.0000,0.0000
1700000027.050000,-61.8,107.8564,100.9604,109.2016,100.6876,104.7855,97.7446,101.0000,101.9804,101.7890,107.3546,103.8171,102.5914,103.3925,103.3102,99.3227,107.0420,98.0051,105.0048,99.0000,105.0000,103.0437,106.0047,107.0047,107.1168,107.0420,106.0424,106.0424,110.0000,105.0048,110.0045,102.0441,105.3043,102.4890,100.6032,97.6217,98.7320,92.6553,89.2693,86.8332,82.0366,85.5102,77.1038,80.6040,72.5672,73.9797,71.3092,71.5681,70.6045,72.1249,68.9493,67.7791,65.2993,0.0000,0.0000,0.0000,0.0000,0.0000,0.0000,0.0000,0.0000,0.0000,0.0000,0.0000,0.0000
1700000027.100000,-63.1,97.6217,96.4210,95.1893,94.1913,94.1329,92.0869,92.0054,92.0000,93.0215,93.1343,94.2603,94.2603,96.3328,95.6347,94.6414,94.8947,94.2019,93.2148,94.7259,95.9010,96.3379,97.0824,98.8433,99.4636,100.2247,99.2472,100.0200,100.6231,97.6729,98.8433,94.7629,93.7710,95.4254,92.2659,90.3549,90.2718,86.2090,82.0549,82.0549,79.0569,80.0250,77.0260,77.0000,73.0000,72.0069,69.0290,69.2604,68.2642,69.7209,65.9242,67.6831,66.7608,0.0000,0.0000,0.0000,0.0000,0.0000,0.0000,0.0000,0.0000,0.0000,0.0000,0.0000,0.0000
1700000027.150000,-61.4,97.5141,99.6092,93.9042,98.9949,92.3959,93.7443,93.9415,93.6216,93.6216,93.3006,95.1893,93.6376,95.2733,97.3088,99.1615,97.3088,99.9250,94.9368,98.8989,98.0867,99.0051,99.9250,96.2549,100.1848,101.0792,101.5185,101.5529,99.5389,101.7693,96.2549,99.1615,95.8593,97.4064,95.5196,96.1665,91.0824,89.4930,88.8876,88.6002,87.8009,81.7863,82.9759,79.6241,78.4474,76.7919,76.5310,74.3303,74.0608,71.1126,71.0070,71.0634,70.2567,0.0000,0.0000,0.0000,0.0000,0.0000,0.0000,0.0000,0.0000,0.0000,0.0000,0.0000,0.0000
1700000027.200000,-58.8,97.8008,96.8349,95.9635,98.1835,95.7183,92.2822,92.5905,92.5743,95.2733,94.9368,96.7729,97.3088,98.4327,99.0202,102.7862,99.3277,100.2447,97.7190,101.2423,101.2423,101.5332,102.2008,98.0816,101.6514,104.8093,102.8834,104.5466,103.1601,101.9215,98.7623,98.6712,98.6712,98.3514,96.4624,97.7394,93.4077,92.4770,90.3770,90.3383,87.6641,83.6481,82.7647,80.6226,78.8923,76.6616,74.0945,75.4520,72.4224,72.0069,68.7677,70.0071,69.4262,0.0000,0.0000,0.0000,0.0000,0.0000,0.0000,0.0000,0.0000,0.0000,0.0000,0.0000,0.0000
1700000027.250000,-63.9,96.8349,93.0054,97.4526,94.0213,95.9010,90.7855,93.3809,92.6337,94.7523,97.5910,98.4124,98.4937,97.8366,97.8366,94.9210,101.8283,95.6033,98.2344,96.4002,97.2008,98.2344,95.8019,97.8008,97.9081,97.6524,96.2601,97.6371,100.6876,96.5194,100.1249,96.6075,98.6002,97.0052,96.6747,95.7758,94.1754,92.0217,88.3912,82.7345,80.6226,83.4865,76.4199,78.6448,73.6614,71.7008,69.0290,68.8186,68.2422,67.9559,66.3702,64.4127,62.2415,0.0000,0.0000,0.0000,0.0000,0.0000,0.0000,0.0000,0.0000,0.0000,0.0000,0.0000,0.0000
1700000027.300000,-61.7,105.0762,103.0049,102.0000,102.0049,100.0200,98.1835,100.1798,100.4042,100.6032,101.8332,101.2719,102.4207,103.4070,102.7716,102.7716,103.5857,102.8397,101.8676,103.3247,103.3247,101.6366,103.3247,102.3572,104.0433,105.6504,104.4031,107.5639,107.2800,104.8093,108.4159,105.7592,105.1190,104.3935,102.1078,98.7320,99.5038,98.5089,95.3363,91.1976,90.0500,86.0233,84.0060,81.0247,78.0256,76.0592,71.2531,71.4493,70.7107,70.0357,67.0820,67.9117,62.6418,0.0000,0.0000,0.0000,0.0000,0.0000,0.0000,0.0000,0.0000,0.0000,0.0000,0.0000,0.0000
1700000027.350000,-59.5,100.1249,96.6747,98.2344,98.2344,95.8019,95.6922,97.0824,96.5194,97.3499,98.6154,98.8838,97.0618,100.1848,97.4936,98.4124,98.3870,99.2824,96.6023,98.4124,97.5090,98.3870,98.8433,98.4886,102.3181,101.3903,100.8464,102.8834,103.3151,104.2353,101.0742,101.2126,101.0198,98.4784,94.8683,93.8136,91.8368,89.0505,86.4002,83.2406,81.6884,77.8332,77.8974,73.5527,71.4493,67.2086,64.3817,64.3817,63.8905,62.2896,61.0737,60.2163,58.8303,0.0000,0.0000,0.0000,0.0000,0.0000,0.0000,0.0000,0.0000,0.0000,0.0000,0.0000,0.0000
1700000027.400000,-63.7,109.9318,109.3846,108.8531,109.1650,105.9906,103.7545,105.1190,104.7091,106.0660,105.4751,109.0000,107.0747,109.2886,107.4151,107.4151,107.8007,107.6151,103.2327,105.7592,108.0741,107.2986,109.4806,107.0561,111.0721,111.8660,112.6099,112.0446,110.7520,112.2943,108.0741,107.2007,108.2266,108.1665,101.2423,100.7025,98.2700,95.1315,93.2952,91.0659,87.3212,85.8836,83.2406,80.5295,77.8267,76.4853,72.9178,71.6938,70.7743,70.0071,69.6419,68.9493,68.4105,0.0000,0.0000,0.0000,0.0000,0.0000,0.0000,0.0000,0.0000,0.0000,0.0000,0.0000,0.0000
1700000027.450000,-61.6,103.3151,102.9563,101.7693,101.7693,98.4327,98.6813,97.7190,98.7623,98.7623,99.0404,99.3277,100.6876,101.6514,100.4241,99.6895,100.6231,100.8067,96.8814,100.2846,101.9657,102.4207,103.8171,100.6231,100.8067,103.1601,101.9804,104.7378,101.9804,102.3914,100.4390,101.6514,99.6895,97.2677,93.3006,92.0489,91.4166,88.6002,85.0882,84.1724,82.4621,77.4726,77.8781,74.6860,72.8972,71.5542,69.7711,70.7107,67.6018,66.6108,66.2193,64.6607,63.6553,0.0000,0.0000,0.0000,0.0000,0.0000,0.0000,0.0000,0.0000,0.0000,0.0000,0.0000,0.0000
1700000027.500000,-64.2,96.7471,99.1262,89.5879,97.7548,91.2688,92.0869,90.2109,91.2140,90.0000,88.0909,93.7230,94.4934,95.9010,92.0217,97.0000,91.9348,94.0479,89.0955,94.0479,92.6553,93.3809,94.0479,89.8721,94.0691,91.9239,95.5877,99.0051,91.9674,98.3107,92.0978,97.7446,95.0158,95.4254,91.6079,90.4268,84.0238,83.0060,84.0536,85.2350,84.3801,75.4718,78.0320,72.0069,75.1798,71.5542,68.8840,67.6240,69.0797,66.4078,67.4463,63.8905,66.9104,0.0000,0.0000,0.0000,0.0000,0.0000,0.0000,0.0000,0.0000,0.0000,0.0000,0.0000,0.0000
1700000027.550000,-61.7,86.3134,87.3212,88.6397,89.9611,85.4400,84.5044,87.3613,86.0233,88.3233,89.4986,91.7823,88.8426,91.5915,88.2836,90.6090,95.8853,91.2414,91.9239,91.2414,95.6347,92.3959,91.7878,92.9139,93.3435,98.5089,94.7629,93.7710,96.0260,94.7629,95.0368,91.9837,91.7823,93.3916,87.5557,89.9889,86.3481,85.4400,81.6088,81.2711,77.0779,78.0000,73.5391,73.4098,67.2309,68.0294,65.3070,65.7419,62.7694,62.9682,60.2080,62.0081,60.8769,0.0000,0.0000,0.0000,0.0000,0.0000,0.0000,0.0000,0.0000,0.0000,0.0000,0.0000,0.0000
1700000027.600000,-65.7,87.9659,84.5281,89.2693,90.2441,86.8332,88.3233,86.6833,90.1388,91.4166,92.6553,94.2444,95.2733,94.9368,93.6216,97.1700,98.4124,96.1769,96.6075,94.8103,96.1509,97.9439,96.1509,97.5090,98.8382,100.1798,97.9439,96.6075,101.0792,94.8472,96.3846,94.1541,99.1615,93.9840,93.3006,87.9318,86.0233,87.3613,83.4326,80.0500,76.6877,76.1577,74.3303,68.8840,68.0661,65.1153,64.4981,60.2993,59.2115,60.1332,59.0085,55.0000,59.0762,0.0000,0.0000,0.0000,0.0000,0.0000,0.0000,0.0000,0.0000,0.0000,0.0000,0.0000,0.0000
1700000027.650000,-64.5,95.9010,95.1893,93.6483,97.7394,94.4299,96.3328,96.1873,95.1315,97.0464,96.0208,101.0050,100.0000,101.0000,101.0050,101.0050,99.0454,101.0445,98.0459,100.0800,99.0454,99.0051,99.0454,98.0204,99.1262,100.0800,100.0450,99.0051,96.0000,98.0051,94.0479,93.1343,93.2631,90.4489,87.4643,86.8332,82.8734,80.7527,77.4661,75.1332,71.5891,67.4685,66.4906,64.3273,61.6117,59.6657,57.7235,56.0446,55.0273,55.0273,53.4883,53.4883,51.4781,0.0000,0.0000,0.0000,0.0000,0.0000,0.0000,0.0000,0.0000,0.0000,0.0000,0.0000,0.0000
1700000027.700000,-61.5,104.7378,103.4070,102.2595,103.2473,103.2473,100.7174,101.4002,101.1237,102.3963,103.1746,106.1697,106.0754,107.0747,105.0428,105.1713,105.0762,103.0437,101.0792,101.0198,102.0441,101.1781,101.0792,100.0450,102.0049,100.0200,100.0800,98.1275,99.3227,98.5089,93.5361,91.7878,88.9550,88.4590,85.9069,82.0000,80.0500,74.9533,74.2159,71.5681,67.1863,65.2533,65.2533,63.8905,57.9741,58.2409,53.4509,56.6127,56.3205,53.1601,53.7587,52.2015,53.6656,0.0000,0.0000,0.0000,0.0000,0.0000,0.0000,0.0000,0.0000,0.0000,0.0000,0.0000,0.0000
1700000027.750000,-61.4,107.2054,105.3613,103.8460,105.7733,103.3247,101.1385,102.1812,99.4636,99.8248,101.4347,102.9612,102.5914,100.4490,98.4784,97.8673,100.6032,98.7320,100.6032,99.4082,98.6154,97.5141,98.4124,95.6347,97.5141,97.6217,97.5141,95.5249,94.5304,93.6483,92.6553,90.7965,90.9340,90.7965,86.8332,85.0000,86.3134,80.0625,81.0247,77.8781,76.6877,76.9025,76.4853,77.3692,72.5328,74.2159,71.0634,71.8401,72.7324,74.3236,72.0069,72.0069,71.8679,0.0000,0.0000,0.0000,0.0000,0.0000,0.0000,0.0000,0.0000,0.0000,0.0000,0.0000,0.0000
1700000027.800000,-62.9,98.3514,95.0158,92.3147,93.7230,93.6002,94.2019,91.2634,92.1141,90.9725,91.9239,95.3834,94.8262,95.7131,95.2575,95.2575,95.2733,95.7549,93.5201,96.2549,97.1700,95.3415,96.3846,93.6216,95.8593,96.2081,95.6347,94.9210,95.4620,96.2081,90.4765,94.5410,95.4620,94.0213,91.7878,89.8999,88.1419,87.3212,87.6584,87.2066,85.4225,82.3650,84.5991,81.1234,79.4040,80.7775,77.3886,76.0263,78.4092,76.0592,75.8222,74.2496,75.8222,0.0000,0.0000,0.0000,0.0000,0.0000,0.0000,0.0000,0.0000,0.0000,0.0000,0.0000,0.0000
1700000027.850000,-59.9,91.9239,91.1811,91.7061,94.2444,90.4434,91.4822,89.7385,89.7385,91.7823,92.3959,95.8853,97.6217,94.4299,95.2575,97.6217,98.1835,98.0816,97.1288,98.0459,99.1262,98.1835,99.0808,98.0459,100.0200,100.0050,98.0204,100.0000,100.0050,101.0000,100.0050,100.0050,100.0200,100.1798,97.2523,97.2523,95.2575,94.2603,92.3472,90.4489,89.6772,87.9659,84.0119,86.3134,82.5651,80.0500,78.3390,80.0062,79.3788,79.3788,76.3217,75.6439,73.9256,0.0000,0.0000,0.0000,0.0000,0.0000,0.0000,0.0000,0.0000,0.0000,0.0000,0.0000,0.0000
1700000027.900000,-63.6,93.3435,92.0869,92.0000,92.0000,92.0869,91.1976,91.3510,92.6553,95.0368,96.0260,98.4784,100.4490,99.8248,102.3914,101.0000,102.3572,102.3572,101.3903,101.9215,102.2008,102.3572,102.6158,98.7623,103.7401,102.4890,104.0433,104.0433,104.4031,103.4070,103.0922,100.9604,103.5809,103.0776,101.4150,101.2028,98.8433,95.7079,92.9139,91.9239,88.6848,88.4590,85.5862,83.3847,80.1561,79.1581,76.0263,78.0064,76.0592,74.1687,74.3303,71.5681,69.4262,0.0000,0.0000,0.0000,0.0000,0.0000,0.0000,0.0000,0.0000,0.0000,0.0000,0.0000,0.0000
1700000027.950000,-64.0,92.1792,92.7200,92.6553,94.2444,94.9210,92.1141,93.9149,96.1769,96.1769,94.8103,100.1798,97.9490,99.2975,96.3846,99.3630,94.1541,101.2423,98.2700,99.5691,98.0051,99.5691,96.6075,97.9081,101.0198,100.2098,103.0049,99.6394,99.2018,100.8018,97.2008,101.8332,101.8332,96.7988,99.0202,95.7183,92.4392,93.1504,88.1930,83.6301,84.0773,80.0625,80.4984,76.6942,75.2396,68.5420,70.3847,68.3520,66.4831,69.6419,66.2193,61.3922,59.6825,0.0000,0.0000,0.0000,0.0000,0.0000,0.0000,0.0000,0.0000,0.0000,0.0000,0.0000,0.0000
1700000028.000000,-59.9,97.7394,98.2344,97.3088,100.4639,94.9368,94.3716,96.1509,95.2943,101.0742,96.6488,96.3846,100.4988,100.3444,98.4886,100.4988,97.4166,97.9081,94.0479,99.8649,97.4166,99.5691,98.4733,95.8019,96.2133,100.6032,97.6166,99.6394,99.0454,96.2601,93.1933,94.6678,98.1835,96.2549,92.1792,90.9175,86.9540,85.4751,86.3134,81.0247,80.5295,72.6154,73.8241,71.6938,67.7791,65.3911,64.1950,63.5689,66.4078,62.8172,60.1664,62.3699,59.8415,0.0000,0.0000,0.0000,0.0000,0.0000,0.0000,0.0000,0.0000,0.0000,0.0000,0.0000,0.0000
1700000028.050000,-63.9,106.6255,102.8834,104.0000,102.3181,103.0776,100.3195,99.7447,100.1798,101.9804,101.5332,106.0047,102.9563,103.4456,101.7104,100.3444,103.2473,98.7927,99.6444,99.8599,101.7890,100.4988,101.7890,100.7025,102.3426,101.7890,99.8599,101.5480,102.3963,99.6444,99.9850,97.5295,96.6023,96.6075,93.0376,89.8999,88.2383,84.6936,82.6378,80.4114,76.3217,74.9466,73.0548,73.0548,69.5701,68.0074,64.0312,66.9403,63.0635,63.3482,62.9682,62.3939,61.1310,0.0000,0.0000,0.0000,0.0000,0.0000,0.0000,0.0000,0.0000,0.0000,0.0000,0.0000,0.0000
1700000028.100000,-62.1,97.5295,97.4936,94.8103,95.7079,93.1075,94.0213,92.3093,92.6984,92.1141,92.6553,94.9210,95.8801,96.3016,97.5295,96.8401,97.5295,97.9847,93.8616,96.7729,97.0155,94.3716,95.0789,95.0789,96.8814,97.0824,97.2934,96.5401,95.6033,96.8401,91.4822,91.7061,91.7061,90.4434,87.3155,86.3771,83.2166,82.6378,81.1542,79.7057,76.9675,72.4500,72.0139,68.8767,68.8767,67.5352,62.6498,65.3682,64.8999,62.1289,61.6117,60.6053,62.9682,0.0000,0.0000,0.0000,0.0000,0.0000,0.0000,0.0000,0.0000,0.0000,0.0000,0.0000,0.0000
1700000028.150000,-61.5,85.8429,82.4924,86.2844,84.2912,84.0952,83.0241,87.0517,84.0952,86.0930,88.2043,91.3510,88.5664,92.3472,90.5538,88.5664,92.9139,92.0706,90.9340,89.1067,92.2280,91.9239,93.3809,92.0706,93.9415,93.3809,91.4112,92.2280,93.3809,90.9340,92.2280,90.6697,88.6848,88.5664,88.3629,85.2878,83.2166,83.0542,81.0555,78.0064,76.0000,76.0066,72.0069,74.0608,68.0294,68.0661,65.1920,66.3702,65.6201,64.6297,64.1327,64.0312,62.2977,0.0000,0.0000,0.0000,0.0000,0.0000,0.0000,0.0000,0.0000,0.0000,0.0000,0.0000,0.0000
1700000028.200000,-61.0,90.3549,91.3510,89.1067,91.7878,91.0824,91.7823,92.1954,93.1719,95.5667,95.3363,97.8008,97.1236,100.2846,100.2447,101.2423,98.6712,100.2447,98.0306,100.5684,99.6243,98.0306,100.5684,96.7988,99.9250,100.0900,101.0198,102.5280,102.5280,102.7862,98.6813,100.8811,100.0000,99.2018,97.9847,96.5401,94.3663,92.1954,87.2983,86.1452,83.7257,81.6150,81.4985,78.2304,75.4255,74.1687,70.0643,72.0069,69.0000,67.0298,68.1175,67.3647,64.9384,0.0000,0.0000,0.0000,0.0000,0.0000,0.0000,0.0000,0.0000,0.0000,0.0000,0.0000,0.0000
1700000028.250000,-66.0,100.0450,104.0769,98.2497,106.2309,98.5089,102.7035,103.2473,101.1187,104.7378,101.9804,108.0602,107.4895,108.4666,107.4895,110.8558,107.0047,111.4002,103.1601,109.4806,107.0047,107.2800,109.1100,103.4456,109.7862,109.7862,111.3283,114.1622,105.6220,112.2720,106.9018,110.4400,108.9312,107.9352,105.5367,101.4150,96.8814,96.3379,93.0591,90.5538,92.6553,84.5931,85.2878,80.2247,80.2247,76.1643,74.0608,75.0067,70.0071,69.0290,69.0290,70.3491,66.4831,0.0000,0.0000,0.0000,0.0000,0.0000,0.0000,0.0000,0.0000,0.0000,0.0000,0.0000,0.0000
1700000028.300000,-59.0,108.6738,106.9439,105.1903,106.4706,105.8159,104.6231,105.6882,105.9481,107.0747,106.7802,106.7802,108.2266,107.4151,108.0046,108.0046,107.2986,105.8915,104.3504,104.9952,104.2353,104.3504,105.6456,104.2353,106.2168,107.8147,106.9626,106.2168,106.4049,107.1681,104.2353,102.8008,103.4070,100.4390,95.6922,95.4149,91.8096,90.2109,87.3212,85.0882,83.2406,77.8974,76.5376,75.5910,69.7711,69.7711,66.1891,65.7419,64.8845,64.0781,63.3246,61.9839,61.1310,0.0000,0.0000,0.0000,0.0000,0.0000,0.0000,0.0000,0.0000,0.0000,0.0000,0.0000,0.0000
1700000028.350000,-62.8,106.2168,106.7942,106.0660,106.0754,106.0754,102.5524,104.1393,104.1393,103.4795,102.9417,104.3504,106.0424,106.5270,104.6375,104.8093,105.4372,105.4372,103.6002,102.3426,104.2929,101.8332,103.7304,100.4390,103.1746,106.2544,103.7304,104.6231,102.8008,102.0049,100.6032,97.4526,98.0816,94.2603,91.3510,91.2853,89.1403,84.8646,82.8070,78.5684,77.7946,74.9667,73.5935,70.9366,68.7677,65.2993,64.0312,64.6607,62.8013,61.8547,60.2080,58.3095,58.1808,0.0000,0.0000,0.0000,0.0000,0.0000,0.0000,0.0000,0.0000,0.0000,0.0000,0.0000,0.0000
1700000028.400000,-62.1,102.0686,105.4751,100.4988,105.4751,96.8762,100.4092,98.2904,98.3107,98.3107,96.9381,100.6578,99.3579,100.8960,100.2646,102.1763,95.4254,101.2126,95.0000,101.2126,99.0202,98.8585,98.8585,93.2363,97.4166,97.2008,97.8008,97.4526,91.6788,96.5401,88.0909,91.3510,89.8721,88.4138,84.1724,82.0244,79.2086,79.2086,76.4199,74.3303,73.6614,70.2922,68.8840,66.0681,65.4370,64.0312,59.6406,58.6003,59.0762,56.8595,58.8303,57.7062,55.9464,0.0000,0.0000,0.0000,0.0000,0.0000,0.0000,0.0000,0.0000,0.0000,0.0000,0.0000,0.0000
1700000028.450000,-63.3,108.4620,107.1541,104.7521,107.7033,102.1812,104.3552,103.7401,103.1601,102.8834,101.9215,107.0047,105.9906,106.2309,105.7733,106.7380,105.1190,106.0990,100.6628,105.5367,102.1812,100.2247,101.7890,97.0824,100.0200,99.0404,100.0200,99.2472,96.3172,99.4636,94.3663,95.8019,94.8314,91.4822,89.2861,88.8876,85.0706,84.7585,81.3449,81.1542,78.0000,73.5391,75.2396,69.3542,69.3542,66.2118,65.7647,63.9531,64.0078,61.9112,61.2944,61.4003,61.0737,0.0000,0.0000,0.0000,0.0000,0.0000,0.0000,0.0000,0.0000,0.0000,0.0000,0.0000,0.0000
1700000028.500000,-62.6,102.1567,100.3195,97.0824,102.0441,97.9439,97.4936,98.4886,96.7471,98.1122,97.4166,101.7890,99.0202,99.3227,100.6876,99.8599,95.6922,99.0454,95.1315,98.0051,96.8349,96.0208,95.2103,92.8009,94.6414,94.6414,96.0469,93.7230,92.4554,96.2133,92.4554,92.6553,93.2309,92.0869,86.5332,88.2043,83.7616,85.4400,80.6226,78.7718,77.0260,73.3485,70.6612,69.7782,67.9779,65.7419,63.1585,62.7694,62.0322,60.4070,61.0328,58.2409,57.4891,0.0000,0.0000,0.0000,0.0000,0.0000,0.0000,0.0000,0.0000,0.0000,0.0000,0.0000,0.0000
1700000028.550000,-65.4,104.7091,99.7647,103.7545,101.5332,99.7447,97.0824,100.3195,97.9898,99.1615,102.6937,101.9510,102.6937,101.0198,101.2423,98.0816,101.5332,98.3717,99.6243,97.1236,98.3717,98.6712,98.0816,98.3717,98.9545,100.0000,97.2677,97.5295,101.3903,97.2677,100.9604,94.8683,98.0816,94.3398,93.4077,91.0000,90.8735,86.7640,83.1865,80.5295,77.4145,78.2943,73.3553,76.1577,67.7422,66.7308,65.4599,65.4599,63.8201,63.4114,62.6259,60.9590,57.9828,0.0000,0.0000,0.0000,0.0000,0.0000,0.0000,0.0000,0.0000,0.0000,0.0000,0.0000,0.0000
1700000028.600000,-63.1,105.0762,100.0450,106.0047,103.0049,103.0049,100.0200,101.1237,100.1798,100.2447,103.1746,103.1746,102.3963,102.3963,100.4988,98.4124,100.9752,99.9850,100.9752,98.3107,100.6231,100.1299,98.6560,98.8585,101.2719,100.1299,100.1299,99.1413,100.7174,99.7246,98.8585,97.3293,97.3293,95.1315,92.0489,91.0055,90.0000,86.0233,82.0549,79.1581,77.2334,77.2334,73.1710,74.3303,69.2604,66.3702,64.6297,65.6201,63.1506,62.1691,61.6117,60.7289,59.1354,0.0000,0.0000,0.0000,0.0000,0.0000,0.0000,0.0000,0.0000,0.0000,0.0000,0.0000,0.0000
1700000028.650000,-61.4,108.9312,107.4895,101.3163,106.8316,100.0050,100.7671,100.2646,99.6394,101.8283,99.8098,102.2008,103.2279,103.2279,104.0433,103.2279,102.0833,103.4650,98.7927,101.7890,100.9554,99.2975,102.6255,97.9081,97.9439,100.4042,100.4042,102.9029,97.6524,99.0454,95.2103,95.6033,94.6414,93.7230,88.5268,89.9389,84.9588,82.8794,80.6102,80.6102,77.7946,72.1249,70.7248,69.3109,67.9412,64.5368,63.8905,62.6259,63.4114,62.4260,60.4649,59.6825,58.5918,0.0000,0.0000,0.0000,0.0000,0.0000,0.0000,0.0000,0.0000,0.0000,0.0000,0.0000,0.0000
1700000028.700000,-62.0,104.5801,104.4797,102.5914,105.3850,101.8332,99.2975,100.2846,100.8067,101.7890,100.2247,103.0776,102.6158,102.1078,101.6514,102.3572,97.8008,99.0404,95.2103,98.6712,97.1236,96.1665,97.1236,92.9731,96.5660,98.6813,96.4624,98.0816,96.1353,98.6712,94.2550,94.3716,94.3716,91.6788,90.0278,90.6090,83.9524,83.7437,82.3772,80.2309,79.0759,71.4493,74.4312,69.4622,67.3647,66.2722,64.0703,65.0692,64.0078,64.0312,63.0079,61.0737,59.3043,0.0000,0.0000,0.0000,0.0000,0.0000,0.0000,0.0000,0.0000,0.0000,0.0000,0.0000,0.0000
1700000028.750000,-62.0,100.6578,99.7246,99.2975,99.0202,95.8175,96.4624,96.8401,97.8008,95.6033,96.0469,98.7168,96.8814,97.2934,96.6902,95.1262,96.0260,97.0155,93.0591,95.7549,94.8947,94.2019,94.7629,93.9042,95.3363,96.6282,95.5249,97.7394,95.8853,96.0260,95.0368,93.7443,93.9415,90.7083,89.2861,86.8332,85.4400,84.2021,80.3243,78.4347,76.2168,73.7360,72.8011,70.0071,66.8506,65.3070,63.5059,63.0635,62.1772,60.5392,59.3633,59.0762,57.6281,0.0000,0.0000,0.0000,0.0000,0.0000,0.0000,0.0000,0.0000,0.0000,0.0000,0.0000,0.0000
1700000028.800000,-65.0,102.9563,100.2846,101.7890,100.4490,100.4390,96.5401,97.5295,98.0816,98.0306,99.3277,100.2447,99.9600,100.9009,101.0198,99.3680,100.7224,99.3177,99.3177,102.0441,101.5529,97.9898,102.8591,98.4124,101.0742,102.4597,99.3177,100.1798,99.7447,98.8989,98.4124,94.5410,95.4620,93.9840,90.8240,90.1388,88.8651,83.8153,83.9345,80.5233,77.6209,75.9276,72.8011,73.7564,67.4685,64.3273,63.3482,62.8013,61.8142,61.4003,59.2115,57.0351,54.0093,0.0000,0.0000,0.0000,0.0000,0.0000,0.0000,0.0000,0.0000,0.0000,0.0000,0.0000,0.0000
1700000028.850000,-63.0,103.9423,99.9850,102.4744,101.1187,99.2975,97.9439,96.6644,98.0867,99.9250,101.7693,102.3181,100.9009,100.9009,101.8430,100.5684,103.1601,100.0000,100.5783,100.2846,100.2846,99.6243,102.2008,98.9798,101.2423,99.6243,97.7190,98.3717,98.0306,97.7190,98.0306,92.4770,93.4077,90.6201,90.8735,87.3212,85.4927,82.7345,78.2943,75.6637,72.0694,73.0616,70.3278,68.6003,63.2851,61.5873,59.6406,59.0762,59.0762,58.8218,56.2228,53.9073,54.4518,0.0000,0.0000,0.0000,0.0000,0.0000,0.0000,0.0000,0.0000,0.0000,0.0000,0.0000,0.0000
1700000028.900000,-63.7,112.0045,106.0000,107.0420,106.0189,106.1179,101.1237,102.4890,102.5914,106.0660,106.4706,107.5639,106.6771,106.7942,107.6708,105.8017,107.3546,102.5914,104.3935,102.4207,104.7378,102.2595,103.9423,102.2595,103.7545,104.2353,101.6071,102.2595,103.0970,99.2975,101.7104,97.4166,97.5141,97.3293,92.1954,92.0869,91.0055,87.0000,84.0536,81.1542,79.0569,78.1601,75.1066,76.2365,70.2567,68.2642,66.4831,66.6108,64.6297,64.1327,64.0312,63.0635,58.8218,0.0000,0.0000,0.0000,0.0000,0.0000,0.0000,0.0000,0.0000,0.0000,0.0000,0.0000,0.0000
1700000028.950000,-61.0,102.2008,97.8008,100.8960,98.0816,99.2472,92.6984,98.3514,94.7523,98.9949,99.0858,99.8248,99.9050,100.6578,100.0050,99.1564,102.3035,98.0816,100.8960,96.8298,99.8098,98.8585,100.4241,99.2018,99.6243,102.0049,99.4032,102.0049,103.8557,98.7168,101.5332,94.8472,96.3328,96.8969,94.0479,91.9348,91.9239,89.1067,85.6329,83.6301,80.9197,79.6492,75.4321,77.0065,68.4105,70.0000,68.0074,69.0652,67.9559,67.2309,68.0000,63.5059,62.7694,0.0000,0.0000,0.0000,0.0000,0.0000,0.0000,0.0000,0.0000,0.0000,0.0000,0.0000,0.0000
1700000029.000000,-61.6,109.7725,106.2121,108.5035,105.0762,107.0794,101.9804,104.2929,106.0424,107.9676,107.9676,110.4400,108.1573,109.1100,109.4440,108.5035,111.2340,106.7755,108.6324,106.6208,107.9352,109.0046,109.2520,107.5407,108.3374,110.6933,108.3374,109.1650,107.9352,107.0187,108.3374,101.3903,101.7693,103.8171,98.6813,97.4064,95.2103,93.0054,90.5207,89.7385,85.8662,82.0061,78.5875,80.2808,74.9533,72.0347,69.4262,68.2495,68.7314,68.7314,65.3758,64.1249,63.0000,0.0000,0.0000,0.0000,0.0000,0.0000,0.0000,0.0000,0.0000,0.0000,0.0000,0.0000,0.0000
1700000029.050000,-58.5,114.2147,110.2588,111.4002,111.0405,112.0045,105.8017,107.6151,106.2309,108.7566,110.3857,109.2886,110.1363,111.2205,107.7033,106.8504,110.5351,105.5888,110.0591,105.1190,108.6738,106.4706,107.3546,107.4244,105.1190,105.6788,102.9563,101.9657,104.2353,100.6231,102.4744,97.1288,98.0051,96.3846,92.7847,91.0659,91.2634,87.4185,83.2406,81.2158,77.0065,77.2010,72.0069,74.0270,68.2495,66.0681,64.0312,63.8905,63.2535,61.5549,60.1082,58.7963,57.4891,0.0000,0.0000,0.0000,0.0000,0.0000,0.0000,0.0000,0.0000,0.0000,0.0000,0.0000,0.0000
1700000029.100000,-63.1,113.3181,111.2340,110.8603,109.0046,106.9766,103.8171,104.0433,104.4031,102.4890,103.7401,104.3552,104.4031,105.3613,104.1201,102.2008,103.8123,102.8397,100.1699,99.4636,100.6628,98.7168,99.2472,96.7729,97.2934,97.0155,97.2934,98.2700,95.5667,93.8616,93.6216,89.8443,90.8020,88.8876,86.9770,84.4334,83.2166,80.9938,74.8465,73.0069,72.0902,70.2638,68.4471,66.6408,61.2699,61.2699,59.9333,58.1378,57.3062,57.4543,54.0833,53.2541,53.4135,0.0000,0.0000,0.0000,0.0000,0.0000,0.0000,0.0000,0.0000,0.0000,0.0000,0.0000,0.0000
1700000029.150000,-60.8,114.7258,110.6029,110.1635,108.4159,107.2800,104.6948,104.0433,103.0922,103.7304,103.8171,105.6882,104.1777,102.6937,100.4639,100.4639,101.1336,99.8098,96.7729,97.9898,98.0867,97.1700,96.6644,95.7549,97.4936,96.1769,95.2733,95.2733,93.5201,94.8472,93.1075,89.6939,88.9550,88.6002,84.7585,83.4865,82.2192,79.4040,77.2010,72.5328,71.3092,70.3420,67.9117,67.9117,64.2884,62.5859,60.0167,58.8558,59.8415,59.4138,58.4209,58.0775,56.0357,0.0000,0.0000,0.0000,0.0000,0.0000,0.0000,0.0000,0.0000,0.0000,0.0000,0.0000,0.0000
1700000029.200000,-62.7,116.7647,108.7566,113.5341,108.7566,110.4536,100.4988,103.4456,102.0000,102.4744,105.5888,102.5768,103.7690,101.5332,101.5332,97.0464,102.5524,96.2549,99.3177,93.6216,96.6644,95.3415,95.8541,95.3415,94.5410,96.6644,92.7038,94.0213,96.6644,89.8999,95.7549,88.5494,89.4707,89.4707,87.3212,82.8553,86.0930,79.6116,76.8505,76.0263,70.4557,73.2393,66.6108,70.8025,65.0000,64.2028,63.2535,64.5368,63.1269,65.1153,63.6553,61.8466,60.2163,0.0000,0.0000,0.0000,0.0000,0.0000,0.0000,0.0000,0.0000,0.0000,0.0000,0.0000,0.0000
1700000029.250000,-63.9,105.7213,102.9612,99.0404,101.0000,96.1041,94.5939,95.3363,93.1451,93.9628,90.8020,93.6056,93.9202,93.6376,91.1811,91.4166,91.3893,89.5545,89.3196,89.0505,89.5545,88.7694,89.4707,87.7269,90.7855,89.8999,89.8999,90.8020,89.4707,91.2853,87.7269,86.7295,87.3155,87.3155,83.4865,82.2192,80.6536,81.3204,79.5550,76.9220,76.6877,73.5459,73.5459,70.0357,68.8840,67.8970,65.3758,65.1920,66.1211,63.0079,63.0714,61.2046,60.0167,0.0000,0.0000,0.0000,0.0000,0.0000,0.0000,0.0000,0.0000,0.0000,0.0000,0.0000,0.0000
1700000029.300000,-58.4,106.8270,103.0776,99.9050,102.0686,97.0000,97.5910,95.4620,95.4620,95.5249,93.5094,95.6713,96.8298,95.4254,97.0052,96.2133,95.6922,97.6524,92.6553,94.5780,94.8736,95.6922,95.4149,92.3580,95.1893,97.3499,95.7183,99.8599,96.7988,95.6922,95.1315,95.2103,95.0000,94.6414,93.0860,90.9065,88.6172,89.1964,84.8528,84.8646,83.4386,78.5684,79.3095,77.3369,74.6525,71.2180,69.4046,69.8928,70.1783,66.2420,67.0820,64.4748,62.3939,0.0000,0.0000,0.0000,0.0000,0.0000,0.0000,0.0000,0.0000,0.0000,0.0000,0.0000,0.0000
1700000029.350000,-60.8,101.4347,100.0200,96.1041,97.0824,93.3916,94.9210,95.2103,94.5569,93.6376,93.0484,95.8593,96.5660,97.6934,96.2549,97.6934,97.0464,97.9439,94.8103,98.8382,97.9490,96.6075,97.5295,96.6023,97.9490,98.8382,99.7647,99.2975,96.6023,98.3870,95.2575,96.6644,95.7549,94.5410,91.9239,89.3196,88.2553,86.6487,82.2800,82.2800,80.3617,77.6209,76.6551,72.7805,73.0069,69.6348,65.9242,66.7533,65.7647,64.2806,64.1249,61.0082,59.0339,0.0000,0.0000,0.0000,0.0000,0.0000,0.0000,0.0000,0.0000,0.0000,0.0000,0.0000,0.0000
1700000029.400000,-61.3,110.3177,105.3803,106.8316,106.1037,105.4751,100.0050,103.2327,100.4241,104.4031,105.0000,104.8093,106.4002,107.2007,106.6068,106.8316,107.9120,103.1746,104.5610,104.3072,108.2266,104.3072,105.8159,104.8475,105.4751,105.3945,104.8475,104.5610,106.0000,104.0096,103.1746,101.2571,103.2279,103.0049,99.0202,97.6166,93.6056,92.0217,89.1403,86.9770,85.5628,84.1724,80.6102,82.0731,75.0733,72.9178,72.3464,69.8140,71.8401,68.8186,68.5055,67.2309,66.2118,0.0000,0.0000,0.0000,0.0000,0.0000,0.0000,0.0000,0.0000,0.0000,0.0000,0.0000,0.0000
1700000029.450000,-60.6,102.2595,97.1648,98.6560,96.6902,97.0824,91.4440,92.8924,94.3716,94.6414,96.4624,97.0824,96.7988,96.7988,97.7394,96.1353,98.7927,94.1541,94.3398,94.5410,94.5410,96.2081,95.0789,92.7038,93.9415,94.9368,94.4299,94.0213,94.9368,93.0484,96.0052,90.4765,91.0824,89.8109,88.2327,85.7263,85.4400,83.2406,79.3095,78.1025,76.1577,76.6877,70.6116,73.1642,66.0984,64.9384,63.7887,63.5059,63.1269,63.0714,60.0000,60.0000,58.1378,0.0000,0.0000,0.0000,0.0000,0.0000,0.0000,0.0000,0.0000,0.0000,0.0000,0.0000,0.0000
1700000029.500000,-62.5,112.5389,110.7655,109.1146,107.1168,109.0413,103.0194,103.0194,104.0192,106.0424,106.0047,107.1681,103.1213,104.1729,105.3043,104.3072,104.4797,102.5914,103.8171,99.9850,101.9657,103.4843,103.0970,100.4042,102.5914,98.3107,101.7890,101.2719,102.4207,100.6032,98.9949,95.4254,94.5304,94.1329,93.0860,94.1913,91.0879,91.0055,85.0235,83.0060,80.0062,76.0066,77.0065,74.1080,73.1710,69.4622,68.4690,71.7008,67.8970,69.2315,66.2193,67.1863,65.1920,0.0000,0.0000,0.0000,0.0000,0.0000,0.0000,0.0000,0.0000,0.0000,0.0000,0.0000,0.0000
1700000029.550000,-63.7,108.9036,106.0660,106.8316,103.9471,102.6499,99.8248,98.4937,99.3579,99.2472,98.2344,98.7168,98.7168,98.8585,97.8008,97.2008,96.4002,96.8349,94.0479,94.8683,94.5780,93.4773,94.3027,92.0869,92.6499,94.8683,93.1933,94.0319,94.4034,94.0479,90.4434,90.4268,89.0225,88.8651,85.7963,85.7963,82.8070,80.6598,79.2086,78.5175,75.6902,72.9178,73.1095,72.1803,66.8431,67.0075,64.4050,65.8027,64.3506,61.9112,61.7738,60.8358,60.5392,0.0000,0.0000,0.0000,0.0000,0.0000,0.0000,0.0000,0.0000,0.0000,0.0000,0.0000,0.0000
1700000029.600000,-64.8,107.8703,105.3233,103.3247,104.5610,102.3572,97.5295,98.6712,95.5092,97.4064,94.5780,97.7394,95.6347,97.3088,97.3088,97.6934,93.9415,95.2733,91.6788,95.7131,95.7131,92.1303,94.4140,91.6788,94.8947,93.9415,94.4140,96.1769,91.7061,94.4140,92.5905,93.5201,88.2383,90.0777,86.5390,87.4643,82.6378,82.6378,79.7120,78.4474,78.4474,76.5376,73.6817,73.2462,70.6045,67.9117,68.4471,67.8970,66.9104,65.3758,64.1249,62.0081,61.1310,0.0000,0.0000,0.0000,0.0000,0.0000,0.0000,0.0000,0.0000,0.0000,0.0000,0.0000,0.0000
1700000029.650000,-61.0,99.7447,97.5090,94.9368,94.8472,93.5201,91.3893,88.9550,89.5377,88.5438,89.1852,90.8020,89.9889,89.2861,89.7385,88.0568,88.8426,86.8850,86.8850,88.4590,88.6454,86.6833,86.3134,84.3445,88.9550,88.6454,88.2836,87.4757,86.4928,87.4757,85.7030,85.1469,85.3756,83.6780,82.0061,78.8480,78.4474,78.4474,74.3303,71.7844,71.5122,69.6419,68.5420,67.6240,65.7951,63.5059,61.7171,60.9016,62.7694,59.9083,60.0000,58.4123,56.5862,0.0000,0.0000,0.0000,0.0000,0.0000,0.0000,0.0000,0.0000,0.0000,0.0000,0.0000,0.0000
1700000029.700000,-62.5,113.1371,109.7725,107.6708,108.9036,103.5857,100.3195,100.0800,99.0454,102.0000,99.0000,100.0200,102.0784,102.2399,100.2447,102.4890,98.8585,100.1299,97.0155,98.0051,99.1413,98.0051,100.4490,98.3107,101.2028,100.4490,98.8433,100.8067,99.2975,98.4784,97.3242,95.7549,96.1769,95.5249,92.5419,93.5361,88.3629,86.1452,86.0930,85.0235,85.0529,79.0063,78.0000,77.0065,74.1080,72.1110,70.3491,70.2567,69.7209,68.8840,66.4906,64.7611,63.9062,0.0000,0.0000,0.0000,0.0000,0.0000,0.0000,0.0000,0.0000,0.0000,0.0000,0.0000,0.0000
1700000029.750000,-64.1,108.1573,104.0625,103.8171,102.8834,101.0198,98.4886,97.9439,97.4936,98.1122,98.0051,99.8499,99.9850,101.0198,100.7025,101.7890,101.8332,100.2098,98.2293,100.0000,100.8018,99.0454,100.0000,97.4166,101.0445,100.6032,100.0000,100.6032,100.0000,100.6032,97.4166,98.4733,96.7988,95.4149,94.3398,91.9239,90.4268,89.9444,86.3134,84.9706,83.2586,81.4371,77.4726,76.3217,74.4648,71.5122,69.5701,68.9638,68.6804,66.7083,66.0984,65.4905,63.1269,0.0000,0.0000,0.0000,0.0000,0.0000,0.0000,0.0000,0.0000,0.0000,0.0000,0.0000,0.0000
1700000029.800000,-60.9,106.7755,101.8627,103.3925,99.8248,99.9050,95.2680,97.0052,96.4002,97.6524,99.0454,100.6876,101.7890,99.8599,99.6444,100.4988,100.2397,98.0051,98.8838,98.3870,100.1848,100.2397,99.7447,98.4124,97.5090,101.0742,98.3870,98.3870,99.2824,97.0464,98.4124,93.1504,97.1288,94.1541,92.1141,90.4268,91.5260,86.2670,85.0000,82.8010,80.4301,80.2122,76.2168,77.4661,69.6563,70.1783,68.6222,67.1789,66.4680,66.6033,63.8905,62.8013,59.3633,0.0000,0.0000,0.0000,0.0000,0.0000,0.0000,0.0000,0.0000,0.0000,0.0000,0.0000,0.0000
1700000029.850000,-59.9,104.9952,104.8046,101.2373,102.6499,97.5910,99.0051,97.6217,97.6729,99.9050,97.1854,100.7671,101.0445,101.5332,101.0445,103.0776,99.2018,103.6002,97.8008,100.8018,99.4032,99.8098,101.2571,95.8019,99.0454,99.4032,100.8018,100.8018,97.0052,99.2018,96.4002,95.2680,95.0158,92.6984,91.2853,89.1964,85.5628,85.5628,83.4506,82.0731,80.8084,76.4853,77.4661,73.8783,70.6045,69.0290,65.8027,66.0379,66.0379,64.0078,61.2944,62.6099,61.0983,0.0000,0.0000,0.0000,0.0000,0.0000,0.0000,0.0000,0.0000,0.0000,0.0000,0.0000,0.0000
1700000029.900000,-64.7,107.1681,107.2287,106.5692,106.2309,102.3132,103.5857,104.0865,100.2846,100.8067,100.4490,103.7545,102.1812,103.9423,102.1812,101.0000,101.1385,99.9250,98.4886,101.3903,100.1699,98.7168,99.2018,96.7729,100.4241,97.9847,100.4241,99.2018,97.0155,97.5141,96.7729,96.5091,95.9010,94.3663,92.9139,88.8144,88.8144,87.3670,84.1487,83.1505,80.0562,78.0256,76.0263,76.0066,74.0000,70.0286,68.0661,68.2642,66.3702,66.7533,66.2873,64.0312,61.3514,0.0000,0.0000,0.0000,0.0000,0.0000,0.0000,0.0000,0.0000,0.0000,0.0000,0.0000,0.0000
1700000029.950000,-58.7,106.9439,105.6788,104.4462,106.1744,101.8725,101.5480,100.7025,100.1249,99.5691,98.8130,101.0445,101.0445,100.8960,101.5332,100.1249,98.0816,98.5951,95.7758,95.5249,97.0824,95.5877,97.0824,94.0691,96.2081,96.8762,95.4620,98.2904,96.1769,96.9381,94.0479,93.5094,92.8493,92.6175,88.8651,89.0225,87.6185,85.4283,83.8153,82.0061,79.8812,77.6981,77.3886,75.4718,72.7186,71.5891,69.3181,68.8767,66.7083,66.3099,64.4748,65.4599,63.3246,0.0000,0.0000,0.0000,0.0000,0.0000,0.0000,0.0000,0.0000,0.0000,0.0000,0.0000,0.0000
1700000030.000000,-60.2,107.5639,104.1201,104.7855,100.1699,101.8676,98.2700,97.8621,96.3379,97.3242,98.8585,100.1299,99.6092,97.6217,96.3328,95.3363,97.1854,95.0842,96.0833,93.0215,95.0053,94.0479,95.0000,96.0000,95.0210,96.0000,95.0210,96.0000,97.0000,93.0000,95.0053,93.0860,94.0851,92.1954,90.2718,89.2749,89.3588,86.8332,83.8630,81.0494,80.0625,79.2465,77.4661,78.8543,72.5328,71.5681,68.9638,71.7844,67.4166,70.0071,66.6408,66.2420,62.7694,0.0000,0.0000,0.0000,0.0000,0.0000,0.0000,0.0000,0.0000,0.0000,0.0000,0.0000,0.0000
1700000030.050000,-61.1,105.4751,102.1567,101.1336,100.7224,97.0824,93.9149,95.7706,96.2549,97.2471,96.3846,96.8969,96.2549,95.4149,97.6524,92.3580,96.4002,95.0000,95.6033,94.0213,93.8616,94.6414,95.9010,95.0158,95.6713,95.7758,95.6713,96.4261,98.0816,96.6747,96.5401,93.4077,94.6414,93.6002,91.6079,89.8721,89.8721,86.8217,85.7555,83.3547,80.6226,79.1770,76.9415,77.3886,71.1126,69.3542,67.2309,68.1542,68.0074,67.7200,64.0312,64.5368,62.6498,0.0000,0.0000,0.0000,0.0000,0.0000,0.0000,0.0000,0.0000,0.0000,0.0000,0.0000,0.0000
1700000030.100000,-63.6,100.7671,97.3088,98.8585,96.0469,95.0000,92.2009,94.0479,92.9139,92.3580,94.8736,94.6678,92.7847,94.5145,92.1792,91.3017,93.4719,90.8020,92.1358,90.8735,92.1954,92.1358,92.7038,92.7038,93.4077,95.4620,92.4770,93.2309,94.5410,94.5410,94.9368,91.7061,92.1358,91.2414,89.4707,87.7097,86.4523,85.9593,83.0060,80.1561,77.1038,76.6094,74.6324,75.0000,69.0290,67.4759,67.3573,67.2681,65.7951,65.7647,63.0317,63.2535,57.6888,0.0000,0.0000,0.0000,0.0000,0.0000,0.0000,0.0000,0.0000,0.0000,0.0000,0.0000,0.0000
1700000030.150000,-61.6,104.4797,100.8415,99.9850,99.8499,96.3379,94.3663,94.1488,92.4175,93.3916,93.4077,94.9210,94.2550,93.6056,94.2444,93.3006,94.9210,93.4077,92.1141,94.5410,93.6216,93.7763,94.9368,95.4620,95.7549,96.2549,96.6644,97.1700,97.6934,95.8541,94.7048,93.6376,93.9202,92.3472,91.3947,90.8020,88.6002,84.6463,82.9759,81.5843,79.4292,78.0897,76.7919,73.6817,71.4493,68.4690,66.1891,67.1193,65.0077,64.0000,63.0714,62.3939,59.6825,0.0000,0.0000,0.0000,0.0000,0.0000,0.0000,0.0000,0.0000,0.0000,0.0000,0.0000,0.0000
1700000030.200000,-64.5,107.3546,105.2236,100.9752,102.9563,98.7320,98.3260,96.2549,96.1301,97.0206,97.0206,97.0052,99.0202,99.0202,99.0454,102.0441,98.5089,99.3227,98.1835,99.3227,99.1816,98.2497,102.4890,98.1835,98.3260,102.2399,100.3195,102.2399,100.0800,100.1249,98.0816,98.0051,98.0204,96.0469,93.1933,93.2631,88.2780,88.3629,85.8429,85.0000,82.0366,78.4474,77.2787,77.8781,72.0347,70.0928,69.2604,69.5701,66.7308,65.9242,64.4748,64.4127,61.4003,0.0000,0.0000,0.0000,0.0000,0.0000,0.0000,0.0000,0.0000,0.0000,0.0000,0.0000,0.0000
1700000030.250000,-64.4,105.1190,96.8349,98.0051,96.6747,94.8103,94.6414,94.0691,95.4620,93.3809,93.3381,94.1116,99.7647,97.7446,93.3809,96.5401,95.8019,97.2008,96.6075,97.0052,95.1315,96.0208,99.0202,94.0479,97.9081,99.8649,97.0824,97.9439,96.5194,97.9081,100.1699,95.8019,95.9635,94.4034,90.8020,92.4175,89.6437,87.8635,85.0412,80.6598,81.4678,82.8070,77.0779,74.9533,71.4493,68.7677,72.8629,70.7248,69.6563,67.4759,66.6108,65.1920,60.4152,0.0000,0.0000,0.0000,0.0000,0.0000,0.0000,0.0000,0.0000,0.0000,0.0000,0.0000,0.0000
1700000030.300000,-58.0,102.5914,98.3107,98.2904,98.2904,96.2081,95.5877,95.7758,93.2363,94.0213,95.0000,96.2601,95.9635,96.5194,97.6371,97.9081,96.2549,96.0417,95.1893,96.3846,96.8969,95.7183,96.3846,94.5145,98.4124,97.0618,98.9798,96.3846,96.0417,96.5660,94.6678,92.9139,93.4773,93.0054,89.2020,87.8009,86.2149,84.8116,81.0555,80.9197,78.6448,77.1557,75.0067,72.1388,70.7248,68.6222,65.1920,64.5368,65.6049,63.6003,63.8201,60.4649,59.5399,0.0000,0.0000,0.0000,0.0000,0.0000,0.0000,0.0000,0.0000,0.0000,0.0000,0.0000,0.0000
1700000030.350000,-62.0,106.2309,103.1746,103.0437,102.0784,100.0200,96.0052,99.0202,96.0469,97.1288,98.2497,99.5038,99.5038,98.6154,99.7246,97.6217,100.1299,98.3107,98.1529,96.3379,98.4784,98.0051,98.8433,97.1648,97.2934,99.0404,95.5249,96.5091,96.3379,94.2019,96.1769,93.5361,90.5538,90.3549,89.2020,86.0930,86.1452,84.2140,81.0062,78.0064,78.0064,76.0066,75.0000,75.0267,70.0643,68.0661,66.1891,67.4759,63.9531,63.9531,63.3482,62.0967,60.4070,0.0000,0.0000,0.0000,0.0000,0.0000,0.0000,0.0000,0.0000,0.0000,0.0000,0.0000,0.0000
1700000030.400000,-63.0,110.3087,108.1897,106.1508,105.4182,103.3247,100.7671,101.8283,100.4241,102.0049,103.0049,104.6231,102.3426,104.0096,102.3426,100.1249,101.8725,101.2126,100.7025,101.2126,102.4744,101.0198,98.9798,99.4786,102.8834,100.7224,100.2397,102.0000,100.2397,99.4786,98.9798,100.1699,97.7548,98.2700,92.3580,91.8096,91.8368,90.2109,89.0225,84.6463,83.8689,82.3286,79.5110,80.0562,75.7430,73.5935,70.0071,70.7107,69.3542,70.2922,69.4046,66.8506,64.1405,0.0000,0.0000,0.0000,0.0000,0.0000,0.0000,0.0000,0.0000,0.0000,0.0000,0.0000,0.0000
1700000030.450000,-61.5,109.8362,105.3945,106.8316,105.2093,106.0189,101.6710,101.4150,102.7278,101.2373,101.8332,102.5914,102.5329,102.5329,102.5329,101.8234,104.0048,101.2373,99.7647,100.0050,100.7671,101.5332,100.7671,100.8960,102.4500,102.3035,100.8960,101.6710,102.7278,101.9804,99.3579,97.0000,97.7446,96.9381,93.3809,91.9239,91.2195,90.5538,88.4590,85.0412,83.7377,81.8352,79.2023,77.8010,74.0270,73.4098,69.6348,72.1110,70.8308,67.2309,67.5352,65.7951,65.1920,0.0000,0.0000,0.0000,0.0000,0.0000,0.0000,0.0000,0.0000,0.0000,0.0000,0.0000,0.0000
1700000030.500000,-66.3,103.2763,103.9663,100.4092,101.8234,97.5910,99.9050,97.1854,97.9490,97.4526,95.6033,98.0051,99.0454,99.6243,100.1249,100.6876,97.4166,98.7927,94.3398,99.4786,96.3846,97.4166,97.2471,95.3834,99.2975,100.7224,99.8499,99.8499,96.7471,99.4786,94.1541,95.4149,95.4149,93.4773,91.5260,90.4434,86.0233,85.2115,84.8116,82.0061,80.9197,76.6942,77.8974,73.5935,72.8629,70.0357,67.8970,68.6804,66.7083,64.0312,64.8151,62.2013,61.0574,0.0000,0.0000,0.0000,0.0000,0.0000,0.0000,0.0000,0.0000,0.0000,0.0000,0.0000,0.0000
1700000030.550000,-61.2,105.4751,104.7378,105.5509,104.1393,101.5332,99.6394,101.0445,101.4002,100.0000,99.6243,101.7890,100.7025,102.3963,100.3444,100.8464,101.2126,100.2397,99.3630,98.4124,101.0742,99.7647,101.0742,101.0742,102.9563,102.4158,103.3151,103.3151,102.4207,103.3102,101.9657,97.1288,99.8499,99.1262,95.7183,95.1315,94.0319,90.9725,88.2327,88.4081,86.8332,83.7377,80.2808,80.0562,75.8222,75.6637,72.1249,72.1249,70.1783,70.2922,68.4105,66.6108,64.6607,0.0000,0.0000,0.0000,0.0000,0.0000,0.0000,0.0000,0.0000,0.0000,0.0000,0.0000,0.0000
1700000030.600000,-58.0,104.0769,104.0000,102.0441,102.0196,100.0800,99.1816,99.3227,99.3227,100.8415,98.9949,101.2719,99.8248,101.7890,100.8067,104.1393,100.6628,102.3572,99.2018,100.9604,102.2008,101.1385,103.1601,100.0000,103.4070,103.4456,102.7862,104.6948,103.4456,103.1601,100.2846,101.8676,99.6895,100.0200,96.5091,97.4936,93.2148,90.0944,89.6772,87.5728,86.3713,83.2947,81.1542,79.1012,74.0270,74.0270,71.0000,70.0286,70.1142,68.1836,66.2722,65.7647,64.5368,0.0000,0.0000,0.0000,0.0000,0.0000,0.0000,0.0000,0.0000,0.0000,0.0000,0.0000,0.0000
1700000030.650000,-65.9,111.0721,105.6882,107.2054,109.4440,106.6068,103.4456,101.8676,102.3572,102.3914,102.6109,104.1393,104.9238,104.7378,106.7052,104.3935,104.5801,104.4797,104.5801,103.5857,104.2353,104.4797,106.2309,102.7035,105.2331,107.4663,104.3072,107.2287,105.4751,104.4797,104.5801,103.0970,100.9752,100.1299,98.4784,98.0612,95.1262,92.6499,90.9560,88.3233,87.0919,82.8613,81.9085,79.0569,75.2728,72.1110,71.8679,71.6938,71.1758,68.8767,67.1193,66.0379,65.0000,0.0000,0.0000,0.0000,0.0000,0.0000,0.0000,0.0000,0.0000,0.0000,0.0000,0.0000,0.0000
1700000030.700000,-63.6,111.0180,108.1897,106.8316,107.4895,102.5914,102.7278,100.7671,101.6710,100.2646,101.2126,101.2126,100.4390,103.4698,101.2571,103.0049,102.0833,102.6255,98.1835,101.3558,99.6444,100.7025,102.2155,98.4784,101.3558,101.5480,101.3558,102.6255,101.7890,100.6876,99.2975,97.2008,99.0202,97.0052,91.6788,92.8493,89.2749,87.7838,86.3713,81.3204,79.9062,78.5175,78.5684,75.1665,73.1095,69.8140,68.6003,68.0074,66.8506,65.5134,64.0078,64.4050,62.6498,0.0000,0.0000,0.0000,0.0000,0.0000,0.0000,0.0000,0.0000,0.0000,0.0000,0.0000,0.0000
1700000030.750000,-62.2,105.3613,104.5466,101.6366,102.1078,97.5141,96.3172,95.9010,95.3520,95.1893,95.6347,97.8673,98.4124,99.3227,95.1893,98.1835,97.0824,97.0464,94.0213,95.0000,97.0052,95.0210,98.0051,95.0210,97.0052,99.0000,99.0000,99.0000,97.0206,99.0454,95.0210,93.1343,93.1933,92.4392,89.5600,90.5538,87.6926,85.9884,81.7863,81.3941,79.4292,76.6877,77.1298,71.3092,71.3092,68.6804,66.0984,67.0522,66.1287,63.1585,61.3270,63.5059,61.4003,0.0000,0.0000,0.0000,0.0000,0.0000,0.0000,0.0000,0.0000,0.0000,0.0000,0.0000,0.0000
1700000030.800000,-62.4,105.5367,102.9612,103.9423,101.0000,99.2975,95.3520,97.6217,97.3293,98.3260,99.2472,99.1262,98.0816,99.0454,100.0000,98.0459,101.0198,98.0204,99.0202,97.0464,98.0000,98.0051,101.0050,99.0051,100.1249,101.0198,99.0454,100.0200,102.0049,99.0051,98.0204,94.1913,94.1913,93.4345,90.5538,90.6697,88.6848,85.7088,83.3607,81.3941,78.6448,77.8781,74.7329,73.2462,68.6804,66.7608,65.1460,68.7095,64.8460,65.9242,62.6498,62.1772,59.6825,0.0000,0.0000,0.0000,0.0000,0.0000,0.0000,0.0000,0.0000,0.0000,0.0000,0.0000,0.0000
1700000030.850000,-61.7,106.8504,104.1009,100.8464,101.3558,100.7224,95.7131,94.8103,96.6023,97.9439,97.9898,97.5756,99.9250,98.4327,99.0202,100.4639,97.4064,97.4064,97.4064,95.5092,96.7988,94.9210,99.2975,96.4624,96.1665,99.6243,95.8175,98.0306,97.7394,95.2733,95.2733,90.0777,92.7038,90.8020,89.0000,89.4427,86.7698,83.1865,80.6226,80.7775,76.6616,76.3217,72.7186,72.9452,68.5055,65.8027,65.6049,67.0075,64.5368,63.0317,59.3970,61.5224,58.8982,0.0000,0.0000,0.0000,0.0000,0.0000,0.0000,0.0000,0.0000,0.0000,0.0000,0.0000,0.0000
1700000030.900000,-61.8,99.8248,98.2904,96.2081,96.8762,93.3809,94.1116,91.5478,90.9065,93.8616,92.2009,96.8349,94.0479,96.5194,95.9635,96.2601,94.3398,95.5249,90.2109,93.6483,94.6678,94.3398,94.3398,92.6607,96.1509,94.8947,97.1288,95.3834,92.7847,94.6678,92.6607,91.5260,91.5260,89.6270,85.2115,87.2009,83.4086,82.8010,80.2808,77.3369,76.5768,72.9178,73.6614,70.7248,67.9412,65.7647,62.2896,64.3817,63.2535,62.6259,61.4003,57.4282,55.2268,0.0000,0.0000,0.0000,0.0000,0.0000,0.0000,0.0000,0.0000,0.0000,0.0000,0.0000,0.0000
1700000030.950000,-58.9,97.0206,98.0459,94.0851,97.1288,93.1933,93.2631,90.6697,91.9239,93.0591,91.5915,94.5410,92.1954,95.9010,96.3172,94.3663,93.8616,96.3016,92.4446,94.9210,94.6414,94.3716,94.6414,90.5207,95.5092,95.2103,95.2103,96.1665,94.3716,94.3716,91.6788,92.1954,91.0055,90.4268,87.2983,87.1321,83.0241,82.0366,81.3019,79.2275,78.2304,74.1687,73.1095,70.0643,69.0290,67.0075,64.0078,63.0714,63.1981,63.2851,61.6604,59.6657,58.6941,0.0000,0.0000,0.0000,0.0000,0.0000,0.0000,0.0000,0.0000,0.0000,0.0000,0.0000,0.0000
1700000031.000000,-63.3,103.7111,103.0776,102.4158,102.0049,101.2571,100.9554,100.4988,97.6166,101.5972,100.7224,101.1187,102.8591,103.7545,102.4597,102.8834,100.8464,102.6937,98.0867,102.3181,102.8834,101.0198,101.9510,100.4639,103.1213,103.1213,103.1213,104.7521,101.0198,102.6937,102.3181,101.2373,99.9250,100.3195,95.7549,93.9415,91.2414,91.2414,87.3212,86.0930,83.8630,79.6116,80.4550,76.8505,74.3303,72.6705,71.6101,71.4003,67.6240,65.9469,65.1153,65.7647,64.5368,0.0000,0.0000,0.0000,0.0000,0.0000,0.0000,0.0000,0.0000,0.0000,0.0000,0.0000,0.0000
1700000031.050000,-63.6,109.0734,103.1213,105.4751,103.3102,103.6967,98.0051,103.0970,101.2719,101.9804,103.9423,105.5367,104.3456,104.5610,105.2616,102.1078,104.6948,101.5332,102.7862,102.7862,102.1421,102.7862,104.6757,104.3552,106.9766,104.3552,104.3552,103.0922,103.7304,102.1421,104.9952,100.2846,100.4241,99.6895,97.5141,97.2934,97.0824,91.5915,89.1067,86.8332,83.7257,84.8528,79.6304,81.2219,75.1665,74.0608,71.0000,72.0069,71.0000,69.1158,69.1158,66.4831,66.2873,0.0000,0.0000,0.0000,0.0000,0.0000,0.0000,0.0000,0.0000,0.0000,0.0000,0.0000,0.0000
1700000031.100000,-60.9,107.3546,103.8316,103.9423,102.5768,102.2155,98.4784,101.7890,98.4733,99.6243,100.2098,102.0049,102.6158,103.2327,101.5332,102.9417,103.3925,101.2373,100.5684,99.0051,102.5914,101.3163,103.2763,100.4490,101.8332,102.5914,102.5524,104.7378,104.0625,102.6499,101.2373,98.7168,100.2646,100.4241,95.0000,96.6075,93.0054,92.9139,90.4268,88.8369,85.2350,80.7775,81.1234,79.1770,73.8241,73.7902,71.5891,70.7743,70.0071,68.0074,66.4078,65.0000,64.3273,0.0000,0.0000,0.0000,0.0000,0.0000,0.0000,0.0000,0.0000,0.0000,0.0000,0.0000,0.0000
1700000031.150000,-62.6,111.8302,107.0794,108.8531,107.6894,106.2121,104.0865,103.5857,103.4843,104.3072,104.2353,105.1190,105.0428,106.0189,106.0047,105.0190,106.0047,105.0428,103.0437,104.0769,105.0762,105.0048,107.0747,105.0762,105.1713,108.0741,105.1713,107.1168,108.0185,107.0047,105.0000,103.0194,103.0194,103.1213,99.1816,98.3260,96.6282,94.7629,89.9444,89.4427,86.3134,85.7030,81.2527,80.5233,73.9797,74.0405,71.1688,70.5195,71.7844,70.5762,68.0294,66.1891,64.4981,0.0000,0.0000,0.0000,0.0000,0.0000,0.0000,0.0000,0.0000,0.0000,0.0000,0.0000,0.0000
1700000031.200000,-59.7,99.0404,96.1041,95.5667,93.1719,93.8616,89.9889,91.3947,90.4434,91.0824,91.4166,92.6984,92.4770,92.1141,92.7038,91.3893,93.9149,89.8999,92.6121,89.4427,90.7855,92.1358,93.0215,90.8020,92.5905,93.9149,91.6788,92.5743,92.1358,90.3770,92.6121,88.3912,88.0227,87.6641,85.3815,84.7585,83.8153,80.3617,78.1025,76.6877,72.7805,70.4060,69.4262,69.8713,64.7765,62.6498,60.5310,60.2993,59.3043,60.1332,58.0086,57.0351,54.2310,0.0000,0.0000,0.0000,0.0000,0.0000,0.0000,0.0000,0.0000,0.0000,0.0000,0.0000,0.0000
1700000031.250000,-61.1,104.6614,101.8627,101.9117,96.9381,97.8366,92.3147,92.6175,95.2103,96.0208,95.6922,97.9081,95.7183,97.0979,97.4166,96.5660,98.4124,96.1769,96.6023,95.7079,96.1769,97.4936,97.9439,97.4936,98.8433,98.3870,97.9439,97.9439,99.2975,96.1769,97.0618,92.7847,92.2822,93.4933,90.9725,89.5879,88.4816,83.8153,81.2158,80.4301,75.4321,73.2462,71.7008,71.7008,67.2681,65.2993,62.9365,62.9365,61.5224,61.5549,60.3075,59.5483,57.4282,0.0000,0.0000,0.0000,0.0000,0.0000,0.0000,0.0000,0.0000,0.0000,0.0000,0.0000,0.0000
1700000031.300000,-58.8,103.2763,102.6499,99.3579,100.0050,94.6414,97.4526,94.8683,92.9139,94.3027,94.8736,97.6371,96.2549,96.0417,96.8969,98.1122,97.0618,99.2975,95.2575,98.3870,97.9439,97.0464,97.9439,97.4936,97.9439,98.0051,98.3870,97.9439,97.0618,98.9798,94.0213,92.9624,94.6678,89.3588,88.7525,87.4185,83.6002,83.4086,80.8084,76.5768,73.2462,72.9178,69.4262,67.2681,66.5282,63.7024,61.5224,61.5224,59.4138,58.0517,57.0088,57.2014,55.2178,0.0000,0.0000,0.0000,0.0000,0.0000,0.0000,0.0000,0.0000,0.0000,0.0000,0.0000,0.0000
1700000031.350000,-61.5,100.6032,99.2018,95.2103,95.8019,93.4773,92.3580,92.9624,92.4392,93.2952,92.1792,96.1769,94.3663,95.2575,95.7079,94.8103,95.7549,94.8472,90.8020,94.5410,95.7549,93.5201,93.5201,92.1954,94.1541,94.9368,95.3415,94.4299,92.5743,93.0215,89.4427,90.4268,90.0500,88.5099,84.0595,82.0975,79.3221,78.2368,75.8024,74.4043,70.6045,69.0290,68.8840,66.8431,63.8905,60.9590,58.6941,58.0517,56.5685,57.2800,56.5862,55.2268,53.6004,0.0000,0.0000,0.0000,0.0000,0.0000,0.0000,0.0000,0.0000,0.0000,0.0000,0.0000,0.0000
1700000031.400000,-59.8,105.5367,107.4895,101.7890,104.1393,98.4784,101.1187,98.8585,98.6154,97.6217,97.1854,103.0776,102.0784,101.0792,100.0200,102.0441,97.0000,103.0049,97.0000,103.0049,100.0000,99.0202,99.0051,97.0000,101.0445,100.0450,101.0050,100.0050,95.0210,100.0450,92.0054,97.2523,92.1954,91.5478,89.5600,88.5664,82.7345,82.4924,80.0625,77.2787,78.4474,70.6116,74.5252,67.6831,68.8840,66.7083,61.6847,61.4003,61.9839,59.4643,59.4643,60.1664,60.3738,0.0000,0.0000,0.0000,0.0000,0.0000,0.0000,0.0000,0.0000,0.0000,0.0000,0.0000,0.0000
1700000031.450000,-65.8,105.1095,104.5466,102.5524,102.5524,98.0867,98.3870,98.8838,97.6166,99.4786,96.8969,99.9850,100.7025,101.7890,99.8599,101.5480,101.8332,98.8130,99.0454,98.8130,97.2008,97.4166,99.4032,96.6075,99.2018,99.4032,99.8098,97.8008,98.2293,97.6524,94.0479,94.8736,94.8736,93.8136,90.2109,89.6939,86.8332,84.5340,82.7647,79.6241,77.8781,74.7329,74.3236,72.6154,70.0071,67.7791,62.9682,65.7875,66.0984,64.2884,63.7887,62.3699,61.5224,0.0000,0.0000,0.0000,0.0000,0.0000,0.0000,0.0000,0.0000,0.0000,0.0000,0.0000,0.0000
1700000031.500000,-58.9,102.9417,102.9417,100.8018,101.4002,98.2293,96.5194,95.4149,97.4166,96.8969,96.2549,99.3630,99.7647,101.5332,98.3870,99.2975,99.3177,98.8989,95.7549,99.3177,96.6644,98.8433,98.8989,96.2549,100.0900,100.3195,98.0867,102.0441,98.4124,99.7447,96.1769,97.4936,94.8262,96.3846,91.0659,90.7359,88.5099,88.8369,86.0233,84.6286,83.2346,76.4003,80.8022,75.2861,74.5185,70.8378,68.6222,69.3109,68.5930,66.4831,65.1153,64.8151,63.5138,0.0000,0.0000,0.0000,0.0000,0.0000,0.0000,0.0000,0.0000,0.0000,0.0000,0.0000,0.0000
1700000031.550000,-61.8,93.1343,94.2603,93.3435,90.5538,89.1067,88.4590,88.0738,89.2693,90.4710,90.9560,91.7606,92.0489,94.2550,93.9202,94.8683,92.6984,93.9840,92.4770,92.8493,92.4770,95.2733,94.7048,93.6216,96.1769,98.0867,95.7549,97.5756,95.8541,96.3846,95.4620,93.6376,94.2444,93.6056,90.8020,90.5207,89.0225,84.8999,82.9759,82.9759,80.6040,78.0897,77.2787,75.5381,73.3348,70.3491,68.1175,67.0671,69.0072,67.0000,66.0303,64.1950,63.6396,0.0000,0.0000,0.0000,0.0000,0.0000,0.0000,0.0000,0.0000,0.0000,0.0000,0.0000,0.0000
1700000031.600000,-62.8,104.2161,102.8834,99.4786,98.9798,99.3227,99.8599,98.2293,98.0051,100.0000,101.2126,101.6710,102.1763,104.2353,106.1508,104.0625,106.7755,104.6614,103.9663,104.6900,104.0048,106.0660,105.3803,106.1508,109.2245,108.3005,107.6290,110.3902,108.3005,109.6221,108.9312,106.1037,106.8316,105.6456,104.1393,102.1763,100.2646,97.3088,95.0000,93.0054,92.4175,86.2670,85.7030,84.9058,79.9250,77.6981,74.3034,76.0263,75.5844,72.4983,71.6938,70.3847,68.9638,0.0000,0.0000,0.0000,0.0000,0.0000,0.0000,0.0000,0.0000,0.0000,0.0000,0.0000,0.0000
1700000031.650000,-62.2,98.0816,97.2523,95.5249,94.2603,94.8947,94.2019,94.5410,93.9415,96.3172,95.8019,100.9604,98.0816,98.6712,99.6243,101.2423,100.2447,100.5684,99.6243,99.9600,102.4597,100.2447,104.6757,100.9009,104.5466,106.0424,105.1095,106.6255,107.2054,105.3043,104.9952,102.6158,104.2929,103.5857,99.2472,98.8433,96.5091,92.3959,91.6624,89.5600,87.3670,82.1523,79.1012,81.0247,74.0270,73.0000,70.0071,70.0643,70.1783,67.2681,67.3647,65.9242,64.5368,0.0000,0.0000,0.0000,0.0000,0.0000,0.0000,0.0000,0.0000,0.0000,0.0000,0.0000,0.0000
1700000031.700000,-65.2,99.9850,99.1262,99.0454,99.8649,97.4166,96.4002,97.9490,98.4937,99.0858,100.5684,101.3163,101.2373,103.3247,103.2763,104.6518,103.3925,103.3925,101.2373,103.4795,104.9952,104.2353,105.1190,103.3247,106.3015,107.5639,106.2168,107.0561,106.9626,108.3005,106.2168,101.8332,105.3803,101.8627,99.1564,97.0824,96.6747,93.6002,91.2634,86.8389,84.6286,81.2711,78.4920,78.2304,74.0945,73.2462,69.8355,67.6018,67.6018,65.2993,64.0781,62.9682,64.1950,0.0000,0.0000,0.0000,0.0000,0.0000,0.0000,0.0000,0.0000,0.0000,0.0000,0.0000,0.0000
1700000031.750000,-65.0,100.0000,97.4064,98.9798,98.6813,97.7394,93.4077,94.8472,97.9439,97.0824,101.0792,100.2397,99.9850,99.4786,104.9571,99.8499,100.4042,99.2975,102.3963,100.4390,100.9554,100.4042,102.6499,103.7304,104.4031,102.3426,105.6835,102.4158,103.1746,100.7025,99.6444,99.8499,99.8499,97.4936,93.9415,94.8103,90.8735,87.7269,83.9345,84.8646,80.3243,77.1622,74.6726,78.1089,70.5195,71.1688,65.8027,65.1460,62.9682,63.1506,61.8142,60.6712,58.2151,0.0000,0.0000,0.0000,0.0000,0.0000,0.0000,0.0000,0.0000,0.0000,0.0000,0.0000,0.0000
1700000031.800000,-61.3,103.0437,105.0000,101.0198,105.0428,100.1798,100.0800,100.3195,100.1249,97.4166,101.1187,103.9471,104.3935,103.2473,103.9471,102.2595,105.1190,106.0990,102.7716,102.9612,105.3803,103.4070,102.5914,100.2247,103.3683,104.9238,104.3456,103.9423,103.4070,102.9612,99.4636,98.6154,98.3260,97.2523,95.1893,92.0869,89.0898,87.1436,86.0058,81.0555,82.0000,78.0577,77.0260,74.0608,74.1687,67.0671,67.3647,65.3758,66.9104,62.9682,63.7887,61.1310,61.1310,0.0000,0.0000,0.0000,0.0000,0.0000,0.0000,0.0000,0.0000,0.0000,0.0000,0.0000,0.0000
1700000031.850000,-61.6,101.1187,100.2846,97.8621,98.8433,97.0824,93.3916,94.1116,95.0789,94.6414,93.9628,96.1665,95.8175,96.4624,94.8683,94.5569,95.0789,93.0484,92.1141,93.2309,93.2309,92.1141,93.6216,91.1811,94.0213,94.5410,92.1954,93.2309,92.3093,92.4770,90.8240,90.4765,88.5438,86.9770,85.4400,85.1645,81.7435,82.4621,77.8781,76.4853,75.5050,70.4060,68.2495,69.8713,65.6201,64.4981,63.3877,63.2851,61.0737,60.0083,59.0000,60.0333,59.3043,0.0000,0.0000,0.0000,0.0000,0.0000,0.0000,0.0000,0.0000,0.0000,0.0000,0.0000,0.0000
1700000031.900000,-61.5,108.7474,105.1190,105.5509,103.7545,101.9657,97.1288,100.8464,99.0202,98.2700,99.0454,100.0000,101.2126,101.0445,100.2646,99.6394,102.3035,99.2472,97.9490,97.7446,99.2472,98.4124,97.6729,99.7246,100.4092,101.1187,101.1187,100.4092,104.0625,101.2373,99.7647,100.1249,99.3579,98.7168,97.2008,96.0208,93.2309,93.2309,90.1388,87.3670,83.0060,81.8841,79.2591,80.5295,72.0069,75.5844,71.5891,69.8570,70.0071,70.5762,69.2604,67.4463,65.3070,0.0000,0.0000,0.0000,0.0000,0.0000,0.0000,0.0000,0.0000,0.0000,0.0000,0.0000,0.0000
1700000031.950000,-57.8,99.3227,94.3398,97.1288,95.1893,94.0851,91.0055,91.0220,90.1998,93.1343,93.5361,94.8947,93.5575,95.7079,94.7259,95.1893,95.9010,93.3916,93.9415,95.8019,96.5401,95.5667,96.3172,95.3363,98.6712,101.2423,98.3717,100.4241,103.0776,99.4636,100.6628,98.8433,100.4490,99.9850,94.6414,93.5361,94.5304,92.4392,88.2780,87.1436,85.0059,83.0060,79.0063,78.0256,75.1066,71.2531,69.3542,69.5845,68.5930,67.8970,67.8970,65.7343,61.9839,0.0000,0.0000,0.0000,0.0000,0.0000,0.0000,0.0000,0.0000,0.0000,0.0000,0.0000,0.0000
1700000032.000000,-61.1,101.5972,96.2549,97.9439,98.4784,96.5194,95.0000,94.6414,95.2680,97.9490,96.2081,99.7046,99.7046,102.5914,101.2373,101.9117,103.5857,100.7671,101.4150,102.6158,102.6158,103.7111,106.2121,104.2017,107.6476,108.6002,106.0189,110.0000,110.6029,109.0183,109.8089,104.9952,107.0561,106.2168,103.2763,103.2473,100.4092,98.2904,94.1754,91.4385,89.3756,88.8651,84.6463,84.2021,77.0065,77.2010,73.7835,73.4983,72.4017,72.7186,68.4763,69.3181,65.5515,0.0000,0.0000,0.0000,0.0000,0.0000,0.0000,0.0000,0.0000,0.0000,0.0000,0.0000,0.0000
1700000032.050000,-65.2,96.6023,95.7079,94.0213,95.8541,93.0484,95.8593,94.8683,94.2550,94.9210,96.7729,97.7446,101.0000,100.6231,102.5914,101.7890,103.0970,103.9471,99.9850,103.8171,104.0865,104.3935,103.9471,101.9657,107.2986,109.5536,109.4578,109.7725,107.3546,110.0273,105.2236,106.8878,107.2800,104.2929,101.9215,99.0404,97.1236,98.3717,93.6376,91.7606,88.0227,85.2350,83.7735,79.7057,76.9675,75.5844,73.3553,71.5891,68.6003,66.8880,66.2873,65.4599,63.2535,0.0000,0.0000,0.0000,0.0000,0.0000,0.0000,0.0000,0.0000,0.0000,0.0000,0.0000,0.0000
1700000032.100000,-58.4,92.1141,91.7878,90.8240,92.5743,90.4268,89.0505,92.1954,90.4710,95.5196,97.0824,96.1353,94.3716,97.9847,96.8401,99.7246,99.6895,99.0404,96.8814,98.0612,100.6628,99.2472,101.7890,99.6394,102.1078,104.5610,100.6231,104.5610,103.9423,102.5914,102.1812,101.4150,102.1078,101.6514,95.2103,94.5569,92.9731,91.3947,86.3771,85.7030,84.3090,80.4114,80.2309,75.7694,73.0069,68.0294,68.0000,67.9779,65.7647,63.6318,61.7738,59.6825,60.3075,0.0000,0.0000,0.0000,0.0000,0.0000,0.0000,0.0000,0.0000,0.0000,0.0000,0.0000,0.0000
1700000032.150000,-63.1,101.2423,98.6154,99.6092,98.7320,98.0051,93.3809,96.3172,97.5141,98.9545,101.1385,100.6876,102.2008,103.4456,103.7401,101.2423,104.6757,101.8430,103.7304,101.5923,103.7304,105.6220,105.3423,103.7304,105.4751,107.5639,106.0424,107.5639,108.4666,104.9952,104.6948,100.1699,102.3572,101.4150,98.8433,98.3107,96.0260,92.0706,90.5538,86.2844,82.2982,80.1561,77.0584,77.0065,72.0069,70.0071,67.0298,65.0692,66.1891,64.2806,62.5140,60.6712,58.2495,0.0000,0.0000,0.0000,0.0000,0.0000,0.0000,0.0000,0.0000,0.0000,0.0000,0.0000,0.0000
1700000032.200000,-63.2,99.2018,98.2344,100.0200,96.1041,97.8621,95.8853,96.3379,99.6394,98.0051,102.3132,102.3963,102.1225,102.0049,100.1249,101.2423,106.0189,100.0050,102.0049,100.0000,106.0424,100.0450,102.0441,103.0000,102.1763,105.0428,103.0049,102.0000,103.0049,103.0437,104.0048,97.4166,97.6217,99.7246,94.2019,91.2414,95.7549,92.4392,84.3445,86.1220,81.6088,80.2808,76.6551,76.5376,71.8401,71.1688,65.5515,67.0671,64.4127,62.2415,61.4654,62.2415,60.8276,0.0000,0.0000,0.0000,0.0000,0.0000,0.0000,0.0000,0.0000,0.0000,0.0000,0.0000,0.0000
1700000032.250000,-65.0,100.1699,99.4585,98.7623,99.4585,97.8008,96.4624,97.8621,97.8621,98.6154,99.0051,101.6366,102.4597,102.8834,102.8834,101.5529,101.5332,102.0000,98.4124,99.3630,98.8838,98.4124,101.2126,97.6166,100.3444,99.8499,99.1262,100.7224,102.0000,97.9490,97.9490,95.7079,95.2733,94.8472,91.7878,87.4643,86.5390,83.8153,81.2711,81.2711,77.4919,75.0000,71.8401,70.3420,65.5210,64.0312,60.6383,61.6117,61.1882,58.8558,59.6825,58.4209,56.0357,0.0000,0.0000,0.0000,0.0000,0.0000,0.0000,0.0000,0.0000,0.0000,0.0000,0.0000,0.0000
1700000032.300000,-59.3,107.9676,107.2007,105.2616,104.5610,104.3456,102.9612,101.2719,102.9563,105.2236,103.8171,105.0762,104.5801,106.5692,106.3814,106.9205,103.1746,105.2331,101.4002,103.1746,102.1763,102.3132,104.1729,101.2423,102.0441,103.1746,102.1225,103.2376,103.3925,102.5914,98.4124,98.0051,98.0051,96.5091,92.7631,92.7631,88.8426,87.0976,83.9345,82.8613,79.8123,77.1622,74.6324,72.4224,68.6222,67.0671,63.3246,67.2309,63.9766,60.4152,61.7171,62.2656,59.0762,0.0000,0.0000,0.0000,0.0000,0.0000,0.0000,0.0000,0.0000,0.0000,0.0000,0.0000,0.0000
1700000032.350000,-61.9,98.8130,98.8585,100.7671,100.2646,99.9050,97.7446,99.0051,94.0479,99.7647,98.2904,99.9050,100.4988,100.4988,100.5684,104.0625,101.6710,98.7168,97.3088,97.4526,101.0445,98.5951,98.8585,96.6747,98.7370,102.2008,97.2008,96.0208,99.6394,99.4032,96.2133,96.4261,92.0217,91.6788,89.8721,92.0217,86.3713,86.3134,82.0244,79.2086,80.9197,75.6902,73.1095,72.9178,66.7083,64.6607,65.4599,67.8012,65.6049,62.8013,65.1920,63.2851,59.4811,0.0000,0.0000,0.0000,0.0000,0.0000,0.0000,0.0000,0.0000,0.0000,0.0000,0.0000,0.0000
1700000032.400000,-64.9,111.6065,112.4144,107.6151,111.2115,107.0561,108.3744,106.9626,106.1508,108.9312,106.7755,111.0360,109.6586,107.6290,108.9312,110.3177,107.7126,109.8772,104.8904,108.5772,106.4049,106.3015,107.9352,103.0776,108.0046,106.8270,107.0047,109.4806,105.7592,107.9352,103.7111,106.2168,104.0048,101.8332,99.0051,98.2904,94.7945,91.9348,89.8721,87.2066,85.7963,80.4301,82.0061,77.8010,75.8024,73.2393,70.4557,71.5612,71.0211,66.8880,68.4763,65.3682,65.3911,0.0000,0.0000,0.0000,0.0000,0.0000,0.0000,0.0000,0.0000,0.0000,0.0000,0.0000,0.0000
1700000032.450000,-59.8,105.5746,104.3072,104.1729,104.2353,104.0769,102.0000,102.0049,102.0049,104.0433,103.0776,104.1201,105.4751,106.3015,105.4751,104.3072,103.8171,103.0970,103.9471,103.0970,102.9563,103.5857,104.9381,102.9563,103.9423,106.3673,104.3935,105.9292,105.9292,103.8171,103.9471,100.3195,103.3102,100.0800,96.0469,96.0208,94.0053,90.0056,89.0898,87.1436,85.1469,81.2219,80.2247,78.4092,74.3303,70.7107,70.0357,68.0661,68.2495,68.4471,65.0000,64.1950,63.9062,0.0000,0.0000,0.0000,0.0000,0.0000,0.0000,0.0000,0.0000,0.0000,0.0000,0.0000,0.0000
1700000032.500000,-62.3,102.5768,99.6444,97.9081,100.6876,98.4733,96.2601,96.2133,97.3088,97.8366,100.1249,102.0686,101.3163,102.6499,101.8627,101.8627,102.5524,101.9117,96.8969,101.2373,99.1564,99.7647,101.3163,98.4124,101.4150,102.7278,101.3163,103.4795,101.9804,100.5684,99.8248,97.5807,97.5910,96.8969,94.0479,92.6984,90.7855,88.7299,86.2149,84.8116,80.6040,78.0064,76.0263,76.0263,72.4224,69.8928,67.9559,67.1193,66.0379,64.0078,62.1772,62.6498,60.7454,0.0000,0.0000,0.0000,0.0000,0.0000,0.0000,0.0000,0.0000,0.0000,0.0000,0.0000,0.0000
1700000032.550000,-61.1,98.8989,94.7048,97.7394,95.8593,98.9798,93.9202,95.6033,96.5401,97.0155,98.7168,99.2018,98.7168,101.2028,98.4886,99.0404,99.1413,98.7320,97.8673,98.6154,99.7246,98.8585,99.5038,98.8585,98.6154,102.7035,102.7035,102.4890,99.8499,100.8415,100.7174,97.3242,97.3242,97.8621,95.1262,92.4175,90.7083,88.6002,87.5957,83.2166,80.9938,78.4347,75.6108,75.3923,69.6419,66.4831,66.3099,66.2118,64.4050,64.8845,60.5392,60.7454,59.6406,0.0000,0.0000,0.0000,0.0000,0.0000,0.0000,0.0000,0.0000,0.0000,0.0000,0.0000,0.0000
1700000032.600000,-58.4,98.0051,97.8673,98.4124,99.4082,95.3363,98.1275,97.0000,95.0053,98.0000,98.0816,101.1237,100.1798,101.3163,102.3963,102.2399,99.8499,101.1187,98.0051,100.2846,101.1187,102.2595,103.2473,98.4784,105.1190,103.5761,103.1601,105.1190,103.9423,104.3935,101.4347,101.8332,100.6032,100.4988,97.2523,94.1329,90.1998,91.0879,88.0057,85.0059,82.0244,80.0999,78.0577,75.1066,74.1687,70.1783,66.2722,67.2681,66.3702,63.5059,64.9384,63.0635,61.6847,0.0000,0.0000,0.0000,0.0000,0.0000,0.0000,0.0000,0.0000,0.0000,0.0000,0.0000,0.0000
1700000032.650000,-64.2,93.0054,93.2309,92.6499,93.7443,93.4933,92.4392,92.1792,91.2414,92.5743,94.8103,94.3716,96.1769,96.6644,94.9368,96.7729,94.9210,95.8593,93.6376,97.0824,97.0824,96.1353,96.7678,93.6056,98.3717,99.2975,99.0404,99.9300,98.0306,100.2447,97.7394,96.9330,96.9330,94.5410,91.7878,90.8020,89.4427,87.2353,84.5991,81.9878,80.2621,76.3217,76.3217,72.9452,69.3397,67.6757,64.6375,65.2150,64.2028,61.8466,60.3075,61.5549,60.1415,0.0000,0.0000,0.0000,0.0000,0.0000,0.0000,0.0000,0.0000,0.0000,0.0000,0.0000,0.0000
1700000032.700000,-63.2,104.0865,100.7174,102.4890,103.4843,104.1729,100.0450,100.0050,102.0000,102.0049,106.0754,105.0190,106.1697,105.2331,105.2331,103.2376,107.5639,105.8017,106.6771,105.9292,107.9120,105.6835,106.0660,106.0660,108.6738,108.7796,107.6894,110.0273,109.1787,108.7796,108.7796,107.2287,107.1681,105.1190,104.0433,100.0050,100.0050,96.0833,94.1913,92.2659,86.2844,86.5794,83.6002,83.7257,76.6551,75.8024,72.8354,73.1642,71.3863,72.0347,69.9214,66.4078,66.4831,0.0000,0.0000,0.0000,0.0000,0.0000,0.0000,0.0000,0.0000,0.0000,0.0000,0.0000,0.0000
1700000032.750000,-63.1,98.2344,97.4526,97.3088,98.0816,94.1754,94.0691,96.1769,96.1665,96.8762,97.0000,99.2472,100.2646,99.6394,99.8098,100.1249,100.4241,100.0000,99.2018,101.0198,100.0000,101.2126,101.4002,100.2098,102.3426,104.0433,104.2929,104.6231,104.8093,103.4070,101.2126,99.3579,101.9804,99.7647,95.4620,94.0479,93.3381,91.9348,87.7269,86.4523,84.3860,80.4301,77.4661,77.8010,73.4098,72.2011,68.5055,69.8928,67.4166,65.5134,66.7308,64.4127,63.0714,0.0000,0.0000,0.0000,0.0000,0.0000,0.0000,0.0000,0.0000,0.0000,0.0000,0.0000,0.0000
1700000032.800000,-61.0,92.6553,90.7359,88.8369,92.9624,88.6848,88.5889,89.0000,88.5664,89.4707,90.4710,91.5478,92.1141,93.6376,92.0272,94.8683,92.7200,93.9628,90.5207,94.1116,94.1116,94.9210,95.0789,93.4077,96.7729,96.5401,97.9847,97.9847,96.7729,97.2677,95.0789,93.9628,94.5569,94.5780,91.7606,88.6002,87.0919,85.2350,82.3468,81.4371,78.2943,75.1532,73.7902,71.5542,70.2353,67.6018,65.8635,64.1405,63.2851,61.5873,61.4003,61.2209,59.4643,0.0000,0.0000,0.0000,0.0000,0.0000,0.0000,0.0000,0.0000,0.0000,0.0000,0.0000,0.0000
1700000032.850000,-61.2,99.8599,96.7988,100.9554,97.6524,98.0051,94.2019,95.9010,97.1854,96.2601,100.4988,101.2373,99.7246,101.8627,100.4092,102.5524,104.0625,101.9804,102.6499,103.5857,103.5857,103.3247,104.9952,104.8904,108.0741,107.0561,105.7592,106.9626,106.9626,105.5509,106.2168,105.3613,104.6900,105.4182,100.5684,97.9490,97.3088,95.2680,89.2020,88.0057,86.6083,84.6286,82.0975,81.3019,75.7166,73.2462,70.3278,71.3442,68.0000,69.3181,68.0294,66.4831,66.7308,0.0000,0.0000,0.0000,0.0000,0.0000,0.0000,0.0000,0.0000,0.0000,0.0000,0.0000,0.0000
1700000032.900000,-63.7,95.5249,96.3846,92.1792,96.6488,92.1303,95.2733,93.5201,93.7763,96.3846,93.3006,94.5569,98.9798,99.0404,99.0404,101.2423,100.4241,102.3572,97.7446,100.6628,100.1699,100.4241,103.3247,100.4390,101.7890,104.5610,104.3456,105.0190,104.8093,105.7733,103.8460,99.9300,102.1421,101.9510,96.5660,97.4987,92.8493,90.0777,89.4707,87.2066,85.8836,79.6492,79.7559,76.6616,73.9256,71.8679,69.8928,69.0652,68.8186,67.0075,65.4370,64.6607,62.9365,0.0000,0.0000,0.0000,0.0000,0.0000,0.0000,0.0000,0.0000,0.0000,0.0000,0.0000,0.0000
1700000032.950000,-65.9,96.3379,95.6347,93.5361,95.2575,94.1913,93.0054,94.0053,94.0213,93.0215,97.2523,97.3293,98.5089,99.6092,100.9752,101.9657,99.2975,102.4207,100.4490,101.7890,102.7716,102.4207,105.1190,101.2028,104.0481,104.5610,104.5610,106.3015,104.7378,106.7052,102.7716,101.9657,101.9657,101.5972,99.4082,98.3260,94.2603,92.1358,90.0888,87.0230,87.0000,82.0549,80.0250,79.0569,76.1052,73.2462,69.2604,69.4622,70.7107,67.8970,65.3070,65.7343,63.6003,0.0000,0.0000,0.0000,0.0000,0.0000,0.0000,0.0000,0.0000,0.0000,0.0000,0.0000,0.0000
1700000033.000000,-61.5,99.6394,99.4636,95.9010,97.2934,94.5939,94.6414,95.2103,94.5569,96.7988,96.2081,99.1615,99.4032,101.1336,102.8834,104.2785,103.3151,102.4207,100.6231,103.8316,103.3102,102.8591,105.1190,100.6479,105.4751,105.6788,108.4066,109.5901,106.0047,108.6738,105.0952,103.3683,105.3091,105.8489,99.3680,98.3514,96.2081,95.1893,90.8020,89.5600,88.7694,83.4326,81.4923,80.2808,75.7100,72.5672,69.8713,70.4557,68.4690,67.2681,66.1891,66.0303,66.0303,0.0000,0.0000,0.0000,0.0000,0.0000,0.0000,0.0000,0.0000,0.0000,0.0000,0.0000,0.0000
1700000033.050000,-62.6,98.4937,98.3107,94.7629,97.5910,96.4261,97.3088,96.6747,96.4002,98.8130,97.0824,100.7025,101.5480,103.7738,103.0776,104.8093,104.7091,105.5888,101.5972,104.6518,105.0952,103.3538,105.9906,102.4158,106.5129,110.4627,109.1650,109.1650,105.0952,109.5901,105.0952,104.8093,105.3091,106.0000,100.1699,99.0202,95.4149,94.8683,93.0054,88.4081,88.4081,83.2406,82.4621,79.6492,74.0270,72.4707,70.8378,70.0928,70.7248,67.2086,66.5282,65.2993,64.2028,0.0000,0.0000,0.0000,0.0000,0.0000,0.0000,0.0000,0.0000,0.0000,0.0000,0.0000,0.0000
1700000033.100000,-63.2,98.4937,96.5401,96.1041,97.0824,96.6902,96.0260,97.6217,98.3260,101.2423,100.1798,102.0784,103.0194,104.0192,105.0000,106.0000,106.0424,105.0190,104.0192,104.0769,104.1201,105.0428,107.0747,104.1729,106.1697,107.1681,109.1146,110.1635,109.0046,107.0420,107.0047,102.0049,105.0428,103.0776,100.3195,100.3195,98.4124,93.6483,89.9444,88.4590,87.2983,84.3445,79.4292,79.0759,73.0069,72.0347,69.3758,68.6804,68.6222,65.7875,65.9242,64.0781,62.1691,0.0000,0.0000,0.0000,0.0000,0.0000,0.0000,0.0000,0.0000,0.0000,0.0000,0.0000,0.0000
1700000033.150000,-64.6,91.0824,88.8876,91.9239,93.0054,89.9889,89.2693,88.2836,90.9340,91.6624,92.6553,94.7629,97.6217,98.4124,94.5304,99.2472,98.0051,98.0204,95.1893,99.0051,99.0051,98.0459,100.0050,97.0206,99.0808,99.0051,101.0000,106.0047,99.0202,100.0000,98.0204,96.1301,97.2523,97.4166,95.4254,90.9340,87.8237,85.1587,87.4757,82.9759,83.7437,77.3692,77.3692,73.7564,70.3420,65.7343,62.6418,61.9839,63.2456,62.6259,61.4654,59.0931,56.8243,0.0000,0.0000,0.0000,0.0000,0.0000,0.0000,0.0000,0.0000,0.0000,0.0000,0.0000,0.0000
1700000033.200000,-64.3,101.2423,100.9604,97.4064,97.1236,94.5410,96.2081,98.6154,97.1700,103.3102,101.0792,104.3168,104.3168,104.9571,106.6771,103.2473,102.6255,103.7738,104.5610,104.5610,106.2544,101.7890,106.0189,105.4372,104.4845,105.1190,108.8118,105.8017,106.4002,106.0189,102.6158,103.4650,100.4988,96.0417,98.1122,101.8725,92.5905,91.3017,90.7855,88.5664,84.5281,84.5340,77.3886,81.4371,73.0069,71.8679,69.6419,68.9493,62.6259,67.0522,61.9839,64.2884,65.9242,0.0000,0.0000,0.0000,0.0000,0.0000,0.0000,0.0000,0.0000,0.0000,0.0000,0.0000,0.0000
1700000033.250000,-60.9,99.0404,98.6712,97.4064,98.6813,97.7394,98.2344,98.0867,99.0051,100.7224,100.6479,106.0047,103.3102,104.7091,106.9439,103.7545,103.0776,103.5857,102.9563,102.2155,102.5768,103.8316,103.9423,101.2126,104.0096,103.7738,104.3072,105.3091,104.8093,102.5768,102.0833,99.7296,100.6479,98.6154,96.2549,94.3398,92.4770,89.3196,86.6487,83.8153,81.3204,78.8480,75.9605,75.1864,71.0634,67.9117,64.9384,65.7647,63.7887,61.5224,62.6498,61.2046,57.0351,0.0000,0.0000,0.0000,0.0000,0.0000,0.0000,0.0000,0.0000,0.0000,0.0000,0.0000,0.0000
1700000033.300000,-61.7,102.6109,98.4937,100.2447,99.6243,99.2975,98.0816,99.9250,98.6154,101.1336,102.9563,102.5524,106.5129,106.9299,104.2161,103.3151,105.5888,103.3538,103.8316,103.4456,102.9563,102.9563,103.5857,102.9563,103.9423,104.3168,102.9563,103.5857,104.3168,102.9563,104.2353,99.7447,99.7447,99.8098,94.9368,95.6347,93.0484,91.0824,86.6833,83.2406,81.0432,80.0812,75.6902,75.4321,69.8570,67.9117,65.9697,67.2681,65.3070,63.5059,62.3939,62.1289,61.0328,0.0000,0.0000,0.0000,0.0000,0.0000,0.0000,0.0000,0.0000,0.0000,0.0000,0.0000,0.0000
1700000033.350000,-62.4,103.5857,103.3102,101.1237,104.0433,101.0198,102.0049,102.0441,102.1763,102.2399,103.3925,107.2986,105.3850,105.5746,103.4843,104.9381,105.2236,106.3673,102.1078,105.7213,105.1190,104.9238,104.9238,101.9804,105.9906,105.1190,105.3233,106.2309,103.1601,103.9423,103.7545,103.2473,102.4207,100.1299,98.6154,94.5304,93.3435,92.2659,88.0511,83.0241,83.0060,80.0000,78.0000,77.0000,73.0000,70.0000,66.0076,66.0681,66.1211,63.3877,62.2896,62.8013,61.9839,0.0000,0.0000,0.0000,0.0000,0.0000,0.0000,0.0000,0.0000,0.0000,0.0000,0.0000,0.0000
1700000033.400000,-62.5,106.5692,106.0660,103.0970,106.0660,104.3935,101.9804,101.8676,101.8676,107.2007,106.7380,107.2800,107.8564,108.8118,106.6068,107.5639,107.8378,105.6220,105.3043,105.6220,105.0048,105.3043,106.4049,105.0048,105.1095,108.5035,106.9766,108.5035,107.5174,107.8378,105.3043,103.1601,102.8834,102.3572,97.2934,98.8433,94.9210,93.3809,88.9550,86.3713,84.3801,81.3019,79.4040,78.1601,72.1110,70.0643,69.0652,69.0000,69.0000,67.0298,66.1211,63.3877,60.8276,0.0000,0.0000,0.0000,0.0000,0.0000,0.0000,0.0000,0.0000,0.0000,0.0000,0.0000,0.0000
1700000033.450000,-60.6,99.9850,96.7471,99.3630,97.1288,97.0464,95.7549,97.5756,96.6644,96.6644,100.0900,100.9009,99.9600,101.1929,100.2447,99.9600,102.1421,99.3277,99.6243,98.6712,101.5332,100.2447,101.8332,100.5783,101.1385,101.9215,100.9604,100.2846,103.4070,99.9300,102.4597,94.7048,99.5389,100.7224,96.1769,94.3716,93.0376,88.1022,85.4751,82.8553,80.2621,79.9250,74.3303,74.8866,69.6348,68.8186,64.8151,66.8431,63.8905,63.7809,62.3699,60.8276,58.0517,0.0000,0.0000,0.0000,0.0000,0.0000,0.0000,0.0000,0.0000,0.0000,0.0000,0.0000,0.0000
1700000033.500000,-60.9,99.4585,96.7729,100.4390,98.2700,98.8433,95.3520,97.6217,98.5089,98.5089,102.4890,102.4890,102.1763,103.2376,102.1225,99.0808,105.0190,100.0000,102.0000,100.0200,102.0441,102.0049,102.0441,104.0192,103.1746,104.0192,104.0433,104.0769,105.0190,104.0192,106.0000,100.0200,102.0441,102.1225,97.2523,96.2549,93.6483,92.9139,87.1321,86.6833,81.2158,80.4114,76.4853,79.3095,71.0634,71.5891,67.9117,68.1542,65.8027,67.0671,63.6946,63.1585,60.8276,0.0000,0.0000,0.0000,0.0000,0.0000,0.0000,0.0000,0.0000,0.0000,0.0000,0.0000,0.0000
1700000033.550000,-60.9,97.0824,97.4064,95.6347,96.3846,95.8541,94.8472,96.1509,95.2575,97.5295,97.1288,100.3444,101.3558,101.3558,101.0198,99.9850,100.6876,100.6876,100.1249,102.0784,103.4698,100.9554,103.2279,101.2571,103.6002,104.8618,104.6231,104.8618,104.8618,105.3945,103.1746,103.5857,102.7278,101.5972,97.4936,97.0464,94.3716,93.0376,90.0777,86.5390,82.6378,80.7775,79.1202,78.1089,73.0548,71.4703,68.9638,67.9117,67.9117,66.4906,66.7533,63.5059,62.0725,0.0000,0.0000,0.0000,0.0000,0.0000,0.0000,0.0000,0.0000,0.0000,0.0000,0.0000,0.0000
1700000033.600000,-62.3,94.8683,98.3717,95.3363,99.0404,96.3016,97.5141,96.1041,99.2975,98.0612,98.0051,100.7174,102.3132,103.4843,103.4843,105.6835,102.4890,105.4751,97.3293,105.1713,104.4797,104.3072,105.3043,100.1798,106.0189,106.0754,107.1168,108.2959,104.6900,106.7942,103.5857,103.0970,103.7545,101.9804,99.4636,97.7446,91.6788,91.6788,89.2861,87.3613,86.6833,81.3449,80.0562,77.6209,74.4648,72.0902,68.4471,69.7782,68.4251,67.0820,65.2993,65.0000,63.6003,0.0000,0.0000,0.0000,0.0000,0.0000,0.0000,0.0000,0.0000,0.0000,0.0000,0.0000,0.0000
1700000033.650000,-61.7,97.9898,94.3716,97.5295,93.9415,95.3834,93.6483,95.4149,96.7988,97.9081,98.8130,100.4390,100.6032,102.0049,102.4500,99.8098,104.9952,100.0050,102.3035,100.5684,102.9417,102.9417,104.1393,102.8251,105.4751,106.9626,106.8316,105.6456,107.1681,103.7111,105.8915,100.6032,103.6002,100.4390,97.3499,97.9439,94.0319,91.2688,89.1852,87.3212,84.1190,82.2982,77.4145,77.3692,72.4500,72.9178,68.5420,68.1542,68.7095,65.9242,66.4078,64.5601,63.5610,0.0000,0.0000,0.0000,0.0000,0.0000,0.0000,0.0000,0.0000,0.0000,0.0000,0.0000,0.0000
1700000033.700000,-57.8,103.3247,101.9804,102.3035,101.5332,102.0049,100.8018,101.8332,101.7890,103.4650,104.0096,106.2309,107.7033,108.4066,108.5587,108.4066,107.8239,108.7060,106.0047,107.3313,107.7822,106.8925,109.1284,106.8925,109.5673,112.2542,110.9099,110.9099,110.0182,109.5901,108.7060,107.5407,107.5407,105.3945,102.0784,102.0784,96.8349,95.2103,94.0213,90.2718,87.3212,85.4283,81.6884,82.2192,77.2334,73.5935,72.8354,72.1249,72.8354,70.8378,69.4262,67.0075,64.6375,0.0000,0.0000,0.0000,0.0000,0.0000,0.0000,0.0000,0.0000,0.0000,0.0000,0.0000,0.0000
1700000033.750000,-61.2,99.8248,97.8366,101.0445,98.2344,101.2126,94.6256,98.1835,97.6371,100.1699,102.0833,101.2423,103.7738,105.4751,104.4462,103.0776,106.0047,101.0742,104.2353,101.5185,102.8591,104.2017,106.5129,105.1190,105.0952,107.3546,102.8591,105.0952,107.8239,102.4744,108.3005,101.3558,100.8464,101.5480,98.1835,97.0824,96.6075,91.4002,88.8651,86.6833,83.7377,83.0963,79.5110,79.3095,73.5935,72.1803,69.3542,69.2965,68.6222,67.3573,66.2193,65.0000,62.1289,0.0000,0.0000,0.0000,0.0000,0.0000,0.0000,0.0000,0.0000,0.0000,0.0000,0.0000,0.0000
1700000033.800000,-61.8,100.4092,98.3107,99.8248,100.4988,101.4150,98.4937,97.0052,96.8349,100.2098,99.0202,103.1746,99.2975,109.6038,103.2473,101.0198,100.6231,106.9439,100.3444,103.7545,100.6479,107.0420,109.5901,101.9657,108.6876,102.9563,110.0182,102.8591,101.9804,107.4244,105.5888,106.1744,103.9423,100.7025,98.1835,97.3499,91.5260,91.2634,88.2383,86.2149,87.0057,82.4621,79.6492,77.9872,74.3303,73.6614,70.8378,70.7248,69.2965,67.2086,67.2681,65.4370,64.4050,0.0000,0.0000,0.0000,0.0000,0.0000,0.0000,0.0000,0.0000,0.0000,0.0000,0.0000,0.0000
1700000033.850000,-61.4,102.7278,102.7278,103.9663,103.2763,100.4191,100.4988,101.9804,101.4150,102.7278,102.3035,104.4845,106.2121,105.8017,106.6068,107.0047,106.2544,107.0747,106.0189,107.3359,106.5082,105.6835,107.3359,105.6835,109.2932,108.1665,108.1665,107.6476,109.0413,108.6002,106.6068,106.6677,105.1190,104.2353,99.9050,99.0353,94.7945,95.4620,92.6337,89.8721,87.1149,84.5044,81.5659,80.1561,76.2168,75.2861,72.4224,70.2140,69.0652,69.6419,67.2309,66.6483,67.5426,0.0000,0.0000,0.0000,0.0000,0.0000,0.0000,0.0000,0.0000,0.0000,0.0000,0.0000,0.0000
1700000033.900000,-63.3,103.7111,103.7111,101.9804,104.8046,102.7278,99.7246,100.4092,101.1187,103.9663,102.1763,104.9952,103.8557,106.8270,106.2121,108.0741,106.2121,106.6068,102.4158,108.2266,103.8123,107.0047,107.0047,104.0433,108.7566,108.1665,107.8981,109.8590,108.6002,111.4002,105.4230,105.1190,102.8251,104.8046,100.5684,100.4191,96.8969,94.7523,94.7629,89.8276,89.1964,83.8689,82.3286,78.8733,77.0065,73.6003,72.4224,72.1110,71.5612,68.7968,67.2309,68.0000,67.1193,0.0000,0.0000,0.0000,0.0000,0.0000,0.0000,0.0000,0.0000,0.0000,0.0000,0.0000,0.0000
1700000033.950000,-58.2,101.9804,98.3870,101.5332,98.8838,100.3444,96.5660,97.0979,98.1835,100.1249,99.4032,104.2017,102.6158,103.8557,103.7111,102.4500,105.5509,102.0686,104.8046,103.3247,104.0625,104.8046,105.4751,105.3803,106.7755,106.7942,105.3613,107.5174,107.0561,105.5509,107.5639,102.3035,103.7111,104.8093,98.6002,98.2293,97.0824,93.8136,91.8096,88.5099,86.6083,83.0060,80.2621,81.4923,75.6637,74.2428,72.4500,70.6824,71.5891,69.4622,68.5420,67.6757,64.2884,0.0000,0.0000,0.0000,0.0000,0.0000,0.0000,0.0000,0.0000,0.0000,0.0000,0.0000,0.0000
1700000034.000000,-65.8,99.9250,97.1700,99.7447,97.9898,98.3870,93.4773,96.3846,96.0417,95.7183,101.5480,100.7025,100.1249,102.9029,99.6243,98.4733,104.2017,100.6032,103.0049,100.4241,101.2126,101.4002,102.6158,103.4070,103.5857,105.8915,102.4500,104.0192,107.8007,103.6002,106.6068,99.2975,102.6255,101.5480,98.6154,98.9798,95.3834,90.8240,89.0000,86.7640,82.3468,81.9390,79.3095,80.4114,71.6938,71.8679,70.8378,69.2604,67.0522,69.3758,65.7343,65.9242,63.5059,0.0000,0.0000,0.0000,0.0000,0.0000,0.0000,0.0000,0.0000,0.0000,0.0000,0.0000,0.0000
1700000034.050000,-58.4,97.9847,95.0789,97.8008,94.9210,96.4624,92.6553,93.9840,93.0484,97.3088,99.4032,99.4032,99.3177,100.1798,100.1798,97.0464,101.9657,98.4124,98.8838,98.0051,99.7647,99.7647,102.9563,102.4207,101.3558,103.9423,101.2126,102.4744,105.5888,99.7647,103.3102,99.7447,100.7224,98.6154,96.9330,95.8593,92.3580,90.1388,86.0233,84.4808,79.8123,81.4923,77.6209,76.4853,71.3863,68.4471,68.8840,66.4831,65.4905,65.2763,64.1249,63.0714,61.0082,0.0000,0.0000,0.0000,0.0000,0.0000,0.0000,0.0000,0.0000,0.0000,0.0000,0.0000,0.0000
1700000034.100000,-62.3,100.2447,98.6813,100.4639,97.3088,97.3088,94.8472,97.5090,96.6075,99.7647,99.7647,102.5768,101.8725,102.3963,101.5480,101.8725,103.1746,101.0198,103.7304,102.0049,104.2929,103.4698,103.0049,101.8332,104.6375,105.8017,104.2017,104.2017,105.2093,103.6002,104.6231,102.6255,103.4650,101.8725,99.8499,95.3834,93.9415,90.8240,87.6641,85.8662,82.3468,83.2586,76.0592,79.3095,73.9256,71.5122,69.6419,69.2604,66.7608,67.4463,66.9403,64.5368,62.3939,0.0000,0.0000,0.0000,0.0000,0.0000,0.0000,0.0000,0.0000,0.0000,0.0000,0.0000,0.0000
1700000034.150000,-60.5,103.3102,99.2824,104.2161,100.2247,102.9563,97.6934,100.0900,99.6243,99.6243,104.6948,104.4031,105.0809,104.8093,105.2616,104.5466,106.5129,104.3456,105.9906,105.1190,107.0794,104.1393,106.0990,104.9238,106.5317,107.8703,104.7378,105.9056,109.2383,105.3233,107.9352,103.5809,107.0047,103.1601,99.6243,97.7394,98.9798,94.5780,89.3196,86.5390,82.4621,84.5813,80.1124,80.9568,74.6860,72.8972,72.0069,69.3542,66.8880,68.7968,66.8506,66.4003,63.2535,0.0000,0.0000,0.0000,0.0000,0.0000,0.0000,0.0000,0.0000,0.0000,0.0000,0.0000,0.0000
1700000034.200000,-61.1,104.0625,104.8046,102.7278,103.4795,99.6394,99.2018,100.2098,101.2571,104.2929,101.5480,103.2473,103.5857,106.5505,105.1903,107.5407,105.5888,106.0047,104.2017,106.4378,106.4378,104.2353,106.4378,105.0952,107.5407,108.2589,107.4244,109.5901,107.7868,109.1284,104.2017,102.9563,103.9423,102.2155,97.9439,96.7988,94.8736,93.7443,90.4434,87.8009,84.2021,80.4301,80.4301,77.9872,74.6525,73.7564,67.3573,70.0357,68.5930,67.1789,67.8970,64.4438,62.8013,0.0000,0.0000,0.0000,0.0000,0.0000,0.0000,0.0000,0.0000,0.0000,0.0000,0.0000,0.0000
1700000034.250000,-63.2,106.2309,105.3043,102.7035,105.6835,102.9563,104.3935,101.0000,102.3914,105.5367,102.3914,107.2007,107.2007,107.7033,108.6692,109.2016,106.6068,107.8564,104.0433,107.2054,105.6220,107.2054,110.7249,102.7862,109.4440,109.7315,108.7842,111.6647,109.1100,110.7249,104.6948,107.2007,104.7855,105.5367,99.2472,99.4636,95.1893,95.0368,92.5419,89.2749,88.2780,83.1505,81.1542,79.1012,76.0592,74.0270,71.0000,70.0000,70.0286,68.1175,66.2722,66.7533,64.3273,0.0000,0.0000,0.0000,0.0000,0.0000,0.0000,0.0000,0.0000,0.0000,0.0000,0.0000,0.0000
1700000034.300000,-59.9,103.5857,100.6628,101.3903,98.4937,98.7623,96.4624,99.2975,96.7988,101.2423,100.0900,102.6937,102.1567,102.9563,103.7882,102.0441,104.2161,102.4158,101.5529,101.9657,104.2017,103.3151,103.3151,101.9657,103.8316,105.1190,104.2017,104.6518,104.6948,102.8834,104.6948,100.8464,102.3181,99.6243,98.3514,96.1665,94.9210,89.9889,88.7694,85.3756,82.2253,80.6040,78.6448,77.6660,71.7008,70.8590,67.4759,68.4690,65.2763,65.1230,65.0077,63.0000,61.1310,0.0000,0.0000,0.0000,0.0000,0.0000,0.0000,0.0000,0.0000,0.0000,0.0000,0.0000,0.0000
1700000034.350000,-62.9,102.5524,99.0051,101.9117,99.8248,100.0050,96.4261,98.8585,98.2344,98.6002,102.8008,104.6231,102.3426,105.3945,103.7738,101.7890,105.8159,100.8464,102.2155,102.0833,103.8316,103.2473,104.8093,102.0833,106.0047,105.1903,103.8316,105.6788,107.4244,103.4456,105.3091,100.7025,103.4650,99.8649,97.4166,95.8019,95.6033,92.6175,87.3212,85.1469,82.3286,82.9759,77.2334,77.8332,72.1388,71.4213,68.6222,67.9412,66.5282,65.9469,64.6607,63.0079,61.5873,0.0000,0.0000,0.0000,0.0000,0.0000,0.0000,0.0000,0.0000,0.0000,0.0000,0.0000,0.0000
1700000034.400000,-61.2,106.6677,99.2472,104.7378,99.8248,102.5914,96.1769,101.9117,101.9804,103.4795,106.4049,104.2353,105.7592,105.7592,106.0424,101.2126,108.4666,102.0784,105.6835,102.0784,105.9481,104.2929,106.5082,107.0747,107.6151,108.1665,105.6835,106.5082,111.0180,105.4372,110.2089,101.8283,103.8557,102.8251,100.6578,99.1564,98.3107,94.0479,89.8276,88.5268,83.4865,83.5464,77.2334,81.5659,73.1095,72.4707,70.6045,69.4046,69.4046,70.7248,65.0000,64.4981,63.5059,0.0000,0.0000,0.0000,0.0000,0.0000,0.0000,0.0000,0.0000,0.0000,0.0000,0.0000,0.0000
1700000034.450000,-61.7,101.6366,100.3195,100.3045,99.3680,98.6813,97.0824,99.0404,98.4937,100.1699,102.6109,102.6109,102.1812,102.9612,100.6231,103.5761,103.9471,103.8171,101.9657,103.4843,102.5914,104.8093,103.4843,101.4938,105.3043,105.4751,103.3925,105.3850,105.4751,104.3887,104.4797,102.2595,101.9657,99.6394,98.8433,95.9010,94.1488,93.1719,88.0568,84.7703,82.2800,81.3204,78.1601,77.4919,73.6817,69.5701,67.0671,67.7791,66.8506,66.7083,64.4050,62.2656,62.4340,0.0000,0.0000,0.0000,0.0000,0.0000,0.0000,0.0000,0.0000,0.0000,0.0000,0.0000,0.0000
1700000034.500000,-61.1,107.7079,103.0776,107.2800,101.9215,104.9952,99.2975,101.5135,102.1812,104.5466,104.7521,106.4049,106.2309,106.2309,106.5129,105.7024,108.2266,104.2017,106.4378,105.5462,108.2266,106.4519,107.7822,106.4519,109.1787,109.5673,108.6738,109.1238,109.5901,107.3546,109.2520,103.6195,105.1095,103.7304,99.9300,100.8811,99.0404,95.3363,91.2195,87.6641,86.6833,82.7647,78.4474,80.0625,75.9539,74.6726,71.4493,70.1783,69.1809,70.0643,68.0294,66.0076,65.2763,0.0000,0.0000,0.0000,0.0000,0.0000,0.0000,0.0000,0.0000,0.0000,0.0000,0.0000,0.0000
1700000034.550000,-61.6,104.2017,103.4070,101.6710,102.4500,102.0686,99.9050,98.3107,101.1385,101.8332,101.9117,104.1393,104.1393,105.6456,104.9952,104.8904,105.8915,103.0776,103.2327,102.6158,104.6375,104.6375,105.4230,102.6158,106.2544,107.4151,106.0189,106.6068,108.2312,104.4845,104.3504,100.6578,104.1393,102.6499,97.5910,96.8762,93.3381,91.9348,87.7838,86.5563,85.7963,81.6884,78.8733,76.4003,72.6223,71.8401,69.4046,68.2422,67.6757,66.0379,66.3702,63.5295,62.6099,0.0000,0.0000,0.0000,0.0000,0.0000,0.0000,0.0000,0.0000,0.0000,0.0000,0.0000,0.0000
1700000034.600000,-62.1,102.6937,101.3903,104.7521,101.2423,98.6813,97.0824,99.3277,97.8008,102.3572,103.0776,103.5857,103.3683,105.3233,106.0990,104.3456,105.3803,102.4207,102.2595,103.2473,103.4070,102.5914,106.5317,103.4070,105.0762,106.0660,105.2236,105.5462,105.7213,104.9238,102.7716,103.0776,103.3247,99.0404,98.0816,94.8683,93.9202,91.0824,86.7295,84.8646,83.3847,80.1124,79.7057,76.0592,72.4500,70.2353,69.7711,66.2420,66.8880,64.6607,64.6375,63.6003,63.2535,0.0000,0.0000,0.0000,0.0000,0.0000,0.0000,0.0000,0.0000,0.0000,0.0000,0.0000,0.0000
1700000034.650000,-59.5,104.0048,103.0437,102.1763,103.1213,100.1249,99.3227,100.6032,99.8499,100.9752,101.1187,104.3935,104.5610,104.7378,106.0990,104.7378,105.5367,105.9906,103.3683,104.2929,103.0776,104.3456,105.5130,102.1812,104.8093,107.4477,106.2309,108.1712,105.5367,105.3233,102.3914,102.4207,102.4207,100.6032,98.3260,98.4124,90.2718,91.1373,88.0511,87.0057,85.0059,81.0062,79.0063,76.0263,74.0270,70.0643,68.1175,68.2642,67.4759,64.6297,62.9682,63.7887,61.6847,0.0000,0.0000,0.0000,0.0000,0.0000,0.0000,0.0000,0.0000,0.0000,0.0000,0.0000,0.0000
1700000034.700000,-60.2,107.2007,104.2929,106.7380,103.3247,105.3613,98.3514,103.1213,101.2423,105.8489,105.4751,106.6208,103.7882,106.5129,106.5129,102.9563,110.4762,103.8316,106.0047,104.7091,106.9439,105.5888,106.5505,105.5888,107.5407,106.0660,105.6788,104.7091,110.0591,105.1190,107.3546,102.8834,103.3683,102.1567,98.4327,97.3088,97.1442,93.3006,87.5957,85.7263,83.9345,81.3204,77.8845,81.4923,71.3092,70.8308,69.6348,69.2315,69.2315,68.4690,66.3702,64.1950,63.0079,0.0000,0.0000,0.0000,0.0000,0.0000,0.0000,0.0000,0.0000,0.0000,0.0000,0.0000,0.0000
1700000034.750000,-62.2,104.6757,102.7862,104.4031,105.3043,101.9215,102.6158,102.1078,99.2472,103.1601,103.7545,104.9238,104.3935,105.2236,104.2353,105.5462,103.5857,105.4751,101.4938,104.3072,105.3850,105.8017,104.3072,101.3163,106.1179,106.3015,106.3015,105.3850,105.4751,104.4797,101.8332,103.0970,102.2595,100.8067,95.9010,95.3415,92.1954,90.7083,85.8662,84.2021,82.0061,79.4040,77.4919,75.2728,71.4703,70.5762,67.7791,68.1542,64.8845,65.7419,63.9531,64.0078,62.6817,0.0000,0.0000,0.0000,0.0000,0.0000,0.0000,0.0000,0.0000,0.0000,0.0000,0.0000,0.0000
1700000034.800000,-64.5,104.5610,103.3247,105.0809,101.6514,103.4456,99.2975,101.2423,101.0198,104.1777,103.8171,104.9238,103.8701,106.1037,104.6948,103.7882,106.0047,104.7091,104.2353,104.3168,105.1190,104.2017,104.3168,103.3538,106.1744,104.3168,106.5505,105.3091,105.6788,104.7091,104.3168,101.9804,100.6479,100.7224,95.3415,94.9368,93.4077,91.7606,86.6487,84.7585,80.9568,80.0062,76.5376,76.9220,72.1249,68.6804,66.9403,66.7083,65.5134,67.2681,64.6297,62.3939,59.0762,0.0000,0.0000,0.0000,0.0000,0.0000,0.0000,0.0000,0.0000,0.0000,0.0000,0.0000,0.0000
1700000034.850000,-60.8,105.6504,106.2544,105.6882,105.6882,104.1777,100.4639,103.4698,104.2785,104.6948,103.7545,105.9906,106.9439,106.0660,107.9120,105.1903,105.8159,106.3297,103.5857,106.0000,106.5317,105.4751,105.4751,105.4751,108.7244,108.2266,107.9120,106.5317,107.1868,107.1868,105.4751,101.9657,105.1190,101.0792,99.3177,98.4886,94.4299,92.7038,87.6641,85.7963,83.2166,80.6536,77.4919,75.2728,71.1688,71.1688,66.7608,68.4105,67.6831,66.7083,64.9384,63.6396,61.1310,0.0000,0.0000,0.0000,0.0000,0.0000,0.0000,0.0000,0.0000,0.0000,0.0000,0.0000,0.0000
1700000034.900000,-63.0,104.7521,103.1213,105.3043,103.0922,105.0809,98.7623,102.1078,103.3683,104.1393,106.3015,103.5761,103.4070,106.5317,106.2121,104.2353,107.7868,102.5914,104.5801,103.3925,107.5639,105.8017,104.4797,104.4797,107.1681,107.3778,106.2309,106.3814,107.5639,104.5801,105.5746,101.1187,103.2473,101.9804,98.8433,95.1262,95.1262,92.4175,87.8009,86.1278,81.3204,80.3617,74.3303,79.0569,72.1249,70.8378,68.1542,70.0071,67.2309,67.6240,64.4050,63.1348,61.9112,0.0000,0.0000,0.0000,0.0000,0.0000,0.0000,0.0000,0.0000,0.0000,0.0000,0.0000,0.0000
1700000034.950000,-66.4,103.4456,104.9952,101.2423,105.6220,98.4327,100.8464,102.1567,101.6366,101.1336,101.0792,104.2017,104.7091,106.5505,106.1744,106.0660,103.5857,104.9571,102.2155,105.1523,105.4751,104.4462,105.1523,102.3963,106.7802,106.7802,106.2309,106.8504,103.7738,107.1868,103.0776,103.3538,101.5185,100.1798,97.5756,95.8541,93.1075,90.0777,86.7295,84.1546,84.1546,80.6536,79.7120,74.0405,73.7631,68.6804,68.1542,66.9403,66.7083,63.9531,63.9531,64.4981,62.1289,0.0000,0.0000,0.0000,0.0000,0.0000,0.0000,0.0000,0.0000,0.0000,0.0000,0.0000,0.0000
1700000035.000000,-61.9,103.2376,103.3102,103.5857,103.4843,102.8251,100.2846,101.4347,102.5914,103.7545,103.3683,105.2616,105.9906,105.7733,106.0424,104.5466,106.9018,103.4456,103.1601,102.7862,104.3552,104.1201,104.9952,104.6948,105.9481,106.2544,106.5692,107.2054,107.5639,104.4031,105.0809,101.6366,100.4390,102.4207,98.4784,95.3520,94.2019,91.0824,88.5664,86.3713,82.3893,79.2275,78.1601,76.0592,71.1758,70.0071,68.0074,67.0000,69.0652,64.1249,64.1950,64.3817,62.8013,0.0000,0.0000,0.0000,0.0000,0.0000,0.0000,0.0000,0.0000,0.0000,0.0000,0.0000,0.0000
1700000035.050000,-64.8,106.2544,102.3426,104.1009,101.5480,104.1009,99.4786,101.5972,101.5972,101.5185,105.1190,105.5888,105.1190,104.6518,103.7882,104.6948,108.6324,102.3181,106.7755,105.4751,106.4049,104.9238,105.1095,105.4751,105.8489,106.7755,106.4049,106.2309,106.7755,102.5524,108.7474,102.4158,102.4207,100.6479,98.1122,95.3834,95.5249,92.9139,87.4185,84.4038,82.2010,81.0247,75.8024,79.5110,71.0634,70.1783,67.3573,68.6804,65.7647,66.5282,62.3699,64.8151,60.4649,0.0000,0.0000,0.0000,0.0000,0.0000,0.0000,0.0000,0.0000,0.0000,0.0000,0.0000,0.0000
1700000035.100000,-58.4,101.6366,100.7224,100.4639,101.3903,101.3903,95.2733,100.2447,99.3277,102.3572,106.0424,104.1201,105.5130,104.3456,102.3914,104.7378,105.0762,104.2353,102.9563,105.7213,103.2473,105.5462,106.9205,104.2353,105.4751,104.0865,104.8093,107.7868,108.3420,108.0463,107.0561,103.1601,101.0000,101.9804,98.2344,97.7446,94.9210,91.4822,92.0272,85.0706,82.8734,80.6536,80.9938,76.6942,71.6938,76.1577,70.3847,70.2638,67.5426,65.3682,64.0078,62.2656,65.0000,0.0000,0.0000,0.0000,0.0000,0.0000,0.0000,0.0000,0.0000,0.0000,0.0000,0.0000,0.0000
1700000035.150000,-64.4,97.5295,95.8801,98.2700,96.0417,96.2549,92.9139,95.8019,96.8298,96.8298,97.6166,100.0000,99.6394,98.8585,98.8585,98.4937,99.7246,100.4988,98.4124,97.6729,98.2904,98.3514,100.4191,96.2081,100.4191,100.4490,99.7246,100.4191,100.4988,99.1564,98.4124,97.1854,97.3088,96.8298,94.2019,92.0054,89.0505,85.9826,84.3801,80.7775,77.6981,77.5242,73.5731,73.3553,68.4763,66.2420,63.0635,64.4050,64.8460,62.7694,62.9682,58.8218,58.6941,0.0000,0.0000,0.0000,0.0000,0.0000,0.0000,0.0000,0.0000,0.0000,0.0000,0.0000,0.0000
1700000035.200000,-63.2,101.9657,97.4936,97.0824,101.9804,100.7224,95.4620,98.0816,97.0824,99.6243,99.6243,101.9215,101.3903,103.0776,104.0481,103.0776,101.4150,101.0000,100.2247,101.9804,101.9804,100.0200,103.7545,101.7890,103.8171,104.2353,102.9563,105.0762,103.5761,103.9423,101.7890,100.2247,100.2247,98.9545,94.3716,95.6033,90.5207,88.8876,86.3308,84.4334,81.9329,79.3788,77.8332,74.4648,70.3847,69.0797,66.2118,66.6408,64.8460,62.6099,61.2944,61.0574,60.4649,0.0000,0.0000,0.0000,0.0000,0.0000,0.0000,0.0000,0.0000,0.0000,0.0000,0.0000,0.0000
1700000035.250000,-61.9,103.3925,100.3195,102.1763,101.0792,101.0445,102.0049,101.0445,100.0800,100.2447,101.1237,105.2331,103.2376,104.3887,104.3887,103.5857,104.3935,104.3935,103.4070,105.1190,104.1393,104.7378,103.9423,102.9612,106.3015,105.9056,105.1190,105.9056,104.9238,104.7378,105.5462,103.0970,102.9563,101.4938,98.2497,95.3363,93.1343,93.0484,89.0056,87.0057,83.0060,81.0062,78.0064,77.0584,73.0616,73.0274,68.1836,67.1863,66.2722,65.6201,64.9384,62.8172,61.1310,0.0000,0.0000,0.0000,0.0000,0.0000,0.0000,0.0000,0.0000,0.0000,0.0000,0.0000,0.0000
1700000035.300000,-63.0,105.2236,103.4070,102.9612,102.5914,103.1601,100.0200,99.6895,102.8834,104.8093,102.4890,105.6220,105.6220,105.6220,106.6255,104.3552,106.9766,105.4751,102.3181,106.2309,105.4751,106.9766,108.6324,106.2309,107.4244,108.4620,107.0187,107.7033,108.2682,107.5639,105.0048,103.7401,104.1201,103.5809,97.5141,97.2934,95.1262,91.9837,90.4268,88.1192,86.7006,81.4985,79.4040,79.4040,73.2462,73.1710,69.0290,68.0294,68.0074,67.0000,65.0077,64.1249,62.6498,0.0000,0.0000,0.0000,0.0000,0.0000,0.0000,0.0000,0.0000,0.0000,0.0000,0.0000,0.0000
1700000035.350000,-62.7,98.0459,100.0800,98.0816,100.1249,97.3293,95.5249,98.0051,95.3520,96.1769,96.6902,100.2247,100.4390,101.2028,100.6628,100.6628,101.9215,98.7623,96.8401,102.8834,99.3277,101.2423,99.3277,98.3717,102.4597,103.7401,101.8332,103.7401,102.6158,102.8834,98.2344,99.2472,101.6366,98.6560,94.5410,92.2280,89.9444,87.6926,86.3713,85.1469,82.2192,78.0256,77.1038,74.0270,69.0290,68.0074,64.0078,65.0000,65.1230,62.2013,62.3939,58.6941,59.0339,0.0000,0.0000,0.0000,0.0000,0.0000,0.0000,0.0000,0.0000,0.0000,0.0000,0.0000,0.0000
1700000035.400000,-63.5,101.4002,101.2423,100.0450,101.1237,99.0454,98.0000,99.0454,98.0816,100.1249,100.3195,102.3132,101.4002,102.5914,101.7104,101.4938,102.8251,102.2595,100.8415,101.6071,103.5761,101.1187,103.5761,101.2719,103.9423,103.5761,101.9804,104.2353,103.9471,102.8251,101.8332,99.4082,101.2423,100.1798,96.0469,95.0053,93.0000,91.0000,87.0919,86.2844,83.2166,79.2275,77.3175,77.6466,72.6911,68.5930,66.9104,67.2681,64.5368,64.7611,61.8466,62.6418,61.0983,0.0000,0.0000,0.0000,0.0000,0.0000,0.0000,0.0000,0.0000,0.0000,0.0000,0.0000,0.0000
1700000035.450000,-58.7,103.3683,106.9299,101.5185,103.3151,100.1848,99.7647,101.3558,99.9850,101.8725,102.0833,102.9029,103.4070,105.8017,102.6158,106.6068,103.8557,105.8915,101.8283,104.3504,103.0776,102.4500,104.3504,102.0686,104.0625,105.5509,104.8904,105.7592,105.8915,106.6677,103.0776,102.8008,101.2571,100.1249,97.6371,96.2549,93.4933,91.0659,88.6848,86.8332,84.5991,79.1581,78.2624,76.4853,72.9178,69.8570,68.1542,66.1287,66.7308,65.4599,64.1950,61.6847,62.5859,0.0000,0.0000,0.0000,0.0000,0.0000,0.0000,0.0000,0.0000,0.0000,0.0000,0.0000,0.0000
1700000035.500000,-59.2,106.7802,106.7802,108.7566,110.1363,103.9423,103.4456,104.2353,105.5888,104.6566,104.6948,107.9352,108.0787,109.9318,107.7033,110.3087,106.9766,110.1363,105.0048,109.4166,109.4440,110.1363,108.7842,105.6220,109.2016,110.4400,110.7249,111.3194,111.3283,112.6055,106.6255,107.7033,106.7755,105.1903,103.7545,100.1798,96.6075,96.1509,91.7061,89.9444,88.1930,81.6333,83.0060,77.3886,75.1665,73.4983,70.2140,71.4003,71.2180,66.0681,66.7083,66.4831,62.2254,0.0000,0.0000,0.0000,0.0000,0.0000,0.0000,0.0000,0.0000,0.0000,0.0000,0.0000,0.0000
1700000035.550000,-65.1,101.5185,103.3151,101.1336,103.3683,100.0900,99.3680,99.2975,101.8332,102.4890,100.9604,105.0809,104.5466,104.0481,104.3456,105.5367,105.7213,105.3803,102.4207,104.0865,103.8171,105.0762,104.8093,102.9563,105.5746,105.8017,108.0463,106.5692,105.8017,105.9292,105.0762,102.5914,102.4207,101.2028,99.4636,95.3415,93.4077,91.9239,85.7263,86.0233,84.1190,80.0062,78.4474,75.2728,72.4500,70.5762,69.6419,67.2309,67.2309,65.3070,63.0635,62.6498,60.2080,0.0000,0.0000,0.0000,0.0000,0.0000,0.0000,0.0000,0.0000,0.0000,0.0000,0.0000,0.0000
1700000035.600000,-62.1,102.4890,97.7394,100.9752,100.9752,99.9850,96.6902,97.7446,97.9847,98.4937,99.7246,101.6514,100.5783,102.4890,100.2447,101.1929,103.8171,99.7246,100.0900,100.7224,101.2373,102.6937,102.0441,100.3195,103.7882,102.9563,102.0441,102.8834,105.1903,100.3195,102.5524,98.0816,100.6578,98.0306,95.1893,92.3472,93.6803,89.2861,85.3756,83.9524,80.2808,77.6660,77.4661,76.1183,69.0507,67.8970,64.6297,64.6297,64.3817,64.1950,63.0317,61.0000,59.0762,0.0000,0.0000,0.0000,0.0000,0.0000,0.0000,0.0000,0.0000,0.0000,0.0000,0.0000,0.0000
1700000035.650000,-60.4,104.2785,102.8591,103.8316,101.0742,102.9563,99.1262,100.1699,100.6876,102.3426,102.8008,104.2017,102.4500,104.6375,105.1190,105.2616,107.1681,103.5857,102.9417,104.0625,103.3925,104.8046,105.4751,104.0625,104.6518,108.1897,107.4895,106.7942,106.9626,106.3015,104.1393,100.7671,102.3035,102.0049,97.0052,97.6524,94.0479,92.6553,89.5879,87.9830,85.2350,81.4923,78.7718,78.7718,72.0069,74.7061,68.8767,68.8767,67.2309,66.3099,64.8460,62.2977,63.0635,0.0000,0.0000,0.0000,0.0000,0.0000,0.0000,0.0000,0.0000,0.0000,0.0000,0.0000,0.0000
1700000035.700000,-59.1,105.1190,102.9563,103.0776,102.6937,101.2423,99.9600,103.7401,102.2008,102.6158,103.8460,106.7380,105.2616,105.9906,106.5129,104.3456,106.5317,104.2353,105.3803,104.3935,105.3803,105.5462,107.7868,103.5761,107.0561,106.5317,107.3546,108.0463,108.3420,104.5610,107.5174,102.6109,103.9423,102.6109,98.2344,98.7623,95.8801,94.5569,90.1388,87.6641,84.5044,82.2800,78.5493,81.0247,72.4983,72.0902,68.4471,68.4471,68.8840,65.0000,67.1193,61.8547,63.4114,0.0000,0.0000,0.0000,0.0000,0.0000,0.0000,0.0000,0.0000,0.0000,0.0000,0.0000,0.0000
1700000035.750000,-61.8,103.0437,99.0202,101.0792,101.0792,100.2447,97.5141,98.9949,98.6560,99.4636,101.0000,99.8248,102.1078,103.0776,103.0776,103.3247,103.8460,99.6243,101.2423,102.1421,104.3552,102.1421,104.3552,100.9009,101.9510,105.0048,106.0424,104.1777,104.0433,103.4070,102.4597,101.2423,99.0404,98.4937,95.3363,95.3415,93.3916,90.0278,88.2836,86.1452,83.3607,78.6384,77.5242,75.6637,71.4493,69.2604,67.1863,66.1891,66.0681,64.0703,64.0078,62.0322,59.3043,0.0000,0.0000,0.0000,0.0000,0.0000,0.0000,0.0000,0.0000,0.0000,0.0000,0.0000,0.0000
1700000035.800000,-59.9,103.1213,101.2423,104.5466,101.7693,100.8464,99.4032,100.2247,101.0792,103.3151,103.3102,104.3168,103.9423,104.4462,104.9571,103.9423,106.5317,104.3072,102.3963,104.3072,104.1009,103.2473,106.5317,103.7738,108.2266,106.7802,106.2309,106.0000,106.8504,104.9571,104.9571,101.5972,100.6231,101.5529,99.0051,97.3088,95.8541,90.0777,87.6641,86.3771,85.7030,80.9568,78.1601,76.6551,71.5681,70.0928,68.4471,68.2495,66.7533,66.6108,63.5059,65.1920,61.0328,0.0000,0.0000,0.0000,0.0000,0.0000,0.0000,0.0000,0.0000,0.0000,0.0000,0.0000,0.0000
1700000035.850000,-64.0,103.9423,103.4456,103.3538,103.8316,99.7296,100.6479,98.8989,99.0051,102.1567,100.8464,101.0198,105.6882,106.6255,105.3043,105.6220,104.1201,106.0424,104.1201,104.8093,103.8460,105.3613,105.5130,103.4456,105.5130,105.7733,107.0047,107.0047,106.3203,105.0809,104.4031,100.5684,100.9009,100.3045,97.6934,96.3846,93.5201,90.8020,87.6584,86.7698,84.1190,80.5295,79.7559,77.5242,72.2011,71.3442,68.5055,68.2422,66.8506,65.0000,64.0312,63.7024,62.2254,0.0000,0.0000,0.0000,0.0000,0.0000,0.0000,0.0000,0.0000,0.0000,0.0000,0.0000,0.0000
1700000035.900000,-59.5,102.7862,102.2008,102.6158,105.5130,102.1078,101.9804,100.4490,99.1413,101.9657,101.9657,103.9471,103.8171,105.5746,105.4751,105.4751,104.1201,106.0754,103.1213,104.0769,104.0433,105.0762,106.0189,103.0194,105.0048,106.0424,105.0000,106.0424,106.0754,105.1190,102.0784,103.3102,103.3102,101.4938,97.6217,96.0260,92.3959,91.4112,89.0505,85.8662,84.1724,80.7775,79.8123,77.6209,72.5328,70.6045,69.2604,67.6757,66.1287,66.3099,62.6498,62.6099,61.9112,0.0000,0.0000,0.0000,0.0000,0.0000,0.0000,0.0000,0.0000,0.0000,0.0000,0.0000,0.0000
1700000035.950000,-59.3,105.0190,103.1601,102.7716,104.7378,101.4347,101.4347,100.8415,102.4890,103.3925,102.3132,105.3043,104.1201,106.0754,106.0424,105.0762,105.0000,106.0000,104.0000,104.0433,104.0192,105.0000,106.0189,103.0000,107.0747,107.0187,107.0420,109.0046,107.0047,106.0047,106.0000,102.1225,103.1746,100.3195,98.5089,97.6217,93.9042,91.9239,89.4427,86.6833,84.9294,82.2253,81.0247,78.8480,73.4983,71.5681,70.2140,69.5701,68.9493,67.7791,66.3099,63.9766,61.7738,0.0000,0.0000,0.0000,0.0000,0.0000,0.0000,0.0000,0.0000,0.0000,0.0000,0.0000,0.0000
1700000036.000000,-60.0,105.1190,103.3683,105.2616,103.5857,103.5809,101.2423,102.4597,102.1421,103.1213,105.6882,107.5639,107.3359,106.9766,104.9238,102.6937,108.3374,106.9299,104.2785,104.2161,108.2589,106.1037,107.3546,104.2785,105.5509,106.5129,105.1190,107.8378,109.2520,106.2309,105.7024,104.1777,104.0625,102.4597,98.3514,99.3277,96.5660,92.8924,88.0738,84.7231,81.7863,82.3772,79.4292,79.0759,71.5681,70.7107,67.3647,69.1809,67.1863,67.1193,65.0000,63.0714,61.4003,0.0000,0.0000,0.0000,0.0000,0.0000,0.0000,0.0000,0.0000,0.0000,0.0000,0.0000,0.0000
1700000036.050000,-60.8,104.5466,104.1201,103.4456,103.1601,100.5684,99.9600,99.5389,100.7224,105.7024,101.1336,104.6948,102.4158,105.1190,105.5888,105.0952,104.3168,105.6788,104.3168,103.9423,104.4462,104.4462,105.8159,103.0776,105.1523,105.4751,105.4751,104.9571,105.3091,105.3091,104.3168,101.0742,101.5185,100.1798,96.6644,96.6644,94.5410,92.4770,88.2553,85.0941,84.4334,80.9568,79.0569,77.3692,72.8011,70.0928,68.4105,67.9117,66.4906,63.9531,64.4981,63.2851,62.0725,0.0000,0.0000,0.0000,0.0000,0.0000,0.0000,0.0000,0.0000,0.0000,0.0000,0.0000,0.0000
1700000036.100000,-66.8,102.3132,102.2399,102.0196,104.1201,100.0450,99.0000,101.0445,101.1237,100.1798,101.2423,104.3887,104.5801,104.8093,103.5857,103.8171,103.4070,104.5610,101.6071,104.7378,104.7378,104.5610,105.9056,102.5914,106.3015,106.8878,105.7213,105.9056,103.7545,105.3803,103.2473,100.8415,101.5972,100.4042,98.1835,97.1288,92.0489,91.0220,88.0057,86.0523,82.0061,80.0562,77.0584,76.2365,71.1758,70.1783,67.2681,66.3702,65.7647,64.7765,64.3273,62.8172,61.0328,0.0000,0.0000,0.0000,0.0000,0.0000,0.0000,0.0000,0.0000,0.0000,0.0000,0.0000,0.0000
1700000036.150000,-61.4,104.0433,102.1421,101.2423,103.8171,100.0900,102.1567,101.5529,100.6479,102.4158,102.4158,104.2353,103.8316,103.3538,103.8316,105.1903,103.7738,106.0000,101.0198,105.6882,105.6882,104.1009,102.6255,101.0198,107.0747,105.6882,106.7802,105.6882,104.3072,105.4751,102.7278,103.4456,100.6479,101.5185,95.2733,95.3415,93.1075,90.8735,88.6002,84.1546,85.0941,79.3788,79.3788,77.2010,72.8011,70.6045,67.6831,66.9403,65.7343,64.7765,64.4981,63.1981,59.0085,0.0000,0.0000,0.0000,0.0000,0.0000,0.0000,0.0000,0.0000,0.0000,0.0000,0.0000,0.0000
1700000036.200000,-64.4,104.8093,103.1601,104.6757,103.0922,103.7304,98.4327,100.8464,101.2373,102.0441,103.7545,102.8591,104.2017,104.7091,105.1903,105.1903,106.6771,104.1009,101.8725,104.0096,104.6231,106.0000,105.6882,103.7738,105.9481,107.0747,104.5610,105.6882,106.2309,104.3072,105.1523,102.2155,102.0833,101.5972,98.3870,96.1769,95.7079,90.3383,87.3212,85.6154,82.0792,82.6378,80.4114,78.4347,72.4500,71.7844,69.2604,68.6804,65.9697,65.9697,64.3273,63.7887,62.3939,0.0000,0.0000,0.0000,0.0000,0.0000,0.0000,0.0000,0.0000,0.0000,0.0000,0.0000,0.0000
1700000036.250000,-58.9,101.9657,94.6414,98.6154,94.0479,94.2019,95.1262,93.8616,95.3415,96.5660,93.6803,99.0404,94.8683,103.0922,100.2447,98.0306,100.0900,97.4987,94.9210,100.3195,100.4639,97.7394,103.1213,97.1442,99.7447,102.5524,103.3683,102.5524,103.8171,100.4639,102.3181,97.7190,97.4166,101.5332,93.4077,93.8616,89.7385,88.2950,82.3772,82.7647,79.7621,77.2787,74.1485,74.4312,70.5762,70.3491,66.2722,66.0681,63.0714,62.0322,62.0322,63.0079,59.2115,0.0000,0.0000,0.0000,0.0000,0.0000,0.0000,0.0000,0.0000,0.0000,0.0000,0.0000,0.0000
1700000036.300000,-61.5,103.0437,104.0433,102.0049,103.0194,99.0051,102.0784,101.1237,101.3163,101.3163,102.5914,103.8171,103.0970,104.2353,104.2353,105.3803,103.7545,103.9423,101.9804,104.5610,104.3456,104.1393,103.5857,102.3914,106.4800,105.0190,106.4800,106.9626,104.3456,106.0990,102.1812,102.5914,102.2595,100.8415,97.6217,95.5249,92.5419,92.2659,87.0919,86.0523,82.0549,80.0062,79.0000,76.0263,74.0068,70.0286,67.1193,67.2681,67.2681,65.3758,65.7647,62.9682,60.8769,0.0000,0.0000,0.0000,0.0000,0.0000,0.0000,0.0000,0.0000,0.0000,0.0000,0.0000,0.0000
1700000036.350000,-62.5,104.9238,105.7024,102.4158,104.6948,100.6231,101.9657,101.7104,100.8464,103.2473,102.2155,104.6231,104.3072,104.8475,103.7304,105.9481,104.2017,104.8093,102.8008,104.6375,104.6375,103.4070,104.4845,102.6158,105.1190,107.6151,105.4230,107.0047,106.0424,106.0424,102.6158,101.8332,101.7890,101.2423,96.0417,95.7183,93.1504,91.7061,86.7640,86.7640,84.0773,81.8596,77.8781,77.8781,74.8465,70.3847,69.0797,69.6419,67.6757,66.7608,65.9697,64.5368,62.6498,0.0000,0.0000,0.0000,0.0000,0.0000,0.0000,0.0000,0.0000,0.0000,0.0000,0.0000,0.0000
1700000036.400000,-55.9,102.6158,102.4500,102.8251,100.7671,100.5684,99.0858,99.0051,100.4490,101.8332,102.5914,104.0625,102.7278,104.1393,103.7111,104.3504,104.2017,102.6158,102.0049,99.6243,103.0049,101.8283,104.6231,100.4390,104.2929,106.8316,105.4372,107.6476,103.4698,103.0049,103.6002,100.4241,101.6710,100.1249,97.0824,97.0824,93.3809,90.5207,88.3912,84.2199,82.0366,79.2086,77.1557,77.2334,70.8378,68.7677,67.4759,65.6049,66.2193,65.4599,62.6817,62.2656,59.4811,0.0000,0.0000,0.0000,0.0000,0.0000,0.0000,0.0000,0.0000,0.0000,0.0000,0.0000,0.0000
1700000036.450000,-61.6,104.2161,104.2785,103.8701,103.4698,102.6937,99.3680,100.9009,99.9300,103.7401,102.4890,103.4456,105.5130,105.7733,106.4800,105.7733,105.9906,104.3456,103.3683,104.9238,103.9423,102.3914,105.1190,103.1601,106.5317,106.0990,104.9238,106.3015,106.5129,105.9906,105.5130,104.1201,103.4456,102.1421,97.0824,97.4064,94.5780,90.8240,89.9611,87.2353,84.5281,81.4371,79.1581,77.4145,72.4707,72.0694,68.6003,66.3702,68.5055,66.0303,64.0312,63.4114,60.8769,0.0000,0.0000,0.0000,0.0000,0.0000,0.0000,0.0000,0.0000,0.0000,0.0000,0.0000,0.0000
1700000036.500000,-62.7,104.4797,103.3102,103.0437,103.2376,103.0437,102.0196,102.0196,102.1225,103.1213,104.1729,104.3072,105.3850,105.5746,104.8093,103.5857,107.0561,104.2353,104.0865,103.4070,104.2353,105.3803,105.5462,105.3803,106.0990,106.8878,105.7213,105.5462,105.3803,106.0660,105.0762,101.5972,101.3163,102.3132,100.1249,97.0824,94.0851,90.0056,89.0056,86.0523,83.0542,83.0542,78.1025,78.3135,73.1710,71.3442,69.4622,68.7314,66.7533,68.4471,65.5134,63.3246,61.0328,0.0000,0.0000,0.0000,0.0000,0.0000,0.0000,0.0000,0.0000,0.0000,0.0000,0.0000,0.0000
1700000036.550000,-56.9,104.1201,98.0816,103.0922,97.4166,98.6813,94.9210,98.4327,97.6934,100.3195,102.0441,101.1336,100.1798,102.4158,101.0742,101.0792,105.1903,99.7647,104.3168,99.4786,101.5972,101.5332,102.4744,101.5972,103.5857,103.5857,102.5768,103.4456,106.0660,102.4744,102.4207,98.4124,98.8989,99.5389,95.4620,95.2733,93.6376,90.1388,86.3308,83.8153,80.0812,78.8480,75.4321,76.1577,70.8308,69.2315,66.9104,64.9384,65.4905,66.4831,64.1950,62.0725,58.0000,0.0000,0.0000,0.0000,0.0000,0.0000,0.0000,0.0000,0.0000,0.0000,0.0000,0.0000,0.0000
1700000036.600000,-62.3,104.6231,104.2017,101.6710,104.6375,100.1249,102.0686,101.1781,100.4490,102.5524,100.4490,104.6614,104.7378,104.1393,104.1393,104.2353,103.8557,105.2616,101.0445,107.0047,104.0192,103.8557,105.2093,102.8008,106.8316,107.8007,108.0046,106.6068,104.8093,107.8007,102.6158,102.1763,102.3035,99.9050,96.2601,94.7945,92.6337,93.3381,87.0460,85.7030,84.9588,77.9872,78.5684,75.1665,72.6223,69.6563,66.2193,69.2026,66.0303,64.6375,64.1405,60.9016,60.3738,0.0000,0.0000,0.0000,0.0000,0.0000,0.0000,0.0000,0.0000,0.0000,0.0000,0.0000,0.0000
1700000036.650000,-62.9,101.1385,103.5857,98.0816,99.0404,100.3045,98.3514,100.9009,101.0198,99.9250,100.2247,102.5524,104.2785,102.4597,104.6518,102.4207,101.5332,105.5888,101.0742,105.1903,102.4207,103.3102,104.2353,103.4456,106.0660,106.1744,103.5857,106.4706,107.4244,102.8591,104.2785,101.9804,100.4639,99.1615,97.4064,96.4624,93.9202,93.6056,89.8443,87.8009,85.6154,79.8311,80.5233,77.4661,74.1485,71.5681,69.3542,69.3542,65.2763,67.0075,67.0298,66.0076,63.1981,0.0000,0.0000,0.0000,0.0000,0.0000,0.0000,0.0000,0.0000,0.0000,0.0000,0.0000,0.0000
1700000036.700000,-61.4,100.0200,101.0792,100.2447,99.1816,99.4082,95.5249,97.8673,98.0051,100.2846,97.1648,99.6394,100.2247,101.9804,101.6366,101.6366,100.9604,100.1699,98.4937,100.2846,100.9604,100.4241,102.4890,99.7246,101.1929,103.4456,102.4890,103.8460,102.6158,101.3903,99.4585,99.4636,98.0612,96.6902,95.0368,94.0479,88.6848,86.5794,84.3801,84.2140,82.1523,79.0569,76.0592,74.0270,70.0000,67.0075,65.0692,64.0703,65.0692,63.2851,61.5224,61.6604,59.6657,0.0000,0.0000,0.0000,0.0000,0.0000,0.0000,0.0000,0.0000,0.0000,0.0000,0.0000,0.0000
1700000036.750000,-63.7,102.4890,103.8171,103.4070,106.0660,101.2719,99.8248,101.4150,103.5857,104.5466,103.0776,106.7380,105.3613,105.0809,104.0433,104.4031,105.6882,104.7521,103.1213,106.0424,105.4751,105.1095,106.7755,105.1095,107.9352,106.4049,107.3359,108.0787,107.3359,106.0424,106.0424,104.3552,103.0922,101.8332,97.5295,97.2677,93.8616,91.4440,89.6270,86.3134,82.3772,82.0366,79.4292,77.6466,74.6726,70.3491,68.2642,68.1836,67.0671,66.0303,66.0076,63.0714,62.2013,0.0000,0.0000,0.0000,0.0000,0.0000,0.0000,0.0000,0.0000,0.0000,0.0000,0.0000,0.0000
1700000036.800000,-63.3,105.8017,107.0047,101.6710,104.6375,101.4150,102.0686,99.7046,100.4092,104.6518,101.8332,105.3803,104.7378,104.8046,105.6456,106.3015,105.8915,105.2616,101.6710,107.0047,104.2017,103.2327,105.8017,102.8008,107.4151,108.6002,107.6476,108.8118,104.8093,107.8007,103.4070,103.5857,102.9417,101.3163,99.7647,99.0858,93.3488,90.5097,89.1403,85.7030,87.1149,80.8084,79.3095,76.5768,74.6525,69.6563,68.4105,69.2026,69.0652,65.1920,65.5134,62.6498,61.2699,0.0000,0.0000,0.0000,0.0000,0.0000,0.0000,0.0000,0.0000,0.0000,0.0000,0.0000,0.0000
1700000036.850000,-63.6,105.3091,103.4698,104.6518,101.9804,100.6231,97.9490,100.7224,101.8725,101.3558,103.2473,103.7738,103.4650,105.3945,105.1190,103.7304,106.6068,102.8008,103.6002,102.8008,104.8093,105.2093,104.8093,104.2017,105.2616,107.0047,107.0047,107.0047,108.0046,103.0049,104.2929,99.5691,102.6255,101.8725,96.3846,98.1122,93.5361,91.6788,86.4060,86.0058,83.7735,80.7775,78.5493,78.1857,71.5122,71.8679,67.6757,67.3573,65.8027,65.0000,63.3482,63.9531,63.2851,0.0000,0.0000,0.0000,0.0000,0.0000,0.0000,0.0000,0.0000,0.0000,0.0000,0.0000,0.0000
1700000036.900000,-60.3,104.8046,104.1393,102.9417,104.2353,102.6158,101.8283,101.4002,102.9029,103.7304,103.4650,105.1523,104.9571,106.6771,103.9423,105.3091,106.5505,104.2353,104.2353,105.0952,104.6518,103.8316,106.0047,102.4158,108.7474,107.7868,108.7474,107.7868,105.9906,105.5888,104.2353,104.4462,103.0776,102.3963,98.1835,95.6922,92.9139,92.9139,87.8009,86.2149,84.6463,81.6884,81.0555,77.8974,73.1095,71.5891,67.2086,70.0071,67.8970,66.5282,67.2681,65.4370,62.2013,0.0000,0.0000,0.0000,0.0000,0.0000,0.0000,0.0000,0.0000,0.0000,0.0000,0.0000,0.0000
1700000036.950000,-60.8,102.1812,102.3914,101.1385,103.0776,98.9545,100.4241,100.5783,99.2975,100.5684,99.9600,103.6195,102.1567,104.3887,102.9563,104.0000,104.2161,102.8591,101.0792,103.3102,102.8591,102.4158,103.7690,98.8382,104.8093,105.5888,103.3538,105.5888,103.7545,105.9906,101.9657,100.7224,100.3195,100.3195,96.7988,93.6376,90.4765,89.8109,86.0233,85.4400,83.2406,78.5875,76.4003,74.5252,73.5459,69.0507,67.0820,67.7422,65.6201,65.6201,65.2763,61.0737,60.0000,0.0000,0.0000,0.0000,0.0000,0.0000,0.0000,0.0000,0.0000,0.0000,0.0000,0.0000,0.0000
1700000037.000000,-63.2,105.3613,101.8627,103.3925,102.6499,102.0686,100.7671,99.4887,99.6394,103.8557,100.4390,103.4698,103.7304,103.7304,105.6882,103.7304,103.7738,104.3072,102.9272,103.5857,105.1523,104.0096,106.8504,103.2473,105.3091,106.6771,105.4751,106.5317,106.2309,105.1190,103.7304,100.2098,102.0049,100.4241,97.1854,97.7446,92.7631,91.2853,87.0460,86.9770,84.1724,79.9812,77.8974,75.8222,70.9366,70.6045,69.2026,69.2026,67.2012,64.3506,62.9682,63.1348,63.5059,0.0000,0.0000,0.0000,0.0000,0.0000,0.0000,0.0000,0.0000,0.0000,0.0000,0.0000,0.0000
1700000037.050000,-58.6,104.3072,104.5801,102.9563,103.8171,101.9657,102.5914,100.2247,100.6628,101.6366,102.3572,104.8093,104.5466,106.3203,105.3613,103.7401,105.6220,104.6757,104.0625,105.6882,106.9766,105.0048,104.5466,104.1777,105.8489,106.0424,107.7033,106.4049,103.7304,105.6220,104.0625,103.1601,104.6948,102.6158,98.4937,95.5667,92.9624,92.7631,89.1067,84.0119,83.7257,80.3990,79.6304,77.3175,74.4312,73.2462,69.1809,69.1158,66.0076,66.0000,65.0308,64.1950,62.5140,0.0000,0.0000,0.0000,0.0000,0.0000,0.0000,0.0000,0.0000,0.0000,0.0000,0.0000,0.0000
1700000037.100000,-58.7,106.5129,108.4666,106.0990,107.8703,103.2473,105.0762,104.0865,103.5857,105.6835,105.2331,107.1681,108.1157,108.0741,109.0183,112.0402,107.0047,108.0046,105.0000,108.0185,108.0046,108.0046,109.0046,106.0000,109.1650,112.0402,109.0413,111.0180,109.0000,111.0405,106.0047,106.0754,105.2331,105.5746,100.7174,99.9850,95.7549,94.0479,90.4268,89.0505,87.6641,81.7863,82.4621,79.5550,76.6551,72.8011,70.2140,69.8928,69.2892,66.1287,66.3099,64.4748,61.7738,0.0000,0.0000,0.0000,0.0000,0.0000,0.0000,0.0000,0.0000,0.0000,0.0000,0.0000,0.0000
1700000037.150000,-61.2,99.4032,102.8591,97.0618,104.2353,96.1769,99.8499,96.0417,97.6371,99.0202,95.9635,100.1249,99.2975,101.2571,103.0049,106.0189,99.4032,103.2327,95.6033,102.4500,101.6710,99.6394,101.8283,97.0052,101.4150,103.7111,103.7111,104.4845,98.6002,105.8017,95.6033,101.7890,97.0824,96.2549,95.1893,93.1504,87.7097,87.7097,86.7640,82.3468,83.6301,75.2396,78.9240,72.2357,71.5122,70.0071,65.4599,67.3573,65.2533,60.7289,60.1664,61.8142,61.2944,0.0000,0.0000,0.0000,0.0000,0.0000,0.0000,0.0000,0.0000,0.0000,0.0000,0.0000,0.0000
1700000037.200000,-63.9,104.9952,100.6578,104.8046,102.6499,102.5524,96.8969,99.0858,102.0686,101.3163,102.9417,105.1190,102.3035,104.8093,105.8017,102.0049,107.0747,101.2571,106.0189,100.1699,103.1746,102.9029,104.3072,104.3072,106.0000,105.6882,103.7738,103.2473,106.2309,100.4390,105.9481,98.6002,102.0049,99.6394,97.9490,95.9010,95.1315,89.2749,87.0460,84.8646,80.6102,81.3449,77.1038,76.4199,70.7248,70.0928,66.6033,66.7083,65.4370,66.4003,64.6375,61.5873,60.5392,0.0000,0.0000,0.0000,0.0000,0.0000,0.0000,0.0000,0.0000,0.0000,0.0000,0.0000,0.0000
1700000037.250000,-60.2,107.5407,102.8834,107.5174,105.6882,108.7842,102.7862,105.0190,103.0776,102.6109,107.2007,107.2007,107.7079,108.2589,107.0794,104.7378,107.9120,104.6900,105.9292,105.9292,107.7868,106.7942,107.6708,107.7868,107.5639,109.1787,107.7868,107.6708,109.8954,104.8093,108.0463,106.7052,105.9056,104.1393,101.4150,98.7168,98.0816,93.6803,91.4166,88.2553,83.8153,82.8734,80.3243,80.4114,74.8465,73.5391,68.1542,69.3181,68.4471,67.6018,65.8635,63.5138,63.4114,0.0000,0.0000,0.0000,0.0000,0.0000,0.0000,0.0000,0.0000,0.0000,0.0000,0.0000,0.0000
1700000037.300000,-62.1,106.0660,104.2353,103.7545,105.7213,104.1393,101.4150,101.3903,103.1601,102.2008,103.7401,104.6948,104.3552,105.6220,105.0048,105.6882,104.7521,105.4751,104.5466,105.3091,104.9238,104.5466,105.3091,102.5524,104.6948,108.4620,105.7024,107.1541,106.4049,106.0424,104.1777,102.1421,102.1421,101.2423,97.8008,97.2677,93.8616,91.6788,89.8220,87.2983,82.3772,80.6226,79.7621,77.4145,71.3442,73.3348,69.2604,68.1836,68.0294,66.0076,64.0312,65.0308,63.2851,0.0000,0.0000,0.0000,0.0000,0.0000,0.0000,0.0000,0.0000,0.0000,0.0000,0.0000,0.0000
1700000037.350000,-63.5,106.1037,104.8904,104.4845,103.7111,102.4500,99.0202,99.0454,101.7890,103.4650,101.5480,103.7304,106.0000,105.1523,106.6771,105.3091,104.7091,103.3538,102.4744,103.3102,102.8834,103.3151,106.9299,102.8591,103.3151,106.8925,105.0952,106.9299,105.0952,106.4706,102.4744,102.2155,102.0833,101.8725,95.7183,97.0979,93.4773,89.2020,87.6185,85.2760,83.2406,80.1561,77.9872,75.8222,72.1803,70.1783,67.2086,67.8970,66.4680,65.8559,63.2535,64.2028,61.5873,0.0000,0.0000,0.0000,0.0000,0.0000,0.0000,0.0000,0.0000,0.0000,0.0000,0.0000,0.0000
1700000037.400000,-63.2,106.4706,101.0742,105.5509,104.2161,103.3683,99.0051,101.0198,102.4597,100.5684,104.3552,105.6220,104.6948,106.6068,106.0424,104.1201,106.2309,104.0481,103.5857,103.3683,104.9238,104.1393,104.1393,104.3456,106.8878,107.0794,106.8878,105.9056,107.2800,105.5367,104.0481,103.3247,103.3247,101.9215,97.4166,96.7678,95.8175,92.1141,88.3912,85.0882,84.1724,81.0247,77.8781,78.7210,72.0139,72.0139,68.8767,68.8840,65.7647,65.5134,64.6375,62.8013,62.6259,0.0000,0.0000,0.0000,0.0000,0.0000,0.0000,0.0000,0.0000,0.0000,0.0000,0.0000,0.0000
1700000037.450000,-63.7,106.5317,105.9292,102.8251,104.8093,102.4890,102.3132,102.0784,102.0196,104.0048,102.0196,104.0048,106.0189,105.0000,106.0424,107.0187,104.2353,104.2353,103.2376,106.3015,105.3043,104.3887,105.5746,103.1746,105.9292,106.4706,107.3778,106.3814,106.3015,106.1697,102.1763,103.0049,103.0194,103.0049,98.0816,97.1288,92.2659,92.2659,89.4539,86.9770,85.5862,80.7527,78.6384,77.2787,72.1803,71.1969,68.4471,67.9117,68.1542,65.2533,64.5136,63.3246,62.6498,0.0000,0.0000,0.0000,0.0000,0.0000,0.0000,0.0000,0.0000,0.0000,0.0000,0.0000,0.0000
1700000037.500000,-57.8,101.9804,99.2975,100.2846,100.2846,98.8585,97.7394,96.6282,97.5141,97.4166,99.1816,102.0196,100.0050,103.0049,101.0050,100.0000,102.0049,99.0454,99.0202,100.0800,100.0000,100.0050,102.0196,99.0454,103.3925,102.2399,102.1763,102.0441,103.0194,102.0049,101.0050,99.0454,98.1835,97.5141,95.7549,91.6624,88.6848,87.5728,85.7088,84.0119,80.2309,78.6448,74.5252,74.2159,70.3420,68.0074,64.5136,65.7875,64.2573,62.3939,62.3939,60.9262,58.5918,0.0000,0.0000,0.0000,0.0000,0.0000,0.0000,0.0000,0.0000,0.0000,0.0000,0.0000,0.0000
1700000037.550000,-61.0,101.5332,102.4890,98.3514,103.4070,98.7927,100.0900,99.4032,96.6644,99.8098,97.9490,101.9657,100.7224,103.9423,101.2126,101.2126,98.2700,102.9272,98.7927,102.0784,100.9554,99.8599,102.0784,99.2975,102.2008,102.6499,102.6499,102.6499,100.6876,103.7304,99.0202,99.6444,98.6154,97.6166,95.7131,94.8262,88.5494,90.3383,86.8159,83.7735,81.1542,77.6209,78.1857,73.7360,71.5122,70.2282,66.4078,67.7200,65.7343,64.0312,61.6117,62.9682,61.4003,0.0000,0.0000,0.0000,0.0000,0.0000,0.0000,0.0000,0.0000,0.0000,0.0000,0.0000,0.0000
1700000037.600000,-60.8,106.9299,104.6518,103.3102,104.2017,102.9563,103.0776,102.7278,102.9272,103.7738,102.3426,106.2544,106.0189,105.4372,106.4002,108.2312,104.4845,105.4230,103.8557,104.9952,104.9952,103.7111,105.7592,102.8251,106.2168,107.7126,105.5509,106.9626,104.9952,107.2986,103.7111,102.8008,102.8008,101.8332,98.7370,96.7988,94.5780,92.1141,90.0500,87.8180,85.0000,79.1581,80.0625,75.5844,72.8972,71.5891,68.9420,69.4622,67.7791,66.7308,65.1460,61.4003,62.3699,0.0000,0.0000,0.0000,0.0000,0.0000,0.0000,0.0000,0.0000,0.0000,0.0000,0.0000,0.0000
1700000037.650000,-60.2,105.6504,104.4031,105.0809,103.5809,104.0481,100.2247,100.8067,100.8067,102.7716,104.2353,103.9471,103.5857,105.4751,105.5746,104.8093,106.3015,104.1729,103.2376,103.1746,105.3043,104.3887,105.1713,104.1729,106.0000,106.0754,105.0428,105.1713,107.2287,106.2309,103.2376,101.5972,102.9563,102.4207,98.4784,96.6902,93.9415,90.8020,88.2950,85.6154,82.9699,82.8613,76.9220,78.4474,72.4500,70.5762,68.7095,68.7095,66.7083,66.7083,64.4050,61.7738,61.0574,0.0000,0.0000,0.0000,0.0000,0.0000,0.0000,0.0000,0.0000,0.0000,0.0000,0.0000,0.0000
1700000037.700000,-60.2,107.3546,103.2473,105.9056,101.6071,103.1601,100.2247,102.6109,101.1385,103.5809,104.6948,103.0922,103.7304,105.9481,105.6882,104.6757,106.0424,101.9510,103.8171,101.7693,104.1777,104.0625,105.3091,102.3181,104.2785,107.5407,103.8701,106.4049,105.4751,105.1095,105.6882,98.6712,102.4890,98.7623,99.4636,95.3415,95.5667,91.9837,86.6833,86.3134,81.3941,81.0494,75.6637,76.3217,71.5681,69.1809,67.1193,66.0303,67.0075,64.0000,62.0725,63.1269,61.5224,0.0000,0.0000,0.0000,0.0000,0.0000,0.0000,0.0000,0.0000,0.0000,0.0000,0.0000,0.0000
1700000037.750000,-61.8,107.9120,103.5857,105.1523,103.7738,102.6255,100.6876,103.4698,102.2008,104.2017,103.4070,105.1190,105.1190,106.5270,106.4049,104.2353,106.8316,104.0048,105.4751,104.0048,106.8316,104.1393,106.0754,104.0048,106.7755,107.4895,105.3613,106.7755,108.2451,104.0625,104.0625,102.1763,102.9417,102.0049,99.4032,96.6075,94.8683,92.0869,87.1321,86.9540,83.0060,80.2621,78.0320,79.6492,72.8972,71.5542,68.0294,67.6240,66.7083,66.1287,64.5136,61.6847,60.8769,0.0000,0.0000,0.0000,0.0000,0.0000,0.0000,0.0000,0.0000,0.0000,0.0000,0.0000,0.0000
1700000037.800000,-62.2,104.3504,104.3504,104.0192,104.6375,105.2093,99.0454,101.2571,101.7890,103.7304,103.5857,102.5768,103.3538,105.5888,105.1190,104.7091,105.1190,105.1190,102.4158,100.7224,104.2161,103.7545,103.7882,101.5529,105.8489,107.9352,104.9238,106.1037,106.9299,104.6948,102.8834,101.0742,101.5972,100.4988,97.9439,95.9635,94.0319,90.4268,87.9204,86.0233,82.6620,80.4301,77.0065,76.6942,71.7008,70.9366,68.0147,67.9412,67.8970,65.0538,64.3506,61.6198,59.8164,0.0000,0.0000,0.0000,0.0000,0.0000,0.0000,0.0000,0.0000,0.0000,0.0000,0.0000,0.0000
1700000037.850000,-62.2,104.0048,102.5524,101.8332,101.8332,99.7647,97.7446,98.5951,98.8585,100.8960,100.8960,101.0445,101.2126,102.0049,102.2008,101.0198,102.3426,99.2975,99.2975,101.2423,102.9272,99.5691,101.0198,99.5691,102.9272,104.0096,103.2473,102.9272,103.7304,101.7890,101.2571,99.0202,99.4032,97.4526,95.7758,91.5478,92.0217,88.4138,84.8646,84.2199,80.6226,77.1038,76.4199,73.1095,70.2922,68.2495,66.0681,64.8151,64.2028,62.6817,60.2080,61.7738,59.0339,0.0000,0.0000,0.0000,0.0000,0.0000,0.0000,0.0000,0.0000,0.0000,0.0000,0.0000,0.0000
1700000037.900000,-60.4,109.8954,105.2236,105.5462,104.3935,103.9423,101.2028,103.5857,103.3247,103.3247,105.2616,107.2800,105.0809,105.9481,107.2054,104.4031,106.6255,101.9510,104.0625,104.1777,105.6882,105.0048,106.4049,104.7521,106.6208,107.3359,104.9238,106.0424,108.8485,105.6882,105.9481,100.9604,103.1601,101.1385,97.7446,96.3172,95.1262,91.4112,90.0944,86.9770,82.6075,81.4985,76.4199,79.3095,73.1710,71.1126,67.0298,68.0294,67.0075,67.0298,66.0681,61.2944,59.6825,0.0000,0.0000,0.0000,0.0000,0.0000,0.0000,0.0000,0.0000,0.0000,0.0000,0.0000,0.0000
1700000037.950000,-58.9,105.1190,104.2161,103.3102,105.1190,100.1848,102.9563,102.0833,102.2155,102.7278,103.4650,105.9481,105.1190,106.0189,105.2093,104.2929,103.4070,104.8093,102.2008,105.8915,103.4070,103.4698,104.2017,102.6158,105.1190,103.8557,104.4845,107.2007,105.8017,105.8017,105.4372,102.6255,103.2473,101.7104,98.8838,96.1769,93.9415,90.8240,88.1022,82.7647,83.3847,80.7775,78.1857,75.6108,73.3894,69.8928,66.7608,66.2193,65.2533,64.5368,63.5610,63.7887,61.4003,0.0000,0.0000,0.0000,0.0000,0.0000,0.0000,0.0000,0.0000,0.0000,0.0000,0.0000,0.0000
1700000038.000000,-60.8,103.2763,100.4988,100.5684,102.7278,99.2472,98.8585,97.4526,98.0051,99.4032,97.0824,101.2423,101.5480,101.0198,101.8725,101.8725,100.3444,101.7104,96.8969,100.7224,100.3444,100.3444,101.2126,97.5295,101.9804,102.8591,102.4158,103.3102,101.2126,103.0776,99.4786,97.6371,97.9439,96.5194,93.2309,93.6002,86.6083,88.0057,85.4283,82.4621,80.9197,76.4199,75.0067,73.5935,70.7248,67.8970,64.3506,63.6396,63.0317,60.9590,62.6259,58.6003,59.6406,0.0000,0.0000,0.0000,0.0000,0.0000,0.0000,0.0000,0.0000,0.0000,0.0000,0.0000,0.0000
1700000038.050000,-62.9,107.2007,106.9205,105.5746,106.7942,102.3963,102.2399,101.0445,102.0000,102.0196,102.0049,105.0048,104.0769,105.1713,106.2309,107.2287,102.4890,104.8093,101.8332,105.2236,104.0865,103.8171,104.2353,100.9752,104.7378,105.3803,105.5462,105.7213,105.5462,106.2121,100.4490,101.5972,100.6032,101.4002,98.3260,95.1893,92.0869,89.0898,88.0000,86.0058,85.0000,80.0562,79.0569,75.0600,71.0634,69.0652,67.2681,67.1863,65.3758,64.6297,64.9384,62.5859,60.7289,0.0000,0.0000,0.0000,0.0000,0.0000,0.0000,0.0000,0.0000,0.0000,0.0000,0.0000,0.0000
1700000038.100000,-60.3,106.4706,104.2353,106.1179,106.1179,103.0437,103.0049,104.0769,103.1213,103.1746,104.3072,105.3043,106.5692,104.5801,105.9292,104.9381,106.2121,106.3673,103.2473,104.7378,103.9423,104.9238,104.9238,104.1393,105.9906,106.3015,104.3456,107.4895,104.9238,106.0990,103.7545,101.2719,101.4347,101.1187,97.6217,95.5249,94.4299,92.2659,89.0505,86.0058,83.0542,81.0062,79.0000,77.0584,74.0068,71.0282,68.0294,67.0671,66.2722,65.3758,63.6396,63.9531,59.6657,0.0000,0.0000,0.0000,0.0000,0.0000,0.0000,0.0000,0.0000,0.0000,0.0000,0.0000,0.0000
1700000038.150000,-62.1,112.2943,109.4806,109.8772,108.3744,108.9312,104.6900,106.7755,106.7942,106.1508,106.9626,109.8772,109.3435,108.7060,108.8531,108.0741,110.2089,107.0747,107.4151,105.6835,107.6476,106.8316,108.4666,108.2266,110.6752,110.3857,107.3359,107.3359,111.5034,107.0747,108.2266,102.6158,106.6677,102.3035,101.3163,101.9804,98.3514,94.1754,94.0479,86.9770,85.5862,83.4865,80.6226,80.8084,76.4853,71.5891,70.1783,70.6045,67.6240,70.2140,67.6757,63.8122,61.2944,0.0000,0.0000,0.0000,0.0000,0.0000,0.0000,0.0000,0.0000,0.0000,0.0000,0.0000,0.0000
1700000038.200000,-62.1,100.7025,97.7548,99.3630,97.7548,97.1288,93.9415,95.2575,96.6075,97.5090,99.0051,99.5389,100.6578,101.0198,98.6813,98.0816,100.2447,96.4624,97.7190,97.4166,99.3277,99.2975,99.3277,97.4166,100.1699,100.9604,98.7623,100.2846,101.2423,98.6712,98.6712,95.5196,98.7927,95.0789,90.8735,90.3770,89.4707,85.8662,84.0773,79.6492,77.4145,76.3217,72.2011,72.2011,68.0955,66.5733,63.8201,62.4260,62.2013,62.0081,60.4401,58.8982,57.2800,0.0000,0.0000,0.0000,0.0000,0.0000,0.0000,0.0000,0.0000,0.0000,0.0000,0.0000,0.0000
1700000038.250000,-61.6,103.0049,103.0049,100.0450,105.0428,99.1816,101.2423,98.5089,99.9850,100.8415,99.1413,102.2595,101.7890,101.7890,103.1601,101.6071,101.0000,103.5857,99.2472,101.6366,99.6895,97.5141,102.1078,97.2677,102.2008,104.8093,102.6158,102.3572,100.6628,100.4390,99.2472,99.6394,98.4784,98.0051,92.6553,92.4392,89.4539,89.3588,86.2090,83.0963,80.0250,75.0000,76.0066,71.0070,70.0071,67.0671,66.0681,65.1920,63.2851,62.5140,61.6604,58.8558,58.6941,0.0000,0.0000,0.0000,0.0000,0.0000,0.0000,0.0000,0.0000,0.0000,0.0000,0.0000,0.0000
1700000038.300000,-58.2,105.5462,108.6738,104.5610,106.3015,103.5857,102.6109,103.3247,102.6158,103.5809,103.0922,105.0048,106.4049,106.9766,105.8489,105.1095,104.9238,107.1541,101.2373,103.8701,105.4751,103.0776,105.4751,102.5524,104.2017,106.9299,104.6948,107.4244,105.8489,107.3359,102.3181,102.4597,102.4890,100.9604,97.5295,96.3172,93.8616,90.9560,88.2950,84.9294,84.3445,80.0625,79.0759,74.6726,73.4370,70.2567,67.1193,67.0671,66.0000,64.0312,64.0078,63.0079,62.2013,0.0000,0.0000,0.0000,0.0000,0.0000,0.0000,0.0000,0.0000,0.0000,0.0000,0.0000,0.0000
1700000038.350000,-61.7,107.5639,105.5746,108.1897,104.9381,104.3935,101.6071,104.1393,102.6109,103.5857,106.2309,106.0424,106.6068,105.9481,105.6504,104.4031,106.5692,104.0433,104.3552,103.1213,103.7304,103.7304,105.6882,105.6882,106.6208,105.8489,105.4751,106.4049,108.5035,105.0048,106.6255,102.4890,102.2008,101.3903,95.8019,95.5667,95.5667,91.0055,89.6270,86.3134,83.1865,79.6304,75.5381,77.6466,71.4493,70.2567,66.1211,67.0298,67.0298,67.0075,65.0077,62.0322,61.2944,0.0000,0.0000,0.0000,0.0000,0.0000,0.0000,0.0000,0.0000,0.0000,0.0000,0.0000,0.0000
1700000038.400000,-60.5,108.5035,110.4762,103.0970,107.3546,102.8251,105.5746,105.4751,102.1763,103.3925,101.0445,106.0000,104.0000,107.0047,106.0047,109.0046,104.0192,106.0754,101.0792,106.1179,107.0420,104.0769,105.0428,101.1781,106.5692,107.2986,107.4663,106.1179,104.0769,110.0409,102.0441,103.0194,103.0194,100.1249,98.2497,97.4166,90.2718,92.3472,88.5664,85.9884,86.1452,78.2624,79.6241,74.5252,74.7329,72.0347,67.1863,68.4105,64.8460,61.9839,65.1460,61.4654,61.2699,0.0000,0.0000,0.0000,0.0000,0.0000,0.0000,0.0000,0.0000,0.0000,0.0000,0.0000,0.0000
1700000038.450000,-62.8,107.2007,105.5130,106.0424,105.7733,104.8093,103.1601,103.0922,103.0922,102.4597,104.5466,107.1541,105.3091,105.7024,106.5129,103.4698,102.4597,103.7882,102.0441,104.2017,104.2161,102.8834,104.2161,101.9804,105.1903,106.0047,106.4706,106.9299,104.2161,107.0187,102.9563,104.1777,101.9510,98.6813,96.1353,96.1665,93.9628,92.0489,87.5557,84.4038,81.0247,78.4474,77.4661,76.2955,71.8471,69.5845,68.3593,67.1863,66.0681,64.0703,64.0312,62.0000,61.0737,0.0000,0.0000,0.0000,0.0000,0.0000,0.0000,0.0000,0.0000,0.0000,0.0000,0.0000,0.0000
1700000038.500000,-64.2,105.5509,108.2451,103.3247,108.2451,99.7046,105.3613,101.2373,101.9804,103.3925,100.7671,103.5857,105.1190,105.8915,103.2327,109.0183,102.8008,106.8316,98.6002,105.8017,101.0198,102.8008,105.2093,98.8130,104.2929,103.6002,105.4372,106.0189,101.0445,107.0047,100.6032,102.8251,100.7671,99.7647,95.4830,95.4620,89.1067,89.8276,87.3212,86.0523,84.5044,77.0065,80.4301,75.2130,72.4224,68.6003,66.3702,66.0379,65.8635,61.7738,62.1691,62.2415,59.2368,0.0000,0.0000,0.0000,0.0000,0.0000,0.0000,0.0000,0.0000,0.0000,0.0000,0.0000,0.0000
1700000038.550000,-61.4,104.3456,102.7716,102.4207,102.4207,99.9850,99.9850,98.5089,98.4124,100.3195,99.1816,101.0792,101.0445,101.0445,101.0000,103.0194,101.0445,102.0196,99.0202,102.0784,101.0198,101.0050,100.0450,99.0808,102.2399,102.1763,101.2423,103.1213,101.0445,102.0784,100.0450,99.0454,99.0454,98.1275,93.2631,92.2659,90.3549,87.4643,84.0119,82.2010,80.0625,78.2624,76.1183,71.1969,68.4471,67.9117,66.2193,66.4831,63.6003,61.9839,60.4070,59.2368,58.1378,0.0000,0.0000,0.0000,0.0000,0.0000,0.0000,0.0000,0.0000,0.0000,0.0000,0.0000,0.0000
1700000038.600000,-64.5,107.2800,106.0424,104.3552,104.6948,102.7862,104.7521,105.1095,101.7693,102.5524,102.0441,106.1037,103.7545,104.2017,104.6518,105.5509,105.5888,103.8316,102.9563,103.5857,105.1903,103.3538,104.4462,102.5768,106.3297,105.8159,104.4462,105.3091,104.3168,104.7091,103.3102,101.0792,101.5529,100.3195,97.6934,95.2733,92.8493,90.4765,85.7030,85.0706,82.8613,79.5550,78.5875,76.9025,73.0069,71.5891,68.2495,68.8840,66.6108,64.3817,65.3758,62.1289,62.0000,0.0000,0.0000,0.0000,0.0000,0.0000,0.0000,0.0000,0.0000,0.0000,0.0000,0.0000,0.0000
1700000038.650000,-64.5,111.0045,105.5367,105.9906,104.0481,107.2007,99.3277,104.3552,103.4070,104.0625,106.9766,106.0424,106.7755,108.0787,107.5407,103.0776,108.2589,101.5185,105.5509,101.0742,104.7091,104.2017,105.5888,104.7091,106.0660,106.9439,103.4456,105.1903,107.3546,105.1190,105.1190,100.6479,102.4597,100.7224,98.6154,97.3088,95.6347,91.4166,89.4930,86.6833,81.3204,80.7775,76.9220,77.3692,70.6045,68.8840,67.6831,66.9403,68.4471,66.2873,63.3877,62.2896,59.0339,0.0000,0.0000,0.0000,0.0000,0.0000,0.0000,0.0000,0.0000,0.0000,0.0000,0.0000,0.0000
1700000038.700000,-64.2,106.1744,107.4244,104.2017,106.0047,105.1190,103.3683,102.0441,101.6366,104.9238,104.5466,106.6255,105.9481,104.6757,106.2544,105.3043,105.0809,107.2007,103.5809,104.2929,105.7733,103.4456,107.4477,103.5809,106.0990,105.5367,104.5610,105.0190,106.2309,107.2007,102.3572,102.2008,103.7401,99.9600,95.8593,95.6347,92.4770,91.5478,89.4707,86.4060,83.6720,78.7210,79.1581,76.0263,72.4500,68.6003,66.0379,68.7968,65.5134,64.3506,63.5138,62.8013,61.6198,0.0000,0.0000,0.0000,0.0000,0.0000,0.0000,0.0000,0.0000,0.0000,0.0000,0.0000,0.0000
1700000038.750000,-62.4,107.2800,105.9906,102.3572,106.4800,101.6514,102.6158,101.8332,103.4070,104.6757,100.3045,102.6937,105.7024,102.9563,104.2785,106.6208,103.7545,104.2017,100.1798,102.4158,101.9657,101.5185,106.4706,99.2975,104.4462,105.6788,104.3168,105.1903,102.4207,106.0047,101.5972,101.1336,99.8098,99.0051,96.2081,93.9840,91.7606,91.1811,86.0349,86.0233,85.0706,78.8480,77.8845,73.2462,72.0347,67.6831,66.4906,66.2873,64.9384,63.6396,61.5224,61.2046,61.0328,0.0000,0.0000,0.0000,0.0000,0.0000,0.0000,0.0000,0.0000,0.0000,0.0000,0.0000,0.0000
1700000038.800000,-58.4,102.6158,103.8460,100.2846,102.8834,99.6243,100.2447,100.6578,99.1615,99.9250,98.6154,101.7693,101.1336,101.1336,100.7224,102.4597,101.0742,102.8834,97.4936,102.4744,100.7224,98.8838,99.3630,97.1288,102.4744,102.0000,101.2126,100.7224,98.8838,101.0742,97.9490,100.2247,99.4032,97.6934,92.6984,92.1141,88.2553,87.2812,85.4400,82.7103,80.5233,76.1577,75.1864,73.7564,68.2495,68.0661,63.9531,64.3817,64.7765,60.2080,61.1310,59.0085,59.0339,0.0000,0.0000,0.0000,0.0000,0.0000,0.0000,0.0000,0.0000,0.0000,0.0000,0.0000,0.0000
1700000038.850000,-60.2,108.8531,105.1190,108.1712,105.3233,107.7033,99.0404,104.4031,103.0922,104.3552,104.7521,106.6255,105.1095,106.7755,105.7024,103.0776,106.9299,103.3151,104.2161,103.3538,104.2017,104.6518,105.1190,103.7545,106.0660,105.5888,105.1903,106.9439,105.5888,102.4158,105.0952,98.4886,101.1336,101.2373,97.4987,96.5660,95.5196,92.0272,89.4930,85.7263,81.0432,81.7435,77.6209,78.3390,71.0634,69.8570,68.2495,68.2495,65.9242,64.6297,64.2806,63.1981,62.0081,0.0000,0.0000,0.0000,0.0000,0.0000,0.0000,0.0000,0.0000,0.0000,0.0000,0.0000,0.0000
1700000038.900000,-65.9,109.6586,103.2763,108.1897,104.6518,104.7378,99.8248,102.1763,100.1249,103.7111,105.8915,103.4070,105.4230,105.2093,105.4372,101.8332,105.6882,102.3963,104.8475,101.5480,104.1009,103.4650,104.9571,103.7738,103.9423,105.4751,104.4462,104.9571,105.4751,101.8725,105.4751,100.1249,99.8649,99.6243,97.8008,96.2133,95.1315,88.7299,87.8635,84.2199,79.9312,80.6226,76.3675,77.7817,70.0071,69.3542,66.5282,68.1175,65.1920,64.2028,63.8201,63.8201,60.4152,0.0000,0.0000,0.0000,0.0000,0.0000,0.0000,0.0000,0.0000,0.0000,0.0000,0.0000,0.0000
1700000038.950000,-63.2,111.0045,105.0762,107.1168,105.0190,107.1681,100.4042,102.4890,102.8251,103.8171,105.0762,103.4070,105.9056,107.6894,107.0794,104.9238,107.9352,103.0776,106.2309,101.1385,105.2616,105.0190,106.2309,106.7380,105.3613,107.0047,104.1201,105.7733,107.2007,104.0481,105.0190,100.8067,101.7890,101.2719,98.9949,95.6347,95.4254,91.4440,87.2066,88.1419,82.1523,81.0062,77.0260,77.0065,71.0000,69.0290,68.0661,67.1193,66.2722,65.2763,63.3877,62.8013,60.8769,0.0000,0.0000,0.0000,0.0000,0.0000,0.0000,0.0000,0.0000,0.0000,0.0000,0.0000,0.0000
1700000039.000000,-66.5,109.0183,106.0000,107.0187,107.0047,105.0428,103.1213,103.0776,103.3925,103.3102,104.8093,105.9292,105.2236,106.3673,106.3673,104.2353,106.3673,105.7213,104.2353,101.7890,103.5761,103.7545,103.9423,103.7545,105.9906,105.1190,105.3233,105.7213,105.3803,105.3803,105.0762,101.5972,101.4002,100.2447,97.1288,98.0459,94.0213,90.0056,89.0225,86.0233,83.1505,80.3057,78.3135,76.4199,71.3442,70.5762,66.7533,66.7533,66.7083,64.5368,64.0312,64.2884,62.2977,0.0000,0.0000,0.0000,0.0000,0.0000,0.0000,0.0000,0.0000,0.0000,0.0000,0.0000,0.0000
1700000039.050000,-63.2,100.3195,102.0441,95.7079,101.1336,95.7079,97.9490,95.7706,95.7706,95.7706,94.1541,98.1835,95.4149,97.9439,97.9081,99.5691,95.4411,98.8130,94.0479,99.4032,97.4166,96.5194,97.4166,93.6002,96.8298,97.8008,99.8098,100.2098,95.4411,100.6876,93.7443,96.0417,93.6483,91.3017,90.7855,89.0000,85.4283,84.9706,81.9390,78.9240,80.0562,70.0071,73.7360,68.9493,68.3081,64.8460,62.8172,61.6117,60.2080,59.0339,58.8558,57.4282,57.1402,0.0000,0.0000,0.0000,0.0000,0.0000,0.0000,0.0000,0.0000,0.0000,0.0000,0.0000,0.0000
1700000039.100000,-63.2,107.8147,105.1190,105.4230,108.8531,102.8008,102.2008,100.4390,102.3426,103.1746,102.6255,103.7738,104.4462,106.1744,107.0420,106.1744,102.8591,105.0952,100.6231,104.2161,103.7545,102.8591,106.9299,101.9657,102.5524,105.1190,103.7882,105.1190,105.5509,105.1190,101.9804,101.2126,101.5972,100.4988,95.1893,96.2549,94.0479,90.1388,87.8009,86.2149,84.2021,80.4301,78.8733,76.5768,70.9366,68.7677,66.5282,67.8970,65.7647,64.3506,61.5549,63.4114,61.2944,0.0000,0.0000,0.0000,0.0000,0.0000,0.0000,0.0000,0.0000,0.0000,0.0000,0.0000,0.0000
1700000039.150000,-64.3,109.0734,104.2353,106.4706,106.2309,103.5857,101.9657,101.8332,101.1187,103.2473,103.9423,105.1190,105.5367,106.2309,105.7733,105.5130,106.0424,103.8460,104.1201,103.7401,105.0809,103.8460,105.3613,103.1601,105.3043,104.9952,105.3043,106.3203,105.0809,103.8460,103.8460,101.6366,101.2028,101.6071,96.5091,98.1529,94.2019,91.9239,87.5728,86.3713,83.2947,80.2247,78.1025,78.0256,71.0282,70.0071,67.0075,67.0671,65.1230,66.2722,64.1950,62.3939,60.0167,0.0000,0.0000,0.0000,0.0000,0.0000,0.0000,0.0000,0.0000,0.0000,0.0000,0.0000,0.0000
1700000039.200000,-63.7,109.2886,106.6068,103.6002,108.2266,104.0192,104.6375,101.8283,102.3035,103.5857,103.3925,106.7942,105.3613,105.3613,105.3613,107.4895,105.4751,105.3803,103.9471,104.0625,105.3613,103.9471,104.8046,101.9117,104.3504,104.9952,107.0561,106.8316,106.1037,106.0754,103.9471,102.5524,101.9804,100.7671,97.3088,96.6747,93.8616,89.6437,88.6002,86.8389,83.7616,79.3221,80.9938,77.1751,72.7186,70.2353,67.9779,68.4251,66.7083,63.5059,63.1585,62.0322,58.8218,0.0000,0.0000,0.0000,0.0000,0.0000,0.0000,0.0000,0.0000,0.0000,0.0000,0.0000,0.0000
1700000039.250000,-62.7,104.5610,103.4698,103.0049,103.8123,102.6158,101.8283,98.7168,100.0050,100.6578,100.4490,101.8234,102.5329,103.2473,102.5914,101.1781,100.5684,101.9804,99.1564,101.4150,100.7671,100.6578,100.7671,98.5951,102.0049,103.2327,101.6710,101.6710,102.0686,102.9417,99.4887,97.6729,99.7647,96.1769,94.7629,93.3809,89.8276,88.4590,85.1469,81.6884,81.8352,77.0065,76.4003,72.8011,71.0282,68.2422,64.8999,64.6607,62.7694,59.6825,61.2944,59.9333,59.0931,0.0000,0.0000,0.0000,0.0000,0.0000,0.0000,0.0000,0.0000,0.0000,0.0000,0.0000,0.0000
1700000039.300000,-62.8,105.9906,102.5524,106.1037,102.5524,103.0776,100.0900,99.6243,102.1421,103.0922,103.4456,105.0809,105.5130,106.2309,104.0481,104.2929,105.1190,104.3456,101.9804,102.9612,101.7890,102.1812,103.5761,102.5914,104.9381,105.3803,104.0865,105.3803,105.9056,102.7716,104.9238,101.1385,100.1699,98.4937,98.0816,95.8175,93.6056,91.0824,88.0227,83.9345,81.3449,80.2309,76.9675,75.1532,69.3542,66.1891,67.9779,66.2420,65.0000,64.1405,62.9682,59.6406,59.0339,0.0000,0.0000,0.0000,0.0000,0.0000,0.0000,0.0000,0.0000,0.0000,0.0000,0.0000,0.0000
1700000039.350000,-61.9,101.2423,102.1763,100.0450,103.0776,99.0202,101.0000,99.0202,99.0808,98.0816,99.2472,102.3963,100.7174,102.7035,101.8332,101.4938,101.1187,101.9657,97.1648,101.2719,101.6071,101.1187,100.6231,98.6560,101.8676,103.1601,102.1812,101.7890,100.6231,103.0970,97.1648,100.6032,98.5089,97.2523,93.1933,93.0484,87.0517,88.0227,84.0000,82.0549,80.0562,75.2396,76.2365,72.2496,72.3395,67.6018,63.7887,63.7887,63.1506,61.1882,62.1691,60.1664,59.1354,0.0000,0.0000,0.0000,0.0000,0.0000,0.0000,0.0000,0.0000,0.0000,0.0000,0.0000,0.0000
1700000039.400000,-62.1,108.6738,106.9299,107.0187,103.3683,105.3091,102.3181,101.2423,102.1421,104.9952,103.4456,106.9018,103.8460,107.7033,104.2929,105.5130,107.4895,103.1601,103.1601,103.9423,103.7545,102.9612,105.5462,103.5761,105.2236,105.5462,104.2353,107.2007,105.7213,103.7545,103.5761,101.6366,102.3914,101.1385,97.8008,95.6033,95.2103,91.7061,86.3771,86.7295,82.6378,81.7068,76.6942,74.3236,72.4983,71.1758,67.5426,66.1891,64.8845,64.4981,64.6607,62.9682,62.2013,0.0000,0.0000,0.0000,0.0000,0.0000,0.0000,0.0000,0.0000,0.0000,0.0000,0.0000,0.0000
1700000039.450000,-61.6,107.2054,106.9018,104.1201,106.6068,104.8093,103.5809,103.5809,103.5857,104.3456,104.1393,104.5610,105.9292,103.9471,103.9471,105.3803,105.5746,104.4797,102.5914,103.4843,103.8171,105.0762,103.4843,103.8171,105.1190,105.3850,105.3850,106.5692,104.8093,105.0762,104.2353,102.5914,101.9804,99.6895,97.5295,94.8314,93.8616,92.4446,87.5957,85.7030,84.5044,80.0562,80.0562,77.0779,73.4098,69.3542,66.1891,68.8840,67.6018,63.6318,64.1405,62.9682,60.2163,0.0000,0.0000,0.0000,0.0000,0.0000,0.0000,0.0000,0.0000,0.0000,0.0000,0.0000,0.0000
1700000039.500000,-63.8,103.1746,98.2497,99.3227,98.3260,97.6217,95.7549,94.8947,96.3379,98.0051,99.2472,97.9847,98.2344,100.9604,100.9604,99.2018,100.0000,98.0816,97.4166,96.4624,97.1236,98.0816,97.4166,97.0824,98.2344,99.2975,96.7988,97.7394,101.5332,98.0816,97.1236,92.8924,94.8314,95.1262,93.1719,91.2414,88.4590,84.5281,82.0366,82.7345,77.6466,76.1643,73.1710,72.2496,66.1211,66.0303,63.0079,63.0000,63.0079,62.0322,60.0083,58.3095,57.4282,0.0000,0.0000,0.0000,0.0000,0.0000,0.0000,0.0000,0.0000,0.0000,0.0000,0.0000,0.0000
1700000039.550000,-61.1,103.4456,102.4890,100.2447,100.9009,98.6813,97.4987,99.4032,99.4032,98.3870,99.3177,100.7224,99.7447,102.4158,100.1848,99.2975,102.2155,100.8464,98.8838,101.3558,101.5480,99.4786,99.0202,99.1262,100.7025,101.0198,99.6444,100.1699,99.1262,99.1262,99.7647,97.9490,100.1848,95.7079,94.4299,91.7061,89.6939,86.1626,83.2166,82.2192,78.4474,76.5376,74.3303,72.8011,71.5681,66.7608,63.7887,63.7887,62.3699,61.5224,59.4138,58.2151,57.0789,0.0000,0.0000,0.0000,0.0000,0.0000,0.0000,0.0000,0.0000,0.0000,0.0000,0.0000,0.0000
1700000039.600000,-65.3,108.7474,102.9563,106.4049,104.5466,104.5466,98.0816,99.9600,99.9600,99.9300,102.1421,104.4031,104.1201,103.8460,103.3247,102.6158,105.5367,102.7716,103.9423,101.9804,102.9612,103.0776,103.9423,103.1601,102.5914,104.1393,104.1393,103.9423,103.9423,103.3683,103.3683,98.4937,101.9215,98.9798,95.5196,94.5780,93.4077,91.1811,88.1419,82.7647,81.0247,78.7210,74.6860,75.5910,72.0069,67.6018,66.3702,64.6607,63.8122,64.6375,62.8013,60.4401,59.4643,0.0000,0.0000,0.0000,0.0000,0.0000,0.0000,0.0000,0.0000,0.0000,0.0000,0.0000,0.0000
1700000039.650000,-63.6,106.5317,103.4070,106.2121,103.2473,103.5857,99.4082,102.3132,102.1225,102.0784,104.0192,105.0000,104.0433,105.0048,104.0769,102.0441,105.2331,101.1781,103.1746,102.3132,102.2399,103.2376,103.3102,102.3132,102.9563,103.8171,101.4938,104.4797,106.3814,102.2399,103.3925,99.1816,100.0800,101.0050,95.0000,95.0474,94.0053,90.0500,89.1403,85.2115,82.2982,80.5047,76.4199,76.5310,70.7107,69.7209,64.9384,66.4906,65.7343,65.7343,63.3246,60.4401,59.2368,0.0000,0.0000,0.0000,0.0000,0.0000,0.0000,0.0000,0.0000,0.0000,0.0000,0.0000,0.0000
1700000039.700000,-62.0,106.5317,107.3546,104.9381,107.2007,104.8093,105.5746,101.4002,104.1729,102.1763,102.0441,106.0424,105.0190,105.0048,105.0190,105.0190,104.0433,106.1179,102.1763,105.3043,106.1697,105.1713,103.2376,102.1225,103.5857,106.3015,105.3043,104.3887,104.1201,104.1201,102.1763,102.0049,102.0049,100.0050,97.1288,95.0842,93.1933,92.1358,88.5664,87.5728,85.7088,80.4114,79.4292,76.4853,72.3671,70.6116,66.9403,68.1542,67.0522,66.4831,64.5136,62.0322,61.3270,0.0000,0.0000,0.0000,0.0000,0.0000,0.0000,0.0000,0.0000,0.0000,0.0000,0.0000,0.0000
1700000039.750000,-58.7,110.9099,104.6518,103.7882,106.1037,101.2373,101.9510,100.2447,102.7862,102.7862,103.1601,103.7401,103.8460,104.8093,106.4800,104.0481,103.9423,104.7378,102.1812,101.4347,103.4070,105.2236,105.2236,101.4347,105.0762,106.5317,105.3803,103.9471,105.2236,106.5317,102.4207,103.3683,102.9612,101.4150,96.5401,95.8019,91.4822,91.0934,87.3155,85.4400,82.8734,80.4114,77.8332,75.3923,70.3847,72.0902,67.2309,68.9420,65.7419,64.4127,62.6498,61.0574,60.2163,0.0000,0.0000,0.0000,0.0000,0.0000,0.0000,0.0000,0.0000,0.0000,0.0000,0.0000,0.0000
1700000039.800000,-61.5,102.7862,100.3045,100.4639,100.8464,99.5389,97.0824,96.6023,97.5295,97.9490,98.0051,99.8499,100.8464,100.3444,99.4786,100.4988,100.1699,99.5691,95.7183,99.5691,99.0454,97.9081,99.0454,96.8349,99.6243,99.0454,98.2293,100.4390,98.7370,100.7025,96.2549,98.1122,97.4166,95.3834,93.0591,89.0056,87.6584,86.3308,84.3090,81.1542,78.9240,75.0267,72.8011,71.4703,68.0074,67.0522,63.6003,61.4003,64.0312,62.5859,59.6825,58.6941,56.1427,0.0000,0.0000,0.0000,0.0000,0.0000,0.0000,0.0000,0.0000,0.0000,0.0000,0.0000,0.0000
1700000039.850000,-64.7,106.6677,103.7111,103.3925,104.2353,101.9804,99.0051,101.1385,100.4988,100.4490,103.5857,103.4795,103.7111,103.7111,102.4500,100.8960,104.2017,102.0049,100.6032,100.4390,101.8332,102.8008,104.6231,101.2571,103.1746,103.7304,103.4650,101.7890,102.2008,102.2008,103.6002,97.4526,101.8283,97.9490,94.8472,94.1116,92.0217,89.0955,86.3134,84.2199,80.6598,80.8084,76.4853,75.9276,70.9366,69.6563,66.4003,64.8151,64.4050,63.5138,63.8122,59.5399,59.0339,0.0000,0.0000,0.0000,0.0000,0.0000,0.0000,0.0000,0.0000,0.0000,0.0000,0.0000,0.0000
1700000039.900000,-65.5,104.3935,101.2719,100.6032,102.9563,100.4042,98.2497,98.1275,97.0824,98.0204,99.0202,99.0051,99.0051,101.0198,101.0445,100.0450,100.2447,99.4082,98.2497,98.3260,98.4124,98.3260,99.4082,95.3363,99.8499,100.6032,100.9752,99.5038,99.4082,99.5038,98.4124,97.1854,98.0204,95.0053,92.0054,90.0056,89.0505,87.0517,85.2115,81.3019,78.3135,76.5310,74.3303,73.5527,68.8840,66.9104,65.3070,64.7611,63.3482,63.0635,59.2030,58.8218,57.0088,0.0000,0.0000,0.0000,0.0000,0.0000,0.0000,0.0000,0.0000,0.0000,0.0000,0.0000,0.0000
1700000039.950000,-63.4,103.7401,103.0922,101.9215,103.1601,98.4937,101.1385,97.7446,97.5141,101.4150,99.4636,101.2719,100.8415,101.5972,101.5972,102.8251,100.4988,101.5972,97.4166,100.2447,101.5972,99.8499,100.4042,97.3293,101.0792,102.2399,100.1798,103.1746,100.4042,101.4938,100.4988,98.9949,98.3107,94.9210,93.9415,92.4175,90.2441,85.3756,85.8662,81.9085,80.9568,75.9605,74.6726,72.2357,70.9366,68.1542,64.4050,65.7419,64.8845,61.2944,60.9016,60.5392,59.9083,0.0000,0.0000,0.0000,0.0000,0.0000,0.0000,0.0000,0.0000,0.0000,0.0000,0.0000,0.0000
1700000040.000000,-64.3,110.0182,105.0952,106.4706,103.7545,104.8093,101.8725,102.7278,102.9272,104.8475,104.2929,106.0189,106.4002,105.8017,105.2616,104.6375,105.7592,102.3035,103.7111,101.3163,104.1393,103.5857,104.1393,104.0625,104.6614,106.1037,103.2763,105.3803,108.3005,102.0686,103.4795,101.5332,100.4241,99.4032,98.6002,96.2601,93.2309,91.2634,88.5099,85.7555,81.6333,80.2621,76.5376,77.8974,69.8355,69.3181,68.8767,67.1193,67.6240,67.2309,63.1585,60.4070,59.4811,0.0000,0.0000,0.0000,0.0000,0.0000,0.0000,0.0000,0.0000,0.0000,0.0000,0.0000,0.0000
1700000040.050000,-66.8,105.0190,105.0048,106.0754,103.0000,101.1237,102.0441,102.2399,101.5972,103.3102,97.8673,101.4347,103.0970,99.4636,101.4347,103.4070,102.3914,103.1601,100.6628,100.2247,103.0776,102.3572,102.6158,95.8019,101.9215,105.7733,100.6876,102.7862,105.0190,105.5130,98.2344,104.5610,100.4490,100.2846,94.3663,94.2019,89.9444,89.4539,88.2043,86.0523,83.2166,77.0000,76.1052,75.0000,74.0068,68.0074,67.0075,68.0661,64.0703,64.0703,62.8013,63.3482,60.6383,0.0000,0.0000,0.0000,0.0000,0.0000,0.0000,0.0000,0.0000,0.0000,0.0000,0.0000,0.0000
1700000040.100000,-62.5,107.9120,104.1009,106.1744,104.4462,104.3168,101.9657,101.5529,101.5529,102.4597,102.9563,102.9563,102.5524,102.6937,104.5466,104.1777,105.6220,103.0922,102.4597,101.8332,101.5332,101.8332,104.4031,100.2447,103.1601,103.7401,104.4031,102.7862,104.0433,103.7304,101.8332,100.0900,99.1615,98.0867,95.3415,94.3716,92.1303,89.4707,85.5862,84.2199,81.1234,79.0759,76.3217,75.1665,69.8928,69.6348,65.0000,66.4003,64.8151,64.5368,60.8769,60.8112,60.1415,0.0000,0.0000,0.0000,0.0000,0.0000,0.0000,0.0000,0.0000,0.0000,0.0000,0.0000,0.0000
1700000040.150000,-61.9,103.1746,100.2447,100.4988,100.2447,99.4082,95.6347,97.8673,96.1769,98.3107,99.1413,99.0404,97.2934,101.2028,101.6366,100.2247,100.1699,98.0816,97.8008,97.8008,97.5295,97.2677,99.0404,96.5660,97.7190,99.3277,99.0404,99.0404,98.4937,100.1699,97.2677,96.1041,95.7079,95.3520,91.6624,90.6697,88.9550,85.7088,82.2982,80.0999,78.0256,76.0263,74.0068,73.0000,70.0071,66.0303,64.1249,63.1981,63.2851,59.5399,59.6825,58.0517,57.2800,0.0000,0.0000,0.0000,0.0000,0.0000,0.0000,0.0000,0.0000,0.0000,0.0000,0.0000,0.0000
1700000040.200000,-63.3,105.2616,103.3247,102.7862,102.2008,99.9300,98.0306,99.6243,98.4327,98.2344,100.3195,102.9563,100.6479,101.1336,100.1798,100.1798,102.4207,99.2975,98.8838,99.8499,100.3444,99.8499,100.3444,99.8499,101.0198,102.7278,100.4988,100.4988,101.7104,100.8464,101.7104,98.4124,98.8382,95.7079,94.4299,92.7038,89.1572,88.3912,84.1546,83.4865,78.1089,79.4040,73.0821,73.7631,70.6045,67.4463,65.2533,64.5368,62.9682,61.8142,61.6604,61.2944,61.1310,0.0000,0.0000,0.0000,0.0000,0.0000,0.0000,0.0000,0.0000,0.0000,0.0000,0.0000,0.0000
1700000040.250000,-60.7,107.0187,105.0000,105.0428,104.0192,103.1213,99.1262,99.1816,101.5972,103.4843,103.0970,103.2473,103.7545,102.9612,104.1393,102.9612,104.5610,104.0481,102.6109,101.6514,103.5809,101.6366,104.0481,102.6158,101.5332,103.1601,103.1601,105.0809,103.0776,103.0776,102.3572,99.0404,100.0200,99.4636,96.1769,94.8947,92.9139,88.6848,87.4643,85.2115,82.1523,80.0250,77.0260,76.0066,70.0000,70.0071,65.0308,66.0681,67.0671,64.1249,61.2944,61.6604,59.4390,0.0000,0.0000,0.0000,0.0000,0.0000,0.0000,0.0000,0.0000,0.0000,0.0000,0.0000,0.0000
1700000040.300000,-56.9,102.0049,103.6002,101.2571,102.6499,98.7370,99.5691,98.7927,98.1122,99.1262,98.0051,101.9657,100.6231,102.4158,100.6479,103.3151,101.1336,101.6366,96.2549,101.7693,99.9250,101.6366,99.9250,97.8621,100.9009,101.9510,102.3181,101.3903,99.9250,101.2373,98.0867,99.7447,97.9490,95.7706,93.1504,92.2822,88.3233,87.4643,85.4400,82.3772,79.8812,75.2130,75.8024,72.0069,69.8140,66.7083,66.6033,66.5282,63.6553,62.2415,60.1082,59.4138,57.6281,0.0000,0.0000,0.0000,0.0000,0.0000,0.0000,0.0000,0.0000,0.0000,0.0000,0.0000,0.0000
1700000040.350000,-60.1,105.1903,105.6788,103.7545,104.2017,102.4158,99.3177,100.3195,100.7224,101.2373,104.1777,102.7862,104.3552,103.7304,102.7862,103.0922,104.8093,103.5809,101.6514,101.3903,102.2008,101.5332,102.8834,101.3903,102.3914,104.0481,103.3247,102.8834,103.5809,101.9215,102.8834,98.6712,98.6813,97.4987,95.4620,94.0213,93.5201,89.0505,87.6641,84.0773,82.7647,80.5295,76.5376,75.8024,70.3278,67.7422,66.8506,66.6108,65.2150,65.4370,63.2535,60.9590,59.3970,0.0000,0.0000,0.0000,0.0000,0.0000,0.0000,0.0000,0.0000,0.0000,0.0000,0.0000,0.0000
1700000040.400000,-62.9,106.0424,104.4845,103.5857,102.1763,101.9804,99.8248,101.1781,100.4092,101.8332,101.9117,102.7278,103.5857,102.9417,103.0776,102.8251,103.2327,102.2008,99.8098,101.4002,102.6158,100.6032,101.4002,99.4032,101.7890,104.2929,102.3426,104.2929,102.2008,101.0198,100.2098,99.4887,100.7671,98.4937,95.5249,93.3488,91.9674,90.5538,85.6329,84.8999,80.6598,79.3095,75.8222,73.8783,69.6563,67.0075,67.2012,64.4050,66.0303,63.8122,61.0574,60.9016,59.0339,0.0000,0.0000,0.0000,0.0000,0.0000,0.0000,0.0000,0.0000,0.0000,0.0000,0.0000,0.0000
1700000040.450000,-64.4,100.4988,97.6729,98.2904,98.2904,96.1769,94.1116,95.6713,95.2680,95.2680,96.6747,96.2133,97.2008,97.8008,98.0051,96.6075,96.5194,94.0319,94.8736,94.8736,95.7183,95.4149,97.4166,94.8736,96.2549,96.8969,96.8969,97.4166,97.4166,95.7183,96.2549,93.2309,95.4411,93.0054,89.0225,88.8651,87.2066,83.6301,80.6598,79.2086,74.9667,74.9667,70.7107,70.7248,66.5282,64.4438,62.4820,61.0737,60.4401,60.0000,59.0762,56.9386,55.4707,0.0000,0.0000,0.0000,0.0000,0.0000,0.0000,0.0000,0.0000,0.0000,0.0000,0.0000,0.0000
1700000040.500000,-62.0,100.9009,100.8464,101.1336,99.0051,100.6479,97.0824,96.6023,97.9490,97.5295,99.4786,98.7927,101.5135,105.1190,101.2571,98.1835,98.6002,98.8585,95.8019,97.6166,98.0816,97.0052,99.3579,97.3088,99.8248,99.2472,99.0202,104.2353,97.8366,99.3579,100.2646,98.4073,97.6166,96.5194,94.4034,90.4268,90.1388,89.3588,85.7555,80.4550,81.3019,81.1234,77.0260,74.2428,68.4763,70.2140,64.4748,65.7419,66.1891,64.8460,62.3939,61.6847,57.9741,0.0000,0.0000,0.0000,0.0000,0.0000,0.0000,0.0000,0.0000,0.0000,0.0000,0.0000,0.0000
1700000040.550000,-58.9,106.2309,108.0787,105.7024,107.0187,103.3151,102.8591,102.9563,103.4456,103.0776,102.3963,106.0000,104.8475,103.4650,103.4650,104.5610,104.2017,103.4070,99.8098,103.2327,103.8557,101.8283,103.0776,101.2126,104.2353,103.0776,104.3504,104.2353,102.4500,104.6375,102.3035,101.4002,100.6032,98.7370,97.0824,95.4149,92.9624,91.9239,87.7097,83.6481,85.4751,79.1581,79.1770,74.6860,72.0139,70.6824,67.6240,68.1542,65.1920,65.4599,64.8460,61.4003,59.6657,0.0000,0.0000,0.0000,0.0000,0.0000,0.0000,0.0000,0.0000,0.0000,0.0000,0.0000,0.0000
1700000040.600000,-61.4,105.4751,106.2309,104.2929,106.2544,101.0198,100.6032,100.2646,102.0686,100.7671,101.9804,104.1393,104.0048,103.2763,104.0048,104.6614,103.9471,103.3247,99.0051,104.1393,101.4150,101.2373,103.4795,99.9050,102.1763,104.2353,102.8251,104.3504,102.6499,103.3925,100.5684,98.9949,98.3107,96.1769,95.4620,95.5877,90.0278,88.7299,86.8332,83.4086,82.6196,76.8440,76.2758,75.4520,71.0282,69.0652,65.1920,65.5134,65.0000,62.6498,61.2699,60.8358,60.7454,0.0000,0.0000,0.0000,0.0000,0.0000,0.0000,0.0000,0.0000,0.0000,0.0000,0.0000,0.0000
1700000040.650000,-61.5,100.7025,96.8969,98.4886,95.8801,96.6488,93.0215,92.7038,93.6216,95.0789,95.4620,94.9368,95.8541,97.3088,96.2081,96.9330,98.6712,95.2103,95.2103,93.4077,93.6216,95.3363,96.5401,94.9210,95.6033,97.1236,96.5660,96.3016,98.0816,93.9628,97.4166,90.7579,91.3947,90.7579,87.6641,86.7295,85.9069,84.0773,79.2591,79.2591,75.6637,74.7930,69.8355,70.4911,63.6318,63.6318,61.7738,59.6825,59.9083,58.2580,58.7282,56.6392,55.8659,0.0000,0.0000,0.0000,0.0000,0.0000,0.0000,0.0000,0.0000,0.0000,0.0000,0.0000,0.0000
1700000040.700000,-61.9,103.0776,103.0776,101.0198,103.0437,99.0000,97.0464,97.0824,98.1835,98.1835,99.6092,98.7320,98.9949,100.9752,99.2975,99.9850,101.2719,99.6394,97.3242,98.0612,98.3107,98.6560,99.8248,96.8814,98.7168,101.4150,99.2472,101.4150,101.2719,100.2846,97.1648,95.8853,95.5249,95.3363,93.2631,91.1373,88.1419,85.0529,85.0000,83.0000,80.0250,76.1643,75.1665,72.1734,66.2722,65.3758,62.5140,64.4981,63.7887,61.9839,60.4152,61.1310,57.8705,0.0000,0.0000,0.0000,0.0000,0.0000,0.0000,0.0000,0.0000,0.0000,0.0000,0.0000,0.0000
1700000040.750000,-62.4,104.2353,101.2719,103.3683,101.0000,100.6628,98.2344,99.3277,99.9300,101.1929,100.5783,100.8811,100.8811,102.4597,101.8430,99.7246,101.2373,98.4886,99.9250,100.2247,100.6479,99.7447,101.5185,100.6479,100.6231,101.5529,101.5529,101.5185,103.3151,97.5090,101.1336,97.3088,97.6934,97.8621,92.3580,90.1388,89.8109,88.0568,85.6154,82.2253,78.3390,78.6448,73.5459,76.2955,69.2315,66.0984,64.7765,64.6297,63.6396,64.3817,61.1310,59.0085,58.0086,0.0000,0.0000,0.0000,0.0000,0.0000,0.0000,0.0000,0.0000,0.0000,0.0000,0.0000,0.0000
1700000040.800000,-61.8,108.4666,108.4666,103.0049,106.0189,103.0049,102.4500,102.3035,102.8251,103.7111,101.2373,103.3925,101.8627,105.3613,104.6518,106.1037,102.5524,103.9471,99.7046,103.3247,104.0048,101.8332,103.2763,101.1781,104.1393,104.0625,105.5509,106.1037,103.2376,102.5524,101.1385,100.5684,100.6578,100.1249,97.4526,95.0000,92.2009,88.0057,86.0233,83.7616,82.6801,78.8923,78.3901,74.7930,73.0616,70.2353,66.6483,66.7083,66.7083,66.8506,62.6259,61.0328,58.9406,0.0000,0.0000,0.0000,0.0000,0.0000,0.0000,0.0000,0.0000,0.0000,0.0000,0.0000,0.0000
1700000040.850000,-62.0,105.6788,103.7738,106.2544,101.2126,103.7738,97.9081,101.2571,100.6032,102.8008,102.4500,104.3504,100.7671,102.8251,97.5910,102.8251,105.4182,101.1385,98.3514,101.1781,100.4490,102.6499,103.9471,101.1781,104.6900,102.5914,105.4182,106.1508,104.6614,105.3613,102.5329,101.5332,100.0050,100.4241,97.2008,94.6256,94.0213,86.6083,88.7525,84.6286,79.3221,80.6226,75.8024,77.8974,71.1196,68.4251,67.5426,66.6408,68.3520,64.6220,60.9262,63.5689,60.8769,0.0000,0.0000,0.0000,0.0000,0.0000,0.0000,0.0000,0.0000,0.0000,0.0000,0.0000,0.0000
1700000040.900000,-60.3,104.1201,103.0194,102.0196,103.0049,100.0200,101.1781,101.2423,97.4166,97.3293,98.7320,101.1187,99.6394,99.6394,101.0000,99.6394,100.4390,100.6628,98.4886,100.8960,100.6628,98.2700,97.7446,97.0155,99.6243,100.6876,100.9604,101.6514,101.3903,100.4241,97.2677,99.4636,98.6560,96.1769,94.7629,92.5419,88.6848,88.8144,83.3847,81.2219,79.1581,78.1025,74.1080,73.0274,70.0000,67.0000,64.0078,66.0681,64.1950,61.2046,61.2046,61.5224,60.0167,0.0000,0.0000,0.0000,0.0000,0.0000,0.0000,0.0000,0.0000,0.0000,0.0000,0.0000,0.0000
1700000040.950000,-62.1,101.5135,102.0784,100.4390,101.2571,96.8349,98.4073,98.8585,96.6747,98.0816,97.0000,100.4988,99.7647,99.7246,98.2904,100.4988,100.4191,97.5910,95.4620,98.3514,97.5910,97.5807,97.5910,96.2081,99.1564,99.8248,98.4124,100.4191,98.2904,100.4490,96.1665,96.2081,95.6713,95.1315,92.6175,91.8314,87.6185,87.2009,81.8413,80.1561,79.0759,73.9256,74.9466,71.5891,68.8840,66.1891,64.4050,63.5610,63.5610,62.7694,59.8080,59.1354,57.0088,0.0000,0.0000,0.0000,0.0000,0.0000,0.0000,0.0000,0.0000,0.0000,0.0000,0.0000,0.0000
1700000041.000000,-59.5,102.2155,103.0776,99.7647,101.5972,95.7131,97.0464,97.5756,97.0824,98.4886,94.7048,99.3680,97.7394,99.0202,100.2447,100.9009,96.1665,98.7623,94.9210,97.8008,97.5295,97.1236,98.4937,93.6803,97.5141,98.2344,101.1385,100.4241,96.8401,101.6514,95.6033,96.7678,95.1893,95.6347,91.5478,90.0777,86.0058,86.9253,83.6301,80.5295,82.7345,74.7061,74.2428,70.2353,68.6003,65.8635,62.9682,65.4599,62.1289,60.2163,59.8164,58.8982,58.7282,0.0000,0.0000,0.0000,0.0000,0.0000,0.0000,0.0000,0.0000,0.0000,0.0000,0.0000,0.0000
1700000041.050000,-61.4,105.7024,106.2309,105.1095,105.4751,101.0198,103.4070,100.9604,102.8834,102.8834,101.1385,103.3247,104.5610,104.1393,104.1393,104.3456,103.7545,105.3803,101.6071,103.2473,101.1187,103.5761,102.8251,99.9850,104.5801,105.0762,103.9471,104.0865,103.2473,105.2236,101.2719,101.7890,98.8433,99.4636,95.8019,93.8616,93.0054,92.0489,85.7030,85.0941,83.2166,79.8499,77.0779,73.9256,71.3092,69.8570,65.7419,68.4251,64.8845,63.1348,62.4340,62.1289,62.2013,0.0000,0.0000,0.0000,0.0000,0.0000,0.0000,0.0000,0.0000,0.0000,0.0000,0.0000,0.0000
1700000041.100000,-60.6,105.7733,98.4937,103.4456,98.7623,101.8332,96.1353,99.1615,99.1615,99.0051,100.8464,102.6937,98.8989,100.7224,100.2247,98.8989,101.5332,97.0618,98.3870,94.8947,99.7647,98.8382,98.8838,98.4124,101.2126,98.8838,98.9798,98.8838,100.1848,97.0618,100.6231,96.1769,96.6644,95.8541,93.4077,91.1811,90.4765,86.3308,82.8613,80.7775,77.6209,77.6209,72.5328,74.7329,67.6831,66.4906,64.9384,63.9531,62.6498,64.3817,62.0725,59.0762,57.0000,0.0000,0.0000,0.0000,0.0000,0.0000,0.0000,0.0000,0.0000,0.0000,0.0000,0.0000,0.0000
1700000041.150000,-58.4,104.5610,99.6895,102.1078,99.9250,100.4241,97.8008,98.6712,97.7394,100.9009,98.6813,99.2975,99.9250,101.0198,101.3903,100.4639,101.6366,97.0824,99.0051,95.7079,99.7447,99.3177,98.3870,97.5090,97.9490,101.0792,98.3870,99.7447,100.7224,99.9250,99.0051,95.8593,94.3398,95.1893,89.8109,90.8020,89.5600,85.8662,84.1724,81.5843,79.2465,78.0897,74.8131,73.5527,67.7422,66.4831,64.3817,64.3817,62.0725,61.0328,60.0083,61.0328,57.2189,0.0000,0.0000,0.0000,0.0000,0.0000,0.0000,0.0000,0.0000,0.0000,0.0000,0.0000,0.0000
1700000041.200000,-62.2,105.6456,105.7592,104.4845,104.9952,100.4241,101.4002,100.4390,102.3426,102.9029,101.3558,104.4462,103.4456,102.4744,103.3538,103.4456,103.3538,102.4207,98.8382,101.0792,100.1798,100.1848,101.5185,99.7447,102.1567,102.9563,101.6366,103.3683,101.9657,102.8591,100.1798,98.4124,98.9798,96.8969,93.8136,93.4933,90.4268,89.5879,84.6286,82.6620,80.2122,78.8733,74.8131,72.3464,70.2922,67.3573,65.8559,65.8559,62.9365,62.2415,61.6198,60.2080,58.6003,0.0000,0.0000,0.0000,0.0000,0.0000,0.0000,0.0000,0.0000,0.0000,0.0000,0.0000,0.0000
1700000041.250000,-61.1,101.0198,104.0192,101.0445,101.1237,98.1835,98.3260,97.8673,96.1769,99.8499,97.1648,100.6231,99.6394,100.6231,100.0200,100.0200,97.7446,99.9250,97.0155,100.4241,98.4937,99.4585,99.4585,95.6033,99.3277,98.2344,98.7623,102.2008,98.4937,99.2018,96.0469,96.1041,97.0824,93.3809,92.0706,88.9550,86.7006,86.4697,83.0963,82.0549,80.0999,75.0000,73.0274,70.0071,68.0074,65.0000,62.0725,63.1269,62.2013,62.3939,60.5310,59.0339,57.7235,0.0000,0.0000,0.0000,0.0000,0.0000,0.0000,0.0000,0.0000,0.0000,0.0000,0.0000,0.0000
1700000041.300000,-63.6,107.8703,104.3935,106.7942,101.8332,104.4797,100.3195,100.1249,101.0792,103.0437,102.0441,104.0192,104.0048,105.0000,105.0000,104.0048,103.1213,102.1225,103.1213,100.3195,101.2423,102.2399,103.3102,101.2423,102.3963,103.1746,103.3102,104.3072,105.0762,101.1237,103.1746,98.0000,101.0198,100.0450,95.0474,95.1315,93.1933,89.5600,85.9884,83.1865,82.2010,79.4292,77.4661,76.6877,70.6116,70.8308,66.9403,66.9403,67.7200,64.1950,61.6847,61.4654,60.8276,0.0000,0.0000,0.0000,0.0000,0.0000,0.0000,0.0000,0.0000,0.0000,0.0000,0.0000,0.0000
1700000041.350000,-62.4,97.7446,96.5401,96.3016,95.0789,95.3363,93.9628,92.6553,92.6553,92.0272,90.8240,94.1541,96.2549,94.5410,93.6216,93.6216,93.5201,93.9415,91.2853,94.3716,94.3716,94.4299,93.0376,92.5743,95.7706,93.4773,94.8262,94.8103,94.8472,92.6121,91.7878,93.9840,91.4166,91.3947,86.6833,85.4400,84.7703,82.2800,78.5875,77.1298,74.1485,71.0211,69.8713,68.8840,64.6297,64.2806,60.2080,60.1332,60.0750,58.0345,58.0345,56.0000,55.2268,0.0000,0.0000,0.0000,0.0000,0.0000,0.0000,0.0000,0.0000,0.0000,0.0000,0.0000,0.0000
1700000041.400000,-58.5,107.8378,104.2785,106.2309,104.2785,104.5466,98.0816,102.4597,99.9300,102.7862,104.8093,105.0809,103.3247,104.2929,104.5610,100.1699,106.5129,101.0000,102.9612,99.4636,102.5914,102.5914,102.5914,104.2353,102.9563,104.0865,101.9657,102.1078,105.7213,101.4347,102.5914,99.2472,100.4390,97.7446,95.3363,93.0054,94.5569,89.4930,86.3771,83.2166,81.3449,78.9240,74.8465,76.1577,69.8570,69.3542,65.7419,65.7419,64.4127,64.8845,62.7694,61.8547,57.8014,0.0000,0.0000,0.0000,0.0000,0.0000,0.0000,0.0000,0.0000,0.0000,0.0000,0.0000,0.0000
1700000041.450000,-62.1,101.5332,99.0202,100.0000,98.2344,97.0052,95.2103,95.6922,94.5780,94.5780,94.6678,96.3846,95.3834,97.0618,96.2549,95.5249,97.1288,94.0213,95.3834,95.2575,94.8262,94.8262,93.5361,94.3663,95.2733,95.7079,97.0464,96.1769,96.2549,95.5249,95.0158,92.1141,93.7443,92.0869,90.0000,88.2383,87.6185,82.6196,79.3977,80.6598,75.7430,72.8354,71.4213,68.6222,64.3506,62.9682,60.3075,61.0737,59.8164,58.8218,56.8595,55.7584,55.4707,0.0000,0.0000,0.0000,0.0000,0.0000,0.0000,0.0000,0.0000,0.0000,0.0000,0.0000,0.0000
1700000041.500000,-61.5,107.0420,106.2309,104.1729,105.1190,101.3163,103.5857,102.1078,101.2719,102.2595,100.6231,104.7378,104.0481,105.5367,103.5857,103.1601,103.0776,105.2616,101.1385,103.5809,102.8834,102.8834,101.6514,100.6876,103.7401,104.6948,104.4031,103.1601,103.3247,105.2616,99.6895,101.9804,98.8433,100.6231,96.0260,94.4299,91.0824,90.4489,87.3670,85.1469,82.0975,78.0064,76.0263,75.0067,73.0274,70.1142,66.0681,66.1891,65.3758,65.2763,63.6396,62.9682,59.9083,0.0000,0.0000,0.0000,0.0000,0.0000,0.0000,0.0000,0.0000,0.0000,0.0000,0.0000,0.0000
1700000041.550000,-61.1,103.7882,100.7224,101.9804,99.7447,97.5295,96.2549,94.1541,97.7548,95.1893,95.7183,97.3499,101.0198,99.4032,95.4411,98.2293,97.2008,98.2344,96.8298,98.4073,96.0469,98.6002,97.6166,96.8298,100.4988,102.3035,97.8366,99.2472,101.0445,97.4526,99.0202,93.7443,99.0202,94.8736,92.9624,90.9725,89.3588,89.0674,84.5340,83.2406,80.9506,73.4098,74.2496,73.0069,68.5420,68.1542,64.8460,65.1920,63.5689,64.5601,61.1310,58.4637,56.5685,0.0000,0.0000,0.0000,0.0000,0.0000,0.0000,0.0000,0.0000,0.0000,0.0000,0.0000,0.0000
1700000041.600000,-61.5,106.6208,107.7033,101.9510,106.4049,100.9009,100.2447,99.3277,101.9215,102.6158,102.1078,105.2616,105.5367,103.3683,105.1190,102.9612,102.2595,103.2473,100.1299,103.9471,101.9657,102.1078,103.5857,100.1299,103.4843,103.8171,103.8171,102.5914,103.9471,104.9381,101.1187,100.6231,99.8248,99.2472,96.7729,93.8616,92.4446,90.5207,86.6487,84.1546,81.5966,78.7718,78.7718,74.4648,72.6154,68.1542,68.0294,64.8460,65.2993,62.6498,62.2656,62.4340,61.4003,0.0000,0.0000,0.0000,0.0000,0.0000,0.0000,0.0000,0.0000,0.0000,0.0000,0.0000,0.0000
1700000041.650000,-64.8,107.0794,106.7052,102.9563,106.2121,100.9752,103.5857,102.1763,100.1798,102.0441,101.1237,104.1201,105.0428,104.0433,104.0048,104.0048,102.0784,103.0776,100.0450,104.1729,103.1213,101.1237,103.2376,101.0792,104.1729,104.0769,103.2376,104.2353,102.1225,104.1201,100.1249,102.0049,102.0049,100.0200,97.0824,95.0842,90.3549,89.4539,86.9770,83.1865,81.0494,78.0897,76.1183,74.5252,70.6116,68.6586,66.7083,65.2533,65.2533,61.9839,62.9682,61.3270,60.8276,0.0000,0.0000,0.0000,0.0000,0.0000,0.0000,0.0000,0.0000,0.0000,0.0000,0.0000,0.0000
1700000041.700000,-63.3,103.7111,108.5772,102.9417,103.2327,98.8585,100.9554,95.8019,102.6499,101.2571,98.7927,100.7224,102.2155,99.4786,100.8464,101.2126,96.2549,99.7647,101.5332,101.9804,102.4158,104.2161,104.2017,97.0464,100.7224,105.1903,102.9563,105.1190,102.4158,105.1190,100.1798,99.4786,95.8801,99.0202,95.6922,96.5194,87.3670,90.1388,87.2009,86.0523,83.4086,77.2334,76.4853,76.5768,73.7564,68.6222,63.7024,69.3109,65.1920,62.3699,66.7083,59.6406,61.0574,0.0000,0.0000,0.0000,0.0000,0.0000,0.0000,0.0000,0.0000,0.0000,0.0000,0.0000,0.0000
1700000041.750000,-62.5,95.6922,97.0824,94.0319,95.9635,91.0659,92.7847,93.0591,90.3549,92.5905,91.2414,94.3663,94.3716,93.9415,93.9415,94.8472,92.3093,96.3846,91.7878,94.7048,93.7763,92.7038,93.4077,89.6939,92.6984,95.6347,94.7048,95.4620,92.4770,95.3415,91.3893,93.4719,92.1303,90.3549,87.8180,86.0930,82.6801,80.9938,77.6660,76.4003,74.2024,69.2026,70.0000,67.3573,65.9469,62.4820,60.3075,58.7282,59.3970,57.3149,56.7274,55.4437,53.8238,0.0000,0.0000,0.0000,0.0000,0.0000,0.0000,0.0000,0.0000,0.0000,0.0000,0.0000,0.0000
1700000041.800000,-61.7,106.0047,104.2353,105.5509,103.7545,102.4597,99.4032,100.4639,98.0816,101.3903,99.6243,102.4890,101.6514,102.8834,103.8460,101.9215,102.1078,101.6366,100.2247,101.4150,101.1385,101.3903,101.4150,100.2247,103.4070,100.8067,101.6071,102.1812,102.3914,102.3914,100.4390,98.7623,100.9604,97.0824,94.9210,93.6376,91.0824,87.3155,83.9345,83.3847,81.5414,78.2624,74.6860,72.8972,69.7711,68.8840,64.4981,64.6607,64.6607,61.5873,62.1289,62.2013,60.2080,0.0000,0.0000,0.0000,0.0000,0.0000,0.0000,0.0000,0.0000,0.0000,0.0000,0.0000,0.0000
1700000041.850000,-62.8,107.0747,100.2098,105.8017,103.0049,100.4241,98.0816,100.7671,99.8248,99.0858,101.2373,100.4490,101.8332,103.9471,101.1781,99.0051,103.4795,101.4150,100.0050,100.7671,100.0050,99.9050,100.1249,100.7671,102.0049,102.6158,100.8960,102.4500,102.3035,99.4887,100.8960,95.5877,99.0858,96.8969,91.9239,91.9348,90.5538,90.5538,85.2760,82.6196,79.5110,78.2432,73.2462,73.6003,68.6003,69.0652,65.4599,64.6375,65.5134,63.6318,61.7738,60.3738,57.9396,0.0000,0.0000,0.0000,0.0000,0.0000,0.0000,0.0000,0.0000,0.0000,0.0000,0.0000,0.0000
1700000041.900000,-61.3,108.2405,104.4031,105.9481,104.4031,103.4070,99.3680,100.0900,100.3195,102.1567,101.1336,102.8834,102.8591,104.2017,104.2353,102.4158,104.7091,102.4744,101.5972,101.2126,100.3444,101.5332,103.4456,101.7104,103.7738,104.1009,103.2473,103.0776,103.8316,101.0742,101.5332,98.8433,100.2247,99.9250,96.3846,93.9840,92.8493,87.6641,86.6487,84.2021,81.0432,79.8123,76.4003,74.9533,69.8570,69.6348,65.7647,63.7887,65.6201,64.3817,63.2851,61.1310,59.0085,0.0000,0.0000,0.0000,0.0000,0.0000,0.0000,0.0000,0.0000,0.0000,0.0000,0.0000,0.0000
1700000041.950000,-61.4,98.4124,101.4002,98.8585,101.4002,98.9949,98.1529,95.5667,97.7446,98.9545,93.1451,97.9847,98.0816,100.0000,99.0404,100.5783,98.2344,99.0202,94.1541,95.8541,98.0867,97.6934,96.1769,93.6216,100.7224,98.6154,97.5090,101.0792,97.6934,98.6154,93.2309,96.2081,92.4770,96.4624,90.1388,91.0934,89.0225,85.7263,81.0247,84.9294,82.0000,75.1332,77.2787,69.8713,67.8970,63.5610,61.5224,64.6297,63.2851,62.0322,62.0081,60.2080,58.0775,0.0000,0.0000,0.0000,0.0000,0.0000,0.0000,0.0000,0.0000,0.0000,0.0000,0.0000,0.0000
1700000042.000000,-62.5,103.1746,103.3102,101.4938,102.4890,99.5038,101.1187,100.2846,100.6231,100.4490,97.7446,103.3247,101.6514,102.2008,102.4890,101.9215,101.5332,103.7401,97.7190,102.4597,102.1421,101.8332,98.9798,97.0824,100.8464,101.9510,101.3903,103.1213,103.4070,103.7304,97.7190,100.6876,98.7623,97.7446,95.1262,93.9415,89.8220,90.6090,84.3445,81.7435,79.7621,79.2275,77.3175,73.2462,70.1142,69.0652,67.0298,65.0077,65.0077,62.0081,61.0328,61.2046,58.6941,0.0000,0.0000,0.0000,0.0000,0.0000,0.0000,0.0000,0.0000,0.0000,0.0000,0.0000,0.0000
1700000042.050000,-61.0,100.8415,102.5914,98.3260,101.4938,97.3293,98.1275,95.0053,97.0052,99.0000,97.0464,99.0808,97.1854,100.2447,99.2472,100.2447,95.4254,99.5038,94.5304,98.5089,98.8585,97.6217,97.8673,91.9239,98.3107,98.9949,99.1413,101.1187,94.4299,99.5038,93.4345,97.1288,95.0842,94.0479,91.0000,90.0222,87.0057,86.0233,83.0963,79.2275,79.3095,73.5527,74.5453,70.8590,68.7314,65.3070,63.5610,64.5368,63.7887,60.1664,60.7289,57.8705,57.0088,0.0000,0.0000,0.0000,0.0000,0.0000,0.0000,0.0000,0.0000,0.0000,0.0000,0.0000,0.0000
1700000042.100000,-61.2,104.6518,105.1190,102.4597,104.6948,100.8464,100.0900,98.4327,99.9300,102.7862,99.6243,103.4456,102.3572,103.3247,103.3247,104.2929,102.3914,104.1393,100.2247,102.1812,101.2028,101.2028,102.7716,99.8248,102.2595,104.3935,102.1078,104.5610,103.1601,104.1393,99.8248,100.4241,96.7729,98.0816,94.2550,93.9202,90.7579,88.2553,86.1626,83.0060,82.4621,77.3886,76.9675,73.4098,71.5542,68.4251,64.8845,66.2420,64.1405,63.6318,61.0574,62.8013,60.3075,0.0000,0.0000,0.0000,0.0000,0.0000,0.0000,0.0000,0.0000,0.0000,0.0000,0.0000,0.0000
1700000042.150000,-65.3,103.4070,98.3717,98.6712,98.3717,102.6158,94.8314,97.5141,96.1041,96.3172,98.4784,100.4490,99.8499,99.9850,98.6154,98.9949,101.4938,98.5089,98.3260,97.3293,98.3260,97.5141,98.3260,98.3260,100.1249,100.1798,99.1816,99.3227,100.3195,99.4082,97.5141,96.1769,96.3379,95.7079,91.0055,91.0055,89.0505,84.4038,83.9345,81.9085,78.4474,77.1622,73.6817,72.4500,68.0074,66.7083,62.6498,62.6099,62.1691,61.7171,61.2944,58.3095,56.0357,0.0000,0.0000,0.0000,0.0000,0.0000,0.0000,0.0000,0.0000,0.0000,0.0000,0.0000,0.0000
1700000042.200000,-61.8,105.3945,104.6231,99.2018,101.0198,102.6158,100.8018,102.1763,97.3088,97.9490,99.1564,99.1564,101.8234,98.4124,98.2904,98.9949,101.9804,97.3088,101.9804,98.5951,99.4887,97.8366,103.0776,100.2646,99.6394,101.2126,101.3163,99.4887,100.7671,101.4150,99.2472,99.1564,97.5910,97.5807,95.5249,93.3809,91.9348,90.9065,88.2383,82.2010,81.4002,79.0253,73.4983,75.2130,71.0282,68.0074,65.5134,67.4166,68.0955,66.7083,62.6498,61.0983,61.0983,0.0000,0.0000,0.0000,0.0000,0.0000,0.0000,0.0000,0.0000,0.0000,0.0000,0.0000,0.0000
1700000042.250000,-63.1,94.0213,91.4166,92.9624,89.8888,90.7359,87.3670,89.6270,89.0505,88.4081,89.2020,91.8314,90.4268,90.2718,89.3756,87.9659,92.0217,89.1403,90.6090,89.1067,89.1403,87.8635,90.5207,89.8721,89.1067,90.5207,89.1067,88.3912,89.8276,88.4590,89.8276,87.2066,88.0909,86.6833,84.2021,81.4002,82.0975,79.0569,75.4718,72.7186,69.9714,69.4622,64.4981,67.1193,61.7738,61.2944,57.2451,59.5063,55.9464,56.6480,56.3028,53.4509,52.6308,0.0000,0.0000,0.0000,0.0000,0.0000,0.0000,0.0000,0.0000,0.0000,0.0000,0.0000,0.0000
1700000042.300000,-63.6,106.2544,104.2017,102.4500,103.2327,99.4887,99.4887,99.8248,96.9381,101.1781,99.7647,101.8332,101.1385,101.1385,98.3107,101.1781,99.9050,101.4150,99.1564,99.2472,100.0050,98.4937,99.3579,99.2472,101.6710,100.7671,101.5332,101.4150,100.6578,98.4937,98.4124,98.2904,96.8762,94.7629,92.0978,92.0978,89.3756,88.0909,83.6002,81.0247,78.2368,76.0263,74.8866,72.7186,68.7968,66.3702,63.1348,63.5295,62.6099,61.7414,61.3270,58.5235,56.6127,0.0000,0.0000,0.0000,0.0000,0.0000,0.0000,0.0000,0.0000,0.0000,0.0000,0.0000,0.0000
1700000042.350000,-62.5,101.5185,100.1798,99.4032,99.8098,97.1700,96.3846,95.5196,94.5780,96.1353,95.5092,97.1236,98.4937,98.4937,101.1385,100.1699,99.0404,99.2472,94.1488,96.6902,96.6902,95.9010,99.4636,92.5743,96.1769,100.6231,99.4636,100.4490,98.4784,98.8433,96.6902,95.5667,95.3415,94.6414,90.5207,92.0489,86.3308,83.8153,80.7775,80.7775,79.4796,73.4098,72.0902,70.6824,67.5426,65.3070,63.0635,62.1772,61.7738,59.1693,59.3633,57.4282,56.2228,0.0000,0.0000,0.0000,0.0000,0.0000,0.0000,0.0000,0.0000,0.0000,0.0000,0.0000,0.0000
1700000042.400000,-62.7,105.1190,103.9423,104.2353,104.0865,100.4490,99.8499,100.3195,99.1262,100.1249,100.1249,102.2399,101.1237,101.0792,101.0792,100.0200,100.0200,99.0808,100.0200,100.1249,100.0800,98.1275,99.1816,99.0454,101.1237,101.0445,100.0800,101.1237,101.0198,101.0445,98.0459,98.0204,99.0454,98.0459,93.2631,91.1976,90.4489,88.1192,84.3445,81.0247,79.4292,76.2955,74.7329,73.2462,70.3420,67.1863,65.2533,63.6003,64.2884,61.6847,62.6498,59.4811,57.3062,0.0000,0.0000,0.0000,0.0000,0.0000,0.0000,0.0000,0.0000,0.0000,0.0000,0.0000,0.0000
1700000042.450000,-64.0,111.1126,106.1179,107.3778,106.3015,106.4706,100.6032,103.4070,102.5914,103.4070,103.3683,106.0990,105.0190,107.2007,106.2309,105.2616,107.0047,104.1201,104.5466,101.5332,101.8332,102.7862,104.3552,103.0922,104.0625,104.3552,104.6757,104.9952,105.9481,102.7862,105.3613,98.4937,100.4241,99.6895,96.1041,94.7259,94.7259,90.0944,87.4643,83.6002,81.3019,79.2275,75.1665,78.1025,69.0290,69.1158,67.0000,66.0303,67.0075,65.0692,62.2896,62.3939,59.8415,0.0000,0.0000,0.0000,0.0000,0.0000,0.0000,0.0000,0.0000,0.0000,0.0000,0.0000,0.0000
1700000042.500000,-62.3,106.2121,100.4241,103.5857,101.0445,101.4150,97.0000,97.5910,97.5910,100.4191,99.7246,101.9117,101.2373,102.7278,102.8251,99.4887,100.0000,98.6002,99.6394,99.2018,98.0051,99.2018,103.2279,99.4032,102.3426,100.6876,102.0784,102.0784,103.8123,102.4158,100.0000,96.8298,97.6166,98.4937,92.8493,92.7631,91.2853,86.9770,85.5628,84.1487,81.3204,77.8332,73.5935,73.7564,69.4262,66.7083,64.0312,64.8151,65.0000,61.2944,59.9083,60.2080,59.9416,0.0000,0.0000,0.0000,0.0000,0.0000,0.0000,0.0000,0.0000,0.0000,0.0000,0.0000,0.0000
1700000042.550000,-62.0,100.6876,99.5691,100.7025,100.7025,99.9850,94.5145,95.7131,96.1509,96.6075,98.4124,99.8098,98.4886,99.0051,99.1615,98.4886,97.1442,98.3514,95.5196,96.4624,96.4624,98.0816,98.0306,96.1353,97.4166,98.0306,97.7190,99.2975,98.6712,98.6813,98.3514,97.1442,95.8541,95.3415,93.5201,89.8999,88.5494,85.8836,82.4924,79.7559,77.1751,75.4718,73.2462,72.4017,67.6757,65.2150,62.2013,62.8013,62.6259,60.3075,60.8769,59.4138,56.6392,0.0000,0.0000,0.0000,0.0000,0.0000,0.0000,0.0000,0.0000,0.0000,0.0000,0.0000,0.0000
1700000042.600000,-62.1,104.8093,103.4456,102.4207,105.1190,101.0792,100.6479,100.0900,97.1442,99.3680,99.9600,102.3181,103.4070,102.1421,102.1421,102.1421,100.9604,100.6876,99.0404,101.1385,101.6366,101.1385,101.6366,97.7446,100.6628,104.0481,101.4150,103.5857,102.6158,102.8834,100.1699,99.6243,97.4166,98.9798,93.3006,94.3398,88.3912,89.0505,85.8662,83.1865,81.8413,77.8974,75.5910,74.7930,70.3278,68.0955,65.8635,66.0379,64.6607,62.8013,63.8905,60.9590,58.6941,0.0000,0.0000,0.0000,0.0000,0.0000,0.0000,0.0000,0.0000,0.0000,0.0000,0.0000,0.0000
1700000042.650000,-60.2,106.4800,105.2616,103.1601,103.3683,102.7716,101.4347,101.1187,98.8585,100.8415,100.6032,101.5972,103.3925,102.3132,102.2399,102.2399,102.0441,102.0196,99.0202,100.0050,101.0198,100.0200,101.0000,98.0459,101.0198,102.0000,102.0049,102.0049,101.0050,100.0450,100.0200,97.1854,99.3227,97.5141,93.9042,91.6624,90.0944,88.4590,85.1469,83.1986,81.2527,77.3692,76.4003,74.0405,67.7200,68.0074,65.4599,65.7875,63.3246,61.3270,61.2699,61.7171,60.5392,0.0000,0.0000,0.0000,0.0000,0.0000,0.0000,0.0000,0.0000,0.0000,0.0000,0.0000,0.0000
1700000042.700000,-59.3,106.3673,105.2236,103.4843,102.8251,101.4938,99.3227,101.3163,101.1781,102.0784,100.0800,104.0048,104.0048,102.0196,103.1213,101.0000,102.1225,101.2423,101.1781,102.2399,102.1225,101.0445,101.1781,100.1249,103.4843,103.3102,102.3132,102.1225,101.1781,103.0776,102.0441,100.0000,100.0450,98.1275,93.2631,91.2688,90.2718,89.4539,86.5794,81.7435,80.4114,78.4474,76.4853,76.1577,70.6116,68.1542,66.7608,67.0522,65.1460,62.9682,63.3246,60.4152,59.9416,0.0000,0.0000,0.0000,0.0000,0.0000,0.0000,0.0000,0.0000,0.0000,0.0000,0.0000,0.0000
1700000042.750000,-62.9,102.3963,100.1699,98.7370,98.7370,96.8349,96.4002,96.2133,95.4254,95.9010,95.7758,97.7446,97.6217,97.5910,97.5807,96.8969,99.0051,97.6217,94.7629,96.2601,96.9381,96.2601,97.7446,98.4124,100.1249,98.5951,98.4937,98.4937,97.7446,98.4124,95.5249,94.0691,94.7629,94.8472,90.6090,90.0278,87.2066,86.0523,83.4086,79.4040,78.0064,74.8866,73.4983,71.2811,66.0379,66.0379,63.6318,63.6318,60.9016,60.0333,59.9333,58.6941,57.5847,0.0000,0.0000,0.0000,0.0000,0.0000,0.0000,0.0000,0.0000,0.0000,0.0000,0.0000,0.0000
1700000042.800000,-61.5,98.9798,101.1929,99.2018,100.2846,93.6803,95.3415,97.2934,97.2677,95.9010,97.0824,100.6231,100.9752,98.1529,98.8585,98.6154,99.2472,98.1835,95.4254,96.0469,98.1275,99.1816,98.3260,98.0204,99.0000,99.1262,98.0459,97.0464,102.1763,95.2575,95.3363,97.6217,96.6282,93.7710,92.1954,89.4427,87.1321,84.4038,84.4038,81.0432,78.5875,78.1601,75.8947,72.8011,68.7095,66.7308,62.6498,64.0781,63.5610,66.2118,64.0078,60.2080,59.6406,0.0000,0.0000,0.0000,0.0000,0.0000,0.0000,0.0000,0.0000,0.0000,0.0000,0.0000,0.0000
1700000042.850000,-63.8,100.6876,96.8349,99.0202,99.0202,97.6371,94.6678,93.9415,96.6488,95.7131,98.8382,98.8433,97.0824,98.4886,98.0867,96.6644,99.1615,94.7048,95.6347,95.2733,95.6347,96.3846,98.0816,96.2081,98.0306,99.0202,97.7394,97.1442,99.5389,97.3088,96.5660,95.3415,95.2733,94.8103,92.1792,88.6848,90.0500,86.4523,82.3772,82.0975,76.2758,76.6094,71.0282,72.0069,67.4759,65.4370,63.8905,62.2896,61.5549,61.5224,60.8276,58.1378,56.4004,0.0000,0.0000,0.0000,0.0000,0.0000,0.0000,0.0000,0.0000,0.0000,0.0000,0.0000,0.0000
1700000042.900000,-62.8,101.2571,101.7890,100.2098,93.7443,99.2018,93.4077,98.5951,96.5401,94.0691,99.1564,101.8234,97.5807,100.4092,98.3107,98.4937,98.4937,95.2680,97.6166,92.0054,97.4526,95.1315,99.0202,97.6166,96.8349,99.0454,98.8130,98.7370,97.4166,98.2293,100.2098,94.6414,94.8103,98.4937,89.1964,89.8721,88.5268,84.2912,82.1340,81.3204,78.5175,77.0779,70.7248,73.5935,66.4831,68.0147,65.4370,63.2535,62.0081,65.8027,61.6117,58.8303,59.9416,0.0000,0.0000,0.0000,0.0000,0.0000,0.0000,0.0000,0.0000,0.0000,0.0000,0.0000,0.0000
1700000042.950000,-62.4,107.3359,105.4751,101.2373,104.5466,99.4032,99.7447,101.0742,98.4124,101.2126,97.4166,101.3558,99.6444,102.9272,102.6255,103.4650,99.8649,100.4390,97.6524,101.4002,101.4002,99.6243,101.2126,96.4002,101.6710,102.6158,101.2126,102.4500,102.0049,103.6002,98.2293,99.5691,97.3499,97.4166,94.6678,91.9239,88.5889,87.7097,85.8662,84.5281,81.0247,76.0592,75.6439,72.6154,70.3847,68.7095,66.0984,65.4599,64.1950,63.6003,63.6003,60.4152,59.6825,0.0000,0.0000,0.0000,0.0000,0.0000,0.0000,0.0000,0.0000,0.0000,0.0000,0.0000,0.0000
1700000043.000000,-61.1,100.0200,97.5141,97.7446,96.7729,97.2677,94.9210,95.5092,92.6984,93.6376,95.0789,97.3088,96.6644,96.2549,95.3415,94.4299,96.6075,94.8103,94.3716,95.2575,96.6075,94.3663,95.7131,93.5361,96.7471,95.7706,95.3834,95.2943,95.7131,94.8103,94.8262,92.1954,93.5201,90.8735,89.3196,87.3155,84.1546,85.4400,80.9568,78.4474,76.2430,71.3092,70.8308,70.8308,65.7343,65.3070,61.0000,61.9839,60.8276,60.4070,59.4138,58.1378,56.0089,0.0000,0.0000,0.0000,0.0000,0.0000,0.0000,0.0000,0.0000,0.0000,0.0000,0.0000,0.0000
1700000043.050000,-60.3,103.8171,98.3514,100.8811,98.6712,98.0816,93.6803,95.6033,94.3716,97.0155,98.2700,97.6729,97.3242,97.3242,99.2975,96.1769,99.7246,94.5304,97.6217,95.5249,94.7629,96.0260,96.6282,96.6282,97.2523,98.3260,97.5141,98.5089,98.6154,95.8853,96.6282,93.7443,93.9415,93.6216,90.2497,88.0568,88.3233,84.2021,82.5409,79.3788,76.5506,76.2168,71.5122,70.9366,65.3911,64.4748,62.6099,61.7171,61.2944,59.5399,57.4543,59.0762,55.6058,0.0000,0.0000,0.0000,0.0000,0.0000,0.0000,0.0000,0.0000,0.0000,0.0000,0.0000,0.0000
1700000043.100000,-60.9,99.3277,98.0816,96.7678,95.8175,92.3580,92.6984,92.3093,91.3893,92.7038,93.0376,96.6023,94.8262,95.2943,94.5145,93.5361,94.1541,92.9624,91.5860,94.0319,94.6678,92.7847,94.0319,91.2688,95.2103,95.4411,95.4411,92.9139,93.7443,93.4933,92.9624,91.9239,91.7878,90.3549,87.2066,86.3308,83.1926,81.3941,78.7909,78.0000,74.0945,71.5122,68.7095,68.0074,66.7308,64.1950,61.6847,59.9083,60.4152,58.2495,58.2495,56.7186,54.3323,0.0000,0.0000,0.0000,0.0000,0.0000,0.0000,0.0000,0.0000,0.0000,0.0000,0.0000,0.0000
1700000043.150000,-64.6,106.6677,101.6710,106.4049,101.3163,101.9804,97.6217,98.9949,97.5807,99.8248,101.2373,101.9804,100.6578,100.8960,101.6710,100.1249,102.2008,98.0051,99.0202,101.0198,98.8130,100.6032,101.2571,98.8130,103.1746,101.2571,99.8649,101.8332,102.3426,99.6243,102.2008,98.2344,100.1249,98.5951,94.7945,93.3809,91.2195,89.8053,85.6329,82.8070,80.1561,78.5684,75.0733,74.6525,70.4344,67.8012,66.0303,66.2873,65.0000,63.8122,63.6318,61.7738,60.4152,0.0000,0.0000,0.0000,0.0000,0.0000,0.0000,0.0000,0.0000,0.0000,0.0000,0.0000,0.0000
1700000043.200000,-61.3,101.6366,97.7446,98.6560,99.2472,95.7079,95.8853,94.6414,98.6154,96.2549,94.1913,97.1854,97.1854,99.0051,101.0050,99.0202,98.0051,98.0000,93.0000,96.0208,96.0833,94.1329,99.0454,96.0208,98.4124,99.1816,98.2497,99.0202,99.0808,99.0808,97.0464,94.0479,97.0052,94.1329,92.4392,90.6697,91.2688,90.4489,84.8528,81.6150,77.6466,76.9415,75.1864,69.2315,66.4906,64.0312,64.0312,64.5601,61.9839,60.7454,63.9062,59.6154,57.7062,0.0000,0.0000,0.0000,0.0000,0.0000,0.0000,0.0000,0.0000,0.0000,0.0000,0.0000,0.0000
1700000043.250000,-60.9,105.2616,100.4390,101.0000,99.8248,101.4347,94.2019,95.5249,95.3363,97.3293,99.3227,99.2472,99.1262,99.0808,99.0202,97.0000,100.0450,99.0808,98.0816,97.1288,98.1275,98.1275,99.2472,98.0816,99.2472,99.3227,97.4166,98.4124,101.1781,98.2497,99.1816,94.0479,95.0474,95.0000,92.0217,91.0494,89.0505,86.1452,82.3893,81.6150,78.4092,76.5310,71.5681,71.8471,67.8970,64.9384,63.9531,65.3070,62.5859,62.8172,58.9406,58.5235,56.4624,0.0000,0.0000,0.0000,0.0000,0.0000,0.0000,0.0000,0.0000,0.0000,0.0000,0.0000,0.0000
1700000043.300000,-62.3,101.3163,101.9804,96.8762,101.1385,94.7629,95.5249,94.7945,94.1754,96.5401,94.6414,96.4002,97.2008,98.0051,96.2601,98.8130,97.0979,97.4166,92.9624,97.2471,94.0319,94.5780,96.0417,93.8136,95.7706,97.2471,98.1122,97.1288,97.2471,97.2471,93.6483,93.1933,93.7443,93.0054,91.4002,90.6035,84.8116,83.4086,80.9197,79.3977,77.1557,72.9178,72.1388,70.0071,66.4680,63.6553,61.6198,63.0317,63.2535,60.4401,59.8164,55.8032,57.1402,0.0000,0.0000,0.0000,0.0000,0.0000,0.0000,0.0000,0.0000,0.0000,0.0000,0.0000,0.0000
1700000043.350000,-60.4,101.1187,96.5091,99.8248,96.5091,96.8814,93.1719,94.6414,94.3716,96.4624,96.4624,96.4624,97.0824,98.6813,98.0816,95.5196,97.1700,96.2549,96.3846,93.5201,96.6644,97.1700,97.5090,95.3415,96.6075,98.8989,95.2733,97.5090,98.8989,94.4299,96.6644,93.0484,94.9210,93.3006,91.3947,86.9770,88.0568,84.4038,81.7863,79.6241,77.4661,76.2955,71.3863,73.8241,66.7533,64.4981,62.2896,62.3939,63.2851,62.1289,61.0000,58.0345,57.2189,0.0000,0.0000,0.0000,0.0000,0.0000,0.0000,0.0000,0.0000,0.0000,0.0000,0.0000,0.0000
1700000043.400000,-60.5,105.0809,105.9481,103.4070,103.0922,99.6243,98.0816,99.1615,99.8098,99.8098,101.9804,102.4158,100.1848,100.6479,100.6479,103.3538,102.4744,100.8464,98.9798,101.0198,99.1262,99.1262,101.0198,97.4166,101.7890,102.9272,102.3963,101.8725,102.2155,100.4988,101.7104,98.8382,97.4936,97.9439,95.7549,94.0213,89.6939,89.3196,83.8153,82.2192,81.9085,78.8480,76.2430,73.2462,71.0634,68.8840,68.4471,67.4685,64.7765,64.6297,63.2851,62.1289,62.0081,0.0000,0.0000,0.0000,0.0000,0.0000,0.0000,0.0000,0.0000,0.0000,0.0000,0.0000,0.0000
1700000043.450000,-60.9,102.1078,100.4390,100.0200,102.1812,96.5091,93.2148,94.6414,93.5361,95.4254,94.5304,98.4124,97.4166,98.4124,97.1854,99.1262,97.0000,95.0000,97.0000,98.0051,98.0000,95.0000,97.0052,95.0000,97.0206,98.0000,97.0000,99.0202,98.0000,98.0000,95.0474,95.1893,97.1288,93.3435,90.5538,89.4539,86.9770,83.5464,82.2253,81.2527,77.8781,75.7100,73.2462,72.5328,67.7200,64.8460,62.6259,61.3514,61.6847,62.2415,60.3738,59.5399,55.7584,0.0000,0.0000,0.0000,0.0000,0.0000,0.0000,0.0000,0.0000,0.0000,0.0000,0.0000,0.0000
1700000043.500000,-63.5,108.7796,104.5801,108.4620,103.3102,105.1713,99.0808,103.0194,103.0000,104.0192,105.1190,104.1729,104.3072,104.4797,104.5801,102.3132,106.7942,103.0970,103.8171,100.9752,100.9752,103.9471,103.2473,104.2353,105.1190,106.0990,101.9804,104.7378,107.3546,101.2719,104.0865,99.6092,99.6092,99.3227,98.1275,94.0851,95.1315,92.0489,87.0000,84.0060,80.0562,81.0987,78.1025,76.1643,70.1783,69.2604,67.3647,67.4759,66.9104,67.0820,62.1691,62.5859,61.0328,0.0000,0.0000,0.0000,0.0000,0.0000,0.0000,0.0000,0.0000,0.0000,0.0000,0.0000,0.0000
1700000043.550000,-62.9,102.3132,100.1798,100.0200,99.0808,98.0204,95.0053,96.0833,95.0842,95.1893,96.3328,97.3293,98.6154,98.7320,97.8673,97.7394,97.3242,96.6902,95.3520,95.9010,97.0824,94.7259,97.0824,95.7079,96.5401,98.2700,97.2934,98.0612,99.0404,96.6902,97.6729,92.7793,94.8947,92.5419,88.4590,90.2718,88.1419,85.0941,81.0062,80.0000,77.0260,74.0608,72.0625,72.2496,67.1193,66.1211,62.2896,61.5224,61.6604,60.6712,58.8558,58.4637,57.0088,0.0000,0.0000,0.0000,0.0000,0.0000,0.0000,0.0000,0.0000,0.0000,0.0000,0.0000,0.0000
1700000043.600000,-61.6,105.1523,102.3426,101.2571,102.9029,98.8130,99.8098,98.8585,99.4887,98.5951,99.2472,101.4150,101.9117,99.0858,99.0051,99.7647,99.0051,100.4490,98.2904,99.8248,97.6217,97.5910,98.4124,95.5249,100.6578,98.4937,98.4937,100.4988,99.0858,97.5910,96.8762,97.6217,96.2601,94.9210,91.6788,91.5478,88.2383,86.2149,83.0060,79.0569,77.3886,76.0066,74.3303,74.0945,68.6003,65.8635,64.4981,63.0635,62.6099,61.7414,61.4654,57.8705,57.2800,0.0000,0.0000,0.0000,0.0000,0.0000,0.0000,0.0000,0.0000,0.0000,0.0000,0.0000,0.0000
1700000043.650000,-59.8,110.1635,109.2016,107.0047,107.0047,103.0776,101.4150,102.1812,100.8067,104.7378,103.0970,104.5801,105.3043,105.3043,106.2309,106.3015,105.1190,105.0762,102.0784,104.0433,103.0776,103.1213,104.0192,102.0441,105.0762,105.0048,105.0190,106.0047,106.0047,106.0189,104.0192,103.1746,102.4890,100.7174,96.8762,96.3379,93.9042,90.9340,88.6454,86.6833,85.7030,80.2808,78.3390,76.9220,72.8011,72.4224,68.3081,67.0671,66.4831,65.1920,64.6220,62.6498,62.7694,0.0000,0.0000,0.0000,0.0000,0.0000,0.0000,0.0000,0.0000,0.0000,0.0000,0.0000,0.0000
1700000043.700000,-58.6,105.5367,104.3456,103.5761,103.7545,101.4347,100.2846,100.4490,100.1299,100.9752,100.4988,101.2423,102.1763,103.0776,102.0784,101.2423,102.0784,100.0450,99.0454,101.0050,103.0776,100.1249,101.0445,100.0450,102.0441,102.0049,102.0049,103.0437,101.0445,102.1225,102.0441,98.4124,99.8499,98.1529,95.5249,93.7443,91.4112,89.4427,86.8850,83.4326,81.0432,78.4474,77.2010,77.1622,70.5195,69.6419,67.2309,68.0294,64.4050,63.9531,61.7171,61.7738,60.7454,0.0000,0.0000,0.0000,0.0000,0.0000,0.0000,0.0000,0.0000,0.0000,0.0000,0.0000,0.0000
1700000043.750000,-59.6,108.1573,106.9018,107.5639,107.0047,103.8460,100.6628,100.4390,100.8067,103.7545,104.3935,103.9471,104.8093,103.6967,105.6835,102.7035,104.3072,103.1746,102.1763,100.0800,103.1213,102.1763,104.0433,103.1213,104.0048,105.0428,103.0194,104.0433,105.1190,103.1213,104.1729,99.6092,100.7174,99.9850,98.3107,95.5249,95.5249,91.0055,88.2950,87.5557,82.9699,80.3617,76.9220,77.2010,72.7324,70.8378,68.9493,66.8506,65.5515,65.3911,63.5610,62.2656,60.2080,0.0000,0.0000,0.0000,0.0000,0.0000,0.0000,0.0000,0.0000,0.0000,0.0000,0.0000,0.0000
1700000043.800000,-60.3,100.1249,101.0792,97.0206,101.0792,95.0000,95.0210,94.0851,94.2603,94.1913,93.5361,97.6217,97.6217,98.1529,98.1529,99.1413,95.3520,98.4784,94.5410,96.6902,95.7079,95.9010,95.7079,93.9415,97.5141,99.4636,97.2934,97.2934,95.3520,99.4636,93.3809,93.9042,94.6414,91.2688,90.2718,89.0898,85.0529,85.0235,82.0000,80.0250,78.0256,74.1687,75.1665,69.1809,68.1836,66.2722,64.4981,64.4981,61.8142,57.8705,59.9083,59.2030,57.8705,0.0000,0.0000,0.0000,0.0000,0.0000,0.0000,0.0000,0.0000,0.0000,0.0000,0.0000,0.0000
1700000043.850000,-60.0,104.3072,103.4650,102.9029,100.6876,98.8130,97.8008,97.9490,97.9490,99.9050,99.9050,99.9050,99.7647,101.1781,99.7647,99.8248,99.7046,99.0051,97.5910,99.0858,97.6217,97.6217,99.8248,96.9381,99.9050,99.7647,99.8248,100.4988,101.1385,97.5807,98.9949,94.8472,96.9381,94.9210,92.3147,90.2718,87.8009,86.6083,82.6801,79.9250,78.2304,75.8024,75.2928,72.9452,69.7711,66.2420,63.9531,63.5059,63.5610,62.3939,61.6847,58.8218,57.9741,0.0000,0.0000,0.0000,0.0000,0.0000,0.0000,0.0000,0.0000,0.0000,0.0000,0.0000,0.0000
1700000043.900000,-62.1,103.8701,98.8989,101.0792,99.7447,97.0618,95.7706,95.0158,95.7183,96.8969,96.2549,98.1835,96.5194,98.8130,98.6002,98.0051,99.2018,94.0213,96.0469,95.7758,97.3088,96.0469,98.7168,96.5401,97.8366,98.5951,97.1854,97.8366,97.4526,98.2344,97.4526,96.4002,97.4166,94.8683,90.4268,89.0449,87.1321,86.0930,81.8841,79.1770,76.9220,75.1532,72.9178,70.2638,67.6240,67.2309,63.6946,63.9062,62.2977,61.0328,60.1664,59.4390,58.6941,0.0000,0.0000,0.0000,0.0000,0.0000,0.0000,0.0000,0.0000,0.0000,0.0000,0.0000,0.0000
1700000043.950000,-62.8,101.9804,99.7447,99.2975,97.4936,94.8262,95.8801,94.1541,94.6678,95.4149,95.4411,97.4166,98.0051,97.6166,96.2133,97.0052,96.5401,95.0158,95.0158,95.6713,96.5401,95.7758,96.3328,94.1754,96.1665,96.8969,95.4830,97.6729,94.8472,97.0824,95.6713,95.2680,94.0213,94.4034,91.6079,87.6584,87.0919,86.5332,80.4550,79.4040,77.1751,74.3034,72.5603,69.3542,65.2993,66.1891,62.2415,62.2415,61.8466,61.0983,61.6847,57.8705,55.3173,0.0000,0.0000,0.0000,0.0000,0.0000,0.0000,0.0000,0.0000,0.0000,0.0000,0.0000,0.0000
1700000044.000000,-64.2,106.0660,105.3803,101.2028,106.0990,99.2472,102.3914,100.4241,97.1236,101.2423,98.0306,98.6813,100.0900,101.9510,102.6937,105.4751,98.0867,102.4597,96.6644,100.6231,99.3177,100.2247,101.5185,97.0464,101.5972,103.3102,101.5332,104.7091,99.7296,103.3102,97.4936,98.8989,98.4886,96.3846,93.4077,93.0484,86.9770,86.9770,86.3308,82.8613,82.8613,76.6551,75.4321,72.5328,71.3092,68.6586,65.5134,65.9242,64.7765,62.5140,63.3877,59.1354,59.0085,0.0000,0.0000,0.0000,0.0000,0.0000,0.0000,0.0000,0.0000,0.0000,0.0000,0.0000,0.0000
1700000044.050000,-61.3,92.1141,90.7359,87.3670,89.8888,88.4816,86.2670,87.2009,85.4283,85.4283,85.7963,88.5268,87.7838,90.6090,88.4590,87.7838,87.0000,87.6926,84.8646,87.6812,86.9770,87.6812,87.6812,83.4506,87.7269,88.4590,88.4138,89.0955,87.6926,87.7269,85.5862,85.1469,86.5563,84.8116,81.4002,81.0247,78.0064,77.6660,74.6257,71.5612,70.1783,67.6018,65.3682,62.6498,60.8276,59.4811,57.2713,57.2713,55.1543,53.8516,53.1413,53.4509,52.3927,0.0000,0.0000,0.0000,0.0000,0.0000,0.0000,0.0000,0.0000,0.0000,0.0000,0.0000,0.0000
1700000044.100000,-63.7,103.3247,103.2763,102.5524,101.1385,99.7647,97.7446,98.4937,97.9490,97.4526,99.6394,99.8098,99.6243,98.8130,98.4733,99.0454,100.1699,97.9439,96.2549,98.4784,99.1262,97.6371,99.4786,99.1262,98.0051,100.3444,100.7224,100.8464,99.6444,99.9850,97.9439,96.7988,95.6922,95.2103,93.0054,92.0054,88.2383,86.8332,84.2912,79.9312,80.6226,77.0779,73.5391,73.5527,70.7107,66.5282,65.9469,62.3699,64.6607,62.0081,60.2163,59.6406,58.6686,0.0000,0.0000,0.0000,0.0000,0.0000,0.0000,0.0000,0.0000,0.0000,0.0000,0.0000,0.0000
1700000044.150000,-61.7,103.8701,101.3903,104.7521,101.0198,100.5684,96.1353,99.3277,96.1665,98.4937,100.6876,100.6628,100.2247,102.1812,100.8067,100.0200,100.2846,98.1529,99.1413,95.8853,99.9850,98.4784,100.9752,99.1413,99.5038,99.8499,99.6092,100.8415,100.9752,99.9850,100.1299,95.9010,96.1041,94.1488,92.4175,91.9239,89.9889,87.2812,83.4865,81.9329,79.4796,75.7694,72.2357,73.9256,69.4622,68.4471,64.8460,63.9531,63.5295,63.2851,60.7454,60.4649,58.8982,0.0000,0.0000,0.0000,0.0000,0.0000,0.0000,0.0000,0.0000,0.0000,0.0000,0.0000,0.0000
1700000044.200000,-58.3,104.3935,101.0000,103.3683,103.1601,100.4390,96.5660,98.6712,97.0824,96.7678,99.9600,99.3680,101.3903,99.9250,103.0776,97.3088,102.9563,99.4032,99.3177,97.9898,100.7224,100.6479,98.8433,97.5090,100.7224,99.2824,102.4207,100.6231,101.5529,100.1798,101.9804,97.4987,98.2344,98.3514,95.5196,92.7200,92.6553,85.7263,85.8662,86.0233,81.2527,78.8543,78.2624,76.1183,69.5845,68.3593,67.6018,67.2681,66.0681,65.0692,62.1289,63.0317,62.2013,0.0000,0.0000,0.0000,0.0000,0.0000,0.0000,0.0000,0.0000,0.0000,0.0000,0.0000,0.0000
1700000044.250000,-63.2,102.7716,100.4490,99.2975,100.4490,97.8673,95.5249,98.1835,95.0842,97.0824,97.0206,98.0000,99.0051,100.0800,99.0808,99.0808,98.1275,100.2447,94.3398,97.3293,98.3260,97.3293,98.4124,94.5304,98.9949,98.6154,100.9752,98.8585,97.3293,100.4042,97.3293,98.1275,98.0816,95.0053,91.0055,91.0220,88.0000,87.0230,85.1469,81.2219,79.3095,75.4255,76.5310,70.4557,68.4690,66.7533,63.9531,65.3070,64.5368,60.4152,60.1664,57.8705,56.4624,0.0000,0.0000,0.0000,0.0000,0.0000,0.0000,0.0000,0.0000,0.0000,0.0000,0.0000,0.0000
1700000044.300000,-62.4,101.1187,99.8499,98.5089,99.6092,96.5194,94.4299,96.0833,94.0213,97.0464,96.0000,97.0464,98.1835,99.1262,98.1275,97.1288,97.2523,96.3328,94.2603,97.6217,95.4254,96.4210,97.5141,92.6553,98.1529,98.8585,98.0051,98.6154,98.5089,98.4124,95.4254,94.1329,93.0484,94.0000,91.0055,90.0888,87.0919,86.1452,82.2192,81.3941,79.5110,75.8024,73.8241,68.8840,68.0661,63.9531,65.0000,62.5859,63.3246,61.1310,58.5235,59.2368,58.1808,0.0000,0.0000,0.0000,0.0000,0.0000,0.0000,0.0000,0.0000,0.0000,0.0000,0.0000,0.0000
1700000044.350000,-62.5,103.2763,101.1385,102.5914,100.4490,100.4490,97.7446,98.8585,97.4526,99.0202,97.8008,99.6394,98.8130,99.6243,99.2975,99.0454,100.7025,98.4784,97.6371,97.4166,99.9850,96.0417,98.9798,96.0417,99.8499,99.1262,99.1262,99.9850,99.9850,97.9439,97.6371,96.8349,97.3499,95.2103,93.4077,91.4002,90.1388,86.4523,84.8646,84.1724,79.2086,75.6637,74.2496,72.8629,67.9412,65.0692,65.1920,65.2993,64.0312,61.8547,61.0574,59.6825,57.7062,0.0000,0.0000,0.0000,0.0000,0.0000,0.0000,0.0000,0.0000,0.0000,0.0000,0.0000,0.0000
1700000044.400000,-63.3,104.4462,105.1903,101.9657,102.4207,100.1798,101.5529,100.7224,99.5389,101.7693,99.9600,101.0198,102.7862,100.2447,102.1421,101.5332,102.8834,102.6158,100.1699,100.6628,103.0776,100.6876,101.1385,97.7446,101.9804,103.5857,101.6366,103.3683,102.1078,103.3247,101.4150,98.3717,99.9300,96.4624,94.5780,92.4770,92.8493,89.1572,86.3308,84.9706,83.1865,78.2624,76.9220,75.6637,71.1969,71.1969,66.3702,66.8880,65.4599,64.4050,62.8013,61.7171,61.5549,0.0000,0.0000,0.0000,0.0000,0.0000,0.0000,0.0000,0.0000,0.0000,0.0000,0.0000,0.0000
1700000044.450000,-60.1,106.8504,103.9423,101.5332,102.9563,101.0742,98.3870,99.4032,97.1700,98.0867,99.5389,102.1567,101.9510,101.0198,99.9600,99.6243,101.5332,101.2423,99.3277,99.0404,100.9604,100.6876,100.1699,98.0816,101.6514,98.0816,100.6876,101.6514,101.5332,99.6243,101.8332,97.7394,99.3680,97.4987,92.8493,92.8493,90.8020,88.5494,84.2199,81.6333,78.5493,78.0320,75.8024,74.3303,69.8928,69.3397,66.8506,66.6108,65.6049,65.2993,63.6553,60.8112,60.2080,0.0000,0.0000,0.0000,0.0000,0.0000,0.0000,0.0000,0.0000,0.0000,0.0000,0.0000,0.0000
1700000044.500000,-59.1,102.1078,101.2719,100.4490,101.4347,98.6560,96.1041,96.7729,97.2677,98.4937,97.1236,99.9300,100.5684,98.3514,98.6813,97.7394,98.2344,97.3088,97.3088,98.4886,99.0051,95.6347,98.4886,96.7729,99.7447,100.2247,99.3177,98.4886,97.6934,97.6934,97.3088,94.9210,95.5196,95.5092,91.7606,90.5207,88.6002,86.1278,82.9759,79.8311,77.6660,75.3127,71.8471,73.8241,68.5930,66.4831,65.2763,64.1950,64.0703,62.0725,61.0082,58.0086,57.2189,0.0000,0.0000,0.0000,0.0000,0.0000,0.0000,0.0000,0.0000,0.0000,0.0000,0.0000,0.0000
1700000044.550000,-60.1,107.0047,102.2008,104.6375,101.8283,100.1249,98.4937,99.1564,99.0858,98.9949,99.7046,102.5524,101.1781,102.6499,101.3163,100.4988,101.5332,99.3579,100.0050,100.2646,100.4241,99.3579,101.6710,98.8585,101.4002,101.8283,100.4241,101.6710,101.6710,100.1249,101.4150,96.9381,98.3107,98.2904,93.3488,92.6553,91.2853,89.2749,84.5044,84.0238,81.2158,78.6003,73.6003,76.8440,69.4046,69.8928,68.7968,64.1405,64.8845,63.1348,62.1691,60.4152,59.8080,0.0000,0.0000,0.0000,0.0000,0.0000,0.0000,0.0000,0.0000,0.0000,0.0000,0.0000,0.0000
1700000044.600000,-62.6,102.6109,101.1385,100.9604,98.7623,97.1236,95.1893,95.5196,95.2733,96.5660,96.5660,98.0867,98.4124,98.8433,97.5090,99.7447,98.8838,98.4124,94.4140,98.1122,98.0051,96.1769,98.9798,94.4140,99.6444,99.1262,99.1262,100.3444,100.3444,98.8838,97.1288,95.7079,97.0464,94.4299,91.9239,90.0777,86.5390,85.4400,83.8153,82.2192,79.0569,75.6902,74.0405,71.5681,68.1542,66.7083,64.3273,63.9531,63.9531,61.6604,61.5224,59.1354,58.0345,0.0000,0.0000,0.0000,0.0000,0.0000,0.0000,0.0000,0.0000,0.0000,0.0000,0.0000,0.0000
1700000044.650000,-59.3,105.2236,101.1187,101.8332,100.8415,98.4124,98.3260,98.1275,98.0816,99.0808,99.0000,100.0200,100.0200,101.0792,101.1781,100.1249,100.3195,99.4082,97.4166,98.6154,98.6154,97.4166,99.6092,98.6154,100.2846,100.8415,98.9949,99.1413,99.8499,100.8415,98.8585,95.2575,97.1854,97.0464,93.0215,90.0056,90.0000,88.0057,83.2947,82.1523,79.1581,77.2334,74.2428,74.4312,68.4690,67.6018,64.9384,64.5368,64.3273,64.7611,60.1664,59.7746,57.7754,0.0000,0.0000,0.0000,0.0000,0.0000,0.0000,0.0000,0.0000,0.0000,0.0000,0.0000,0.0000
1700000044.700000,-62.9,105.7733,104.1201,104.0433,103.7401,103.4070,97.4064,99.3680,98.6154,100.2247,98.8989,101.5529,101.9657,102.4207,101.5332,100.6479,102.5768,99.4786,101.5972,99.6444,102.2155,100.7224,101.0198,99.1262,102.0833,102.3963,101.5480,102.7278,103.2473,100.8464,101.7104,98.8838,97.9490,97.5090,95.8541,94.0213,92.7038,89.3196,85.4400,83.8153,80.3243,80.0062,76.5376,76.4003,70.6045,69.1231,65.9697,67.2681,65.9242,64.6297,63.3877,63.1269,62.0000,0.0000,0.0000,0.0000,0.0000,0.0000,0.0000,0.0000,0.0000,0.0000,0.0000,0.0000,0.0000
1700000044.750000,-60.6,106.2544,103.4070,104.0625,100.3045,101.3903,97.6934,98.4124,97.9439,98.8433,100.6479,100.3444,99.9850,100.4988,101.0198,99.6444,101.7890,97.0824,98.1835,98.4733,98.4733,98.7370,99.0454,97.6524,101.0445,99.8098,97.2008,98.0051,98.8130,96.8349,99.6243,95.9635,97.0979,96.5660,93.1504,90.8240,89.9444,87.7097,83.6720,82.7647,77.3886,76.1577,72.0902,73.1642,68.7095,67.6757,64.5136,64.8460,61.6847,63.3246,61.1310,58.8558,56.7186,0.0000,0.0000,0.0000,0.0000,0.0000,0.0000,0.0000,0.0000,0.0000,0.0000,0.0000,0.0000
1700000044.800000,-65.9,96.1769,93.5361,93.1504,92.1792,91.9239,86.8217,89.5879,88.4816,89.0505,88.8144,89.2020,91.4002,90.2718,91.0494,91.2140,90.1388,88.7299,87.3212,88.5268,87.8635,89.3756,89.2749,87.2066,89.8276,91.9348,90.6090,90.0278,90.7855,90.9065,88.7299,87.8009,88.0057,87.0919,83.4865,82.3772,83.0060,78.5493,76.1577,74.7061,71.1196,68.8840,67.9779,66.7083,61.3270,59.6154,58.5235,58.8727,56.9210,55.6597,53.8516,54.3415,52.7731,0.0000,0.0000,0.0000,0.0000,0.0000,0.0000,0.0000,0.0000,0.0000,0.0000,0.0000,0.0000
1700000044.850000,-59.0,102.4890,97.6217,100.1299,98.9949,100.2846,94.5410,95.9010,94.9210,95.3415,96.7729,97.7446,97.2677,98.7623,97.8008,94.6414,98.0306,96.4624,95.8175,95.5196,96.1353,95.1893,96.4624,94.5780,96.5660,97.1442,95.1893,95.5196,97.4064,95.8175,97.7190,94.6414,95.3363,93.6216,91.7823,88.8426,89.2693,86.9770,81.6150,78.4092,75.3260,75.3260,71.2531,74.1080,68.0661,66.0303,64.0000,63.0714,61.0328,62.2896,59.4138,58.6941,57.4891,0.0000,0.0000,0.0000,0.0000,0.0000,0.0000,0.0000,0.0000,0.0000,0.0000,0.0000,0.0000
1700000044.900000,-62.6,104.3552,104.4031,102.8834,102.2008,100.6876,97.7446,97.2934,95.9010,98.6560,99.2975,101.1187,99.9850,100.8415,100.4988,100.8415,100.2447,99.2472,97.2523,99.2472,99.1816,99.3227,99.1262,97.1288,101.0445,101.1237,101.1237,101.1237,101.1781,99.1816,99.3227,97.5141,98.6154,95.3520,93.3809,90.8020,89.6270,87.8635,84.4038,81.7435,80.5233,77.2010,73.0821,72.4224,69.2604,67.6757,66.1287,64.0781,62.6498,62.1691,59.9416,62.2656,59.0762,0.0000,0.0000,0.0000,0.0000,0.0000,0.0000,0.0000,0.0000,0.0000,0.0000,0.0000,0.0000
1700000044.950000,-63.8,102.8834,99.2975,100.6231,97.9490,95.7079,95.3415,96.9330,93.9840,96.4624,97.7394,98.9798,98.6712,97.7190,97.1236,96.4624,98.9545,97.0155,97.7446,96.5401,96.7729,96.0469,98.7168,96.7729,98.0612,97.5141,97.2934,99.2472,98.4886,97.7446,97.2677,94.9210,94.5569,94.5569,91.4166,88.2553,88.9550,87.0919,81.4371,80.9506,76.0263,76.0263,72.0069,71.6938,69.8355,65.8635,62.7694,63.2456,61.2944,60.6053,60.4401,58.7963,58.6941,0.0000,0.0000,0.0000,0.0000,0.0000,0.0000,0.0000,0.0000,0.0000,0.0000,0.0000,0.0000
1700000045.000000,-64.3,106.0189,106.0000,103.0437,103.0437,101.0792,101.2423,99.4082,99.5038,100.9752,99.8499,101.9657,101.6071,100.6231,99.8248,101.6071,99.4636,100.4390,96.5401,101.3903,100.4241,101.1385,100.9604,97.2677,101.2423,102.8834,100.9604,102.8834,100.4241,102.1078,96.7729,97.0824,97.2934,95.3520,94.2019,91.6624,90.5538,89.2749,85.2115,82.0549,81.0555,77.0065,76.0263,74.0068,70.0000,68.0074,67.0298,67.1193,64.1950,63.2851,62.6498,61.8142,59.9083,0.0000,0.0000,0.0000,0.0000,0.0000,0.0000,0.0000,0.0000,0.0000,0.0000,0.0000,0.0000
1700000045.050000,-63.1,104.6518,102.4158,101.5332,102.4207,100.7224,98.1122,101.3558,97.4166,97.6371,99.2975,99.8649,100.4390,102.2008,97.8008,98.6002,102.3035,100.7671,98.7168,99.9050,100.0050,98.7168,97.7446,98.4937,99.8248,100.5684,99.1564,99.8248,100.6578,99.9050,99.2472,98.2344,97.8008,96.0208,93.4773,89.0505,90.4268,87.1321,85.5862,81.1234,78.7718,75.6637,75.5910,73.3553,70.6824,69.7782,64.8845,64.4748,63.1585,61.6847,60.0833,60.1664,58.0517,0.0000,0.0000,0.0000,0.0000,0.0000,0.0000,0.0000,0.0000,0.0000,0.0000,0.0000,0.0000
1700000045.100000,-65.7,105.3945,100.6876,103.5857,101.5480,100.4988,96.3846,98.4124,98.8382,97.9439,98.4124,99.3177,100.7224,99.9250,99.9250,100.4639,101.2423,97.7394,99.3680,97.0824,98.3514,97.7394,99.9600,98.3514,99.3277,102.4597,99.2975,99.9300,102.7862,99.6243,101.2423,96.3846,97.6934,96.6644,94.8103,91.6788,91.2414,88.1930,87.1321,81.8352,78.2304,77.3886,74.8866,75.4520,70.2140,68.0074,65.0000,65.4370,66.7083,63.7024,61.5224,60.1415,57.3847,0.0000,0.0000,0.0000,0.0000,0.0000,0.0000,0.0000,0.0000,0.0000,0.0000,0.0000,0.0000
1700000045.150000,-62.6,103.7882,100.3195,103.4698,103.0776,99.1615,99.3680,97.4064,97.7190,97.0824,100.9604,101.9215,98.2344,101.3903,100.6628,97.7446,100.2247,98.8433,96.8814,99.8248,101.0000,97.2934,96.8814,98.8433,102.2595,100.4490,98.3107,101.6071,101.0000,100.0200,97.0824,95.8019,97.5295,95.5092,92.9731,91.4166,91.4166,86.3771,84.3090,82.4621,77.8781,76.4853,74.2496,74.2428,69.3542,67.6018,65.0000,64.6607,64.6375,64.4050,61.8547,59.6657,58.0000,0.0000,0.0000,0.0000,0.0000,0.0000,0.0000,0.0000,0.0000,0.0000,0.0000,0.0000,0.0000
1700000045.200000,-58.5,105.9906,104.3456,102.9612,102.7716,101.4347,99.1413,98.6154,98.3260,100.3195,101.1781,102.2399,102.1225,102.0784,101.0050,100.0050,101.0050,101.0445,99.0202,99.0808,100.1798,98.1275,101.1781,99.0808,101.2423,100.1798,101.2423,101.3163,102.1225,101.1237,100.1249,98.0051,97.0206,95.0053,94.0213,92.0869,89.2020,88.3629,87.4643,81.7435,79.6304,79.2465,76.1183,75.3127,69.8713,68.8840,66.4906,68.4471,64.0312,63.6003,61.3514,61.0983,58.6941,0.0000,0.0000,0.0000,0.0000,0.0000,0.0000,0.0000,0.0000,0.0000,0.0000,0.0000,0.0000
1700000045.250000,-61.1,99.7647,94.8947,93.0215,93.0591,95.7131,89.8999,93.6216,93.7763,93.0484,92.0489,91.3947,95.5092,93.6056,97.1236,94.8683,96.5660,95.8019,93.6216,93.3916,93.3916,93.1719,95.1262,92.7631,96.5091,95.5249,95.7079,94.9210,96.3172,96.8814,94.3663,92.4446,93.6803,91.7606,87.2812,86.3771,84.4334,82.2800,81.5414,77.8203,80.1124,72.4500,73.3485,72.0139,65.3070,63.5295,61.0574,62.4340,61.2944,58.0086,61.4003,59.6406,53.7401,0.0000,0.0000,0.0000,0.0000,0.0000,0.0000,0.0000,0.0000,0.0000,0.0000,0.0000,0.0000
1700000045.300000,-64.1,102.0441,99.1262,99.2472,98.2497,97.3293,94.6414,96.3379,95.3520,94.9210,95.7079,96.3379,96.6902,99.6394,97.0824,96.3172,97.5295,96.3016,95.6033,97.4166,96.7678,96.1665,97.4064,95.8801,97.1236,95.6033,98.0816,97.4166,96.8401,96.5660,97.0155,94.3663,95.5667,93.6216,89.8220,88.4590,86.9770,84.3801,82.2192,79.1581,76.1052,75.1665,70.0643,73.0069,66.0000,65.0077,63.0000,63.0079,62.0725,61.2944,60.8276,58.0517,56.7539,0.0000,0.0000,0.0000,0.0000,0.0000,0.0000,0.0000,0.0000,0.0000,0.0000,0.0000,0.0000
1700000045.350000,-63.5,104.1009,103.7738,104.5610,102.9029,100.6876,99.0454,99.4032,97.8008,101.2126,100.1249,100.6578,101.2373,100.4988,101.1385,101.2373,101.1385,99.7046,96.8762,99.7647,98.9949,98.9949,98.2904,95.4830,100.6578,99.9050,100.5684,101.9117,99.7647,98.9949,98.9949,96.9381,98.4937,96.5401,93.2363,92.0054,88.2383,87.4586,84.4038,79.8812,78.7718,76.8505,75.8024,74.4312,69.8355,67.1193,67.9779,64.4050,63.9766,62.2415,60.5392,60.4070,59.4811,0.0000,0.0000,0.0000,0.0000,0.0000,0.0000,0.0000,0.0000,0.0000,0.0000,0.0000,0.0000
1700000045.400000,-63.6,104.3168,101.5332,103.3151,102.4158,101.1336,98.0867,99.1615,96.7988,97.7394,99.2975,99.9300,99.6243,98.7623,101.9215,99.3277,99.6895,99.4636,97.2934,99.2472,100.4390,97.0824,98.8433,96.3172,100.6231,99.0404,99.4636,99.8248,101.0000,100.2247,97.5141,97.2677,96.5660,94.6414,94.5569,92.9731,89.4930,86.9770,84.8646,81.9390,80.6226,75.6439,73.8241,72.4500,68.4251,68.4251,64.0078,65.3682,63.2851,63.8122,60.4649,61.4003,58.0517,0.0000,0.0000,0.0000,0.0000,0.0000,0.0000,0.0000,0.0000,0.0000,0.0000,0.0000,0.0000
1700000045.450000,-60.2,104.8093,103.8316,102.4207,101.5332,100.6231,99.2824,98.8989,97.5756,97.6934,100.4639,99.3680,99.0202,100.9009,99.9300,100.5684,101.8332,99.3277,98.3717,98.7623,101.2423,98.6712,99.0404,97.1236,101.1385,102.6158,101.3903,101.6514,102.4890,101.5332,98.3717,97.7394,97.7394,96.7729,93.6216,90.8020,90.3770,88.1022,85.0000,84.1190,79.2591,77.1751,74.9466,72.7186,69.8928,68.2422,65.8027,65.6049,64.8151,62.6259,60.9590,61.5224,60.1415,0.0000,0.0000,0.0000,0.0000,0.0000,0.0000,0.0000,0.0000,0.0000,0.0000,0.0000,0.0000
1700000045.500000,-63.4,100.9604,100.9604,97.9847,100.1699,94.5939,94.9210,95.3520,95.0368,97.0155,94.7629,96.7471,98.4124,99.4082,96.4210,99.3227,96.1301,99.1262,95.0842,96.0469,95.0474,97.0824,97.0206,93.0484,98.0000,99.0454,99.0202,100.0450,98.1275,100.1798,97.1854,95.5249,94.6414,94.8947,90.7965,91.0824,85.5102,85.9069,82.7103,81.3204,81.0432,75.5844,73.0821,70.8378,67.3573,65.4599,64.2573,63.3246,62.7694,60.8358,58.5918,58.8303,57.1402,0.0000,0.0000,0.0000,0.0000,0.0000,0.0000,0.0000,0.0000,0.0000,0.0000,0.0000,0.0000
1700000045.550000,-61.5,103.4070,97.7394,101.3903,98.2344,99.8098,94.4299,97.4936,94.8103,96.1769,97.1288,97.6166,98.2700,99.1262,97.0979,97.3499,99.8649,95.4411,99.0454,93.8136,98.0051,96.6075,96.8298,98.0051,99.0202,99.8098,97.6166,99.6394,100.8018,95.8019,97.2008,96.2601,95.6922,93.4933,91.9239,89.6939,89.5545,87.7097,83.6301,80.4984,76.4853,76.0592,71.5891,72.0902,67.2309,68.1542,65.1920,63.2456,62.6259,62.9365,59.9083,60.2080,58.5491,0.0000,0.0000,0.0000,0.0000,0.0000,0.0000,0.0000,0.0000,0.0000,0.0000,0.0000,0.0000
1700000045.600000,-60.5,105.5509,102.5914,101.8332,101.1385,99.0051,96.9381,97.7446,97.9490,97.9490,98.8585,99.6394,99.4032,99.4032,99.6243,98.8130,100.1249,97.9081,96.5194,97.0979,97.6371,100.1699,100.1699,97.9439,98.9798,99.1262,98.6154,99.6444,100.7025,98.1835,100.1699,96.0208,96.2601,95.2103,92.0054,90.2718,89.4986,89.2749,84.2912,82.0366,77.7946,77.0779,74.2496,72.8629,68.6222,66.5282,64.5368,63.8905,62.0081,64.2028,61.2944,60.2080,58.1808,0.0000,0.0000,0.0000,0.0000,0.0000,0.0000,0.0000,0.0000,0.0000,0.0000,0.0000,0.0000
1700000045.650000,-61.7,101.4150,100.4490,98.9949,99.0051,96.8762,95.5249,97.1854,95.9010,96.5401,97.0052,98.2344,96.6075,98.0051,97.4166,96.6075,97.0824,97.3499,95.6922,97.6371,97.6371,96.2549,95.4149,93.4933,98.9798,99.1262,96.8969,99.1262,96.7988,98.1835,95.6922,96.0208,96.0208,93.4077,90.4268,88.0909,87.2066,85.7030,81.3449,77.7946,77.0779,74.9667,73.5935,70.8378,68.7677,67.3573,63.8905,64.0312,63.0079,61.0328,59.3633,59.1693,58.5918,0.0000,0.0000,0.0000,0.0000,0.0000,0.0000,0.0000,0.0000,0.0000,0.0000,0.0000,0.0000
1700000045.700000,-65.6,106.2544,98.9798,103.4456,98.3717,100.9604,94.8314,97.5141,96.3172,96.6902,99.4636,100.4490,100.2846,98.1529,98.5089,94.0479,101.3163,95.4254,98.4124,95.1893,99.3227,97.4166,97.1854,99.2472,99.1816,100.2447,98.1835,97.2523,100.3195,95.3363,99.4082,92.6553,95.1893,94.5410,91.9837,90.0278,90.4710,87.3212,82.2800,81.3204,77.4919,78.4347,70.8378,73.1642,69.0797,66.3099,66.7083,63.9766,63.5059,64.4981,60.9016,59.6825,56.0357,0.0000,0.0000,0.0000,0.0000,0.0000,0.0000,0.0000,0.0000,0.0000,0.0000,0.0000,0.0000
1700000045.750000,-66.8,105.9056,105.1190,100.4390,104.3456,99.4636,97.5295,99.6243,98.6712,99.2975,97.4064,101.9510,101.0198,102.6937,103.0776,102.5524,99.8098,102.8834,97.5090,101.0742,99.7296,100.1798,99.2975,97.4936,100.7224,101.5972,101.5972,102.4744,101.5332,101.0742,98.3870,99.3177,97.5756,97.6934,94.7048,92.6984,87.6641,86.9770,84.4334,82.2800,81.0432,77.6209,76.4003,73.0069,70.8308,67.4685,67.2681,66.2873,64.7765,62.3939,63.2851,62.1289,59.0000,0.0000,0.0000,0.0000,0.0000,0.0000,0.0000,0.0000,0.0000,0.0000,0.0000,0.0000,0.0000
1700000045.800000,-60.4,106.0189,102.2008,103.4070,102.6158,102.4500,97.8366,99.9050,96.9381,99.7647,99.7046,99.7046,101.9117,101.9117,100.6578,99.7647,101.4150,99.3579,98.5951,99.4887,100.8960,100.0050,99.8098,99.8098,101.0198,102.8008,100.2098,103.2327,102.4500,100.1249,101.5332,98.4937,99.8248,98.3107,94.0479,92.6553,91.9348,89.8276,86.5563,83.6301,80.4301,78.2432,74.2024,75.8024,70.0000,68.2422,65.4599,65.5134,64.1405,63.6318,61.7738,61.2699,59.2368,0.0000,0.0000,0.0000,0.0000,0.0000,0.0000,0.0000,0.0000,0.0000,0.0000,0.0000,0.0000
1700000045.850000,-61.6,108.9312,102.3572,107.7079,102.8397,106.3015,99.8248,101.2719,99.9850,99.8499,104.4797,102.4890,104.1729,103.2376,103.0776,99.0808,105.0190,102.0196,103.0194,99.0051,102.0049,102.0000,103.0194,103.0194,102.1763,104.0192,100.0800,103.0194,105.0190,100.0050,105.0000,98.0459,99.0808,98.1275,95.1893,95.3363,94.5304,90.7965,86.9770,85.1587,79.2465,79.6241,73.3485,77.4661,70.6116,68.8840,67.1863,65.2533,64.1950,65.4599,62.3939,61.3270,59.0339,0.0000,0.0000,0.0000,0.0000,0.0000,0.0000,0.0000,0.0000,0.0000,0.0000,0.0000,0.0000
1700000045.900000,-63.4,105.6220,102.7862,104.8093,103.1601,102.8834,95.5667,97.7446,99.2472,98.8433,100.2846,99.1413,100.8415,102.9563,102.8251,100.9752,101.4938,98.5089,100.4042,98.3260,99.4082,100.4988,101.4938,98.1835,100.1249,102.1763,101.1781,102.3132,104.4797,99.8499,99.5038,96.0260,98.3107,97.0824,94.3663,93.8616,92.4175,87.8009,84.7703,84.1190,82.2192,78.7718,74.0945,75.0267,69.0797,69.4622,65.3070,66.1891,64.8845,64.0078,62.2656,61.2944,60.2163,0.0000,0.0000,0.0000,0.0000,0.0000,0.0000,0.0000,0.0000,0.0000,0.0000,0.0000,0.0000
1700000045.950000,-63.1,105.5888,103.4456,102.2155,104.9571,100.4988,100.7025,99.6243,99.8098,100.6032,99.4032,102.0049,101.8283,103.2327,100.2646,102.3035,101.3163,101.3163,98.5951,100.5684,100.4988,99.8248,101.1781,94.8472,100.4988,102.6499,100.4490,101.9117,101.3163,102.0686,99.2472,100.2646,98.2344,95.6033,94.0479,92.9139,91.5260,88.5099,85.0882,82.7647,81.0062,76.4788,75.1332,72.9178,70.6824,68.8767,67.1193,65.9242,64.8460,61.0328,64.5601,59.4390,59.0339,0.0000,0.0000,0.0000,0.0000,0.0000,0.0000,0.0000,0.0000,0.0000,0.0000,0.0000,0.0000
1700000046.000000,-66.1,106.9626,104.5610,102.7716,105.1190,102.5914,99.2975,101.5972,99.4082,101.3163,100.2447,103.1746,102.1225,103.0776,101.0445,101.0445,102.0049,100.0050,101.0198,103.0776,103.0776,100.0800,101.1781,99.0454,102.1763,103.0437,102.1225,103.1746,102.0441,102.0441,101.0792,100.0200,99.0202,99.1262,95.1893,93.2631,90.4489,89.5600,87.4757,81.3941,80.2309,79.4292,74.5252,74.7329,72.0347,67.6831,67.1863,66.4831,66.0984,61.3514,61.4654,61.7414,59.5399,0.0000,0.0000,0.0000,0.0000,0.0000,0.0000,0.0000,0.0000,0.0000,0.0000,0.0000,0.0000
1700000046.050000,-62.5,107.3778,101.7890,104.6231,100.6876,101.0198,97.8008,100.2646,99.3579,99.1564,102.1763,101.5332,101.9804,101.9117,101.1781,100.4988,104.6614,98.3107,99.7046,99.7647,99.9050,100.4490,99.8248,101.1781,101.3163,101.9117,99.8248,100.4988,103.3247,99.0051,104.6614,99.0858,98.3107,99.0858,93.6056,89.2749,92.8009,86.6083,85.4459,81.8352,77.3886,79.6116,76.0066,73.8241,69.8355,67.6018,64.8845,65.2993,63.9531,63.9766,62.0322,61.3514,57.9741,0.0000,0.0000,0.0000,0.0000,0.0000,0.0000,0.0000,0.0000,0.0000,0.0000,0.0000,0.0000
1700000046.100000,-60.3,106.0424,104.1777,103.7304,104.6757,101.8332,99.3277,98.0816,97.8008,97.5295,101.6366,101.0000,101.0000,102.7716,101.2719,102.5914,102.1078,100.6032,98.9949,100.6032,100.9752,100.2846,100.8415,98.8585,100.2447,101.4002,101.2423,101.4938,101.5972,100.6032,98.8585,98.3107,98.4784,96.1041,93.6216,92.8924,90.7083,89.4986,83.9345,83.2406,79.4040,77.4919,75.6108,73.7360,70.3847,68.9420,64.4050,64.8460,63.9531,61.7738,61.2944,60.5392,57.2014,0.0000,0.0000,0.0000,0.0000,0.0000,0.0000,0.0000,0.0000,0.0000,0.0000,0.0000,0.0000
1700000046.150000,-60.0,107.3546,101.9804,103.0776,102.9563,99.5389,97.4987,96.7988,96.4624,98.3514,98.9798,99.3277,101.2423,101.6514,101.6514,100.9604,100.6628,99.2472,97.7446,99.0404,99.4636,99.6895,100.2247,96.5401,100.2247,101.4150,100.0200,101.4150,101.6366,97.7446,100.4241,96.1665,95.8175,96.4624,92.6984,93.0484,90.0777,88.1419,83.2586,83.1865,79.1770,77.4145,73.0616,73.9256,68.0955,66.0379,65.4599,65.2150,63.0079,63.4114,60.3075,60.8112,58.0517,0.0000,0.0000,0.0000,0.0000,0.0000,0.0000,0.0000,0.0000,0.0000,0.0000,0.0000,0.0000
1700000046.200000,-62.9,109.1650,101.1781,104.0769,101.1237,103.0194,100.0000,101.0792,99.1262,99.2472,101.3163,101.3163,101.5972,102.5914,101.9657,99.6092,102.5914,101.4347,100.2846,99.6394,102.9612,100.6231,100.2247,99.6394,101.4150,101.0000,100.6628,101.0000,101.9804,101.7890,101.6071,97.8673,99.1413,97.8673,92.4392,91.2688,91.1976,89.0898,86.0058,82.0061,79.0063,79.0253,74.0608,74.1080,71.1126,68.1836,66.1211,66.3702,63.6396,64.4981,62.3699,60.8769,59.4811,0.0000,0.0000,0.0000,0.0000,0.0000,0.0000,0.0000,0.0000,0.0000,0.0000,0.0000,0.0000
1700000046.250000,-65.4,106.3814,101.2423,104.0433,100.0800,103.0194,99.0000,100.0450,100.0450,100.1798,101.3163,102.2399,101.4002,102.5914,100.9752,100.9752,103.9423,99.8248,101.7890,99.0404,100.4390,100.8067,101.4150,100.0200,101.3903,101.4150,100.4390,101.6366,103.0776,100.2247,99.6895,96.5091,99.4636,98.3107,93.9042,92.5419,90.3549,88.2780,86.1452,85.0529,80.0562,79.0253,74.0270,75.0000,70.0071,68.0074,66.0076,65.0692,64.0703,64.2806,63.2851,59.5399,58.9406,0.0000,0.0000,0.0000,0.0000,0.0000,0.0000,0.0000,0.0000,0.0000,0.0000,0.0000,0.0000
1700000046.300000,-61.3,102.3035,99.4887,99.8248,98.4937,99.0858,94.7945,96.8762,96.8969,96.2081,96.9381,98.4124,98.4937,98.5951,98.8585,97.9490,97.8008,96.4002,95.6033,96.0208,96.6075,96.4002,96.8349,95.0000,95.6922,98.2293,96.2601,97.4166,99.4032,96.6075,98.0051,95.1315,93.6056,92.7631,91.2853,89.8276,87.6812,84.8646,82.8794,80.8084,76.5768,74.6525,71.8401,72.6223,67.8012,65.8027,64.6375,64.3506,60.2080,61.0574,60.0333,59.4811,57.3847,0.0000,0.0000,0.0000,0.0000,0.0000,0.0000,0.0000,0.0000,0.0000,0.0000,0.0000,0.0000
1700000046.350000,-62.2,104.7091,105.5888,100.3444,104.8093,98.6154,101.5480,100.1699,98.1835,97.3499,98.2293,100.2098,101.0445,101.6710,100.2646,101.8283,97.9490,102.9417,95.1315,101.4150,98.7168,100.1249,99.2472,96.4261,101.1781,100.4988,101.1781,102.1763,99.2472,101.6710,97.4526,102.2008,97.9081,95.9635,94.3398,91.4166,88.8369,88.3233,84.2199,83.1865,81.4371,74.2496,76.9675,71.6938,70.7743,68.0074,65.4599,66.7608,64.5601,60.1664,63.0635,60.4152,59.5399,0.0000,0.0000,0.0000,0.0000,0.0000,0.0000,0.0000,0.0000,0.0000,0.0000,0.0000,0.0000
1700000046.400000,-62.0,100.8960,99.4887,99.8098,99.0202,97.0052,96.8349,96.2601,94.8736,94.0319,95.0158,97.2471,97.1288,98.0051,96.1769,96.6488,97.5090,97.9439,93.9149,97.0824,96.1769,95.7079,96.1769,94.4299,97.6934,96.6644,97.6934,96.6644,94.8472,96.6075,95.7079,95.2943,93.9415,92.4392,89.8888,89.0449,86.2844,83.7616,81.0247,78.8162,75.8024,74.0270,73.2462,70.2922,67.3573,65.1920,62.2415,62.2415,60.1082,60.1415,61.0737,58.2580,55.8032,0.0000,0.0000,0.0000,0.0000,0.0000,0.0000,0.0000,0.0000,0.0000,0.0000,0.0000,0.0000
1700000046.450000,-67.0,106.5270,103.8557,102.2008,104.8093,102.9029,102.3426,98.7370,99.6444,101.0198,99.1262,102.0833,102.4744,103.3538,101.5332,102.4207,100.1798,102.8834,99.7447,102.0441,99.7447,101.9804,102.0441,97.9898,101.6366,104.2785,103.4698,104.2785,101.5185,103.7545,99.2824,99.8499,100.7224,98.6154,94.3398,94.0319,91.5260,90.4434,85.8021,84.8116,82.0061,78.2432,77.3369,75.0067,70.0928,70.8378,65.7647,67.8970,66.6033,65.1920,60.9590,61.0737,60.7454,0.0000,0.0000,0.0000,0.0000,0.0000,0.0000,0.0000,0.0000,0.0000,0.0000,0.0000,0.0000
1700000046.500000,-64.9,108.2266,109.0413,102.9272,106.2309,101.5480,100.3444,102.4744,101.2126,100.6231,100.6479,101.9804,102.0441,106.1037,102.1567,102.0441,101.2423,101.9510,102.3181,99.6243,105.9481,102.3181,106.5692,99.9600,105.3043,102.7862,106.3203,106.2544,103.1213,105.0048,103.7304,103.0776,102.0441,101.1336,98.8382,98.4124,91.7878,89.5545,88.8369,87.1321,83.4865,78.0064,79.0759,79.6304,76.0263,73.0069,67.2681,65.8559,65.1920,65.7647,62.9365,61.5549,65.6049,0.0000,0.0000,0.0000,0.0000,0.0000,0.0000,0.0000,0.0000,0.0000,0.0000,0.0000,0.0000
1700000046.550000,-63.7,102.2595,99.9850,99.6092,99.6092,97.6217,96.3328,95.1893,95.1315,96.0052,97.0052,99.0051,98.0816,98.0459,97.0824,97.0824,99.3227,97.4166,95.2575,96.5194,96.3328,96.2549,96.7471,94.4299,98.0051,97.7394,97.8673,97.6217,97.5141,97.5141,96.4210,95.0842,93.0215,94.0053,91.0000,90.0222,87.0517,85.0529,82.1523,80.3057,78.4092,74.4312,73.3348,69.8713,66.6108,64.1327,61.9839,62.3699,61.8466,60.8769,60.1664,59.1354,58.3095,0.0000,0.0000,0.0000,0.0000,0.0000,0.0000,0.0000,0.0000,0.0000,0.0000,0.0000,0.0000
1700000046.600000,-60.9,104.9952,104.6948,99.9600,102.7862,100.0900,100.0900,98.0867,99.3177,99.7447,99.7296,102.0833,102.2155,103.5857,101.8725,103.5857,100.7025,101.7890,98.4784,100.1249,99.8649,99.5691,99.8649,96.5194,99.6394,101.4002,101.4002,103.0049,101.0198,101.0198,100.4390,100.1699,97.0979,98.9798,94.0213,95.7131,89.9444,88.1192,86.3134,84.9706,81.0247,77.4726,76.1577,72.6154,71.8679,68.9493,65.7875,65.4599,64.8460,63.6003,63.0635,62.5859,59.0339,0.0000,0.0000,0.0000,0.0000,0.0000,0.0000,0.0000,0.0000,0.0000,0.0000,0.0000,0.0000
1700000046.650000,-61.4,107.4802,103.3247,105.5509,101.1781,102.0686,98.5951,99.8098,97.4166,99.4032,99.8649,99.8649,101.2423,102.3963,101.0198,101.0198,102.0833,100.7224,100.7224,100.1848,100.1848,98.4124,100.6479,100.6231,101.9804,101.5185,101.0792,102.4158,101.5332,101.5332,100.6231,96.6488,98.6154,96.5660,94.0319,94.5780,91.2634,88.0057,84.8116,82.6196,79.8123,78.8733,77.3369,73.6614,68.7677,68.0147,65.8559,64.3506,62.9365,64.3817,61.6198,62.0081,59.9083,0.0000,0.0000,0.0000,0.0000,0.0000,0.0000,0.0000,0.0000,0.0000,0.0000,0.0000,0.0000
1700000046.700000,-62.7,102.8834,99.4585,101.3903,99.4585,100.8960,95.3415,97.8621,96.6902,96.1769,97.3242,97.8673,98.6154,99.5038,99.4082,97.5141,101.1781,97.1288,97.2523,95.1315,98.0816,96.1301,98.0204,96.1301,99.0000,100.0200,98.0459,97.0824,100.0800,97.1854,97.1854,94.5304,95.6347,94.8947,91.2414,92.0706,87.8635,84.5281,83.1986,80.7775,76.9220,75.9605,70.8802,73.0548,66.4078,66.7308,63.5689,63.1585,62.7694,62.2415,62.6099,58.6686,55.4707,0.0000,0.0000,0.0000,0.0000,0.0000,0.0000,0.0000,0.0000,0.0000,0.0000,0.0000,0.0000
1700000046.750000,-60.5,107.5174,105.3803,100.8415,105.2236,100.6032,102.3132,100.1798,100.0800,100.0450,101.0445,101.0198,103.0049,104.0192,103.0194,103.0049,101.1781,101.3163,98.1835,102.3963,102.3132,102.2399,101.4938,99.2472,101.8332,102.3963,104.5801,102.3963,102.3132,103.3102,101.1781,101.0792,100.0200,99.0000,95.0210,93.0215,90.0888,88.2043,88.3629,83.4865,81.4985,77.7817,77.7817,75.3127,73.8241,69.2315,66.2873,65.9697,66.2193,63.3246,61.9839,61.0983,60.4152,0.0000,0.0000,0.0000,0.0000,0.0000,0.0000,0.0000,0.0000,0.0000,0.0000,0.0000,0.0000
1700000046.800000,-64.9,103.8460,98.7623,101.8332,96.4624,96.7678,93.3006,95.8593,94.5780,96.5660,97.5756,97.5756,96.6075,97.9439,97.0618,95.2733,99.7647,94.5145,97.5295,93.6483,95.3834,95.2575,98.9798,98.0051,98.4784,98.6154,99.1262,98.1122,101.2126,96.6488,99.7647,94.3716,96.1769,93.6216,92.4770,90.8240,88.2553,85.0941,81.3204,80.3617,76.9220,76.6551,73.2462,73.0069,66.7083,65.3070,63.6396,63.5059,61.5224,62.2896,61.2944,58.0345,57.0088,0.0000,0.0000,0.0000,0.0000,0.0000,0.0000,0.0000,0.0000,0.0000,0.0000,0.0000,0.0000
1700000046.850000,-62.4,94.8736,93.1933,89.6270,92.6553,88.2327,89.2020,88.7299,87.2066,90.0278,89.1964,89.1964,89.8276,91.2414,91.2195,91.2195,89.1964,89.8276,87.7838,89.3756,88.6172,89.1964,90.1388,87.3212,88.8651,91.5478,91.5478,91.8314,88.7299,91.4385,87.8635,87.7838,88.4590,85.5628,82.7345,83.4865,78.5684,78.6448,76.0592,74.8131,74.0270,68.6003,67.8012,65.0000,62.4260,60.2163,57.4282,56.8595,56.9386,55.5698,53.6656,53.2259,52.5547,0.0000,0.0000,0.0000,0.0000,0.0000,0.0000,0.0000,0.0000,0.0000,0.0000,0.0000,0.0000
1700000046.900000,-60.3,97.1854,101.4150,98.2904,99.2472,94.0479,93.3809,92.0217,94.2603,95.1315,94.9210,97.0052,96.6747,98.0816,95.9010,97.8008,94.6256,96.5194,95.1315,95.9635,96.2549,97.6371,96.2549,94.5780,96.5660,100.1699,95.7183,101.2423,95.1315,98.1835,95.4411,98.0051,96.6075,93.4077,92.0054,91.0494,88.0909,82.8794,80.8084,85.6329,79.9062,76.4199,75.7430,69.4262,68.6804,65.8559,64.5368,61.5549,63.0079,62.0081,61.5873,59.1693,60.8276,0.0000,0.0000,0.0000,0.0000,0.0000,0.0000,0.0000,0.0000,0.0000,0.0000,0.0000,0.0000
1700000046.950000,-60.4,98.8433,94.9368,94.5410,94.0213,93.4077,89.8888,91.0934,91.7606,92.7200,91.7606,93.9628,93.4077,92.8924,92.8924,90.7083,93.9415,91.7823,91.5915,91.2414,93.2148,91.2414,91.9239,91.4112,91.0824,93.2148,94.0479,94.0479,93.5575,91.5915,92.5743,89.4986,89.2693,88.7694,86.1278,86.4002,84.1190,81.5966,78.1857,75.2396,72.2357,71.6938,68.5420,69.3542,64.4050,61.7414,59.0339,60.8358,59.1693,60.2080,55.4707,56.4004,54.0370,0.0000,0.0000,0.0000,0.0000,0.0000,0.0000,0.0000,0.0000,0.0000,0.0000,0.0000,0.0000
1700000047.000000,-61.6,106.3203,103.8460,102.3572,103.5809,101.4150,100.2247,99.8248,99.6394,100.6231,100.8415,101.8332,101.8332,103.8171,102.4890,102.5914,103.2376,102.1763,100.1798,101.1237,102.1763,101.2423,101.0792,100.1249,103.0049,105.0762,103.0194,104.0433,103.1746,103.1746,101.1781,100.8415,99.8499,100.4490,94.3663,92.7631,91.7823,91.0055,87.5557,84.2021,82.2800,79.4040,77.1622,73.0821,71.5122,71.5122,64.0781,65.3070,64.8845,62.6099,62.6498,59.6825,57.4282,0.0000,0.0000,0.0000,0.0000,0.0000,0.0000,0.0000,0.0000,0.0000,0.0000,0.0000,0.0000
1700000047.050000,-62.1,104.2353,102.1763,102.1763,103.1746,100.0800,99.0000,100.0200,98.0816,100.0450,99.2472,101.1781,101.4938,102.8251,99.5038,100.3195,101.9657,101.5972,99.8499,99.1413,101.1187,100.9752,101.2719,98.0051,99.8248,102.5914,100.6231,102.8251,101.5972,102.5914,99.5038,98.1835,98.1275,98.0816,93.0215,94.0000,91.0000,89.0225,87.1436,83.2166,81.3941,78.0897,75.6637,71.8471,70.2140,69.2315,66.4906,66.7083,66.2193,63.6003,62.2977,60.7454,58.6941,0.0000,0.0000,0.0000,0.0000,0.0000,0.0000,0.0000,0.0000,0.0000,0.0000,0.0000,0.0000
1700000047.100000,-62.6,105.5509,100.6231,104.3168,99.2975,101.7104,96.8969,97.3499,98.4733,97.6524,101.4002,99.6243,100.6032,100.6032,101.2126,97.4526,102.0686,99.2472,100.6578,99.0858,99.8248,99.1564,100.4988,98.4124,99.7647,101.9117,99.0051,99.7647,102.6499,99.9050,101.9804,95.1315,97.3088,97.4526,91.6079,91.8368,90.4434,87.9204,84.7231,80.6226,77.5242,77.0260,72.0694,74.2428,66.1891,66.6483,64.8460,64.4050,62.6498,63.3246,61.0328,58.5235,57.0701,0.0000,0.0000,0.0000,0.0000,0.0000,0.0000,0.0000,0.0000,0.0000,0.0000,0.0000,0.0000
1700000047.150000,-60.2,104.1777,101.7693,100.3195,99.9250,100.7224,97.5090,97.0464,96.1769,97.5295,98.4886,99.4786,98.7927,98.7927,98.1835,98.7927,99.8649,97.6524,98.4733,96.6075,97.6524,98.4733,98.0051,97.4166,99.8098,100.0000,97.8008,101.0198,99.6243,98.2293,99.2975,95.4149,97.4166,95.2943,92.1792,90.7855,89.4427,87.6584,83.2586,81.5414,79.3095,75.0267,73.7360,74.0000,67.3573,67.6757,63.6003,64.0312,62.3699,64.3273,61.3922,60.8276,59.2115,0.0000,0.0000,0.0000,0.0000,0.0000,0.0000,0.0000,0.0000,0.0000,0.0000,0.0000,0.0000
1700000047.200000,-63.3,97.6166,94.8103,93.6002,94.4034,92.0869,92.3580,92.3580,91.2688,92.1141,91.7878,93.4773,93.4773,94.3663,92.5743,92.5743,94.0213,92.6121,89.9611,91.0000,92.3093,91.7878,92.7038,91.9239,93.6376,94.7048,94.7048,94.3398,93.2309,92.7038,92.3093,89.8999,90.7855,89.0674,86.3539,85.0882,83.7257,81.1234,77.3886,76.5506,74.8866,71.0282,69.0652,68.6003,65.0000,62.0081,61.0737,60.3075,58.7282,59.4138,56.5685,55.9017,54.6717,0.0000,0.0000,0.0000,0.0000,0.0000,0.0000,0.0000,0.0000,0.0000,0.0000,0.0000,0.0000
1700000047.250000,-63.5,98.0051,96.0208,97.3499,94.0479,95.7183,92.7847,94.0213,92.1792,93.0215,94.3663,96.1509,94.8103,96.1769,95.3415,94.4299,96.9330,93.9840,94.3398,93.3006,95.5196,94.3398,96.7678,92.6984,95.8175,97.7394,95.1893,94.8683,97.7394,95.1893,95.8593,92.3093,93.2309,92.1954,89.0000,87.2066,86.7698,82.7647,79.7559,77.1751,74.0945,75.1665,71.0211,70.7248,66.8506,66.0303,62.8013,61.4003,60.4401,60.3075,59.4138,56.5685,55.9732,0.0000,0.0000,0.0000,0.0000,0.0000,0.0000,0.0000,0.0000,0.0000,0.0000,0.0000,0.0000
1700000047.300000,-60.5,95.4620,91.3893,91.2360,92.1358,91.2360,87.2353,87.8180,88.6848,87.9830,89.8888,89.3588,90.9725,90.9725,91.5260,91.5260,91.4002,89.2020,88.8144,89.8109,90.6035,89.2020,90.6035,88.4081,90.2718,91.0494,91.8314,92.6175,92.0054,91.4002,89.6270,87.0919,88.2043,88.2043,86.0930,83.3547,80.6226,79.1770,76.0263,76.0592,72.4983,70.7743,68.5420,67.4166,62.6259,61.6847,59.1354,59.7746,58.2409,56.7539,55.1090,56.8858,54.4518,0.0000,0.0000,0.0000,0.0000,0.0000,0.0000,0.0000,0.0000,0.0000,0.0000,0.0000,0.0000
1700000047.350000,-63.2,103.8316,100.1699,100.7224,102.0833,98.4124,98.3870,100.2247,100.3195,98.6154,100.0900,101.3903,102.7862,99.2975,100.3045,99.9300,103.4456,101.6514,101.9215,103.5809,101.3903,101.9215,100.9604,101.1385,100.4390,102.1078,103.3247,106.4800,101.6514,103.3247,99.3277,99.9600,100.9009,101.2423,96.7729,94.5410,90.8735,90.8735,86.3539,86.7640,82.7647,80.1311,79.6492,72.0694,74.9466,73.2462,66.0379,65.4599,67.2012,65.9469,67.4759,65.9469,60.8112,0.0000,0.0000,0.0000,0.0000,0.0000,0.0000,0.0000,0.0000,0.0000,0.0000,0.0000,0.0000
1700000047.400000,-59.8,107.2007,103.7304,102.0833,102.6255,98.2700,98.2700,98.4124,100.2397,99.2975,101.0742,103.3151,99.8098,104.2785,101.2373,102.1567,106.0424,98.6813,99.9600,98.3514,102.1421,103.4650,101.1929,100.5684,103.0922,101.5135,103.0922,101.5135,107.2241,100.5684,102.5280,99.5389,101.6366,103.4698,93.1075,94.3663,89.0056,89.0056,86.4523,84.7231,79.4040,78.7718,76.8505,72.1110,74.4043,71.6101,67.2012,67.2012,66.8431,65.2993,62.9682,61.5224,61.8466,0.0000,0.0000,0.0000,0.0000,0.0000,0.0000,0.0000,0.0000,0.0000,0.0000,0.0000,0.0000
1700000047.450000,-62.6,108.0046,105.4372,104.6375,103.2327,102.3035,99.2472,99.8248,101.9117,101.8627,98.2904,102.5524,102.5914,102.6499,103.3925,103.4795,102.3035,103.0776,99.4887,101.2126,102.0049,101.6710,102.6158,100.4241,102.2008,102.8008,103.4070,103.4070,103.2327,101.6710,101.0445,101.3163,99.9050,100.4988,95.4620,94.7523,91.2195,90.5207,87.3212,85.1469,83.8689,79.5110,77.3369,77.8010,70.6045,68.0074,67.4240,64.3506,67.1193,64.6607,62.2656,62.6099,60.8358,0.0000,0.0000,0.0000,0.0000,0.0000,0.0000,0.0000,0.0000,0.0000,0.0000,0.0000,0.0000
