host_timestamp,rssi,amp_0,amp_1,amp_2,amp_3,amp_4,amp_5,amp_6,amp_7,amp_8,amp_9,amp_10,amp_11,amp_12,amp_13,amp_14,amp_15,amp_16,amp_17,amp_18,amp_19,amp_20,amp_21,amp_22,amp_23,amp_24,amp_25,amp_26,amp_27,amp_28,amp_29,amp_30,amp_31,amp_32,amp_33,amp_34,amp_35,amp_36,amp_37,amp_38,amp_39,amp_40,amp_41,amp_42,amp_43,amp_44,amp_45,amp_46,amp_47,amp_48,amp_49,amp_50,amp_51,amp_52,amp_53,amp_54,amp_55,amp_56,amp_57,amp_58,amp_59,amp_60,amp_61,amp_62,amp_63
1700000000.000000,-63.4,105.3043,99.0808,103.2376,99.0808,98.0000,96.0052,97.0000,93.0484,99.0454,97.2523,100.6032,98.5089,99.6092,97.8673,99.7246,98.4784,96.3379,97.8673,98.0612,98.2700,95.8853,98.8433,95.1893,99.0404,99.8248,100.0200,98.4784,96.1769,97.4936,97.1648,93.7710,96.3328,93.1343,95.1315,92.0217,89.0056,89.0000,84.1487,85.2115,81.3019,78.6384,76.3217,71.3442,72.3671,68.2495,64.5368,64.7611,64.8460,60.1664,56.6480,60.1664,56.3560,0.0000,0.0000,0.0000,0.0000,0.0000,0.0000,0.0000,0.0000,0.0000,0.0000,0.0000,0.0000
1700000000.050000,-64.4,106.1037,101.0198,108.0787,104.5466,102.7862,97.1236,102.3572,96.5401,98.4784,101.6366,99.2472,98.8433,104.2353,100.0200,103.2473,103.6967,99.7246,100.7174,95.5249,102.4890,99.3227,102.2399,102.3132,102.0784,103.3102,99.1262,102.1763,105.0762,102.5914,100.4988,97.7394,101.4347,96.8762,96.3379,96.8814,95.5249,92.1954,89.2693,86.6833,81.9085,80.9568,75.2728,80.7775,68.1542,67.0671,67.7791,65.9242,66.6408,63.5295,62.2656,60.2080,61.2209,0.0000,0.0000,0.0000,0.0000,0.0000,0.0000,0.0000,0.0000,0.0000,0.0000,0.0000,0.0000
1700000000.100000,-60.8,104.6231,101.0445,99.8098,101.6710,99.4887,97.6217,95.5877,96.2081,97.5807,96.2081,97.8366,100.1249,100.8960,97.4526,98.0816,98.0051,96.4002,93.4077,96.8349,96.0208,96.6075,97.4166,94.8683,99.1262,98.7370,99.0202,97.3499,98.8130,99.4032,96.5194,96.6075,96.4002,94.0213,94.0213,90.7855,88.7299,90.5207,84.2199,81.3204,80.6226,76.4853,77.3369,73.1095,71.4003,68.6003,66.0303,65.1920,61.5873,60.0333,61.2944,59.4811,56.7979,0.0000,0.0000,0.0000,0.0000,0.0000,0.0000,0.0000,0.0000,0.0000,0.0000,0.0000,0.0000
1700000000.150000,-64.7,104.8093,101.9215,99.9300,101.2423,94.2444,97.1442,98.2344,94.9368,100.8464,93.0215,99.2824,98.1122,99.8499,99.4786,100.3444,98.1122,99.8499,94.6678,101.0198,101.5480,96.8969,94.5145,95.7183,100.4390,98.2293,99.0202,97.9439,91.7878,103.2473,92.9624,93.9415,97.4936,93.9415,93.5201,90.8735,89.0505,86.9770,85.4400,84.1190,81.3204,79.5550,79.3095,73.2462,71.3863,67.4759,64.4981,64.2806,66.1211,58.1378,61.0328,59.0000,58.2151,0.0000,0.0000,0.0000,0.0000,0.0000,0.0000,0.0000,0.0000,0.0000,0.0000,0.0000,0.0000
1700000000.200000,-62.8,100.0050,99.1564,98.0051,98.2344,95.8019,91.5260,92.1141,94.8736,92.2822,93.6483,94.8947,97.0618,97.4936,95.7079,96.6644,95.7549,94.0213,91.9239,91.9239,93.6216,94.3398,94.7048,92.4770,94.5780,93.4077,94.9210,96.5660,97.1700,96.5660,93.9840,93.9415,93.1075,92.1303,88.2383,91.2414,85.0000,85.9593,81.1234,83.2166,78.2368,73.4098,73.0069,69.8140,67.6240,66.8431,60.8276,62.2415,62.9365,55.9017,58.7282,56.7274,53.6004,0.0000,0.0000,0.0000,0.0000,0.0000,0.0000,0.0000,0.0000,0.0000,0.0000,0.0000,0.0000
1700000000.250000,-62.4,103.8460,96.7678,102.4890,98.0306,95.5196,93.4077,95.4620,94.9368,98.0867,99.3177,97.9490,97.1288,100.3444,97.4166,98.0051,100.1699,96.0417,97.6371,96.7988,97.3499,98.4784,96.7988,97.9081,101.2126,97.0824,97.6524,96.5194,98.4733,98.1835,96.7988,89.6939,94.3398,90.9175,94.5145,91.6788,89.4707,88.1022,84.6936,85.2350,79.4796,75.9605,73.6817,72.4500,69.6419,68.8840,66.7083,60.6383,61.8142,63.6396,56.4358,58.0775,56.0357,0.0000,0.0000,0.0000,0.0000,0.0000,0.0000,0.0000,0.0000,0.0000,0.0000,0.0000,0.0000
1700000000.300000,-59.8,103.4070,104.0433,106.7380,99.3277,103.8460,97.2677,98.4784,97.8621,99.2975,98.8585,100.8415,99.7246,103.6967,99.5038,100.7174,102.1763,100.1249,100.4988,97.0000,98.0000,99.0454,100.0000,100.0050,99.0051,102.0049,102.0049,102.0049,100.0200,99.0808,100.0000,97.0206,95.0474,96.5194,97.0155,96.7471,94.0479,91.4112,85.7030,83.1986,82.7647,78.3390,77.3692,75.0000,77.2010,68.6222,66.7308,65.9242,65.5515,62.6099,60.5392,59.9416,57.4543,0.0000,0.0000,0.0000,0.0000,0.0000,0.0000,0.0000,0.0000,0.0000,0.0000,0.0000,0.0000
1700000000.350000,-60.9,104.5610,105.9481,103.0049,102.0784,98.0816,98.7168,99.4887,100.5684,102.5914,99.7246,99.8248,100.6578,101.2373,101.9804,103.3247,100.0050,100.2646,98.0816,98.8585,102.1763,99.2018,99.6394,97.8008,102.6499,96.4002,99.2018,105.1190,99.0202,99.8098,97.6166,101.3163,96.2601,93.5094,94.0691,95.4620,94.0691,86.2670,84.8999,84.9588,82.3286,76.0592,78.2432,69.6563,67.2012,69.0652,68.0955,61.9112,64.0078,59.0339,58.1378,58.3095,60.4070,0.0000,0.0000,0.0000,0.0000,0.0000,0.0000,0.0000,0.0000,0.0000,0.0000,0.0000,0.0000
1700000000.400000,-63.6,104.8093,104.9381,104.2353,103.2473,100.2846,98.0612,99.4585,98.4937,98.6712,99.6243,100.8811,102.4597,101.8332,103.0922,99.5389,101.7693,102.6937,103.8701,100.3195,102.0441,100.8464,101.5529,99.3177,102.8834,99.3177,99.2824,97.9439,101.5529,101.5529,101.1336,100.0900,97.3088,99.3680,96.2081,98.0306,92.3472,89.9889,83.4326,86.1220,81.3941,80.4114,76.4853,76.6551,70.8590,69.4622,65.3758,62.2013,67.0671,61.0082,60.0333,61.2046,57.5587,0.0000,0.0000,0.0000,0.0000,0.0000,0.0000,0.0000,0.0000,0.0000,0.0000,0.0000,0.0000
1700000000.450000,-61.8,100.3444,99.4786,101.5185,97.5295,97.9439,97.9898,96.7729,94.5410,98.0816,97.7394,96.4624,97.4166,96.8401,96.4624,97.8008,97.1236,94.8314,96.7729,97.5141,100.2247,96.5401,97.0824,99.4636,95.9010,101.0000,96.5091,99.4636,97.0824,96.3172,98.4937,92.8924,97.4166,93.6056,92.3472,90.4765,87.9204,89.3196,83.7735,81.9390,76.4853,75.5910,74.2496,74.4312,67.2309,68.0955,64.6607,62.2013,64.2028,62.2013,62.0081,58.7282,55.8659,0.0000,0.0000,0.0000,0.0000,0.0000,0.0000,0.0000,0.0000,0.0000,0.0000,0.0000,0.0000
1700000000.500000,-62.5,107.6151,107.4477,103.7111,101.5332,104.2353,99.1564,98.3107,97.5910,101.1187,101.2373,98.3514,99.1564,103.4795,102.1763,101.9804,100.6032,102.6499,100.0000,99.0202,102.6499,100.0000,102.9029,94.8683,99.0454,102.3426,102.6499,100.1699,101.8332,98.0051,98.4073,98.0051,99.8098,98.8585,94.3663,94.2603,92.6984,89.8276,85.5628,84.2199,82.9759,80.2808,76.8375,74.0270,71.2180,68.4105,67.9559,65.4599,64.3506,58.6686,59.9416,61.0983,60.5392,0.0000,0.0000,0.0000,0.0000,0.0000,0.0000,0.0000,0.0000,0.0000,0.0000,0.0000,0.0000
1700000000.550000,-62.5,102.3572,103.1601,97.0824,98.9798,97.0824,94.9210,95.4620,93.9415,96.6644,94.8103,97.0464,96.1769,97.0618,97.5295,97.1288,95.5249,95.1893,93.6483,95.7183,96.2549,94.8736,97.3499,94.0319,96.7988,96.2549,96.7988,98.4784,95.1893,95.7183,93.6483,93.0591,93.0591,93.4773,89.8999,90.3770,86.9253,86.1626,82.5409,81.9085,79.4040,75.6902,73.7631,70.8308,69.6348,66.4906,64.3273,64.6297,62.3939,59.3043,58.0775,58.0086,58.1378,0.0000,0.0000,0.0000,0.0000,0.0000,0.0000,0.0000,0.0000,0.0000,0.0000,0.0000,0.0000
1700000000.600000,-59.3,105.1190,100.6628,102.5914,100.6231,101.4347,98.0051,101.3163,95.4254,99.2472,98.0459,97.1854,99.0051,100.0050,99.0454,94.0000,103.1746,99.1262,101.1237,95.2575,99.2472,100.3195,99.1816,95.5249,98.4124,100.6032,98.9949,95.5249,97.4166,94.3398,98.1835,94.0213,95.0210,95.0474,91.0220,93.0860,93.0860,89.2749,82.1523,81.6150,81.2158,78.7718,74.1485,74.1485,69.8570,68.1542,65.0000,65.2533,62.2977,61.0983,60.7454,58.6003,59.4811,0.0000,0.0000,0.0000,0.0000,0.0000,0.0000,0.0000,0.0000,0.0000,0.0000,0.0000,0.0000
1700000000.650000,-65.0,105.5888,102.4744,106.4378,100.1798,100.8464,102.1567,102.8834,98.6813,103.8171,102.1421,100.5783,102.1421,102.2008,102.8397,102.4890,99.2018,102.1812,97.7446,101.0000,103.7545,105.1190,99.2472,105.9056,101.1187,106.3673,100.4490,103.4070,99.4636,105.2236,106.7052,102.8397,95.5667,100.1699,96.7678,89.8443,92.9731,91.7061,86.0058,85.4927,81.5414,83.7735,76.9675,76.5376,74.7930,73.2462,64.4981,68.2422,66.0303,65.6049,64.2028,61.6198,59.3970,0.0000,0.0000,0.0000,0.0000,0.0000,0.0000,0.0000,0.0000,0.0000,0.0000,0.0000,0.0000
1700000000.700000,-62.2,106.3203,101.5332,103.4456,102.4597,99.0051,95.8541,97.5756,96.6644,99.7296,101.5529,98.3870,99.7296,99.7647,100.3444,99.4786,97.0824,97.0979,100.1699,95.4149,97.9081,102.3963,98.7370,99.2975,96.8349,100.6876,98.2293,97.9081,101.7890,99.0202,101.2571,92.3580,94.5145,97.1288,95.2575,90.9175,90.3383,89.0000,84.3090,85.2350,81.7068,78.7718,75.9605,77.4919,70.6045,68.6804,63.5610,62.8172,64.5368,64.3273,58.4209,59.4138,55.0364,0.0000,0.0000,0.0000,0.0000,0.0000,0.0000,0.0000,0.0000,0.0000,0.0000,0.0000,0.0000
1700000000.750000,-59.3,105.0762,105.1190,106.2309,102.1763,99.3227,98.9949,102.7035,100.2846,99.1413,97.2934,101.8676,101.1385,103.1601,99.9300,100.9604,102.1421,100.2447,98.3514,100.9009,102.4597,99.2975,102.1812,101.3903,102.9563,101.0198,101.9510,101.9510,99.2975,102.7862,96.2081,100.5684,100.5783,98.6712,95.3363,95.0789,92.1792,90.9560,87.0976,84.3445,83.7257,81.6150,77.9295,77.6466,71.1758,71.1126,68.0000,65.0077,65.0077,61.0082,61.0737,57.2189,61.9839,0.0000,0.0000,0.0000,0.0000,0.0000,0.0000,0.0000,0.0000,0.0000,0.0000,0.0000,0.0000
1700000000.800000,-65.9,104.8904,102.6499,101.8627,101.8332,99.0051,99.0858,99.7647,99.0858,98.4937,99.2472,98.2344,99.6243,100.6876,96.2601,97.2008,99.2975,99.2975,97.9081,97.3499,98.7370,99.0454,97.9081,96.0417,97.4166,103.2473,99.6444,99.0202,100.6876,96.7988,101.2571,98.2344,98.6002,95.1315,97.1854,93.4345,92.0217,87.8635,84.8646,84.2199,80.1561,81.5659,77.2334,75.2130,68.4105,67.4240,65.1920,63.1348,65.1920,63.5295,63.5295,56.8595,60.7289,0.0000,0.0000,0.0000,0.0000,0.0000,0.0000,0.0000,0.0000,0.0000,0.0000,0.0000,0.0000
1700000000.850000,-62.3,102.7035,98.1529,101.2719,96.8814,100.0200,95.5667,95.6033,98.3717,99.6243,97.7190,100.2846,99.2975,101.1929,99.5389,101.0198,100.3195,96.6644,95.6347,97.1700,98.0867,99.5389,98.4886,98.4886,97.5090,98.4886,97.1700,98.8989,100.3195,96.7729,98.4886,99.9600,95.8593,93.9202,92.4446,93.1451,89.0225,88.3233,85.1587,81.0494,80.4114,77.1038,76.1183,74.2428,69.3542,69.1809,66.0681,63.0000,63.0079,60.0750,59.3043,58.2151,53.9351,0.0000,0.0000,0.0000,0.0000,0.0000,0.0000,0.0000,0.0000,0.0000,0.0000,0.0000,0.0000
1700000000.900000,-59.0,107.8564,108.5035,102.4890,107.2800,98.2344,101.4150,98.0612,102.1812,100.2846,99.9850,104.8093,103.4843,104.2353,102.0784,105.3043,99.1816,105.2331,95.0474,104.0000,103.1213,99.0808,102.0441,98.0051,102.0441,99.0454,102.0196,104.0048,97.0206,105.0762,100.1249,98.2497,96.3328,96.3328,94.7629,96.8762,90.9340,90.9340,88.1192,86.5852,83.1986,80.3617,79.1202,74.9466,74.0000,71.5122,68.1542,66.8506,67.5352,61.8466,61.7414,59.5399,58.5235,0.0000,0.0000,0.0000,0.0000,0.0000,0.0000,0.0000,0.0000,0.0000,0.0000,0.0000,0.0000
1700000000.950000,-62.2,108.3420,100.4490,108.3420,99.8499,103.4843,98.3260,104.1201,99.0454,100.0200,103.0049,102.0441,104.0048,103.1746,102.0784,100.0450,104.4797,102.2399,104.4797,99.7246,103.4843,99.5038,100.9752,102.5914,103.6967,103.6967,103.0970,100.9752,102.4890,98.6154,102.7035,98.0816,97.0464,98.1835,96.0833,94.0479,94.0000,92.1358,88.2043,84.2140,83.3847,79.4040,76.3217,78.4474,75.3127,72.0069,67.2681,65.0000,68.1542,64.5136,61.3514,58.6941,57.6975,0.0000,0.0000,0.0000,0.0000,0.0000,0.0000,0.0000,0.0000,0.0000,0.0000,0.0000,0.0000
1700000001.000000,-64.3,104.7521,103.1213,101.8430,101.8430,99.0404,98.0816,97.5295,98.2344,98.2344,97.8621,99.4636,100.1299,100.8415,100.8415,99.8499,99.6092,99.6092,97.7394,98.5089,99.7246,98.8585,98.6154,96.3328,100.0800,102.2399,99.2472,100.3195,99.6092,99.7246,97.6217,97.1648,97.3242,97.0824,92.1954,94.8314,90.4710,88.5268,87.3613,83.5225,81.2711,80.0562,75.6108,73.5391,71.6938,68.8767,66.2420,63.5295,64.4981,61.4003,61.0574,59.0762,56.2228,0.0000,0.0000,0.0000,0.0000,0.0000,0.0000,0.0000,0.0000,0.0000,0.0000,0.0000,0.0000
1700000001.050000,-60.2,103.8316,102.9563,100.6231,102.4207,101.0792,98.4124,92.1358,94.5410,96.7729,97.7190,97.7190,97.1236,98.3717,94.5939,98.9798,96.5660,97.7446,95.8019,100.0200,97.2677,97.2934,97.5295,94.7259,98.4784,101.1187,96.8814,102.1812,97.2934,96.5401,94.5939,98.0816,95.5092,93.9628,91.4166,92.3580,87.2812,87.3155,85.2350,82.3468,82.2982,79.2591,73.8241,72.0069,68.0955,66.2873,64.3506,62.8013,64.4050,63.2535,63.8201,58.0517,55.9017,0.0000,0.0000,0.0000,0.0000,0.0000,0.0000,0.0000,0.0000,0.0000,0.0000,0.0000,0.0000
1700000001.100000,-60.0,103.0776,101.0445,103.2279,99.6243,102.3426,95.7183,97.4166,95.8801,99.8499,95.2575,98.8433,96.1769,98.8433,100.7224,99.7447,98.0867,96.5660,96.7729,100.0900,100.4639,97.5756,96.7729,96.2081,98.6712,99.6243,97.4064,97.4064,97.6934,98.0867,95.8541,96.3846,96.1509,97.4936,93.9415,89.0674,88.6848,88.5889,85.9593,83.7616,80.4550,75.2130,74.4043,75.2130,73.1095,66.6033,67.1789,63.7809,63.6553,61.6198,61.7171,55.6058,57.4282,0.0000,0.0000,0.0000,0.0000,0.0000,0.0000,0.0000,0.0000,0.0000,0.0000,0.0000,0.0000
1700000001.150000,-61.8,103.0437,107.0187,100.0050,104.0000,100.0050,101.0792,97.3293,98.8585,98.3260,95.1893,100.8415,99.2975,99.8248,101.7890,102.4207,96.5091,103.3683,96.1041,98.4937,96.3016,99.2472,98.2344,95.5667,97.0824,98.4937,100.4390,101.6514,97.5295,101.3903,94.8314,96.1041,95.9010,95.1893,92.9139,91.5478,86.5794,89.2020,85.0235,86.0523,83.0542,78.1025,76.0066,74.1080,71.2531,69.1809,66.4831,65.3758,64.3273,59.8415,59.9083,59.9083,59.1354,0.0000,0.0000,0.0000,0.0000,0.0000,0.0000,0.0000,0.0000,0.0000,0.0000,0.0000,0.0000
1700000001.200000,-61.7,104.6900,100.4988,101.2373,96.9381,98.4937,94.0213,95.6033,95.6033,94.3027,96.8349,95.9635,96.8969,97.2471,94.6678,96.3846,98.4886,95.7706,95.3834,95.2575,96.6023,94.8262,96.1509,95.7131,95.7079,96.1509,97.0464,95.7706,97.1288,94.8947,96.2549,94.6678,92.1141,92.1141,91.5260,88.2327,88.2327,85.6037,81.6884,79.3977,76.4199,74.9667,72.1388,72.1803,67.8970,65.8559,63.0317,63.1269,61.2209,58.8218,59.0762,55.7584,55.0091,0.0000,0.0000,0.0000,0.0000,0.0000,0.0000,0.0000,0.0000,0.0000,0.0000,0.0000,0.0000
1700000001.250000,-61.5,105.1903,108.2589,105.0952,103.7882,103.3102,102.4744,99.3630,102.6255,99.0202,100.7025,103.4698,105.4372,99.8098,100.2098,98.8130,100.2646,100.2646,98.4073,99.6394,102.7278,97.9490,98.7168,100.6578,102.6499,104.7378,104.0625,102.0686,101.4150,101.5332,100.0050,100.8018,99.8098,100.1249,96.8349,93.4773,94.3398,91.2688,89.5545,87.3212,85.8662,81.9390,77.3692,76.9220,76.5572,70.5762,66.7308,64.1950,68.6222,62.0967,61.8466,60.2080,59.3043,0.0000,0.0000,0.0000,0.0000,0.0000,0.0000,0.0000,0.0000,0.0000,0.0000,0.0000,0.0000
1700000001.300000,-63.8,107.2287,108.1665,104.0192,103.2376,103.0437,102.0049,99.1262,100.0800,100.2447,100.4988,98.5089,100.6032,99.9850,99.2975,105.0762,98.3107,101.7890,99.0404,98.7168,99.4636,101.0000,100.0200,100.4390,101.1385,102.3914,102.8397,104.3456,98.9545,100.4390,95.3415,95.9010,98.3107,95.8853,92.3472,90.3549,88.5664,92.2659,85.0059,86.0233,83.0542,77.0065,80.0999,76.0263,70.7107,69.0652,63.3877,65.3758,63.5059,60.4152,61.3514,58.9406,57.9396,0.0000,0.0000,0.0000,0.0000,0.0000,0.0000,0.0000,0.0000,0.0000,0.0000,0.0000,0.0000
1700000001.350000,-60.6,107.9676,106.2309,107.2800,104.5610,102.1078,97.8621,103.7545,101.1187,103.0970,102.5914,103.4843,100.1798,102.1225,102.0784,99.1262,105.1190,102.0049,102.0196,100.0050,103.0194,100.0450,103.0194,102.0196,103.0776,100.0050,104.0433,103.0194,103.0049,102.0049,100.0200,98.1275,100.1249,99.1262,95.2575,95.7549,95.6347,90.0944,86.1452,82.5651,81.7863,79.1202,75.0000,77.2010,73.0548,66.1287,69.2892,64.4748,65.0000,62.6099,66.6483,61.0574,56.6127,0.0000,0.0000,0.0000,0.0000,0.0000,0.0000,0.0000,0.0000,0.0000,0.0000,0.0000,0.0000
1700000001.400000,-58.9,104.1009,109.0780,105.1523,109.8362,101.8332,104.0433,104.2017,99.1564,102.1763,96.2601,103.4795,101.8627,101.1187,99.7246,103.2473,103.3247,103.4795,99.1564,103.2763,104.8904,100.7671,102.6499,99.9050,104.3504,101.4150,103.0776,102.1763,97.0000,107.0561,100.4988,101.8627,100.5684,98.9949,91.9239,90.5538,92.0978,90.0278,86.2149,87.6185,85.4459,78.4092,79.6304,76.2758,73.2462,72.4017,69.3542,68.9638,67.0820,61.7414,64.6220,62.0322,56.3205,0.0000,0.0000,0.0000,0.0000,0.0000,0.0000,0.0000,0.0000,0.0000,0.0000,0.0000,0.0000
1700000001.450000,-61.7,108.1897,108.9312,104.8046,106.1508,103.4795,103.7111,101.8283,100.6032,102.0049,100.8018,103.1746,104.5610,103.4650,103.2473,106.0000,103.4456,104.3168,99.8499,102.4744,102.9563,99.4786,103.8316,99.8499,102.4207,103.8316,104.2353,104.2353,100.3444,101.7104,100.3444,99.8599,100.4042,98.4733,96.0208,96.4002,91.8314,91.8314,87.2066,85.7030,84.8999,79.9062,78.4920,75.7430,72.9178,70.8378,70.2922,65.4370,67.2012,62.4260,63.8122,60.2080,59.4811,0.0000,0.0000,0.0000,0.0000,0.0000,0.0000,0.0000,0.0000,0.0000,0.0000,0.0000,0.0000
1700000001.500000,-60.7,102.8397,102.1078,101.1385,100.2846,100.0000,95.2733,101.2423,94.8683,94.5410,94.5410,100.3195,102.9563,97.0464,98.4124,94.4299,96.6488,97.1288,94.3716,100.3444,96.8969,97.4936,96.6488,95.8801,99.1262,98.1122,96.8969,96.7471,96.2549,94.8262,96.6488,93.9149,94.3716,93.5201,91.7878,91.5478,87.3212,85.7030,85.0941,80.3243,79.4040,75.0000,74.7262,73.5459,72.3671,68.0661,63.5059,65.3758,62.1289,61.2046,59.0000,60.0000,57.2189,0.0000,0.0000,0.0000,0.0000,0.0000,0.0000,0.0000,0.0000,0.0000,0.0000,0.0000,0.0000
1700000001.550000,-62.6,107.7868,107.1681,102.1763,100.3195,100.1249,98.0204,100.0050,103.0194,104.1201,100.3195,103.1746,102.3132,99.5038,100.6032,100.8415,101.4347,99.4636,104.0865,100.4490,100.0200,99.8248,100.8067,101.0000,99.6895,99.2472,99.0404,99.2472,101.4347,101.1187,101.9804,96.1769,98.0051,96.1769,92.3472,90.0500,92.1358,90.0500,87.0230,84.0000,84.0238,80.3057,75.2396,79.2275,70.1783,69.0507,66.3702,66.3702,64.3273,60.6383,58.9406,62.9365,57.7754,0.0000,0.0000,0.0000,0.0000,0.0000,0.0000,0.0000,0.0000,0.0000,0.0000,0.0000,0.0000
1700000001.600000,-62.3,104.3504,106.8270,103.2279,104.6231,98.0051,100.7025,98.4784,98.7927,96.7471,96.2549,101.1187,99.2975,97.4936,98.4124,103.8701,96.1769,100.4639,100.3195,96.7729,99.5389,95.4620,99.5389,95.6347,102.3181,96.2081,100.0900,99.3680,94.5410,97.3088,98.0867,96.2549,97.1700,94.3716,93.0376,91.0659,89.4707,86.9540,85.5862,81.3019,81.8413,76.0263,78.0064,71.6101,70.6045,68.2495,66.7083,63.0317,61.5224,60.8276,62.4820,61.0737,56.6127,0.0000,0.0000,0.0000,0.0000,0.0000,0.0000,0.0000,0.0000,0.0000,0.0000,0.0000,0.0000
1700000001.650000,-62.1,106.9439,102.8834,103.3102,98.8433,97.0824,94.7048,97.7394,93.6376,97.0824,98.3514,99.6243,96.5660,102.8834,98.9545,100.8960,98.7168,99.6895,95.5249,97.8621,98.8433,95.3520,100.2247,97.0155,96.8762,99.4636,98.3107,100.4490,96.1041,95.5667,95.9010,97.7446,97.7446,98.4937,87.3613,92.6553,90.4434,87.9204,86.3771,79.4796,81.0247,76.0592,73.7902,74.6860,71.5891,69.4622,65.3682,63.8122,61.5873,61.0328,57.2014,56.2228,58.0000,0.0000,0.0000,0.0000,0.0000,0.0000,0.0000,0.0000,0.0000,0.0000,0.0000,0.0000,0.0000
1700000001.700000,-62.7,106.0754,102.1225,103.2376,100.3195,99.6092,95.8853,97.1648,97.1648,99.8248,99.2472,99.9250,99.4585,99.3277,100.2846,99.6243,99.9300,99.2975,96.7678,98.4327,98.0816,98.6813,99.3680,98.4327,98.4886,99.5389,100.4639,101.2423,99.3680,97.3088,99.3680,95.1893,94.5569,96.4624,91.7606,92.8924,89.7385,86.5852,85.7030,84.3445,80.0625,77.7817,75.6637,75.2396,70.2567,66.1211,65.0692,65.0077,63.0000,60.0083,58.0775,59.2115,57.4282,0.0000,0.0000,0.0000,0.0000,0.0000,0.0000,0.0000,0.0000,0.0000,0.0000,0.0000,0.0000
1700000001.750000,-62.0,106.5692,104.3072,102.8251,101.5972,100.1299,98.4784,96.1769,96.3172,93.5575,96.7729,97.5295,97.4166,100.5684,98.0306,101.8332,97.0824,99.1615,99.2975,100.4639,100.9009,97.0824,98.6813,96.7988,98.0867,100.7224,101.9510,97.4064,97.4987,100.3045,98.3514,94.2550,98.3717,92.8924,93.1719,95.3415,90.6090,84.7231,84.7231,82.0366,85.2878,80.3990,75.3260,70.0286,71.0282,68.0000,65.0692,65.0692,63.1981,58.2151,59.4138,56.5685,58.6941,0.0000,0.0000,0.0000,0.0000,0.0000,0.0000,0.0000,0.0000,0.0000,0.0000,0.0000,0.0000
1700000001.800000,-64.9,99.6243,97.7190,99.2975,96.7678,96.7678,94.3663,95.8019,93.3809,94.1488,93.0591,94.5304,91.4440,95.4254,95.6347,90.5538,100.1249,92.0217,93.1343,95.0474,97.0464,93.0484,94.0851,95.0474,92.0217,97.0052,93.0054,97.0052,95.0474,94.0479,98.0816,91.3510,91.3510,92.3472,89.9444,89.5600,87.1321,86.7006,81.3941,81.5843,77.8781,78.1601,70.8802,71.8401,66.7308,64.5136,64.8460,62.2415,60.4152,59.9333,56.8243,56.4358,55.2268,0.0000,0.0000,0.0000,0.0000,0.0000,0.0000,0.0000,0.0000,0.0000,0.0000,0.0000,0.0000
1700000001.850000,-62.7,109.6221,106.3015,103.5857,103.4795,103.0049,100.8018,100.0000,100.9554,101.5135,100.9554,101.8725,105.6788,103.9423,101.7104,100.8464,105.5888,101.1187,98.3870,101.1187,105.0952,101.0742,102.8591,96.1769,101.1336,99.3177,101.9804,104.6566,100.1848,101.1187,99.7647,100.4988,97.7548,97.4166,90.1388,95.1315,91.8368,90.0000,87.0057,85.2760,87.3212,81.3449,77.7946,74.9667,72.8629,67.8970,69.4262,67.4759,68.2422,65.8027,61.0328,62.1289,57.8014,0.0000,0.0000,0.0000,0.0000,0.0000,0.0000,0.0000,0.0000,0.0000,0.0000,0.0000,0.0000
1700000001.900000,-62.1,109.2749,104.4462,108.2266,108.5587,100.7025,96.5194,99.6243,98.2293,99.0202,100.2646,101.3163,101.4150,100.4988,103.2763,101.4150,101.8627,99.7246,98.3107,100.4092,103.2473,101.1781,101.1187,98.3107,101.1781,101.1187,100.4092,100.4191,100.4191,99.0051,101.1781,97.0000,100.7671,99.0202,94.0213,94.8683,91.8368,92.0869,89.8888,87.9830,82.8553,78.2624,77.4145,75.5844,73.4098,69.2892,68.6222,66.8506,68.9638,61.1310,61.8466,63.1506,58.8558,0.0000,0.0000,0.0000,0.0000,0.0000,0.0000,0.0000,0.0000,0.0000,0.0000,0.0000,0.0000
1700000001.950000,-60.8,100.1699,99.6243,97.4166,98.0306,95.5196,93.0484,93.6376,94.5780,93.7763,89.8999,94.3716,98.8838,97.9490,97.1288,94.4140,94.8947,93.8136,94.6678,96.2549,98.4784,95.3834,93.4933,93.4933,92.9139,96.5194,92.0869,96.7988,94.8736,92.3580,92.1141,87.8180,89.5545,90.9175,90.7855,89.0056,87.3212,84.6936,80.1124,78.9240,76.3217,71.1688,70.8378,74.3303,64.2884,65.5210,65.2533,61.6604,61.9839,57.5587,58.3095,56.2228,54.0093,0.0000,0.0000,0.0000,0.0000,0.0000,0.0000,0.0000,0.0000,0.0000,0.0000,0.0000,0.0000
1700000002.000000,-57.5,100.9604,102.8397,103.9423,101.2028,98.3107,99.6092,98.3260,93.1933,96.1301,99.2472,97.0824,98.0459,97.0464,99.0202,98.0051,100.0050,100.0200,98.0816,97.0464,100.1798,97.0464,100.2447,97.0824,99.1816,99.1816,97.1854,98.1835,98.0204,96.0833,97.1288,95.0053,96.0208,97.0206,93.1933,90.0888,89.5600,87.8237,85.9884,80.4114,79.0759,76.6877,73.0069,73.4983,73.0821,64.2884,68.3081,65.1460,65.1920,63.1585,59.0931,60.4152,56.8595,0.0000,0.0000,0.0000,0.0000,0.0000,0.0000,0.0000,0.0000,0.0000,0.0000,0.0000,0.0000
1700000002.050000,-57.5,101.9657,103.3538,101.0198,103.2473,97.6371,97.6524,98.6002,97.4526,98.8585,95.6033,98.8585,100.1249,99.2472,100.5684,101.3163,96.8969,97.5910,93.3488,99.7647,99.0858,96.2601,99.1564,97.6217,97.7446,99.1564,96.8762,99.2472,96.1665,97.6217,96.2081,94.7523,92.6337,96.2081,91.3510,90.5538,84.5044,83.2406,81.6884,82.9277,81.0247,77.9359,75.4718,73.5731,70.3278,65.0000,63.6318,66.6483,62.6099,61.3270,61.0983,60.4401,55.1090,0.0000,0.0000,0.0000,0.0000,0.0000,0.0000,0.0000,0.0000,0.0000,0.0000,0.0000,0.0000
1700000002.100000,-60.3,105.6030,103.3683,105.0952,103.7545,101.5332,98.0051,101.2126,100.3444,100.7224,102.9029,104.0433,99.4032,100.0000,96.8298,103.2279,101.8283,102.9417,97.6166,100.7671,98.0816,102.3035,101.2126,100.7671,101.8627,101.9804,100.7671,100.6578,102.1763,100.6578,99.4887,96.6075,100.6032,101.2571,94.5780,93.1933,92.1141,87.6641,87.9830,85.0882,84.0773,80.0562,76.4788,72.9178,73.9256,72.4500,64.5136,65.0000,63.8905,64.2884,60.6383,62.5859,59.4138,0.0000,0.0000,0.0000,0.0000,0.0000,0.0000,0.0000,0.0000,0.0000,0.0000,0.0000,0.0000
1700000002.150000,-61.0,105.5509,103.4795,102.8251,103.0776,100.8960,100.8960,101.0445,98.0051,96.6075,95.1893,101.0198,99.8499,100.7224,98.4124,99.7647,100.3444,99.7647,97.9490,98.3870,97.5295,96.3846,97.5295,97.0618,99.4032,97.9490,101.5529,101.0742,98.6154,98.4124,97.4936,93.8136,98.4784,97.0979,92.9139,92.9139,92.0054,88.7525,84.8116,85.9128,77.8332,79.2465,75.0067,74.2496,69.3542,68.6804,68.8840,63.8905,65.2150,63.4114,60.7454,59.1693,59.0593,0.0000,0.0000,0.0000,0.0000,0.0000,0.0000,0.0000,0.0000,0.0000,0.0000,0.0000,0.0000
1700000002.200000,-56.9,102.9272,102.6255,101.7890,94.8683,96.5194,97.6524,97.4526,99.0202,95.6033,98.5951,97.6217,98.9949,97.6217,100.4490,97.5807,96.8969,95.5249,94.1116,94.7945,97.6217,95.4620,99.7046,97.0824,98.5951,100.7671,97.1854,97.6217,97.5910,95.5249,97.6217,94.0479,97.0824,96.4261,88.2383,87.6185,90.2718,87.8009,84.3149,82.3772,79.0759,78.3901,72.2011,75.5910,71.1196,66.7083,64.0781,62.3939,62.0322,61.6847,61.3514,59.4811,56.0892,0.0000,0.0000,0.0000,0.0000,0.0000,0.0000,0.0000,0.0000,0.0000,0.0000,0.0000,0.0000
1700000002.250000,-64.5,102.6158,98.7168,102.1763,100.4988,98.9949,99.7647,94.7629,95.7758,100.0050,96.4261,99.9050,99.3579,100.2646,96.0208,99.4032,99.8649,98.4733,96.8349,99.0202,99.1262,97.0979,96.8969,92.2822,96.2549,102.0833,100.4988,97.5295,95.9635,99.9850,97.6371,98.1835,99.5691,89.8721,90.4434,88.0057,90.4268,85.1469,88.5268,81.3449,77.8332,79.2086,72.8354,73.5391,71.4493,67.2086,66.0681,64.6607,61.0737,58.6003,60.2163,60.9016,59.9333,0.0000,0.0000,0.0000,0.0000,0.0000,0.0000,0.0000,0.0000,0.0000,0.0000,0.0000,0.0000
1700000002.300000,-63.5,103.7882,106.5129,102.6937,104.6948,103.8171,98.4327,99.9300,100.5783,100.2846,103.1601,99.4636,100.4390,104.9238,98.4784,98.8433,104.0865,99.1413,100.8415,100.7174,101.1187,99.4636,100.3195,97.6217,99.3227,98.6154,102.7035,102.4890,101.1187,102.7035,100.6032,97.0155,99.8248,97.4936,99.0404,93.9415,91.4440,89.2693,87.9318,83.2406,81.9329,76.5506,75.3923,72.6154,72.4983,70.5762,66.2118,63.0635,65.7419,64.0078,60.9016,60.7454,58.8218,0.0000,0.0000,0.0000,0.0000,0.0000,0.0000,0.0000,0.0000,0.0000,0.0000,0.0000,0.0000
1700000002.350000,-64.8,102.6158,102.6158,104.9952,100.2447,97.4064,97.3088,99.1615,101.2373,96.6644,98.4886,102.5524,101.5332,97.9490,99.2824,99.7647,97.9490,97.1288,99.7647,98.1835,98.8838,98.9798,101.2126,96.5660,98.4784,97.4166,99.1262,96.0417,97.1288,99.7647,98.4124,97.4936,94.8103,94.8472,90.8735,93.0484,89.3196,90.1388,84.1190,81.0432,82.0000,78.3390,77.1298,74.5252,71.5891,67.7422,64.4981,64.3817,62.2896,62.1289,61.0000,63.0079,57.2189,0.0000,0.0000,0.0000,0.0000,0.0000,0.0000,0.0000,0.0000,0.0000,0.0000,0.0000,0.0000
1700000002.400000,-63.6,102.1763,99.0202,101.0445,99.8098,96.6075,94.3027,95.1315,93.7443,94.3027,96.8969,97.1288,97.5295,97.5295,96.6023,94.8262,97.0464,95.2733,96.6075,96.6075,96.1769,96.1509,96.1509,96.6075,95.8541,97.0824,95.7549,95.7079,96.6075,95.2575,96.1509,92.7847,93.8136,92.1141,90.9725,89.3085,89.3085,85.4459,82.0061,79.5110,76.5768,76.4199,72.1803,72.1249,67.1789,65.1920,63.0317,62.4820,62.0081,61.4003,57.4282,55.4707,55.9017,0.0000,0.0000,0.0000,0.0000,0.0000,0.0000,0.0000,0.0000,0.0000,0.0000,0.0000,0.0000
1700000002.450000,-60.7,104.2785,102.0441,99.9250,100.4639,104.0625,100.5684,99.2975,96.7678,98.7623,100.1699,100.4390,97.7446,99.0404,100.2846,98.3107,102.5914,99.6092,98.0051,99.8499,100.6032,95.8853,99.2975,100.4988,99.0808,99.6092,100.6032,101.4002,97.4166,98.3260,99.2472,99.9850,96.3379,94.5410,94.3663,91.4440,89.8220,87.5557,88.6002,83.8153,80.0062,80.3617,76.2430,74.3303,69.4622,69.4622,63.5610,63.9766,65.3070,60.9016,60.5392,60.7454,55.2178,0.0000,0.0000,0.0000,0.0000,0.0000,0.0000,0.0000,0.0000,0.0000,0.0000,0.0000,0.0000
1700000002.500000,-61.8,109.0413,103.4698,108.2266,100.2098,107.2986,102.9417,100.0050,102.7278,105.4182,101.1187,102.5524,104.0625,104.1393,103.4795,100.4988,106.8270,99.6394,102.1763,101.0445,103.6002,100.7671,101.0445,99.0202,101.4002,103.6002,104.4031,100.0000,103.0049,99.2018,103.2279,98.7168,102.8251,99.1564,92.0217,94.7629,92.0217,91.9674,86.2786,86.5563,82.3286,84.2912,77.9872,76.2758,73.2393,69.6563,69.6348,68.6003,62.9682,65.8635,64.4127,59.5399,57.7754,0.0000,0.0000,0.0000,0.0000,0.0000,0.0000,0.0000,0.0000,0.0000,0.0000,0.0000,0.0000
1700000002.550000,-61.5,103.0194,99.1262,98.1835,99.1262,95.0842,93.3435,95.8853,95.1893,96.1769,91.9837,93.9415,96.5401,100.1699,97.2934,96.7729,96.5660,94.2550,93.4077,97.1236,94.6414,94.8314,98.7623,95.2103,96.7678,95.8801,97.1236,95.8801,97.5295,95.6033,91.9239,91.4440,91.0055,93.5575,85.5862,89.5600,87.1321,86.5794,82.6075,78.0577,80.0250,78.0064,70.0071,70.0643,68.1175,66.2722,63.1981,59.8415,61.6604,58.6941,58.0517,56.0892,56.3205,0.0000,0.0000,0.0000,0.0000,0.0000,0.0000,0.0000,0.0000,0.0000,0.0000,0.0000,0.0000
1700000002.600000,-59.9,106.6771,104.5610,104.3072,105.6882,104.6231,103.8123,100.0000,98.8585,102.0049,102.3035,103.3925,103.2763,103.3247,102.5524,98.2904,100.4191,100.4191,98.9949,99.7246,102.5524,102.5524,103.2473,100.4988,102.7278,102.7278,101.2373,102.5914,98.2904,101.8234,100.4191,96.2081,98.4937,95.9010,94.6414,94.4034,93.6002,88.8144,89.8721,85.4400,81.3019,78.5493,76.4853,73.8241,71.5891,71.5891,63.5610,67.2309,62.6259,63.3246,62.3618,62.8172,59.4138,0.0000,0.0000,0.0000,0.0000,0.0000,0.0000,0.0000,0.0000,0.0000,0.0000,0.0000,0.0000
1700000002.650000,-59.5,100.5684,105.1095,102.5524,99.3680,93.9415,98.4124,98.4124,96.6488,95.8801,96.8969,98.4784,99.6444,96.7988,100.9554,99.0454,98.0051,98.2344,94.8683,99.0202,98.8585,97.2008,98.4073,94.8103,95.0158,97.9490,96.0469,99.4887,97.3088,95.9010,92.3147,95.6033,96.6075,95.2103,90.1388,92.4392,89.8888,87.1321,83.3547,85.5862,81.0062,76.9675,74.7061,72.4983,67.7791,69.2892,64.8460,62.9365,62.0967,62.8172,58.6941,58.4637,58.3095,0.0000,0.0000,0.0000,0.0000,0.0000,0.0000,0.0000,0.0000,0.0000,0.0000,0.0000,0.0000
1700000002.700000,-62.5,105.0952,101.5332,100.6479,101.5972,98.9798,100.7025,95.9635,98.2293,97.4166,95.9010,98.7168,94.1754,102.0686,98.3107,97.1854,98.3107,97.5807,96.8762,96.2081,97.5807,98.2904,98.2904,95.6713,98.0816,99.1564,100.4988,98.4937,99.0353,96.2601,99.1564,94.0479,95.4620,94.9210,92.0978,89.3756,90.6090,89.4986,86.4523,81.6884,81.6088,77.8010,72.6705,74.8866,69.0652,68.6003,65.2993,64.4981,63.0635,63.5610,57.2713,56.8595,55.3624,0.0000,0.0000,0.0000,0.0000,0.0000,0.0000,0.0000,0.0000,0.0000,0.0000,0.0000,0.0000
1700000002.750000,-65.2,109.2886,108.7244,110.4536,107.5407,105.1903,101.7104,105.5509,102.4207,101.6366,102.9563,104.5466,106.4049,103.0776,101.2423,104.6757,105.9481,101.9215,102.4890,103.4456,101.9215,102.8834,100.6876,105.5130,104.0481,102.1078,98.4937,105.9906,104.2929,101.3903,103.8460,99.2975,98.0306,98.6813,99.6243,96.7988,91.7606,92.6121,86.8159,88.5664,82.7647,79.6053,77.8267,81.1234,74.0945,71.5612,72.1110,66.4003,67.6240,63.7024,64.3506,63.6396,60.2080,0.0000,0.0000,0.0000,0.0000,0.0000,0.0000,0.0000,0.0000,0.0000,0.0000,0.0000,0.0000
1700000002.800000,-59.9,102.8834,100.1798,101.5185,103.3102,100.7224,97.5295,93.6483,95.1315,99.5691,95.1315,96.0208,98.8130,101.2126,98.0051,97.8008,96.6747,101.0445,95.4254,99.2472,95.7758,98.5951,99.2472,97.7446,98.3107,98.2904,94.7945,97.8366,96.6747,95.9010,97.4526,95.2103,97.2008,93.8136,91.8096,92.3580,90.9725,88.6848,82.4924,81.8413,79.1581,74.7329,74.4648,73.6817,72.6154,67.0671,64.8460,64.8460,63.0635,60.8769,60.4152,60.0167,56.0803,0.0000,0.0000,0.0000,0.0000,0.0000,0.0000,0.0000,0.0000,0.0000,0.0000,0.0000,0.0000
1700000002.850000,-62.8,106.0660,101.4347,102.8251,98.9949,97.2523,97.1288,99.0000,93.0054,96.0208,98.0816,97.1288,99.1816,102.3132,97.5141,99.5038,102.9563,96.8762,97.8673,96.0260,96.1769,99.1413,95.8853,95.3520,95.3520,97.3242,95.5249,95.9010,97.1648,93.2148,94.2019,93.6483,98.7320,94.5304,89.2749,90.1998,88.0227,85.0235,81.0000,84.0952,77.0260,79.1012,74.1687,75.3260,68.7314,66.7533,65.7647,63.9531,61.9839,63.5610,59.9083,58.5235,56.3028,0.0000,0.0000,0.0000,0.0000,0.0000,0.0000,0.0000,0.0000,0.0000,0.0000,0.0000,0.0000
1700000002.900000,-62.8,109.7315,111.3283,109.8954,106.3203,103.8460,98.2344,100.8067,98.8433,104.2353,104.0865,102.9563,102.3132,102.2399,104.3072,99.7246,103.1746,100.0800,99.2472,100.0200,102.1225,102.0441,102.0196,99.0202,102.0196,106.0000,103.0194,105.0048,102.0049,98.0051,104.0769,96.1301,100.1798,98.2497,94.3398,94.5304,95.5249,87.8237,85.9884,89.2693,85.1469,79.8311,77.6209,75.0000,70.0928,70.6045,68.3081,68.3081,64.0781,65.3911,61.8466,63.5295,59.1693,0.0000,0.0000,0.0000,0.0000,0.0000,0.0000,0.0000,0.0000,0.0000,0.0000,0.0000,0.0000
1700000002.950000,-63.7,100.4988,100.7025,99.2975,97.3499,96.0208,94.0479,92.8009,90.4268,99.4887,94.0213,93.6056,92.8493,97.6217,94.8472,96.9381,95.4620,94.0691,92.6337,94.1754,96.1665,94.0479,96.8762,93.3488,96.9381,96.8969,97.6217,96.1769,94.0479,94.7629,92.6553,92.7631,95.1315,90.7855,89.6437,91.4002,86.2149,83.4865,82.0975,78.3901,77.8974,76.6616,73.8241,70.7107,67.6240,63.9766,61.3270,61.3514,60.7289,59.2030,58.6941,57.7235,57.5587,0.0000,0.0000,0.0000,0.0000,0.0000,0.0000,0.0000,0.0000,0.0000,0.0000,0.0000,0.0000
1700000003.000000,-64.2,109.4166,105.6220,104.1777,104.3887,103.4698,99.9250,101.9804,100.1848,100.2397,99.6444,101.3558,104.3072,101.7890,103.4698,102.9029,102.3426,104.8618,103.2279,99.2018,104.4031,100.8018,103.8123,97.8008,100.7671,102.3035,97.4526,100.4241,99.0202,99.8098,100.0000,96.8349,97.6524,100.7025,93.8136,99.3630,93.1504,92.2822,89.4427,84.0773,81.8596,82.8553,75.2396,76.1577,70.2282,69.2604,67.4166,66.0984,63.0635,61.6117,61.1882,62.9682,58.4209,0.0000,0.0000,0.0000,0.0000,0.0000,0.0000,0.0000,0.0000,0.0000,0.0000,0.0000,0.0000
1700000003.050000,-62.1,102.4744,98.4124,102.8591,98.8838,101.5185,97.9898,99.4032,96.7729,95.2733,98.4327,104.0433,97.1236,98.6712,96.5660,98.0306,100.4241,97.5295,99.4636,100.2247,101.3903,96.7729,98.2344,98.4937,98.6560,101.0000,96.6902,97.7446,97.2934,94.7259,97.1236,98.3717,95.5092,96.7678,92.3472,90.4765,91.4166,88.9550,84.5813,81.0247,79.1770,75.5844,74.7061,78.2304,69.6419,67.9559,66.0303,61.0328,65.0000,60.4401,60.9590,58.0517,54.4885,0.0000,0.0000,0.0000,0.0000,0.0000,0.0000,0.0000,0.0000,0.0000,0.0000,0.0000,0.0000
1700000003.100000,-65.1,102.7278,105.1523,99.3227,102.7278,96.5194,100.0000,96.4002,94.9210,96.6747,96.9381,98.3107,101.8627,101.1781,98.3107,101.8627,98.3514,98.3107,94.1754,101.4150,100.6578,101.3163,97.1854,95.9010,96.8298,97.4526,97.3088,98.2344,94.9210,100.6578,95.2680,99.1564,97.6729,94.7523,94.7629,89.8721,87.6926,87.1149,86.5563,82.6196,81.0555,75.4520,79.6304,72.1110,72.4017,69.3397,67.6018,66.0379,65.7647,59.5399,62.2415,57.7754,59.4811,0.0000,0.0000,0.0000,0.0000,0.0000,0.0000,0.0000,0.0000,0.0000,0.0000,0.0000,0.0000
1700000003.150000,-62.3,110.9099,102.9563,102.5524,101.7693,101.9510,95.2733,98.0816,99.6243,99.3277,105.0190,100.4241,102.3572,101.6366,101.9804,98.0612,105.3803,99.2975,103.7545,96.8762,98.9949,98.8433,99.8248,97.8673,99.7246,100.1299,100.1299,100.7174,101.1187,100.8067,101.7890,96.8814,97.2934,98.2344,92.1792,96.3016,92.3472,87.0919,84.1190,84.8646,78.3901,81.1542,75.5844,75.1332,68.4251,67.5352,65.8635,65.5134,66.8880,63.8201,61.8547,58.7963,58.7963,0.0000,0.0000,0.0000,0.0000,0.0000,0.0000,0.0000,0.0000,0.0000,0.0000,0.0000,0.0000
1700000003.200000,-62.0,104.1393,102.5914,102.5914,101.9657,97.8673,94.5304,99.4082,97.2523,99.3227,97.1288,94.0053,98.0459,99.0454,101.0198,103.0049,97.0464,98.1275,97.0206,99.0808,100.0800,97.1288,101.0445,95.1893,95.6347,97.2523,99.2472,98.1835,100.0000,95.0474,95.0474,94.0053,99.1816,95.1893,93.3435,93.5361,89.2749,87.4643,84.0119,84.1724,82.0000,79.0759,74.9533,75.6902,71.1688,69.5701,65.7875,64.5136,63.5610,62.6498,59.9333,58.1808,57.8014,0.0000,0.0000,0.0000,0.0000,0.0000,0.0000,0.0000,0.0000,0.0000,0.0000,0.0000,0.0000
1700000003.250000,-64.0,107.4151,104.0096,99.0202,100.1699,98.9798,97.0618,96.6023,93.0215,96.6023,97.1700,99.0202,99.1615,99.1615,99.6243,98.3514,98.3514,98.3514,94.8683,99.0404,97.8008,100.9604,98.0816,95.6033,100.1699,101.6514,98.2344,101.1385,96.1665,97.4166,94.9210,99.6243,94.8683,95.2733,93.3006,92.7038,88.3912,87.4643,84.5340,81.4371,80.6226,77.0260,77.5242,73.5731,69.6419,67.9559,64.4050,62.8013,64.0312,59.6657,58.0000,58.7282,57.3847,0.0000,0.0000,0.0000,0.0000,0.0000,0.0000,0.0000,0.0000,0.0000,0.0000,0.0000,0.0000
1700000003.300000,-60.6,103.3102,103.8171,102.9563,105.0762,100.8415,100.1299,96.3379,98.4886,97.0155,98.4937,100.5684,103.1601,104.1777,101.2423,99.9300,99.3680,101.7693,100.0900,100.3195,100.8464,101.2423,100.3195,97.5756,98.8989,101.5529,100.3195,100.3195,100.3195,101.2373,96.3846,100.3045,99.3680,98.9798,94.5569,94.5569,91.4822,89.2861,83.9345,86.5852,81.2527,78.4474,79.0759,75.6637,71.7008,70.4557,69.1158,65.0308,66.0303,62.0725,61.0000,60.2080,58.4209,0.0000,0.0000,0.0000,0.0000,0.0000,0.0000,0.0000,0.0000,0.0000,0.0000,0.0000,0.0000
1700000003.350000,-63.4,103.5857,98.8433,99.6394,95.7079,96.0260,92.9139,93.4345,90.1998,90.2718,90.1998,93.0484,95.0842,95.0000,95.0053,92.0054,98.0459,91.1976,95.1893,93.3435,92.2659,94.1329,92.1358,93.2631,91.6624,94.1913,92.2659,94.4299,94.3398,93.1343,94.2603,92.1358,93.0484,90.0056,91.0055,89.0505,88.0511,83.2166,83.2166,80.7527,76.1183,74.5453,70.5762,74.5252,65.5134,64.5368,60.6383,59.2030,60.4401,57.2451,58.3095,55.9464,52.4786,0.0000,0.0000,0.0000,0.0000,0.0000,0.0000,0.0000,0.0000,0.0000,0.0000,0.0000,0.0000
1700000003.400000,-57.6,106.4378,97.5295,102.4597,96.6075,101.1336,93.5201,96.2081,95.2733,95.5196,97.7190,98.3717,97.5295,98.9545,96.7729,95.3415,99.2472,96.3379,97.8621,98.3107,98.1529,93.5575,97.0155,97.3242,95.8853,96.1769,94.3663,96.0260,101.0000,95.3520,96.3379,91.9837,94.5939,94.8314,90.2497,91.2140,90.2497,88.8876,84.5044,82.6378,77.0779,73.9256,73.9256,72.4983,71.1196,66.6483,64.4981,61.4003,61.9112,61.0574,61.0328,57.3847,59.4643,0.0000,0.0000,0.0000,0.0000,0.0000,0.0000,0.0000,0.0000,0.0000,0.0000,0.0000,0.0000
1700000003.450000,-61.7,103.1213,105.2331,100.2447,100.4042,95.3363,97.6217,95.1893,95.7079,94.7259,93.3916,98.2344,97.5295,98.0816,97.8008,98.4937,98.3514,98.9798,97.1236,98.9798,97.7394,95.2103,98.9798,93.3006,98.2344,93.0484,97.1442,97.4987,95.1893,96.7988,92.6984,94.9210,93.0054,93.9628,91.4440,90.2441,84.6463,84.9294,83.5464,81.7435,79.7621,77.3175,75.3260,74.3303,68.0661,67.0075,64.0078,63.0079,64.0312,61.1310,61.2944,56.2228,57.7062,0.0000,0.0000,0.0000,0.0000,0.0000,0.0000,0.0000,0.0000,0.0000,0.0000,0.0000,0.0000
1700000003.500000,-63.7,108.7566,102.7278,104.4462,100.8464,103.4456,97.5295,97.0464,99.5389,98.8989,101.0198,99.9250,103.0922,103.0922,99.3277,103.4070,102.7862,99.4585,100.4241,99.6895,98.4937,98.9545,99.4636,99.4636,100.0200,100.0200,100.4390,100.4390,101.1385,96.5401,101.1385,97.5295,98.0306,98.0306,91.4166,90.8240,90.4765,88.2553,85.2350,85.6154,80.0562,79.6492,77.4145,73.0616,67.2309,68.5055,66.0303,66.0303,63.6003,64.0312,62.6259,61.7171,58.6941,0.0000,0.0000,0.0000,0.0000,0.0000,0.0000,0.0000,0.0000,0.0000,0.0000,0.0000,0.0000
1700000003.550000,-61.9,102.1812,101.1187,99.8499,100.6231,95.6347,94.5304,92.2659,95.0842,97.0464,94.0000,97.0206,97.0000,94.1329,94.0000,94.0213,94.0851,95.1893,92.1358,94.2603,95.5249,94.3398,92.6553,92.1954,94.5304,95.4254,95.2575,94.3398,94.0851,97.1854,92.0217,93.0215,93.0000,93.0054,90.0222,92.0489,85.2115,83.6002,81.7435,78.2624,77.6660,74.3303,72.3671,70.8308,68.8840,65.8027,65.5210,64.5136,64.5136,59.6154,58.6003,56.7979,56.4358,0.0000,0.0000,0.0000,0.0000,0.0000,0.0000,0.0000,0.0000,0.0000,0.0000,0.0000,0.0000
1700000003.600000,-61.9,98.8433,102.4597,98.4124,99.2824,96.8969,93.1504,93.6483,93.6483,93.8136,94.3027,94.6414,93.8616,96.5401,96.5401,100.7671,94.1754,95.9010,89.3756,96.2601,96.4261,95.6033,97.7446,89.8721,97.5807,94.7629,94.7945,96.2601,94.7629,96.2081,90.0278,93.6056,94.8103,89.6270,86.6083,86.2670,82.0975,84.2021,79.9250,78.5493,76.5376,74.7061,72.4707,70.6612,69.3542,68.5420,63.3246,63.1585,59.8080,56.9210,58.5235,54.5711,57.8705,0.0000,0.0000,0.0000,0.0000,0.0000,0.0000,0.0000,0.0000,0.0000,0.0000,0.0000,0.0000
1700000003.650000,-62.6,109.0046,109.0413,103.0776,104.1201,104.2353,102.3132,99.8499,102.9563,104.9381,95.9010,101.0000,99.9250,103.1601,103.4456,104.5610,100.5783,101.8676,100.6628,100.8811,103.0922,103.7401,99.6243,97.7190,101.9510,102.8834,102.1421,101.8430,103.4456,103.0922,96.5660,97.5295,97.2677,100.1699,96.3172,95.3520,92.1954,89.4427,87.9659,85.5862,85.2878,79.1581,77.1038,74.0608,71.0070,70.0071,68.0074,68.0074,66.2722,61.2944,60.8276,62.3939,59.4390,0.0000,0.0000,0.0000,0.0000,0.0000,0.0000,0.0000,0.0000,0.0000,0.0000,0.0000,0.0000
1700000003.700000,-65.4,100.3195,102.4890,97.1854,99.1816,96.0000,95.0474,96.0000,94.0479,96.0833,95.5249,98.7320,93.9042,95.3520,94.2019,98.3107,98.4784,98.0612,97.4936,98.4886,95.3415,99.0404,96.5660,92.8924,97.1236,95.6033,97.5295,98.2344,95.5667,95.3415,96.3172,96.1041,96.1041,94.3663,92.6553,92.9139,90.3549,85.2878,84.1487,79.1581,80.0000,76.0000,72.0069,72.1110,69.0290,67.1193,63.3877,63.1981,60.8276,60.8276,59.2284,58.4637,56.6127,0.0000,0.0000,0.0000,0.0000,0.0000,0.0000,0.0000,0.0000,0.0000,0.0000,0.0000,0.0000
1700000003.750000,-63.4,103.2473,101.1187,98.7320,100.8415,95.3363,97.2523,97.0824,95.1315,95.0474,93.0000,97.0464,97.1288,96.2549,96.3328,97.1288,95.5249,97.5141,93.6483,98.7320,95.5249,94.5304,95.6347,94.6414,95.3520,96.1769,95.0368,96.8762,93.7710,96.6282,93.6483,96.2549,95.0842,92.0869,90.0222,88.0000,86.0058,87.0057,83.0542,80.0999,79.3095,75.4255,75.6637,69.8713,70.8590,67.2681,61.3922,63.0635,61.4003,58.2409,59.2030,57.5847,55.5428,0.0000,0.0000,0.0000,0.0000,0.0000,0.0000,0.0000,0.0000,0.0000,0.0000,0.0000,0.0000
1700000003.800000,-61.4,99.9300,99.9300,98.0816,99.2975,96.5660,96.2549,93.1075,91.6788,96.1769,94.8947,98.0051,95.5249,97.4166,100.1699,98.4784,96.5194,95.1315,92.3580,95.6922,95.4411,92.6553,94.8683,95.0000,94.8103,96.4002,93.4077,94.6414,94.8683,94.0479,94.6256,92.3580,92.6499,94.6678,87.8180,89.5545,82.4924,81.8413,78.7210,78.2943,81.9390,74.0945,72.2357,73.3894,67.0671,66.4078,64.8460,64.0312,63.5610,58.6941,58.8558,57.4282,59.1354,0.0000,0.0000,0.0000,0.0000,0.0000,0.0000,0.0000,0.0000,0.0000,0.0000,0.0000,0.0000
1700000003.850000,-61.1,102.2595,102.9563,95.8853,98.9949,97.5141,98.3260,93.4345,95.0842,94.1329,90.0222,94.0213,97.1288,98.0816,95.4254,95.1893,97.1288,97.2523,89.2749,95.6347,97.2523,95.1315,93.2631,92.2659,94.2019,96.0260,95.5249,99.3227,92.3472,95.1893,91.4440,94.0479,92.0217,90.0888,86.0523,88.0909,85.2115,87.0230,82.2982,80.3990,79.7621,72.3671,73.8241,68.4471,72.0347,63.6003,66.0984,65.1460,59.8080,57.3847,60.1664,58.3095,59.0593,0.0000,0.0000,0.0000,0.0000,0.0000,0.0000,0.0000,0.0000,0.0000,0.0000,0.0000,0.0000
1700000003.900000,-60.0,107.7033,102.5768,99.5691,103.4650,96.7988,97.2008,99.0454,96.0208,95.2103,97.3088,97.5910,95.4620,99.0051,99.7046,99.0051,99.0051,96.2081,97.5807,96.9381,97.5910,98.3107,98.2904,94.1116,99.4887,95.5877,98.4124,96.2601,98.4124,99.7647,97.5807,96.1769,94.7945,95.5877,90.0278,87.9659,87.1149,85.7963,84.6463,81.2158,80.2122,76.0263,76.0066,74.0945,70.3278,68.4251,65.2993,65.7419,63.1585,61.7414,60.1664,56.6127,57.2800,0.0000,0.0000,0.0000,0.0000,0.0000,0.0000,0.0000,0.0000,0.0000,0.0000,0.0000,0.0000
1700000003.950000,-58.6,105.0190,100.0000,103.4456,100.0000,99.2975,97.7394,98.0816,95.6347,96.7729,96.6644,100.1848,98.3870,98.4124,99.3630,97.5295,98.6154,96.3846,97.2471,95.7183,99.1262,97.1288,97.7548,97.9439,98.4733,95.4149,97.9439,97.9439,99.6444,95.1893,95.7183,93.6483,94.8262,94.3663,92.1358,91.7061,89.4707,85.4927,83.9345,81.3449,79.3788,78.7464,73.3757,73.0821,68.8840,67.9117,63.1506,64.3273,62.5140,61.5224,58.3095,57.0789,58.0086,0.0000,0.0000,0.0000,0.0000,0.0000,0.0000,0.0000,0.0000,0.0000,0.0000,0.0000,0.0000
1700000004.000000,-58.8,105.3233,105.2616,103.3247,97.5141,97.1236,97.7190,98.9798,97.7394,97.7394,98.2344,99.4032,99.1615,99.9250,97.9898,98.4124,100.6231,98.4124,99.8499,95.7131,99.7647,99.2975,99.7647,95.3834,95.1893,96.8969,98.1122,98.9798,97.9490,99.2975,97.4936,94.8472,95.2733,96.6644,92.1141,91.7606,93.0484,85.4400,84.7703,81.9085,79.8123,78.8480,72.8011,75.1864,69.6348,68.4471,65.9242,66.2722,67.3647,65.1920,61.0082,63.0079,57.0351,0.0000,0.0000,0.0000,0.0000,0.0000,0.0000,0.0000,0.0000,0.0000,0.0000,0.0000,0.0000
1700000004.050000,-61.1,105.7213,100.8067,101.4347,104.3935,96.0260,99.7246,97.6217,97.1854,95.1893,94.0851,96.0000,97.0000,98.0051,99.0000,103.0194,97.1854,98.0459,90.0500,100.1249,97.1288,98.0816,96.2549,94.2603,95.5249,98.3260,97.5141,99.2472,96.0833,100.2447,94.0213,98.0000,96.0469,95.0210,92.1358,93.0484,87.1436,89.3588,83.2947,83.2947,82.5651,76.4853,76.4853,70.6116,72.0347,70.6045,66.4078,64.1950,62.9365,59.4643,62.7694,57.6975,58.6686,0.0000,0.0000,0.0000,0.0000,0.0000,0.0000,0.0000,0.0000,0.0000,0.0000,0.0000,0.0000
1700000004.100000,-60.7,106.3673,104.0865,106.9205,104.8093,102.5914,97.2523,100.1249,98.0204,97.0464,97.0464,100.0200,100.1249,100.1798,100.2447,99.1262,99.5038,97.5141,102.5914,97.5141,102.5914,99.5038,96.7471,98.0051,100.8067,103.0970,98.1529,99.1413,99.8499,96.7471,99.6092,98.5089,96.3328,99.1816,93.0215,90.0500,93.0054,89.0505,85.1469,83.2166,80.3057,80.3057,75.8024,74.9667,73.3485,68.8840,68.4471,64.5368,64.0312,64.8460,61.0328,60.7454,56.7979,0.0000,0.0000,0.0000,0.0000,0.0000,0.0000,0.0000,0.0000,0.0000,0.0000,0.0000,0.0000
1700000004.150000,-61.7,101.0000,100.6628,97.0155,99.9250,95.6033,94.2550,94.5569,93.9202,94.2444,93.7763,96.2549,96.2549,96.6644,97.5090,98.4124,96.6075,96.1509,93.0376,97.4936,96.1509,96.6075,97.9439,91.2414,98.6154,97.1288,96.6488,97.0464,95.7079,96.6075,93.5201,95.4620,93.9840,93.9840,92.3580,89.8443,87.6413,84.4808,82.9699,80.5233,79.4292,75.1332,75.9539,70.4557,69.3542,68.1836,63.0714,63.0714,62.0081,59.0000,59.0085,59.0762,57.4282,0.0000,0.0000,0.0000,0.0000,0.0000,0.0000,0.0000,0.0000,0.0000,0.0000,0.0000,0.0000
1700000004.200000,-61.0,103.5857,94.6414,101.4002,97.6166,100.8018,94.8683,99.3227,97.9439,95.1893,99.8499,97.1288,96.1509,100.1798,98.8433,93.4719,101.2373,92.8493,101.9510,90.8240,96.2081,93.7763,97.7394,99.3680,100.5684,98.0306,95.1893,98.3717,98.6813,95.2733,99.9600,91.0000,91.0000,97.5756,93.0376,88.1022,95.2575,87.6641,84.0773,80.7775,79.9250,79.0759,72.7186,75.1665,68.2422,66.4003,63.4114,62.4820,62.0081,63.1269,59.4138,59.4138,53.7587,0.0000,0.0000,0.0000,0.0000,0.0000,0.0000,0.0000,0.0000,0.0000,0.0000,0.0000,0.0000
1700000004.250000,-59.1,107.2054,103.8171,102.8834,103.4698,101.1336,102.9563,97.9898,98.8838,97.4936,98.9798,97.2471,99.3227,104.8475,101.5480,102.6499,99.6243,101.8332,100.6876,100.6032,98.2344,100.2098,99.6243,98.4073,100.6032,98.8585,100.8018,99.2018,99.4032,100.2098,101.5135,95.1315,96.2549,95.9635,93.8136,96.3846,93.4773,91.7061,86.3134,82.7647,83.2586,76.2168,75.6108,73.6817,69.8928,70.5195,69.2604,66.7308,65.2533,60.4152,62.1691,59.3043,60.1332,0.0000,0.0000,0.0000,0.0000,0.0000,0.0000,0.0000,0.0000,0.0000,0.0000,0.0000,0.0000
1700000004.300000,-62.2,107.2986,106.1697,104.0433,105.1190,102.0441,102.0000,100.1249,100.2447,99.7246,98.3260,100.3195,103.4843,102.9563,100.7174,101.4347,103.9423,101.4150,98.0612,101.6366,100.8960,99.6895,97.9847,97.5141,100.4390,101.9804,99.4636,98.7168,98.8433,100.2247,98.4886,100.8067,98.0051,95.8853,95.7549,93.9042,88.2780,90.1998,87.0057,86.0930,81.0555,78.0256,81.0987,75.1066,72.2496,69.2604,69.1158,66.3702,65.3758,62.9682,64.0312,61.4003,57.5847,0.0000,0.0000,0.0000,0.0000,0.0000,0.0000,0.0000,0.0000,0.0000,0.0000,0.0000,0.0000
1700000004.350000,-62.2,106.0000,102.9272,101.5972,97.5295,100.1848,95.2575,97.9898,94.4299,97.9898,96.5660,98.6813,98.0816,98.6712,98.3514,96.1353,102.2008,97.8008,94.8314,98.7623,95.8801,97.5295,97.5295,95.6033,99.0404,94.7259,95.3363,97.7446,96.5660,95.6033,97.5295,95.5092,96.7678,93.9840,91.5478,91.9239,87.8465,85.4927,84.1724,84.5813,79.6492,76.0263,77.4145,73.3553,72.7186,68.5055,65.1920,64.6375,64.6607,62.3699,59.6657,60.9590,59.4643,0.0000,0.0000,0.0000,0.0000,0.0000,0.0000,0.0000,0.0000,0.0000,0.0000,0.0000,0.0000
1700000004.400000,-62.2,102.9563,103.4070,99.0404,100.0200,99.2472,95.8019,100.0000,97.4166,94.2550,97.0824,97.7394,99.1615,99.5389,97.1700,99.5389,100.7224,97.9439,94.4299,97.0464,97.5090,96.6075,97.5090,94.3663,98.6154,97.9439,97.5295,95.2575,97.0824,97.0464,95.2733,94.7048,97.6934,91.5478,90.8240,91.0824,84.1190,86.6833,86.1278,80.7775,79.8311,76.4853,76.6877,72.1803,70.2140,68.0661,65.4905,66.2722,63.1981,60.0750,62.0725,57.0351,57.1402,0.0000,0.0000,0.0000,0.0000,0.0000,0.0000,0.0000,0.0000,0.0000,0.0000,0.0000,0.0000
1700000004.450000,-64.3,102.2399,99.7246,100.7174,97.5141,101.2719,94.9210,95.3415,96.8814,97.0155,99.2018,97.2677,97.4166,96.4624,96.4624,98.6712,99.0202,95.2733,94.2444,93.7763,96.2081,94.9210,100.0900,95.2733,97.0824,96.3846,99.1615,96.2549,101.2423,96.5660,99.3680,94.2444,95.1893,92.6553,87.6413,91.6788,91.4822,88.2950,85.1587,82.0366,78.3135,76.7919,74.8131,75.2396,70.1783,69.1158,67.0075,68.0000,62.0322,63.0000,60.1332,58.3095,54.5894,0.0000,0.0000,0.0000,0.0000,0.0000,0.0000,0.0000,0.0000,0.0000,0.0000,0.0000,0.0000
1700000004.500000,-64.8,106.0000,105.0428,107.0000,102.0049,103.1213,100.2447,97.5141,97.8673,99.9850,98.9949,100.4390,102.3914,101.1385,102.3572,100.4390,102.4890,99.0404,99.4585,97.4166,99.2975,99.9250,100.2846,101.1929,100.9009,101.8430,98.3514,100.5684,100.8811,101.1929,98.9798,98.4937,97.2677,98.7168,91.6788,94.9210,91.5915,89.6270,87.8237,84.3801,80.6226,79.6304,76.2365,77.0584,71.0070,71.0634,68.0074,67.0075,66.0303,63.1981,63.2851,61.4003,59.4390,0.0000,0.0000,0.0000,0.0000,0.0000,0.0000,0.0000,0.0000,0.0000,0.0000,0.0000,0.0000
1700000004.550000,-64.7,105.4751,104.5466,105.3091,100.4639,101.6366,96.1769,99.2824,96.1509,95.8801,97.7548,96.7988,99.0454,101.2571,100.2098,100.6876,101.4002,100.0000,99.4032,98.4073,97.8008,97.6524,98.4073,99.2018,100.7671,97.9490,98.4937,100.4241,96.8298,96.2133,100.4241,95.6922,95.6922,96.7988,92.4392,92.1792,92.2822,91.3017,87.2066,85.4225,81.4371,77.4726,75.6439,76.1577,73.0548,69.9214,68.0074,65.2533,63.7887,61.3922,60.4152,60.0167,60.1332,0.0000,0.0000,0.0000,0.0000,0.0000,0.0000,0.0000,0.0000,0.0000,0.0000,0.0000,0.0000
1700000004.600000,-64.5,109.0734,107.1681,101.0198,109.0413,100.0200,105.0428,99.0808,100.0800,101.4938,99.1413,103.0970,102.2595,103.7545,101.0000,103.5761,101.1385,104.1393,95.7079,104.0481,100.2247,101.6366,101.8676,96.0469,102.4890,100.4241,103.5809,102.1078,100.4241,103.8123,98.8433,101.2028,102.2595,96.3379,97.8673,98.6154,88.9550,91.5478,88.2043,88.0909,81.0062,79.0569,80.0999,73.0069,76.2365,71.4493,70.1783,65.2763,65.6201,61.2944,64.1327,60.0833,60.7289,0.0000,0.0000,0.0000,0.0000,0.0000,0.0000,0.0000,0.0000,0.0000,0.0000,0.0000,0.0000
1700000004.650000,-61.9,103.7401,99.0202,105.7733,98.4937,96.3016,97.2677,92.9624,93.5575,97.0824,95.6347,95.6347,97.4166,94.1913,97.1288,91.4440,99.0454,97.0464,98.1275,93.0215,98.0816,97.1854,93.0215,98.0204,97.0464,95.0053,98.0051,92.0054,99.0051,95.0053,97.2523,93.1343,92.2659,93.5361,90.6697,91.6624,90.6697,85.5862,81.3941,79.2465,74.9533,75.1864,70.3420,73.3757,67.4463,65.4599,62.6259,62.0322,62.6498,59.9333,59.4811,60.0333,55.2268,0.0000,0.0000,0.0000,0.0000,0.0000,0.0000,0.0000,0.0000,0.0000,0.0000,0.0000,0.0000
1700000004.700000,-62.6,106.5082,100.9554,103.2279,101.8332,100.8018,99.0202,99.0202,99.9050,98.4937,96.2601,98.9949,100.4092,98.9949,99.0051,97.6217,100.4988,100.6578,100.4988,97.9490,100.6578,100.6578,95.6713,98.2344,96.4002,98.4073,96.8298,98.0816,98.8585,97.4526,97.9490,94.7629,96.1665,89.8721,94.0691,91.2414,88.3912,89.9389,83.2406,83.6002,80.8022,78.6003,76.0263,72.4017,71.5612,67.2309,65.3682,66.2420,63.9531,64.4748,63.3246,61.4654,60.4401,0.0000,0.0000,0.0000,0.0000,0.0000,0.0000,0.0000,0.0000,0.0000,0.0000,0.0000,0.0000
1700000004.750000,-62.8,108.3420,109.0367,103.6967,104.6900,103.2376,100.0200,99.0051,102.0441,99.0454,99.0051,102.1225,103.3102,100.3195,100.1798,100.7174,102.9563,100.7174,96.8762,104.0865,100.4490,97.4936,101.7890,95.5249,101.2719,100.4490,100.0200,99.8248,97.3242,98.8585,100.2846,97.7394,98.6154,96.6282,96.3328,90.1388,88.1419,89.0000,86.0058,84.0238,84.0952,80.0562,79.1581,72.3395,72.4431,68.7314,67.3647,66.7533,63.9531,64.5368,62.3618,61.6847,61.3270,0.0000,0.0000,0.0000,0.0000,0.0000,0.0000,0.0000,0.0000,0.0000,0.0000,0.0000,0.0000
1700000004.800000,-62.9,108.1712,101.6366,103.7545,101.4150,103.4070,98.8585,98.0051,97.6217,98.2497,96.1301,100.0200,100.0050,98.0051,103.0049,99.0051,99.0454,96.1873,95.0474,100.0800,102.1763,96.0052,102.0784,99.3227,102.3132,99.3227,96.1873,100.3195,99.1262,98.1275,97.0464,97.0206,98.0204,96.0833,94.0213,92.1954,90.2718,85.3756,85.5862,85.7088,84.1724,78.6448,75.1332,75.5050,70.2140,64.0312,65.7875,63.0635,65.1920,60.7454,63.1585,59.9416,57.3062,0.0000,0.0000,0.0000,0.0000,0.0000,0.0000,0.0000,0.0000,0.0000,0.0000,0.0000,0.0000
1700000004.850000,-60.0,106.5082,102.6158,102.3035,103.0776,98.0816,99.1564,96.9381,98.2904,98.9949,100.4092,101.3163,97.4526,99.6394,99.4887,99.6394,103.6002,99.4032,98.6002,99.0454,98.2293,97.4166,98.2293,96.5194,100.4988,100.6876,99.0454,96.2549,100.9554,100.1249,94.3398,96.6075,95.2103,96.0469,94.3663,92.8009,87.7838,86.3134,88.4590,84.1487,79.2465,77.8332,79.9062,73.5935,70.8378,71.5052,66.8431,64.8151,64.2028,62.2013,61.8547,61.9112,56.3649,0.0000,0.0000,0.0000,0.0000,0.0000,0.0000,0.0000,0.0000,0.0000,0.0000,0.0000,0.0000
1700000004.900000,-63.9,108.4666,104.5610,102.2008,102.1078,102.4890,99.9300,101.1929,98.0816,103.8171,100.4639,99.9250,98.4124,101.9804,99.2824,101.5529,98.8838,99.3630,99.7647,100.8464,101.3558,99.3630,98.1122,98.4886,100.7025,99.4786,98.9798,100.3444,98.9798,97.5295,100.6479,95.2575,96.1769,97.6934,93.5201,93.4077,92.3580,91.4166,82.5651,84.2021,77.8845,78.8480,75.7100,76.9025,71.3863,67.8970,63.5059,65.3758,65.3758,65.1230,60.2080,61.0000,59.2115,0.0000,0.0000,0.0000,0.0000,0.0000,0.0000,0.0000,0.0000,0.0000,0.0000,0.0000,0.0000
1700000004.950000,-61.3,107.8564,107.8564,107.9676,107.9676,101.1385,99.6895,99.2472,96.1041,100.9752,97.8673,100.7174,102.7035,100.4988,102.1763,99.6092,100.1249,99.0808,100.1249,98.1275,100.0200,99.0454,99.0808,99.0051,100.0050,100.0200,102.0196,104.0048,99.0202,100.0450,99.0454,95.2575,97.5141,94.0479,92.9139,89.4427,88.9550,89.9444,87.3212,85.3756,78.5875,80.7775,74.4648,74.6324,72.7324,70.2282,69.6419,64.6220,64.4050,63.5059,60.9016,58.1808,59.6406,0.0000,0.0000,0.0000,0.0000,0.0000,0.0000,0.0000,0.0000,0.0000,0.0000,0.0000,0.0000
1700000005.000000,-61.9,102.9029,104.0096,101.2423,99.4786,97.1288,96.6023,94.4140,95.2575,98.3870,99.9250,99.5389,96.5660,99.3680,96.2081,93.9840,98.9798,96.7678,97.0824,97.4166,95.5092,93.6056,95.5092,97.4166,96.7729,97.5295,99.0404,99.6243,93.9628,95.5092,94.8683,95.8593,93.4077,97.6934,90.3770,90.3770,91.2414,86.7698,84.5340,81.9878,78.0320,78.8923,72.4017,75.1665,67.4240,69.4046,66.8431,66.4003,61.7171,60.8112,60.1082,59.3970,56.7274,0.0000,0.0000,0.0000,0.0000,0.0000,0.0000,0.0000,0.0000,0.0000,0.0000,0.0000,0.0000
1700000005.050000,-62.4,99.8248,102.3914,99.6895,97.0824,96.7729,98.2344,96.1665,96.1353,96.4624,93.4077,97.3088,96.2549,101.1336,97.9898,98.8989,98.3870,97.9439,95.7079,97.9490,98.3870,98.3870,97.5090,96.6023,96.8969,99.8499,97.5295,94.8947,98.8433,96.6075,96.6023,93.7763,93.7763,93.6376,91.7606,92.6553,88.2553,87.5957,85.7263,79.8123,80.7775,79.3095,76.1577,74.7329,70.2140,68.5930,63.1981,64.3817,63.1981,61.0737,61.0082,57.0088,56.4358,0.0000,0.0000,0.0000,0.0000,0.0000,0.0000,0.0000,0.0000,0.0000,0.0000,0.0000,0.0000
1700000005.100000,-61.3,109.2245,106.1697,103.2376,102.2399,98.2497,98.0051,99.2975,101.2028,99.4636,100.6628,102.8834,102.2008,98.4937,100.5783,100.9604,101.8332,103.0922,98.0816,95.1893,97.7394,102.4597,101.2423,101.0198,102.1567,100.0900,99.1615,101.2423,99.9300,99.0202,97.0824,96.4624,93.6803,96.0469,92.6499,94.3663,91.0055,89.4427,89.1067,84.7172,84.5931,78.2304,77.0584,78.1601,67.1193,69.0290,68.0074,66.0076,66.0303,63.0714,63.3877,60.5310,56.8858,0.0000,0.0000,0.0000,0.0000,0.0000,0.0000,0.0000,0.0000,0.0000,0.0000,0.0000,0.0000
1700000005.150000,-61.7,104.0048,101.1187,101.9804,97.1854,99.2472,91.8314,97.8008,93.4077,92.9139,92.0869,97.9439,95.1893,100.4988,97.1288,95.1893,97.1288,94.3663,95.7706,94.8103,95.7079,93.6483,96.6075,95.7079,96.2549,95.7079,96.6023,96.6075,99.2824,93.9415,95.7706,91.5860,96.3846,94.0319,90.9725,87.2009,88.8144,86.6083,81.4002,79.2023,80.1561,75.9276,74.4110,73.5391,68.5930,65.8559,64.4438,60.9590,59.4643,59.4054,58.6003,59.6406,54.3783,0.0000,0.0000,0.0000,0.0000,0.0000,0.0000,0.0000,0.0000,0.0000,0.0000,0.0000,0.0000
1700000005.200000,-64.5,102.6109,106.3015,103.9471,104.7378,99.8499,102.4890,95.1315,99.0808,94.0479,96.0000,102.0049,100.0800,100.0450,97.0464,100.1249,97.3293,97.6217,95.6347,100.4988,97.6217,100.8415,97.8673,93.9042,100.2846,98.8585,100.3195,97.1648,95.7549,98.7320,93.6483,99.5038,98.1275,99.1262,93.0860,92.0054,90.0000,89.0056,86.0930,87.3670,78.3135,75.3260,75.4255,72.6911,71.8471,68.8840,66.2873,64.5368,64.7611,61.4003,60.4070,57.3847,60.5392,0.0000,0.0000,0.0000,0.0000,0.0000,0.0000,0.0000,0.0000,0.0000,0.0000,0.0000,0.0000
1700000005.250000,-63.6,99.6092,101.9657,98.6154,98.5089,95.3363,93.1933,95.1893,97.0824,95.0053,93.0215,97.0824,93.2631,97.1854,93.5361,95.2575,94.6414,95.8853,96.0260,95.5249,93.9042,94.4299,93.9042,94.6414,95.7079,96.3379,96.1769,93.9042,97.6217,93.5361,97.6217,92.4392,95.0053,93.2631,91.0000,91.0055,89.0225,85.0941,82.0975,79.0569,77.2334,78.6384,74.3303,71.7008,66.4831,66.7533,63.5610,63.8905,61.4003,60.4401,58.1893,55.7136,57.6975,0.0000,0.0000,0.0000,0.0000,0.0000,0.0000,0.0000,0.0000,0.0000,0.0000,0.0000,0.0000
1700000005.300000,-61.5,104.5466,101.0198,97.7394,97.7190,94.5569,93.6056,98.3717,96.5401,93.4077,90.6090,95.0368,96.1769,97.8673,94.6414,95.0368,96.8762,94.8947,95.5249,93.5361,96.6282,96.5194,94.2603,93.7710,94.0000,97.0824,97.1288,96.3328,96.3328,93.2631,95.2575,92.7793,94.3663,94.5410,87.0976,87.5557,88.7694,86.3481,83.4326,81.3204,74.6324,74.6726,71.1688,69.2892,65.9242,66.2118,62.6099,64.4981,61.9112,58.3095,58.3095,57.1402,58.6003,0.0000,0.0000,0.0000,0.0000,0.0000,0.0000,0.0000,0.0000,0.0000,0.0000,0.0000,0.0000
1700000005.350000,-63.0,100.4241,98.4073,100.6578,98.7168,92.0978,95.5249,94.7945,95.4620,93.3381,94.2603,97.6217,97.6729,95.9010,92.4554,97.0000,95.4254,92.8009,93.4077,96.6075,94.8103,94.8103,95.0000,94.2019,94.2019,93.6002,97.0052,94.3663,95.0158,92.8493,94.3663,91.2414,91.2414,89.8276,87.1149,88.6172,87.7838,84.6463,82.6196,79.3221,75.4520,73.4983,71.5612,70.3278,69.3542,66.2420,66.1891,63.5610,61.4654,60.4070,57.2451,57.7235,54.3415,0.0000,0.0000,0.0000,0.0000,0.0000,0.0000,0.0000,0.0000,0.0000,0.0000,0.0000,0.0000
1700000005.400000,-63.4,103.7882,99.7447,102.1567,100.4639,97.4987,95.1893,97.7190,97.0824,92.3472,95.8801,97.0824,95.7079,96.6902,96.3379,91.7823,96.1769,94.8947,90.9340,94.8947,95.5249,92.3959,95.5249,94.4299,94.0479,100.1798,95.4254,94.2603,98.5089,98.3260,97.3293,93.2148,95.0368,92.2280,91.5915,88.8426,89.7385,85.1469,81.0247,81.7435,80.0062,76.2430,70.8802,73.3894,69.0797,67.7791,64.8460,60.8358,63.9531,61.7171,59.1693,54.7083,54.8179,0.0000,0.0000,0.0000,0.0000,0.0000,0.0000,0.0000,0.0000,0.0000,0.0000,0.0000,0.0000
1700000005.450000,-66.6,106.9205,104.9381,103.0970,103.7545,105.9056,98.4886,98.4937,98.4937,100.5783,96.5660,99.0404,96.2081,98.0306,101.7693,94.5780,102.4597,94.4299,99.7447,95.7079,97.9898,100.1798,97.9439,100.1848,100.6479,102.8591,96.1769,99.3630,97.4936,97.4936,101.9804,95.3415,94.8472,93.1075,93.7763,91.0000,94.9210,88.8651,84.7703,81.9085,82.4621,81.6088,76.9025,74.4648,68.4471,67.1863,69.2315,67.7422,62.8013,66.1211,62.0725,58.0000,59.2115,0.0000,0.0000,0.0000,0.0000,0.0000,0.0000,0.0000,0.0000,0.0000,0.0000,0.0000,0.0000
1700000005.500000,-61.8,104.1009,102.7278,99.6444,100.7025,93.0591,97.4936,95.7079,92.1358,95.8541,93.0484,95.2733,96.7678,96.4624,96.8401,98.0816,94.3716,96.8401,93.8616,99.4636,96.3016,94.8314,93.3916,93.9415,94.0479,93.7443,94.7259,94.7259,94.3663,96.3172,93.3916,92.4175,94.6414,92.0489,92.3472,90.1388,85.3815,83.4865,81.3449,79.4796,76.9675,74.2496,72.4500,72.9178,70.6612,66.6483,65.3682,63.6318,62.4340,60.9016,61.0328,55.0000,56.7274,0.0000,0.0000,0.0000,0.0000,0.0000,0.0000,0.0000,0.0000,0.0000,0.0000,0.0000,0.0000
1700000005.550000,-59.7,104.3935,102.5914,100.2247,100.2247,100.1699,94.5939,98.4937,93.9628,97.4166,96.4624,100.0900,96.7729,96.7729,99.8098,96.3846,95.3415,98.4124,97.9898,96.1509,96.1769,97.0824,98.3870,96.1509,99.8499,97.0618,96.1509,93.9415,94.8103,94.8103,95.7079,94.0213,95.6347,92.6984,90.7579,89.1852,87.2812,85.7263,81.3204,78.5875,79.3095,77.1298,75.3127,70.2140,70.7107,68.4690,64.0703,64.2806,62.0322,65.0308,63.0079,59.0085,56.5685,0.0000,0.0000,0.0000,0.0000,0.0000,0.0000,0.0000,0.0000,0.0000,0.0000,0.0000,0.0000
1700000005.600000,-62.8,103.4795,100.5684,98.3514,97.6729,96.1665,95.4830,94.7945,94.1754,93.5094,94.3663,97.0052,96.4002,98.0051,96.8349,96.6075,96.8349,95.9635,94.5780,95.7183,95.1315,95.1315,96.5194,93.7443,97.2471,95.7183,96.2549,98.4784,96.5194,96.8349,96.5194,91.8314,94.6414,92.1954,89.9389,89.1964,87.8635,84.2199,80.6226,82.0366,77.1557,76.5768,73.7564,72.0069,68.4105,66.0303,64.6375,63.5138,60.5392,59.1693,59.0593,57.2451,57.0088,0.0000,0.0000,0.0000,0.0000,0.0000,0.0000,0.0000,0.0000,0.0000,0.0000,0.0000,0.0000
1700000005.650000,-61.6,104.6614,105.3613,98.3107,95.4830,98.4937,93.6056,96.6747,98.2344,94.6256,96.8349,97.0824,96.7988,101.2423,99.6444,96.5660,100.4988,96.3846,96.8969,97.1288,99.8499,95.5249,98.9798,96.6488,94.8103,96.6488,98.0051,98.9798,97.9439,96.6488,99.1262,92.0869,93.4773,91.8368,92.8009,90.8020,87.4586,84.8116,82.8794,81.5659,79.9312,77.0779,74.9667,74.3303,67.9412,66.6033,64.6607,67.0075,63.8201,61.5873,61.5873,60.5392,59.4811,0.0000,0.0000,0.0000,0.0000,0.0000,0.0000,0.0000,0.0000,0.0000,0.0000,0.0000,0.0000
1700000005.700000,-65.2,105.3091,101.0198,104.6518,101.1336,101.6366,95.7131,98.1122,98.1122,99.1262,98.7927,96.5194,98.8130,102.6499,100.6876,99.6243,100.4241,96.2133,99.0202,99.4887,98.2344,99.2018,101.8283,99.4887,96.0469,99.6394,102.9417,101.4002,103.7111,98.2344,100.4241,94.8683,97.3499,96.2549,92.4392,93.6483,93.8136,89.5545,84.5340,86.3308,82.7647,79.6241,75.7694,77.0779,68.9493,70.5195,65.8027,67.7200,65.2533,66.9403,60.5310,61.8142,58.0775,0.0000,0.0000,0.0000,0.0000,0.0000,0.0000,0.0000,0.0000,0.0000,0.0000,0.0000,0.0000
1700000005.750000,-63.3,108.4666,100.8067,104.3935,98.9949,98.6154,95.8853,98.1275,97.1288,97.1854,97.0206,99.0202,103.0049,100.1798,98.0816,98.0051,103.4843,98.0816,97.2523,94.5304,99.3227,97.1854,98.5089,96.3328,99.7246,96.6282,99.2472,102.4890,102.0784,95.1893,96.1873,96.0469,96.0469,98.0051,94.0213,95.1893,93.0860,85.2115,86.2844,87.5728,77.1038,78.6448,75.9539,75.1332,71.0634,69.1231,67.1863,66.4078,64.8460,62.9682,59.0931,58.3095,59.0339,0.0000,0.0000,0.0000,0.0000,0.0000,0.0000,0.0000,0.0000,0.0000,0.0000,0.0000,0.0000
1700000005.800000,-61.7,101.9804,101.2028,100.2846,98.4784,96.8762,95.7549,95.6347,93.3435,95.2575,94.0851,97.0000,97.0206,96.0208,97.0464,97.0000,96.1301,95.1315,95.0842,97.1288,96.0833,96.0833,97.0824,95.1893,98.6154,97.3293,95.1893,97.1288,97.1288,97.0206,94.0851,95.0000,94.0479,94.1329,92.3472,90.5538,87.3670,86.3713,83.6002,80.8950,78.2624,76.6877,73.7564,70.0928,68.1542,66.4078,63.9062,63.3246,62.3939,60.5392,59.5063,57.6975,56.0803,0.0000,0.0000,0.0000,0.0000,0.0000,0.0000,0.0000,0.0000,0.0000,0.0000,0.0000,0.0000
1700000005.850000,-60.1,101.2126,100.7671,100.5684,101.3163,93.3809,95.4830,96.2081,95.4620,90.7855,91.5478,96.6747,94.8683,99.0454,97.6524,95.6922,95.9635,96.8969,95.4149,97.5295,97.4166,90.2109,94.3398,94.6678,94.8947,99.7647,97.0618,97.4936,99.1262,99.9850,92.2822,93.4933,95.5249,92.9139,90.2109,89.0505,87.2009,84.6463,83.8689,78.5684,80.8084,74.6525,74.2496,71.5891,68.6222,64.3506,67.2681,62.2415,62.2896,60.9590,59.6657,61.0328,56.8243,0.0000,0.0000,0.0000,0.0000,0.0000,0.0000,0.0000,0.0000,0.0000,0.0000,0.0000,0.0000
1700000005.900000,-63.2,108.7842,106.4706,103.3102,104.2353,102.8834,99.7447,99.1615,95.8593,99.5389,98.3514,99.3277,99.0404,100.0000,97.9847,101.6366,102.2008,99.6895,98.4937,95.3415,99.4636,99.0404,97.2934,98.3107,101.7890,100.4490,100.2247,103.7545,101.1385,99.9250,99.6895,97.0155,96.5660,96.1665,93.6056,91.7606,94.2444,88.6002,86.0058,83.7735,83.6481,80.0625,76.4788,72.0694,72.2011,73.5731,63.8201,63.5138,66.4003,65.2150,62.0081,61.7171,59.3970,0.0000,0.0000,0.0000,0.0000,0.0000,0.0000,0.0000,0.0000,0.0000,0.0000,0.0000,0.0000
1700000005.950000,-59.5,103.7545,98.4784,98.0051,100.1299,93.1933,93.1933,94.1913,95.0474,94.0213,95.0474,97.0052,95.1315,97.4166,95.1315,98.4124,95.1893,99.3227,94.2603,94.5304,95.8853,97.2523,95.4254,94.6414,94.3663,95.0368,95.1893,97.6217,99.4082,95.1893,94.1913,92.1358,92.0869,92.0054,88.0511,90.0222,89.0056,86.0233,82.1523,81.1542,79.5110,71.1969,71.8471,71.8053,67.6831,66.7083,64.0312,61.1310,60.7289,57.2451,58.3095,58.6941,57.2451,0.0000,0.0000,0.0000,0.0000,0.0000,0.0000,0.0000,0.0000,0.0000,0.0000,0.0000,0.0000
1700000006.000000,-60.1,106.0660,102.8251,100.6032,102.5914,97.2523,99.3227,97.0824,95.0000,96.0000,95.0053,96.0833,99.1816,97.1854,98.3260,97.2523,97.5141,97.2523,97.0155,97.8673,95.8853,97.7394,96.8762,99.8499,98.1529,97.8673,96.0260,100.7174,94.7629,97.3293,98.6154,96.2549,96.1301,95.0210,96.0052,93.0000,88.0057,86.1452,84.2912,81.7435,80.3990,77.9295,76.9415,76.1183,71.0211,69.2315,63.7887,68.6586,61.4003,60.5392,61.6847,58.6003,61.2944,0.0000,0.0000,0.0000,0.0000,0.0000,0.0000,0.0000,0.0000,0.0000,0.0000,0.0000,0.0000
1700000006.050000,-59.5,97.2934,100.1699,93.9628,95.8019,90.9560,93.3006,91.7606,92.4770,92.8493,89.1572,90.3770,92.1358,95.2575,94.3716,96.1509,89.5545,95.1893,86.0930,93.8136,92.1141,91.2688,95.1315,89.3588,92.6553,92.3580,92.6499,94.6256,90.2109,93.8136,90.9725,89.9444,89.1852,94.4140,85.4225,84.5340,82.7647,80.5295,83.7735,76.3217,80.7775,70.8378,70.5195,68.3081,63.8905,61.9839,59.9083,60.1664,60.6383,57.7062,56.7186,57.5587,54.2310,0.0000,0.0000,0.0000,0.0000,0.0000,0.0000,0.0000,0.0000,0.0000,0.0000,0.0000,0.0000
1700000006.100000,-65.3,95.0474,98.1835,100.1249,97.1288,90.2718,90.5538,88.9550,89.6270,93.3809,88.6454,91.7823,91.9837,92.6499,90.7083,93.6216,90.8020,92.7200,93.0054,92.3472,93.0054,93.6803,93.3006,94.2550,94.2444,93.3006,96.7678,93.0054,90.5207,91.6788,93.4077,90.7083,88.0738,90.6090,86.6833,82.7345,83.1865,82.4924,78.2304,75.1665,76.0263,73.0616,71.0070,67.0075,67.0298,65.0692,58.3095,62.3939,58.3095,58.0517,57.0701,56.0892,56.6127,0.0000,0.0000,0.0000,0.0000,0.0000,0.0000,0.0000,0.0000,0.0000,0.0000,0.0000,0.0000
1700000006.150000,-63.5,102.2595,101.9657,100.1299,104.0865,94.4299,97.1288,97.2523,94.0053,95.0210,97.0052,97.0464,97.1288,97.1854,94.0851,98.1275,97.2523,97.6217,91.4440,95.0368,93.9042,97.8673,98.5089,92.9139,96.6902,95.6347,98.3107,97.8673,95.8853,100.4988,95.5249,99.0808,93.1933,94.0053,91.0055,92.0054,89.0056,87.0230,86.1452,83.1505,80.3057,76.6551,76.6551,69.8713,70.8590,64.7765,65.3070,67.6831,63.6003,63.8905,60.4070,57.0088,58.1378,0.0000,0.0000,0.0000,0.0000,0.0000,0.0000,0.0000,0.0000,0.0000,0.0000,0.0000,0.0000
1700000006.200000,-63.2,105.6835,102.9563,105.2236,96.3379,98.1529,99.4636,98.7168,96.5401,96.3016,97.4166,99.9300,99.2975,98.9798,98.0816,97.0824,102.0441,97.1700,98.0816,97.9898,97.6934,96.7729,95.8541,97.1700,95.2733,100.7224,97.9439,97.5756,99.9250,95.6347,97.6934,92.3472,98.0816,96.7678,96.7678,92.1792,88.6002,88.0568,87.0976,82.3772,81.8841,76.1183,72.8354,74.8131,71.4493,69.1809,65.0692,63.0000,62.0322,62.0000,63.0317,58.4209,58.4637,0.0000,0.0000,0.0000,0.0000,0.0000,0.0000,0.0000,0.0000,0.0000,0.0000,0.0000,0.0000
1700000006.250000,-61.8,110.1136,105.5746,108.5587,102.8251,102.7035,103.5761,101.8676,99.6394,99.6895,99.9250,99.9250,102.8834,101.3903,100.4241,99.0404,105.1095,99.3680,96.7988,102.6937,99.7246,98.7927,99.3680,99.7246,102.0441,100.8464,99.0051,103.3683,99.0051,98.4327,98.4327,97.0824,96.7988,95.8175,95.8801,92.3472,93.4077,90.2441,87.4757,85.9884,81.8841,78.7718,77.6466,78.7718,72.0069,69.1158,68.0294,64.0703,68.0294,66.0681,64.0312,62.2013,59.0339,0.0000,0.0000,0.0000,0.0000,0.0000,0.0000,0.0000,0.0000,0.0000,0.0000,0.0000,0.0000
1700000006.300000,-60.0,101.5185,98.4124,102.1567,95.4620,96.2081,91.1811,92.0489,91.7606,90.8020,91.7606,94.6414,92.4175,97.2677,91.7823,90.4710,95.3520,89.1067,95.3520,92.9139,94.0479,92.3959,90.5538,90.0944,93.6483,95.3520,95.0368,95.5249,92.2280,91.4112,92.2280,89.2693,90.8020,92.4446,85.3756,84.8999,85.1645,83.4865,81.7068,79.8499,73.9256,75.2396,71.5542,71.1758,64.0078,62.1772,65.0000,64.3506,63.8122,59.9083,59.8164,58.8982,58.0000,0.0000,0.0000,0.0000,0.0000,0.0000,0.0000,0.0000,0.0000,0.0000,0.0000,0.0000,0.0000
1700000006.350000,-62.1,107.7868,105.0952,104.6566,101.7104,100.8464,99.6444,100.1249,99.4032,100.0000,97.8008,101.2126,102.1763,104.2353,99.9050,102.9417,101.1781,101.2373,96.8969,98.3107,100.5684,99.9050,99.0353,95.5249,99.7046,99.0353,103.2473,101.2373,96.9381,101.9804,101.2373,99.4887,95.0158,97.8008,92.8009,91.8368,88.2327,88.7525,88.5099,83.6481,83.6481,78.2943,79.1581,72.0139,72.9178,68.1542,68.1542,66.1287,63.5689,65.4599,64.0312,61.3922,61.0000,0.0000,0.0000,0.0000,0.0000,0.0000,0.0000,0.0000,0.0000,0.0000,0.0000,0.0000,0.0000
1700000006.400000,-59.3,105.6882,101.9510,104.7521,102.3181,101.7693,96.7729,97.3088,95.7079,95.7131,96.6023,97.4936,99.4786,98.9798,94.3398,94.3398,98.7370,96.2601,97.9081,95.2103,97.3499,96.7988,97.3499,94.6256,97.4166,96.5194,94.4034,98.2293,95.1315,95.9635,96.2549,97.0979,94.8947,92.1792,91.2414,90.3549,85.4283,84.5813,82.0792,81.7068,77.4919,78.1089,73.7360,72.1249,69.2604,65.9697,64.5601,66.4906,62.9682,58.6941,62.1289,57.0789,57.0000,0.0000,0.0000,0.0000,0.0000,0.0000,0.0000,0.0000,0.0000,0.0000,0.0000,0.0000,0.0000
1700000006.450000,-64.3,105.1190,102.0000,102.0784,99.1262,96.1301,97.6217,95.5249,97.4936,96.0260,91.4112,96.5401,95.3363,97.0155,98.2344,96.5401,99.3277,94.5569,93.9202,96.4624,96.7678,92.9731,98.0306,92.6553,99.1615,98.0816,98.0816,94.9210,98.9798,95.5196,94.5780,94.2550,94.5569,90.4710,91.2195,91.2195,86.1220,86.3481,82.3772,81.2158,77.3175,75.8024,75.6637,75.1665,67.1863,68.0661,62.1289,62.0081,65.0308,62.0081,60.0083,60.2080,56.8858,0.0000,0.0000,0.0000,0.0000,0.0000,0.0000,0.0000,0.0000,0.0000,0.0000,0.0000,0.0000
1700000006.500000,-63.5,102.2155,104.4462,100.7224,103.3538,94.4140,96.1769,95.7079,93.1075,95.7549,92.6553,95.8175,96.1665,95.5092,96.7678,98.9798,97.4166,99.0404,95.3363,98.2344,98.0816,98.0816,96.7678,93.6216,99.2472,97.5141,96.5401,97.2677,94.9210,97.1236,93.0054,97.7190,97.1442,95.2733,93.0484,90.3770,89.0505,85.4927,82.3468,80.0625,80.0625,75.8024,74.9466,69.8928,71.8679,67.6757,65.8027,63.6003,61.6198,60.8276,61.7171,60.8112,56.7274,0.0000,0.0000,0.0000,0.0000,0.0000,0.0000,0.0000,0.0000,0.0000,0.0000,0.0000,0.0000
1700000006.550000,-62.5,102.4207,97.5756,98.8433,95.7549,95.8541,93.7763,94.5410,89.1852,94.8683,94.3716,93.3916,93.6216,95.5249,92.9624,91.7823,92.7631,91.7823,92.2280,95.3520,93.3809,92.2280,92.3959,92.2280,95.4254,95.6347,94.2019,92.7631,95.5249,94.8947,92.5743,90.0278,94.5939,89.0225,89.1852,89.4930,84.8999,81.9085,81.9329,79.8499,76.6942,75.6439,72.0139,70.6824,66.1891,64.4981,63.5295,61.5873,61.5873,56.8595,56.6127,58.2580,55.9732,0.0000,0.0000,0.0000,0.0000,0.0000,0.0000,0.0000,0.0000,0.0000,0.0000,0.0000,0.0000
1700000006.600000,-64.2,109.1146,106.2309,102.0441,103.0437,97.0000,97.0052,96.0833,98.0204,95.2575,97.5141,96.7471,98.9949,99.1413,97.4936,100.8415,99.8248,97.8621,95.0368,100.4390,97.4936,98.4784,97.4936,98.0612,98.9545,101.4150,100.6628,100.0200,101.0000,100.1299,95.5249,97.8673,96.5194,94.5304,93.1343,97.0824,87.0919,87.0230,81.0247,85.0059,83.0542,78.1601,76.1052,71.4493,70.3491,66.0984,64.1327,63.5610,67.1863,59.9083,60.1664,60.0833,61.4654,0.0000,0.0000,0.0000,0.0000,0.0000,0.0000,0.0000,0.0000,0.0000,0.0000,0.0000,0.0000
1700000006.650000,-61.2,105.1523,109.6038,101.2126,101.7104,99.2975,97.4936,94.3663,96.6644,95.8541,97.1700,95.4620,99.6243,100.5684,98.6813,100.5684,96.1665,100.0000,98.3717,95.3363,97.7190,98.6712,97.7190,94.5569,98.9545,101.2423,102.2008,100.9604,96.5660,99.6243,98.3717,95.8593,95.8593,97.6934,92.7038,93.4719,88.1022,85.4225,84.5340,85.0882,83.5284,76.3217,74.3303,71.0282,70.2140,67.6240,66.0681,63.1269,64.6607,61.5224,59.4138,61.7171,58.1378,0.0000,0.0000,0.0000,0.0000,0.0000,0.0000,0.0000,0.0000,0.0000,0.0000,0.0000,0.0000
1700000006.700000,-60.7,104.0433,102.4158,103.8557,94.8103,100.0000,94.2603,95.5249,90.5207,92.6337,92.6337,98.2904,94.1754,94.9210,95.5249,94.3663,95.6033,94.4034,95.6033,96.0208,96.4002,93.4077,95.1315,94.0479,94.0479,96.0208,94.3027,96.7988,94.0479,92.0869,94.0479,90.2718,94.8103,93.7230,87.6185,86.0523,84.1724,82.7587,82.0244,77.2334,72.1803,77.2334,74.2765,73.8783,68.2495,64.6607,63.4114,61.4003,63.4114,61.4003,59.9416,56.3560,56.0803,0.0000,0.0000,0.0000,0.0000,0.0000,0.0000,0.0000,0.0000,0.0000,0.0000,0.0000,0.0000
1700000006.750000,-62.3,105.0190,101.6514,99.0404,102.6158,98.3514,98.6813,95.4620,96.6644,91.7061,95.7549,94.3716,94.4140,94.8472,96.1509,95.3834,97.0979,96.0417,92.2822,97.4166,94.8683,96.2601,93.8136,93.8136,96.7988,98.4733,95.1315,97.0824,94.3027,93.7443,95.9635,93.4933,96.2549,93.8136,89.5545,86.8332,86.3134,88.5664,83.3847,79.4796,76.6942,73.5391,73.1642,71.4703,68.6222,68.0074,63.8905,61.9839,65.9697,62.3699,62.3939,58.4209,57.0789,0.0000,0.0000,0.0000,0.0000,0.0000,0.0000,0.0000,0.0000,0.0000,0.0000,0.0000,0.0000
1700000006.800000,-65.2,105.3043,99.2975,100.5684,102.7862,96.3846,98.8989,97.5756,97.9439,98.8838,94.8103,96.6023,99.1262,97.2471,91.9239,96.2549,96.7988,96.5194,97.6524,95.2103,99.4032,94.8683,97.0052,97.4166,97.4526,97.4166,99.2018,98.6002,96.2133,97.0052,97.2008,93.2309,94.5780,92.4392,92.4392,89.5545,88.1930,86.8332,83.1865,82.7647,78.2943,75.1532,74.2496,72.4500,70.9366,69.2604,64.2573,66.4078,64.1950,61.6117,61.6117,59.2284,58.1378,0.0000,0.0000,0.0000,0.0000,0.0000,0.0000,0.0000,0.0000,0.0000,0.0000,0.0000,0.0000
1700000006.850000,-62.5,103.7304,103.0049,99.5691,101.2423,94.8736,96.3846,95.5249,93.0591,95.7079,93.7763,96.3846,95.8593,95.8175,96.4624,94.9210,95.2103,94.8683,95.2103,97.8008,98.4937,95.8801,95.2103,93.9628,94.5939,95.3363,97.2677,97.5295,94.6414,97.1236,95.2103,94.9210,93.3006,93.6376,89.6939,93.0484,85.6154,86.1626,83.1865,78.7210,78.2624,76.5376,73.0616,73.0616,69.6419,69.0652,66.8506,63.0079,64.0312,61.0328,62.2013,59.6657,59.4138,0.0000,0.0000,0.0000,0.0000,0.0000,0.0000,0.0000,0.0000,0.0000,0.0000,0.0000,0.0000
1700000006.900000,-62.2,109.2749,105.5888,103.4650,103.4650,105.3945,97.6524,98.6002,98.2344,96.2133,98.8585,94.9210,99.2472,100.4988,99.7246,99.1564,101.8234,98.9949,99.7046,99.0051,100.4191,99.7046,99.0051,100.4191,99.0353,102.5524,100.4191,101.1781,98.3107,99.7046,100.4092,101.9804,95.9010,96.5401,93.6002,91.2140,91.6079,87.4185,84.8764,84.3801,80.1311,76.1577,76.4788,72.9178,72.8972,71.5891,65.9242,68.1542,62.0322,63.2456,62.5859,60.6383,59.0339,0.0000,0.0000,0.0000,0.0000,0.0000,0.0000,0.0000,0.0000,0.0000,0.0000,0.0000,0.0000
1700000006.950000,-64.2,102.5914,99.2975,97.6217,99.2975,95.3363,94.2603,94.0851,92.0217,93.0054,92.0054,94.0053,94.0479,94.2603,91.2688,92.2659,95.4254,92.6553,94.4299,98.3107,94.2019,98.4784,93.3809,93.3809,93.9415,92.5743,91.4112,92.5743,91.0824,94.0479,92.9139,94.6414,92.4392,90.0888,88.4590,87.2066,86.0930,85.0529,81.0247,77.0065,77.1038,75.0267,74.0270,70.3491,69.3542,66.3702,63.7887,64.4981,59.8415,57.9741,60.7289,57.5847,56.6480,0.0000,0.0000,0.0000,0.0000,0.0000,0.0000,0.0000,0.0000,0.0000,0.0000,0.0000,0.0000
1700000007.000000,-62.6,102.6158,99.4032,99.0454,98.4733,95.9635,94.0319,92.9624,93.6483,94.8947,94.8262,90.3549,94.3716,96.1769,93.5201,92.1358,100.3195,95.4620,94.7048,92.1141,94.7048,94.4299,93.9840,94.7048,94.9210,95.6347,93.6376,95.4620,95.4620,92.4770,95.4620,88.5664,92.5743,94.3663,87.7097,92.2822,90.2109,85.4400,82.4197,82.4197,75.9276,75.6042,70.6045,73.1095,68.8840,67.2086,66.4831,61.5224,63.6553,61.0737,58.6003,59.4054,57.4543,0.0000,0.0000,0.0000,0.0000,0.0000,0.0000,0.0000,0.0000,0.0000,0.0000,0.0000,0.0000
1700000007.050000,-64.0,108.6002,108.6002,106.8316,99.2975,97.0979,96.0417,98.1122,97.5295,97.9439,95.2575,96.6075,97.6934,97.1700,97.6934,95.8541,97.1442,98.0816,96.7988,96.4624,96.1665,97.4064,97.7190,95.2103,98.7623,98.3717,95.8801,96.8401,96.4624,95.5196,95.8801,93.6376,98.3514,96.3846,91.7061,88.5664,89.9611,90.3383,85.4751,79.2591,81.9878,76.8505,72.7186,74.0608,73.2462,71.6101,64.2028,63.0079,64.6607,59.6657,62.3699,58.7963,58.7963,0.0000,0.0000,0.0000,0.0000,0.0000,0.0000,0.0000,0.0000,0.0000,0.0000,0.0000,0.0000
1700000007.100000,-65.1,104.5610,105.1190,102.1812,101.4150,96.3172,100.5684,98.3717,97.4064,97.7394,90.8735,97.0824,97.0464,99.2824,99.7447,100.6479,97.0464,100.1848,98.3870,101.0198,97.5295,98.4124,98.8838,94.6678,96.2549,100.1699,98.4784,99.6444,99.8499,97.1288,93.4773,94.8103,93.0215,93.4773,93.6216,90.0777,84.3090,85.2350,84.8646,80.9938,80.3617,76.6551,75.6902,70.6045,70.8308,66.7083,62.3699,62.8013,64.6297,63.5059,59.5399,63.3877,59.0085,0.0000,0.0000,0.0000,0.0000,0.0000,0.0000,0.0000,0.0000,0.0000,0.0000,0.0000,0.0000
1700000007.150000,-63.5,100.8464,100.9009,97.4064,97.4064,95.1893,93.6803,95.3415,92.9624,94.7259,92.9624,95.9010,93.7443,96.3379,97.8673,92.6553,93.1933,92.3472,91.2688,98.3260,94.2603,93.4345,94.2603,93.0860,94.1329,95.1893,93.0860,95.1315,95.1893,99.1262,91.2688,94.8947,93.3435,93.0591,91.4112,89.5600,83.1865,82.9759,79.8123,79.8123,77.8845,73.7631,69.2604,69.6419,68.3081,62.6259,60.1664,61.4654,59.6154,60.4152,59.9416,58.3095,56.6127,0.0000,0.0000,0.0000,0.0000,0.0000,0.0000,0.0000,0.0000,0.0000,0.0000,0.0000,0.0000
1700000007.200000,-60.8,102.0049,99.6394,99.2472,99.4887,92.0978,94.8472,90.5097,92.6337,91.2414,92.8493,94.1754,90.6090,95.7758,95.2103,96.6747,94.4034,97.2008,91.4002,96.7988,95.1315,94.3027,95.8019,90.4268,95.7183,95.1315,97.0824,95.9635,94.0479,94.3027,91.2688,91.4002,89.0225,89.0225,85.1469,86.3713,84.3860,80.6598,80.6226,81.3204,76.3806,74.4110,69.4262,69.3542,69.0290,68.2495,62.8013,63.6003,60.2163,58.0086,58.1808,56.9386,53.7122,0.0000,0.0000,0.0000,0.0000,0.0000,0.0000,0.0000,0.0000,0.0000,0.0000,0.0000,0.0000
1700000007.250000,-63.2,98.1529,100.4390,97.0824,99.4636,91.9239,93.4077,90.8020,91.7061,90.4765,91.1811,95.6347,92.6121,96.2549,94.4299,95.8541,93.9415,96.6023,93.1075,94.8103,93.9149,95.2733,95.7079,94.3663,97.5295,95.2733,92.1792,95.7549,93.9415,95.7079,92.1358,92.4770,95.8541,89.8888,89.1964,87.6413,85.0706,86.4002,80.8084,81.2527,76.6877,73.3485,70.4060,69.7209,68.3593,69.4622,60.2993,60.2080,62.1289,58.0086,58.0775,57.0789,54.3323,0.0000,0.0000,0.0000,0.0000,0.0000,0.0000,0.0000,0.0000,0.0000,0.0000,0.0000,0.0000
1700000007.300000,-60.2,103.1746,97.1854,103.3925,96.0260,98.1529,95.0368,95.7079,91.7823,93.6216,94.7259,95.5667,94.5939,95.5667,91.0934,94.9210,95.8175,93.6376,95.8175,92.0272,97.0824,93.3006,93.6376,95.8175,94.8683,93.6056,93.3006,91.7061,93.9202,91.3947,96.1665,93.1719,93.6216,89.0505,91.7823,84.3445,87.9659,85.5862,78.3135,80.1561,75.0600,74.0608,73.0000,71.0070,67.0075,65.0000,61.0737,64.1950,62.2896,57.7062,58.0517,57.9741,54.7083,0.0000,0.0000,0.0000,0.0000,0.0000,0.0000,0.0000,0.0000,0.0000,0.0000,0.0000,0.0000
1700000007.350000,-65.9,99.5389,99.0051,98.4327,97.4064,94.8683,95.6033,94.2550,95.3363,91.9239,93.3916,96.6902,94.0479,94.3663,92.3959,93.5575,91.9239,93.9042,91.6624,95.6347,93.9042,93.2148,94.2019,93.4345,94.3398,94.5304,95.5249,94.0479,95.7079,91.9239,94.3663,92.5743,92.6499,93.3916,89.7385,85.8662,85.1645,85.7263,84.4334,78.9240,74.0945,77.8781,70.3847,72.4983,67.5426,67.5426,61.4003,62.7694,60.0333,61.5873,61.8547,57.8014,55.8659,0.0000,0.0000,0.0000,0.0000,0.0000,0.0000,0.0000,0.0000,0.0000,0.0000,0.0000,0.0000
1700000007.400000,-58.2,104.6948,102.0441,101.0742,101.5529,97.9439,98.1122,92.4392,94.0319,94.6678,98.2293,97.6524,97.8008,97.6166,98.2293,96.8298,99.9050,95.6713,95.0158,93.5094,93.5094,97.0000,94.7945,93.4345,94.7629,99.0051,98.2904,96.2601,99.1564,95.6713,96.2601,94.6414,95.6033,91.6079,87.2009,90.1388,86.2670,85.2115,83.7616,82.4924,77.8974,76.4788,72.0694,73.3485,68.9420,67.5426,63.5610,64.8460,61.3514,62.2977,59.9083,59.6657,58.0517,0.0000,0.0000,0.0000,0.0000,0.0000,0.0000,0.0000,0.0000,0.0000,0.0000,0.0000,0.0000
1700000007.450000,-64.0,95.7079,96.1041,94.9210,100.8067,92.9624,93.6483,93.6483,92.1358,89.3588,91.0220,91.0055,91.0879,93.0215,92.0217,95.0210,92.0000,93.0860,89.0505,93.1933,91.0879,91.0494,91.1373,88.2780,90.3549,94.2603,93.3435,94.1329,93.0484,92.0489,87.0230,91.0055,90.0056,87.0230,89.0505,89.1403,80.0999,80.3990,79.3095,77.4145,76.7919,72.7805,71.5681,69.1231,66.9403,66.0984,59.8080,58.1893,60.7454,57.5674,58.3095,55.9017,53.3385,0.0000,0.0000,0.0000,0.0000,0.0000,0.0000,0.0000,0.0000,0.0000,0.0000,0.0000,0.0000
1700000007.500000,-62.1,102.4207,96.1769,98.4784,98.0051,93.6483,91.2688,92.1954,91.0220,91.0055,92.0000,91.0220,91.0879,94.0851,91.1373,95.1315,93.4345,89.2749,91.4440,95.1893,92.4392,90.5538,91.6624,91.0824,93.5575,91.9239,94.2019,93.3809,92.0706,90.9340,92.4392,89.2749,89.2749,88.0511,81.0987,83.0542,80.0562,80.0062,80.1561,77.2334,76.2365,73.2462,70.4557,68.4690,66.7533,59.6657,62.5859,59.4390,57.7235,60.4401,57.5847,56.0803,54.1295,0.0000,0.0000,0.0000,0.0000,0.0000,0.0000,0.0000,0.0000,0.0000,0.0000,0.0000,0.0000
1700000007.550000,-62.1,103.0776,100.8464,102.0833,99.4786,96.7988,94.5780,95.0000,94.8103,97.4526,97.1854,98.8585,98.5951,95.5877,95.5249,96.2601,96.9381,93.3809,92.6553,96.1665,93.3809,94.7629,96.1769,93.3488,96.1769,94.0691,96.1665,94.8472,95.5877,94.7629,93.3809,92.3147,92.8009,92.8009,90.2109,90.4434,85.1469,83.7616,80.4550,80.1311,76.5376,75.6637,70.2140,70.6824,68.9420,67.2309,64.0781,65.1920,61.9839,59.7746,59.9083,56.8858,57.4282,0.0000,0.0000,0.0000,0.0000,0.0000,0.0000,0.0000,0.0000,0.0000,0.0000,0.0000,0.0000
1700000007.600000,-61.4,101.0792,101.0445,104.0000,101.0050,99.0808,97.1854,95.3363,92.4392,95.8853,98.8585,99.2975,95.1893,98.3107,93.5575,93.3809,96.1041,95.9010,96.1041,95.1262,95.1262,93.1719,97.0824,95.3415,95.3363,98.4937,93.7443,96.1041,95.9010,92.5743,93.5575,89.6772,92.0706,91.3510,89.5600,88.3629,87.0919,82.0549,80.0000,79.0569,78.1025,78.0577,73.4370,73.3348,69.3542,65.4905,65.6201,61.9839,58.6941,61.4003,59.4811,58.1893,59.8080,0.0000,0.0000,0.0000,0.0000,0.0000,0.0000,0.0000,0.0000,0.0000,0.0000,0.0000,0.0000
1700000007.650000,-63.4,100.9604,98.4937,96.3016,99.6895,98.4886,96.3172,96.6902,93.0591,89.1067,90.5538,93.5361,96.3328,95.1893,94.1329,94.0851,93.0484,95.0000,93.0000,93.0484,92.0489,92.0217,92.0217,91.0220,92.1954,95.0053,94.0851,93.0054,92.0054,95.0053,92.0000,87.1436,90.0222,90.3549,87.4643,84.4808,83.6002,82.7345,80.8950,77.2787,77.4661,71.8053,69.8570,67.6831,67.4463,63.8905,64.1950,63.9062,60.1664,58.6941,56.3560,57.2451,57.3062,0.0000,0.0000,0.0000,0.0000,0.0000,0.0000,0.0000,0.0000,0.0000,0.0000,0.0000,0.0000
1700000007.700000,-62.0,104.2353,102.4744,101.0792,98.4124,98.4886,97.3088,96.5660,96.3846,97.1442,96.7678,95.8801,98.0816,97.1236,97.2677,94.5939,97.2934,95.1262,97.2934,94.7259,97.5141,96.7729,97.2934,99.0404,96.5091,95.5249,95.7079,95.9010,96.8814,91.7823,94.7259,90.8020,92.8924,90.8020,88.6002,89.1852,86.3308,86.3771,80.6536,81.1542,75.2396,77.3886,72.4500,73.3485,67.1193,64.6607,63.2851,62.7694,62.4340,62.9682,59.8164,57.2014,55.8659,0.0000,0.0000,0.0000,0.0000,0.0000,0.0000,0.0000,0.0000,0.0000,0.0000,0.0000,0.0000
1700000007.750000,-62.6,100.6628,102.6109,101.3903,101.1385,94.6414,92.7200,94.8683,94.3398,92.3580,93.0484,95.7549,95.7079,97.5090,96.6644,96.1769,97.9490,94.8947,96.1509,93.0591,93.5361,93.1504,97.5295,93.6483,95.3834,91.4166,95.5249,94.5145,93.0591,96.1769,90.9175,89.8999,92.1358,92.7038,86.0058,89.3196,84.6936,84.8646,79.3788,78.4474,76.9220,72.2772,70.3420,70.6116,65.9697,66.9104,62.9682,59.6825,64.2806,56.3205,58.0345,59.0762,57.0000,0.0000,0.0000,0.0000,0.0000,0.0000,0.0000,0.0000,0.0000,0.0000,0.0000,0.0000,0.0000
1700000007.800000,-64.3,101.4938,99.8499,95.8853,99.6092,99.2975,92.5419,95.1893,95.9010,93.8616,92.8924,95.3363,93.4077,93.0054,94.2550,94.8683,95.8175,94.9210,92.3472,94.9210,93.6376,92.3580,97.4987,92.0272,92.4770,92.4770,93.4077,97.1442,94.5780,92.6553,91.7606,91.3947,88.6002,89.5600,87.8009,89.2693,81.7863,81.7863,79.7621,77.7817,76.4199,71.1758,69.0290,69.2604,66.0303,65.0308,63.0079,62.0322,61.0000,58.1378,56.4358,54.4518,56.5155,0.0000,0.0000,0.0000,0.0000,0.0000,0.0000,0.0000,0.0000,0.0000,0.0000,0.0000,0.0000
1700000007.850000,-62.8,103.3151,103.7882,103.8701,100.2247,99.0202,96.5660,95.8175,96.4624,98.0816,95.3363,98.2344,97.0824,103.0776,97.5141,97.0824,98.6560,94.7259,98.8433,95.0368,98.3107,99.4636,97.6217,92.9139,93.6483,98.1529,93.6483,100.6032,100.6231,94.3663,98.6560,92.7631,93.7443,93.6216,90.7083,89.9889,88.6002,84.7703,84.1546,82.8734,78.5493,74.8465,71.6938,73.9256,66.3099,66.6483,64.4981,63.9531,63.6318,60.9016,58.5235,55.8032,58.6941,0.0000,0.0000,0.0000,0.0000,0.0000,0.0000,0.0000,0.0000,0.0000,0.0000,0.0000,0.0000
1700000007.900000,-60.5,103.7304,102.3426,98.6002,98.4733,97.4526,93.4077,94.0213,90.0278,94.8472,95.5249,96.8969,97.6217,94.7629,94.1754,93.4345,93.6056,94.7945,93.5094,92.3147,96.5401,93.5094,95.1315,91.6788,98.2344,93.8616,91.6788,89.4986,94.6414,95.7758,92.8493,91.9239,91.2195,91.2195,88.3912,85.6329,84.8999,83.7377,80.4301,78.0064,72.2011,72.4224,70.8025,70.4557,65.5134,61.5873,63.6318,60.0333,59.9416,58.1808,59.8080,57.5847,55.0818,0.0000,0.0000,0.0000,0.0000,0.0000,0.0000,0.0000,0.0000,0.0000,0.0000,0.0000,0.0000
1700000007.950000,-63.4,99.9600,99.9600,98.0816,97.6934,97.6934,93.0376,95.3415,90.3770,94.3716,91.9239,92.7847,92.6499,94.0479,93.2309,91.2688,92.4392,90.9725,90.4268,89.8721,90.1388,92.3580,93.4933,91.5260,90.9065,94.2019,90.6035,91.2634,91.8096,90.9725,89.5879,87.4643,88.8369,87.8180,84.1190,85.0000,81.8841,79.1770,76.0592,76.0592,72.2357,71.5122,67.6757,68.9493,65.4599,63.6003,60.6383,62.8172,60.4152,59.9083,55.7315,55.7315,56.1427,0.0000,0.0000,0.0000,0.0000,0.0000,0.0000,0.0000,0.0000,0.0000,0.0000,0.0000,0.0000
1700000008.000000,-60.8,101.6366,95.9010,97.0155,96.7729,94.5569,91.0934,94.2550,92.1141,93.9840,88.9550,94.1541,93.2309,93.1075,91.7061,93.5201,93.0215,91.2414,91.6788,91.3017,93.4773,90.8240,89.8944,88.1192,91.7061,90.8240,92.6607,85.9593,89.9444,93.9415,88.1022,87.2353,89.0505,89.0505,84.5044,84.3090,80.7775,79.4040,77.4919,73.0821,73.3757,71.5681,68.8840,68.8840,63.1506,61.9839,61.8142,59.3043,56.3205,58.1378,57.0088,56.0000,56.0357,0.0000,0.0000,0.0000,0.0000,0.0000,0.0000,0.0000,0.0000,0.0000,0.0000,0.0000,0.0000
1700000008.050000,-61.6,102.0686,97.0000,99.0353,95.4620,96.1665,91.9348,95.6713,90.6863,93.0860,93.8616,92.8493,96.8298,94.0213,93.6002,92.0054,96.8349,92.3580,90.6973,93.1933,91.8096,92.9139,94.8683,90.6973,92.3580,92.9139,92.9139,92.9139,92.4175,92.4175,90.6973,87.2009,87.6185,91.8314,85.2760,82.0731,79.9312,80.6598,79.9062,75.8222,72.1388,71.5891,67.4759,66.8431,63.6003,60.0000,59.2030,57.4282,57.9828,55.7584,54.1295,52.9245,52.2015,0.0000,0.0000,0.0000,0.0000,0.0000,0.0000,0.0000,0.0000,0.0000,0.0000,0.0000,0.0000
1700000008.100000,-60.8,101.5185,98.4886,100.2247,93.6216,95.0789,92.4770,95.1893,91.0824,92.6553,92.6553,96.4624,96.3016,89.5600,90.2497,90.0278,96.3172,91.4112,92.9624,92.1954,92.1954,87.0976,88.8426,89.8220,92.9139,91.4112,93.1719,88.8426,92.9624,89.2693,92.9624,86.5852,87.3613,84.4808,82.8613,85.7030,83.5225,80.4114,77.2528,73.0069,70.2638,70.2638,69.3181,68.8840,63.5295,62.6498,61.7738,58.5235,58.5235,54.4059,54.2033,55.6058,53.7587,0.0000,0.0000,0.0000,0.0000,0.0000,0.0000,0.0000,0.0000,0.0000,0.0000,0.0000,0.0000
1700000008.150000,-62.2,101.2126,99.6394,95.4254,98.5951,94.4934,95.0158,93.3809,94.7629,93.3381,90.5538,94.7945,93.3809,95.5249,91.2853,95.0158,90.2718,95.1315,87.8635,94.0213,93.6002,93.7230,94.4034,88.8651,90.9065,95.9010,92.0054,92.6175,88.6172,92.1954,87.3212,87.7838,89.9389,85.6329,86.2670,84.1487,82.0366,78.6448,77.4661,73.8783,75.8024,69.2026,70.6045,67.1193,65.6049,62.4260,58.5235,61.2944,55.9464,55.0091,56.8595,54.2310,52.4976,0.0000,0.0000,0.0000,0.0000,0.0000,0.0000,0.0000,0.0000,0.0000,0.0000,0.0000,0.0000
1700000008.200000,-57.8,103.1746,103.4698,103.0776,101.2423,100.4988,96.5660,97.5295,96.6488,97.4936,99.2824,100.1798,98.8989,99.5389,96.5660,98.6154,100.4639,96.3846,97.7394,94.9210,97.1442,95.6347,95.8593,93.9840,95.5092,94.2444,98.3514,96.7988,95.2733,95.2733,95.2733,93.4077,89.8999,89.8999,89.0000,87.6584,85.0882,83.2406,80.2621,80.2621,77.1038,76.2758,70.2140,70.8025,68.0074,66.2193,66.0681,62.2415,62.2896,60.8112,59.3970,58.7282,57.2014,0.0000,0.0000,0.0000,0.0000,0.0000,0.0000,0.0000,0.0000,0.0000,0.0000,0.0000,0.0000
1700000008.250000,-59.3,99.5691,91.2634,97.4166,91.6079,94.0213,87.3212,89.3756,91.5478,90.5538,91.3510,92.0217,94.0479,94.0479,91.9348,89.8053,94.3663,84.0238,89.4986,85.1469,88.6172,89.2749,88.7299,90.2718,88.4081,92.4554,88.6172,88.4081,88.4081,85.2115,89.6270,83.7377,87.8635,83.4865,80.6226,81.3449,82.0366,77.7817,75.1665,70.0357,70.7672,69.4262,65.1920,66.2193,61.2209,58.4123,58.8218,56.8595,55.2268,55.2268,53.3385,52.8015,50.6952,0.0000,0.0000,0.0000,0.0000,0.0000,0.0000,0.0000,0.0000,0.0000,0.0000,0.0000,0.0000
1700000008.300000,-60.3,102.4597,103.4070,102.3181,99.9600,99.1615,96.2549,94.0213,93.9149,95.2733,94.3663,94.3663,94.5145,98.6154,97.1288,98.9798,93.8136,95.1893,92.0869,96.5194,91.9239,92.6499,92.3580,89.3085,94.5780,94.6256,94.5780,92.9139,91.8096,92.9624,91.2688,89.6939,88.8369,90.3549,86.3539,84.9706,84.5281,81.0247,78.0000,75.7694,75.7694,71.1688,70.9366,68.9638,66.4078,64.8460,60.8769,59.0339,61.0000,57.8705,57.5587,54.3323,52.0865,0.0000,0.0000,0.0000,0.0000,0.0000,0.0000,0.0000,0.0000,0.0000,0.0000,0.0000,0.0000
1700000008.350000,-64.0,101.5332,102.4744,98.6154,100.7224,99.6444,97.4166,94.5780,94.0319,94.4034,96.8349,97.0052,96.2133,97.4526,95.1315,95.4254,95.0158,94.0691,95.2680,94.0691,94.1754,92.8493,95.0158,90.7855,91.9239,94.1116,89.9389,91.4385,91.2853,92.1954,87.8635,89.4986,86.8332,87.6185,83.0060,82.4197,81.3019,83.2166,79.0759,73.9256,71.6938,70.2353,70.6612,70.2140,65.7951,64.4748,61.4654,60.7454,59.4643,60.7289,58.8218,55.9017,55.2268,0.0000,0.0000,0.0000,0.0000,0.0000,0.0000,0.0000,0.0000,0.0000,0.0000,0.0000,0.0000
1700000008.400000,-63.6,97.3242,100.8067,99.4636,98.2700,94.1488,93.3916,93.4077,91.9239,96.5660,92.6553,94.8683,91.0824,93.2309,93.9840,93.4077,92.4770,94.1541,92.4770,90.6201,93.2309,91.7606,92.3093,89.6939,90.3770,90.8020,93.6216,90.6201,88.3912,88.6002,87.0919,89.5377,84.7585,83.8153,84.4334,83.6780,81.7435,82.0061,75.7100,71.0634,73.3485,68.7314,67.8970,66.6108,63.5059,60.2993,61.0328,60.0083,58.0000,58.0000,56.1427,56.1427,54.3323,0.0000,0.0000,0.0000,0.0000,0.0000,0.0000,0.0000,0.0000,0.0000,0.0000,0.0000,0.0000
1700000008.450000,-60.1,103.6195,102.3181,102.4597,100.2447,99.9300,98.9798,100.4241,97.5141,97.5141,97.5141,97.8621,98.0612,98.3107,98.1529,97.0155,97.6217,95.4254,93.5361,95.2575,96.3328,94.4299,93.1343,93.1933,95.3363,93.3435,93.4345,91.0494,93.1933,91.3510,91.2688,92.4392,91.3510,85.5862,85.5862,85.1587,84.1724,80.8950,78.4474,75.6902,72.1249,74.4648,68.9638,66.7608,66.0984,65.1460,63.3246,63.9062,59.8080,59.5063,53.7122,55.9464,56.4358,0.0000,0.0000,0.0000,0.0000,0.0000,0.0000,0.0000,0.0000,0.0000,0.0000,0.0000,0.0000
1700000008.500000,-60.2,107.9120,105.1523,105.4751,103.7738,102.0833,103.0776,99.7647,100.3444,102.9563,99.2824,101.5529,100.2247,99.4032,98.6154,99.8098,100.0900,98.2344,100.3045,97.6934,98.0867,95.8541,95.2733,96.5660,98.0816,97.1442,94.9210,97.4987,96.3846,91.7606,95.8541,90.3770,92.1358,89.4427,87.6584,86.8332,86.4523,85.0000,79.9250,77.3886,76.2758,76.0066,71.0282,69.6563,67.0075,65.4370,65.1920,64.3817,61.5224,59.3970,60.8769,57.3847,56.2228,0.0000,0.0000,0.0000,0.0000,0.0000,0.0000,0.0000,0.0000,0.0000,0.0000,0.0000,0.0000
1700000008.550000,-64.2,104.0192,104.6375,102.9417,101.6710,99.1564,99.1564,98.5951,99.7647,99.0353,96.1665,98.3514,99.9050,98.4937,99.1564,99.0858,99.2472,95.0158,95.7758,97.9490,97.0000,93.3809,97.0824,93.5094,94.6414,94.6414,95.2680,92.8493,93.7230,95.0158,90.6863,87.6926,91.9239,89.1067,87.7838,83.6301,83.4506,83.4865,81.0555,77.0065,75.2861,76.4003,72.2011,70.1783,66.8506,65.8635,62.6099,62.1772,58.1378,60.3738,57.2713,58.6941,55.0273,0.0000,0.0000,0.0000,0.0000,0.0000,0.0000,0.0000,0.0000,0.0000,0.0000,0.0000,0.0000
1700000008.600000,-65.0,105.4751,104.1777,101.1336,102.3181,100.2247,100.1798,100.6231,98.8382,101.5332,96.6488,98.6154,101.2126,100.3444,98.4886,100.7025,96.5660,95.6922,92.7847,97.0979,99.2975,96.0417,95.4149,95.6922,94.8683,97.0824,93.1933,95.4149,94.0319,94.1541,91.5860,91.9239,88.6848,89.0674,86.7698,82.7647,81.4371,80.6226,79.7057,73.7360,77.1622,70.2282,69.8928,68.0074,65.0000,62.9365,60.4152,62.5859,61.0000,61.8142,57.4282,56.2228,57.0351,0.0000,0.0000,0.0000,0.0000,0.0000,0.0000,0.0000,0.0000,0.0000,0.0000,0.0000,0.0000
1700000008.650000,-58.6,104.2017,98.8382,108.7474,101.5185,102.5524,95.0789,99.0202,99.6243,97.4166,100.8811,101.5135,98.3717,99.6243,100.1699,99.4585,100.6628,96.3172,96.7729,96.3172,99.6394,96.5401,95.7079,96.3172,97.8621,97.0824,94.9210,91.9837,96.1041,93.3916,96.1041,90.7083,89.4986,92.4175,87.8009,86.1278,84.1190,83.1685,78.7718,75.7694,73.1642,73.7360,68.1542,66.2118,66.6408,66.1891,64.4050,63.0635,58.6686,58.6686,55.4707,56.0357,53.0754,0.0000,0.0000,0.0000,0.0000,0.0000,0.0000,0.0000,0.0000,0.0000,0.0000,0.0000,0.0000
1700000008.700000,-63.5,101.5332,102.3035,102.6158,101.0445,98.8130,96.0208,95.4411,94.0479,95.4149,94.8683,97.0979,97.0979,97.4166,94.5145,93.2952,95.3834,94.4140,93.1504,93.1504,96.6488,95.7183,93.1504,91.7878,92.1358,91.2414,89.9444,90.4268,91.3017,88.5889,89.9444,87.6641,84.5991,86.8217,81.8413,83.0060,83.0060,79.4040,76.6942,72.0069,73.6614,70.9366,67.2086,67.2086,66.5282,62.9682,61.7171,61.2209,63.2535,56.4004,55.4707,53.2353,53.2353,0.0000,0.0000,0.0000,0.0000,0.0000,0.0000,0.0000,0.0000,0.0000,0.0000,0.0000,0.0000
1700000008.750000,-61.4,100.2098,102.0784,99.5691,97.9081,95.1893,96.5660,94.5145,96.1769,94.4140,96.1769,97.0464,97.9439,97.5090,96.1769,97.0824,93.2309,93.9840,92.3093,91.5478,93.0484,91.1811,94.8683,92.4770,90.7579,95.1893,91.0824,91.7061,91.4166,88.8651,87.9204,84.5044,88.6002,86.7295,82.0792,82.0792,82.2922,76.9220,74.3034,73.3553,73.4302,71.5891,68.0955,67.1193,64.8999,61.5873,56.8595,58.8218,58.5235,53.8238,55.9732,56.5685,55.2268,0.0000,0.0000,0.0000,0.0000,0.0000,0.0000,0.0000,0.0000,0.0000,0.0000,0.0000,0.0000
1700000008.800000,-62.3,105.6882,104.6757,103.7401,103.4456,98.4937,100.2846,101.3903,100.9604,99.6895,98.2700,102.6109,98.3107,100.0200,99.6394,98.8433,98.0051,101.5972,94.7629,95.3363,94.6414,94.8947,94.7629,91.6624,93.1933,94.3398,95.2575,94.2603,91.6624,94.4299,88.5664,87.3670,86.7006,88.8144,84.1724,86.4928,80.2808,81.2158,79.0759,75.1864,76.6551,68.9638,70.2140,66.4078,65.5210,62.2977,62.0322,61.4654,60.8276,53.2259,57.4543,58.1378,54.0833,0.0000,0.0000,0.0000,0.0000,0.0000,0.0000,0.0000,0.0000,0.0000,0.0000,0.0000,0.0000
1700000008.850000,-64.6,104.9381,100.9752,103.7545,100.2846,102.7716,95.9010,99.8248,97.7446,98.9545,98.4937,98.7623,96.1665,99.6243,96.4624,93.6056,97.7190,93.0054,96.4624,92.0272,94.2444,92.3580,94.5780,92.0272,93.4077,94.3398,90.7579,91.0824,90.8240,87.2812,89.1964,85.0706,86.9770,88.8876,80.3617,83.6780,81.7435,79.5550,77.8781,75.1332,72.8354,71.8471,66.0984,69.4622,63.2851,63.2851,63.0317,60.0333,58.0000,58.0086,57.0789,56.2228,54.5894,0.0000,0.0000,0.0000,0.0000,0.0000,0.0000,0.0000,0.0000,0.0000,0.0000,0.0000,0.0000
1700000008.900000,-61.1,102.8834,105.6882,100.4639,108.0787,100.7224,104.2785,100.2247,100.6479,100.1798,98.4124,101.7104,99.4786,101.7104,98.1122,101.7104,97.6166,102.6255,95.1893,99.0202,94.3398,95.1893,92.3580,91.2688,95.2103,93.0054,94.6256,95.2103,90.4434,94.5780,88.2043,91.4166,89.1852,89.1852,85.4751,87.2066,83.2406,81.6333,78.2943,76.9220,74.3236,73.1642,69.4622,68.9420,66.4831,61.6847,61.0328,61.9839,61.6847,57.0701,58.2495,55.9017,55.1453,0.0000,0.0000,0.0000,0.0000,0.0000,0.0000,0.0000,0.0000,0.0000,0.0000,0.0000,0.0000
1700000008.950000,-63.5,102.4597,101.0742,101.5529,102.8834,99.2975,97.0618,101.2126,99.3630,97.6166,98.2700,97.0979,95.4149,100.6876,98.4784,95.1315,97.0824,92.4175,96.2601,93.2309,93.8136,92.6553,92.6553,90.8020,88.8651,92.6175,91.2140,92.0054,90.4268,89.0505,90.6035,85.2115,87.4185,88.2327,82.3772,83.5284,81.3019,80.7775,79.0759,75.6637,72.8972,69.7711,66.6483,67.6240,62.2415,59.6154,61.3514,59.8080,61.6847,59.2030,55.5428,54.3415,52.2398,0.0000,0.0000,0.0000,0.0000,0.0000,0.0000,0.0000,0.0000,0.0000,0.0000,0.0000,0.0000
1700000009.000000,-60.0,101.4150,98.8585,102.9563,101.6071,102.1078,96.6282,97.6217,97.2523,97.4166,96.3328,97.4166,99.1816,98.1275,98.1275,98.1275,96.0833,95.0842,94.0479,93.0484,94.0053,92.0217,93.0215,90.0500,92.0217,91.0494,92.0217,94.0053,90.1388,87.0517,86.1452,86.3713,87.2812,85.3756,83.4865,82.6075,78.7718,78.2624,78.4474,74.2159,74.4648,69.9214,71.1688,68.6222,64.5136,62.9682,59.8080,60.1664,57.6975,56.7979,56.4358,53.3385,56.0357,0.0000,0.0000,0.0000,0.0000,0.0000,0.0000,0.0000,0.0000,0.0000,0.0000,0.0000,0.0000
1700000009.050000,-61.3,106.1508,105.7592,104.9952,107.9352,101.8283,103.0776,101.0198,99.6243,102.4158,100.4390,103.4698,99.8649,102.9029,104.5610,104.3072,96.8969,96.3846,95.7183,98.6154,93.9415,96.2549,96.6488,92.4392,93.5361,96.3846,93.4773,93.9149,91.3017,95.7706,89.9444,91.9239,87.8180,88.8369,87.3670,86.2844,80.7094,80.2122,79.0253,77.4661,77.6209,73.2462,72.4707,69.3109,67.9412,63.7024,63.6553,61.5549,62.2415,58.7963,58.2495,57.6888,55.9464,0.0000,0.0000,0.0000,0.0000,0.0000,0.0000,0.0000,0.0000,0.0000,0.0000,0.0000,0.0000
1700000009.100000,-60.6,112.2720,108.8118,111.4271,108.7842,108.1573,103.1213,105.8489,100.8464,107.1541,107.4244,103.8701,103.7882,106.1037,106.5129,104.2161,102.8591,103.3102,100.6479,98.8838,100.7224,100.1848,99.8499,98.9798,98.6154,101.3558,97.1288,98.6154,93.5361,92.6607,92.6607,92.1792,93.0591,90.3383,85.4927,88.5664,88.1419,85.2350,83.3847,80.9938,77.4919,76.5376,73.6817,69.9214,68.6804,66.2193,65.9697,64.7611,62.9682,62.5140,61.4003,62.2013,59.0339,0.0000,0.0000,0.0000,0.0000,0.0000,0.0000,0.0000,0.0000,0.0000,0.0000,0.0000,0.0000
1700000009.150000,-62.7,105.5462,107.3546,107.7033,105.1903,102.4744,105.6788,102.6255,99.6444,102.0833,101.0198,104.0433,101.2571,103.4698,102.8008,101.2126,98.2344,98.8585,95.4254,101.0445,99.8098,95.8019,98.2344,91.5478,95.1315,94.3663,94.3663,93.0860,90.9065,93.7230,91.8314,91.8314,90.6035,90.4434,84.8764,88.8144,80.9938,83.4865,79.3221,79.0759,76.5376,73.9256,74.3034,68.4251,70.6824,65.7419,65.3911,63.9062,62.0322,57.2451,59.2030,60.6383,57.0701,0.0000,0.0000,0.0000,0.0000,0.0000,0.0000,0.0000,0.0000,0.0000,0.0000,0.0000,0.0000
1700000009.200000,-61.3,108.6830,104.1393,108.6646,103.9471,104.9381,101.7104,102.4890,103.3102,103.3925,103.0776,102.2399,103.0776,103.0776,103.1213,101.0445,99.0454,98.0204,99.0808,96.0833,100.0000,96.0052,98.0051,96.0000,94.0479,97.1288,93.0860,92.0869,96.0469,92.0054,95.0053,88.0227,91.0220,92.0217,87.0517,88.1419,87.2066,85.2878,79.6304,78.6384,73.6817,76.1183,74.1485,71.3092,67.0820,69.2315,66.4906,64.5601,65.8027,60.7454,60.5392,60.4152,61.2944,0.0000,0.0000,0.0000,0.0000,0.0000,0.0000,0.0000,0.0000,0.0000,0.0000,0.0000,0.0000
1700000009.250000,-63.2,100.5684,98.6712,98.6712,99.0404,99.4585,96.5660,94.5939,96.5401,97.5141,92.1954,95.8019,97.2934,99.0404,96.8814,97.0824,96.3379,93.9042,92.0706,93.0591,91.7878,92.2280,90.7965,92.0706,88.4590,89.8053,90.5538,88.6848,85.8429,87.8237,85.4751,85.0000,86.7006,85.3288,80.8084,84.7231,81.5843,79.0759,75.6902,71.5681,71.1688,70.2140,70.6045,65.7875,63.3246,62.0322,59.5063,59.0931,59.9416,59.1693,56.9386,56.3028,56.6127,0.0000,0.0000,0.0000,0.0000,0.0000,0.0000,0.0000,0.0000,0.0000,0.0000,0.0000,0.0000
1700000009.300000,-63.4,107.4802,107.4895,104.6614,106.7755,104.6518,102.8251,101.9804,102.3035,104.2353,98.0816,104.4845,100.6032,104.8093,101.2126,101.5332,102.0049,100.2098,97.6166,98.0051,98.0051,97.0824,97.0824,93.2309,95.6922,96.5194,95.7183,94.8683,94.8683,94.8683,90.1388,89.6270,89.8721,90.0000,86.0523,85.0000,80.4301,80.2808,83.5464,79.9312,79.2465,77.0779,76.3675,72.9178,67.8970,70.0357,64.5368,62.6259,63.8201,60.4649,61.2944,62.6498,59.9333,0.0000,0.0000,0.0000,0.0000,0.0000,0.0000,0.0000,0.0000,0.0000,0.0000,0.0000,0.0000
1700000009.350000,-63.5,112.6055,107.5174,110.4400,107.2054,107.2800,102.8834,106.2309,104.0481,106.9626,106.7380,105.9906,109.0413,104.9238,104.7378,101.7890,105.5462,102.5914,105.0762,97.5141,101.5972,96.3379,101.5972,100.8415,102.2399,98.3260,94.5304,94.3398,99.4082,94.2603,98.5089,93.0591,92.0706,93.3809,90.6090,88.6454,89.6270,87.5557,82.9699,80.9568,78.1601,79.8123,72.8011,75.6108,73.3894,69.6419,65.9242,67.1193,67.6240,65.2993,62.7694,63.8122,61.0328,0.0000,0.0000,0.0000,0.0000,0.0000,0.0000,0.0000,0.0000,0.0000,0.0000,0.0000,0.0000
1700000009.400000,-60.0,107.5639,103.4456,104.9952,102.4890,106.5692,98.6813,104.5466,101.3903,104.0000,104.5466,100.8464,103.8701,104.0000,101.7693,101.2373,103.7545,98.3870,99.8098,96.1509,97.9490,95.7131,96.1509,96.1769,95.7706,94.5145,92.6607,93.2952,93.5361,91.2414,93.1504,89.0056,93.0376,91.2360,86.7640,85.9069,89.5545,83.5703,80.6536,80.0062,78.1089,78.4347,72.1249,74.7262,69.3758,70.3420,67.4685,64.1327,64.9384,64.3817,62.1289,61.0328,56.0089,0.0000,0.0000,0.0000,0.0000,0.0000,0.0000,0.0000,0.0000,0.0000,0.0000,0.0000,0.0000
1700000009.450000,-63.5,110.1681,107.5639,110.8873,105.0762,107.7868,104.4797,104.2353,103.2376,106.0424,106.1179,106.0424,105.0190,106.0189,102.0196,99.0454,103.0194,100.0450,105.0190,101.0792,101.1237,97.0824,99.1262,97.0206,98.4124,95.1315,97.3293,97.0464,99.1816,94.2603,98.2497,94.0479,92.0217,97.0052,91.0000,88.0227,91.0055,88.2043,83.2166,81.3941,77.4145,79.4040,75.2396,78.0897,70.8590,71.1969,67.1863,65.5210,65.2533,62.6259,64.8460,63.5610,60.9016,0.0000,0.0000,0.0000,0.0000,0.0000,0.0000,0.0000,0.0000,0.0000,0.0000,0.0000,0.0000
1700000009.500000,-61.8,111.4002,109.7725,109.3846,110.3087,107.5639,109.7315,108.4666,105.0048,106.8925,106.9018,107.2800,109.2016,106.0424,107.4477,104.5466,106.5129,104.3456,103.5857,102.7716,101.0000,101.2028,101.9804,99.6394,101.2719,101.4347,100.4490,99.9850,103.4070,100.4490,100.2846,94.9210,99.0404,95.7079,92.8924,90.2441,89.7385,89.4986,84.1190,83.1685,83.5703,81.9329,77.4919,77.4726,74.8465,71.1758,68.9420,68.4251,69.3542,66.3702,67.6757,64.3506,64.0312,0.0000,0.0000,0.0000,0.0000,0.0000,0.0000,0.0000,0.0000,0.0000,0.0000,0.0000,0.0000
1700000009.550000,-63.8,103.7304,103.4650,105.6882,103.4650,101.3903,100.4639,99.8098,99.3177,100.2247,96.6075,103.3151,101.5529,100.6231,95.7706,98.9798,97.5295,95.8801,95.0158,97.9439,97.0979,93.2952,93.4933,93.8136,94.3398,92.9624,91.5860,92.1141,92.4392,91.8096,89.6939,90.9175,90.2109,89.3588,86.0930,86.4523,86.3134,85.0000,82.4621,75.7694,76.2168,76.5376,72.4500,70.2140,70.8802,69.2604,64.5601,64.5601,63.1506,59.0339,61.2944,61.0328,58.0086,0.0000,0.0000,0.0000,0.0000,0.0000,0.0000,0.0000,0.0000,0.0000,0.0000,0.0000,0.0000
1700000009.600000,-63.6,101.1187,98.9949,100.7174,100.8415,99.7246,96.5194,101.4938,96.4210,98.1835,98.0051,102.0441,101.0792,98.0000,98.0051,95.0474,97.0000,100.0050,95.0210,95.0842,96.0469,95.0053,94.0851,93.0860,93.3435,94.2603,91.1373,92.1954,94.1329,92.1954,91.1976,90.0222,93.0054,90.0056,88.0000,86.0523,85.0235,86.0233,78.1601,77.3175,74.5453,77.7817,72.6911,74.3303,70.0357,67.6831,65.5210,65.9697,63.6003,63.9062,61.0328,61.3270,60.8276,0.0000,0.0000,0.0000,0.0000,0.0000,0.0000,0.0000,0.0000,0.0000,0.0000,0.0000,0.0000
1700000009.650000,-60.8,101.6366,103.4698,98.2344,103.8171,99.2975,98.6813,102.7862,99.0404,96.1665,95.2103,100.9604,98.9545,98.4937,99.4585,99.9250,94.8314,97.5141,93.8616,96.8814,97.0824,94.9210,96.8814,91.4112,95.1893,94.7259,93.0591,94.0479,92.2280,92.2280,92.2280,90.0278,89.8220,89.2693,86.5852,88.0568,83.5225,85.4400,79.7120,81.1542,77.8332,76.5506,74.8465,71.1126,70.6824,66.7083,67.1193,67.0820,64.4981,64.4050,60.6053,61.7171,58.7282,0.0000,0.0000,0.0000,0.0000,0.0000,0.0000,0.0000,0.0000,0.0000,0.0000,0.0000,0.0000
1700000009.700000,-55.6,108.4066,105.7592,106.5270,105.1190,106.4049,103.2763,102.7278,102.5914,106.0754,104.6614,106.1037,108.3005,104.8046,102.7278,103.2763,104.9952,101.4150,99.1564,96.6747,97.7446,98.7168,98.4937,100.1249,100.4241,97.0052,100.2098,102.0049,98.2344,96.6747,100.4241,97.0824,97.1854,94.1754,95.5249,93.3381,90.5207,90.5207,88.4138,87.7838,84.6463,84.0238,78.6448,78.0064,73.6003,75.7166,71.8679,68.6003,68.8840,68.8840,67.5426,66.8506,64.5136,0.0000,0.0000,0.0000,0.0000,0.0000,0.0000,0.0000,0.0000,0.0000,0.0000,0.0000,0.0000
1700000009.750000,-61.4,105.0048,103.0194,102.0196,102.0196,101.0445,101.2423,98.5089,101.7104,97.5141,98.0051,100.9752,98.0612,103.0970,101.2719,99.1413,98.4886,98.4886,98.0612,99.6895,98.7168,96.7729,95.8019,95.8019,97.2677,97.0155,95.0789,100.4241,95.3415,96.7729,92.8924,92.1954,93.9415,91.0824,94.2019,88.9550,87.6926,88.5664,86.2844,83.4865,83.0963,79.0253,78.0256,76.0000,75.0067,72.1734,67.1193,65.6201,69.4622,64.9384,64.3273,62.6418,63.3246,0.0000,0.0000,0.0000,0.0000,0.0000,0.0000,0.0000,0.0000,0.0000,0.0000,0.0000,0.0000
1700000009.800000,-59.7,104.8093,100.3444,101.2423,99.1262,97.0979,98.7370,100.6876,96.0208,99.4032,100.4241,98.4073,99.4887,95.9010,99.1564,98.4124,98.2904,95.4830,92.6553,91.9348,94.0479,94.0479,96.3328,94.7945,95.9010,97.1854,95.0158,96.5401,95.6033,94.4934,94.6414,90.0278,89.9389,91.3510,89.1403,90.5538,88.3912,86.2786,83.7377,82.8794,79.9812,77.3369,76.6942,76.8375,73.2462,72.0069,66.8506,69.0652,66.8506,65.3682,64.4127,64.8460,61.0983,0.0000,0.0000,0.0000,0.0000,0.0000,0.0000,0.0000,0.0000,0.0000,0.0000,0.0000,0.0000
1700000009.850000,-59.1,107.2007,107.2007,113.7717,105.5462,103.7545,103.3683,105.5130,103.0922,104.9952,102.2008,106.6068,106.9018,106.9766,104.5466,101.3903,101.2373,99.3177,99.4032,101.5185,99.7447,100.2247,101.5185,95.7079,100.7224,102.0833,100.1848,101.3558,99.2975,97.9439,98.1122,100.3444,97.5295,97.0464,96.6075,96.7729,97.0824,95.4620,90.8735,86.5390,83.9345,85.4400,82.5409,79.1202,77.8845,74.3303,73.4983,72.5672,70.6116,69.8713,67.3647,66.2722,66.0076,0.0000,0.0000,0.0000,0.0000,0.0000,0.0000,0.0000,0.0000,0.0000,0.0000,0.0000,0.0000
1700000009.900000,-61.7,109.1650,106.5129,102.5524,100.3195,104.5466,97.3088,99.3680,98.6813,98.9798,101.5332,101.3903,103.5857,101.4150,99.6895,95.5667,103.1601,99.6394,98.3107,95.0368,96.3379,94.5410,94.5410,94.6414,97.2523,98.0051,95.2575,98.3260,95.5249,95.5249,98.4124,92.0706,95.1893,93.7443,93.3916,90.8020,91.4112,89.2693,88.6454,86.1278,83.1685,80.0062,80.9568,77.8332,73.6817,71.3092,71.1758,69.8570,67.1193,66.7308,65.0000,65.1920,59.8164,0.0000,0.0000,0.0000,0.0000,0.0000,0.0000,0.0000,0.0000,0.0000,0.0000,0.0000,0.0000
1700000009.950000,-65.6,101.1781,102.1225,99.7246,102.8251,98.0051,97.0155,97.8673,97.1648,95.7079,96.7729,97.7446,97.5295,95.3363,98.3514,97.8008,94.5569,96.9330,97.1442,94.1541,95.8175,97.7394,94.3398,93.4077,94.5410,95.7549,94.9368,92.1954,94.4299,92.1954,93.0376,94.5410,94.3398,90.4765,90.7579,91.7061,87.6413,92.3472,84.4808,82.7103,83.6780,80.5233,78.4474,76.1183,74.8131,74.6726,72.1734,69.1809,69.0290,66.0000,65.0077,66.0076,62.2896,0.0000,0.0000,0.0000,0.0000,0.0000,0.0000,0.0000,0.0000,0.0000,0.0000,0.0000,0.0000
1700000010.000000,-63.2,107.2800,106.4800,105.2616,106.9626,101.0000,102.5914,102.4207,100.1299,101.8332,100.4988,102.3132,103.3102,102.1763,101.1781,103.0776,100.0200,102.0000,99.0000,101.0198,101.0445,100.0200,99.0454,98.0816,100.2447,101.1781,101.2423,101.2423,99.1262,102.2399,98.3260,100.0450,99.0202,99.0202,95.0053,98.0051,93.0215,92.0869,90.3549,88.3629,88.3629,81.6150,82.7345,80.0625,78.4474,75.7100,74.9533,70.3420,70.8802,67.3573,68.7095,65.3070,63.5295,0.0000,0.0000,0.0000,0.0000,0.0000,0.0000,0.0000,0.0000,0.0000,0.0000,0.0000,0.0000
1700000010.050000,-62.6,102.7278,99.9050,101.6710,100.4241,96.6075,97.4166,97.0824,96.2549,98.2700,96.0417,97.7548,96.2549,98.8838,98.8838,96.2549,97.5090,97.4936,93.0376,97.6934,97.0824,94.9368,97.3088,96.2081,95.8593,96.7988,95.8593,98.3514,93.3006,94.8683,93.4077,96.9330,93.2309,94.0213,93.5201,93.9415,88.5664,88.5664,86.8332,86.0930,85.2350,80.4550,80.1561,78.6003,76.4003,71.4003,70.6045,70.2922,69.3109,67.8970,65.7647,67.2681,62.2013,0.0000,0.0000,0.0000,0.0000,0.0000,0.0000,0.0000,0.0000,0.0000,0.0000,0.0000,0.0000
1700000010.100000,-64.4,98.5951,94.8472,97.0000,96.8762,91.2195,91.9348,92.0978,91.4385,92.6984,93.2363,94.0213,94.6414,95.4254,95.2103,98.0051,92.0869,91.5260,90.4268,92.6499,92.4392,91.2688,93.4933,88.3233,90.9175,93.1504,94.5145,91.7878,91.4166,94.1541,92.7847,92.1141,92.4392,92.6499,88.2327,92.4175,85.8021,88.2383,84.3860,82.9759,83.6301,77.0779,76.4199,74.9667,70.0928,69.4262,66.6033,70.0000,65.0000,66.2873,63.6318,61.0574,60.0083,0.0000,0.0000,0.0000,0.0000,0.0000,0.0000,0.0000,0.0000,0.0000,0.0000,0.0000,0.0000
1700000010.150000,-63.8,103.5809,98.7623,100.8811,97.1236,98.6813,91.5478,95.8541,97.0824,95.7549,99.7447,96.6075,97.0618,100.6231,94.8262,96.1769,98.2700,95.4149,98.1835,93.4933,95.6922,93.1933,100.1249,97.4166,95.2103,97.4166,95.8019,99.8098,99.2018,95.2103,98.4733,88.2043,97.3499,94.8736,92.3580,93.2952,93.8136,90.8240,87.7097,86.7640,84.9706,84.5281,78.0000,78.9240,73.3894,73.3894,73.3757,68.9638,69.3758,69.4262,65.1153,63.6396,67.0000,0.0000,0.0000,0.0000,0.0000,0.0000,0.0000,0.0000,0.0000,0.0000,0.0000,0.0000,0.0000
1700000010.200000,-67.9,100.6876,91.2140,101.0000,93.6216,97.6729,93.7443,96.1769,93.6483,93.9042,93.3435,94.1329,97.3293,97.1854,95.0474,94.0851,94.0053,91.0055,93.0054,93.0215,93.0484,93.0215,93.1343,91.1976,94.3398,96.4210,93.3435,94.4299,98.2497,94.1913,95.4254,93.0484,94.0851,96.0000,91.0055,91.0055,88.0227,86.0523,82.1523,85.2878,80.3057,82.4924,75.6637,77.1038,73.8241,73.3485,67.4685,67.4463,67.6757,67.4166,65.1920,64.0781,60.0333,0.0000,0.0000,0.0000,0.0000,0.0000,0.0000,0.0000,0.0000,0.0000,0.0000,0.0000,0.0000
1700000010.250000,-59.1,107.2986,102.8251,101.9804,101.1781,100.4191,98.2904,99.1564,97.8366,97.9490,96.5401,100.8960,98.4073,100.6032,100.8018,100.4390,100.1249,97.4166,97.9439,97.7548,97.6166,97.2471,98.9798,95.3834,98.4124,98.0051,99.7647,100.6231,98.4124,99.2975,99.2975,98.9798,98.1122,97.7548,96.5660,95.1893,92.6499,92.0869,90.0000,87.4586,86.6833,85.2760,81.0555,81.4678,77.8974,75.0733,72.1249,73.5935,72.2496,69.6563,69.6348,66.2873,64.0078,0.0000,0.0000,0.0000,0.0000,0.0000,0.0000,0.0000,0.0000,0.0000,0.0000,0.0000,0.0000
1700000010.300000,-62.8,101.2373,102.5524,102.0441,99.3177,96.1769,94.8262,95.1893,94.6678,94.3398,97.0824,98.2293,97.4166,98.0051,96.2133,97.6166,97.4526,94.4934,96.3328,94.1754,97.0000,96.3328,95.5249,93.5094,96.8762,97.5910,96.1769,96.1769,97.0000,94.7523,98.4124,97.7446,96.3328,98.0816,91.5478,92.4554,90.6035,90.6035,89.8721,86.6083,82.1523,82.6801,79.4040,81.6333,77.4145,72.0069,73.3485,71.6938,68.7095,68.6222,68.3081,65.5134,61.6604,0.0000,0.0000,0.0000,0.0000,0.0000,0.0000,0.0000,0.0000,0.0000,0.0000,0.0000,0.0000
1700000010.350000,-62.2,97.2677,102.3572,90.2497,96.7678,91.4166,92.3472,90.7579,92.0272,88.9550,90.2497,92.1954,94.3716,93.0215,93.0215,95.7131,90.8240,93.5361,92.1792,95.3834,91.3017,92.6607,91.9239,89.9444,92.3580,91.0659,94.8736,98.1122,92.2822,94.6678,95.7706,93.9415,93.4773,92.7038,89.8999,90.4765,85.2350,85.7963,85.7963,84.1546,80.6536,77.6209,79.5550,76.6551,76.1577,71.1969,67.4759,67.1193,67.3647,65.0308,64.0078,62.0725,63.3877,0.0000,0.0000,0.0000,0.0000,0.0000,0.0000,0.0000,0.0000,0.0000,0.0000,0.0000,0.0000
1700000010.400000,-59.8,104.0000,100.0050,99.0454,99.1262,97.2523,97.4166,92.3472,96.1769,94.8947,95.7079,95.1262,97.7446,97.0155,93.6216,97.7446,95.0789,97.5295,91.7606,95.5092,95.8175,97.4064,95.8175,95.1893,94.1541,98.2344,97.6934,98.7927,98.7927,97.7394,93.9840,97.0824,96.7678,95.8801,93.6803,95.8019,90.2497,93.1451,86.5852,87.8635,83.5464,80.8950,83.4865,79.4040,77.2334,75.2396,72.0000,72.0000,70.1142,69.0652,66.2722,64.9384,65.5134,0.0000,0.0000,0.0000,0.0000,0.0000,0.0000,0.0000,0.0000,0.0000,0.0000,0.0000,0.0000
1700000010.450000,-63.3,102.0686,98.4124,99.0353,94.0691,94.7523,94.0691,94.7945,94.7945,95.7758,95.9010,97.6166,96.6075,97.4166,95.4411,93.8136,98.1835,94.3398,94.3398,94.1541,94.3398,94.8736,94.1541,95.0158,97.4936,95.7706,96.6488,98.4886,98.4886,95.7706,98.0051,94.6678,97.0979,96.2601,93.8136,93.8136,94.4034,90.8020,87.4586,85.2760,82.8794,84.2912,79.9812,80.6102,75.6902,73.0000,71.0634,71.2180,70.2140,69.0652,67.4166,65.8635,63.5059,0.0000,0.0000,0.0000,0.0000,0.0000,0.0000,0.0000,0.0000,0.0000,0.0000,0.0000,0.0000
1700000010.500000,-63.4,96.2081,93.3809,98.5951,95.7758,94.3663,93.2363,93.4077,93.0054,94.0479,91.5260,92.3580,94.0213,92.7847,92.2822,91.7878,91.3017,89.9611,93.4773,92.6121,93.0215,90.3383,92.7038,93.5201,93.4077,94.5410,94.1541,97.3088,95.3415,96.2081,99.5389,93.4719,97.9490,94.3663,91.7878,91.2414,89.5545,88.3233,86.2844,80.9938,79.6304,81.2711,74.6324,78.6003,74.0270,73.0000,68.6222,67.1789,68.5930,67.4759,65.4370,64.2028,62.7694,0.0000,0.0000,0.0000,0.0000,0.0000,0.0000,0.0000,0.0000,0.0000,0.0000,0.0000,0.0000
1700000010.550000,-60.4,97.9081,93.4933,96.0208,96.2601,92.8009,95.2680,94.3663,92.6984,89.1403,88.3912,91.2195,91.2853,94.3663,95.0158,92.0978,90.6863,96.0469,88.7299,94.4034,93.2363,93.4077,95.6033,89.0505,94.4034,95.4411,97.3499,97.6524,94.4034,95.6033,93.2309,94.8103,92.6175,90.7855,90.9065,95.0158,88.6172,87.1149,86.2670,84.1724,84.8999,79.9812,77.4661,76.8375,75.2130,71.8471,70.1783,68.5055,69.1158,64.0078,64.4050,61.7414,62.9682,0.0000,0.0000,0.0000,0.0000,0.0000,0.0000,0.0000,0.0000,0.0000,0.0000,0.0000,0.0000
1700000010.600000,-61.3,92.1954,93.1933,92.2659,92.4392,90.6697,88.1192,88.9550,91.0055,89.2693,89.2693,89.0225,90.8020,89.8443,89.4930,86.9770,90.6201,89.5545,88.0227,89.9611,91.3893,91.2853,91.7061,90.8020,93.9415,93.0215,92.1303,94.4140,93.5361,93.5361,93.0591,93.4719,93.9149,90.8735,90.8735,86.0058,86.7295,87.4643,83.8153,81.9085,81.2711,78.7464,76.8440,74.4648,74.4648,70.6116,66.0984,66.9104,68.7314,64.1249,65.0308,60.0333,61.2944,0.0000,0.0000,0.0000,0.0000,0.0000,0.0000,0.0000,0.0000,0.0000,0.0000,0.0000,0.0000
1700000010.650000,-61.4,102.5914,100.4390,100.8415,99.9850,98.7320,94.5304,96.5194,95.2575,96.0833,95.0000,99.0051,98.1275,97.1854,98.3260,95.1315,94.6414,98.6154,93.4345,94.6414,97.4166,98.1835,99.6092,98.9949,98.8433,97.3242,96.1769,101.9657,98.3107,99.2975,98.8585,95.5249,101.4002,98.1275,97.0464,95.0474,92.1954,93.1343,88.0227,91.0000,86.0930,87.2812,82.2192,80.7527,75.8024,77.1038,72.2772,73.7564,70.8802,69.5701,66.4078,67.4166,67.5352,0.0000,0.0000,0.0000,0.0000,0.0000,0.0000,0.0000,0.0000,0.0000,0.0000,0.0000,0.0000
1700000010.700000,-62.3,99.2975,95.1315,98.7927,94.0319,96.7471,94.0213,91.2360,90.7855,92.6121,93.9415,96.3846,93.4077,91.7606,97.1442,94.3398,95.2103,93.0054,92.6553,95.3363,96.8401,97.1236,94.3716,93.4077,94.1488,95.5667,93.6216,93.8616,97.0155,96.0469,97.0155,95.8801,97.4166,95.1893,93.4077,92.0272,92.1141,90.2497,88.6397,86.3134,83.1865,83.6481,81.4125,81.3019,76.8505,73.2462,71.2811,71.2180,69.5270,68.0147,67.8970,66.4831,61.8466,0.0000,0.0000,0.0000,0.0000,0.0000,0.0000,0.0000,0.0000,0.0000,0.0000,0.0000,0.0000
1700000010.750000,-62.3,97.4166,91.5860,98.2293,92.0869,92.9139,92.0054,90.6035,91.5478,90.7855,93.3809,93.3488,92.6553,93.3488,90.5538,93.3488,92.0217,88.5268,90.7855,92.1954,92.0217,92.7631,90.1388,91.5478,97.2008,93.4077,94.0213,96.0469,95.2680,92.8009,96.0469,91.5478,95.0158,92.6553,90.5207,87.6926,88.3912,90.5097,84.1724,83.5464,84.3860,78.2432,79.4040,78.8162,74.0608,72.4017,68.8840,70.6612,67.9779,65.7951,64.8845,63.5689,62.8172,0.0000,0.0000,0.0000,0.0000,0.0000,0.0000,0.0000,0.0000,0.0000,0.0000,0.0000,0.0000
1700000010.800000,-60.1,97.8621,89.8220,96.5091,93.2148,88.9550,91.6624,91.3510,91.0879,91.0879,90.0056,93.0000,90.0222,93.0860,93.1343,95.1893,91.2688,93.4345,90.5538,92.9139,91.7878,91.4440,93.9042,91.2414,92.5743,96.1769,96.8814,95.7079,95.0368,97.1648,94.0479,94.5304,97.6217,92.3472,91.3510,92.1954,88.3629,89.0225,88.0057,83.0000,84.0952,79.2275,80.3057,77.4145,75.5381,72.0069,69.2315,68.4471,70.6045,65.9697,63.6003,63.9062,61.7414,0.0000,0.0000,0.0000,0.0000,0.0000,0.0000,0.0000,0.0000,0.0000,0.0000,0.0000,0.0000
1700000010.850000,-61.1,91.2853,89.8053,89.8276,87.0460,85.7963,86.8332,87.0057,88.0057,86.8389,90.9725,89.3085,90.4268,89.1852,89.0674,88.3233,91.2414,89.8944,88.1192,90.3770,90.7855,87.6641,88.5494,91.2853,88.7694,92.3093,91.3893,92.1141,94.9368,91.7878,93.2309,90.3383,90.3770,91.2360,89.5545,89.0674,88.1192,87.4643,81.5414,82.4197,80.1561,77.2010,77.2010,74.0270,71.5891,70.1783,68.6222,68.5930,65.0692,66.0681,63.4114,60.8030,58.8303,0.0000,0.0000,0.0000,0.0000,0.0000,0.0000,0.0000,0.0000,0.0000,0.0000,0.0000,0.0000
1700000010.900000,-58.9,99.0404,91.9239,93.8616,94.8314,93.1719,89.4427,89.8053,88.2836,90.6697,90.6697,92.4392,93.0860,93.0484,90.0888,93.0215,95.0842,91.0494,92.0217,91.0879,92.0869,91.1373,96.1873,93.1933,94.7629,96.4210,94.3398,95.2575,99.6092,93.1933,97.3293,93.0484,96.0469,95.0474,92.0054,91.0055,90.0222,88.0511,86.0523,85.2115,83.4865,83.6002,77.7817,79.9062,73.3485,72.7805,69.3758,69.1231,67.3573,67.3573,64.0781,63.9766,64.4981,0.0000,0.0000,0.0000,0.0000,0.0000,0.0000,0.0000,0.0000,0.0000,0.0000,0.0000,0.0000
1700000010.950000,-67.5,92.6175,94.2019,94.3663,93.6056,92.6984,88.3912,87.6926,88.4138,89.8721,91.3510,93.4077,91.8314,94.8103,93.2309,91.6079,95.1315,92.9624,94.0319,91.5860,94.0319,92.4392,95.0158,93.0591,94.4140,95.2943,95.2943,96.6023,98.4886,92.1303,93.5361,91.7878,93.6483,94.3398,91.2688,91.8096,95.4149,89.5879,91.0220,84.2021,84.2021,84.5044,78.8733,77.9872,72.8629,72.8354,70.7107,68.6804,69.5270,67.0075,67.4240,65.7343,61.7738,0.0000,0.0000,0.0000,0.0000,0.0000,0.0000,0.0000,0.0000,0.0000,0.0000,0.0000,0.0000
1700000011.000000,-64.4,96.1509,90.3549,96.1769,90.5538,91.4166,89.8888,89.8721,91.0220,91.8368,90.0000,93.2363,92.9570,94.2603,94.3663,91.3510,95.5877,92.6337,91.9348,88.3912,91.9348,90.5207,95.4620,92.6984,91.2853,92.0217,97.0000,97.7446,97.6217,96.9381,96.9381,90.5207,94.0691,94.0691,91.4385,89.9389,88.6172,90.4268,87.0057,86.2670,82.3772,81.5414,78.8923,81.0062,75.8024,72.0069,71.1758,69.3542,69.6419,66.1287,65.4599,63.5610,61.9839,0.0000,0.0000,0.0000,0.0000,0.0000,0.0000,0.0000,0.0000,0.0000,0.0000,0.0000,0.0000
1700000011.050000,-64.9,97.0824,91.0220,98.0000,93.0215,95.0842,92.2659,94.6414,90.9340,92.7631,96.0260,94.8947,97.1648,98.2700,98.9545,93.6216,97.4064,91.3947,96.7678,94.8683,98.0816,98.3514,99.9250,98.7927,98.6154,97.8621,98.6154,98.8989,102.6937,94.0213,99.0051,93.9840,97.1442,99.6243,96.4624,92.9731,96.4624,89.9889,88.7694,87.3212,85.5102,85.1469,81.0494,80.6226,76.6551,75.8024,70.3491,72.0278,75.0267,70.0286,66.1211,64.1950,64.5368,0.0000,0.0000,0.0000,0.0000,0.0000,0.0000,0.0000,0.0000,0.0000,0.0000,0.0000,0.0000
1700000011.100000,-65.1,99.3177,92.6121,96.9330,93.0484,93.3006,90.1388,90.1388,90.5207,94.6414,94.5939,93.3916,93.1719,96.3379,95.3520,97.1648,95.0368,90.6697,95.8853,94.4299,95.1893,100.4988,97.4166,94.2603,96.0833,99.1262,97.1854,101.2423,100.3195,99.4082,100.4042,98.7320,97.7394,98.8585,96.3379,96.1041,95.9010,88.2950,92.6499,87.0919,86.0233,85.3815,78.7464,82.0792,74.6726,73.9256,72.8972,70.6612,67.5352,70.4911,67.6757,66.6108,61.7171,0.0000,0.0000,0.0000,0.0000,0.0000,0.0000,0.0000,0.0000,0.0000,0.0000,0.0000,0.0000
1700000011.150000,-59.2,91.2195,89.8276,95.5877,88.0909,91.0494,86.2149,88.0057,86.8389,88.2043,89.0449,91.2634,90.5538,95.1893,89.1852,92.1792,93.5361,90.3383,93.0376,91.2853,94.8472,91.2853,89.9611,96.6075,94.5410,94.9368,94.1541,96.7729,94.4299,97.0824,96.6644,94.3663,95.2575,95.2943,92.1792,90.5538,90.2109,90.1388,87.6584,83.6002,82.0061,83.0060,78.2432,75.8222,71.4493,73.5527,71.4213,68.5930,68.7677,66.7083,65.8027,63.8122,61.2944,0.0000,0.0000,0.0000,0.0000,0.0000,0.0000,0.0000,0.0000,0.0000,0.0000,0.0000,0.0000
1700000011.200000,-62.4,93.4719,89.0056,90.3549,88.8369,88.3233,85.1469,86.2670,86.4002,86.0523,88.0909,91.0494,88.6172,91.2853,91.2195,89.1067,91.2195,91.3510,89.2749,90.1388,95.1315,92.7631,92.4554,92.4554,92.0054,94.8103,94.8103,96.0208,95.6033,95.2680,93.2363,93.7230,98.7168,95.7758,91.2853,91.9674,89.0955,89.8053,85.5862,85.1469,82.8070,80.8084,78.8733,77.8010,75.8024,73.0069,69.3397,68.7968,65.8635,68.0000,64.8845,62.7694,64.8460,0.0000,0.0000,0.0000,0.0000,0.0000,0.0000,0.0000,0.0000,0.0000,0.0000,0.0000,0.0000
1700000011.250000,-60.5,88.9550,88.5664,91.1976,85.2115,88.0227,84.0000,88.0057,86.0930,86.1452,91.4440,90.5538,87.6926,89.8053,86.9770,92.0706,93.3809,88.6454,90.8020,91.4440,90.2441,89.8220,93.6216,93.1719,91.7606,93.8616,91.2140,95.5667,94.3663,93.8616,94.8314,92.9624,93.1719,93.5575,94.7629,92.5419,89.6772,86.4697,85.2115,83.1505,84.0952,81.0000,78.0256,78.0000,73.3348,73.2462,68.8840,68.0661,68.6586,63.7887,64.5136,62.6259,62.2415,0.0000,0.0000,0.0000,0.0000,0.0000,0.0000,0.0000,0.0000,0.0000,0.0000,0.0000,0.0000
1700000011.300000,-61.2,90.6090,91.2853,86.3134,89.8053,84.8646,87.7838,84.9588,86.3713,87.3212,82.8010,86.5332,90.9725,88.5099,87.9830,91.0659,87.9830,90.3549,87.3212,94.4140,88.5889,91.4166,89.0674,89.4707,92.1358,93.9149,93.9149,98.3870,90.8240,96.6023,92.5905,95.3834,94.6678,92.6499,91.5260,90.6973,88.4816,85.7030,83.2346,86.8332,81.5659,75.8222,79.3095,74.2496,74.2496,70.8378,69.6563,68.8840,65.8027,62.1289,62.1289,60.4152,61.2699,0.0000,0.0000,0.0000,0.0000,0.0000,0.0000,0.0000,0.0000,0.0000,0.0000,0.0000,0.0000
1700000011.350000,-62.9,92.2822,85.5862,87.4643,89.0449,87.2009,84.5044,86.4523,84.9588,87.0000,84.8646,86.2786,89.8276,89.3756,87.2066,87.9659,87.6185,90.8020,90.0000,88.4081,91.2634,88.8144,94.0479,90.9725,93.6483,91.8096,95.1893,95.5249,96.8349,91.5260,92.9624,93.2309,95.2103,94.8103,92.2009,94.4034,88.8651,86.0523,85.6329,85.5862,82.7345,81.3204,79.9062,78.5175,74.3303,70.9366,68.0074,67.4759,67.4240,67.4166,67.4166,62.6498,60.4152,0.0000,0.0000,0.0000,0.0000,0.0000,0.0000,0.0000,0.0000,0.0000,0.0000,0.0000,0.0000
1700000011.400000,-60.5,89.8053,87.1321,87.6641,87.6641,87.0976,84.8999,87.3613,84.2021,86.9770,83.2166,85.2350,86.9253,88.1419,88.6397,88.1022,90.3549,89.0056,85.8836,87.7097,88.6848,89.8944,91.4166,88.8369,90.4268,92.7847,92.4392,94.1541,90.9175,92.1792,91.7878,92.6121,93.0215,92.1954,91.7878,89.5545,86.5390,88.0227,85.0706,80.9568,85.7263,78.5875,75.1864,74.5252,73.1642,70.2140,66.7533,66.2722,68.0661,65.0077,65.0000,62.0725,61.6604,0.0000,0.0000,0.0000,0.0000,0.0000,0.0000,0.0000,0.0000,0.0000,0.0000,0.0000,0.0000
1700000011.450000,-60.7,91.4822,90.4710,89.8220,91.2195,88.4590,85.0000,86.7006,84.5931,89.3588,88.1419,89.0225,89.0000,91.0055,90.0222,92.0054,88.0511,90.2718,89.2020,91.6624,91.4440,92.2659,94.4299,91.6624,94.0479,93.5361,95.0368,95.7549,95.5249,95.6347,95.2575,95.2575,94.1329,94.0479,93.0054,92.0000,91.0000,89.0000,84.0536,86.1452,81.3941,82.7345,80.8950,77.2787,76.6877,71.0634,68.0074,71.1688,69.8928,68.3520,64.0781,64.4127,62.9682,0.0000,0.0000,0.0000,0.0000,0.0000,0.0000,0.0000,0.0000,0.0000,0.0000,0.0000,0.0000
1700000011.500000,-59.5,93.4077,92.1954,92.6984,89.1964,89.1403,88.4138,86.4523,87.0460,88.8651,91.2634,93.8136,92.9139,92.6499,94.5780,91.2688,89.0674,91.7061,91.7061,95.7079,97.0464,95.7079,94.8472,93.0376,95.7549,96.1769,95.3415,98.2344,96.2549,97.9439,98.4886,97.9439,97.0618,96.1769,94.3663,95.0158,94.0213,94.6678,88.2043,84.3149,83.4865,86.0233,80.2122,77.2010,77.4661,75.0733,71.5891,69.2965,68.5930,68.1175,70.0000,65.0000,65.7343,0.0000,0.0000,0.0000,0.0000,0.0000,0.0000,0.0000,0.0000,0.0000,0.0000,0.0000,0.0000
1700000011.550000,-63.3,92.0272,88.9550,92.3093,86.5390,88.5494,84.5991,86.9540,84.2199,85.4400,87.6584,90.1388,88.4081,87.4586,87.3212,90.2718,93.4345,88.4590,92.7631,91.9239,95.4830,93.3488,94.7629,93.3381,95.5249,93.4345,95.6713,97.8366,97.6729,95.0158,98.4124,91.9348,96.1769,95.4620,94.8472,92.6984,91.9674,91.5478,86.0523,83.4086,83.8153,83.8153,78.2368,78.7718,75.2928,74.7930,72.2011,71.1126,70.2638,65.5515,66.4078,63.8905,64.3273,0.0000,0.0000,0.0000,0.0000,0.0000,0.0000,0.0000,0.0000,0.0000,0.0000,0.0000,0.0000
1700000011.600000,-58.0,95.8801,97.8008,89.2861,91.2140,87.0976,93.0591,87.8237,88.2780,92.5419,86.1452,94.0053,91.0220,97.0052,93.0860,97.0206,92.3472,95.4254,91.6624,94.6414,97.8673,95.0368,96.8762,95.7549,98.3107,96.6902,100.6231,102.9612,96.0260,101.9804,97.1648,100.8415,99.6092,98.3260,99.4082,98.0459,94.0851,93.0484,90.0000,87.0517,91.0000,81.1542,85.0941,79.1581,81.3941,78.5175,74.5453,74.3303,71.8053,69.3758,68.3081,68.3520,66.2118,0.0000,0.0000,0.0000,0.0000,0.0000,0.0000,0.0000,0.0000,0.0000,0.0000,0.0000,0.0000
1700000011.650000,-63.8,97.0824,92.5743,92.8493,93.0484,89.4930,90.4434,93.6803,90.5207,92.1954,91.0055,95.0368,93.5361,95.4254,93.2631,94.3398,94.1329,95.0210,97.1288,98.0816,100.0050,99.0202,95.0210,95.0053,98.1835,100.3195,102.0784,101.1781,99.0808,100.0800,102.0784,100.0050,100.0050,103.1213,98.1835,99.2472,95.1315,95.3363,93.3435,91.4440,88.2836,86.4928,87.1321,84.4038,81.5843,78.3390,76.2430,74.3303,74.4648,73.9256,70.2140,68.4251,68.0955,0.0000,0.0000,0.0000,0.0000,0.0000,0.0000,0.0000,0.0000,0.0000,0.0000,0.0000,0.0000
1700000011.700000,-58.6,99.3579,96.1769,94.7523,93.3381,91.5478,91.0494,92.0054,92.0054,92.6553,93.1933,96.7988,97.1288,96.6488,99.2975,97.5295,98.4886,99.3177,95.7549,98.2344,98.0867,100.8464,101.9510,97.4987,99.2975,99.9600,105.6882,108.5035,106.9766,103.8171,104.7521,105.3091,105.3091,102.5524,100.7224,98.4124,100.1798,97.9439,92.5905,95.3834,89.1852,90.4268,88.3233,84.3149,83.8153,80.4301,80.2808,78.8733,78.5684,72.1388,72.9178,70.8378,70.4557,0.0000,0.0000,0.0000,0.0000,0.0000,0.0000,0.0000,0.0000,0.0000,0.0000,0.0000,0.0000
1700000011.750000,-62.5,91.6788,88.5889,90.4268,87.4643,93.4933,85.8021,90.4268,87.3212,88.6172,93.5094,94.8472,91.2195,93.3488,96.8762,89.1403,99.1564,92.7631,96.6747,93.8616,97.2008,95.6033,98.6002,96.2133,100.2098,101.6710,96.2601,101.4002,101.4002,98.4733,101.4002,97.2008,95.0000,98.2344,97.8366,95.7758,97.0824,93.4345,89.8276,90.5207,87.6926,84.2199,79.2465,83.7377,78.2432,75.9276,73.6003,73.4983,73.2462,74.7930,73.3485,67.1193,66.4831,0.0000,0.0000,0.0000,0.0000,0.0000,0.0000,0.0000,0.0000,0.0000,0.0000,0.0000,0.0000
1700000011.800000,-61.5,93.3006,89.9889,95.1262,90.7083,93.7443,87.5728,91.9239,89.2749,91.1976,94.0479,91.0055,91.0879,94.0213,93.0000,94.0479,95.3363,94.1913,94.1913,94.3398,97.6217,98.5089,97.5141,98.8585,99.9850,100.4988,99.8499,101.9657,101.5972,101.5972,98.5089,95.3363,100.3195,102.2399,100.1249,95.0053,95.0210,97.0000,91.0879,89.5600,88.2780,87.4643,82.7345,84.3445,77.2787,76.9025,75.1864,75.9605,73.7631,72.4500,70.0071,69.3181,65.5134,0.0000,0.0000,0.0000,0.0000,0.0000,0.0000,0.0000,0.0000,0.0000,0.0000,0.0000,0.0000
1700000011.850000,-63.8,93.0860,92.3147,95.2680,95.8019,90.9725,91.0659,91.3017,92.1792,93.9149,92.1358,93.4719,97.3088,100.0900,95.6347,99.0202,98.6712,100.8811,94.2550,101.9215,102.3572,99.9250,101.4150,99.9250,102.3914,99.4636,106.3015,105.3233,102.6109,101.8676,100.6628,105.2616,102.3572,101.8676,101.3903,97.5295,93.4077,98.9798,97.3088,93.7763,92.4770,87.8465,86.4060,85.4283,84.0773,78.7210,77.0260,78.0320,74.6257,74.8866,73.6003,69.6563,70.0357,0.0000,0.0000,0.0000,0.0000,0.0000,0.0000,0.0000,0.0000,0.0000,0.0000,0.0000,0.0000
1700000011.900000,-65.1,93.5201,88.2383,91.9239,91.4166,87.9204,92.0489,93.4077,87.0976,89.8220,90.4268,95.1893,90.3549,97.8673,94.3398,95.3363,99.1816,97.0464,95.0474,97.0464,95.0053,100.0450,100.0050,94.0213,99.0808,101.0198,100.1249,101.0792,100.0200,103.0049,99.0051,100.0050,99.0051,100.0450,98.0816,95.2575,94.1329,93.1933,90.0944,90.9340,89.4427,87.1321,84.1724,82.9759,79.8123,78.8480,77.6209,78.1089,70.5762,73.0069,71.1758,69.3542,67.9559,0.0000,0.0000,0.0000,0.0000,0.0000,0.0000,0.0000,0.0000,0.0000,0.0000,0.0000,0.0000
1700000011.950000,-60.6,93.4773,91.0659,93.8136,90.4268,84.5991,86.6083,88.4081,91.6788,90.0278,90.6863,93.5094,97.5910,96.8762,99.7246,96.8762,99.2472,93.6056,98.0816,97.0052,101.2126,94.2603,98.2293,98.4073,102.4158,100.8018,101.4002,103.2279,102.0049,100.0000,103.2279,102.0049,98.4073,101.0445,98.7168,97.6729,97.6217,93.4345,92.6337,93.3488,88.3912,89.1964,84.9588,84.6463,80.8022,80.4301,79.6304,78.4920,74.3303,76.5376,70.7107,74.3236,71.7844,0.0000,0.0000,0.0000,0.0000,0.0000,0.0000,0.0000,0.0000,0.0000,0.0000,0.0000,0.0000
1700000012.000000,-62.7,98.7927,98.3514,98.3514,101.5332,100.6876,94.5939,97.3242,97.0155,98.8585,97.0155,102.5914,101.4002,103.4843,104.3887,102.3963,105.0048,103.0194,101.0198,106.0000,103.0000,108.0046,104.0192,104.0769,106.2309,109.0734,105.3043,108.0185,104.0769,108.1157,108.0417,106.0189,106.0047,106.0000,108.1157,104.0769,103.3102,99.5038,96.8762,98.9949,97.1648,98.1529,92.3959,93.6216,86.5852,85.6154,82.0061,78.7718,80.9938,78.7909,78.2624,74.3034,76.8505,0.0000,0.0000,0.0000,0.0000,0.0000,0.0000,0.0000,0.0000,0.0000,0.0000,0.0000,0.0000
1700000012.050000,-63.7,98.1529,92.9139,99.3227,95.2575,96.3328,95.0053,96.0052,97.0464,95.0842,96.4210,99.9850,99.4636,103.7545,102.7716,100.8067,104.7378,103.1601,105.1190,100.6628,102.6158,100.2247,106.4800,106.2309,102.2008,107.8564,103.4070,108.8118,107.2800,107.8564,105.3613,104.8093,103.8123,103.5857,104.9238,101.0000,103.9423,98.0612,96.5091,90.6697,91.4440,93.3435,87.4643,87.0919,80.0250,83.0060,84.0536,82.0975,79.0253,79.3095,76.7919,74.7329,74.6324,0.0000,0.0000,0.0000,0.0000,0.0000,0.0000,0.0000,0.0000,0.0000,0.0000,0.0000,0.0000
1700000012.100000,-63.0,103.9423,104.9238,102.8251,101.7104,105.5746,100.3195,103.0194,101.0050,106.0189,105.0762,106.1697,105.2331,107.5639,112.0089,107.9120,108.5035,108.6738,109.4897,108.6830,108.6830,110.1136,110.8558,110.6345,111.0856,113.0310,113.5077,111.1261,115.4470,110.1136,111.8258,108.2589,109.4440,114.1403,108.5035,109.8362,111.4630,106.5317,103.9471,103.3925,99.2472,97.0824,96.0052,90.0222,88.0057,85.0235,88.0909,89.3588,84.2912,85.1587,80.4114,82.0061,80.3617,0.0000,0.0000,0.0000,0.0000,0.0000,0.0000,0.0000,0.0000,0.0000,0.0000,0.0000,0.0000
1700000012.150000,-56.5,106.7755,107.3359,105.0048,105.6504,103.8460,104.0481,104.3456,104.7378,107.6894,106.3673,110.7655,111.5437,112.3610,113.2828,113.2828,112.0714,114.0395,111.0405,114.0044,116.0000,114.0702,118.0169,112.0045,116.1551,116.0388,118.0678,117.0684,117.0043,118.0169,116.0043,116.0000,117.0043,116.0388,113.0398,112.2853,110.2225,108.2959,106.3814,106.6771,102.9563,97.1648,97.6729,95.9010,93.6216,91.9239,87.6413,87.6413,87.9204,84.1546,83.7735,81.3941,79.9250,0.0000,0.0000,0.0000,0.0000,0.0000,0.0000,0.0000,0.0000,0.0000,0.0000,0.0000,0.0000
1700000012.200000,-63.9,108.8118,104.8093,108.4159,106.9626,107.0794,102.4207,106.2121,108.1897,108.5587,110.5486,112.1606,115.1564,114.1096,113.0044,113.0177,115.0391,113.0398,114.1096,113.2166,117.1537,114.0395,117.2732,117.2092,118.7139,119.5073,115.4340,117.5160,120.5985,117.5160,120.5031,115.2128,118.1524,118.0381,114.0175,115.0043,113.0044,112.0045,108.2266,107.2287,101.4938,101.4938,98.6154,99.1413,94.2019,92.3959,90.4710,90.9560,88.7694,88.2327,85.4400,83.6720,81.0062,0.0000,0.0000,0.0000,0.0000,0.0000,0.0000,0.0000,0.0000,0.0000,0.0000,0.0000,0.0000
1700000012.250000,-65.8,103.1601,102.2008,104.0625,99.3680,104.5466,98.6154,103.4698,101.5529,103.3102,106.8925,106.5505,106.3297,108.2266,109.0780,108.2266,109.2932,107.9120,107.6151,107.3359,111.2520,109.0000,111.8302,110.4355,112.8007,109.8089,112.2007,113.0044,111.6065,110.2089,113.0044,107.8981,112.0714,111.2205,109.0780,110.7881,107.1868,104.8093,103.3538,102.8591,98.4124,95.7549,92.3093,93.7763,89.1964,87.9204,86.4002,83.2406,84.4038,84.7231,83.1865,79.4040,77.0260,0.0000,0.0000,0.0000,0.0000,0.0000,0.0000,0.0000,0.0000,0.0000,0.0000,0.0000,0.0000
1700000012.300000,-60.1,108.3374,105.0952,102.8834,104.7091,102.2155,101.0198,101.5135,103.8123,107.6151,110.0000,107.6151,107.4477,107.9352,109.3435,109.3435,111.8660,108.9312,107.5639,109.6038,109.6038,108.9312,111.7587,111.0180,111.8660,113.1459,111.1980,112.6099,113.2166,112.4500,112.6099,110.3177,108.9312,111.0180,108.2081,109.6038,109.0413,104.9952,101.8283,100.6032,99.8098,98.6002,94.6256,94.3027,89.0449,86.8217,85.2350,85.4751,84.1190,82.3468,79.1202,78.4474,80.0500,0.0000,0.0000,0.0000,0.0000,0.0000,0.0000,0.0000,0.0000,0.0000,0.0000,0.0000,0.0000
1700000012.350000,-63.2,111.0180,107.2986,113.1106,109.1650,112.0000,107.0047,112.2185,110.2905,113.6354,115.5249,114.9826,115.9741,119.0798,115.2606,114.7563,120.6192,114.1403,117.2775,116.1809,118.1271,116.1809,116.9145,120.3038,119.3692,118.4061,119.3692,118.4061,122.5275,117.1751,121.5648,116.9273,118.3596,117.1537,117.9025,116.1034,115.7411,114.4246,108.7796,105.4751,104.4797,105.4751,100.4988,101.1781,95.0474,94.0479,91.0055,90.0222,90.2718,89.6772,87.2983,84.7231,82.8613,0.0000,0.0000,0.0000,0.0000,0.0000,0.0000,0.0000,0.0000,0.0000,0.0000,0.0000,0.0000
1700000012.400000,-61.4,109.3846,110.0545,109.7315,110.6797,108.5219,108.6692,106.9626,110.2180,114.1403,110.3177,115.4123,116.1077,114.9826,115.6244,115.6244,117.4266,117.2092,113.2828,114.1578,113.1592,114.1578,117.0385,114.0395,117.0043,118.0042,117.0000,118.0000,117.0043,118.0042,117.0171,115.0174,115.0391,115.1564,114.2804,113.4416,110.2905,107.4663,107.7868,105.0762,104.2353,101.4347,99.4636,97.0824,91.7823,91.6788,89.0225,88.6002,90.1388,85.4400,84.6936,84.0952,82.4924,0.0000,0.0000,0.0000,0.0000,0.0000,0.0000,0.0000,0.0000,0.0000,0.0000,0.0000,0.0000
1700000012.450000,-63.9,113.0177,110.6752,113.7189,111.2520,113.6002,113.4063,111.8258,112.1606,116.2755,116.9316,117.3882,117.3882,118.1059,118.1059,118.7939,121.0826,114.6909,118.2582,116.3873,118.4441,118.2582,120.7394,117.1537,119.2015,118.4061,119.2015,119.2015,119.0168,118.2286,119.8082,117.1537,119.4738,117.7964,116.2755,115.4340,113.9517,110.3902,106.7755,107.4802,104.7378,102.6499,98.4124,99.3579,93.0860,91.8314,90.8020,90.1388,90.4268,89.6939,86.8332,84.5281,82.0792,0.0000,0.0000,0.0000,0.0000,0.0000,0.0000,0.0000,0.0000,0.0000,0.0000,0.0000,0.0000
1700000012.500000,-61.6,126.0635,126.0159,127.4755,126.2537,127.7693,123.7942,126.5899,128.5652,129.8384,130.7287,131.2174,130.5067,129.4025,131.2440,131.0420,133.7647,134.7368,133.1503,137.2334,135.1925,133.7946,137.2334,133.1953,134.2386,133.5403,129.0775,139.0899,137.4809,131.1831,133.0150,132.4236,134.2609,132.4236,125.9246,130.7402,124.6515,128.3900,117.6520,121.4578,115.1347,110.4400,114.7258,109.8954,109.1421,106.5129,102.9612,104.9381,100.3195,101.4938,98.1275,98.0000,95.2575,0.0000,0.0000,0.0000,0.0000,0.0000,0.0000,0.0000,0.0000,0.0000,0.0000,0.0000,0.0000
1700000012.550000,-62.1,127.0630,122.1024,127.2517,124.3262,127.7693,121.8072,126.2894,128.8914,129.4372,128.0976,131.7004,131.9394,131.2174,131.7346,132.1855,131.2440,127.4402,133.1503,128.0820,134.0821,130.9427,132.8533,131.9129,131.7004,133.3304,131.4724,133.3304,135.7719,130.5450,137.4191,126.2894,129.3561,134.0821,129.9885,128.3900,129.1201,122.5275,121.0372,118.6002,112.5877,117.3882,109.6586,112.6144,102.5914,102.1078,101.3163,98.3260,100.3195,101.0198,97.0000,94.1329,92.0706,0.0000,0.0000,0.0000,0.0000,0.0000,0.0000,0.0000,0.0000,0.0000,0.0000,0.0000,0.0000
1700000012.600000,-63.3,127.0039,129.2749,131.7460,131.7460,127.7693,128.6313,128.8914,130.1422,133.7236,130.7823,135.1481,136.5650,135.7719,136.4881,137.2334,134.6291,135.4179,135.4179,134.7368,134.1343,135.0741,134.7368,132.1968,126.2418,130.2920,129.4025,129.4025,133.7647,130.2997,132.1968,134.0821,133.7946,135.4179,132.4009,131.8484,128.6934,126.8464,125.2996,121.6717,119.9208,117.2391,114.0614,112.3788,108.9082,108.0463,102.9029,103.4698,101.4002,100.4241,99.1564,99.7246,94.9210,0.0000,0.0000,0.0000,0.0000,0.0000,0.0000,0.0000,0.0000,0.0000,0.0000,0.0000,0.0000
1700000012.650000,-69.2,133.3304,130.3840,131.2440,133.1503,130.6484,129.5415,128.7867,129.7575,128.7867,125.5149,122.1843,118.5327,118.2286,120.2082,121.4949,117.0983,117.8346,119.8207,116.7262,114.7388,121.0620,120.4159,117.2092,116.0172,116.0689,116.0172,116.2110,117.1068,116.0689,116.0689,116.5204,117.5160,117.5160,122.8007,121.1982,124.4588,126.0198,127.4245,125.6025,123.7619,120.6192,117.9025,119.1050,110.8603,111.6289,105.6220,106.6255,107.7033,103.4698,101.9804,100.1848,97.9439,0.0000,0.0000,0.0000,0.0000,0.0000,0.0000,0.0000,0.0000,0.0000,0.0000,0.0000,0.0000
1700000012.700000,-60.6,131.8219,129.4681,134.5362,132.3820,133.6899,129.4179,130.8625,136.1249,136.1249,140.7196,139.4633,140.8013,144.8447,140.0893,142.0035,143.1258,141.4496,142.5623,141.5097,142.0423,141.5097,141.5097,139.7891,139.5421,143.5897,141.9049,145.9897,145.0138,141.9049,145.0138,143.3876,147.4924,146.7276,143.9618,142.3025,143.1223,140.0893,132.8796,134.2013,130.4186,128.4251,124.8439,124.6515,117.4564,116.0000,113.8464,115.2779,110.5351,108.5772,109.2016,107.4151,103.0776,0.0000,0.0000,0.0000,0.0000,0.0000,0.0000,0.0000,0.0000,0.0000,0.0000,0.0000,0.0000
1700000012.750000,-65.2,126.5701,127.6636,127.5774,129.2478,127.3460,130.2690,130.9695,131.7346,132.0038,130.6024,130.2997,132.6084,128.6934,133.7012,135.1925,134.8518,136.6931,137.4809,140.4600,140.8900,140.4600,139.9893,138.1919,142.7060,144.5337,144.5337,143.5897,142.7060,143.5897,142.7060,143.1258,139.5887,140.4706,137.8840,134.7368,134.8518,136.6931,136.1249,132.2573,129.6534,129.3406,125.0000,124.1934,120.7849,117.4777,114.9348,113.4372,113.0000,110.6526,113.2166,109.0413,109.3709,0.0000,0.0000,0.0000,0.0000,0.0000,0.0000,0.0000,0.0000,0.0000,0.0000,0.0000,0.0000
1700000012.800000,-64.3,118.0678,119.0042,119.0378,121.0041,121.2023,119.6035,116.9658,117.0983,116.4002,120.2206,113.7585,116.9145,111.6826,113.6002,114.5600,117.6435,119.2183,122.0901,121.7580,119.8708,117.0470,118.1059,124.7878,124.7758,124.3905,125.2198,120.3079,120.7684,120.3079,122.9837,118.3089,113.7189,111.7900,116.1077,110.7249,118.2709,119.2686,117.7200,118.8486,117.9025,123.3572,125.2996,126.8897,127.8828,124.1451,123.0366,121.0372,121.0041,118.2074,118.3427,117.9576,114.3372,0.0000,0.0000,0.0000,0.0000,0.0000,0.0000,0.0000,0.0000,0.0000,0.0000,0.0000,0.0000
1700000012.850000,-59.5,125.1958,123.0650,126.0992,123.1016,126.0635,123.6851,124.6154,123.6285,120.6690,122.0000,119.0504,119.6411,120.5405,119.5701,121.2972,125.0000,125.5747,126.9212,126.5306,129.6919,129.6919,130.3840,133.1953,131.1831,130.0000,129.0775,131.5181,129.8653,128.4445,128.4445,127.5343,126.3171,127.1220,125.1599,124.6515,123.9758,123.7619,126.6491,123.2234,126.1467,130.0500,127.0984,128.1327,125.1599,118.7139,115.5249,118.2709,116.1077,113.0177,113.2828,112.4455,110.6436,0.0000,0.0000,0.0000,0.0000,0.0000,0.0000,0.0000,0.0000,0.0000,0.0000,0.0000,0.0000
1700000012.900000,-63.4,127.4755,123.8790,127.2360,125.3994,125.3555,129.4488,128.3900,130.2920,132.5632,132.9662,130.6484,129.2826,129.0310,130.2690,127.8163,124.5351,125.9365,125.9365,122.4827,121.9262,123.0447,121.8072,118.8276,118.3427,118.5116,117.3456,114.2804,114.3547,117.5160,111.6468,114.8564,112.8716,113.1371,116.5590,119.5199,121.5977,123.3572,130.0500,130.2690,127.3460,125.1599,122.2620,122.4132,115.7411,115.7411,113.8859,108.6324,110.9820,107.3313,109.6586,105.4751,102.6499,0.0000,0.0000,0.0000,0.0000,0.0000,0.0000,0.0000,0.0000,0.0000,0.0000,0.0000,0.0000
1700000012.950000,-61.4,120.3412,121.7539,120.1041,123.6932,119.6328,121.4002,119.8541,120.9297,123.1463,124.2578,125.0960,127.6245,126.9094,126.4002,130.0000,125.2996,126.1269,122.1188,127.0118,125.2996,125.2198,128.0352,123.9072,126.8464,130.0000,130.0000,132.6198,128.8604,133.0150,131.1831,131.0458,132.8495,128.8099,127.0590,129.2942,124.4227,125.5388,120.9504,120.1083,116.0172,112.6455,113.2254,107.6151,105.2616,103.7111,99.1564,100.4490,96.8762,95.5249,94.8472,95.6033,92.6499,0.0000,0.0000,0.0000,0.0000,0.0000,0.0000,0.0000,0.0000,0.0000,0.0000,0.0000,0.0000
1700000013.000000,-63.3,116.4560,115.6936,112.8051,119.5073,112.6987,118.5327,117.7200,118.7013,118.7013,116.2841,119.2686,120.3703,122.0656,120.4326,123.8103,117.8007,124.0161,114.0175,122.7884,120.5073,119.8541,121.8277,116.7776,123.7619,123.0447,125.8730,126.5741,123.0691,129.4488,122.3479,125.2078,127.4755,125.3994,120.1041,121.0372,115.8836,117.8007,113.0044,114.0395,113.7189,104.8475,106.5317,100.4988,103.2473,97.2471,94.8947,94.8103,93.0376,90.4710,90.2497,89.4930,86.8332,0.0000,0.0000,0.0000,0.0000,0.0000,0.0000,0.0000,0.0000,0.0000,0.0000,0.0000,0.0000
1700000013.050000,-63.8,115.9483,112.6410,116.0560,115.7670,114.9478,114.2322,113.7189,114.1271,116.2970,115.3950,119.4362,118.9664,120.7477,117.1708,118.5327,118.5960,115.7627,115.1043,116.8118,117.6605,115.9655,118.4314,115.9655,118.9832,119.2686,119.2686,119.5408,119.8165,120.3703,120.1083,119.2015,121.0785,119.2015,115.9741,116.7647,114.9348,113.2166,108.3374,106.7755,104.7521,104.0625,100.3045,98.9798,93.3006,93.0054,91.7606,89.0225,87.5557,89.9444,86.5794,85.2115,85.0059,0.0000,0.0000,0.0000,0.0000,0.0000,0.0000,0.0000,0.0000,0.0000,0.0000,0.0000,0.0000
1700000013.100000,-60.6,109.2932,109.2245,110.0409,109.0413,109.0046,108.0046,109.0183,108.1157,109.0734,110.3676,109.7725,111.7587,113.0000,111.0180,111.7587,111.1575,110.3177,109.3298,111.8034,112.2943,111.6289,110.6436,110.2180,112.2943,111.6109,114.0044,113.3578,113.1592,112.9690,112.1784,111.3059,113.0000,111.8794,109.7725,108.5587,105.3850,106.4706,102.1225,101.0792,98.0051,96.0000,93.0054,92.0217,87.0919,86.4697,83.6002,83.6002,83.0241,81.3941,79.6241,78.8480,77.4919,0.0000,0.0000,0.0000,0.0000,0.0000,0.0000,0.0000,0.0000,0.0000,0.0000,0.0000,0.0000
1700000013.150000,-66.3,109.5901,109.6586,107.1868,109.0780,106.7802,108.4666,109.6221,108.0046,109.2016,109.0183,111.6647,112.1606,112.8051,110.5351,112.6987,110.4536,113.8991,107.5174,112.4322,112.4322,110.3177,111.7318,106.7942,112.4856,114.5862,113.1724,114.5862,112.4322,114.5600,111.0180,113.1724,111.0360,111.1980,109.1238,107.8147,103.5857,106.0424,100.6032,98.0051,97.0824,94.3027,93.1933,88.2043,90.2109,85.5862,84.1190,83.6481,80.4984,79.2023,79.8499,77.4919,79.8123,0.0000,0.0000,0.0000,0.0000,0.0000,0.0000,0.0000,0.0000,0.0000,0.0000,0.0000,0.0000
1700000013.200000,-60.7,104.9571,102.0833,103.0049,104.5610,97.6166,100.1249,98.7168,100.6578,104.0625,100.4191,108.2081,105.4182,106.8316,101.9117,106.1508,104.0625,108.5772,104.1393,105.4230,109.4806,107.2986,104.8093,104.8093,107.2007,105.8017,105.0000,104.8093,105.6030,104.8093,105.4230,103.7111,105.7592,104.1393,103.3925,99.0353,101.2373,99.0353,94.7945,92.6984,91.9239,90.6863,89.3756,87.1149,81.2158,84.4038,74.6324,77.9359,79.0569,73.7835,74.9466,71.5542,74.3236,0.0000,0.0000,0.0000,0.0000,0.0000,0.0000,0.0000,0.0000,0.0000,0.0000,0.0000,0.0000
1700000013.250000,-63.4,103.3102,101.4938,103.5761,98.1529,101.4347,102.7716,100.8960,101.1385,100.4241,104.2929,104.6948,106.3203,107.8378,105.9481,104.3552,105.3423,105.1095,104.6757,105.1095,107.1541,105.1095,105.7024,102.1567,109.3846,103.8701,108.0787,106.0424,104.4031,106.0424,100.9009,103.7304,102.7862,103.7401,97.8008,100.1699,100.4241,99.2472,94.1488,87.9659,88.6454,86.7006,84.0119,84.7172,81.1542,80.1561,78.1601,79.0569,76.0263,75.0067,76.1643,73.1710,72.1803,0.0000,0.0000,0.0000,0.0000,0.0000,0.0000,0.0000,0.0000,0.0000,0.0000,0.0000,0.0000
1700000013.300000,-63.5,101.5332,99.6895,99.0404,102.9612,102.7716,99.9850,101.8332,95.5249,101.4002,102.3963,108.1157,103.0194,102.0049,106.0000,104.0192,106.0189,106.0000,105.0190,105.0428,108.0417,104.0433,106.0424,106.0047,105.2331,106.0754,106.0754,106.0047,108.0185,106.0047,103.0049,105.0000,108.0046,103.2376,99.4082,102.3132,99.5038,98.2497,96.6282,90.0944,88.6454,88.6454,87.0976,85.1469,82.2253,82.0061,76.9220,77.4919,77.8332,76.6942,76.3217,74.2428,75.2928,0.0000,0.0000,0.0000,0.0000,0.0000,0.0000,0.0000,0.0000,0.0000,0.0000,0.0000,0.0000
1700000013.350000,-62.3,99.1615,99.4032,98.3870,99.2824,98.0051,98.2700,100.9554,101.5135,102.0784,101.2571,105.2093,106.8270,107.6151,107.4477,108.8531,106.4049,108.3744,105.6456,109.0413,108.3005,107.0561,107.5639,104.8046,108.9312,108.9771,109.6586,110.3177,107.5639,109.7133,105.4182,105.6456,104.9952,104.3504,102.4500,103.2327,99.0202,98.0051,95.1315,92.9139,91.8096,87.6641,87.3670,84.9058,82.6801,78.8923,77.4145,77.4145,78.2624,75.2396,75.3923,73.0548,74.7262,0.0000,0.0000,0.0000,0.0000,0.0000,0.0000,0.0000,0.0000,0.0000,0.0000,0.0000,0.0000
1700000013.400000,-59.1,100.0050,101.0000,100.2447,101.1781,99.7246,101.5972,102.5914,102.7716,104.3456,103.3683,109.6586,108.6692,112.3610,110.6029,114.0175,107.2800,115.1347,108.1573,115.1347,112.5789,113.2254,111.9732,110.6797,114.5862,109.4440,115.1694,114.9478,107.2241,112.5789,109.4440,119.5492,110.6029,109.6358,109.6358,104.0481,101.8676,101.4347,100.1299,97.1648,91.9239,90.6697,91.7878,89.8053,85.3756,83.4865,81.2219,79.0569,80.0562,79.0063,80.0999,79.3095,78.0897,0.0000,0.0000,0.0000,0.0000,0.0000,0.0000,0.0000,0.0000,0.0000,0.0000,0.0000,0.0000
1700000013.450000,-60.8,109.0046,101.9510,108.1573,103.1601,107.7033,105.5367,105.9056,108.5035,112.4500,114.9826,115.6244,116.6190,117.5160,120.4159,117.6138,123.4058,119.2057,121.4125,117.2092,120.1499,121.4125,121.2023,121.0372,121.0372,124.0363,117.1537,120.1499,123.1990,120.2040,123.1463,117.5160,119.5073,117.8346,115.1173,113.0000,112.1472,111.4630,103.7545,104.3456,100.4390,101.1385,94.1116,93.8616,89.5600,92.0489,86.0349,86.0349,87.6641,86.1626,83.7735,83.6301,80.7775,0.0000,0.0000,0.0000,0.0000,0.0000,0.0000,0.0000,0.0000,0.0000,0.0000,0.0000,0.0000
1700000013.500000,-62.4,109.1238,108.8531,107.5639,111.3283,108.8118,111.4002,114.2366,116.1809,118.1271,118.4567,121.8072,124.7397,126.3012,125.1319,128.0820,125.1599,128.1327,125.6025,128.4134,127.1417,125.1599,127.0118,124.1692,124.9040,128.1327,126.8897,126.8897,128.1327,127.4245,124.0363,124.7798,124.1491,120.8387,120.8305,120.2206,116.1809,114.4771,112.6410,109.4806,107.5174,102.7862,102.1421,98.3514,96.2081,93.7763,89.1572,91.9239,91.7061,88.1022,87.3212,88.7525,88.0057,0.0000,0.0000,0.0000,0.0000,0.0000,0.0000,0.0000,0.0000,0.0000,0.0000,0.0000,0.0000
1700000013.550000,-61.9,122.6418,120.9297,124.9080,122.1884,125.7816,124.7758,127.1220,130.2690,133.3304,137.2334,135.5581,131.6738,131.4724,128.5146,130.7402,123.9758,127.4873,127.4716,126.4911,125.5428,130.6331,125.5428,125.5747,123.7619,122.7110,124.9200,121.1652,124.0403,124.7237,124.0403,130.6484,131.2440,129.6534,132.5028,135.3514,132.5179,129.6919,125.9365,121.4619,117.5457,116.8674,112.5389,112.8051,105.9906,104.6948,102.8591,103.3538,100.7224,99.6444,101.2423,102.2008,98.0816,0.0000,0.0000,0.0000,0.0000,0.0000,0.0000,0.0000,0.0000,0.0000,0.0000,0.0000,0.0000
1700000013.600000,-58.8,127.9101,127.9414,126.7636,130.5105,130.6331,133.1353,135.3514,139.4023,140.2070,140.7196,146.8639,148.1655,150.1466,148.6607,148.1655,148.9228,148.6607,143.6837,148.5194,146.4548,147.9223,147.9223,144.2775,149.9667,148.5194,148.5194,146.3728,147.0782,148.4992,146.3728,145.7258,145.0965,145.0965,141.3542,139.1761,134.6180,134.8258,132.6537,128.0625,127.0630,122.0656,120.4326,117.3243,113.9912,115.6633,105.6788,109.7725,107.3546,105.1190,105.5509,105.3091,105.3043,0.0000,0.0000,0.0000,0.0000,0.0000,0.0000,0.0000,0.0000,0.0000,0.0000,0.0000,0.0000
1700000013.650000,-59.4,127.6636,126.8897,128.7245,129.0659,130.2690,129.5222,131.0420,130.5067,129.3406,129.0349,125.5747,124.3101,124.6515,124.6515,128.1600,129.8076,130.5450,133.3304,133.5403,134.4619,136.4881,138.7984,136.3085,138.7984,136.3085,137.6154,137.8840,140.0357,139.6173,137.8840,136.3085,138.3980,136.6931,134.2609,134.1343,134.7368,131.2440,126.3843,124.4548,122.4827,118.1397,118.1397,116.9273,112.5877,109.4440,109.0413,107.0561,107.0561,106.2309,104.0769,104.0000,101.3163,0.0000,0.0000,0.0000,0.0000,0.0000,0.0000,0.0000,0.0000,0.0000,0.0000,0.0000,0.0000
1700000013.700000,-61.3,125.2996,127.7693,127.2517,128.3160,128.1913,125.0040,122.0041,124.0040,121.0165,121.0165,115.0695,117.0171,118.2709,121.2642,121.2642,119.6035,121.5936,122.8007,122.0533,123.4706,122.9187,126.7517,125.4472,124.3382,122.8088,123.7942,125.9365,127.2831,127.2831,124.3382,125.7657,123.4706,125.4472,127.7693,125.8968,128.7634,128.3160,121.0661,121.0661,120.1041,117.0684,114.0175,113.0044,111.0000,108.0741,107.1168,104.3887,103.3925,104.0865,102.1812,99.2018,100.8811,0.0000,0.0000,0.0000,0.0000,0.0000,0.0000,0.0000,0.0000,0.0000,0.0000,0.0000,0.0000
1700000013.750000,-61.0,125.7338,129.4681,127.2006,128.8099,128.1405,128.7012,129.0039,131.0267,129.5415,130.3610,131.2288,133.8432,133.3604,131.0611,131.5295,131.4876,131.0458,125.7179,132.0984,129.7112,127.5343,126.3171,125.5388,128.1600,129.4488,129.0969,130.9198,129.4488,131.5751,125.2517,125.7179,131.4724,127.2360,124.7878,127.5343,122.0041,120.8305,117.1708,117.6180,114.5295,111.4136,112.0045,108.5587,104.1009,104.8475,99.0454,99.8649,98.2344,98.4937,96.3328,96.1665,94.8472,0.0000,0.0000,0.0000,0.0000,0.0000,0.0000,0.0000,0.0000,0.0000,0.0000,0.0000,0.0000
1700000013.800000,-60.1,127.1417,120.4201,125.0000,120.6027,123.4585,119.5408,123.1747,122.9675,126.9094,127.7693,125.3994,126.2696,125.7816,124.4227,123.0650,125.6742,119.4362,120.7684,119.5073,122.2497,119.5073,122.0041,121.6306,119.8708,121.1487,120.8139,120.8139,123.9758,121.7580,124.5953,118.9286,121.1487,120.2082,118.4736,117.9237,119.6202,115.0391,114.0614,112.6987,110.0182,108.7060,103.8316,106.5505,99.4786,98.2700,95.7183,97.6524,96.0208,96.0469,90.6090,89.8276,89.2749,0.0000,0.0000,0.0000,0.0000,0.0000,0.0000,0.0000,0.0000,0.0000,0.0000,0.0000,0.0000
1700000013.850000,-61.5,115.1564,115.8792,112.8938,117.9534,115.1347,118.0042,116.9145,114.7258,114.9783,114.0044,117.3882,118.2582,115.7411,115.7411,115.5725,113.7453,114.5295,111.8794,114.3547,113.2166,111.5437,111.1620,108.1665,113.0044,113.0177,112.0179,113.0044,113.0044,114.0395,113.0044,116.0043,114.0044,114.0044,112.0402,111.0405,110.0727,112.2185,110.5486,102.7035,103.6967,100.8415,98.0051,97.4936,97.8621,94.5939,91.9239,91.2140,88.6002,87.9204,87.4643,85.9069,81.1234,0.0000,0.0000,0.0000,0.0000,0.0000,0.0000,0.0000,0.0000,0.0000,0.0000,0.0000,0.0000
1700000013.900000,-61.2,116.7262,113.0000,115.5725,112.6144,115.9181,112.1784,114.2366,114.0044,114.9826,114.9826,117.8813,115.8016,114.8434,113.5297,112.9292,115.1694,109.5628,111.7900,109.3846,112.5389,109.0046,110.5712,108.7474,110.0227,111.4002,108.6738,110.4762,113.1459,109.5901,110.9414,109.1238,109.5673,111.8258,108.7474,108.7474,107.9352,108.6324,105.1095,105.0048,99.6243,99.6243,96.1665,98.9545,91.9239,92.4175,88.6454,87.9659,88.1192,87.3670,86.0523,83.0000,82.3893,0.0000,0.0000,0.0000,0.0000,0.0000,0.0000,0.0000,0.0000,0.0000,0.0000,0.0000,0.0000
1700000013.950000,-59.9,112.7209,110.1363,111.9464,112.6055,110.0636,112.6410,112.0892,110.3540,110.3540,110.4219,113.0310,109.6586,113.9517,110.6436,108.5035,110.1681,109.0367,106.7942,109.5536,108.5587,107.4663,107.5639,103.3102,109.0413,106.0424,108.0417,108.0185,109.0413,108.0417,108.0185,109.1146,110.1136,108.1665,105.3850,107.5639,103.4843,103.5857,100.1299,101.4347,98.6560,95.9010,93.9415,93.3916,91.2140,88.8876,85.0706,83.8153,82.0792,79.7057,83.1926,78.7147,77.3886,0.0000,0.0000,0.0000,0.0000,0.0000,0.0000,0.0000,0.0000,0.0000,0.0000,0.0000,0.0000
1700000014.000000,-60.4,107.0047,104.4845,104.3504,104.2353,104.8046,101.9117,101.8332,103.2376,103.2376,104.6614,103.3247,104.8046,104.1393,104.2353,103.4795,104.4845,103.2327,101.0445,99.4032,99.6243,100.6032,100.6876,99.8649,100.7025,101.2423,101.2423,102.3963,101.2423,102.3963,101.0198,98.1835,102.6255,100.1249,99.0454,99.6243,98.0051,96.4002,93.2363,92.7631,92.0217,90.5538,87.0460,86.9770,82.8070,81.4678,77.9872,79.6492,77.4209,76.2758,74.6257,72.0694,71.1758,0.0000,0.0000,0.0000,0.0000,0.0000,0.0000,0.0000,0.0000,0.0000,0.0000,0.0000,0.0000
1700000014.050000,-64.6,101.8332,105.0762,104.3887,104.3887,99.2472,100.1798,102.1225,101.0050,102.0000,100.0200,107.0047,104.0433,103.0437,101.1237,101.0792,101.2423,102.3963,98.5089,99.4082,101.5972,98.6154,98.5089,93.6483,99.1413,99.1413,98.4784,100.2846,96.3379,96.5091,98.6560,98.1529,99.8499,99.8499,95.6347,95.2575,95.4254,95.1893,93.0215,90.0000,91.0879,88.0227,88.0511,86.2844,82.2982,80.7527,76.2955,76.6877,76.9025,73.7631,72.4224,71.1758,68.4471,0.0000,0.0000,0.0000,0.0000,0.0000,0.0000,0.0000,0.0000,0.0000,0.0000,0.0000,0.0000
1700000014.100000,-62.0,99.9050,98.5951,102.4500,99.2018,97.4166,98.0051,99.0454,96.5194,97.9439,97.9439,99.4786,99.6444,97.7548,95.3834,97.5295,94.8103,98.8989,93.4719,96.6644,95.8541,99.0051,96.9330,94.5410,93.3006,97.3088,92.1141,96.4624,98.6813,97.0824,93.3006,97.3088,93.3006,93.4077,91.5478,94.0213,90.3770,90.8020,90.3549,85.9593,86.8332,82.1523,80.2621,81.2711,79.6304,73.4983,72.2011,73.2462,70.7672,74.2765,68.5930,66.8431,67.2012,0.0000,0.0000,0.0000,0.0000,0.0000,0.0000,0.0000,0.0000,0.0000,0.0000,0.0000,0.0000
1700000014.150000,-65.3,103.0049,97.3088,102.8251,100.8960,98.4124,97.7446,96.2081,96.1769,96.8762,100.4988,97.6217,101.3163,102.8251,101.5332,102.6499,102.6499,98.8585,95.1315,99.8098,98.0816,100.2646,95.4254,95.8019,99.0454,94.0479,97.9081,97.4166,97.8008,97.8008,98.2293,95.6033,99.4887,98.8585,94.1754,96.2601,92.6984,92.6337,89.0955,88.3912,89.2749,85.2760,83.0963,82.8010,81.0247,76.0066,74.0945,77.0260,73.3553,71.1126,68.9420,69.6419,65.9697,0.0000,0.0000,0.0000,0.0000,0.0000,0.0000,0.0000,0.0000,0.0000,0.0000,0.0000,0.0000
1700000014.200000,-62.1,99.2472,94.3398,94.6414,94.8947,94.7629,91.4112,94.7259,94.9210,95.5667,96.5401,97.9847,95.8801,98.3717,94.8683,96.7678,97.1442,91.1811,96.7988,92.7038,95.0789,92.1141,94.9368,93.2309,94.3663,94.4299,94.4299,93.9149,97.5090,95.2575,97.0464,91.7061,94.8472,93.6216,91.1811,91.7606,90.8240,88.5438,89.1964,85.7263,83.9345,84.8999,80.5233,83.5464,76.1183,74.6726,74.4312,72.0625,68.1836,69.0072,69.0652,66.0681,65.7647,0.0000,0.0000,0.0000,0.0000,0.0000,0.0000,0.0000,0.0000,0.0000,0.0000,0.0000,0.0000
1700000014.250000,-64.3,102.5914,99.6092,99.3227,99.6092,97.0824,99.0454,95.0053,97.0206,97.1288,95.0842,100.0800,98.1275,101.2423,94.3398,101.9657,104.0865,98.0051,98.9949,99.4636,99.6394,95.9010,100.4390,99.8248,99.2472,100.8067,99.2472,102.3572,101.2028,95.8019,101.1385,101.6071,97.7446,99.0404,99.4636,94.9210,98.3107,94.3398,93.2631,90.0888,87.0517,86.0058,86.0930,86.0523,79.0253,78.1601,77.3175,71.5681,73.3348,71.5891,70.6116,68.3081,68.7095,0.0000,0.0000,0.0000,0.0000,0.0000,0.0000,0.0000,0.0000,0.0000,0.0000,0.0000,0.0000
1700000014.300000,-60.4,99.2975,95.1262,96.8814,92.6499,89.0225,89.8109,90.4434,90.4434,93.6216,92.6984,94.1541,92.1954,95.2733,93.0376,93.9149,95.7706,94.5145,92.1792,91.0659,92.7847,93.1504,96.3846,92.4392,93.1933,94.8736,94.5780,94.5780,95.4411,94.8736,97.9081,93.4933,93.1504,95.3834,94.0213,92.5905,89.4427,89.8999,84.1724,87.2353,85.6154,83.3847,79.7120,80.3243,75.5844,73.0821,69.4262,69.4262,68.2495,70.7107,64.7765,62.2013,62.0000,0.0000,0.0000,0.0000,0.0000,0.0000,0.0000,0.0000,0.0000,0.0000,0.0000,0.0000,0.0000
1700000014.350000,-61.8,97.2008,98.0816,91.6788,97.8366,93.4345,91.2414,94.7945,94.1754,96.5401,91.6788,95.1315,99.3579,98.6002,96.2133,98.8585,97.0824,94.3398,96.7988,94.3398,91.9239,95.4149,97.1288,94.8947,94.4140,94.0213,93.5361,98.4124,95.2575,95.2575,98.3870,95.5249,95.3834,99.8499,95.1315,91.0659,94.0479,91.8368,87.8009,87.2009,83.8689,83.6301,77.9872,79.9062,75.6637,75.6637,72.8629,66.7083,69.2026,67.2012,66.8506,63.2851,61.2699,0.0000,0.0000,0.0000,0.0000,0.0000,0.0000,0.0000,0.0000,0.0000,0.0000,0.0000,0.0000
1700000014.400000,-61.9,99.0000,94.0479,102.1225,96.0833,97.3293,92.6553,93.7710,93.2148,98.3107,93.3809,98.7168,99.4585,97.1236,97.7190,96.0469,99.2975,97.0824,97.4064,95.8593,98.0306,94.2444,96.5660,93.7763,97.0824,101.7693,96.6644,97.9898,96.6644,96.1769,99.5389,92.7038,94.5410,97.7394,97.0824,93.9202,90.1388,89.4930,89.2861,87.0976,83.1986,82.3772,78.0897,79.2465,72.8354,70.4557,70.1783,70.0286,68.0074,66.0076,65.0000,65.1920,60.8276,0.0000,0.0000,0.0000,0.0000,0.0000,0.0000,0.0000,0.0000,0.0000,0.0000,0.0000,0.0000
1700000014.450000,-63.5,99.2824,101.5529,100.7224,98.4886,99.3680,100.5684,97.0824,96.0469,96.3016,97.0155,100.8960,100.6628,102.6109,102.1812,100.4490,101.0000,100.8067,98.0612,99.4636,100.2846,100.9752,101.2719,95.8853,99.7246,105.0762,98.6154,103.5857,99.4636,100.8067,97.0155,101.4347,99.0404,101.2028,98.2700,93.1451,91.2140,89.4930,91.7061,88.9550,86.9253,81.4371,80.0562,76.9220,77.4145,73.8241,67.7422,69.3397,71.0282,66.4003,63.4114,64.4438,60.1082,0.0000,0.0000,0.0000,0.0000,0.0000,0.0000,0.0000,0.0000,0.0000,0.0000,0.0000,0.0000
1700000014.500000,-64.4,102.0784,99.9850,101.7104,98.4886,97.9439,95.2733,97.1700,95.2733,96.2081,102.4597,103.1213,100.9009,100.5783,103.0922,99.3277,101.3903,100.8960,98.9545,99.2018,99.2472,99.4636,100.2247,95.3520,99.2975,101.4150,98.4784,100.8067,99.0404,101.9804,99.4636,98.2700,97.0824,96.7729,94.5939,97.1236,92.6553,91.0824,91.1811,84.1546,85.2350,81.5414,81.5414,81.0247,73.8241,74.2428,69.3542,71.0211,65.4599,67.6757,63.4114,61.7171,60.1082,0.0000,0.0000,0.0000,0.0000,0.0000,0.0000,0.0000,0.0000,0.0000,0.0000,0.0000,0.0000
1700000014.550000,-64.5,104.8618,104.4031,99.8098,100.2646,100.7671,98.3107,99.9050,100.4191,101.1187,96.8969,102.6499,104.3504,105.6456,101.8283,103.4795,104.2017,102.0049,98.6002,104.2017,101.0445,98.8585,102.0049,100.8018,105.9481,102.0784,101.5135,101.8332,98.8130,100.2098,99.2018,96.8298,98.7168,97.9490,96.9381,92.0217,92.6984,91.9239,86.2670,84.1724,82.8070,80.9197,76.6942,78.2432,72.2011,70.4557,68.5055,68.0955,64.4127,62.2656,64.4050,62.6099,62.0322,0.0000,0.0000,0.0000,0.0000,0.0000,0.0000,0.0000,0.0000,0.0000,0.0000,0.0000,0.0000
1700000014.600000,-65.9,104.3887,108.3744,106.3814,106.9205,100.2846,100.8067,101.2028,105.5130,106.2309,102.6158,107.0047,107.8564,107.2054,104.0433,110.3676,103.7304,109.7862,103.4070,105.0048,104.1777,104.0625,107.9120,101.5135,109.0046,110.7249,105.8489,104.9238,102.5280,108.1665,103.4650,104.0433,101.2423,102.2008,100.0000,100.6628,95.5667,92.5743,93.3809,93.5361,90.1388,82.2982,82.0549,83.0963,76.0000,78.0256,74.0068,67.0671,67.1193,64.4981,62.6498,64.9384,60.8769,0.0000,0.0000,0.0000,0.0000,0.0000,0.0000,0.0000,0.0000,0.0000,0.0000,0.0000,0.0000
1700000014.650000,-60.1,103.4795,97.6166,102.3035,100.8018,102.0784,94.1541,99.6444,100.2397,99.8499,100.7224,100.6479,101.5332,104.7091,104.2017,104.7091,103.8701,103.3683,102.8834,103.3683,103.4698,100.3195,102.6937,99.9250,101.2423,102.1567,98.4886,101.2373,101.5529,96.6075,96.7729,97.9439,99.2824,93.4719,91.7061,93.1504,90.8240,89.5879,86.2670,83.8153,82.2010,80.8022,76.4003,79.3977,70.7248,71.5891,66.4680,64.3817,65.0538,63.7809,64.0312,57.6888,58.6686,0.0000,0.0000,0.0000,0.0000,0.0000,0.0000,0.0000,0.0000,0.0000,0.0000,0.0000,0.0000
1700000014.700000,-65.1,101.2571,101.0445,100.4241,99.0202,101.4150,97.0000,96.9381,102.5524,100.4092,101.8234,101.8627,99.7046,103.3925,103.2763,101.1187,103.3247,104.0625,98.3514,102.0686,103.3925,99.1564,100.5684,100.0050,102.0686,99.9050,100.0050,100.4988,96.2081,98.3107,96.8762,96.8762,97.5910,95.0158,94.3663,91.5478,92.3147,90.2718,84.2021,85.7030,80.4487,80.2621,77.8974,75.8024,73.0616,67.5352,65.0000,65.3911,63.3246,64.5136,62.3618,58.9406,57.0701,0.0000,0.0000,0.0000,0.0000,0.0000,0.0000,0.0000,0.0000,0.0000,0.0000,0.0000,0.0000
1700000014.750000,-61.6,101.2571,102.8251,98.7168,99.8248,99.0353,96.8969,98.4937,99.0353,102.1763,100.0050,101.9804,102.8251,103.4795,101.5332,102.3035,105.2093,102.4158,99.6243,99.0454,101.5135,98.6002,99.6243,99.6243,95.1315,100.1249,99.0454,101.5480,95.9635,100.6876,97.6524,98.2293,93.2309,97.0052,94.6414,91.0494,89.2749,89.1403,82.7345,84.8646,79.9062,80.6226,77.8332,78.5684,71.5891,67.3573,70.6045,63.8201,63.5138,64.8845,62.2656,59.0339,57.3847,0.0000,0.0000,0.0000,0.0000,0.0000,0.0000,0.0000,0.0000,0.0000,0.0000,0.0000,0.0000
1700000014.800000,-61.7,106.1037,102.4597,104.2353,102.8591,102.0000,104.1009,101.3558,101.3558,103.4650,103.4698,105.1190,102.6499,103.6002,102.0049,104.6231,105.1190,103.0776,104.4845,105.4230,102.0686,101.3163,105.1190,101.5332,100.4191,102.8251,103.3247,100.4191,100.6578,101.9117,100.5684,98.0816,100.4241,100.4241,95.2103,92.6553,94.4034,89.5879,90.2109,87.9830,85.9593,83.1865,79.6492,77.8203,73.7902,72.0902,65.3911,67.2309,66.1287,65.1460,58.6941,61.6117,60.2080,0.0000,0.0000,0.0000,0.0000,0.0000,0.0000,0.0000,0.0000,0.0000,0.0000,0.0000,0.0000
1700000014.850000,-61.7,98.7370,96.2601,100.8018,98.6002,99.3579,95.7758,95.9010,97.0000,96.2081,101.8234,95.4830,98.3514,101.1781,97.6729,97.5910,97.7446,96.4261,97.0000,94.3663,98.7168,95.6713,96.6747,94.0213,93.4077,95.4411,96.2133,96.8298,98.2344,96.6747,96.6747,92.6984,95.6713,94.1754,92.6337,92.6337,94.0479,87.7838,85.7030,80.9197,81.0555,78.2368,74.0608,75.0000,69.8928,69.6419,66.2420,65.8635,62.6099,64.0078,60.9262,61.8466,58.8218,0.0000,0.0000,0.0000,0.0000,0.0000,0.0000,0.0000,0.0000,0.0000,0.0000,0.0000,0.0000
1700000014.900000,-63.0,97.5295,94.8103,98.3870,101.1336,95.4620,95.8541,97.7394,96.1353,96.7988,96.7678,96.1665,98.4937,99.0404,97.0155,96.5401,97.7446,97.0824,94.9210,96.8814,97.8621,94.1488,97.3242,93.6483,95.8853,94.9210,97.0155,97.8673,95.3520,95.3520,95.1893,97.3242,93.7443,94.1488,88.8426,89.9889,85.6154,86.4002,85.7030,80.0562,80.9938,78.5493,73.9256,74.3236,71.1758,69.3181,66.2118,64.4981,66.5733,60.4649,64.8151,61.2209,57.2800,0.0000,0.0000,0.0000,0.0000,0.0000,0.0000,0.0000,0.0000,0.0000,0.0000,0.0000,0.0000
1700000014.950000,-62.0,94.0479,96.3328,92.3147,95.6033,94.3663,93.6002,92.4175,92.4175,92.6553,91.2688,94.8736,92.9624,91.7878,93.6483,93.2952,89.8944,94.3663,90.4268,94.3716,92.5743,89.0056,93.5201,87.6641,91.3893,93.5201,92.3093,91.5478,90.8735,92.1141,91.2853,91.2360,89.8999,91.2414,86.3134,87.7097,83.3547,86.6083,85.7555,79.3221,80.4487,76.0263,76.0592,72.4707,70.9366,70.0357,65.0538,62.9365,62.9365,62.2896,61.8466,61.4003,57.8014,0.0000,0.0000,0.0000,0.0000,0.0000,0.0000,0.0000,0.0000,0.0000,0.0000,0.0000,0.0000
1700000015.000000,-63.3,92.7200,92.1792,92.0272,95.1893,91.4166,86.7295,91.1811,89.5545,89.1572,89.0505,90.8020,89.9444,91.7878,93.2952,90.9175,90.5538,90.4268,87.6641,88.7525,89.3588,87.6641,90.9725,86.2670,87.6185,90.0000,92.4175,91.0220,91.0220,89.6270,86.8389,87.9204,84.5991,87.9830,86.9540,86.0930,87.4643,81.0062,81.4125,81.8413,77.8781,73.9256,75.3923,72.8011,69.8928,66.7608,67.1863,63.0635,63.3482,61.0000,61.6604,60.4070,60.0750,0.0000,0.0000,0.0000,0.0000,0.0000,0.0000,0.0000,0.0000,0.0000,0.0000,0.0000,0.0000
1700000015.050000,-60.8,92.2822,92.5905,89.8944,87.6584,89.5545,85.4927,88.0227,87.0919,90.4765,87.9204,90.4434,90.4434,89.1852,88.2950,88.3233,86.3481,86.8850,88.2950,86.3134,86.9770,86.1220,87.1321,84.8528,86.1452,87.8237,85.7088,86.5794,85.3288,83.8630,89.8053,86.4928,84.3445,86.4928,81.7863,84.1724,85.1469,81.4923,80.6536,76.8440,76.2168,75.6108,71.5122,73.0069,68.0294,65.7951,65.7419,65.3682,63.6318,64.0703,61.4003,59.8164,57.3149,0.0000,0.0000,0.0000,0.0000,0.0000,0.0000,0.0000,0.0000,0.0000,0.0000,0.0000,0.0000
1700000015.100000,-66.4,95.9635,95.4411,91.6079,90.8020,90.6035,88.7299,90.0278,90.5538,92.0978,90.5207,91.2414,90.5207,90.5097,90.5207,90.6090,91.9674,86.5563,90.2718,86.6833,89.8109,86.2149,91.2140,87.2009,90.2109,90.4268,88.2327,87.6584,87.2009,92.2009,87.9204,86.6833,87.8009,87.8009,86.8332,87.3212,85.0412,85.0412,82.7587,78.4920,78.4920,78.5684,75.8222,75.1665,70.1783,69.0290,65.6049,67.6757,66.3702,63.5295,63.0714,61.7414,59.4643,0.0000,0.0000,0.0000,0.0000,0.0000,0.0000,0.0000,0.0000,0.0000,0.0000,0.0000,0.0000
1700000015.150000,-60.3,92.6553,91.5260,88.6002,92.4554,88.8651,87.9659,89.2749,88.5268,89.9389,86.3134,89.1964,89.3756,88.5268,89.3756,88.5268,90.0278,87.6185,88.2383,85.4283,88.2383,87.6185,86.2149,85.7030,85.7030,85.9826,87.6641,87.1321,85.0000,86.0233,86.8389,86.6083,88.0057,85.9128,83.2406,85.1469,84.8116,83.0963,81.4678,81.3941,76.3675,75.0067,72.2496,73.7564,68.6804,68.6003,66.8506,63.6003,65.5134,59.6825,62.6099,61.2699,58.8727,0.0000,0.0000,0.0000,0.0000,0.0000,0.0000,0.0000,0.0000,0.0000,0.0000,0.0000,0.0000
1700000015.200000,-61.5,97.9847,95.6033,94.2550,91.2140,90.1388,89.8888,89.3196,87.8465,92.5743,91.7878,92.1303,90.3549,90.3549,90.9175,90.8240,92.4392,87.6641,89.1852,89.6939,92.1141,90.1388,90.9725,89.3085,90.0000,88.0057,88.8144,90.8020,90.0000,90.2109,88.8651,88.2043,90.2109,86.2670,86.6083,88.8369,86.4523,86.0930,79.7559,80.9506,81.4371,75.6439,76.6942,75.9605,69.5701,68.3081,65.5210,68.4105,65.3070,65.3070,61.8142,60.1332,60.0083,0.0000,0.0000,0.0000,0.0000,0.0000,0.0000,0.0000,0.0000,0.0000,0.0000,0.0000,0.0000
1700000015.250000,-60.3,95.0842,90.1998,93.0215,93.1343,88.0227,88.0057,87.1436,88.2780,87.5728,87.6926,88.8144,88.9550,91.9239,89.1067,87.9659,89.4427,88.0738,85.1469,88.5268,86.8332,86.5852,87.0919,85.4400,85.0706,83.5225,86.3308,86.3308,86.0233,86.6833,87.9204,85.4400,87.6413,85.8662,84.6463,82.7103,82.2253,82.9759,80.4114,76.6551,77.6466,73.3348,74.3303,73.3348,67.1193,68.0000,65.0692,63.0079,62.2013,60.6712,59.6825,57.0701,57.9741,0.0000,0.0000,0.0000,0.0000,0.0000,0.0000,0.0000,0.0000,0.0000,0.0000,0.0000,0.0000
1700000015.300000,-62.6,101.5972,104.5801,105.9292,103.2473,103.7545,96.8814,102.1812,98.7623,99.9300,97.1236,99.0404,99.0202,100.0900,100.2447,98.2344,99.1615,99.0051,97.5756,97.5090,99.3177,94.3716,97.4936,97.9439,95.3834,94.0213,93.5361,92.6607,96.6023,93.0591,93.8136,90.4268,94.8947,92.5743,93.9415,91.2360,94.4299,89.6939,85.4400,88.0227,81.5966,83.1685,80.9568,82.0061,73.4983,70.8308,67.8970,71.8471,70.8590,67.1193,67.1193,65.0000,63.2851,0.0000,0.0000,0.0000,0.0000,0.0000,0.0000,0.0000,0.0000,0.0000,0.0000,0.0000,0.0000
1700000015.350000,-64.5,105.0048,103.2473,102.1812,98.0867,101.2373,95.3415,102.0441,94.4299,97.9439,102.0000,102.0833,98.1122,100.4988,97.7548,97.7548,101.2571,96.0208,94.8736,95.6922,99.3227,96.2549,98.4733,94.8683,94.8103,97.0052,97.0052,94.8683,95.2103,96.2133,95.8019,91.8368,92.6553,93.4933,90.5538,92.2822,92.7847,87.7097,85.4283,84.0773,85.6154,81.1542,74.4648,78.4474,75.8947,76.4003,71.8053,69.0507,65.4905,66.4831,61.2944,62.0081,62.0322,0.0000,0.0000,0.0000,0.0000,0.0000,0.0000,0.0000,0.0000,0.0000,0.0000,0.0000,0.0000
1700000015.400000,-56.4,112.0179,114.2147,110.3676,112.2185,104.4797,108.7796,108.0602,108.0602,105.1190,108.2589,111.0045,106.5129,104.5466,105.7592,111.5706,106.2309,108.8118,105.2616,108.1573,104.3552,106.2544,104.0625,104.6757,104.6757,101.1929,103.4070,102.4597,102.4890,101.5332,102.4597,102.4890,101.5332,100.6876,100.0000,100.2247,101.2028,94.2019,93.2148,94.0479,89.6772,86.2844,84.1487,85.0529,86.0000,76.0066,73.3348,73.1710,73.1710,67.8970,68.7314,66.7083,63.5689,0.0000,0.0000,0.0000,0.0000,0.0000,0.0000,0.0000,0.0000,0.0000,0.0000,0.0000,0.0000
1700000015.450000,-58.3,116.2755,108.7474,111.2340,109.9318,109.1100,104.0433,108.8118,107.0047,108.6692,109.8954,110.1635,109.3846,109.3846,111.0856,107.4895,110.8197,104.7378,107.3546,104.2353,104.9381,104.0865,106.9205,106.2121,106.7942,105.8017,103.8171,105.3850,105.5746,101.4938,106.4706,101.9657,101.9657,102.9563,99.2975,100.8067,100.0200,97.5141,93.6803,93.9628,90.1388,89.4930,83.1685,87.3155,78.5493,77.6209,77.0779,73.3485,72.8972,69.9714,69.3397,68.0074,66.0681,0.0000,0.0000,0.0000,0.0000,0.0000,0.0000,0.0000,0.0000,0.0000,0.0000,0.0000,0.0000
1700000015.500000,-63.0,114.0614,110.0591,111.5079,109.7725,109.6038,108.4528,108.7244,108.7244,108.0046,109.8089,112.0045,108.8531,110.8873,109.3435,108.0741,111.2879,106.1508,107.6290,106.1508,106.1508,104.7378,106.1037,106.1037,107.5174,106.1037,105.3803,103.3247,104.0048,103.2473,104.0048,101.8234,106.0754,103.3247,100.4988,99.1564,101.3163,95.9010,93.8616,92.2009,92.0869,89.0505,85.1469,84.7231,81.1234,77.8974,75.5910,73.3485,75.1532,70.7743,70.3847,67.3573,66.9403,0.0000,0.0000,0.0000,0.0000,0.0000,0.0000,0.0000,0.0000,0.0000,0.0000,0.0000,0.0000
1700000015.550000,-60.3,119.6161,110.1363,111.3194,111.3194,107.5639,105.2616,110.8603,108.6830,110.2180,112.7874,109.6586,112.7519,107.9120,111.8794,110.8873,111.2879,111.1620,106.2309,108.5587,108.2266,108.2266,108.2266,107.2287,103.0776,107.0047,107.1681,107.0047,108.0046,106.0047,103.0194,102.0049,106.0424,102.1763,105.0762,101.2423,101.3163,100.4042,97.7394,93.0591,92.2280,91.2195,86.6833,82.0000,79.8311,76.6551,76.5376,76.5376,73.5391,73.8241,73.5391,70.2140,67.6018,0.0000,0.0000,0.0000,0.0000,0.0000,0.0000,0.0000,0.0000,0.0000,0.0000,0.0000,0.0000
1700000015.600000,-62.6,108.9036,99.7246,104.6900,99.7046,102.5914,97.0824,102.1763,101.4150,101.0445,101.2126,101.4002,103.6002,104.6231,106.0189,104.8618,104.3072,101.5480,102.9272,96.7988,100.8464,101.5135,99.8599,96.8969,99.3630,96.7471,97.7548,97.2471,99.8499,97.2471,100.8464,94.1541,96.5194,95.6922,92.4175,99.2018,96.0208,92.9570,86.5563,88.4590,84.9588,83.5464,79.1960,82.1340,75.0067,75.0733,72.3464,69.8140,68.8186,68.2642,69.0652,65.5134,64.4127,0.0000,0.0000,0.0000,0.0000,0.0000,0.0000,0.0000,0.0000,0.0000,0.0000,0.0000,0.0000
1700000015.650000,-62.5,107.8378,103.1213,103.1213,101.3903,99.4032,101.5529,104.2785,106.1037,103.3683,105.5888,105.1903,103.8316,102.4744,99.1262,98.1122,101.8725,101.5480,99.1262,102.6255,97.4166,98.8838,99.8599,100.4042,103.0049,97.4166,96.4002,99.0454,99.6243,100.9554,96.6075,97.0824,97.2471,99.3227,95.2943,93.6483,94.8103,94.8947,88.5494,85.9069,86.9253,83.5703,84.5044,80.9568,79.6994,77.1298,72.2772,70.0928,71.1969,70.0357,71.7008,63.2851,65.0077,0.0000,0.0000,0.0000,0.0000,0.0000,0.0000,0.0000,0.0000,0.0000,0.0000,0.0000,0.0000
1700000015.700000,-61.0,98.4784,96.1769,98.9949,95.4254,95.3363,92.1358,94.0851,95.0210,97.0052,98.0459,98.1275,95.3363,97.1288,94.1913,97.0824,94.2603,95.4254,91.1976,94.5304,97.5141,95.4254,93.9042,95.0368,93.5575,92.3959,91.7823,93.9415,90.6090,96.3379,92.3959,92.6553,95.1893,91.5478,93.5361,88.5664,88.4590,85.2878,85.1469,82.0975,82.0244,80.0250,81.0555,76.1052,77.2334,73.3348,71.3442,67.6018,70.5762,65.9242,65.9242,65.2533,64.5136,0.0000,0.0000,0.0000,0.0000,0.0000,0.0000,0.0000,0.0000,0.0000,0.0000,0.0000,0.0000
1700000015.750000,-60.9,98.2497,98.0816,98.0204,97.0000,97.0052,93.0054,93.1933,95.0474,98.2497,95.2575,98.6154,99.1413,99.8499,98.0051,98.5089,98.6560,95.7079,98.8433,93.9415,92.7631,95.1262,93.3916,92.6499,93.3006,95.2103,94.8314,92.7200,97.8008,92.6499,97.1236,92.4175,93.8616,93.1719,93.7443,93.9415,90.8020,89.4427,88.6848,88.6848,82.3893,82.2982,80.0999,81.0247,71.0070,71.1126,69.1809,70.3491,70.1783,67.4759,66.6108,66.9104,66.0984,0.0000,0.0000,0.0000,0.0000,0.0000,0.0000,0.0000,0.0000,0.0000,0.0000,0.0000,0.0000
1700000015.800000,-58.4,89.1067,89.1067,90.6090,90.6090,89.2749,90.6035,88.6002,91.6079,91.8368,91.6079,90.8020,90.1388,91.5260,89.6939,91.5860,93.2952,89.1852,88.8369,92.1303,88.1022,88.6848,91.2414,87.6641,89.8999,86.7698,89.0000,89.0505,89.8999,90.3770,89.4427,87.6641,89.8999,87.7097,87.2353,87.7097,84.2199,84.0595,80.7094,78.8162,74.4043,74.8131,75.4321,75.9276,70.1783,68.6804,66.4831,67.1789,67.2086,65.9469,64.0312,63.2456,61.5873,0.0000,0.0000,0.0000,0.0000,0.0000,0.0000,0.0000,0.0000,0.0000,0.0000,0.0000,0.0000
1700000015.850000,-60.2,93.0591,91.3017,91.5860,88.8369,88.7525,87.3670,88.2327,88.4816,90.6035,88.6002,93.7230,89.3756,91.6788,90.6863,90.6863,89.8721,90.5538,88.4590,89.8053,89.8276,87.1149,88.4138,86.2670,89.2749,89.1964,89.9389,88.4590,89.1403,89.1964,91.2853,88.4590,90.5207,89.8721,85.7030,87.8635,86.4523,82.1340,83.4086,80.4301,79.4040,77.2010,74.4043,76.0066,69.6419,69.3542,66.6408,66.1891,64.4748,63.6946,64.2573,61.6847,60.4152,0.0000,0.0000,0.0000,0.0000,0.0000,0.0000,0.0000,0.0000,0.0000,0.0000,0.0000,0.0000
1700000015.900000,-58.7,97.4526,96.4261,95.5249,93.3488,92.6337,93.3809,92.8493,92.0978,94.6414,95.9010,98.2344,94.8103,97.8008,97.4166,95.4149,98.7370,93.1933,95.7183,91.4166,94.6678,90.5538,96.3846,92.2822,94.3663,94.0213,91.7061,92.5743,95.7131,94.3663,97.0618,94.8262,95.7131,94.0213,94.0213,91.2688,92.3580,90.1388,89.6270,85.0000,82.6196,81.4002,79.6492,78.8733,75.0067,77.7946,70.7107,70.0357,69.3542,67.2681,66.2193,63.2456,64.4981,0.0000,0.0000,0.0000,0.0000,0.0000,0.0000,0.0000,0.0000,0.0000,0.0000,0.0000,0.0000
1700000015.950000,-61.6,94.2550,91.4822,90.9560,94.1116,90.9560,90.2441,93.3809,92.3959,93.0591,90.6697,95.3363,95.2575,95.1893,95.0842,96.1873,95.1315,93.0484,93.0860,95.0474,93.1343,91.0220,94.0053,91.0055,93.1343,93.1343,96.1301,90.1388,95.0842,94.0851,92.0869,93.1343,94.0213,94.0053,92.0869,90.1388,89.0898,87.2066,84.5931,85.5862,84.7172,79.6241,80.8950,79.8311,73.9797,74.4648,70.8378,67.4463,66.7308,65.5515,64.4748,63.5059,62.9682,0.0000,0.0000,0.0000,0.0000,0.0000,0.0000,0.0000,0.0000,0.0000,0.0000,0.0000,0.0000
1700000016.000000,-62.9,96.4261,90.0278,95.6033,94.2019,92.8009,89.3085,91.8096,93.8136,92.7847,93.6483,95.3834,93.9149,95.2943,93.0215,90.8020,96.6075,91.2853,92.1954,91.7606,93.9840,92.3093,92.4770,93.6376,93.3006,90.4765,93.0054,91.4822,92.3472,93.3006,94.2550,91.7061,92.0272,92.6553,91.4166,90.4765,88.7694,86.0058,86.7640,84.9706,80.9506,83.1865,76.1577,79.7559,73.2462,73.2462,69.6348,68.8186,68.1175,67.4759,63.6396,64.3506,60.6053,0.0000,0.0000,0.0000,0.0000,0.0000,0.0000,0.0000,0.0000,0.0000,0.0000,0.0000,0.0000
1700000016.050000,-65.1,97.5295,98.6712,95.5196,96.1353,90.8240,94.1541,94.8103,94.4299,97.0464,93.4719,97.9490,96.2549,97.1288,98.1122,98.4886,95.7183,97.3499,94.5780,94.0479,96.8349,94.5780,94.6256,93.6002,94.6414,96.2133,94.8103,96.5401,94.8103,97.1854,95.7758,95.2103,94.8103,92.8009,93.1933,90.6973,90.6973,91.2688,89.3588,87.3212,83.7257,81.1234,77.8203,77.3886,78.3901,71.3092,71.8679,70.8378,67.7200,67.4463,68.4471,64.1327,63.1981,0.0000,0.0000,0.0000,0.0000,0.0000,0.0000,0.0000,0.0000,0.0000,0.0000,0.0000,0.0000
1700000016.100000,-59.9,91.4440,87.5557,91.7823,90.8020,88.9550,89.1067,90.3549,88.4590,91.3510,90.1388,89.1403,91.0055,95.0210,92.0054,93.0215,92.0217,92.0217,88.0227,90.1998,92.0869,90.1388,88.3629,86.2844,90.7965,91.6624,91.5478,90.7965,92.5419,89.8053,89.8053,88.4590,89.4539,89.2020,90.1998,89.1403,85.0941,85.0235,82.0244,81.0247,82.1523,79.4040,76.3217,77.4145,71.1758,71.7008,66.0984,68.6586,63.7887,62.3618,60.7289,60.7289,56.4624,0.0000,0.0000,0.0000,0.0000,0.0000,0.0000,0.0000,0.0000,0.0000,0.0000,0.0000,0.0000
1700000016.150000,-67.3,97.6166,96.0469,97.8008,96.8349,97.4166,95.2103,96.5660,96.2549,97.7548,97.2471,95.2943,97.0464,100.6479,99.3177,98.3870,99.0051,98.2344,94.9368,98.2344,99.5389,92.4770,93.9840,90.7579,96.4624,95.1893,95.2103,95.1893,97.8008,97.4166,96.1665,96.7678,95.5196,93.9840,96.9330,92.4770,89.5545,91.7878,89.9611,86.7698,84.2199,84.1190,79.7559,79.4040,76.2758,76.8440,70.2140,70.4344,66.8431,67.3573,65.1920,62.9682,62.6259,0.0000,0.0000,0.0000,0.0000,0.0000,0.0000,0.0000,0.0000,0.0000,0.0000,0.0000,0.0000
1700000016.200000,-63.3,104.5610,100.4390,101.4002,102.4500,99.6394,97.7446,97.0824,97.0000,97.5807,98.2904,98.2904,102.5914,101.9804,101.8627,100.4988,101.5332,99.0202,98.0816,99.8098,98.6002,97.8008,98.0051,97.6524,102.3426,97.0824,96.8349,101.5135,99.2975,95.4149,98.7370,97.2008,99.6243,99.0454,96.6075,94.4034,94.6414,90.6863,89.8721,88.3912,84.8999,86.2670,80.6598,81.4678,74.4110,74.2024,71.4003,71.8471,69.0652,66.5733,64.4127,64.4127,66.4831,0.0000,0.0000,0.0000,0.0000,0.0000,0.0000,0.0000,0.0000,0.0000,0.0000,0.0000,0.0000
1700000016.250000,-63.6,98.7927,94.5780,98.2293,96.5194,98.0051,92.0054,98.8585,95.2680,93.7230,98.4124,100.6578,94.8472,98.4124,99.0858,96.2081,95.4830,94.0479,92.6337,98.3514,94.7945,94.0479,95.6713,94.7945,95.7758,95.5249,95.1315,94.1754,96.3328,92.8493,96.4261,91.2853,94.7629,92.6984,92.6553,89.8053,89.1964,88.8651,85.0412,85.0000,80.2122,80.4487,75.2928,75.7166,72.5603,70.2353,66.6408,69.3542,63.0714,64.6220,64.1950,61.6117,60.0167,0.0000,0.0000,0.0000,0.0000,0.0000,0.0000,0.0000,0.0000,0.0000,0.0000,0.0000,0.0000
1700000016.300000,-64.7,105.2616,98.4937,105.6504,100.9604,103.4456,101.9510,102.6937,99.0051,103.0776,100.7224,105.0952,104.3168,104.2353,101.5972,101.0742,106.0660,98.4124,101.7104,99.4786,100.8464,97.4166,101.0198,98.1835,96.6075,99.0454,101.0198,99.6243,100.1249,100.4241,100.6876,99.5691,100.7025,98.4733,96.8969,96.8969,92.2822,93.6483,89.8999,88.2383,82.3468,84.6936,81.1542,82.6378,75.9605,77.4919,71.8401,65.5134,68.4471,68.2495,64.5368,65.4905,64.0078,0.0000,0.0000,0.0000,0.0000,0.0000,0.0000,0.0000,0.0000,0.0000,0.0000,0.0000,0.0000
1700000016.350000,-61.2,104.3072,104.3072,101.1781,108.1897,99.6092,103.8171,101.4347,103.5761,100.8067,101.0000,106.9626,104.0481,107.2007,103.3247,104.0481,103.1601,102.7862,99.6243,104.6948,102.4890,96.8401,98.0306,94.5569,99.2975,100.5684,103.8171,104.0625,100.3045,102.7862,100.2447,98.6712,101.9215,100.4390,95.3363,97.0824,93.6216,92.9624,90.0944,91.9239,88.5664,79.1581,83.2166,77.1038,76.0066,73.0069,71.1758,71.3442,70.2567,64.2806,66.6108,60.6383,63.0635,0.0000,0.0000,0.0000,0.0000,0.0000,0.0000,0.0000,0.0000,0.0000,0.0000,0.0000,0.0000
1700000016.400000,-59.6,104.8093,101.5332,105.1190,101.9804,103.4698,97.9898,98.6154,101.3903,105.0048,101.9510,104.0625,104.0433,105.3043,99.9300,98.6712,104.1201,101.5332,98.0816,97.7446,101.3903,97.8008,100.6628,98.4937,95.9010,100.6628,100.0200,99.2472,100.6628,96.7729,97.2677,96.5660,96.8401,95.5092,94.2444,95.5196,95.5196,92.1141,89.3196,89.4427,84.5340,85.8836,79.2591,75.6637,74.4312,71.8471,70.4557,68.0074,65.4370,65.2993,64.3817,61.6198,59.6657,0.0000,0.0000,0.0000,0.0000,0.0000,0.0000,0.0000,0.0000,0.0000,0.0000,0.0000,0.0000
1700000016.450000,-59.5,110.1635,109.1100,108.2589,106.5129,105.9056,104.9238,105.2236,104.2353,107.2007,106.5692,107.4663,105.2331,105.0190,107.0747,105.1713,106.0189,105.0048,106.0047,103.0437,104.0433,102.0000,104.0192,104.1201,102.5914,102.1763,98.3260,103.5857,104.3072,102.3132,104.3072,100.0800,103.0776,100.0200,97.0052,98.0000,102.0000,97.0206,92.0217,89.2020,87.5728,87.2812,84.7172,80.2309,74.9667,78.8543,73.0069,72.0347,69.9214,68.3081,64.1950,64.2573,64.4050,0.0000,0.0000,0.0000,0.0000,0.0000,0.0000,0.0000,0.0000,0.0000,0.0000,0.0000,0.0000
1700000016.500000,-60.9,105.5888,102.4744,103.5857,100.3444,100.4988,95.9635,100.4390,101.4002,101.8283,99.8098,100.8960,100.0050,100.6578,101.9804,99.4887,97.5910,96.9381,94.7945,97.5807,96.8762,96.8762,96.8969,91.9348,96.4261,96.2601,94.2603,97.1854,97.1854,94.2603,98.7168,93.3809,94.7945,95.4620,91.2195,89.8721,90.6090,87.2066,85.7963,84.5044,80.2808,80.2122,76.0263,77.1038,74.0945,69.3397,69.3542,64.8845,65.2993,64.8845,61.6847,57.8705,57.5674,0.0000,0.0000,0.0000,0.0000,0.0000,0.0000,0.0000,0.0000,0.0000,0.0000,0.0000,0.0000
1700000016.550000,-62.2,103.5857,103.3102,105.4751,104.2353,102.1763,102.1225,101.0000,101.0198,102.0196,101.0792,101.3163,100.4042,103.8171,102.4890,101.3163,98.9949,100.2846,98.0051,99.8248,99.4636,98.3107,96.5091,98.8433,95.8019,97.7446,97.2934,101.1385,95.5667,95.5667,95.8019,94.5410,98.6560,93.3809,94.7259,94.8947,90.9340,90.9340,87.3670,87.0919,82.2982,79.0253,78.0000,78.0064,73.0616,70.1783,67.0671,65.6201,65.4905,62.6498,62.6498,59.6657,57.5847,0.0000,0.0000,0.0000,0.0000,0.0000,0.0000,0.0000,0.0000,0.0000,0.0000,0.0000,0.0000
1700000016.600000,-61.7,107.2007,103.1746,106.8504,105.1523,104.4462,94.6678,102.0833,99.2824,99.2824,105.0952,101.0742,101.5529,103.7882,102.5524,102.4597,99.4032,99.5389,98.0867,97.4987,98.6154,99.9250,99.1615,97.6934,99.0202,98.6154,97.7394,99.6243,98.6154,98.2344,96.3846,92.8493,96.2549,93.9415,92.5743,93.5361,91.7878,88.3233,86.8217,82.9277,82.8010,79.4040,76.4003,73.6003,70.8378,70.9366,70.7248,65.0538,67.2086,64.2028,59.8164,59.0762,56.0357,0.0000,0.0000,0.0000,0.0000,0.0000,0.0000,0.0000,0.0000,0.0000,0.0000,0.0000,0.0000
1700000016.650000,-58.7,108.2266,104.2929,108.6002,108.4066,104.6375,101.2126,103.0776,100.8960,103.5857,102.5914,106.7755,105.3613,106.7942,103.2376,103.2763,105.3803,101.9117,101.2373,102.0686,101.2373,105.3613,100.5684,100.6578,101.4002,101.8283,101.0445,101.0445,102.8251,103.2327,98.8585,97.7446,100.5684,99.7046,98.2904,94.1116,92.7631,97.6217,88.7299,85.9128,84.2021,83.8153,79.8812,77.9359,76.3217,73.9256,69.3542,70.2140,64.8845,58.8727,61.6847,60.7454,60.8769,0.0000,0.0000,0.0000,0.0000,0.0000,0.0000,0.0000,0.0000,0.0000,0.0000,0.0000,0.0000
1700000016.700000,-63.0,106.7052,105.9906,105.7733,107.7033,104.5466,102.8834,106.2544,103.0922,105.3043,105.3043,100.2447,107.9120,105.6220,102.5524,104.7521,105.3091,100.3195,101.1336,101.5185,101.9804,101.0792,101.5529,98.8989,96.1769,102.4207,97.0618,98.9798,97.4936,98.8382,99.7647,99.2975,97.0824,98.4124,96.6644,93.4077,93.0484,90.8240,89.1852,86.1278,86.1278,81.2527,81.0432,76.4003,75.3127,68.8840,69.4622,67.3647,67.1863,65.0692,61.0082,62.1289,56.4358,0.0000,0.0000,0.0000,0.0000,0.0000,0.0000,0.0000,0.0000,0.0000,0.0000,0.0000,0.0000
1700000016.750000,-63.4,109.2245,107.2287,112.0179,104.0769,111.0180,104.0769,108.1157,106.1179,105.3043,108.4620,107.5639,109.7725,108.7796,105.9292,103.9471,109.3298,106.2121,101.1187,102.8397,105.1190,98.9949,103.0776,101.4150,100.4390,101.2028,99.6895,104.3456,101.8676,98.8433,102.6109,97.5141,96.3379,101.2719,97.1648,98.3260,98.6154,95.1315,89.0898,90.0056,85.0235,84.0060,79.0063,84.0952,75.4255,74.3303,69.8713,68.2495,68.8840,67.9117,67.1863,64.0312,62.0322,0.0000,0.0000,0.0000,0.0000,0.0000,0.0000,0.0000,0.0000,0.0000,0.0000,0.0000,0.0000
1700000016.800000,-60.3,107.5639,110.4536,104.8093,105.5746,104.2353,103.1601,103.7545,103.1601,100.0200,106.7380,105.0190,103.3247,107.7033,103.4456,105.3613,102.8834,101.2423,99.9300,99.6243,100.5684,99.9600,99.0202,97.4987,97.1700,99.9250,99.5389,99.5389,99.1615,99.3680,93.6376,96.7988,97.7394,97.7190,94.2550,96.7729,93.9628,92.6499,87.3212,86.4928,83.1865,80.3057,79.3095,74.2428,76.4199,71.1126,68.0074,69.0000,64.0078,65.0692,61.4003,62.3939,58.4637,0.0000,0.0000,0.0000,0.0000,0.0000,0.0000,0.0000,0.0000,0.0000,0.0000,0.0000,0.0000
1700000016.850000,-64.4,106.8925,104.6566,103.3683,103.3683,99.5389,101.9510,101.9510,99.9300,100.5783,102.4890,101.5332,103.4456,99.4585,100.8960,99.0404,100.2247,100.8960,100.4390,97.5141,98.8433,96.5091,96.3379,99.4636,96.7471,98.0051,95.0368,97.7394,98.7320,97.8673,97.0155,97.4936,95.5249,96.1041,93.9415,92.1792,91.6788,89.9889,84.7703,80.9938,82.2800,78.4347,77.4726,75.6439,68.4471,69.3181,66.6483,66.7308,62.9682,61.9112,60.7454,59.8164,55.4437,0.0000,0.0000,0.0000,0.0000,0.0000,0.0000,0.0000,0.0000,0.0000,0.0000,0.0000,0.0000
1700000016.900000,-61.4,107.8378,113.2166,110.3857,108.7842,106.2309,104.2785,105.1903,103.7545,105.9906,107.7822,110.2769,110.1454,110.7881,107.5407,109.0780,108.5587,104.0096,104.3072,106.2309,103.1746,103.7304,104.0433,99.6243,103.0049,103.6002,101.8283,102.6158,101.8332,104.0433,99.8098,102.6255,102.3426,98.6154,98.2700,96.8969,94.6678,91.7061,91.2414,88.1022,87.2353,82.8734,82.4621,77.0779,76.5506,72.1110,70.8802,70.2140,67.9117,62.8172,64.3273,62.2896,59.0762,0.0000,0.0000,0.0000,0.0000,0.0000,0.0000,0.0000,0.0000,0.0000,0.0000,0.0000,0.0000
1700000016.950000,-62.7,106.0660,103.2473,103.4650,102.6255,103.5857,99.8599,100.6876,104.0433,96.4002,99.0454,102.3035,102.9417,100.2646,101.5332,97.4526,102.3035,99.2472,97.9490,97.5910,99.1564,97.1854,100.4988,96.8969,100.4988,96.1769,96.8762,95.4620,96.8969,97.6217,99.0353,91.4385,98.0816,95.4254,94.2019,95.2103,92.4175,90.9725,85.9826,82.8553,81.6333,80.0625,76.0263,74.3236,69.7782,70.0071,65.5515,63.5689,63.8905,60.1664,61.6117,61.3922,57.5587,0.0000,0.0000,0.0000,0.0000,0.0000,0.0000,0.0000,0.0000,0.0000,0.0000,0.0000,0.0000
1700000017.000000,-62.9,109.6038,112.3610,108.7244,106.2309,102.6499,109.0183,107.2986,106.6677,107.9352,102.6499,107.7126,108.2451,109.7133,106.7755,108.3744,105.4182,104.6900,103.2763,106.0660,102.5524,106.0660,102.6499,99.0353,102.7278,102.6499,103.3925,103.4795,98.3514,101.8627,101.2373,106.7755,101.1187,99.7046,97.6729,99.1564,97.9490,96.8298,91.2140,89.2020,89.3085,81.3019,80.9938,78.2943,75.6637,73.3553,70.6612,71.5891,68.1542,65.0000,63.9062,63.2456,62.0967,0.0000,0.0000,0.0000,0.0000,0.0000,0.0000,0.0000,0.0000,0.0000,0.0000,0.0000,0.0000
1700000017.050000,-60.4,114.7563,111.9866,111.4630,114.2716,107.7868,109.6586,108.4620,107.4663,107.1681,108.1157,109.0183,110.0409,113.0177,108.0185,110.0000,110.0045,107.0747,108.0046,109.0734,109.0734,108.0417,107.0420,102.0441,103.1746,107.3778,107.4663,107.4663,107.4663,105.1190,106.3015,102.0049,103.0194,105.0190,101.0792,100.0800,95.1893,99.3227,94.3398,91.9239,89.2693,87.8237,80.6040,81.5843,81.4923,77.6209,72.1249,69.8928,73.3894,67.4166,68.5420,67.1193,63.6318,0.0000,0.0000,0.0000,0.0000,0.0000,0.0000,0.0000,0.0000,0.0000,0.0000,0.0000,0.0000
1700000017.100000,-62.8,112.9690,108.0602,106.5129,108.2589,109.6586,107.9352,104.1201,104.1201,111.1261,110.3857,107.2054,106.9766,104.1777,104.7855,107.7033,106.6208,102.5524,105.7024,102.8591,105.6030,103.8701,106.5129,102.8834,106.0047,103.3102,105.0952,104.7091,105.9906,100.6479,101.5972,101.5529,101.9804,100.7224,100.8464,98.4327,97.7394,93.3006,89.8443,90.8020,86.8332,86.6833,81.7863,78.8543,76.1183,74.8131,72.6911,68.2642,67.0671,67.0671,62.0322,62.0081,63.1981,0.0000,0.0000,0.0000,0.0000,0.0000,0.0000,0.0000,0.0000,0.0000,0.0000,0.0000,0.0000
1700000017.150000,-64.8,112.1606,110.2588,113.6002,114.0175,112.8007,108.7244,110.4355,105.4372,112.0580,109.9318,110.4536,111.5079,111.5079,114.7388,108.4066,112.2943,106.8925,109.1284,105.0952,110.4627,108.2266,106.9299,105.1190,109.7725,106.6208,103.8701,107.3546,109.1650,108.2589,106.1037,106.0047,104.2353,106.9439,100.8464,99.3227,100.4042,99.5691,95.4411,90.6035,87.6185,87.6185,85.1469,83.5464,77.1038,73.5527,73.5935,71.5052,68.6804,71.0634,67.8012,63.6003,63.8122,0.0000,0.0000,0.0000,0.0000,0.0000,0.0000,0.0000,0.0000,0.0000,0.0000,0.0000,0.0000
1700000017.200000,-62.1,102.7278,101.5480,102.9029,104.5610,97.4166,97.2008,102.6158,98.6002,98.8585,100.1249,100.7671,99.3579,102.6499,100.5684,100.4988,96.8762,97.5910,95.4620,101.8332,96.8762,93.3809,96.8762,92.6337,96.4261,99.1564,98.3107,100.4490,94.7523,96.9381,94.0691,97.5910,93.3381,97.0824,92.3147,88.7299,90.9065,90.2718,84.2021,81.5414,81.5414,78.2304,77.5242,75.6637,71.5891,69.7711,68.4471,63.1585,62.2415,61.0983,61.6847,57.2800,55.9017,0.0000,0.0000,0.0000,0.0000,0.0000,0.0000,0.0000,0.0000,0.0000,0.0000,0.0000,0.0000
1700000017.250000,-64.2,107.4477,107.4477,106.8270,109.3435,104.7378,103.2473,104.6900,106.7755,106.0754,105.5509,108.3744,109.3435,109.4806,107.2986,108.8531,107.6151,107.0047,103.0049,107.0747,105.8017,104.4031,104.2929,101.5135,105.1523,106.0000,102.6255,102.3963,101.5135,109.6038,104.3072,102.4158,103.4698,103.0049,100.2646,98.8585,96.6747,96.6747,94.0691,92.7631,86.2670,84.8999,82.7587,78.5175,73.5935,72.2496,72.2011,68.2495,66.6108,68.5055,63.5138,66.8880,64.8845,0.0000,0.0000,0.0000,0.0000,0.0000,0.0000,0.0000,0.0000,0.0000,0.0000,0.0000,0.0000
1700000017.300000,-60.5,107.3546,109.0367,104.5801,108.7796,107.1681,106.2309,106.1697,106.0754,108.0185,107.0187,107.0047,106.0424,108.0741,107.2287,108.0741,106.2309,105.2331,103.5857,104.6900,104.5801,105.2331,104.6900,102.7035,103.4070,104.2353,103.0970,104.7378,104.2353,104.0865,103.8171,103.4843,99.3227,103.1213,102.1225,100.1249,98.0459,95.0053,92.0000,89.0505,89.1403,84.2912,83.2947,78.7718,74.8131,74.9667,71.5891,69.8570,68.1542,64.8460,65.1460,65.4599,61.8466,0.0000,0.0000,0.0000,0.0000,0.0000,0.0000,0.0000,0.0000,0.0000,0.0000,0.0000,0.0000
1700000017.350000,-62.8,105.1713,105.0190,102.0049,104.0192,103.0194,102.0784,103.3102,105.2331,103.3102,104.0865,103.8171,105.2236,103.2473,104.5610,101.4347,102.9612,102.1812,101.7890,103.0776,101.1385,101.1385,102.6109,102.3572,102.2008,101.9215,102.8834,102.2008,102.2008,101.5332,101.9215,99.0404,100.6628,98.4937,95.3415,98.6560,96.5091,93.3809,89.4539,88.1419,85.2115,83.4865,80.2247,77.0065,74.0000,74.1080,68.0294,68.3593,70.3491,64.2806,62.6498,62.9682,59.6657,0.0000,0.0000,0.0000,0.0000,0.0000,0.0000,0.0000,0.0000,0.0000,0.0000,0.0000,0.0000
1700000017.400000,-64.6,107.4151,106.0189,105.8017,106.2121,109.0183,104.1393,106.2168,101.9117,106.9626,106.7755,109.6038,107.7126,105.6456,107.6290,106.1508,106.0424,108.5772,107.9352,105.1190,103.5857,104.3504,101.5332,104.2017,104.8618,104.5610,103.8123,103.7304,103.2279,103.8123,104.2929,101.0445,103.7111,103.4795,99.0353,100.4988,94.1754,93.6056,91.2414,91.9674,86.2786,81.5659,81.6884,76.6942,76.2168,72.9452,70.1783,68.5055,68.4763,62.7694,67.2309,61.7414,59.5063,0.0000,0.0000,0.0000,0.0000,0.0000,0.0000,0.0000,0.0000,0.0000,0.0000,0.0000,0.0000
1700000017.450000,-62.3,105.1903,102.0833,102.3963,102.7278,103.1746,103.1746,102.6499,101.5135,102.9029,100.0000,104.2017,102.3035,102.8251,102.9417,103.7111,100.2646,102.9417,100.6578,102.7278,101.9117,100.4988,101.9804,99.0353,99.0051,99.7046,100.4092,101.8627,96.9381,99.0353,102.5524,99.8248,99.2472,97.4526,96.0469,96.0208,90.6973,90.1388,88.5099,86.9540,86.8332,81.4923,79.1581,75.6439,74.8465,71.5122,67.4166,68.3081,63.3246,63.3246,60.8769,60.6383,58.8558,0.0000,0.0000,0.0000,0.0000,0.0000,0.0000,0.0000,0.0000,0.0000,0.0000,0.0000,0.0000
1700000017.500000,-63.9,111.0721,108.0417,112.1115,108.1665,105.3043,106.7942,107.0561,105.8017,108.6738,105.3803,109.0413,110.6345,106.5129,107.9352,105.5367,108.9312,108.2405,107.2800,109.1100,104.0433,104.4031,107.2054,105.4751,102.8834,105.1095,103.1213,105.1095,105.6220,102.1812,101.3903,100.9009,102.4597,101.2423,99.0404,101.2423,100.4241,95.5667,95.5667,91.5915,89.6270,87.8237,82.0366,83.3847,76.3217,72.0278,75.0067,70.0286,71.0000,69.0652,66.1891,62.3939,60.8276,0.0000,0.0000,0.0000,0.0000,0.0000,0.0000,0.0000,0.0000,0.0000,0.0000,0.0000,0.0000
1700000017.550000,-62.1,107.6894,103.9423,103.2473,105.3803,101.9657,102.3963,101.1781,101.1237,102.2399,101.1781,104.0769,104.0192,102.0441,102.0000,103.0049,109.0046,103.0049,102.0196,102.0784,101.0792,100.0450,101.1237,98.0459,101.3163,101.2423,101.3163,99.1262,101.3163,102.1225,99.1262,99.0454,100.0000,99.0000,97.0206,94.0851,91.1373,89.4539,90.6697,89.1067,84.7231,81.0247,77.1298,76.4003,77.3692,72.7324,66.0984,68.0074,66.7083,62.3939,64.4050,59.6825,59.6825,0.0000,0.0000,0.0000,0.0000,0.0000,0.0000,0.0000,0.0000,0.0000,0.0000,0.0000,0.0000
1700000017.600000,-61.2,110.3177,110.3087,108.9771,104.9952,103.4795,106.0424,104.9952,106.0424,110.6029,107.4151,105.6835,108.1665,108.1665,106.6771,109.2932,106.6771,103.0776,102.9563,101.5972,102.4744,102.2155,103.7690,105.1190,104.2785,106.4519,102.8591,106.4519,105.0952,102.0441,102.9563,101.5332,103.4456,102.0833,98.6154,99.9850,99.4786,92.1141,91.5260,90.6973,85.8021,86.6083,81.6884,81.0555,73.5391,72.8629,70.7248,72.1803,71.5052,63.8905,63.1269,63.6003,61.9112,0.0000,0.0000,0.0000,0.0000,0.0000,0.0000,0.0000,0.0000,0.0000,0.0000,0.0000,0.0000
1700000017.650000,-66.3,107.6151,110.2588,106.4049,109.8772,102.6499,107.4802,102.5329,104.6614,104.0048,101.1385,107.6290,104.8046,107.0561,104.9952,107.0561,102.3035,104.8904,100.1249,102.6158,101.8283,101.2126,100.4241,99.8098,102.9029,101.5135,103.2279,104.4031,100.6032,103.6002,103.0049,98.8585,100.6578,100.6578,99.9050,99.0051,94.7945,96.1665,94.1116,90.1388,85.9128,82.6196,82.6196,75.4520,77.4209,72.9452,70.3278,67.5352,69.3181,64.4050,64.6220,62.7694,59.7746,0.0000,0.0000,0.0000,0.0000,0.0000,0.0000,0.0000,0.0000,0.0000,0.0000,0.0000,0.0000
1700000017.700000,-62.1,113.4637,105.8489,115.3950,105.8489,109.1650,101.5529,106.9439,107.4244,102.7278,108.5587,110.1363,106.5317,106.7802,103.7304,103.1746,107.4151,100.0000,106.6068,103.7111,106.0424,102.0049,105.0000,106.8270,106.2168,100.6578,100.5684,101.3163,105.5509,101.3163,107.9352,98.7168,104.4845,98.6002,101.4002,97.4166,101.8725,102.0784,92.9624,89.0674,81.4125,88.1192,81.8841,83.2586,74.8465,75.2396,72.6154,72.4224,69.2892,67.7200,66.2873,61.8466,62.2013,0.0000,0.0000,0.0000,0.0000,0.0000,0.0000,0.0000,0.0000,0.0000,0.0000,0.0000,0.0000
1700000017.750000,-63.7,103.5761,103.1601,102.1078,104.0481,101.2423,104.4031,99.6243,98.6712,97.4064,100.5684,101.2423,103.8171,101.6366,98.0867,102.9563,99.3177,98.3870,100.1798,98.8382,97.9490,98.4124,99.4786,93.9415,96.0417,98.9798,98.1122,99.4786,93.6483,96.2549,93.6483,97.0618,97.5295,97.0464,92.5905,91.7061,90.8735,93.7763,84.8646,86.3308,82.2192,78.8480,79.4040,72.5328,74.9533,72.3671,65.9242,67.7422,63.2851,62.1289,59.2115,61.0082,61.2046,0.0000,0.0000,0.0000,0.0000,0.0000,0.0000,0.0000,0.0000,0.0000,0.0000,0.0000,0.0000
1700000017.800000,-62.7,111.6468,114.5295,108.0741,111.1620,106.0424,109.0046,106.0000,106.0189,107.0187,103.0776,106.0754,109.2932,108.4620,109.7725,113.1592,106.3015,106.6771,104.4797,106.2121,105.8017,102.9563,103.6967,99.6092,104.3935,101.9804,101.0000,107.0561,102.9563,107.3546,100.1299,103.4843,103.4843,102.1225,104.0769,98.0000,99.0202,99.0000,92.0217,94.2603,90.2718,84.3801,81.3941,78.4474,77.1038,75.5050,71.5681,69.2604,69.5701,66.7308,64.2573,62.0322,63.5295,0.0000,0.0000,0.0000,0.0000,0.0000,0.0000,0.0000,0.0000,0.0000,0.0000,0.0000,0.0000
1700000017.850000,-61.9,111.5213,109.2245,112.6099,108.3744,107.4802,107.4802,108.8944,106.8878,107.4895,109.3435,108.0741,106.6677,107.6151,110.0000,106.6068,108.2312,105.3945,107.4151,104.2929,103.7304,104.0433,106.2544,105.3945,103.4456,106.6771,104.4462,106.1744,102.3963,106.6771,103.5857,104.0096,102.3426,102.6499,98.2293,97.0052,99.8098,95.6033,92.3147,91.5478,86.3134,86.9770,85.5628,82.0366,74.4110,74.4110,70.8025,72.4224,70.2140,68.2422,67.1193,60.5392,59.5063,0.0000,0.0000,0.0000,0.0000,0.0000,0.0000,0.0000,0.0000,0.0000,0.0000,0.0000,0.0000
1700000017.900000,-62.7,109.0183,109.4029,101.2571,108.4666,106.8504,105.1523,105.6788,102.4744,104.9571,102.0833,105.9906,106.9439,104.2161,104.2017,108.7474,103.0776,107.7033,99.1615,106.0424,105.8489,100.3045,101.0198,101.2423,99.9300,104.3552,103.1213,103.1601,102.1421,103.0922,102.2008,100.3045,102.7862,100.3195,97.3088,99.4032,95.2575,95.7079,89.5545,89.3588,87.3212,82.4924,81.5414,79.6116,74.3303,76.6094,74.0270,68.4105,65.9469,63.6553,66.5282,60.8769,59.8164,0.0000,0.0000,0.0000,0.0000,0.0000,0.0000,0.0000,0.0000,0.0000,0.0000,0.0000,0.0000
1700000017.950000,-61.6,100.4042,102.3963,98.0459,104.1729,97.0052,101.1237,100.0050,97.0206,99.0454,94.1913,99.1262,100.1249,100.4988,98.5089,104.3887,98.8585,100.4988,95.5249,96.3379,98.9949,95.8853,95.3520,92.3959,95.3415,94.5410,95.1262,100.2247,93.2148,98.3107,92.3959,95.0368,91.9239,93.5361,90.2718,91.2688,86.2090,88.0511,82.0061,85.0059,81.0555,76.2365,75.2396,69.3542,73.5527,67.7422,66.2873,66.2873,62.8172,59.1354,60.4070,55.5428,58.6003,0.0000,0.0000,0.0000,0.0000,0.0000,0.0000,0.0000,0.0000,0.0000,0.0000,0.0000,0.0000
1700000018.000000,-62.1,101.0198,100.0200,99.0051,99.0000,99.0051,99.1262,96.4210,95.5249,98.8585,97.5141,98.7320,96.3379,101.1187,98.3107,96.3379,97.5141,96.5401,96.7729,96.0469,94.1116,93.8616,93.1451,92.8924,91.3947,92.3472,92.9731,96.1353,94.9210,94.6414,91.3947,91.4822,93.1451,95.0789,89.9889,89.2693,88.2836,88.4590,84.5931,83.6002,79.2275,78.0577,75.1066,75.0267,69.0000,67.0075,65.0308,63.1269,61.1310,60.5310,58.8558,53.3667,55.0273,0.0000,0.0000,0.0000,0.0000,0.0000,0.0000,0.0000,0.0000,0.0000,0.0000,0.0000,0.0000
1700000018.050000,-59.7,104.9238,107.4244,102.6937,108.4620,101.2423,102.4597,101.2423,103.1601,101.8332,103.0776,101.0000,105.3233,103.9423,102.1812,107.0794,99.4636,101.2719,98.4784,103.9471,102.2595,95.6347,98.8585,93.5361,99.1816,97.4166,99.1262,101.4002,98.3260,101.4002,97.5141,102.1078,99.6092,99.1413,96.8814,96.3172,91.5915,91.0055,89.2693,86.1278,86.0233,80.0062,80.9568,74.4648,74.0945,72.0139,65.7419,67.1193,70.2353,62.6498,61.0574,62.2013,57.0088,0.0000,0.0000,0.0000,0.0000,0.0000,0.0000,0.0000,0.0000,0.0000,0.0000,0.0000,0.0000
1700000018.100000,-63.8,102.7716,101.6071,101.2719,102.1812,99.8499,101.5972,102.5914,99.1262,98.3260,100.0800,100.0450,105.0048,104.0192,99.0051,101.0445,103.0437,99.0202,99.1262,98.1275,99.3227,98.1835,97.1288,97.5141,97.8673,98.6154,96.6282,96.7471,97.5141,97.5141,96.6282,97.4166,94.3398,96.0833,97.1288,94.0000,91.0494,92.0054,88.0511,86.0523,83.1505,78.7718,79.2275,77.9295,73.8241,69.4262,68.6586,64.7611,68.3081,63.2456,62.9682,60.0083,55.0091,0.0000,0.0000,0.0000,0.0000,0.0000,0.0000,0.0000,0.0000,0.0000,0.0000,0.0000,0.0000
1700000018.150000,-60.6,101.1929,103.1601,100.0000,104.5466,95.3363,98.2344,98.7168,96.6902,95.9010,94.7259,100.1299,97.8673,97.3242,98.4124,97.4166,95.5249,97.4166,95.3363,98.1835,95.0210,92.1358,96.0833,92.0869,98.0051,93.0484,94.0213,96.0469,94.0851,96.0208,93.0054,96.0833,93.0484,93.2631,90.3549,90.6697,86.8332,84.8528,82.3772,83.1986,81.7435,78.5875,77.8845,71.7844,70.9366,67.4166,65.7951,64.4748,60.8358,60.8276,57.4543,54.0833,55.4707,0.0000,0.0000,0.0000,0.0000,0.0000,0.0000,0.0000,0.0000,0.0000,0.0000,0.0000,0.0000
1700000018.200000,-60.9,103.7690,100.2397,101.3558,98.9798,100.7025,99.0202,99.1262,96.2549,100.1249,97.8008,97.0052,97.3088,100.5684,98.4124,97.1854,98.4124,99.8248,94.1754,97.6729,97.7446,93.5094,95.5249,93.3381,96.4261,93.4345,93.4345,93.3381,94.7945,94.0691,91.9674,94.7523,93.5094,93.5094,91.3510,91.8314,89.4986,89.2749,85.7963,85.0000,82.0975,76.8505,76.3217,74.3034,72.0069,68.9420,63.6946,64.5136,63.6946,61.0328,60.7454,57.0088,56.5155,0.0000,0.0000,0.0000,0.0000,0.0000,0.0000,0.0000,0.0000,0.0000,0.0000,0.0000,0.0000
1700000018.250000,-65.5,99.0404,98.3717,98.3717,97.7190,98.0306,93.9202,95.8593,95.0789,95.2733,95.7079,98.3870,96.6075,97.4936,93.9415,94.4140,96.7471,92.2822,92.2822,94.5145,95.5249,92.1792,93.2952,92.3580,91.8368,92.3580,90.1388,93.8136,94.3027,94.0319,90.6973,91.2688,88.5099,90.4268,91.3017,91.2414,87.6584,86.7640,84.0952,80.2309,78.3901,75.6108,75.2728,73.0548,66.7608,69.6419,61.3922,63.7887,58.8558,58.6941,58.2151,58.0775,57.0000,0.0000,0.0000,0.0000,0.0000,0.0000,0.0000,0.0000,0.0000,0.0000,0.0000,0.0000,0.0000
1700000018.300000,-57.4,103.0194,102.0441,100.1249,101.1781,100.4042,99.3227,99.1413,100.6032,98.3107,99.2975,99.6394,98.0612,99.8248,102.1812,102.6109,97.5141,97.9847,97.0155,97.5295,96.1665,99.0404,95.8175,91.3947,96.1665,98.3717,97.0824,96.2081,94.2550,98.0306,95.1893,94.5569,95.8175,95.3363,94.1116,93.1451,88.2950,87.1321,85.5862,85.5862,84.4808,77.3175,78.0256,75.0067,72.0000,72.0000,67.0075,67.0298,63.5059,59.5399,61.0000,60.4152,57.8705,0.0000,0.0000,0.0000,0.0000,0.0000,0.0000,0.0000,0.0000,0.0000,0.0000,0.0000,0.0000
1700000018.350000,-64.4,103.4650,103.4650,99.2975,103.4456,101.2423,102.2008,97.8008,100.4390,98.7168,99.8248,102.7716,99.9850,98.8585,96.8762,98.7320,99.1413,99.8499,95.7549,94.3398,94.4299,97.8673,97.2523,94.1913,98.0204,96.0469,95.0210,98.1275,96.1873,98.1275,95.0210,96.1301,96.5194,96.5194,90.7965,93.2148,92.7793,89.2693,87.4757,83.4326,86.1278,80.0062,76.9220,75.8947,68.9493,69.6419,67.6240,66.1891,65.2993,59.6825,55.2268,57.9828,56.7274,0.0000,0.0000,0.0000,0.0000,0.0000,0.0000,0.0000,0.0000,0.0000,0.0000,0.0000,0.0000
1700000018.400000,-59.5,105.1523,107.4244,106.6771,106.9439,104.2017,100.6231,99.8098,103.3683,101.7693,105.8489,104.9238,104.0625,104.7521,100.9009,102.3181,103.1213,103.7304,100.3045,99.9300,100.5684,99.2975,99.3277,97.1236,96.7729,102.3572,102.1078,98.4937,98.9798,99.9300,97.1236,97.1442,96.7678,98.4327,99.0051,98.0867,94.9368,91.6788,87.6584,88.1930,86.2844,81.5414,81.2711,78.8162,72.8011,71.2180,66.7083,70.8378,65.0538,65.0692,63.2535,63.4114,59.0762,0.0000,0.0000,0.0000,0.0000,0.0000,0.0000,0.0000,0.0000,0.0000,0.0000,0.0000,0.0000
1700000018.450000,-65.8,97.9439,102.9563,100.2397,101.7104,99.0202,96.0417,97.6524,97.6524,97.6524,96.8349,99.8098,97.4166,98.8585,96.6075,97.4166,95.7758,97.6729,96.4261,93.5094,92.6984,89.9389,91.2195,89.8053,93.3809,90.5207,92.6337,93.3809,91.9348,93.3381,91.9239,91.9348,93.3809,93.5094,88.5268,89.4986,86.0523,86.4002,86.2844,80.9938,81.3019,76.8505,76.6616,76.0592,71.5891,66.6483,65.7951,62.9682,62.0322,59.2030,56.7539,55.3173,55.3263,0.0000,0.0000,0.0000,0.0000,0.0000,0.0000,0.0000,0.0000,0.0000,0.0000,0.0000,0.0000
1700000018.500000,-65.5,98.0816,97.8008,97.7446,95.3363,94.3663,94.1488,98.0612,95.9010,94.5410,95.1893,97.4936,93.6483,96.7471,93.3435,93.4345,99.2472,92.0489,90.1388,91.0494,95.1315,92.1358,91.0000,90.0222,94.0053,94.0213,95.0000,94.0053,93.0215,91.0000,95.0210,93.0860,92.0489,93.1343,89.2020,90.3549,87.6926,87.9659,80.4114,79.4292,78.6448,80.2808,77.3692,74.7262,71.1688,67.3573,62.0322,63.3246,60.8358,60.0333,59.0593,57.3062,57.4282,0.0000,0.0000,0.0000,0.0000,0.0000,0.0000,0.0000,0.0000,0.0000,0.0000,0.0000,0.0000
1700000018.550000,-57.1,103.9663,102.5329,103.9471,102.5329,100.4988,98.4124,99.8248,99.2472,100.7671,100.2646,101.4002,99.4032,99.0454,100.4390,99.6243,100.1249,97.0979,96.5194,97.4166,99.0202,96.5194,96.5660,94.6678,96.1769,96.3846,95.7706,96.2549,97.2471,95.8801,96.7471,93.8136,97.0979,96.0208,94.4034,92.8009,92.6175,91.4002,86.5563,86.4523,82.0366,81.3204,78.5175,75.7430,71.5891,70.4344,67.8012,66.0303,64.8999,63.2851,59.6825,59.0593,55.5428,0.0000,0.0000,0.0000,0.0000,0.0000,0.0000,0.0000,0.0000,0.0000,0.0000,0.0000,0.0000
1700000018.600000,-59.6,104.1729,99.1816,102.0049,100.0450,98.0051,97.0464,99.1816,97.1854,99.4082,97.4166,99.4082,98.7320,99.2975,96.1769,96.1769,97.8621,95.8019,97.0824,93.8616,95.5667,93.8616,94.6414,90.2497,97.7190,96.5660,95.8801,92.9731,95.5092,95.1893,98.0816,94.9210,93.6803,93.6803,89.9889,92.4175,89.4986,88.8426,86.3134,83.8630,77.4145,80.3990,78.3135,75.1066,72.1734,68.0294,66.0076,66.1891,64.1249,63.1981,61.5224,59.0339,55.7853,0.0000,0.0000,0.0000,0.0000,0.0000,0.0000,0.0000,0.0000,0.0000,0.0000,0.0000,0.0000
1700000018.650000,-63.6,96.0469,93.0215,99.2472,92.0869,95.4254,91.5478,92.9139,94.3663,94.2019,93.5575,95.9010,94.1488,94.3663,94.3716,90.4710,92.6499,90.2497,90.2497,89.5600,90.1388,89.4930,90.4434,90.4434,87.3155,89.3196,88.6002,89.5377,90.4765,88.2553,89.5377,89.1852,87.5957,89.8443,87.3613,85.8662,89.0225,84.6463,83.3607,79.2465,77.9295,76.5310,77.3175,72.2496,69.0652,66.0303,65.0077,62.0322,59.3043,58.3095,58.0517,55.9017,51.6624,0.0000,0.0000,0.0000,0.0000,0.0000,0.0000,0.0000,0.0000,0.0000,0.0000,0.0000,0.0000
1700000018.700000,-63.2,99.7647,99.7647,99.1564,99.7647,99.2472,99.6394,99.6394,94.8103,98.4073,99.8098,97.8008,99.6243,101.7890,99.5691,97.9081,95.0158,96.3846,93.2952,94.5145,96.2549,94.5145,95.2943,89.0674,95.7079,97.0618,93.4719,93.9149,93.0215,97.9490,93.4719,93.4773,96.2549,92.7847,90.5538,93.1933,91.8096,88.2327,81.6088,85.2760,80.9197,79.3977,78.6448,76.3675,74.3303,67.2681,66.7083,66.8431,64.8151,63.6003,60.2080,61.7738,57.2713,0.0000,0.0000,0.0000,0.0000,0.0000,0.0000,0.0000,0.0000,0.0000,0.0000,0.0000,0.0000
1700000018.750000,-59.9,101.7890,96.0417,101.8725,93.2952,94.8947,93.9415,93.4719,94.3716,93.5201,97.5756,96.0052,97.1442,97.1442,95.8593,93.6376,94.9210,91.7606,93.6056,90.9560,95.0789,92.4446,93.1719,90.4710,93.1719,93.9415,91.0055,90.2552,93.5575,92.9624,93.5575,88.6454,95.1262,93.6216,89.2861,86.5852,88.6002,85.0706,84.4334,81.9329,78.0000,79.3095,73.4098,75.1332,68.8767,67.5352,66.3702,65.7343,63.8122,61.4003,59.5483,56.6392,54.4518,0.0000,0.0000,0.0000,0.0000,0.0000,0.0000,0.0000,0.0000,0.0000,0.0000,0.0000,0.0000
1700000018.800000,-62.9,100.4490,98.8433,101.2028,99.4636,100.1699,100.6876,97.5295,95.6033,98.0816,99.2975,99.1615,99.1615,101.0198,99.1615,98.0867,99.8098,95.2733,95.3415,96.1509,97.0464,100.1798,94.8103,96.1769,97.2471,97.2471,94.5145,95.7131,96.6488,96.6488,98.6154,96.6075,96.1769,96.7729,94.0213,92.4770,92.6984,88.9550,89.1852,86.9770,82.7103,81.7435,80.2808,77.2787,72.3671,72.6911,69.1809,71.2531,66.0000,63.0317,64.0078,64.0703,60.4070,0.0000,0.0000,0.0000,0.0000,0.0000,0.0000,0.0000,0.0000,0.0000,0.0000,0.0000,0.0000
1700000018.850000,-62.2,97.0824,95.9010,96.8762,98.3107,97.7394,95.6347,92.4392,96.1873,95.2575,97.0464,95.0474,97.0000,97.0206,97.0824,95.0474,95.0210,94.0851,91.0879,90.3549,92.1954,91.1976,93.1343,94.4299,89.8053,94.5304,96.8762,93.6483,92.7793,92.5419,92.5419,91.3510,93.2631,91.1373,91.1373,89.0056,91.0220,86.0058,87.0517,84.2140,86.4697,78.6384,76.9415,74.3303,70.4060,70.0928,65.9697,65.2533,66.7308,61.0983,60.5392,56.3649,56.4358,0.0000,0.0000,0.0000,0.0000,0.0000,0.0000,0.0000,0.0000,0.0000,0.0000,0.0000,0.0000
1700000018.900000,-62.6,93.9415,95.7079,94.8472,93.5201,90.6201,94.1541,93.4077,92.9731,90.1388,89.4930,96.1665,94.6414,94.6414,90.9560,92.6499,93.3916,92.4175,88.0738,91.2414,89.4427,89.2693,88.2836,86.6833,88.4590,90.0944,89.9444,91.7878,87.8237,90.0944,89.9444,89.9444,89.4427,86.8850,87.6641,88.2950,85.6154,86.3308,81.2711,81.2711,80.6226,77.0779,72.6154,70.2638,70.6612,65.7419,63.6318,61.9112,61.5873,58.4123,61.0737,55.9732,55.8659,0.0000,0.0000,0.0000,0.0000,0.0000,0.0000,0.0000,0.0000,0.0000,0.0000,0.0000,0.0000
1700000018.950000,-62.6,96.9381,99.8248,94.7629,99.0051,94.9210,97.0824,96.5401,93.7230,96.6747,94.2019,96.4002,98.2293,94.8683,96.5194,94.6256,92.9139,95.1893,91.2688,96.8969,93.2952,92.2822,94.8262,89.6939,93.0591,95.7131,92.5905,95.2575,91.7061,96.6488,95.2943,92.6607,95.0158,95.0158,91.2688,91.2688,86.8217,86.5332,86.8332,83.8689,82.3286,77.1557,78.5684,74.9667,71.4213,72.1388,64.5368,67.3573,66.4003,61.2944,58.3095,58.6686,58.5918,0.0000,0.0000,0.0000,0.0000,0.0000,0.0000,0.0000,0.0000,0.0000,0.0000,0.0000,0.0000
1700000019.000000,-61.3,95.2680,97.0052,95.6033,95.2680,92.0978,96.4261,93.3381,93.3381,94.0691,92.0217,96.2601,97.3088,93.6056,92.3147,95.6033,93.8136,95.6922,91.0220,96.7988,92.6553,91.2688,90.7359,89.0449,91.7878,92.7847,92.7847,93.0591,90.9175,92.6607,90.3549,92.7847,93.6483,88.8369,88.5099,90.4268,88.2043,88.4816,85.2760,83.2406,81.8352,76.0592,78.2432,75.0067,70.7248,67.8970,68.6222,62.3699,60.9590,60.0000,61.6117,55.4707,56.3560,0.0000,0.0000,0.0000,0.0000,0.0000,0.0000,0.0000,0.0000,0.0000,0.0000,0.0000,0.0000
1700000019.050000,-64.8,95.0474,96.0833,91.0055,96.0052,89.2020,95.2575,96.2549,92.3472,91.3510,90.4489,92.9139,92.2280,93.3809,91.7823,94.3663,90.7083,92.4175,87.3212,93.6803,94.1116,88.7694,90.8020,88.3233,90.7579,91.0824,92.0272,90.2497,88.6002,93.0484,88.0227,92.3472,90.1388,91.4822,87.6413,87.0919,85.6154,86.1220,83.9524,84.0119,78.7718,75.6637,75.8024,72.3395,73.1710,69.1809,65.1230,64.0078,65.1230,60.2993,59.4138,55.4437,55.5428,0.0000,0.0000,0.0000,0.0000,0.0000,0.0000,0.0000,0.0000,0.0000,0.0000,0.0000,0.0000
1700000019.100000,-60.7,98.0306,101.1929,93.6056,99.9300,94.1116,94.8314,94.8314,94.3663,94.5410,94.2019,95.1893,96.8762,95.5249,94.5304,95.6347,92.4392,93.1933,89.2020,94.0851,94.1329,91.0494,96.0208,89.0225,94.0213,94.1329,93.0860,96.0469,92.0217,97.1288,90.1388,94.0053,94.0000,93.0215,89.0225,91.1976,86.0930,90.1388,85.3756,83.6002,85.0000,77.4661,76.2955,71.0634,73.0069,68.4105,66.4831,59.7746,62.6259,60.7454,60.0083,57.2713,57.8014,0.0000,0.0000,0.0000,0.0000,0.0000,0.0000,0.0000,0.0000,0.0000,0.0000,0.0000,0.0000
1700000019.150000,-60.8,100.9752,99.1413,99.8248,99.0404,98.4886,95.8019,95.3363,96.5660,98.0816,96.4624,97.7394,97.7394,98.7927,98.7927,96.9330,95.8541,95.7549,93.1075,92.5743,94.8103,93.9149,95.2575,92.1303,95.8801,94.5145,93.6483,95.0158,94.0213,94.0213,93.6483,92.5905,93.4773,94.3663,91.2360,93.1075,89.9611,88.7694,84.8646,85.7030,83.4865,80.3617,79.1202,75.1864,71.8053,71.1969,67.0820,66.7533,64.3817,63.1269,61.0737,60.0333,59.1354,0.0000,0.0000,0.0000,0.0000,0.0000,0.0000,0.0000,0.0000,0.0000,0.0000,0.0000,0.0000
1700000019.200000,-63.2,99.0202,96.2081,100.4639,101.0198,98.8989,95.2733,96.1509,95.7079,96.7471,96.7471,97.6166,98.2700,97.7548,95.1893,97.9439,98.1835,98.8130,91.8096,96.0208,95.8019,94.0479,93.2309,93.8136,96.2133,97.0052,92.6175,93.8616,94.8103,97.0052,94.8103,92.6175,97.6166,93.2309,92.1141,90.4268,90.7359,88.1192,89.0056,85.0000,82.3468,79.8499,79.8499,77.2528,74.0945,71.1688,66.7608,66.9403,66.2873,62.8013,60.4070,61.1310,58.0000,0.0000,0.0000,0.0000,0.0000,0.0000,0.0000,0.0000,0.0000,0.0000,0.0000,0.0000,0.0000
1700000019.250000,-60.4,101.4150,100.4241,102.2008,103.8460,98.0306,95.8175,97.7394,99.1615,99.4032,99.9250,98.4886,100.2247,99.2824,100.6231,98.3870,98.8838,99.7647,97.5295,96.8969,96.5660,100.1699,97.0979,97.0979,97.6524,94.4034,96.2601,97.8008,98.0051,95.8019,96.2601,96.0208,97.6524,98.4733,95.9635,93.8136,93.1933,94.0213,86.3539,89.8999,84.5813,84.1724,78.2943,78.1089,77.4919,71.7844,69.6419,68.4105,67.6831,63.5610,62.8013,59.6825,59.0339,0.0000,0.0000,0.0000,0.0000,0.0000,0.0000,0.0000,0.0000,0.0000,0.0000,0.0000,0.0000
1700000019.300000,-61.7,102.0441,99.3227,100.6032,105.4751,99.7246,97.8673,99.8499,98.6560,100.2846,95.9010,101.1385,101.6366,100.6876,99.4585,97.8008,99.0404,97.4166,95.6033,96.1353,98.6712,95.8801,96.7678,94.8683,94.5410,95.0789,96.9330,98.7927,96.9330,97.1442,98.6154,98.6712,97.7190,95.0789,94.1116,94.8314,91.4822,95.8019,87.0976,85.1587,82.7345,80.5047,83.2947,79.1012,75.0267,74.0000,69.0290,67.2681,63.2851,63.6396,62.5140,63.5610,61.0328,0.0000,0.0000,0.0000,0.0000,0.0000,0.0000,0.0000,0.0000,0.0000,0.0000,0.0000,0.0000
1700000019.350000,-59.1,101.1187,101.6071,98.7320,103.5857,97.7394,101.3163,96.2549,96.2549,97.3293,97.0464,98.0051,101.0050,101.1237,98.1835,101.0445,98.1275,100.1249,96.2549,98.1835,94.1913,98.2497,96.3328,94.4299,98.6560,97.8673,97.8673,97.8673,95.6347,98.6154,94.5304,98.8585,97.3293,97.1854,94.1913,94.0053,94.0213,92.0217,91.0055,86.0930,86.2844,81.7435,79.9062,78.2624,75.9539,74.2159,68.6804,68.3081,65.1460,60.7454,61.4654,62.1691,59.0593,0.0000,0.0000,0.0000,0.0000,0.0000,0.0000,0.0000,0.0000,0.0000,0.0000,0.0000,0.0000
1700000019.400000,-60.1,101.6366,102.7716,102.8251,100.9752,99.1413,96.1769,97.2523,97.2523,96.0052,99.1262,100.1249,99.0808,101.0198,100.0050,96.0208,100.2447,96.1873,97.4166,96.0260,94.7629,94.4299,97.6729,94.5304,96.0260,94.0479,97.3242,96.8814,98.2700,95.9010,98.9949,93.0591,96.8762,96.6902,93.6483,93.7710,90.1998,92.0869,87.0057,85.0529,85.0235,83.0060,80.1561,79.4040,75.3260,73.3348,71.0211,67.2681,67.8970,63.5610,62.2977,60.4070,56.7979,0.0000,0.0000,0.0000,0.0000,0.0000,0.0000,0.0000,0.0000,0.0000,0.0000,0.0000,0.0000
1700000019.450000,-63.2,106.5082,101.5135,103.9423,102.9272,100.8464,101.2126,99.3630,98.6154,99.2975,102.4158,102.9563,102.5524,100.8464,98.6813,101.5923,99.9300,101.5332,98.6712,98.9798,96.7678,95.8175,99.4585,98.4937,98.2700,99.9250,97.2934,98.4886,97.5141,98.2700,100.0200,97.9847,99.0404,100.2447,92.9731,95.8175,96.4624,94.2550,90.8240,89.5545,85.9069,83.1926,85.0000,81.8413,75.1798,76.0066,73.8173,68.8186,68.4105,61.2209,63.8905,61.8466,58.0000,0.0000,0.0000,0.0000,0.0000,0.0000,0.0000,0.0000,0.0000,0.0000,0.0000,0.0000,0.0000
1700000019.500000,-59.9,102.7278,105.3803,101.8627,104.6614,100.4490,101.4150,100.7671,100.1249,100.1249,98.2293,101.4002,99.8649,100.6876,99.8649,102.0833,96.0417,103.7738,93.8136,99.4786,97.5295,95.3834,98.4124,96.1769,97.0824,98.4124,101.1336,100.2247,95.7131,101.9804,98.4124,99.2824,98.4124,97.0618,97.0618,98.6154,93.6483,90.2109,92.0869,92.9139,85.8021,81.4002,84.2912,77.9872,75.8222,72.1803,73.5527,68.6804,67.3573,60.9590,64.8151,63.6003,59.4811,0.0000,0.0000,0.0000,0.0000,0.0000,0.0000,0.0000,0.0000,0.0000,0.0000,0.0000,0.0000
1700000019.550000,-60.9,101.5332,99.9050,99.8248,99.1564,97.5910,97.5807,101.1385,97.6729,99.0353,98.0816,100.1249,96.4002,98.0816,99.2018,98.0816,99.6243,95.6033,95.8019,95.2103,97.9081,95.6922,98.7370,94.0319,96.8969,99.1262,98.6154,97.7548,96.2549,94.8736,96.5660,92.0869,96.5194,98.0051,96.6075,95.8019,93.4077,90.0278,87.0460,83.4865,84.1487,82.1340,80.1561,78.1025,76.2168,72.0069,69.2026,70.1783,68.0955,64.4981,63.9766,62.2415,59.2368,0.0000,0.0000,0.0000,0.0000,0.0000,0.0000,0.0000,0.0000,0.0000,0.0000,0.0000,0.0000
1700000019.600000,-64.7,104.0433,103.0776,104.4797,100.2447,101.3163,98.6154,101.1187,102.1078,101.7890,101.6071,100.8067,101.0000,101.0000,100.0200,99.6394,98.0816,94.9210,96.8401,96.8401,101.2423,95.8801,99.2975,96.1353,95.4620,98.0306,96.7988,98.3514,99.6243,93.9840,98.0816,94.6414,96.1665,96.5660,95.5667,90.4710,95.9010,91.7823,89.2693,86.7006,81.3941,81.4985,79.3095,79.1012,75.0067,71.0070,70.1142,68.3593,66.4831,64.7765,61.6604,59.7746,57.2800,0.0000,0.0000,0.0000,0.0000,0.0000,0.0000,0.0000,0.0000,0.0000,0.0000,0.0000,0.0000
1700000019.650000,-59.9,104.7521,107.2054,106.9018,104.9952,99.3277,101.6514,101.4150,102.1812,101.0000,103.3683,100.2846,100.8415,105.2236,102.1078,103.8171,99.9850,99.3227,95.6347,102.4890,101.3163,98.3260,101.3163,97.1288,98.0051,100.1249,101.0445,100.0000,98.0816,102.1225,97.2523,99.1816,102.2399,101.5972,98.9949,99.2975,92.2280,92.7631,93.1719,88.0738,88.5268,82.4621,81.2711,79.3788,76.6942,73.9256,69.3542,70.2140,68.6003,66.3702,62.7694,58.6003,61.7171,0.0000,0.0000,0.0000,0.0000,0.0000,0.0000,0.0000,0.0000,0.0000,0.0000,0.0000,0.0000
1700000019.700000,-61.9,107.8147,107.0561,106.1037,106.1037,105.3613,104.0048,103.3247,103.4795,104.2353,102.3035,105.2616,104.8093,106.4002,102.8008,103.6002,103.7304,104.3072,102.0833,101.5480,102.7278,101.0198,102.2155,100.3444,102.4207,102.4744,101.5332,102.8591,102.9563,104.7091,101.5332,102.2155,103.0776,101.8725,100.1699,99.0202,96.7988,96.2601,94.2019,90.2718,89.3756,84.2912,83.5464,82.0366,77.7946,74.9533,70.9366,70.9366,69.8140,66.4003,66.0303,63.5138,60.9016,0.0000,0.0000,0.0000,0.0000,0.0000,0.0000,0.0000,0.0000,0.0000,0.0000,0.0000,0.0000
1700000019.750000,-62.2,109.1421,102.8834,108.8118,103.4456,105.3043,100.9009,102.6937,103.0776,103.8701,105.1903,104.3887,104.2785,104.6518,105.0952,100.6479,103.4456,101.2126,102.5768,99.3227,101.5135,99.0202,103.4698,101.5135,102.6499,102.3426,98.2293,100.6032,104.6231,99.4032,103.8123,98.4733,101.2571,102.3426,99.3227,99.6444,99.3630,94.8262,92.6121,90.8735,86.0058,86.5390,80.7775,83.2166,74.6324,73.6817,72.1249,71.5681,69.1231,68.0661,65.2763,61.1310,60.0333,0.0000,0.0000,0.0000,0.0000,0.0000,0.0000,0.0000,0.0000,0.0000,0.0000,0.0000,0.0000
1700000019.800000,-65.2,108.7244,107.0747,109.6221,108.0046,105.4230,104.4845,106.4049,100.7671,104.0625,105.3803,105.4751,105.3613,106.7942,103.2763,101.8627,102.7278,99.2472,101.3163,100.8960,102.0049,101.0445,99.4032,100.2098,99.8649,104.6231,103.7304,102.9029,100.1249,98.4733,102.3426,99.0454,104.6231,100.4390,100.6032,97.8366,97.8366,94.1754,89.8721,90.5207,86.3134,84.8999,85.7030,84.0238,78.8733,75.8024,73.0069,71.6101,69.6419,66.8880,64.8845,65.7419,63.3246,0.0000,0.0000,0.0000,0.0000,0.0000,0.0000,0.0000,0.0000,0.0000,0.0000,0.0000,0.0000
1700000019.850000,-66.0,114.4902,107.3546,110.9099,110.4943,110.3087,105.7024,107.7033,107.7033,104.1777,110.3857,107.8378,104.9952,107.8378,108.2405,100.9604,105.5367,106.3015,102.6109,101.7890,104.2353,102.1812,106.3673,104.0865,104.6900,104.6900,102.8251,104.3072,105.6835,102.5914,105.5746,103.0970,104.8093,105.9292,101.4347,100.2846,98.8433,96.5401,95.0789,91.4822,92.3472,91.4822,84.7585,84.8646,82.8553,78.3901,76.0592,72.9178,72.4500,68.9638,69.6419,61.0328,63.2535,0.0000,0.0000,0.0000,0.0000,0.0000,0.0000,0.0000,0.0000,0.0000,0.0000,0.0000,0.0000
1700000019.900000,-62.9,111.4495,108.2266,109.1146,107.0420,107.0047,106.1179,111.0405,105.0048,108.0185,106.3015,108.2266,106.6771,111.6468,103.9471,106.9205,107.3546,104.9238,105.3233,106.0990,104.5610,101.4150,102.6109,101.2028,104.1201,104.6948,105.7733,107.2800,102.4890,102.4597,104.4031,105.0190,103.0776,105.7592,103.7545,99.4636,103.9423,96.8762,96.6282,95.7549,90.3549,88.1419,85.1469,80.0250,83.0000,79.0569,76.1643,72.4431,70.8590,69.0507,67.2681,67.2681,63.0635,0.0000,0.0000,0.0000,0.0000,0.0000,0.0000,0.0000,0.0000,0.0000,0.0000,0.0000,0.0000
1700000019.950000,-59.7,114.7388,112.4455,114.1578,109.1650,108.0046,108.0741,111.0405,108.0417,109.0000,108.0417,107.1681,109.1146,109.4578,107.1168,105.4751,108.9036,106.6771,105.5746,105.3803,104.2353,104.9381,104.2353,103.2473,104.1393,106.9626,108.2589,109.4440,106.8878,107.2800,106.3673,106.3673,106.0660,107.9120,100.4988,102.1763,103.3102,100.0800,97.0000,96.0052,92.1358,87.1436,87.2066,85.3756,79.7621,76.1183,78.2624,75.1332,74.0405,69.6419,70.5195,67.2309,65.3070,0.0000,0.0000,0.0000,0.0000,0.0000,0.0000,0.0000,0.0000,0.0000,0.0000,0.0000,0.0000
1700000020.000000,-63.8,115.2779,116.7262,113.1592,116.2755,115.0695,113.0000,114.0395,112.0402,110.1136,113.0177,114.1578,108.3744,112.2853,114.3547,110.1635,112.6410,109.0367,109.6586,109.3298,109.0367,109.0367,111.4630,106.7052,111.0856,108.9082,107.7079,111.0856,109.0413,110.6345,108.4666,107.7079,108.0463,111.0180,108.4620,103.1746,105.6835,102.0784,100.0800,98.0204,95.0210,92.0217,91.3510,86.4697,84.4808,79.0759,76.9415,76.6877,74.4648,71.3092,72.1249,68.3520,68.1542,0.0000,0.0000,0.0000,0.0000,0.0000,0.0000,0.0000,0.0000,0.0000,0.0000,0.0000,0.0000
1700000020.050000,-61.6,114.5862,117.3797,111.0180,113.2166,111.7587,113.2784,112.6099,111.8660,111.3957,106.8270,110.1136,111.6065,113.6002,110.0000,116.2110,110.1136,110.9414,104.3072,107.9120,106.8316,107.0701,106.8504,105.3091,106.0660,109.2749,112.2943,112.7697,107.1868,108.9082,110.4762,110.7881,109.0000,106.5082,106.0189,108.4066,101.5135,102.0049,99.4887,96.4261,99.7647,89.1067,92.6984,86.3713,84.5044,81.0555,75.8024,74.6324,73.7835,71.6938,69.8355,67.5352,63.9766,0.0000,0.0000,0.0000,0.0000,0.0000,0.0000,0.0000,0.0000,0.0000,0.0000,0.0000,0.0000
1700000020.100000,-61.5,112.9469,111.6289,113.8859,111.3194,111.6826,106.7380,108.6830,108.4666,108.0602,108.8531,108.5035,109.3298,110.1681,108.0463,106.7942,108.5587,107.1681,105.1713,105.0762,103.0776,106.0754,106.0047,103.0194,105.0190,106.0047,106.0189,108.0185,108.0046,106.0189,106.0189,103.0049,106.0000,106.0424,102.0441,102.3963,101.1781,98.7320,95.7549,94.3663,91.4112,89.0505,86.5852,83.6780,78.8480,78.4474,74.0000,72.4500,71.6938,68.0294,67.0820,65.3682,62.4340,0.0000,0.0000,0.0000,0.0000,0.0000,0.0000,0.0000,0.0000,0.0000,0.0000,0.0000,0.0000
1700000020.150000,-63.5,111.8928,113.6486,111.8034,112.2586,107.8378,108.8531,107.5407,107.3359,107.3359,105.6220,108.1665,106.6068,107.8564,109.7679,110.4400,104.8093,106.2309,102.6109,107.0794,104.1393,103.7545,104.5610,101.6071,103.2473,105.8017,105.6835,107.7868,104.3935,107.2007,104.0865,106.3673,104.7378,106.5317,102.9612,101.8676,98.2344,97.5295,94.2550,94.8683,90.4765,86.1626,87.8465,82.8553,80.0562,76.4788,72.0069,71.1969,71.5612,68.5055,66.6108,64.8151,62.3699,0.0000,0.0000,0.0000,0.0000,0.0000,0.0000,0.0000,0.0000,0.0000,0.0000,0.0000,0.0000
1700000020.200000,-63.1,112.5789,111.6289,110.7249,111.9732,111.1261,109.1421,109.4440,108.8531,108.8531,108.6738,109.8362,109.3298,109.0367,110.0273,108.7796,106.4706,105.3043,105.3850,106.0754,106.0754,103.0437,107.0187,105.0190,106.0000,107.0187,105.0000,106.0424,107.0047,107.0000,107.0187,105.0190,106.0189,107.0747,103.1213,101.4938,100.6032,100.2846,96.5091,92.7631,89.8220,89.4986,86.1278,84.2021,80.6536,77.4919,74.3303,72.8011,70.3847,68.9420,65.3682,64.1405,61.2944,0.0000,0.0000,0.0000,0.0000,0.0000,0.0000,0.0000,0.0000,0.0000,0.0000,0.0000,0.0000
1700000020.250000,-59.6,121.4125,117.3456,118.1059,115.1086,116.0172,114.0044,115.0043,114.0395,116.1077,114.0702,116.2110,115.3516,114.5295,114.7388,112.7519,115.2606,111.3059,110.6436,110.0227,110.2180,110.2180,110.6345,108.2589,111.5706,109.1421,109.6358,111.8258,112.7918,109.6358,112.0892,109.1421,109.1421,108.2589,107.8703,106.3673,105.2236,104.8093,101.4938,101.3163,96.1301,93.0484,90.0500,89.0056,83.0241,80.0250,78.3135,76.4199,76.4199,72.1803,71.5891,67.9117,65.1460,0.0000,0.0000,0.0000,0.0000,0.0000,0.0000,0.0000,0.0000,0.0000,0.0000,0.0000,0.0000
1700000020.300000,-64.2,112.7209,114.1271,110.6933,112.5389,109.1650,108.7474,110.0227,113.6002,110.0591,109.5901,110.5351,113.3711,114.9087,110.7881,110.6391,107.2007,108.1665,102.9272,105.6835,107.2007,102.6499,106.4002,107.2007,108.2312,104.8093,108.2312,108.2312,106.0424,107.0047,108.4066,107.0047,110.2089,104.6231,104.2929,101.8725,99.3227,98.1122,95.3834,96.1769,93.1075,89.0000,86.4060,84.6936,83.8153,76.2430,75.6902,74.9533,73.9797,71.1969,67.6018,64.1950,65.0308,0.0000,0.0000,0.0000,0.0000,0.0000,0.0000,0.0000,0.0000,0.0000,0.0000,0.0000,0.0000
1700000020.350000,-63.1,121.8277,119.5408,121.7949,117.8855,120.2206,116.4689,117.7200,116.7647,118.9622,119.4194,122.5887,118.0720,117.6180,116.7305,114.1271,118.7013,113.4637,113.4637,111.4271,112.9469,111.4271,114.4902,112.9469,114.4902,112.9469,111.6289,114.4814,116.7090,112.6055,115.7670,110.8603,114.0175,111.6154,110.6933,109.1650,110.0227,107.8239,103.5857,98.7927,96.5194,97.0824,91.0220,90.6035,84.6463,83.0963,79.5110,78.5684,76.3675,74.2765,71.7008,69.2026,66.0303,0.0000,0.0000,0.0000,0.0000,0.0000,0.0000,0.0000,0.0000,0.0000,0.0000,0.0000,0.0000
1700000020.400000,-65.0,119.8541,116.2497,117.2775,113.9517,112.5877,111.6109,117.3882,114.0175,114.0175,114.5600,115.1347,111.6289,111.0180,109.7315,111.0721,112.3610,106.4049,108.6324,106.1037,108.2589,106.1037,109.1650,106.6208,110.0227,106.9299,107.3313,106.4378,113.1592,108.6876,110.9820,109.7725,105.1903,106.1037,106.4049,106.0424,104.0625,102.2008,98.4937,95.5667,93.3916,91.0055,87.1321,85.7088,83.4865,80.6226,78.0577,73.0274,77.0584,68.1836,70.1142,66.7533,66.2873,0.0000,0.0000,0.0000,0.0000,0.0000,0.0000,0.0000,0.0000,0.0000,0.0000,0.0000,0.0000
1700000020.450000,-62.2,111.3239,110.4219,113.6002,111.9866,106.3673,109.0413,108.7796,106.7942,108.6646,107.3778,112.2853,108.0741,109.0734,108.1665,110.1136,107.0000,108.0046,107.0047,108.0185,105.0190,105.0762,106.1179,102.1225,105.4751,106.1697,106.3814,109.4578,105.3850,107.1168,103.0437,105.0762,105.0048,102.0049,101.0198,103.0776,98.0816,99.1262,94.4299,92.7793,88.4590,88.8426,87.6641,80.2808,81.7435,74.7262,74.0405,69.8928,72.4983,63.5610,63.5059,61.7171,61.0328,0.0000,0.0000,0.0000,0.0000,0.0000,0.0000,0.0000,0.0000,0.0000,0.0000,0.0000,0.0000
1700000020.500000,-67.8,115.2779,110.3676,110.0182,111.1126,109.0046,110.0182,110.0409,108.0417,109.0734,108.0741,111.3643,110.4536,111.8794,105.8017,110.4536,105.9292,104.7378,104.7378,105.2236,107.0794,103.4070,103.1601,103.3683,104.8093,103.5857,103.4456,105.0809,102.3572,107.2007,102.8834,103.8123,106.3015,106.3015,102.2595,100.8067,97.8673,96.1769,90.6697,89.2749,89.0056,85.0529,90.0000,84.0000,82.3893,77.0584,71.7008,73.4370,68.5930,68.4471,63.5610,62.3618,62.9365,0.0000,0.0000,0.0000,0.0000,0.0000,0.0000,0.0000,0.0000,0.0000,0.0000,0.0000,0.0000
1700000020.550000,-60.8,118.9832,117.8898,118.1905,120.4159,112.6810,114.5862,113.2519,113.7409,115.8836,113.6002,121.1982,117.2732,115.1564,114.2322,119.2309,113.8859,116.0560,111.9464,113.8420,112.8938,111.6289,114.2847,106.6068,113.1592,112.8051,112.3610,114.7258,110.1136,114.0044,107.4895,111.1261,112.0892,107.5174,107.5639,107.5174,101.8430,103.1213,101.2423,100.3195,98.8382,93.9149,90.7855,87.2353,86.0930,80.2621,76.5506,76.8440,74.0270,71.8401,71.0634,68.8840,64.3506,0.0000,0.0000,0.0000,0.0000,0.0000,0.0000,0.0000,0.0000,0.0000,0.0000,0.0000,0.0000
1700000020.600000,-63.5,113.2078,112.8938,115.3776,113.4637,114.0395,112.4144,114.6342,109.8089,112.2943,110.7520,111.2879,115.4340,111.8034,111.8034,111.9464,111.7229,110.3087,108.1897,105.3803,106.7942,109.6038,105.5509,106.9626,104.6375,106.5270,108.0741,104.3504,112.4856,111.8034,109.2245,105.4751,108.1897,106.7942,104.0048,100.6578,99.8248,101.4150,98.4073,95.8019,94.0479,92.0869,91.2688,82.8553,82.3650,75.5910,71.5891,73.7902,71.1758,66.1287,69.2604,64.1950,63.5610,0.0000,0.0000,0.0000,0.0000,0.0000,0.0000,0.0000,0.0000,0.0000,0.0000,0.0000,0.0000
1700000020.650000,-59.3,116.7647,112.2943,115.4123,115.8361,115.8318,110.4627,111.8928,111.2340,115.8318,110.8603,115.1694,114.0175,110.7249,112.0089,108.1665,111.6647,109.1100,108.9312,106.7380,107.9676,107.2800,105.5130,104.7855,108.4666,109.3846,107.7079,107.4895,107.4895,103.3683,111.4002,104.2929,109.7679,105.0809,105.3613,103.4070,101.2423,97.1442,99.0051,97.5756,92.5743,89.4707,84.1190,83.8630,78.5493,78.3901,76.4003,67.0075,74.5185,69.0290,65.0692,62.2415,60.2080,0.0000,0.0000,0.0000,0.0000,0.0000,0.0000,0.0000,0.0000,0.0000,0.0000,0.0000,0.0000
1700000020.700000,-63.9,113.0044,116.8289,115.3776,111.2520,111.2205,109.2932,111.5079,112.7697,114.7388,110.5351,116.4689,112.2943,109.5673,107.3313,104.6566,108.7474,108.6324,105.1903,106.2309,107.2241,106.0424,103.1213,104.1777,108.4666,107.2241,104.6757,104.3552,107.2241,106.0424,111.0000,104.1777,107.5407,106.7755,102.4597,99.7447,99.3177,98.0051,98.1122,92.9624,87.3670,94.0479,82.6620,84.6463,77.8010,76.6942,74.5185,67.8970,71.4493,70.1783,66.7083,63.6003,61.2944,0.0000,0.0000,0.0000,0.0000,0.0000,0.0000,0.0000,0.0000,0.0000,0.0000,0.0000,0.0000
1700000020.750000,-61.1,121.0165,117.6860,119.3315,115.2562,117.6138,114.8085,117.0043,114.4028,117.6435,115.1086,117.0470,115.9655,115.9655,116.2841,112.6810,115.8836,111.4136,112.7697,109.5901,111.4136,110.5351,112.2586,113.1592,111.4854,110.9820,111.4854,113.3181,113.2166,110.9820,112.8051,108.2266,110.4762,109.6586,107.1868,106.6771,106.5317,104.1009,98.7370,98.0051,94.0213,93.0860,87.4586,87.2066,81.3941,79.2086,75.6637,76.4853,73.6614,71.4003,68.4105,65.8027,64.1405,0.0000,0.0000,0.0000,0.0000,0.0000,0.0000,0.0000,0.0000,0.0000,0.0000,0.0000,0.0000
1700000020.800000,-62.7,115.4470,114.1403,116.1034,116.1034,113.2828,112.1472,110.0273,112.0089,109.1787,111.8794,111.4495,111.3643,112.0714,112.3610,106.3015,114.0044,108.0046,109.0046,109.0046,108.0000,108.0046,109.0183,109.0413,109.3709,111.1126,108.2959,105.2331,105.0428,108.0741,108.2266,105.0190,108.0046,103.1213,105.2331,103.3102,102.3132,101.3163,97.8673,93.6483,91.2414,90.6090,84.6463,85.1469,79.4040,77.2010,74.0000,72.4983,70.7743,71.5891,66.2118,66.7308,60.8030,0.0000,0.0000,0.0000,0.0000,0.0000,0.0000,0.0000,0.0000,0.0000,0.0000,0.0000,0.0000
1700000020.850000,-59.4,114.4902,115.8836,114.2366,113.7409,109.9318,110.4536,110.1136,110.6797,112.0714,110.8016,112.8007,112.0045,111.8258,110.8873,114.3372,109.8772,109.0413,104.1393,107.5174,106.7942,104.6614,108.2081,103.2376,108.2451,106.1508,106.1037,107.5639,107.5639,108.2451,103.9663,106.7942,104.6518,103.9471,101.8627,101.2373,99.9050,97.9490,93.4077,92.8009,92.3580,86.8217,84.8764,82.6801,79.7559,75.6637,73.7902,70.2140,69.3542,65.5515,65.7875,63.8905,62.8172,0.0000,0.0000,0.0000,0.0000,0.0000,0.0000,0.0000,0.0000,0.0000,0.0000,0.0000,0.0000
1700000020.900000,-67.0,112.3788,111.6289,109.5536,114.2716,108.5587,113.6354,112.3610,107.1168,112.1115,110.1136,113.0708,112.0045,112.0179,110.0182,106.0000,112.0402,107.1681,105.0762,103.3102,107.0747,106.1179,106.3015,105.3850,108.7796,102.7035,105.8017,105.4751,105.3043,103.3102,109.4578,106.1697,108.0417,105.0190,102.0049,103.0049,98.0000,99.0000,94.1913,91.3510,88.8144,88.6848,85.8429,82.5651,79.4292,73.4983,73.3894,68.9493,69.6419,67.6240,65.0000,62.6099,59.6825,0.0000,0.0000,0.0000,0.0000,0.0000,0.0000,0.0000,0.0000,0.0000,0.0000,0.0000,0.0000
1700000020.950000,-65.6,109.8362,110.7881,110.0182,114.5295,108.6738,110.0227,104.6518,107.8378,109.7725,109.6586,107.7033,112.0089,109.2016,107.7033,109.2016,106.9018,112.2720,104.0433,108.1573,105.6504,103.4070,105.9481,99.6243,108.1712,104.5466,102.8397,102.1078,105.2616,107.9352,103.0776,104.0433,104.9952,106.5692,102.4597,101.3903,96.9330,98.0867,92.1358,93.9149,92.6607,86.4523,84.9058,84.5991,76.3217,74.0608,71.0634,69.0290,68.6222,65.0692,64.3506,63.0317,58.8982,0.0000,0.0000,0.0000,0.0000,0.0000,0.0000,0.0000,0.0000,0.0000,0.0000,0.0000,0.0000
1700000021.000000,-58.8,117.0684,116.7647,110.6391,118.5116,112.6810,114.9478,111.3643,109.5673,113.6354,113.3181,114.5426,114.3897,113.7189,115.1564,113.3181,108.6324,115.7670,106.4049,111.0000,110.6797,110.0636,110.6797,104.3552,108.8118,110.6797,110.0636,112.7918,106.9018,108.1573,100.8960,108.1665,105.0048,108.1573,104.6757,99.5389,102.6937,98.4886,95.2575,94.5145,98.4886,88.3233,88.8369,83.2166,81.0247,75.6042,71.6101,71.0634,70.9366,67.1789,65.1920,66.5282,61.2209,0.0000,0.0000,0.0000,0.0000,0.0000,0.0000,0.0000,0.0000,0.0000,0.0000,0.0000,0.0000
1700000021.050000,-64.7,118.9496,117.0983,120.2664,112.5389,115.2779,112.0179,116.0388,112.0402,111.0405,115.0695,116.0388,114.0702,116.3486,111.2879,111.2879,109.7725,110.8873,113.1371,105.9056,110.8197,110.2180,111.1980,110.6436,104.3456,111.4002,107.0794,107.2007,110.6345,105.3233,106.5129,103.7545,108.4666,110.2180,104.2353,104.3935,104.0865,102.4890,97.0824,93.0054,89.0505,93.0484,84.0000,87.0919,77.1622,76.1052,77.3175,74.4312,68.7314,71.5891,67.9117,64.0312,62.6259,0.0000,0.0000,0.0000,0.0000,0.0000,0.0000,0.0000,0.0000,0.0000,0.0000,0.0000,0.0000
1700000021.100000,-61.4,110.6797,108.1573,106.4800,110.0636,109.1421,108.6830,108.6830,106.8878,106.8878,109.4897,104.3935,108.7796,109.0367,108.4620,106.0660,106.7942,105.5746,102.5914,106.0754,105.3850,102.1763,103.3102,101.1237,101.0050,102.0441,102.0000,105.0048,103.0437,102.0784,103.1213,94.3398,100.4042,101.5972,100.1299,99.1413,95.6347,96.3379,89.6270,87.3212,86.3481,87.3613,83.1685,80.0562,74.0945,75.0267,70.7743,67.9779,68.4251,65.7647,64.0078,58.8303,62.6259,0.0000,0.0000,0.0000,0.0000,0.0000,0.0000,0.0000,0.0000,0.0000,0.0000,0.0000,0.0000
1700000021.150000,-58.7,112.0714,115.0000,106.0424,111.6065,106.2121,108.8531,108.3744,101.4150,107.0561,103.9663,108.1897,109.6038,105.3803,106.7755,106.7755,106.8878,108.2081,104.8046,102.7278,102.7278,103.3247,102.7278,102.1763,101.6710,106.2121,101.8283,103.2327,104.9952,103.4795,100.2646,97.7446,100.4490,100.4490,99.7046,100.4191,98.2904,90.5207,89.1403,88.2383,86.6083,86.8332,82.0975,81.5414,74.0945,74.3034,69.3542,72.0694,65.3911,65.7951,62.9365,60.0833,57.8705,0.0000,0.0000,0.0000,0.0000,0.0000,0.0000,0.0000,0.0000,0.0000,0.0000,0.0000,0.0000
1700000021.200000,-61.0,118.4441,109.0413,109.8772,103.3247,104.6614,108.8944,110.3449,109.0413,105.4751,106.3015,109.8772,107.9352,109.6358,108.8531,108.0741,109.4029,103.0049,102.6158,105.4372,102.0049,103.0049,104.4031,101.2423,105.3945,101.2423,98.2700,108.1665,101.7890,102.9029,106.0000,101.2571,99.0454,102.4500,97.4526,97.9490,95.0158,95.0158,93.3809,89.8053,85.6329,84.9588,82.0731,80.0000,77.0065,72.6705,69.9714,69.3397,66.8880,64.0078,62.6099,59.0339,59.6154,0.0000,0.0000,0.0000,0.0000,0.0000,0.0000,0.0000,0.0000,0.0000,0.0000,0.0000,0.0000
1700000021.250000,-62.3,110.5351,111.0360,110.3087,110.3177,105.4751,106.9626,103.0776,103.3247,109.6358,107.2986,104.8093,109.8590,105.2093,106.2544,109.4029,105.6835,104.6231,107.0701,104.3072,100.1699,106.8504,104.0096,102.7278,100.7224,106.6771,102.4744,104.7091,106.1744,104.3168,101.2126,99.9850,100.9554,94.8683,96.0208,98.4073,99.0202,97.4526,92.1954,90.6863,88.4590,81.3204,84.1724,77.1038,74.5185,73.0000,68.4105,66.6108,68.6003,61.8547,59.6825,60.3738,60.5392,0.0000,0.0000,0.0000,0.0000,0.0000,0.0000,0.0000,0.0000,0.0000,0.0000,0.0000,0.0000
1700000021.300000,-65.0,109.6358,109.4806,108.0046,108.0046,108.2266,110.4355,109.2886,107.0701,107.3778,106.0000,108.9082,106.0660,111.4136,106.0660,105.1190,109.1238,105.1190,104.6518,105.3091,107.0187,104.2785,101.6366,102.1567,102.3181,103.0776,102.9563,102.5524,101.2373,101.7693,102.6937,102.5524,102.4158,100.3195,100.6479,97.0618,98.4886,96.3846,92.9624,89.0505,87.6584,87.4185,81.2158,80.8084,74.3303,72.9178,72.2496,70.0357,67.2681,65.1920,60.4401,60.2163,59.1693,0.0000,0.0000,0.0000,0.0000,0.0000,0.0000,0.0000,0.0000,0.0000,0.0000,0.0000,0.0000
1700000021.350000,-63.0,105.0190,103.0776,104.1729,104.1201,104.4797,99.8499,99.8499,104.7378,101.4347,100.8067,103.9423,105.0190,103.9423,103.0776,98.2344,102.3572,100.8811,98.9798,97.4064,99.9300,98.6712,98.0306,94.9210,100.0900,97.3088,97.5756,96.1769,99.1615,95.2733,96.3846,98.4327,95.8593,93.3006,93.9202,92.7200,91.4822,87.6413,87.8009,85.1469,81.7863,80.2309,75.9539,78.7718,71.7008,69.1809,66.0681,67.1193,65.0308,61.0082,61.0737,59.3043,52.4690,0.0000,0.0000,0.0000,0.0000,0.0000,0.0000,0.0000,0.0000,0.0000,0.0000,0.0000,0.0000
1700000021.400000,-66.0,110.1136,111.2520,110.3857,110.3857,108.0463,104.2353,105.5888,106.4378,107.3546,108.7474,109.6586,107.7033,112.8051,109.9318,108.0787,103.4650,104.4031,103.7304,106.8925,103.7401,104.0433,105.3613,97.8008,102.1078,104.8093,103.8123,105.5367,103.0776,105.7592,100.6628,104.2929,105.5130,104.4031,98.6712,98.0306,93.3006,97.1442,90.0777,91.2853,88.6397,84.9706,81.4125,77.3692,76.6616,72.5603,69.8928,67.4166,64.2028,65.2150,65.9469,63.1269,60.1082,0.0000,0.0000,0.0000,0.0000,0.0000,0.0000,0.0000,0.0000,0.0000,0.0000,0.0000,0.0000
1700000021.450000,-63.4,110.1635,112.4455,106.5692,107.7868,102.2595,106.3673,106.7052,104.5610,108.8531,107.7079,109.3846,109.4806,110.7249,105.9481,106.7380,104.4031,104.6757,104.0433,105.6220,102.7862,104.0625,105.3423,99.7246,103.0776,103.4698,104.2785,102.9563,100.4639,103.0776,99.9250,103.1213,101.5923,99.9600,96.1353,96.1665,93.9628,92.3472,91.2140,88.2950,88.2950,82.3772,81.7435,77.6466,73.2462,73.0616,66.0076,69.0072,65.1230,63.0317,63.0714,60.1332,56.0892,0.0000,0.0000,0.0000,0.0000,0.0000,0.0000,0.0000,0.0000,0.0000,0.0000,0.0000,0.0000
1700000021.500000,-59.0,108.5772,107.2986,107.8007,107.8007,103.0049,106.5317,105.3945,106.5317,106.5317,106.3297,104.3168,108.2266,106.4706,105.5462,104.2353,100.6231,106.8925,99.8499,105.1190,103.8701,100.7224,105.1190,99.8098,100.6578,101.2373,100.9009,102.1567,101.7693,104.5466,96.6644,99.7447,100.7224,99.2975,97.0618,94.8947,91.7061,90.0500,90.7359,88.2327,87.8009,83.7377,80.4301,73.1095,73.7564,70.7107,68.5930,67.8970,63.1269,61.2209,60.4401,58.4123,57.2451,0.0000,0.0000,0.0000,0.0000,0.0000,0.0000,0.0000,0.0000,0.0000,0.0000,0.0000,0.0000
1700000021.550000,-60.4,108.4620,107.4663,107.7868,107.2007,105.5746,108.0602,106.8878,103.7545,103.1601,102.6109,108.9082,106.6068,107.2800,105.2616,104.2929,103.8460,104.0433,103.7401,100.9009,103.7401,96.5660,101.5332,96.7988,99.3680,98.7927,99.2975,103.4070,98.6813,101.5923,99.9600,98.0816,96.7678,96.3016,99.9250,94.1488,92.5743,93.1719,91.4112,87.8237,83.3847,83.2166,81.0555,77.0584,77.0260,73.1095,69.1158,65.1230,64.2806,64.4981,61.0000,57.0088,55.0818,0.0000,0.0000,0.0000,0.0000,0.0000,0.0000,0.0000,0.0000,0.0000,0.0000,0.0000,0.0000
1700000021.600000,-60.9,99.6092,100.8415,104.5610,104.0865,101.4347,98.8433,101.9804,98.2344,98.2344,98.6712,102.2008,99.2975,99.9300,97.7394,95.8175,99.9600,97.1442,99.2975,98.6154,96.3846,93.9840,94.9210,93.4077,97.0824,96.1769,93.5201,93.6216,93.1075,93.5201,92.4770,92.8493,92.4770,92.3580,89.8109,89.1852,86.9770,88.0568,83.2406,79.6241,79.6241,80.2309,76.7919,70.3491,70.4557,67.0671,65.0692,62.0322,64.0703,61.2046,59.2115,55.2268,53.1507,0.0000,0.0000,0.0000,0.0000,0.0000,0.0000,0.0000,0.0000,0.0000,0.0000,0.0000,0.0000
1700000021.650000,-60.8,106.0189,104.0769,107.1681,106.0424,104.4797,103.4843,103.0970,104.9381,103.9471,103.7545,102.3914,103.7545,104.7855,102.3572,99.6895,101.9215,98.9545,98.4937,97.7190,100.5783,99.0404,97.0824,98.3717,98.0816,97.7394,94.5780,95.5196,97.0824,96.4624,97.4064,93.6056,97.4166,96.5660,93.9415,96.8814,90.2441,89.2693,86.1452,83.2947,77.9295,79.1581,77.3175,77.0260,72.0069,70.1142,67.1193,65.3758,65.2763,60.0167,60.8276,55.3173,53.8516,0.0000,0.0000,0.0000,0.0000,0.0000,0.0000,0.0000,0.0000,0.0000,0.0000,0.0000,0.0000
1700000021.700000,-64.8,106.4049,101.6366,104.0625,102.4597,102.4597,97.4166,98.7623,101.5332,97.2934,99.2472,97.5141,103.3683,101.0000,98.6560,99.0404,100.1299,96.0260,99.1413,94.6414,94.6414,95.4254,93.5361,97.4166,92.1954,91.4440,94.2603,95.3363,98.1835,91.5478,95.4254,90.5538,93.5361,93.9042,90.9340,90.6090,91.6788,85.8662,81.7435,81.9085,78.1089,75.6108,74.3303,74.4648,71.3092,64.8845,63.9531,62.4340,61.0574,56.8595,57.4543,55.9732,51.8556,0.0000,0.0000,0.0000,0.0000,0.0000,0.0000,0.0000,0.0000,0.0000,0.0000,0.0000,0.0000
1700000021.750000,-60.2,111.2205,109.5536,107.6476,104.6231,105.8017,102.6158,104.4845,103.0776,104.9952,105.5509,106.1508,106.7755,106.1037,104.6614,104.0048,105.3803,101.1385,101.8234,99.7246,101.1385,99.7046,100.4490,97.7446,100.0050,99.3579,100.0050,100.0050,99.2472,97.7446,99.9050,95.4830,97.5807,98.3107,95.5249,94.9210,92.7631,90.6863,88.2383,86.0233,85.2115,82.3772,77.3886,76.1577,71.1969,69.7711,66.7083,66.2118,66.3099,60.7454,59.4643,56.6127,56.5155,0.0000,0.0000,0.0000,0.0000,0.0000,0.0000,0.0000,0.0000,0.0000,0.0000,0.0000,0.0000
1700000021.800000,-63.4,105.1903,101.3558,103.2473,101.0198,103.4650,97.3499,98.8130,97.0052,96.8298,97.0052,102.6158,101.2126,96.5401,98.2344,96.6747,97.1854,96.2601,96.5401,95.6713,97.0000,92.0978,96.8969,94.0479,92.7631,92.1954,93.3488,92.0978,89.8721,92.8493,93.3488,95.2680,92.9570,86.2149,89.6437,88.6002,87.6584,86.9540,83.3547,78.7718,77.4145,76.9675,72.0902,74.4648,67.7791,65.1920,61.4003,60.8769,60.6383,57.0701,54.9181,58.2151,52.0865,0.0000,0.0000,0.0000,0.0000,0.0000,0.0000,0.0000,0.0000,0.0000,0.0000,0.0000,0.0000
1700000021.850000,-61.7,106.3015,100.8960,106.2309,100.8960,99.0404,98.9798,99.9600,99.0202,99.0202,100.3045,99.3680,99.9250,100.8464,97.0824,100.4639,96.6644,97.4936,96.6488,96.2549,92.2822,96.2549,95.3834,91.4166,92.2822,93.8136,91.0659,92.3580,91.9239,90.5538,93.1504,91.3017,88.5494,91.2414,89.0505,88.5664,87.4643,84.5813,84.5044,80.0062,77.4919,76.6551,71.0634,71.5891,70.2140,62.1691,61.5224,62.2013,62.1289,58.0345,58.0000,51.0098,53.1507,0.0000,0.0000,0.0000,0.0000,0.0000,0.0000,0.0000,0.0000,0.0000,0.0000,0.0000,0.0000
1700000021.900000,-63.1,107.5639,107.7868,105.8017,103.2473,104.5610,101.6071,102.1812,102.8397,100.8960,103.0776,104.4031,103.5809,102.6158,97.1236,104.0433,103.1213,100.4639,96.2081,97.1442,99.0202,96.5660,97.4987,94.0213,95.8541,94.8103,96.1769,98.0867,95.8541,99.8098,98.4886,94.9368,94.7048,97.4064,93.9628,91.3947,91.3947,88.8876,86.3481,79.4292,79.9062,79.5110,77.7817,71.4493,71.1126,70.0286,65.0308,62.0000,62.0322,57.0088,60.5310,56.2228,50.6360,0.0000,0.0000,0.0000,0.0000,0.0000,0.0000,0.0000,0.0000,0.0000,0.0000,0.0000,0.0000
1700000021.950000,-61.1,104.2353,100.2447,104.0192,102.1225,102.0784,100.0200,98.0816,98.1275,100.1249,98.3260,99.2472,100.8415,98.6154,96.8762,99.7246,98.1529,95.0368,95.8853,97.3242,95.1262,93.9415,96.5091,95.3415,91.6788,92.6499,95.1262,92.4175,91.4440,94.1488,94.5410,90.2552,91.9837,88.2836,89.9444,90.5538,87.5728,85.1469,83.0963,83.0000,79.0253,75.1066,71.1126,70.2567,68.4690,65.3758,61.8142,62.3699,61.3922,57.9741,55.7853,52.4976,52.3259,0.0000,0.0000,0.0000,0.0000,0.0000,0.0000,0.0000,0.0000,0.0000,0.0000,0.0000,0.0000
1700000022.000000,-63.1,104.7378,105.2236,100.9752,103.9471,98.1529,99.6092,98.6154,99.2472,100.1798,100.0200,99.0051,98.0000,98.0204,102.0049,98.1275,96.0052,97.0206,94.0000,97.0206,97.0206,94.0000,95.0000,90.0888,95.0842,96.1301,94.2603,94.0479,93.0484,93.0215,92.0489,93.0215,89.0225,94.1913,89.3588,88.5664,85.2115,84.3801,80.7527,80.2309,80.2808,78.5875,72.8011,71.7844,70.0071,64.6220,63.5610,62.6099,62.6099,54.5894,55.0091,55.2268,51.0392,0.0000,0.0000,0.0000,0.0000,0.0000,0.0000,0.0000,0.0000,0.0000,0.0000,0.0000,0.0000
1700000022.050000,-64.7,106.9766,103.6195,104.0000,103.4698,101.1336,99.7447,100.1798,98.8838,99.3630,100.7224,101.3558,101.8725,99.3227,100.7025,99.6444,100.1249,98.4733,95.6922,96.8349,97.6524,95.6922,95.2103,95.2103,96.8298,96.2133,95.4254,93.4077,94.2019,95.4254,93.4077,92.6553,92.3580,92.3580,90.2109,86.9540,86.8332,86.8332,84.5281,82.7345,78.7909,77.0779,74.4648,71.1688,68.6222,64.2884,63.7887,61.3922,60.0167,56.5685,54.9181,53.2353,52.0384,0.0000,0.0000,0.0000,0.0000,0.0000,0.0000,0.0000,0.0000,0.0000,0.0000,0.0000,0.0000
1700000022.100000,-67.1,106.6068,106.2121,104.1393,101.3163,101.9117,102.5914,101.8627,100.5684,104.0625,99.9050,102.8251,102.8251,101.0445,103.0776,104.4845,100.0000,97.4166,97.8008,100.1249,101.8332,97.4166,97.3499,94.3398,98.7927,99.3227,95.7183,97.4166,94.0319,94.8736,96.7988,94.8683,95.6922,95.8019,92.8009,92.4554,92.9570,87.1149,84.9588,83.4386,80.6226,77.1038,77.2334,75.4321,73.1095,67.6240,69.0652,68.5055,62.7694,58.8303,58.1378,55.5428,53.7587,0.0000,0.0000,0.0000,0.0000,0.0000,0.0000,0.0000,0.0000,0.0000,0.0000,0.0000,0.0000
1700000022.150000,-60.0,106.6068,102.2008,103.7111,100.4241,102.7278,102.7278,97.7446,96.8969,97.5910,99.7647,101.1781,99.9050,99.4887,98.7168,97.1854,98.4937,97.0052,92.0054,98.0816,98.6002,95.4254,96.6747,91.6079,93.4773,96.8349,91.2634,93.4773,92.6553,94.8683,91.8368,95.0000,92.0054,90.1388,86.8332,89.2749,87.2066,84.3860,82.7345,82.0366,79.9812,78.8733,75.1665,69.6348,69.4046,66.2873,63.6318,59.1693,60.8276,55.4707,56.4624,55.5428,52.2015,0.0000,0.0000,0.0000,0.0000,0.0000,0.0000,0.0000,0.0000,0.0000,0.0000,0.0000,0.0000
1700000022.200000,-63.4,106.2168,107.5174,107.2986,107.2986,104.4845,102.0049,101.2571,101.2571,98.4733,102.3426,99.0202,104.4462,101.8725,99.4786,98.4886,97.1288,100.2397,97.1288,98.0051,98.0051,96.6488,98.4124,98.3870,95.4620,96.6075,96.6644,97.0824,94.3663,99.2824,96.6488,97.2471,92.9624,92.9624,90.1388,93.7443,90.1388,85.4459,83.6002,81.5659,79.9812,77.1038,76.3675,71.4493,73.2462,67.3573,66.0681,64.2028,59.4054,56.3028,56.3028,55.5698,51.6236,0.0000,0.0000,0.0000,0.0000,0.0000,0.0000,0.0000,0.0000,0.0000,0.0000,0.0000,0.0000
1700000022.250000,-61.1,105.9292,104.0865,102.2595,100.8067,102.7716,99.4636,100.1699,100.6876,98.2344,100.9604,100.6876,99.3277,100.2447,99.2975,98.6813,99.2975,93.6376,93.9202,97.1442,95.6347,94.7048,96.7729,95.4620,93.7763,95.2733,95.8541,95.8593,96.7729,92.8493,95.8175,92.3580,87.9204,92.7200,92.3472,89.5600,88.2950,84.5281,81.3941,81.4985,80.3057,77.3175,74.1080,69.0072,67.0671,67.0298,63.0714,62.1289,58.1378,59.6825,58.4637,53.6004,53.8516,0.0000,0.0000,0.0000,0.0000,0.0000,0.0000,0.0000,0.0000,0.0000,0.0000,0.0000,0.0000
1700000022.300000,-62.5,109.1146,108.0417,108.0000,103.0437,105.0000,102.0000,102.1763,104.1729,100.3195,100.3195,103.3102,103.5857,102.8251,98.9949,98.7320,101.1187,97.1648,98.1529,99.8248,98.0612,96.1041,95.9010,95.5249,96.1041,95.5667,94.3663,96.3379,94.5410,93.9415,98.3107,94.3663,93.9042,94.3398,92.5419,89.2020,92.0869,88.0000,86.0058,83.0963,78.3135,78.2304,74.4312,75.8024,69.8713,67.8970,63.0635,61.1310,59.2030,59.1354,57.9396,57.2713,54.5894,0.0000,0.0000,0.0000,0.0000,0.0000,0.0000,0.0000,0.0000,0.0000,0.0000,0.0000,0.0000
1700000022.350000,-64.1,109.7725,106.3015,105.1190,106.1179,99.0051,103.1213,98.0051,103.1746,103.0437,97.1854,102.2399,102.4890,103.5857,100.3195,98.3260,98.7320,99.3227,98.7320,96.8762,98.0051,95.7549,93.9042,93.7710,95.9010,99.4636,96.5091,98.3107,93.2148,96.0260,94.7629,90.5538,89.3588,90.6697,93.0860,93.0215,90.0222,87.0230,84.0952,84.1487,81.3941,75.4255,77.6466,75.1332,73.7564,69.1231,67.2681,62.9682,63.2456,57.0088,55.9464,54.5619,55.0091,0.0000,0.0000,0.0000,0.0000,0.0000,0.0000,0.0000,0.0000,0.0000,0.0000,0.0000,0.0000
1700000022.400000,-63.0,112.3610,106.0424,106.0990,102.3914,101.0000,101.2719,98.8585,100.7174,99.9850,97.3293,102.4890,99.1262,99.0454,102.0049,102.1225,99.0051,99.0051,99.0051,97.0206,97.0052,97.0206,95.0842,93.0860,96.3328,97.1854,96.0833,95.1893,95.1893,94.0851,95.1315,95.0842,95.0053,94.0053,90.0056,87.0919,88.1419,88.0511,87.5728,79.6304,80.8950,78.9177,78.0897,72.7805,69.6419,64.2884,65.1460,63.9062,61.6847,57.7754,57.2713,56.4624,51.1077,0.0000,0.0000,0.0000,0.0000,0.0000,0.0000,0.0000,0.0000,0.0000,0.0000,0.0000,0.0000
1700000022.450000,-59.6,111.0721,110.3449,107.4895,107.4895,102.5914,103.3247,102.9417,101.2126,102.9417,101.8283,104.4031,103.6002,103.1746,102.0784,100.1249,103.4650,99.3227,101.8725,98.0051,98.1122,95.8801,100.2397,98.8838,98.8838,97.1288,96.1509,99.3630,99.7647,96.1509,94.8262,98.6154,98.1122,94.3398,92.6499,94.5780,89.3085,90.0000,88.4081,81.4678,82.8070,80.0562,76.5768,73.5391,70.7248,69.4262,67.9412,66.8431,65.2150,60.2163,60.5392,55.2268,54.1295,0.0000,0.0000,0.0000,0.0000,0.0000,0.0000,0.0000,0.0000,0.0000,0.0000,0.0000,0.0000
1700000022.500000,-59.9,108.0185,112.0000,106.0189,106.0047,100.0800,103.3925,101.1781,98.5089,99.5038,95.8853,100.6231,101.2028,101.7890,101.9804,101.9804,96.1041,102.1078,93.8616,100.6628,93.8616,96.3172,97.9847,93.1451,98.0306,96.1665,98.0816,98.0816,96.5660,99.6243,90.1388,95.8019,91.9837,94.3663,92.2280,91.7878,85.8429,87.6926,86.3713,85.3756,84.0952,76.0000,80.0250,73.1095,71.1126,64.4981,63.9531,61.8142,63.3482,58.4637,58.5235,56.6127,56.6480,0.0000,0.0000,0.0000,0.0000,0.0000,0.0000,0.0000,0.0000,0.0000,0.0000,0.0000,0.0000
1700000022.550000,-61.9,111.2879,106.2168,109.3435,108.3744,106.2121,102.6158,102.0784,99.5691,101.5480,103.2473,105.8159,103.8316,104.7091,100.8464,102.9563,102.0000,101.0742,102.4207,100.6231,103.3151,100.6231,100.2247,100.6231,99.7246,102.1567,98.6154,100.7224,100.6231,98.8989,98.8989,96.6075,98.8838,97.9439,95.2575,95.1893,93.8136,92.9624,87.0919,87.8009,82.6196,83.6301,79.5110,77.2334,74.2765,71.5052,61.0737,65.1920,63.2535,60.8030,57.4282,54.2033,55.4707,0.0000,0.0000,0.0000,0.0000,0.0000,0.0000,0.0000,0.0000,0.0000,0.0000,0.0000,0.0000
1700000022.600000,-58.0,110.1681,102.8251,110.2905,106.4706,101.1781,98.0051,103.0000,101.0050,102.0441,103.0194,103.0194,105.3850,105.3043,101.4938,103.5857,101.8332,102.8251,99.4082,100.1299,99.8499,100.2846,101.8332,98.1529,99.8248,100.4490,101.6071,100.1299,102.1078,95.6347,99.6092,95.6347,99.4082,97.1288,98.0204,95.0000,93.0215,91.0055,88.0909,85.2115,81.6150,81.7435,77.1038,76.1183,71.5891,68.1542,66.0984,66.4078,65.1920,65.1920,59.0339,55.0091,53.2353,0.0000,0.0000,0.0000,0.0000,0.0000,0.0000,0.0000,0.0000,0.0000,0.0000,0.0000,0.0000
1700000022.650000,-57.2,112.4011,110.6933,109.7862,108.2682,108.1665,103.4070,104.0433,100.6876,104.2929,103.5857,103.1601,104.7378,105.3803,104.2353,104.3935,103.0970,102.5914,99.6092,99.6092,102.9563,99.8499,101.5972,98.4124,99.1262,101.1237,99.1262,99.1262,99.2472,99.3227,98.2497,97.4166,98.1529,97.1648,96.5091,94.5410,91.9837,91.9837,88.5268,86.1278,86.9770,82.8734,78.7718,76.3217,72.0902,68.4471,65.7419,66.7308,63.6318,62.4340,59.1693,58.8218,53.9073,0.0000,0.0000,0.0000,0.0000,0.0000,0.0000,0.0000,0.0000,0.0000,0.0000,0.0000,0.0000
1700000022.700000,-63.0,108.9082,107.5407,108.7566,106.0000,105.6835,103.8123,103.8123,102.0049,102.4500,102.9417,104.2353,103.3925,104.0048,102.5914,103.2763,101.8234,101.1385,100.4092,99.7647,101.1385,98.3107,100.4490,99.9050,101.6710,99.3579,98.5951,99.3579,99.2472,98.7168,97.7446,95.5249,99.0051,97.5807,94.8472,94.0691,92.7631,92.1954,88.0909,86.8332,82.2010,82.0975,77.9359,76.8505,72.5603,70.7107,65.2993,66.7083,65.0000,61.4654,60.0833,57.8705,56.5155,0.0000,0.0000,0.0000,0.0000,0.0000,0.0000,0.0000,0.0000,0.0000,0.0000,0.0000,0.0000
1700000022.750000,-61.5,105.9906,101.9657,104.7091,99.3630,99.1262,97.4166,96.8349,98.2293,98.0051,99.8098,99.6394,99.0202,98.8585,99.2472,98.5951,100.4490,96.2081,95.4830,98.2904,96.8762,94.7629,96.9381,95.5249,95.5877,96.9381,94.8472,95.6713,96.9381,95.4830,95.5877,91.9239,92.6337,94.0691,92.6984,89.8721,90.6863,85.2760,85.0000,83.8153,80.4487,78.2304,75.4718,75.8024,70.2353,67.5352,63.5059,62.1691,60.9262,59.4643,58.5235,55.3624,52.1728,0.0000,0.0000,0.0000,0.0000,0.0000,0.0000,0.0000,0.0000,0.0000,0.0000,0.0000,0.0000
1700000022.800000,-61.5,113.2254,109.1100,111.4271,108.6324,107.9352,103.8701,105.5509,104.2017,105.1190,104.8093,104.8093,105.8159,106.3297,103.1746,102.9272,104.8618,102.6499,104.0433,102.2008,104.6231,101.0198,104.0192,100.6032,99.6394,102.2008,100.4241,99.6394,104.8093,99.6394,101.2126,99.2018,101.0198,98.7370,98.1835,94.5780,95.5249,94.5145,89.0056,86.7640,84.5813,84.6936,80.6226,79.1202,74.6324,71.1688,68.0074,66.2193,63.7887,63.3482,60.5310,60.2080,59.0339,0.0000,0.0000,0.0000,0.0000,0.0000,0.0000,0.0000,0.0000,0.0000,0.0000,0.0000,0.0000
1700000022.850000,-61.7,114.1271,111.6154,109.2016,109.2016,105.3423,106.5692,106.2544,105.0809,106.0424,105.2616,105.5367,106.0990,106.0990,106.0990,105.1190,103.9423,105.9056,100.4490,102.1078,104.3935,100.8067,102.2595,100.1299,101.5972,101.8332,101.8332,102.2595,102.2595,103.2473,99.4636,98.8433,101.4150,98.9545,98.9545,97.1236,94.9210,94.5569,91.0824,88.9550,87.3212,83.1865,82.2982,79.6492,74.3034,73.4983,68.5055,67.2012,64.8151,63.2535,60.3075,57.3149,58.0000,0.0000,0.0000,0.0000,0.0000,0.0000,0.0000,0.0000,0.0000,0.0000,0.0000,0.0000,0.0000
1700000022.900000,-62.8,112.2853,109.0413,111.0000,106.0000,105.0190,104.0433,104.3887,104.3887,103.4843,105.5746,105.9292,105.3803,105.3803,103.9423,104.7378,105.3233,103.3683,104.3456,101.8676,102.3572,100.6628,102.3572,101.6514,101.9215,100.6876,100.9604,102.2008,102.3572,100.0000,101.9215,99.6895,98.7168,100.4390,97.8621,96.5091,96.1769,93.6483,90.3549,89.1403,87.0517,83.0060,80.0062,79.0253,74.0608,72.1110,70.4557,68.5930,65.7647,61.9839,61.8466,60.6383,57.2451,0.0000,0.0000,0.0000,0.0000,0.0000,0.0000,0.0000,0.0000,0.0000,0.0000,0.0000,0.0000
1700000022.950000,-60.4,112.9292,107.9676,108.6692,107.4477,105.5367,104.3456,105.1190,103.7545,104.3935,104.9381,105.4751,105.3043,105.3850,104.3072,103.3925,104.1201,103.1213,103.0776,101.0445,102.1225,101.2423,102.0784,101.0445,102.0049,102.0000,101.0050,103.0776,102.0441,101.1237,102.0784,98.2497,99.8499,98.9949,97.3242,98.4784,93.3809,94.5410,89.0505,87.5557,86.9770,84.1190,81.9329,81.7068,74.3236,72.4707,69.3542,68.0955,66.8880,62.9682,62.6817,59.6406,55.4437,0.0000,0.0000,0.0000,0.0000,0.0000,0.0000,0.0000,0.0000,0.0000,0.0000,0.0000,0.0000
1700000023.000000,-62.7,110.3449,105.3803,106.1037,103.2473,105.4751,100.7671,102.9417,100.4241,101.2126,100.6032,103.2279,101.8332,103.7304,103.1746,101.2423,101.8725,100.4988,100.8464,99.9850,99.8499,98.9798,99.3630,97.1288,97.9490,100.1848,98.4124,99.7296,100.6479,98.8838,98.4124,96.7471,97.6166,98.7927,93.2952,93.7443,94.0479,90.8020,89.8109,85.9128,84.3860,81.4678,77.8332,76.3675,71.4493,70.7672,66.7083,65.6049,65.0000,61.8547,61.5873,60.0333,55.0727,0.0000,0.0000,0.0000,0.0000,0.0000,0.0000,0.0000,0.0000,0.0000,0.0000,0.0000,0.0000
1700000023.050000,-61.2,111.7318,108.8944,109.6221,104.6900,106.2168,101.5332,104.6375,102.8008,104.6231,103.0049,104.0433,104.0096,105.6882,104.6231,103.7304,104.8093,99.8499,103.9423,101.1187,102.0000,101.1187,101.0742,102.0000,100.6231,101.9657,100.6479,100.6479,102.8591,99.7296,101.9657,96.6488,99.8499,98.9798,97.4166,97.9439,98.1835,91.0220,90.0000,89.2020,84.6463,85.1469,79.3095,79.2465,72.8354,71.4493,69.4262,66.0681,65.4370,63.2456,61.2944,58.5235,55.9464,0.0000,0.0000,0.0000,0.0000,0.0000,0.0000,0.0000,0.0000,0.0000,0.0000,0.0000,0.0000
1700000023.100000,-63.1,103.8701,99.3177,100.1848,98.3870,96.6023,95.8801,94.1541,94.3398,94.5780,94.8683,96.6075,96.2133,96.8298,95.4254,95.0000,96.5401,94.3663,93.7230,94.2603,93.6056,92.9570,93.5094,92.7631,94.0479,94.7629,93.3488,94.0479,92.6984,92.0217,93.4345,90.0278,91.5478,92.4554,89.6437,89.4036,87.2009,85.2115,83.4865,82.1523,78.8923,77.0260,75.1332,72.4500,68.9420,66.3099,63.3246,62.6259,61.9839,58.5235,55.7853,54.3415,51.6236,0.0000,0.0000,0.0000,0.0000,0.0000,0.0000,0.0000,0.0000,0.0000,0.0000,0.0000,0.0000
1700000023.150000,-63.6,114.1797,111.0000,111.6647,109.7862,109.0046,106.1037,106.9299,105.1190,104.6566,109.1787,111.6468,107.1868,107.1868,107.3778,108.2266,107.6151,105.1190,104.5610,105.2093,104.8618,104.2929,105.2093,103.6002,106.8270,105.6030,104.6375,106.2121,106.2121,103.0049,102.2008,102.6499,103.4698,103.7304,99.3227,99.6444,98.9798,97.1288,92.5743,92.1358,89.1572,86.4060,82.6378,81.9329,77.7946,75.0000,72.0347,69.1231,67.4685,66.9104,64.4981,60.2080,59.0762,0.0000,0.0000,0.0000,0.0000,0.0000,0.0000,0.0000,0.0000,0.0000,0.0000,0.0000,0.0000
1700000023.200000,-61.0,117.6138,114.8564,115.5725,113.6002,111.8034,109.6586,110.1136,108.6692,109.2016,109.4806,111.9732,112.2720,112.2720,110.1363,108.5035,111.0856,108.4620,109.0046,110.5712,109.2520,108.4620,109.5901,105.6030,107.3313,109.5901,107.3546,106.8878,106.8878,109.1650,106.8878,106.5129,107.5407,104.5466,103.4650,105.3423,100.8811,101.5332,95.6033,93.8616,92.7631,90.0278,84.1724,81.8841,79.5110,78.2304,74.1080,70.0286,70.0071,68.0294,66.0681,63.3877,59.6825,0.0000,0.0000,0.0000,0.0000,0.0000,0.0000,0.0000,0.0000,0.0000,0.0000,0.0000,0.0000
1700000023.250000,-60.2,102.4744,100.2397,102.8591,98.4124,97.0824,95.8541,95.6347,95.8593,97.4064,98.0306,99.3277,98.0816,99.0404,96.0469,96.5660,97.2934,96.1041,94.1488,96.5091,97.0824,96.1041,94.3663,90.4268,95.1893,95.1893,94.0479,95.0368,95.3520,95.3520,94.3663,93.5575,94.5939,92.4175,90.2497,89.2861,88.3233,85.0706,84.5044,83.3847,80.2309,79.2023,75.1532,75.1332,70.7107,66.8880,64.3506,63.8201,62.2013,59.8164,57.4891,56.6392,53.7587,0.0000,0.0000,0.0000,0.0000,0.0000,0.0000,0.0000,0.0000,0.0000,0.0000,0.0000,0.0000
1700000023.300000,-63.3,114.5469,109.8362,111.8302,109.0780,108.3005,104.2353,104.2017,104.2017,106.9299,106.6208,107.1541,107.1541,109.2016,108.2682,108.2682,106.8925,105.9481,103.0922,104.0433,103.4456,103.0922,106.0424,102.8834,105.7592,106.7380,104.7855,106.2309,105.7733,106.0424,104.5466,102.2008,103.4070,102.1812,101.2423,100.4639,97.6934,96.7729,93.5201,91.2360,89.9444,87.3212,84.2199,80.4550,75.4520,75.8024,72.6223,70.2922,66.8431,65.7951,62.2415,62.9682,58.8982,0.0000,0.0000,0.0000,0.0000,0.0000,0.0000,0.0000,0.0000,0.0000,0.0000,0.0000,0.0000
1700000023.350000,-63.8,116.9701,107.9120,113.9912,109.5536,111.6065,105.0000,108.8531,108.0741,107.9352,109.0413,109.0413,108.3005,111.0360,110.3087,105.3613,110.3902,104.0625,107.5174,104.8904,106.8878,104.8046,107.9352,107.0561,106.0424,105.7592,103.5857,104.9952,108.7060,104.3504,107.9352,100.5684,103.9663,103.9663,103.2376,102.5329,100.4490,98.4124,95.7758,92.4554,89.4036,90.4434,83.4865,83.7616,78.0320,76.0592,73.7902,70.2638,68.0294,66.8506,63.3246,61.0328,60.4401,0.0000,0.0000,0.0000,0.0000,0.0000,0.0000,0.0000,0.0000,0.0000,0.0000,0.0000,0.0000
1700000023.400000,-57.1,112.6055,106.7802,111.6065,106.0189,108.2312,102.4500,106.6677,105.1190,104.2353,107.5639,107.5174,106.7942,107.4895,105.4182,104.6614,108.3744,102.8251,106.8878,102.9417,104.2353,103.3925,103.5857,102.9417,104.2017,103.2327,102.6158,101.8283,106.8270,100.4241,104.4845,99.4887,102.7278,101.9117,98.9949,97.5807,99.7246,95.4830,92.8493,90.9065,85.6037,86.2149,79.4040,82.3772,75.4718,74.9466,71.5891,69.7782,65.7419,65.9242,62.7694,61.3514,58.9406,0.0000,0.0000,0.0000,0.0000,0.0000,0.0000,0.0000,0.0000,0.0000,0.0000,0.0000,0.0000
1700000023.450000,-59.4,105.1095,100.8464,104.2785,101.1336,101.0742,96.6023,99.1262,99.1262,98.4784,99.3227,101.7890,100.6876,102.4158,100.2098,97.2008,101.0445,98.2344,97.6166,97.3088,97.9490,97.3088,97.6729,98.4937,96.2081,97.6217,97.0000,96.9381,98.3514,96.2601,98.3514,94.3663,96.5401,96.5401,94.8103,92.8009,92.4175,91.5260,89.8888,85.5862,82.3650,80.5295,76.0263,77.3886,71.5891,70.0071,67.7791,66.4078,64.1950,61.1310,59.4390,58.0517,57.4282,0.0000,0.0000,0.0000,0.0000,0.0000,0.0000,0.0000,0.0000,0.0000,0.0000,0.0000,0.0000
1700000023.500000,-60.4,115.1347,107.8378,109.2016,109.4440,109.0046,104.7855,107.7868,106.4706,107.8239,104.7091,107.4244,107.1868,108.7842,106.3297,107.3778,104.8475,107.0747,105.9481,104.6231,106.6068,104.4031,105.0000,103.8123,104.8093,105.6030,102.6158,104.4845,104.8093,103.2327,104.4845,102.6499,104.4031,103.8123,99.5691,99.3227,97.9439,96.7471,95.2943,93.0215,89.0505,85.4927,84.1724,83.0060,77.4919,76.2168,71.4703,70.6045,70.0928,67.4685,64.9384,63.3877,59.0762,0.0000,0.0000,0.0000,0.0000,0.0000,0.0000,0.0000,0.0000,0.0000,0.0000,0.0000,0.0000
1700000023.550000,-59.8,104.9952,102.0686,101.9117,99.0353,99.7046,99.0051,99.1564,97.1854,98.7168,98.2344,100.2646,99.6394,102.0049,99.8098,99.2018,99.6243,96.0208,96.0208,95.1315,98.4733,95.6922,96.7988,95.9635,98.2700,98.2700,97.4166,96.2549,99.3227,95.9635,99.0454,95.6922,97.4166,95.8019,94.8103,93.0860,92.8493,92.0217,87.6926,86.2786,82.8070,82.9759,78.2432,76.4003,75.2130,70.7248,69.3397,68.6003,65.3682,64.4050,61.3270,60.7454,58.5235,0.0000,0.0000,0.0000,0.0000,0.0000,0.0000,0.0000,0.0000,0.0000,0.0000,0.0000,0.0000
1700000023.600000,-62.8,102.7278,102.5768,101.5332,101.1187,97.9439,97.5756,98.4886,99.9250,99.5389,98.0816,100.5684,99.9300,101.1929,99.6243,98.6712,100.0000,100.0000,96.5660,97.9847,98.9545,95.3363,96.7729,96.5401,96.5091,98.0612,98.0612,98.0612,97.2934,97.5141,96.3172,96.0469,95.6033,97.1236,92.3472,92.6553,89.8109,89.8888,89.6939,86.0058,85.4283,80.5295,78.7718,76.6616,72.7186,70.7248,68.2422,65.6049,64.6607,62.3699,60.1415,58.7282,55.9732,0.0000,0.0000,0.0000,0.0000,0.0000,0.0000,0.0000,0.0000,0.0000,0.0000,0.0000,0.0000
1700000023.650000,-61.0,107.4895,105.3803,103.9663,102.5329,101.9117,99.2472,100.0050,101.0445,102.4500,101.4002,101.5135,103.7304,102.6255,102.0833,102.3426,102.3963,101.8725,99.8599,98.6154,98.2700,99.3227,101.0198,98.4886,100.6231,101.5332,98.8382,100.2397,98.8838,100.7224,98.4124,96.7471,99.3227,99.0202,96.5194,97.4166,94.8683,91.4002,90.0000,89.4986,86.4523,84.1724,80.6102,79.9312,75.0733,71.5891,69.4046,68.0074,67.6757,65.1920,63.2851,61.4003,59.0339,0.0000,0.0000,0.0000,0.0000,0.0000,0.0000,0.0000,0.0000,0.0000,0.0000,0.0000,0.0000
1700000023.700000,-63.9,114.7388,110.8873,113.2828,109.0367,108.8531,108.4666,108.6692,107.0047,109.6358,106.7380,110.1635,108.4666,110.3676,107.5174,108.1665,107.5639,103.8171,105.6882,107.5407,107.1541,104.5466,105.7024,103.0776,106.0236,106.5129,105.6030,106.4519,106.9299,107.5407,105.6030,105.3091,106.7755,105.6882,103.4650,102.1812,99.9300,100.0000,96.7729,94.1488,91.5915,89.1067,85.8429,85.4751,81.2219,79.1012,75.0267,73.0069,73.0274,68.1175,67.4759,63.6396,60.4152,0.0000,0.0000,0.0000,0.0000,0.0000,0.0000,0.0000,0.0000,0.0000,0.0000,0.0000,0.0000
1700000023.750000,-64.8,114.0000,110.0182,111.1620,110.1635,108.2959,106.6771,107.9120,107.3546,107.6894,108.2589,109.2383,108.9082,109.1421,108.6692,107.9352,106.6068,105.6220,105.6220,105.6220,106.5692,104.6757,105.6882,103.8171,104.9238,104.9238,104.0000,104.7855,106.5129,105.6030,104.0000,102.8834,106.4049,106.2826,101.8332,102.4597,100.5783,99.0404,95.0789,93.1719,92.9624,89.2693,85.0000,84.7172,79.5110,78.3135,75.1066,73.0274,73.0069,69.0290,67.1193,64.2806,63.1506,0.0000,0.0000,0.0000,0.0000,0.0000,0.0000,0.0000,0.0000,0.0000,0.0000,0.0000,0.0000
1700000023.800000,-60.3,112.2943,107.9120,107.5639,106.6771,106.2309,105.0428,105.0190,105.0000,106.0047,105.0428,106.0189,106.2309,108.2266,108.2266,105.1713,105.5746,103.8171,101.7104,102.7035,103.8171,101.8332,102.9563,102.1078,102.7716,103.4070,101.7890,102.5914,102.5914,103.0970,101.6071,101.8332,103.8171,102.5914,100.3195,101.2423,97.0824,97.0464,94.0053,92.0869,90.1998,86.3713,85.3756,81.8841,78.2624,78.8543,73.9797,71.3092,68.6804,67.6757,65.5515,62.2415,62.1772,0.0000,0.0000,0.0000,0.0000,0.0000,0.0000,0.0000,0.0000,0.0000,0.0000,0.0000,0.0000
1700000023.850000,-65.6,116.2970,113.7189,113.0885,113.0885,113.8859,110.0636,111.4002,111.3239,111.0856,110.8558,113.0310,111.0045,111.9866,114.1403,113.4372,111.3059,110.7655,108.6646,109.4578,109.2932,109.2932,109.2245,105.1190,109.0183,110.1136,108.0417,109.0046,112.0402,108.0185,109.0183,107.1681,110.1136,108.2266,105.3043,105.5746,104.8093,102.1078,101.6071,100.2247,95.3415,92.8924,91.4822,88.6002,84.1190,82.5409,78.7718,77.8332,73.4098,72.0139,70.3278,66.5733,65.0000,0.0000,0.0000,0.0000,0.0000,0.0000,0.0000,0.0000,0.0000,0.0000,0.0000,0.0000,0.0000
1700000023.900000,-63.1,111.4002,106.8316,111.2205,106.2309,111.3059,100.4988,104.2353,104.3168,106.4378,110.4762,107.7822,107.3313,107.3546,106.0236,102.4597,109.0046,99.7246,105.4751,100.9009,103.7304,102.5280,103.0922,102.7862,102.1421,103.7304,101.1929,102.2008,105.9481,100.2846,106.3203,99.0202,103.1213,103.2473,100.4639,99.5389,100.6479,97.9490,94.8947,91.9239,86.8217,90.7359,83.7616,86.6083,78.2432,75.4321,73.6614,72.9178,70.7672,72.1803,66.0681,65.0000,61.5873,0.0000,0.0000,0.0000,0.0000,0.0000,0.0000,0.0000,0.0000,0.0000,0.0000,0.0000,0.0000
1700000023.950000,-60.8,106.2168,104.7378,106.0660,103.9663,105.4751,101.2373,100.6578,101.6710,101.5332,104.4031,103.8123,103.7304,104.5610,101.5135,101.2571,103.7304,101.2423,99.3227,99.9850,100.1699,100.1699,99.1262,97.6166,99.2975,101.5332,97.0618,98.4124,100.7224,100.2397,100.2397,97.2471,99.4786,98.2700,99.8599,96.2601,97.4166,96.0208,91.8314,89.4986,89.1964,86.9770,85.5628,80.6226,78.5684,75.2861,71.8401,72.2011,69.8928,67.6757,65.0000,63.5059,61.8466,0.0000,0.0000,0.0000,0.0000,0.0000,0.0000,0.0000,0.0000,0.0000,0.0000,0.0000,0.0000
1700000024.000000,-64.8,107.0047,106.8270,104.1393,105.5509,103.2763,102.5329,102.5329,101.9117,103.3247,100.6578,103.0776,102.4500,105.0000,102.0049,104.4031,101.2571,100.6876,97.3499,100.7025,100.1699,99.8599,99.1262,96.7471,98.4124,99.7647,99.7647,101.0742,97.9490,101.0742,98.8838,102.4744,98.9798,100.1699,97.4166,96.7988,95.9635,94.8683,90.6035,89.0225,87.4586,85.1469,84.9588,81.3204,78.4920,75.0067,72.2496,72.2496,69.8140,67.2012,64.0703,64.1405,62.6498,0.0000,0.0000,0.0000,0.0000,0.0000,0.0000,0.0000,0.0000,0.0000,0.0000,0.0000,0.0000
1700000024.050000,-61.9,109.3846,104.8093,106.9018,103.7401,105.3423,99.7246,102.6937,101.6366,102.9563,103.3683,103.3683,104.2161,104.6518,103.3102,101.5332,103.3538,98.9798,100.3444,97.7548,100.1699,100.1699,99.3227,96.7988,98.4733,99.5691,100.6876,99.6243,101.5135,96.2601,102.0784,99.0202,100.7025,99.9850,98.4886,97.5295,97.9490,95.7079,92.3093,90.2497,86.7295,88.2327,83.1685,83.2406,77.3692,77.8781,72.1803,72.0069,69.5845,70.2567,66.0303,64.0078,62.2013,0.0000,0.0000,0.0000,0.0000,0.0000,0.0000,0.0000,0.0000,0.0000,0.0000,0.0000,0.0000
1700000024.100000,-63.3,109.1650,108.1665,105.0048,106.0047,103.0194,103.0776,105.0190,102.1763,103.3102,101.4002,104.0865,104.0865,106.5317,101.6071,103.2473,101.0000,101.9804,97.2934,100.6628,101.0000,98.8433,100.6628,96.7729,98.6712,98.7623,101.3903,102.6158,99.0404,101.6514,101.3903,100.8960,102.1812,99.8248,99.2975,99.8499,96.1769,95.1893,91.4440,92.3472,90.0500,85.0059,85.0000,81.0555,79.1581,77.5242,73.8241,71.1969,70.6116,67.1863,67.4463,65.8027,64.6220,0.0000,0.0000,0.0000,0.0000,0.0000,0.0000,0.0000,0.0000,0.0000,0.0000,0.0000,0.0000
1700000024.150000,-60.5,114.6298,113.3578,111.0180,111.0405,108.0046,110.0045,107.0047,107.0047,108.0741,106.2309,107.6708,108.7796,110.8873,106.0660,107.6708,108.5035,106.7052,104.5610,103.7545,104.7378,104.3935,104.9238,102.9612,103.8460,105.2616,104.2929,108.6692,106.2309,105.2616,105.0190,104.3456,104.9238,104.3935,102.9563,105.5746,101.9657,100.7174,96.3328,96.0833,95.0000,91.0000,89.0505,86.2090,84.2912,81.7435,78.2624,76.4853,75.4321,71.8401,69.9214,68.0074,67.1193,0.0000,0.0000,0.0000,0.0000,0.0000,0.0000,0.0000,0.0000,0.0000,0.0000,0.0000,0.0000
1700000024.200000,-62.5,111.0180,108.6002,107.2986,108.5772,106.2168,104.0625,103.9471,103.9471,102.5329,105.3803,104.7378,104.2353,106.9626,104.3504,106.5270,105.4230,102.2008,101.0198,101.8332,101.0198,98.8130,102.0784,99.8649,100.1699,100.7025,102.0833,102.3963,101.5480,102.9272,101.8725,99.5691,102.6499,102.6499,101.6071,100.6032,97.4526,95.9010,95.5249,94.0479,90.5097,88.4590,87.1149,84.5044,80.6040,77.2010,74.8866,73.7835,72.7186,68.4763,67.0820,67.2309,63.5689,0.0000,0.0000,0.0000,0.0000,0.0000,0.0000,0.0000,0.0000,0.0000,0.0000,0.0000,0.0000
1700000024.250000,-61.7,117.9237,118.0678,114.0175,115.6028,109.8590,111.5034,110.1136,110.4536,111.8302,110.2769,113.6002,112.6987,112.6987,112.7298,113.6002,110.9820,111.0856,106.5129,109.0046,109.1650,106.5129,109.2520,106.4049,107.5174,107.8378,108.7842,112.9469,108.1665,112.0089,107.8378,108.6324,110.1681,110.4943,106.8878,108.2405,105.9906,105.0952,102.5768,100.4988,100.4042,95.4411,93.6002,91.2140,86.6833,84.2199,80.6102,79.9062,80.1561,73.8783,73.8783,72.0069,68.2642,0.0000,0.0000,0.0000,0.0000,0.0000,0.0000,0.0000,0.0000,0.0000,0.0000,0.0000,0.0000
1700000024.300000,-62.6,116.7776,119.0042,112.6987,114.9783,109.0183,113.0044,111.6065,110.3857,111.5034,108.7566,115.6028,113.2519,114.1271,110.0591,112.2943,110.0591,112.2542,105.5462,111.8258,110.9234,107.3546,109.1650,103.6195,110.4943,110.4943,109.4440,110.1363,108.4620,111.0856,108.4620,110.5712,110.0727,108.2266,107.3313,105.1903,104.7091,105.1903,101.0198,100.4042,98.2293,93.2363,95.9010,88.7299,86.3713,84.8646,81.3449,79.9312,77.6209,74.0270,72.8011,70.4557,68.0955,0.0000,0.0000,0.0000,0.0000,0.0000,0.0000,0.0000,0.0000,0.0000,0.0000,0.0000,0.0000
1700000024.350000,-61.0,107.0794,103.8123,103.5809,102.3572,101.9215,98.9798,100.9009,99.6243,100.8464,100.8464,102.1567,101.6366,102.0441,101.5529,100.6479,100.2397,98.1122,98.8838,96.7471,98.9798,97.5295,98.6154,98.1122,99.5691,99.3227,99.3227,100.4042,100.9554,96.7988,100.1699,96.8969,99.1262,99.8499,97.9490,98.4124,95.2733,94.8472,91.1811,90.8240,89.1964,87.2812,82.5651,81.4923,77.8781,74.1485,71.7008,72.2496,71.5681,70.0286,66.0076,64.0312,62.2896,0.0000,0.0000,0.0000,0.0000,0.0000,0.0000,0.0000,0.0000,0.0000,0.0000,0.0000,0.0000
1700000024.400000,-62.1,112.3610,109.6358,109.8818,108.4666,103.7545,106.2121,105.6835,102.4890,102.3132,103.3925,106.3814,106.1179,108.0741,105.0190,105.0428,105.0048,103.0194,101.0198,105.0762,102.1225,100.0450,102.1763,100.1798,102.3963,102.3132,103.3102,102.4890,102.3963,103.3925,102.4890,102.1225,103.0776,103.0776,101.0050,100.0050,98.0204,100.1798,95.4254,93.6483,91.7878,89.4427,86.4928,84.9294,81.4923,80.3617,76.2168,75.2728,70.9366,69.8570,68.4251,65.0000,61.2944,0.0000,0.0000,0.0000,0.0000,0.0000,0.0000,0.0000,0.0000,0.0000,0.0000,0.0000,0.0000
1700000024.450000,-61.2,108.8531,111.3059,107.2007,108.1897,102.5914,105.3850,103.3102,103.0776,103.0194,102.0000,106.0189,106.0424,105.3043,105.1713,107.0747,102.3132,105.4751,99.4082,102.7035,100.7174,100.4042,102.7035,99.1413,101.7890,101.4347,102.5914,102.4207,101.2719,103.2473,101.4347,101.7104,102.8251,102.3963,101.3163,100.0800,98.0816,98.0816,95.0000,94.0213,93.1343,87.4643,87.4643,83.6002,81.3941,79.3095,75.6902,74.0405,74.0000,70.2282,68.7095,66.7083,63.6318,0.0000,0.0000,0.0000,0.0000,0.0000,0.0000,0.0000,0.0000,0.0000,0.0000,0.0000,0.0000
1700000024.500000,-61.3,111.5034,107.0701,110.7881,107.1868,108.7842,102.0000,104.6518,104.2161,104.7855,105.3091,104.9238,106.4049,105.3423,106.6255,103.1213,103.4456,103.4456,103.4456,102.8834,102.8834,103.1601,102.1078,100.1699,102.3914,103.5857,101.6366,103.5857,104.3456,102.3914,104.5610,103.3247,105.2616,104.1201,100.5783,101.5332,100.3045,97.4987,96.0052,93.6216,90.3383,89.4427,87.7097,86.0930,80.7775,80.7094,77.2010,74.0270,74.0270,70.7672,66.4680,67.2681,65.0000,0.0000,0.0000,0.0000,0.0000,0.0000,0.0000,0.0000,0.0000,0.0000,0.0000,0.0000,0.0000
1700000024.550000,-61.3,111.4002,105.9906,106.4706,106.4706,101.2126,101.0198,101.7890,102.9029,103.8123,102.0049,102.0049,103.2327,103.0776,101.5332,102.3035,101.4150,102.6499,99.9050,99.7046,99.7046,99.7246,100.4092,99.0051,99.9050,100.4490,101.2373,101.1385,100.4191,102.5914,103.3247,100.4191,100.4092,102.5914,99.7647,98.5951,97.9490,96.0469,92.6175,93.2309,90.6973,87.9830,86.4523,83.2406,79.6053,76.9220,72.9178,71.3092,69.6419,68.3081,66.4831,64.7611,62.5140,0.0000,0.0000,0.0000,0.0000,0.0000,0.0000,0.0000,0.0000,0.0000,0.0000,0.0000,0.0000
1700000024.600000,-63.4,114.5513,113.1459,113.2166,111.9464,109.4806,107.4477,108.8118,108.2266,109.8590,107.6151,109.2932,108.7566,110.4536,110.2769,110.6391,109.6586,108.3005,106.4706,107.3313,107.3313,105.5462,107.7868,105.1190,108.4620,109.6586,106.5129,108.4620,109.1650,106.9299,106.9299,106.4378,108.2405,107.8239,104.3168,104.6231,102.7278,102.0833,98.4733,97.2008,96.4002,92.8493,89.2749,87.8635,84.8646,81.3449,77.2334,76.0592,74.8131,73.6003,70.7248,67.7422,67.5426,0.0000,0.0000,0.0000,0.0000,0.0000,0.0000,0.0000,0.0000,0.0000,0.0000,0.0000,0.0000
1700000024.650000,-63.4,107.5639,106.9018,104.6757,104.6757,100.9009,100.8464,99.4032,100.3195,101.5529,102.0000,103.7690,102.9563,105.3091,102.7278,104.4462,102.3963,102.0833,100.7025,100.1249,99.5691,99.5691,101.2571,99.0454,100.0000,100.8018,100.6032,101.4002,100.8018,100.6876,99.0454,100.6876,99.5691,101.5480,98.6154,98.9798,94.8947,95.7706,92.1358,90.4710,90.6201,85.7963,83.8153,81.9085,79.8123,75.1864,73.7564,72.8354,69.7209,66.2722,64.0703,64.0078,62.1289,0.0000,0.0000,0.0000,0.0000,0.0000,0.0000,0.0000,0.0000,0.0000,0.0000,0.0000,0.0000
1700000024.700000,-61.8,114.2804,113.6354,110.0273,111.0180,106.3673,107.0794,104.0481,106.2309,107.4477,105.6504,107.8564,106.2544,108.7842,108.7842,106.8925,106.6255,107.3359,103.6195,105.8489,104.3887,104.0000,104.7855,102.9563,105.5509,104.6948,105.1190,106.4519,106.6208,105.6030,105.1190,105.8489,104.0000,102.8834,104.4031,103.0922,100.5783,99.0404,96.5401,96.5401,91.5915,89.8053,89.9444,84.3801,80.2247,78.1601,75.0067,75.0067,71.1758,67.2681,66.3702,67.2681,63.7887,0.0000,0.0000,0.0000,0.0000,0.0000,0.0000,0.0000,0.0000,0.0000,0.0000,0.0000,0.0000
1700000024.750000,-61.9,107.5407,105.4751,103.7304,103.1213,98.9798,100.6876,99.9250,101.6366,101.6366,98.6560,102.4207,102.8251,101.8332,101.7104,101.1187,101.8332,101.5972,97.5141,101.4002,99.4082,99.3227,100.4042,98.0816,99.0051,100.0450,100.0800,101.0792,99.0808,100.3195,100.1249,99.4082,99.4082,99.7246,94.7629,96.5091,95.1893,93.7443,90.2441,90.9560,87.6413,84.1190,81.9329,80.7775,75.2396,74.7329,70.6612,69.8355,67.7422,63.5138,64.2028,62.6259,60.2080,0.0000,0.0000,0.0000,0.0000,0.0000,0.0000,0.0000,0.0000,0.0000,0.0000,0.0000,0.0000
1700000024.800000,-61.5,114.3372,108.4159,108.6692,104.0481,99.0404,105.0048,102.5280,101.5135,108.0787,106.2309,108.2589,105.0952,105.9906,107.8239,105.5509,103.8316,101.2126,103.4456,107.4244,104.8093,103.4456,103.3538,103.2473,104.8475,101.5135,101.2423,102.0833,102.0833,99.8599,101.8332,101.7104,101.2126,99.9850,104.2017,100.1848,98.8382,96.6644,96.5660,91.7606,91.4822,88.8876,85.0706,82.9759,80.0500,79.4292,75.5050,69.4622,70.1783,67.0298,65.0000,64.0078,64.1950,0.0000,0.0000,0.0000,0.0000,0.0000,0.0000,0.0000,0.0000,0.0000,0.0000,0.0000,0.0000
1700000024.850000,-60.3,105.4372,107.2007,105.4230,106.0424,101.6710,102.0686,102.7278,102.5524,102.5524,100.4988,106.1508,103.4795,104.2353,104.2353,106.2168,102.4500,106.0424,100.1249,104.0192,102.4500,100.8960,102.4500,97.0052,100.4042,101.8332,102.6499,103.0049,100.0000,103.0049,100.0000,99.6394,101.5332,100.0050,98.4124,96.2081,96.8969,94.7523,90.5538,90.6090,88.7299,84.0238,83.0060,77.9359,77.9359,73.2462,71.1969,68.8840,68.0294,66.4831,64.8460,63.5689,60.6383,0.0000,0.0000,0.0000,0.0000,0.0000,0.0000,0.0000,0.0000,0.0000,0.0000,0.0000,0.0000
1700000024.900000,-61.5,108.0417,104.1201,106.3015,104.3887,101.8332,100.1299,102.7716,102.9612,101.6366,104.2929,105.0809,103.4456,104.0433,103.4070,102.4890,104.4031,103.1213,102.1812,102.5280,102.1812,101.2423,102.3181,100.8464,101.5529,100.3195,99.8098,101.6366,100.2247,102.0441,101.1336,101.2373,99.5389,99.0202,97.7394,96.4624,94.5569,94.2550,90.2497,88.7694,86.4928,85.5102,81.2158,81.0494,77.5242,73.1710,72.0625,68.0000,68.0074,67.1193,64.1249,61.5224,56.7539,0.0000,0.0000,0.0000,0.0000,0.0000,0.0000,0.0000,0.0000,0.0000,0.0000,0.0000,0.0000
1700000024.950000,-60.2,104.3072,102.3963,101.8332,98.8585,98.3107,96.8814,98.7168,97.7446,97.9847,99.4585,101.2423,101.1929,102.1421,98.6813,100.5684,100.9009,98.4327,98.7927,97.8621,98.7927,98.7927,99.0051,94.9368,98.4124,98.4886,97.9898,98.8989,98.4886,98.4886,97.9898,96.5660,96.2081,96.7988,93.6056,94.2550,93.0054,90.1388,86.5852,85.3756,83.5464,81.0494,79.0759,77.5242,72.1734,72.0625,68.0000,67.0075,66.0303,64.1249,60.4070,58.5491,55.5428,0.0000,0.0000,0.0000,0.0000,0.0000,0.0000,0.0000,0.0000,0.0000,0.0000,0.0000,0.0000
1700000025.000000,-63.2,105.6835,105.6882,104.4462,105.8159,101.5972,102.8834,102.8834,101.5529,106.0236,103.0776,103.4650,104.4031,107.2241,106.8925,107.9120,104.0625,107.5174,100.2846,106.9018,103.4070,102.4597,103.7304,99.3277,101.8676,102.3572,104.5466,103.1601,100.5783,106.2544,99.0404,101.1929,101.5923,102.6937,99.0051,96.1769,93.9415,94.4299,89.4427,89.4707,90.5538,83.2166,85.7030,78.8162,76.2168,73.8783,70.0357,67.1789,67.2086,63.0317,63.0317,59.2030,60.7454,0.0000,0.0000,0.0000,0.0000,0.0000,0.0000,0.0000,0.0000,0.0000,0.0000,0.0000,0.0000
1700000025.050000,-60.8,118.1524,117.6435,116.8247,115.8836,114.3372,111.9464,113.1724,114.6298,114.5513,113.9517,118.1059,116.1034,119.6704,117.5925,117.5925,116.5161,117.0342,116.2755,117.6138,114.4771,114.3372,114.0175,111.8258,115.8016,117.6138,115.8016,117.6138,115.8836,114.4771,115.1086,112.0446,114.7693,112.6987,112.4856,109.6038,104.6518,104.0625,102.7278,100.1249,95.6033,94.4034,92.9139,90.4268,84.3801,82.3650,79.1770,77.8203,74.8465,72.4500,69.5701,68.9638,66.2873,0.0000,0.0000,0.0000,0.0000,0.0000,0.0000,0.0000,0.0000,0.0000,0.0000,0.0000,0.0000
1700000025.100000,-62.8,113.2254,107.2241,110.8603,107.5407,108.3374,105.5509,105.9906,107.3546,107.8239,108.9082,111.3059,110.6752,111.7721,111.7721,110.9820,111.7721,109.2886,109.2886,108.2266,108.1665,107.6151,107.3359,106.0189,108.2312,110.6029,107.6151,108.8118,108.2266,107.6476,108.4666,103.2473,105.4751,104.4462,101.2126,101.5972,100.1848,96.1769,93.4719,93.1075,89.8888,88.8651,85.0941,84.2021,78.5875,76.6877,73.3485,71.8471,69.5845,67.2681,63.0714,63.0714,60.0333,0.0000,0.0000,0.0000,0.0000,0.0000,0.0000,0.0000,0.0000,0.0000,0.0000,0.0000,0.0000
1700000025.150000,-60.6,106.2309,108.0417,103.0049,111.0045,102.0441,106.2309,105.3043,103.8171,107.7868,102.9563,108.6738,108.8531,109.2383,109.2383,111.8034,105.5367,110.4219,103.5857,110.1136,105.7592,104.5610,107.7079,102.8397,106.0424,106.0424,107.0047,106.2309,103.8123,107.7079,101.8676,105.3233,101.7890,101.1187,99.8499,97.7394,94.6414,95.3363,92.1954,90.0500,90.0000,85.0529,86.0523,79.2275,79.4040,74.8131,70.4060,70.6116,68.4105,62.8172,63.8905,61.4654,60.0083,0.0000,0.0000,0.0000,0.0000,0.0000,0.0000,0.0000,0.0000,0.0000,0.0000,0.0000,0.0000
1700000025.200000,-63.7,110.0000,108.0000,104.1201,107.2287,104.3072,104.5801,104.6900,106.2121,108.1897,107.0794,109.8818,108.6692,108.6692,110.6029,111.0856,110.6029,108.2405,106.4800,109.2016,107.4477,107.2007,107.7033,103.5809,108.7842,105.0048,105.6504,105.9481,103.5809,105.3613,103.8460,103.3247,103.3683,101.6071,100.2846,98.8585,96.1769,91.7878,91.5478,90.2718,88.0511,84.0000,83.0060,79.0253,75.1665,73.3348,69.7209,67.2681,67.6831,62.8172,63.0635,58.5235,56.0803,0.0000,0.0000,0.0000,0.0000,0.0000,0.0000,0.0000,0.0000,0.0000,0.0000,0.0000,0.0000
1700000025.250000,-60.9,107.3359,105.9481,105.9481,104.4031,104.0481,102.1812,104.5610,105.9056,106.5317,105.8017,108.0463,108.7796,110.5486,112.4455,109.5536,110.5486,109.2245,108.2959,105.1713,110.2905,108.2959,107.1681,108.2266,108.0185,108.0417,107.1168,107.1168,105.2331,104.3072,105.1713,101.7104,104.6900,105.0762,100.4490,101.2028,97.0824,95.3415,92.4175,89.5600,88.6002,84.7585,82.8734,79.8499,75.2396,72.0139,71.5542,69.3542,66.8880,64.8999,62.2013,59.2030,56.5862,0.0000,0.0000,0.0000,0.0000,0.0000,0.0000,0.0000,0.0000,0.0000,0.0000,0.0000,0.0000
1700000025.300000,-63.0,109.0046,102.5280,108.5219,101.9215,107.2007,101.4150,104.3935,102.2595,109.0367,111.1575,110.3177,113.0000,110.5486,112.7519,107.5639,114.2147,107.1168,112.1115,104.0433,110.0409,108.1157,109.0046,110.0409,108.0000,109.0183,107.0420,107.0000,112.0402,104.0433,109.1146,99.1816,103.1213,101.2423,98.3260,100.7174,101.1187,95.3520,92.1954,90.7083,85.6154,87.0919,81.0432,81.9085,72.7324,74.3303,69.0797,66.7083,67.1193,64.8845,61.5873,59.9083,57.0088,0.0000,0.0000,0.0000,0.0000,0.0000,0.0000,0.0000,0.0000,0.0000,0.0000,0.0000,0.0000
1700000025.350000,-63.3,114.8564,108.5035,108.8531,109.4440,106.4800,110.7249,108.4666,109.7862,111.4271,109.5628,115.5509,116.8674,115.9526,114.9652,115.9526,115.8318,115.8361,110.9099,116.8461,114.5295,114.0614,111.4136,108.7842,114.2366,114.2366,111.8928,112.5078,111.0180,112.3788,107.9120,109.1284,110.0182,106.9299,105.1190,103.8701,101.6366,97.8621,95.5196,93.6056,92.6553,87.0919,87.0919,82.0000,78.6448,76.2955,69.8713,69.8713,68.5930,66.0681,64.0312,60.0000,58.0775,0.0000,0.0000,0.0000,0.0000,0.0000,0.0000,0.0000,0.0000,0.0000,0.0000,0.0000,0.0000
1700000025.400000,-63.2,104.3072,103.1213,101.0198,100.0000,100.0450,101.2423,101.5972,100.8415,102.4207,105.2236,106.2121,106.8878,108.8531,106.8878,108.8531,107.9352,107.2800,105.3233,106.5129,106.2309,106.5129,105.9906,103.0776,106.2309,106.2309,104.2929,103.5809,103.5857,103.5857,100.2247,101.9804,101.6071,101.1187,98.7320,95.5249,95.3363,93.2631,91.0494,89.0000,85.0235,80.0562,78.1601,76.2365,71.4493,69.7209,66.0984,66.2873,62.3699,58.9406,59.4811,55.7136,54.1295,0.0000,0.0000,0.0000,0.0000,0.0000,0.0000,0.0000,0.0000,0.0000,0.0000,0.0000,0.0000
1700000025.450000,-64.3,111.7721,107.6151,107.0420,106.0660,105.5509,107.5407,107.1541,106.2309,109.7862,110.3857,112.8938,115.1347,115.1347,114.8434,115.1347,113.7585,113.7585,110.8603,111.5706,110.8603,111.0180,113.2652,109.3846,112.5877,111.3239,110.6029,111.8258,110.8603,109.6358,110.4400,106.6068,107.5174,105.6882,103.8171,101.0198,100.4639,99.4032,94.3716,93.9149,87.7097,85.9593,82.4924,79.3221,77.4209,73.4098,72.0069,70.1783,65.2993,62.2896,62.9365,58.6941,57.6281,0.0000,0.0000,0.0000,0.0000,0.0000,0.0000,0.0000,0.0000,0.0000,0.0000,0.0000,0.0000
1700000025.500000,-63.6,108.4666,104.9238,104.6900,104.5801,103.1746,102.1225,103.0000,107.0047,104.0433,107.1681,108.1665,111.3643,111.5437,112.2185,112.5389,112.6410,111.6468,107.6708,111.0180,109.1787,108.9036,111.0180,109.0367,108.5035,111.1575,108.5035,109.0367,109.0367,107.5639,106.9205,104.4797,104.3887,103.1746,101.1237,102.0196,98.0051,94.0213,90.0222,89.2020,86.2844,82.6075,80.7527,76.2955,72.3671,70.6116,67.9117,65.5210,62.9365,62.0322,59.2368,55.9464,54.5619,0.0000,0.0000,0.0000,0.0000,0.0000,0.0000,0.0000,0.0000,0.0000,0.0000,0.0000,0.0000
1700000025.550000,-66.2,107.5174,105.2236,104.2353,107.3778,106.0189,104.0048,106.0047,108.0417,110.2225,107.4663,114.6298,112.8716,113.0000,111.1575,114.9826,115.4123,113.6002,109.1787,112.6144,113.1592,109.1787,111.6289,108.6738,110.8558,109.8362,112.6144,111.8034,109.6586,109.6586,109.4897,106.9205,104.5801,106.4706,102.2399,101.0198,98.0459,99.0051,95.0053,91.0494,89.1403,84.2140,81.4985,77.6466,75.8024,70.6116,69.8570,65.9697,64.5601,62.9365,58.1893,56.3028,56.3649,0.0000,0.0000,0.0000,0.0000,0.0000,0.0000,0.0000,0.0000,0.0000,0.0000,0.0000,0.0000
1700000025.600000,-63.6,105.7024,105.7024,101.0198,103.7304,100.9604,104.0481,103.5857,102.9612,103.9423,105.2236,109.1787,108.6646,111.5437,110.8873,112.8716,108.5587,110.4536,107.3778,111.4495,108.3744,108.5587,110.4536,106.3814,111.1126,110.3676,108.1665,110.4536,108.6646,110.5486,104.4797,105.0762,107.5174,102.7716,100.4390,99.6895,95.5667,96.0469,93.0054,88.5438,87.6641,83.3847,81.1542,77.8781,73.7902,71.1196,66.7308,67.2309,62.4340,60.7454,56.8595,56.4004,53.8145,0.0000,0.0000,0.0000,0.0000,0.0000,0.0000,0.0000,0.0000,0.0000,0.0000,0.0000,0.0000
1700000025.650000,-63.8,104.1729,101.2423,101.7104,102.2595,98.6560,101.8676,101.9215,99.3277,104.6757,103.0922,107.5174,109.1100,109.7862,109.9318,110.4943,109.3846,110.1681,106.7755,110.1681,108.7474,107.5407,106.6208,106.6208,109.5901,108.3374,109.3846,111.8928,106.6208,109.9318,104.1777,104.7521,103.7304,104.0433,100.9604,100.1699,96.3016,95.1262,91.2414,90.0944,85.7088,82.4924,79.5110,76.0263,75.0267,72.0069,67.0298,66.0303,60.2080,58.4209,57.4282,55.9017,54.3415,0.0000,0.0000,0.0000,0.0000,0.0000,0.0000,0.0000,0.0000,0.0000,0.0000,0.0000,0.0000
1700000025.700000,-63.2,106.6068,101.6366,103.9423,102.7716,99.6092,98.4124,101.1781,99.1262,107.0000,104.0048,107.0047,110.0045,111.1126,114.1578,111.1126,112.1606,110.4536,110.2225,110.4536,111.3643,110.2225,110.4536,110.3676,110.6526,111.3643,110.4536,114.2147,111.2205,108.2266,108.1157,107.0420,106.0047,107.0047,102.0196,103.2376,99.2472,95.5249,94.0479,91.0824,87.4757,83.9524,82.2253,79.1202,75.2861,70.8378,67.0671,64.2573,63.6946,58.6003,58.6003,57.7062,53.3385,0.0000,0.0000,0.0000,0.0000,0.0000,0.0000,0.0000,0.0000,0.0000,0.0000,0.0000,0.0000
1700000025.750000,-60.8,105.3945,104.3072,99.4786,102.4744,98.8382,101.6366,101.3903,102.8834,105.6220,105.9481,108.2405,110.1635,112.7918,109.8954,114.0175,110.8558,112.8051,109.1421,111.0856,108.6830,109.8954,111.0856,107.2800,112.1784,111.6109,112.8051,112.0580,108.6692,112.5389,107.7033,110.0636,106.5692,107.2241,102.1567,104.0000,99.5389,98.8989,93.0591,90.3549,90.5538,83.2166,82.3772,79.8812,78.8162,72.0069,67.6240,63.8905,63.6396,60.8276,60.1415,55.9017,55.0000,0.0000,0.0000,0.0000,0.0000,0.0000,0.0000,0.0000,0.0000,0.0000,0.0000,0.0000,0.0000
1700000025.800000,-65.9,100.6876,101.8332,97.8621,101.2373,97.5756,100.1848,99.1262,102.3426,102.0784,103.4698,107.3359,107.2007,109.6221,109.6221,110.6029,110.7520,110.7520,109.6358,112.6099,111.1261,111.2879,109.7862,108.3744,111.8034,109.9864,109.7862,111.0721,109.7862,110.6345,109.1238,109.6358,108.8531,106.4002,105.2093,102.9029,98.7370,96.5660,95.7706,90.4268,89.4707,85.0000,82.8553,78.5493,74.0945,70.2282,66.7308,66.0984,64.5601,59.6657,60.8769,57.8705,54.3323,0.0000,0.0000,0.0000,0.0000,0.0000,0.0000,0.0000,0.0000,0.0000,0.0000,0.0000,0.0000
1700000025.850000,-62.9,104.0433,99.9600,101.2373,96.3846,98.3870,94.5145,99.1262,100.7025,103.1746,105.9481,105.2093,106.4002,110.6029,109.6358,110.0000,111.5213,110.7520,108.8531,108.7060,110.7520,108.8531,111.8258,110.7520,110.6345,113.0708,108.7060,110.7520,115.2562,108.8531,112.6144,109.0413,107.6151,110.6752,104.9571,103.4456,102.4744,100.1848,96.6644,95.4620,91.1811,84.4334,80.6536,80.3617,73.7564,70.8308,67.0820,64.9384,63.7887,62.8013,60.4070,55.0818,55.0364,0.0000,0.0000,0.0000,0.0000,0.0000,0.0000,0.0000,0.0000,0.0000,0.0000,0.0000,0.0000
1700000025.900000,-65.9,102.2008,100.1699,99.0404,96.8814,98.0051,98.5089,98.1835,98.0051,101.0050,102.0049,104.0433,107.1168,108.1665,108.1157,111.1620,108.3744,110.5486,108.4620,110.4536,111.5437,110.4536,111.5437,108.5587,111.8794,114.6298,112.6410,111.5437,114.3547,112.2185,110.1635,112.0045,111.0000,110.0409,104.2353,106.3814,103.4843,102.7035,98.0051,95.3520,91.9837,87.0919,83.5225,82.5651,75.5844,72.2357,70.2638,65.7951,65.3070,63.5059,59.9416,56.9386,53.8238,0.0000,0.0000,0.0000,0.0000,0.0000,0.0000,0.0000,0.0000,0.0000,0.0000,0.0000,0.0000
1700000025.950000,-62.4,102.8834,100.7224,100.0900,101.1929,98.3717,99.9250,101.9804,101.6071,102.9563,104.9381,109.4578,108.1665,113.3578,109.1650,113.2828,113.0708,114.0000,110.1136,116.0000,114.0000,114.0702,116.0043,112.0000,116.0689,116.0172,117.0043,118.0000,117.0043,116.0043,114.0044,117.1068,116.1551,113.4416,110.8873,111.1575,107.2007,106.8878,100.2247,97.0155,95.6033,89.8443,86.0233,83.5703,81.7068,75.7694,74.3236,70.6824,67.9779,63.5295,63.5295,60.0333,56.4004,0.0000,0.0000,0.0000,0.0000,0.0000,0.0000,0.0000,0.0000,0.0000,0.0000,0.0000,0.0000
1700000026.000000,-57.4,103.7690,100.7224,98.1835,98.4733,99.0202,97.8366,100.4988,99.7246,103.9471,106.8316,109.7133,109.1238,111.2879,110.8873,110.1136,113.4063,110.8016,113.4063,111.7721,115.2085,115.6028,116.6062,115.2085,116.7647,118.1524,114.0395,117.6435,119.0378,116.0172,118.2244,114.4771,115.8836,116.9316,111.9464,111.0721,111.7318,106.7942,101.4150,99.3579,95.2680,95.0000,87.8009,87.9204,81.5414,76.8505,74.3034,72.4707,67.9779,66.6408,65.0000,63.1585,59.7746,0.0000,0.0000,0.0000,0.0000,0.0000,0.0000,0.0000,0.0000,0.0000,0.0000,0.0000,0.0000
1700000026.050000,-62.0,101.6071,98.7320,100.1798,101.1781,98.0051,100.1249,101.4002,101.8332,105.9056,106.2121,109.8362,111.0045,111.1980,110.8558,113.0310,113.7585,113.6002,113.7585,114.5600,116.4818,113.0531,117.0470,116.7604,118.2709,117.7200,118.0042,118.5960,117.7200,120.8801,117.4436,117.6308,114.9783,114.5426,115.5206,110.4762,110.8873,110.7655,102.3963,100.0800,96.0052,96.0052,92.0217,88.2043,84.2140,78.4092,73.5527,73.6817,70.2140,66.4906,63.5610,64.2884,61.3514,0.0000,0.0000,0.0000,0.0000,0.0000,0.0000,0.0000,0.0000,0.0000,0.0000,0.0000,0.0000
1700000026.100000,-62.7,102.9612,98.9949,101.3163,97.1854,100.0200,98.0204,98.1835,102.7035,104.9381,110.1681,109.3298,110.8197,110.0227,112.1784,111.6109,116.6619,111.8258,115.9483,109.8954,113.7585,112.5389,116.7604,117.4436,115.4340,118.5960,114.5600,118.9622,121.8401,114.8434,121.2972,112.8051,115.5206,115.9181,114.2716,114.2716,110.8873,109.6586,105.1190,100.0200,97.0000,97.0052,92.0217,90.1388,82.2192,78.4092,74.6726,72.9931,70.4060,70.8308,63.0635,64.0312,60.7289,0.0000,0.0000,0.0000,0.0000,0.0000,0.0000,0.0000,0.0000,0.0000,0.0000,0.0000,0.0000
1700000026.150000,-59.2,100.7025,100.7224,100.6231,99.3177,97.3088,98.6813,101.2423,101.3903,103.8123,106.7333,107.9352,110.0227,111.9866,109.4897,110.3177,114.1271,113.8640,113.6354,114.4378,116.3486,113.4416,114.4378,117.4266,116.2755,118.4230,117.3456,118.3427,117.7200,120.4159,118.6086,117.3882,118.2286,115.7411,113.9517,112.5877,109.6358,109.2016,105.6220,101.5135,99.1615,96.2081,91.3893,90.3770,82.7345,81.4125,74.3034,74.3034,71.8679,69.3397,66.4003,64.0312,61.6198,0.0000,0.0000,0.0000,0.0000,0.0000,0.0000,0.0000,0.0000,0.0000,0.0000,0.0000,0.0000
1700000026.200000,-60.6,98.8382,94.0213,95.1893,94.3027,96.8298,95.9010,95.7758,97.0000,101.1385,104.6518,107.5174,107.6290,106.3015,107.1681,111.2879,112.4455,112.0045,108.7060,109.6358,113.4063,111.8258,112.6144,111.8258,114.0395,115.8016,115.0000,115.2085,115.0000,115.2562,115.0000,114.3372,117.5925,114.6909,108.8944,108.8944,106.1037,107.0561,103.0776,99.6394,95.0000,92.6553,87.9204,87.1321,81.1234,77.8974,74.2428,72.4500,68.0294,65.9242,65.5515,63.2456,59.4811,0.0000,0.0000,0.0000,0.0000,0.0000,0.0000,0.0000,0.0000,0.0000,0.0000,0.0000,0.0000
1700000026.250000,-64.2,105.0190,103.0922,99.2975,100.6578,101.2373,103.3151,103.7690,105.6788,107.0420,107.7033,108.7244,114.0395,114.0395,116.4989,117.3243,115.8016,115.8016,116.0172,118.2286,118.2244,116.6062,120.8015,118.2286,118.4441,122.1475,120.8801,121.2106,119.6202,123.2234,120.4326,118.1524,119.5701,121.0785,115.9741,116.7262,112.6987,111.3598,109.6586,107.9120,102.5280,98.6712,95.3363,90.7083,84.4038,85.5102,78.9177,74.6726,76.4199,72.4431,70.1142,65.0308,65.0308,0.0000,0.0000,0.0000,0.0000,0.0000,0.0000,0.0000,0.0000,0.0000,0.0000,0.0000,0.0000
1700000026.300000,-64.1,100.4390,99.4585,97.7190,99.7246,96.3846,98.4124,100.1848,102.0833,103.9423,104.3072,107.3359,110.2089,111.6065,112.8007,114.0395,113.2299,114.4771,111.8258,114.4771,115.1086,116.8247,115.2562,114.3372,115.3646,118.3427,114.6909,119.0966,117.7964,120.1041,115.1086,118.8108,116.6062,116.4989,112.6055,114.5862,113.2078,109.9318,106.5505,102.8591,100.7224,94.8472,93.2309,87.0919,85.0941,80.9568,78.8480,75.6902,73.9797,70.8308,69.4262,63.3482,62.2896,0.0000,0.0000,0.0000,0.0000,0.0000,0.0000,0.0000,0.0000,0.0000,0.0000,0.0000,0.0000
1700000026.350000,-59.8,98.5089,100.3195,98.0000,100.0200,98.1275,100.4988,100.8415,102.8251,103.9423,106.0990,110.1136,112.0892,113.0531,112.3610,113.0531,114.1797,115.1086,113.5297,115.4340,115.4340,115.1086,114.4902,114.4902,117.1751,119.2686,118.6802,119.6161,117.6520,118.2709,117.6520,118.9033,117.0470,119.1050,116.9145,111.6109,110.0227,108.8531,105.2236,102.7035,100.4042,97.3293,94.1329,90.0222,86.0058,82.0975,76.1052,76.2365,72.2496,71.2531,69.5845,63.7887,61.8466,0.0000,0.0000,0.0000,0.0000,0.0000,0.0000,0.0000,0.0000,0.0000,0.0000,0.0000,0.0000
1700000026.400000,-63.4,99.1564,99.6394,98.2293,102.6255,99.4786,98.8382,100.1798,103.7882,106.6208,109.3846,108.8485,111.6647,114.4902,115.7411,116.0560,115.1347,116.7604,113.8859,114.0175,116.6619,115.9483,120.5405,115.4470,117.3882,120.7849,119.3315,120.7849,119.5701,121.5648,121.2972,120.8801,121.4578,119.8708,117.0470,116.8118,113.0885,110.0727,109.1238,103.7690,103.0776,97.2471,97.2471,92.0869,87.0919,84.4038,80.6040,79.6492,74.0270,72.2496,70.7672,66.4831,63.8905,0.0000,0.0000,0.0000,0.0000,0.0000,0.0000,0.0000,0.0000,0.0000,0.0000,0.0000,0.0000
1700000026.450000,-64.1,105.8915,99.8098,104.0096,101.5480,103.8316,101.5185,105.1903,108.4620,110.7249,114.4902,114.8260,115.1086,117.3414,118.2962,116.0905,120.3329,118.3596,122.0041,118.8781,119.1008,121.7539,122.7844,121.8072,122.7844,123.2234,122.3765,124.3382,124.9520,123.0000,126.1467,122.0041,122.9715,122.8007,121.1652,118.5960,116.8118,113.4637,110.5712,108.2266,102.0000,102.0000,96.3846,94.3398,90.4268,85.7030,81.2711,82.0061,78.0064,73.2462,72.1803,70.0071,64.4438,0.0000,0.0000,0.0000,0.0000,0.0000,0.0000,0.0000,0.0000,0.0000,0.0000,0.0000,0.0000
1700000026.500000,-59.0,101.5332,95.5249,99.7647,97.7446,103.0776,98.8130,100.9554,101.7890,106.6771,108.4066,111.1395,110.5351,112.8716,113.1768,114.0614,117.1708,113.1592,114.5426,113.3181,115.1564,113.1592,117.0000,118.1863,118.8486,119.2309,117.9237,121.2642,121.0785,120.7021,121.0785,117.2007,119.9208,118.5116,116.7262,116.8461,113.8771,113.2078,106.5082,106.0189,100.0000,103.7111,92.1954,92.7631,86.2670,85.5628,79.2465,80.0562,75.9276,73.7564,71.2180,67.9559,67.9559,0.0000,0.0000,0.0000,0.0000,0.0000,0.0000,0.0000,0.0000,0.0000,0.0000,0.0000,0.0000
1700000026.550000,-65.1,101.7890,96.1041,99.4585,94.9210,99.3680,98.6154,103.3683,103.7545,105.5462,108.4066,109.4166,109.9318,112.6810,118.1905,112.0580,115.9353,114.2847,116.7647,113.0044,116.0172,114.2847,115.8016,116.0172,117.2902,119.6328,117.6138,121.2106,119.6328,121.2106,120.0000,118.4610,119.8541,120.3703,117.1367,116.9701,115.1043,113.6002,108.2266,106.9299,101.7693,100.3045,94.5780,92.0272,86.4002,88.8876,81.2527,77.3692,76.1183,72.9931,69.5845,67.4759,68.1175,0.0000,0.0000,0.0000,0.0000,0.0000,0.0000,0.0000,0.0000,0.0000,0.0000,0.0000,0.0000
1700000026.600000,-59.7,100.0900,96.4624,100.6876,99.6895,97.4936,102.1078,102.7035,107.2986,105.3850,111.1126,113.0177,115.0043,115.0043,116.0689,118.0042,118.0678,118.1524,116.2755,115.2779,116.2755,118.1524,116.4302,118.4230,119.0798,119.7080,120.7021,123.9113,122.6907,122.6907,122.5887,123.1016,123.1463,122.0041,119.0042,118.0042,118.0678,115.1564,112.4455,108.4620,105.8017,102.2595,101.9804,96.1041,89.2693,86.1278,81.6088,79.4040,76.8960,77.0779,72.6154,68.9420,67.1193,0.0000,0.0000,0.0000,0.0000,0.0000,0.0000,0.0000,0.0000,0.0000,0.0000,0.0000,0.0000
1700000026.650000,-61.0,103.4650,98.9798,101.9657,98.4124,100.4639,99.0202,101.3903,105.7733,107.2007,111.6109,112.0580,113.3578,114.3372,114.9348,113.6002,119.2183,115.9741,119.2183,113.7453,115.7325,118.7139,118.6086,119.4194,116.2755,120.3370,118.3427,120.3370,122.1475,119.3399,124.5793,118.7139,122.6907,121.0620,117.7115,116.7262,117.2775,112.2943,112.3610,106.9018,103.7304,104.1777,97.4987,97.6934,89.1572,88.1419,83.1865,81.0062,81.9878,77.3886,73.2393,72.4224,68.4105,0.0000,0.0000,0.0000,0.0000,0.0000,0.0000,0.0000,0.0000,0.0000,0.0000,0.0000,0.0000
1700000026.700000,-62.4,101.9117,102.5524,99.2472,104.2353,99.2018,101.8332,102.6255,104.9571,107.0420,106.4519,113.6002,113.1592,119.0126,118.1059,119.9208,115.4513,118.3089,113.7189,117.1751,117.0000,117.0000,117.0000,114.5862,120.2082,119.5408,121.4331,125.2517,120.5529,124.4227,115.5206,121.8524,122.0041,125.0040,119.0126,118.0720,114.0614,115.1043,113.3711,109.0000,111.2205,100.6032,101.6710,95.9010,93.6056,90.6090,84.8528,84.1487,79.3095,75.0733,75.1665,70.8025,72.4017,0.0000,0.0000,0.0000,0.0000,0.0000,0.0000,0.0000,0.0000,0.0000,0.0000,0.0000,0.0000
1700000026.750000,-64.3,101.4347,98.2700,102.8397,97.5295,101.8430,98.0867,103.3151,105.1190,107.7822,111.1395,109.9318,112.6810,113.7409,115.3776,114.5862,118.4610,114.6211,116.0172,113.4063,114.6211,114.6211,118.4061,116.0388,117.7964,119.4738,117.7964,122.1475,120.2539,118.8486,122.1475,116.6062,120.2082,119.8541,116.7647,118.7266,118.1905,114.3897,111.8928,109.5673,103.3683,104.3887,97.6934,99.3680,90.1388,89.1852,85.1645,80.2808,81.7863,77.6660,76.1183,71.5681,68.2642,0.0000,0.0000,0.0000,0.0000,0.0000,0.0000,0.0000,0.0000,0.0000,0.0000,0.0000,0.0000
1700000026.800000,-56.6,104.4031,100.8811,100.3045,99.0051,102.4597,98.9798,101.3558,106.5317,106.2544,106.2544,112.8007,114.6342,114.2016,117.0043,115.2562,114.8651,114.2147,117.0342,115.5206,116.1034,116.1034,116.0431,116.7262,118.1059,116.6748,120.2082,120.9173,120.9173,120.2082,121.6306,119.5533,121.6963,119.8541,120.1041,120.1041,116.0388,114.2016,111.8302,108.1665,107.3778,104.8093,99.3630,98.4124,91.7061,89.1572,87.6641,83.5703,82.5409,79.3788,77.8845,73.9797,72.0069,0.0000,0.0000,0.0000,0.0000,0.0000,0.0000,0.0000,0.0000,0.0000,0.0000,0.0000,0.0000
1700000026.850000,-62.7,103.1601,102.8251,101.4002,101.1237,100.0050,101.0050,101.4002,104.8093,108.7796,108.1897,112.7874,113.9517,115.3170,113.9517,117.9025,116.4174,117.1751,113.3225,119.3692,117.1751,118.0042,118.0042,112.5789,122.0901,119.5408,121.4331,122.0901,121.4331,124.2779,119.5408,124.0403,123.0813,122.9715,122.0246,120.8305,115.9526,114.9348,112.0089,111.6468,109.4578,104.1729,102.1225,98.0051,94.0053,91.0879,87.1436,85.4751,83.4865,78.9177,79.0759,73.7564,73.7631,0.0000,0.0000,0.0000,0.0000,0.0000,0.0000,0.0000,0.0000,0.0000,0.0000,0.0000,0.0000
1700000026.900000,-60.0,106.0424,106.4049,104.6900,104.6518,105.5509,104.4845,106.6068,109.2016,110.6797,114.0570,116.9701,117.2391,119.0000,118.1186,119.4738,118.5327,118.9664,120.3079,124.3905,120.3038,120.3038,122.5765,117.3882,120.8139,124.6154,126.2894,125.7179,123.6932,125.0040,126.8464,125.3994,126.6254,126.1150,122.1188,125.2996,120.9339,120.0667,116.6190,114.0570,112.8938,109.2016,106.0424,102.4500,99.8248,93.4345,90.5097,89.8053,88.5268,81.3941,80.4301,80.4487,78.2304,0.0000,0.0000,0.0000,0.0000,0.0000,0.0000,0.0000,0.0000,0.0000,0.0000,0.0000,0.0000
1700000026.950000,-59.6,103.8123,99.8248,102.4890,101.4002,101.1237,101.0050,104.1201,105.1713,107.2986,108.6646,115.6244,113.9912,114.1271,116.2497,113.2828,117.7115,114.9348,116.9017,115.3170,117.4777,117.2775,115.9526,117.4777,119.8165,118.1271,117.1751,119.1050,122.0246,122.0246,119.1008,120.2206,122.1843,120.5073,120.0708,119.9417,119.4194,115.3516,115.1086,108.0046,105.0190,108.0741,102.1763,100.4988,94.7629,95.3520,90.4268,88.6454,82.4621,81.3204,79.3788,78.4347,73.5391,0.0000,0.0000,0.0000,0.0000,0.0000,0.0000,0.0000,0.0000,0.0000,0.0000,0.0000,0.0000
1700000027.000000,-63.8,107.3778,105.2236,103.5857,102.6109,105.9481,102.7862,104.7521,105.3091,110.6933,112.2586,114.9478,116.2755,119.0000,117.8346,120.9339,118.3385,118.7266,119.8874,117.0470,118.7266,119.2686,120.3703,119.2812,120.2082,121.4949,120.0000,125.8014,123.2234,124.2779,124.0363,121.7580,122.5887,124.6796,122.4500,125.8968,120.9339,119.4738,115.8706,114.5426,110.6933,108.2682,102.8834,101.8430,95.2103,94.6414,91.2195,88.6454,86.3134,85.9884,82.4924,79.5110,78.0064,0.0000,0.0000,0.0000,0.0000,0.0000,0.0000,0.0000,0.0000,0.0000,0.0000,0.0000,0.0000
1700000027.050000,-62.3,107.1681,105.3850,102.1078,106.7052,103.5857,107.7033,104.4031,108.5035,107.9120,112.1606,114.6342,114.9652,119.9208,119.0126,119.9208,118.9664,123.0041,116.2755,123.0650,120.7684,120.3038,121.6553,115.4123,118.1905,122.6418,124.1692,124.1692,122.6744,125.0320,123.1666,127.9414,124.3382,124.8119,121.8524,121.6306,120.1541,117.1751,115.7670,113.5297,111.5706,106.7333,104.7855,101.4347,98.3107,93.7710,90.3549,90.1388,87.0230,83.0060,82.0061,80.0999,76.5310,0.0000,0.0000,0.0000,0.0000,0.0000,0.0000,0.0000,0.0000,0.0000,0.0000,0.0000,0.0000
1700000027.100000,-64.1,108.2405,104.2929,103.7545,103.0970,102.7035,107.1681,108.0185,108.0000,112.0714,111.1620,116.2755,118.3427,119.4194,118.4230,120.4159,120.0708,121.0620,118.9496,121.6553,120.5073,119.2183,121.6553,119.6829,124.7397,123.0000,122.0246,126.1467,124.9520,126.6965,125.7179,125.6025,127.5774,125.4472,124.1692,123.9113,120.4159,122.3315,116.1077,115.0000,112.0179,109.0183,109.1146,102.3963,100.4988,94.7629,92.3959,91.9837,87.5557,88.0568,83.5225,83.4865,80.7775,0.0000,0.0000,0.0000,0.0000,0.0000,0.0000,0.0000,0.0000,0.0000,0.0000,0.0000,0.0000
1700000027.150000,-57.7,103.2473,102.0441,102.0000,102.9563,101.7890,103.4698,105.4230,108.8531,107.9352,113.3578,112.5389,116.7776,116.0431,117.4564,117.3797,119.5199,119.5199,118.1059,118.8276,117.5160,118.8276,117.5160,119.0042,120.1041,120.5073,121.3796,122.1475,123.9879,124.7397,124.0161,122.4949,123.1666,124.4588,120.9173,121.6306,118.8276,119.6704,115.7454,113.4063,111.0180,109.0413,104.8618,102.6255,97.9439,94.0213,90.3549,89.0000,87.6641,88.0227,82.8734,78.7464,77.6209,0.0000,0.0000,0.0000,0.0000,0.0000,0.0000,0.0000,0.0000,0.0000,0.0000,0.0000,0.0000
1700000027.200000,-61.8,101.9657,100.2247,103.8171,105.6220,103.5809,105.2616,105.9056,108.1897,112.2943,113.0000,116.6190,116.4302,123.4058,122.4091,123.4058,122.1475,120.1041,122.1024,122.1024,123.1016,120.1499,123.0163,119.0042,123.0163,126.0040,124.0161,127.0984,124.0040,127.0000,126.0040,127.0157,127.0630,127.1417,124.3262,124.5793,120.5985,121.0620,117.8855,117.2775,113.5650,108.4159,107.7033,101.6514,98.9798,98.3514,95.6347,89.1572,88.5664,87.6641,85.9593,82.4924,82.4197,0.0000,0.0000,0.0000,0.0000,0.0000,0.0000,0.0000,0.0000,0.0000,0.0000,0.0000,0.0000
1700000027.250000,-63.7,106.3673,104.7855,100.9604,104.9952,102.1812,106.6208,107.3546,111.4136,112.7120,112.8716,118.8486,119.5701,123.7134,121.7580,126.7517,122.3193,124.8519,117.6435,125.8014,123.2234,125.0000,123.4058,123.6932,124.7397,126.2537,128.2225,129.5569,127.0157,129.6341,128.9729,129.3213,130.7287,128.2264,126.8227,126.0159,121.4949,121.7580,120.1083,117.9915,116.9701,110.0591,109.5673,104.6518,102.0441,98.0867,95.2733,91.7606,91.0824,86.3308,86.0233,84.6463,81.3941,0.0000,0.0000,0.0000,0.0000,0.0000,0.0000,0.0000,0.0000,0.0000,0.0000,0.0000,0.0000
1700000027.300000,-63.8,99.2472,98.6002,100.1249,100.7025,101.5972,101.5185,104.7855,108.4620,110.6933,113.8859,114.8260,117.6520,120.2082,120.8056,119.5408,123.9677,121.1652,119.9208,120.3329,120.3329,122.0041,122.2497,119.3315,124.7397,125.1719,123.0000,125.9286,126.6057,126.1467,125.9286,124.1934,127.0945,127.6127,122.8007,124.9200,122.4296,121.6306,117.3882,118.1863,114.5426,110.0182,106.0047,99.8499,98.1122,96.3846,92.1141,92.6553,88.0057,86.2149,84.5044,84.1487,84.2912,0.0000,0.0000,0.0000,0.0000,0.0000,0.0000,0.0000,0.0000,0.0000,0.0000,0.0000,0.0000
1700000027.350000,-60.7,101.6514,101.9804,102.1078,102.4890,104.1201,105.0190,108.0046,111.0721,112.1606,115.4340,119.3399,118.4230,120.7021,123.0447,120.9339,124.6154,123.6285,123.7942,124.3382,125.1319,121.8236,124.7397,121.8072,126.6057,125.9286,125.8769,128.5768,127.1220,129.7575,130.0000,126.6965,129.0736,129.6341,126.1150,127.4245,127.1417,123.6851,119.2686,116.1551,113.1106,112.0045,108.0000,105.0048,102.0784,98.1835,96.4210,96.5194,91.9239,91.4112,89.0505,85.1645,82.2192,0.0000,0.0000,0.0000,0.0000,0.0000,0.0000,0.0000,0.0000,0.0000,0.0000,0.0000,0.0000
1700000027.400000,-62.1,102.9563,100.7025,104.6231,98.4073,104.8904,100.4988,106.0754,108.9036,116.1034,119.0042,117.0342,120.1041,122.7884,125.2517,122.0246,128.0625,118.4061,124.0161,121.6059,122.0041,124.0161,126.6057,125.2078,124.8519,127.6401,125.6423,129.7999,132.8796,127.3146,133.9627,125.0000,129.0155,130.7287,128.4251,128.2225,127.4049,124.5231,120.2414,119.5199,114.1096,114.1096,107.1681,109.6358,101.6071,99.2975,95.9635,95.4149,94.3398,93.4773,86.7640,88.7694,84.4334,0.0000,0.0000,0.0000,0.0000,0.0000,0.0000,0.0000,0.0000,0.0000,0.0000,0.0000,0.0000
1700000027.450000,-64.0,102.0000,101.0198,100.6876,102.2008,102.8251,105.6456,108.9036,111.0180,113.1724,115.3646,120.5073,122.0246,124.3262,121.8236,123.2274,125.6025,125.8014,120.8015,124.2779,124.4026,124.4026,123.1463,123.1463,126.0516,127.0945,127.6245,131.0267,127.9453,131.0267,129.6534,130.6331,130.6331,131.2440,128.2225,127.2006,125.6025,125.1000,121.3796,119.0042,115.3646,113.1724,109.6221,106.0754,102.6499,101.9804,95.4254,96.8298,92.8009,91.2634,88.7525,85.5862,84.0773,0.0000,0.0000,0.0000,0.0000,0.0000,0.0000,0.0000,0.0000,0.0000,0.0000,0.0000,0.0000
1700000027.500000,-54.5,98.1529,98.4124,101.0792,102.0000,101.1781,105.4751,105.8017,108.3420,113.2828,114.3372,115.5206,118.1271,121.0496,123.6932,123.6932,123.9395,123.7619,122.2620,123.6649,123.0813,123.0813,125.5747,124.9200,125.5906,126.5306,127.4716,127.4716,130.9733,131.3202,128.1600,129.6534,128.7051,131.3202,127.8828,129.7575,123.9395,122.2497,120.2206,119.8541,116.2497,113.7453,111.6468,108.3744,105.1190,101.0198,97.0052,94.0000,93.1343,90.1388,90.4489,87.9659,85.1469,0.0000,0.0000,0.0000,0.0000,0.0000,0.0000,0.0000,0.0000,0.0000,0.0000,0.0000,0.0000
1700000027.550000,-61.6,106.9299,103.6195,105.9481,104.6948,107.2007,109.6586,112.1472,115.4123,115.5249,118.6086,122.8007,124.7878,128.4718,125.2557,128.3160,127.0157,127.0039,127.0630,127.0039,125.0160,127.0000,128.0976,128.0156,125.1000,128.0625,122.1024,119.2686,124.3262,122.3315,119.3399,122.0656,122.0164,121.0165,124.0161,124.0040,125.1000,125.2557,125.7816,122.0533,122.4827,117.9576,114.9826,113.5650,107.7079,104.0481,103.3247,97.2677,97.4166,95.8593,95.8541,88.5664,89.4707,0.0000,0.0000,0.0000,0.0000,0.0000,0.0000,0.0000,0.0000,0.0000,0.0000,0.0000,0.0000
1700000027.600000,-61.4,102.0049,102.7278,100.2397,105.5462,103.3683,105.8489,110.7249,113.5473,115.4340,118.2962,122.2620,122.1229,122.0041,124.1934,126.3843,125.1719,126.6965,123.4544,126.6965,127.6754,127.1220,127.6754,126.3012,128.7245,129.2478,128.8914,127.2831,127.2831,126.6965,127.4755,127.3460,126.1269,131.2174,132.5632,132.8533,127.4402,126.4911,122.7762,117.3882,120.4201,114.4945,112.6987,110.5351,105.5888,99.4786,100.4988,97.9081,95.8019,91.8314,91.5478,88.5268,87.0000,0.0000,0.0000,0.0000,0.0000,0.0000,0.0000,0.0000,0.0000,0.0000,0.0000,0.0000,0.0000
1700000027.650000,-61.9,105.1190,100.8018,106.3015,102.6499,106.1037,105.6456,111.6647,112.1606,114.6211,118.4061,126.4002,122.3193,125.6702,123.9758,124.5351,128.2809,125.5388,127.6323,128.8914,129.3754,127.6323,127.9414,129.2517,130.1461,131.0343,129.2517,134.6180,134.6588,131.9280,135.9559,133.7647,136.0000,137.4373,133.7759,130.6981,130.3840,129.7999,126.2458,120.0000,116.0388,117.2902,110.6345,111.1980,106.1037,101.1385,98.9949,97.6729,94.1116,93.7230,92.0054,87.6584,84.9058,0.0000,0.0000,0.0000,0.0000,0.0000,0.0000,0.0000,0.0000,0.0000,0.0000,0.0000,0.0000
1700000027.700000,-63.2,103.3538,102.3963,104.6231,102.2008,102.8251,103.9663,106.7755,108.9312,114.7693,115.5206,119.8541,119.6328,123.2274,122.4418,125.2517,125.0000,124.4026,121.0165,122.3193,122.6418,124.8519,126.7517,126.2458,128.1288,130.5105,130.5105,130.5105,130.6981,132.3065,131.5485,129.7999,129.7999,131.4876,128.2225,129.0155,126.4002,123.2274,122.7884,120.4159,116.1034,113.1371,110.3449,108.2451,101.2373,99.3579,95.6713,94.6414,95.6922,88.8144,85.4400,84.9058,84.0773,0.0000,0.0000,0.0000,0.0000,0.0000,0.0000,0.0000,0.0000,0.0000,0.0000,0.0000,0.0000
1700000027.750000,-64.6,104.5610,100.8960,101.8332,104.0625,103.6195,107.3546,111.4136,111.0180,114.3897,117.4777,123.7134,123.1463,122.5887,122.0369,124.2779,124.4026,123.4058,122.8007,126.8227,128.0625,125.2517,128.0625,124.3262,130.2997,128.9729,128.9729,131.0458,130.3840,133.3042,131.6435,133.0601,133.0601,129.0155,127.2006,128.8099,125.9246,124.8079,119.8874,118.3385,114.6124,110.5351,109.1787,106.4519,106.0236,99.8098,93.7763,92.6984,94.2444,89.8443,88.8876,87.3212,80.8950,0.0000,0.0000,0.0000,0.0000,0.0000,0.0000,0.0000,0.0000,0.0000,0.0000,0.0000,0.0000
1700000027.800000,-62.0,104.0192,105.4751,101.8332,106.3673,104.5610,105.5130,106.6068,110.3857,115.4340,114.9478,120.7021,120.9339,122.6540,122.5765,123.5678,122.6540,124.3382,121.2023,126.5899,125.7060,124.3262,127.4755,125.8968,130.6981,129.6534,129.6534,131.5485,132.9699,132.0984,129.4952,131.0611,132.8345,130.1422,128.8099,129.8653,126.6254,121.8524,119.9708,119.5408,116.3873,111.6826,111.1261,105.5130,100.0200,99.2472,91.5915,94.3663,90.7965,89.5600,89.5600,85.0235,82.0061,0.0000,0.0000,0.0000,0.0000,0.0000,0.0000,0.0000,0.0000,0.0000,0.0000,0.0000,0.0000
1700000027.850000,-58.3,108.4620,105.9481,108.2405,106.3203,107.7079,106.7052,112.0089,111.7587,116.6190,119.2686,122.1475,123.0650,126.0000,127.0039,127.0157,127.0000,127.0984,124.0161,127.0984,127.0630,127.0157,127.0984,126.3210,125.6742,123.5840,126.6689,125.6742,123.6851,122.5887,122.6907,121.1487,122.0656,122.0000,126.0040,126.0040,127.0039,127.0157,123.2599,120.2664,116.7262,111.7587,110.0273,108.3420,103.1601,100.6628,96.5660,94.9210,93.3006,90.4434,87.5957,85.7963,82.7345,0.0000,0.0000,0.0000,0.0000,0.0000,0.0000,0.0000,0.0000,0.0000,0.0000,0.0000,0.0000
1700000027.900000,-61.8,104.8093,103.4650,106.2544,109.0183,104.8904,106.2168,111.7318,114.5862,116.0431,119.0966,121.3796,120.2539,124.0161,122.8007,122.6132,125.0000,124.0363,123.2234,124.8079,126.6057,124.2779,128.4134,126.7793,129.4952,129.4952,129.6534,130.5105,131.8825,130.6981,131.0267,130.0846,132.0606,130.0000,126.4002,127.6127,125.2517,124.0161,119.0966,117.0342,116.0431,113.1724,108.9036,106.0754,100.5684,98.5951,94.6414,92.8009,88.0057,88.7525,86.5332,81.3019,82.7345,0.0000,0.0000,0.0000,0.0000,0.0000,0.0000,0.0000,0.0000,0.0000,0.0000,0.0000,0.0000
1700000027.950000,-63.5,107.0747,102.3963,105.3850,102.8251,105.7213,107.7079,111.3239,112.3610,115.2476,117.0043,121.4331,118.6802,120.9049,120.5529,120.2082,124.4227,119.7748,120.7021,122.6540,121.8524,122.0041,125.9246,125.0040,126.5622,126.5622,128.8099,130.6790,130.6790,128.9496,129.8653,127.7693,130.0346,127.4716,126.8109,127.4873,123.6649,120.3329,119.1008,115.9526,113.7717,110.3177,104.8093,101.7104,97.4166,96.1301,93.0054,90.0056,89.0225,87.1436,83.2166,82.4924,80.4114,0.0000,0.0000,0.0000,0.0000,0.0000,0.0000,0.0000,0.0000,0.0000,0.0000,0.0000,0.0000
1700000028.000000,-59.5,104.1729,105.3850,101.4347,106.0990,102.8397,107.9676,106.3203,108.5035,112.6055,111.4271,114.7693,117.3882,119.5073,118.1863,121.8524,116.7776,123.9072,117.2007,123.8911,118.9622,120.3038,123.8911,119.4738,123.5476,124.9080,124.9080,128.4134,123.8911,129.2942,121.6429,127.0118,127.5343,124.4829,125.5388,123.3694,117.3925,119.8541,114.1797,112.7918,113.0310,103.9423,106.5317,97.0155,96.8762,96.5194,89.2020,90.1998,86.0058,82.0061,78.0064,81.0987,80.3990,0.0000,0.0000,0.0000,0.0000,0.0000,0.0000,0.0000,0.0000,0.0000,0.0000,0.0000,0.0000
1700000028.050000,-62.6,109.3846,104.1777,108.2405,105.0809,108.2589,105.3803,110.7655,110.3676,113.1592,120.3370,118.6086,120.1499,121.1487,120.0667,120.0667,125.0040,118.0678,125.0640,120.2664,125.3236,122.2620,124.5793,125.3236,126.3962,125.3236,124.5793,126.6689,126.7754,122.6907,123.4058,126.2537,128.3160,126.1428,125.1439,122.0164,125.0160,121.1033,116.3486,110.6526,106.7942,110.8873,101.9657,105.9056,94.5410,95.5249,90.4710,88.7694,87.8009,88.5438,83.2166,79.8499,76.4853,0.0000,0.0000,0.0000,0.0000,0.0000,0.0000,0.0000,0.0000,0.0000,0.0000,0.0000,0.0000
1700000028.100000,-57.2,103.0970,103.7545,104.0481,106.7380,102.7862,105.1095,106.6208,107.4244,111.4002,109.1650,114.0614,114.0614,118.9622,116.2970,117.6478,115.7627,120.2206,116.8118,121.4907,118.9832,119.0378,121.7580,116.5032,122.3193,121.7580,122.5887,125.6702,123.1463,124.8079,122.5887,124.8679,123.1747,122.6744,120.3536,120.3536,118.9622,113.7189,110.8603,109.4440,105.6882,100.9009,102.1421,98.0816,96.0469,89.0225,85.9069,82.3772,82.2010,80.5047,79.2275,77.0584,75.0267,0.0000,0.0000,0.0000,0.0000,0.0000,0.0000,0.0000,0.0000,0.0000,0.0000,0.0000,0.0000
1700000028.150000,-64.8,109.4440,107.7033,106.9018,108.4666,105.1095,107.4244,107.3546,110.4762,110.9099,113.2519,117.8346,115.7627,120.7394,119.8874,120.7394,119.5701,123.9758,117.0470,123.1463,121.7580,121.7580,123.1463,119.0378,123.4058,126.4002,125.8014,127.2006,124.2779,127.0630,124.2779,126.7793,126.7793,124.1692,123.5476,121.7087,120.3536,119.4069,114.1271,112.0045,110.8603,104.4031,104.3552,99.9300,96.8401,91.6788,88.2950,87.4757,85.1587,81.8841,80.5047,77.1622,76.0066,0.0000,0.0000,0.0000,0.0000,0.0000,0.0000,0.0000,0.0000,0.0000,0.0000,0.0000,0.0000
1700000028.200000,-64.7,101.3163,101.1237,101.0050,103.0000,100.0450,104.3072,104.6900,105.2236,108.3420,108.5035,112.1784,112.3788,114.7563,113.0310,114.9783,114.0175,114.0175,114.2847,117.1751,115.9483,116.2110,117.1751,114.5600,118.5960,118.5960,117.3414,120.5031,119.3692,118.6802,118.6802,118.1271,119.8541,120.0333,115.1217,115.2606,111.1575,111.0180,107.5639,107.2986,103.0437,99.0051,98.0000,93.0215,89.0505,85.2115,80.3990,83.7257,79.9062,76.1183,75.5050,71.8053,70.2140,0.0000,0.0000,0.0000,0.0000,0.0000,0.0000,0.0000,0.0000,0.0000,0.0000,0.0000,0.0000
1700000028.250000,-62.2,100.5684,99.6394,100.6032,100.2098,97.9439,98.6154,101.5332,100.6231,104.6948,106.0236,108.2589,110.1681,109.2520,111.2340,112.1606,111.0721,112.3610,108.2682,111.0000,111.0000,111.3283,113.5297,109.7315,114.2847,113.8859,113.8859,114.5600,113.8420,115.7411,114.1622,115.1694,114.2322,114.5862,110.8603,110.1681,108.2589,107.3546,102.4744,103.2473,98.2700,94.8736,93.7443,90.8020,87.2009,82.4621,80.2808,77.3369,75.0733,72.1388,69.3542,70.9366,67.2012,0.0000,0.0000,0.0000,0.0000,0.0000,0.0000,0.0000,0.0000,0.0000,0.0000,0.0000,0.0000
1700000028.300000,-58.9,100.7224,98.3870,99.8098,101.2373,100.3045,98.9798,101.9215,101.9215,102.1078,106.5129,109.4440,110.0227,110.0227,110.8197,110.0227,113.1371,110.0273,110.0273,111.0180,113.0000,111.4630,113.7453,112.7519,115.2779,114.7388,112.6410,114.6298,114.7388,113.9912,116.1077,113.4372,115.9181,112.1784,110.8558,111.0856,108.4159,108.2405,103.4456,101.1929,96.7988,96.0052,91.0000,89.0505,84.5281,82.7345,77.5242,77.6981,74.9466,73.4983,70.2140,70.0000,66.6033,0.0000,0.0000,0.0000,0.0000,0.0000,0.0000,0.0000,0.0000,0.0000,0.0000,0.0000,0.0000
1700000028.350000,-61.7,105.4182,100.1249,105.2616,100.8018,103.1746,99.8599,105.3091,106.4706,107.3546,109.5901,112.2586,112.3076,113.3181,113.7189,113.3181,116.0776,114.9478,112.9248,114.2322,114.5862,114.2322,117.0470,114.4902,116.0905,116.0560,117.0043,118.2709,119.2686,117.3925,118.3300,115.6936,116.0776,116.8674,113.2166,113.1592,111.3643,107.9120,104.9571,101.5480,98.7370,98.0051,94.2019,91.8314,86.6833,85.9128,80.7217,80.6598,75.6637,72.8629,71.5891,69.5270,67.2012,0.0000,0.0000,0.0000,0.0000,0.0000,0.0000,0.0000,0.0000,0.0000,0.0000,0.0000,0.0000
1700000028.400000,-60.9,102.1078,97.6729,100.4390,98.7168,99.7246,98.0306,97.4987,102.1567,103.8701,103.7882,109.2520,108.6876,111.8034,111.3643,110.9099,111.8258,107.8239,108.2405,110.2769,109.0780,110.2769,112.3610,109.4166,112.3610,111.6468,112.3610,112.0580,114.3897,111.6468,110.2769,108.3005,113.2519,111.3643,106.8878,109.1650,106.2309,104.7521,101.2423,99.9300,94.2550,91.9239,91.4440,87.3212,82.7647,80.6040,76.9415,75.9539,74.3303,70.2567,67.0298,67.0075,66.0303,0.0000,0.0000,0.0000,0.0000,0.0000,0.0000,0.0000,0.0000,0.0000,0.0000,0.0000,0.0000
1700000028.450000,-62.3,101.7104,98.6154,99.1262,99.1262,96.0000,98.0459,99.2472,101.4938,104.6900,104.8093,109.3298,109.0413,110.0227,110.0227,108.8531,110.8558,110.1136,110.2180,110.1136,110.1136,110.1136,111.3239,106.4800,109.7679,109.2016,112.3610,112.0892,111.5706,112.5389,110.3540,109.8818,112.1784,110.8197,109.1787,108.1897,105.0762,103.4843,99.2472,96.0469,94.0000,91.0000,89.0056,85.1469,83.2166,80.2247,74.6726,74.8131,72.1803,70.6116,67.9117,66.9403,64.5601,0.0000,0.0000,0.0000,0.0000,0.0000,0.0000,0.0000,0.0000,0.0000,0.0000,0.0000,0.0000
1700000028.500000,-58.3,101.1385,98.2700,101.4347,99.2975,98.7320,98.3260,101.1237,100.0000,103.0049,105.0190,105.0428,105.1190,108.1665,107.1681,107.2287,110.5486,109.6586,108.5587,109.0367,108.0463,108.7796,109.3298,109.1787,111.3059,110.3177,110.3177,111.3059,111.0180,111.1575,110.3177,110.6526,109.6586,108.2959,108.2266,105.1713,107.0187,103.0000,98.0459,96.1873,94.3398,91.5478,88.6848,86.3134,82.3772,77.4661,76.9025,76.1577,73.7631,68.6222,66.8506,66.1287,62.1691,0.0000,0.0000,0.0000,0.0000,0.0000,0.0000,0.0000,0.0000,0.0000,0.0000,0.0000,0.0000
1700000028.550000,-64.7,103.1213,103.0049,102.0441,104.1729,101.4938,102.7035,105.5462,103.9423,109.2383,104.7855,110.6345,110.6029,113.7585,114.2847,115.5206,111.9732,113.8420,111.0180,112.8938,114.4902,113.8420,114.1622,110.3857,115.6936,114.4902,117.3243,117.7455,114.4902,117.3243,111.9464,115.1347,114.8434,114.4771,110.8558,112.8051,109.2383,107.5174,102.9563,103.4843,102.3963,97.1854,97.1288,89.0225,88.0227,84.0536,80.1561,77.1622,77.5242,72.8354,72.0069,69.0507,68.6804,0.0000,0.0000,0.0000,0.0000,0.0000,0.0000,0.0000,0.0000,0.0000,0.0000,0.0000,0.0000
1700000028.600000,-58.9,99.4887,97.4166,98.4733,95.4149,97.6166,96.6488,96.6023,98.4124,100.3195,104.5466,106.4049,106.2826,107.2241,105.6220,107.2241,110.0636,106.6068,107.2054,105.7733,105.7733,106.3203,108.6692,105.7733,109.8818,110.8558,109.1421,110.6345,111.5706,110.1136,111.8258,107.2800,110.4400,107.5639,106.5692,105.3423,105.6882,102.6937,99.3177,95.7079,94.8262,92.1792,90.0500,86.6083,80.9938,81.2711,75.2130,75.2130,72.6223,71.2180,68.8840,68.6222,64.3817,0.0000,0.0000,0.0000,0.0000,0.0000,0.0000,0.0000,0.0000,0.0000,0.0000,0.0000,0.0000
1700000028.650000,-58.2,106.0000,103.0437,107.3778,101.5972,105.2236,99.2975,104.7855,105.9906,106.7380,110.8603,110.8603,111.6826,114.8434,112.2720,111.6826,116.3787,110.4943,115.1694,113.6530,115.8792,111.7900,115.1564,115.6936,113.3181,115.6936,113.3181,116.8674,120.1541,115.1564,119.2309,112.6055,115.1694,116.0560,111.9732,112.9292,113.5077,106.7333,104.9238,103.5761,98.9949,98.9949,93.6483,97.5141,86.1452,85.0235,81.0062,80.0062,77.0260,77.1622,76.5310,70.0357,68.6586,0.0000,0.0000,0.0000,0.0000,0.0000,0.0000,0.0000,0.0000,0.0000,0.0000,0.0000,0.0000
1700000028.700000,-58.8,99.7296,96.2549,99.1615,97.1442,98.3717,97.5295,97.7446,97.8621,100.8067,102.5914,103.4070,102.9563,106.7942,105.9292,102.8251,105.5746,105.3850,105.3850,107.2986,107.2986,107.2287,107.2287,106.2309,108.0417,110.0727,108.0417,108.0741,108.2266,108.1665,110.1635,108.5587,110.6526,108.7796,105.9292,104.7378,104.5610,103.3683,99.9250,97.2677,94.2550,92.9731,89.1964,90.2497,83.7735,80.1124,77.3886,76.0263,72.9452,72.5603,72.4017,69.0652,66.2193,0.0000,0.0000,0.0000,0.0000,0.0000,0.0000,0.0000,0.0000,0.0000,0.0000,0.0000,0.0000
1700000028.750000,-62.7,106.8925,102.5280,103.0776,103.4698,103.7545,103.8316,104.8093,105.1523,107.3778,108.7244,113.4637,111.6065,112.2007,111.4002,112.2007,114.3372,110.8873,111.5213,112.0446,112.8051,111.5213,114.1096,113.2784,113.1371,113.1459,113.1459,115.9741,116.0000,116.0000,115.9741,114.0219,114.1096,114.3372,114.0175,112.2007,112.6144,108.8118,106.7802,103.1746,100.4988,97.2471,94.8947,94.4140,88.1419,86.8159,81.9390,80.7775,79.7120,79.3788,76.5376,73.7631,72.5672,0.0000,0.0000,0.0000,0.0000,0.0000,0.0000,0.0000,0.0000,0.0000,0.0000,0.0000,0.0000
1700000028.800000,-63.7,103.7882,104.2017,104.8093,104.9571,101.5480,103.2279,104.4031,106.2121,107.9352,109.2245,112.6987,110.3902,111.8660,113.8991,113.8991,111.0721,112.5389,110.3449,112.8051,114.1096,112.6099,112.8051,112.6987,115.1086,114.3372,113.8508,115.4210,115.4210,116.6619,115.4210,114.6342,115.6244,114.1096,113.2784,112.5389,111.7229,111.0180,106.2168,102.8251,102.3035,97.4526,96.0469,92.4175,90.6973,85.1469,84.0595,81.9878,80.2621,76.4853,75.6439,75.3923,73.6817,0.0000,0.0000,0.0000,0.0000,0.0000,0.0000,0.0000,0.0000,0.0000,0.0000,0.0000,0.0000
1700000028.850000,-59.6,106.2309,103.3151,104.3168,103.4456,104.6231,102.3426,103.6002,105.4230,107.4477,110.1136,109.9864,111.8660,109.7133,112.4500,112.4500,112.4322,109.6221,111.7229,109.7133,111.1980,110.3902,114.1096,112.6099,111.5213,115.1086,115.1086,118.2286,115.8836,113.4548,115.1086,112.6987,114.0219,114.0219,111.0721,113.1371,111.0180,109.7133,106.4049,104.4845,100.8960,96.8298,95.4411,95.4411,89.3085,86.2670,83.2166,84.2199,80.0625,78.2624,76.0592,75.3923,72.1249,0.0000,0.0000,0.0000,0.0000,0.0000,0.0000,0.0000,0.0000,0.0000,0.0000,0.0000,0.0000
1700000028.900000,-63.8,98.3107,99.0404,97.2677,96.8401,96.1665,96.4624,97.4987,100.4639,101.6366,102.0441,101.5529,104.2017,105.0952,103.8316,103.3538,105.3091,101.8725,104.4462,102.0833,104.8475,102.6255,104.8618,103.7304,106.4002,106.0189,107.4151,109.2016,108.0046,106.8316,106.6068,106.5082,107.0747,107.9120,103.7738,105.8159,101.2126,100.2397,98.4124,95.7549,93.5201,93.2309,87.8465,88.6002,83.4865,81.2711,79.4040,75.4321,77.1298,74.5252,72.0069,69.5845,70.1142,0.0000,0.0000,0.0000,0.0000,0.0000,0.0000,0.0000,0.0000,0.0000,0.0000,0.0000,0.0000
1700000028.950000,-60.7,102.8834,103.4070,100.6578,101.9510,98.4886,101.9657,101.0742,102.0833,104.9571,104.1009,106.7802,104.8618,108.4666,107.8981,110.4355,106.4002,109.4029,106.4002,109.4806,106.8270,106.2121,107.9352,106.6677,109.0413,111.2879,109.7133,113.2784,109.2245,112.6987,108.5772,111.5213,110.8873,109.0183,109.4029,108.4666,104.6231,104.3072,100.4988,99.9850,99.2975,93.9149,93.0376,90.4710,86.1626,83.8153,80.9938,79.3788,77.2010,75.6902,75.7100,74.1485,71.3442,0.0000,0.0000,0.0000,0.0000,0.0000,0.0000,0.0000,0.0000,0.0000,0.0000,0.0000,0.0000
1700000029.000000,-61.6,106.1037,102.9417,101.8283,101.4002,101.5135,101.7890,105.4751,103.5857,105.1903,107.9120,108.7060,108.2405,109.5901,106.4519,109.5901,110.1681,109.0046,108.4620,108.6324,109.3846,105.7024,109.5628,109.0046,109.4440,108.1665,109.4440,112.3610,112.3610,112.3610,114.0175,112.4011,111.4854,111.4002,109.1284,108.2405,108.7060,105.1903,101.2423,100.4042,96.6075,96.8349,92.2009,93.2363,87.9659,84.8999,82.0366,79.2086,80.6226,77.3369,75.4321,72.8011,69.6419,0.0000,0.0000,0.0000,0.0000,0.0000,0.0000,0.0000,0.0000,0.0000,0.0000,0.0000,0.0000
1700000029.050000,-61.9,104.7378,97.6217,97.3293,101.5972,99.2472,102.0784,102.0049,101.0792,100.1798,106.1697,106.7942,105.6835,105.6835,106.0660,107.9120,109.0367,102.5914,106.0660,104.0481,102.3914,98.4784,108.1712,104.5610,107.9352,105.9906,107.7079,107.9352,109.6586,105.9906,112.8051,105.7592,110.2180,112.1784,107.5174,111.0180,106.3015,101.2423,101.0198,99.0808,90.0056,94.0000,91.0055,90.1998,81.3019,79.2275,81.0494,79.2465,79.4292,75.4321,73.6817,66.4831,70.2140,0.0000,0.0000,0.0000,0.0000,0.0000,0.0000,0.0000,0.0000,0.0000,0.0000,0.0000,0.0000
1700000029.100000,-62.3,110.0409,103.3102,105.9292,103.8171,104.9238,101.1187,101.8676,104.8093,104.8093,110.0636,104.6948,105.6220,111.0000,108.6324,107.3359,109.3846,107.3359,109.9318,106.9299,105.7024,105.1190,106.4519,106.8878,108.7060,108.2266,104.6518,108.2266,110.0227,107.3313,112.6987,105.9906,109.3846,109.9318,107.3359,106.2544,108.1573,105.3043,100.9604,101.6366,97.7446,97.6729,91.7823,90.2552,85.3756,88.6848,80.0999,80.2247,79.0569,74.0000,72.0278,72.2496,70.8590,0.0000,0.0000,0.0000,0.0000,0.0000,0.0000,0.0000,0.0000,0.0000,0.0000,0.0000,0.0000
1700000029.150000,-64.0,101.8332,101.2126,95.8019,97.0052,100.4390,98.1835,100.4042,97.6166,98.1122,100.1699,101.1187,105.5509,105.5509,102.8591,100.6479,103.0776,104.3887,103.4698,98.7927,108.6324,99.5389,106.0424,106.0424,106.2544,103.4070,105.0048,103.4070,104.0625,107.8378,103.0776,105.4751,107.9352,106.0236,99.3177,104.2017,100.6231,103.3102,93.8136,96.3846,92.6553,92.3580,88.2327,85.2760,86.0523,80.8084,78.5684,75.6902,74.2496,72.9178,72.6223,68.0074,68.0955,0.0000,0.0000,0.0000,0.0000,0.0000,0.0000,0.0000,0.0000,0.0000,0.0000,0.0000,0.0000
1700000029.200000,-65.8,104.2929,101.7890,103.5857,99.9850,102.4207,99.2824,101.7693,100.6578,102.1812,105.0048,107.2241,105.3613,107.2054,105.6504,106.0424,107.9352,105.5367,104.5610,104.7378,106.5317,106.7052,106.3673,104.5610,108.3420,107.5174,108.3420,108.6646,109.0367,109.0367,109.0367,108.6738,109.6586,108.2589,104.3456,105.7592,103.3247,104.4031,100.5684,95.8593,94.2444,93.9840,91.0000,86.8159,83.1926,82.7345,78.2943,77.4145,73.9256,74.9466,73.6003,69.5270,68.6222,0.0000,0.0000,0.0000,0.0000,0.0000,0.0000,0.0000,0.0000,0.0000,0.0000,0.0000,0.0000
1700000029.250000,-60.4,102.5329,97.0000,100.0050,98.0816,97.8008,96.6075,98.1835,97.0979,99.1262,99.8499,101.5332,102.8591,105.1190,102.4158,101.9657,105.1903,101.6366,100.3195,101.5923,102.6937,99.9250,104.1777,102.1812,103.4070,104.3552,103.0922,104.3552,107.2241,105.0048,105.1095,102.3181,104.0000,104.3887,101.1336,100.6479,100.1848,100.1848,96.2549,95.0158,90.7359,89.0505,84.8764,85.0000,80.6040,76.6942,73.6614,75.0067,72.8354,70.7248,68.0147,66.8431,65.2150,0.0000,0.0000,0.0000,0.0000,0.0000,0.0000,0.0000,0.0000,0.0000,0.0000,0.0000,0.0000
1700000029.300000,-61.7,100.2247,99.6895,96.8401,100.0000,95.5196,96.7988,97.6934,98.4886,97.9898,97.0464,100.6231,100.6479,102.4744,101.5972,102.5768,102.5768,102.3963,99.1262,104.6231,101.2423,101.2423,99.8599,98.7370,103.8123,102.0784,103.4698,103.4698,102.3426,104.8618,102.0833,104.9571,102.3963,103.0776,99.3630,98.8838,97.9490,97.9898,94.1541,92.1141,91.7606,86.6487,87.2812,82.2800,80.5233,77.8781,72.1803,73.3485,71.5681,68.3593,67.1193,66.0000,65.0692,0.0000,0.0000,0.0000,0.0000,0.0000,0.0000,0.0000,0.0000,0.0000,0.0000,0.0000,0.0000
1700000029.350000,-62.8,99.6092,99.9850,98.4784,97.4936,95.5667,96.0469,96.4624,94.2550,100.2447,98.3514,101.5923,100.4639,103.0776,100.7224,101.2373,99.3177,99.3177,98.4124,102.8591,101.5332,101.5185,100.1848,97.9490,102.5768,102.5768,99.8499,102.4744,102.0000,104.2353,102.0000,102.8591,102.4597,103.4698,99.5389,98.7927,97.4987,97.7394,94.2550,90.2497,89.7385,87.3212,86.1220,81.3941,78.7718,74.4312,73.3348,72.1110,70.0286,68.0000,66.0303,64.1950,62.8013,0.0000,0.0000,0.0000,0.0000,0.0000,0.0000,0.0000,0.0000,0.0000,0.0000,0.0000,0.0000
1700000029.400000,-60.7,102.4500,98.6002,99.8649,96.5194,97.4166,94.5145,96.6488,95.2733,98.8989,98.4886,100.8464,99.7246,102.5280,102.7862,102.1812,102.1421,101.2423,99.6243,100.8960,102.8834,100.6876,100.8960,98.7168,103.3683,101.4150,101.4150,103.1601,103.5857,103.5857,101.6366,101.3903,104.5466,102.6158,101.5332,100.5783,97.7394,95.8593,93.4077,94.1541,90.3770,87.6584,84.1190,81.0062,77.5242,77.1751,72.9452,71.2811,70.2140,67.0075,66.0681,64.4438,62.2896,0.0000,0.0000,0.0000,0.0000,0.0000,0.0000,0.0000,0.0000,0.0000,0.0000,0.0000,0.0000
1700000029.450000,-61.3,106.1744,102.9563,105.0952,101.5185,103.0776,99.9250,101.8430,100.8811,103.4456,104.1201,106.7380,105.0190,105.7592,105.7592,103.8123,109.2383,104.7378,107.8703,107.3546,107.5174,106.3673,104.0865,105.9292,106.6771,107.9120,106.6771,108.9036,108.0463,108.0463,108.5035,104.7378,107.8703,107.7079,105.0190,103.3247,105.0809,103.1601,97.7394,95.2733,91.0000,92.3093,87.7269,88.1192,81.8841,79.7559,77.1751,74.3303,71.8471,73.6003,69.5270,66.6033,64.3817,0.0000,0.0000,0.0000,0.0000,0.0000,0.0000,0.0000,0.0000,0.0000,0.0000,0.0000,0.0000
1700000029.500000,-59.8,106.8316,106.7942,101.8627,104.8904,100.8960,105.6030,101.4002,102.0784,105.3945,102.7278,107.7033,106.1744,107.8239,106.4706,111.5079,105.9906,109.5901,101.5185,106.4519,106.4519,105.9906,108.7474,103.8701,106.7755,108.6324,109.5628,112.0045,107.5407,109.0046,104.9238,110.0727,109.1650,108.2405,104.7091,104.3168,101.2126,101.2126,96.7988,97.0824,96.6075,87.8009,89.6437,87.2066,83.5464,79.2086,75.6902,75.6902,75.0733,70.1783,71.2180,66.4003,66.0379,0.0000,0.0000,0.0000,0.0000,0.0000,0.0000,0.0000,0.0000,0.0000,0.0000,0.0000,0.0000
1700000029.550000,-62.9,100.4490,92.9624,101.1385,91.2140,98.6712,89.4930,93.4077,93.7763,95.3415,99.8098,99.7447,100.6231,99.2975,98.4124,94.4140,101.8725,94.3398,101.8725,94.8736,99.3227,98.6154,99.0202,99.8599,99.0454,98.4733,96.2601,97.4166,103.2279,94.6256,104.0433,95.7183,99.3227,98.2700,97.6166,96.6488,98.4124,93.9149,91.3893,87.8465,81.9329,86.1626,79.7120,82.8613,73.2462,71.3092,70.6116,68.8840,66.9104,68.4690,64.1950,61.0737,57.0351,0.0000,0.0000,0.0000,0.0000,0.0000,0.0000,0.0000,0.0000,0.0000,0.0000,0.0000,0.0000
1700000029.600000,-59.6,112.0179,112.0045,108.0185,113.1106,107.2287,109.0367,108.0463,106.5317,109.8362,107.4895,112.5389,113.3225,113.8859,112.6410,116.4818,109.7679,113.8420,109.7315,114.1622,112.0089,112.0089,113.8859,109.0046,112.8051,114.2366,114.6342,114.2366,110.8603,117.0000,111.2340,116.1077,113.8859,113.5297,111.6826,111.4002,105.3613,104.5466,105.9906,101.9804,102.4207,93.7710,94.6414,90.3549,88.2043,81.0555,80.0062,79.0000,76.0592,74.0608,74.2428,71.4493,67.0820,0.0000,0.0000,0.0000,0.0000,0.0000,0.0000,0.0000,0.0000,0.0000,0.0000,0.0000,0.0000
1700000029.650000,-62.7,99.8098,95.0789,98.0816,93.3006,94.8683,91.7606,95.0789,93.3916,95.3415,96.5091,98.6560,99.2975,99.1413,95.7549,95.1893,99.6092,97.5141,97.4166,97.1854,99.4082,97.4166,97.1854,98.1835,100.0450,98.0816,99.0454,98.0816,100.1249,98.1275,101.1781,98.4124,98.6154,97.8673,98.1529,94.5410,94.7259,93.1719,89.9889,87.3613,82.5651,85.7030,79.7120,81.1542,75.6439,72.0139,70.2353,68.4763,65.3682,66.0379,62.4260,60.0000,58.0517,0.0000,0.0000,0.0000,0.0000,0.0000,0.0000,0.0000,0.0000,0.0000,0.0000,0.0000,0.0000
1700000029.700000,-59.7,108.2081,103.9471,104.1393,103.4795,102.9417,103.0049,102.6499,103.1746,105.3945,106.0000,108.9082,108.3005,107.8239,108.2266,108.7060,107.7868,106.0236,105.6030,109.2520,107.5407,104.3887,107.1541,107.7033,107.5639,108.5035,108.6324,107.5639,109.2016,108.5035,108.2682,108.0787,109.3846,106.5129,106.0236,105.1190,104.6518,100.6479,99.4786,96.8969,94.8736,91.2634,89.0505,85.8021,81.2158,80.2808,75.2861,75.7430,72.1388,70.0357,69.3542,66.8431,63.8201,0.0000,0.0000,0.0000,0.0000,0.0000,0.0000,0.0000,0.0000,0.0000,0.0000,0.0000,0.0000
1700000029.750000,-61.8,103.8123,102.2008,100.7671,101.4150,98.3514,99.7647,98.3107,99.0353,101.1385,101.5332,101.6710,104.0192,104.8093,105.6030,107.0047,103.8123,104.6231,102.4158,104.2929,104.2929,104.4031,104.8618,102.0784,104.9571,105.6882,106.5317,107.9120,106.2309,106.2309,105.1190,105.4372,104.4031,104.8093,103.0776,103.5857,97.7446,97.6729,94.7629,94.7629,90.6090,87.2066,87.9659,82.6196,80.2122,75.4520,72.9452,74.9466,70.3278,68.0000,65.7419,64.8845,62.2977,0.0000,0.0000,0.0000,0.0000,0.0000,0.0000,0.0000,0.0000,0.0000,0.0000,0.0000,0.0000
1700000029.800000,-62.5,107.9352,106.0236,101.5332,102.8834,103.9423,101.5480,101.2423,102.4158,103.4698,104.0192,106.8270,107.2986,108.5772,108.4666,108.4666,106.9626,106.2168,104.8046,106.1037,106.0754,106.1508,108.2451,105.3803,107.5174,106.0754,106.0754,108.1897,106.7942,106.7942,107.5174,106.1508,106.8878,106.3015,104.3504,104.8093,102.8008,101.0198,99.5691,98.7927,92.4392,90.3549,86.7698,85.9069,81.4371,78.9240,76.3217,73.6817,71.1688,68.9638,65.9697,68.4471,64.3817,0.0000,0.0000,0.0000,0.0000,0.0000,0.0000,0.0000,0.0000,0.0000,0.0000,0.0000,0.0000
1700000029.850000,-62.8,113.7453,110.5486,110.1635,110.1136,110.0000,109.0183,110.1635,109.2245,110.2905,109.5536,113.6354,114.4246,114.4246,114.7563,115.4123,114.7563,114.7563,111.4002,112.0580,113.0310,111.4002,113.2652,111.0856,113.0531,115.9483,114.2847,117.4436,116.2110,114.0175,114.2847,115.2085,115.9526,112.1784,110.4762,111.1575,109.3298,107.7868,103.4843,99.2472,101.0445,98.0051,94.0000,91.0220,88.0511,84.2912,80.3990,79.6304,78.7718,74.1485,71.5891,71.0634,68.6222,0.0000,0.0000,0.0000,0.0000,0.0000,0.0000,0.0000,0.0000,0.0000,0.0000,0.0000,0.0000
1700000029.900000,-59.6,109.5536,101.3558,105.1903,101.5332,106.4519,100.6479,103.4650,102.5280,105.0048,107.9120,109.2016,108.1665,108.7842,107.5174,105.3613,109.6358,105.2616,109.6358,104.5610,108.6830,105.7592,106.3015,105.5367,107.2800,107.7079,105.5367,107.2800,109.1421,104.3456,113.5650,105.7733,108.6692,106.7380,105.3613,103.4070,107.9120,103.0776,98.8989,96.1509,91.2360,93.4773,86.3539,89.1852,82.1523,80.4550,77.1038,73.0069,73.4098,72.9178,68.5930,67.1789,63.7809,0.0000,0.0000,0.0000,0.0000,0.0000,0.0000,0.0000,0.0000,0.0000,0.0000,0.0000,0.0000
1700000029.950000,-58.1,108.0741,106.3015,105.4182,104.0048,101.8332,103.3247,104.0625,103.5857,104.3504,105.4230,108.6002,106.2544,109.2886,107.3359,108.4666,109.0000,109.2932,107.0701,108.7566,107.6151,108.1665,107.9120,105.8159,108.3005,108.7842,109.2749,107.5407,111.3059,110.7881,108.0463,109.0000,110.1136,109.6221,105.6030,104.8093,104.0192,100.8960,98.4937,96.2601,94.0479,91.2195,88.4590,87.1149,82.4621,80.6040,75.4520,74.0608,72.7186,71.0211,68.9638,67.1193,63.5610,0.0000,0.0000,0.0000,0.0000,0.0000,0.0000,0.0000,0.0000,0.0000,0.0000,0.0000,0.0000
1700000030.000000,-62.1,108.4066,105.8915,104.9952,105.5509,103.2473,101.1187,105.4751,104.8046,104.9952,106.5270,109.3435,108.8531,107.6151,109.2016,108.4066,109.2886,107.8981,106.2544,106.2309,107.8981,107.8981,107.6151,107.6151,107.3778,109.2932,108.2266,110.6752,109.8362,107.6151,110.1363,106.8316,106.8316,107.8007,106.8270,106.0424,104.3504,99.8248,98.3107,97.6217,95.5249,92.0217,88.6172,87.4586,82.6196,79.4040,77.9359,73.4983,74.4312,71.6938,68.8840,67.5426,65.7875,0.0000,0.0000,0.0000,0.0000,0.0000,0.0000,0.0000,0.0000,0.0000,0.0000,0.0000,0.0000
1700000030.050000,-59.8,108.4666,101.3903,107.8564,102.2008,106.5692,98.4327,104.0000,105.7024,105.5509,109.1650,107.7868,109.5673,109.5901,108.7060,107.8239,113.3711,104.4462,110.6391,105.8159,110.7881,105.3091,108.7566,109.2932,108.1665,107.6151,108.4528,109.8362,113.2078,106.5317,112.3610,104.9571,109.6586,110.0591,105.9906,105.5509,106.0236,100.3195,99.5389,96.7988,91.7061,94.8683,85.4400,89.7385,80.2808,80.4114,74.8131,73.8241,73.6817,74.3303,71.0282,68.0074,65.0692,0.0000,0.0000,0.0000,0.0000,0.0000,0.0000,0.0000,0.0000,0.0000,0.0000,0.0000,0.0000
1700000030.100000,-62.5,114.0395,110.1635,112.2853,109.6586,110.1681,108.8531,109.0413,108.1712,112.5389,112.0892,113.8859,114.7911,118.5960,114.7911,115.1086,117.3925,112.1606,113.8464,112.4011,114.2366,114.2366,115.0391,112.8051,114.9348,116.2755,116.2755,117.1708,116.7305,116.7305,114.9348,113.3181,116.8674,116.0776,113.8859,112.0089,111.4271,109.4440,104.9952,103.8460,99.4585,96.3172,93.1719,92.3959,86.3134,84.7172,80.3057,79.2275,79.2275,76.1643,75.0000,71.0282,70.1783,0.0000,0.0000,0.0000,0.0000,0.0000,0.0000,0.0000,0.0000,0.0000,0.0000,0.0000,0.0000
1700000030.150000,-58.7,104.7855,101.6366,103.2473,101.2423,102.4597,99.7246,100.6628,101.4150,103.9423,103.7545,104.2353,103.9471,105.8017,105.5746,105.8017,105.3850,105.2331,103.3102,104.0433,104.0433,106.0754,104.0048,103.0194,104.0192,105.0048,106.0000,106.0189,106.0047,105.0048,105.0190,105.0190,106.0754,105.1190,102.3132,103.3102,99.3227,99.6092,96.0260,94.2019,92.5743,89.0505,86.3481,84.6463,80.3617,77.4919,73.3757,74.0000,71.3092,70.7743,68.0294,66.2420,63.8122,0.0000,0.0000,0.0000,0.0000,0.0000,0.0000,0.0000,0.0000,0.0000,0.0000,0.0000,0.0000
1700000030.200000,-63.9,114.6211,110.4355,113.7409,111.1395,110.6391,107.8239,111.3598,110.4943,112.1606,112.9248,113.8464,113.8464,117.3925,116.4560,115.5206,118.5960,113.5297,114.7911,114.4814,113.8859,113.8859,114.5600,112.9292,116.9145,117.4436,114.0175,117.1751,114.5600,116.4818,116.4818,115.1086,117.9534,114.8260,111.4271,112.1606,110.5712,106.8878,103.8316,103.8316,99.4786,97.9439,93.8136,92.0869,85.2115,85.8021,81.8352,78.8733,77.9872,75.0067,74.2765,73.1095,70.2140,0.0000,0.0000,0.0000,0.0000,0.0000,0.0000,0.0000,0.0000,0.0000,0.0000,0.0000,0.0000
1700000030.250000,-59.9,113.0044,113.4063,114.1096,110.6345,111.1261,111.0360,110.3177,111.1261,113.9517,114.1096,116.2755,117.7964,115.8836,116.6619,116.6619,116.6062,116.6062,113.6002,116.2497,115.4340,114.6211,115.4340,112.3299,115.6633,113.7189,117.3243,117.3243,116.8289,117.3243,115.4340,114.6211,117.0043,116.0388,113.7014,112.0446,109.0413,108.3005,104.6900,103.3925,99.9050,97.3088,94.4934,92.4554,86.8389,85.1469,81.5414,79.9250,77.8974,76.5376,72.9178,73.0069,72.4224,0.0000,0.0000,0.0000,0.0000,0.0000,0.0000,0.0000,0.0000,0.0000,0.0000,0.0000,0.0000
1700000030.300000,-61.4,104.2017,100.2247,100.8464,100.4639,99.0202,97.7190,97.8008,99.9250,100.8960,102.8397,105.0190,104.5610,104.1393,102.9612,102.9612,106.3673,102.2595,102.4207,102.2595,103.8171,102.8251,102.8251,101.7104,103.5857,103.8171,102.8251,103.5857,105.6835,103.8171,102.8251,102.5914,104.2353,104.7378,101.9804,100.2247,99.6895,97.8008,92.3580,90.8240,91.7606,87.4643,83.3847,80.9568,78.2624,76.0263,72.9452,72.5603,71.0211,68.2422,67.2012,64.6607,63.7024,0.0000,0.0000,0.0000,0.0000,0.0000,0.0000,0.0000,0.0000,0.0000,0.0000,0.0000,0.0000
1700000030.350000,-61.6,108.0417,101.2423,104.8093,101.8332,102.2595,98.4784,101.8676,101.3903,103.1601,106.0424,107.2800,107.2800,107.2054,106.5692,105.0048,109.0046,104.9238,105.4751,105.1903,107.3546,105.1903,106.8878,106.1037,106.8878,106.0236,107.3546,106.4378,108.2266,104.2017,108.6738,105.1903,107.3546,105.7024,104.9238,104.9238,102.5280,101.1929,94.9210,94.1116,89.9889,91.6788,86.5852,86.3134,80.0625,78.2624,73.6817,74.4312,71.3442,70.0643,68.0074,66.0681,65.1920,0.0000,0.0000,0.0000,0.0000,0.0000,0.0000,0.0000,0.0000,0.0000,0.0000,0.0000,0.0000
1700000030.400000,-63.6,106.0424,104.0000,104.0192,102.0784,103.3102,101.4938,102.1078,104.3935,104.3935,104.7378,106.3015,106.5129,107.2800,108.6830,105.7592,108.1712,106.0424,106.0424,104.8093,107.2800,105.7733,107.8564,106.3203,106.8925,107.2054,104.0433,108.4666,109.4166,107.0047,108.1573,106.4800,106.2309,105.5367,105.1190,102.7716,100.4490,99.1413,97.6217,95.3363,91.1373,91.0494,86.0233,87.0000,79.0063,78.0577,74.1687,74.4312,73.6817,70.8590,68.8840,66.9403,65.4599,0.0000,0.0000,0.0000,0.0000,0.0000,0.0000,0.0000,0.0000,0.0000,0.0000,0.0000,0.0000
1700000030.450000,-60.3,107.0420,103.3538,103.7545,104.2785,101.2373,101.5923,104.0625,104.0625,103.1601,106.3203,108.6692,109.1421,108.4666,107.2800,107.4895,107.6894,106.7052,105.7213,106.0660,109.1787,105.3803,105.9292,104.9381,108.3744,106.7942,108.5587,108.5587,108.5587,106.5692,108.5587,106.0660,106.3673,106.7052,104.1393,102.9612,103.3683,101.6366,95.0789,93.9628,90.7579,90.4434,85.0941,85.6154,82.6378,78.7909,75.5844,73.7902,72.4707,70.3278,70.1783,68.5055,65.0000,0.0000,0.0000,0.0000,0.0000,0.0000,0.0000,0.0000,0.0000,0.0000,0.0000,0.0000,0.0000
1700000030.500000,-62.3,110.4536,107.3778,108.3005,107.3546,105.5509,104.6948,105.3091,107.7033,107.5639,109.1100,110.6797,111.0180,111.9732,111.4002,111.4002,111.5706,111.0856,109.8818,112.3788,110.6345,107.9352,112.1784,108.8531,108.3420,111.4630,111.4630,112.2943,111.4630,112.6144,113.6002,110.2180,109.4440,108.9082,105.2616,107.0047,104.4031,101.2423,100.5783,97.7394,95.2733,91.5478,90.4710,88.1419,81.8596,79.1770,78.2943,75.1798,75.4718,72.4017,70.4557,69.2026,67.3573,0.0000,0.0000,0.0000,0.0000,0.0000,0.0000,0.0000,0.0000,0.0000,0.0000,0.0000,0.0000
1700000030.550000,-60.2,99.9250,98.4886,99.7447,94.8103,97.5295,95.8801,99.5691,98.4784,100.1249,100.6876,102.4158,101.4002,102.4158,101.8283,99.8098,103.0776,99.3579,100.7671,100.7671,102.1763,99.6394,100.6578,99.3579,101.2373,99.9050,99.9050,100.6578,102.7278,100.6578,102.7278,99.0202,100.6032,99.2018,96.2601,95.1315,94.8736,94.3027,91.0659,86.8332,85.8836,85.8662,77.8781,80.1124,75.0267,74.3303,71.7844,67.7200,67.4463,67.6831,65.3070,62.6498,60.1332,0.0000,0.0000,0.0000,0.0000,0.0000,0.0000,0.0000,0.0000,0.0000,0.0000,0.0000,0.0000
1700000030.600000,-59.7,110.0727,105.2331,106.7942,103.8171,103.4070,103.7545,105.3233,104.7855,107.9352,108.6692,109.2016,109.4806,110.6797,110.3676,108.7842,111.3283,108.5035,108.1665,108.2682,109.4440,107.5639,107.3359,107.7033,108.7474,108.7474,109.2520,108.4620,110.1681,108.4620,110.3087,105.9481,106.2826,106.2544,105.6504,104.1201,103.1601,100.9604,96.5401,95.9010,92.5743,88.8144,85.8429,86.7006,83.3847,79.1012,77.0000,75.0067,75.0267,72.1110,69.1158,68.3593,67.0820,0.0000,0.0000,0.0000,0.0000,0.0000,0.0000,0.0000,0.0000,0.0000,0.0000,0.0000,0.0000
1700000030.650000,-66.5,105.1190,105.0190,102.0049,103.0049,102.0784,101.1237,99.6092,102.9563,102.8251,103.9471,105.2236,104.9238,106.7052,105.9056,105.9056,106.5129,105.5367,104.3456,101.6366,105.7592,104.7855,104.7855,102.3572,104.8093,106.4800,105.7733,106.0424,104.7855,105.7592,103.8123,103.9423,103.9423,103.4070,100.1299,101.8332,97.6217,97.5141,95.1315,92.0869,90.0056,86.0233,84.0238,83.0241,78.1601,73.3348,72.8354,72.5603,73.1642,68.6586,67.9117,65.1460,62.9682,0.0000,0.0000,0.0000,0.0000,0.0000,0.0000,0.0000,0.0000,0.0000,0.0000,0.0000,0.0000
1700000030.700000,-62.5,102.4158,99.8098,100.8464,99.5389,97.7394,97.1236,98.7623,98.7623,101.8676,102.8397,102.1812,103.7545,103.7545,104.3935,103.5761,103.0970,102.8251,102.1078,101.7104,102.7035,100.7174,102.5914,100.4042,102.1763,103.3925,101.3163,103.3102,102.3132,102.4890,103.4843,100.6032,99.7246,100.8415,99.1413,98.6560,95.7079,93.1719,90.4710,89.0225,87.6413,83.8153,82.2192,80.0562,77.2528,72.4983,72.0139,70.6824,70.6612,68.4763,65.0000,64.3506,62.8013,0.0000,0.0000,0.0000,0.0000,0.0000,0.0000,0.0000,0.0000,0.0000,0.0000,0.0000,0.0000
1700000030.750000,-62.4,107.5639,106.2826,107.5639,107.2800,108.1712,104.7855,103.9423,106.5317,107.6894,111.3059,109.0367,110.7655,111.7587,110.7655,111.8794,112.3610,110.2225,106.3814,110.2905,108.2959,108.3744,110.2905,108.1665,110.0409,110.0727,108.1665,111.0721,110.2225,108.2266,107.1681,106.5692,107.6708,107.9120,105.9292,103.5761,102.7716,101.0000,97.9847,95.6033,92.7200,89.8109,88.2553,86.0349,82.6378,80.1124,74.6860,75.1332,72.0069,70.8308,69.6419,66.2873,65.4370,0.0000,0.0000,0.0000,0.0000,0.0000,0.0000,0.0000,0.0000,0.0000,0.0000,0.0000,0.0000
1700000030.800000,-59.2,109.0183,105.0000,105.1190,104.0769,105.3850,104.8093,105.0762,104.2353,104.9238,108.0602,110.2180,108.6830,111.6109,108.6692,108.1712,109.2016,107.0047,109.2016,107.2054,108.4666,107.2054,108.1573,107.8378,107.2241,107.5174,108.1665,108.1665,109.1100,106.8925,108.7842,106.9018,107.2800,106.0424,104.7855,102.3572,103.8123,100.2247,97.8621,93.0591,90.6697,90.5538,85.4751,85.0941,82.0549,78.0256,74.0068,76.0263,74.0608,72.4431,70.4557,67.6018,66.4906,0.0000,0.0000,0.0000,0.0000,0.0000,0.0000,0.0000,0.0000,0.0000,0.0000,0.0000,0.0000
1700000030.850000,-61.6,111.3643,109.1787,111.3059,108.2266,107.9120,106.0189,107.6151,109.4806,109.4806,110.6345,110.5351,112.4500,112.4500,111.0360,113.1459,111.7229,111.7229,110.3087,110.3902,110.3902,109.6586,110.3902,109.8772,110.8873,110.6345,110.1136,109.3435,111.2879,110.5351,110.5351,108.2451,108.3005,108.2081,105.3613,103.9663,103.9663,101.1781,99.1564,96.5401,94.6414,90.2109,88.8144,87.6584,83.7616,81.6333,77.1751,77.5242,74.7061,72.0069,70.6824,70.9366,68.9638,0.0000,0.0000,0.0000,0.0000,0.0000,0.0000,0.0000,0.0000,0.0000,0.0000,0.0000,0.0000
1700000030.900000,-64.4,109.8362,112.0580,102.6158,107.9676,104.0433,103.7304,105.4751,104.9238,109.3846,106.1037,108.2589,109.5901,110.0227,110.4762,113.6002,109.1787,110.5351,105.1903,109.0780,106.6771,105.8159,108.2266,105.6882,107.6151,109.2932,107.6151,109.5536,107.0701,110.1363,104.0096,106.3297,106.6771,106.6771,103.4456,102.8834,100.1848,99.3177,95.3415,94.1541,93.4077,88.2553,87.5957,84.4334,81.6088,77.2010,76.6551,77.8781,73.1642,70.7107,68.4690,67.1863,67.0298,0.0000,0.0000,0.0000,0.0000,0.0000,0.0000,0.0000,0.0000,0.0000,0.0000,0.0000,0.0000
1700000030.950000,-60.7,111.0721,112.0402,108.0046,111.0045,108.2266,107.1681,106.2309,110.5486,111.5437,109.0367,111.8034,114.1403,115.1217,113.1592,113.6002,113.3578,114.5426,112.3788,110.6345,112.3788,111.8034,114.3372,109.8818,111.9732,114.0175,112.0892,114.0044,109.8818,114.0044,109.6586,108.8531,109.3298,107.9120,106.6771,107.2986,105.3850,102.5914,101.3163,100.0800,96.0052,92.0000,91.0220,88.2043,84.2912,80.7527,80.0625,78.2624,76.1577,75.1864,72.0347,71.8401,68.3520,0.0000,0.0000,0.0000,0.0000,0.0000,0.0000,0.0000,0.0000,0.0000,0.0000,0.0000,0.0000
1700000031.000000,-65.9,114.2322,111.3283,111.0180,109.4806,109.6358,107.7079,108.6830,109.8362,111.8034,112.4500,114.2716,113.9912,114.8564,113.8640,114.2716,113.5341,113.5341,112.5389,112.2185,113.3578,110.3676,112.3610,108.2959,113.1592,112.2185,112.1606,112.2853,113.2828,112.2853,111.2879,110.6526,111.8794,109.0367,107.3546,107.6894,104.9238,103.5857,99.9250,99.0404,95.5092,94.5569,91.4166,90.6201,85.6154,81.4371,80.0562,77.3692,76.5376,74.9466,73.7835,71.0282,66.8431,0.0000,0.0000,0.0000,0.0000,0.0000,0.0000,0.0000,0.0000,0.0000,0.0000,0.0000,0.0000
1700000031.050000,-61.3,110.6345,107.4477,107.6151,107.0047,106.8316,106.7802,107.3778,108.0463,107.5407,107.0420,111.0180,111.8258,111.8258,111.8258,111.4136,112.2586,109.1238,107.7868,109.1650,108.6876,109.5901,109.1650,106.1037,109.3846,109.3846,109.7725,110.6933,108.2589,108.2589,109.1650,108.6738,109.5901,106.0660,103.0776,104.4462,101.3558,99.8599,98.7370,95.4411,93.4077,89.0225,88.7299,87.7269,82.1340,79.9312,76.3675,75.6902,75.9276,73.2462,71.6101,69.8928,67.7422,0.0000,0.0000,0.0000,0.0000,0.0000,0.0000,0.0000,0.0000,0.0000,0.0000,0.0000,0.0000
1700000031.100000,-61.6,112.3076,105.7024,107.5407,108.2682,104.6757,105.6220,107.2054,109.2016,110.0636,108.9082,110.2180,110.2180,108.8531,109.6586,108.4666,110.2180,109.4897,108.6738,108.7796,108.6738,108.6738,107.5174,106.7942,111.3643,107.6708,107.6708,107.3546,111.4630,105.9292,108.6646,108.8531,105.3233,102.6109,104.5610,103.1601,100.9604,100.5783,98.6712,96.1353,93.9840,91.1811,86.5390,86.4060,84.5813,78.2943,75.6637,73.0616,75.2130,73.4983,68.8186,72.0069,63.7809,0.0000,0.0000,0.0000,0.0000,0.0000,0.0000,0.0000,0.0000,0.0000,0.0000,0.0000,0.0000
1700000031.150000,-59.3,104.0625,105.8489,101.6366,105.9906,100.6479,102.4158,102.9563,102.7278,104.3168,98.2700,106.5317,109.5536,109.0000,105.4372,106.5082,105.8017,106.2544,104.2017,106.2121,105.8017,102.0784,104.2017,100.8960,105.6456,105.5509,102.3035,104.8046,105.7592,103.6002,99.6394,105.2093,104.0433,104.4031,100.1249,99.5691,96.7988,97.3499,96.8969,90.9175,89.9444,86.3134,87.2353,82.0792,85.2350,79.0569,74.6324,73.7631,73.4983,72.7805,69.6348,67.6831,62.1289,0.0000,0.0000,0.0000,0.0000,0.0000,0.0000,0.0000,0.0000,0.0000,0.0000,0.0000,0.0000
1700000031.200000,-62.0,104.0433,106.1179,99.3227,104.4797,99.9850,103.4070,102.7716,101.4150,104.3456,100.8960,106.7380,105.3613,107.2800,106.2544,108.2405,103.4070,106.5692,102.4597,106.0424,106.0424,102.1812,106.0424,99.5389,103.8701,104.7855,105.3091,106.6208,103.0776,106.2309,103.4698,104.1777,104.1777,102.4597,100.2447,99.6243,95.2103,95.8801,93.1451,93.3916,91.5915,86.3134,86.1452,80.6226,82.6075,77.4145,74.1687,72.0625,73.0069,68.0000,67.0298,66.1891,65.6201,0.0000,0.0000,0.0000,0.0000,0.0000,0.0000,0.0000,0.0000,0.0000,0.0000,0.0000,0.0000
1700000031.250000,-64.3,107.2241,111.4271,107.3546,106.1037,103.8701,108.2266,105.1190,106.0660,107.0420,104.1009,111.6468,111.2205,109.8362,107.9120,110.1363,109.2932,105.4372,102.0833,106.8316,109.5536,105.4372,106.0189,107.2007,109.0183,106.8270,109.3435,108.2312,107.8007,106.8316,103.8123,106.2309,109.2886,101.5135,101.2423,99.9850,99.9850,100.6479,96.1509,93.5201,97.9898,88.7694,88.0227,84.7585,83.4865,80.3617,82.0061,74.9533,74.7329,70.7107,71.0634,70.4557,66.0076,0.0000,0.0000,0.0000,0.0000,0.0000,0.0000,0.0000,0.0000,0.0000,0.0000,0.0000,0.0000
1700000031.300000,-59.2,104.6757,106.2826,102.7862,103.7401,103.0776,103.5857,103.5857,101.6071,101.4347,99.1413,101.7104,107.5639,105.3043,103.1746,106.3015,103.1746,102.0441,100.0450,103.0194,101.0198,105.0428,105.0190,99.0202,103.1213,106.0754,99.0202,105.1190,102.0441,108.0417,101.0198,100.0200,103.0049,102.1225,98.0204,100.3195,97.1854,95.3363,94.1913,94.6414,93.7710,84.0119,85.9884,81.3941,78.8543,77.1298,71.3092,73.7360,71.7844,67.0671,67.7791,67.9779,63.1348,0.0000,0.0000,0.0000,0.0000,0.0000,0.0000,0.0000,0.0000,0.0000,0.0000,0.0000,0.0000
1700000031.350000,-63.4,101.1781,99.6092,102.7035,102.8251,100.1299,100.6231,103.1601,101.6366,104.5610,102.1078,106.2309,105.3613,106.4800,103.7401,100.9604,104.4031,105.3043,102.4597,102.7862,105.3043,99.6243,105.1095,99.0202,106.4049,104.5466,100.3195,104.4031,103.4650,99.5389,103.7304,104.0625,103.4070,99.6243,97.8008,95.8019,96.3016,97.2934,96.3379,94.2019,86.8332,87.5728,83.6002,83.0542,80.0562,76.0066,75.0067,72.0625,71.2531,68.5930,66.9104,63.1506,65.2533,0.0000,0.0000,0.0000,0.0000,0.0000,0.0000,0.0000,0.0000,0.0000,0.0000,0.0000,0.0000
1700000031.400000,-60.6,102.7716,100.2247,102.1078,96.5660,99.6243,98.9798,99.6243,102.3181,103.4650,103.4650,103.8701,103.8701,100.7224,105.3091,97.9439,103.3102,97.1288,102.4207,98.9798,98.6154,96.2549,102.3963,100.7025,100.7224,100.1699,98.2700,99.8599,103.1746,98.6154,103.1746,99.9850,98.1122,99.4786,99.7647,99.7647,96.1769,93.5201,90.8240,90.6201,84.7585,84.1190,83.4865,82.5651,73.7631,74.4648,73.2462,70.0357,72.9931,68.5930,70.0643,68.0074,64.0312,0.0000,0.0000,0.0000,0.0000,0.0000,0.0000,0.0000,0.0000,0.0000,0.0000,0.0000,0.0000
1700000031.450000,-62.1,96.5194,99.0202,99.4786,96.6488,99.8499,94.8472,94.4299,96.2549,99.5389,98.6154,101.2423,98.0306,101.5923,100.9009,100.5684,102.6158,96.5660,97.2677,96.1041,97.2677,97.5295,101.6366,96.7729,98.8433,98.8433,93.1719,95.9010,99.0404,97.0824,98.8433,96.3172,96.1041,98.2344,96.3016,92.9731,95.6033,91.0824,90.4765,87.8465,85.0882,84.6936,81.8841,78.7147,74.2428,72.4707,71.6938,66.8506,69.6348,66.8506,64.2028,63.0317,62.2896,0.0000,0.0000,0.0000,0.0000,0.0000,0.0000,0.0000,0.0000,0.0000,0.0000,0.0000,0.0000
1700000031.500000,-58.7,101.1781,101.8627,100.5684,105.4751,102.0686,100.0050,99.8098,102.4158,100.6032,100.7025,103.7304,100.9554,108.2266,100.7025,101.8725,100.8464,103.7690,100.3444,101.5332,102.9563,101.2126,104.7091,97.4936,102.5524,101.5529,98.8989,101.1336,101.0742,102.9563,98.8989,105.0952,99.3630,100.3444,100.2397,103.0776,92.9624,96.3846,90.9725,90.6973,88.2327,84.8116,83.2406,82.2192,81.3204,78.5175,70.7248,70.0928,69.4262,69.6563,68.4105,69.0652,65.2993,0.0000,0.0000,0.0000,0.0000,0.0000,0.0000,0.0000,0.0000,0.0000,0.0000,0.0000,0.0000
1700000031.550000,-60.3,103.3151,106.6208,101.3903,107.5407,104.4031,104.0433,97.7190,101.9215,103.4456,103.5809,105.9906,105.0190,105.5367,104.7855,111.0856,103.9423,107.0794,100.2846,104.7378,104.5610,101.6071,103.0970,98.4784,105.5746,102.7035,105.6835,106.6771,103.2473,107.6708,102.1078,106.7052,102.5914,100.8067,98.8433,99.6895,98.4937,98.7623,96.1665,92.0272,93.0484,83.0060,88.6397,80.5295,81.3941,79.6053,73.5731,74.3034,71.8679,65.8027,69.2026,68.0147,67.1789,0.0000,0.0000,0.0000,0.0000,0.0000,0.0000,0.0000,0.0000,0.0000,0.0000,0.0000,0.0000
1700000031.600000,-60.5,105.1190,107.7126,98.2904,104.6900,98.2904,101.8627,103.3247,99.1564,102.5914,99.6394,101.5332,100.2646,100.2098,102.0049,106.0189,100.6876,106.0189,95.2103,104.8618,99.0454,98.4733,100.6876,94.5780,99.6444,100.7025,100.4988,102.7278,95.4149,102.9029,96.8969,100.9554,98.2293,97.8008,97.2008,98.0816,95.2680,95.2680,92.0978,94.0691,89.8276,82.7587,85.6329,80.0562,78.1025,79.0253,76.8505,69.4046,69.4622,67.7422,65.3682,66.3099,62.0322,0.0000,0.0000,0.0000,0.0000,0.0000,0.0000,0.0000,0.0000,0.0000,0.0000,0.0000,0.0000
1700000031.650000,-62.1,103.1746,102.2399,104.6900,99.9850,100.9752,101.0000,101.2028,102.1078,98.0612,102.1078,104.6948,100.5783,102.7862,100.2846,103.7304,107.2054,101.8430,104.0625,102.1567,102.6937,102.1567,102.5524,101.2373,98.4886,102.8834,98.8989,101.5529,99.2824,98.8989,98.8989,99.1615,103.0776,100.3045,94.9210,98.6813,97.7190,98.6712,89.8443,88.2950,87.5557,89.0505,85.1587,85.1587,80.0625,79.6304,74.4312,75.1665,72.0069,70.0643,70.0643,67.2681,67.2681,0.0000,0.0000,0.0000,0.0000,0.0000,0.0000,0.0000,0.0000,0.0000,0.0000,0.0000,0.0000
1700000031.700000,-62.1,108.0046,102.0000,108.3744,103.3102,102.3963,101.4002,104.2353,102.4207,104.9238,106.7052,104.1393,105.5367,109.6586,104.1393,108.1712,105.2616,104.8093,104.6948,103.0922,105.6220,103.4070,103.4650,104.0433,106.0424,104.6757,106.0424,107.3359,104.0625,104.0625,106.9766,99.2975,103.4070,103.4070,101.5332,101.5332,99.6895,99.0404,95.1893,92.4392,90.7965,91.3510,85.5862,86.2090,83.1505,80.0250,79.0569,77.0260,77.1038,71.2531,70.7107,68.8840,66.7608,0.0000,0.0000,0.0000,0.0000,0.0000,0.0000,0.0000,0.0000,0.0000,0.0000,0.0000,0.0000
1700000031.750000,-63.0,104.0433,95.4149,97.3499,99.3227,96.1509,98.8838,98.4124,97.0824,101.5529,97.9439,101.6366,103.4698,101.0198,101.7693,99.5389,100.5684,99.0202,99.3680,97.4166,97.4166,98.3514,98.2344,98.2344,99.4585,100.1699,96.1665,98.0612,99.4585,98.9545,98.4937,99.4585,98.6712,96.3016,98.0306,95.8593,94.7048,93.9840,91.7061,89.0000,86.7640,85.4225,81.8841,80.6226,75.1665,74.6257,73.8173,73.0069,70.9366,69.4262,67.8822,65.1153,64.4438,0.0000,0.0000,0.0000,0.0000,0.0000,0.0000,0.0000,0.0000,0.0000,0.0000,0.0000,0.0000
1700000031.800000,-61.6,100.0800,100.0050,98.0051,100.0000,97.0464,99.1816,98.5089,99.3227,98.7320,98.7320,101.1187,100.2846,104.0865,100.4490,104.3935,100.2247,101.6366,97.0824,101.1385,99.6895,99.4636,100.1699,97.0155,99.3277,99.3277,100.2846,101.2423,98.3717,100.9604,98.4937,99.9250,100.6628,100.4390,97.4936,97.4936,94.2019,93.9042,90.5538,90.2718,89.2020,85.0529,85.0235,80.0062,78.0064,74.0608,72.3395,71.7008,70.8590,67.0820,68.4471,65.8027,63.3246,0.0000,0.0000,0.0000,0.0000,0.0000,0.0000,0.0000,0.0000,0.0000,0.0000,0.0000,0.0000
1700000031.850000,-60.0,104.6518,102.4597,105.8489,104.5466,104.5466,100.9009,102.4597,102.1421,103.7401,104.4031,104.5466,104.5466,108.1712,105.7592,103.5857,104.9238,103.7545,102.5914,103.4070,103.7545,102.7716,103.4070,101.2719,102.7035,103.8171,100.7174,104.0865,103.8171,102.8251,102.8251,102.2595,103.7545,103.1601,101.8676,100.1699,97.0155,98.7623,95.2103,92.9731,90.8240,88.9550,84.6936,86.4060,79.6241,79.1581,76.6616,74.0945,74.6257,71.6101,69.2026,66.0681,64.3506,0.0000,0.0000,0.0000,0.0000,0.0000,0.0000,0.0000,0.0000,0.0000,0.0000,0.0000,0.0000
1700000031.900000,-62.5,103.0437,102.0000,103.0437,103.0049,104.0769,103.2376,104.3072,102.3132,103.5857,104.9381,106.7052,106.3673,104.1393,104.3456,103.9423,107.4895,102.8397,101.2028,102.2008,103.3247,100.8960,101.3903,104.1201,101.5135,102.1421,103.7304,102.4890,104.9952,102.1421,105.6220,103.1601,104.1201,103.8460,100.4390,101.4150,101.2028,94.9210,94.9210,91.2414,88.5664,88.2780,84.2912,85.2115,81.0555,79.1012,74.0608,75.3260,72.3395,70.4557,67.7422,67.0820,62.0967,0.0000,0.0000,0.0000,0.0000,0.0000,0.0000,0.0000,0.0000,0.0000,0.0000,0.0000,0.0000
1700000031.950000,-62.0,106.0424,105.0762,105.4751,102.3132,104.0865,99.8499,99.4636,104.7378,103.9423,101.4150,107.2007,106.0424,107.7033,102.3572,105.9906,108.4666,103.7401,102.1421,102.7862,104.0625,98.0816,103.7304,100.9009,105.4751,102.6937,103.2473,102.1567,105.3043,104.7521,104.9238,101.1929,101.1929,100.5783,99.3277,100.1699,96.3016,95.0789,99.4636,95.3415,92.9139,88.9550,86.5794,86.7006,80.0999,79.1012,78.0064,75.0600,75.0267,75.2396,69.2604,66.9104,64.5368,0.0000,0.0000,0.0000,0.0000,0.0000,0.0000,0.0000,0.0000,0.0000,0.0000,0.0000,0.0000
1700000032.000000,-64.5,104.2353,95.7131,98.4124,96.1509,98.4886,95.4620,97.6934,98.4327,96.7729,98.3514,100.0000,99.4585,107.0047,101.2423,102.2008,100.4241,97.5141,100.1699,96.5401,97.9847,101.1385,101.6366,98.0612,97.7394,100.2846,97.1648,99.4636,101.2028,99.0404,99.8248,98.4886,100.1699,99.2018,96.3016,97.4166,93.6803,96.1665,93.3006,91.7606,86.9253,89.0000,82.7647,83.1865,77.8974,76.1577,70.4557,70.4557,69.6348,67.0075,66.0681,65.2993,62.2896,0.0000,0.0000,0.0000,0.0000,0.0000,0.0000,0.0000,0.0000,0.0000,0.0000,0.0000,0.0000
1700000032.050000,-63.3,108.2081,96.9381,102.5524,105.3613,101.9804,100.7671,104.1393,104.4845,100.6032,102.4158,105.4372,106.0189,109.0413,105.1190,100.2098,105.1190,101.0198,99.9850,100.3444,106.6771,101.5480,102.0833,101.7104,98.3870,106.1744,105.5888,106.0660,104.2353,104.6566,101.5972,102.5768,103.0776,101.5480,99.8599,102.9029,100.6876,96.0208,96.0469,93.6056,91.2853,88.5268,85.6329,84.8646,79.3095,78.5175,78.2432,74.6525,69.4046,67.6757,67.6018,67.6018,66.3099,0.0000,0.0000,0.0000,0.0000,0.0000,0.0000,0.0000,0.0000,0.0000,0.0000,0.0000,0.0000
1700000032.100000,-60.3,105.4751,102.9272,104.4031,102.0784,100.2646,100.2646,104.9952,101.6710,107.6290,106.9626,107.7126,108.1897,106.7755,104.6614,107.4802,108.9312,106.1508,104.6900,106.3015,106.4049,105.5509,105.7592,105.5509,104.8093,105.6030,107.2986,106.4049,108.5772,105.6030,106.8270,103.3925,104.0625,108.2081,103.9663,101.8332,102.5914,98.4124,97.4526,96.6747,93.2363,90.6973,88.4816,87.3670,82.1523,81.6333,76.9415,75.1798,71.1126,74.0945,68.0074,67.4463,66.0984,0.0000,0.0000,0.0000,0.0000,0.0000,0.0000,0.0000,0.0000,0.0000,0.0000,0.0000,0.0000
1700000032.150000,-63.5,104.4031,103.4456,102.7862,100.9009,103.0776,99.3680,102.1567,102.4597,105.0952,104.6566,105.5462,105.5462,105.5888,104.2017,106.9439,104.4462,101.7104,103.2473,104.3072,102.6255,102.7278,105.3945,100.1249,105.2093,104.8618,104.6231,104.8475,104.5610,103.4698,104.6231,102.3963,102.7278,106.0000,102.2155,99.3630,99.7647,96.6075,96.1769,90.6201,90.6201,88.2553,84.1190,83.8153,80.0812,77.3692,75.7100,71.8053,72.9931,72.3395,68.2642,70.0286,66.0681,0.0000,0.0000,0.0000,0.0000,0.0000,0.0000,0.0000,0.0000,0.0000,0.0000,0.0000,0.0000
1700000032.200000,-63.3,101.2423,102.8834,102.1421,101.5135,101.2423,100.3195,103.3683,101.6366,103.7545,105.5462,104.7091,107.0420,105.1903,105.1190,104.9571,102.6255,102.3963,100.7025,104.0096,103.4698,104.5610,104.6231,98.8130,106.2121,105.4230,103.8557,100.6032,102.3035,106.2121,102.0049,103.0049,103.0049,101.8332,100.2098,103.4650,97.3499,99.6444,95.3834,93.9415,89.8944,87.6641,85.4283,81.1542,79.8499,77.2528,74.4648,73.6817,73.3757,71.0634,69.4262,68.2495,66.1211,0.0000,0.0000,0.0000,0.0000,0.0000,0.0000,0.0000,0.0000,0.0000,0.0000,0.0000,0.0000
1700000032.250000,-60.5,107.0561,102.3035,102.0049,101.8332,96.8349,100.1249,104.0096,101.5480,104.1009,103.9423,102.5768,105.1190,103.7690,102.4744,98.4124,104.6518,102.4597,102.8591,99.9250,104.0000,102.8834,102.5524,101.2373,102.1812,101.2423,103.2473,103.4698,107.5407,103.6195,103.0776,101.6366,103.7882,104.6518,98.8433,99.3630,98.0051,95.8801,93.2952,92.9139,88.0057,87.0057,84.8116,87.0057,80.1561,75.7430,75.6637,70.7107,72.1803,69.4262,65.4370,68.8186,63.2851,0.0000,0.0000,0.0000,0.0000,0.0000,0.0000,0.0000,0.0000,0.0000,0.0000,0.0000,0.0000
1700000032.300000,-63.5,106.0189,102.3426,101.0198,100.7025,99.6444,100.3444,101.2126,104.2353,106.0660,102.8591,107.0187,104.9238,106.6208,102.6937,107.0187,104.7521,102.8834,100.9009,102.1812,103.0922,100.0900,103.1213,101.1929,102.8397,101.5332,101.8332,106.9018,101.1929,102.2008,103.0922,99.3680,101.3903,102.6937,96.7729,97.5756,97.5756,95.7079,89.8944,94.8262,89.6939,83.0060,85.9826,83.2346,80.1561,76.2168,71.5052,70.7672,72.8354,67.3573,64.5368,65.4370,63.8201,0.0000,0.0000,0.0000,0.0000,0.0000,0.0000,0.0000,0.0000,0.0000,0.0000,0.0000,0.0000
1700000032.350000,-62.1,105.4372,103.8557,101.4150,101.4150,99.9050,103.9663,102.5524,101.8627,100.4988,102.0686,104.2353,105.1190,103.7111,101.4002,103.0776,106.2121,106.0189,102.6499,102.0784,102.9029,104.0433,101.5135,103.2473,100.8464,102.7278,101.7104,103.4456,103.0776,103.9423,99.9850,104.3072,103.1746,102.0784,97.2008,100.6876,99.6243,98.6002,91.6788,90.1388,88.5268,84.8528,83.4865,84.8999,79.9062,78.7464,74.6525,69.0290,72.1110,70.1783,66.7308,61.9112,63.5610,0.0000,0.0000,0.0000,0.0000,0.0000,0.0000,0.0000,0.0000,0.0000,0.0000,0.0000,0.0000
1700000032.400000,-66.9,105.0762,99.4636,105.1190,99.0404,101.2028,100.9604,98.4937,102.7862,102.4890,106.9018,105.9481,106.9766,103.1213,103.7304,103.8171,106.1037,102.9563,100.8464,103.8701,103.8701,103.3683,102.5524,100.1798,101.5332,97.9898,101.0742,100.6479,103.7545,100.3195,104.6948,102.0441,102.8834,104.0000,102.1812,100.5684,99.6243,98.0306,92.4446,90.4710,88.0738,85.3288,85.5102,83.6002,79.6304,74.4312,76.0592,71.0070,69.0072,70.1142,65.1920,65.2763,62.8013,0.0000,0.0000,0.0000,0.0000,0.0000,0.0000,0.0000,0.0000,0.0000,0.0000,0.0000,0.0000
1700000032.450000,-60.3,101.4002,100.4241,100.2646,100.7671,99.0353,99.0051,98.2904,101.1781,101.8627,102.0686,103.5857,103.7111,105.4230,105.4230,105.4230,102.6158,103.0049,100.8018,102.0784,102.6499,102.0784,102.9029,100.9554,102.2155,103.2473,103.2473,103.5857,102.6255,104.0096,100.7025,102.3426,102.9029,102.9029,98.0051,100.4241,97.8008,94.6414,92.8493,92.0217,89.9389,86.2786,84.1724,82.0731,77.8974,76.5768,71.2180,71.4003,69.6348,66.0303,65.5134,64.8845,62.6498,0.0000,0.0000,0.0000,0.0000,0.0000,0.0000,0.0000,0.0000,0.0000,0.0000,0.0000,0.0000
1700000032.500000,-61.0,103.4456,99.0404,102.8397,101.6366,104.5610,101.0000,101.4347,100.1299,103.0970,103.6967,104.4797,104.1201,107.1168,104.1729,105.1190,107.0747,103.0437,103.0776,99.0454,105.0048,104.0000,105.0048,100.0800,103.4843,105.4751,104.1729,103.5857,107.4663,104.2353,105.2331,99.1262,100.0450,103.0194,99.0051,95.0474,98.0051,95.0210,93.1343,90.2718,89.5600,86.3713,85.5862,84.1724,79.3095,78.3390,73.4983,69.2604,69.5701,71.6938,69.2892,64.4050,64.0078,0.0000,0.0000,0.0000,0.0000,0.0000,0.0000,0.0000,0.0000,0.0000,0.0000,0.0000,0.0000
1700000032.550000,-61.2,96.3846,103.4650,98.4733,103.6002,97.6524,101.4002,101.4002,98.8585,102.0686,96.5401,104.6614,101.8332,103.2763,99.7647,105.3803,100.4490,103.3925,95.5249,105.6456,99.2472,99.0858,100.0050,98.0816,101.8332,104.0192,103.4070,101.8332,99.6394,103.6002,96.4002,103.0776,98.0816,97.7446,99.0858,95.5877,95.5249,92.6337,91.9674,90.5207,90.5538,83.0963,86.0523,80.6040,79.0253,76.5506,74.6257,69.6419,70.2353,64.4981,65.2993,64.8845,64.1950,0.0000,0.0000,0.0000,0.0000,0.0000,0.0000,0.0000,0.0000,0.0000,0.0000,0.0000,0.0000
1700000032.600000,-65.0,104.2785,103.3683,102.0000,102.9563,103.0776,100.4988,104.0096,104.5610,105.3945,103.8123,107.6151,107.0047,107.4477,108.2312,106.6677,106.3015,104.8046,102.5914,104.0048,106.2168,104.6900,104.7378,101.8234,103.2763,104.0625,102.5524,104.1393,103.3247,102.5914,104.0625,99.7046,100.4191,101.8627,99.7246,98.3514,99.9050,96.5401,95.9010,91.6788,88.2327,87.6584,88.7525,83.0060,80.4550,79.6492,74.2428,73.3553,71.6938,71.5122,66.7308,69.2604,62.5859,0.0000,0.0000,0.0000,0.0000,0.0000,0.0000,0.0000,0.0000,0.0000,0.0000,0.0000,0.0000
1700000032.650000,-62.1,106.5129,106.4378,103.4456,102.9563,99.6444,104.5610,104.2929,105.4372,105.8017,105.2093,107.4477,109.0183,106.0424,104.9952,107.2986,106.1508,108.9312,104.8046,103.9663,103.2473,104.7378,103.9663,104.7378,104.0048,103.2763,104.0625,105.6456,104.2353,104.8046,104.3504,104.0048,100.4191,101.1187,101.1187,99.0051,99.0353,97.6729,95.2680,93.4077,89.2020,86.4002,84.6286,85.1469,81.0247,76.6616,77.1751,75.6637,70.6612,69.3542,67.2309,63.6946,65.2533,0.0000,0.0000,0.0000,0.0000,0.0000,0.0000,0.0000,0.0000,0.0000,0.0000,0.0000,0.0000
1700000032.700000,-61.6,100.0200,100.2247,101.2423,100.2846,100.2447,99.6243,99.3680,99.9600,100.4639,98.4124,102.1567,99.3177,101.5332,103.7545,101.1187,102.0833,99.4786,101.2126,100.8464,102.7278,101.2126,102.2155,98.7927,101.2571,102.6499,97.6524,100.2098,101.2571,102.0784,102.0784,97.4166,103.1746,100.4988,95.8801,98.0051,95.7706,94.8947,90.3383,88.1022,88.1419,85.2350,81.7068,82.6378,75.5844,74.0405,71.5681,73.0069,68.4471,70.2140,63.9531,66.3702,61.0328,0.0000,0.0000,0.0000,0.0000,0.0000,0.0000,0.0000,0.0000,0.0000,0.0000,0.0000,0.0000
1700000032.750000,-60.6,106.3015,104.3072,107.0187,100.0450,103.0000,99.0202,104.0192,104.2353,108.2266,103.5857,107.7868,106.9205,106.0660,104.7378,100.9752,107.0794,100.0200,108.1897,100.8960,105.7592,104.1393,105.0190,100.1699,104.1201,101.3903,104.1201,104.9952,105.0190,99.9300,104.4031,100.8960,104.7855,100.6628,98.2700,98.3107,100.8067,97.1648,90.6697,89.3588,88.3629,87.2066,84.2140,86.0523,80.0000,77.0065,75.0267,74.2428,74.4312,68.7314,70.4060,66.9403,63.3246,0.0000,0.0000,0.0000,0.0000,0.0000,0.0000,0.0000,0.0000,0.0000,0.0000,0.0000,0.0000
1700000032.800000,-63.5,106.8316,102.5914,104.0048,104.2353,104.8093,100.1249,102.6158,103.8123,102.4500,105.4372,101.2423,104.8475,106.6771,104.4462,101.2423,106.6771,106.8504,107.5407,105.1903,106.8504,99.3227,102.9563,102.0000,101.1336,102.4597,99.7447,99.3630,103.3102,102.8591,104.2017,100.8464,103.7738,104.3072,97.6524,98.4733,100.7025,96.7988,88.6002,90.9065,86.5563,87.7269,86.4523,82.0244,79.9312,78.5684,72.4707,71.4003,73.2393,70.4557,71.0282,63.8122,63.9766,0.0000,0.0000,0.0000,0.0000,0.0000,0.0000,0.0000,0.0000,0.0000,0.0000,0.0000,0.0000
1700000032.850000,-60.0,107.4895,99.7046,105.4182,101.1781,104.4845,103.7111,105.8017,103.8123,103.6002,108.2266,109.8590,106.7802,106.7802,105.1523,103.7304,107.4244,103.0776,104.9571,102.9563,109.2749,102.2155,105.5888,102.4744,101.5529,106.4378,105.0952,103.3102,104.2017,105.0952,106.4378,100.3444,102.2155,101.2126,99.3227,101.0198,100.6876,97.3499,93.2309,90.4268,90.2718,87.3212,86.0523,84.8999,77.1557,76.3675,72.1249,71.5052,73.2462,70.8025,69.4046,66.0379,64.4127,0.0000,0.0000,0.0000,0.0000,0.0000,0.0000,0.0000,0.0000,0.0000,0.0000,0.0000,0.0000
1700000032.900000,-62.3,100.6032,100.3195,100.1249,102.1763,99.0808,100.0000,100.0200,100.0800,102.1763,103.1746,103.2376,102.4890,104.5801,104.6900,103.5857,101.4347,100.4490,100.4490,101.7890,100.8067,101.4347,101.0000,99.0404,101.8676,101.6366,99.9250,103.3247,101.6366,100.6628,101.8676,101.2028,101.9804,99.4636,98.9949,95.8853,95.7549,93.7710,92.2659,90.1388,87.0517,86.0233,83.0241,83.0241,78.0577,75.2396,72.3395,70.8590,69.8713,68.2495,66.7083,64.8460,62.0322,0.0000,0.0000,0.0000,0.0000,0.0000,0.0000,0.0000,0.0000,0.0000,0.0000,0.0000,0.0000
1700000032.950000,-62.5,111.0405,103.1213,107.5639,103.2376,104.4797,103.4070,104.3935,101.7890,104.9238,109.0413,107.4895,104.5610,107.2007,108.1712,104.7855,107.2800,100.2846,106.3203,100.8811,107.5639,103.1601,102.4597,104.3552,104.3552,102.1421,106.6255,102.4597,107.8378,100.8811,104.3552,100.8811,104.4031,102.4890,98.2344,100.1699,98.4784,97.0824,93.7710,92.7793,88.3629,88.3629,84.1487,85.0235,78.0064,76.0066,72.0278,70.0643,70.2567,70.7107,67.4685,63.3482,62.9365,0.0000,0.0000,0.0000,0.0000,0.0000,0.0000,0.0000,0.0000,0.0000,0.0000,0.0000,0.0000
1700000033.000000,-61.5,101.5529,98.8989,102.5524,102.5524,97.7394,101.2423,95.5196,100.9009,99.9300,102.3572,98.7168,98.4886,104.3456,104.1393,102.8397,101.2028,102.1812,97.5141,98.4784,99.0404,101.0000,99.4636,99.1413,100.6032,97.7394,100.8415,104.2353,98.3107,101.1187,98.4784,98.0612,97.5141,97.0155,97.0155,94.2550,91.2140,91.2140,92.3472,88.2553,86.1626,86.0058,81.4371,77.8203,77.4145,74.7930,70.7248,71.0211,71.0282,64.4050,66.2193,63.1269,57.9828,0.0000,0.0000,0.0000,0.0000,0.0000,0.0000,0.0000,0.0000,0.0000,0.0000,0.0000,0.0000
1700000033.050000,-62.6,100.3045,100.3045,98.9798,103.4070,100.1699,100.4241,100.0000,98.0612,99.4636,98.8433,103.2473,103.8171,104.5801,103.5857,104.6900,99.7246,105.3043,99.2472,103.1213,99.5038,102.1763,99.1816,96.0469,103.0000,102.0196,97.0052,100.0050,102.0000,106.0000,98.0051,100.0800,98.1275,98.1275,96.1873,97.3293,94.1913,92.2659,89.8053,89.6772,90.0278,81.7863,82.7647,77.6660,78.5875,74.0000,71.5122,70.9366,72.0902,68.4471,65.2993,64.8845,61.2944,0.0000,0.0000,0.0000,0.0000,0.0000,0.0000,0.0000,0.0000,0.0000,0.0000,0.0000,0.0000
1700000033.100000,-67.6,105.6835,99.8098,106.2121,100.6032,103.7111,99.8248,101.2373,101.1187,102.5524,106.7755,108.1897,103.2473,107.4895,105.4182,104.6900,102.8251,103.5857,103.3925,101.5332,104.2353,102.8251,99.6394,101.2373,98.6002,104.4845,104.2017,101.8283,104.2017,100.2646,101.8283,97.0000,103.4795,102.8251,97.6217,96.8762,98.2904,94.7945,92.8493,88.8651,86.2149,90.9065,83.2346,85.4459,78.7718,77.1751,74.6257,75.1332,69.7711,67.0671,69.2892,64.5136,63.0635,0.0000,0.0000,0.0000,0.0000,0.0000,0.0000,0.0000,0.0000,0.0000,0.0000,0.0000,0.0000
1700000033.150000,-61.9,102.9272,101.2423,103.4698,99.4032,99.8098,99.2472,97.1854,101.9804,98.4124,101.1781,103.2376,101.8332,102.6499,102.5524,101.9117,103.3925,101.4150,98.8585,97.3088,99.6394,97.3088,101.6710,97.0052,103.4698,99.8098,102.2008,100.1249,102.2008,99.2975,99.0454,94.4034,98.8585,99.6394,98.2344,93.8616,94.7945,91.9348,88.3912,89.1067,86.9770,84.2199,80.6598,79.3095,74.0270,76.4003,71.4003,70.4557,70.2140,63.9531,64.8460,61.2699,63.1585,0.0000,0.0000,0.0000,0.0000,0.0000,0.0000,0.0000,0.0000,0.0000,0.0000,0.0000,0.0000
1700000033.200000,-65.4,99.8499,97.3242,100.2247,97.2934,97.5141,97.7446,100.5783,97.7190,100.2447,99.6243,103.6195,100.3045,103.0776,102.1567,100.8464,99.7447,97.9898,100.1798,101.5529,101.9804,97.4936,98.6154,97.5295,98.0051,100.2397,97.6166,98.6154,99.8499,95.7706,99.4786,97.9439,100.2397,97.0464,92.6121,94.3716,94.5410,92.4770,89.5377,87.6413,82.2800,83.2406,81.0432,76.4003,72.7805,72.5672,72.1803,67.8970,67.3647,66.1891,66.0076,63.0079,62.0725,0.0000,0.0000,0.0000,0.0000,0.0000,0.0000,0.0000,0.0000,0.0000,0.0000,0.0000,0.0000
1700000033.250000,-61.7,102.5768,106.0047,100.1848,105.5509,101.2373,102.1567,102.8834,100.9009,103.0922,101.5332,103.0922,103.4070,104.4031,104.1201,106.9626,104.3456,102.1812,100.2247,99.1413,100.4490,101.1187,100.9752,101.2719,99.6092,99.9850,105.8017,105.8017,99.9850,104.6900,99.7246,103.4070,98.7320,101.9804,97.3242,99.2472,97.0824,91.6788,92.8924,91.7606,88.6002,83.5703,85.7963,78.0000,76.6942,77.3886,70.2140,74.7329,71.3442,65.0000,61.8547,66.2193,63.7024,0.0000,0.0000,0.0000,0.0000,0.0000,0.0000,0.0000,0.0000,0.0000,0.0000,0.0000,0.0000
1700000033.300000,-65.0,102.3426,104.5610,100.8464,101.7104,100.1848,101.9804,102.5524,98.4886,101.2373,101.9510,105.1095,104.6757,103.2473,101.8430,104.3552,102.4890,107.2007,99.2018,102.1078,102.8834,102.8834,100.8960,100.8960,104.1393,102.3914,102.3914,104.7378,100.8067,103.7545,99.8248,102.6109,101.6366,98.9545,97.0155,99.6243,94.8683,93.6056,90.8240,90.8240,87.4643,87.3212,84.3090,80.9506,79.6492,75.1332,72.7186,71.8679,69.6348,68.8186,66.0681,63.1269,63.7024,0.0000,0.0000,0.0000,0.0000,0.0000,0.0000,0.0000,0.0000,0.0000,0.0000,0.0000,0.0000
1700000033.350000,-62.0,98.3717,98.6813,101.2423,97.3088,98.8433,97.9439,100.1798,98.8382,97.0464,103.0776,103.7738,99.9850,102.0833,102.6255,98.4784,99.0202,98.8130,97.4166,97.8008,97.0052,100.6032,100.4241,96.2133,100.0050,99.3579,100.7671,101.3163,102.7278,95.5877,101.5332,98.2344,97.2008,98.8130,95.4411,96.0208,93.4773,92.3580,87.9204,88.8369,87.2353,85.0000,84.1190,78.7210,73.9256,73.9256,69.5701,72.7324,68.9638,65.7343,65.9697,59.8415,59.2115,0.0000,0.0000,0.0000,0.0000,0.0000,0.0000,0.0000,0.0000,0.0000,0.0000,0.0000,0.0000
1700000033.400000,-62.3,107.8703,105.5367,102.8397,101.3903,102.8834,99.9600,99.0202,102.7862,103.8171,101.3903,104.2785,102.0441,102.8591,104.6948,105.0952,102.0000,99.8499,101.1187,98.9798,101.2126,102.0000,101.7104,96.3846,100.7025,100.7025,99.8599,102.9029,104.8475,100.7025,102.9029,100.1699,100.8464,98.1122,99.3630,99.2975,95.7706,97.5295,92.1954,89.8999,88.9550,87.0919,81.9329,80.0062,75.2861,77.8845,73.4983,70.8308,72.1803,68.4690,66.3702,62.2896,66.0076,0.0000,0.0000,0.0000,0.0000,0.0000,0.0000,0.0000,0.0000,0.0000,0.0000,0.0000,0.0000
1700000033.450000,-63.8,104.0865,99.8499,106.1179,102.1763,100.0450,104.0192,104.0048,104.0048,103.0194,100.0050,105.0428,104.0769,106.1697,102.2399,100.4988,103.6967,100.6032,99.5038,99.7246,102.4890,102.5914,102.8251,102.5914,100.2846,101.2719,100.9752,99.8499,103.0970,100.8415,103.6967,100.2447,102.4890,99.3227,96.0208,98.1275,93.0215,96.0000,93.0484,89.1403,89.5600,87.5728,80.6226,82.2010,78.2624,78.6448,72.1249,73.3757,70.8378,65.9242,68.8767,64.4748,60.9016,0.0000,0.0000,0.0000,0.0000,0.0000,0.0000,0.0000,0.0000,0.0000,0.0000,0.0000,0.0000
1700000033.500000,-64.3,104.7855,100.4390,101.4347,101.4347,100.9752,102.5914,99.2472,100.1249,99.1816,105.1713,104.0048,105.0048,103.0194,103.0194,105.0048,102.0784,103.1746,100.1249,102.3132,104.5801,102.5914,99.6092,95.5249,99.9850,102.9563,100.1299,103.2473,99.7246,103.9471,101.4347,99.8499,100.8415,97.5141,99.2472,95.2575,97.0824,94.0213,90.0000,92.0000,87.1436,87.2066,84.2140,80.0999,76.7919,77.6466,71.1969,71.1969,72.0347,69.2604,66.0984,66.3099,63.9531,0.0000,0.0000,0.0000,0.0000,0.0000,0.0000,0.0000,0.0000,0.0000,0.0000,0.0000,0.0000
1700000033.550000,-60.7,105.0000,102.0441,106.1179,102.1225,102.7035,100.7174,104.2353,102.2595,102.7716,103.5761,107.8703,104.5610,107.4895,104.7855,103.8123,105.3613,102.7862,103.4456,103.4070,103.7304,103.4070,103.1213,102.1421,105.1095,103.4650,105.0048,101.5923,105.4751,100.4639,104.5466,101.5923,103.1213,102.7862,98.0816,99.6243,98.4937,96.7729,92.9624,91.5915,86.9770,88.2836,83.7257,83.3847,79.2275,77.1622,73.0616,72.0069,71.0000,69.1809,66.2722,63.9531,62.1691,0.0000,0.0000,0.0000,0.0000,0.0000,0.0000,0.0000,0.0000,0.0000,0.0000,0.0000,0.0000
1700000033.600000,-58.7,109.1650,109.0183,103.0049,106.0189,102.0784,102.0441,103.3925,103.3102,108.4620,104.2353,108.5035,106.0660,108.5035,106.7052,107.5174,107.8703,104.1393,100.4490,103.5857,104.1393,105.1190,106.2309,105.0190,105.5130,105.5130,105.2616,104.8093,107.9352,105.7733,105.5130,102.8397,102.8397,102.1078,101.7890,103.0970,99.1413,101.4938,94.1913,93.0000,91.0055,87.0057,85.0529,84.1487,79.1581,78.2304,75.6637,78.5175,73.0069,72.5328,68.3081,69.2604,67.7791,0.0000,0.0000,0.0000,0.0000,0.0000,0.0000,0.0000,0.0000,0.0000,0.0000,0.0000,0.0000
1700000033.650000,-63.4,106.2309,106.9766,109.4806,103.0922,108.4159,102.6158,103.5857,105.1190,102.7716,103.7545,103.7545,102.4207,109.4897,103.2473,104.3935,107.6708,105.1713,105.4751,105.3043,107.4663,103.3925,102.3963,100.4042,100.0800,107.2986,102.1225,105.0762,105.1190,107.1681,102.0784,103.3925,102.3963,102.5914,101.8332,101.2719,101.4347,96.6902,93.4077,92.0489,88.6002,88.6002,85.7030,85.7963,80.0562,78.3901,74.2428,76.0263,72.8972,72.5603,67.2012,67.6240,65.7951,0.0000,0.0000,0.0000,0.0000,0.0000,0.0000,0.0000,0.0000,0.0000,0.0000,0.0000,0.0000
1700000033.700000,-62.9,103.0776,106.4800,103.8460,111.1261,100.3045,102.7862,106.6208,103.8701,107.0187,104.2161,106.4378,109.5901,110.4762,106.9439,108.4066,107.5407,107.7033,101.7104,107.0747,106.5317,103.1746,104.0096,99.6243,102.6158,106.4002,106.4002,106.2121,103.0049,104.4031,105.4230,104.6231,103.8123,105.4372,103.1746,104.0433,99.0202,98.6154,96.2549,93.4773,97.0464,87.8465,88.6397,83.3847,83.7735,81.7068,78.7464,75.5844,74.4648,73.4983,69.0507,70.8590,70.1142,0.0000,0.0000,0.0000,0.0000,0.0000,0.0000,0.0000,0.0000,0.0000,0.0000,0.0000,0.0000
1700000033.750000,-59.1,105.0428,99.0454,107.4663,100.4988,102.7035,98.0051,100.2846,100.9752,104.3935,105.1190,104.7855,100.6628,103.4456,100.1699,101.0000,103.3247,102.4890,101.3903,99.3277,102.2008,99.0404,100.8811,101.8430,98.4327,102.6937,101.0198,103.4070,101.5135,101.2423,101.8430,102.4890,102.2008,102.1078,99.4636,100.2247,99.2472,96.7729,90.9340,87.8237,87.2812,87.3670,86.2090,85.0235,79.0253,78.0256,77.0584,71.3442,70.7107,67.4759,67.7422,67.4685,60.4401,0.0000,0.0000,0.0000,0.0000,0.0000,0.0000,0.0000,0.0000,0.0000,0.0000,0.0000,0.0000
1700000033.800000,-60.2,104.6614,102.5329,104.6900,102.6499,100.7671,101.6710,100.8960,101.2126,103.0049,103.0049,105.3945,104.3072,104.3072,102.9272,102.9272,104.4462,102.8834,102.4744,102.4207,102.0000,101.2126,102.4207,101.9657,101.6366,101.1336,100.7224,102.4158,102.4158,102.4597,102.4597,100.6231,102.8834,102.9563,99.1262,97.7548,96.8969,96.8969,93.4773,90.6973,88.6002,87.0057,85.0000,82.9759,75.7430,74.2765,73.5935,71.5052,70.1783,69.0290,67.0075,63.6003,62.7694,0.0000,0.0000,0.0000,0.0000,0.0000,0.0000,0.0000,0.0000,0.0000,0.0000,0.0000,0.0000
1700000033.850000,-63.7,109.2016,100.6876,105.3945,104.3072,100.4988,103.0776,105.1190,103.7690,98.8433,104.6518,105.9906,108.3374,106.5129,107.9352,102.5524,102.3181,103.8171,105.8489,104.0625,102.4597,102.3181,102.1812,103.0922,104.9952,104.3552,104.6948,103.7304,108.1573,103.1601,104.9952,105.6882,104.7521,102.6937,102.0441,100.8464,99.7447,97.0464,96.6488,91.3017,91.0659,89.3588,85.4459,87.2009,79.0253,80.4301,75.4321,73.5391,71.5052,70.0071,67.3573,64.6607,67.9559,0.0000,0.0000,0.0000,0.0000,0.0000,0.0000,0.0000,0.0000,0.0000,0.0000,0.0000,0.0000
1700000033.900000,-62.0,105.2093,98.8130,100.2098,100.7025,100.1249,100.3444,101.7104,101.1187,101.1187,100.1848,101.0742,104.2785,103.8701,104.5466,104.5466,105.4751,102.4597,102.1812,103.7304,101.1929,101.5135,100.2846,99.3277,102.8397,100.0000,102.6109,103.0776,102.3572,107.0047,100.8811,101.5332,98.6712,101.5135,100.9009,98.6712,99.1615,97.1700,93.9415,93.5201,89.8944,85.8662,83.6481,83.8630,77.3886,75.1665,75.4520,73.8173,73.2462,67.3573,67.8970,67.8970,64.6607,0.0000,0.0000,0.0000,0.0000,0.0000,0.0000,0.0000,0.0000,0.0000,0.0000,0.0000,0.0000
1700000033.950000,-63.1,100.0800,99.0051,99.0051,98.0051,98.1275,95.2575,98.8585,97.8673,99.1413,100.4490,101.9804,99.4636,101.2028,99.6895,98.4886,101.1385,99.2018,99.2018,99.0404,100.2846,98.3717,99.6243,98.6712,99.0202,99.6243,98.0816,100.3045,100.9009,98.3514,99.6243,98.3717,98.3717,98.0816,97.5295,95.8019,95.8019,94.1488,89.4427,88.4590,86.8332,84.3801,80.3057,81.0987,77.0260,74.0270,71.0000,69.0290,69.1158,67.2681,66.4831,63.1506,60.8769,0.0000,0.0000,0.0000,0.0000,0.0000,0.0000,0.0000,0.0000,0.0000,0.0000,0.0000,0.0000
1700000034.000000,-62.0,103.8171,103.4698,101.9510,103.3683,100.8464,103.3102,99.2975,99.7647,102.5768,101.2126,106.0000,102.6255,103.7304,102.3426,99.6243,106.0189,103.0049,98.6002,101.0445,102.9417,99.0202,100.2646,100.2646,102.7278,103.3247,104.8046,104.7378,103.3925,101.1781,103.2763,100.7671,104.2353,103.0776,100.4241,100.6032,96.4002,96.4002,95.4149,92.6553,89.5545,87.8180,85.0882,83.1865,79.6241,77.3886,76.1577,71.1688,72.7324,69.6419,71.0634,67.4685,66.7533,0.0000,0.0000,0.0000,0.0000,0.0000,0.0000,0.0000,0.0000,0.0000,0.0000,0.0000,0.0000
1700000034.050000,-65.5,101.2719,99.0404,104.5610,100.0000,104.1201,97.7190,99.9600,100.0900,103.2473,104.5466,103.6195,105.4751,104.7855,100.4639,101.1336,107.3313,100.6479,105.0952,102.8834,98.4886,100.1848,103.3102,101.1187,101.3558,103.9423,98.9798,101.2126,102.5768,99.2824,104.7091,99.2975,101.0742,103.3102,99.3177,99.9250,101.0198,94.3398,94.5780,91.0824,87.0919,86.1278,85.3756,86.5852,77.4661,75.8024,75.4255,70.1142,72.0625,72.1110,70.0071,66.2722,63.3877,0.0000,0.0000,0.0000,0.0000,0.0000,0.0000,0.0000,0.0000,0.0000,0.0000,0.0000,0.0000
1700000034.100000,-63.2,104.2353,101.7890,103.4070,103.5857,100.7174,104.3072,102.1225,100.0450,104.0048,100.0050,103.0437,102.0441,104.0769,104.0769,105.0762,103.5857,100.7174,103.5857,103.9471,102.8251,102.5914,100.9752,99.1413,101.0000,101.2028,101.2028,101.7890,101.2028,106.0990,101.2028,100.8067,105.3803,104.8093,98.7320,97.3293,96.1301,95.5249,95.0474,93.0860,90.0888,85.0529,86.0523,85.2115,78.2304,76.3217,74.4312,72.0069,71.3863,67.4685,68.1542,66.4078,62.7694,0.0000,0.0000,0.0000,0.0000,0.0000,0.0000,0.0000,0.0000,0.0000,0.0000,0.0000,0.0000
1700000034.150000,-60.7,100.9604,98.6712,99.6243,99.6243,102.1812,100.8464,99.3177,97.9439,97.5090,100.6479,102.8591,100.3444,98.9798,101.8725,100.3444,101.8332,100.6876,101.5135,100.8018,100.4241,97.8008,99.6394,100.6032,99.4887,98.0816,96.2133,102.7278,98.7168,98.7168,101.3163,101.5332,101.8283,101.5332,97.0052,95.2103,96.8349,94.8736,92.1141,90.2109,86.0930,85.9593,85.0000,84.5813,75.5844,74.6860,71.1758,71.8679,69.2892,69.6419,68.6586,64.3273,63.2851,0.0000,0.0000,0.0000,0.0000,0.0000,0.0000,0.0000,0.0000,0.0000,0.0000,0.0000,0.0000
1700000034.200000,-61.2,102.9029,101.2571,101.7104,100.4988,98.9798,97.0464,104.6518,100.7224,104.2785,105.6030,103.4698,102.0441,104.1777,104.5466,101.9510,105.3043,102.1421,100.5783,101.9215,103.8460,98.2344,100.6628,101.1385,100.6628,100.8960,98.4886,101.2028,101.8676,101.6366,104.7855,97.7446,105.9906,104.5610,98.3717,98.0816,97.7394,95.5196,91.7606,93.7763,87.3212,89.0000,85.8662,82.7345,80.1311,75.8024,74.6257,71.2811,72.6705,66.4003,69.4262,65.7647,65.7647,0.0000,0.0000,0.0000,0.0000,0.0000,0.0000,0.0000,0.0000,0.0000,0.0000,0.0000,0.0000
1700000034.250000,-60.9,106.5692,110.7655,100.8415,110.3177,103.7545,103.1601,104.5466,105.7733,101.2423,102.8834,106.6068,107.8378,106.9766,107.9120,108.0787,104.9238,109.1650,105.5509,110.0182,109.5673,103.7690,103.3538,100.7224,106.9439,104.6566,107.9120,106.8504,104.9571,108.7566,106.0000,109.2749,108.4066,106.1744,104.3168,103.3538,99.2975,99.9250,95.0789,95.8593,92.3093,86.9253,90.1388,85.7030,85.0706,81.7435,74.4648,72.8011,72.7805,72.9931,70.1142,70.0643,69.0000,0.0000,0.0000,0.0000,0.0000,0.0000,0.0000,0.0000,0.0000,0.0000,0.0000,0.0000,0.0000
1700000034.300000,-62.5,102.1421,98.6712,103.4070,100.9009,104.0000,98.4886,98.4886,101.5529,102.0000,100.2397,106.1744,101.7104,101.5480,105.1190,105.1523,101.5135,101.2571,98.4733,99.2018,102.6499,98.4733,101.4002,99.0202,100.7671,102.0686,101.3163,103.0776,100.7671,102.1763,101.8283,102.3035,100.2098,100.8018,99.0454,95.6922,97.3499,94.5780,93.4933,92.7847,88.1192,87.2353,84.5340,84.8646,82.3468,74.6324,72.1110,72.8011,73.0821,71.8401,67.4685,63.9531,65.2763,0.0000,0.0000,0.0000,0.0000,0.0000,0.0000,0.0000,0.0000,0.0000,0.0000,0.0000,0.0000
1700000034.350000,-59.3,106.2168,103.4795,104.8093,103.6002,103.8123,100.9554,103.7738,101.8725,104.9571,105.1903,107.9120,106.0047,105.1190,105.0952,104.2017,105.5509,102.9563,104.2785,103.0776,105.3091,103.4698,104.1777,101.5923,103.7304,102.7862,102.7862,105.0048,105.3423,104.0625,106.2826,104.1777,102.3181,105.3091,101.1336,100.6479,101.5185,98.8382,96.2549,92.7847,90.2109,89.8888,85.7030,85.4459,80.6040,79.0253,76.8375,74.4110,72.1249,71.4213,70.0357,65.9469,65.8027,0.0000,0.0000,0.0000,0.0000,0.0000,0.0000,0.0000,0.0000,0.0000,0.0000,0.0000,0.0000
1700000034.400000,-64.4,102.1421,100.9604,101.2028,101.8676,101.4150,100.8067,99.9850,98.6154,100.8415,102.4890,102.3132,103.3102,103.3102,102.1763,102.1763,100.0450,103.0776,97.1288,103.0194,103.0194,102.0049,103.0194,102.0196,102.0784,103.0000,100.0200,99.1262,102.1225,99.0454,102.1225,103.0000,102.0441,104.0192,103.0049,102.1225,98.1835,98.3260,94.7629,93.3809,86.4928,87.0976,86.5852,83.9345,78.1601,79.4040,75.2728,75.3923,71.1758,68.8767,66.6483,65.5134,62.6817,0.0000,0.0000,0.0000,0.0000,0.0000,0.0000,0.0000,0.0000,0.0000,0.0000,0.0000,0.0000
1700000034.450000,-56.1,104.4031,104.5466,103.3683,104.2161,101.5185,103.3538,103.3538,102.9563,103.2473,103.4650,106.5317,105.6835,105.6835,105.4372,106.0189,104.2017,103.2327,101.8283,103.0776,103.7111,101.6710,103.4795,100.7671,102.5914,104.7378,103.3247,105.4751,104.0625,104.7378,103.3925,104.9952,104.9952,103.7111,100.4241,100.0000,98.0051,98.2293,93.1933,92.1141,91.4166,88.3233,87.3212,84.0773,80.9568,78.3901,75.3923,74.9466,73.0548,71.5681,68.1542,67.6831,65.6201,0.0000,0.0000,0.0000,0.0000,0.0000,0.0000,0.0000,0.0000,0.0000,0.0000,0.0000,0.0000
1700000034.500000,-60.1,112.6099,104.2353,102.4500,105.2093,102.4500,99.6243,103.7304,106.5317,103.7738,98.9798,104.3168,107.3546,106.8925,101.9657,106.0047,108.8531,102.9563,103.3683,106.2309,99.3680,105.8489,105.4751,102.6937,102.4597,102.7862,105.4751,102.7862,107.2054,99.6243,103.0922,100.3045,106.9766,105.1095,99.9250,98.6154,99.7447,99.3177,98.0051,90.0500,91.9239,92.4392,83.8630,86.0233,81.6088,80.6040,78.8733,71.5891,72.2496,70.0071,69.5270,68.0147,67.4240,0.0000,0.0000,0.0000,0.0000,0.0000,0.0000,0.0000,0.0000,0.0000,0.0000,0.0000,0.0000
1700000034.550000,-62.3,100.3195,100.7174,98.9949,98.3107,98.3107,96.1041,97.2677,97.5141,98.0816,98.3717,99.9300,101.5135,99.2975,99.0202,99.0202,96.3846,97.1700,95.4620,99.9250,96.7729,94.4299,96.6075,95.7549,98.4886,95.2733,99.3630,96.7471,98.3870,98.8433,100.7224,95.7079,98.8433,99.3177,98.4886,91.9239,95.6347,95.5196,88.2553,88.5438,86.4002,85.8662,81.7435,82.2253,75.3127,75.1332,72.3395,70.1783,68.3593,68.0294,69.0072,63.0079,65.1920,0.0000,0.0000,0.0000,0.0000,0.0000,0.0000,0.0000,0.0000,0.0000,0.0000,0.0000,0.0000
1700000034.600000,-60.8,102.1763,98.8585,103.2473,100.2846,101.2028,101.9804,99.2018,101.9215,101.8332,101.1385,102.4890,101.1929,103.0922,103.7304,103.1213,105.8489,102.4597,98.4886,101.6366,102.8834,103.8701,102.0441,99.7447,101.1187,101.0742,102.8591,99.8499,102.4597,104.2017,101.1187,102.0441,99.2824,102.0441,97.6934,98.0867,96.3846,95.5196,91.7061,96.5660,89.2861,87.5557,82.7647,87.3212,79.0759,77.1038,75.6637,76.2365,72.2496,71.0070,68.0000,66.1211,67.2681,0.0000,0.0000,0.0000,0.0000,0.0000,0.0000,0.0000,0.0000,0.0000,0.0000,0.0000,0.0000
1700000034.650000,-59.5,99.9250,102.3181,102.7862,99.3680,102.1421,102.4890,101.9215,101.4150,102.3572,104.5610,101.6366,101.9804,105.0762,104.2353,103.7545,103.9471,98.5089,98.6154,100.7174,102.8251,103.8171,103.3102,98.0816,105.0048,103.0776,100.0800,105.1713,104.0433,104.0192,102.0441,102.1225,104.1729,103.5857,100.9752,98.0051,99.7246,96.1769,92.4175,94.9210,89.0225,89.2861,83.8153,83.1685,80.6536,79.8499,74.4648,74.8465,72.4983,71.1196,68.0955,68.6003,66.4003,0.0000,0.0000,0.0000,0.0000,0.0000,0.0000,0.0000,0.0000,0.0000,0.0000,0.0000,0.0000
1700000034.700000,-62.4,105.3945,104.3072,103.5857,102.5768,105.1190,96.1509,103.3683,100.8464,104.7855,107.9352,103.2473,104.7521,105.0048,106.6255,105.9481,102.2008,100.0000,102.8834,100.6628,99.4585,101.9215,102.6109,100.4390,99.8248,103.7545,105.7213,101.4347,106.3015,104.1393,103.7545,98.7168,101.6366,101.8676,99.4585,100.2447,99.3277,93.3006,93.9840,92.4770,92.1141,86.3308,82.7647,83.6481,78.2624,80.2621,75.1665,72.9452,73.2393,71.4003,68.6804,67.9412,66.6033,0.0000,0.0000,0.0000,0.0000,0.0000,0.0000,0.0000,0.0000,0.0000,0.0000,0.0000,0.0000
1700000034.750000,-59.5,102.8834,107.7868,101.1187,106.0047,102.0833,101.8725,103.4456,104.0096,104.8475,103.2279,103.6002,104.4845,103.4795,105.1190,107.4151,100.4241,109.6358,99.8098,106.0424,100.4241,101.0445,106.0424,100.6578,106.0660,103.9663,104.6900,106.4049,101.3163,108.3744,101.0445,102.3035,101.4002,105.4372,98.2293,97.3499,96.5194,98.2293,95.7183,92.7847,89.9444,85.4927,88.5664,79.6241,79.8499,78.7464,75.8947,73.0069,71.3863,67.0820,70.2140,68.8840,67.0671,0.0000,0.0000,0.0000,0.0000,0.0000,0.0000,0.0000,0.0000,0.0000,0.0000,0.0000,0.0000
1700000034.800000,-61.5,104.6948,105.1190,103.4456,106.0660,101.3558,103.4650,104.8475,102.9029,104.2929,103.6002,106.0424,105.7592,107.0561,104.9952,102.1763,105.6456,104.0048,101.2373,103.3925,104.0048,100.4988,104.0048,102.5524,103.3925,103.9663,101.1187,105.4751,105.4182,105.4182,102.5914,101.1781,103.9663,103.3925,101.2373,99.2472,99.0202,98.7168,96.6075,89.4036,92.4175,89.8888,85.7030,83.5284,78.8923,79.6492,73.3485,76.9675,73.9256,71.8679,68.9638,69.6419,68.4471,0.0000,0.0000,0.0000,0.0000,0.0000,0.0000,0.0000,0.0000,0.0000,0.0000,0.0000,0.0000
1700000034.850000,-64.9,100.2247,101.9215,102.4890,98.9798,97.0824,102.4597,95.6347,102.1567,99.9250,98.8433,103.7545,101.0792,102.9563,102.0833,103.3538,102.9563,101.7104,101.2126,103.7738,99.6444,99.6444,99.2975,97.3499,98.8130,99.6243,99.0454,99.0454,99.8649,102.9272,102.3426,102.6255,101.0198,101.5480,96.5660,99.9850,94.0213,94.8103,91.2360,90.3770,87.8465,86.7295,86.7295,83.4865,80.6536,74.3303,73.4983,75.1864,68.2495,70.8590,67.4759,67.1193,64.0078,0.0000,0.0000,0.0000,0.0000,0.0000,0.0000,0.0000,0.0000,0.0000,0.0000,0.0000,0.0000
1700000034.900000,-60.8,103.4650,94.3027,101.2571,96.0208,99.8098,94.6414,97.3088,99.2472,102.0686,103.2763,99.7246,99.7046,100.4092,101.8627,99.0051,104.8904,96.2601,100.4191,92.9570,97.9490,94.9210,98.8585,97.6166,98.2344,99.6394,97.4526,100.2646,102.1763,99.2472,101.4150,94.3663,98.3514,96.1769,96.1665,96.8762,96.1769,91.9674,89.9389,89.2749,86.0523,86.2149,80.2808,82.0975,74.8866,78.2304,73.0616,72.4500,69.3181,67.2309,66.1287,64.8460,60.8769,0.0000,0.0000,0.0000,0.0000,0.0000,0.0000,0.0000,0.0000,0.0000,0.0000,0.0000,0.0000
1700000034.950000,-66.2,105.0809,103.1601,101.2028,103.3683,101.4347,101.0000,100.4490,102.1078,101.9657,100.3195,101.3163,105.1713,105.0762,101.0198,104.0769,103.0049,104.0048,100.0200,104.0769,103.0194,99.0000,104.0769,99.0808,102.3132,101.3163,100.2447,103.2376,99.2472,101.1781,98.3260,102.1225,102.1225,103.0000,98.0000,100.0050,97.0206,97.0464,91.0879,90.3549,91.3510,87.9659,82.7345,83.1865,77.6660,77.8781,75.9605,75.9605,71.7844,69.0797,69.3542,65.3070,67.2309,0.0000,0.0000,0.0000,0.0000,0.0000,0.0000,0.0000,0.0000,0.0000,0.0000,0.0000,0.0000
1700000035.000000,-62.7,99.3579,104.7378,101.1385,103.2376,105.3803,99.9050,102.1763,98.2344,102.4500,100.2098,103.0049,101.8332,104.2929,105.9481,103.1746,102.0833,105.1523,97.6371,101.7104,103.4456,102.2155,100.3444,100.1848,98.0051,102.4158,102.8591,102.9563,101.0742,101.9657,101.5185,102.0833,101.2126,102.0833,100.3444,100.1249,97.3499,94.3027,95.6033,90.2718,93.0054,84.3860,83.6301,82.8070,77.7946,75.6902,75.0067,75.0067,74.0270,69.4046,70.2140,65.5134,64.4127,0.0000,0.0000,0.0000,0.0000,0.0000,0.0000,0.0000,0.0000,0.0000,0.0000,0.0000,0.0000
1700000035.050000,-63.1,107.7126,106.0424,104.4845,102.0049,110.8016,101.8332,104.8475,103.4650,106.5317,104.1009,106.5505,107.9120,107.9120,106.5505,107.3546,108.2266,103.3683,104.6948,104.0000,106.6208,102.8834,105.7024,103.6195,103.7304,105.6882,104.1777,107.8378,105.1095,105.1095,106.9766,100.4639,102.5524,105.3091,103.3102,104.2785,98.8433,101.9804,98.8838,93.4933,91.5860,90.6973,88.7525,85.6037,83.0060,79.6492,76.4853,75.1665,73.5935,68.6804,71.5891,66.8431,66.0303,0.0000,0.0000,0.0000,0.0000,0.0000,0.0000,0.0000,0.0000,0.0000,0.0000,0.0000,0.0000
1700000035.100000,-61.6,101.2423,97.4064,101.3903,97.3088,96.3846,96.6644,98.8382,99.7647,99.2975,98.9798,102.7278,101.2423,101.2423,101.2423,100.7025,100.4390,97.8008,100.2098,97.2008,98.2344,99.8098,97.4166,97.0052,100.0050,100.1249,100.1249,100.6578,100.8960,97.3088,99.3579,97.0052,97.8008,97.2008,95.2103,93.2309,94.0479,94.0319,90.5538,88.6848,89.0674,84.5991,81.8596,81.0247,78.9240,72.2357,74.3303,72.1249,71.8401,69.4262,67.9117,63.9531,61.2944,0.0000,0.0000,0.0000,0.0000,0.0000,0.0000,0.0000,0.0000,0.0000,0.0000,0.0000,0.0000
1700000035.150000,-62.8,98.3107,100.0200,100.6231,100.2247,96.5401,96.3016,99.0404,96.5660,99.9600,99.6243,100.3045,100.8464,103.8171,99.0051,99.9250,98.8989,98.4124,99.7447,95.2733,97.9898,98.8838,98.8382,96.1509,99.4786,98.0051,98.4124,99.4786,99.7647,98.0051,99.9850,100.1798,99.2975,99.3177,96.6644,97.1700,96.3846,93.1075,88.9550,86.6487,85.3815,84.2021,79.8123,82.9759,75.9276,75.5050,71.8471,74.5453,68.5930,68.2642,64.0078,65.1230,63.2851,0.0000,0.0000,0.0000,0.0000,0.0000,0.0000,0.0000,0.0000,0.0000,0.0000,0.0000,0.0000
1700000035.200000,-61.8,106.9626,109.8772,102.9417,108.0741,103.0049,108.4666,102.6499,104.0096,103.4650,101.8725,106.6771,102.0000,109.1787,105.5888,106.0047,107.3313,105.6030,98.8989,106.1037,103.3683,104.3887,104.9238,96.5660,104.3552,103.1213,103.8171,104.0625,104.1777,105.1095,103.8171,104.0000,107.3359,103.4698,102.3181,101.9804,99.3177,101.0742,95.2575,94.6678,92.2822,85.9826,88.2043,82.0975,81.6088,78.2432,78.1025,74.5185,73.5527,70.0071,68.6222,68.8840,65.8027,0.0000,0.0000,0.0000,0.0000,0.0000,0.0000,0.0000,0.0000,0.0000,0.0000,0.0000,0.0000
1700000035.250000,-64.4,98.0051,100.4390,98.4733,100.4988,99.9850,101.5972,96.3846,100.6479,98.8382,98.4124,101.1336,98.4327,105.1190,101.3903,101.3903,97.0824,98.6712,94.2444,96.7678,100.9009,97.4166,96.8401,93.6803,95.5667,100.8067,97.8008,100.6628,99.0404,102.6109,97.7446,103.3247,98.0816,95.5196,98.0816,95.5196,94.5780,89.6939,91.2853,88.1419,84.9706,80.0625,84.0773,78.2624,76.8505,76.5506,71.8471,72.8011,72.2011,65.9469,64.5368,62.2415,61.7171,0.0000,0.0000,0.0000,0.0000,0.0000,0.0000,0.0000,0.0000,0.0000,0.0000,0.0000,0.0000
1700000035.300000,-57.9,103.2376,100.6032,104.2353,99.8499,101.1187,100.0200,99.6895,100.8960,103.0776,102.8834,106.0424,103.4456,104.0433,103.0922,102.4597,104.6757,101.2423,101.8430,99.1615,101.3903,101.3903,102.1567,102.1567,102.9563,102.5524,101.1336,103.7882,104.2785,100.3195,103.8701,99.5389,102.6937,100.0900,98.6813,98.0306,98.9798,96.1665,91.9239,91.2195,89.0505,88.4590,84.0119,83.8630,78.4092,76.3217,75.2396,75.0600,72.0000,70.0286,68.2642,67.4759,64.1327,0.0000,0.0000,0.0000,0.0000,0.0000,0.0000,0.0000,0.0000,0.0000,0.0000,0.0000,0.0000
1700000035.350000,-63.1,99.7447,99.2824,98.9798,100.3444,97.4166,98.1835,97.9081,98.1835,99.0454,97.8008,100.4390,100.1249,100.7671,101.6710,102.1763,100.0050,103.3247,98.4124,99.0051,96.9381,95.5249,100.4490,95.4830,99.7647,97.5910,99.8248,98.4124,97.5910,98.2904,95.4830,99.0051,101.8332,98.2904,95.4620,94.1116,92.3147,93.4077,88.4081,88.0057,86.8217,81.8413,83.7616,81.3019,78.5493,73.9256,72.4707,69.3542,70.3847,65.1920,67.6757,65.2533,63.9531,0.0000,0.0000,0.0000,0.0000,0.0000,0.0000,0.0000,0.0000,0.0000,0.0000,0.0000,0.0000
1700000035.400000,-60.9,99.7447,96.6075,97.1700,95.6347,98.2344,94.5780,96.1353,98.0306,97.0824,95.2103,97.2934,97.7446,97.5141,95.3415,97.2677,95.3415,94.7259,91.4112,98.3107,96.5091,95.1262,94.0479,94.2019,95.4254,94.6414,97.4166,99.4082,95.6347,97.8673,94.4299,95.5249,96.6902,96.5091,93.3916,92.8924,89.2693,91.6788,86.6833,86.3308,83.1685,80.4114,81.1542,76.5572,75.5844,74.2496,70.2353,73.0616,69.3397,63.5138,63.0079,64.6607,58.6941,0.0000,0.0000,0.0000,0.0000,0.0000,0.0000,0.0000,0.0000,0.0000,0.0000,0.0000,0.0000
1700000035.450000,-60.8,98.1835,100.4042,97.5141,102.4890,94.6414,100.1299,98.3107,96.8814,98.4784,96.5660,100.9604,98.0306,99.6243,98.3717,104.4031,96.4624,102.4597,97.4166,99.6243,95.5196,97.1442,98.2344,93.6376,99.5389,99.8098,96.6644,98.4886,96.2549,103.4698,97.1700,101.9510,98.6154,97.1442,92.3472,94.9210,91.7061,93.9628,91.7606,87.5557,88.6454,82.2010,86.9770,78.2624,77.4145,75.3260,75.2396,70.0643,67.0000,65.1230,66.0681,64.2806,61.9839,0.0000,0.0000,0.0000,0.0000,0.0000,0.0000,0.0000,0.0000,0.0000,0.0000,0.0000,0.0000
1700000035.500000,-60.2,98.7168,96.3172,97.6729,97.3242,94.3663,94.2603,94.7629,94.4299,96.3328,97.1854,98.0459,97.0052,100.0000,99.0051,97.0206,95.0053,93.0484,95.0000,97.1854,94.0479,94.1329,95.2575,93.1343,92.5419,96.6282,96.3328,96.4210,95.4254,96.2549,96.6282,93.2631,91.0879,98.0051,92.0054,95.0210,90.0056,90.0056,86.0930,85.3756,84.4808,80.7527,76.9415,78.4474,76.6551,72.1249,71.1688,69.2892,69.6419,67.0671,63.3246,62.1772,59.6825,0.0000,0.0000,0.0000,0.0000,0.0000,0.0000,0.0000,0.0000,0.0000,0.0000,0.0000,0.0000
1700000035.550000,-61.9,100.6032,98.4733,97.6371,98.4784,99.1262,97.1288,100.8464,96.6488,96.6023,98.3870,100.6479,101.2373,101.0198,99.9250,99.0051,97.4987,100.4639,95.2733,98.3514,98.6813,99.0202,99.0202,96.1665,94.6414,99.3277,97.5295,97.5295,98.3717,97.5295,94.3716,96.7678,96.7988,95.5196,92.4770,94.3398,94.5410,94.7048,90.8020,87.6584,88.1192,84.2199,78.5493,78.7718,77.1751,73.0069,70.6045,69.2026,69.4262,64.3817,65.7647,62.2415,62.6259,0.0000,0.0000,0.0000,0.0000,0.0000,0.0000,0.0000,0.0000,0.0000,0.0000,0.0000,0.0000
1700000035.600000,-56.3,97.6217,95.5249,97.8673,95.7549,93.7710,95.1262,96.1041,96.5401,96.5660,98.3717,99.4585,95.5196,101.9510,93.3006,98.0816,98.0816,93.9840,93.4077,94.5410,98.0867,95.8541,94.8103,94.9368,95.2575,96.2549,95.2575,98.3870,94.3716,93.4773,97.9439,96.6075,94.9368,95.3415,95.3415,93.6376,90.1388,90.1388,89.5600,85.1645,82.7103,82.5651,79.4292,75.8024,75.9539,73.9797,69.3542,69.1809,64.0312,65.0077,64.0312,64.0703,61.6604,0.0000,0.0000,0.0000,0.0000,0.0000,0.0000,0.0000,0.0000,0.0000,0.0000,0.0000,0.0000
1700000035.650000,-64.0,98.8433,99.2824,100.4988,98.8838,96.0417,93.8136,93.8136,97.3499,96.5194,98.2293,99.8098,99.4032,100.2646,99.4887,100.4241,99.3579,97.8366,97.1854,94.8472,94.8472,97.1854,96.9381,92.8493,95.4830,95.4830,96.1665,99.7046,97.5807,98.9949,95.4620,95.5877,94.9210,96.4261,92.8009,94.6414,87.8009,89.2020,90.4434,86.2670,87.9204,81.6333,81.9878,77.3692,76.4788,71.6938,71.3092,69.6419,66.0984,65.1460,66.9403,62.5859,63.1981,0.0000,0.0000,0.0000,0.0000,0.0000,0.0000,0.0000,0.0000,0.0000,0.0000,0.0000,0.0000
1700000035.700000,-63.1,105.4230,103.0049,102.3426,104.0096,102.3963,101.8725,102.2155,101.2126,104.7091,102.0000,104.2017,105.5509,105.9906,104.6948,104.7855,104.3887,103.6195,101.3903,103.2473,103.8171,103.2473,102.1812,101.2423,103.4070,102.4597,102.4597,103.0922,102.7862,102.7862,100.5684,101.9510,102.3181,103.0776,98.0867,97.5756,95.7079,97.4936,94.8947,91.4166,88.8369,85.4400,84.5991,81.8413,78.4092,76.8375,73.7564,72.9178,71.4493,67.8970,66.6033,66.0681,62.6817,0.0000,0.0000,0.0000,0.0000,0.0000,0.0000,0.0000,0.0000,0.0000,0.0000,0.0000,0.0000
1700000035.750000,-61.5,96.5194,95.6347,95.5249,95.7549,93.2148,91.4112,92.8924,93.1451,92.3472,95.3363,98.3717,95.5092,96.1353,96.7678,93.6376,93.9840,90.6201,94.3398,93.1075,95.8541,94.4299,94.0213,94.4299,93.9415,93.4719,90.3770,93.4719,93.4719,89.4427,95.7079,92.7038,90.6201,92.3093,90.2497,90.2497,87.6641,86.3308,84.4808,81.7435,81.4923,78.6448,78.6448,75.1332,70.5762,70.4557,66.1891,68.0661,65.0000,64.0078,61.0328,58.4209,57.8705,0.0000,0.0000,0.0000,0.0000,0.0000,0.0000,0.0000,0.0000,0.0000,0.0000,0.0000,0.0000
1700000035.800000,-62.2,103.1601,99.1413,100.8415,98.6154,97.3293,99.2472,99.1816,99.1262,98.0204,101.0198,100.0450,102.0196,101.0445,99.0051,99.0808,100.0450,100.1249,95.1315,98.1275,97.3293,97.5141,97.5141,97.4166,98.1529,98.4124,98.4124,98.9949,97.4166,97.5141,94.5304,99.0808,97.3293,97.2523,93.1343,93.0860,93.0000,92.0869,89.4539,87.2812,83.4865,85.5862,82.0366,78.6384,76.1577,72.3671,68.6804,68.8840,71.7844,67.6757,63.5059,63.5295,64.6607,0.0000,0.0000,0.0000,0.0000,0.0000,0.0000,0.0000,0.0000,0.0000,0.0000,0.0000,0.0000
1700000035.850000,-64.2,101.4002,97.6524,99.8599,99.5691,99.1262,97.2471,95.7131,96.1769,97.0464,101.0792,96.1769,99.9250,98.7927,99.7246,97.8621,101.1929,96.7678,96.1353,99.6243,100.0000,96.8401,96.3016,95.3363,98.4886,95.1262,98.7168,96.3172,96.5401,96.3172,97.5141,97.5295,96.0469,99.0404,95.6033,92.0489,92.9731,90.4434,86.6487,85.7963,84.5044,82.8553,81.7068,81.4371,76.5376,73.4302,68.9638,69.8355,68.5055,67.8012,66.2193,63.7809,60.1082,0.0000,0.0000,0.0000,0.0000,0.0000,0.0000,0.0000,0.0000,0.0000,0.0000,0.0000,0.0000
1700000035.900000,-58.7,103.3247,99.9050,101.8627,97.5910,101.9117,99.1564,99.8248,100.7671,101.4150,102.2008,97.6524,100.6876,101.7890,102.6255,105.4372,101.8725,98.4784,99.9850,100.3444,102.9272,99.5691,101.8725,97.1288,100.2247,100.1798,100.1848,101.0742,100.1848,101.0742,100.6231,96.8969,97.9439,101.7890,96.5194,95.6922,95.9635,93.7443,92.0054,88.6002,85.2760,85.1469,82.9759,81.3204,76.4199,76.6942,73.6003,74.0608,69.6348,66.8506,68.2422,63.6318,63.9531,0.0000,0.0000,0.0000,0.0000,0.0000,0.0000,0.0000,0.0000,0.0000,0.0000,0.0000,0.0000
1700000035.950000,-59.1,97.1854,95.5249,96.6282,94.7629,95.1893,92.7631,97.6729,91.9837,96.5401,97.5141,97.8008,98.3717,98.6712,95.8175,97.4166,94.8683,92.3580,92.6984,94.3398,97.1442,93.3006,95.0789,93.0484,93.9415,98.6154,94.9368,99.0051,96.2549,96.2549,97.6934,92.4770,93.0484,90.4765,90.1388,91.3947,88.8876,87.6413,84.6463,82.2253,85.1469,79.2465,78.0897,78.6384,69.4622,72.0625,68.1836,69.1158,66.0000,64.0703,65.1920,64.4981,60.8276,0.0000,0.0000,0.0000,0.0000,0.0000,0.0000,0.0000,0.0000,0.0000,0.0000,0.0000,0.0000
1700000036.000000,-61.7,107.0747,100.1798,104.4797,100.9752,104.2353,98.1529,101.7890,103.1601,100.6628,105.9906,103.0776,104.4031,104.1201,99.0404,98.4937,103.4070,99.6243,101.5332,98.0306,101.0198,98.3514,99.0051,99.1615,100.3195,98.8989,99.0051,100.4639,102.0441,96.2549,102.0441,95.5196,103.7304,98.3514,98.6712,96.7678,97.4166,96.5660,92.7631,88.0738,84.7231,84.1724,81.2158,81.3941,78.2304,79.2275,73.0616,73.0069,71.0634,70.3491,65.1920,68.3593,65.0000,0.0000,0.0000,0.0000,0.0000,0.0000,0.0000,0.0000,0.0000,0.0000,0.0000,0.0000,0.0000
1700000036.050000,-61.3,105.3091,95.6347,100.2447,95.5196,97.4166,94.6414,98.4937,96.3016,102.3914,100.0200,104.1393,101.4347,100.8415,100.2846,96.3379,99.8499,95.4254,99.5038,95.2575,100.3195,95.5249,100.2447,98.3260,99.0202,98.0459,94.1913,100.0800,98.0816,95.1315,98.0459,95.4254,95.2575,99.4082,95.1893,94.6414,92.3959,91.4112,89.2693,87.5557,83.1986,85.6154,76.9220,82.5409,75.0267,74.3236,73.0069,70.6824,71.1196,65.7647,65.0000,67.1193,63.2535,0.0000,0.0000,0.0000,0.0000,0.0000,0.0000,0.0000,0.0000,0.0000,0.0000,0.0000,0.0000
1700000036.100000,-59.4,100.1249,97.7446,100.4988,95.4830,96.8762,94.8472,97.0824,95.9010,99.3579,99.4887,101.4002,98.8130,101.4002,99.4032,96.5194,104.0096,95.9635,97.9439,101.2423,97.9439,96.7988,97.4166,98.9798,99.7647,98.4124,97.1288,99.2975,98.9798,92.6607,104.3168,94.6678,97.9439,95.7183,92.6553,93.4773,97.0824,91.6079,87.4586,86.5563,82.8794,85.1469,79.9812,79.9062,74.2765,71.4493,70.9366,72.4224,68.6003,67.6757,63.6318,64.0078,61.7171,0.0000,0.0000,0.0000,0.0000,0.0000,0.0000,0.0000,0.0000,0.0000,0.0000,0.0000,0.0000
1700000036.150000,-64.1,99.1262,99.0202,98.4733,97.6524,100.0000,97.8008,96.0469,96.4261,101.2373,99.2472,101.1385,99.7647,100.4988,98.2904,95.4620,99.1564,98.4124,99.0858,96.3328,99.9050,99.0858,94.6414,95.7758,97.0052,99.3579,99.4032,98.4073,100.2646,99.6394,99.0202,94.3663,97.9490,95.6713,94.0691,96.1769,94.0479,91.9674,88.6172,87.2066,84.0238,84.3860,78.6003,80.7094,77.1038,74.8866,71.8679,67.1193,69.9714,65.7419,65.9242,64.1950,59.9083,0.0000,0.0000,0.0000,0.0000,0.0000,0.0000,0.0000,0.0000,0.0000,0.0000,0.0000,0.0000
1700000036.200000,-59.8,97.0464,97.0464,97.0824,96.6075,98.6154,95.1893,98.9798,93.6056,96.8401,97.8008,100.4241,97.7446,96.1041,96.3172,96.1041,99.8248,94.5410,98.1529,95.1893,96.3379,95.0368,92.9139,93.5361,98.3260,94.4299,94.4299,95.3363,95.4254,92.2659,99.4082,93.0591,99.8499,97.8673,91.5915,94.5410,90.0278,91.2195,87.5557,83.6780,80.0812,84.7585,79.7120,75.6108,76.3217,73.0069,71.1126,68.8840,66.7308,64.1405,61.8547,61.0737,57.3149,0.0000,0.0000,0.0000,0.0000,0.0000,0.0000,0.0000,0.0000,0.0000,0.0000,0.0000,0.0000
1700000036.250000,-63.0,102.1078,96.7729,99.3277,98.7623,98.6712,95.8593,97.3088,98.2344,100.4639,97.9898,95.2733,99.2975,99.2975,98.8382,99.7647,98.0051,100.3444,94.4140,96.2549,98.4784,94.0213,94.6678,94.8683,95.6922,93.4773,98.7370,95.6922,97.6371,96.0208,97.0824,95.7183,94.8736,95.1893,93.6483,96.0417,92.1792,90.7855,89.0056,85.0882,83.9345,82.4621,81.3449,78.4474,74.0405,77.8845,70.8308,69.8570,66.2873,65.5134,64.4981,64.1249,58.0086,0.0000,0.0000,0.0000,0.0000,0.0000,0.0000,0.0000,0.0000,0.0000,0.0000,0.0000,0.0000
1700000036.300000,-62.6,95.8801,94.8683,95.8019,92.4446,95.3415,94.9210,98.6560,98.3107,95.0368,98.8585,97.3293,98.4124,100.2447,98.0459,99.1816,99.0454,98.0204,97.0052,100.0450,94.0053,97.0464,99.0051,94.0479,94.5304,94.1913,98.3260,98.3260,97.0824,98.0816,94.1913,92.0217,97.0464,98.0000,92.0000,93.0484,91.0494,92.0489,88.0909,87.2812,82.4924,82.4924,80.0625,79.8311,71.8053,71.0634,69.6419,67.7200,67.7791,65.9242,61.3270,60.4152,60.0333,0.0000,0.0000,0.0000,0.0000,0.0000,0.0000,0.0000,0.0000,0.0000,0.0000,0.0000,0.0000
1700000036.350000,-60.5,101.4150,99.0858,98.2904,99.7647,95.4830,99.8248,97.9490,95.1315,97.0824,98.6002,100.0000,98.2293,99.2975,99.0202,99.6243,99.0454,97.0979,94.5780,99.6444,98.2700,96.2549,97.7548,95.0158,95.2575,100.6231,96.6023,98.8838,100.2397,98.1122,98.4886,97.0979,94.8736,94.8736,95.4149,92.4175,92.9139,90.6973,88.0909,85.1469,85.7030,82.8794,79.2465,76.4199,75.7430,73.5935,69.6563,69.2026,66.0303,65.4599,67.9559,64.1405,61.8466,0.0000,0.0000,0.0000,0.0000,0.0000,0.0000,0.0000,0.0000,0.0000,0.0000,0.0000,0.0000
1700000036.400000,-65.4,98.4886,95.8019,97.2677,90.5207,94.2550,92.0489,93.4077,90.8240,95.0789,97.3088,95.8541,96.1769,99.0051,95.3415,96.6075,95.7131,94.8947,94.3663,93.1504,92.9624,92.7847,95.1893,94.1541,92.6499,95.7183,92.6499,93.1933,99.8599,92.9624,92.1141,90.2109,92.6499,92.2822,92.1792,93.0215,89.4427,86.8159,82.6378,85.0706,81.5966,78.1089,77.4919,78.8480,69.3758,69.3758,67.0820,65.7647,66.6108,63.2851,61.0082,62.0081,59.3043,0.0000,0.0000,0.0000,0.0000,0.0000,0.0000,0.0000,0.0000,0.0000,0.0000,0.0000,0.0000
1700000036.450000,-63.5,98.0612,95.8019,96.0469,94.6414,97.0824,92.6553,94.3398,96.9330,93.5201,99.8098,98.4886,97.0464,95.2733,95.7131,91.7061,98.1122,90.7359,95.2943,91.9239,92.4392,91.5860,91.8096,94.1541,92.9139,98.2700,94.0319,93.8136,95.4411,91.5260,94.0319,91.0659,94.1541,92.7847,90.4268,89.8944,93.9415,89.4427,83.2586,82.4621,81.7068,80.9938,76.5506,78.4474,70.3420,66.7083,65.7343,67.0820,64.6297,64.2806,63.0714,59.0339,54.2310,0.0000,0.0000,0.0000,0.0000,0.0000,0.0000,0.0000,0.0000,0.0000,0.0000,0.0000,0.0000
1700000036.500000,-58.0,89.2861,92.8924,89.4986,92.1954,91.9837,91.4112,88.9550,93.6483,92.6553,90.5538,92.1358,92.0489,94.0479,92.0217,96.0469,92.0054,94.0000,86.0058,91.0220,93.0000,90.0056,92.0000,87.0919,90.4489,93.3435,92.5419,90.1998,92.0217,94.0479,87.0517,92.0054,93.0054,90.0888,88.1419,91.0879,84.2140,85.0529,82.6075,79.7621,77.6466,76.4853,77.1298,70.8308,69.3758,68.6222,65.4599,64.0781,64.0781,60.9262,60.8276,58.8303,55.4707,0.0000,0.0000,0.0000,0.0000,0.0000,0.0000,0.0000,0.0000,0.0000,0.0000,0.0000,0.0000
1700000036.550000,-61.2,95.3363,98.4886,96.3379,96.6902,94.2019,93.4345,95.2575,94.2603,93.4345,93.0054,96.0208,97.0206,96.0052,94.0000,96.0052,95.0000,99.0808,91.0879,94.3398,95.0474,95.2575,95.2575,92.2659,96.4210,96.4210,94.3398,98.8585,96.4210,94.6414,94.4299,93.1933,93.3435,96.1301,91.0055,93.0054,88.0057,85.0235,84.2140,82.4924,81.3019,81.8841,76.9415,74.8131,74.5252,70.6116,69.6348,65.5210,67.6757,61.8466,61.8466,61.7171,58.3095,0.0000,0.0000,0.0000,0.0000,0.0000,0.0000,0.0000,0.0000,0.0000,0.0000,0.0000,0.0000
1700000036.600000,-61.7,99.9250,97.1442,99.0202,99.2975,95.5092,95.8801,96.3016,96.5401,97.0824,94.5410,97.2934,100.6231,100.1299,99.2975,101.4347,97.5141,94.8947,95.0368,98.4124,99.2472,94.6414,95.1893,93.4345,95.0842,99.1262,98.0204,98.1275,98.1275,97.1288,98.0459,94.2603,97.2523,93.2631,92.5419,93.5361,91.0824,89.2693,87.8635,85.1469,83.4326,81.7435,80.3617,79.7120,73.7360,72.6154,70.6824,66.1891,69.3181,63.6318,65.4599,63.8201,60.9590,0.0000,0.0000,0.0000,0.0000,0.0000,0.0000,0.0000,0.0000,0.0000,0.0000,0.0000,0.0000
1700000036.650000,-66.7,97.0824,93.7230,98.0051,94.6414,90.1388,93.4933,95.7183,92.1141,92.7847,94.6678,96.2549,97.5295,97.0618,93.0376,93.9149,99.7447,96.1769,95.8541,93.0484,95.7549,92.6121,91.3893,90.2497,93.6376,95.1893,92.3580,93.9840,98.7927,94.3398,93.6376,92.6984,93.2309,93.5201,93.0376,90.7855,88.1192,86.7698,86.0930,82.1523,80.7094,79.8812,74.0608,76.4003,73.2462,71.7008,67.8970,65.0538,65.0692,62.2896,61.4003,60.8030,57.9828,0.0000,0.0000,0.0000,0.0000,0.0000,0.0000,0.0000,0.0000,0.0000,0.0000,0.0000,0.0000
1700000036.700000,-60.5,97.4166,94.8103,98.0816,96.5401,90.6090,92.6984,94.0479,93.3488,94.8472,93.3488,97.1854,93.5094,97.3088,97.9490,95.7758,95.2103,94.6256,93.0054,94.6256,93.0054,92.2009,96.5194,94.8683,91.0659,95.4149,98.1835,93.7443,92.3580,94.5780,93.4933,96.0208,93.6002,94.2019,93.2363,93.4077,87.3212,88.4590,85.6329,82.7345,82.0366,78.5175,79.2086,75.2861,74.8131,71.4003,67.4166,67.1193,63.8122,64.0078,62.6099,56.3649,58.8727,0.0000,0.0000,0.0000,0.0000,0.0000,0.0000,0.0000,0.0000,0.0000,0.0000,0.0000,0.0000
1700000036.750000,-60.8,103.0000,97.1288,101.1237,101.2423,99.4082,93.6483,96.5091,94.5410,95.7079,96.6902,102.4207,99.4636,99.2472,98.8433,101.6366,100.4241,96.4624,99.3277,93.6803,96.7988,95.5092,95.8593,98.3514,96.4624,96.1353,95.1893,94.3398,96.4624,97.4064,99.9600,97.7190,94.2444,95.2103,95.6033,93.9628,92.6499,92.7631,88.9550,86.7006,81.6150,81.2219,79.3095,80.1561,74.0000,73.0616,71.0282,70.0643,67.1193,64.2806,63.7887,61.3514,59.7746,0.0000,0.0000,0.0000,0.0000,0.0000,0.0000,0.0000,0.0000,0.0000,0.0000,0.0000,0.0000
1700000036.800000,-61.1,102.3914,98.6560,99.6394,98.8433,98.6560,99.5038,97.3293,94.0479,98.1835,98.0204,98.0051,100.0050,101.0050,99.0051,98.0000,97.1288,98.1275,94.0479,101.2423,97.3293,97.3293,100.4042,93.4345,97.5141,98.5089,96.0260,98.8585,98.4124,99.4082,97.3293,94.3398,99.1816,98.2497,97.1288,95.0053,90.0222,91.0494,86.2090,87.3670,85.2878,79.6304,79.4292,78.4474,77.1298,73.0069,70.8308,68.6804,68.0074,62.9682,64.8845,61.7171,61.5873,0.0000,0.0000,0.0000,0.0000,0.0000,0.0000,0.0000,0.0000,0.0000,0.0000,0.0000,0.0000
1700000036.850000,-64.5,98.8130,99.5691,94.6678,97.7548,93.1504,95.2575,93.0215,93.9149,93.9415,94.8103,97.3088,95.4620,100.6578,96.2081,99.1615,96.4624,97.7190,92.9731,98.0816,95.5092,95.1893,90.5207,90.9560,93.6216,97.5295,95.0789,95.0789,94.8314,96.0469,94.6414,94.6414,92.9731,95.8175,90.4765,92.0272,87.8465,88.6397,85.9069,84.0773,84.5340,78.8923,79.9250,73.2462,73.2393,71.6101,69.2026,66.7083,65.2993,63.7024,62.2254,60.8276,57.4282,0.0000,0.0000,0.0000,0.0000,0.0000,0.0000,0.0000,0.0000,0.0000,0.0000,0.0000,0.0000
1700000036.900000,-66.5,97.0979,98.4733,92.4175,95.2103,91.4002,94.6414,95.1315,93.7230,90.6863,90.5538,91.9239,94.7629,96.2601,94.9210,97.6729,92.0217,92.0978,87.1149,93.7230,91.6788,90.6863,95.2680,86.6833,93.2309,92.0054,93.4077,97.6166,92.0054,92.4554,87.6185,91.8314,92.0978,93.4345,87.7269,90.5207,83.4506,85.5628,84.1487,84.9588,80.8084,78.6003,77.2010,73.8173,70.7248,68.4763,65.7647,64.4050,62.1691,61.3270,62.7694,59.1354,57.7235,0.0000,0.0000,0.0000,0.0000,0.0000,0.0000,0.0000,0.0000,0.0000,0.0000,0.0000,0.0000
1700000036.950000,-60.3,93.3809,94.1116,95.0158,93.7230,89.8109,89.6270,90.4434,93.7443,92.1141,92.4392,95.1893,95.5249,94.3398,92.2822,93.6483,92.2822,92.2822,93.5361,91.6788,93.5201,91.6788,90.8240,89.8999,92.1954,91.2360,93.5201,92.1358,93.0376,94.8103,93.4773,93.5361,94.4140,91.9239,89.6939,89.5879,86.2844,85.7030,83.4086,81.2158,79.2465,75.0733,76.4199,72.8354,69.3542,70.0071,66.0681,64.0312,65.4599,59.3633,59.6825,56.8243,55.5428,0.0000,0.0000,0.0000,0.0000,0.0000,0.0000,0.0000,0.0000,0.0000,0.0000,0.0000,0.0000
1700000037.000000,-62.5,102.3572,94.2550,100.8811,95.1893,97.3088,93.4077,94.1541,94.9368,96.6075,97.9439,101.5332,94.8947,98.0051,97.7548,94.5145,99.0202,94.6678,97.2471,93.7443,94.6678,96.3846,97.3499,94.3398,96.0208,95.8019,95.7183,98.2293,100.2098,90.9725,99.6243,94.6678,95.5249,92.9624,95.8801,90.3549,94.8947,92.1792,87.6584,85.0882,82.0792,81.7068,76.8960,77.1622,70.8308,75.9605,67.0820,64.9384,67.3647,64.2806,64.3817,60.2080,57.0789,0.0000,0.0000,0.0000,0.0000,0.0000,0.0000,0.0000,0.0000,0.0000,0.0000,0.0000,0.0000
1700000037.050000,-63.5,98.4784,92.9139,97.3293,96.4210,93.1933,90.0500,92.0054,96.0052,94.0000,96.0833,97.0824,94.0851,97.0464,93.1343,95.1893,96.5194,93.4345,94.4299,93.9042,91.9239,92.9139,96.0260,95.0368,94.5410,94.8947,94.7259,96.5091,95.0368,91.9239,95.7079,94.6414,93.6483,93.6483,90.3549,90.2718,89.0898,88.1419,86.0058,82.0975,83.0963,80.1561,76.2365,77.4145,71.8471,72.1803,68.4471,66.9403,63.7887,62.2977,61.0983,59.8080,58.6003,0.0000,0.0000,0.0000,0.0000,0.0000,0.0000,0.0000,0.0000,0.0000,0.0000,0.0000,0.0000
1700000037.100000,-61.0,94.2444,93.3006,91.2140,92.1792,89.0225,92.7631,93.3916,90.6090,91.2414,89.1067,93.7710,92.6553,94.6414,90.3549,90.5538,90.1998,93.0860,87.4643,92.0489,94.1913,88.0511,90.0500,90.0500,92.0489,88.0227,93.0054,92.0054,89.0225,92.0054,90.0000,90.1388,91.1373,90.0888,87.4643,86.1452,82.3893,86.7006,82.8734,82.0000,80.8084,76.6877,74.4648,72.1249,71.7844,70.5762,64.2573,64.6220,64.8845,60.4152,60.4152,59.1693,56.8595,0.0000,0.0000,0.0000,0.0000,0.0000,0.0000,0.0000,0.0000,0.0000,0.0000,0.0000,0.0000
1700000037.150000,-60.7,99.1262,94.0319,98.6002,93.8136,92.6553,93.8616,95.7758,91.3510,97.0000,92.7631,96.1769,99.0051,95.4620,96.8762,94.7629,96.2601,96.3328,92.0217,92.0978,95.6713,95.6713,93.8616,95.1315,96.2133,97.3088,96.2133,97.4526,96.6747,95.9010,95.2680,89.9389,96.3328,90.5538,91.2853,90.5538,87.6812,87.1149,83.7377,84.3860,79.0253,82.8010,77.2010,76.5506,72.1110,71.6938,66.6483,67.1193,62.6099,64.6220,60.7454,57.5674,60.8769,0.0000,0.0000,0.0000,0.0000,0.0000,0.0000,0.0000,0.0000,0.0000,0.0000,0.0000,0.0000
1700000037.200000,-61.3,93.4719,94.8262,93.0215,93.9415,93.2952,92.4392,92.6499,93.4933,94.0479,91.0220,93.6002,92.6175,95.6033,93.4077,94.6414,95.9010,90.6863,92.9570,91.2414,93.6056,89.3756,89.1403,91.2414,90.5207,91.2195,93.3488,91.2195,91.2414,89.8721,90.5097,88.5268,90.1388,88.0909,90.4268,86.8332,85.6037,86.4002,82.4197,81.5414,78.8923,75.1798,75.2928,72.4707,70.6612,67.5426,65.3911,62.6259,63.8905,64.8460,60.6383,59.0339,57.7062,0.0000,0.0000,0.0000,0.0000,0.0000,0.0000,0.0000,0.0000,0.0000,0.0000,0.0000,0.0000
1700000037.250000,-62.3,93.0591,91.0824,90.5538,91.6624,91.1976,91.0055,93.0484,91.0000,91.0000,90.0222,93.2631,93.1933,94.1913,94.2603,94.1913,91.3510,92.5419,90.5538,93.5361,90.9340,87.6926,91.0824,86.9770,88.8426,90.6090,90.0278,91.0055,88.4590,94.0479,89.4427,89.9444,89.6772,90.6697,87.6926,87.2066,86.2844,84.0536,82.0549,82.0000,78.0064,76.3217,75.2396,69.3542,72.4431,66.0984,64.1327,64.3273,62.3618,60.4401,59.2368,58.6941,54.1202,0.0000,0.0000,0.0000,0.0000,0.0000,0.0000,0.0000,0.0000,0.0000,0.0000,0.0000,0.0000
1700000037.300000,-63.8,101.4002,97.2523,102.0049,98.0816,98.0051,94.0000,98.2497,98.1275,98.4124,99.1816,100.4988,99.5038,101.7104,99.1413,97.8673,100.4390,96.1041,99.2472,96.7729,97.0155,96.7729,98.0816,96.8401,97.4166,100.0000,95.6033,97.0824,101.5332,98.0306,99.6243,94.9210,97.1236,98.7623,93.9628,93.8616,92.9624,92.3959,88.9550,86.7006,83.4865,83.6002,77.6466,80.3057,74.3303,74.1687,70.1142,70.1142,66.0303,66.1891,63.3877,61.8142,60.8769,0.0000,0.0000,0.0000,0.0000,0.0000,0.0000,0.0000,0.0000,0.0000,0.0000,0.0000,0.0000
1700000037.350000,-61.9,95.2733,94.9368,95.8541,95.8541,93.0484,92.0272,93.6056,91.7606,91.7606,91.2140,94.5939,93.9415,94.1488,92.9624,94.9210,93.2148,93.2148,91.4112,92.9139,90.9340,93.2148,89.9444,90.9340,93.3435,90.6697,92.5419,92.6553,92.9139,91.3510,93.5361,89.9444,90.4268,89.6270,89.8220,86.5852,87.0976,85.8662,84.7703,82.5409,79.0569,76.5506,74.8465,77.0779,71.5891,67.0820,65.7647,64.0078,62.9682,60.7454,58.0086,59.5483,55.8659,0.0000,0.0000,0.0000,0.0000,0.0000,0.0000,0.0000,0.0000,0.0000,0.0000,0.0000,0.0000
1700000037.400000,-57.4,93.4773,91.2634,94.2019,93.0860,92.4554,90.6863,92.0978,92.0978,91.2195,93.3488,93.4345,90.6090,92.6984,91.9348,92.0217,95.0158,91.0494,90.0278,93.4077,93.6056,91.0494,92.0054,91.4002,92.6553,89.4036,90.2109,93.0054,94.4034,92.0054,92.2009,87.4586,90.0278,89.1964,87.0000,87.6926,87.0460,85.5628,81.3204,80.7217,75.7430,76.0592,71.0634,73.8173,70.2140,67.9559,64.8845,63.0635,60.3738,59.0931,55.7136,57.5847,54.8179,0.0000,0.0000,0.0000,0.0000,0.0000,0.0000,0.0000,0.0000,0.0000,0.0000,0.0000,0.0000
1700000037.450000,-62.0,94.4299,91.4440,92.9139,93.6483,93.9042,88.6454,95.1262,92.1954,90.2441,95.8019,94.6414,93.6056,94.5569,93.3006,93.4077,95.8175,92.3580,92.9731,92.6984,91.0824,89.8109,93.0484,92.3093,94.8472,94.0213,92.6121,93.2309,92.3093,91.7606,96.0052,93.3006,90.1388,92.0489,88.0568,87.3613,86.1278,87.0919,84.6463,82.2010,79.7621,78.4092,75.4255,76.2365,72.0278,67.0298,68.0000,64.0312,64.2806,62.5140,60.6712,56.7186,56.7539,0.0000,0.0000,0.0000,0.0000,0.0000,0.0000,0.0000,0.0000,0.0000,0.0000,0.0000,0.0000
1700000037.500000,-59.2,102.8834,100.1798,100.1798,100.3444,95.8801,95.0158,98.4733,94.5780,97.8008,99.8098,100.2098,97.4526,99.4887,97.4526,100.7671,98.7168,99.9050,97.0000,98.2904,98.2904,96.1769,97.5807,94.0479,97.5910,97.6729,94.8472,99.0858,96.2081,95.5249,95.5249,95.5249,96.1769,94.0479,91.9239,91.9674,91.9674,90.6090,87.3212,83.4086,85.2115,81.8413,78.4920,77.6981,75.8024,71.8679,69.9714,70.2353,67.1193,63.1585,59.4643,61.9839,60.0167,0.0000,0.0000,0.0000,0.0000,0.0000,0.0000,0.0000,0.0000,0.0000,0.0000,0.0000,0.0000
1700000037.550000,-62.0,97.2523,96.0208,99.0202,97.0206,97.0824,94.0851,98.3260,96.4210,97.6217,99.6092,98.7320,95.1893,99.7246,96.1769,97.1648,97.2934,95.9010,98.0612,98.4886,96.1041,92.9624,95.8019,95.8019,95.0789,94.8314,96.0469,94.9210,96.3016,94.8314,96.8401,94.3663,94.7259,94.1488,87.4757,92.9139,88.6848,87.5728,85.2115,84.0952,81.0555,82.0061,76.0000,76.1052,73.0616,70.2567,66.1891,66.4831,65.6201,63.9531,62.8172,59.7746,58.8727,0.0000,0.0000,0.0000,0.0000,0.0000,0.0000,0.0000,0.0000,0.0000,0.0000,0.0000,0.0000
1700000037.600000,-58.7,92.6553,91.3510,94.3663,93.7230,93.4077,89.8721,91.2634,93.7443,93.7443,93.4933,94.8736,91.4166,96.3846,94.0213,93.5361,93.4719,89.8999,87.6641,90.3770,91.2853,91.7878,93.1075,91.2853,89.1964,93.9840,93.2309,91.5478,92.3580,93.4077,92.4770,87.8465,91.3893,89.4707,88.5494,90.3549,89.0674,86.4523,83.7257,80.7775,83.5284,76.6094,74.6324,72.0069,70.4344,68.6804,65.1153,65.7647,62.2254,62.2896,57.3847,57.6281,56.0357,0.0000,0.0000,0.0000,0.0000,0.0000,0.0000,0.0000,0.0000,0.0000,0.0000,0.0000,0.0000
1700000037.650000,-63.2,92.6337,91.2195,93.3809,86.3134,92.3147,90.4268,92.2009,92.6553,93.0054,92.6499,93.4933,91.5860,94.1541,90.5538,93.2952,93.5361,92.5743,92.5905,90.3383,92.1303,89.8999,91.2853,89.4707,92.3093,89.3196,92.7038,93.2309,91.2853,91.3893,92.7038,86.8159,91.7061,89.0056,88.1022,86.7698,87.2353,86.4523,80.4550,83.0060,76.8440,79.8812,73.6003,72.2011,66.8431,64.6607,65.1920,64.3506,60.8276,62.2415,59.5483,56.7274,55.2268,0.0000,0.0000,0.0000,0.0000,0.0000,0.0000,0.0000,0.0000,0.0000,0.0000,0.0000,0.0000
1700000037.700000,-61.0,92.1358,90.8020,93.1075,94.5410,93.0484,91.1811,92.3580,89.8109,88.3233,93.4077,92.6499,93.6216,93.6216,92.4175,91.6788,91.4112,92.5743,90.6090,90.9340,90.6090,92.5743,90.2552,89.2693,90.3549,93.6483,91.7878,93.5361,92.7793,89.5600,90.3549,92.0706,89.2693,90.6090,87.8635,86.6833,88.5268,86.1220,82.5651,80.0062,78.4347,79.0569,74.9466,74.2496,71.1758,64.8845,64.8845,64.4981,62.6498,63.2851,58.2495,58.2580,57.3149,0.0000,0.0000,0.0000,0.0000,0.0000,0.0000,0.0000,0.0000,0.0000,0.0000,0.0000,0.0000
1700000037.750000,-62.2,96.5194,93.0054,93.2363,91.2140,91.4385,91.9674,89.8721,88.4138,92.6337,90.5207,93.3809,94.1116,90.5207,90.0278,93.4345,92.6175,91.2140,89.2020,93.4077,92.4554,87.3212,91.2140,91.6079,91.6079,92.8009,90.4434,94.0479,92.2009,90.0000,90.2109,88.7299,89.4986,90.6863,84.2912,88.5268,84.1487,85.6329,82.0366,82.1340,78.1025,75.2861,74.8131,72.4707,67.6757,69.0652,62.7694,63.5295,61.2944,60.5392,59.8080,58.1893,56.5155,0.0000,0.0000,0.0000,0.0000,0.0000,0.0000,0.0000,0.0000,0.0000,0.0000,0.0000,0.0000
1700000037.800000,-63.8,92.1358,93.0860,93.0215,91.0000,92.0054,91.0879,91.2688,91.4440,89.4539,89.6772,94.6414,93.0591,92.9139,95.0368,92.0706,90.8020,90.8020,91.7823,91.4440,93.6216,90.4710,91.9837,91.9239,87.6413,89.4986,90.9560,89.7385,91.6788,94.3663,89.7385,90.2441,91.9837,91.7823,88.2836,89.6772,87.6926,87.4643,80.1561,81.0062,80.0250,77.0065,76.0592,74.1080,71.4493,67.3647,65.7647,62.9682,63.5610,61.1310,60.7289,58.1893,55.1543,0.0000,0.0000,0.0000,0.0000,0.0000,0.0000,0.0000,0.0000,0.0000,0.0000,0.0000,0.0000
1700000037.850000,-60.8,97.5910,95.4830,99.9050,99.1564,98.2344,96.2133,97.2008,97.6524,97.6524,99.0202,100.7025,100.4988,100.3444,97.2471,98.1122,99.7647,98.3870,94.8262,97.5090,97.9439,97.4936,96.6075,95.7549,98.6154,99.0051,97.6934,98.6154,98.4886,97.3088,99.0051,95.7549,96.6075,96.1509,93.9415,92.6607,93.1504,90.0500,87.9830,85.4400,82.0975,82.4197,78.6003,77.6209,73.8783,70.0928,67.8970,66.4680,65.7647,65.1153,62.4820,61.2209,57.1402,0.0000,0.0000,0.0000,0.0000,0.0000,0.0000,0.0000,0.0000,0.0000,0.0000,0.0000,0.0000
1700000037.900000,-62.9,96.8969,95.0158,97.1288,94.8947,94.8103,91.6788,93.4077,92.7038,94.1541,95.5196,96.7988,98.3514,97.4166,96.4624,99.0404,96.3016,93.8616,92.6499,95.3415,93.9415,93.9415,96.1041,92.7631,92.9624,95.7079,92.3959,94.7629,97.3242,95.1893,93.2148,92.7631,96.5401,93.6216,89.9889,90.4710,88.7694,86.9770,84.7703,83.8153,83.5703,76.8960,76.1577,76.0592,73.8241,67.0820,65.2993,66.5733,65.7343,61.4003,61.0737,60.3075,59.3970,0.0000,0.0000,0.0000,0.0000,0.0000,0.0000,0.0000,0.0000,0.0000,0.0000,0.0000,0.0000
1700000037.950000,-60.4,101.0198,98.7927,99.9250,98.6154,95.2943,94.3716,96.6488,98.0051,96.3846,99.4786,100.7025,100.4042,101.8332,100.4390,99.6243,102.0049,99.8098,96.6747,97.8366,97.9490,98.0816,97.0824,96.5401,98.3514,98.4124,95.4830,98.2904,97.0000,99.7647,99.7647,93.3488,97.0824,97.8366,94.6414,93.8616,88.2383,88.4081,87.9204,82.6620,83.2166,80.9938,78.8923,77.5242,73.7902,70.2140,72.0902,69.3542,65.9242,67.3573,63.2456,62.8172,58.4209,0.0000,0.0000,0.0000,0.0000,0.0000,0.0000,0.0000,0.0000,0.0000,0.0000,0.0000,0.0000
1700000038.000000,-61.5,97.3088,94.3663,100.6032,96.4002,94.8683,93.8136,92.9624,91.7878,96.2549,98.1122,96.7471,96.6488,94.8947,97.0824,94.3716,97.6934,91.3893,92.4770,92.4770,96.2081,96.0052,95.1893,92.3580,93.9202,94.5569,91.0824,96.1665,96.4624,92.6553,95.2103,90.7579,93.9628,91.0824,91.1811,91.0824,91.7878,88.5664,85.4225,85.4225,78.3901,83.0060,72.5603,77.6981,73.6003,68.8186,67.8012,66.8431,65.9469,63.6553,60.8769,60.3075,58.4123,0.0000,0.0000,0.0000,0.0000,0.0000,0.0000,0.0000,0.0000,0.0000,0.0000,0.0000,0.0000
1700000038.050000,-61.6,95.0158,96.0417,91.8096,94.3027,91.2634,90.6035,93.4077,88.8651,90.6863,87.7269,91.9674,95.4620,95.4830,91.9674,95.4830,89.9389,94.9210,90.0278,94.4934,93.8616,89.2749,88.8651,90.0000,91.8368,91.6079,92.2009,90.6035,90.8020,90.4268,90.8020,92.0054,92.4554,92.3147,87.1149,85.6329,84.2912,85.5862,82.0731,80.6102,79.2465,75.9276,74.3303,74.5185,71.2180,68.0074,65.7343,64.0703,61.4003,57.8014,59.5399,57.2713,55.3624,0.0000,0.0000,0.0000,0.0000,0.0000,0.0000,0.0000,0.0000,0.0000,0.0000,0.0000,0.0000
1700000038.100000,-64.4,96.0052,99.0454,95.2575,95.4254,94.6414,93.9042,94.8947,93.2148,94.7259,95.3415,94.9210,99.4585,96.5660,93.4077,96.3016,97.1236,94.8683,96.4624,95.1893,96.1353,95.1893,94.3398,91.7606,94.5410,92.4770,92.7038,94.0213,92.1954,93.1075,94.5410,90.2497,93.0484,95.1893,89.8109,91.0934,92.0489,87.6413,83.6780,79.5550,79.4292,79.7621,80.6040,76.5310,72.3395,68.3593,66.0303,65.1230,65.0308,63.1269,62.2013,59.3043,61.1882,0.0000,0.0000,0.0000,0.0000,0.0000,0.0000,0.0000,0.0000,0.0000,0.0000,0.0000,0.0000
1700000038.150000,-62.9,92.6984,94.2550,91.2140,91.9239,90.7083,90.4710,91.0055,89.8220,92.2280,90.4268,92.2280,92.9139,91.7878,90.5538,91.5478,93.5361,92.1954,90.1998,89.1403,91.3510,90.3549,88.2043,89.0898,92.0489,91.0494,89.0505,93.0860,90.0888,92.0489,89.0505,88.2043,91.3510,88.3629,87.8237,85.0000,85.1587,83.5464,84.5281,77.3692,76.9220,75.9605,73.4983,70.2140,70.9366,68.1542,65.3070,63.9531,60.0333,61.5873,57.9828,55.2178,56.7274,0.0000,0.0000,0.0000,0.0000,0.0000,0.0000,0.0000,0.0000,0.0000,0.0000,0.0000,0.0000
1700000038.200000,-63.8,96.5401,91.3510,93.3381,92.6337,91.2853,92.6553,89.9389,92.7631,92.9570,92.3147,93.2363,94.8103,94.0213,93.4077,95.4254,97.4166,94.3027,91.2634,93.1933,92.6553,91.2634,92.1141,91.5260,91.0659,92.1141,90.2109,93.4933,92.1141,91.8096,90.9725,90.6973,90.4434,90.6035,89.4986,89.4986,88.7299,87.1149,82.0366,82.0366,79.9812,79.2086,75.1665,74.4110,68.4105,66.2193,64.4050,63.8122,61.9112,62.2656,60.3738,57.7754,53.8516,0.0000,0.0000,0.0000,0.0000,0.0000,0.0000,0.0000,0.0000,0.0000,0.0000,0.0000,0.0000
1700000038.250000,-63.9,96.8762,95.4620,96.2081,97.7446,95.9010,94.3663,95.0000,95.0000,92.8009,95.2103,96.8349,97.0979,98.7927,92.2822,96.8969,98.8838,92.1792,93.9415,92.1358,94.3663,94.8103,93.9149,95.7079,92.3093,95.3415,94.9368,92.3093,94.5410,92.1954,92.7038,92.6121,94.3716,91.2414,93.1504,92.2822,88.1930,86.4523,84.9058,81.8352,79.8812,81.8413,75.2130,75.4321,68.1175,67.9412,67.2086,64.3506,64.3817,60.9590,62.6259,59.0339,57.9828,0.0000,0.0000,0.0000,0.0000,0.0000,0.0000,0.0000,0.0000,0.0000,0.0000,0.0000,0.0000
1700000038.300000,-61.1,95.4254,93.0054,95.1315,93.8136,92.3580,90.4268,92.2822,88.5494,94.8103,92.5905,92.1792,94.8103,94.8103,93.4719,93.9149,90.2497,92.1141,90.6201,93.6376,89.8109,89.1964,92.9731,89.5377,92.1141,92.6984,91.0824,90.1388,94.2444,90.4434,90.4765,91.5478,89.5377,89.6939,87.2353,85.9069,85.8662,83.2406,79.0759,79.3221,78.2368,77.6660,75.2130,72.2011,72.6223,68.0147,64.8151,65.0692,60.8276,61.5549,59.2030,58.8218,56.9386,0.0000,0.0000,0.0000,0.0000,0.0000,0.0000,0.0000,0.0000,0.0000,0.0000,0.0000,0.0000
1700000038.350000,-61.5,92.8924,91.6788,94.6414,94.5569,92.0489,90.4765,91.0824,92.4770,92.4770,94.0213,91.5478,92.1303,96.6023,93.9149,93.9149,93.9415,90.4268,89.0674,90.0500,91.9239,90.3549,91.0659,91.5860,90.9725,93.1933,92.1141,90.0500,94.6678,91.5860,92.4392,89.1852,88.1930,92.2822,87.7097,87.6641,88.1022,86.9253,81.3449,78.7718,77.4919,79.4040,74.2159,71.3092,67.6831,66.7083,62.8013,63.6396,63.2851,62.0725,56.0089,57.0088,56.4358,0.0000,0.0000,0.0000,0.0000,0.0000,0.0000,0.0000,0.0000,0.0000,0.0000,0.0000,0.0000
1700000038.400000,-65.3,104.4031,103.7401,96.3016,99.7246,97.5295,97.9847,95.5667,96.6902,97.3242,98.3107,95.1893,99.5038,102.7035,98.5089,102.5914,98.5089,102.2399,93.2631,97.1854,97.1288,98.0816,97.0824,95.1893,99.0000,98.0051,96.0208,100.0800,98.2497,97.1854,94.0851,96.3328,96.3328,97.6217,90.6697,95.0368,86.9770,92.2280,87.0976,85.8662,86.1278,79.6994,80.9568,77.2528,74.0945,72.6154,66.2118,70.2638,65.3682,64.1405,66.2873,59.0762,55.6058,0.0000,0.0000,0.0000,0.0000,0.0000,0.0000,0.0000,0.0000,0.0000,0.0000,0.0000,0.0000
1700000038.450000,-62.9,94.4140,95.3834,96.5660,99.1262,94.6256,96.2601,93.7443,96.6075,95.8019,95.9010,95.7758,94.1754,99.9050,92.6984,97.0824,94.8472,97.6729,89.1964,95.4620,93.3809,92.6337,91.9348,92.6337,94.0691,95.5249,94.1116,95.4620,92.6337,93.3381,90.5538,92.6553,91.3510,92.6984,92.1954,87.4586,87.4586,87.6185,84.0536,82.6620,79.4040,79.4040,78.3901,72.4500,70.2353,69.4622,64.4748,65.5515,62.6259,62.0967,59.6657,57.0701,55.7315,0.0000,0.0000,0.0000,0.0000,0.0000,0.0000,0.0000,0.0000,0.0000,0.0000,0.0000,0.0000
1700000038.500000,-61.1,96.1509,99.7296,90.9175,100.2397,93.8136,93.1933,92.9139,92.4175,94.8683,95.6033,95.1315,95.7758,95.6713,96.3328,99.1564,94.1116,97.6729,87.7838,93.3488,91.2195,91.2195,94.7629,88.4590,94.3663,96.5401,94.2603,95.0158,91.4385,99.1564,87.8635,93.4345,91.2414,91.2414,88.4138,88.5268,83.5464,83.4865,84.5044,84.6463,84.2021,74.3303,77.1038,71.0282,73.2462,69.8355,66.6408,68.4251,62.1691,60.0083,60.7454,56.6480,56.5155,0.0000,0.0000,0.0000,0.0000,0.0000,0.0000,0.0000,0.0000,0.0000,0.0000,0.0000,0.0000
1700000038.550000,-62.3,99.7447,96.1509,100.2247,98.8989,98.4886,95.6347,96.5660,96.2081,97.0824,97.7190,99.6243,97.5295,101.3903,99.6895,101.9215,99.0404,96.6902,94.7259,98.8433,95.7079,97.2934,94.5410,93.5575,95.1893,95.3520,94.8947,96.5091,95.1893,101.4347,95.7079,93.3916,91.9837,91.4440,93.4077,97.2677,90.8020,91.7061,86.3771,85.4400,82.4621,81.3449,78.7210,75.5844,72.0069,67.2309,70.3278,68.7968,65.4599,63.6003,61.0737,59.5483,56.7274,0.0000,0.0000,0.0000,0.0000,0.0000,0.0000,0.0000,0.0000,0.0000,0.0000,0.0000,0.0000
1700000038.600000,-63.1,100.4191,97.5910,96.2081,95.4830,93.5094,96.3328,96.4261,96.6747,96.6747,96.0208,97.4166,96.2549,99.0202,99.5691,98.1835,95.1893,99.2975,94.3398,96.5660,92.9139,95.6922,97.4166,94.8947,94.8262,95.7079,96.1769,96.7471,95.3834,95.5249,93.1504,92.9624,94.8736,94.5780,91.6079,94.0213,90.0000,91.6079,85.0000,86.5563,84.1724,79.9062,75.6902,72.9178,73.8783,72.4707,69.8928,67.4240,67.9559,58.8303,62.1772,59.5063,60.4152,0.0000,0.0000,0.0000,0.0000,0.0000,0.0000,0.0000,0.0000,0.0000,0.0000,0.0000,0.0000
1700000038.650000,-64.2,99.6394,98.0816,94.8683,98.8130,94.6256,98.1835,96.5660,95.0158,98.8838,94.8947,96.1509,97.0464,95.2733,95.7549,99.3177,98.4886,96.2081,95.4620,96.4624,96.7988,96.4624,97.4064,92.6984,96.1665,96.8401,96.4624,98.0816,94.8683,99.3277,94.9210,93.3006,92.9731,97.1442,89.8888,91.2853,90.8735,88.6397,88.1022,85.4225,85.4751,79.0759,79.9250,74.0608,74.0608,71.0282,67.8012,66.7083,67.2086,60.8276,62.2415,61.6198,59.6657,0.0000,0.0000,0.0000,0.0000,0.0000,0.0000,0.0000,0.0000,0.0000,0.0000,0.0000,0.0000
1700000038.700000,-60.3,96.1769,95.3834,96.0417,97.6166,99.0202,95.6922,96.8349,94.4034,98.8130,93.8616,99.9050,99.1564,97.1854,96.3328,96.5401,96.8762,98.2904,96.1769,94.7523,94.0479,93.3381,97.6729,94.1116,95.1315,94.1754,94.3663,95.6033,96.4261,97.3088,97.4526,95.5249,93.3381,93.3488,91.9674,89.9389,88.4590,90.5207,83.6301,83.2406,80.4301,80.0000,77.8010,75.7166,70.4911,68.9638,67.5352,67.0820,66.2118,63.1585,63.3246,61.0328,56.5155,0.0000,0.0000,0.0000,0.0000,0.0000,0.0000,0.0000,0.0000,0.0000,0.0000,0.0000,0.0000
1700000038.750000,-63.5,97.2523,100.0800,101.2423,97.1288,97.4166,93.6483,96.8762,95.7549,96.3379,95.9010,96.0469,96.5401,100.1699,97.8008,98.7623,99.6243,97.0824,94.5569,96.4624,97.1236,93.9628,96.7678,95.1893,92.1954,95.0789,95.3415,98.2344,93.4077,94.1541,94.3398,93.6376,95.2103,94.9210,92.3472,90.5207,90.2497,88.3233,85.1469,85.5102,83.0241,78.4474,77.1038,78.3135,75.2396,68.0074,67.0075,66.0000,64.0078,61.0737,60.1332,61.5224,59.0339,0.0000,0.0000,0.0000,0.0000,0.0000,0.0000,0.0000,0.0000,0.0000,0.0000,0.0000,0.0000
1700000038.800000,-61.7,96.0833,100.0800,93.0215,99.0051,96.0000,97.1288,94.0851,97.1288,96.3328,95.4254,95.0368,97.6729,98.3107,96.1769,97.6729,95.1262,98.9545,93.1719,97.9847,94.3663,94.3663,93.3916,90.5207,97.4166,96.1665,97.1236,100.0000,96.7678,97.4166,94.5569,97.2677,99.2018,93.3916,92.7631,91.7823,88.1192,89.2693,84.8528,84.1724,85.2878,76.1643,79.1012,74.0000,72.0625,69.1158,68.2642,65.4905,66.4831,62.6498,61.9839,58.2495,59.2030,0.0000,0.0000,0.0000,0.0000,0.0000,0.0000,0.0000,0.0000,0.0000,0.0000,0.0000,0.0000
1700000038.850000,-63.5,97.6166,98.3870,101.0792,97.5090,96.6644,93.9840,97.7394,92.3580,96.4624,97.0824,96.4624,97.4166,100.2846,98.4937,95.6033,98.7168,96.5401,96.8814,97.3242,97.8621,97.6729,95.3520,95.1893,96.3379,97.0155,94.7629,95.6347,95.0368,95.8853,94.7629,93.3809,96.0260,95.0368,91.7823,92.1954,89.7385,85.7263,87.5957,84.7585,81.9329,79.1202,76.8960,73.8241,72.0139,67.5352,69.3181,64.8845,64.8845,64.8999,61.8466,59.4643,59.4138,0.0000,0.0000,0.0000,0.0000,0.0000,0.0000,0.0000,0.0000,0.0000,0.0000,0.0000,0.0000
1700000038.900000,-60.4,97.0000,97.1854,96.1769,96.8762,96.2081,97.7446,95.1315,96.8298,96.6747,98.6002,98.8130,98.4733,99.0202,98.7370,99.8649,97.0979,95.0158,93.6483,97.1288,94.5145,95.3834,96.2549,94.8262,95.7079,97.9490,97.0464,93.9149,98.8838,95.7706,94.3663,93.5361,96.2549,90.5538,94.0213,92.4392,89.8888,89.0505,84.4038,83.8153,79.6492,80.6598,75.2861,76.4853,72.8354,72.1249,66.6033,67.2681,63.6003,64.0312,60.8030,59.3633,57.7062,0.0000,0.0000,0.0000,0.0000,0.0000,0.0000,0.0000,0.0000,0.0000,0.0000,0.0000,0.0000
1700000038.950000,-61.7,102.1078,92.0489,99.0202,95.8593,102.5280,95.0789,94.8472,96.1769,96.6075,97.9490,99.3177,96.1509,101.0742,97.9490,95.8801,100.8464,94.3398,96.3846,93.4933,97.3499,95.5249,97.0979,95.0158,95.6922,95.7183,95.1893,96.2549,96.2549,93.4933,96.8969,93.2952,96.3846,94.1541,91.3017,92.5743,93.0215,87.7269,84.1546,83.8153,80.6536,80.9568,77.2010,76.6551,71.3863,67.4685,68.8840,70.8590,66.3702,64.1249,61.0000,61.0328,58.3095,0.0000,0.0000,0.0000,0.0000,0.0000,0.0000,0.0000,0.0000,0.0000,0.0000,0.0000,0.0000
1700000039.000000,-60.7,92.0000,94.0479,90.0500,90.3549,89.6772,88.3629,88.6848,90.0944,89.6270,89.6270,90.6090,92.1792,92.4175,90.9560,92.8924,90.9560,92.0272,89.5600,87.5957,89.4930,90.1388,89.8888,88.8651,90.2497,91.1811,91.7606,91.5478,89.8888,92.1954,87.0919,88.8651,92.0272,89.1852,85.1645,88.6002,85.1469,84.2021,81.0247,80.8084,78.0897,76.5310,72.8354,69.5845,66.1891,66.1891,63.0079,62.0081,60.0083,57.0000,55.1453,55.3263,56.2939,0.0000,0.0000,0.0000,0.0000,0.0000,0.0000,0.0000,0.0000,0.0000,0.0000,0.0000,0.0000
1700000039.050000,-57.9,98.8585,95.4254,91.2634,95.8019,94.0479,94.0319,94.6678,92.7847,95.3834,93.0591,96.6488,95.2943,96.6023,96.1769,93.0376,93.2309,93.6216,92.3093,93.4077,93.0484,93.2309,93.3006,92.1141,94.5569,95.1893,92.9731,97.4166,92.3472,90.4434,95.8175,92.6984,93.6376,91.5478,86.5390,88.6397,88.1419,86.3134,83.7257,85.0882,79.4040,78.5493,73.5731,73.7835,71.2811,67.8012,63.8905,62.3699,61.7171,58.7282,58.0517,58.1378,57.2014,0.0000,0.0000,0.0000,0.0000,0.0000,0.0000,0.0000,0.0000,0.0000,0.0000,0.0000,0.0000
1700000039.100000,-61.3,99.8248,97.5807,97.0824,98.3514,97.3088,94.4934,96.6747,95.6033,98.6002,96.6075,99.0454,98.4733,100.4042,98.1835,97.9439,97.9439,96.5660,95.5249,97.1288,96.7471,97.6166,95.0158,93.0591,98.0051,93.9415,97.6166,98.9798,94.0213,95.5249,96.7471,94.1541,97.0979,97.3499,89.6270,93.8136,90.4434,90.1388,85.7963,83.5464,79.9062,78.5175,77.7817,73.0000,72.9178,68.4105,65.6049,65.4599,66.2873,63.2851,57.2451,59.5399,58.3095,0.0000,0.0000,0.0000,0.0000,0.0000,0.0000,0.0000,0.0000,0.0000,0.0000,0.0000,0.0000
1700000039.150000,-64.8,93.7710,93.2148,94.3663,97.8621,90.8020,94.3663,93.3006,89.7385,92.3472,93.0054,97.1442,97.1442,94.5780,93.4077,99.1615,95.0789,95.2733,91.2853,97.5090,95.7079,93.1075,95.7079,93.0215,96.6488,97.4936,93.9415,98.8838,93.0591,95.2943,94.4140,95.2575,94.8103,92.6121,90.4765,89.6939,86.1626,88.3912,83.8153,80.9568,77.8845,76.2430,75.9605,70.0928,72.3671,68.0661,65.4905,64.1950,62.2013,61.1310,60.0083,55.1453,53.4603,0.0000,0.0000,0.0000,0.0000,0.0000,0.0000,0.0000,0.0000,0.0000,0.0000,0.0000,0.0000
1700000039.200000,-63.6,97.3242,95.1262,99.9250,95.3415,96.5660,94.6414,95.8175,95.8593,97.1442,96.9330,101.0198,99.9250,99.0051,96.6644,96.2549,101.9657,94.3663,96.6023,94.8947,96.6488,96.1769,95.3834,98.9798,95.8801,99.4786,95.5249,96.2549,99.0202,92.2822,95.1893,92.6607,92.7847,93.0591,92.1792,90.3383,91.2853,90.4710,87.6641,84.5044,80.9568,81.9085,76.9220,78.1601,72.2772,70.4060,66.9104,65.3070,65.9242,61.2046,61.0328,58.0345,56.0803,0.0000,0.0000,0.0000,0.0000,0.0000,0.0000,0.0000,0.0000,0.0000,0.0000,0.0000,0.0000
1700000039.250000,-60.9,98.0051,96.6075,97.3499,97.9439,95.0158,97.0618,94.3663,96.6023,94.8103,96.6075,96.2549,98.2344,100.4639,96.2081,99.1615,100.2447,96.7678,96.1665,96.8401,95.6033,97.4166,98.3717,95.8175,99.2018,95.3363,97.7446,94.8314,97.0155,96.0469,94.6414,95.6033,96.4624,95.8801,92.6553,92.1141,89.1964,86.9770,86.0058,85.0000,83.2406,79.1770,78.7718,77.1751,71.5612,69.0652,71.0211,67.4240,64.8151,60.9590,60.9590,59.4138,56.8507,0.0000,0.0000,0.0000,0.0000,0.0000,0.0000,0.0000,0.0000,0.0000,0.0000,0.0000,0.0000
1700000039.300000,-62.1,100.6231,93.5575,102.1078,98.6154,95.5249,95.2575,99.1262,98.0204,97.0206,98.0051,100.0200,99.0454,101.1237,100.2447,101.0445,95.3363,97.8673,98.6154,99.6092,97.6217,95.4254,98.0051,95.6347,96.8814,98.1529,98.4784,97.0824,98.9949,101.1187,98.3107,95.6347,95.6347,97.4166,94.1913,91.0494,92.0869,93.0860,89.0000,88.0227,81.0555,80.2247,76.1052,76.4199,73.6817,69.5845,65.9697,67.6831,63.0635,61.6847,60.7289,60.5392,60.8276,0.0000,0.0000,0.0000,0.0000,0.0000,0.0000,0.0000,0.0000,0.0000,0.0000,0.0000,0.0000
1700000039.350000,-63.2,98.8585,95.0158,97.8366,96.8969,95.4620,94.0691,94.8472,97.8366,95.2680,92.8493,95.1315,98.5951,96.8298,96.8298,95.8019,95.6033,95.4411,97.4166,96.5194,96.0417,91.2634,95.3834,94.8683,97.7548,96.0417,94.1541,95.0158,93.5361,95.8801,95.0158,94.6678,93.4933,91.8096,93.1933,89.0505,90.6035,90.1388,83.4865,82.7587,78.5175,79.9312,76.3675,75.6902,72.2496,70.0928,64.5368,64.2028,62.4260,61.0574,62.7694,57.7062,55.1543,0.0000,0.0000,0.0000,0.0000,0.0000,0.0000,0.0000,0.0000,0.0000,0.0000,0.0000,0.0000
1700000039.400000,-59.6,98.0459,96.0208,97.1288,100.0800,95.3363,90.4489,95.3363,94.4299,95.8853,94.0479,96.5401,97.5141,97.2934,96.0469,97.5141,96.3016,98.7623,96.3016,94.1116,97.1236,94.1116,96.0469,92.0489,93.0484,96.9330,96.2081,98.3514,93.3006,98.3514,95.1893,94.2550,93.1451,90.7083,89.9889,92.6499,88.0738,88.2950,84.3445,80.0625,81.6150,77.7817,80.3057,74.1687,72.1110,68.0074,65.0308,62.1289,63.3877,60.4070,60.4070,60.8276,56.0446,0.0000,0.0000,0.0000,0.0000,0.0000,0.0000,0.0000,0.0000,0.0000,0.0000,0.0000,0.0000
1700000039.450000,-60.4,94.6256,90.2109,92.9624,92.6607,93.2952,91.3017,90.7855,92.6121,91.7878,92.7038,95.3415,93.0484,94.1541,93.9840,91.1811,95.1893,94.5569,90.1388,92.7200,93.9628,90.5207,93.1451,91.7606,92.6499,92.7200,90.9560,92.4175,89.9889,91.9239,90.7083,90.1388,92.4446,87.2812,87.5957,87.3155,87.3155,83.9345,83.1926,79.6241,76.0592,78.7718,76.1577,69.8355,67.9559,67.4166,63.8201,63.4114,60.3075,60.8769,58.7963,55.8659,55.3173,0.0000,0.0000,0.0000,0.0000,0.0000,0.0000,0.0000,0.0000,0.0000,0.0000,0.0000,0.0000
1700000039.500000,-64.6,97.5807,95.6713,99.3579,97.1854,94.4934,93.4077,94.5780,95.2103,95.4149,96.2549,95.7183,96.0417,98.6154,96.2549,98.0051,97.1288,94.8947,93.9415,96.6488,96.1769,95.7131,95.2575,93.9149,96.1769,96.1509,95.2733,94.8472,99.7447,96.1509,95.7131,93.0591,92.5905,92.6607,90.2109,89.8888,89.0449,85.2115,86.8332,82.0061,81.0555,76.5768,75.7430,75.0067,70.0357,68.6804,67.2086,66.8431,65.0000,59.6406,62.1772,59.0593,59.9333,0.0000,0.0000,0.0000,0.0000,0.0000,0.0000,0.0000,0.0000,0.0000,0.0000,0.0000,0.0000
1700000039.550000,-57.1,102.4158,100.6231,98.9798,98.1122,96.5660,98.7370,97.4166,96.8349,99.8098,95.6033,101.0445,99.6394,100.0050,99.2472,101.4150,99.7647,99.0858,96.2081,98.2904,98.3107,96.1665,100.4092,94.7945,99.1564,101.1781,100.6578,94.8472,95.5249,99.0858,94.7945,95.4830,99.7647,95.4830,93.3809,94.0691,90.7855,90.2718,87.0057,86.6083,83.4865,78.5493,78.2304,76.3217,75.2928,73.9256,66.1891,63.9766,64.8460,61.6847,63.3246,59.9083,57.0701,0.0000,0.0000,0.0000,0.0000,0.0000,0.0000,0.0000,0.0000,0.0000,0.0000,0.0000,0.0000
1700000039.600000,-62.4,98.6154,94.3398,93.9840,97.7394,90.7579,93.8616,95.5667,93.6216,96.8814,94.3663,98.2700,96.3379,95.1893,98.0051,96.3379,98.5089,96.1873,92.2659,98.3260,94.1913,92.2659,96.0469,95.1893,95.0210,96.1873,91.0494,95.0053,93.1343,94.0851,96.0052,95.4254,94.2603,95.2575,90.7965,88.5664,85.8429,87.9659,84.5281,83.9524,80.5233,80.0812,76.2430,75.2861,72.2357,70.9366,65.5515,66.2118,65.0000,61.2944,60.2080,58.8218,59.8164,0.0000,0.0000,0.0000,0.0000,0.0000,0.0000,0.0000,0.0000,0.0000,0.0000,0.0000,0.0000
1700000039.650000,-62.8,97.4166,93.6803,95.0789,96.0469,91.9837,93.0591,91.7878,91.6624,95.5249,91.4440,95.2575,94.4299,96.1873,93.2631,94.0851,91.0055,93.0484,93.0000,93.0054,93.0860,92.1358,95.0210,91.0220,91.1976,92.0869,92.1954,94.1913,91.1373,93.1933,90.2718,93.0054,91.0055,90.0222,90.0500,86.0233,84.1487,83.2947,82.2192,81.7435,78.5175,75.9539,74.3303,70.8308,71.8401,68.4105,64.8460,63.9062,63.9062,62.2415,57.2713,56.4358,54.3783,0.0000,0.0000,0.0000,0.0000,0.0000,0.0000,0.0000,0.0000,0.0000,0.0000,0.0000,0.0000
1700000039.700000,-60.2,91.2853,98.0816,94.6414,99.4032,94.6256,95.4411,94.6678,95.5249,94.6678,94.5145,97.6166,94.8947,97.5295,96.7471,98.0051,95.7079,96.6075,91.6788,95.2733,95.2733,96.1769,96.2549,92.6121,94.9368,95.7549,94.9368,95.3415,94.9368,97.5090,94.3716,96.1509,91.6788,92.5905,92.6607,91.7878,88.3233,84.3149,85.6037,84.8116,83.2406,75.9276,79.3977,73.5391,72.1388,69.3109,66.6033,66.6033,63.4114,60.4649,58.8303,60.0333,56.7979,0.0000,0.0000,0.0000,0.0000,0.0000,0.0000,0.0000,0.0000,0.0000,0.0000,0.0000,0.0000
1700000039.750000,-59.2,99.8649,95.7183,97.0979,96.5660,98.0051,92.2822,97.0618,95.2733,95.7079,98.8989,96.2549,98.7927,99.5389,96.7988,101.5923,96.7678,96.8401,95.8175,94.5569,97.1236,96.1665,95.2103,93.6803,97.8008,99.2018,96.0469,97.5295,99.0404,96.3016,95.3363,93.9628,94.5569,93.6376,91.7606,94.1541,93.4077,88.3912,86.8159,84.0773,83.1865,78.3901,77.1751,74.0608,71.8471,69.8928,67.2012,64.6607,69.8140,62.2896,60.8112,60.2080,57.2014,0.0000,0.0000,0.0000,0.0000,0.0000,0.0000,0.0000,0.0000,0.0000,0.0000,0.0000,0.0000
1700000039.800000,-59.6,101.4938,101.1781,99.0454,100.0450,95.0000,98.0000,102.1225,99.0808,100.1798,100.3195,102.5914,100.6032,103.0970,101.1187,100.9752,100.2846,99.6394,100.4490,101.2028,99.8248,100.4390,96.5401,96.3172,97.1236,100.6876,97.2677,101.1385,97.5295,100.1699,96.7729,96.1041,96.3172,94.9210,92.5743,95.3520,90.9340,92.0706,88.5664,87.0517,86.1452,80.0000,81.0000,75.1665,76.0263,71.2531,70.2567,67.3647,66.9104,63.3482,63.5610,58.2409,58.8727,0.0000,0.0000,0.0000,0.0000,0.0000,0.0000,0.0000,0.0000,0.0000,0.0000,0.0000,0.0000
1700000039.850000,-62.4,98.1529,97.8673,97.3293,96.4210,96.1873,93.0484,95.0053,93.0000,96.0208,100.0800,98.0459,97.1288,97.4166,97.5141,96.4210,98.8585,97.7394,94.8947,95.9010,95.7079,94.2019,96.3172,97.0824,95.8019,97.2934,92.6499,95.0789,95.5667,95.5667,97.2934,93.7443,95.3520,93.9415,93.0591,91.9239,90.6697,88.3629,87.2066,84.1487,82.0000,79.0063,78.0064,74.1080,74.1687,69.1809,65.4905,65.9242,59.8415,62.3699,59.6657,59.7746,53.4509,0.0000,0.0000,0.0000,0.0000,0.0000,0.0000,0.0000,0.0000,0.0000,0.0000,0.0000,0.0000
1700000039.900000,-62.8,93.2148,92.2280,92.9624,92.9624,90.4710,94.1116,90.1388,90.4434,90.7579,90.1388,93.0484,91.5478,93.2309,93.2309,94.5410,92.6121,93.0376,90.8020,93.4719,92.5743,89.8999,91.6788,89.0056,93.1504,92.1792,93.0591,92.1792,89.8944,91.6788,91.2414,91.7061,91.7061,89.9611,86.1626,87.0919,83.5703,83.8153,81.2711,80.0812,78.1601,74.7329,73.5459,71.1969,68.0661,66.6108,62.2896,62.2013,60.0750,58.0086,58.0345,54.1479,52.4690,0.0000,0.0000,0.0000,0.0000,0.0000,0.0000,0.0000,0.0000,0.0000,0.0000,0.0000,0.0000
1700000039.950000,-59.0,100.4639,97.0824,96.1769,100.6231,93.1504,98.0051,97.7548,95.7183,96.5660,96.5194,97.0824,98.8130,96.8349,98.2293,98.0051,97.2008,97.4526,96.0208,98.4073,96.8298,95.6033,96.8298,94.4934,96.4261,98.4073,97.1854,96.0469,97.6166,97.8008,95.7758,92.2009,96.5194,92.9139,91.0659,89.3588,89.3588,87.6641,88.1022,84.9706,84.1724,81.1542,78.1857,72.7324,75.8947,72.1249,65.9697,66.7083,64.7611,62.6498,61.4003,59.3043,60.0083,0.0000,0.0000,0.0000,0.0000,0.0000,0.0000,0.0000,0.0000,0.0000,0.0000,0.0000,0.0000
1700000040.000000,-62.6,97.0052,92.3580,94.0319,93.4933,94.6678,91.7878,89.9444,92.6121,94.8262,93.0376,92.7038,92.3093,97.6934,92.4770,93.6216,92.4770,96.1353,91.0824,92.0272,92.0272,92.0272,95.5092,89.1852,94.8314,92.0489,91.7606,92.3472,92.3472,91.0934,91.3947,94.8683,90.2497,90.2497,90.2497,88.0227,86.8159,85.9069,82.7647,83.2406,80.6226,77.6981,72.4017,75.1665,69.6348,69.2026,63.7024,64.4438,62.9365,59.4138,57.9828,54.0370,54.0833,0.0000,0.0000,0.0000,0.0000,0.0000,0.0000,0.0000,0.0000,0.0000,0.0000,0.0000,0.0000
1700000040.050000,-59.9,103.1213,98.0051,96.0052,98.0051,97.0464,97.0824,100.4988,94.3398,95.8853,98.7320,99.8499,100.1299,101.7104,98.3107,98.1529,97.1648,96.6902,99.2472,97.7446,99.8248,97.0824,94.3663,97.5141,98.7168,100.4390,96.7729,99.0404,96.8814,99.2472,96.1041,99.0404,97.1648,95.7549,92.6553,90.4489,87.1436,88.2043,85.0529,84.0000,84.0238,78.2304,78.4092,78.4092,75.3260,69.0507,66.0984,65.5134,64.5601,62.2977,61.3514,55.9464,56.8595,0.0000,0.0000,0.0000,0.0000,0.0000,0.0000,0.0000,0.0000,0.0000,0.0000,0.0000,0.0000
1700000040.100000,-59.2,100.6032,100.4490,100.6231,99.8248,96.5401,96.3016,97.5295,96.5660,99.6243,95.8175,102.4597,103.4070,100.3045,99.0202,102.3181,96.5660,98.6154,96.2081,101.6366,98.4886,99.5389,99.4032,94.8472,97.9898,100.2247,99.7296,99.3177,97.3088,101.1336,97.5756,95.5196,97.7394,96.5660,94.2444,93.6056,91.0934,92.4446,89.0505,87.8635,86.3134,79.2465,77.4145,75.3260,75.4255,70.1783,67.0075,66.0076,65.1230,62.0322,64.3817,61.8142,57.4891,0.0000,0.0000,0.0000,0.0000,0.0000,0.0000,0.0000,0.0000,0.0000,0.0000,0.0000,0.0000
1700000040.150000,-60.4,100.6578,95.5196,100.0900,95.3415,97.5090,94.8103,92.5905,96.1509,96.2549,98.7927,97.2471,99.0202,100.1249,96.6075,94.5780,99.8098,94.6256,98.6002,96.0469,96.0469,96.4002,96.6747,95.9010,97.0000,97.7446,94.3663,94.8472,98.4124,95.6713,97.9490,93.7230,96.0469,92.8009,91.6079,88.4816,95.2103,87.3670,83.7616,85.2350,78.0320,81.6333,75.6637,76.9675,69.8570,70.0071,70.2282,65.8027,64.8460,63.0635,60.4152,58.8558,56.0803,0.0000,0.0000,0.0000,0.0000,0.0000,0.0000,0.0000,0.0000,0.0000,0.0000,0.0000,0.0000
1700000040.200000,-60.5,100.2646,100.8960,100.5684,99.0858,97.5910,96.8969,97.6217,99.8248,100.6578,99.0202,100.2646,99.4032,101.0198,102.2008,100.2098,97.9081,99.6444,99.2975,100.7025,99.0202,101.2423,99.6444,98.4784,101.2126,98.8838,97.9439,99.9850,94.5145,102.2155,99.9850,95.9635,96.5660,96.0208,93.6002,94.6256,90.8020,91.6788,87.9659,82.9759,84.2912,81.5659,80.6102,79.2465,75.6902,72.6223,68.0074,68.6003,65.2150,63.5138,61.9112,62.7694,59.6154,0.0000,0.0000,0.0000,0.0000,0.0000,0.0000,0.0000,0.0000,0.0000,0.0000,0.0000,0.0000
1700000040.250000,-62.8,102.6937,99.7447,100.6479,101.5332,100.7224,97.9439,98.1835,97.6524,98.4733,98.0051,102.8008,102.0049,100.8960,100.8960,100.4241,100.8960,102.1763,97.8366,98.4124,99.0858,99.8248,100.4490,95.4830,104.6614,97.6217,99.0051,100.4092,97.5910,98.2904,97.5910,94.7945,99.7647,101.2373,95.7758,93.6056,93.0054,90.6973,90.4434,84.5991,83.5284,82.4924,78.7718,76.9220,71.1126,71.1126,68.9420,67.0671,63.3246,63.6003,60.1664,60.6383,56.4358,0.0000,0.0000,0.0000,0.0000,0.0000,0.0000,0.0000,0.0000,0.0000,0.0000,0.0000,0.0000
1700000040.300000,-59.1,98.7168,97.2677,96.3172,94.9210,94.2019,92.9139,93.7710,96.7471,97.5141,98.3260,95.4254,100.1249,99.0454,97.0000,98.0051,99.0051,96.0208,98.0000,94.0213,97.0464,95.0210,97.0206,97.0464,96.2549,95.0474,93.1933,95.0842,98.3260,93.1343,96.1873,93.0215,93.0054,94.0479,91.0879,92.1954,91.0879,85.2115,83.4865,83.6002,79.0759,79.0759,76.1183,74.2159,67.4685,68.9638,68.0074,64.5136,65.5515,63.6946,57.7062,56.3649,56.3028,0.0000,0.0000,0.0000,0.0000,0.0000,0.0000,0.0000,0.0000,0.0000,0.0000,0.0000,0.0000
1700000040.350000,-62.7,102.0441,99.9250,99.6243,99.6243,98.0306,95.2103,97.8008,97.0155,96.5401,99.4636,98.4886,98.0612,99.2975,98.3107,99.2975,98.9949,97.8673,97.6217,94.4299,97.5141,97.7394,98.3260,95.7549,96.0833,96.3328,100.2447,99.1262,97.1854,97.2523,98.3260,95.4254,95.5249,94.7629,92.2280,93.0591,92.9624,89.4986,83.6780,83.2406,79.4040,80.9568,74.3303,77.8332,72.8011,68.5420,68.0294,67.1193,63.5059,61.2944,60.7454,63.0079,55.9732,0.0000,0.0000,0.0000,0.0000,0.0000,0.0000,0.0000,0.0000,0.0000,0.0000,0.0000,0.0000
1700000040.400000,-63.4,98.7168,98.7168,95.6033,100.8018,94.8683,95.6922,95.4149,94.1541,97.4166,91.4166,97.0464,97.5295,96.1509,95.7079,101.0792,100.7224,100.7224,94.9368,95.4620,94.1541,94.1541,95.4620,92.1141,94.5569,96.4624,95.8593,98.0816,96.2081,93.9840,98.7927,94.5410,93.4719,92.6121,90.8020,91.2414,88.1192,89.0674,82.8553,80.4550,80.9938,76.2758,76.2758,73.2462,69.6563,67.2681,63.0317,63.7024,61.5224,60.9590,61.6198,58.2580,54.7083,0.0000,0.0000,0.0000,0.0000,0.0000,0.0000,0.0000,0.0000,0.0000,0.0000,0.0000,0.0000
1700000040.450000,-63.3,99.4082,99.7246,96.1769,97.0155,97.3242,96.6902,95.8019,98.4937,97.5295,99.7246,99.6243,100.5684,100.5684,101.0198,99.0202,99.1615,99.3177,98.0816,96.2549,97.3088,94.1541,98.0867,95.3415,97.4936,96.1509,96.6075,95.2575,97.4936,98.0867,96.6075,94.0213,97.6934,94.5410,90.2497,90.7579,89.5377,89.1852,87.9318,85.8662,82.0000,79.4292,75.3127,74.6726,69.4622,68.2642,66.1211,66.1211,67.0075,63.0317,61.0328,59.1354,57.5587,0.0000,0.0000,0.0000,0.0000,0.0000,0.0000,0.0000,0.0000,0.0000,0.0000,0.0000,0.0000
1700000040.500000,-62.2,91.3893,98.0867,90.3770,93.0376,89.8944,90.4268,91.4166,91.7878,92.9624,94.5780,93.7443,96.0208,93.2363,95.0000,95.8019,93.8616,96.4261,94.2019,93.2363,91.2140,93.2363,94.4934,89.1964,90.5097,92.0217,91.2853,93.5094,91.4385,94.1754,91.2853,93.7230,92.0054,92.6175,88.2327,88.2043,85.8021,84.4038,83.3547,80.4550,78.0320,74.2428,72.4500,73.3485,68.0294,65.3911,64.8460,63.8905,59.9083,59.7746,57.4891,57.8705,54.4518,0.0000,0.0000,0.0000,0.0000,0.0000,0.0000,0.0000,0.0000,0.0000,0.0000,0.0000,0.0000
1700000040.550000,-60.3,101.0000,98.1275,96.1873,99.2472,92.4392,95.8853,95.1893,95.7079,98.8433,96.5401,97.7446,97.7446,96.0469,96.0469,100.1699,98.0816,100.4241,93.4077,98.0306,98.6712,94.2550,98.0306,93.3006,96.4624,96.7988,95.5196,98.2344,95.1893,99.0202,91.4166,94.5569,94.9210,96.5660,93.1451,93.4077,87.3212,86.1220,85.1587,84.8528,81.8841,79.7621,78.2304,72.1110,72.0278,68.1175,66.0303,64.0078,64.2806,63.2851,62.5140,55.3173,56.0446,0.0000,0.0000,0.0000,0.0000,0.0000,0.0000,0.0000,0.0000,0.0000,0.0000,0.0000,0.0000
1700000040.600000,-58.3,94.3398,96.2549,93.1075,96.6644,91.6788,94.0213,92.2822,94.1541,94.3398,92.3580,93.1933,93.2309,92.2009,95.2103,98.8130,93.2363,95.6033,89.8109,96.0469,93.2363,92.0054,93.7230,92.0978,92.0978,95.0158,91.2414,95.5877,94.3663,90.1388,89.9389,93.8616,90.0000,94.4034,89.6270,89.6270,87.9204,82.6620,82.4924,81.3019,78.8923,75.6637,74.2496,72.9178,67.1193,67.0671,63.5689,62.9365,61.4003,59.6657,58.4637,55.1090,56.1427,0.0000,0.0000,0.0000,0.0000,0.0000,0.0000,0.0000,0.0000,0.0000,0.0000,0.0000,0.0000
1700000040.650000,-62.1,97.5807,99.7647,94.1754,99.8248,92.4554,95.9010,95.2103,93.8136,99.0454,95.4411,96.5194,98.2700,99.8499,96.2549,100.4988,95.8801,97.1288,91.7061,97.0618,97.0464,95.7131,97.4936,93.0215,98.8989,95.2733,96.6075,95.7549,94.8472,95.7079,95.2733,93.9415,95.7706,94.6678,93.2952,92.3580,86.8217,87.6641,85.0000,81.6088,82.0061,80.4301,77.9872,73.0000,69.2965,67.8822,65.7951,65.2993,64.6607,62.4820,59.6406,61.0574,54.5619,0.0000,0.0000,0.0000,0.0000,0.0000,0.0000,0.0000,0.0000,0.0000,0.0000,0.0000,0.0000
1700000040.700000,-63.6,98.9798,96.1353,100.8464,93.1075,99.7447,95.7079,96.1769,96.1509,97.6166,96.3846,97.2471,99.5691,97.9081,97.0824,97.9081,98.8130,98.8130,95.0000,95.8019,95.8019,97.4166,97.8008,96.4002,97.4526,97.4526,97.4526,96.6747,96.2133,97.8008,96.4002,94.8103,93.8136,96.2601,92.4392,91.2688,90.2109,87.9830,85.4751,86.3134,83.1926,77.8203,78.1857,73.7360,68.3520,67.6757,67.6757,65.0000,63.5610,61.0000,61.9839,60.4070,58.0775,0.0000,0.0000,0.0000,0.0000,0.0000,0.0000,0.0000,0.0000,0.0000,0.0000,0.0000,0.0000
1700000040.750000,-61.1,99.6895,99.7246,98.3717,96.7678,98.0306,95.5196,97.1442,94.9368,97.8621,96.1769,97.0824,100.1798,102.8591,97.5295,98.0051,95.2943,97.2471,94.1541,98.1122,97.2471,97.2471,98.6154,94.3398,93.7443,98.7370,97.3499,97.4166,93.1933,97.7548,95.6922,93.2952,95.5249,95.2943,93.6483,94.3716,89.0000,90.3770,86.1626,84.8646,81.9329,80.3243,80.3617,75.5844,72.8011,69.8570,65.3070,65.5134,63.5059,61.4003,58.1378,62.0322,60.0333,0.0000,0.0000,0.0000,0.0000,0.0000,0.0000,0.0000,0.0000,0.0000,0.0000,0.0000,0.0000
1700000040.800000,-64.4,96.0208,93.0484,93.3435,95.1893,90.4489,91.6624,94.7629,93.2148,92.7631,94.9210,95.3415,95.0789,97.7446,96.7729,93.1451,95.8801,96.1665,93.6803,95.5092,96.1665,93.6056,94.5780,89.8109,94.3398,96.7988,96.4624,94.9210,93.4077,92.4770,90.4765,93.6056,91.7061,94.3716,90.7083,90.2497,85.8662,87.3212,82.3772,81.8841,80.7527,77.4145,75.5381,73.3348,71.0282,69.0290,67.0075,64.0078,61.1310,58.4209,60.6712,58.4209,53.8516,0.0000,0.0000,0.0000,0.0000,0.0000,0.0000,0.0000,0.0000,0.0000,0.0000,0.0000,0.0000
1700000040.850000,-63.2,101.1929,99.3277,99.4585,96.7729,97.0824,99.0404,97.3242,94.8947,99.1413,97.4166,99.8499,97.5141,97.2523,98.1835,97.2523,101.1237,97.0206,97.0206,98.0051,96.0000,97.0052,97.0464,96.0052,95.0474,100.0450,99.0808,98.1835,98.0204,93.0215,98.0000,94.0213,97.0206,94.0213,93.1933,92.1954,92.2659,86.3713,90.7965,84.3445,82.3772,81.5843,77.1298,75.9605,73.3757,69.6419,67.4166,62.6259,65.7951,63.0714,60.8276,55.5698,57.6888,0.0000,0.0000,0.0000,0.0000,0.0000,0.0000,0.0000,0.0000,0.0000,0.0000,0.0000,0.0000
1700000040.900000,-60.4,97.6166,95.4254,92.2009,92.9139,91.5260,91.5860,90.4268,92.1792,91.7061,93.0215,94.5410,96.2549,95.4620,95.0789,93.2309,92.6984,92.6984,93.6376,91.0824,91.7606,93.0484,94.8683,92.9731,91.2140,92.3472,91.4822,95.6033,91.7606,94.6414,93.9628,88.2327,91.4166,89.8888,89.3196,89.6939,85.2350,82.8553,81.3941,82.2922,79.6492,75.6637,73.9256,70.1783,69.8928,66.6108,65.0000,61.8466,62.3699,58.7282,58.7282,58.8982,52.4309,0.0000,0.0000,0.0000,0.0000,0.0000,0.0000,0.0000,0.0000,0.0000,0.0000,0.0000,0.0000
1700000040.950000,-61.9,97.3088,98.0816,98.0306,98.0306,95.2103,95.3363,95.8019,94.3663,95.1262,95.9010,97.6729,96.8762,98.1529,96.8762,98.0051,97.6217,96.5194,95.6347,97.3293,96.4210,96.5194,96.3328,94.3398,96.1301,95.2575,95.0842,96.1873,95.1893,96.2549,95.3363,95.5249,93.7710,93.7710,89.2693,89.2693,89.4427,87.3212,84.4038,81.0432,81.9085,77.7946,76.5506,74.0945,70.0071,69.3542,64.8460,66.2420,63.6318,60.2080,59.0762,58.8218,56.6392,0.0000,0.0000,0.0000,0.0000,0.0000,0.0000,0.0000,0.0000,0.0000,0.0000,0.0000,0.0000
1700000041.000000,-63.5,99.3227,98.4124,96.4210,97.6217,96.6902,97.0155,97.8621,97.0824,97.9847,101.3903,98.4937,100.9604,101.5332,98.3717,101.1929,99.0202,98.0816,98.3514,98.0816,99.9600,94.3398,99.7246,98.7927,96.6644,96.6644,94.9368,99.9250,99.9250,94.0213,96.2549,95.1893,95.5196,95.1893,89.8443,92.3472,88.3233,90.7083,85.6154,83.5464,84.3445,79.7621,75.9539,75.5381,72.1734,68.0294,70.0071,67.0075,65.0000,68.0661,62.2013,58.5491,59.4390,0.0000,0.0000,0.0000,0.0000,0.0000,0.0000,0.0000,0.0000,0.0000,0.0000,0.0000,0.0000
1700000041.050000,-63.7,105.4751,97.9439,102.0833,98.2293,99.6243,100.6032,104.8904,101.5332,99.8248,101.3163,102.6499,102.0686,101.9117,101.9117,99.0051,103.2763,99.1564,100.5684,101.2373,102.8251,100.5684,101.6710,98.0816,101.3163,99.2472,99.4887,99.0202,98.5951,98.7168,102.1763,100.4988,96.9381,97.6217,94.0691,94.7523,93.3809,92.0978,86.6833,87.0057,81.8413,86.4002,78.6003,78.2304,75.8024,72.4017,72.0694,66.6483,64.8460,63.3246,62.2977,59.4643,60.4152,0.0000,0.0000,0.0000,0.0000,0.0000,0.0000,0.0000,0.0000,0.0000,0.0000,0.0000,0.0000
1700000041.100000,-62.4,99.6394,100.6032,97.0052,99.0454,94.0319,95.4149,95.0158,93.1504,97.6166,97.0618,96.6023,101.1336,99.3177,99.0051,99.0051,98.0867,99.4032,95.5196,97.1442,98.0816,98.0816,97.7394,93.0484,96.7678,97.4064,98.0306,98.6712,97.7394,98.0306,95.1893,96.2081,96.9330,94.9368,91.7878,90.8020,89.9611,89.0674,88.5889,85.2350,83.3547,78.2304,80.7094,74.4043,73.0069,69.2026,63.2535,65.9469,65.7951,62.9365,60.9590,59.6657,55.7584,0.0000,0.0000,0.0000,0.0000,0.0000,0.0000,0.0000,0.0000,0.0000,0.0000,0.0000,0.0000
1700000041.150000,-61.5,94.0213,94.8947,93.2952,94.3398,92.6499,91.6079,90.9725,92.4175,93.0860,93.7230,95.7758,95.7758,95.4830,96.2081,95.4830,93.3809,96.2081,88.4138,95.4830,94.0479,91.9239,92.6337,86.9770,95.0158,92.6984,92.7631,94.1754,94.1116,95.5249,93.3809,91.2414,91.9348,91.2195,87.8635,88.2383,86.5563,86.6833,83.2406,80.4487,79.8812,77.1038,74.0945,72.7186,69.3542,67.9779,66.7083,63.1585,64.5136,59.4643,59.4643,56.7539,52.7731,0.0000,0.0000,0.0000,0.0000,0.0000,0.0000,0.0000,0.0000,0.0000,0.0000,0.0000,0.0000
1700000041.200000,-62.8,97.4166,96.8298,98.2344,98.0816,96.3328,93.3488,96.3328,96.3328,95.4830,93.3809,95.7758,97.3088,98.4073,100.0000,99.6394,98.0816,100.8018,95.4254,97.8008,99.8098,98.8585,98.0051,94.0479,99.8599,96.5660,96.5194,97.9081,97.0824,99.8649,94.6256,95.0000,95.2680,95.6713,92.0978,91.2853,88.7299,85.0412,85.6329,84.1487,83.4865,79.5110,76.0592,77.2010,71.4003,72.1110,67.1193,65.3682,64.8845,62.6498,63.5059,59.9333,55.7136,0.0000,0.0000,0.0000,0.0000,0.0000,0.0000,0.0000,0.0000,0.0000,0.0000,0.0000,0.0000
1700000041.250000,-61.7,97.1288,98.1835,96.4210,97.5141,95.3520,96.0260,97.8621,95.5667,94.8314,96.0469,99.0404,98.0816,99.6243,99.0404,99.7246,97.4166,98.0306,96.1353,98.0306,97.7394,96.7988,96.7988,95.0789,99.4032,99.0051,96.2549,100.0900,97.1442,97.1442,93.2309,97.7190,95.8175,95.5092,91.7606,95.0789,90.7083,88.3233,86.1220,83.1865,81.0494,78.6384,79.3095,75.3260,75.2396,69.0652,67.0075,66.0076,64.1950,62.2013,57.7062,59.6825,55.7853,0.0000,0.0000,0.0000,0.0000,0.0000,0.0000,0.0000,0.0000,0.0000,0.0000,0.0000,0.0000
1700000041.300000,-66.8,95.4254,94.6414,95.4411,94.6256,93.1933,91.8096,90.7359,93.2952,92.7847,94.8947,93.9415,94.3663,94.4299,94.9368,96.6644,93.0484,94.9210,94.5780,93.9202,96.7988,93.6216,93.0484,90.1388,92.7200,92.4446,93.6056,96.7678,91.7606,93.0054,93.4077,92.6553,89.8888,89.8888,88.3912,89.5545,88.6397,86.0058,84.5281,84.0773,83.1865,73.3553,74.9466,76.5506,69.6348,66.6108,64.6607,66.6033,62.9365,60.1082,58.6941,58.6941,55.0000,0.0000,0.0000,0.0000,0.0000,0.0000,0.0000,0.0000,0.0000,0.0000,0.0000,0.0000,0.0000
1700000041.350000,-61.7,99.0353,101.9117,97.3088,100.0050,94.4934,92.6175,95.4254,94.8683,98.4073,95.4149,97.6524,97.4166,100.4042,98.6154,97.4166,96.3846,95.7131,95.0158,97.1288,94.8262,95.7706,98.8838,94.8262,97.9439,98.8838,96.1509,99.2975,97.0618,96.1769,97.9439,92.7847,95.0158,95.1893,93.2952,92.4175,87.6584,88.4816,85.6037,83.2406,82.8070,77.9872,74.9667,74.9667,71.0634,68.1175,69.0290,64.8151,66.6108,64.8999,59.1693,57.3062,56.4624,0.0000,0.0000,0.0000,0.0000,0.0000,0.0000,0.0000,0.0000,0.0000,0.0000,0.0000,0.0000
1700000041.400000,-65.5,92.1141,92.9731,89.1852,90.8020,86.1278,89.0225,89.7385,88.0738,91.9837,89.2693,92.0706,91.9239,92.7793,91.6624,91.4440,91.3510,91.4440,88.1419,91.0220,88.2780,88.0909,89.3588,89.0505,90.0056,92.0054,92.0217,90.0056,87.0057,91.0220,91.0879,90.3549,86.4697,87.4643,87.2812,85.9884,84.0119,81.7435,81.3941,79.2465,79.3095,74.2159,78.8480,68.6222,68.0074,62.0322,61.3270,62.6498,59.9416,57.7062,55.2268,54.0833,53.4135,0.0000,0.0000,0.0000,0.0000,0.0000,0.0000,0.0000,0.0000,0.0000,0.0000,0.0000,0.0000
1700000041.450000,-62.8,92.4392,92.9624,90.1388,92.9139,85.2115,90.0000,88.0909,87.4586,92.0978,89.2749,92.7631,91.9348,90.5097,91.2195,92.6553,90.6090,92.0978,87.0460,90.6090,88.4590,89.8276,87.1149,87.7838,87.9659,93.0860,90.7855,93.2363,88.5268,90.0278,86.5563,90.0278,88.4138,89.1403,88.4590,84.8646,80.8084,80.0562,80.2808,79.8123,80.0000,72.0069,72.4224,71.0211,68.0955,64.0078,63.5295,60.4152,62.2415,56.3028,58.5235,52.2015,52.3927,0.0000,0.0000,0.0000,0.0000,0.0000,0.0000,0.0000,0.0000,0.0000,0.0000,0.0000,0.0000
1700000041.500000,-63.6,102.4158,93.5361,98.8382,96.2549,95.7183,92.3580,95.6922,96.5194,95.4411,94.0213,98.0816,98.0816,97.1854,96.5401,96.6747,100.4490,94.7945,98.3514,94.7523,94.0691,96.3328,97.6729,96.1665,95.5249,97.0000,94.7945,94.7629,96.1769,92.6337,97.5910,89.9389,96.8969,95.6713,90.2718,91.2140,88.7299,89.3756,83.8153,83.2166,79.6116,79.6492,74.4312,76.5376,68.4251,67.6240,66.8506,64.2573,63.0635,64.8460,61.8466,59.9083,54.5894,0.0000,0.0000,0.0000,0.0000,0.0000,0.0000,0.0000,0.0000,0.0000,0.0000,0.0000,0.0000
1700000041.550000,-61.0,98.2344,98.7168,95.5249,100.5684,95.4830,96.1665,95.4830,97.1854,96.0469,97.3088,97.9490,97.6166,99.8098,99.2018,100.6032,96.8349,96.8349,94.6256,96.2549,96.2549,96.2549,96.5660,93.1933,96.8969,95.4149,97.7548,95.8801,95.4149,97.0979,96.5660,98.4733,94.5780,93.7443,94.4034,91.4002,86.8332,88.7299,83.5464,84.8528,84.8646,77.1557,78.6448,73.8783,74.5185,69.6563,68.8186,66.2873,65.7343,63.6318,60.8276,59.5063,60.1664,0.0000,0.0000,0.0000,0.0000,0.0000,0.0000,0.0000,0.0000,0.0000,0.0000,0.0000,0.0000
1700000041.600000,-59.9,98.4733,97.0824,99.5691,96.2549,97.7548,94.6678,94.8947,94.8103,95.7079,96.6644,97.3088,99.7246,100.4639,98.0816,100.4639,99.9600,96.7988,93.9840,98.0306,96.1665,98.6712,98.6712,93.6803,96.7729,98.0816,94.1116,96.8401,97.4166,97.1236,96.4624,91.0934,95.5196,93.6376,90.2497,88.7694,91.7878,86.8159,86.7640,85.0000,77.8974,79.6116,77.3886,75.4520,69.6348,71.4003,65.9469,65.8559,67.1789,62.9365,61.5549,59.4643,56.4004,0.0000,0.0000,0.0000,0.0000,0.0000,0.0000,0.0000,0.0000,0.0000,0.0000,0.0000,0.0000
1700000041.650000,-60.8,98.6002,93.0054,98.8585,92.1954,95.7758,92.0978,94.7523,93.3488,91.2195,94.8472,94.7945,95.2680,95.7758,95.2680,97.9490,97.0052,94.2019,95.0000,93.6002,95.0000,92.8009,93.2309,95.2103,94.8683,94.8683,94.0479,95.4411,96.8349,88.4816,97.4166,90.0000,95.4254,93.0860,87.3212,88.6172,87.1149,84.8646,83.4506,79.2086,78.6448,81.3449,74.8131,73.8783,70.4557,69.0652,67.4166,63.2851,63.2851,63.9531,60.4152,55.7136,57.9741,0.0000,0.0000,0.0000,0.0000,0.0000,0.0000,0.0000,0.0000,0.0000,0.0000,0.0000,0.0000
1700000041.700000,-62.0,92.0978,89.1067,91.2195,91.9348,89.8276,87.7269,90.1388,88.2383,91.4002,90.8020,91.6079,92.0054,96.7988,94.0319,91.8096,90.7359,91.2688,90.4268,90.0500,91.9239,90.5538,91.9239,90.0500,92.5905,92.1792,92.1792,90.8240,90.4268,89.9444,93.2952,88.5099,88.5099,89.0449,87.6584,87.4185,83.4086,82.8010,79.6492,78.8733,74.3303,73.5935,73.5527,72.8629,69.4262,67.2681,64.0312,62.8013,59.9083,58.8303,56.9386,53.7122,53.2259,0.0000,0.0000,0.0000,0.0000,0.0000,0.0000,0.0000,0.0000,0.0000,0.0000,0.0000,0.0000
1700000041.750000,-60.2,96.3328,93.1343,93.0054,94.0479,91.0000,90.0222,94.1913,90.4489,95.5249,92.7793,95.6347,95.0368,95.1893,94.5410,92.0706,91.7823,92.1954,93.3916,91.6788,93.3916,88.0738,93.1451,90.2441,93.0054,90.7083,90.9560,89.0225,90.4710,89.4986,89.7385,89.6270,90.4710,90.6090,86.9770,85.8429,84.8528,81.4985,82.2192,81.0555,77.0260,78.0256,73.0069,69.1158,67.1863,65.1920,63.5059,62.8013,59.0339,57.4891,59.7746,55.3624,56.0803,0.0000,0.0000,0.0000,0.0000,0.0000,0.0000,0.0000,0.0000,0.0000,0.0000,0.0000,0.0000
1700000041.800000,-59.9,100.1699,97.7446,100.2247,99.4636,97.6729,95.1893,95.7549,97.6217,100.1798,97.1854,97.1288,97.0052,99.0051,99.0051,99.0202,98.0204,96.1301,97.0824,96.1873,97.5141,98.4124,98.5089,97.3293,95.8853,98.3260,98.5089,102.8251,95.7549,97.7394,96.8762,96.4210,94.5304,96.5194,93.0860,93.1343,92.1358,90.0000,84.0238,83.0963,80.0999,81.1542,77.3175,77.5242,72.4431,69.8713,66.0984,66.2873,67.4463,63.8905,62.6259,60.5392,57.6975,0.0000,0.0000,0.0000,0.0000,0.0000,0.0000,0.0000,0.0000,0.0000,0.0000,0.0000,0.0000
1700000041.850000,-59.8,93.6056,92.3147,93.0860,92.8009,91.6079,91.6079,90.6973,91.5260,94.3027,92.9624,95.3834,97.6166,91.7878,92.5905,92.6607,94.8262,93.9149,91.7061,90.3383,91.6788,90.3549,92.1303,90.7855,93.6216,89.6939,90.6201,93.6216,90.8020,92.1954,89.4707,89.4427,88.5889,89.0674,88.5889,88.4816,83.5284,84.9058,80.1561,78.8162,76.0263,77.4661,74.0270,68.1175,68.6222,65.1920,62.9682,63.0317,61.8466,61.2209,56.6127,54.9181,53.2353,0.0000,0.0000,0.0000,0.0000,0.0000,0.0000,0.0000,0.0000,0.0000,0.0000,0.0000,0.0000
1700000041.900000,-62.9,95.7079,95.7079,91.3017,93.6483,90.5538,92.9624,94.0479,92.0869,92.9139,92.8009,95.4411,95.2680,95.1315,96.0469,97.6166,94.8472,95.0158,93.5094,94.7945,94.7523,93.3809,94.0479,89.8276,95.4830,93.3381,94.0479,92.6337,91.2195,95.4620,89.0955,93.4345,92.8493,90.6863,87.3212,88.8651,83.7377,84.6286,84.8764,80.1561,79.9250,75.4718,72.5603,71.1196,69.7782,67.1193,62.7694,65.5515,62.2977,58.5235,58.9406,61.0000,54.7449,0.0000,0.0000,0.0000,0.0000,0.0000,0.0000,0.0000,0.0000,0.0000,0.0000,0.0000,0.0000
1700000041.950000,-64.1,95.2733,95.7706,90.2109,94.1541,92.9624,93.2309,92.6553,92.2009,90.6035,91.2140,96.2133,93.2363,89.9389,94.2603,93.7230,95.5877,90.6863,91.2414,91.2195,92.0217,89.1964,91.2195,91.2195,93.3381,91.9239,90.5538,89.8053,92.6337,92.6984,90.5097,91.3510,87.8635,90.7855,88.6172,85.1469,85.2760,85.0000,82.0975,79.6304,77.3886,74.6257,71.5891,71.1196,69.3542,65.7419,63.5610,63.6946,62.2977,61.3514,59.4811,55.3173,54.5894,0.0000,0.0000,0.0000,0.0000,0.0000,0.0000,0.0000,0.0000,0.0000,0.0000,0.0000,0.0000
1700000042.000000,-60.8,96.0052,96.6644,93.9415,93.9415,92.1303,95.2943,94.0213,93.2952,95.1893,95.7183,98.4733,99.6243,98.4733,96.8349,98.2293,94.0479,96.8298,94.0213,97.8008,95.2680,95.9010,94.6414,93.6056,95.6713,97.0000,94.2603,98.7168,92.4554,96.5401,92.3147,92.2009,92.2009,91.4002,89.3085,90.9725,90.4434,84.5991,85.9593,84.5991,83.1865,80.4984,75.1532,74.4648,71.3092,67.4166,63.6003,63.8905,65.2533,60.6383,61.1882,57.7062,57.3149,0.0000,0.0000,0.0000,0.0000,0.0000,0.0000,0.0000,0.0000,0.0000,0.0000,0.0000,0.0000
1700000042.050000,-60.8,93.6376,96.4624,94.3716,97.7190,94.3716,94.3663,94.9210,93.3809,94.3663,94.0479,96.5194,92.3472,98.5089,95.4254,96.3328,96.0833,97.0206,92.0217,96.0469,96.0469,96.0833,94.0213,94.0053,95.0474,95.0474,94.0213,94.0479,97.0052,96.0000,91.0055,95.0210,94.0213,93.1933,91.1976,88.2043,85.2878,83.6002,84.5931,81.7435,79.4292,75.7100,76.4853,72.2772,71.3092,68.4105,64.8460,62.6259,62.7694,56.7979,58.5918,58.1808,56.3028,0.0000,0.0000,0.0000,0.0000,0.0000,0.0000,0.0000,0.0000,0.0000,0.0000,0.0000,0.0000
1700000042.100000,-65.2,96.0208,96.8349,92.3580,96.8349,93.4933,96.0417,92.6607,91.2414,93.4773,92.5743,91.7061,95.7549,96.2549,94.9368,95.8541,96.2081,98.0816,91.5478,96.7988,95.1893,93.6376,95.1893,88.9550,91.7061,94.5569,96.7678,93.3006,93.3006,96.1353,92.0272,91.1811,92.4770,91.3893,92.7038,89.0505,84.9706,86.7640,85.4751,84.2199,80.7775,76.0066,73.8173,72.8011,71.6101,65.4370,66.7083,63.6396,61.5224,59.4138,60.9590,56.8507,54.0833,0.0000,0.0000,0.0000,0.0000,0.0000,0.0000,0.0000,0.0000,0.0000,0.0000,0.0000,0.0000
1700000042.150000,-59.1,92.0054,92.0054,95.0000,92.0489,90.1388,90.1998,93.7710,91.7878,92.7631,90.4268,94.3663,93.9415,93.3916,95.8019,92.6499,95.3363,93.0054,93.0054,90.8020,92.0272,91.7606,90.1388,91.0824,94.3398,90.1388,92.0272,92.4770,88.9550,91.5478,89.8888,87.3155,90.1388,90.1388,84.2021,84.2021,83.9345,85.3756,79.0759,80.0625,76.1183,73.3485,69.4622,72.4431,66.3702,65.1230,61.0082,62.0000,61.0082,57.0351,53.3385,53.4603,52.1728,0.0000,0.0000,0.0000,0.0000,0.0000,0.0000,0.0000,0.0000,0.0000,0.0000,0.0000,0.0000
1700000042.200000,-60.6,98.2293,97.3499,97.4166,95.1893,95.8801,93.5361,96.6023,93.4719,95.7549,96.6644,98.8989,99.0051,99.5389,97.3088,97.6934,100.9009,95.8175,96.1353,96.7678,97.7190,95.1893,96.4624,95.8175,94.9210,95.2103,95.8801,95.8801,96.4624,92.3472,96.4624,93.3006,92.6984,92.4770,90.4710,90.4710,89.0505,87.2066,84.5991,83.3547,78.5493,78.5493,73.7835,73.8173,70.0000,69.2026,66.0681,63.2535,61.6198,60.1415,58.8982,57.6281,54.4059,0.0000,0.0000,0.0000,0.0000,0.0000,0.0000,0.0000,0.0000,0.0000,0.0000,0.0000,0.0000
1700000042.250000,-66.8,99.2975,102.3963,94.8947,99.8499,93.9415,100.6231,96.6644,98.0867,98.2344,96.2081,99.0202,98.9798,99.9300,98.6712,102.7862,97.8008,100.6876,94.3716,98.9545,98.9545,97.9847,97.7446,93.3916,97.8621,100.0200,99.0404,98.8433,95.3415,99.4636,94.1488,97.0155,95.8019,96.3016,91.4822,90.4434,86.9770,88.2327,85.4400,83.9345,83.3847,77.3886,79.7057,72.8972,72.0069,68.4763,65.8635,66.3702,63.8201,62.2013,60.4401,58.2580,55.8659,0.0000,0.0000,0.0000,0.0000,0.0000,0.0000,0.0000,0.0000,0.0000,0.0000,0.0000,0.0000
1700000042.300000,-62.8,94.8736,96.2549,93.4773,94.0479,92.2009,91.0494,93.2363,93.0860,93.6056,90.5538,92.6337,94.7523,95.4830,94.0691,96.1665,93.3809,94.9210,91.3510,92.0978,91.3510,91.9674,92.7631,90.1388,92.6175,94.0213,94.6414,94.0213,93.7230,94.4934,89.3756,90.6090,91.2195,90.5097,87.6926,89.1403,84.8528,83.4865,81.5659,80.9197,78.4092,74.4043,73.2393,69.8928,67.6757,66.2420,63.0635,61.7171,61.3270,58.3095,58.3095,55.0273,53.6004,0.0000,0.0000,0.0000,0.0000,0.0000,0.0000,0.0000,0.0000,0.0000,0.0000,0.0000,0.0000
1700000042.350000,-61.2,95.8801,95.8801,91.8096,92.6499,93.4773,90.2109,92.0054,91.8314,91.6788,90.7855,93.4345,91.9674,93.3381,90.5207,90.5097,93.3488,94.2603,87.6926,92.4554,94.2603,89.8721,92.3147,90.6090,96.2133,89.4986,91.6788,93.7230,89.3756,92.3147,91.6788,89.2749,89.8276,88.3912,86.9770,81.3204,84.8999,82.1340,81.4678,80.9197,76.6942,75.8024,73.2393,72.4224,70.2140,65.5134,61.7738,63.0635,57.7062,56.8595,56.6480,55.9732,52.6308,0.0000,0.0000,0.0000,0.0000,0.0000,0.0000,0.0000,0.0000,0.0000,0.0000,0.0000,0.0000
1700000042.400000,-61.9,99.3630,95.2943,95.7131,94.8103,97.3088,94.9368,91.3893,94.3398,97.4064,94.8683,95.8175,96.7678,96.1665,95.6033,96.1665,96.3016,97.5141,94.1116,94.1116,95.8019,91.2140,94.8314,93.1719,91.7823,97.5141,93.1719,96.3172,94.8314,94.1116,94.8314,95.8801,91.7606,90.7579,92.0272,90.1388,86.9770,84.3090,83.7735,80.6226,77.8203,77.0260,75.6637,74.0945,70.7248,68.6003,65.0000,63.4114,64.0312,60.1415,59.3970,60.8112,54.4885,0.0000,0.0000,0.0000,0.0000,0.0000,0.0000,0.0000,0.0000,0.0000,0.0000,0.0000,0.0000
1700000042.450000,-62.2,96.7729,95.3415,97.8621,95.9010,95.1893,93.0591,93.4345,93.3435,95.3363,95.1893,96.1301,96.0052,97.0464,97.0052,96.0469,96.0000,96.0052,94.0053,96.0833,96.0208,95.0053,95.0474,93.0860,95.3363,96.1301,94.1329,94.0851,95.0842,95.0474,94.0479,93.0054,92.0054,92.0869,91.0494,91.2688,87.2066,84.3801,82.6075,81.0494,79.2465,77.6660,74.7329,74.4648,67.4463,66.7308,64.2573,64.6220,63.1585,60.8358,59.9333,56.4358,54.6443,0.0000,0.0000,0.0000,0.0000,0.0000,0.0000,0.0000,0.0000,0.0000,0.0000,0.0000,0.0000
1700000042.500000,-60.9,95.3363,91.0879,97.0206,95.0474,94.0851,88.0227,92.0217,92.1358,93.1933,95.1893,94.4299,96.4210,94.6414,96.7471,95.6347,94.9210,93.3809,95.7079,94.1488,94.3663,91.4112,93.9415,94.9210,93.1451,94.1488,92.1954,91.9837,96.1041,90.4710,94.9210,91.2414,91.7878,92.6553,92.3472,88.6848,88.3629,83.2166,80.0562,80.0062,76.0000,79.0569,74.1080,73.4370,70.4557,64.6297,64.9384,62.1691,66.4831,61.1310,57.9741,55.9464,53.6656,0.0000,0.0000,0.0000,0.0000,0.0000,0.0000,0.0000,0.0000,0.0000,0.0000,0.0000,0.0000
1700000042.550000,-61.4,102.7035,101.3163,96.2549,96.1301,94.0053,97.0052,95.0053,97.0464,99.0202,95.1315,97.6217,97.7394,98.8585,98.8585,98.6154,97.1648,97.0155,93.0591,96.6902,98.9949,97.3242,97.1648,93.1719,97.7446,98.4886,97.7446,98.4886,97.3242,95.3520,94.2019,93.2148,94.4299,93.5361,90.2718,90.1388,87.2812,90.1388,86.0930,85.0235,84.0060,78.1025,78.4092,76.4199,73.6817,71.0211,67.2681,63.5610,65.0000,62.6418,61.0328,59.2368,55.4617,0.0000,0.0000,0.0000,0.0000,0.0000,0.0000,0.0000,0.0000,0.0000,0.0000,0.0000,0.0000
1700000042.600000,-59.2,96.0417,94.1541,95.7706,96.1769,92.1303,92.7038,93.6216,92.1141,92.3580,90.4434,94.3398,94.8683,96.1665,96.8401,98.6712,97.5295,93.8616,91.2140,95.3415,93.1719,93.6216,95.0789,90.2441,90.0278,95.3415,94.1488,92.6499,94.5939,95.5667,90.7083,92.6499,91.3947,91.2140,88.5438,86.6487,86.3308,84.5044,84.3090,81.4371,79.2023,76.0592,75.6637,74.4312,69.6419,66.2873,65.0000,64.4050,61.2209,60.9590,59.4138,58.0517,54.0370,0.0000,0.0000,0.0000,0.0000,0.0000,0.0000,0.0000,0.0000,0.0000,0.0000,0.0000,0.0000
1700000042.650000,-62.2,93.3006,92.0489,91.9239,92.8924,89.8220,90.8020,88.4590,90.0944,91.6624,92.9139,93.5361,90.2718,94.4299,94.2603,94.2603,91.0879,92.1358,91.0879,93.0000,92.0054,91.0879,90.0000,90.0056,91.0220,90.0000,91.0055,94.0000,90.0222,91.0055,90.0056,90.1388,90.1998,87.2066,87.2812,89.6772,84.5931,85.3288,82.3772,78.4474,79.8311,73.7631,74.4648,72.7324,67.6757,65.1920,61.4654,59.9416,60.3738,57.7062,56.6039,52.6973,52.8015,0.0000,0.0000,0.0000,0.0000,0.0000,0.0000,0.0000,0.0000,0.0000,0.0000,0.0000,0.0000
1700000042.700000,-63.6,94.8262,98.8838,94.1541,95.1893,90.6973,94.5780,96.5194,92.0054,92.0054,91.5478,95.4254,93.5094,95.1315,97.0000,96.3328,95.0158,94.7945,91.2414,95.4620,92.6337,91.2195,96.8762,90.5097,94.7629,94.8472,92.6984,96.8969,91.9348,96.1769,93.3381,94.0691,94.7629,92.6553,88.0909,89.4986,85.9128,86.6083,82.4197,81.8352,80.9938,77.5242,74.3034,71.1196,69.7782,66.6408,65.0000,64.2573,61.9839,58.2409,57.4891,58.2495,56.3205,0.0000,0.0000,0.0000,0.0000,0.0000,0.0000,0.0000,0.0000,0.0000,0.0000,0.0000,0.0000
1700000042.750000,-65.0,94.1116,92.4446,91.0824,91.0824,92.6984,88.0227,90.4710,92.3093,92.3093,93.0215,93.0376,92.1792,92.6607,95.8801,91.3017,95.0158,91.5860,91.9239,91.5860,91.5860,90.9175,91.8096,90.7359,93.0054,93.4773,91.5260,92.3580,92.1141,91.2688,93.7443,89.6939,91.7878,91.7878,88.5889,88.5494,82.7345,84.0952,81.1542,79.4796,75.8947,78.1089,72.7324,71.1688,65.7343,66.2873,64.7765,61.4003,62.2013,58.1378,57.0789,56.0089,55.0364,0.0000,0.0000,0.0000,0.0000,0.0000,0.0000,0.0000,0.0000,0.0000,0.0000,0.0000,0.0000
1700000042.800000,-61.6,96.1301,95.1893,90.9340,94.0479,88.8144,91.2414,92.6499,90.4710,91.9239,90.5207,91.7606,92.1792,94.2550,91.3947,94.2444,90.8240,92.3093,92.4770,93.1075,91.2853,92.1954,90.7855,90.4710,88.5664,93.0376,90.8020,92.1358,90.3383,92.1303,90.8020,89.4707,89.9611,87.8465,87.8465,86.7295,85.7030,85.4400,82.2800,79.4040,77.8845,74.7262,76.4853,70.2140,69.0507,67.7422,63.2851,62.0725,61.0737,58.0000,58.0086,58.3095,53.7587,0.0000,0.0000,0.0000,0.0000,0.0000,0.0000,0.0000,0.0000,0.0000,0.0000,0.0000,0.0000
1700000042.850000,-62.9,92.2822,93.4773,93.4719,92.5743,90.8735,90.2497,90.4765,87.9204,90.1388,90.8020,95.8801,92.1792,92.4446,92.6499,93.3916,95.3415,90.2441,91.7823,90.6090,91.5915,90.6090,90.4268,89.1067,93.0591,88.4590,93.0591,93.2148,91.7823,91.5915,92.5743,91.2195,93.5575,89.0225,84.4038,89.2861,86.3308,84.1190,81.3449,80.7775,78.7909,73.8241,72.0139,73.4302,68.4251,64.4981,64.8999,63.8122,62.8013,60.3075,58.7282,57.3149,55.1725,0.0000,0.0000,0.0000,0.0000,0.0000,0.0000,0.0000,0.0000,0.0000,0.0000,0.0000,0.0000
1700000042.900000,-63.0,94.0319,95.1893,93.5361,93.2952,89.9444,92.1954,92.1358,90.4710,91.7878,90.4765,91.0824,93.6056,91.0934,92.3472,91.4822,89.2861,90.9560,90.9560,90.2441,92.1954,90.6090,91.4440,88.0738,91.2414,91.0824,92.3959,94.0479,88.6454,91.4112,92.3959,88.8426,91.2195,89.0225,87.3212,89.2861,86.1278,84.4808,83.1685,82.2800,77.6209,73.5391,74.8465,70.6824,69.7782,65.2993,62.2656,64.1405,63.2456,56.8595,55.0000,58.4123,55.9017,0.0000,0.0000,0.0000,0.0000,0.0000,0.0000,0.0000,0.0000,0.0000,0.0000,0.0000,0.0000
1700000042.950000,-61.1,95.5877,96.8762,91.2853,94.0691,90.6863,94.3663,89.4986,92.2009,95.6033,89.8721,94.5780,95.1315,94.5780,95.4149,98.1835,91.9239,95.3834,89.6939,96.1769,91.2414,92.1792,93.1504,90.3549,93.0376,94.8103,96.1509,97.4936,93.0215,96.2549,93.4773,93.5361,92.2822,93.8136,87.6641,89.3588,83.4865,84.6286,82.4621,80.9197,83.6301,73.0000,75.7430,69.2965,68.5930,65.0692,65.8559,63.0317,63.0079,59.3633,57.8014,55.2268,57.2713,0.0000,0.0000,0.0000,0.0000,0.0000,0.0000,0.0000,0.0000,0.0000,0.0000,0.0000,0.0000
1700000043.000000,-63.4,98.3870,95.7079,96.6488,92.5905,95.1893,91.0659,95.4149,93.7443,96.2601,95.2103,96.0469,95.9010,96.8298,96.5401,95.9010,96.4261,95.4830,93.5094,93.3809,95.0158,93.4345,94.1754,93.3488,93.3488,92.6337,93.3381,94.7629,96.1665,93.4345,91.9239,90.6863,91.4385,91.4385,86.6083,91.4002,88.8144,86.0233,82.0975,83.2166,78.8923,77.5242,74.7930,74.6860,68.4471,67.6757,65.5515,62.9682,66.0984,63.0635,57.0701,58.8558,57.3149,0.0000,0.0000,0.0000,0.0000,0.0000,0.0000,0.0000,0.0000,0.0000,0.0000,0.0000,0.0000
1700000043.050000,-63.6,98.5089,95.7549,96.0260,89.2693,96.1041,92.1954,94.3716,90.5207,92.0489,94.5569,92.3472,95.5196,96.4624,94.1541,93.0484,96.6644,94.8472,95.3415,90.8020,95.7549,92.1358,94.8103,93.9415,95.7706,93.0591,93.9149,94.0213,92.1792,92.1303,93.5361,89.4427,92.1358,91.2360,91.7061,89.9611,88.7694,84.8646,85.7263,85.7030,83.5225,79.1202,75.1864,75.1864,70.6116,66.0984,68.7314,63.5059,65.3758,62.0725,59.0762,57.0351,55.0818,0.0000,0.0000,0.0000,0.0000,0.0000,0.0000,0.0000,0.0000,0.0000,0.0000,0.0000,0.0000
1700000043.100000,-60.8,92.7038,93.0484,94.2444,91.4166,88.2327,89.5600,89.7385,88.5268,90.7083,89.8220,91.7823,94.2019,93.2148,89.9444,93.3809,93.7710,93.9042,90.6697,91.2688,91.4440,87.6926,93.3435,90.2718,91.0494,90.1388,90.2718,91.2688,91.2688,88.4590,90.2718,88.4590,89.6772,89.9444,88.2836,86.6833,84.5281,84.6463,81.7435,81.0432,77.4919,74.9466,71.8679,72.8011,67.2309,65.3070,64.0078,62.6498,60.0333,60.2080,56.3028,54.2033,53.0754,0.0000,0.0000,0.0000,0.0000,0.0000,0.0000,0.0000,0.0000,0.0000,0.0000,0.0000,0.0000
1700000043.150000,-63.1,95.0158,89.1403,95.4830,90.5207,91.4385,87.9659,85.2760,88.8144,93.8136,93.4773,92.3580,89.3588,93.2952,90.7359,92.2822,94.0213,88.5889,91.7878,87.2066,89.8944,90.8240,89.0000,91.2360,91.7878,91.7061,88.5664,90.4710,93.9415,86.3134,91.5478,86.3308,88.5494,89.4707,85.4751,85.7555,86.9540,81.3019,81.8352,77.4209,74.4043,77.0065,71.2180,75.4321,64.5368,65.7951,64.3506,62.2254,60.8276,58.4123,59.6657,56.8595,51.9711,0.0000,0.0000,0.0000,0.0000,0.0000,0.0000,0.0000,0.0000,0.0000,0.0000,0.0000,0.0000
1700000043.200000,-65.0,100.4241,96.8298,97.3088,98.0816,95.0158,95.4620,94.7629,94.7629,94.0691,95.5249,98.0816,97.6166,99.0202,96.5194,98.6002,96.8349,94.5780,93.8136,97.0979,98.7370,95.2103,95.4149,92.6499,97.5295,95.3834,94.0213,95.8801,96.8969,97.5295,95.7706,96.0417,94.8736,92.9139,89.6270,93.0054,88.2327,91.2634,85.6037,84.8116,84.2912,79.2465,79.1960,74.3303,75.0733,70.2922,69.4262,67.2012,66.0303,62.0081,60.2080,62.1772,55.9464,0.0000,0.0000,0.0000,0.0000,0.0000,0.0000,0.0000,0.0000,0.0000,0.0000,0.0000,0.0000
1700000043.250000,-62.9,99.0051,97.3293,97.6217,98.4124,98.0051,95.0368,94.9210,93.7443,96.5401,96.8814,97.2934,97.5141,97.5295,97.0155,94.9210,96.5660,95.1893,95.6033,96.4624,93.0484,96.7988,97.3088,94.5569,95.0789,96.2081,95.8593,96.2081,96.7988,95.8175,95.1893,92.0489,94.9210,95.5092,91.4822,89.4986,89.0505,86.1452,83.6002,84.7172,80.3990,80.2247,76.2365,77.0584,73.0274,69.0072,68.0074,68.0294,64.1950,61.8142,59.8415,57.7235,56.9210,0.0000,0.0000,0.0000,0.0000,0.0000,0.0000,0.0000,0.0000,0.0000,0.0000,0.0000,0.0000
1700000043.300000,-65.6,94.0479,91.0220,89.1403,89.2749,88.4590,89.4539,90.3549,88.6848,88.6848,88.6454,91.0055,90.4710,91.9239,90.9560,92.8924,90.2497,90.5207,87.8009,89.1852,90.1388,90.2497,91.7606,86.6487,91.0824,89.8109,90.8240,90.7579,88.5438,89.8443,90.5207,89.5600,88.7694,87.3212,87.8009,86.8850,82.7647,84.3445,79.5110,76.7919,77.4145,73.1095,75.1665,69.0000,67.0075,64.0312,61.2046,58.3095,60.4070,57.8705,55.3173,56.3205,52.8110,0.0000,0.0000,0.0000,0.0000,0.0000,0.0000,0.0000,0.0000,0.0000,0.0000,0.0000,0.0000
1700000043.350000,-58.6,100.0000,98.9545,96.7729,94.9210,97.2934,92.9139,97.5141,95.3363,95.4254,95.3363,97.4166,95.2575,96.0208,98.0204,95.0053,97.0052,97.0052,95.0053,95.0210,99.0202,95.0842,94.0851,94.0851,96.0469,95.2575,97.1854,95.2575,96.1301,92.0000,97.0464,93.0215,95.0053,95.0474,93.0054,91.0494,90.2718,88.3629,84.4808,82.8734,77.7817,82.0000,75.7100,77.3692,69.2604,67.3573,66.7308,66.4831,61.8466,62.1691,59.5399,57.4543,56.6127,0.0000,0.0000,0.0000,0.0000,0.0000,0.0000,0.0000,0.0000,0.0000,0.0000,0.0000,0.0000
1700000043.400000,-63.7,94.8947,92.9624,95.6922,94.5780,93.8136,88.0057,93.4077,89.4986,92.3147,91.2853,97.0824,94.0691,94.0479,94.0479,94.1116,92.6553,92.7631,91.2853,91.2853,92.6984,91.2414,92.3147,90.0278,93.8616,93.0860,90.7855,92.3147,93.2363,93.0860,90.6863,89.9389,91.2853,92.6553,87.6926,87.7269,86.3134,83.6301,81.2158,80.6040,80.2808,76.6094,73.8173,73.4983,70.7107,69.1158,67.1193,64.8460,61.2699,60.4070,59.8080,56.9210,56.5155,0.0000,0.0000,0.0000,0.0000,0.0000,0.0000,0.0000,0.0000,0.0000,0.0000,0.0000,0.0000
1700000043.450000,-63.8,95.4620,95.4830,97.0000,95.1315,93.5094,92.8009,94.2019,96.6075,96.0208,95.4411,96.2549,97.3499,94.5780,95.0158,93.4933,99.3630,97.6166,95.7183,94.4140,95.7706,96.3846,97.5295,92.1303,93.4719,91.7061,92.5743,95.2575,94.3663,93.0215,94.8262,92.2822,91.5860,93.7443,90.7359,89.5879,91.5260,85.2115,83.4086,81.8352,79.3977,79.3977,79.2465,76.3675,74.3303,67.9412,66.8431,66.0681,63.8201,57.6888,62.7694,58.1808,57.9396,0.0000,0.0000,0.0000,0.0000,0.0000,0.0000,0.0000,0.0000,0.0000,0.0000,0.0000,0.0000
1700000043.500000,-62.2,99.0000,97.0206,98.0816,95.1315,95.1315,92.4392,94.3398,91.7878,96.0260,99.6394,95.5667,95.5667,95.0789,98.7168,95.8019,98.0816,92.3472,96.1665,92.9731,94.9210,94.3716,95.5092,92.9731,92.4770,94.1541,93.2309,95.8593,99.1615,91.7606,96.9330,90.7579,93.9628,91.7606,91.4822,89.0225,89.7385,86.6833,85.3756,84.5281,79.9062,81.8841,75.9539,76.3217,69.2604,70.0071,67.0671,64.0312,64.2806,61.1310,61.4003,59.6825,55.3173,0.0000,0.0000,0.0000,0.0000,0.0000,0.0000,0.0000,0.0000,0.0000,0.0000,0.0000,0.0000
1700000043.550000,-58.3,92.0217,93.0000,94.0479,91.0000,93.0484,91.3510,91.4440,90.6697,93.2148,93.2148,95.7079,93.3916,92.9624,95.3415,91.9239,93.6803,92.7200,91.2140,91.7606,91.7061,93.1451,94.8683,90.4765,91.4166,91.4166,90.8240,91.7606,95.5196,92.3580,90.8240,91.7061,90.1388,90.1388,88.6002,87.8009,89.4986,85.1469,83.5464,80.8950,77.9295,78.5175,73.5527,74.3303,66.1211,65.1230,68.0074,63.0317,63.1269,60.2993,58.4209,56.7186,53.1601,0.0000,0.0000,0.0000,0.0000,0.0000,0.0000,0.0000,0.0000,0.0000,0.0000,0.0000,0.0000
1700000043.600000,-61.3,99.4636,98.4886,98.6560,94.2019,95.8853,94.4299,98.1835,93.2631,96.0469,93.0215,96.0052,98.0051,97.0000,97.0206,96.0208,95.2575,95.3363,97.5141,94.2603,95.6347,96.3328,94.6414,94.5304,94.8947,95.4254,95.6347,96.3379,96.0260,93.2148,99.9850,93.5361,93.2631,92.2659,90.1388,91.0879,90.0222,86.0000,86.0058,85.2115,81.2219,79.6304,75.2396,76.6551,72.8354,71.0211,67.9117,63.0635,65.7343,61.9839,62.9682,61.8466,55.9017,0.0000,0.0000,0.0000,0.0000,0.0000,0.0000,0.0000,0.0000,0.0000,0.0000,0.0000,0.0000
1700000043.650000,-63.8,95.6713,91.2414,93.4345,92.3147,94.6414,92.2009,92.9139,92.9624,92.6499,93.2952,93.4933,92.4392,93.2952,96.1769,94.8103,93.9149,92.1358,93.4719,93.5201,93.6216,92.3093,90.6201,92.3093,94.1541,91.5478,91.5478,90.8240,96.3846,92.1141,92.6984,90.4710,91.7878,93.1075,89.9611,89.8944,88.5889,85.9593,87.6641,82.0975,77.3886,79.3221,73.6003,74.4043,68.8840,65.9469,64.5368,64.3817,62.2254,60.9590,60.2080,57.6888,53.0000,0.0000,0.0000,0.0000,0.0000,0.0000,0.0000,0.0000,0.0000,0.0000,0.0000,0.0000,0.0000
1700000043.700000,-63.0,98.2344,96.0469,97.7446,95.5249,93.3381,94.1116,93.5094,95.5249,93.8616,96.5401,98.5951,96.8298,98.4073,96.2133,97.4166,98.7370,94.0319,97.0824,97.0979,95.0158,96.2549,93.8136,92.2822,97.1288,98.4886,96.2549,95.2943,93.9415,92.1792,94.8947,94.6678,94.6678,96.3846,95.4411,92.3580,89.0505,88.2383,88.0909,85.2760,80.9197,77.2334,76.5768,75.6902,72.8354,69.3542,67.8012,64.2028,62.6259,63.6003,61.0574,58.1808,60.0083,0.0000,0.0000,0.0000,0.0000,0.0000,0.0000,0.0000,0.0000,0.0000,0.0000,0.0000,0.0000
1700000043.750000,-62.1,91.8314,89.4986,92.9570,88.5268,89.1067,84.8646,88.4138,88.4590,90.1388,94.6414,91.0494,91.8368,92.8009,93.0054,89.4036,89.3085,89.0449,92.6499,92.1141,92.9624,91.5860,90.9175,89.1852,92.1792,90.4268,89.4707,89.4427,89.9444,89.8944,90.4268,85.4751,89.1852,89.6939,87.3670,84.6286,87.0919,84.6286,80.4301,78.4092,74.4110,75.2861,73.5935,68.6222,68.6222,66.5282,63.0317,60.9590,61.7171,57.6281,55.7584,56.0803,53.7122,0.0000,0.0000,0.0000,0.0000,0.0000,0.0000,0.0000,0.0000,0.0000,0.0000,0.0000,0.0000
1700000043.800000,-64.9,99.8248,99.2018,97.9847,96.8401,94.2550,92.9731,92.1141,98.2344,97.6934,94.9368,96.2549,96.6644,98.3870,97.0464,99.2975,96.1769,98.0051,93.9415,95.0158,96.3846,95.0158,96.3846,95.0158,95.8801,98.2700,91.9239,97.4166,94.5145,98.1122,95.0158,93.9415,95.2943,92.1303,90.8020,94.0213,88.6397,90.6201,86.3771,85.0706,80.6536,80.0812,77.2010,76.4853,75.5050,70.8590,66.6108,68.5930,64.2806,60.0083,60.0083,62.1289,60.5310,0.0000,0.0000,0.0000,0.0000,0.0000,0.0000,0.0000,0.0000,0.0000,0.0000,0.0000,0.0000
1700000043.850000,-64.3,99.3277,95.8801,98.7623,99.6895,93.8616,95.0368,96.8814,93.3809,95.8853,98.7320,97.5141,97.2523,99.1816,97.0206,96.1301,97.0206,95.0000,95.0210,97.0824,100.0050,99.0202,97.0052,95.0210,97.0464,95.0842,94.0851,95.0842,98.0816,97.2523,97.0464,97.0052,97.0000,96.0833,91.0879,88.0511,92.2659,91.3510,87.6926,82.8734,82.0000,78.0897,78.6448,79.0759,71.1688,68.6804,69.0797,65.5515,63.3246,63.0714,60.8358,58.3095,54.0833,0.0000,0.0000,0.0000,0.0000,0.0000,0.0000,0.0000,0.0000,0.0000,0.0000,0.0000,0.0000
1700000043.900000,-64.2,98.3870,93.0591,95.1893,90.9175,93.1933,92.9139,93.0054,95.6033,95.2680,91.2140,96.6747,94.3663,97.8366,97.0000,96.8969,92.6553,92.6337,89.8276,91.2195,89.8721,89.8276,94.1754,89.8276,92.8493,94.1116,95.6713,95.1315,90.6090,95.6713,92.1954,89.8053,96.1769,91.2195,89.1403,90.5207,87.7838,83.6301,85.2760,82.0061,81.4002,78.8162,77.6660,72.4224,69.1158,69.1158,64.4127,63.1348,65.7951,60.9262,59.8080,55.7853,58.9406,0.0000,0.0000,0.0000,0.0000,0.0000,0.0000,0.0000,0.0000,0.0000,0.0000,0.0000,0.0000
1700000043.950000,-62.9,95.7183,95.5249,92.6607,94.5145,92.5905,91.6788,92.6121,89.6939,90.2497,91.5478,93.0484,92.6984,93.6376,91.4166,95.8175,92.0489,94.5569,90.5207,93.8616,94.1116,89.7385,92.8924,90.2441,92.6499,94.1116,93.3916,94.1488,90.7083,96.5660,90.9560,93.8616,91.2140,91.7606,91.0934,87.5957,86.0349,84.5044,83.7735,82.2982,79.7057,75.1798,74.6860,71.6938,67.9559,67.2309,63.0079,63.6003,60.4401,59.5483,62.2254,57.9828,55.0000,0.0000,0.0000,0.0000,0.0000,0.0000,0.0000,0.0000,0.0000,0.0000,0.0000,0.0000,0.0000
1700000044.000000,-56.3,91.7878,94.5410,92.4175,93.9415,90.4710,92.7200,92.3472,94.2550,93.6056,93.0484,92.1141,91.1811,94.1541,93.1075,95.4620,94.8103,94.3716,91.7878,92.1303,93.9415,92.6121,91.6788,90.3549,94.1541,91.7878,91.3017,93.5361,92.6607,91.7061,93.0591,94.8103,92.6121,90.4710,86.9253,85.2350,86.0349,86.3771,82.5651,77.4919,78.3390,78.3390,73.5459,75.1332,69.4622,64.2806,62.2896,63.1269,62.1289,61.0082,60.0333,56.0803,54.9181,0.0000,0.0000,0.0000,0.0000,0.0000,0.0000,0.0000,0.0000,0.0000,0.0000,0.0000,0.0000
1700000044.050000,-62.0,97.8621,95.3415,96.3016,93.1451,92.3472,92.3472,93.0484,91.7606,92.3580,93.2309,95.3415,93.5201,94.8103,91.7061,92.1358,95.2575,97.1288,93.0591,93.1504,97.1288,93.9415,90.4268,93.5361,92.7847,94.1541,92.9624,94.1541,93.1504,91.7878,93.5361,91.2414,91.6788,90.3770,90.8735,88.0227,89.5545,87.0919,82.8613,83.2406,76.5376,77.6660,75.4321,73.5459,71.0211,67.4759,64.4981,64.1950,63.0079,61.0082,60.0333,59.2115,56.3205,0.0000,0.0000,0.0000,0.0000,0.0000,0.0000,0.0000,0.0000,0.0000,0.0000,0.0000,0.0000
1700000044.100000,-60.7,97.1648,96.7471,92.2280,91.2414,93.6216,92.8924,97.0155,91.2140,95.5092,93.3006,93.3006,93.9202,94.9210,96.4624,96.4624,94.9368,95.4620,94.0213,94.8472,94.5410,92.4770,95.2733,93.4719,94.8103,96.1509,94.8262,95.7079,93.0376,94.4299,95.2733,91.5478,94.5410,92.6984,88.9550,89.1964,85.0706,86.4002,86.1278,82.2253,81.0247,77.6660,77.1038,75.4255,68.8840,69.4622,65.1230,67.1863,64.0312,62.2013,58.4209,57.2189,56.2939,0.0000,0.0000,0.0000,0.0000,0.0000,0.0000,0.0000,0.0000,0.0000,0.0000,0.0000,0.0000
1700000044.150000,-63.3,97.8621,99.8248,94.7259,97.3242,97.5141,92.4392,95.4254,97.1288,95.1893,97.0052,99.0051,97.1288,98.0816,97.1854,98.1835,98.3260,97.5141,95.3363,96.5194,96.5194,96.3328,95.8853,94.0479,96.6902,97.1648,97.6729,95.1893,96.6282,97.3242,96.0260,98.6154,96.2549,94.6414,95.1893,91.1976,91.1976,88.0227,87.0230,85.0235,82.0975,77.1622,77.2334,75.2396,73.9797,70.2140,65.3070,67.6831,64.0312,61.8466,60.1664,60.7454,56.3649,0.0000,0.0000,0.0000,0.0000,0.0000,0.0000,0.0000,0.0000,0.0000,0.0000,0.0000,0.0000
1700000044.200000,-63.7,94.8262,93.9415,94.5410,94.3398,92.4770,89.5377,91.3947,91.4822,92.0489,93.6803,95.0789,94.8314,96.7729,93.3916,92.4175,95.3520,94.2019,93.3809,91.5478,95.1893,91.9239,92.7793,91.6624,94.4299,94.6414,91.4440,96.2549,97.4166,94.5304,92.6553,92.6553,92.9139,92.7631,89.1067,88.0738,87.8635,86.5852,85.1645,79.1202,80.6536,77.4919,74.6726,73.3894,71.6938,67.6240,66.6408,64.4127,63.6318,58.8303,56.8595,56.6127,55.9017,0.0000,0.0000,0.0000,0.0000,0.0000,0.0000,0.0000,0.0000,0.0000,0.0000,0.0000,0.0000
1700000044.250000,-60.8,97.6166,95.1893,99.0202,99.2975,96.8349,94.4034,96.2133,96.0208,93.8616,91.3510,98.3514,99.0353,98.2904,96.1665,95.4830,97.5910,95.4620,95.4620,97.0000,94.7523,95.4830,94.0479,94.0691,95.9010,98.5951,95.9010,94.7945,95.4830,94.0691,96.1769,94.0691,96.8762,92.0217,92.0217,91.4385,90.1388,92.4554,87.6185,83.6002,80.7094,76.8505,76.6616,78.3901,74.3034,70.7107,66.8506,67.0671,63.3246,61.0328,60.7454,58.6941,57.5587,0.0000,0.0000,0.0000,0.0000,0.0000,0.0000,0.0000,0.0000,0.0000,0.0000,0.0000,0.0000
1700000044.300000,-61.7,97.9439,96.2549,95.3834,97.6166,92.9624,94.3398,92.4175,96.2601,95.0000,94.8103,97.4526,96.6747,99.4887,97.0000,96.3328,94.7629,95.4620,92.6984,92.6553,94.7945,95.4620,95.6713,91.2414,95.0158,94.1754,95.1315,99.9050,94.8472,99.2472,96.3328,94.0691,93.3488,97.5910,92.6553,91.2853,88.6172,88.7299,86.0523,83.4086,85.0000,79.4040,78.2368,75.4718,72.7186,67.2309,65.7419,66.6408,62.6498,62.0322,60.4070,59.9083,58.0517,0.0000,0.0000,0.0000,0.0000,0.0000,0.0000,0.0000,0.0000,0.0000,0.0000,0.0000,0.0000
1700000044.350000,-63.2,98.7623,93.6376,98.2344,93.4077,93.1075,93.9415,94.4140,94.1541,94.8947,96.8969,96.3846,94.6678,97.4166,95.6922,96.5194,98.8130,95.6033,91.6079,96.0469,96.8298,94.4934,94.6414,97.4526,97.0824,95.7758,96.5401,92.8493,94.7945,91.4385,94.1754,92.6175,95.4254,93.2363,90.8020,90.4434,89.0449,87.3670,84.5991,81.6333,80.2621,81.8841,75.5844,78.7909,70.7743,69.4622,66.4831,70.8802,63.5689,64.5601,64.5368,60.6712,58.1378,0.0000,0.0000,0.0000,0.0000,0.0000,0.0000,0.0000,0.0000,0.0000,0.0000,0.0000,0.0000
1700000044.400000,-59.3,99.1615,91.0824,98.0816,92.6553,96.5660,89.2693,93.4077,95.1262,95.1262,97.0824,97.0155,95.7549,98.9949,96.7471,96.0260,97.2523,94.3398,98.5089,93.1933,95.1893,96.3328,95.1893,96.1873,96.0208,96.0052,92.1358,96.0469,97.1288,96.0469,98.0816,94.5304,94.5304,92.6553,92.9139,91.2414,91.4112,87.2983,83.9524,84.6463,80.9568,80.6536,74.3303,75.0267,70.3847,69.8570,67.9779,63.5059,65.7419,65.8635,59.6406,60.0000,55.9732,0.0000,0.0000,0.0000,0.0000,0.0000,0.0000,0.0000,0.0000,0.0000,0.0000,0.0000,0.0000
1700000044.450000,-62.1,92.9624,92.4175,96.7729,95.2103,92.0489,90.1388,92.6553,91.1811,92.4770,95.2733,95.3415,94.3716,96.6075,94.8262,93.4773,96.1769,94.3663,89.0056,91.5860,95.0158,92.2822,92.2822,89.5545,94.8736,93.1933,92.6499,91.9239,92.1141,92.2822,92.7847,90.9175,90.8240,88.5889,87.7097,87.8465,89.0505,85.0000,81.1542,83.2166,80.0062,78.8480,73.7631,70.6045,70.0928,70.2140,67.0820,63.6396,62.2896,63.1269,60.0083,58.0000,58.2151,0.0000,0.0000,0.0000,0.0000,0.0000,0.0000,0.0000,0.0000,0.0000,0.0000,0.0000,0.0000
1700000044.500000,-61.6,98.8585,92.8493,93.4345,95.4830,95.4620,92.6553,97.0000,94.0213,91.5478,94.4034,97.8008,95.2103,97.4166,95.6922,97.9081,97.9081,98.7927,96.5660,94.5145,94.3398,93.2952,95.5249,92.7847,94.8262,93.0591,93.9415,95.2575,93.1504,94.8262,94.8947,91.4166,96.3846,94.1541,89.8888,90.1388,89.3085,90.8020,87.2009,81.8352,78.8733,78.6448,76.6942,75.0067,72.9178,67.2086,64.5368,63.7809,63.6003,63.8201,60.0333,55.9464,58.6686,0.0000,0.0000,0.0000,0.0000,0.0000,0.0000,0.0000,0.0000,0.0000,0.0000,0.0000,0.0000
1700000044.550000,-61.8,98.6813,98.2344,96.1769,95.8541,96.6075,92.6607,92.7847,95.1893,93.2952,93.4933,94.5780,95.4149,97.3499,95.4149,93.7443,95.0000,96.8298,94.4034,95.4254,93.8616,95.8019,93.0860,94.0213,95.4254,96.2133,96.0469,96.6747,95.0000,95.2680,97.4526,94.2019,93.8136,92.4175,90.7359,89.0449,88.3233,88.6848,86.3134,82.3468,81.5414,78.9240,74.8465,74.4648,70.5195,70.2140,66.4831,63.7887,62.1691,60.5310,59.4138,58.0775,55.0091,0.0000,0.0000,0.0000,0.0000,0.0000,0.0000,0.0000,0.0000,0.0000,0.0000,0.0000,0.0000
1700000044.600000,-62.5,90.5207,90.5207,89.8443,92.3472,86.9770,87.3155,88.3912,89.6939,86.8159,90.3770,91.2360,88.5494,91.7061,89.8944,89.4707,91.7878,89.1852,87.7097,90.4268,91.2688,88.6848,90.0500,87.6641,88.7525,88.2043,89.0449,87.8180,90.2109,91.7878,88.3233,88.1930,84.5991,88.1192,85.4283,85.9069,82.8553,82.8553,79.3095,79.0569,74.6324,68.9638,70.3420,73.5459,67.2681,64.6297,59.6825,63.5059,60.2080,56.0000,59.0085,57.1402,54.3323,0.0000,0.0000,0.0000,0.0000,0.0000,0.0000,0.0000,0.0000,0.0000,0.0000,0.0000,0.0000
1700000044.650000,-61.0,97.0000,90.0056,94.0213,91.0879,91.2688,87.5728,90.5538,90.4489,92.9139,92.2280,92.4175,94.5939,94.3663,91.4822,95.3415,95.6033,88.2327,91.0934,90.4434,90.4434,90.8020,93.9628,89.4930,91.1811,90.6201,92.3580,90.2497,92.6984,87.6641,92.3580,89.8109,93.9628,92.6499,84.2021,89.7385,87.0919,84.4038,81.2527,78.4474,79.0759,75.4255,74.4312,76.3217,68.1175,68.0000,64.0000,64.1950,61.2046,60.2993,59.0762,54.5894,57.2713,0.0000,0.0000,0.0000,0.0000,0.0000,0.0000,0.0000,0.0000,0.0000,0.0000,0.0000,0.0000
1700000044.700000,-59.6,97.8621,94.3398,95.1893,96.1665,94.3716,97.0155,96.3172,91.7823,92.7631,96.1769,96.3379,96.0260,95.0368,94.5304,98.0051,96.6282,94.5304,93.6483,97.2523,96.2549,94.3398,92.3472,91.0879,93.0000,96.1301,95.0842,96.1301,92.4392,94.1913,94.1329,93.4345,95.5249,92.9139,92.2280,90.2441,90.0278,88.8426,84.4038,82.2800,83.4865,76.5506,77.1622,73.0069,73.0069,69.7782,65.7647,64.8845,62.2656,62.4260,62.2013,60.0000,55.9732,0.0000,0.0000,0.0000,0.0000,0.0000,0.0000,0.0000,0.0000,0.0000,0.0000,0.0000,0.0000
1700000044.750000,-60.3,99.3630,95.5249,96.2549,95.1893,95.6922,94.4034,94.0213,92.1954,97.1854,97.3088,92.8493,97.5910,96.8969,97.0000,96.1769,98.2904,96.2081,92.6984,96.3328,95.7758,98.0816,97.3088,94.3663,95.4254,96.5401,94.4934,95.2680,95.1315,94.6414,95.6713,90.5538,92.1954,96.3328,90.5538,90.5097,89.8053,87.6926,85.9128,84.0238,83.7377,80.0000,78.2368,74.6257,72.4224,68.7968,66.3702,66.3702,63.9766,63.5610,60.4070,57.8705,58.6941,0.0000,0.0000,0.0000,0.0000,0.0000,0.0000,0.0000,0.0000,0.0000,0.0000,0.0000,0.0000
1700000044.800000,-61.8,96.1769,94.3716,94.8262,95.7079,96.6488,94.1541,94.5145,92.9624,94.8683,97.8008,100.6876,96.2133,96.5401,95.1315,93.4077,97.1854,93.4345,94.3663,93.3381,95.5249,95.5249,96.1665,93.3381,95.4620,96.1665,93.3488,94.7523,94.0691,91.9348,95.4620,92.6553,92.6553,94.1754,93.4345,88.7299,90.6035,87.2009,84.0238,81.2711,80.1561,79.9250,75.8024,74.4312,73.9256,72.0069,67.6240,63.1585,64.8460,60.7289,61.6847,58.2495,57.7062,0.0000,0.0000,0.0000,0.0000,0.0000,0.0000,0.0000,0.0000,0.0000,0.0000,0.0000,0.0000
1700000044.850000,-61.7,98.8433,92.6499,98.7623,94.1116,98.6712,91.7061,96.9330,97.8621,94.5410,98.0867,98.4886,96.6075,96.1509,95.7131,94.8262,94.0213,92.2822,97.5295,93.2952,93.8136,92.1141,97.3499,96.5660,93.7443,95.4149,93.7443,95.4411,98.1835,93.7443,97.9081,91.0659,96.0417,92.7847,92.2822,94.4140,90.3549,91.2360,86.3308,82.8553,79.8499,82.6378,78.4347,76.8440,70.6045,68.9638,66.9403,64.9384,63.9531,63.6396,62.2013,60.2080,56.0357,0.0000,0.0000,0.0000,0.0000,0.0000,0.0000,0.0000,0.0000,0.0000,0.0000,0.0000,0.0000
1700000044.900000,-61.7,96.0260,98.1529,96.3328,96.4210,95.2575,94.0479,93.0054,91.0220,95.0474,95.1893,97.0824,97.2523,98.6154,96.5194,97.8673,98.7320,94.2019,96.1769,97.6729,97.3242,96.6902,94.9210,94.9210,95.1262,96.8814,96.5401,96.5401,98.7168,95.1262,96.0469,94.1488,94.7259,89.1067,91.7878,91.5478,90.6697,87.2812,85.2878,84.0536,82.0061,78.0000,75.0000,75.1066,73.1095,72.0625,66.4831,65.3758,63.9531,64.3273,63.8905,62.0967,58.1893,0.0000,0.0000,0.0000,0.0000,0.0000,0.0000,0.0000,0.0000,0.0000,0.0000,0.0000,0.0000
1700000044.950000,-62.4,99.0454,103.4698,99.1262,98.7370,96.5660,97.9490,102.4158,97.5756,99.7447,97.1700,100.4639,99.9250,101.2423,101.2423,100.9009,101.8332,99.3277,99.3277,98.7623,98.0816,97.4166,99.0404,97.8008,96.7729,100.6628,100.1699,101.6366,96.5401,97.7446,96.7729,96.5660,96.4624,97.1236,95.5092,95.1893,92.3580,91.5478,84.1546,86.4060,84.5813,77.8203,78.2943,77.5242,73.0616,71.3442,67.9559,71.0282,68.2495,64.5368,62.9682,62.2415,59.5483,0.0000,0.0000,0.0000,0.0000,0.0000,0.0000,0.0000,0.0000,0.0000,0.0000,0.0000,0.0000
1700000045.000000,-61.6,97.0824,95.1893,93.9042,93.6483,96.0260,92.9139,93.9415,92.6499,93.9415,93.6216,96.5401,95.3363,97.1236,93.4077,96.5660,96.4624,96.1353,94.2550,91.7061,91.3947,95.5092,95.5196,92.0272,96.2081,96.2081,92.1141,95.5196,97.4064,93.3006,92.9731,93.6803,93.9628,95.3363,87.0919,89.8220,89.0505,87.2983,81.8841,84.8528,79.3095,78.3135,75.0600,74.0270,69.0000,69.0000,65.0692,62.1289,64.2806,59.8415,59.4390,57.4891,54.4243,0.0000,0.0000,0.0000,0.0000,0.0000,0.0000,0.0000,0.0000,0.0000,0.0000,0.0000,0.0000
1700000045.050000,-62.2,98.9798,95.5092,99.7246,90.8240,98.4886,94.8103,96.1769,93.5361,96.0417,97.0618,98.8838,96.7471,99.4786,98.7927,94.8736,98.8130,92.2009,98.1835,96.0208,99.8098,96.6075,93.2363,97.6166,96.4002,96.0469,93.4077,96.4261,97.6166,92.8009,96.6747,92.2009,94.0213,93.8136,89.5879,91.2634,89.8888,89.6939,84.0773,82.7345,82.7647,82.2982,76.9220,76.1577,70.9366,68.7095,67.0671,65.1460,64.8460,61.9839,61.9839,61.4003,58.2151,0.0000,0.0000,0.0000,0.0000,0.0000,0.0000,0.0000,0.0000,0.0000,0.0000,0.0000,0.0000
1700000045.100000,-60.9,94.0479,94.1329,93.4345,93.4345,93.4345,93.2148,91.2414,89.0505,92.4175,90.2497,96.0469,95.8175,96.3016,93.6803,95.5092,91.3947,95.5196,92.0272,92.6984,93.6376,89.5377,90.6201,89.6939,91.5478,91.7878,93.5201,91.2853,89.6939,92.3093,92.1954,92.1141,93.6376,92.6553,90.4434,88.2327,85.0706,86.6833,82.7103,82.0000,81.3941,76.7919,73.6817,69.5845,69.2604,66.2722,63.0714,65.0077,62.0081,63.0079,61.1310,57.5587,55.7315,0.0000,0.0000,0.0000,0.0000,0.0000,0.0000,0.0000,0.0000,0.0000,0.0000,0.0000,0.0000
1700000045.150000,-61.5,98.4124,98.0816,95.0842,96.2549,93.0215,96.0469,96.1873,94.2603,94.3398,96.4210,97.6217,96.8762,98.3107,99.1413,97.1648,95.9010,98.0612,93.7443,96.5401,98.4886,95.3415,96.5401,90.4710,95.3363,97.7446,94.8314,96.7729,94.8314,97.8008,96.3016,93.9415,95.9010,95.9010,94.7259,91.0824,87.8635,86.7006,86.4697,84.2912,83.0963,78.1601,79.0569,77.0065,69.0072,69.0652,66.2722,66.4831,65.4905,62.8013,63.1506,60.8769,56.9210,0.0000,0.0000,0.0000,0.0000,0.0000,0.0000,0.0000,0.0000,0.0000,0.0000,0.0000,0.0000
1700000045.200000,-60.2,97.1854,94.1913,95.4254,94.5304,93.0591,93.2148,94.0479,93.9415,95.1262,94.8314,95.6033,95.8801,97.1236,96.4624,96.1665,97.4166,95.5092,92.9731,92.6984,95.1893,92.6553,95.5196,92.1141,94.0213,93.2309,94.3398,94.3398,94.3398,93.6376,92.3580,92.6553,93.9628,91.2140,91.2140,90.4710,87.5557,86.3481,84.5281,81.2158,81.6150,78.4092,77.2334,75.1066,69.0072,69.0072,66.0076,65.1230,63.3877,59.5399,59.5399,57.8705,56.7539,0.0000,0.0000,0.0000,0.0000,0.0000,0.0000,0.0000,0.0000,0.0000,0.0000,0.0000,0.0000
1700000045.250000,-61.7,96.5401,92.3147,94.0213,92.0054,90.1388,90.1388,89.0449,91.5860,91.9239,93.6483,93.9415,94.3663,97.0618,93.9415,93.9415,94.0213,93.2309,92.3093,92.4770,92.3093,92.7038,94.3398,92.3093,94.2444,90.6201,90.8240,93.6376,92.0272,92.6984,90.8240,93.0484,90.6201,91.5478,89.8999,86.0058,88.1022,85.8662,83.7257,79.7559,76.3217,76.0066,74.0608,72.4224,70.6045,67.8012,65.1920,63.7024,61.5224,60.1082,60.8769,55.8032,52.6973,0.0000,0.0000,0.0000,0.0000,0.0000,0.0000,0.0000,0.0000,0.0000,0.0000,0.0000,0.0000
1700000045.300000,-62.6,98.9798,93.6483,94.3398,96.5194,94.0479,93.8136,90.2718,91.4385,93.7230,95.0158,95.7758,94.8472,97.0000,96.1769,95.4830,98.3514,95.5249,91.2853,92.0978,95.0158,94.1116,96.6747,89.3756,96.8298,94.6414,94.4934,98.0816,95.2680,97.8366,95.2680,94.1754,92.7631,93.3809,91.2853,91.9348,89.8053,85.5628,84.9588,81.6884,81.2158,75.8024,77.8010,74.6324,72.9452,67.9559,68.2642,65.3682,63.0635,60.3738,60.5392,60.7454,55.5428,0.0000,0.0000,0.0000,0.0000,0.0000,0.0000,0.0000,0.0000,0.0000,0.0000,0.0000,0.0000
1700000045.350000,-60.1,100.6231,97.0618,93.1504,96.3846,92.4392,92.9139,94.0479,94.0479,94.4034,92.8009,95.9010,96.4261,97.1854,95.7758,97.7446,95.4620,92.6337,92.6337,94.7945,95.4620,94.7629,93.5094,94.1116,96.3328,96.3328,93.3809,94.1116,96.3328,94.1116,95.0158,95.5249,94.7945,89.8721,88.4590,89.8053,89.2749,87.7838,82.8010,83.8153,81.8413,78.4920,78.4920,76.5506,73.5731,67.6018,67.0820,66.6408,64.4050,59.4643,58.9406,58.2409,56.5155,0.0000,0.0000,0.0000,0.0000,0.0000,0.0000,0.0000,0.0000,0.0000,0.0000,0.0000,0.0000
1700000045.400000,-57.0,97.5295,94.3716,95.8175,95.1893,92.0272,93.6216,93.4719,94.3663,96.1769,96.6023,95.2733,97.1288,97.1288,95.0158,92.2822,97.3499,93.7443,94.1541,96.0208,94.8683,92.0869,93.0054,93.2309,97.0052,93.6002,94.0213,92.4554,98.0051,93.4077,93.8136,93.8136,94.8683,91.4002,88.7525,87.6641,88.6848,87.6584,84.5340,82.8553,77.3886,81.9390,74.0945,75.0267,73.7360,68.9638,69.8928,64.7611,63.7887,60.0167,58.4209,59.3043,55.0091,0.0000,0.0000,0.0000,0.0000,0.0000,0.0000,0.0000,0.0000,0.0000,0.0000,0.0000,0.0000
1700000045.450000,-61.7,94.0213,92.9624,93.1933,89.8721,89.8721,91.4002,92.0217,92.6553,91.4385,93.3488,95.6713,92.6553,94.7629,91.2195,93.3488,92.7631,92.3147,92.0978,90.7855,92.0054,88.8651,90.0278,90.0000,89.4986,89.4986,94.2019,91.6079,94.6256,90.6035,91.8368,88.8651,87.6185,88.0909,87.2066,85.0412,82.0366,84.1487,81.3204,79.3095,77.3369,75.0733,74.6525,71.4003,69.0652,64.6375,64.6375,63.2851,61.0574,59.0931,58.3095,56.0803,52.8867,0.0000,0.0000,0.0000,0.0000,0.0000,0.0000,0.0000,0.0000,0.0000,0.0000,0.0000,0.0000
1700000045.500000,-61.8,98.7623,93.1451,98.4886,92.9624,93.9415,92.3959,93.6483,95.2575,95.4254,96.3328,97.2523,95.0210,95.0210,96.0000,96.0208,98.0000,95.0053,96.0208,91.0879,95.0210,95.0474,92.0489,97.2523,96.3328,92.4392,93.2631,93.4345,95.2575,93.4345,99.2472,92.0054,94.0479,91.0494,91.0000,90.0056,88.0511,84.0952,85.3756,82.3893,79.7621,80.8950,73.8241,76.1183,69.2315,66.9403,65.9697,65.8027,64.1950,62.3939,60.0083,56.3560,56.4358,0.0000,0.0000,0.0000,0.0000,0.0000,0.0000,0.0000,0.0000,0.0000,0.0000,0.0000,0.0000
1700000045.550000,-60.0,101.0445,93.8616,99.6394,96.5194,96.7988,91.0659,96.3846,94.0213,96.6075,98.3870,99.7296,97.9490,100.7224,98.4886,93.6216,98.0816,96.1353,97.7394,96.2081,97.7394,94.3398,98.3717,94.5569,94.6414,95.8175,96.1353,95.8801,97.4064,91.0934,97.7190,95.5196,97.1442,95.8593,94.5780,92.4770,92.7038,89.9611,85.0000,85.0882,80.6226,80.4550,76.8505,77.6660,71.6101,70.4557,68.6003,66.8431,65.2993,63.6553,60.3075,57.4891,55.2178,0.0000,0.0000,0.0000,0.0000,0.0000,0.0000,0.0000,0.0000,0.0000,0.0000,0.0000,0.0000
1700000045.600000,-62.8,98.6813,93.3006,96.8401,90.1388,95.8801,90.7083,93.3916,94.1488,98.0051,95.7549,95.1893,95.6347,94.3398,97.4166,93.3435,98.2497,93.0860,95.0210,92.0869,95.0210,92.0217,96.0208,93.0215,92.0869,94.0000,94.0213,94.0213,95.0000,91.0220,96.0052,90.0056,88.0057,92.1954,91.1373,91.3510,86.4697,85.5862,82.4924,83.3607,78.2624,80.4114,73.5459,76.9220,65.7343,68.9638,68.0074,65.0000,62.2415,63.9766,58.1808,58.1808,53.0094,0.0000,0.0000,0.0000,0.0000,0.0000,0.0000,0.0000,0.0000,0.0000,0.0000,0.0000,0.0000
1700000045.650000,-64.2,99.1262,96.1769,100.6231,94.5410,96.2549,92.3093,93.4077,92.3472,93.9628,93.3006,96.1665,97.1236,98.4937,96.3016,94.8314,98.2700,95.1262,95.1262,95.7079,98.0612,94.9210,94.3663,96.6902,96.1769,93.7443,94.2019,95.7549,98.8433,96.3379,96.6902,96.3379,93.1719,95.1262,94.5939,88.6002,89.5600,86.3308,83.5703,83.8153,81.3449,81.7068,74.7329,73.8241,72.0069,69.3542,68.2642,64.8999,61.5873,60.4401,60.4401,58.7963,56.6392,0.0000,0.0000,0.0000,0.0000,0.0000,0.0000,0.0000,0.0000,0.0000,0.0000,0.0000,0.0000
1700000045.700000,-61.3,102.3132,97.4166,99.9850,98.8585,96.3379,93.9415,95.8019,93.1719,99.0404,98.3717,98.6712,97.4064,98.0816,96.5660,95.8175,99.5389,97.5756,96.7729,98.4886,97.3088,94.5410,97.5090,96.2549,96.1769,97.4936,97.0464,96.1769,98.0867,94.8103,96.1509,97.5756,93.9840,94.3398,93.0484,92.3580,89.8109,88.6002,86.9770,85.1645,82.2253,77.8781,76.4853,75.8024,74.1485,70.5762,68.1836,64.1950,66.0303,64.0312,59.0762,59.2115,56.3205,0.0000,0.0000,0.0000,0.0000,0.0000,0.0000,0.0000,0.0000,0.0000,0.0000,0.0000,0.0000
1700000045.750000,-62.2,98.4886,94.3398,97.4064,96.1353,95.5092,93.1451,92.1954,93.3916,95.9010,95.0368,93.2148,94.8947,97.1648,96.8762,95.0368,94.3398,95.1893,95.3363,93.1933,93.0484,93.1343,96.0469,93.2631,96.0208,96.0469,93.0484,93.0000,97.0464,92.1358,97.0824,93.1933,93.0215,93.3435,92.5419,88.5664,86.5794,86.9770,82.0366,82.5651,82.2253,80.0500,76.6551,77.6209,71.5122,68.0074,67.4166,66.7083,64.4050,63.9531,61.2944,57.4543,55.6058,0.0000,0.0000,0.0000,0.0000,0.0000,0.0000,0.0000,0.0000,0.0000,0.0000,0.0000,0.0000
1700000045.800000,-61.7,93.6002,93.6002,87.6641,93.1933,91.8096,90.9175,90.9175,88.5889,89.9444,90.8020,94.0213,90.4710,93.2309,90.6201,92.7038,91.7606,91.3947,90.4765,94.8683,89.5377,89.8888,90.4434,87.6413,89.4986,91.7606,90.8020,89.0225,88.2327,90.2497,89.7385,91.3947,90.1388,87.6641,85.4400,86.9253,86.0058,83.5703,81.9390,76.9220,76.9415,75.6637,72.4017,71.3442,70.1783,68.6003,63.8905,61.6198,61.7171,60.2080,60.1082,55.9017,57.2014,0.0000,0.0000,0.0000,0.0000,0.0000,0.0000,0.0000,0.0000,0.0000,0.0000,0.0000,0.0000
1700000045.850000,-64.6,98.7168,97.0824,93.9042,94.0479,91.6624,95.4254,93.2631,93.1343,97.0464,93.0054,98.0051,97.0206,97.0464,95.0842,95.0842,92.1358,95.0842,92.4392,95.7549,93.5361,96.3328,91.4440,90.9340,94.3663,93.9415,94.0479,96.1769,92.2280,93.6483,92.6553,91.6624,92.4392,96.1873,92.4392,91.0879,85.1469,86.0233,84.0060,83.0060,83.0542,79.3095,75.2396,75.6637,70.5762,67.8970,66.0984,64.3273,62.0967,58.9406,57.0088,61.6847,53.2259,0.0000,0.0000,0.0000,0.0000,0.0000,0.0000,0.0000,0.0000,0.0000,0.0000,0.0000,0.0000
1700000045.900000,-62.6,97.0000,96.0469,96.2549,94.3398,95.6347,93.7710,93.0591,96.8814,96.6902,93.3916,97.0824,95.3363,95.6033,97.1236,95.5092,95.5092,90.1388,95.8593,94.8683,91.7606,90.8240,91.7606,93.6376,93.5201,92.7038,92.6984,92.7038,93.6216,95.4620,93.9840,91.5478,91.4166,92.3580,89.8109,92.0489,87.0919,85.6154,84.1724,82.5651,79.2465,81.8841,76.1183,74.5453,69.4622,69.0652,67.0075,67.0000,64.0078,61.2944,62.2896,56.7186,58.2495,0.0000,0.0000,0.0000,0.0000,0.0000,0.0000,0.0000,0.0000,0.0000,0.0000,0.0000,0.0000
1700000045.950000,-65.3,98.3260,95.1893,96.0833,94.0479,97.0052,94.0053,94.1913,96.1301,93.2631,93.6483,94.8947,97.1648,95.1893,96.3379,94.3663,96.6902,95.9010,97.2934,91.4822,96.5401,92.1954,97.2677,93.1451,94.2550,93.6803,92.0489,96.8401,93.4077,95.3363,95.8019,94.5939,93.3916,94.3663,92.7631,88.2836,87.8635,88.8144,84.5931,83.3847,80.2247,81.0555,77.0260,76.0000,70.0071,72.1110,69.1158,67.1193,62.2896,61.6604,60.1664,60.8769,57.8705,0.0000,0.0000,0.0000,0.0000,0.0000,0.0000,0.0000,0.0000,0.0000,0.0000,0.0000,0.0000
1700000046.000000,-64.0,96.1769,93.0591,94.6414,94.6414,93.3435,92.1358,95.0053,94.0053,94.0053,94.0851,95.0842,98.3260,97.4166,96.5194,96.6282,98.1529,95.1893,94.2019,95.3520,97.8621,95.1893,94.9210,94.1488,95.3363,93.6216,90.7083,94.3716,96.7729,96.3016,91.4822,94.5939,91.9837,91.9837,91.4112,88.8426,87.9659,86.9770,83.7257,83.3847,80.1561,79.0569,77.0584,80.0062,70.0071,69.0072,67.3647,66.1891,62.2896,64.9384,62.6498,59.2284,58.1893,0.0000,0.0000,0.0000,0.0000,0.0000,0.0000,0.0000,0.0000,0.0000,0.0000,0.0000,0.0000
1700000046.050000,-61.6,96.0469,94.1116,94.3716,91.4822,93.9628,95.5196,91.7606,92.4770,95.3415,90.3383,94.8103,95.2943,95.2943,93.9415,96.2549,92.1141,95.7183,91.5860,92.9624,95.1893,91.5860,92.9624,92.3580,92.0869,92.0869,93.6002,95.8019,93.0054,95.4411,93.8136,92.3580,92.1141,92.7847,90.0500,90.2109,85.9593,87.3212,83.6481,81.4125,81.9390,74.4648,73.5391,74.3303,71.1688,69.9214,66.7608,61.8466,62.9682,59.6825,59.6825,56.3205,56.0089,0.0000,0.0000,0.0000,0.0000,0.0000,0.0000,0.0000,0.0000,0.0000,0.0000,0.0000,0.0000
1700000046.100000,-63.3,104.3168,100.8464,99.0202,95.4411,97.4166,96.4002,98.7168,96.6747,99.1564,100.7671,97.0824,99.8248,98.3107,98.3107,96.8762,100.5684,97.0824,98.4124,97.8366,98.0816,96.2601,96.5401,95.7758,98.7168,97.3088,98.7168,96.2133,100.2646,96.2133,97.3088,94.2603,97.8366,96.4261,92.0978,91.9348,93.3809,89.8721,87.3212,84.0238,80.6040,82.0061,79.0253,78.7718,74.3303,70.4557,66.0379,67.1193,64.4050,63.9766,61.0328,60.0833,56.7539,0.0000,0.0000,0.0000,0.0000,0.0000,0.0000,0.0000,0.0000,0.0000,0.0000,0.0000,0.0000
1700000046.150000,-63.6,100.8464,98.4784,101.5480,96.5194,93.4773,95.8019,97.4526,94.6414,97.7446,97.1854,95.5249,98.3107,96.2081,95.4830,96.8969,97.7446,94.9210,94.1116,95.5877,92.8493,97.7446,96.5401,93.6056,95.9010,95.9010,93.2363,97.1854,97.9490,94.0213,95.1315,95.7758,91.3510,94.9210,94.1116,91.9674,91.2195,91.2195,86.5563,83.2406,82.6196,82.6196,77.0065,75.4520,74.6257,72.4017,68.4251,63.5295,63.0714,62.6498,61.9839,56.9210,56.3205,0.0000,0.0000,0.0000,0.0000,0.0000,0.0000,0.0000,0.0000,0.0000,0.0000,0.0000,0.0000
1700000046.200000,-60.7,94.3663,89.4707,93.5201,94.5410,88.9550,87.6641,89.5377,88.8876,88.8876,91.2140,95.6033,90.7083,94.8314,94.9210,92.9624,92.9624,93.0591,90.9340,94.0479,93.9042,89.4427,92.6553,90.7965,91.6624,92.6553,91.6624,92.6553,90.9340,88.4590,94.4299,88.9550,91.0824,88.2836,84.9294,85.5102,83.1986,85.1645,81.6088,79.4040,78.1089,78.7718,73.7360,73.1642,66.3099,65.7419,65.7419,64.4127,61.5873,58.5235,56.0357,55.6058,54.4885,0.0000,0.0000,0.0000,0.0000,0.0000,0.0000,0.0000,0.0000,0.0000,0.0000,0.0000,0.0000
1700000046.250000,-64.4,98.1529,95.7549,98.5089,94.3398,96.1873,92.0054,94.0213,92.0869,96.0469,95.0842,96.1873,97.1854,98.5089,95.3363,98.5089,96.0260,95.3520,96.0260,95.9010,97.8621,95.7079,95.1262,93.6216,96.5401,95.3415,96.5401,93.8616,92.6499,96.5660,95.0789,94.3663,94.1488,94.7259,91.4112,88.8144,88.8144,86.8332,83.2166,83.1505,80.0250,80.0062,75.1066,74.0270,72.1734,69.0290,65.1920,64.3817,64.7765,60.2080,61.3922,55.0273,54.2310,0.0000,0.0000,0.0000,0.0000,0.0000,0.0000,0.0000,0.0000,0.0000,0.0000,0.0000,0.0000
1700000046.300000,-63.3,101.3163,99.4887,97.0052,97.8008,96.6075,94.6256,98.1835,97.4166,95.7183,99.6444,96.0417,99.8499,102.4744,98.8382,97.5295,99.8098,96.6075,97.5090,98.4124,97.9439,97.9439,98.0867,92.5743,96.5660,98.0867,96.7729,95.8541,97.0824,96.2549,100.7224,93.0215,98.4124,94.4140,92.7847,92.2822,89.1852,89.3085,86.8217,86.0523,83.2406,82.3286,77.1557,74.9533,71.4213,71.4213,67.3573,64.6607,64.2028,62.6817,59.6825,59.5399,58.6003,0.0000,0.0000,0.0000,0.0000,0.0000,0.0000,0.0000,0.0000,0.0000,0.0000,0.0000,0.0000
1700000046.350000,-60.7,96.1353,93.3006,97.4064,94.3398,94.4299,91.2360,94.3663,94.0213,93.5361,93.8136,94.1541,97.9081,93.7443,92.3580,92.0869,94.0479,96.8349,93.8136,97.2008,95.6033,94.6414,96.0469,94.8103,94.4934,93.0860,93.0860,96.4261,94.8103,93.8616,94.6414,92.2009,93.6002,92.2009,89.0505,92.4175,88.7525,85.5862,82.8553,83.6301,81.8413,79.6241,73.4098,74.8465,72.2357,69.6419,64.8460,62.0967,61.6117,63.0635,60.6712,56.7186,55.0364,0.0000,0.0000,0.0000,0.0000,0.0000,0.0000,0.0000,0.0000,0.0000,0.0000,0.0000,0.0000
1700000046.400000,-59.2,100.2447,96.8401,99.2018,94.1116,93.1719,93.9415,95.8853,94.8947,95.0368,94.6414,96.4210,96.2549,97.4166,98.2497,96.4210,97.1288,97.0824,93.0860,95.0210,93.0000,95.0210,95.0000,91.0055,98.0459,96.0000,95.0210,94.0851,98.0051,93.0054,95.0053,94.1329,94.1329,93.1343,92.2659,90.5538,90.6697,90.7965,84.8528,84.5281,78.5875,82.0061,74.4648,71.7844,73.3894,67.7791,66.8506,67.6240,65.7419,62.1772,59.6825,58.8303,57.2014,0.0000,0.0000,0.0000,0.0000,0.0000,0.0000,0.0000,0.0000,0.0000,0.0000,0.0000,0.0000
1700000046.450000,-61.4,101.9510,104.0625,99.6243,103.7401,97.8008,102.1078,101.4150,100.0200,101.9804,99.4636,100.1299,103.9471,101.8332,101.4938,102.5914,99.4082,101.2423,98.1835,101.1237,100.1798,99.2472,100.1249,98.1275,100.0050,100.0200,101.0198,101.0198,99.0202,102.0441,98.0459,100.2447,98.3260,98.5089,94.6414,95.0368,93.0591,92.2280,88.8426,88.0738,85.6154,81.0432,81.3204,78.1089,77.4919,71.3092,69.8570,68.4471,66.6483,63.5295,62.2656,60.2080,57.8014,0.0000,0.0000,0.0000,0.0000,0.0000,0.0000,0.0000,0.0000,0.0000,0.0000,0.0000,0.0000
1700000046.500000,-56.5,94.8683,97.4166,96.2133,99.4032,94.0213,92.7631,94.4934,90.0278,97.0824,94.0691,96.1665,96.2081,95.5249,94.7945,97.0000,93.3809,98.4937,92.1954,92.8493,91.4385,95.6713,96.4261,91.4385,94.4034,94.4934,93.6002,96.5401,94.3663,95.1315,95.2680,96.3328,92.6337,89.8276,90.5097,89.8721,87.7269,87.0460,83.2406,80.2808,82.2010,79.3221,76.0066,77.1038,73.4302,67.9779,65.7419,66.2118,64.8845,60.9262,57.8705,58.9406,56.0892,0.0000,0.0000,0.0000,0.0000,0.0000,0.0000,0.0000,0.0000,0.0000,0.0000,0.0000,0.0000
1700000046.550000,-61.2,97.0052,96.0208,95.4411,98.1835,96.3846,93.1504,92.1792,93.9415,93.9149,91.7061,96.2549,95.3415,96.2081,98.7927,95.4620,93.6376,93.6376,98.3514,96.1665,93.6376,92.6984,95.8593,92.6553,95.2103,90.8020,90.1388,94.2550,94.2550,95.8175,95.8175,89.8109,89.6939,92.4770,90.4710,87.8465,88.6397,86.0058,82.7345,81.8413,78.8923,76.1577,75.6637,75.2130,70.2140,66.2193,66.0681,64.8151,61.5549,61.5224,58.7282,56.6392,55.2178,0.0000,0.0000,0.0000,0.0000,0.0000,0.0000,0.0000,0.0000,0.0000,0.0000,0.0000,0.0000
1700000046.600000,-61.2,92.7038,89.0505,87.2353,86.3539,89.9444,87.7097,90.2109,85.7030,89.0449,87.4185,89.6270,91.4002,91.4002,87.6185,89.2020,91.0494,87.2066,89.4986,88.5268,90.0278,86.5563,89.1403,86.2786,88.3912,88.3912,87.6926,89.1403,89.8053,89.2749,87.7269,83.0963,86.4523,85.9128,82.0061,83.0060,79.2023,83.0060,77.9359,78.2304,74.0945,74.7930,69.3542,70.2140,68.4471,62.7694,57.5847,60.4070,60.4070,58.6941,54.9181,53.7587,50.2494,0.0000,0.0000,0.0000,0.0000,0.0000,0.0000,0.0000,0.0000,0.0000,0.0000,0.0000,0.0000
1700000046.650000,-63.5,100.5783,96.1353,96.7988,93.9840,95.8541,91.7061,91.6788,93.4773,95.7706,93.5361,94.8947,94.3398,95.3834,92.4392,94.6678,97.3499,96.2601,92.6499,94.0479,91.6079,96.5194,96.2133,94.6256,96.0469,95.0000,97.4526,94.8103,94.4034,95.8019,93.2363,95.2103,90.6973,91.5260,90.1388,89.8888,90.0500,85.8836,85.0000,81.8413,80.6226,76.1577,77.2528,75.0267,72.1110,68.0074,66.4831,64.7611,65.3070,62.8013,59.2115,55.1453,56.0089,0.0000,0.0000,0.0000,0.0000,0.0000,0.0000,0.0000,0.0000,0.0000,0.0000,0.0000,0.0000
1700000046.700000,-64.1,99.1816,97.0206,99.0000,96.0052,95.0000,91.1373,94.7629,93.6483,96.6282,93.9042,97.3242,96.3379,96.3379,96.8814,94.2019,98.7168,97.0824,97.0824,95.0789,93.8616,94.3716,97.8008,94.1116,95.6033,95.2103,93.6803,92.0489,98.3717,92.0489,97.2677,93.8616,92.6499,94.3663,89.8220,89.4427,88.1192,84.7172,84.5931,84.4808,80.0250,80.0999,75.0267,78.0256,70.0286,68.3593,66.1211,65.4905,64.6297,63.1506,59.2030,55.7853,53.8516,0.0000,0.0000,0.0000,0.0000,0.0000,0.0000,0.0000,0.0000,0.0000,0.0000,0.0000,0.0000
1700000046.750000,-62.2,96.5194,97.3499,98.4886,97.1288,98.8838,89.4427,96.1769,94.8472,96.1769,93.0484,96.4624,95.5092,99.2975,98.3717,97.7394,95.8175,95.6033,95.6033,95.3363,94.6414,94.6414,95.6033,94.1116,93.9415,96.0469,95.3415,96.3172,95.8019,93.8616,95.0789,90.8020,94.9210,89.8443,90.7579,88.9550,87.5957,85.7963,86.0058,81.9390,82.2922,76.1577,76.5376,75.2928,70.4911,66.2873,67.2012,63.4114,63.7809,59.5483,60.3075,58.6941,57.6281,0.0000,0.0000,0.0000,0.0000,0.0000,0.0000,0.0000,0.0000,0.0000,0.0000,0.0000,0.0000
1700000046.800000,-62.3,96.5401,95.1315,100.4241,96.8298,96.6075,94.8683,94.8683,94.3398,96.2601,94.1541,95.7706,95.2943,97.0464,95.7131,96.1509,97.0824,98.8989,91.2853,95.3415,93.1075,93.9415,94.0213,91.1811,93.6376,95.8593,92.9731,94.3398,96.9330,98.2344,93.6216,96.6644,94.8103,92.5743,91.3017,89.0674,88.1192,89.0056,84.7231,82.6801,79.0569,76.6094,76.6094,72.6223,68.7677,68.5930,65.0692,64.3817,65.1153,58.7963,61.0737,58.2495,57.4543,0.0000,0.0000,0.0000,0.0000,0.0000,0.0000,0.0000,0.0000,0.0000,0.0000,0.0000,0.0000
1700000046.850000,-62.1,102.1421,101.2423,102.3181,99.1615,99.0051,98.0867,96.6644,95.7079,99.7647,101.7104,104.3168,99.7647,102.2155,101.0198,101.5480,99.0202,99.2975,95.9635,96.6075,98.8130,98.1835,98.8130,99.0202,100.2646,96.6075,96.2133,98.2344,98.8130,99.0202,98.8585,96.8349,97.6524,97.6371,94.5780,93.4933,90.9175,90.4268,90.3770,86.7640,81.0247,83.3847,78.7718,79.0569,74.6324,73.6817,68.4105,65.7343,67.4685,61.8142,63.5059,62.2896,59.0085,0.0000,0.0000,0.0000,0.0000,0.0000,0.0000,0.0000,0.0000,0.0000,0.0000,0.0000,0.0000
1700000046.900000,-62.9,100.2447,96.2549,99.0454,97.0206,97.0464,95.0000,97.1288,98.3260,98.1275,97.6217,99.4082,100.1299,97.1648,98.7320,98.9949,98.0612,98.0612,95.1893,97.2934,96.3172,93.3809,96.5401,95.3415,95.0789,94.8314,98.4937,97.0155,93.6216,97.5141,97.9847,94.1488,95.7079,94.3663,91.0824,92.9139,85.9884,92.3472,83.1505,82.0244,86.0523,79.0253,77.0065,76.1643,75.2396,69.2604,68.5930,66.7533,64.5368,58.4637,60.8769,59.4643,60.0083,0.0000,0.0000,0.0000,0.0000,0.0000,0.0000,0.0000,0.0000,0.0000,0.0000,0.0000,0.0000
1700000046.950000,-65.9,90.0500,89.3588,90.7359,95.4411,89.6270,88.2383,88.2383,90.0278,90.5538,91.9674,91.3510,89.1403,89.8276,91.2195,92.6337,87.7269,91.4385,87.9659,91.0494,90.1388,88.0909,91.6788,87.4586,90.8020,91.0494,86.8332,92.0054,88.8651,90.0000,88.0909,89.8109,88.8651,87.1149,87.8635,83.4865,82.7587,82.0244,77.7946,78.7464,76.5768,75.2861,73.2462,70.0000,69.2026,65.4599,60.0333,59.6825,60.8276,55.0091,53.4883,54.4243,53.4509,0.0000,0.0000,0.0000,0.0000,0.0000,0.0000,0.0000,0.0000,0.0000,0.0000,0.0000,0.0000
1700000047.000000,-61.8,103.8316,102.4744,104.6518,102.4597,100.2247,98.0867,97.4064,97.7394,102.1421,101.5332,102.7862,101.5332,103.5809,101.3903,98.4937,101.6366,100.0200,98.2344,96.8814,96.5401,94.9210,99.4636,99.6394,99.2975,99.6394,98.4784,99.4636,99.8248,98.4784,102.2595,96.3172,97.5141,96.7729,92.8924,94.9210,94.8314,92.6553,88.6002,84.1546,82.8553,83.2586,77.3886,76.4853,74.7930,73.0616,67.2309,67.6757,66.4003,65.0000,60.8769,60.1415,58.6941,0.0000,0.0000,0.0000,0.0000,0.0000,0.0000,0.0000,0.0000,0.0000,0.0000,0.0000,0.0000
1700000047.050000,-61.2,98.3870,93.4773,98.4124,94.8947,96.5660,91.8096,92.0869,93.6002,95.0000,99.0202,96.6747,96.5401,100.6578,99.8248,96.3328,97.0000,98.2904,94.0691,96.3328,95.4620,94.0691,97.6729,94.7629,94.4934,97.8366,92.8493,96.5401,98.4124,94.1754,97.0824,92.6984,91.2414,94.7523,94.0479,91.2414,89.1067,87.9659,83.6301,83.2406,82.8010,79.6304,76.5506,75.7166,66.7308,66.3702,66.1891,66.6408,66.7083,65.3070,56.8595,58.8218,53.6004,0.0000,0.0000,0.0000,0.0000,0.0000,0.0000,0.0000,0.0000,0.0000,0.0000,0.0000,0.0000
1700000047.100000,-62.8,100.8464,98.9798,99.7296,98.3870,97.5090,96.2549,96.5660,96.2081,98.0816,97.4064,98.3514,98.6712,100.2447,97.4166,98.3717,97.5295,96.3016,96.3016,97.5141,96.5401,95.8019,96.1041,93.3916,95.9010,95.9010,95.9010,95.7079,97.5141,97.0824,95.3415,93.8616,95.6033,95.2103,93.3006,91.0824,90.1388,88.9550,85.6154,84.5281,81.8596,78.2624,77.4145,76.3217,73.2462,68.5055,65.4599,65.8027,64.8151,61.7171,60.8276,57.3149,56.2228,0.0000,0.0000,0.0000,0.0000,0.0000,0.0000,0.0000,0.0000,0.0000,0.0000,0.0000,0.0000
1700000047.150000,-64.2,97.0206,102.0049,96.0469,97.0206,92.0489,96.2549,97.6217,92.7793,96.6282,98.8585,99.2975,98.8433,99.8248,97.2934,101.2028,95.3415,97.5295,95.0789,98.4937,96.8401,97.9847,96.3016,92.0489,97.0824,95.8175,99.6243,98.9798,95.3363,96.5660,95.3363,96.5401,95.5667,92.4175,91.7823,91.4112,88.4590,92.0706,83.2947,85.3756,83.1505,80.1561,78.0064,75.0267,70.0286,72.2496,66.2722,66.4831,64.6297,61.8142,63.1506,61.1310,57.2451,0.0000,0.0000,0.0000,0.0000,0.0000,0.0000,0.0000,0.0000,0.0000,0.0000,0.0000,0.0000
1700000047.200000,-60.7,102.8834,96.4624,101.1929,96.1665,98.4937,89.0505,96.3172,96.1041,96.1769,96.6902,95.8853,97.7394,99.5038,97.3293,97.2523,96.0469,95.0000,97.0824,96.0208,98.0459,96.0208,98.0000,95.0000,97.1288,99.1816,95.0842,96.1301,99.0454,97.3293,98.0816,95.0474,97.0000,93.0860,93.1343,93.0484,92.0869,85.2115,84.2912,83.4865,81.7435,81.8841,75.9539,76.2955,70.6116,68.9638,67.7200,64.1950,64.8460,62.3939,56.4624,58.6941,55.5698,0.0000,0.0000,0.0000,0.0000,0.0000,0.0000,0.0000,0.0000,0.0000,0.0000,0.0000,0.0000
1700000047.250000,-61.2,99.1564,97.1854,99.0353,94.0691,94.7945,93.5094,93.4345,93.0860,97.3088,95.0000,96.4002,97.4166,96.0208,100.1249,97.9081,94.3398,96.5660,94.3398,93.6483,93.8136,94.6678,93.1504,91.7878,93.4773,94.8262,92.5905,93.9415,96.6023,94.5145,96.1769,91.5860,96.3846,90.7359,89.8721,89.8721,88.8144,87.6584,84.0238,83.4086,81.4678,79.9312,75.0733,76.4199,70.0357,69.3542,66.0681,64.8151,65.2993,61.6117,58.2495,57.7062,55.1543,0.0000,0.0000,0.0000,0.0000,0.0000,0.0000,0.0000,0.0000,0.0000,0.0000,0.0000,0.0000
1700000047.300000,-62.6,98.7168,97.0155,96.1665,98.3717,96.4624,93.0484,91.5478,97.6934,94.0213,96.6075,99.7447,96.6023,98.3870,99.2975,96.1769,96.2549,96.8969,93.6483,94.3398,94.8736,92.4392,96.2549,93.4933,94.8683,95.6922,91.8096,92.9139,95.4149,92.1141,95.4149,93.6483,93.2952,94.0213,93.0591,90.3549,90.8020,88.6397,82.4621,81.9329,79.3788,80.3243,75.2861,75.9605,69.8570,67.4685,64.5368,65.9242,63.9531,62.2896,57.0789,57.0088,56.0803,0.0000,0.0000,0.0000,0.0000,0.0000,0.0000,0.0000,0.0000,0.0000,0.0000,0.0000,0.0000
1700000047.350000,-66.6,101.1385,96.7729,96.3379,96.6902,98.6560,94.0479,93.6483,93.5361,93.2631,95.1315,97.0824,98.0816,97.0824,94.0000,96.0208,97.0464,97.0052,95.0000,96.0833,94.0851,95.0210,95.1315,96.1301,95.6347,96.1301,93.1933,94.1913,97.3293,94.0851,94.0851,93.0860,95.0000,94.0053,91.0879,93.1343,88.1419,86.1452,86.2844,82.4924,79.0759,77.4661,73.5459,71.5891,69.3758,67.4463,66.4078,65.1920,62.7694,61.8466,54.1295,58.6686,53.8516,0.0000,0.0000,0.0000,0.0000,0.0000,0.0000,0.0000,0.0000,0.0000,0.0000,0.0000,0.0000
1700000047.400000,-63.0,101.3163,95.0842,98.0051,93.0054,96.0052,92.0489,95.2575,93.0860,95.3363,96.3328,96.8762,97.3242,97.1648,95.9010,95.0368,97.8621,92.4175,97.3242,95.5667,96.5401,93.1719,93.8616,94.1488,94.6414,93.6216,92.8924,97.5295,93.6803,90.9560,97.5295,90.2441,92.1954,92.1954,87.4757,92.9139,90.2718,84.7172,82.3893,83.0542,80.0562,79.0063,76.0263,75.0267,70.1783,68.1836,66.6108,64.6297,63.3482,61.1882,57.2800,59.2030,55.7136,0.0000,0.0000,0.0000,0.0000,0.0000,0.0000,0.0000,0.0000,0.0000,0.0000,0.0000,0.0000
1700000047.450000,-62.7,103.1746,104.2353,100.6032,102.4890,98.8585,101.2719,100.8067,100.8067,101.2028,100.2247,104.0481,102.3572,103.5809,102.2008,105.0809,100.2447,103.4070,97.7190,104.3552,102.4597,99.9300,99.6243,95.8593,101.0198,101.2423,100.3045,103.1213,99.0202,102.7862,98.0816,100.2447,98.0816,97.5295,94.8314,96.5401,91.4440,92.7631,89.2693,89.6772,87.4643,80.3990,80.2247,77.0260,75.0600,71.0070,70.0643,67.1863,66.1891,63.5059,63.9531,59.4390,58.2409,0.0000,0.0000,0.0000,0.0000,0.0000,0.0000,0.0000,0.0000,0.0000,0.0000,0.0000,0.0000
