host_timestamp,rssi,amp_0,amp_1,amp_2,amp_3,amp_4,amp_5,amp_6,amp_7,amp_8,amp_9,amp_10,amp_11,amp_12,amp_13,amp_14,amp_15,amp_16,amp_17,amp_18,amp_19,amp_20,amp_21,amp_22,amp_23,amp_24,amp_25,amp_26,amp_27,amp_28,amp_29,amp_30,amp_31,amp_32,amp_33,amp_34,amp_35,amp_36,amp_37,amp_38,amp_39,amp_40,amp_41,amp_42,amp_43,amp_44,amp_45,amp_46,amp_47,amp_48,amp_49,amp_50,amp_51,amp_52,amp_53,amp_54,amp_55,amp_56,amp_57,amp_58,amp_59,amp_60,amp_61,amp_62,amp_63
1700000000.000000,-60.9,61.2699,60.8358,60.5392,62.2415,59.8080,59.8080,59.4643,58.1893,59.1354,57.9741,58.6941,60.2080,60.0167,59.6825,59.5399,60.5310,60.2993,59.2115,61.0737,62.0725,62.1289,61.0328,62.0322,63.0000,65.0077,65.0000,66.0000,65.0000,68.0000,66.0000,64.0312,66.0303,66.1891,65.4905,65.4905,63.5059,62.6498,60.8276,60.2080,58.4637,57.7235,56.7539,55.3624,52.8110,50.9215,50.6952,49.6588,48.3011,46.6476,45.7930,44.4072,43.9318,0.0000,0.0000,0.0000,0.0000,0.0000,0.0000,0.0000,0.0000,0.0000,0.0000,0.0000,0.0000
1700000000.050000,-64.0,62.6498,64.9384,64.1327,65.3070,63.7887,62.5859,63.0635,59.7746,62.9365,61.0983,61.4654,62.6498,63.0714,62.1772,63.9531,63.1348,65.8635,63.2851,64.8999,65.4599,65.4599,65.4599,64.8999,66.8431,69.0290,69.2026,69.0290,68.2495,71.2180,68.4105,69.8140,69.8140,70.8025,68.2422,67.9559,66.2873,66.8880,63.6318,62.6498,63.5295,59.9333,60.3738,57.7754,56.0803,53.1413,52.4976,52.4976,50.2892,50.4480,47.6760,47.5184,44.0454,0.0000,0.0000,0.0000,0.0000,0.0000,0.0000,0.0000,0.0000,0.0000,0.0000,0.0000,0.0000
1700000000.100000,-57.7,59.9416,60.9016,60.2080,61.0574,59.0762,58.5235,56.8595,58.6003,60.4401,57.6281,58.1378,60.2080,60.1415,59.3970,60.8112,58.7963,59.6657,60.4401,59.2030,60.8030,59.2030,62.2013,60.8030,61.0328,63.8201,61.8547,65.2150,65.7343,64.6375,65.4599,65.2150,66.6108,65.6049,63.8905,64.6607,62.3699,63.6553,60.8112,60.1415,57.3149,56.6392,55.9732,54.8179,52.0096,50.2195,48.5489,50.2494,47.8853,45.6180,44.3847,44.5982,42.2019,0.0000,0.0000,0.0000,0.0000,0.0000,0.0000,0.0000,0.0000,0.0000,0.0000,0.0000,0.0000
1700000000.150000,-61.4,62.9682,63.5610,61.1310,62.8172,62.6418,60.4401,61.3514,60.1664,60.1664,60.5392,61.3270,62.1691,60.8276,61.7738,60.9016,62.4340,62.4260,61.6117,62.8013,63.4114,63.6003,63.8905,64.2028,65.2993,65.9469,66.6033,67.8970,66.6033,66.6033,68.0147,68.1175,68.1175,68.2495,67.0075,67.0075,65.2150,62.6817,62.9682,61.0574,60.2080,59.0593,56.3560,57.2451,52.3259,53.3104,51.0784,49.9800,48.7032,49.0408,48.0521,45.5412,44.1814,0.0000,0.0000,0.0000,0.0000,0.0000,0.0000,0.0000,0.0000,0.0000,0.0000,0.0000,0.0000
1700000000.200000,-59.5,61.7738,62.7694,59.9083,62.6817,59.9083,60.4649,60.4401,59.8164,61.0737,58.7282,59.4138,60.8112,60.8112,60.8769,62.3699,60.6053,61.4003,61.6117,61.6117,62.4260,63.8201,62.4340,62.1289,64.4981,65.0000,65.8635,67.6018,65.8635,67.2309,65.8635,66.8880,64.8999,67.1193,66.0303,66.0303,64.2028,63.4114,62.6259,61.7171,60.2080,57.3847,57.2800,55.8659,54.4885,51.8556,50.4480,50.0000,50.0000,47.7074,46.1411,45.1774,44.0114,0.0000,0.0000,0.0000,0.0000,0.0000,0.0000,0.0000,0.0000,0.0000,0.0000,0.0000,0.0000
1700000000.250000,-63.3,60.7289,59.4811,60.1664,58.9406,59.6657,57.2713,57.0701,57.4282,56.4358,57.3149,57.2189,58.0086,58.0000,57.0000,57.0000,59.0339,59.2115,59.2115,59.5399,60.5310,59.4138,62.6498,59.4138,60.0167,61.9839,61.9839,63.1506,65.9242,64.3273,65.9242,61.8142,64.6297,65.6201,62.5140,62.2013,62.2013,62.0725,59.0085,59.0000,59.0000,56.0357,55.0364,53.0848,50.3587,49.3660,47.3814,48.8365,46.3249,46.5725,44.2719,44.0114,42.5441,0.0000,0.0000,0.0000,0.0000,0.0000,0.0000,0.0000,0.0000,0.0000,0.0000,0.0000,0.0000
1700000000.300000,-62.1,63.3482,62.8172,62.0967,63.6003,61.3514,60.7289,61.0983,60.5392,60.9262,61.3270,61.3270,60.8276,64.0078,63.1348,63.2851,61.2944,61.8547,61.4003,63.2535,63.2535,64.0312,63.1269,61.8466,65.9469,65.9469,65.8559,68.6222,69.3542,69.4262,67.9412,68.1175,69.5270,68.1175,67.4759,67.0075,64.6375,64.6375,63.2851,61.9112,61.9112,59.5399,57.3062,56.3560,55.4617,52.3259,49.3964,51.0784,49.9800,48.0833,48.2701,46.5296,44.1814,0.0000,0.0000,0.0000,0.0000,0.0000,0.0000,0.0000,0.0000,0.0000,0.0000,0.0000,0.0000
1700000000.350000,-56.0,56.0357,56.6127,53.6004,54.2033,54.6717,53.6004,54.5619,52.3450,55.8659,54.5619,53.8145,54.2033,53.6004,55.0000,55.8032,56.6127,54.3783,53.2541,53.3385,56.0803,55.2268,58.3095,55.4707,57.2713,59.0339,59.9333,61.7414,61.2699,62.6498,59.0593,59.4811,60.8276,61.4003,59.6825,57.6888,57.1402,56.6039,57.4282,53.6004,55.8032,51.7397,51.8556,52.3450,48.1041,46.6690,41.7732,44.5982,45.4533,44.4072,39.6611,39.9625,38.9487,0.0000,0.0000,0.0000,0.0000,0.0000,0.0000,0.0000,0.0000,0.0000,0.0000,0.0000,0.0000
1700000000.400000,-60.7,59.9333,58.6941,60.9262,59.2368,59.2368,58.5235,57.8705,58.5235,58.2409,57.7235,58.9406,59.0339,59.8415,58.5491,59.5399,60.1332,59.0339,60.0750,59.0339,59.0000,60.0000,62.0000,61.0000,63.0317,62.0081,63.0317,64.0703,65.0692,65.0692,66.0303,64.0078,65.0000,65.0000,64.0078,65.1230,63.1269,63.1981,60.4070,59.5399,56.5685,57.7062,55.1090,54.5711,51.4198,50.9608,49.0408,49.0408,47.1699,46.5188,45.2769,44.4185,41.6173,0.0000,0.0000,0.0000,0.0000,0.0000,0.0000,0.0000,0.0000,0.0000,0.0000,0.0000,0.0000
1700000000.450000,-61.4,60.7454,60.5392,62.1691,62.2415,62.1691,59.9333,60.4152,60.0333,60.5392,60.4649,61.0574,61.0328,61.4003,59.8164,60.4401,60.8769,60.8769,59.4643,62.2254,62.2254,63.6553,62.3699,62.2415,66.6033,63.7809,65.2993,65.9469,66.8431,68.0147,66.6033,67.9412,68.0147,67.9412,65.7647,65.0692,63.7024,63.7809,62.3699,61.4003,59.8164,57.2014,56.0357,56.8595,53.8516,52.4786,51.4781,48.7545,48.3322,47.5395,46.4866,45.8803,42.7551,0.0000,0.0000,0.0000,0.0000,0.0000,0.0000,0.0000,0.0000,0.0000,0.0000,0.0000,0.0000
1700000000.500000,-61.9,63.0317,64.5368,63.4114,63.4114,61.6117,59.4054,60.4649,59.3633,60.2080,60.4152,60.4152,61.7414,63.5610,61.8466,63.1585,60.7454,62.6259,60.4070,64.5601,62.9365,62.6418,64.0312,64.2884,66.4906,66.7083,65.5134,68.6586,66.9403,68.8840,66.7083,68.4105,68.1542,69.6419,65.1460,68.3081,63.2456,64.2573,61.4654,62.2415,61.3270,57.7062,59.4811,56.3560,53.7122,53.0000,51.8652,50.2195,47.8017,46.0977,46.6905,46.7547,44.8219,0.0000,0.0000,0.0000,0.0000,0.0000,0.0000,0.0000,0.0000,0.0000,0.0000,0.0000,0.0000
1700000000.550000,-63.0,63.8905,62.3618,65.1460,63.5689,63.5689,58.8727,60.0083,61.7414,62.6099,61.7171,63.5295,62.7694,63.2851,63.2851,59.9083,64.2028,63.4114,61.8466,61.7171,63.1269,63.7809,65.9469,65.1920,66.4680,67.2086,65.7647,68.5930,67.8822,70.0071,68.5930,67.2681,68.0147,67.4759,67.4759,66.0681,67.2012,65.8027,62.9682,62.4340,60.5392,59.1693,55.0727,58.5918,54.1295,51.0784,51.0784,50.9215,49.9800,48.7647,48.0521,47.5184,43.0465,0.0000,0.0000,0.0000,0.0000,0.0000,0.0000,0.0000,0.0000,0.0000,0.0000,0.0000,0.0000
1700000000.600000,-59.8,60.6053,58.6003,60.4649,59.0762,58.8303,59.3633,57.8014,57.3062,58.1808,57.7754,59.0931,57.0088,60.7454,58.5235,58.8218,60.4401,58.9406,58.6941,61.1882,62.5859,60.2080,61.6604,61.8142,62.6498,63.7887,62.5140,64.3817,66.4831,65.4905,63.5059,64.7765,65.9242,64.9384,62.9682,62.5859,62.5859,62.3618,60.4401,58.5235,57.5674,56.6480,54.7814,53.8516,50.6952,50.9902,49.1935,49.2443,47.5079,46.0435,44.4072,44.8219,41.7253,0.0000,0.0000,0.0000,0.0000,0.0000,0.0000,0.0000,0.0000,0.0000,0.0000,0.0000,0.0000
1700000000.650000,-61.3,64.6220,65.0000,63.9766,65.7951,63.0714,63.0714,60.9016,62.2656,60.9016,60.7454,61.5873,63.0079,62.2013,63.2535,62.4820,63.0317,63.7024,62.2896,65.0692,64.3817,65.0692,65.0692,64.3817,65.9469,67.3573,67.4759,70.1783,67.3573,70.1783,68.1175,68.6222,69.3542,69.3109,68.5930,67.9412,65.9469,65.9469,62.8013,62.8013,60.6053,58.8218,59.3633,56.6039,55.0727,54.2033,50.0899,52.3259,50.1597,48.1041,49.6488,47.2969,45.5412,0.0000,0.0000,0.0000,0.0000,0.0000,0.0000,0.0000,0.0000,0.0000,0.0000,0.0000,0.0000
1700000000.700000,-61.4,60.2080,55.1543,58.0000,55.9017,57.3847,55.9017,57.3847,55.4437,55.6058,55.8032,55.4437,54.3783,56.0803,57.9828,55.5698,58.1378,55.4617,56.3649,57.0088,57.3847,58.1808,59.6154,58.8727,58.1893,59.6154,59.1354,60.1664,63.9062,60.7454,64.6220,59.6154,62.9682,62.7694,60.0083,59.5063,60.3738,59.1693,57.4543,59.5399,54.9181,57.6888,51.0392,52.2015,47.5079,46.2277,47.8017,48.0833,46.6905,46.2277,46.4004,42.7200,41.6773,0.0000,0.0000,0.0000,0.0000,0.0000,0.0000,0.0000,0.0000,0.0000,0.0000,0.0000,0.0000
1700000000.750000,-58.6,55.7136,53.4509,57.2800,55.0818,55.7853,52.8867,54.1295,54.7449,52.6118,51.4781,52.3450,55.1453,53.1507,56.0089,55.0000,55.0091,56.0089,53.0377,55.0818,55.1453,56.0803,56.0803,55.0818,57.5587,60.6712,58.4209,58.4209,60.4070,60.4070,60.4070,62.5140,60.4070,61.4003,60.0083,58.1378,58.0000,56.0357,56.0089,54.1479,54.0833,50.2494,51.1566,50.4876,46.8722,49.0306,47.2969,44.3847,43.0116,43.3244,42.1545,42.0595,40.0000,0.0000,0.0000,0.0000,0.0000,0.0000,0.0000,0.0000,0.0000,0.0000,0.0000,0.0000,0.0000
1700000000.800000,-62.7,62.5859,62.5859,62.6418,63.3246,61.9839,60.7289,60.7454,60.7454,60.5392,60.8358,61.2699,60.4152,61.7738,61.9112,61.9112,62.4260,62.2013,60.8030,61.8466,63.4114,64.0312,63.1269,62.3699,64.3817,66.4831,65.0692,67.8970,66.5282,67.8970,67.1789,66.6033,66.6033,68.1175,64.6607,67.0075,64.8151,64.4050,61.8547,61.0328,59.9083,56.9386,56.0803,56.9386,52.7731,52.3259,51.0784,50.6952,49.9800,49.0408,47.5395,44.9110,43.4166,0.0000,0.0000,0.0000,0.0000,0.0000,0.0000,0.0000,0.0000,0.0000,0.0000,0.0000,0.0000
1700000000.850000,-59.6,66.3702,62.2013,65.0692,64.0703,65.0077,64.0000,62.0000,62.0081,62.0725,61.2046,62.5140,63.7887,63.7887,63.3482,62.1691,65.0000,62.6418,63.3246,63.2456,64.1950,65.1460,66.1287,66.1287,67.1193,67.6240,66.3099,67.6240,69.8570,69.3542,69.8570,66.4831,69.4622,69.8928,69.8928,68.3081,67.0522,67.0522,64.2884,64.0312,60.6383,61.1882,58.2495,58.6941,54.4518,54.3323,50.0899,52.0096,51.0000,50.0100,48.0937,47.2652,46.8722,0.0000,0.0000,0.0000,0.0000,0.0000,0.0000,0.0000,0.0000,0.0000,0.0000,0.0000,0.0000
1700000000.900000,-62.8,64.6607,61.7171,64.4050,62.2013,62.4260,59.6406,60.5392,61.4003,60.4152,62.6099,61.2944,61.3270,62.7694,62.3939,61.4654,62.9365,61.4003,61.4003,61.6117,63.5610,63.7887,65.3070,63.7887,65.9242,65.9242,65.9242,67.7422,69.7209,66.7533,68.8840,65.9242,68.8840,68.4471,67.4685,67.1863,67.1863,65.5210,62.9365,62.2977,59.8080,60.1664,57.0088,56.4624,52.8015,53.2259,49.6488,50.6063,49.7393,49.0918,47.2017,45.4533,43.8406,0.0000,0.0000,0.0000,0.0000,0.0000,0.0000,0.0000,0.0000,0.0000,0.0000,0.0000,0.0000
1700000000.950000,-63.0,63.0635,63.0635,61.7414,62.6498,62.6498,60.9262,59.2368,61.0983,60.4070,60.8769,60.4152,61.9839,61.9839,62.6498,61.6604,61.4003,63.2851,60.2080,62.0725,63.1981,62.1289,65.0692,62.0000,65.0692,66.0303,66.0303,65.0077,68.0294,68.0294,67.0298,68.0000,68.0000,67.0298,65.0308,65.3758,65.1920,64.0703,63.1981,61.5224,60.5310,58.0517,57.0701,55.5428,52.6308,51.9230,49.6488,50.9215,48.8467,47.9270,45.6946,46.0652,42.4382,0.0000,0.0000,0.0000,0.0000,0.0000,0.0000,0.0000,0.0000,0.0000,0.0000,0.0000,0.0000
1700000001.000000,-64.8,62.2254,61.5224,60.4401,61.0737,60.4401,59.6657,59.4054,59.4054,58.5235,57.9828,60.2080,59.1693,59.9416,59.4811,59.0339,61.0983,59.8080,59.8080,60.7454,61.0328,60.0833,61.6847,61.9839,63.3246,64.5601,64.5601,65.2533,66.4906,65.5134,66.7083,66.4831,66.2193,66.7608,65.1460,64.1950,63.3246,62.7694,60.4152,58.6003,59.9333,56.7979,57.2451,53.7122,51.9711,50.2494,49.0918,50.2195,47.8017,46.7547,45.9674,44.5533,42.8019,0.0000,0.0000,0.0000,0.0000,0.0000,0.0000,0.0000,0.0000,0.0000,0.0000,0.0000,0.0000
1700000001.050000,-61.3,58.5235,59.4643,60.8769,61.1310,58.6941,59.6657,58.2495,58.0517,56.8858,58.5491,59.3043,60.0750,60.0333,59.0000,60.0000,59.0339,60.0750,59.0762,60.2080,62.2013,60.2993,61.5224,59.3043,62.9682,62.9682,63.9531,63.9531,63.9531,65.9242,63.9531,65.4905,65.6201,64.3817,64.1950,64.0703,62.1289,63.0714,60.0333,59.0000,59.0000,56.0803,56.0803,53.0848,53.2353,50.3587,47.8539,49.0306,48.5077,45.8803,45.2217,45.3100,42.4853,0.0000,0.0000,0.0000,0.0000,0.0000,0.0000,0.0000,0.0000,0.0000,0.0000,0.0000,0.0000
1700000001.100000,-60.2,61.4003,58.8982,60.9590,61.6198,60.1415,56.6392,57.2800,58.0517,58.7963,58.4123,57.3847,58.4123,58.6003,60.4649,61.2944,60.0333,58.6686,59.6825,59.9416,59.9333,61.2699,63.0714,60.8358,63.0714,63.0714,63.0714,65.0000,66.3099,64.8845,64.4748,63.0714,65.7419,64.8460,64.4127,65.0000,63.8122,62.1289,60.4649,59.2030,58.8218,56.8507,54.6717,55.3173,48.8365,50.9117,49.4975,47.4236,48.9183,46.4004,45.4863,43.9090,42.4853,0.0000,0.0000,0.0000,0.0000,0.0000,0.0000,0.0000,0.0000,0.0000,0.0000,0.0000,0.0000
1700000001.150000,-65.0,61.5224,61.2944,60.0333,61.2046,61.0328,59.0339,59.0000,59.0000,60.0083,59.1354,59.1354,59.4138,59.5399,59.6825,59.8415,59.6657,60.6383,59.6657,60.1664,61.6847,61.4003,63.2456,60.7289,63.3246,63.5689,63.9062,64.2573,66.1287,65.1920,66.1287,66.1287,65.7875,67.0522,64.8460,64.2884,64.2884,61.8466,62.5859,60.0167,59.8415,57.5587,55.4437,56.1427,52.0865,50.0000,50.0400,49.0102,47.0106,46.1736,46.2709,44.7214,42.7200,0.0000,0.0000,0.0000,0.0000,0.0000,0.0000,0.0000,0.0000,0.0000,0.0000,0.0000,0.0000
1700000001.200000,-63.2,65.4905,66.0984,65.1153,67.2681,64.7611,66.7083,63.8905,63.2456,62.6259,60.1664,64.0781,63.5610,63.9766,64.8460,64.4127,63.1348,66.7308,62.7694,67.6757,64.8999,65.4599,66.0303,63.8201,67.6240,68.4105,70.0000,70.6045,69.2026,73.2462,68.4105,72.2011,70.8025,71.8471,68.5055,68.7968,66.5733,67.2309,64.4127,63.5295,64.4127,58.6941,61.3270,58.3095,57.5847,55.3624,52.4976,51.9230,51.1957,48.5077,49.4975,46.0977,47.0000,0.0000,0.0000,0.0000,0.0000,0.0000,0.0000,0.0000,0.0000,0.0000,0.0000,0.0000,0.0000
1700000001.250000,-64.7,61.2944,60.7454,61.4003,61.0574,59.5399,59.5399,59.0339,59.0339,58.6003,57.3847,60.5392,60.4070,60.0833,59.2030,58.2409,60.6383,60.0167,60.0167,60.8276,61.6604,61.0000,61.5224,61.5224,62.2896,65.1920,65.2763,65.1920,65.2763,65.1920,65.2763,65.4905,67.4759,65.7647,65.1153,63.3482,63.5610,63.1506,60.8769,61.4003,58.5235,55.6597,55.3624,55.3624,51.6236,50.9902,49.1935,48.3735,48.0208,46.8722,46.0435,44.2041,42.4500,0.0000,0.0000,0.0000,0.0000,0.0000,0.0000,0.0000,0.0000,0.0000,0.0000,0.0000,0.0000
1700000001.300000,-62.7,62.0000,59.0000,61.1310,62.0725,62.1289,59.2115,59.6825,58.5491,58.8558,60.0167,60.6383,61.1310,61.1310,61.4003,59.4811,61.4654,60.5392,60.9262,60.0083,61.7414,60.8358,63.0635,62.1691,63.6318,64.0078,63.1348,64.4981,68.9638,65.3682,67.1193,65.7647,65.7419,66.6483,65.3070,63.5610,64.4748,61.0983,62.0322,59.1354,57.2451,57.5674,55.6597,55.7853,51.1957,50.9902,50.0100,49.3660,49.2544,48.0416,47.0000,45.0111,42.1900,0.0000,0.0000,0.0000,0.0000,0.0000,0.0000,0.0000,0.0000,0.0000,0.0000,0.0000,0.0000
1700000001.350000,-65.3,64.0078,61.7738,62.1691,63.0635,61.7414,60.8358,60.5392,59.4643,62.2977,60.4401,61.4003,60.6383,60.0167,61.9839,62.8013,62.3939,62.2013,60.4070,63.0317,65.0308,64.0312,65.0000,63.0000,67.0298,65.0000,66.0000,67.0671,68.0661,68.0294,69.0652,68.0074,68.0074,70.0000,67.0000,67.0298,65.0308,65.1920,62.2013,62.2013,60.2993,58.6941,57.7062,57.8705,54.1295,52.1728,51.9230,48.0833,49.3356,49.0408,47.5395,46.0652,44.4185,0.0000,0.0000,0.0000,0.0000,0.0000,0.0000,0.0000,0.0000,0.0000,0.0000,0.0000,0.0000
1700000001.400000,-64.4,64.2806,65.1230,65.0692,66.0681,63.0079,63.0000,64.0078,61.0328,62.0725,62.2013,63.2851,62.8013,64.9384,64.1327,63.3482,62.0967,63.3246,62.6418,65.4599,65.7875,64.1950,67.0671,64.8460,69.4622,68.7095,69.0797,69.0797,70.0071,71.3092,70.0071,70.5762,71.1688,70.8378,68.9638,67.0522,66.4831,66.2193,65.9697,62.1691,63.1506,59.8415,57.5587,57.3149,54.2310,55.0818,52.0000,51.0000,50.0000,49.1630,48.3735,45.8912,46.0977,0.0000,0.0000,0.0000,0.0000,0.0000,0.0000,0.0000,0.0000,0.0000,0.0000,0.0000,0.0000
1700000001.450000,-62.1,60.3075,59.4643,61.5224,59.4138,60.8112,56.5862,57.3847,57.4891,59.8164,58.6003,58.8218,59.3633,58.8303,57.8014,57.8014,60.3738,58.1378,59.9333,58.1808,57.7754,60.4152,61.4654,62.2415,62.6259,63.3246,62.0322,66.1287,66.1287,62.6259,66.1287,63.3246,63.6946,65.0000,63.0635,63.9531,63.0635,62.1772,59.1693,59.3633,56.3028,56.8595,53.8238,55.0000,48.6004,49.6790,48.9183,48.1041,47.4236,46.7547,44.6878,45.2217,40.8167,0.0000,0.0000,0.0000,0.0000,0.0000,0.0000,0.0000,0.0000,0.0000,0.0000,0.0000,0.0000
1700000001.500000,-62.1,60.2080,62.2656,60.8276,60.9016,59.9416,59.0339,60.0083,58.6941,60.1664,58.5235,59.1354,58.9406,60.8769,58.6941,59.6657,60.0167,61.9839,59.8415,61.5224,61.5224,60.4070,63.2851,61.2944,64.0703,64.0703,63.0714,65.0308,65.0308,67.0671,65.1920,65.2763,66.2722,65.4905,64.6297,63.7887,63.6396,62.9682,60.6383,57.7235,58.6941,56.6127,56.3028,53.1413,52.9245,51.6236,48.7545,49.1935,47.0106,46.1411,44.9444,44.8219,41.7732,0.0000,0.0000,0.0000,0.0000,0.0000,0.0000,0.0000,0.0000,0.0000,0.0000,0.0000,0.0000
1700000001.550000,-64.0,62.9365,62.2977,63.3246,62.3939,61.3270,58.6941,59.9333,59.0339,58.1808,61.4003,60.5392,62.1289,61.8547,60.2163,59.4054,61.8466,61.0737,62.4820,61.6198,62.9682,62.9682,62.2254,62.9682,65.0692,65.7647,65.0538,65.7647,67.1789,67.2086,67.8970,65.7951,67.1789,66.6033,65.8559,65.9469,64.8151,64.0312,61.6117,59.9083,58.5235,58.8303,56.9386,56.4358,53.7122,52.3259,50.5668,50.1597,48.1041,48.0833,46.5725,44.7214,43.1856,0.0000,0.0000,0.0000,0.0000,0.0000,0.0000,0.0000,0.0000,0.0000,0.0000,0.0000,0.0000
1700000001.600000,-58.9,61.5873,59.3633,60.9016,60.5392,59.0339,57.2451,57.6975,58.6941,59.2368,59.8080,58.1893,59.1354,59.4811,58.2495,57.7235,61.0000,57.7062,59.5399,60.2080,60.2993,61.5224,62.2013,62.2013,63.0317,63.0317,62.0322,64.0312,66.0076,65.0000,65.0077,64.0703,65.0308,65.1920,64.2806,62.5140,62.5140,62.5140,60.0167,59.0339,57.0701,58.6941,54.8179,54.1295,51.2445,50.5964,48.1041,47.5395,47.9270,46.5188,45.1774,43.5660,42.0119,0.0000,0.0000,0.0000,0.0000,0.0000,0.0000,0.0000,0.0000,0.0000,0.0000,0.0000,0.0000
1700000001.650000,-61.2,59.9083,59.6825,62.1772,59.5399,61.2944,56.7979,57.7754,58.3095,57.5847,59.4643,59.4643,58.5235,58.5235,59.6657,57.4891,59.8415,58.5491,60.5310,60.2080,60.1332,60.2080,62.0322,62.1289,64.0312,64.0312,62.0322,65.0000,67.0000,65.0000,65.0000,65.0000,67.0000,65.0077,63.0714,63.1269,62.3939,63.6396,60.6712,58.8558,57.8705,59.2284,55.1090,54.5711,50.6952,50.9608,49.0408,49.0408,47.1699,48.3322,47.0106,44.1022,43.0116,0.0000,0.0000,0.0000,0.0000,0.0000,0.0000,0.0000,0.0000,0.0000,0.0000,0.0000,0.0000
1700000001.700000,-60.7,62.1691,61.9839,61.6604,62.5140,61.2944,60.2993,60.1332,60.0750,61.0000,61.0082,60.0083,62.0322,61.1310,62.2896,62.2896,60.8276,61.8142,60.8276,61.3922,61.1882,63.3482,63.0635,63.5610,64.0312,65.0000,65.0000,66.4831,67.7200,67.4463,67.9117,67.9117,66.9403,67.2681,67.0820,66.7533,64.7765,63.1981,63.1981,62.0725,60.0750,57.0000,58.0086,57.0000,54.0093,52.0865,50.3587,49.4975,50.6360,48.2701,44.9222,45.2217,43.8634,0.0000,0.0000,0.0000,0.0000,0.0000,0.0000,0.0000,0.0000,0.0000,0.0000,0.0000,0.0000
1700000001.750000,-60.8,62.2656,60.4152,61.7414,59.0339,59.5063,60.9262,59.6154,58.5235,59.4643,58.5235,60.8769,58.6941,60.2080,60.0167,58.8558,59.6825,60.5310,59.4138,61.2046,62.0725,62.1289,62.0322,62.0081,65.0000,64.0000,64.0000,65.0308,66.0000,65.0077,68.0074,65.0000,68.0074,65.0308,65.0308,63.1269,64.0703,62.2013,61.4003,59.5399,59.6825,57.0701,55.9017,54.5711,51.6624,51.6624,48.0833,49.3356,48.1041,48.3322,46.0652,45.6508,41.8808,0.0000,0.0000,0.0000,0.0000,0.0000,0.0000,0.0000,0.0000,0.0000,0.0000,0.0000,0.0000
1700000001.800000,-64.7,59.6154,60.0083,61.7414,60.8358,60.4152,55.9017,58.1808,57.9828,57.4543,59.3633,59.6406,58.0086,59.2030,57.0088,57.4891,59.5483,59.4643,60.1415,59.4138,61.5224,60.1415,60.1415,60.1415,62.3699,62.3699,62.4820,62.3699,66.6033,63.7024,66.6033,63.6553,66.4831,64.3506,65.7647,63.0317,63.7024,61.7171,60.4401,58.6003,55.2178,56.8595,54.3783,56.0803,51.1077,49.6488,47.8539,48.3322,45.3100,48.7032,45.8803,43.9318,41.4367,0.0000,0.0000,0.0000,0.0000,0.0000,0.0000,0.0000,0.0000,0.0000,0.0000,0.0000,0.0000
1700000001.850000,-63.4,56.6039,54.3783,53.2541,54.9181,55.4707,53.0094,50.3289,53.0754,54.8179,52.3450,53.0754,53.0754,55.2268,53.1507,53.8145,54.6443,53.8238,50.2195,54.9181,54.3783,56.0803,57.3062,55.9464,56.0803,60.4152,58.1378,58.5918,57.7062,60.4152,60.3738,58.6686,59.0593,61.4003,56.9386,58.8303,59.0762,56.6127,53.6004,55.3173,53.4135,54.2033,49.8197,50.2494,48.1664,45.9674,43.1393,44.0454,44.6878,42.2019,39.9625,41.6773,38.9102,0.0000,0.0000,0.0000,0.0000,0.0000,0.0000,0.0000,0.0000,0.0000,0.0000,0.0000,0.0000
1700000001.900000,-61.3,59.6825,57.8705,60.4152,60.2080,59.4390,57.9741,58.5235,55.9732,57.2451,57.5847,57.0088,57.7754,58.6003,59.0339,59.0339,58.6686,57.8014,59.1693,60.2080,60.4649,59.3633,61.8547,58.8218,61.4003,61.4003,61.4003,63.4114,64.2028,63.6003,63.8201,64.6375,65.2150,64.6375,62.9682,61.5873,62.4340,61.2944,59.4811,57.2713,58.1378,55.5428,55.1543,54.4243,50.9215,51.5461,47.1275,49.4773,46.3249,45.7056,44.2832,42.0476,41.0000,0.0000,0.0000,0.0000,0.0000,0.0000,0.0000,0.0000,0.0000,0.0000,0.0000,0.0000,0.0000
1700000001.950000,-66.8,59.5399,59.4138,60.8276,59.8415,60.0167,58.0517,58.4637,58.6941,57.2800,57.5847,59.4643,59.6154,59.0931,59.0339,56.7979,61.2944,58.3095,59.0593,59.9083,61.9112,61.0574,61.0328,62.6817,62.8013,62.8013,62.2013,64.4050,65.0000,63.6003,67.0075,62.4260,67.6757,64.3506,64.3506,63.6318,64.6607,62.7694,60.4152,59.4811,57.2713,58.6003,55.0364,55.5428,52.0000,50.9215,49.0408,48.7647,48.2701,47.6760,44.5533,44.1814,42.0000,0.0000,0.0000,0.0000,0.0000,0.0000,0.0000,0.0000,0.0000,0.0000,0.0000,0.0000,0.0000
1700000002.000000,-65.2,60.9262,60.5392,62.2977,61.3514,59.1354,58.2409,56.7539,57.7235,58.0517,57.7062,58.0517,58.5491,58.4209,59.1354,59.0762,59.0000,59.0085,59.0000,59.0339,59.0762,61.1310,62.2013,60.2080,61.4003,64.1249,63.1981,64.4981,65.4905,64.4981,65.4905,65.3758,65.4905,64.1950,64.1950,65.0308,64.0000,62.0000,60.0333,59.0762,58.0775,56.3205,54.2310,55.5788,52.6118,51.6236,47.6760,48.2701,46.5725,46.1736,46.2385,43.8634,43.0465,0.0000,0.0000,0.0000,0.0000,0.0000,0.0000,0.0000,0.0000,0.0000,0.0000,0.0000,0.0000
1700000002.050000,-64.5,64.2806,63.6396,62.9682,64.9384,61.3922,61.3922,60.8769,59.4811,60.1664,60.4070,61.6847,60.9262,60.0083,61.7414,63.9531,61.2944,62.6498,60.0333,62.4340,63.8122,64.3506,63.8122,62.6817,66.4003,66.0303,66.0303,67.2012,66.6108,70.2140,66.4003,69.6348,69.6348,67.9559,67.4166,66.8880,65.0000,65.2993,64.4981,61.2699,63.5059,57.7754,58.3095,57.0088,55.9732,53.7587,51.6624,51.6624,50.2195,47.5184,47.5184,47.1699,43.0116,0.0000,0.0000,0.0000,0.0000,0.0000,0.0000,0.0000,0.0000,0.0000,0.0000,0.0000,0.0000
1700000002.100000,-62.1,63.7887,63.3482,62.1691,63.5610,60.8276,62.5140,60.4070,61.2046,59.3043,60.0333,62.0000,62.0081,61.0328,63.1269,62.1289,62.2896,63.6396,61.2046,62.9682,64.9384,63.9531,65.1153,63.1506,65.7343,66.9403,66.7083,70.0928,68.1542,69.8570,67.1863,68.6586,68.4471,67.2681,68.0661,65.6201,64.6297,66.3702,62.2896,62.1289,62.0725,59.0339,59.0000,56.0000,54.1479,52.1536,52.2398,51.4781,50.6360,48.0521,46.3249,45.8803,44.3847,0.0000,0.0000,0.0000,0.0000,0.0000,0.0000,0.0000,0.0000,0.0000,0.0000,0.0000,0.0000
1700000002.150000,-62.7,60.8276,60.4152,58.9406,61.6117,58.2409,59.9083,59.1354,58.3095,57.9396,57.3847,58.6941,60.4152,59.4811,57.2451,59.5399,60.5392,60.2080,58.8303,61.6117,59.4054,62.2013,61.6117,59.4054,62.0081,61.2209,64.2028,64.6607,64.6607,67.6240,64.8151,65.2150,65.6049,64.4050,64.6375,63.5138,61.9112,61.9112,59.9416,59.9416,59.4811,55.0364,56.8595,52.9245,53.8516,49.9800,49.3356,50.0000,47.8017,45.1221,45.2769,44.1022,42.0000,0.0000,0.0000,0.0000,0.0000,0.0000,0.0000,0.0000,0.0000,0.0000,0.0000,0.0000,0.0000
1700000002.200000,-65.0,62.9682,60.1415,62.3699,59.5483,63.2535,57.0088,58.0086,59.0762,59.0762,59.1693,57.8014,60.8276,59.4811,60.4152,59.5063,61.8466,60.4070,61.0983,60.0833,60.7289,61.0328,62.6418,62.9365,62.8172,64.0312,63.0635,65.9697,66.9403,64.0312,66.9403,64.5601,66.2193,68.0074,64.5136,63.9062,66.1287,61.0983,60.5392,59.0931,57.6975,57.7062,54.5894,55.0727,51.6236,51.3128,51.0392,49.2037,48.4149,46.0977,46.6905,43.1393,42.8019,0.0000,0.0000,0.0000,0.0000,0.0000,0.0000,0.0000,0.0000,0.0000,0.0000,0.0000,0.0000
1700000002.250000,-63.5,64.1327,61.8466,62.3618,63.0635,60.1664,59.7746,59.4643,59.4643,60.5392,60.0083,61.7414,60.3738,61.7738,60.9016,61.0574,61.2944,61.8547,59.0762,61.4003,62.0081,62.0081,64.0312,62.8013,65.1920,65.1920,65.9469,66.7083,67.2681,67.2681,66.7083,65.9469,68.2495,67.8012,66.0303,65.4599,65.2150,64.8999,63.2851,61.0574,60.4152,58.5918,56.3560,54.1295,53.2259,51.0784,49.6488,49.3356,50.0000,48.5077,46.8722,45.5412,44.1022,0.0000,0.0000,0.0000,0.0000,0.0000,0.0000,0.0000,0.0000,0.0000,0.0000,0.0000,0.0000
1700000002.300000,-66.8,53.7587,55.1725,53.7401,55.9017,54.5619,55.3173,53.2635,55.2178,55.0000,51.6140,54.0833,55.4707,56.0803,53.8516,53.3385,54.1202,56.3560,53.6656,55.1543,55.4617,58.1378,57.2451,55.5428,58.1893,57.9396,58.1893,58.6941,58.6941,60.0083,60.0083,58.6003,61.7171,59.4811,58.1378,60.5392,57.8014,58.6686,57.9828,55.4707,56.0357,51.8556,50.4480,50.3289,48.8365,46.6905,45.2769,43.8406,43.2782,43.0116,43.2666,42.7200,37.5766,0.0000,0.0000,0.0000,0.0000,0.0000,0.0000,0.0000,0.0000,0.0000,0.0000,0.0000,0.0000
1700000002.350000,-62.5,62.6418,62.2977,62.2977,62.6259,61.0983,62.0322,61.4654,59.0931,59.9333,58.1378,59.9416,61.9112,61.9112,61.2944,62.9682,61.0328,63.0079,60.2163,62.0081,62.6259,62.8013,62.4820,62.8013,65.1920,65.8559,63.7809,65.4370,66.7083,68.1175,66.0681,68.4105,67.8012,66.6108,64.8999,66.0379,65.5134,62.9682,60.4152,61.2944,59.0339,56.8595,57.2713,55.5428,53.1413,52.4976,50.0000,50.2195,47.8539,47.5184,46.5296,46.0977,44.0000,0.0000,0.0000,0.0000,0.0000,0.0000,0.0000,0.0000,0.0000,0.0000,0.0000,0.0000,0.0000
1700000002.400000,-58.8,59.6406,61.0328,61.4003,60.0000,62.0081,59.8164,58.1378,58.7963,59.4138,57.9828,59.4138,59.4643,59.6657,58.4123,59.8164,58.6003,60.4649,59.6406,59.3633,61.0574,58.8303,62.2656,59.5399,63.0635,62.1772,65.2993,64.8845,65.2993,65.2993,65.2993,66.2420,64.4981,65.5134,63.5138,64.0703,62.4260,61.6117,60.6053,59.0339,58.1378,57.3847,54.5619,53.7587,51.6236,51.6624,49.0408,48.4149,47.8017,46.8722,44.4185,46.0652,41.7852,0.0000,0.0000,0.0000,0.0000,0.0000,0.0000,0.0000,0.0000,0.0000,0.0000,0.0000,0.0000
1700000002.450000,-63.1,59.0339,59.0339,59.0000,60.0000,59.0000,60.0000,57.2189,58.2151,58.2151,56.4358,59.8415,56.8858,57.4891,57.4891,57.4891,58.5235,58.8218,58.5235,59.8080,60.0833,59.4643,60.1664,59.4643,63.1585,62.2415,61.7414,64.4748,63.5610,64.4748,64.4748,65.0000,65.5515,62.6259,63.8905,61.6847,60.7289,61.4003,57.9741,57.4891,58.4637,54.5894,55.7315,52.6118,52.2398,50.1597,48.0000,49.0102,45.0111,45.0444,45.2769,42.4264,41.2311,0.0000,0.0000,0.0000,0.0000,0.0000,0.0000,0.0000,0.0000,0.0000,0.0000,0.0000,0.0000
1700000002.500000,-62.2,67.0820,63.0714,65.7951,65.7951,64.6220,61.8466,61.6847,61.3514,61.0328,62.3618,64.0312,62.0967,64.3273,61.9839,63.3482,64.2806,62.2896,64.3817,63.1269,66.0681,64.1249,66.0000,67.0671,66.0000,69.0072,66.0000,69.0000,69.0072,68.0000,71.0000,67.0075,69.0652,68.0661,69.2604,69.2604,67.4759,66.7533,64.9384,62.3699,60.4152,61.3922,58.9406,59.2030,54.4059,52.8110,51.2640,52.0000,51.4781,49.7393,47.5079,47.4342,44.8219,0.0000,0.0000,0.0000,0.0000,0.0000,0.0000,0.0000,0.0000,0.0000,0.0000,0.0000,0.0000
1700000002.550000,-61.3,62.0322,62.0725,62.2013,62.2896,62.3939,61.5224,59.5399,60.0167,60.2080,60.8769,60.1664,61.4003,61.3514,60.4070,61.6847,61.4654,60.5392,60.9262,61.2699,61.2699,63.5059,63.9531,63.5295,65.5134,67.2309,65.5134,66.8880,66.7308,67.7422,66.2420,66.2420,68.4251,67.0820,65.7419,67.2309,65.3911,63.6946,62.9682,62.6259,60.7289,59.6657,58.9406,55.3173,53.1507,51.9711,51.6236,50.2494,50.0400,48.0416,47.0000,47.0956,45.2769,0.0000,0.0000,0.0000,0.0000,0.0000,0.0000,0.0000,0.0000,0.0000,0.0000,0.0000,0.0000
1700000002.600000,-59.8,63.1348,60.4152,64.6607,61.9112,60.2080,61.5873,61.0328,59.0762,61.2209,60.4401,60.3075,60.9590,60.1415,62.2254,60.1082,62.3699,61.0737,60.9590,60.4401,62.6259,61.0737,66.4003,62.8013,66.0303,65.2150,65.2150,65.8027,67.6757,67.6757,68.8186,66.6108,67.0075,67.4759,65.2993,66.6033,65.1153,62.2896,62.2415,60.1415,58.7282,58.0517,54.5619,57.0088,52.8015,52.4309,48.5489,49.7393,47.0106,47.4236,44.7772,45.5412,42.2019,0.0000,0.0000,0.0000,0.0000,0.0000,0.0000,0.0000,0.0000,0.0000,0.0000,0.0000,0.0000
1700000002.650000,-65.9,58.2495,58.2580,57.3847,58.2580,55.9732,53.1507,53.7587,52.3450,53.8145,55.8659,56.0803,55.3173,54.8179,55.2178,54.4059,56.3028,56.3028,54.3783,54.5894,55.5698,56.6039,55.5698,57.8014,59.0339,60.8276,59.9416,60.4152,62.6498,59.0339,61.7414,59.0339,59.9333,60.8276,60.2080,60.9016,59.9083,57.6888,58.0086,55.2178,55.3173,54.8179,50.4480,53.8145,47.3814,45.9674,47.3814,47.5079,44.4072,45.2217,43.0465,42.5441,38.4708,0.0000,0.0000,0.0000,0.0000,0.0000,0.0000,0.0000,0.0000,0.0000,0.0000,0.0000,0.0000
1700000002.700000,-63.3,63.5059,62.6099,62.7694,61.7738,62.2656,62.4340,59.9083,59.9083,61.4003,60.6053,62.0081,61.7171,62.3699,60.2080,62.9682,63.7024,62.2896,63.7024,64.5368,62.3699,63.0317,62.8013,64.0312,66.4003,65.6049,65.0000,68.0074,67.8012,67.2012,70.2140,67.0075,68.7677,67.3573,67.2681,65.1920,67.1789,64.3817,63.1269,61.7171,61.0737,57.4891,58.2580,57.4282,53.2541,53.5350,50.7740,49.6488,48.7647,50.1597,46.8188,44.9222,43.9318,0.0000,0.0000,0.0000,0.0000,0.0000,0.0000,0.0000,0.0000,0.0000,0.0000,0.0000,0.0000
1700000002.750000,-64.1,62.0725,65.0308,59.0000,65.0000,59.0339,60.0333,60.2080,60.2993,59.3043,58.6941,61.6604,60.2080,60.4152,59.4811,61.1310,61.3514,62.6259,59.4643,63.3246,62.7694,63.3246,62.6498,60.5392,64.8460,65.2993,66.6408,66.1891,64.4127,67.6018,66.6483,69.3181,67.5426,68.0294,66.8506,65.5515,63.3246,63.3246,61.3514,60.0833,59.4811,56.7539,58.6941,54.5711,53.7587,52.7731,50.3587,50.3587,49.0408,47.0106,47.0000,46.0435,44.4072,0.0000,0.0000,0.0000,0.0000,0.0000,0.0000,0.0000,0.0000,0.0000,0.0000,0.0000,0.0000
1700000002.800000,-63.0,63.0635,63.6318,60.0333,63.6318,60.2080,61.0574,60.4649,60.2163,60.8030,58.8982,59.6657,60.1415,62.2254,61.5224,62.9365,60.1415,63.7024,59.4643,61.2209,61.0737,62.6259,63.4114,61.4003,62.6817,65.4599,65.2150,66.6108,65.2150,69.4046,65.2150,67.0075,66.7083,65.9469,66.6033,65.1153,62.9682,62.9365,62.2254,61.5549,62.3699,57.8014,58.6003,54.4059,53.2541,52.1536,49.7393,50.6063,48.7545,47.4236,47.9270,46.4866,46.3249,0.0000,0.0000,0.0000,0.0000,0.0000,0.0000,0.0000,0.0000,0.0000,0.0000,0.0000,0.0000
1700000002.850000,-63.1,68.0074,66.1287,65.9242,66.3099,65.7951,63.0714,63.9531,64.8845,65.3682,63.2851,64.8999,64.6375,67.2012,66.4003,66.2193,65.8559,67.2681,64.4438,65.0692,65.0692,65.7647,70.0071,67.8970,68.8840,70.9366,70.1783,72.3464,72.3464,73.0000,71.7008,70.8378,70.8378,72.1388,70.7107,70.7107,67.8970,67.9412,65.9469,66.0681,66.0681,62.8013,60.4649,59.0762,55.7584,55.2268,54.2033,54.5894,53.2259,51.8941,49.7695,49.6488,47.0744,0.0000,0.0000,0.0000,0.0000,0.0000,0.0000,0.0000,0.0000,0.0000,0.0000,0.0000,0.0000
1700000002.900000,-65.2,58.8727,59.4643,58.5235,61.0328,58.9406,57.7235,57.2713,57.8705,57.8705,58.5491,59.4138,57.2189,59.1354,58.0345,59.0085,60.0083,60.0750,59.0339,60.2080,60.4070,61.2944,61.5224,61.4003,62.6498,63.5059,62.8013,65.9242,65.6201,65.9242,63.7887,65.4905,66.9104,65.4905,64.4981,63.2851,62.0322,62.0081,61.0000,58.0000,59.0000,56.0803,55.0818,54.1479,51.3517,50.3587,48.5077,48.6621,46.8722,45.8803,45.2217,44.0114,42.0595,0.0000,0.0000,0.0000,0.0000,0.0000,0.0000,0.0000,0.0000,0.0000,0.0000,0.0000,0.0000
1700000002.950000,-59.7,61.5873,60.2080,61.9112,61.4003,60.4152,59.5399,60.8358,59.0339,57.7754,58.3095,59.8080,60.4070,59.4643,59.2030,58.9406,60.4152,60.0167,60.2080,59.5399,61.5224,61.8142,62.5140,62.5140,63.1981,64.3817,64.2806,65.1920,63.1981,65.2763,67.1863,65.3758,67.3647,66.6108,64.9384,63.9531,63.9531,62.5859,60.8769,59.2030,59.4811,57.5674,55.6597,56.3028,53.4883,51.0784,49.2443,49.6488,47.8853,45.7930,46.0435,45.4533,42.5206,0.0000,0.0000,0.0000,0.0000,0.0000,0.0000,0.0000,0.0000,0.0000,0.0000,0.0000,0.0000
1700000003.000000,-65.1,58.2409,55.7853,56.2939,59.8415,55.3263,56.4358,56.3205,53.2353,55.1453,53.0094,54.0093,56.0000,56.0803,52.6118,57.2189,56.4358,58.5491,56.4358,59.4390,56.8858,56.7186,56.8858,55.3173,59.4811,59.9083,60.8769,61.4003,62.8172,61.6847,61.1310,61.1310,62.3699,60.4152,61.1882,59.8415,59.8415,61.1882,59.5399,57.4282,56.1427,53.0000,54.0833,52.0000,48.0000,49.0918,47.0956,47.0425,44.4072,43.2897,42.5793,40.7922,39.5601,0.0000,0.0000,0.0000,0.0000,0.0000,0.0000,0.0000,0.0000,0.0000,0.0000,0.0000,0.0000
1700000003.050000,-57.0,61.5873,60.4649,62.2013,62.2013,60.6053,60.6053,60.4401,57.3847,59.4643,59.4138,61.5224,60.9590,61.7171,59.8164,59.2030,61.6117,59.9083,59.9083,63.2851,63.2851,62.9682,64.4981,62.7694,64.4127,64.4127,63.9531,67.0820,67.9779,66.6408,67.9779,66.2420,68.4763,67.2309,66.0379,64.8999,64.3506,64.3506,62.2013,60.6053,58.8982,58.8982,56.0803,57.3149,54.4885,52.3259,50.3289,49.5782,50.0000,47.4342,47.4342,45.6508,42.9535,0.0000,0.0000,0.0000,0.0000,0.0000,0.0000,0.0000,0.0000,0.0000,0.0000,0.0000,0.0000
1700000003.100000,-62.7,61.9112,58.5918,61.7171,59.5399,55.9017,57.6975,57.2713,57.0088,55.1543,57.5847,56.6127,57.2800,59.4811,57.9741,58.0517,59.6825,58.3095,59.8415,56.3205,61.4003,58.6941,58.1378,59.0762,60.0000,64.0312,61.0328,62.0081,64.0078,64.1950,67.0075,60.0333,64.1249,63.3877,62.2896,64.3817,63.9531,61.4003,60.0167,55.7315,58.4637,56.5155,55.5428,53.4509,53.4509,50.5964,48.7545,47.9270,46.6154,46.0652,45.1774,43.5660,41.2311,0.0000,0.0000,0.0000,0.0000,0.0000,0.0000,0.0000,0.0000,0.0000,0.0000,0.0000,0.0000
1700000003.150000,-60.8,61.7414,63.5059,61.2944,64.4127,62.2656,60.9016,59.3633,59.0762,59.9083,59.2030,62.0081,61.2209,61.7171,62.3699,63.0317,61.5224,63.0317,60.8769,60.9590,62.4820,61.8466,62.8013,61.8466,63.8201,66.4003,64.2028,67.4240,65.4599,67.1193,66.6108,67.0075,67.2012,67.8012,64.8151,63.7809,64.4438,63.6553,62.2415,62.2896,62.2896,58.1378,58.2580,55.4437,54.4059,53.0094,48.8262,50.7740,49.2443,47.8539,45.1885,45.5412,44.3847,0.0000,0.0000,0.0000,0.0000,0.0000,0.0000,0.0000,0.0000,0.0000,0.0000,0.0000,0.0000
1700000003.200000,-62.9,65.3682,64.4127,63.5295,63.5059,65.3070,61.8466,61.4654,61.3514,60.7454,61.9839,62.6418,62.0967,61.3922,63.3482,64.1327,63.7887,62.6498,62.2896,63.1981,63.1269,65.1920,67.0671,65.0692,67.0075,67.0075,67.0075,69.0000,69.0000,70.0000,71.0070,69.0290,69.0652,68.1175,70.1783,67.3647,67.2681,66.7533,64.9384,63.1506,61.1882,60.4152,58.9406,57.0088,55.0818,53.1413,51.2640,52.0000,52.3259,48.7545,49.2443,48.2597,44.2041,0.0000,0.0000,0.0000,0.0000,0.0000,0.0000,0.0000,0.0000,0.0000,0.0000,0.0000,0.0000
1700000003.250000,-61.1,64.3817,64.7765,64.9384,65.9242,62.1691,62.3699,64.0312,62.9365,61.9839,61.3514,63.5689,64.6220,62.2415,63.0714,63.9766,62.1772,64.0078,62.6498,65.5134,64.6607,63.2851,66.2873,64.3506,67.2012,68.8186,66.4003,70.2140,70.2140,69.6348,68.6003,68.8186,70.2140,69.6419,69.1158,68.0955,65.3682,66.6483,64.4127,63.0714,60.9262,60.5392,58.6941,57.5847,56.3028,55.6597,52.2015,51.6624,51.6624,50.4876,49.3660,47.0425,46.0109,0.0000,0.0000,0.0000,0.0000,0.0000,0.0000,0.0000,0.0000,0.0000,0.0000,0.0000,0.0000
1700000003.300000,-60.0,60.4152,58.6003,59.2368,60.9262,59.2368,58.5235,56.9210,58.5235,58.5235,57.7235,59.0339,59.8415,59.4138,58.5491,58.5491,58.2151,61.0328,59.0762,59.0085,59.0085,60.0000,62.0000,60.0000,62.2013,62.0322,62.1289,65.0692,64.0703,65.0692,66.0681,65.0077,65.0000,64.0078,64.0312,63.0714,62.0725,61.0737,61.2046,59.4138,57.7062,54.7449,56.8858,54.1295,50.6952,51.9230,47.1275,48.1041,47.1699,45.3100,45.6180,44.2945,41.8808,0.0000,0.0000,0.0000,0.0000,0.0000,0.0000,0.0000,0.0000,0.0000,0.0000,0.0000,0.0000
1700000003.350000,-61.2,59.5483,59.4138,56.5862,59.3970,55.9017,55.9017,56.0803,56.8507,55.4437,55.0000,55.8032,56.3028,57.4543,56.0803,56.0803,56.3560,58.5918,55.4617,58.1808,58.1808,57.7754,59.6154,57.0088,60.4070,58.8727,62.0322,61.6847,62.0322,63.3246,62.0322,62.2415,63.1585,63.5610,62.6099,61.2699,60.4152,59.5399,58.8303,55.7584,56.3028,53.8238,53.0094,52.0096,50.4480,48.2701,46.0109,45.9674,45.2769,43.9318,42.0119,42.7200,41.1825,0.0000,0.0000,0.0000,0.0000,0.0000,0.0000,0.0000,0.0000,0.0000,0.0000,0.0000,0.0000
1700000003.400000,-63.9,62.1691,61.8466,63.3246,63.9062,63.5689,58.5235,59.4811,59.9083,59.9083,60.4152,59.2284,59.8415,60.6712,60.5310,60.2993,62.2013,62.0725,60.0750,61.0000,62.0000,62.0000,64.0312,62.0000,64.0703,64.0312,64.0312,66.0681,66.0681,66.0681,67.0671,67.0000,67.0075,67.0000,66.0303,66.1211,66.1211,62.3939,62.6498,60.8276,58.8558,57.2713,57.4891,55.3173,54.4059,51.9230,50.5964,49.0408,51.0784,48.7545,46.1411,46.0435,42.6380,0.0000,0.0000,0.0000,0.0000,0.0000,0.0000,0.0000,0.0000,0.0000,0.0000,0.0000,0.0000
1700000003.450000,-61.5,60.4152,61.3922,61.8142,62.9682,60.2993,60.5310,59.1354,60.0750,58.0345,60.0000,61.0082,59.0085,60.0333,60.1332,60.2080,60.6712,61.0000,59.8415,62.3699,61.3922,61.3922,63.7887,60.4152,64.5601,63.0635,65.8027,66.4831,66.7608,68.0074,66.4078,66.7608,67.4463,67.6831,65.7343,65.3070,63.7887,64.4981,61.4003,60.2080,60.1332,58.0775,57.0088,56.0089,54.0000,52.0000,50.0400,50.1597,49.3660,46.5296,46.3249,44.9222,44.0114,0.0000,0.0000,0.0000,0.0000,0.0000,0.0000,0.0000,0.0000,0.0000,0.0000,0.0000,0.0000
1700000003.500000,-62.1,62.0725,62.0081,61.0000,64.0000,61.0328,61.0328,60.0750,60.2993,60.2993,59.8415,60.8276,60.4152,61.6117,61.4003,60.1664,62.9365,62.2977,61.3514,63.3246,62.3939,62.0322,62.3939,61.8466,63.0714,66.6408,65.3070,68.8767,66.6408,68.0294,66.2118,68.5420,66.3099,68.7095,67.0671,66.4078,63.8905,63.2456,62.6418,62.0967,60.8769,58.8558,57.8705,55.5788,54.3323,52.2398,50.0899,50.0100,50.0100,49.0408,47.0956,46.3897,43.9318,0.0000,0.0000,0.0000,0.0000,0.0000,0.0000,0.0000,0.0000,0.0000,0.0000,0.0000,0.0000
1700000003.550000,-60.5,60.7454,59.6154,59.0931,61.3270,59.0339,59.0339,57.8014,57.3062,57.6888,56.8595,59.6406,58.6003,58.4123,58.1378,58.0517,58.6941,59.3970,57.9828,60.1415,60.3075,59.5483,60.4401,60.3075,62.8013,62.6259,63.4114,65.2150,64.4050,65.2150,64.4050,64.8151,65.8027,64.6607,64.0312,63.8905,61.5549,60.8769,60.8112,57.9828,58.6941,55.9017,55.2268,53.9073,51.8556,51.2250,48.6004,48.5489,46.8722,46.1411,45.6180,44.3847,43.0116,0.0000,0.0000,0.0000,0.0000,0.0000,0.0000,0.0000,0.0000,0.0000,0.0000,0.0000,0.0000
1700000003.600000,-62.4,62.9365,63.8905,62.0967,65.2533,63.0635,61.3922,62.1691,61.0000,61.0000,61.4003,63.1981,62.0725,62.0322,63.0000,63.0000,62.0081,64.0312,61.0737,64.1950,65.1230,62.2896,65.2763,63.3877,66.0984,66.9104,66.0984,66.9104,66.9104,69.5845,67.6018,68.3593,69.3542,69.2604,67.1863,68.0661,66.0681,64.0078,65.0000,63.0079,62.0322,57.2189,61.4003,56.3205,53.6004,54.1295,52.1728,51.6624,50.2892,50.0000,48.7032,46.0977,44.7772,0.0000,0.0000,0.0000,0.0000,0.0000,0.0000,0.0000,0.0000,0.0000,0.0000,0.0000,0.0000
1700000003.650000,-61.9,61.9112,61.9112,63.9531,63.9531,61.7171,59.0339,58.6941,58.3095,58.8727,60.4070,60.4070,60.4401,61.4003,60.6383,60.6383,61.9839,61.9839,59.8415,62.5140,61.4003,63.5059,65.1920,63.3877,63.1269,65.1920,64.1249,66.0681,67.0671,66.0303,67.1863,66.1891,67.3647,66.4831,66.4831,64.9384,66.2873,63.5610,61.8466,60.4401,58.5235,57.5674,58.1893,56.6480,52.9245,52.9245,50.5371,50.5371,50.1199,49.3964,47.2017,45.4533,43.8634,0.0000,0.0000,0.0000,0.0000,0.0000,0.0000,0.0000,0.0000,0.0000,0.0000,0.0000,0.0000
1700000003.700000,-61.8,60.0083,61.7414,59.4811,62.1691,58.6686,58.6686,56.4358,58.5235,58.5235,55.8032,57.0088,57.4891,58.0517,58.7282,59.4643,58.0000,59.3970,56.5685,60.2080,59.4643,61.5549,60.2080,58.2580,62.4260,62.8013,62.2013,63.6003,63.2535,66.8431,62.4820,64.4438,65.2993,65.0692,65.0692,63.6396,60.1082,60.8112,60.1415,59.5483,60.2080,55.2178,57.6888,52.6973,51.0392,48.8774,47.8853,47.8853,45.6946,45.6946,44.5982,43.9659,42.2019,0.0000,0.0000,0.0000,0.0000,0.0000,0.0000,0.0000,0.0000,0.0000,0.0000,0.0000,0.0000
1700000003.750000,-64.1,61.3514,58.8727,60.8358,60.9262,60.4152,57.7754,59.0339,57.3062,57.3062,57.4543,58.8303,58.2495,58.6003,59.2030,58.4123,60.3075,58.8982,58.7963,60.1082,59.4138,58.6941,62.2254,60.8112,63.0317,63.0317,63.0317,64.3817,64.3817,65.1153,65.7951,62.9365,66.4680,65.0692,62.3699,63.0317,61.8466,63.8905,60.0000,60.0000,58.2495,55.7584,54.3783,54.2033,51.8845,49.6488,47.9270,49.2443,46.4866,46.4866,44.6430,44.7214,44.2832,0.0000,0.0000,0.0000,0.0000,0.0000,0.0000,0.0000,0.0000,0.0000,0.0000,0.0000,0.0000
1700000003.800000,-61.7,60.0000,60.0000,62.0322,63.0317,61.0328,59.2115,60.2993,59.5399,59.6825,60.0167,60.4152,59.9083,61.4003,59.1354,59.7746,59.8080,61.4654,60.5392,60.4152,62.2415,61.7414,63.5059,62.6099,64.4981,64.0078,64.0078,65.7647,66.2420,65.8635,67.1193,63.9531,67.9779,67.5426,66.7083,64.0781,63.6946,64.2573,60.7454,61.3514,57.5674,58.5235,58.2409,56.7539,53.3667,51.6236,50.4876,48.2597,47.1699,47.0425,47.0000,45.0444,43.2897,0.0000,0.0000,0.0000,0.0000,0.0000,0.0000,0.0000,0.0000,0.0000,0.0000,0.0000,0.0000
1700000003.850000,-61.8,63.5295,62.6099,62.2415,63.0714,61.8466,60.5392,59.2368,61.3514,59.7746,61.1310,60.6383,61.1882,61.1882,62.6498,61.0000,61.4003,62.3939,63.2851,61.0737,64.0703,64.0703,65.0692,64.0703,64.0078,66.0076,65.0077,67.0671,68.0074,67.0000,67.0075,66.0000,67.0000,67.0671,66.0681,66.2722,64.2806,64.1950,63.6396,60.5310,60.8276,58.4637,57.4891,56.5155,54.8179,52.4976,50.5964,49.9800,50.5668,47.4236,46.0652,46.6476,45.2217,0.0000,0.0000,0.0000,0.0000,0.0000,0.0000,0.0000,0.0000,0.0000,0.0000,0.0000,0.0000
1700000003.900000,-60.3,64.1950,64.0703,64.0312,64.0078,64.0078,61.0000,62.0725,61.2944,62.2013,63.3877,61.4003,62.8013,63.3482,62.3699,62.0967,62.9365,62.2977,63.2456,61.0983,63.3246,64.2573,63.1585,64.6220,66.6408,66.7083,65.3911,67.0820,68.8767,67.0820,68.8767,67.2309,70.2638,71.1758,67.7791,67.7791,67.0671,66.0984,64.8460,62.8172,60.6383,60.6383,59.4390,58.0517,56.7186,54.5894,50.4876,51.2445,50.0899,50.0100,48.0416,47.1699,45.5412,0.0000,0.0000,0.0000,0.0000,0.0000,0.0000,0.0000,0.0000,0.0000,0.0000,0.0000,0.0000
1700000003.950000,-65.1,60.4649,62.2013,59.8164,59.8164,59.0339,59.5483,58.0000,59.4138,60.1082,58.7282,59.5483,60.4401,59.2030,60.6053,60.6053,61.2944,62.1289,59.9083,60.5392,61.0574,60.9016,62.6498,60.9016,62.6099,65.2993,63.9766,67.9779,66.1891,67.0820,64.4127,64.8845,65.8635,65.8635,66.0379,65.7343,63.2456,63.2456,60.6053,60.4401,60.3075,57.3847,57.3847,55.8659,53.0377,51.7397,50.3289,50.0000,50.0000,46.6154,45.7930,45.1774,43.8634,0.0000,0.0000,0.0000,0.0000,0.0000,0.0000,0.0000,0.0000,0.0000,0.0000,0.0000,0.0000
1700000004.000000,-63.0,59.0339,57.5587,58.4209,58.5491,57.3149,56.1427,55.1453,56.0089,55.0000,55.0000,57.0088,55.0818,56.0803,56.4358,56.4358,55.7315,56.0892,56.0892,57.7235,57.0088,57.9741,58.5235,57.2800,60.0833,59.7746,60.4401,61.6847,61.6847,62.2977,62.6259,62.9365,62.9365,62.9365,62.3618,61.1310,60.4152,61.1882,58.8558,56.5685,55.5788,54.3323,53.2353,53.0848,50.0400,48.0416,48.0104,48.0416,46.0109,45.2769,43.7379,42.9535,40.1622,0.0000,0.0000,0.0000,0.0000,0.0000,0.0000,0.0000,0.0000,0.0000,0.0000,0.0000,0.0000
1700000004.050000,-62.7,63.8122,63.2851,62.2013,63.2456,61.6117,59.2030,60.4401,60.4401,60.9590,59.4138,60.1082,59.4643,60.2080,61.0737,61.7171,60.8030,61.0328,59.9083,61.5873,60.7454,60.7454,63.2851,61.9112,65.2993,65.8635,65.3682,68.0000,67.1193,68.4251,67.5352,65.8635,67.6018,67.9559,66.5733,66.5733,65.4599,63.8201,62.8013,62.8013,59.8164,57.3847,56.7274,55.9732,53.0377,50.9902,48.9183,50.4480,48.0104,48.0104,46.8722,46.1411,44.2832,0.0000,0.0000,0.0000,0.0000,0.0000,0.0000,0.0000,0.0000,0.0000,0.0000,0.0000,0.0000
1700000004.100000,-64.2,61.9839,59.6825,61.4003,60.4070,62.2896,58.1378,60.0750,58.0775,59.0085,60.0083,60.0750,59.4138,60.2993,59.6825,58.6941,62.3699,59.4390,61.3922,58.9406,60.8769,61.6117,62.0967,63.8905,63.3246,63.5689,61.6847,64.8460,68.0074,64.8460,68.0074,66.0984,67.7200,66.2193,65.9697,65.7343,65.7343,63.7887,61.1882,60.0167,58.5491,58.4209,55.3263,57.0789,53.0848,51.0000,50.0000,50.1597,48.2597,48.3735,47.5184,44.1475,42.7200,0.0000,0.0000,0.0000,0.0000,0.0000,0.0000,0.0000,0.0000,0.0000,0.0000,0.0000,0.0000
1700000004.150000,-60.6,65.2993,63.2535,63.7024,65.9469,62.9682,62.2254,61.5549,59.4138,63.2535,61.0737,62.2013,62.4260,63.8201,63.2851,63.2851,63.9531,63.9531,62.1691,64.8845,63.1585,64.8845,65.0000,64.0781,67.6757,67.6757,68.0074,70.5195,69.5701,69.8928,68.6222,69.2892,70.3847,68.7095,68.0294,68.9420,67.5426,65.3070,65.7647,63.5295,62.7694,62.2656,59.3633,59.3633,56.8595,54.2033,52.6308,50.9902,50.9902,50.2096,50.2494,47.5079,45.8039,0.0000,0.0000,0.0000,0.0000,0.0000,0.0000,0.0000,0.0000,0.0000,0.0000,0.0000,0.0000
1700000004.200000,-60.6,63.2456,63.2456,64.2573,64.2573,62.3939,60.5392,62.2415,62.1691,63.5059,60.4152,63.8122,62.4260,61.6117,63.0079,63.8201,62.4820,63.7809,61.7171,63.7024,63.0317,64.4438,65.0692,64.3506,65.9469,66.5282,66.5282,68.6222,67.9412,69.3542,70.0928,68.6222,69.3109,69.3109,69.3542,66.7083,66.6033,65.1920,64.6607,64.0312,61.6117,60.4649,59.9083,58.3095,55.0727,53.2353,51.4296,52.0000,51.0784,49.0408,49.6488,46.8402,45.8912,0.0000,0.0000,0.0000,0.0000,0.0000,0.0000,0.0000,0.0000,0.0000,0.0000,0.0000,0.0000
1700000004.250000,-61.5,59.9083,58.8303,59.5399,60.0333,61.2944,56.3560,56.3649,56.8595,58.3095,58.1893,57.8705,59.2030,58.6941,58.6941,57.4891,58.0517,57.8705,60.8276,59.3043,60.4070,60.2993,61.2944,60.1332,61.0328,64.0312,63.0317,64.0078,66.0681,65.0692,66.0681,64.1950,65.2763,64.1950,64.3817,64.7765,62.6498,60.8276,61.3922,58.4637,58.6941,56.3205,54.4059,55.0273,50.5964,49.7695,49.2443,48.3322,48.7647,46.1411,43.5660,45.0000,41.8688,0.0000,0.0000,0.0000,0.0000,0.0000,0.0000,0.0000,0.0000,0.0000,0.0000,0.0000,0.0000
1700000004.300000,-61.0,64.0703,64.0703,62.0000,64.0000,62.0000,63.0317,62.0725,61.2046,61.2944,59.8415,61.8142,61.6117,62.8172,62.0967,62.0967,61.6847,63.8905,61.3514,64.2573,64.2573,64.6220,65.0000,61.8466,66.1891,66.2118,67.5426,67.0820,67.5426,69.7782,68.0294,68.9420,69.4622,69.6419,66.8506,67.6757,65.7875,66.4078,62.9365,63.0635,62.0967,60.2080,59.8415,56.8858,55.7315,54.3323,51.1566,52.0384,50.0000,50.0100,48.0104,47.2652,46.6905,0.0000,0.0000,0.0000,0.0000,0.0000,0.0000,0.0000,0.0000,0.0000,0.0000,0.0000,0.0000
1700000004.350000,-61.4,65.8027,66.6108,65.0000,68.1175,65.2993,65.9469,64.3817,62.9365,64.3506,61.5549,63.7809,64.4050,64.4050,64.6375,66.0303,63.8122,65.5134,62.4340,65.8635,67.1193,66.2420,66.6483,64.4127,71.1758,70.7743,70.7743,71.1758,71.1758,73.9256,71.1758,72.0139,72.0139,73.3553,69.8355,70.3278,67.6018,68.9638,67.9559,63.8122,66.0303,62.8013,62.8013,58.6003,58.1378,55.9732,53.0377,53.7401,51.6624,50.2494,48.4149,48.2597,46.6476,0.0000,0.0000,0.0000,0.0000,0.0000,0.0000,0.0000,0.0000,0.0000,0.0000,0.0000,0.0000
1700000004.400000,-67.1,62.6498,59.9333,61.7171,60.8276,60.9016,57.7062,57.9828,59.3633,58.5235,58.6003,58.6003,59.8164,60.2080,59.4643,59.4643,59.4138,60.1415,59.4643,58.8982,61.7171,61.7171,61.8466,60.4401,62.2013,65.0000,65.0000,67.2012,66.6108,67.2012,66.6108,64.0312,68.2495,66.7083,65.9469,65.7951,65.0692,63.6396,61.5549,60.9590,58.7282,57.6281,55.4437,56.4004,51.4004,52.4309,49.3964,48.0208,48.7647,48.3011,47.0106,44.2719,41.4849,0.0000,0.0000,0.0000,0.0000,0.0000,0.0000,0.0000,0.0000,0.0000,0.0000,0.0000,0.0000
1700000004.450000,-58.3,71.0634,67.6831,70.4060,66.4906,69.8713,65.9242,66.3702,65.3758,66.1891,66.1891,66.0303,66.0303,68.0000,67.0298,64.0312,67.2681,65.3758,69.3542,65.9242,69.0507,66.0984,70.6116,70.2140,70.6116,72.5672,70.6116,72.7805,74.4648,73.0069,75.1864,73.5459,74.5252,74.3303,72.8354,70.8590,72.3395,72.1734,67.0671,66.0000,65.0077,65.0000,62.0000,64.0703,57.0789,57.0789,54.2310,55.7315,53.9351,52.8867,52.2015,49.7695,49.2443,0.0000,0.0000,0.0000,0.0000,0.0000,0.0000,0.0000,0.0000,0.0000,0.0000,0.0000,0.0000
1700000004.500000,-59.7,63.2456,62.6259,63.3246,64.6220,61.8466,60.5392,60.4152,62.1691,60.3738,60.9016,62.4340,61.8547,62.4260,62.2013,60.8030,63.2535,60.9590,61.7171,62.9682,64.3817,64.4438,64.3817,65.0692,65.8559,66.5282,65.7951,68.6222,68.6222,68.6222,68.6222,68.6222,68.5930,69.3542,67.2681,66.0681,67.4759,63.8905,63.4114,62.2013,62.6817,59.3633,57.9828,56.6039,55.0727,52.3259,51.4781,51.0784,49.9800,49.6488,47.1275,47.0744,44.2832,0.0000,0.0000,0.0000,0.0000,0.0000,0.0000,0.0000,0.0000,0.0000,0.0000,0.0000,0.0000
1700000004.550000,-62.5,62.0081,62.2013,62.6817,61.2944,60.4649,60.2080,59.5399,59.4811,59.0339,59.5063,60.5392,59.4643,60.4070,61.0328,60.4401,60.8769,60.6383,60.4152,60.0167,62.9682,60.8276,63.5059,61.5224,65.3758,65.1920,65.3758,65.1920,68.1836,67.1193,67.1193,67.3647,68.3593,67.4759,66.4831,64.7765,64.9384,62.9682,61.6117,61.1310,59.6657,59.2030,56.6127,55.6597,52.8110,51.6236,48.8467,49.6588,49.6488,47.8853,45.7930,47.4342,43.2782,0.0000,0.0000,0.0000,0.0000,0.0000,0.0000,0.0000,0.0000,0.0000,0.0000,0.0000,0.0000
1700000004.600000,-59.4,67.0075,68.0074,67.0298,67.0000,65.0692,66.1211,64.2806,64.1249,63.7887,61.8142,64.9384,65.7343,65.9697,65.2533,65.0000,65.4599,65.1920,63.5689,67.7791,65.0000,67.2309,67.6240,65.7951,67.9779,69.7782,71.1126,72.0139,70.2140,73.3485,69.7782,73.0069,71.3092,71.3092,68.3520,68.9493,68.6222,67.0522,66.2193,65.0000,65.5134,63.3482,61.1882,58.8558,57.7062,56.2228,53.0848,55.0000,54.0000,51.0392,51.1566,47.2652,47.0744,0.0000,0.0000,0.0000,0.0000,0.0000,0.0000,0.0000,0.0000,0.0000,0.0000,0.0000,0.0000
1700000004.650000,-63.2,59.4643,58.5235,59.4811,59.4811,59.6657,56.7539,56.0892,57.0701,56.8858,57.4282,57.3149,59.1354,58.0775,58.0345,57.0088,58.0086,59.0339,59.0339,59.1354,59.3043,59.2115,61.4003,61.2944,61.5224,62.5140,61.5224,65.6201,64.4981,62.6498,65.9242,62.3939,65.3758,64.2806,63.1269,64.0312,63.0079,62.0000,59.0339,58.1378,57.0789,56.1427,54.2310,55.7315,50.6360,50.0100,48.0521,48.7647,47.1275,45.5412,44.3847,42.4853,41.6773,0.0000,0.0000,0.0000,0.0000,0.0000,0.0000,0.0000,0.0000,0.0000,0.0000,0.0000,0.0000
1700000004.700000,-61.1,61.7171,62.6498,62.4340,60.9016,61.2944,59.3633,59.6406,59.2030,59.0339,59.5483,58.7963,58.6941,60.1082,59.4643,59.4643,60.4401,60.6053,59.8164,61.0328,61.8547,61.0328,62.4340,62.1289,64.8845,65.8635,64.4981,65.7647,64.8845,67.1193,65.3682,65.0000,66.8880,66.8880,65.4599,64.8999,64.6375,64.6375,62.0081,60.3075,59.5483,56.7274,57.3847,55.1725,54.4518,52.4023,50.3289,51.2250,49.2037,48.2597,47.4342,45.1774,43.8634,0.0000,0.0000,0.0000,0.0000,0.0000,0.0000,0.0000,0.0000,0.0000,0.0000,0.0000,0.0000
1700000004.750000,-64.8,64.1249,62.0725,64.0078,64.0000,63.0000,61.0328,61.2046,60.2993,60.4070,61.4003,61.5224,60.8276,61.3922,62.0967,61.1310,63.2456,61.6847,63.2456,62.7694,64.4748,64.4748,66.2118,64.8845,66.6483,68.4471,66.1891,68.0000,69.3542,68.0000,71.1196,66.6408,69.7782,70.6824,67.6240,67.2309,65.9242,66.1287,63.2456,62.6418,60.1664,61.1310,59.2030,58.2495,54.3415,54.1295,51.6236,51.2445,50.2494,50.0899,48.0000,47.0956,44.4072,0.0000,0.0000,0.0000,0.0000,0.0000,0.0000,0.0000,0.0000,0.0000,0.0000,0.0000,0.0000
1700000004.800000,-65.9,57.7754,60.0083,60.8358,60.8358,59.0339,58.1378,56.8243,56.6039,57.4543,56.3028,57.4282,56.4004,57.0088,57.4891,57.4891,58.0517,58.0000,55.8659,59.3970,60.1082,60.1082,60.1082,58.0000,61.8466,63.0317,63.1269,63.1269,63.7809,66.0681,64.5368,65.8559,65.7951,63.6396,62.2415,63.0317,60.9590,61.6198,60.6053,57.0088,56.4004,54.6443,56.3028,54.2033,51.1077,51.0000,46.9574,48.3322,45.6946,44.9444,43.9659,43.1741,42.5793,0.0000,0.0000,0.0000,0.0000,0.0000,0.0000,0.0000,0.0000,0.0000,0.0000,0.0000,0.0000
1700000004.850000,-64.0,61.7414,62.6498,61.4654,62.3939,61.6847,61.3514,58.5235,59.9083,58.4637,60.2080,61.1882,60.5310,59.3043,60.2993,63.1269,60.0750,63.0079,62.0081,62.0322,63.0714,62.0725,63.0714,64.1249,64.2806,64.2806,66.4831,65.7647,67.4759,67.3647,67.3647,67.3647,67.1863,67.1863,66.1891,66.0076,64.0312,64.0000,63.0317,60.1332,60.1332,58.4209,57.3149,55.4437,54.5894,53.7587,51.1957,50.4480,48.7647,48.7032,46.2385,46.5188,43.4166,0.0000,0.0000,0.0000,0.0000,0.0000,0.0000,0.0000,0.0000,0.0000,0.0000,0.0000,0.0000
1700000004.900000,-59.9,62.8172,61.1310,62.0967,63.2456,61.9839,60.0833,59.8080,58.6941,59.6154,59.9333,60.3738,61.7738,61.4003,61.0574,62.2656,60.4649,61.6117,60.0000,61.2209,63.2535,61.2209,63.1269,61.0737,63.7809,66.6033,65.8559,67.9412,67.2681,68.6222,65.8559,65.2993,68.1175,68.4105,67.2012,66.6108,65.4599,64.0703,63.2851,61.7738,62.2656,58.1378,58.1378,55.4617,52.0000,52.5547,49.9800,50.2892,51.6624,48.7647,46.0977,45.3982,44.0454,0.0000,0.0000,0.0000,0.0000,0.0000,0.0000,0.0000,0.0000,0.0000,0.0000,0.0000,0.0000
1700000004.950000,-63.3,61.2046,61.2046,62.0725,62.0725,61.0328,60.0083,59.0085,59.0339,59.0762,59.3043,59.5399,59.8415,59.0339,60.4152,60.6383,61.1310,60.4401,60.4401,60.7454,61.6847,62.2977,61.6847,61.6847,63.9766,64.4748,64.4748,66.3099,67.1193,66.2118,66.7083,65.5515,66.8506,66.8506,65.7875,64.1950,65.1460,61.9839,61.4003,61.1310,58.4637,58.0517,55.9017,55.5788,53.6004,52.3450,50.0899,50.0100,49.0000,49.0408,47.0425,45.2769,43.7379,0.0000,0.0000,0.0000,0.0000,0.0000,0.0000,0.0000,0.0000,0.0000,0.0000,0.0000,0.0000
1700000005.000000,-64.8,62.0081,59.8164,61.0737,59.5483,58.1378,57.3847,57.9828,57.9828,58.0517,58.7963,58.8982,59.6657,58.6003,58.6003,58.0086,61.0574,59.6825,58.3095,57.8014,60.4152,60.4152,60.4152,60.4152,62.6099,63.0635,62.6099,64.4050,64.8460,65.3070,64.8845,63.5295,65.8635,66.0379,62.4340,64.3506,62.6817,61.8547,59.2030,59.2030,57.4891,55.9732,54.4518,55.1543,50.9313,50.9902,48.9183,49.6790,48.6004,46.0435,46.1411,44.7772,41.6293,0.0000,0.0000,0.0000,0.0000,0.0000,0.0000,0.0000,0.0000,0.0000,0.0000,0.0000,0.0000
1700000005.050000,-61.0,66.2873,65.3070,65.9697,66.7083,64.2884,63.2456,62.2977,63.5689,62.3939,62.2415,62.6498,64.4127,64.4981,64.4981,64.1405,65.4599,65.4599,64.0703,64.8151,67.0075,65.6049,67.4759,64.6607,68.0147,68.6804,69.3542,69.3542,71.4493,71.5052,72.2496,71.5891,70.8378,70.4344,70.4344,69.4046,68.8186,69.0652,65.7343,64.3506,63.2851,64.0078,59.5399,59.4811,55.9464,55.0364,54.2310,53.1413,51.8652,51.9230,49.2443,47.5184,45.1774,0.0000,0.0000,0.0000,0.0000,0.0000,0.0000,0.0000,0.0000,0.0000,0.0000,0.0000,0.0000
1700000005.100000,-63.7,63.5295,62.1772,62.6498,63.0714,61.4654,59.0931,61.0983,60.0833,60.0833,59.4811,60.4401,61.3922,61.0000,60.0167,59.8415,63.5059,61.4003,61.4003,64.0703,63.1981,65.0692,65.0692,62.0725,66.0000,68.0000,65.0077,69.0000,67.0000,68.0000,69.0000,68.0661,69.0652,69.1809,67.2681,68.3593,66.6108,65.9242,63.9531,62.9682,61.3922,58.9406,59.2030,56.0446,53.7587,53.1413,51.6236,52.8015,50.0899,47.8853,46.3249,46.6154,44.6878,0.0000,0.0000,0.0000,0.0000,0.0000,0.0000,0.0000,0.0000,0.0000,0.0000,0.0000,0.0000
1700000005.150000,-63.6,63.2851,61.5873,64.6375,65.4599,62.2013,60.0000,61.0737,62.2896,62.2896,60.8112,60.1082,62.2896,61.7171,61.7171,61.2209,63.0079,60.4649,61.0328,62.4340,62.7694,63.2851,65.3682,63.6318,65.2993,65.7647,67.0820,67.9779,68.4251,67.5352,68.8840,68.0000,68.4763,68.9638,67.2309,66.0379,67.1193,65.4599,63.0079,62.2013,61.4003,59.6657,58.8982,55.9017,54.4885,53.0377,50.9313,50.9313,51.0882,49.2037,48.2597,47.0106,46.5188,0.0000,0.0000,0.0000,0.0000,0.0000,0.0000,0.0000,0.0000,0.0000,0.0000,0.0000,0.0000
1700000005.200000,-60.9,58.6003,59.2030,61.0737,59.6657,58.7963,57.3149,58.0000,58.0000,57.3149,54.6717,58.2580,58.6003,58.8218,58.0086,58.2495,58.6686,58.6686,57.8014,59.4811,59.0339,59.0339,61.3270,60.0083,61.8466,62.7694,61.3270,65.5515,64.8460,64.6220,63.5689,63.6946,64.0781,65.3911,63.9766,62.6099,62.1772,60.4152,59.6825,59.6825,57.1402,56.0357,55.2178,53.8238,50.8035,49.8197,48.9183,47.3814,48.0833,46.0109,44.6878,45.2217,42.7200,0.0000,0.0000,0.0000,0.0000,0.0000,0.0000,0.0000,0.0000,0.0000,0.0000,0.0000,0.0000
1700000005.250000,-64.2,65.3758,63.3877,65.3758,61.5224,65.7647,60.0167,62.1691,61.6117,62.8172,61.1310,60.4401,61.3514,61.0983,63.6946,61.4654,63.0714,61.2699,64.4050,60.8276,63.5295,64.4127,66.7308,65.3682,66.0379,67.2309,66.8880,66.3702,70.4911,67.2309,69.1158,67.6018,68.4763,68.4251,67.5426,67.1193,67.1193,64.8845,64.2573,63.9062,61.0328,59.9083,58.2409,58.9406,55.3173,54.7449,52.4690,50.2494,51.0882,50.0100,48.0000,48.0937,46.3897,0.0000,0.0000,0.0000,0.0000,0.0000,0.0000,0.0000,0.0000,0.0000,0.0000,0.0000,0.0000
1700000005.300000,-62.4,62.0000,61.0328,60.2080,63.1981,60.2993,60.2993,58.8558,58.8558,58.0517,58.6941,59.9083,59.2030,60.4070,60.4070,60.1664,60.1664,62.2415,60.4152,60.8276,61.2944,61.4003,62.2656,60.9016,62.9682,63.8122,64.1405,66.2873,66.5733,67.1193,65.0000,66.3702,66.3702,65.8635,64.8845,65.7647,62.1691,63.0714,60.9262,61.0983,60.5392,56.6480,56.6127,54.7083,52.8867,51.6624,50.2195,50.0100,48.5077,47.3814,46.0435,46.0000,43.0465,0.0000,0.0000,0.0000,0.0000,0.0000,0.0000,0.0000,0.0000,0.0000,0.0000,0.0000,0.0000
1700000005.350000,-62.2,63.8122,62.2656,60.8276,62.6498,63.5059,61.2699,61.7414,61.8466,61.4654,61.0328,59.7746,63.3246,62.8172,63.3482,62.1691,64.7765,63.7887,62.5140,64.3817,64.3817,64.3817,65.1920,64.0703,65.0000,68.0074,67.0075,69.0072,69.0290,69.0652,68.0000,69.0652,69.1809,69.1809,68.2642,69.5845,66.4831,65.6201,64.9384,62.9682,62.1691,59.9083,58.9406,57.8705,55.6597,53.1413,52.5547,52.3927,51.8941,50.1199,48.0208,47.7074,45.0000,0.0000,0.0000,0.0000,0.0000,0.0000,0.0000,0.0000,0.0000,0.0000,0.0000,0.0000,0.0000
1700000005.400000,-62.1,63.2456,63.5689,61.8466,62.6259,62.3939,58.6941,60.3738,60.8276,60.3738,59.1693,59.6825,60.4649,61.0328,64.2028,61.4003,61.7171,61.7171,58.7963,61.5224,60.1415,62.2415,63.6553,62.9365,63.7024,66.4831,64.4438,68.6804,68.6222,70.0928,65.7951,66.4680,67.8970,67.9412,67.2681,66.7083,64.4438,63.1269,62.2013,62.8013,63.2456,57.1402,60.2080,56.9386,54.2033,53.2353,51.8941,50.3289,49.7695,48.7032,46.8402,46.3249,43.4166,0.0000,0.0000,0.0000,0.0000,0.0000,0.0000,0.0000,0.0000,0.0000,0.0000,0.0000,0.0000
1700000005.450000,-61.7,64.0312,62.4820,63.6553,62.2896,62.2896,60.1082,60.1082,59.4138,60.2080,61.8466,62.4820,61.2209,61.6117,62.1289,60.4649,62.2656,60.9016,62.2656,64.4127,63.9531,64.0078,63.9766,63.0714,66.3099,66.7083,65.7951,66.3099,68.5420,67.7791,67.6240,69.8570,68.8767,70.2140,66.6483,66.2420,65.8635,66.8880,62.9682,62.6817,59.6406,60.0000,57.4891,56.7274,55.2268,53.7401,51.6236,50.9902,50.3289,48.4149,48.8262,46.1411,43.8292,0.0000,0.0000,0.0000,0.0000,0.0000,0.0000,0.0000,0.0000,0.0000,0.0000,0.0000,0.0000
1700000005.500000,-61.2,61.1310,62.0967,61.3922,61.3922,61.1882,60.2080,59.5399,58.4209,59.3043,57.0789,60.0750,60.0000,61.0000,60.0750,60.0333,61.1310,60.2993,60.2080,60.6712,60.8276,60.8276,61.9839,60.8276,62.5859,63.3482,65.9697,65.9697,66.2873,65.5134,66.2873,64.9384,65.9242,66.6108,65.7647,64.2806,64.2806,63.1269,60.0750,59.0085,60.0000,57.0789,57.0789,54.0833,54.3323,52.3450,50.6360,48.6621,47.0744,48.2701,45.5412,43.0813,44.7214,0.0000,0.0000,0.0000,0.0000,0.0000,0.0000,0.0000,0.0000,0.0000,0.0000,0.0000,0.0000
1700000005.550000,-65.9,61.9839,59.8415,62.5140,60.4070,62.2896,59.2115,59.1354,58.0086,58.0000,58.0345,60.0750,59.1354,58.4209,60.5310,58.5491,61.1882,60.4152,61.6117,59.2030,61.1310,62.0967,62.6418,62.6418,64.2573,64.2573,61.6847,66.1287,64.8460,65.7875,67.0671,65.1460,67.0522,66.0984,64.0312,65.0000,62.8172,62.5859,61.1882,60.6712,57.8705,57.4282,56.3205,56.2228,54.0833,52.0384,50.0000,48.0104,50.0400,47.3814,46.3897,46.0977,42.2019,0.0000,0.0000,0.0000,0.0000,0.0000,0.0000,0.0000,0.0000,0.0000,0.0000,0.0000,0.0000
1700000005.600000,-62.6,57.2713,55.9017,54.7449,57.7062,55.4437,55.4437,53.1507,54.1479,54.0370,54.0000,53.0000,54.0093,56.0357,56.1427,56.2228,54.3323,55.7315,53.4603,54.9181,56.2939,54.9181,58.6941,56.2939,57.9741,60.8769,59.2030,61.6847,61.1310,63.0635,61.1310,59.6657,60.4152,61.3922,60.0167,59.5399,59.5399,58.4209,57.3149,56.0803,56.1427,52.0000,53.0000,51.0000,48.0416,45.0444,46.1736,45.5412,45.8912,42.7551,41.4849,42.3792,40.7185,0.0000,0.0000,0.0000,0.0000,0.0000,0.0000,0.0000,0.0000,0.0000,0.0000,0.0000,0.0000
1700000005.650000,-57.8,64.1950,64.1950,63.6003,63.3246,64.0312,63.0635,61.3922,61.1882,61.8142,62.6498,61.2944,63.1981,64.0703,63.0000,64.0078,64.0078,64.0312,63.0317,63.1981,64.2806,65.1230,66.2722,64.2806,67.6018,67.7422,67.7422,67.7422,70.0357,69.7209,70.7107,67.4759,70.2567,70.2567,68.0661,69.0652,67.0000,66.0000,64.0000,64.0703,61.1310,61.2944,60.2993,58.3095,55.9017,52.9528,52.9528,51.6624,51.9230,49.3356,49.9800,47.4236,45.2769,0.0000,0.0000,0.0000,0.0000,0.0000,0.0000,0.0000,0.0000,0.0000,0.0000,0.0000,0.0000
1700000005.700000,-60.9,60.1332,59.0762,59.3043,59.2115,57.5587,57.4282,58.0517,58.2495,57.4891,56.7539,58.9406,58.8218,59.4643,58.3095,56.4624,58.6941,58.1808,58.6003,59.0593,59.0593,59.5399,59.1693,58.6686,61.5873,61.9112,63.8122,62.1289,64.3506,65.1920,65.1920,65.0000,65.0000,65.0000,63.0635,63.9531,61.7414,61.3270,59.6154,57.2451,56.6480,55.9732,53.7587,54.1202,51.9230,50.6952,47.8539,47.6760,46.2709,45.0999,44.0114,44.0114,43.1045,0.0000,0.0000,0.0000,0.0000,0.0000,0.0000,0.0000,0.0000,0.0000,0.0000,0.0000,0.0000
1700000005.750000,-62.6,67.4759,63.7809,65.7951,65.1153,66.4680,61.5224,63.7024,60.9590,61.0737,63.4114,64.0312,63.0079,64.6375,63.8122,63.2851,64.4127,63.9531,64.4127,63.0714,63.9766,65.3070,66.7083,65.3911,67.0671,67.6240,66.4831,68.0074,70.8378,69.2892,71.8679,69.0797,69.4622,68.9420,70.2638,68.8767,68.4763,68.0955,65.8635,63.8122,62.1289,59.9083,59.0762,59.2030,55.0000,54.0370,51.8556,51.6236,52.3259,50.3289,49.2037,47.4342,45.6508,0.0000,0.0000,0.0000,0.0000,0.0000,0.0000,0.0000,0.0000,0.0000,0.0000,0.0000,0.0000
1700000005.800000,-60.8,63.5138,61.8547,61.0328,61.4003,61.4003,58.8982,60.2080,58.7282,59.4643,60.1082,60.1082,61.7171,59.5483,60.0000,60.6053,62.2013,60.2163,60.4649,59.3633,62.2656,62.2656,63.6318,61.7738,63.9531,64.4127,63.9531,67.0820,68.0000,68.0000,67.5352,65.3682,67.2309,66.3702,65.1920,66.2873,64.8999,63.2456,62.2013,61.2209,59.0339,58.0517,58.0517,55.8659,54.4518,51.6624,50.2494,51.0882,49.2037,48.2597,47.1699,46.1411,43.8634,0.0000,0.0000,0.0000,0.0000,0.0000,0.0000,0.0000,0.0000,0.0000,0.0000,0.0000,0.0000
1700000005.850000,-62.9,63.9531,62.2415,61.8466,61.3270,61.0983,61.0983,61.0328,60.1664,60.6383,58.4637,61.1310,60.4152,61.8142,60.6712,61.2944,62.0725,62.1289,62.0725,61.0000,61.0328,63.0000,63.0714,62.0081,64.1249,64.0703,65.0692,67.1863,67.2681,67.2681,67.2681,67.0671,67.2681,66.1211,66.0681,64.0000,64.0312,64.0312,61.2944,62.2896,60.4070,58.3095,56.5685,56.8858,54.9181,51.9711,50.2195,50.6952,49.0408,48.7032,47.0106,45.6180,43.9090,0.0000,0.0000,0.0000,0.0000,0.0000,0.0000,0.0000,0.0000,0.0000,0.0000,0.0000,0.0000
1700000005.900000,-61.7,59.0085,59.0000,61.0082,59.0339,59.0762,57.0789,57.2189,58.5491,57.4282,56.8858,58.8558,57.7235,58.2409,58.2409,57.2800,58.5235,57.9396,57.0088,59.6154,60.9262,58.6003,60.8358,59.0339,61.7738,62.6099,61.2944,64.4981,65.7647,63.5295,65.3682,63.0635,64.8460,64.4748,64.4748,61.8466,64.0781,61.4654,59.4643,58.8218,55.3624,57.2800,53.6004,54.5711,50.0100,49.8197,48.6621,48.3735,48.2597,46.0435,45.0000,43.1045,41.4367,0.0000,0.0000,0.0000,0.0000,0.0000,0.0000,0.0000,0.0000,0.0000,0.0000,0.0000,0.0000
1700000005.950000,-60.6,55.4617,57.3847,57.0088,56.8595,56.4624,52.0000,55.0273,52.8867,52.6308,55.3624,54.5711,53.3667,55.7315,54.5894,52.3450,57.0789,55.0000,56.0089,56.0000,56.0089,58.0086,55.0364,56.0089,58.1378,58.0345,58.1378,58.2151,62.1289,61.2046,62.2013,61.0082,61.0328,62.0081,59.0000,59.0339,59.0762,56.0357,53.0848,54.2310,52.2398,52.3450,51.4781,52.6118,48.6621,50.6952,45.3542,46.1736,45.8803,43.0813,45.6946,41.6773,36.6197,0.0000,0.0000,0.0000,0.0000,0.0000,0.0000,0.0000,0.0000,0.0000,0.0000,0.0000,0.0000
1700000006.000000,-62.0,66.5733,66.0303,65.8027,67.2012,64.0312,65.4370,63.7024,64.3817,61.6198,61.5224,63.7024,64.6607,66.7083,62.8013,65.0000,63.8201,66.2873,63.2456,65.0000,65.5134,65.8635,67.6018,64.4127,67.5352,69.3181,70.2140,70.6824,70.6824,73.7902,70.6824,71.5891,72.8972,72.4707,70.3278,69.6419,68.7968,67.4166,67.6757,66.6108,65.6049,60.4401,61.0737,60.2080,56.6392,55.8659,53.7587,53.0377,52.4976,51.8556,50.0000,49.0918,47.0106,0.0000,0.0000,0.0000,0.0000,0.0000,0.0000,0.0000,0.0000,0.0000,0.0000,0.0000,0.0000
1700000006.050000,-61.0,66.4906,65.7343,67.0522,65.5210,65.4599,62.9365,63.3246,62.3939,63.6946,63.0714,63.5059,63.9531,64.4127,65.0000,62.4340,65.8027,62.2013,65.8027,63.2535,64.0312,66.0681,65.1920,65.9469,68.6222,68.1175,69.4262,70.7248,72.8629,69.3109,73.5527,68.0147,70.0928,70.2922,70.2922,69.8140,69.4046,67.4240,64.8999,64.3506,62.7694,62.4340,60.0333,61.2944,55.9017,55.4617,53.3104,52.9245,51.8652,50.9608,50.6952,47.6760,47.2652,0.0000,0.0000,0.0000,0.0000,0.0000,0.0000,0.0000,0.0000,0.0000,0.0000,0.0000,0.0000
1700000006.100000,-63.9,64.6607,63.4114,63.8201,63.0079,64.0703,62.1289,60.2080,61.7738,61.7738,61.7171,60.3738,61.4654,62.3939,62.0322,62.6259,62.9365,62.0967,62.3618,61.3922,63.7887,61.6117,65.5134,63.3482,66.0984,67.8970,65.9242,67.7422,69.5845,69.7209,69.8713,67.2681,70.2140,68.2495,66.7083,67.1863,66.4831,64.5601,63.5689,63.2456,60.4070,60.5392,58.3095,58.6941,55.0364,54.1202,51.8845,52.4786,49.6488,49.4065,47.2017,46.0109,45.9674,0.0000,0.0000,0.0000,0.0000,0.0000,0.0000,0.0000,0.0000,0.0000,0.0000,0.0000,0.0000
1700000006.150000,-62.5,64.9384,64.4981,64.3817,65.2763,63.3877,61.1310,61.0082,62.0000,64.0078,61.0737,63.0714,62.2896,62.2896,63.5059,63.9531,61.3922,62.5859,63.5610,62.0967,62.6418,64.5601,66.4078,61.0328,65.7875,67.6757,66.7308,71.1688,68.3520,70.8378,68.0074,67.0522,70.8378,70.2140,66.7608,67.1863,65.7343,65.3070,64.9384,63.7887,62.8013,60.2993,60.2993,57.3149,54.0833,54.0370,52.0000,53.0094,53.1507,50.2494,47.5184,47.0744,44.9222,0.0000,0.0000,0.0000,0.0000,0.0000,0.0000,0.0000,0.0000,0.0000,0.0000,0.0000,0.0000
1700000006.200000,-62.8,62.2896,60.1415,61.0737,61.0737,59.8164,57.0088,59.4054,57.4282,59.9083,59.3633,58.6686,59.9416,59.9333,59.0931,59.0931,60.7454,58.5235,59.4643,59.7746,59.7746,61.9839,62.0967,62.3618,62.8172,64.0312,65.5134,66.9403,65.3070,63.5610,68.6586,63.0635,66.4831,66.7608,64.1950,66.0984,64.2573,61.0983,60.9262,61.8466,59.6154,57.6975,54.5619,55.9464,51.9711,50.7740,51.6140,49.4065,49.2037,48.2701,45.2769,45.9674,42.6380,0.0000,0.0000,0.0000,0.0000,0.0000,0.0000,0.0000,0.0000,0.0000,0.0000,0.0000,0.0000
1700000006.250000,-63.5,64.7765,65.3070,66.4906,65.5134,66.9403,64.0312,62.6418,63.2456,64.1950,63.3246,64.0781,65.7951,64.4127,65.2993,65.7647,65.8635,64.6607,63.2851,63.8201,65.4599,66.2873,67.2012,65.0000,67.4759,69.0290,69.0290,70.4344,71.7008,70.9366,71.7008,70.0000,72.2011,70.8025,68.5055,69.6419,67.9559,69.1158,68.0955,64.4127,63.9531,61.7414,60.4152,60.4152,57.0088,57.5847,54.4059,55.0818,53.6004,53.1507,50.6360,48.1664,47.0000,0.0000,0.0000,0.0000,0.0000,0.0000,0.0000,0.0000,0.0000,0.0000,0.0000,0.0000,0.0000
1700000006.300000,-59.1,63.8122,62.2656,64.8845,62.2656,64.4127,60.8276,61.3270,60.5392,60.5392,62.2977,62.0322,62.3618,63.6003,62.8172,61.8466,63.9531,61.9839,64.7765,62.2896,64.2806,65.4905,66.1211,64.2806,66.0681,67.1863,67.0671,68.1175,70.0286,69.0652,70.1783,67.1863,69.1158,71.1758,67.2681,67.6018,67.8970,66.0984,62.3699,63.0635,61.3922,61.1310,58.5235,59.7746,56.9210,54.0833,52.9245,53.3104,50.5668,49.2443,48.3735,45.8039,45.3431,0.0000,0.0000,0.0000,0.0000,0.0000,0.0000,0.0000,0.0000,0.0000,0.0000,0.0000,0.0000
1700000006.350000,-60.9,64.4981,64.1405,63.8122,66.5733,64.8999,63.2456,63.2535,61.0737,62.4820,63.0317,62.2415,61.5224,63.6553,62.3699,62.3699,64.0312,65.6049,63.4114,63.0079,65.4599,65.7343,67.1193,65.1920,66.3702,69.9714,68.2642,68.9638,69.9714,73.0616,68.9638,69.9714,70.4911,69.8928,70.2140,70.0000,70.0000,66.4003,64.4438,63.0317,62.9682,59.4138,61.5224,59.4138,56.7274,53.1507,52.0096,53.0094,51.8652,49.9300,48.7647,45.6946,44.9444,0.0000,0.0000,0.0000,0.0000,0.0000,0.0000,0.0000,0.0000,0.0000,0.0000,0.0000,0.0000
1700000006.400000,-60.6,59.6657,60.6383,59.0339,61.0000,57.7062,59.6825,58.3095,57.1402,59.2115,57.0351,60.0333,59.0000,59.0000,57.1402,59.1354,59.3043,61.4003,57.5587,59.8415,60.0167,61.0000,60.4152,59.2284,62.8172,63.5610,63.5610,64.2884,63.7887,66.9403,63.7887,64.5368,66.4906,64.9384,63.1506,64.7765,62.5140,62.2013,61.0737,59.0339,59.0339,56.0000,56.0000,54.0000,53.0377,51.0882,48.2597,48.3735,47.8539,44.9110,45.3542,43.3244,43.0813,0.0000,0.0000,0.0000,0.0000,0.0000,0.0000,0.0000,0.0000,0.0000,0.0000,0.0000,0.0000
1700000006.450000,-63.7,61.4003,61.0574,61.0328,62.6817,59.2030,61.0328,60.4401,59.0339,58.1378,59.4138,59.4138,60.1415,60.2080,59.6657,60.4401,61.2209,61.6117,61.0328,61.8547,61.8547,62.6817,61.9112,61.2944,63.6318,64.4981,64.4981,65.3682,66.2420,67.1193,65.3682,66.0379,67.1193,66.2873,65.2150,65.2150,63.6003,62.8013,62.3699,60.2080,59.5483,58.0000,57.2800,55.1725,51.6624,51.7397,49.0408,48.6004,49.4065,45.7930,46.1411,45.6180,44.0114,0.0000,0.0000,0.0000,0.0000,0.0000,0.0000,0.0000,0.0000,0.0000,0.0000,0.0000,0.0000
1700000006.500000,-62.1,63.9531,59.8415,63.6396,61.5224,62.2896,58.3095,60.0750,60.0750,60.0000,59.0000,61.0328,60.2080,60.2993,59.4138,59.3043,60.6712,57.8705,60.0167,60.6383,61.6117,62.3699,62.0967,62.0967,62.9365,63.8905,62.9365,65.1460,67.0522,65.1460,67.0522,65.5210,66.9403,65.7343,65.1153,63.3482,64.9384,64.9384,62.6498,60.5310,58.2151,58.0775,56.0803,56.0089,52.0384,52.0384,49.0918,50.2494,49.3660,48.0521,47.8539,44.6430,43.0813,0.0000,0.0000,0.0000,0.0000,0.0000,0.0000,0.0000,0.0000,0.0000,0.0000,0.0000,0.0000
1700000006.550000,-60.6,61.8466,60.0083,59.9333,59.9333,59.9416,59.0593,56.0803,57.6888,57.9828,57.4282,58.2495,58.6003,59.6657,59.5483,60.2080,58.6941,60.1082,58.6941,60.8276,58.1378,60.2080,60.2080,60.3075,62.0081,62.4820,62.4820,64.8151,62.4820,65.4370,64.8151,64.5368,65.2993,64.4438,65.7951,62.9365,61.5549,61.5549,60.2080,60.3075,58.1378,55.2178,55.8032,53.0094,52.6973,50.7740,48.3735,48.3735,48.7545,45.6946,45.5412,43.9659,41.9762,0.0000,0.0000,0.0000,0.0000,0.0000,0.0000,0.0000,0.0000,0.0000,0.0000,0.0000,0.0000
1700000006.600000,-65.2,62.0967,61.8466,61.3922,61.3922,61.1882,57.8705,60.5310,59.2115,59.0762,59.0762,60.2080,60.0083,60.0000,59.0000,57.0351,63.1269,60.2993,61.2944,60.8276,61.8142,61.8142,62.9682,61.9839,65.3070,64.3273,64.5368,64.5368,68.6586,65.5134,67.2681,65.1153,67.0820,66.2873,64.6297,64.2806,65.2763,64.0703,62.0725,59.0000,57.0000,57.0000,56.0357,56.2228,52.1536,52.3450,50.3587,50.4876,47.8539,48.7647,46.4866,44.0114,42.9418,0.0000,0.0000,0.0000,0.0000,0.0000,0.0000,0.0000,0.0000,0.0000,0.0000,0.0000,0.0000
1700000006.650000,-62.3,60.4152,59.5399,61.9112,60.2080,60.2080,58.6686,58.0086,59.2030,57.0088,57.0088,58.8982,58.7963,57.3847,58.6941,58.0000,59.4138,60.2080,58.1378,58.6003,59.4054,60.6053,61.6117,61.4003,62.4260,61.8547,61.8547,63.5138,64.6375,65.2150,65.2150,64.4050,64.4050,65.8027,64.0312,61.8466,60.8769,61.5224,58.6941,57.3847,56.5862,56.2228,55.3173,55.4437,50.8035,50.8035,48.2597,48.8774,46.6476,46.0652,45.8803,46.1736,42.7200,0.0000,0.0000,0.0000,0.0000,0.0000,0.0000,0.0000,0.0000,0.0000,0.0000,0.0000,0.0000
1700000006.700000,-61.6,63.0079,66.0076,62.0725,65.0692,62.1289,61.2944,60.4070,60.8276,60.8276,60.0167,61.8466,62.0967,63.3246,63.2456,65.1460,62.6259,62.3939,61.0983,63.1585,63.0714,64.0781,65.3070,63.0714,66.2420,67.1193,67.1193,68.9638,68.4251,70.2353,65.2993,67.9779,69.7782,69.4622,68.5420,69.0797,64.2573,64.2573,64.1950,62.9365,62.6418,58.4637,59.4390,56.8858,54.9181,54.4518,50.2494,53.0848,51.0098,49.0102,49.0408,47.2652,44.9110,0.0000,0.0000,0.0000,0.0000,0.0000,0.0000,0.0000,0.0000,0.0000,0.0000,0.0000,0.0000
1700000006.750000,-62.4,62.4820,60.2080,60.8276,62.2415,60.8112,58.6941,59.4643,58.0517,58.2580,58.4123,60.0000,59.0762,60.7454,59.3633,58.8303,60.4152,60.8276,59.9416,60.3738,60.3738,60.8358,62.6498,62.6498,61.4654,62.6498,64.2573,65.5515,65.9242,66.4831,66.8506,65.7951,65.7951,65.7951,64.0078,66.2420,63.1348,62.2656,60.7454,60.4649,58.8218,58.0086,55.0000,54.8179,51.8556,51.6624,48.7955,50.2494,47.4236,47.6340,45.8039,44.9444,42.9418,0.0000,0.0000,0.0000,0.0000,0.0000,0.0000,0.0000,0.0000,0.0000,0.0000,0.0000,0.0000
1700000006.800000,-59.6,62.6418,63.8905,63.2456,63.9062,62.3939,62.3939,59.5063,61.7414,61.7171,60.9016,62.7694,62.4340,62.6817,60.8030,62.2013,61.8466,62.4820,61.0737,62.2896,63.7024,62.9365,64.3506,62.2415,64.3817,67.2086,65.1153,67.3573,67.2681,69.4262,68.6804,67.9412,68.6222,67.8970,67.1789,66.5282,65.7951,65.9469,64.0312,61.0737,62.0081,58.2495,58.8218,57.4282,55.7584,53.5350,51.4781,53.2353,50.5668,49.2443,47.7598,47.8017,44.9110,0.0000,0.0000,0.0000,0.0000,0.0000,0.0000,0.0000,0.0000,0.0000,0.0000,0.0000,0.0000
1700000006.850000,-62.0,58.6941,60.1415,59.4138,58.6941,55.9017,57.3847,56.7274,56.8507,56.2228,56.0357,58.5235,56.9386,57.8014,57.3062,57.3062,59.0339,58.1808,56.3649,59.6154,59.6154,60.9262,59.6154,58.8727,61.0328,62.2977,62.2977,64.1950,63.5689,63.9062,62.2977,64.2573,64.2573,64.4748,62.6498,62.6498,61.7414,62.1691,59.0593,57.3062,57.8014,55.4707,54.6443,53.8238,52.0096,50.4480,47.4236,47.4236,46.6690,45.3431,44.0454,42.8019,41.6773,0.0000,0.0000,0.0000,0.0000,0.0000,0.0000,0.0000,0.0000,0.0000,0.0000,0.0000,0.0000
1700000006.900000,-63.6,58.8727,59.8080,59.6154,60.0083,58.6941,58.1808,58.1808,57.2451,57.2451,56.9386,58.5235,57.6888,58.8218,58.8218,57.2014,58.2580,59.5483,57.4891,58.7282,58.7282,60.2080,61.5549,58.6941,62.2896,62.2415,60.8276,63.6553,64.4438,65.0692,63.6553,62.2415,63.6553,63.0317,63.1269,62.4820,61.8466,59.8164,58.8218,58.8218,57.6888,56.0803,55.5698,54.5894,51.4296,48.7545,47.5395,47.7598,46.8188,46.8402,43.1741,42.7551,41.3038,0.0000,0.0000,0.0000,0.0000,0.0000,0.0000,0.0000,0.0000,0.0000,0.0000,0.0000,0.0000
1700000006.950000,-63.4,66.7308,64.4127,66.1891,65.2993,65.7951,63.0714,64.0781,62.0322,62.9682,62.9365,64.1950,64.2884,65.9697,64.7611,63.3482,66.0984,62.8013,65.7647,64.4981,67.3647,65.6201,67.1863,66.2722,69.0290,69.1158,69.0652,68.1175,71.2531,71.0634,72.1110,68.2642,71.3442,71.3442,70.7107,69.7209,69.2315,68.4471,65.9697,66.2193,62.3618,63.2456,60.4070,61.3514,54.7814,55.5428,54.1295,53.2353,49.7393,50.7740,50.0000,48.4149,46.6905,0.0000,0.0000,0.0000,0.0000,0.0000,0.0000,0.0000,0.0000,0.0000,0.0000,0.0000,0.0000
1700000007.000000,-62.8,61.2699,61.7414,59.5063,61.3270,58.3095,58.3095,58.5235,58.1893,58.5235,57.9741,57.7235,58.2495,58.2495,58.8558,58.6941,59.3043,59.2115,61.2046,59.0339,61.0328,60.0750,62.0000,62.0000,62.0081,62.0081,63.0000,65.0308,64.0078,65.0308,65.0077,64.0000,65.0308,65.0692,65.0308,63.1981,63.1981,62.3939,60.5310,58.6941,56.8858,57.0701,55.3173,54.5711,51.6624,50.9608,49.9800,49.0408,47.5395,46.9574,46.0652,44.4185,42.8019,0.0000,0.0000,0.0000,0.0000,0.0000,0.0000,0.0000,0.0000,0.0000,0.0000,0.0000,0.0000
1700000007.050000,-59.6,61.4003,61.6117,62.6817,64.0703,59.9083,60.7454,58.3095,59.0593,58.1808,59.0931,59.0931,60.7454,60.7454,60.4070,60.4070,61.4003,59.4811,60.1664,60.8769,61.8466,61.8466,65.3070,60.4152,62.8013,64.9384,64.6297,66.0984,66.2873,66.2873,65.3070,65.7343,67.9117,66.4831,64.0312,65.4599,65.1460,63.2456,62.6259,60.0083,59.6154,56.7979,56.8243,54.5894,53.3385,51.8652,48.8262,50.6063,49.0408,48.4149,48.1041,45.9674,42.6380,0.0000,0.0000,0.0000,0.0000,0.0000,0.0000,0.0000,0.0000,0.0000,0.0000,0.0000,0.0000
1700000007.100000,-60.0,63.3482,63.3482,65.9697,65.0000,64.5601,61.6847,60.0833,60.4070,62.3939,61.4654,62.1691,62.6099,62.6498,61.7738,61.7738,62.9682,62.6817,61.5873,63.0079,64.4050,64.8151,64.0312,64.6607,66.6033,67.3573,66.6033,67.3573,69.4262,68.6804,70.1783,65.6049,69.8140,67.8012,67.8012,68.8186,66.0303,64.8999,64.3506,62.4340,62.6498,60.3738,59.0593,58.1378,53.7122,53.8516,51.6236,50.5964,51.5461,49.7293,48.0521,47.5184,45.0999,0.0000,0.0000,0.0000,0.0000,0.0000,0.0000,0.0000,0.0000,0.0000,0.0000,0.0000,0.0000
1700000007.150000,-61.5,63.5295,61.7738,61.7738,62.2656,61.5873,60.2080,59.9083,60.4649,60.6053,60.4401,61.0737,61.7171,60.9590,61.5549,60.8112,60.8769,60.2080,59.4643,60.4401,62.4820,62.3699,64.0312,62.0081,63.0079,66.4003,63.6003,66.8506,67.2012,69.6348,67.2012,66.4003,67.2012,65.9469,65.2993,66.5282,64.3817,62.9682,61.5224,62.2896,60.2080,58.8982,57.4891,55.8032,53.0094,52.4309,50.7740,48.7647,48.7647,48.3011,47.4236,45.8803,43.1741,0.0000,0.0000,0.0000,0.0000,0.0000,0.0000,0.0000,0.0000,0.0000,0.0000,0.0000,0.0000
1700000007.200000,-58.4,59.4643,59.4643,60.8276,60.1415,58.7963,58.7282,58.1378,56.8507,56.4004,56.8595,59.3633,57.4543,57.8014,57.3062,57.7062,58.6003,58.6941,57.7754,59.2368,59.2368,60.5392,59.8080,61.3514,61.6847,62.6418,62.2977,62.3618,63.3246,64.5601,64.8460,63.5689,65.7875,64.8460,62.7694,61.4654,62.6498,62.6498,58.6003,59.9416,57.7062,57.8014,55.2268,54.3783,49.6488,50.8035,48.2701,48.2701,47.4236,48.7955,45.2769,44.8219,43.0116,0.0000,0.0000,0.0000,0.0000,0.0000,0.0000,0.0000,0.0000,0.0000,0.0000,0.0000,0.0000
1700000007.250000,-62.4,61.2699,63.5610,60.1664,64.6220,60.4070,63.5689,59.7746,59.2030,60.1664,57.8705,60.0167,60.8276,60.5310,62.2013,63.2851,59.0762,61.0737,59.0339,64.0000,62.0000,62.0000,64.0312,60.0750,65.2763,65.2763,65.2763,66.2722,66.1211,69.1809,64.1249,70.0643,67.0671,67.0000,67.0000,66.0076,63.0079,65.0308,62.1289,62.1289,62.2013,56.7186,57.7062,54.9181,55.1090,51.4198,50.0000,49.7293,49.6488,45.8803,47.0106,45.1774,44.4185,0.0000,0.0000,0.0000,0.0000,0.0000,0.0000,0.0000,0.0000,0.0000,0.0000,0.0000,0.0000
1700000007.300000,-63.7,65.6049,63.2535,63.0317,63.7809,60.8276,60.8276,59.4138,58.7282,60.9590,59.8164,60.6053,60.2163,61.2944,61.8547,62.1289,62.2656,61.7738,60.8276,63.0635,62.1691,63.0714,63.9766,63.5610,65.5515,67.2309,65.5515,67.7791,68.7095,69.2892,68.7095,66.7083,67.5426,67.5426,67.1193,67.0820,67.1193,64.4127,63.2851,62.9682,60.7454,58.8218,58.0086,57.2014,54.8179,53.2635,50.9313,50.9117,49.5177,49.5782,47.8017,46.6154,43.9090,0.0000,0.0000,0.0000,0.0000,0.0000,0.0000,0.0000,0.0000,0.0000,0.0000,0.0000,0.0000
1700000007.350000,-61.6,61.6117,62.3699,62.1691,61.1882,61.8142,57.8705,58.4209,59.2115,60.0750,60.0750,61.0737,60.0000,60.0000,60.0750,60.0750,64.2806,60.2993,60.4070,60.8276,61.1882,61.1882,64.3273,62.1691,64.7611,65.3070,63.5610,65.9697,67.9117,65.9697,68.8840,66.2873,67.2681,67.8970,66.7533,64.6297,66.3702,61.1310,62.0725,62.0081,59.0085,60.0000,56.0089,57.0351,53.1507,51.1566,49.3660,50.8035,50.0100,48.2701,46.8402,45.8803,43.4626,0.0000,0.0000,0.0000,0.0000,0.0000,0.0000,0.0000,0.0000,0.0000,0.0000,0.0000,0.0000
1700000007.400000,-60.2,62.8013,60.6712,64.1950,61.2944,61.2944,60.1332,61.0328,59.0000,60.0083,60.0000,61.0328,61.2046,60.2993,60.4070,60.5310,61.1882,61.3922,61.1882,61.1310,62.3618,62.0967,62.6418,62.6418,63.5689,64.1950,64.5136,65.4599,67.0671,66.7308,67.0671,66.0984,67.0522,65.8027,65.7343,65.0000,66.2873,63.3482,61.8142,59.8415,58.5491,59.4138,57.2189,58.0775,53.0377,52.0000,50.0100,50.0400,50.0899,48.3735,46.8722,47.2969,45.2217,0.0000,0.0000,0.0000,0.0000,0.0000,0.0000,0.0000,0.0000,0.0000,0.0000,0.0000,0.0000
1700000007.450000,-65.1,61.0737,62.1289,61.4003,62.2896,59.4138,59.4138,58.6941,58.8558,59.4390,59.4390,59.9083,59.7746,60.0833,59.4643,61.0983,60.5392,60.0083,59.5063,59.9416,60.8276,61.7171,62.1772,61.7738,63.2851,66.7308,65.0000,66.3702,66.3702,66.8880,65.8635,65.8635,66.7308,67.0820,64.8845,64.8845,64.8845,63.3246,60.1664,60.7454,60.0833,57.2800,56.3205,56.5155,53.6004,50.9902,50.4876,50.3587,48.1664,46.0977,47.0425,45.0999,43.4166,0.0000,0.0000,0.0000,0.0000,0.0000,0.0000,0.0000,0.0000,0.0000,0.0000,0.0000,0.0000
1700000007.500000,-63.7,56.7274,57.0088,55.8032,59.2030,53.5350,57.6888,55.2268,57.3062,53.8516,51.9711,57.2451,59.6154,57.0088,54.0833,55.9732,55.3624,57.5674,52.6308,59.6657,58.4637,57.4891,57.7235,54.1295,58.8558,57.0701,60.8276,61.5224,59.6825,62.8013,59.5399,61.0000,63.6396,61.0000,60.0167,60.2080,58.4637,57.9741,56.3205,56.3028,55.3624,53.1413,53.3104,51.0784,51.0784,46.9574,46.9574,46.0652,47.1699,42.4382,43.6005,43.9318,42.4500,0.0000,0.0000,0.0000,0.0000,0.0000,0.0000,0.0000,0.0000,0.0000,0.0000,0.0000,0.0000
1700000007.550000,-63.6,61.4654,59.0931,63.0714,61.7414,61.2699,58.1378,59.5399,59.1693,58.8303,61.5873,59.0762,59.6406,59.8164,60.4401,57.4891,62.9682,60.1415,59.4138,58.7282,62.9682,62.2415,62.3699,63.7024,65.9469,63.7024,61.7171,65.2993,67.3573,65.9469,68.1175,64.4438,65.9469,67.2086,66.4680,64.3506,64.3817,62.3699,61.7171,59.0339,57.8014,57.4282,55.2178,58.2495,52.1536,52.8394,48.7647,49.6488,48.3011,47.1699,45.8803,45.6070,43.5660,0.0000,0.0000,0.0000,0.0000,0.0000,0.0000,0.0000,0.0000,0.0000,0.0000,0.0000,0.0000
1700000007.600000,-63.5,61.0737,59.8164,62.2013,60.2163,63.2456,58.2495,58.8303,58.6686,59.5399,59.9333,59.5063,59.6154,60.7454,59.4643,58.5235,62.3618,58.9406,60.1664,59.2284,61.1882,59.4390,61.9839,62.8013,63.2851,64.6297,61.6604,64.4981,67.3647,66.2722,67.2681,64.6297,66.7533,65.9242,65.3070,65.5134,64.3273,63.5610,61.8466,59.4811,59.2030,58.5235,56.6127,57.5847,52.0000,51.0784,49.6588,50.0899,48.3011,48.0208,44.4185,45.0000,44.5982,0.0000,0.0000,0.0000,0.0000,0.0000,0.0000,0.0000,0.0000,0.0000,0.0000,0.0000,0.0000
1700000007.650000,-60.6,61.5549,61.5224,60.8112,62.9682,61.7171,61.7171,59.8164,59.8164,60.0000,59.0762,60.4649,60.7454,62.2656,60.9016,62.1772,59.5063,61.7414,60.9262,62.3939,60.7454,64.2573,63.2456,60.7454,64.1950,65.7875,65.7875,67.0522,66.4078,69.2604,66.0984,68.0074,68.0074,66.4831,65.0000,65.0000,63.0714,63.5059,61.2944,61.7738,60.9016,57.4543,56.6039,54.0833,53.0094,52.0096,49.0408,48.9183,49.5782,46.6690,46.8615,44.8219,43.5660,0.0000,0.0000,0.0000,0.0000,0.0000,0.0000,0.0000,0.0000,0.0000,0.0000,0.0000,0.0000
1700000007.700000,-62.8,60.4070,61.0983,60.5392,63.5610,61.7414,60.0083,59.4811,59.5399,60.0333,58.3095,60.2080,60.7454,60.6053,61.2209,59.8164,60.3075,61.6198,59.4643,61.5224,62.2415,62.2254,62.3699,61.5224,64.4438,63.8905,65.1920,65.9469,65.1920,66.6033,65.9469,67.8970,67.1789,66.5282,66.4680,64.3817,63.7809,62.4820,60.4401,60.6053,60.0000,58.0086,57.4282,56.3028,54.7083,51.0000,48.7647,48.3011,48.7545,46.2385,45.8803,45.8803,43.7379,0.0000,0.0000,0.0000,0.0000,0.0000,0.0000,0.0000,0.0000,0.0000,0.0000,0.0000,0.0000
1700000007.750000,-64.1,59.8164,61.6198,60.9590,62.2415,60.8276,59.4138,58.7282,59.4643,59.4643,59.6657,59.2030,59.4054,60.4649,60.7454,61.5873,60.9016,60.4152,60.4152,60.8276,60.3738,60.3738,62.1691,61.7414,65.0000,66.3099,65.0000,66.8506,65.0000,66.4831,66.3099,66.6408,65.7951,66.1891,66.1891,65.3682,63.1348,63.1348,62.1289,59.9083,61.0328,57.8014,56.8507,56.0803,53.1507,51.6624,50.9117,48.8365,49.0408,47.6340,47.2017,45.7930,44.7214,0.0000,0.0000,0.0000,0.0000,0.0000,0.0000,0.0000,0.0000,0.0000,0.0000,0.0000,0.0000
1700000007.800000,-58.8,59.6154,57.6975,58.1378,59.0339,57.2451,54.5894,54.5894,56.0803,55.2268,55.2178,56.4004,56.4004,56.7274,55.9732,56.0803,57.2800,56.5685,56.5685,56.5862,55.9732,57.3149,58.7282,58.8982,59.2030,62.0081,59.2030,61.4003,61.2209,61.2209,63.2535,59.4643,62.3699,62.2415,61.5549,60.1082,60.8276,58.7282,58.0517,56.7274,54.8179,54.8179,53.6004,51.6140,48.2597,48.8774,45.1774,46.9574,44.7772,44.7772,42.7200,41.7612,40.7922,0.0000,0.0000,0.0000,0.0000,0.0000,0.0000,0.0000,0.0000,0.0000,0.0000,0.0000,0.0000
1700000007.850000,-63.5,55.4707,58.8218,60.2080,56.0803,57.1402,56.9386,56.9386,57.2451,57.2451,55.1543,60.0083,58.3095,56.3028,56.3028,58.5235,56.7539,57.7235,54.5711,58.8558,59.8415,58.8558,59.6825,58.8558,58.5491,61.5224,60.5310,63.5059,62.3939,64.4981,65.3758,62.8013,62.8013,61.1882,64.3273,61.8466,62.0967,61.1310,58.1893,58.5235,57.5847,55.1543,53.8516,52.8015,51.4296,52.3546,47.8853,48.0208,48.8262,44.0454,42.8019,43.9318,42.4264,0.0000,0.0000,0.0000,0.0000,0.0000,0.0000,0.0000,0.0000,0.0000,0.0000,0.0000,0.0000
1700000007.900000,-60.9,62.4820,59.5483,62.2415,59.4138,63.7024,56.5685,58.0000,58.7282,60.3075,59.8164,57.4282,60.4649,59.3633,60.0333,61.2944,62.6498,59.4811,63.0714,56.8595,61.8466,62.6498,61.4654,63.3246,62.0322,63.5689,63.3246,63.5689,66.7608,67.0522,68.9638,63.2456,67.0671,66.3099,65.3911,64.4748,65.7951,63.0714,62.1772,61.2944,57.3062,58.3095,55.2268,55.7584,51.3128,51.6140,49.2037,48.9183,49.5782,48.7955,48.1041,47.6340,44.1022,0.0000,0.0000,0.0000,0.0000,0.0000,0.0000,0.0000,0.0000,0.0000,0.0000,0.0000,0.0000
1700000007.950000,-64.9,59.2030,58.0086,59.0762,59.6406,56.9386,54.9181,57.2451,56.7979,58.1808,54.7814,57.7754,57.0088,56.9210,54.7083,55.9732,55.7853,57.2800,56.2939,57.2713,62.1691,56.8858,58.5491,56.5685,60.4070,61.8142,59.6825,63.5059,62.2013,61.5224,62.5140,60.5310,63.7887,63.7887,62.8013,64.0312,61.1310,61.1882,59.4811,56.6127,56.0803,55.3624,54.7083,51.4781,50.1597,48.7545,46.9574,46.1411,45.7930,44.4072,42.8019,41.1096,41.7253,0.0000,0.0000,0.0000,0.0000,0.0000,0.0000,0.0000,0.0000,0.0000,0.0000,0.0000,0.0000
1700000008.000000,-58.9,63.0317,62.2415,60.8112,62.2254,58.7282,58.7282,58.8982,58.4123,60.2163,57.4282,59.9083,58.3095,60.9016,61.2944,60.8276,60.4152,60.8358,60.0083,61.4654,60.7454,61.0983,64.2573,59.4643,62.3618,63.2456,64.8460,66.4831,66.4831,67.4463,65.8027,64.1950,67.0522,65.7875,66.1287,64.2573,63.6946,62.2415,61.2699,60.8276,59.4811,58.3095,55.9464,54.7083,51.3128,50.4777,49.4065,50.0000,48.9183,47.4236,45.9674,44.5982,43.4166,0.0000,0.0000,0.0000,0.0000,0.0000,0.0000,0.0000,0.0000,0.0000,0.0000,0.0000,0.0000
1700000008.050000,-61.6,66.2722,65.1920,65.0692,67.0298,66.0681,65.0000,64.0000,63.0714,64.0703,63.3877,66.3702,64.7765,64.1327,64.3273,64.5368,65.9697,64.8460,65.5210,66.1287,65.4599,66.4831,66.8506,66.1287,67.2309,69.4622,70.2638,69.7782,70.6824,72.6154,69.8570,72.2357,71.3092,71.3092,69.6419,70.8378,67.3573,69.6419,66.4831,62.8172,63.7887,61.3922,62.1691,60.8276,59.8415,57.3149,54.0833,55.0818,53.0000,50.0400,50.0899,47.3814,48.0521,0.0000,0.0000,0.0000,0.0000,0.0000,0.0000,0.0000,0.0000,0.0000,0.0000,0.0000,0.0000
1700000008.100000,-65.7,61.7171,63.2535,63.2535,65.6049,62.2013,62.2013,61.2944,60.7454,60.9016,61.7738,61.7738,62.1691,61.8466,62.2415,63.0714,62.3939,62.6259,60.7454,63.6003,65.1460,64.1950,63.6003,62.6418,66.9403,66.9403,66.9403,67.4463,67.4463,69.1231,66.4831,70.2140,70.2140,68.9493,67.0671,65.5515,64.6220,65.9242,63.9766,61.2699,60.8276,59.5399,58.3095,55.7584,55.7584,52.2015,51.8556,51.8556,49.5782,48.7955,46.6905,46.0977,44.6542,0.0000,0.0000,0.0000,0.0000,0.0000,0.0000,0.0000,0.0000,0.0000,0.0000,0.0000,0.0000
1700000008.150000,-61.0,56.3649,59.0339,56.3560,57.2451,56.4358,54.5894,56.0803,54.9181,56.0357,54.4059,56.4004,56.0803,54.5619,55.9017,57.2800,55.2268,55.9732,55.3173,58.2580,56.8507,56.0803,59.2030,56.2228,59.9083,61.6117,58.2495,62.6817,61.5873,64.0703,59.3633,62.2013,62.8013,62.8013,61.2209,60.3075,59.6657,59.5483,58.6941,55.8659,55.8659,52.3450,52.3450,53.2635,49.0408,47.2017,47.4342,46.6154,44.9444,43.4166,42.4853,41.2311,39.8497,0.0000,0.0000,0.0000,0.0000,0.0000,0.0000,0.0000,0.0000,0.0000,0.0000,0.0000,0.0000
1700000008.200000,-64.1,62.2415,62.2415,61.4654,62.3939,62.0322,60.4070,59.9083,59.9083,59.6657,59.4390,61.1882,61.5224,61.5224,61.2944,61.2046,62.0725,62.0081,61.0328,63.0317,61.0082,62.0322,63.0317,62.0725,65.2763,65.1230,65.1920,65.3758,67.2681,67.2681,65.1920,67.1193,68.1836,68.1175,67.0671,67.0000,65.0000,65.0308,64.0703,63.1269,61.2046,59.4138,57.5587,56.7186,51.9711,54.7449,51.4198,50.9608,50.2892,49.0408,47.9270,47.0106,45.2769,0.0000,0.0000,0.0000,0.0000,0.0000,0.0000,0.0000,0.0000,0.0000,0.0000,0.0000,0.0000
1700000008.250000,-59.9,63.6003,63.2535,64.4438,65.1920,63.0317,58.7282,61.5224,59.4138,60.1415,61.7171,61.0737,62.8013,63.0079,63.0079,61.8547,62.7694,63.2851,62.4340,61.7738,64.0078,64.8845,63.9531,62.6498,63.9766,67.0820,64.4050,67.9779,68.8767,68.8767,69.3181,68.0000,68.4763,68.9638,66.8880,66.5733,66.2873,65.4599,62.8013,63.4114,63.2535,60.9590,58.7963,58.0000,54.4518,53.8145,51.0882,51.6140,50.0000,48.2597,46.6476,47.8539,44.5982,0.0000,0.0000,0.0000,0.0000,0.0000,0.0000,0.0000,0.0000,0.0000,0.0000,0.0000,0.0000
1700000008.300000,-58.5,66.4831,62.3939,68.1836,64.2806,69.1809,61.0737,64.0000,62.0000,61.0328,65.0692,62.2013,63.3877,65.3758,62.6498,61.8142,66.9403,63.0635,63.7887,63.6003,67.0522,66.7608,67.3573,67.0522,67.4166,69.6419,66.1287,69.2892,73.1642,68.7095,70.5762,68.0074,71.7844,71.8401,69.9214,67.1863,70.3420,67.1863,64.1327,63.9531,61.6604,62.6498,57.5587,61.2046,55.0818,56.0357,54.0000,53.0094,52.0865,53.3385,50.4876,47.0744,44.9222,0.0000,0.0000,0.0000,0.0000,0.0000,0.0000,0.0000,0.0000,0.0000,0.0000,0.0000,0.0000
1700000008.350000,-60.5,61.0000,62.0322,61.0737,61.0737,60.1332,59.2115,57.4282,57.5587,57.5587,58.0517,59.4390,59.6657,59.2030,58.8218,58.8218,59.8080,60.1664,57.9396,61.3270,61.7414,60.9262,59.0339,60.4152,62.6498,63.9531,64.8460,64.8845,63.0635,66.2420,63.9531,66.6483,66.6408,65.7419,64.4748,63.3246,61.4654,61.3514,60.4070,58.5235,58.5235,56.7539,55.5428,54.1295,52.9528,50.6360,48.2597,47.2652,48.0937,47.0425,46.0109,44.1022,42.4264,0.0000,0.0000,0.0000,0.0000,0.0000,0.0000,0.0000,0.0000,0.0000,0.0000,0.0000,0.0000
1700000008.400000,-62.1,62.7694,59.9333,65.2993,61.7414,63.5295,60.8276,61.7738,59.1693,63.8122,63.2456,60.4649,62.2013,62.4820,61.7171,60.2080,65.0692,60.8112,62.2254,60.8769,63.7809,63.7024,64.0312,65.9469,65.6049,66.2193,66.4003,66.4003,70.6045,67.2012,69.8140,69.0290,69.5270,69.5270,67.9412,66.4831,69.2965,66.4680,62.9682,62.3699,58.8982,61.0737,58.4123,58.6003,53.6004,52.6973,50.2494,52.4786,49.2443,49.6588,48.4665,46.8188,44.1475,0.0000,0.0000,0.0000,0.0000,0.0000,0.0000,0.0000,0.0000,0.0000,0.0000,0.0000,0.0000
1700000008.450000,-62.9,60.8276,62.8013,60.4070,63.2851,60.2080,60.2080,60.0750,57.0088,60.0083,58.0086,60.0750,59.2115,60.2993,58.5491,60.6712,59.2284,60.4152,59.2284,63.0635,62.0967,61.1310,60.7289,61.4003,64.1950,64.5136,63.5689,65.1920,65.1920,67.0671,65.1920,67.3573,67.6757,67.0522,66.2193,64.0312,61.8466,62.5859,62.1691,58.8558,58.6941,57.4282,57.4282,55.3263,52.1536,54.0370,50.0100,49.0408,49.0918,46.2709,47.3814,43.9318,43.0116,0.0000,0.0000,0.0000,0.0000,0.0000,0.0000,0.0000,0.0000,0.0000,0.0000,0.0000,0.0000
1700000008.500000,-63.4,59.9416,59.4811,60.9016,58.6686,59.6825,56.8595,58.8218,56.0357,56.4004,59.0339,58.2580,60.2080,58.6941,60.1082,57.9828,60.2080,57.4891,59.5483,57.6281,58.4123,59.8164,60.8030,61.4003,61.8547,64.6375,61.2944,64.6375,66.2873,62.9682,67.1193,63.8201,65.8027,64.8151,63.2535,63.1269,63.1269,60.2080,60.1082,57.2800,57.3149,58.0000,55.2268,56.0803,50.4480,50.0000,48.2597,49.0918,47.5079,48.3735,46.9574,45.3100,40.8044,0.0000,0.0000,0.0000,0.0000,0.0000,0.0000,0.0000,0.0000,0.0000,0.0000,0.0000,0.0000
1700000008.550000,-65.5,62.0967,60.1664,61.6117,61.1882,61.1882,61.1882,58.3095,57.3149,59.2115,58.0775,59.0762,60.0000,60.0750,60.0333,60.0750,61.2944,60.4070,60.5310,60.2080,60.4152,61.3922,62.3699,61.3922,62.0967,63.6003,63.3246,65.1460,66.0984,66.7608,68.0074,63.6003,65.2533,67.9117,64.0312,65.5134,65.3070,63.1506,60.8276,60.6712,58.5491,58.3095,55.1453,57.0789,53.0094,50.0000,50.0000,49.0408,48.0937,47.2652,43.5660,44.9110,43.9659,0.0000,0.0000,0.0000,0.0000,0.0000,0.0000,0.0000,0.0000,0.0000,0.0000,0.0000,0.0000
1700000008.600000,-58.8,63.0317,60.9590,61.5224,61.5224,60.8276,59.4643,58.0517,59.8164,59.0339,59.6406,59.6406,59.9083,59.6825,61.7738,61.7738,61.7171,60.3738,59.9333,60.9262,62.2415,62.2415,63.3246,60.5392,63.5689,64.8460,63.5689,66.4078,68.0074,67.6757,65.7875,65.1920,66.1287,67.6240,66.3099,65.7419,63.5059,63.5059,61.7738,62.2656,59.1693,57.4282,56.8595,53.8238,52.8015,51.8556,50.3289,50.2494,48.0833,48.1041,45.3431,47.2017,43.5660,0.0000,0.0000,0.0000,0.0000,0.0000,0.0000,0.0000,0.0000,0.0000,0.0000,0.0000,0.0000
1700000008.650000,-60.3,64.1405,60.7454,61.2944,59.9083,63.0079,59.2030,60.6053,60.9590,59.8164,60.8769,60.1082,61.5549,60.9590,60.2080,60.3075,63.4114,61.4003,60.8030,59.9083,61.8547,61.6117,63.2456,64.3506,65.3682,65.3682,65.0000,66.3702,66.7308,66.3702,66.3702,65.1920,67.9559,66.6108,65.2150,67.2012,65.6049,64.4050,62.4820,60.9590,60.2080,58.0000,56.5685,56.5862,51.6236,51.8556,51.2250,49.2037,48.8262,49.0918,46.6476,45.1774,43.0813,0.0000,0.0000,0.0000,0.0000,0.0000,0.0000,0.0000,0.0000,0.0000,0.0000,0.0000,0.0000
1700000008.700000,-59.7,65.2993,62.8013,66.8506,65.0000,64.3506,61.8547,64.1405,63.5295,64.0078,64.4127,64.4127,64.4748,65.3911,64.2573,62.3939,65.1460,63.8905,63.0635,64.2884,65.9697,65.7343,66.7083,65.9697,67.2681,68.4471,67.2681,71.1969,70.2140,70.0357,70.4060,70.6116,70.8308,70.3420,69.1231,70.2140,69.2604,66.7308,63.6946,63.6946,62.7694,61.3270,59.5063,60.3738,55.9464,54.2033,53.0000,51.8652,51.6140,51.2250,50.2494,47.3814,44.0454,0.0000,0.0000,0.0000,0.0000,0.0000,0.0000,0.0000,0.0000,0.0000,0.0000,0.0000,0.0000
1700000008.750000,-64.1,67.8970,64.7765,64.2806,65.2763,64.1950,61.2046,62.0000,61.0000,63.0079,60.1332,62.1289,61.4003,62.5140,63.7887,60.8276,63.5610,61.6117,62.0967,62.6418,64.5136,63.2456,66.1287,63.2456,66.4831,67.0671,67.0671,67.6240,69.8570,69.4622,70.9366,66.8506,67.7791,68.0074,68.0074,67.6757,67.0522,65.9697,62.8172,63.5610,61.3922,60.8276,59.0339,58.8558,54.3323,53.3385,50.2494,51.0882,51.0000,50.0000,48.2597,47.3814,44.7214,0.0000,0.0000,0.0000,0.0000,0.0000,0.0000,0.0000,0.0000,0.0000,0.0000,0.0000,0.0000
1700000008.800000,-63.9,59.2030,59.9083,58.6941,61.6117,59.0339,58.8558,56.7186,56.5685,59.4138,57.0351,58.0775,59.0000,59.0000,59.0339,60.0083,58.1378,60.1332,58.2151,60.4070,61.4003,61.2944,61.5224,60.0167,62.3699,63.3482,63.3482,65.1153,64.9384,66.2873,64.7765,64.7765,65.6201,66.3702,65.2763,64.1249,62.2013,62.1289,60.0083,59.0085,60.0333,56.0803,55.1453,53.0848,52.2398,50.6360,47.6760,48.2701,47.2969,46.8402,44.2719,44.3847,42.4853,0.0000,0.0000,0.0000,0.0000,0.0000,0.0000,0.0000,0.0000,0.0000,0.0000,0.0000,0.0000
1700000008.850000,-60.3,60.3075,59.6657,60.9590,58.7282,59.4643,58.0000,57.9828,57.3149,55.9017,56.7274,57.8014,58.8218,59.6406,57.4282,57.6888,60.2080,60.0333,58.3095,59.9416,59.4811,61.2944,61.2699,60.8276,61.8466,63.0714,62.2415,63.9766,64.8845,63.9766,64.8845,63.0714,64.4127,65.7647,64.4981,62.2656,62.4340,63.2851,59.3633,58.0086,57.2014,55.8032,54.6717,52.4976,50.9313,49.5177,46.6905,47.5079,47.6340,45.8039,45.4863,42.5441,42.0476,0.0000,0.0000,0.0000,0.0000,0.0000,0.0000,0.0000,0.0000,0.0000,0.0000,0.0000,0.0000
1700000008.900000,-61.2,62.1691,60.2080,61.6604,62.6498,60.5310,60.5310,58.1378,59.1354,59.0085,60.0000,59.0000,60.0083,61.0737,61.2944,60.2080,60.6712,60.8276,60.8276,59.4390,60.4152,61.3922,62.8172,61.3922,64.0312,65.0000,64.0312,66.7608,66.7608,66.2193,68.1542,65.7343,67.6831,65.3070,64.1327,64.9384,64.6297,62.3939,62.1289,60.0750,58.1378,58.0000,55.0000,57.0088,52.0384,50.1597,50.2494,48.3735,48.3735,47.2969,44.9222,44.9444,42.0476,0.0000,0.0000,0.0000,0.0000,0.0000,0.0000,0.0000,0.0000,0.0000,0.0000,0.0000,0.0000
1700000008.950000,-59.8,58.6686,61.4003,58.5235,61.2944,57.6888,59.6406,57.0088,58.2580,56.8507,58.0000,57.2800,58.6941,57.3847,58.1378,58.1378,58.6003,60.6053,57.8014,60.4649,60.2080,59.9083,60.7454,58.8303,60.9016,64.4981,62.7694,63.9531,63.0635,66.2420,63.0635,65.0000,64.4981,65.0000,64.3506,62.6817,60.4649,62.4260,59.8164,58.4123,58.4123,55.3173,55.9017,51.6624,51.6624,50.2096,48.9183,48.9183,45.6070,45.0000,46.0435,43.9090,42.9535,0.0000,0.0000,0.0000,0.0000,0.0000,0.0000,0.0000,0.0000,0.0000,0.0000,0.0000,0.0000
1700000009.000000,-63.7,62.3618,64.1950,59.4643,62.2977,59.6154,60.1664,58.6941,57.7754,58.1378,59.9416,59.0593,60.9016,59.3633,59.3633,60.4649,59.4054,60.4401,58.4123,61.0737,60.3075,61.0737,62.3699,60.3075,62.2415,64.3817,63.6396,66.4680,63.7024,68.6222,64.3817,66.6033,65.1153,66.7083,65.4370,63.4114,63.8201,61.8547,61.0574,59.1693,59.1693,56.8243,57.2451,54.1295,51.4781,48.3322,49.0408,48.3839,48.7647,48.5077,46.8722,45.2769,42.0476,0.0000,0.0000,0.0000,0.0000,0.0000,0.0000,0.0000,0.0000,0.0000,0.0000,0.0000,0.0000
1700000009.050000,-61.0,62.7694,63.3246,62.2977,62.0322,62.2977,61.3514,59.2030,58.9406,60.6383,58.9406,61.3922,61.9839,61.8142,61.4003,60.2993,61.0737,61.0737,61.0082,61.0000,63.0000,62.0000,63.0317,63.0000,65.0692,66.0000,66.0681,67.0671,67.0671,67.0671,67.0671,67.0000,68.0000,68.0661,67.0298,66.0681,64.1249,63.2851,61.5224,60.6712,59.8415,57.7062,56.8858,55.5428,54.5711,52.4976,50.5964,49.3964,49.2443,47.8539,47.8853,45.4863,43.6005,0.0000,0.0000,0.0000,0.0000,0.0000,0.0000,0.0000,0.0000,0.0000,0.0000,0.0000,0.0000
1700000009.100000,-59.7,60.8769,59.3970,60.1082,60.1082,59.5483,58.1378,56.8507,57.2014,59.2030,58.5235,59.0762,59.1693,59.1693,58.6686,59.0593,57.7062,59.0339,59.0339,60.9262,60.4152,61.8466,62.3939,60.5392,62.6259,65.1920,62.9682,66.7308,66.7308,65.1920,65.1920,63.6946,65.5515,64.8845,65.3070,63.9531,63.0635,60.9016,59.1693,60.2080,57.9828,56.0357,55.8032,54.2033,52.4976,50.3289,49.5177,48.7955,47.4236,47.5079,44.8219,44.6542,42.5441,0.0000,0.0000,0.0000,0.0000,0.0000,0.0000,0.0000,0.0000,0.0000,0.0000,0.0000,0.0000
1700000009.150000,-60.4,67.1193,68.2642,66.4831,69.4622,65.6201,63.7887,64.3273,65.7343,65.2533,65.0000,64.5601,65.7875,64.8460,65.5515,65.1920,66.1891,66.1891,64.4127,65.8635,67.2309,66.2420,68.5055,67.7422,69.6348,70.7248,70.1783,72.4224,72.4224,72.4224,74.0608,73.2462,71.8679,72.7186,71.6938,69.8355,69.3542,69.3181,67.0820,64.8845,65.0000,61.8466,61.4654,61.6847,57.8705,56.6127,53.8516,54.1295,52.9528,51.4781,50.1597,49.0408,48.0937,0.0000,0.0000,0.0000,0.0000,0.0000,0.0000,0.0000,0.0000,0.0000,0.0000,0.0000,0.0000
1700000009.200000,-64.9,61.9839,60.4070,60.7454,61.0983,61.4654,59.2368,59.0931,59.9333,58.5918,59.0593,59.1693,59.3633,60.7454,60.2163,59.0762,59.8164,60.4401,59.0339,60.4401,61.7171,60.9590,63.0317,60.2080,62.9365,64.3506,65.7647,66.4680,65.7647,66.4680,66.4680,65.1920,66.5282,66.7083,64.0312,64.0312,62.8013,62.2013,60.4649,60.2080,58.3095,57.8014,55.9017,55.4707,52.3259,51.0784,49.7695,49.9800,49.0408,46.0977,47.0744,43.7379,42.0476,0.0000,0.0000,0.0000,0.0000,0.0000,0.0000,0.0000,0.0000,0.0000,0.0000,0.0000,0.0000
1700000009.250000,-63.9,61.2944,62.6498,61.4003,61.7738,58.8303,59.9083,60.7454,59.9083,58.0086,57.4891,61.0737,59.4643,60.1415,60.1082,61.5224,60.8276,60.8769,59.4643,62.4820,62.3699,62.3699,63.2535,60.4401,65.2150,64.6375,64.4050,66.4003,65.6049,68.6003,65.6049,67.6240,68.8840,67.2681,65.7951,65.7647,62.2415,62.9365,61.6198,60.2080,60.3075,56.2228,56.4004,55.0000,53.2541,51.6236,49.7393,50.0899,48.3322,46.0977,46.2385,44.9222,43.9318,0.0000,0.0000,0.0000,0.0000,0.0000,0.0000,0.0000,0.0000,0.0000,0.0000,0.0000,0.0000
1700000009.300000,-60.7,61.2944,60.1332,64.0703,62.0081,62.0322,57.0000,58.0775,57.2189,60.4070,60.4070,61.4003,60.8276,59.8415,59.2284,58.4637,60.4401,59.4811,60.7289,58.8727,61.8466,61.4654,61.4654,62.3939,64.4748,64.6220,62.2415,65.3070,66.7083,63.9766,68.4471,65.3911,65.7951,65.9242,66.3099,64.6220,65.4599,62.3618,61.8466,60.4152,58.6941,58.0517,55.3173,57.5587,53.4603,50.3587,51.3517,50.0899,50.0899,49.0000,47.0956,44.4072,42.2019,0.0000,0.0000,0.0000,0.0000,0.0000,0.0000,0.0000,0.0000,0.0000,0.0000,0.0000,0.0000
1700000009.350000,-62.3,55.0000,52.6973,53.8516,54.3783,53.5350,52.3546,55.4707,53.6656,52.8015,52.3927,52.0000,54.2310,54.7083,52.4976,55.3624,54.8179,54.5711,54.8179,54.9181,55.9017,56.5685,55.2268,54.7449,58.1378,57.7062,56.4358,58.4209,59.5399,58.2151,60.2080,55.4437,60.6712,58.6941,61.1882,59.6825,58.4637,58.0517,55.3624,54.4059,52.4976,51.8652,53.4509,50.5964,49.3964,47.0106,45.1774,46.0652,45.1774,43.0465,40.0000,39.2046,40.3113,0.0000,0.0000,0.0000,0.0000,0.0000,0.0000,0.0000,0.0000,0.0000,0.0000,0.0000,0.0000
1700000009.400000,-61.9,61.9839,61.6117,60.6383,63.3482,61.8466,60.1664,59.4643,61.6847,62.0322,60.5392,60.1664,60.8358,62.1691,63.0635,60.9016,61.0574,62.1289,62.1289,60.8030,63.0079,61.8547,64.4050,62.8013,64.6607,66.4003,65.2993,66.6033,68.8840,68.1175,66.8431,67.4759,68.8840,69.4046,65.8027,67.6757,65.1920,64.6607,63.6318,60.4152,60.4152,57.2451,58.1378,55.4617,53.3104,52.3927,49.0408,50.9215,50.9608,48.2701,48.0521,45.2769,45.0111,0.0000,0.0000,0.0000,0.0000,0.0000,0.0000,0.0000,0.0000,0.0000,0.0000,0.0000,0.0000
1700000009.450000,-63.1,61.0082,61.0000,60.0083,61.0328,59.0762,60.0750,60.2993,58.4209,59.5399,56.8858,60.2080,59.6657,59.9083,61.4003,61.1310,59.1354,61.6847,57.5847,61.8466,60.9262,60.9262,62.6498,59.9333,63.9531,64.4050,64.4127,66.6483,63.9531,68.8840,63.0635,65.7419,65.7419,66.2118,65.3911,64.0781,64.0781,62.9682,61.0328,58.8218,60.4401,56.7539,57.7235,55.1090,52.9528,50.9902,49.6488,48.2597,48.1664,48.0416,47.0106,45.0999,43.2897,0.0000,0.0000,0.0000,0.0000,0.0000,0.0000,0.0000,0.0000,0.0000,0.0000,0.0000,0.0000
1700000009.500000,-64.7,61.5873,59.5399,60.4152,59.0593,59.4811,59.0339,58.1808,58.6941,59.2368,57.5847,59.4643,60.7289,60.4401,59.2030,60.8769,62.1691,60.0167,58.8558,59.6825,60.5310,60.5310,62.3939,61.5224,65.1920,63.6396,63.2851,65.0692,67.1193,65.1920,65.2763,64.4981,65.3758,65.9242,64.9384,62.9682,63.3482,62.8172,60.6383,59.4811,57.5674,56.9210,55.0273,54.7814,51.6236,51.4781,47.8539,48.7647,47.0106,47.1699,45.2217,43.4166,43.1393,0.0000,0.0000,0.0000,0.0000,0.0000,0.0000,0.0000,0.0000,0.0000,0.0000,0.0000,0.0000
1700000009.550000,-57.8,60.9590,60.6053,60.6053,61.4003,58.4123,58.2495,57.6888,57.6888,57.4543,56.8243,58.5918,59.9333,60.5392,59.6154,61.0983,59.4643,60.0833,58.1893,60.1664,61.4003,60.4401,62.5859,61.6117,63.1506,63.3482,63.3482,65.3070,65.3070,65.3070,63.5610,64.7611,66.4906,66.2193,63.8905,63.2456,63.2456,60.4070,61.0983,58.5235,58.3095,57.2713,56.3649,52.3259,51.4296,50.7740,48.5489,47.4342,48.0104,45.8039,45.4533,44.5533,42.5206,0.0000,0.0000,0.0000,0.0000,0.0000,0.0000,0.0000,0.0000,0.0000,0.0000,0.0000,0.0000
1700000009.600000,-65.7,61.7171,60.3075,63.6003,60.6053,63.0079,59.0762,58.2495,58.3095,58.3095,61.2944,59.4811,60.4152,60.4152,61.4654,59.6154,63.5689,58.5235,62.9365,59.4811,62.3618,62.3618,63.0635,64.0312,64.1327,65.3070,63.3482,65.3070,67.2681,65.3070,67.2681,64.5368,66.7083,66.2193,65.5210,65.1460,66.4078,63.5689,61.4654,61.0983,57.7754,59.5063,55.0364,57.2451,51.0000,50.7740,49.3964,51.0392,49.4065,47.6340,44.5982,45.9674,42.6380,0.0000,0.0000,0.0000,0.0000,0.0000,0.0000,0.0000,0.0000,0.0000,0.0000,0.0000,0.0000
1700000009.650000,-59.1,60.6383,61.1310,59.4811,63.6003,60.4070,60.0833,59.8080,57.0088,58.1808,57.7754,59.5063,59.9416,60.4152,58.3095,60.2080,59.0762,61.0328,57.8014,60.6053,60.6053,60.6053,59.6657,61.0737,61.7171,63.1269,63.1269,64.4438,64.4438,65.7951,63.7024,66.0681,66.7083,64.8151,64.2028,63.0079,61.8547,62.9682,60.2080,59.1693,59.1693,55.0727,57.3062,54.1202,52.8015,50.1597,48.1041,48.1041,49.0408,46.3249,46.0977,43.5660,42.1070,0.0000,0.0000,0.0000,0.0000,0.0000,0.0000,0.0000,0.0000,0.0000,0.0000,0.0000,0.0000
1700000009.700000,-62.6,64.3506,63.6553,63.1269,65.1920,63.2535,61.0737,60.4401,62.2013,62.2013,60.7454,63.2851,63.1348,64.0078,63.5295,65.2993,63.9766,63.6946,62.2415,63.3246,63.9062,65.5515,66.1287,63.5689,66.4831,67.3573,67.0522,68.0074,70.2140,69.9214,68.9638,68.9493,68.9493,69.0797,67.7791,69.0797,66.6408,63.0714,63.9531,63.5295,63.1348,58.8303,58.8303,57.6888,53.0094,54.2033,51.2250,51.7397,50.2494,48.7955,46.7547,46.4004,44.9444,0.0000,0.0000,0.0000,0.0000,0.0000,0.0000,0.0000,0.0000,0.0000,0.0000,0.0000,0.0000
1700000009.750000,-61.5,58.3095,63.2851,61.2944,61.7738,59.4811,60.3738,58.6941,59.2368,59.2368,58.8218,60.4070,60.0833,60.1664,61.1310,60.6383,61.0000,62.8013,59.8415,62.2896,60.2993,62.2896,64.2806,60.2993,64.1249,65.1230,64.1950,67.1193,66.1891,67.0671,65.1230,68.2642,67.2681,67.3647,66.7533,64.9384,61.9839,63.3482,62.0967,60.6383,61.1310,56.6127,56.9210,55.0273,53.8516,52.0000,49.2443,50.0899,48.7647,46.5296,45.4863,44.8219,43.9318,0.0000,0.0000,0.0000,0.0000,0.0000,0.0000,0.0000,0.0000,0.0000,0.0000,0.0000,0.0000
1700000009.800000,-62.1,65.2533,65.9697,65.7343,67.4685,66.4906,66.2873,62.8013,64.6297,63.6396,64.1249,64.0312,65.0000,67.0298,66.0681,67.0298,65.1230,67.1863,64.1950,67.4759,66.2722,68.3593,67.7422,66.7533,69.8570,69.2315,70.4060,71.1969,72.3671,74.3303,71.3863,71.7008,73.6817,71.5681,71.3442,71.1126,67.1863,68.1836,67.0671,65.0077,65.0000,61.0737,61.0737,60.0333,57.3149,55.4437,55.1090,53.1507,53.6004,50.6952,49.7293,48.7032,46.5188,0.0000,0.0000,0.0000,0.0000,0.0000,0.0000,0.0000,0.0000,0.0000,0.0000,0.0000,0.0000
1700000009.850000,-65.4,61.3922,62.3699,61.6604,61.8142,61.5224,60.4070,60.2993,60.0750,60.0333,59.0000,61.0082,61.0328,61.1310,60.2080,60.2080,62.6498,61.8142,59.5399,63.1506,62.3699,63.3482,62.3699,61.6117,62.3618,64.0312,65.2533,66.2193,66.2193,67.7200,65.0000,65.7343,67.6831,67.2681,66.9104,64.7765,64.7765,64.3817,61.2944,60.1332,59.0762,58.0086,56.0000,55.0000,54.0093,52.0865,50.2494,49.3660,46.5296,46.8722,45.8803,45.2217,44.3847,0.0000,0.0000,0.0000,0.0000,0.0000,0.0000,0.0000,0.0000,0.0000,0.0000,0.0000,0.0000
1700000009.900000,-59.0,58.6941,58.5491,59.3043,59.2115,57.1402,57.1402,57.0351,57.0000,57.0000,57.0789,58.0775,58.1378,57.3149,57.4282,57.4282,59.0339,59.2284,56.2939,58.6941,56.5155,59.6657,60.1664,58.9406,61.0328,60.7289,60.4401,62.9365,62.9365,63.2456,61.6847,63.0635,63.0635,62.5859,61.6117,61.1882,60.8276,60.6712,58.5491,57.4282,55.1453,54.0370,54.0370,53.0000,51.0000,49.0102,47.0956,48.1664,45.2769,43.7379,43.9318,42.7200,41.2311,0.0000,0.0000,0.0000,0.0000,0.0000,0.0000,0.0000,0.0000,0.0000,0.0000,0.0000,0.0000
1700000009.950000,-59.2,60.7454,61.6847,62.3618,63.2456,60.4401,59.4811,61.6117,59.4390,57.8705,59.8415,60.6712,59.4138,61.2944,61.1310,61.0737,62.0000,61.0082,62.0000,60.0750,62.2013,62.0725,63.2851,61.2046,63.3877,62.3939,64.3817,65.7647,65.7647,67.4759,66.4831,66.4831,67.2681,66.2722,64.0703,65.0692,64.0078,64.0000,61.0082,60.0083,60.0750,57.1402,56.0803,54.5894,52.4690,52.4690,49.0306,48.2701,48.2701,46.8188,44.5982,44.7772,44.2945,0.0000,0.0000,0.0000,0.0000,0.0000,0.0000,0.0000,0.0000,0.0000,0.0000,0.0000,0.0000
1700000010.000000,-63.2,59.6657,61.2209,59.6406,61.6117,59.0762,59.9083,59.6825,57.8014,59.5399,58.5918,59.0339,59.5063,59.6154,60.1664,59.8080,60.0833,60.0833,58.5235,60.1664,60.8769,62.3618,61.6117,60.6383,62.9682,64.1327,63.9531,65.7647,65.1153,64.9384,65.1153,65.5134,66.4906,63.7887,64.2884,65.2533,63.6003,62.2977,59.8080,60.5392,58.6941,55.5428,56.4624,55.0364,52.3259,50.5371,48.8774,48.5489,48.2597,47.2017,44.6878,43.8634,43.1856,0.0000,0.0000,0.0000,0.0000,0.0000,0.0000,0.0000,0.0000,0.0000,0.0000,0.0000,0.0000
1700000010.050000,-62.5,60.8276,61.8142,60.4152,61.1882,60.6383,57.4891,57.7235,58.5235,58.8218,58.5235,60.1664,58.6941,59.5063,59.0339,59.9333,60.4152,59.5399,59.5399,59.6825,60.5392,61.9112,61.5873,61.0574,62.8013,62.2013,61.6117,65.2150,65.2150,65.2150,65.2150,65.7343,64.3506,65.5134,63.5295,63.5295,63.0635,63.0635,59.9333,59.0931,58.6941,54.7814,54.0833,55.9732,51.9230,50.0000,48.5077,48.6621,47.6760,46.2709,45.0999,44.0000,42.0476,0.0000,0.0000,0.0000,0.0000,0.0000,0.0000,0.0000,0.0000,0.0000,0.0000,0.0000,0.0000
1700000010.100000,-60.6,62.5140,62.2896,63.1981,65.1920,61.0737,61.0328,60.0000,59.0000,61.0000,59.0762,61.0737,60.2993,60.5310,59.6825,62.6498,61.1882,60.6383,61.6117,64.0312,61.1310,63.0635,63.6003,62.3618,66.0984,65.8027,66.0984,67.0522,67.3573,69.2604,65.5210,66.4831,67.1863,67.1863,67.1863,66.4906,65.1153,62.8013,63.5059,59.3043,60.2993,59.2115,57.0351,54.0000,53.0000,53.0000,50.0400,50.2494,49.2544,47.5184,45.8912,44.3847,44.0114,0.0000,0.0000,0.0000,0.0000,0.0000,0.0000,0.0000,0.0000,0.0000,0.0000,0.0000,0.0000
1700000010.150000,-62.3,60.4152,59.0339,59.9416,60.8276,57.8014,57.3062,57.1402,57.6888,58.8218,57.4282,58.4123,58.4123,59.5483,59.4643,56.6392,58.6941,58.6941,58.6941,59.5483,61.7171,60.2080,61.2209,60.3075,62.0081,62.8013,61.8466,63.4114,64.8151,63.4114,64.2028,63.8905,64.6607,63.0317,63.0317,64.3817,62.9365,60.8769,60.2080,59.6657,57.0088,55.6058,54.4059,54.9181,49.6488,49.3964,47.0106,47.8853,46.9574,45.3100,44.2719,43.4166,40.7922,0.0000,0.0000,0.0000,0.0000,0.0000,0.0000,0.0000,0.0000,0.0000,0.0000,0.0000,0.0000
1700000010.200000,-61.1,62.2013,61.2944,62.6498,61.5224,61.0000,59.8415,60.6383,58.4637,59.4811,60.7289,60.7289,61.6847,60.7454,61.4654,61.3270,62.1691,60.3738,60.3738,61.9112,62.7694,62.7694,62.9682,61.9112,65.4599,66.2873,64.8999,66.6108,66.6108,67.4240,67.4240,66.2873,67.6757,67.9559,66.0379,65.8635,64.4127,63.5295,61.2699,60.4152,58.6003,58.6941,56.4624,56.0803,53.7587,52.4976,50.6952,51.6624,48.2701,46.5296,47.3814,45.0999,44.0114,0.0000,0.0000,0.0000,0.0000,0.0000,0.0000,0.0000,0.0000,0.0000,0.0000,0.0000,0.0000
1700000010.250000,-61.0,56.4004,57.4891,53.7587,55.9732,57.3149,54.4518,53.7587,54.5619,55.8659,52.6308,54.0370,55.0000,56.6127,57.1402,56.6039,55.5698,55.5698,53.7122,57.7062,58.1808,56.3560,58.3095,56.7979,58.3095,57.6975,57.0088,59.8080,60.0083,63.6946,60.5392,60.8358,61.7414,61.2944,61.2944,60.8276,57.2451,59.1693,55.2268,54.9181,54.6443,52.0096,52.8015,50.6063,48.2701,47.4236,46.0977,45.9674,45.3431,43.9318,41.2311,41.4005,38.4708,0.0000,0.0000,0.0000,0.0000,0.0000,0.0000,0.0000,0.0000,0.0000,0.0000,0.0000,0.0000
1700000010.300000,-60.5,61.6198,62.2415,62.2254,62.2254,61.5224,60.1415,59.6657,59.8164,58.4123,59.6406,60.2163,58.8303,61.4003,60.9016,60.4152,61.2699,62.1691,59.9333,63.1585,62.3939,61.4654,63.3246,60.1664,63.8905,64.5136,65.1460,68.0074,68.0074,67.6757,65.7875,65.4599,68.0074,68.0074,65.5515,67.2309,64.4748,64.8845,62.6099,61.7171,60.4152,57.8014,56.0803,55.2268,52.1536,51.6140,49.2037,47.6340,48.1664,45.9674,45.9674,43.9318,42.4382,0.0000,0.0000,0.0000,0.0000,0.0000,0.0000,0.0000,0.0000,0.0000,0.0000,0.0000,0.0000
1700000010.350000,-64.2,60.7454,60.4070,62.3618,63.2456,62.0967,61.1310,61.1882,61.0000,61.0000,59.8415,60.8276,61.6604,61.2944,61.1310,62.0725,64.0000,63.0079,62.0000,62.1289,63.1269,64.0312,64.2806,64.0703,64.2806,66.2722,64.2806,67.6018,67.3647,67.4759,67.4759,66.1891,68.4690,66.2722,65.0692,66.0303,65.0000,64.0078,62.1289,60.0750,60.2993,58.2151,55.3263,56.5685,53.7587,52.7731,51.4198,49.4773,48.7647,48.3839,46.5188,45.1774,43.5660,0.0000,0.0000,0.0000,0.0000,0.0000,0.0000,0.0000,0.0000,0.0000,0.0000,0.0000,0.0000
1700000010.400000,-62.4,59.5399,59.9416,56.7979,60.3738,57.3847,58.1808,55.7136,56.3028,55.9732,56.6127,56.3205,57.9741,58.6941,58.0517,59.0339,58.8558,59.4138,56.3205,60.2080,59.0762,59.2115,61.0328,58.0775,61.0000,62.0000,62.0000,65.0000,64.0000,66.0000,63.0000,64.0703,64.0312,64.0312,62.2013,61.2944,60.5310,60.4070,59.8415,57.8705,57.0701,54.5711,54.5711,52.3927,51.9230,47.7598,47.7598,47.5395,46.6154,43.8634,42.9418,43.0465,41.6173,0.0000,0.0000,0.0000,0.0000,0.0000,0.0000,0.0000,0.0000,0.0000,0.0000,0.0000,0.0000
1700000010.450000,-59.9,61.9839,60.0833,61.0983,62.6259,61.4654,60.5392,59.0931,59.0593,58.5918,59.5399,60.5392,59.3633,60.4649,61.0328,61.0328,59.0339,60.9590,60.4401,62.2896,61.6198,62.9682,63.6396,61.5224,65.0692,65.0692,65.8559,63.7024,65.0692,67.1789,64.4438,65.7647,66.4831,66.4680,65.0692,64.4438,63.1269,63.2535,60.6053,60.8030,58.0086,55.7584,55.7584,55.7584,52.4786,50.6063,48.7647,47.4236,48.3322,46.2385,45.2217,44.6430,43.4166,0.0000,0.0000,0.0000,0.0000,0.0000,0.0000,0.0000,0.0000,0.0000,0.0000,0.0000,0.0000
1700000010.500000,-64.6,61.4003,63.2456,59.9083,63.8122,61.9112,61.9112,59.9416,62.1691,60.3738,59.0931,60.0083,61.4654,62.3939,61.9839,62.6418,62.0967,64.7611,61.6117,61.3922,62.9682,61.8142,62.8013,61.6604,64.4981,64.7765,66.4831,68.2642,67.7422,69.4622,66.3702,67.8970,66.2722,67.7422,65.7647,65.3070,65.5134,62.0967,61.6847,60.0833,60.0833,57.2451,58.3095,53.4883,53.8516,50.6952,51.4781,48.3011,49.2443,47.1699,45.8039,45.4533,43.8406,0.0000,0.0000,0.0000,0.0000,0.0000,0.0000,0.0000,0.0000,0.0000,0.0000,0.0000,0.0000
1700000010.550000,-64.0,64.8845,63.9531,61.7738,64.8845,62.7694,62.2656,60.4649,61.2944,62.2013,60.4401,62.0081,61.7171,62.2896,64.3506,62.9682,62.9682,62.2896,62.2415,64.0312,65.4370,64.0312,66.4003,62.6259,66.6108,66.6108,67.2012,68.5055,66.8506,68.8186,67.2012,68.8186,68.8186,68.4105,67.6240,66.7083,66.6033,65.9469,63.6553,62.2415,60.8769,59.4643,58.8982,56.7274,54.8179,50.6063,51.6140,49.0918,49.9300,46.1411,45.6180,46.6154,43.0116,0.0000,0.0000,0.0000,0.0000,0.0000,0.0000,0.0000,0.0000,0.0000,0.0000,0.0000,0.0000
1700000010.600000,-64.7,61.0082,60.0333,60.1332,60.2080,59.4138,56.5685,56.7186,57.0701,57.0701,58.4637,58.2409,57.8705,59.1354,58.8727,60.4070,59.0931,59.0931,58.1808,59.0339,59.0339,59.0339,62.1772,59.9416,62.7694,62.7694,60.5392,63.8122,65.8635,65.3682,64.4981,65.3682,64.0078,65.7419,63.0635,61.7414,61.7414,60.9262,60.1664,57.5847,55.3624,55.3624,53.4509,53.8516,49.4773,50.0100,47.5184,48.6621,46.2709,46.1736,44.0000,43.0465,42.1900,0.0000,0.0000,0.0000,0.0000,0.0000,0.0000,0.0000,0.0000,0.0000,0.0000,0.0000,0.0000
1700000010.650000,-61.3,62.1772,63.1585,60.9262,65.0000,63.3246,63.3246,60.4070,61.3514,61.6847,60.6383,62.0967,61.3922,62.1691,60.8276,61.8142,63.6396,64.3817,61.4003,62.2013,64.1249,63.1269,64.0703,63.0714,65.0077,67.0075,66.0681,68.0294,67.0075,69.0652,67.0671,67.1863,67.1193,67.2681,66.3702,66.6108,64.7765,64.3273,61.6117,59.4390,60.1664,57.5674,56.9210,56.6480,53.1413,52.0000,50.5668,50.5371,49.7393,46.6476,47.2017,47.0106,42.5206,0.0000,0.0000,0.0000,0.0000,0.0000,0.0000,0.0000,0.0000,0.0000,0.0000,0.0000,0.0000
1700000010.700000,-59.4,56.6392,55.9732,56.0357,58.2580,55.2178,56.4004,54.0833,55.7584,54.3783,54.1202,53.7122,53.2259,55.9464,56.4624,55.9464,58.1893,56.3028,54.4059,55.9732,56.7539,56.6127,57.7235,57.7235,56.8858,60.4152,58.9406,62.3699,62.0967,63.3246,58.9406,63.3246,61.6847,61.4003,58.1893,58.8727,59.6154,57.3847,55.5428,56.3649,54.5619,54.5894,51.9711,51.4781,47.1699,48.2597,46.3249,44.6878,44.0454,43.8634,43.1856,43.1856,37.2022,0.0000,0.0000,0.0000,0.0000,0.0000,0.0000,0.0000,0.0000,0.0000,0.0000,0.0000,0.0000
1700000010.750000,-62.0,59.2030,60.6383,60.2080,61.3922,59.0339,57.7062,57.5587,59.1354,59.1354,59.0762,58.1378,59.0000,60.0000,59.0085,60.0333,59.3043,60.2993,59.3043,59.8415,61.6604,59.6825,61.0000,59.5399,60.2080,63.5610,62.5859,64.7611,65.5134,63.5610,63.3482,65.1153,65.3070,63.9531,62.6498,62.5140,62.5140,61.1310,61.0082,59.0000,58.0000,56.0000,55.0364,54.0370,50.0899,50.0899,47.3814,47.6760,47.5184,44.9110,43.6807,43.6578,41.2311,0.0000,0.0000,0.0000,0.0000,0.0000,0.0000,0.0000,0.0000,0.0000,0.0000,0.0000,0.0000
1700000010.800000,-64.7,64.4050,61.2209,62.4820,63.2535,62.3699,58.7282,61.5224,60.1415,60.1415,63.0317,62.3699,62.6259,62.2013,62.2013,60.2163,63.2851,61.0574,65.0000,61.2944,64.4127,63.5295,64.4127,63.5059,65.3070,67.0820,66.2118,65.3911,68.4471,67.5426,67.6240,66.1891,67.9779,67.5352,67.6018,65.8635,66.8880,63.8122,62.6817,62.2013,59.4054,59.8164,56.0803,56.7274,52.4976,51.6624,50.2096,50.9313,48.1664,49.0408,47.2017,46.8722,42.0595,0.0000,0.0000,0.0000,0.0000,0.0000,0.0000,0.0000,0.0000,0.0000,0.0000,0.0000,0.0000
1700000010.850000,-58.7,60.0000,57.0000,61.0328,59.0339,59.0339,58.2151,59.2115,58.5491,59.5399,59.0339,60.2080,60.6383,59.6657,58.5235,58.5235,59.4643,59.4643,59.8080,60.5392,60.9262,60.9262,61.7414,59.9333,62.6099,62.6099,63.0635,63.9531,64.8460,64.8460,65.7419,63.9766,65.3070,64.8845,62.7694,62.3939,62.9682,60.4070,58.8218,58.2409,57.0088,54.5711,54.3415,53.1507,49.6488,50.6360,47.2652,47.2652,47.0425,46.0000,43.0465,43.1856,43.7379,0.0000,0.0000,0.0000,0.0000,0.0000,0.0000,0.0000,0.0000,0.0000,0.0000,0.0000,0.0000
1700000010.900000,-60.0,60.3738,61.4654,61.0983,62.0322,61.3514,60.4070,59.7746,58.9406,59.2030,59.4390,60.2080,60.6712,61.6604,60.4070,60.4070,60.2993,61.2944,60.2080,62.0322,64.0703,62.0725,63.0714,60.0083,64.0000,66.0000,65.0077,66.0076,66.0000,68.0294,66.0303,67.0671,69.1158,67.2681,64.3817,64.1327,62.8013,65.1153,62.1691,59.6657,61.6117,56.3205,56.6127,55.0273,53.1413,52.0000,47.8539,49.6488,48.8774,47.1699,46.6154,44.8219,43.1393,0.0000,0.0000,0.0000,0.0000,0.0000,0.0000,0.0000,0.0000,0.0000,0.0000,0.0000,0.0000
1700000010.950000,-59.0,59.6657,59.4811,60.7289,61.4003,61.0328,59.4643,60.5392,58.3095,57.7754,59.9333,58.1808,60.4152,60.4152,61.4003,58.3095,61.0328,60.2163,61.0328,61.2209,61.2209,62.2013,60.4401,62.0081,63.0317,63.8905,64.5368,63.1269,65.8559,63.7809,66.0681,65.9469,66.0681,64.8151,64.4050,63.6003,63.5138,62.9682,61.0574,57.3062,56.8243,55.9464,55.0091,55.0364,51.0784,50.3289,48.1041,47.4342,48.0833,46.3249,45.8912,44.2832,42.0476,0.0000,0.0000,0.0000,0.0000,0.0000,0.0000,0.0000,0.0000,0.0000,0.0000,0.0000,0.0000
1700000011.000000,-62.4,63.0714,61.1310,64.2806,62.5140,62.8013,58.4209,60.0167,60.2080,60.8769,61.1310,60.4401,61.6847,61.3514,61.0983,61.4654,62.6498,62.1691,61.2699,62.1772,63.9531,61.7738,64.8845,62.6498,65.0000,64.0078,64.8845,66.3702,66.3702,65.8635,66.7308,67.6018,66.6483,67.0820,65.3070,64.4050,65.7951,64.2573,60.7454,61.0983,59.4643,57.8705,56.3205,55.5428,52.3927,51.1957,49.6488,49.3660,47.2652,47.0425,45.0000,46.0435,43.1856,0.0000,0.0000,0.0000,0.0000,0.0000,0.0000,0.0000,0.0000,0.0000,0.0000,0.0000,0.0000
1700000011.050000,-58.9,62.8013,62.3699,63.0317,62.9365,62.9682,62.2254,60.1415,59.5483,58.8982,61.2209,62.0081,61.6117,60.4649,61.8547,61.0574,62.7694,61.9112,61.4003,62.1772,63.9531,61.2699,63.5059,62.1691,64.0781,64.8845,64.4748,67.6240,67.2309,67.6240,67.1193,65.7419,68.8767,65.7419,65.7647,65.8635,64.1405,64.6607,62.4340,60.2163,58.2495,58.4123,57.0088,55.3173,53.0754,50.9313,49.4975,48.8365,48.1664,47.0106,47.2017,46.6476,42.9418,0.0000,0.0000,0.0000,0.0000,0.0000,0.0000,0.0000,0.0000,0.0000,0.0000,0.0000,0.0000
1700000011.100000,-60.4,62.2977,62.9682,61.4654,63.3246,61.0983,62.6498,60.3738,61.2944,61.7738,60.5392,60.0333,62.4340,61.0328,62.6817,62.2013,61.0737,61.7171,61.0737,61.6198,63.6553,62.9682,63.6396,61.5224,65.0538,67.1789,66.4680,68.6222,67.8970,67.1789,66.4680,65.7647,66.4680,67.8970,65.1920,65.9469,63.4114,63.4114,63.8201,61.8547,60.7454,56.6039,56.9386,54.5894,52.3546,51.0000,49.2443,49.2443,49.0408,45.2217,44.6430,44.9110,44.4072,0.0000,0.0000,0.0000,0.0000,0.0000,0.0000,0.0000,0.0000,0.0000,0.0000,0.0000,0.0000
1700000011.150000,-61.2,58.7282,58.7963,59.6657,60.9590,59.8164,59.4054,58.8218,57.6888,59.3633,58.8303,60.0333,58.1808,59.9416,59.0339,58.1378,60.1664,60.5392,57.9396,61.3514,62.0322,59.4643,61.9839,61.9839,62.3618,61.9839,63.6003,64.5601,64.2884,65.8027,65.1460,65.1460,64.8460,64.2573,63.3246,63.3246,60.9262,61.7414,59.0339,56.3560,57.3062,56.0803,54.3783,52.6973,52.6973,51.0392,47.0106,48.2701,47.4236,45.9674,43.9318,42.6380,39.4081,0.0000,0.0000,0.0000,0.0000,0.0000,0.0000,0.0000,0.0000,0.0000,0.0000,0.0000,0.0000
1700000011.200000,-65.1,61.7171,58.8982,60.8276,59.4138,60.8112,57.9828,58.0000,58.7963,57.4891,59.2030,59.0339,58.8218,59.9083,59.3633,59.3633,60.4152,59.5399,60.4152,59.4811,61.2944,60.8276,60.8358,62.1691,62.7694,63.9766,62.2415,64.4748,66.3099,64.0781,65.3070,62.6498,66.6408,64.4127,63.6318,60.9016,64.4981,61.9112,59.9083,59.3633,57.4282,56.4004,53.2635,55.3173,49.6790,50.2096,48.7955,47.4236,47.6340,45.6070,44.4072,44.1022,42.0476,0.0000,0.0000,0.0000,0.0000,0.0000,0.0000,0.0000,0.0000,0.0000,0.0000,0.0000,0.0000
1700000011.250000,-62.0,61.7171,60.4152,60.5392,61.9112,60.2080,59.3633,60.4649,60.0000,59.8164,57.4891,60.2080,59.4643,59.3970,60.8276,59.4138,60.1415,61.0737,59.6657,60.6053,60.8030,61.6117,61.8547,61.0328,63.5138,63.5138,62.9682,65.5134,66.0379,65.1920,65.1920,65.7343,64.6375,65.2150,63.6003,61.2209,61.2209,60.4401,60.2080,58.0517,57.2800,55.1725,53.7401,52.4023,51.6624,49.6790,47.8017,47.8017,46.0435,45.7930,43.4166,44.2832,42.7200,0.0000,0.0000,0.0000,0.0000,0.0000,0.0000,0.0000,0.0000,0.0000,0.0000,0.0000,0.0000
1700000011.300000,-61.0,59.9083,60.4649,60.8030,60.0000,60.6053,56.2228,58.1378,58.0517,57.9828,57.9828,57.9828,60.8276,59.4643,58.7963,60.4401,59.4054,58.0086,59.4054,59.9083,61.0574,60.4649,61.9112,61.0574,61.4003,62.7694,61.0574,64.4981,65.0000,63.2851,66.0379,62.4340,62.7694,64.0703,63.2456,63.0079,63.4114,62.4820,58.7963,57.2800,56.5862,57.2800,53.7401,53.9073,49.6790,48.2701,46.2277,47.2017,46.0435,46.6476,44.7214,41.6293,41.1096,0.0000,0.0000,0.0000,0.0000,0.0000,0.0000,0.0000,0.0000,0.0000,0.0000,0.0000,0.0000
1700000011.350000,-62.0,62.5140,59.5399,62.9682,61.9839,63.1506,59.0339,61.1310,57.9741,58.5235,60.4401,60.4070,60.5392,61.3270,60.0083,58.6003,63.0635,59.5399,60.4152,61.9112,61.9112,61.9112,62.4340,64.3506,63.0079,64.6375,64.4050,64.0703,67.6757,64.6375,68.8186,65.1920,67.1193,66.0379,64.4981,63.6318,63.9531,60.9016,61.2699,58.6003,57.7754,57.0088,54.7814,56.3028,51.8652,50.0000,48.5077,49.2443,47.6760,48.5077,47.2652,44.0454,41.0122,0.0000,0.0000,0.0000,0.0000,0.0000,0.0000,0.0000,0.0000,0.0000,0.0000,0.0000,0.0000
1700000011.400000,-59.4,66.0000,64.0000,66.0681,67.0298,64.1249,64.0703,64.2806,62.2896,62.8013,61.9839,64.1327,63.5610,65.0000,62.3618,64.0312,66.0984,64.1950,63.5689,65.0000,65.1920,64.1950,66.1287,65.1920,67.5426,68.5420,67.6240,69.8570,70.7743,70.2638,70.2638,69.0797,70.5762,68.9638,69.2604,69.2604,66.4831,65.5210,64.0312,63.5610,61.1882,61.0000,57.7062,58.3095,53.2353,53.0094,52.0000,52.0000,50.0400,50.0400,48.2597,45.7056,44.3847,0.0000,0.0000,0.0000,0.0000,0.0000,0.0000,0.0000,0.0000,0.0000,0.0000,0.0000,0.0000
1700000011.450000,-59.3,59.0000,58.0345,62.2013,60.0333,61.1310,57.2189,57.4282,56.4358,58.8558,58.8558,58.0517,59.6657,57.9741,58.5235,58.5235,59.4643,57.5847,59.8080,58.6941,60.5392,60.0083,61.3270,59.0931,62.1691,63.9766,62.6498,63.9531,65.3070,63.5610,64.8460,62.2415,64.4748,64.0781,63.3246,61.6847,62.2977,61.0328,59.9083,57.9741,56.0892,56.2939,53.9351,54.5894,50.3587,50.2494,48.0937,48.0416,47.0425,47.0000,46.0977,43.5660,41.7732,0.0000,0.0000,0.0000,0.0000,0.0000,0.0000,0.0000,0.0000,0.0000,0.0000,0.0000,0.0000
1700000011.500000,-58.6,65.9242,65.0000,65.3070,66.7083,65.2993,63.5059,64.4127,62.6498,64.1405,62.9682,63.8122,63.6003,62.8013,64.5368,64.5368,66.6033,65.7647,65.0692,66.4831,67.2086,64.3817,66.6033,66.5282,69.0290,68.8840,69.6563,69.0290,70.0000,71.8401,69.8140,70.2922,70.8378,71.4493,69.3109,67.1789,67.8970,66.4680,65.1920,62.3699,63.2535,60.6053,60.6053,57.8014,55.7584,54.9181,52.1536,54.2033,51.4296,49.6588,49.7695,48.3839,46.5725,0.0000,0.0000,0.0000,0.0000,0.0000,0.0000,0.0000,0.0000,0.0000,0.0000,0.0000,0.0000
1700000011.550000,-58.7,62.5140,63.1269,62.0725,65.0692,63.0079,64.0000,62.0725,61.0737,61.0737,60.2080,62.2896,61.5224,63.7887,62.8013,64.1327,61.6117,63.0635,61.8466,64.8460,64.1950,64.8460,65.1460,62.9365,68.0074,67.0522,68.0074,68.7095,68.0074,71.1688,65.7875,69.5701,68.9638,68.9638,66.2193,67.6831,65.3070,63.9531,62.8013,60.4070,60.6712,58.1378,57.1402,56.0803,54.0370,53.0000,50.0100,50.0400,49.2544,47.5184,47.0744,44.3847,44.5982,0.0000,0.0000,0.0000,0.0000,0.0000,0.0000,0.0000,0.0000,0.0000,0.0000,0.0000,0.0000
1700000011.600000,-65.5,59.6825,60.8276,60.4152,62.3699,60.4152,61.3922,57.0088,59.4811,59.7746,57.5847,59.0931,61.3270,60.8358,60.4152,62.1772,59.1693,63.2851,57.9828,63.5138,61.8547,61.0328,63.5138,60.0000,64.6607,64.6607,64.6607,66.8431,65.0000,67.6240,63.8905,66.4003,65.8027,65.4599,65.4599,65.1920,61.8547,63.5138,60.9016,60.9016,60.4152,55.0364,55.4617,53.2259,51.0784,51.0784,48.0833,48.0833,47.1275,45.3542,46.3249,44.4072,44.0114,0.0000,0.0000,0.0000,0.0000,0.0000,0.0000,0.0000,0.0000,0.0000,0.0000,0.0000,0.0000
1700000011.650000,-63.7,62.2896,63.0317,60.0333,63.0317,62.0081,63.0079,61.0082,60.0333,59.2115,59.3043,61.4003,60.5310,61.1882,60.4152,62.1691,60.8769,61.4003,61.4003,62.2977,65.1460,62.2977,63.3246,62.2977,64.6220,65.3911,65.3911,67.2309,67.1193,67.2309,66.7083,65.9242,67.0671,67.0671,64.5136,64.8460,64.5601,64.2884,61.8466,59.2284,59.2284,56.0892,56.5685,53.4603,52.4690,53.2353,50.0400,49.0408,48.0104,47.0106,45.0999,44.5533,42.2019,0.0000,0.0000,0.0000,0.0000,0.0000,0.0000,0.0000,0.0000,0.0000,0.0000,0.0000,0.0000
1700000011.700000,-59.4,65.8635,63.5295,64.8460,63.9531,64.4050,61.2699,61.8466,61.4654,61.0983,63.2456,64.1950,62.3618,64.0312,62.8172,62.5859,64.5368,61.9839,64.1327,61.5224,65.7647,65.7647,65.4905,66.6108,68.1175,68.3593,67.1193,68.2642,70.3491,69.2604,71.4493,68.5930,69.7209,69.0507,68.2495,66.7083,67.6831,65.9697,63.6003,62.9365,60.0833,59.2368,56.3028,58.6941,54.1295,53.6656,51.0000,49.3964,49.9300,50.4777,48.4149,46.0109,42.4500,0.0000,0.0000,0.0000,0.0000,0.0000,0.0000,0.0000,0.0000,0.0000,0.0000,0.0000,0.0000
1700000011.750000,-63.2,57.2451,55.3624,57.5674,55.9732,56.6480,53.4509,55.5428,56.2939,54.3415,54.9181,56.4358,55.2268,54.1479,56.0357,54.0370,58.0086,54.0000,56.0000,56.0803,57.0351,56.0357,56.2228,58.0775,59.5399,60.2080,58.2151,59.3043,62.5140,60.4070,62.5140,58.2151,61.1310,61.0737,59.0339,59.0000,59.0000,58.1378,56.0357,55.0364,53.2353,51.1566,51.2445,51.7880,49.0306,43.9318,44.1475,43.6807,43.9659,43.0813,41.2311,39.8121,38.5876,0.0000,0.0000,0.0000,0.0000,0.0000,0.0000,0.0000,0.0000,0.0000,0.0000,0.0000,0.0000
1700000011.800000,-64.3,60.7289,61.1310,57.0088,60.8769,60.6383,60.6383,60.0167,59.8415,57.8705,57.3149,60.2993,60.0333,60.0333,59.0085,61.0328,60.0000,60.0000,59.0085,63.0714,62.0322,61.0328,61.1310,60.0750,63.3877,64.1950,64.2806,65.2763,65.1920,67.2681,64.1950,65.0692,66.0303,65.0308,64.0078,63.0317,62.0081,62.0725,62.2013,58.3095,57.3149,56.0892,56.0892,53.1507,53.1507,51.6624,48.0833,49.6488,47.1699,46.6154,45.6180,44.4185,43.2666,0.0000,0.0000,0.0000,0.0000,0.0000,0.0000,0.0000,0.0000,0.0000,0.0000,0.0000,0.0000
1700000011.850000,-57.8,59.6657,60.4401,61.2209,60.2163,60.2163,56.8595,59.0762,57.4543,58.8303,58.1378,58.5918,59.5063,60.9262,60.5392,57.9396,59.4643,59.1354,59.4643,59.9083,61.6847,61.6847,62.3618,61.4003,63.1506,63.3482,63.5610,65.7343,65.5134,66.4906,64.5368,65.2533,65.2533,66.4831,63.8905,63.2456,62.6259,62.2977,58.8727,58.6941,57.7754,56.7979,53.6656,55.0091,49.6488,48.8774,48.5489,48.0104,44.4072,44.2041,44.8219,43.8406,40.4599,0.0000,0.0000,0.0000,0.0000,0.0000,0.0000,0.0000,0.0000,0.0000,0.0000,0.0000,0.0000
1700000011.900000,-58.8,61.2944,62.0081,60.4401,62.8013,58.8982,60.9590,58.7282,59.4138,57.2800,57.3149,60.3075,59.8164,59.8164,61.4003,63.0079,59.9083,62.1289,59.9083,61.7738,62.2656,61.7738,61.7738,61.2944,63.9766,63.5059,64.8845,66.6408,64.8460,68.8767,64.8460,67.0820,67.5352,66.7308,65.0000,65.5134,62.6817,62.1289,60.8030,61.4003,59.8164,54.8179,56.8507,53.8145,52.4023,50.9313,48.7955,48.1664,47.6340,45.6070,46.0435,44.7772,42.4853,0.0000,0.0000,0.0000,0.0000,0.0000,0.0000,0.0000,0.0000,0.0000,0.0000,0.0000,0.0000
1700000011.950000,-61.8,65.7647,61.7738,63.2851,62.9682,63.8122,59.9083,61.8547,62.2013,61.6117,61.0737,61.7171,62.9365,62.2415,62.9365,60.8112,63.0317,61.6198,63.7809,64.0312,62.4820,64.0312,64.0312,64.8151,65.4599,66.2873,66.2873,67.4240,70.2140,67.2012,68.8186,66.4003,66.8431,67.4759,65.9469,67.2681,65.0692,63.7024,62.9365,62.2415,58.7282,59.6657,57.4891,55.8032,53.0094,51.8652,49.9300,49.7393,48.7647,47.8539,47.0106,45.8803,44.6430,0.0000,0.0000,0.0000,0.0000,0.0000,0.0000,0.0000,0.0000,0.0000,0.0000,0.0000,0.0000
1700000012.000000,-61.0,58.5235,57.8705,57.0088,59.1354,57.0088,56.0803,57.2713,56.3649,56.8243,56.8243,56.3560,57.4543,56.0803,56.8595,56.0357,58.2580,57.6281,59.0339,58.8982,58.0517,58.0517,59.4643,59.4643,60.8276,61.5549,59.3970,62.9365,62.9365,62.2415,62.9365,61.5224,62.9682,62.2896,60.9590,59.5483,59.0339,58.4123,57.4282,55.4707,53.5350,52.6973,53.0000,52.3546,47.8853,48.3735,45.6180,46.0977,45.6946,44.2719,43.1741,40.7922,39.3192,0.0000,0.0000,0.0000,0.0000,0.0000,0.0000,0.0000,0.0000,0.0000,0.0000,0.0000,0.0000
1700000012.050000,-60.3,60.4152,58.6686,58.3095,59.1693,57.8014,57.9828,56.6127,57.8014,57.6281,56.8507,56.0803,57.3847,59.4138,58.6941,57.9828,58.7963,58.8982,57.3847,59.0339,59.0339,59.6657,60.0000,58.4123,61.0328,61.6117,61.6117,64.0703,62.6817,64.0703,61.0328,62.8013,63.6003,62.6259,61.2209,62.4820,60.3075,59.4138,57.9828,57.2800,55.8659,53.0754,53.8145,52.6308,50.6063,48.4149,46.6154,46.0435,45.7930,46.0652,43.3820,42.1545,39.8497,0.0000,0.0000,0.0000,0.0000,0.0000,0.0000,0.0000,0.0000,0.0000,0.0000,0.0000,0.0000
1700000012.100000,-64.6,66.0000,64.0312,64.0703,64.1950,63.2851,63.2851,61.5224,61.9839,63.1506,61.8466,61.3922,63.0635,63.8905,63.8905,63.2456,63.9062,64.2573,63.3246,62.6498,64.4748,63.9766,63.9766,65.3070,66.6483,67.5352,68.0000,69.3542,68.4763,68.0000,67.5352,69.7782,67.9779,68.8767,66.7083,67.6240,64.6220,64.5136,61.6847,62.6418,61.1310,57.9741,57.4891,56.2939,52.9528,53.6004,50.3587,50.2494,50.0899,50.0000,48.0000,47.1699,44.5533,0.0000,0.0000,0.0000,0.0000,0.0000,0.0000,0.0000,0.0000,0.0000,0.0000,0.0000,0.0000
1700000012.150000,-60.8,62.3699,61.5224,62.2896,60.8112,61.6198,58.7282,59.8164,61.0737,61.4003,60.4649,61.0328,61.5873,62.4340,61.4003,61.7738,63.5295,62.1772,61.7171,61.8466,62.2415,62.6498,63.3246,62.3939,64.8460,64.6220,64.2573,67.0671,68.3520,67.0671,66.8506,65.0000,67.7791,68.5420,65.3070,64.4050,65.2993,63.0635,61.7738,59.9083,58.8303,56.8595,57.4282,55.8032,51.2250,51.2250,48.2701,49.5782,48.1041,46.6905,45.6070,45.8039,43.0465,0.0000,0.0000,0.0000,0.0000,0.0000,0.0000,0.0000,0.0000,0.0000,0.0000,0.0000,0.0000
1700000012.200000,-60.8,62.2977,61.4003,61.6117,63.0635,60.6383,60.4152,60.0167,60.6712,59.5399,59.5399,60.5310,60.2993,61.2046,61.0328,62.0322,62.0081,62.0322,62.0322,61.1310,62.2013,62.1289,64.2806,63.0714,64.4981,65.1920,65.3758,67.4759,65.4905,68.4690,65.3758,67.2681,68.2642,68.1836,65.0308,64.0312,64.0078,63.0317,63.1981,59.2115,59.2115,56.2228,56.3205,55.9017,52.7731,50.9902,48.2701,48.0833,48.0833,47.1699,45.1885,45.2769,42.4382,0.0000,0.0000,0.0000,0.0000,0.0000,0.0000,0.0000,0.0000,0.0000,0.0000,0.0000,0.0000
1700000012.250000,-63.1,62.0081,62.4820,60.2080,62.3699,60.1415,60.1415,60.1082,59.3970,60.1415,58.2580,60.4401,60.2163,61.0328,61.2944,62.1289,61.4003,61.9112,60.4152,63.0635,63.5295,61.4003,64.8460,62.1691,64.0781,64.8845,65.3070,66.2118,67.5426,68.4471,64.8845,66.1891,67.1193,68.0955,65.0000,66.0379,63.2851,63.8122,61.8547,59.4054,60.0000,55.4437,56.7274,53.9073,53.1507,50.9117,48.8365,48.9183,47.6340,46.2277,43.6005,45.2769,44.2832,0.0000,0.0000,0.0000,0.0000,0.0000,0.0000,0.0000,0.0000,0.0000,0.0000,0.0000,0.0000
1700000012.300000,-62.7,65.6049,63.6003,64.8999,64.8999,63.2851,63.2851,64.4127,61.2699,61.2699,63.0714,63.0714,63.1585,63.6946,62.6259,63.2456,65.8027,64.0312,65.0000,65.5134,63.5610,65.5134,66.0984,65.3070,66.9104,68.2495,67.7422,71.5681,69.8713,69.0507,67.8970,70.0357,69.7209,69.2315,68.6586,66.9403,66.2193,67.0522,63.5689,63.5689,61.3514,59.6154,58.6941,57.7754,54.1295,52.3259,51.0000,52.3546,50.2494,47.4342,46.2277,46.7547,44.5533,0.0000,0.0000,0.0000,0.0000,0.0000,0.0000,0.0000,0.0000,0.0000,0.0000,0.0000,0.0000
1700000012.350000,-60.1,60.0167,60.4152,59.6825,59.6825,59.6825,56.5685,56.1427,58.2151,58.0345,59.0339,59.0085,59.0339,59.0085,59.0762,59.0762,59.2115,59.5399,59.2115,59.6825,59.8415,59.6825,62.9682,61.0000,61.6117,64.5368,63.7887,65.5134,63.5610,66.2873,64.3273,62.9682,62.9682,64.7765,63.3877,62.3939,61.2046,59.1354,59.0762,57.0000,57.0000,54.0370,55.0091,53.0848,51.1566,48.1664,47.3814,46.6905,46.8722,46.5725,43.0116,44.0114,41.6293,0.0000,0.0000,0.0000,0.0000,0.0000,0.0000,0.0000,0.0000,0.0000,0.0000,0.0000,0.0000
1700000012.400000,-60.7,62.2254,60.1082,63.0317,63.7024,60.9590,61.0737,59.2030,59.2030,59.9083,59.9083,62.4340,61.4003,61.7738,60.8276,61.2944,62.1691,61.4654,61.7414,62.3939,62.9682,64.2573,64.2573,63.9062,64.1950,67.0522,64.1950,64.1950,68.9638,68.3081,67.0522,65.7875,68.3520,68.7095,65.0000,64.8845,62.6498,63.0714,61.2944,59.5399,57.8014,58.8303,54.7083,56.8595,52.4309,52.8015,48.2701,48.9183,48.1664,45.9674,45.3431,44.0454,42.7200,0.0000,0.0000,0.0000,0.0000,0.0000,0.0000,0.0000,0.0000,0.0000,0.0000,0.0000,0.0000
1700000012.450000,-60.6,63.0635,62.2656,64.1405,63.2851,64.3506,58.8303,61.0328,60.2163,61.4003,63.2535,63.1269,61.6198,63.6553,62.9365,61.5224,64.4438,61.7171,63.7024,62.0081,63.4114,63.4114,66.4003,65.6049,65.4599,66.8506,66.0303,67.1193,69.3397,65.7343,69.0652,66.0303,67.2012,66.4003,68.2495,66.7083,66.6033,64.4438,62.2415,60.8112,59.4138,58.7282,57.3149,56.7274,52.6308,52.2015,51.0392,52.4309,49.9300,47.8853,47.4236,44.9444,43.0116,0.0000,0.0000,0.0000,0.0000,0.0000,0.0000,0.0000,0.0000,0.0000,0.0000,0.0000,0.0000
1700000012.500000,-62.3,61.1310,59.2030,61.6117,64.0312,61.6117,59.2284,57.8705,58.6941,58.4209,59.3043,60.1332,59.0339,61.0328,60.0000,62.0000,61.0737,61.0737,60.1332,62.1289,63.1981,63.1981,64.2806,61.2944,62.8013,64.6297,64.7765,66.7533,65.6201,66.7533,64.7765,67.3647,66.2722,66.1891,65.1230,64.0312,64.0078,61.0000,60.0333,59.0085,58.0775,56.2228,55.3263,53.6004,51.7880,51.1957,48.2701,48.7647,48.0833,45.2217,44.9444,43.8634,43.0465,0.0000,0.0000,0.0000,0.0000,0.0000,0.0000,0.0000,0.0000,0.0000,0.0000,0.0000,0.0000
1700000012.550000,-60.7,62.5140,63.3877,64.1950,64.1950,62.0322,63.0317,63.0000,62.0000,61.0082,61.2046,64.1249,63.5059,65.4905,63.7887,63.1506,63.3482,63.5610,61.8466,65.5210,65.0000,64.2884,65.1460,64.1950,67.4166,68.9493,67.3573,68.0074,68.9493,70.2282,68.9493,69.5701,71.7844,69.6419,67.4463,67.1863,65.5134,64.5368,65.1153,61.9839,60.0167,59.5399,58.4209,56.3205,54.0833,54.1479,51.0000,50.0100,50.0100,50.0899,48.0937,45.7056,42.4500,0.0000,0.0000,0.0000,0.0000,0.0000,0.0000,0.0000,0.0000,0.0000,0.0000,0.0000,0.0000
1700000012.600000,-61.8,61.0737,57.2189,57.2189,58.2151,59.5399,57.3149,57.0701,57.0701,57.4891,57.7235,60.1664,58.5235,59.4643,56.6480,60.1664,60.1664,60.0083,58.1808,59.4811,60.4152,60.4152,61.4003,60.4152,61.9112,63.6318,63.2851,63.8122,64.6607,64.0703,63.8122,63.6318,65.3682,64.4981,62.6498,62.6099,62.1691,60.0083,58.6941,57.3847,56.6480,55.9732,53.7587,54.4059,48.7647,48.5077,47.2969,45.8912,45.5412,45.3982,44.0454,43.0000,40.0500,0.0000,0.0000,0.0000,0.0000,0.0000,0.0000,0.0000,0.0000,0.0000,0.0000,0.0000,0.0000
1700000012.650000,-61.9,61.8547,61.0328,61.0574,62.4340,60.9016,60.0333,59.4811,59.0339,59.5063,60.5392,59.6154,61.3514,61.3514,59.4811,60.4401,62.0967,61.3922,62.1691,61.0000,62.9682,62.8013,62.5140,62.8013,62.3939,65.2763,62.5140,66.2722,66.2722,65.1920,67.2681,65.4905,68.5930,65.9242,64.9384,65.3070,64.5368,62.5859,61.4003,58.6941,58.5235,57.2451,55.6597,55.3624,51.6236,51.0784,48.3322,49.1935,48.7647,47.5079,46.0435,44.2041,43.1856,0.0000,0.0000,0.0000,0.0000,0.0000,0.0000,0.0000,0.0000,0.0000,0.0000,0.0000,0.0000
1700000012.700000,-62.1,60.5310,59.5399,58.0517,59.0339,59.0339,59.2284,57.7235,57.9741,58.2409,55.6597,59.4643,58.3095,59.2368,58.6941,60.0083,59.0339,59.4811,59.4811,60.9016,62.6498,61.2944,62.2656,59.6825,64.3506,62.9682,64.3506,63.5138,63.2851,66.3702,64.1405,65.3682,67.1193,64.8460,62.6099,63.5610,61.7414,61.3270,60.5392,57.0088,59.1354,55.0818,55.0818,52.3927,51.1957,49.8197,47.8539,47.3814,46.0977,45.0999,44.0000,42.0000,41.3038,0.0000,0.0000,0.0000,0.0000,0.0000,0.0000,0.0000,0.0000,0.0000,0.0000,0.0000,0.0000
1700000012.750000,-62.4,62.0725,60.0750,62.2013,60.2080,61.5224,57.5587,60.6712,59.8415,60.2080,59.6657,60.8769,60.4401,60.0833,59.8080,60.7454,64.4748,60.8358,62.6498,59.4811,62.1772,60.3738,63.5295,63.0635,63.6318,64.1405,62.7694,66.0379,66.0379,65.1920,66.0379,64.4981,65.8635,64.4127,63.9531,64.8460,63.5059,61.7414,61.3270,60.1664,57.0088,57.8705,55.3624,55.6597,51.9230,51.4198,49.2443,48.5077,47.6760,47.2652,46.1736,44.0114,44.0454,0.0000,0.0000,0.0000,0.0000,0.0000,0.0000,0.0000,0.0000,0.0000,0.0000,0.0000,0.0000
1700000012.800000,-63.5,61.2944,61.2944,60.5392,62.2656,60.5392,60.2080,58.2495,59.0762,60.0000,58.2580,60.3075,58.7282,60.8112,60.8112,62.2254,60.2080,61.7171,60.2080,61.4003,62.8013,63.4114,63.0079,61.0737,62.6817,64.6375,63.2456,67.1193,66.2873,68.2422,65.4599,65.2150,66.4003,65.6049,64.6607,65.2993,61.7171,61.7171,60.8769,59.4138,60.8112,58.0000,55.1725,55.3173,51.8556,50.6063,49.4065,49.9300,48.0208,46.1411,45.1774,44.7772,42.0595,0.0000,0.0000,0.0000,0.0000,0.0000,0.0000,0.0000,0.0000,0.0000,0.0000,0.0000,0.0000
1700000012.850000,-65.1,64.0078,63.0714,64.0703,64.1249,63.3877,60.2993,60.4070,61.8142,60.8276,61.6117,61.8466,62.0967,63.6003,63.2456,62.2977,63.6946,61.4654,61.8466,64.4050,65.7951,63.9766,67.0820,63.5059,66.2420,67.6018,65.7647,67.6018,69.8355,68.4763,68.9638,65.2993,69.7782,69.3542,67.1193,67.2309,65.5515,65.3911,63.5689,62.2977,59.1354,59.2030,58.5235,57.7235,52.1728,51.9711,50.6360,50.3587,50.2494,49.0918,48.0416,49.0000,44.1022,0.0000,0.0000,0.0000,0.0000,0.0000,0.0000,0.0000,0.0000,0.0000,0.0000,0.0000,0.0000
1700000012.900000,-61.2,64.8845,62.1691,62.2415,61.8466,61.4654,61.0983,61.3514,60.0833,62.6418,60.1664,63.0635,62.3699,63.1506,63.7887,63.7887,63.2851,63.1981,63.2851,64.0312,63.0079,64.0312,65.0000,64.0078,67.0000,67.0000,67.0000,68.0294,68.0294,71.0282,69.0072,68.0000,68.0000,67.0298,67.0671,67.0671,66.1891,64.2806,62.6498,60.6712,60.8276,57.8705,58.0517,56.5155,53.6004,52.6308,50.2892,49.9800,50.6952,47.0106,45.6508,46.1411,43.8292,0.0000,0.0000,0.0000,0.0000,0.0000,0.0000,0.0000,0.0000,0.0000,0.0000,0.0000,0.0000
1700000012.950000,-60.7,65.6049,64.2028,65.9469,64.6607,65.8559,62.9682,63.6553,62.9365,63.7024,63.8905,65.2993,64.8151,64.6375,63.2456,64.6375,66.5733,63.8122,65.8635,65.2993,67.1193,65.3682,67.5352,66.6408,68.5420,68.8767,68.5420,70.2638,72.4983,69.8570,72.0902,68.8767,71.1126,68.0000,67.6018,68.6003,69.1158,66.8880,64.8999,64.0703,62.2013,62.6259,59.2030,59.8164,55.9732,54.4885,50.9313,52.4023,52.4023,50.3289,50.0000,46.8722,45.6508,0.0000,0.0000,0.0000,0.0000,0.0000,0.0000,0.0000,0.0000,0.0000,0.0000,0.0000,0.0000
1700000013.000000,-59.0,60.4152,58.4637,58.9406,60.1664,58.8218,58.2409,59.4643,58.1893,57.7754,57.3847,59.0931,58.5918,59.9416,60.0333,57.7062,60.2080,59.6406,59.6406,59.6406,60.8030,58.8218,62.0081,60.6053,63.2535,64.0312,63.8905,63.1269,65.2993,63.8905,65.2993,64.0312,64.8151,63.8201,62.4260,61.0328,64.6375,60.2080,58.6686,58.6686,55.9464,54.5619,53.6656,54.6260,49.7695,50.3289,46.8188,46.8402,46.8402,45.3542,45.8912,43.4166,41.0488,0.0000,0.0000,0.0000,0.0000,0.0000,0.0000,0.0000,0.0000,0.0000,0.0000,0.0000,0.0000
1700000013.050000,-62.1,59.1693,62.2656,60.8276,61.2699,61.2699,60.4152,58.1808,60.0083,61.0983,58.5235,59.1354,61.4003,60.1664,61.3922,61.8466,62.8013,61.5224,60.8276,62.3939,62.2896,61.5224,61.2944,63.3877,65.0692,65.1920,65.1230,69.1158,65.0308,67.0671,67.0671,66.2722,66.1891,66.3702,64.7765,64.7765,64.9384,62.1691,61.3922,59.6657,58.4637,57.9741,56.0446,55.6597,54.0833,50.6952,50.3289,47.4236,50.0899,46.6476,45.7930,45.2217,43.2782,0.0000,0.0000,0.0000,0.0000,0.0000,0.0000,0.0000,0.0000,0.0000,0.0000,0.0000,0.0000
1700000013.100000,-65.4,67.1193,66.7083,65.2993,67.0820,64.4127,67.0820,64.0078,64.6607,64.6607,64.4050,66.0303,65.4370,67.2681,65.8559,67.2681,65.7647,67.2086,65.7647,68.6222,67.9412,68.6222,70.0357,67.3573,69.8140,71.8401,70.4344,74.0270,71.8401,73.2462,70.4344,71.7008,72.2496,72.9178,72.1388,70.0071,68.5930,68.6222,66.6033,65.1920,64.5368,61.4003,62.8013,58.0086,56.8595,55.7584,54.2033,54.1202,52.3259,50.0899,49.7695,49.6488,46.0977,0.0000,0.0000,0.0000,0.0000,0.0000,0.0000,0.0000,0.0000,0.0000,0.0000,0.0000,0.0000
1700000013.150000,-64.1,66.0076,63.0000,66.0303,67.0075,65.1230,62.1289,63.3877,63.7887,62.8013,64.1327,63.5610,65.2533,65.0000,63.8905,64.1950,63.6946,65.1920,65.0000,65.7951,67.0820,64.8845,66.6483,65.2993,69.3542,68.9638,68.0000,70.1783,70.3278,70.4911,70.3278,69.8355,70.2353,69.3542,69.3181,67.5352,67.5426,65.3070,65.7951,64.2573,62.0322,61.6847,58.1893,58.8218,55.0818,52.6308,53.6004,51.1957,51.9711,50.4876,48.1664,47.0106,46.0977,0.0000,0.0000,0.0000,0.0000,0.0000,0.0000,0.0000,0.0000,0.0000,0.0000,0.0000,0.0000
1700000013.200000,-58.3,57.6888,56.6039,58.3095,57.8014,57.8014,57.8014,55.4707,57.6975,56.3649,57.7754,58.5235,57.9396,58.8218,58.2409,58.5235,58.6941,57.2713,58.4637,58.8558,60.2080,60.0167,59.6825,59.6825,61.5224,61.5224,61.5224,61.5224,63.5059,64.4981,64.3817,61.9839,63.7887,64.9384,61.3922,60.4152,60.4152,61.1310,58.2409,57.8705,56.3028,54.0833,52.2015,52.5547,49.2443,46.9574,46.9574,46.6476,44.9444,44.6542,43.6005,43.2782,40.3113,0.0000,0.0000,0.0000,0.0000,0.0000,0.0000,0.0000,0.0000,0.0000,0.0000,0.0000,0.0000
1700000013.250000,-61.9,65.9697,63.0635,67.6757,63.2456,66.7308,61.3514,63.3246,63.3246,63.9766,63.9766,63.5059,63.5295,65.0000,63.8122,63.2851,66.0303,62.2013,67.2012,64.0312,67.0075,65.6049,68.2495,66.7083,68.6804,69.5270,66.6033,68.6804,70.8378,69.3542,72.2496,68.2495,69.6563,71.2180,68.0074,68.6003,69.6348,65.1920,64.6607,65.0000,61.7738,60.8276,57.7062,60.3738,54.1295,53.4883,52.9245,51.5461,50.9608,50.6952,48.2701,47.3814,45.0999,0.0000,0.0000,0.0000,0.0000,0.0000,0.0000,0.0000,0.0000,0.0000,0.0000,0.0000,0.0000
1700000013.300000,-65.1,65.1153,65.9242,65.4905,69.5845,65.3758,64.2806,65.0692,65.0077,63.0714,63.0000,65.0000,65.0692,65.0692,65.2763,67.3647,64.3817,67.7422,65.6201,67.0820,67.0820,67.2681,67.9117,65.3070,69.3758,70.6116,71.3092,71.5681,72.0347,71.8053,71.0634,73.5459,71.1969,71.1969,69.8713,70.7107,67.6018,66.3702,65.1920,64.0312,65.0308,60.0000,62.0000,60.0333,59.1354,54.2310,54.4518,53.7587,53.6004,49.8197,50.6952,49.0408,46.0977,0.0000,0.0000,0.0000,0.0000,0.0000,0.0000,0.0000,0.0000,0.0000,0.0000,0.0000,0.0000
1700000013.350000,-61.9,65.4599,61.0328,66.4003,62.6259,64.6607,61.7171,63.0317,60.8276,60.8112,63.7024,63.7024,63.2535,64.0312,64.8151,61.4003,65.4599,62.6817,64.8999,63.8122,65.5134,66.3702,67.4166,67.2309,67.5352,68.4763,66.1891,68.4251,69.3542,68.0000,68.9638,67.2309,69.4622,69.6419,69.3397,66.8506,68.2422,64.6375,64.0312,62.4820,61.0737,60.8769,57.2800,59.3970,54.4518,53.8145,50.9902,51.2250,50.0000,49.4065,48.5489,45.6508,43.4626,0.0000,0.0000,0.0000,0.0000,0.0000,0.0000,0.0000,0.0000,0.0000,0.0000,0.0000,0.0000
1700000013.400000,-58.5,66.7083,64.2884,68.0074,65.8027,68.6222,64.5136,66.4078,64.2573,63.9062,64.4050,64.4050,66.2420,65.8635,66.3702,66.3702,67.9559,67.1193,66.8506,66.6108,68.0074,66.0303,67.8012,69.2026,70.0928,70.9366,72.4707,72.3464,73.7564,71.5891,71.8401,68.4105,73.0069,73.0069,70.1783,71.8679,68.5055,70.1783,66.3702,64.8845,64.4127,61.2699,60.8358,60.0083,55.5428,57.2451,55.3624,52.8867,51.4198,51.1957,50.9902,50.3587,47.0425,0.0000,0.0000,0.0000,0.0000,0.0000,0.0000,0.0000,0.0000,0.0000,0.0000,0.0000,0.0000
1700000013.450000,-62.3,64.1405,64.4127,63.0635,64.4127,63.0714,62.1691,61.4654,62.3939,61.4654,60.7454,63.8905,63.3246,63.0635,64.7611,64.7611,63.7887,64.7765,63.7887,63.5059,65.4905,65.4905,66.4831,65.3758,67.0671,69.0652,68.1175,69.0652,70.1142,71.1758,70.1783,69.3542,71.4493,69.5845,67.8970,68.0661,67.2681,65.9242,64.0312,63.3246,60.4401,58.8218,59.1354,56.3028,55.7136,51.4781,52.8015,51.8845,49.6488,51.1077,46.0435,47.2017,45.9674,0.0000,0.0000,0.0000,0.0000,0.0000,0.0000,0.0000,0.0000,0.0000,0.0000,0.0000,0.0000
1700000013.500000,-63.9,60.0750,60.0083,63.0079,62.0000,60.0000,59.0085,60.1332,60.2080,58.3095,59.5399,61.8142,59.4390,61.6117,60.1664,59.9083,62.6418,61.0328,61.9839,60.4070,62.2977,62.6259,63.3246,61.8466,65.7951,65.7951,65.3911,65.7951,68.9420,66.2118,65.7951,64.6220,66.4831,68.0074,64.1950,64.1950,62.9365,63.6003,61.1310,59.9083,58.4637,57.8705,56.8858,54.7449,51.3517,52.0865,49.0408,50.0100,48.0000,48.0937,47.0956,45.3982,42.9535,0.0000,0.0000,0.0000,0.0000,0.0000,0.0000,0.0000,0.0000,0.0000,0.0000,0.0000,0.0000
1700000013.550000,-62.8,59.0000,59.0000,59.1354,59.0762,60.1332,59.0762,57.3149,56.3205,57.7062,58.8558,60.0167,60.6383,59.6657,58.5235,58.2409,60.0833,58.8727,60.7454,60.1664,60.5392,60.1664,62.2415,61.8466,61.7414,64.4748,62.6498,63.5610,65.3070,63.9531,65.3070,64.6220,65.9242,65.5515,64.8460,62.2977,62.9365,62.6418,60.8769,57.4891,55.3173,56.2939,53.9351,54.7449,51.3517,50.2494,50.0899,48.0000,46.0109,46.0435,44.2832,42.5793,42.9535,0.0000,0.0000,0.0000,0.0000,0.0000,0.0000,0.0000,0.0000,0.0000,0.0000,0.0000,0.0000
1700000013.600000,-59.2,64.2884,63.3482,63.7887,65.3070,63.9531,60.8276,62.5140,62.2896,62.2013,64.2806,64.0703,64.0312,64.0000,64.0000,64.0000,64.2806,64.2806,64.3817,64.2806,66.4831,66.3702,66.7533,65.6201,68.2495,67.8970,67.8970,70.0357,70.2140,70.2140,70.2140,69.7209,70.4557,69.3542,67.2681,68.1175,67.0298,67.0671,64.0000,63.0000,63.0317,60.1332,58.1378,58.3095,53.3385,53.7587,51.6236,52.3927,50.6952,51.2445,48.7032,47.4236,45.6508,0.0000,0.0000,0.0000,0.0000,0.0000,0.0000,0.0000,0.0000,0.0000,0.0000,0.0000,0.0000
1700000013.650000,-62.1,61.6847,60.4070,62.2415,61.4654,59.0931,59.9333,59.4811,59.5399,59.1693,58.5235,59.9083,62.2013,61.4003,61.7171,60.4401,62.2896,60.8112,59.4138,62.2415,62.2254,63.7024,63.7024,61.7171,63.2535,65.2993,64.6607,65.6049,66.0681,69.0290,68.2495,65.9469,65.9469,66.6033,65.7647,65.0538,63.6396,61.5224,62.2896,59.5483,58.0517,56.0803,56.2228,55.0000,52.4309,49.6488,49.3964,48.8774,49.6488,47.4236,46.6154,45.5412,42.2019,0.0000,0.0000,0.0000,0.0000,0.0000,0.0000,0.0000,0.0000,0.0000,0.0000,0.0000,0.0000
1700000013.700000,-61.5,64.8845,62.6498,63.5059,63.0714,64.0781,61.8466,62.3939,61.3514,61.0328,63.3246,63.3246,63.5610,62.5859,63.9531,61.9839,65.6201,62.5140,64.3817,63.1981,65.1230,65.0692,67.0298,67.0298,68.0000,66.0000,67.0000,68.0294,70.0000,69.0000,70.0000,68.0000,69.0000,69.0652,68.1175,67.1193,67.2681,66.3702,63.5059,61.6604,60.0167,60.0167,58.2495,58.4637,54.5711,53.8516,52.2015,51.5461,49.9800,49.7695,48.7545,47.5079,45.4863,0.0000,0.0000,0.0000,0.0000,0.0000,0.0000,0.0000,0.0000,0.0000,0.0000,0.0000,0.0000
1700000013.750000,-64.7,62.8013,62.8013,65.2150,63.2456,63.2851,59.9083,61.4003,60.4152,61.7738,61.2699,63.0714,62.7694,65.1920,64.2573,63.5689,64.5601,63.0635,63.0635,64.1327,65.3070,65.7343,64.1327,64.1327,67.7422,66.9104,67.7422,68.7314,68.5930,69.4622,69.7209,67.8970,69.8713,70.2140,68.6586,66.4906,66.9403,64.2884,63.8905,59.7746,60.0833,59.4643,58.5235,57.5847,55.1543,53.3104,52.3259,51.1077,51.4781,49.0918,47.2017,47.0106,43.8634,0.0000,0.0000,0.0000,0.0000,0.0000,0.0000,0.0000,0.0000,0.0000,0.0000,0.0000,0.0000
1700000013.800000,-61.6,60.4152,58.9406,61.4003,58.9406,61.6847,60.0833,59.4643,58.5235,58.3095,58.6941,58.6003,61.7414,60.8276,60.9016,61.4003,62.6817,59.6406,62.6817,61.6117,61.6117,61.8547,63.4114,62.8013,63.0317,64.6607,63.8905,67.3573,67.0075,67.3573,67.3573,64.2028,67.6240,67.2012,64.0703,64.0703,66.0379,62.9682,60.9016,61.2944,59.9416,59.4811,56.3560,56.8595,51.0784,51.6236,49.6488,49.3356,48.0833,48.2701,46.6905,44.2832,42.0476,0.0000,0.0000,0.0000,0.0000,0.0000,0.0000,0.0000,0.0000,0.0000,0.0000,0.0000,0.0000
1700000013.850000,-62.0,63.1269,64.6607,59.8164,64.4050,62.4260,64.3506,61.9112,61.7738,61.7738,60.3738,61.2699,62.2415,63.6946,63.3246,64.8460,62.6259,64.8460,61.6847,64.0312,65.5134,65.0000,65.7343,62.8172,67.0820,68.2495,67.0820,68.8840,67.0820,70.2140,68.2495,70.6116,69.6348,67.9117,67.9117,67.7200,65.5210,64.8460,63.8905,62.9682,63.9062,58.3095,58.6941,57.6975,55.9017,53.6656,52.3546,52.4786,50.4777,48.2597,48.0104,47.5079,43.8406,0.0000,0.0000,0.0000,0.0000,0.0000,0.0000,0.0000,0.0000,0.0000,0.0000,0.0000,0.0000
1700000013.900000,-63.9,65.2993,63.7809,66.4831,63.6553,65.0538,62.2415,62.9682,65.2993,63.4114,65.2150,66.4003,64.8999,64.8999,64.1405,64.8845,67.0820,63.9531,66.1891,65.0000,67.6240,67.1193,68.1542,68.5420,69.6419,70.9366,68.7095,69.8928,74.0000,68.6222,73.0548,69.2892,72.2357,73.1642,69.8570,68.5420,69.7782,65.7647,64.8845,65.3682,62.2656,62.7694,58.3095,60.4649,54.9181,55.2178,54.0370,52.4976,51.7397,51.6236,48.8365,49.6790,46.6154,0.0000,0.0000,0.0000,0.0000,0.0000,0.0000,0.0000,0.0000,0.0000,0.0000,0.0000,0.0000
1700000013.950000,-61.9,67.0000,67.0000,69.1158,67.0298,67.2681,65.1920,63.6396,64.7765,64.3273,66.2873,66.7083,65.0000,67.1863,65.1460,66.0984,70.0071,66.8506,67.2309,66.3099,67.9779,69.7782,69.3181,68.4471,70.7107,70.2353,71.1196,71.1969,73.4302,72.9452,76.1577,72.4500,72.0139,72.9178,71.5891,68.5420,70.7743,66.8506,67.0671,65.1460,65.1460,63.6003,60.4401,61.1310,55.3173,56.0892,53.6004,53.6004,52.4690,53.1507,51.0000,49.0408,46.5296,0.0000,0.0000,0.0000,0.0000,0.0000,0.0000,0.0000,0.0000,0.0000,0.0000,0.0000,0.0000
1700000014.000000,-62.2,59.0339,62.1289,60.2993,62.2896,60.2993,59.5399,57.2713,57.4891,59.2284,58.2409,60.1664,59.1354,60.4070,59.8080,62.0322,60.9262,61.7414,58.6941,63.5059,63.0635,63.0635,62.6498,61.2944,64.4981,64.4981,63.8122,66.0379,65.5134,67.6018,64.4981,67.6018,67.1193,66.2420,65.2993,63.9766,62.2415,61.4654,61.4654,59.4643,59.1354,55.0818,57.0088,54.8179,53.3667,51.1957,48.6621,48.8365,49.2544,47.0956,46.0109,44.0454,42.2966,0.0000,0.0000,0.0000,0.0000,0.0000,0.0000,0.0000,0.0000,0.0000,0.0000,0.0000,0.0000
1700000014.050000,-58.4,65.9242,65.1920,65.7875,66.1287,67.0522,63.8905,63.8905,62.8172,63.7887,63.9531,65.7647,64.4981,67.2681,65.0692,65.1230,68.0661,66.0000,66.0000,69.0000,68.0074,69.0000,69.0290,66.0681,70.3491,69.3542,71.3442,70.3491,72.3395,73.3348,72.3395,72.0625,74.0608,72.0000,71.0282,69.0000,68.0000,69.0072,68.0294,65.0692,65.1920,62.5140,63.3877,59.8415,57.0701,55.1090,54.8179,53.1601,53.1413,52.4976,49.7695,50.0899,47.1699,0.0000,0.0000,0.0000,0.0000,0.0000,0.0000,0.0000,0.0000,0.0000,0.0000,0.0000,0.0000
1700000014.100000,-62.4,63.1269,65.1920,65.0538,65.7647,63.6396,64.3506,65.1920,64.5368,64.5368,65.6049,63.8201,64.8999,64.6607,64.6607,64.6607,66.6483,66.7308,64.8460,66.6408,67.1193,67.0820,67.1193,66.7083,68.7095,70.3847,70.3847,70.0071,71.3092,71.3092,72.2357,70.3847,72.0139,72.0139,71.1196,70.2353,69.3181,68.4763,65.5134,63.8122,64.0703,62.8013,60.4649,59.8164,57.6281,55.2268,52.3450,53.7401,52.3450,52.4976,50.0000,48.8262,48.0208,0.0000,0.0000,0.0000,0.0000,0.0000,0.0000,0.0000,0.0000,0.0000,0.0000,0.0000,0.0000
1700000014.150000,-61.8,69.6419,66.2193,69.6348,68.8840,69.2315,66.2873,67.0820,67.6018,67.3647,67.1193,67.0671,68.0000,70.0000,68.0294,69.0290,71.2531,68.3593,71.4493,67.6018,69.7209,69.4622,71.0211,71.8471,72.5672,73.5459,72.1803,73.5459,76.6877,73.7564,77.6660,72.3671,75.1332,76.6551,73.4370,73.4370,73.3348,70.2567,67.1193,69.0652,66.0000,66.0000,62.0000,65.0692,58.0775,58.2151,57.5587,55.7315,54.7449,54.5711,50.6952,51.5461,49.2443,0.0000,0.0000,0.0000,0.0000,0.0000,0.0000,0.0000,0.0000,0.0000,0.0000,0.0000,0.0000
1700000014.200000,-67.4,61.5224,60.1415,63.0317,61.7171,60.4401,60.9590,59.4054,60.2163,60.7454,59.6825,61.9112,61.7738,60.3738,60.8276,60.8358,61.4654,63.6946,61.8466,62.0322,63.2456,62.2977,63.8905,63.2456,66.2193,67.0522,66.4831,67.1863,68.0074,69.9214,66.7608,67.3573,67.3573,67.3573,66.1287,66.3099,65.0000,63.9766,62.6099,60.3738,61.2944,57.8014,58.3095,55.7584,54.0833,52.4309,50.8035,49.6790,50.2494,48.1041,46.6905,45.4533,45.2217,0.0000,0.0000,0.0000,0.0000,0.0000,0.0000,0.0000,0.0000,0.0000,0.0000,0.0000,0.0000
1700000014.250000,-66.8,59.0000,58.0086,59.0339,61.0328,59.0762,59.1354,56.4358,57.5587,57.7062,57.0701,58.6941,57.7235,60.1664,60.4401,59.4811,59.8080,60.1664,59.8080,61.3270,61.8466,61.7414,60.8358,59.9333,63.0635,64.8460,63.0635,66.2420,65.7419,66.6483,66.1891,66.1891,65.7419,65.7951,64.4748,64.0781,62.9682,62.9682,60.0833,60.4401,58.5235,57.4891,55.7853,55.1090,50.9902,50.6360,49.3660,48.2597,48.0937,47.0425,47.0000,43.1856,41.4367,0.0000,0.0000,0.0000,0.0000,0.0000,0.0000,0.0000,0.0000,0.0000,0.0000,0.0000,0.0000
1700000014.300000,-62.6,65.4905,64.1327,66.4906,66.2873,65.2533,64.0312,64.2884,62.6259,62.9682,62.0322,63.3246,64.8460,69.8355,66.6483,63.5295,65.4599,66.8880,64.0703,65.8027,66.4003,63.5138,68.0074,66.6108,69.4046,66.8431,69.6348,72.9178,75.9276,71.0634,71.5052,68.6003,73.6003,73.4098,71.4003,68.2422,72.1110,66.3702,66.2420,64.0078,61.4003,62.2656,62.1772,61.7414,57.7754,55.5428,53.8516,55.6597,51.8652,51.4198,51.4198,48.6621,47.1699,0.0000,0.0000,0.0000,0.0000,0.0000,0.0000,0.0000,0.0000,0.0000,0.0000,0.0000,0.0000
1700000014.350000,-62.4,59.0000,61.0082,60.0750,60.0750,60.1332,58.3095,58.5491,57.7062,58.8558,58.4637,60.4152,60.1664,60.7289,59.7746,59.1354,60.5392,60.5392,60.5392,62.1691,61.2699,59.9333,62.6099,62.1691,61.7738,64.0078,63.5295,66.3702,65.3682,66.7308,64.8845,64.4127,66.2420,66.1891,65.7951,64.4748,64.0781,63.6946,60.7454,58.5235,59.4811,56.3205,56.0446,54.5711,54.3415,51.9711,51.1957,50.4876,48.3735,49.0918,47.0106,45.0111,43.1856,0.0000,0.0000,0.0000,0.0000,0.0000,0.0000,0.0000,0.0000,0.0000,0.0000,0.0000,0.0000
1700000014.400000,-63.8,59.5483,58.2580,59.0339,59.2030,56.6127,57.4282,56.3028,56.6039,57.8014,58.5918,58.5918,58.1808,59.0931,60.5392,58.6941,60.4070,59.7746,60.0833,61.1310,60.1664,62.3618,61.8466,61.1310,63.3482,65.3070,64.7611,65.3070,65.3070,65.3070,65.3070,65.7343,65.0000,65.9697,63.8905,64.1950,62.6259,62.3939,59.6154,60.1664,58.3095,55.9464,55.0364,56.3560,52.3259,51.4781,50.7740,47.4342,47.4342,46.4004,46.8615,45.2769,42.5206,0.0000,0.0000,0.0000,0.0000,0.0000,0.0000,0.0000,0.0000,0.0000,0.0000,0.0000,0.0000
1700000014.450000,-63.5,68.6586,68.2495,67.4759,69.2315,69.5845,67.3647,66.1211,66.0681,66.0076,64.0000,66.0000,68.1175,68.1836,67.4759,68.4690,67.7422,69.0507,67.0820,68.4471,69.6348,69.2315,71.0634,68.8840,71.1688,71.1688,72.8011,74.3303,75.0000,77.2010,74.0405,73.2462,75.1864,75.7100,72.5672,75.3127,72.0069,72.0069,68.4690,69.4622,68.3593,64.1249,65.0692,62.0322,59.0000,58.0000,58.0775,57.1402,56.3205,53.6004,52.6118,52.6308,50.5964,0.0000,0.0000,0.0000,0.0000,0.0000,0.0000,0.0000,0.0000,0.0000,0.0000,0.0000,0.0000
1700000014.500000,-63.6,65.7875,65.4599,64.8460,66.7608,66.2193,65.0000,65.5134,63.1506,64.7765,63.5059,65.3758,66.2722,67.1863,66.0303,66.0076,66.0076,67.0298,67.0075,68.1836,71.4493,67.2681,69.4622,68.4690,71.5681,71.4493,70.7107,72.0069,73.1642,72.6911,72.5603,72.6911,75.6637,74.4312,72.2496,71.1126,69.0652,71.0282,68.0294,67.0298,67.0671,63.0317,62.1289,62.3939,59.3043,57.4282,53.9351,53.9351,54.5711,53.1601,50.2892,50.1597,48.3011,0.0000,0.0000,0.0000,0.0000,0.0000,0.0000,0.0000,0.0000,0.0000,0.0000,0.0000,0.0000
1700000014.550000,-65.9,63.3482,63.3482,62.8013,62.8013,64.6297,62.5140,62.1289,64.0703,62.0725,62.0000,62.0725,62.0725,62.1289,62.2013,63.2851,65.3070,65.1153,64.3273,63.7887,65.7343,66.9403,66.2193,64.2884,66.7308,67.3573,68.6222,70.2282,69.6419,70.5762,71.8679,70.2140,70.2140,69.9214,69.3758,69.3758,69.1231,66.9403,66.2873,64.3273,61.0000,61.6604,60.5310,59.4138,57.2189,54.0370,53.0094,53.0094,53.0094,53.0848,49.1630,49.6488,45.6070,0.0000,0.0000,0.0000,0.0000,0.0000,0.0000,0.0000,0.0000,0.0000,0.0000,0.0000,0.0000
1700000014.600000,-63.4,64.8151,62.6259,63.6003,63.8201,64.0703,62.6817,60.5392,61.4003,62.6498,62.6498,63.5610,62.7694,65.5515,64.8460,64.8460,64.8460,64.5601,64.2884,64.7611,65.0000,65.9697,68.2495,67.2681,67.7422,70.7107,68.7314,69.7209,70.7107,71.7008,70.5762,69.2315,73.1642,70.6116,70.8308,70.0928,69.3758,66.2193,64.8460,64.8460,64.8460,62.0322,61.4654,59.2368,55.9464,55.4617,53.6656,52.8394,53.3385,51.1077,48.8262,49.0408,46.6690,0.0000,0.0000,0.0000,0.0000,0.0000,0.0000,0.0000,0.0000,0.0000,0.0000,0.0000,0.0000
1700000014.650000,-59.7,61.3514,60.4070,60.7454,62.3939,59.0931,60.9262,60.3738,60.3738,59.5399,59.1693,60.2080,60.7454,60.8030,61.6117,62.2013,61.8466,63.1269,60.9590,62.9682,62.9682,64.3817,64.3506,64.3817,65.7951,67.2681,66.5282,67.9412,68.6222,68.6222,67.8970,68.6222,69.2965,67.8970,68.6222,65.9469,64.0312,65.9469,62.8013,61.6117,61.6117,59.9083,58.8303,55.7584,55.0727,52.3259,51.4296,51.4781,50.3289,48.7032,47.4342,48.5077,44.7214,0.0000,0.0000,0.0000,0.0000,0.0000,0.0000,0.0000,0.0000,0.0000,0.0000,0.0000,0.0000
1700000014.700000,-61.4,67.0671,68.9493,70.3420,69.9214,68.6804,64.0312,64.5368,65.9242,65.9242,67.6018,66.4831,67.1863,68.0294,69.0072,68.0000,68.0074,68.0294,69.0290,69.1809,69.1809,70.2567,71.3442,68.4690,72.8354,73.6817,71.8471,74.8131,75.6637,74.6726,75.6637,74.3303,76.4199,76.2365,74.1687,74.0270,74.0270,71.0000,71.0000,68.0294,68.1175,65.1920,64.2806,63.3877,62.6498,58.8558,57.4891,57.9741,57.9741,55.6597,50.9215,51.4781,51.1077,0.0000,0.0000,0.0000,0.0000,0.0000,0.0000,0.0000,0.0000,0.0000,0.0000,0.0000,0.0000
1700000014.750000,-61.7,66.6033,69.3542,65.7647,67.8822,67.8822,64.3817,65.8559,65.2993,66.0681,64.2028,65.2150,67.6757,68.7968,68.6003,67.7422,68.0955,67.5352,67.0820,67.2309,69.7782,69.3542,68.9420,70.2638,70.9366,73.7360,72.8011,75.9605,72.8011,75.3923,72.8011,73.9256,75.2396,74.3236,72.9178,72.4500,71.5542,71.1196,70.4911,67.7422,68.2642,65.4599,64.6375,62.8013,59.8164,58.2580,55.9732,55.2268,56.5685,54.4885,52.8015,51.4004,49.7393,0.0000,0.0000,0.0000,0.0000,0.0000,0.0000,0.0000,0.0000,0.0000,0.0000,0.0000,0.0000
1700000014.800000,-60.9,67.6018,65.3758,67.1193,67.1863,67.1193,63.1269,65.0000,65.0077,65.0077,67.1193,66.0681,66.2722,66.4831,64.7765,62.8013,67.6831,65.9697,67.1863,65.2533,67.7200,69.9214,68.6222,67.0522,68.6222,70.5195,69.2892,71.1688,74.0000,73.3894,74.0000,71.1688,72.4224,74.3303,71.5681,72.0347,71.5891,71.1969,68.0661,66.6108,63.6396,64.2806,62.2896,61.1310,60.0750,58.0000,55.0000,54.0370,55.1453,53.6004,51.7880,51.6624,47.4342,0.0000,0.0000,0.0000,0.0000,0.0000,0.0000,0.0000,0.0000,0.0000,0.0000,0.0000,0.0000
1700000014.850000,-61.9,66.6108,65.8027,65.9469,66.7083,65.9469,64.4438,65.1920,64.3506,64.3506,63.1269,63.2535,66.4003,67.2012,64.6375,65.8027,65.7343,67.7422,64.3506,66.7308,68.2642,67.7422,69.3542,68.4251,71.1758,70.3847,69.7782,72.9178,72.0139,74.2496,71.5542,73.3485,75.1798,72.5603,69.9714,72.1110,69.9714,69.1158,68.2422,67.2012,66.4003,62.4820,62.4820,59.4643,59.4643,56.5862,55.9732,56.2228,52.8015,52.2015,52.2015,50.2494,48.3011,0.0000,0.0000,0.0000,0.0000,0.0000,0.0000,0.0000,0.0000,0.0000,0.0000,0.0000,0.0000
1700000014.900000,-59.7,65.0077,65.0692,65.3758,65.2763,63.3877,60.4070,62.8013,62.1691,62.5859,62.8172,62.8172,62.3618,63.8905,65.1460,65.1920,66.3099,63.1585,63.9766,63.0714,66.1891,66.6408,68.4763,65.2993,68.0000,69.8355,68.4763,70.8308,71.1969,69.8355,69.8355,71.1196,72.4707,71.5542,70.6824,71.5891,70.3847,67.7791,67.3573,63.8905,63.6003,62.0967,60.8769,61.3922,56.2939,53.9351,52.6118,54.4518,52.2398,53.0377,50.0000,49.1630,46.5296,0.0000,0.0000,0.0000,0.0000,0.0000,0.0000,0.0000,0.0000,0.0000,0.0000,0.0000,0.0000
1700000014.950000,-67.1,62.8172,60.8769,62.9365,62.6418,61.0328,60.0833,61.4654,60.9262,59.0931,61.2699,62.6498,60.9016,63.2851,61.2944,62.1289,63.6003,61.4003,62.8013,63.7809,65.2993,63.1269,65.8559,62.2896,66.4831,65.7647,66.4831,68.5930,69.3109,68.6804,70.0357,69.3109,70.7107,71.4493,66.5282,66.8431,68.7677,66.8431,63.4114,62.8013,59.4054,60.4649,60.4649,59.0762,57.4543,55.9464,54.1202,51.4296,50.5668,49.7695,48.7032,46.5725,44.9110,0.0000,0.0000,0.0000,0.0000,0.0000,0.0000,0.0000,0.0000,0.0000,0.0000,0.0000,0.0000
1700000015.000000,-63.3,60.4401,59.8164,62.4260,61.6117,59.0762,59.3633,60.0333,57.3062,59.4811,59.0339,60.4152,58.6941,59.8080,59.8080,60.7454,60.4401,59.4811,59.4811,60.2080,60.6383,61.6117,62.3699,62.3699,62.8013,65.1153,65.1153,66.7533,68.0661,66.9104,66.9104,66.0984,66.4906,67.4685,66.7083,66.2193,64.8460,65.4599,60.7454,61.4654,59.6154,58.6941,58.1808,55.9017,53.2259,52.8394,50.6063,51.0392,50.2195,49.2037,47.5079,47.3814,44.6878,0.0000,0.0000,0.0000,0.0000,0.0000,0.0000,0.0000,0.0000,0.0000,0.0000,0.0000,0.0000
1700000015.050000,-63.1,64.8845,65.3070,64.4127,66.1891,62.6498,62.6498,63.2851,62.4260,61.8547,62.0081,63.8905,63.7809,63.7809,65.0692,65.0692,63.7024,65.1153,62.2896,64.0312,64.8151,66.2193,68.4105,65.0000,68.5055,69.0652,69.6348,69.3397,71.2811,72.4017,70.1783,71.6101,73.2393,70.4557,69.8140,69.4046,67.6240,68.2495,66.7083,65.1920,65.0692,60.8112,61.5224,59.4138,56.5862,54.0370,55.0000,53.4135,52.4309,52.1536,49.7393,48.7647,47.9270,0.0000,0.0000,0.0000,0.0000,0.0000,0.0000,0.0000,0.0000,0.0000,0.0000,0.0000,0.0000
1700000015.100000,-65.2,65.0000,66.4906,63.9531,68.0661,62.6498,64.4981,63.1981,64.1950,62.1289,62.0725,65.0308,65.0000,65.0692,65.1230,66.1211,65.3758,67.4759,62.5140,67.8970,66.4906,68.0661,66.7083,66.2873,70.8308,70.6116,71.3092,71.3092,71.0634,72.0347,70.0928,73.5459,72.3671,73.1642,70.7107,71.5681,67.6018,69.3542,67.1193,66.0303,67.0298,62.0000,63.0079,60.0083,60.2080,57.1402,53.4603,53.7587,53.9351,51.1957,51.9230,48.7032,48.3322,0.0000,0.0000,0.0000,0.0000,0.0000,0.0000,0.0000,0.0000,0.0000,0.0000,0.0000,0.0000
1700000015.150000,-64.2,61.5224,60.8276,63.0317,61.6198,63.0317,60.3075,60.0000,58.4123,60.4649,60.4649,61.2944,61.5873,60.9016,61.2944,61.7738,63.0714,61.7414,62.6498,61.4654,63.9062,62.3939,63.9062,63.3246,62.9365,66.1287,66.4078,67.0522,68.6804,68.6222,67.7200,68.0074,68.3081,70.2282,67.0671,65.9242,66.7083,65.7419,63.5295,64.4981,60.9016,61.5873,58.8303,57.4282,55.4707,53.6004,52.8015,50.9902,50.9902,50.9313,49.5782,48.6004,44.9444,0.0000,0.0000,0.0000,0.0000,0.0000,0.0000,0.0000,0.0000,0.0000,0.0000,0.0000,0.0000
1700000015.200000,-64.1,65.0308,62.0000,63.0714,63.0317,62.0322,61.0737,61.6604,57.5587,59.8415,60.8276,62.8013,62.5859,62.5859,59.9083,60.1664,63.5689,60.0833,62.9365,60.5392,61.8466,61.4654,63.9766,62.2415,66.2118,66.2118,63.9766,65.7419,67.0820,66.6408,69.3542,67.1193,68.0294,67.6240,67.7791,65.5515,67.3573,66.4078,64.2884,62.8172,60.4152,60.0167,58.0517,59.6825,55.4437,54.3323,52.1536,52.0096,52.0096,51.0098,50.2494,47.3814,45.3542,0.0000,0.0000,0.0000,0.0000,0.0000,0.0000,0.0000,0.0000,0.0000,0.0000,0.0000,0.0000
1700000015.250000,-65.2,63.9766,64.0078,62.6498,64.4981,62.7694,61.0574,61.5873,59.6406,61.6117,61.0737,61.0737,62.2896,63.7024,62.2415,61.5224,62.2415,63.0317,61.6198,63.2535,61.7171,61.0737,64.0312,62.0081,65.4599,65.4599,65.4599,66.0303,66.8506,68.2422,67.2012,67.2012,69.4046,69.0290,65.2993,65.9469,63.7024,63.7024,64.3506,63.6396,62.9682,58.1378,61.0737,59.0339,55.6058,53.0094,51.8652,51.6236,50.2494,50.5371,47.8539,46.8188,45.2217,0.0000,0.0000,0.0000,0.0000,0.0000,0.0000,0.0000,0.0000,0.0000,0.0000,0.0000,0.0000
1700000015.300000,-59.7,72.8354,71.8471,72.1734,71.2531,71.1126,69.0652,71.0000,71.0000,69.1158,71.1126,69.1158,69.2604,69.4622,72.0069,69.7209,72.0347,68.1542,70.3420,69.5701,69.8928,71.7844,72.4500,72.7324,71.5122,75.6108,75.0267,76.1577,76.0592,76.0592,78.3901,77.4726,77.4726,76.6942,76.5506,74.3303,75.8947,75.2861,72.2772,68.6586,69.3758,71.0634,65.7343,66.0984,61.6604,61.9839,59.4138,58.3095,58.2151,58.0000,55.0364,54.3323,51.7880,0.0000,0.0000,0.0000,0.0000,0.0000,0.0000,0.0000,0.0000,0.0000,0.0000,0.0000,0.0000
1700000015.350000,-60.8,71.1688,69.6419,68.6804,69.3758,67.6831,68.4471,66.0984,66.6108,67.6018,67.1863,68.1836,68.0000,68.0000,68.0000,68.0000,68.0661,68.1175,67.1863,68.5930,68.7314,69.5845,69.8713,68.7314,70.6116,72.2772,73.5459,73.2462,73.9797,75.9276,74.7329,73.5459,74.5252,75.3127,72.9931,74.5453,71.7008,71.7008,68.5930,68.1175,68.0294,65.0077,64.0078,62.0000,58.0000,59.1354,56.2228,56.2228,55.7315,54.9181,51.4198,50.0000,49.6488,0.0000,0.0000,0.0000,0.0000,0.0000,0.0000,0.0000,0.0000,0.0000,0.0000,0.0000,0.0000
1700000015.400000,-61.1,69.8140,68.0147,68.6222,69.3542,67.8970,67.8822,67.9412,66.7083,67.4759,67.6240,68.4105,67.4240,69.3397,69.3397,68.7968,67.2309,68.9638,66.2420,69.7782,70.2140,70.2140,71.1126,68.9420,70.0071,73.9256,72.2357,72.8011,73.9256,72.8011,75.3923,74.3236,74.3236,75.1532,73.8241,72.4707,71.1969,72.2011,70.4911,69.3397,67.1193,65.2150,65.0000,61.4003,60.4401,58.2580,57.3149,56.5862,54.4885,55.3173,54.0370,50.4777,50.6063,0.0000,0.0000,0.0000,0.0000,0.0000,0.0000,0.0000,0.0000,0.0000,0.0000,0.0000,0.0000
1700000015.450000,-63.8,62.7694,62.7694,63.0714,63.9766,61.7414,61.2699,61.2944,59.9416,61.4003,60.2080,61.5873,61.8547,63.2456,61.6117,62.8013,61.7171,61.6198,60.2080,62.9682,61.5224,62.2415,64.3817,60.8112,64.3817,65.7647,65.0692,67.9412,66.5282,67.2681,67.2681,67.8822,67.8822,67.8970,67.2086,67.8970,63.7809,64.0312,64.8151,62.4260,60.4649,59.9083,57.9828,57.4543,54.7083,53.2353,50.5371,52.0000,51.0784,49.6488,50.6952,46.0977,45.3982,0.0000,0.0000,0.0000,0.0000,0.0000,0.0000,0.0000,0.0000,0.0000,0.0000,0.0000,0.0000
1700000015.500000,-60.9,68.3593,65.6201,65.3070,66.9104,66.2873,63.1506,64.7611,63.0635,64.8460,64.1950,64.5136,64.6220,65.1920,64.4748,63.5059,64.4127,64.4127,63.6318,64.6607,64.3506,65.5134,66.8506,65.1920,68.0074,69.4046,67.4240,69.2026,72.0069,70.0000,70.8025,70.0000,71.0282,73.0069,68.5055,71.3442,68.6003,65.8635,64.4127,66.2118,62.6099,63.5059,61.7414,60.9262,57.2451,55.7136,54.0833,54.1202,52.2015,51.1957,50.4876,49.1630,48.0104,0.0000,0.0000,0.0000,0.0000,0.0000,0.0000,0.0000,0.0000,0.0000,0.0000,0.0000,0.0000
1700000015.550000,-61.4,62.6099,59.5063,62.2415,61.4654,61.4654,60.4070,60.0833,60.0833,60.4401,59.9083,60.4152,58.8558,60.6712,62.6498,60.5310,60.2993,60.2993,59.2115,62.0081,61.0000,61.0328,62.0000,60.0000,64.0703,65.0692,64.0703,65.2763,67.0671,67.1193,65.0692,65.0308,68.0661,68.0000,64.0000,64.0000,64.0000,64.0703,63.1269,61.2046,58.3095,57.8705,56.8858,56.8858,54.3415,53.6004,50.0000,49.0408,49.9800,48.7032,47.0106,47.0106,44.9444,0.0000,0.0000,0.0000,0.0000,0.0000,0.0000,0.0000,0.0000,0.0000,0.0000,0.0000,0.0000
1700000015.600000,-60.1,69.4622,67.2681,70.4557,67.3647,68.7314,64.9384,65.1153,65.1153,65.7343,67.1863,66.4831,66.0984,67.3573,65.7875,67.0671,66.4831,67.2309,65.3911,67.9779,66.6408,66.6408,68.4251,67.1193,69.4622,71.1969,69.4622,71.5891,72.0694,74.7930,72.9452,70.6612,71.5542,72.4500,70.7743,69.8570,67.6240,69.0797,66.7308,67.6757,64.8460,62.8172,63.0635,61.6117,59.2284,56.5685,54.4518,54.1479,56.1427,53.0848,53.0000,49.1630,49.3660,0.0000,0.0000,0.0000,0.0000,0.0000,0.0000,0.0000,0.0000,0.0000,0.0000,0.0000,0.0000
1700000015.650000,-63.1,68.2495,67.0820,68.8840,66.6108,65.3758,65.3758,65.1230,66.0681,64.0000,67.0000,67.0298,67.0671,65.1920,65.2763,66.3702,66.6108,66.9104,65.6201,66.2873,66.7083,66.0984,65.0000,67.1863,68.6804,70.6045,67.7200,70.2140,72.4224,71.1688,71.8401,68.6804,69.9214,70.8802,71.0634,69.6348,71.3863,69.0507,65.9242,65.6201,63.5059,62.2896,61.1310,61.0737,58.0345,56.0000,55.0091,54.0370,53.1507,53.4603,51.6236,48.8365,48.3839,0.0000,0.0000,0.0000,0.0000,0.0000,0.0000,0.0000,0.0000,0.0000,0.0000,0.0000,0.0000
1700000015.700000,-62.4,64.0312,61.7171,62.3699,62.9682,62.9682,59.4138,61.5224,60.1415,60.2080,61.7171,63.2535,59.8164,63.0079,61.0328,60.4649,62.7694,60.0333,62.2656,60.8276,63.9531,61.7171,63.0714,62.6099,63.5610,64.0781,64.4748,64.4748,65.5515,66.1287,68.0074,65.0000,65.7951,67.5426,66.2118,64.8460,64.4127,64.0078,60.0333,60.2080,59.3633,59.9083,55.2178,57.4282,54.8179,52.4976,51.0882,50.2494,50.2096,49.5782,47.6340,46.6154,44.1022,0.0000,0.0000,0.0000,0.0000,0.0000,0.0000,0.0000,0.0000,0.0000,0.0000,0.0000,0.0000
1700000015.750000,-60.2,73.3485,71.5891,72.9452,72.5603,73.0616,69.6419,73.2462,72.4017,70.8025,71.0282,70.6045,72.4707,73.8783,70.7672,70.0928,73.5527,71.5052,72.1803,71.5891,71.5891,72.9178,74.0270,73.1095,74.8131,74.2024,74.8131,76.6094,78.4920,76.8440,79.0569,77.8010,77.8010,78.8733,76.0592,75.9276,77.8974,75.0733,72.8354,70.0357,67.8970,67.1789,68.0147,68.8840,62.6259,60.6053,58.0086,59.0762,57.9828,57.8014,56.3560,53.3104,52.4976,0.0000,0.0000,0.0000,0.0000,0.0000,0.0000,0.0000,0.0000,0.0000,0.0000,0.0000,0.0000
1700000015.800000,-60.5,64.4438,63.1269,66.8431,66.2193,63.6003,62.8013,62.6817,61.0328,64.1405,62.7694,63.1348,65.2993,64.4127,63.0714,62.7694,64.8460,64.5136,64.8460,64.1950,63.8905,63.8905,65.2533,64.8460,66.7083,66.7083,66.9403,68.2495,70.2140,69.2315,69.8713,68.6586,70.0928,69.1231,68.6804,67.7200,67.3573,66.4078,64.8460,62.9682,61.8466,60.4152,58.6941,59.0339,55.9017,52.3546,53.3385,51.6236,50.7740,50.0000,49.0408,48.1041,45.3431,0.0000,0.0000,0.0000,0.0000,0.0000,0.0000,0.0000,0.0000,0.0000,0.0000,0.0000,0.0000
1700000015.850000,-62.5,66.3702,67.9559,66.0303,67.4240,65.8027,68.0074,66.0681,64.0312,66.0681,65.0692,67.2086,66.4680,67.2086,66.5282,67.2086,68.1175,67.6240,65.4370,67.6240,66.8431,69.2026,68.6003,65.6049,68.7968,69.6348,69.6348,71.8471,69.6348,72.1110,70.4557,73.2393,72.0069,70.6045,71.2180,70.2922,67.9412,70.1783,67.9412,64.3506,65.0692,62.4820,63.1269,61.8466,57.2014,56.0357,54.9181,55.9464,54.5894,51.4296,51.0784,50.5964,49.3356,0.0000,0.0000,0.0000,0.0000,0.0000,0.0000,0.0000,0.0000,0.0000,0.0000,0.0000,0.0000
1700000015.900000,-56.5,68.8840,67.2681,69.6348,69.6348,69.1231,66.9403,67.7200,66.4078,67.3573,67.3573,67.0671,67.4166,67.6240,67.1193,66.2118,69.7782,66.6483,66.1891,67.1193,67.2309,66.7308,69.1158,70.4911,70.1783,71.8679,70.2140,72.1110,71.8679,72.6705,73.7835,73.5731,73.9256,73.3553,71.1196,71.5542,72.4500,68.4471,68.5420,67.7791,65.1920,64.1950,63.8905,62.6418,57.0088,56.5155,54.9181,54.7449,54.4518,54.0833,50.0400,51.0000,49.1630,0.0000,0.0000,0.0000,0.0000,0.0000,0.0000,0.0000,0.0000,0.0000,0.0000,0.0000,0.0000
1700000015.950000,-58.4,68.0074,64.8460,67.1863,66.7608,66.7083,64.7611,65.5134,65.1153,65.9242,65.6201,65.3758,66.3702,65.0692,65.0308,65.0077,65.0077,67.0671,66.0076,66.1891,65.1920,67.1863,67.3647,66.3702,66.9104,68.7314,68.5930,68.8840,71.8471,70.2140,71.0211,69.5845,70.8590,70.3491,69.3542,69.0652,68.1175,67.0671,65.0000,65.0000,63.0079,61.0737,59.0762,59.1354,57.3149,55.4437,53.9351,54.1295,53.1507,52.2015,50.2892,48.4665,46.5188,0.0000,0.0000,0.0000,0.0000,0.0000,0.0000,0.0000,0.0000,0.0000,0.0000,0.0000,0.0000
1700000016.000000,-63.7,61.0328,63.1269,60.2993,62.3939,60.6712,60.5310,60.8276,61.3922,60.4152,58.9406,62.0967,61.6847,61.0328,60.7454,61.6847,62.3939,61.8466,59.0931,63.0714,63.5295,62.1691,62.6498,61.7738,63.6318,63.6318,64.0078,66.8880,65.5134,67.4166,65.0000,67.6018,66.7308,67.1193,65.2993,65.3070,63.5610,63.0714,61.4654,60.7454,60.7454,56.9210,59.7746,56.3205,53.8516,52.3927,49.0306,50.6360,50.3587,47.0956,47.0425,47.0000,44.1022,0.0000,0.0000,0.0000,0.0000,0.0000,0.0000,0.0000,0.0000,0.0000,0.0000,0.0000,0.0000
1700000016.050000,-64.9,65.7647,65.3758,67.1863,67.3647,67.1863,65.0692,64.0000,64.0000,65.0308,65.0692,66.1211,65.2763,65.3758,65.4905,65.4905,66.9104,65.9242,65.1153,65.7343,65.9697,68.1542,67.4463,66.4831,68.3081,70.8802,68.0074,70.8378,71.4703,72.1249,71.1688,69.9214,70.6045,71.5681,71.3092,69.6348,69.2315,67.2681,67.7422,63.3877,63.3877,62.1289,64.1249,61.0328,57.0000,56.0000,54.0370,53.1507,53.3385,51.6236,50.9902,50.6952,48.1041,0.0000,0.0000,0.0000,0.0000,0.0000,0.0000,0.0000,0.0000,0.0000,0.0000,0.0000,0.0000
1700000016.100000,-60.2,65.0692,61.0082,65.0077,65.0308,65.0000,61.0000,63.3877,61.4003,61.6604,64.6297,63.7887,62.1691,64.3273,63.7887,63.3246,66.0984,63.8905,64.1950,64.2573,64.6220,65.0000,64.8845,66.3099,67.0820,67.1193,64.8845,69.3542,68.4251,67.9779,70.6612,67.1193,70.2140,68.4471,66.7083,68.5420,68.0074,64.8460,63.8905,63.8905,60.4401,59.2030,58.4637,59.4390,56.0892,55.1090,51.6236,52.3450,52.2398,50.0100,50.0000,49.0408,46.5296,0.0000,0.0000,0.0000,0.0000,0.0000,0.0000,0.0000,0.0000,0.0000,0.0000,0.0000,0.0000
1700000016.150000,-63.2,63.5059,61.7738,64.1405,63.6318,63.8122,60.7454,61.6117,62.2013,61.2209,60.4401,62.4820,63.1269,63.7024,62.9682,61.5224,62.9682,62.9682,62.3699,63.2535,62.8013,63.4114,63.0079,62.0081,64.8999,66.0303,63.8201,67.1193,66.8506,66.2873,69.0652,66.0303,68.8186,66.6108,66.2193,66.0681,65.9469,63.7024,62.9682,62.9365,60.8112,58.7282,57.3149,56.7274,54.0370,54.2033,50.0000,51.8652,51.3128,50.6063,46.9574,48.4665,45.5412,0.0000,0.0000,0.0000,0.0000,0.0000,0.0000,0.0000,0.0000,0.0000,0.0000,0.0000,0.0000
1700000016.200000,-59.6,62.0967,62.6418,63.2456,64.8460,63.3246,61.4654,60.9262,61.2699,63.5059,62.1772,64.0078,63.6318,63.2851,62.1289,64.8999,62.8013,62.2013,64.0312,63.2535,63.2535,64.0312,65.9469,64.5368,67.1789,67.2681,65.7647,67.8970,69.2965,67.8822,67.8970,67.9412,67.2681,67.3573,69.0290,68.2495,65.6049,65.6049,64.6375,63.2456,64.3506,59.6825,58.3095,58.3095,54.5894,52.7731,52.3259,52.0000,52.2015,49.6488,47.8017,47.0744,45.2769,0.0000,0.0000,0.0000,0.0000,0.0000,0.0000,0.0000,0.0000,0.0000,0.0000,0.0000,0.0000
1700000016.250000,-58.9,66.7083,66.4906,68.2495,67.2681,69.0507,66.9104,66.2722,65.3758,67.0671,66.0681,68.0661,67.0075,66.0681,65.1230,67.0671,67.3647,67.3647,68.2642,68.7314,66.9104,66.7533,67.2681,69.2315,68.6586,70.8308,70.3420,72.2772,73.4983,72.7805,72.5672,72.5672,72.5672,72.5672,71.8471,72.8354,71.5681,70.3491,68.1175,65.1230,65.0692,64.0078,61.0082,62.0322,60.0750,56.0803,57.1402,55.4437,54.5894,55.1090,50.4480,49.6488,49.7695,0.0000,0.0000,0.0000,0.0000,0.0000,0.0000,0.0000,0.0000,0.0000,0.0000,0.0000,0.0000
1700000016.300000,-60.8,64.4050,61.6117,63.7809,61.0737,62.2896,59.4138,60.8112,59.3970,59.4643,60.9590,61.7171,60.4401,64.0312,62.2013,62.2013,61.5873,60.7454,61.5873,61.7738,63.1348,62.2656,63.0635,61.7738,64.8845,64.8460,64.4050,65.7951,65.7951,64.8845,67.5426,65.7419,67.0820,66.1891,65.3682,65.8635,65.0000,63.8122,62.6817,61.0328,60.8030,59.2030,56.0803,56.7274,53.9073,53.8145,50.9313,51.6236,49.5782,47.6340,47.2017,45.2769,45.1774,0.0000,0.0000,0.0000,0.0000,0.0000,0.0000,0.0000,0.0000,0.0000,0.0000,0.0000,0.0000
1700000016.350000,-58.6,65.4905,63.9531,65.9242,63.3482,63.5610,61.6117,64.2884,62.9365,63.2456,64.5136,64.1950,64.2573,63.6946,64.8845,62.6498,65.7419,64.4127,64.4127,64.4981,63.5138,66.0379,66.0379,65.5134,66.8506,67.1193,66.2873,68.0074,71.0282,68.8186,70.7248,67.6757,69.3397,70.1783,69.1158,68.6003,68.8840,65.7419,64.4748,63.5610,61.7414,60.5392,58.5235,58.1893,55.3624,55.0818,52.6308,53.3667,53.9351,52.4690,50.1597,49.0102,47.0106,0.0000,0.0000,0.0000,0.0000,0.0000,0.0000,0.0000,0.0000,0.0000,0.0000,0.0000,0.0000
1700000016.400000,-64.9,59.4138,59.4138,58.6941,60.6712,59.0339,58.8558,58.4637,58.4637,57.0088,56.6127,59.1354,59.8080,57.9396,59.0931,57.7754,59.0339,59.9416,57.2451,60.0333,58.1808,59.0593,59.6825,57.8014,60.7454,61.5873,59.9083,62.1289,63.2456,64.0703,63.5138,63.2851,64.6607,63.1348,61.7738,61.7171,59.9416,59.0339,59.9333,58.1808,57.3847,54.7814,54.7814,52.8110,50.0000,50.6952,48.2701,49.0306,46.8722,46.5296,46.1736,44.0000,43.0116,0.0000,0.0000,0.0000,0.0000,0.0000,0.0000,0.0000,0.0000,0.0000,0.0000,0.0000,0.0000
1700000016.450000,-62.0,66.2193,64.0312,65.8559,63.7024,65.7951,62.2415,64.3817,64.4438,63.7024,63.0317,66.7083,63.6003,65.2150,64.3506,63.8122,65.8635,62.2656,64.0078,64.4127,66.1891,65.2993,66.7083,64.8460,67.7791,67.6240,68.1542,68.3520,70.0071,69.0797,70.0071,68.1542,70.3847,69.8570,70.6824,69.7782,67.9779,67.0820,65.0000,63.2851,61.9112,62.4340,59.3633,59.9083,56.4004,54.2033,52.6308,53.1507,53.0754,52.3259,50.2494,48.2701,46.6154,0.0000,0.0000,0.0000,0.0000,0.0000,0.0000,0.0000,0.0000,0.0000,0.0000,0.0000,0.0000
1700000016.500000,-60.5,61.0328,59.9083,59.3633,61.2944,57.8014,59.5399,57.7062,57.2451,58.1808,57.7754,60.1664,59.4643,60.4070,59.1354,59.4643,59.2030,60.8769,57.7235,60.0167,59.4390,59.6657,60.0167,58.8558,62.5140,62.6498,62.6498,65.4905,62.5140,63.5059,63.6396,63.9531,64.3273,63.3482,63.5610,62.5859,60.6383,60.8769,58.5235,57.5674,57.8705,54.7814,56.6480,53.8516,51.8941,49.1935,47.8853,47.5079,47.7074,46.0435,45.8039,44.8219,43.1393,0.0000,0.0000,0.0000,0.0000,0.0000,0.0000,0.0000,0.0000,0.0000,0.0000,0.0000,0.0000
1700000016.550000,-60.8,65.6201,63.5059,65.1230,65.1920,65.0692,62.1289,63.0079,64.0000,65.0000,64.0703,64.1249,65.2763,64.4981,64.7765,63.7887,65.1153,65.3070,65.3070,62.0967,65.9697,64.5368,66.4831,66.4831,67.3573,67.3573,68.0074,68.6222,70.8378,70.2140,71.4703,66.7608,69.3758,68.8840,68.6586,68.4471,68.6586,65.3070,64.7765,62.6498,62.5140,62.2896,59.2115,60.1332,57.0351,55.0000,54.0093,53.0848,51.1566,51.3517,49.6488,49.7293,45.8803,0.0000,0.0000,0.0000,0.0000,0.0000,0.0000,0.0000,0.0000,0.0000,0.0000,0.0000,0.0000
1700000016.600000,-61.3,62.5859,63.5610,64.0312,65.2533,61.4003,61.0328,62.2977,62.6259,61.0983,60.9262,62.6498,63.0635,63.0635,60.9016,64.0078,63.2851,64.6607,62.9682,64.0703,64.0703,65.4599,65.4599,63.2456,64.6607,66.8431,64.6607,67.6240,68.2495,68.8840,66.8431,69.2026,68.2422,67.4240,67.1193,67.4166,65.7343,63.2851,62.7694,62.6498,60.4152,59.4811,58.6003,57.6975,55.1543,53.8516,52.8110,52.8867,51.9230,50.2195,49.8197,49.3660,46.0435,0.0000,0.0000,0.0000,0.0000,0.0000,0.0000,0.0000,0.0000,0.0000,0.0000,0.0000,0.0000
1700000016.650000,-59.3,62.6498,60.4152,61.9112,61.9112,61.5873,61.8547,61.6117,59.8164,58.4123,59.6657,61.0737,63.0317,61.5224,61.5224,62.2254,62.3699,62.3699,59.4643,63.1269,64.0312,63.1269,62.8013,62.8013,65.2150,64.4050,65.2150,66.0303,66.0303,66.6108,66.0303,67.0075,68.6003,66.0681,65.9469,65.1920,63.0317,65.1153,60.8276,61.5224,60.1415,57.3847,58.1378,57.4891,54.8179,53.0094,51.0392,52.1536,50.2494,49.2443,49.6488,47.1699,45.8803,0.0000,0.0000,0.0000,0.0000,0.0000,0.0000,0.0000,0.0000,0.0000,0.0000,0.0000,0.0000
1700000016.700000,-65.0,63.9531,62.5859,62.3699,64.5368,63.5610,61.8466,60.4401,62.2977,61.3514,61.7414,63.6946,63.5610,62.6099,62.6099,63.9531,64.0078,61.7738,61.2944,63.5138,63.5138,63.5138,63.5138,63.2456,65.8027,66.2193,65.6049,67.0075,65.8027,67.8012,66.4003,65.2150,66.8506,68.2422,66.5733,65.0000,66.0379,65.0000,63.1348,60.8358,61.7171,59.0931,58.3095,57.0088,54.7814,52.8110,51.5461,51.4198,51.4198,48.2701,47.5184,47.1699,46.0000,0.0000,0.0000,0.0000,0.0000,0.0000,0.0000,0.0000,0.0000,0.0000,0.0000,0.0000,0.0000
1700000016.750000,-60.2,54.8179,53.1601,55.1090,55.0818,56.2939,53.9351,52.7731,52.9528,52.2398,55.2268,56.3205,55.0364,55.0364,53.0000,55.0000,53.0094,55.0364,55.0091,56.1427,54.2310,55.1453,56.3205,54.1479,58.6941,55.3263,56.4358,58.5491,56.7186,58.8558,58.6941,56.5685,60.4070,58.0775,58.1378,56.1427,55.0364,58.0000,53.0094,52.0865,53.0094,53.0377,50.0100,50.1597,47.3814,45.7056,44.7214,43.9318,43.1741,43.6578,41.4367,40.3113,38.9487,0.0000,0.0000,0.0000,0.0000,0.0000,0.0000,0.0000,0.0000,0.0000,0.0000,0.0000,0.0000
1700000016.800000,-66.2,62.4820,61.6198,61.5224,60.1415,60.8276,58.6941,58.7963,58.8982,59.6657,60.4401,59.2030,59.9083,61.0328,60.2080,60.2080,61.9112,60.4152,60.4152,59.4811,60.3738,60.3738,62.1772,61.7414,62.2415,63.6946,63.6946,63.6946,64.4748,63.6946,64.4748,63.0714,63.0714,64.8460,63.9531,62.6498,62.2656,61.4003,60.2080,59.9083,56.8595,56.6127,55.0000,55.6058,50.4480,51.7397,48.7955,50.2096,50.2494,47.5079,45.6070,45.4863,43.5660,0.0000,0.0000,0.0000,0.0000,0.0000,0.0000,0.0000,0.0000,0.0000,0.0000,0.0000,0.0000
1700000016.850000,-60.9,59.9083,55.3624,59.4643,59.1354,57.5847,57.2451,57.0088,57.7754,55.5428,58.1378,58.6686,59.1693,58.3095,57.6888,56.9386,59.6406,56.0357,57.8014,57.6281,59.4054,58.0086,57.8014,57.0088,58.7282,60.2080,60.2080,60.2080,62.3699,60.9590,61.6198,59.5483,61.2209,61.4003,61.4003,58.8218,58.8218,58.8218,57.9828,56.6039,54.3783,54.5894,52.7731,52.3546,49.6588,49.2443,47.7598,47.7598,45.8803,45.6070,44.3847,43.7379,41.1947,0.0000,0.0000,0.0000,0.0000,0.0000,0.0000,0.0000,0.0000,0.0000,0.0000,0.0000,0.0000
1700000016.900000,-63.1,59.8415,59.5399,58.3095,61.2046,59.2115,59.1354,56.0000,57.0088,57.0351,59.0762,58.0345,59.2115,61.2046,59.4138,60.5310,59.0339,58.0517,57.0701,60.4152,59.6657,58.6941,61.1310,58.9406,61.6847,62.6418,61.4003,62.2977,61.6847,63.8905,62.9365,63.6003,63.3246,63.3246,61.8466,61.6117,58.0517,61.8142,57.5587,56.5685,56.3205,54.1479,55.2268,53.0377,51.0000,50.0000,48.0104,47.0425,47.1699,46.3897,44.9110,45.8803,44.0114,0.0000,0.0000,0.0000,0.0000,0.0000,0.0000,0.0000,0.0000,0.0000,0.0000,0.0000,0.0000
1700000016.950000,-62.7,60.8358,59.4811,60.4152,59.9416,59.1693,58.3095,59.3633,57.4282,58.8218,58.0086,58.6003,59.6657,59.6657,58.8982,58.7963,60.1082,59.4138,58.6941,60.1415,58.7963,60.2080,62.3699,59.5483,61.8466,62.4820,61.8466,63.4114,64.6607,63.2535,64.6607,61.0737,65.2993,64.5368,62.2415,62.2415,62.2254,61.5549,60.1415,58.1378,56.8507,54.6717,53.6004,53.6004,50.2195,50.4777,49.3964,48.8774,48.3011,47.4236,45.3100,45.2217,43.4166,0.0000,0.0000,0.0000,0.0000,0.0000,0.0000,0.0000,0.0000,0.0000,0.0000,0.0000,0.0000
1700000017.000000,-65.2,59.4643,60.1415,59.3970,62.9365,60.1415,61.6198,58.1378,60.4401,58.4123,59.4054,60.4649,60.5392,60.0333,60.4152,62.2656,59.9333,63.0635,59.0339,62.6498,61.7414,61.7414,61.4654,60.0083,63.2456,63.5689,62.6259,64.2573,63.3246,65.7875,63.5689,65.1920,65.1920,63.6946,63.5610,62.6498,61.7414,61.7414,60.3738,58.1808,60.4152,56.0803,57.1402,53.5350,53.2541,52.0096,49.8197,49.6790,48.8365,47.4236,45.2548,46.0977,43.8292,0.0000,0.0000,0.0000,0.0000,0.0000,0.0000,0.0000,0.0000,0.0000,0.0000,0.0000,0.0000
1700000017.050000,-63.3,50.9313,51.7397,54.6717,55.4437,53.4135,52.0096,50.8035,51.3128,51.6140,51.9711,52.4786,52.3546,56.3560,54.1295,52.7731,54.6260,53.8516,53.4883,54.0833,53.4883,55.3624,55.3624,52.8110,54.7083,56.0446,54.1202,58.5235,58.2409,57.2800,58.5235,56.6127,56.6127,58.1893,53.1413,55.7136,55.3624,55.5428,53.6656,52.7731,50.0899,48.8774,48.0208,48.8774,45.7930,46.0435,45.0000,45.4533,43.9318,44.5982,41.0366,44.0454,40.8044,0.0000,0.0000,0.0000,0.0000,0.0000,0.0000,0.0000,0.0000,0.0000,0.0000,0.0000,0.0000
1700000017.100000,-59.0,54.0833,55.0818,55.0273,53.8516,55.1543,52.8015,54.5894,52.3927,54.1202,53.8516,55.5698,54.4059,52.6973,54.6443,51.6140,55.8032,52.8015,54.2033,52.6308,55.6058,54.0370,55.3173,53.9073,56.5685,56.5862,55.8659,57.9828,58.7282,57.9828,60.1082,55.9017,56.0803,58.8982,58.4123,56.8507,55.8032,56.4004,54.4059,52.2015,51.8652,50.2494,49.3964,49.3964,45.1774,46.5188,46.0977,45.6946,46.2385,42.7200,43.9659,41.2311,38.4708,0.0000,0.0000,0.0000,0.0000,0.0000,0.0000,0.0000,0.0000,0.0000,0.0000,0.0000,0.0000
1700000017.150000,-61.9,59.4811,60.4401,59.4643,61.3514,56.6480,57.9396,57.7754,57.7754,57.2713,56.8243,59.4811,58.1808,58.3095,58.8303,59.3633,58.5235,60.2163,59.4054,59.8164,58.4123,60.4401,59.6657,58.8982,59.6657,60.8769,61.0737,61.5549,63.0317,63.7024,62.3699,61.0737,63.1269,62.4820,61.2209,59.2030,60.2163,58.2495,57.9828,56.9386,56.9386,54.2033,53.7122,52.7731,51.0784,50.5668,47.5395,47.7598,47.1275,47.2969,45.1221,46.5296,44.0454,0.0000,0.0000,0.0000,0.0000,0.0000,0.0000,0.0000,0.0000,0.0000,0.0000,0.0000,0.0000
1700000017.200000,-65.5,51.9230,50.4480,52.1728,56.2939,53.3667,51.1957,50.6360,48.6621,51.3517,55.0818,52.1536,54.1479,52.0000,55.0091,54.0093,52.0384,51.0392,52.0096,52.1536,53.1507,52.2398,53.3385,51.2445,55.4437,54.5894,53.4603,53.4603,55.4437,56.7186,56.5685,55.5788,54.5894,54.0370,57.3149,57.0351,54.3323,52.0000,52.0000,53.0000,52.0000,49.1630,48.0937,48.1664,47.3814,44.4072,41.9762,44.3847,42.2019,43.0116,42.7200,40.7185,37.1214,0.0000,0.0000,0.0000,0.0000,0.0000,0.0000,0.0000,0.0000,0.0000,0.0000,0.0000,0.0000
1700000017.250000,-63.0,59.5399,59.6825,59.8415,59.8415,57.4891,57.7235,58.2409,56.3205,56.6127,58.8218,58.8218,59.4643,58.8727,58.1808,59.0931,59.9333,58.5918,57.2451,59.0593,58.6686,59.5399,60.5392,58.1808,60.2080,60.2080,59.3633,61.2944,61.2944,63.5138,62.9682,61.9112,61.9112,61.9112,61.7738,59.9416,60.3738,59.9333,57.3847,57.3847,57.0088,54.4243,51.2640,52.4976,50.5964,49.4773,46.0977,48.8365,46.6905,47.2652,45.0999,44.0000,42.0476,0.0000,0.0000,0.0000,0.0000,0.0000,0.0000,0.0000,0.0000,0.0000,0.0000,0.0000,0.0000
1700000017.300000,-61.9,53.2541,53.7122,53.6656,57.7062,55.9017,50.5668,51.0784,52.0000,51.6236,51.8652,53.4883,52.8867,53.3667,54.4059,53.1601,55.7853,55.1090,52.1728,52.7731,52.7731,53.9351,52.6118,54.7449,55.2268,56.2228,56.3205,56.3205,57.4282,56.3205,59.1354,55.5788,55.7315,58.0517,55.9017,56.0892,54.5711,53.1507,52.6308,50.2892,50.9215,48.3839,49.3964,49.9800,47.0106,44.3847,42.4853,46.5188,41.3401,44.1022,42.2019,40.3609,38.2099,0.0000,0.0000,0.0000,0.0000,0.0000,0.0000,0.0000,0.0000,0.0000,0.0000,0.0000,0.0000
1700000017.350000,-65.5,51.6236,53.1413,54.1202,52.2015,54.4059,50.9608,51.6624,51.6624,50.6952,54.1295,52.7731,52.3450,54.3323,52.1536,50.2494,53.1507,53.0377,54.1479,53.0094,52.0096,53.1507,55.0364,52.0384,53.0094,54.0370,55.0091,56.0000,58.0086,57.0000,57.0000,55.1453,57.0351,57.1402,55.2268,53.3385,53.4603,53.3385,50.4876,50.9902,53.1507,47.1275,48.0833,47.8017,46.4866,46.1736,44.2832,42.0476,44.7772,42.5441,41.3401,39.2046,37.6431,0.0000,0.0000,0.0000,0.0000,0.0000,0.0000,0.0000,0.0000,0.0000,0.0000,0.0000,0.0000
1700000017.400000,-62.9,59.6825,59.6825,59.0762,58.5235,58.8218,56.4004,58.2580,55.9732,55.9732,56.6392,58.7282,57.9828,57.2800,58.0000,56.6392,58.8982,58.2580,56.7274,57.2014,57.8014,57.2014,58.0086,58.6003,58.8218,60.4649,60.4649,59.6406,61.2944,61.2944,61.2944,60.2163,61.0328,59.4054,59.2030,59.0339,59.5483,58.0517,55.9017,55.1725,54.4518,54.4885,52.4023,52.4976,49.6790,47.6340,45.6070,46.6154,46.8722,46.1411,44.7214,43.4626,40.1622,0.0000,0.0000,0.0000,0.0000,0.0000,0.0000,0.0000,0.0000,0.0000,0.0000,0.0000,0.0000
1700000017.450000,-60.5,56.0357,53.0000,56.0000,57.0000,55.0364,56.0000,54.0370,53.3385,53.2353,53.6004,55.9017,53.9351,54.1295,57.0701,53.6004,54.5711,57.9741,54.1202,53.7587,53.7587,54.1202,55.0273,53.1601,55.3624,57.7754,57.7754,57.7754,57.9396,57.9396,56.6480,55.6597,55.9732,55.3624,58.2409,55.5428,55.0818,56.0446,54.1295,54.1295,54.1295,50.6360,50.6360,50.4876,48.3735,46.0435,45.0111,46.0109,45.0444,45.0999,41.1096,39.6232,41.0000,0.0000,0.0000,0.0000,0.0000,0.0000,0.0000,0.0000,0.0000,0.0000,0.0000,0.0000,0.0000
1700000017.500000,-64.3,58.6003,58.6003,57.3847,56.4624,58.1808,54.2310,54.4243,55.3624,56.3028,55.0818,55.7853,55.3173,55.9017,56.0892,55.9017,55.7315,55.4437,55.7315,55.4437,55.4437,55.4437,57.3149,56.2228,58.0086,58.0775,57.0789,58.0345,59.0339,58.0775,60.0333,57.1402,58.2151,58.2151,58.5491,57.7062,56.4358,55.4437,53.9351,53.3667,51.1957,51.9230,49.7293,50.0000,46.1736,45.8803,45.1885,46.5188,44.2945,44.2945,42.5441,41.6173,40.4599,0.0000,0.0000,0.0000,0.0000,0.0000,0.0000,0.0000,0.0000,0.0000,0.0000,0.0000,0.0000
1700000017.550000,-61.0,56.9386,56.0803,57.1402,55.2178,58.8218,53.0094,53.6004,54.0370,54.5619,53.2635,54.4885,54.4885,56.6392,55.8659,54.4885,55.9732,52.4976,55.6058,53.2541,53.6004,53.6004,54.6443,55.2178,56.0803,56.9386,56.9386,55.9464,57.8014,56.0803,60.2080,54.3783,57.6888,53.5350,54.6443,55.2178,55.2178,53.8238,52.4976,52.8015,52.4976,50.3289,49.5782,50.2494,45.2548,45.9674,43.9318,44.6878,45.6070,45.2217,42.1900,42.5441,39.8121,0.0000,0.0000,0.0000,0.0000,0.0000,0.0000,0.0000,0.0000,0.0000,0.0000,0.0000,0.0000
1700000017.600000,-62.2,52.6973,53.8516,53.3385,55.5698,53.7122,52.3546,54.1295,51.8941,51.8941,52.3927,52.9245,51.2640,52.8110,52.8110,53.1601,53.1601,51.6624,51.4198,52.1728,53.1507,54.3415,52.7731,51.9711,55.5788,54.5894,54.4518,55.4437,55.4437,56.4358,55.3263,55.5788,56.5685,55.9017,52.9528,52.9528,53.1507,53.6004,51.9230,50.2892,49.3356,48.3839,49.0408,48.1041,46.6154,43.8634,42.0476,42.4853,41.5933,41.6773,40.2244,39.0512,38.2099,0.0000,0.0000,0.0000,0.0000,0.0000,0.0000,0.0000,0.0000,0.0000,0.0000,0.0000,0.0000
1700000017.650000,-63.5,54.4243,50.9215,54.8179,53.4509,52.2015,49.7293,50.9902,50.8035,53.3667,52.4690,51.1957,52.3450,52.2398,53.2353,52.0865,50.0100,51.0000,52.0000,52.0384,50.1597,52.0865,51.0392,50.0100,51.2445,53.1507,52.1536,53.6004,55.3263,55.4437,54.3323,53.3385,57.1402,53.1507,53.0377,55.0818,52.0384,52.0000,50.0400,50.0100,52.0384,50.0400,48.1664,49.2544,46.1736,42.4264,43.4166,43.7379,43.1741,41.4849,41.4367,41.6293,38.0789,0.0000,0.0000,0.0000,0.0000,0.0000,0.0000,0.0000,0.0000,0.0000,0.0000,0.0000,0.0000
1700000017.700000,-62.7,57.6975,56.3560,58.5918,57.3062,57.8014,56.6039,57.1402,56.8595,56.6127,56.6127,56.4004,56.8507,56.7274,57.3149,55.9732,56.5685,55.9017,57.9828,57.3847,57.4891,56.6392,58.8982,56.0803,57.8014,58.4123,57.8014,58.6003,60.0000,59.4054,58.8218,57.8014,59.2030,59.6657,58.8982,58.1378,58.0517,56.6392,54.4518,54.4518,53.7401,52.3450,50.2494,49.6790,49.0408,47.0106,46.6154,46.0435,46.3249,46.1411,43.3820,44.3847,41.4367,0.0000,0.0000,0.0000,0.0000,0.0000,0.0000,0.0000,0.0000,0.0000,0.0000,0.0000,0.0000
1700000017.750000,-58.6,58.1893,57.0088,57.0088,57.0088,58.1808,54.6260,56.3560,54.1202,55.4707,55.5698,56.0803,54.9181,57.6888,56.6127,55.8032,56.0803,56.0803,54.6717,56.5862,57.2800,55.9017,55.8659,55.9017,57.3847,57.2800,58.0000,57.3847,59.4138,58.7282,57.3847,59.4138,59.4138,58.6941,57.2800,58.0000,57.3847,55.2268,56.0803,52.6308,54.0370,51.4004,51.6140,51.0392,49.0918,47.1699,47.0106,46.5296,43.8292,45.1885,42.7200,42.7200,42.9535,0.0000,0.0000,0.0000,0.0000,0.0000,0.0000,0.0000,0.0000,0.0000,0.0000,0.0000,0.0000
1700000017.800000,-60.5,55.3263,55.2268,53.1507,55.0364,53.0000,53.0377,51.0000,55.0000,52.0384,50.0400,52.1536,54.4518,53.4603,53.9351,54.7449,53.3667,52.6308,51.4198,52.8867,54.1202,54.4059,54.4059,52.8110,52.5547,55.0273,54.7814,56.3028,54.2310,57.9396,57.0088,56.6480,57.2451,55.9732,55.7136,55.3624,56.3205,53.6004,53.6004,52.7731,52.9528,49.8197,48.5077,48.3735,48.1664,46.0977,44.0454,43.0000,43.0000,43.0000,41.0488,43.5660,40.2616,0.0000,0.0000,0.0000,0.0000,0.0000,0.0000,0.0000,0.0000,0.0000,0.0000,0.0000,0.0000
1700000017.850000,-61.1,59.4811,57.2800,58.6941,57.9741,56.7539,56.0892,56.2939,55.7315,56.7186,55.3263,58.4209,57.0789,56.0803,57.0000,56.0089,58.0086,57.0351,57.0351,55.1453,56.1427,57.1402,57.1402,58.3095,58.6941,59.6825,58.6941,60.4070,61.8142,60.6712,60.6712,58.4209,60.2993,60.2080,59.1354,58.0345,60.0750,57.0789,57.0088,55.0000,53.0000,54.0370,52.1536,52.1536,50.2494,48.5077,46.8722,47.2969,45.6070,46.1736,45.2217,43.0813,41.5933,0.0000,0.0000,0.0000,0.0000,0.0000,0.0000,0.0000,0.0000,0.0000,0.0000,0.0000,0.0000
1700000017.900000,-60.7,53.1413,54.2310,55.4617,52.3927,52.3259,52.7731,53.6656,51.8845,49.2443,53.5350,55.0727,53.2541,49.6488,51.4004,53.0094,55.4437,52.4976,50.3289,51.6236,53.7401,51.6624,53.8145,53.7401,54.5619,54.4518,54.5619,57.3847,57.3847,56.0803,58.7963,57.2800,57.3847,55.1725,55.1543,55.9017,56.7274,55.2268,53.2635,51.8556,50.4480,51.8652,48.6004,47.7074,48.0208,44.1022,42.5441,45.1774,45.1885,43.0813,44.0114,42.7200,40.0250,0.0000,0.0000,0.0000,0.0000,0.0000,0.0000,0.0000,0.0000,0.0000,0.0000,0.0000,0.0000
1700000017.950000,-59.8,58.3095,55.0818,58.0345,58.0345,58.0345,55.0000,56.0000,55.0364,54.0833,55.2268,55.2268,55.4437,57.5587,55.9017,55.7315,55.7853,54.8179,56.7539,56.0446,57.2800,56.7539,57.5674,55.6597,58.8727,58.5235,56.6480,58.8727,60.1664,59.6154,59.2368,58.5235,59.4643,60.0833,57.2800,58.1893,58.6941,57.7235,57.2713,56.0892,54.1295,53.7587,50.4876,52.3450,49.1630,48.0937,48.0104,48.0000,46.0435,47.0956,45.2769,43.7379,42.7200,0.0000,0.0000,0.0000,0.0000,0.0000,0.0000,0.0000,0.0000,0.0000,0.0000,0.0000,0.0000
1700000018.000000,-58.3,53.2541,54.9181,51.6236,55.5698,52.8394,51.8845,51.0000,50.5371,50.9902,52.2015,51.6236,54.4243,52.4976,53.8516,50.2892,53.6004,51.1957,51.1957,52.6118,53.6004,53.9351,53.9351,53.6004,55.1453,57.1402,55.1453,57.0351,59.2115,60.0750,55.0818,56.1427,58.2151,58.5491,57.3149,57.4282,57.5587,54.9181,54.3415,53.1507,50.2195,50.5964,49.7293,46.4866,47.1699,45.5412,44.3847,47.1699,42.4853,43.8292,41.6773,41.4005,38.4187,0.0000,0.0000,0.0000,0.0000,0.0000,0.0000,0.0000,0.0000,0.0000,0.0000,0.0000,0.0000
1700000018.050000,-61.6,59.2284,56.2939,59.6657,57.0088,57.2800,54.1202,55.3624,56.3028,56.0803,56.8595,56.8595,56.7979,59.9416,55.5698,54.2033,58.8303,55.2268,57.9828,54.4059,56.4004,56.6127,59.0339,60.0000,59.6657,60.4401,58.2580,60.3075,63.7809,60.3075,63.8905,60.4401,62.0081,62.6259,60.8030,62.4260,61.8547,58.8303,58.8303,57.3062,54.5894,55.4707,51.8845,53.6656,49.2443,49.7695,49.0408,48.3839,49.0408,47.5395,45.7056,45.1774,43.0465,0.0000,0.0000,0.0000,0.0000,0.0000,0.0000,0.0000,0.0000,0.0000,0.0000,0.0000,0.0000
1700000018.100000,-61.0,57.7754,56.4624,54.7814,57.5847,55.0273,55.3624,55.3624,54.8179,54.5711,53.3667,55.1090,53.9351,55.4437,55.4437,55.2268,56.0803,56.0803,55.0091,57.0000,56.0000,56.0089,57.0351,55.0364,58.0775,58.0775,60.1332,61.2944,59.1354,62.1289,60.1332,61.0328,63.0317,61.0328,60.0083,59.0000,59.0085,58.0345,57.2189,56.3205,56.1427,53.4603,53.4603,50.8035,50.9902,49.2443,48.5077,46.5725,46.1736,45.8803,43.8634,42.9418,41.8808,0.0000,0.0000,0.0000,0.0000,0.0000,0.0000,0.0000,0.0000,0.0000,0.0000,0.0000,0.0000
1700000018.150000,-61.5,57.9741,56.0446,58.5235,58.5235,59.4643,56.6480,57.0088,56.8595,57.7754,56.7979,57.7062,57.3062,57.8014,57.9828,57.1402,58.6003,57.4282,58.6003,57.4891,57.8014,58.6003,60.3075,58.8982,60.8769,62.3699,62.2415,63.0317,65.8559,64.3817,65.1920,63.1269,65.4370,66.2193,64.4050,63.8201,62.8013,62.4260,60.4649,59.9083,57.3062,56.3560,55.4707,55.4617,52.3259,51.2640,50.9215,49.3356,49.7293,49.7293,47.2969,46.6905,44.1814,0.0000,0.0000,0.0000,0.0000,0.0000,0.0000,0.0000,0.0000,0.0000,0.0000,0.0000,0.0000
1700000018.200000,-61.9,52.6973,51.6140,51.6140,51.8652,51.8556,52.6308,50.3289,52.3259,50.9313,50.9313,53.0754,52.0096,52.6308,54.2033,51.3128,52.4309,53.0000,54.9181,51.8845,55.0727,52.8394,54.5894,53.6656,56.4624,55.9017,57.3847,58.1808,57.2713,58.6003,59.0931,58.1378,58.1808,56.7979,59.0593,57.8014,55.0727,58.3095,56.6039,53.2541,53.0094,50.4777,52.6308,49.0408,47.6340,46.7547,45.2769,45.2769,45.4533,45.6070,45.6070,42.1900,39.8246,0.0000,0.0000,0.0000,0.0000,0.0000,0.0000,0.0000,0.0000,0.0000,0.0000,0.0000,0.0000
1700000018.250000,-65.1,56.6127,57.0088,56.7539,57.2713,57.2713,54.5711,56.5685,55.4437,56.5685,56.2228,56.1427,56.0089,56.0089,56.0000,57.0000,56.0357,57.1402,56.1427,58.2151,58.3095,59.4138,61.4003,58.5491,61.0000,59.8415,61.9839,61.0000,65.9242,64.7765,62.9682,62.3939,65.4905,64.2806,64.1950,62.0322,62.0322,62.0322,59.0000,59.0339,59.0339,55.2268,55.2268,54.2310,52.6118,50.6360,49.2443,50.0000,48.3839,47.7598,47.5395,45.6180,44.4185,0.0000,0.0000,0.0000,0.0000,0.0000,0.0000,0.0000,0.0000,0.0000,0.0000,0.0000,0.0000
1700000018.300000,-60.9,56.8507,53.2635,50.3289,52.3450,52.3450,52.3450,52.4976,50.9902,51.8556,51.4004,55.0000,52.1536,53.8516,54.7083,54.2033,51.4296,55.0091,53.6656,53.7122,53.4883,56.8595,56.6480,55.7136,55.9732,59.1354,58.1893,60.1664,62.0322,62.6418,61.0328,60.7454,61.6847,61.8466,63.5610,61.2699,57.6975,59.0339,56.3560,56.0803,55.5698,54.3783,54.3783,49.6488,48.8262,50.8035,46.2277,47.5079,46.6905,45.2769,41.7253,43.2782,42.7200,0.0000,0.0000,0.0000,0.0000,0.0000,0.0000,0.0000,0.0000,0.0000,0.0000,0.0000,0.0000
1700000018.350000,-64.6,58.0000,59.0339,56.0357,59.2115,56.2228,56.5685,54.7449,57.0701,54.1295,55.7853,57.9741,56.3028,58.1893,56.6480,58.3095,57.7754,58.1808,57.6975,59.5399,60.8276,60.4152,61.0574,58.3095,63.5138,63.2851,62.9682,65.7343,65.1920,66.5733,64.3506,66.8880,66.3702,68.0955,64.4981,63.9531,62.6099,63.0714,64.0781,58.6941,58.8727,56.6480,56.9210,55.6597,55.0818,52.8867,51.1957,49.6488,49.8197,47.2652,48.1664,46.0000,43.0465,0.0000,0.0000,0.0000,0.0000,0.0000,0.0000,0.0000,0.0000,0.0000,0.0000,0.0000,0.0000
1700000018.400000,-62.5,61.0082,62.0000,62.0725,63.1269,62.1289,60.2993,60.5310,60.6712,57.8705,61.3922,62.0967,61.4003,62.6418,61.6847,60.7454,63.1585,62.6498,63.0714,63.9531,65.2993,66.1891,64.4981,66.2420,67.4166,68.2642,67.2309,69.8928,72.4017,71.0211,71.8679,71.3442,73.4302,73.4302,70.2353,69.7782,70.6824,70.2638,65.9242,64.6220,64.2573,62.2977,60.4070,61.9839,57.2800,56.0446,54.3415,54.9181,52.7731,53.2353,52.0865,50.0100,48.0416,0.0000,0.0000,0.0000,0.0000,0.0000,0.0000,0.0000,0.0000,0.0000,0.0000,0.0000,0.0000
1700000018.450000,-59.4,61.4003,60.1664,58.4637,60.0167,57.8705,57.7062,58.3095,58.3095,59.0762,59.0085,58.0086,60.0000,60.0333,60.2080,60.1332,60.4070,61.5224,61.8142,61.9839,61.9839,63.7887,63.7887,64.3273,65.5210,65.9697,65.9697,69.1231,68.6804,69.3758,68.8840,68.4471,69.2315,69.2315,67.7422,68.5930,67.3647,64.4981,64.2806,63.0714,62.1289,60.0000,59.0000,59.0000,57.0789,54.0833,53.3385,51.4781,51.7880,51.1957,47.8017,49.6488,46.0977,0.0000,0.0000,0.0000,0.0000,0.0000,0.0000,0.0000,0.0000,0.0000,0.0000,0.0000,0.0000
1700000018.500000,-64.1,57.2451,55.6597,57.0088,56.0446,56.5155,55.5428,54.7449,54.5894,55.5788,56.2228,57.0351,57.0789,58.0000,59.0085,57.0351,60.1332,58.2151,59.3043,60.6712,59.6825,60.8276,61.9839,60.8276,62.5859,63.3482,64.3273,65.7343,68.2495,67.2681,66.2873,65.9242,68.0661,67.6018,65.4905,65.2763,64.2806,64.1950,61.0328,60.0083,60.0000,57.0351,56.0803,57.0000,53.0848,52.1536,50.4876,49.6488,50.8035,48.5077,46.8402,44.9444,44.7214,0.0000,0.0000,0.0000,0.0000,0.0000,0.0000,0.0000,0.0000,0.0000,0.0000,0.0000,0.0000
1700000018.550000,-56.7,58.3095,60.1332,60.0083,61.0328,59.0000,59.0000,59.0762,57.1402,60.0750,58.4209,58.8558,59.0339,61.1882,60.4152,60.8769,59.2030,62.2977,60.4070,63.5689,63.9062,63.3246,64.6220,64.0781,66.6408,68.9420,68.9420,70.6824,69.4622,72.0902,69.8570,69.6419,71.5122,70.8378,70.8378,67.3573,66.7608,65.5210,64.5368,63.3482,62.3699,59.6825,60.8276,57.7062,57.3149,56.1427,52.0384,52.0000,52.0096,49.0408,49.0918,48.5077,47.5395,0.0000,0.0000,0.0000,0.0000,0.0000,0.0000,0.0000,0.0000,0.0000,0.0000,0.0000,0.0000
1700000018.600000,-61.7,60.9590,58.2580,61.4003,59.2030,62.4260,59.9083,60.2080,60.5392,61.2944,60.8276,61.7171,60.8358,63.0714,62.0322,61.4654,63.2456,62.2977,63.2456,62.0967,65.0000,64.0312,66.9403,65.7343,68.4471,67.6831,68.4471,70.8308,72.7805,72.7805,71.8053,69.3758,71.5681,71.8401,69.9214,69.2892,69.2892,67.4166,66.7083,63.9766,62.1691,63.5295,60.8276,59.5399,53.8516,55.7584,52.4309,53.8238,52.6308,50.3289,50.2096,48.1041,47.8017,0.0000,0.0000,0.0000,0.0000,0.0000,0.0000,0.0000,0.0000,0.0000,0.0000,0.0000,0.0000
1700000018.650000,-63.7,57.8705,58.0517,58.9406,59.2030,59.4811,58.8218,58.3095,58.3095,59.0931,56.8595,59.9333,60.4152,60.0333,62.4340,62.4340,61.0328,59.8164,62.2013,61.8466,63.2535,63.8905,66.6033,63.1269,66.6033,67.2681,67.9412,67.9412,68.6222,69.3109,69.3109,68.6804,68.7677,68.8840,68.4105,68.4105,66.6108,66.0303,64.3506,63.2851,63.8122,60.9016,59.1693,58.5918,54.5619,54.1295,52.0000,49.3964,50.9215,50.2892,48.2701,46.8722,46.2709,0.0000,0.0000,0.0000,0.0000,0.0000,0.0000,0.0000,0.0000,0.0000,0.0000,0.0000,0.0000
1700000018.700000,-60.1,58.0345,58.0775,59.4138,60.4070,59.6825,57.7062,58.0517,58.6941,57.4891,57.2800,59.7746,59.8080,61.3514,59.6154,61.4654,61.2699,60.3738,60.3738,63.1348,64.4127,65.0000,64.1405,63.2851,66.8506,67.9559,67.6757,69.6348,68.5055,69.3397,67.1193,68.2642,69.6419,70.8308,69.8355,67.5352,63.5059,64.8460,63.9766,62.2415,61.4654,60.4070,58.5235,56.9210,54.1202,54.1202,51.6624,50.8035,49.4975,48.5077,50.1597,46.0000,45.0111,0.0000,0.0000,0.0000,0.0000,0.0000,0.0000,0.0000,0.0000,0.0000,0.0000,0.0000,0.0000
1700000018.750000,-61.8,63.3246,62.0967,64.9384,63.1506,61.9839,61.9839,62.3939,61.2046,64.0703,64.0078,65.0692,65.0000,65.0692,64.0703,65.0692,66.3702,66.6108,65.6201,67.2681,67.2681,67.6831,69.6348,67.6831,71.3092,72.2772,71.3092,72.2772,75.1864,74.7329,73.5459,72.7805,75.7100,74.1485,70.8590,73.6817,70.5762,71.4493,67.1863,66.0681,65.0692,65.0077,62.0000,61.0328,58.0086,57.0789,56.0803,54.4518,54.5894,53.9351,51.4198,50.9608,48.7032,0.0000,0.0000,0.0000,0.0000,0.0000,0.0000,0.0000,0.0000,0.0000,0.0000,0.0000,0.0000
1700000018.800000,-60.7,56.6480,58.5235,55.6597,60.7289,57.9741,58.6941,57.2713,56.7186,57.8705,57.3149,61.2944,60.0750,62.0322,61.0328,62.0000,62.0081,60.0083,59.0339,62.2013,62.2013,63.1981,64.3817,63.3877,66.7533,65.7647,65.9242,68.7314,67.7422,68.7314,68.7314,67.3647,67.4759,67.1863,68.1175,67.0298,64.0312,65.0077,63.0000,62.0000,60.0333,59.1354,57.1402,54.4518,53.2353,50.6360,49.8197,51.1957,48.2701,48.0833,48.0833,46.2385,43.8292,0.0000,0.0000,0.0000,0.0000,0.0000,0.0000,0.0000,0.0000,0.0000,0.0000,0.0000,0.0000
1700000018.850000,-63.3,60.2163,60.2163,62.6259,62.6259,58.1378,59.4643,60.8276,59.4138,61.5224,61.7171,63.8905,63.2535,63.0079,62.6817,61.6117,62.6817,63.5138,63.5138,63.2851,64.4981,64.8845,65.7647,65.7647,69.3542,68.4471,68.0294,70.2638,69.7711,70.6612,71.1126,69.8355,71.1969,72.2011,68.0955,68.2642,66.0379,66.0379,64.0703,62.8013,62.8013,58.7963,58.1378,58.7963,53.8145,53.0377,50.9313,51.6624,50.6063,48.4149,48.2597,46.0435,45.6508,0.0000,0.0000,0.0000,0.0000,0.0000,0.0000,0.0000,0.0000,0.0000,0.0000,0.0000,0.0000
1700000018.900000,-66.2,57.5674,59.4643,57.7754,60.5392,57.3847,57.7754,56.3649,56.7979,58.1808,57.8014,59.1693,61.2944,59.6406,60.0000,62.2013,60.4401,62.3699,60.4401,63.0317,62.2415,62.2896,62.2254,60.8769,65.1153,65.7647,65.0538,67.1789,67.2086,68.5930,66.4680,67.8970,66.4831,66.6033,66.7083,65.9469,64.6607,62.0081,61.0328,60.2163,60.4649,56.3028,56.6039,55.5698,51.9711,51.8845,49.2443,49.6588,49.7695,46.4866,46.1736,45.3542,44.4072,0.0000,0.0000,0.0000,0.0000,0.0000,0.0000,0.0000,0.0000,0.0000,0.0000,0.0000,0.0000
1700000018.950000,-61.1,57.0351,60.0333,59.0000,61.0000,58.0000,59.0339,58.0345,59.1354,59.2115,58.4209,58.8558,60.2080,60.2080,62.0967,62.8172,60.4401,61.9839,58.5235,62.2977,62.6259,63.2456,64.5136,61.0983,64.4748,65.7951,65.7951,68.0294,65.3911,69.8570,65.5515,68.0074,67.0671,68.3081,67.3573,64.5601,63.6003,63.3246,61.8466,61.3922,62.1691,57.4282,56.7186,53.6004,53.2353,51.1566,49.0408,49.0000,50.0000,46.0000,45.0444,45.2769,43.7379,0.0000,0.0000,0.0000,0.0000,0.0000,0.0000,0.0000,0.0000,0.0000,0.0000,0.0000,0.0000
1700000019.000000,-64.5,64.5368,63.7024,62.2254,68.5930,63.6553,65.7647,65.9469,64.6607,64.8151,64.6375,66.4003,68.8186,66.2873,67.4166,67.1193,67.1193,68.4251,66.6483,69.7782,68.5420,68.0294,70.7743,69.4622,71.3092,73.9256,73.0069,73.7360,71.8679,74.6726,74.4648,73.9256,75.6439,73.8241,73.7902,71.1196,70.2353,71.1969,67.1193,64.3506,63.5138,62.6817,61.8547,59.2030,58.4123,57.4891,53.8145,54.4885,53.0377,52.4976,51.8556,50.8035,46.1411,0.0000,0.0000,0.0000,0.0000,0.0000,0.0000,0.0000,0.0000,0.0000,0.0000,0.0000,0.0000
1700000019.050000,-64.4,57.2451,56.9210,58.6941,58.3095,59.6154,55.5428,57.2451,58.5918,58.5918,58.8303,58.3095,59.9083,59.6406,62.2013,60.8030,61.0737,60.3075,60.9590,58.7282,59.4138,62.2896,65.0538,61.5224,63.7809,63.7024,63.7024,64.4438,67.9412,65.7951,65.7951,62.9365,66.4680,65.7647,63.7024,63.7809,62.4820,60.9590,61.4003,59.2030,58.0086,57.4282,53.5350,54.0833,49.9300,48.3735,47.0106,48.3011,47.5395,47.4236,44.9222,44.9222,43.1741,0.0000,0.0000,0.0000,0.0000,0.0000,0.0000,0.0000,0.0000,0.0000,0.0000,0.0000,0.0000
1700000019.100000,-63.2,61.4003,62.5140,60.6712,62.6498,60.0167,61.0000,59.4390,61.1310,60.8769,60.0833,60.0833,62.3939,63.3246,63.1585,63.9766,62.6498,63.0714,63.0714,63.5295,63.5295,64.8845,65.3682,62.2656,67.1193,66.2873,67.9559,69.3397,68.2642,70.4911,67.2309,68.0955,69.8355,69.7711,68.4251,66.7083,63.9766,63.5610,63.1585,61.0983,62.0322,57.5674,58.8218,57.0088,52.8867,52.1728,50.2195,50.4876,50.4876,49.2544,48.0104,46.0000,46.0977,0.0000,0.0000,0.0000,0.0000,0.0000,0.0000,0.0000,0.0000,0.0000,0.0000,0.0000,0.0000
1700000019.150000,-63.3,62.2415,59.6154,62.0322,63.5689,62.2977,60.4070,62.3618,61.8466,60.8769,62.3699,62.3699,60.8276,63.7887,62.2896,61.5224,65.1230,63.0714,64.0703,63.0317,64.0000,64.0000,66.0000,64.0000,66.0681,68.0000,67.0671,68.0661,71.0634,70.0286,71.0634,67.0000,69.0000,69.0072,67.0671,67.1193,65.2763,64.2806,61.8142,61.9839,59.0339,58.4637,56.5155,57.4891,53.6004,53.1601,52.4976,49.9800,50.6952,47.0106,48.3011,45.2769,43.6005,0.0000,0.0000,0.0000,0.0000,0.0000,0.0000,0.0000,0.0000,0.0000,0.0000,0.0000,0.0000
1700000019.200000,-59.4,64.4127,64.0078,63.8122,65.0000,66.0379,64.3506,64.8999,64.0703,63.6003,62.8013,65.2993,66.0681,66.5282,64.3506,65.7647,65.7951,66.5282,62.9682,65.2993,67.4759,68.2495,67.4759,67.6240,70.2140,68.6003,70.8025,72.0069,71.4003,72.0069,72.0069,72.4707,73.1095,70.9366,68.6804,70.7107,66.4680,67.8822,67.2681,63.7809,63.0317,59.6657,60.4401,60.0000,56.6127,54.9181,53.8516,53.3385,51.8845,48.7545,48.8467,48.7032,48.5077,0.0000,0.0000,0.0000,0.0000,0.0000,0.0000,0.0000,0.0000,0.0000,0.0000,0.0000,0.0000
1700000019.250000,-58.3,59.1693,59.6825,58.2495,60.4649,56.0357,57.4282,57.0088,57.6281,57.6281,56.6392,58.7963,58.0000,58.7282,57.2800,60.1415,58.8982,58.2580,57.6281,59.4054,59.4054,61.4003,61.6117,58.8218,61.2944,63.8201,61.2944,64.6375,64.0703,66.2873,62.9682,64.4050,64.4050,64.8151,62.4820,62.4820,60.2080,59.4138,59.3970,58.0000,55.8659,53.8145,53.9073,52.4976,49.2037,47.2017,46.6154,47.1699,46.6476,45.1774,44.7214,42.7200,38.6005,0.0000,0.0000,0.0000,0.0000,0.0000,0.0000,0.0000,0.0000,0.0000,0.0000,0.0000,0.0000
1700000019.300000,-61.1,58.0775,57.0351,56.0089,58.0000,58.0000,56.0000,55.1453,56.2228,57.2189,55.4437,57.5587,56.8858,56.2939,56.2939,56.5155,58.2409,55.6597,56.3205,57.0088,57.0088,57.9396,57.7754,59.6154,59.9333,61.7414,60.8358,62.1691,64.4050,63.9531,62.6498,63.1585,63.1585,63.6946,59.8080,61.6847,60.0833,58.8218,57.2800,56.7539,54.8179,54.1295,51.1957,50.9902,48.6621,46.3897,46.1736,47.0956,45.0444,43.0000,41.0000,41.1947,40.6079,0.0000,0.0000,0.0000,0.0000,0.0000,0.0000,0.0000,0.0000,0.0000,0.0000,0.0000,0.0000
1700000019.350000,-59.0,60.0167,61.9839,60.4152,63.5610,60.6383,58.6941,58.9406,60.4401,60.0833,58.8727,60.5392,60.4152,60.8358,59.9333,59.4811,60.4152,61.4003,61.4003,62.4340,61.9112,62.9682,62.6817,62.1289,62.8013,65.2150,66.4003,67.2012,65.2150,67.4240,65.2150,67.1193,67.6757,65.5134,65.5134,64.0078,63.0635,60.4152,59.0339,59.5063,58.1808,55.3624,57.0088,53.7587,51.8652,51.9230,47.2969,49.0306,47.5184,45.5412,44.2832,44.0114,42.0119,0.0000,0.0000,0.0000,0.0000,0.0000,0.0000,0.0000,0.0000,0.0000,0.0000,0.0000,0.0000
1700000019.400000,-62.7,56.0357,58.1378,57.2189,57.2189,56.4358,57.5587,56.7186,54.9181,55.9017,55.3173,57.0088,57.2800,58.5235,56.9210,58.8218,57.0088,56.0803,55.1543,57.2713,58.1808,58.1808,59.0339,57.2451,60.9016,60.4152,59.9416,63.5295,63.0635,63.0635,62.1772,63.5610,62.6498,60.9262,59.8080,59.8080,59.4643,58.8218,57.2800,56.0446,55.5428,51.9711,51.9711,49.8197,48.6621,45.3982,45.0444,45.0444,44.0000,42.0119,42.0476,40.3113,38.8330,0.0000,0.0000,0.0000,0.0000,0.0000,0.0000,0.0000,0.0000,0.0000,0.0000,0.0000,0.0000
1700000019.450000,-58.9,60.0333,57.0088,60.2080,60.2080,59.4138,58.3095,56.8858,57.7062,57.0701,58.4637,61.6117,57.9741,58.5235,56.9210,56.6480,59.6154,58.1808,58.6003,57.2451,59.9416,59.9416,60.4152,61.7171,61.9112,61.4003,61.4003,63.8122,64.3506,62.4340,66.0379,64.0078,63.5295,63.9531,62.1691,60.8358,61.3270,59.6154,58.5235,56.3028,53.7587,55.6597,51.5461,52.8867,48.5077,47.2969,45.7056,44.4072,44.2832,43.1045,43.0465,41.0122,38.1182,0.0000,0.0000,0.0000,0.0000,0.0000,0.0000,0.0000,0.0000,0.0000,0.0000,0.0000,0.0000
1700000019.500000,-63.4,57.2800,57.3149,57.6281,57.4891,56.8507,54.0370,54.4059,55.2178,54.9181,56.6039,53.8516,55.9464,55.9017,56.3649,55.9464,57.0088,54.7814,55.3624,55.0273,55.6597,56.9210,57.2800,57.2800,58.4637,59.9083,59.4390,61.6117,62.5859,59.9083,60.8769,61.1310,60.7289,59.7746,59.8080,59.4643,58.8727,56.6480,54.6260,53.7122,53.2259,51.0000,50.1199,49.2443,46.6476,44.6542,42.4382,42.8019,43.4166,40.4599,39.6232,38.2099,37.8021,0.0000,0.0000,0.0000,0.0000,0.0000,0.0000,0.0000,0.0000,0.0000,0.0000,0.0000,0.0000
1700000019.550000,-62.2,56.8595,56.4004,56.8507,57.0088,58.2580,55.2268,56.5862,54.4885,55.8659,55.8659,56.5862,57.4891,56.8507,55.2178,55.8032,57.9828,56.0803,56.6039,55.5698,58.1808,57.3062,57.2451,57.7062,59.0931,60.3738,59.0339,61.3270,61.3270,62.2415,63.0714,59.4811,62.1772,61.4003,61.0574,60.0333,57.6888,57.6888,55.2178,53.4135,52.8015,52.0096,49.8197,48.9183,47.4236,44.5533,43.1856,42.5206,41.8688,42.2019,39.6611,37.7359,37.1214,0.0000,0.0000,0.0000,0.0000,0.0000,0.0000,0.0000,0.0000,0.0000,0.0000,0.0000,0.0000
1700000019.600000,-64.2,61.1310,58.2151,62.5140,59.5399,61.8142,57.8705,60.4152,57.7235,57.7235,58.5235,58.5235,59.1354,58.8727,57.9396,56.4624,62.1691,59.0593,59.4811,57.8014,61.9112,60.0333,60.7454,61.9112,61.8547,61.8547,62.1289,62.4260,66.0303,61.8547,66.5733,62.9682,65.1920,62.4340,63.6318,61.2944,62.6099,60.8358,56.0803,54.7814,53.8516,55.7136,52.5547,52.4976,46.1736,46.8402,45.3542,44.7214,42.7551,44.4072,41.0488,40.0000,37.1214,0.0000,0.0000,0.0000,0.0000,0.0000,0.0000,0.0000,0.0000,0.0000,0.0000,0.0000,0.0000
1700000019.650000,-59.8,55.5428,52.0000,57.9396,52.8110,54.4243,53.4883,52.2015,52.2015,52.4976,51.4198,55.3173,53.6004,55.5788,55.2268,53.4603,53.1507,52.1536,55.1453,52.0384,52.0096,54.0370,55.0000,55.0000,56.0357,57.0000,57.0351,60.0333,59.0085,57.0000,59.0000,56.0000,59.0762,60.0750,57.2189,57.3149,55.7315,53.2353,52.3450,48.6621,52.1728,50.6952,46.1736,48.0833,43.6578,42.7200,40.7185,40.2492,38.9102,38.9487,36.3593,37.2022,34.0588,0.0000,0.0000,0.0000,0.0000,0.0000,0.0000,0.0000,0.0000,0.0000,0.0000,0.0000,0.0000
1700000019.700000,-61.4,54.1202,54.9181,53.8516,54.9181,54.4059,52.6973,51.4004,52.0096,53.2635,53.0754,53.1507,52.4023,55.1543,53.7401,53.7587,52.6308,51.7397,52.4023,54.4059,55.0000,50.8035,55.0000,53.2541,53.8516,57.1402,56.6039,59.9083,58.2495,58.0086,58.6003,56.8507,57.0088,60.3075,54.6717,55.2268,53.8145,54.4885,54.4885,51.7397,52.4023,49.2037,47.0106,47.2017,40.8044,43.0465,39.6611,39.3573,39.0000,38.0789,37.3363,35.7351,34.7131,0.0000,0.0000,0.0000,0.0000,0.0000,0.0000,0.0000,0.0000,0.0000,0.0000,0.0000,0.0000
1700000019.750000,-59.5,61.0983,59.2368,62.1691,60.8358,61.7414,58.1378,59.9416,58.6686,56.0803,60.2080,59.9083,58.8218,58.6003,59.0339,57.4891,60.1415,58.0000,58.6941,58.0517,60.2080,59.4138,61.6198,61.5549,62.6259,63.8905,62.4820,63.8905,67.6240,64.0312,66.7083,63.7809,64.4438,65.0692,62.9365,62.2415,60.8276,59.4643,58.2580,56.8507,53.4135,54.8179,50.8035,51.0392,47.7074,47.1699,45.2769,44.2832,43.8292,42.5441,41.2311,38.8973,37.8550,0.0000,0.0000,0.0000,0.0000,0.0000,0.0000,0.0000,0.0000,0.0000,0.0000,0.0000,0.0000
1700000019.800000,-64.4,61.2046,59.0339,63.0000,61.0000,60.0333,59.0000,59.0085,59.0339,59.0762,60.2993,59.5399,59.5399,59.8415,60.0167,59.2284,60.4152,58.9406,58.2409,58.5235,59.7746,60.4401,62.2977,60.4070,63.6946,63.9062,62.9682,63.9062,64.5136,63.5689,64.8460,63.6003,63.0635,63.0635,63.0635,60.0167,62.1691,58.6941,57.4282,58.3095,54.1479,53.1507,51.0392,50.0000,48.0000,47.0106,45.1774,44.1814,44.4072,42.7551,40.2616,38.8973,36.7696,0.0000,0.0000,0.0000,0.0000,0.0000,0.0000,0.0000,0.0000,0.0000,0.0000,0.0000,0.0000
1700000019.850000,-65.7,57.2451,58.5235,59.4390,56.0446,58.6941,55.5428,59.0339,55.4437,55.7315,55.4437,57.5587,57.2189,58.1378,58.0345,55.0091,58.0000,56.0803,58.1378,55.1453,58.3095,58.0345,58.4209,58.2151,60.6712,60.4070,60.6712,60.0167,62.6498,61.8142,65.1153,60.5310,61.2944,60.2993,59.2115,58.0775,60.0083,58.0086,57.0000,53.0094,52.0865,52.0384,50.1597,52.0865,48.5077,44.5533,43.7379,44.1475,42.7200,39.8497,38.6264,36.2491,37.1214,0.0000,0.0000,0.0000,0.0000,0.0000,0.0000,0.0000,0.0000,0.0000,0.0000,0.0000,0.0000
1700000019.900000,-60.9,62.1691,61.7738,61.4003,61.4003,61.0574,60.2080,59.3633,60.4649,59.6406,59.0339,60.4401,59.5483,60.8769,58.6941,60.8276,60.1415,61.6198,58.0000,61.0737,60.9590,61.7171,62.4820,59.8164,63.8201,64.4050,62.8013,65.0000,65.8027,67.8012,64.2028,64.6607,65.9469,64.3817,62.9365,61.5224,60.1082,58.6941,57.3149,58.7963,55.4437,52.0096,52.8015,50.0000,49.0918,46.8722,46.1411,43.8292,42.9418,42.0476,41.2311,38.6264,38.0789,0.0000,0.0000,0.0000,0.0000,0.0000,0.0000,0.0000,0.0000,0.0000,0.0000,0.0000,0.0000
1700000019.950000,-62.3,61.3922,61.1310,61.4003,61.6847,61.4003,59.7746,58.5235,59.2368,60.5392,59.0931,60.0083,58.6003,60.8276,60.4152,62.6498,59.6825,61.5873,59.3633,60.8030,60.8030,60.4649,61.4003,58.8218,62.6259,64.2028,63.4114,64.8151,64.0312,65.8027,65.0000,63.8201,64.6375,64.3506,62.4340,61.4003,60.4152,59.0339,57.6975,56.3649,54.6260,51.6236,52.2015,50.5964,47.7598,46.8402,44.1475,43.1741,43.7379,41.3038,41.1096,40.0000,38.0526,0.0000,0.0000,0.0000,0.0000,0.0000,0.0000,0.0000,0.0000,0.0000,0.0000,0.0000,0.0000
1700000020.000000,-64.1,64.3817,62.1289,63.0317,62.0725,64.0312,60.0083,61.0000,59.0000,61.0737,61.2046,61.1310,60.2080,60.5310,60.5310,59.6825,60.2080,60.2080,60.2080,60.1664,61.4003,61.1310,61.6847,61.4003,61.6847,63.6003,63.6003,63.6003,65.1460,64.5601,66.2193,62.8172,64.7611,63.5610,62.5859,61.9839,63.5059,60.5310,59.3043,58.1378,54.0370,55.0000,52.0384,52.0000,48.0416,47.0425,46.1736,44.2832,44.7214,42.7551,41.2311,41.1096,38.6264,0.0000,0.0000,0.0000,0.0000,0.0000,0.0000,0.0000,0.0000,0.0000,0.0000,0.0000,0.0000
1700000020.050000,-62.2,60.8769,62.3699,61.8466,63.4114,62.8013,61.6117,58.6003,60.4649,59.3633,61.0574,61.0574,58.6686,62.1772,59.0339,63.0635,60.0083,60.0083,58.6941,61.0983,61.6847,62.0322,62.2977,59.8080,63.8905,62.9365,63.2456,65.1460,65.1460,66.4078,62.2977,63.9062,63.3246,64.0781,62.2415,61.7414,60.3738,59.9416,57.8014,57.3062,55.2268,52.6973,52.6973,50.2195,47.2017,46.8615,44.6878,44.5982,41.7253,42.5206,40.4599,40.0000,37.7359,0.0000,0.0000,0.0000,0.0000,0.0000,0.0000,0.0000,0.0000,0.0000,0.0000,0.0000,0.0000
1700000020.100000,-62.2,58.1893,57.8705,57.8705,61.0328,56.0446,57.2800,56.2939,58.6941,55.7315,56.0892,55.7315,55.2268,57.0789,55.0818,58.0775,58.0000,56.0357,55.0000,57.1402,55.0818,58.0775,58.0345,55.1453,57.4282,58.4209,59.1354,60.2993,59.2115,63.3877,61.0737,59.0339,59.0339,58.0000,59.0085,58.0000,55.0091,57.0088,53.0377,53.1507,53.1507,50.3587,48.3735,47.5184,46.2709,43.9318,41.9762,42.3792,41.4367,38.2753,37.9473,37.1618,33.6155,0.0000,0.0000,0.0000,0.0000,0.0000,0.0000,0.0000,0.0000,0.0000,0.0000,0.0000,0.0000
1700000020.150000,-62.5,61.1310,61.4003,62.2977,63.2456,62.2977,59.4643,61.0983,60.5392,60.9262,61.7414,59.9333,60.3738,61.2944,60.4152,57.3062,59.9083,59.3633,59.3633,61.0328,61.0328,60.4649,61.2209,59.2030,60.4401,62.8013,62.8013,64.6607,63.4114,62.0081,63.4114,62.4260,63.8201,63.5138,62.9682,60.2080,59.1693,57.8014,56.7979,55.0364,54.1295,53.7122,51.0784,50.9215,46.8188,46.1736,43.0116,44.1475,41.7732,41.4367,41.1947,38.0132,38.0000,0.0000,0.0000,0.0000,0.0000,0.0000,0.0000,0.0000,0.0000,0.0000,0.0000,0.0000,0.0000
1700000020.200000,-64.1,64.4748,62.2415,64.8460,63.0714,63.0635,59.0339,62.1772,60.8276,62.7694,61.0574,60.7454,61.2944,60.8030,62.2013,60.6053,60.9590,59.6657,61.2209,59.4643,60.8769,60.2080,62.2415,61.5549,61.5549,63.6396,63.6396,64.4438,65.7951,63.6396,64.4438,62.3699,63.7809,62.4820,62.2013,61.4003,59.6406,58.2495,56.6039,56.0803,54.3783,52.3546,50.1199,51.0000,47.8539,46.6154,44.5982,44.9222,43.0116,43.1741,40.7922,40.3113,39.0512,0.0000,0.0000,0.0000,0.0000,0.0000,0.0000,0.0000,0.0000,0.0000,0.0000,0.0000,0.0000
1700000020.250000,-58.9,63.5295,63.1348,66.0379,63.6318,64.3506,61.0574,62.4260,63.0079,60.6053,62.0081,62.0081,60.3075,60.8769,60.8769,60.1415,62.9682,60.2080,60.8276,60.3075,60.4401,61.0737,63.4114,61.0737,62.8013,64.0312,62.8013,63.6003,64.4050,62.8013,63.6003,61.0737,62.8013,63.2535,61.6198,60.1415,60.1082,58.7282,57.3847,55.2268,53.9073,52.6308,51.2250,52.0096,48.6004,46.6154,46.3249,44.4185,41.6773,43.3820,40.8534,40.1622,37.8550,0.0000,0.0000,0.0000,0.0000,0.0000,0.0000,0.0000,0.0000,0.0000,0.0000,0.0000,0.0000
1700000020.300000,-61.5,66.0379,62.9682,66.8506,64.6375,64.6375,59.4054,63.6003,61.4003,61.8466,62.3699,62.3699,61.5549,62.9682,60.8276,59.4138,63.1269,58.2580,61.8466,58.4123,63.0079,62.0081,63.0079,63.0079,62.9682,62.6817,61.8547,63.5138,66.0379,62.9682,67.4166,61.0328,65.2150,64.2028,61.0737,61.2209,63.1269,59.5483,57.3149,57.3149,52.3259,55.1543,49.4975,53.0754,47.5079,47.5079,46.4004,44.6542,45.2217,44.7772,42.5441,41.1461,39.2173,0.0000,0.0000,0.0000,0.0000,0.0000,0.0000,0.0000,0.0000,0.0000,0.0000,0.0000,0.0000
1700000020.350000,-59.0,64.0703,64.1950,61.2944,65.1920,61.2944,64.3817,61.4003,61.6604,60.6712,59.0339,62.1691,60.8769,63.0635,62.3618,63.0635,59.7746,62.6259,57.8705,62.6259,61.0983,60.7454,62.0322,57.7754,62.6498,60.9262,64.0781,64.4748,61.8466,65.9242,61.8466,62.9682,62.6259,63.2456,60.7289,60.1664,57.2800,57.7235,55.5428,55.9017,54.9181,50.4876,52.6118,49.2544,48.1664,48.0416,45.0000,45.0000,44.0454,42.0476,41.3038,40.6079,38.3275,0.0000,0.0000,0.0000,0.0000,0.0000,0.0000,0.0000,0.0000,0.0000,0.0000,0.0000,0.0000
1700000020.400000,-64.2,65.7419,63.0635,62.6498,63.0635,62.2656,61.2944,61.9112,61.5873,60.7454,60.4649,61.2944,61.4003,59.8164,59.8164,61.0737,60.8769,60.2080,59.4643,60.1082,59.3970,59.3970,59.4643,58.6941,61.5549,61.5549,61.5549,60.9590,63.0317,62.2415,60.8769,60.1082,60.8276,60.1082,58.6941,58.0517,57.4891,58.2580,54.8179,53.6004,53.4135,51.0392,49.3964,49.3964,47.5079,46.6476,44.2945,44.2832,42.9535,42.1545,40.8044,39.2938,37.3363,0.0000,0.0000,0.0000,0.0000,0.0000,0.0000,0.0000,0.0000,0.0000,0.0000,0.0000,0.0000
1700000020.450000,-60.6,61.4003,58.3095,62.1289,58.1378,63.2851,55.0818,57.0088,58.0775,55.0091,60.0333,58.0345,55.0364,59.0762,56.1427,55.1453,60.4070,53.7587,58.8558,55.3173,57.2713,55.1090,55.9017,59.6657,58.9406,62.0967,55.7853,57.0088,60.1664,54.8179,61.3922,52.7731,59.0339,55.9017,55.9017,55.7315,58.4209,54.5894,51.1566,51.1566,48.0000,51.0000,47.0425,49.0102,44.0454,43.1045,42.1900,41.3038,41.5933,42.9535,39.0512,39.8497,35.8469,0.0000,0.0000,0.0000,0.0000,0.0000,0.0000,0.0000,0.0000,0.0000,0.0000,0.0000,0.0000
1700000020.500000,-63.0,68.1175,69.1809,65.4905,71.4493,65.4905,66.4831,65.4905,65.9242,64.9384,61.1882,63.7887,64.2884,65.2533,64.5601,64.2884,62.2977,64.8460,59.4643,65.5515,65.1920,63.3246,63.6946,60.5392,64.4050,65.7419,65.3070,64.8460,63.1585,68.0294,63.1585,65.0000,64.6220,64.2573,62.6259,60.7289,59.7746,60.7289,59.2030,57.7235,59.4390,54.1295,55.9017,50.6360,50.6360,49.2544,47.0425,47.0425,47.0106,43.0116,44.1022,43.1856,41.7732,0.0000,0.0000,0.0000,0.0000,0.0000,0.0000,0.0000,0.0000,0.0000,0.0000,0.0000,0.0000
1700000020.550000,-60.6,62.2415,59.9333,61.3270,58.8727,60.1664,59.2368,59.1354,55.3624,55.3624,55.9732,54.8179,54.5711,57.9741,57.2713,56.8858,57.4282,56.3205,55.0818,54.0833,57.2189,55.0091,57.0088,55.0091,56.0357,57.0088,56.0000,59.0339,60.0083,60.0333,57.0351,58.0086,61.0082,56.0000,56.0357,58.0086,57.0789,54.2310,54.7449,51.6236,51.3517,48.5077,49.8197,47.0744,46.0977,42.7551,42.7200,44.5982,41.7612,42.3792,37.5766,40.4969,37.2156,0.0000,0.0000,0.0000,0.0000,0.0000,0.0000,0.0000,0.0000,0.0000,0.0000,0.0000,0.0000
1700000020.600000,-64.5,63.6003,64.6375,64.6375,65.4599,63.8122,63.8122,62.4340,62.2656,63.0635,59.9416,61.7738,61.2699,61.8466,61.8466,61.4654,60.4070,60.7289,60.0833,60.1664,60.4401,62.0967,61.1310,59.2030,62.8172,61.8466,62.0967,64.5368,62.5859,65.3070,62.5859,63.0635,61.8466,62.3618,62.3618,61.4003,59.4643,57.9396,58.6941,56.8595,55.0364,52.3259,54.1202,51.4296,49.6488,47.0106,46.6154,45.8039,45.0000,44.5982,42.4264,42.5206,40.8044,0.0000,0.0000,0.0000,0.0000,0.0000,0.0000,0.0000,0.0000,0.0000,0.0000,0.0000,0.0000
1700000020.650000,-63.8,61.2046,60.0750,61.0737,61.0328,60.0000,58.0086,59.0339,58.0000,58.1378,57.2189,56.3205,57.4282,57.5587,56.8858,56.0892,57.2713,56.5155,57.7235,56.3205,58.5235,57.5674,56.9210,57.8705,59.8080,58.8727,58.5235,59.8080,60.1664,60.9262,60.5392,59.4643,61.6847,60.0833,58.8218,59.2030,57.9741,57.7235,56.2939,53.9351,53.9351,52.6118,51.3517,51.3517,48.1664,47.2652,45.0111,45.0000,43.0000,43.1856,42.4264,40.7922,39.5601,0.0000,0.0000,0.0000,0.0000,0.0000,0.0000,0.0000,0.0000,0.0000,0.0000,0.0000,0.0000
1700000020.700000,-61.5,60.7454,59.4643,59.4811,59.4811,57.7235,57.7235,57.4891,56.2939,56.0892,55.7315,56.5685,56.4358,56.2228,57.1402,57.1402,56.0000,56.0000,55.0000,56.0357,55.0364,56.1427,56.0803,56.0803,58.4209,58.3095,59.3043,59.5399,59.3043,59.4138,59.4138,59.2115,60.2080,61.2046,59.0339,59.0000,58.0000,56.0089,55.0364,55.1453,53.0377,51.2445,51.2445,50.6360,47.8539,46.8722,44.6430,44.9222,45.2217,43.0813,41.6293,40.3113,38.8330,0.0000,0.0000,0.0000,0.0000,0.0000,0.0000,0.0000,0.0000,0.0000,0.0000,0.0000,0.0000
1700000020.750000,-63.6,62.9682,62.2013,63.2535,61.8466,61.7171,59.8164,60.2080,58.7282,60.1082,57.2800,57.9828,58.7282,61.6198,60.3075,59.8164,59.6406,58.5235,58.2495,60.2080,59.1693,59.1693,61.2944,59.1693,60.8276,60.8276,62.1772,64.4050,64.4050,63.5059,63.5059,64.4127,64.4127,65.0000,63.2851,61.5873,62.6817,60.6053,60.0000,58.8982,56.2228,55.3173,55.9732,53.8145,52.3259,50.9313,48.8365,49.6790,47.8017,45.8039,44.4185,45.6180,43.0813,0.0000,0.0000,0.0000,0.0000,0.0000,0.0000,0.0000,0.0000,0.0000,0.0000,0.0000,0.0000
1700000020.800000,-60.2,63.2456,64.6375,62.0081,63.4114,60.4401,61.7171,59.4643,60.1082,59.4138,57.3149,63.0317,60.4401,60.4401,60.0000,62.0081,59.6406,59.9083,57.1402,62.7694,60.0333,61.9112,61.7738,59.1693,63.9531,63.9531,63.9766,66.6408,64.4050,67.0820,64.8460,66.2420,67.6018,66.3702,64.6607,64.3506,62.1289,61.5873,62.2013,60.0000,58.2580,56.0803,58.0517,53.0377,53.0377,50.9313,48.9183,47.6340,47.8017,45.2217,45.2769,43.8292,42.0476,0.0000,0.0000,0.0000,0.0000,0.0000,0.0000,0.0000,0.0000,0.0000,0.0000,0.0000,0.0000
1700000020.850000,-61.0,61.6847,60.4070,59.2368,62.3939,58.6941,57.3847,58.1378,57.7062,58.8303,56.9386,60.5392,58.5235,56.8595,58.0086,59.8164,58.7963,58.7963,58.1378,60.1415,60.1082,57.9828,60.8769,60.1415,60.8769,63.6553,63.0317,64.4438,65.8559,66.6033,65.8559,64.3817,64.4438,65.0692,65.0692,63.6553,62.3699,61.8466,58.6003,58.6003,58.0086,54.6443,55.2268,54.2033,51.1077,49.6488,48.3011,48.3322,48.3322,46.4866,44.6430,43.7379,41.3038,0.0000,0.0000,0.0000,0.0000,0.0000,0.0000,0.0000,0.0000,0.0000,0.0000,0.0000,0.0000
1700000020.900000,-62.2,54.5619,55.2268,55.3173,54.0370,57.4891,53.4135,54.0833,54.0833,52.6973,53.7122,52.3546,54.5619,55.5428,55.1543,54.7814,55.9732,54.0833,53.7587,54.5711,54.9181,53.3667,55.5428,53.9351,57.5587,58.8558,58.8558,58.5491,59.8415,59.8415,61.6604,59.8415,61.3922,59.4390,58.9406,58.2409,58.5235,58.8218,55.9732,53.1413,53.1413,52.3927,51.4781,49.6588,49.6588,47.8853,43.0465,43.5660,44.6542,42.4382,42.5206,40.3609,38.9487,0.0000,0.0000,0.0000,0.0000,0.0000,0.0000,0.0000,0.0000,0.0000,0.0000,0.0000,0.0000
1700000020.950000,-59.7,57.9396,57.9396,58.1808,58.1808,57.6975,56.7979,57.3062,56.4358,56.6039,56.3028,57.6888,56.4004,57.2014,56.2228,55.3173,58.0000,57.2800,58.0000,58.6941,58.6941,57.2800,58.7282,58.0517,61.7171,60.2080,60.2080,61.8466,62.4820,62.4820,63.0317,61.5549,64.3817,63.6396,60.8276,60.8276,60.2080,59.6657,57.8014,55.8032,55.2178,51.8652,52.1536,52.1536,48.0208,46.0652,46.5188,46.0977,44.3847,43.9659,42.4500,41.2311,37.3363,0.0000,0.0000,0.0000,0.0000,0.0000,0.0000,0.0000,0.0000,0.0000,0.0000,0.0000,0.0000
1700000021.000000,-59.0,55.4437,53.6004,55.3173,56.2939,54.8179,52.3927,52.2015,52.4976,51.2640,52.5547,53.4883,53.3104,52.8015,52.3259,51.8845,54.2033,54.3783,53.3385,54.9181,54.6443,54.6443,56.0357,55.2178,55.8032,57.2014,55.8032,57.8014,60.6053,59.0339,60.2163,59.0762,59.0762,59.9083,58.5235,58.3095,57.3062,55.9017,52.8015,52.9245,52.3927,51.6236,49.0408,49.6488,43.9659,44.6430,42.4500,42.9535,40.7922,41.1947,40.0500,38.0000,36.1248,0.0000,0.0000,0.0000,0.0000,0.0000,0.0000,0.0000,0.0000,0.0000,0.0000,0.0000,0.0000
1700000021.050000,-60.8,55.2178,51.2250,52.4023,52.6308,53.0377,53.7587,50.2096,51.6236,49.5782,49.2037,51.2250,50.4480,51.6140,52.1536,50.4777,50.6063,50.1199,51.1077,51.4296,52.8015,51.0000,52.3259,50.9902,52.3927,55.7136,54.7814,55.7136,53.7122,56.4624,53.8516,57.7754,56.3560,56.4358,56.4358,54.9181,51.9711,53.5350,53.2541,50.2195,50.2195,47.0106,46.8615,44.6878,43.2782,43.1393,41.0366,38.9487,38.4187,38.0132,37.2022,34.4819,35.8469,0.0000,0.0000,0.0000,0.0000,0.0000,0.0000,0.0000,0.0000,0.0000,0.0000,0.0000,0.0000
1700000021.100000,-60.8,54.0000,56.0089,52.0000,54.0000,51.0392,52.0384,48.3735,49.3660,50.3587,46.6905,50.9902,50.6952,51.6624,50.6952,50.9608,52.2015,50.9215,50.5964,51.6236,51.8941,52.8015,50.5668,51.4296,52.7731,54.5894,51.4296,55.9017,54.5894,57.6975,54.5619,55.4617,57.2713,55.4617,53.1413,54.4243,50.9215,50.2892,52.2015,49.7293,47.8017,46.8722,48.0521,43.5660,42.7551,41.3038,39.1152,40.0500,38.0000,39.0000,36.1248,35.2278,31.7805,0.0000,0.0000,0.0000,0.0000,0.0000,0.0000,0.0000,0.0000,0.0000,0.0000,0.0000,0.0000
1700000021.150000,-60.4,53.9073,52.6308,55.0000,54.4059,53.2541,51.3128,52.1536,51.0000,50.1199,51.8845,50.0899,52.3927,49.7695,49.0408,50.9902,50.9215,50.2892,50.5964,50.0000,52.2015,51.2445,52.6308,50.6952,53.1507,56.0892,55.1090,53.1507,56.7539,54.3415,54.1202,54.5711,57.0088,56.3028,53.4883,53.1413,53.8516,54.2310,51.4781,48.7545,49.1935,48.8774,45.7930,46.3249,44.1022,42.0119,41.4005,39.6989,41.7253,40.3113,36.8782,35.6090,34.6699,0.0000,0.0000,0.0000,0.0000,0.0000,0.0000,0.0000,0.0000,0.0000,0.0000,0.0000,0.0000
1700000021.200000,-63.9,52.4786,49.9300,51.0392,50.8035,51.4004,47.0106,48.1041,48.1041,48.1041,49.4975,48.7955,49.5782,48.1041,48.8365,46.7547,46.6154,47.8017,47.2017,47.4342,49.9300,48.0208,48.0208,48.2597,50.7740,51.0392,51.1077,51.6236,52.1536,52.4786,52.4786,52.6973,53.5350,51.0392,51.6140,50.6063,50.9902,48.1041,48.7955,46.6905,44.5533,44.5533,43.9318,43.2782,42.6380,39.2046,37.2022,37.7359,36.8917,37.1214,34.9285,35.1141,31.7805,0.0000,0.0000,0.0000,0.0000,0.0000,0.0000,0.0000,0.0000,0.0000,0.0000,0.0000,0.0000
1700000021.250000,-60.2,55.0273,48.0833,50.6952,49.4773,49.4773,50.6360,47.8539,46.6905,46.3897,48.2597,47.1699,50.0400,48.0416,46.0000,50.0100,50.0400,47.0106,45.0444,48.3735,49.2544,47.2652,48.3735,48.2597,51.6236,49.0306,50.3587,50.4876,50.6360,52.6118,52.4690,52.2398,51.3517,52.1536,50.0400,53.0000,50.0000,50.0000,47.0425,46.0435,44.1814,46.3897,40.3113,43.5660,41.0000,39.8121,37.9473,37.9473,36.7696,36.7696,34.9285,34.6699,33.2866,0.0000,0.0000,0.0000,0.0000,0.0000,0.0000,0.0000,0.0000,0.0000,0.0000,0.0000,0.0000
1700000021.300000,-60.6,52.1728,51.6236,50.3587,53.6004,49.3660,48.1664,48.1664,48.0416,47.0425,49.0000,48.1664,46.2709,48.3735,49.3660,47.2652,48.8365,48.6621,45.8912,48.2701,48.7647,49.4773,48.7647,44.9222,49.9800,49.6488,51.2640,51.2640,50.5964,53.1413,50.9215,50.2892,52.8867,53.1601,49.2443,51.1957,49.2443,50.6360,47.8539,47.3814,46.3897,46.1736,45.1774,44.0454,43.0000,39.0000,39.0512,38.2099,39.2046,36.3456,34.3657,35.6931,35.1141,0.0000,0.0000,0.0000,0.0000,0.0000,0.0000,0.0000,0.0000,0.0000,0.0000,0.0000,0.0000
1700000021.350000,-63.7,56.0892,54.3415,53.4509,55.0818,53.1601,51.2445,51.6236,51.6236,51.6236,50.9902,51.0784,50.5668,51.9711,51.1077,51.9711,50.2494,50.7740,50.2494,51.4004,51.6140,51.4004,52.0096,51.4004,53.2635,53.4135,52.6308,55.4437,54.8179,56.4004,54.8179,54.4059,55.8032,55.4707,54.9181,53.8516,54.2033,51.4781,50.5371,50.5668,48.3322,49.0408,47.1699,45.5412,43.0116,42.7200,41.2311,41.7732,39.4588,39.2046,38.0526,38.0000,36.0555,0.0000,0.0000,0.0000,0.0000,0.0000,0.0000,0.0000,0.0000,0.0000,0.0000,0.0000,0.0000
1700000021.400000,-53.8,59.5399,58.8558,57.0701,57.2713,57.2713,55.5428,54.1202,55.3624,55.0818,54.4243,54.7814,55.4617,55.4617,55.0091,55.9017,54.5894,55.0727,54.7083,54.6443,54.6443,54.6443,57.4282,55.2178,56.2228,57.4891,57.4891,59.0339,59.8164,61.2209,59.8164,60.6053,60.2163,61.2944,58.8303,60.0333,57.8014,55.5698,55.4707,55.0091,54.1295,51.0784,49.7695,48.7032,47.7598,46.1736,43.6807,43.9318,42.5793,42.4264,41.1096,40.0500,37.0135,0.0000,0.0000,0.0000,0.0000,0.0000,0.0000,0.0000,0.0000,0.0000,0.0000,0.0000,0.0000
1700000021.450000,-62.4,58.6941,60.5392,60.7454,62.2977,57.5847,56.6127,54.1202,56.0892,55.3173,57.0701,57.7062,57.4282,57.4282,57.2189,57.0789,57.0088,59.0000,54.0093,59.0339,58.0345,59.0762,58.0775,57.0789,60.5310,60.2080,60.4070,62.6498,63.3877,63.2851,60.2993,62.2013,64.0703,63.0714,62.0322,61.0000,59.0000,60.0083,57.1402,58.2151,56.2228,54.5894,54.7449,50.9902,49.2443,48.5077,45.8803,45.8803,44.9444,43.8634,43.3820,41.1825,41.0488,0.0000,0.0000,0.0000,0.0000,0.0000,0.0000,0.0000,0.0000,0.0000,0.0000,0.0000,0.0000
1700000021.500000,-63.0,61.5224,60.8276,61.6198,62.2896,59.6657,58.4123,58.0086,58.0086,57.1402,58.2495,58.3095,58.6686,57.7062,58.5918,57.6975,60.5392,59.6154,57.9396,57.2451,60.0833,59.8080,59.4811,59.1354,60.4401,63.0635,60.8769,63.0635,65.0000,63.3246,63.6003,63.8905,63.8905,65.1920,62.3939,62.2415,61.8466,61.7414,58.1378,57.7062,57.8014,55.2268,53.3385,54.0833,51.0392,48.4149,49.0408,47.4236,46.6905,45.3431,44.6878,42.2019,40.4969,0.0000,0.0000,0.0000,0.0000,0.0000,0.0000,0.0000,0.0000,0.0000,0.0000,0.0000,0.0000
1700000021.550000,-63.8,62.3939,62.0322,61.7414,62.1691,59.0339,58.1378,59.5399,58.5918,59.1693,59.0762,58.5235,60.0000,60.6053,60.3075,59.5483,60.1415,60.1082,60.8112,58.6941,60.8276,61.5224,61.5549,61.5224,63.8905,65.1153,63.1269,63.8905,66.7083,65.9469,66.6033,64.3817,65.0692,66.4680,67.1789,63.0317,64.5368,61.7171,60.2163,58.8218,55.4707,56.8595,56.6039,56.0803,51.1077,50.1199,48.3322,47.5395,46.8188,45.8803,43.4166,42.7551,40.1995,0.0000,0.0000,0.0000,0.0000,0.0000,0.0000,0.0000,0.0000,0.0000,0.0000,0.0000,0.0000
1700000021.600000,-58.1,65.1920,61.1310,63.0714,64.0078,63.0317,59.0000,63.0714,61.2046,60.2080,62.6498,60.8276,62.3699,62.1691,62.5859,64.7611,63.6003,61.6847,62.6418,63.9062,65.5515,65.4599,65.5515,65.0000,66.6408,65.7951,64.8845,69.7782,69.7782,70.6824,70.2638,68.5420,70.7743,70.9366,67.0671,67.6757,66.0984,64.0312,63.7887,63.7887,61.3922,59.0339,57.8705,57.5587,55.2268,52.2398,49.0918,48.0000,49.0000,48.0937,47.1699,44.4072,43.1741,0.0000,0.0000,0.0000,0.0000,0.0000,0.0000,0.0000,0.0000,0.0000,0.0000,0.0000,0.0000
1700000021.650000,-60.1,68.5420,68.1542,68.7095,68.0074,68.6222,66.7608,66.4831,66.2873,65.3070,67.7422,67.0820,69.3542,67.1863,70.0643,67.1193,70.0071,67.0000,70.0286,69.0652,69.0290,69.0290,70.0643,70.1783,71.4493,71.3442,71.4493,75.4255,75.5381,72.4431,75.3260,71.1758,74.2428,74.0270,72.0278,71.0000,72.0000,70.0000,67.1863,65.0692,63.1981,61.2944,60.5310,61.8142,56.2939,55.3173,53.8516,53.8516,52.2015,51.2640,48.8467,47.8539,45.7930,0.0000,0.0000,0.0000,0.0000,0.0000,0.0000,0.0000,0.0000,0.0000,0.0000,0.0000,0.0000
1700000021.700000,-62.0,63.7809,63.7809,67.6240,66.0681,64.6375,61.4003,63.8201,64.6375,62.4340,65.3682,64.8460,66.6408,66.3099,66.8506,63.3246,66.4831,65.7875,64.8460,64.8460,66.4078,66.4078,67.0522,67.4463,67.0820,69.4262,66.4906,69.4262,73.0069,70.3420,70.0928,69.6419,69.2604,71.4703,67.6757,67.6757,67.4166,64.6220,64.4748,63.1585,59.0339,58.1378,57.7062,56.8243,53.7122,50.4777,50.2195,50.8035,49.0408,47.5079,44.5533,44.5533,44.2041,0.0000,0.0000,0.0000,0.0000,0.0000,0.0000,0.0000,0.0000,0.0000,0.0000,0.0000,0.0000
1700000021.750000,-61.8,65.7343,63.0635,64.5601,65.8027,66.4078,61.3514,61.6847,63.5610,61.7414,63.9531,64.8460,64.4981,65.3682,66.0379,63.8122,64.0703,64.6375,64.4050,61.2209,64.8151,67.0075,66.8431,64.5368,65.0692,67.3573,66.5282,68.6222,70.8378,68.0147,70.0928,66.0681,66.0681,67.6240,65.8027,65.4599,65.4599,62.9682,61.9112,61.4003,58.6686,57.2451,54.1202,55.0091,50.9902,52.0000,47.1699,49.6488,47.4342,45.8803,43.1741,43.5660,40.0500,0.0000,0.0000,0.0000,0.0000,0.0000,0.0000,0.0000,0.0000,0.0000,0.0000,0.0000,0.0000
1700000021.800000,-61.0,61.2046,62.2013,60.5310,62.3939,60.5310,60.5310,59.6825,59.0339,61.0000,59.2030,60.4401,59.4643,61.3514,59.8080,59.8080,60.5392,61.3270,58.6003,59.9416,59.9333,62.1691,59.9416,59.5399,62.6817,61.9112,61.9112,64.0078,62.7694,61.9112,63.6318,63.1348,62.6099,62.1691,60.9262,60.5392,58.6941,60.0083,57.3847,56.6480,55.0273,52.4976,52.8867,50.9608,48.2701,47.6760,44.4072,44.5533,43.1045,43.2897,41.0122,41.0000,38.2099,0.0000,0.0000,0.0000,0.0000,0.0000,0.0000,0.0000,0.0000,0.0000,0.0000,0.0000,0.0000
1700000021.850000,-63.5,57.0088,58.8727,60.0833,59.1354,58.1893,55.7853,55.7853,55.7853,55.3173,57.2713,56.0892,56.7186,58.4209,57.4282,56.4358,57.1402,58.1378,56.1427,57.0351,58.0345,57.0351,58.0000,56.0000,58.0086,59.0085,58.0000,60.0000,61.0000,60.0000,60.0083,58.0086,60.1332,60.0333,56.1427,58.4209,55.3263,54.5894,53.7587,53.9351,51.1957,49.4773,47.5395,48.0833,44.9222,44.9444,42.7200,41.2311,41.5933,40.2492,38.0789,37.4433,36.2353,0.0000,0.0000,0.0000,0.0000,0.0000,0.0000,0.0000,0.0000,0.0000,0.0000,0.0000,0.0000
1700000021.900000,-59.7,60.2080,60.0167,61.8142,61.8142,59.5399,59.5399,57.2189,57.1402,58.0775,57.0351,58.0345,59.0000,59.0085,59.0085,57.0351,58.1378,58.2151,57.2189,58.5491,58.5491,58.5491,57.7062,58.8558,59.8415,59.8415,57.8705,60.0167,62.1691,61.0000,59.8415,59.5399,60.6712,59.3043,59.3043,58.1378,58.1378,56.0357,54.0093,53.0000,53.0000,50.1597,50.1597,49.1630,45.2769,45.3982,43.5660,44.1475,41.4849,41.4849,39.2173,40.3113,36.2353,0.0000,0.0000,0.0000,0.0000,0.0000,0.0000,0.0000,0.0000,0.0000,0.0000,0.0000,0.0000
1700000021.950000,-62.0,59.1354,59.3043,60.5310,60.4070,59.5399,57.8705,56.0892,55.1090,56.0892,57.0088,56.7539,57.2800,56.6127,56.3028,55.6597,56.4624,56.4624,54.6260,55.4617,56.7979,56.3649,56.3560,55.4617,57.3062,58.1808,59.0593,58.6686,57.3062,58.1808,57.2451,58.5918,59.9333,58.1808,56.4624,56.4624,54.7814,55.9732,52.8110,51.2445,51.6624,51.6624,49.2443,47.8539,45.7056,44.4072,42.2966,43.1045,41.0488,39.0128,40.0500,38.2099,36.6742,0.0000,0.0000,0.0000,0.0000,0.0000,0.0000,0.0000,0.0000,0.0000,0.0000,0.0000,0.0000
1700000022.000000,-60.9,54.7814,51.2640,54.4059,53.1413,50.9608,51.2445,50.0000,49.0306,47.0744,49.0306,50.8035,50.6360,50.3587,50.3587,48.3735,52.0865,49.0408,50.0899,48.0416,50.0400,49.0000,50.0000,48.0000,51.0098,51.0000,51.0098,52.0384,53.0000,53.0094,53.0000,52.0000,54.0093,52.0000,51.0392,50.0400,50.0899,48.2597,46.1736,46.6905,44.7214,44.9110,45.1221,44.3847,39.5601,39.2938,37.9473,36.7696,36.7696,36.6742,33.6155,33.8378,32.0156,0.0000,0.0000,0.0000,0.0000,0.0000,0.0000,0.0000,0.0000,0.0000,0.0000,0.0000,0.0000
1700000022.050000,-66.3,50.9313,50.2494,50.9902,51.6624,50.3289,48.2701,47.6340,47.8017,47.8017,47.4342,48.2597,48.8774,47.8853,47.8853,47.8853,48.3011,46.5188,46.5188,46.6154,46.0977,48.3322,47.5395,47.1699,48.3839,49.0408,49.3356,49.9800,49.9800,49.9800,50.3289,49.3964,49.3964,50.5668,48.7545,48.3011,47.4131,46.9574,46.1411,44.4185,43.5660,43.0116,41.0488,40.6079,38.4187,37.6431,36.7967,38.1838,35.3836,35.4683,33.6006,33.0151,31.3847,0.0000,0.0000,0.0000,0.0000,0.0000,0.0000,0.0000,0.0000,0.0000,0.0000,0.0000,0.0000
1700000022.100000,-60.1,52.4976,48.1664,49.6790,48.6004,49.2037,47.4342,48.0104,47.4342,47.0106,47.0106,48.3735,47.4131,46.9574,46.6154,45.6946,47.1699,46.4866,46.8188,45.8803,47.8017,45.5412,46.5725,46.8402,47.0744,47.8017,47.2969,50.2195,48.0521,48.0521,53.1507,47.2969,49.7293,50.5964,47.7598,48.3839,47.4342,45.3100,44.7772,44.3847,42.9535,42.9535,41.1461,41.5933,40.3113,37.7359,36.0555,37.2022,34.8281,35.4683,34.6554,31.1448,32.0156,0.0000,0.0000,0.0000,0.0000,0.0000,0.0000,0.0000,0.0000,0.0000,0.0000,0.0000,0.0000
1700000022.150000,-65.8,51.6140,53.3385,50.7740,54.2033,50.1199,50.1199,47.8539,47.5395,48.4665,47.5395,49.3964,49.6488,50.0000,47.1275,49.7293,48.2701,48.6621,49.6488,47.5184,48.5077,49.4975,49.0918,48.0937,52.0865,50.0899,51.0882,51.0000,51.0098,53.0094,52.0865,51.0882,52.0384,51.3517,50.1597,51.2445,50.4876,47.0744,46.6905,46.8722,44.9110,43.6807,43.6807,43.6807,41.7612,39.8497,39.5601,36.4006,38.0789,36.7151,35.3553,35.0000,34.8281,0.0000,0.0000,0.0000,0.0000,0.0000,0.0000,0.0000,0.0000,0.0000,0.0000,0.0000,0.0000
1700000022.200000,-58.6,55.4707,53.6004,52.4976,50.0000,49.6790,48.9183,50.9902,47.4236,48.1041,46.6905,48.0833,50.3289,49.8197,48.4149,49.2037,48.8262,48.2597,49.4065,46.8722,50.2494,48.5489,49.2443,48.5489,50.1199,50.6063,51.0000,53.7122,51.0000,53.7122,52.8394,51.6236,53.0000,52.1536,50.7740,50.8035,50.8035,49.8197,48.9183,46.0977,45.3431,45.9674,43.8406,43.8634,41.0366,40.4599,37.8021,38.2753,39.6611,36.7151,35.3553,34.1760,32.9848,0.0000,0.0000,0.0000,0.0000,0.0000,0.0000,0.0000,0.0000,0.0000,0.0000,0.0000,0.0000
1700000022.250000,-63.0,54.0370,55.0000,54.0370,56.0089,52.0384,52.0865,51.2445,50.4876,49.3660,48.8365,49.8197,49.4773,50.2195,50.0000,50.0000,49.6488,51.2640,47.7598,51.0784,50.1597,51.0784,50.5668,48.7545,52.7731,51.8941,51.4296,53.2353,53.6656,54.5619,52.7731,52.8015,52.8015,54.2310,53.4883,52.9245,50.9215,51.2445,50.0000,48.5077,48.5077,45.7056,46.6905,44.7214,42.5793,41.4367,40.1995,40.1123,40.0000,39.0128,38.1182,36.4966,35.9026,0.0000,0.0000,0.0000,0.0000,0.0000,0.0000,0.0000,0.0000,0.0000,0.0000,0.0000,0.0000
1700000022.300000,-60.8,57.2451,55.3624,57.8705,56.9210,57.2800,54.1202,54.3415,52.1728,52.9528,54.5894,55.4437,53.2353,53.0848,53.0377,53.0000,53.0000,52.0865,53.1507,52.0865,54.1479,55.1453,55.4437,55.5788,55.5788,56.5685,55.5788,58.0517,57.7062,58.0517,59.0339,57.5587,57.4282,59.3043,58.3095,56.0803,57.1402,56.0357,53.0000,53.0094,52.0096,50.0400,49.0408,50.1597,46.1736,45.3982,43.7379,43.7379,42.2019,42.7200,39.8497,40.3113,36.2353,0.0000,0.0000,0.0000,0.0000,0.0000,0.0000,0.0000,0.0000,0.0000,0.0000,0.0000,0.0000
1700000022.350000,-65.6,58.6941,58.0000,57.3847,58.0000,57.4891,55.3173,56.2228,55.0000,55.8032,54.0833,56.6039,53.3385,54.7083,54.5894,54.1202,55.5428,54.6260,55.1543,54.7814,55.1543,55.1543,56.6480,57.0088,58.8218,57.2451,59.1354,59.8080,60.7289,59.7746,61.3514,60.1664,60.5392,60.0083,58.1808,58.1808,59.0339,58.1378,56.4358,53.8516,52.4786,51.8652,49.6488,50.6063,47.8017,47.5079,45.2548,45.2548,43.1856,42.0119,42.2019,39.9625,38.4708,0.0000,0.0000,0.0000,0.0000,0.0000,0.0000,0.0000,0.0000,0.0000,0.0000,0.0000,0.0000
1700000022.400000,-62.5,56.6127,55.0000,55.0727,57.1402,52.4786,54.9181,53.6656,51.4781,52.0000,54.1295,52.3927,51.6236,52.5547,53.1413,53.8516,53.3667,53.9351,50.9902,52.7731,51.6236,53.4603,54.2310,50.1597,54.3323,57.3149,56.4358,59.1354,58.2151,58.1378,58.3095,55.2268,58.3095,58.2151,55.3263,56.4358,53.6004,54.1295,53.8516,53.1601,51.9230,50.9215,49.3964,47.1699,45.3100,43.0813,45.1885,42.9418,40.7063,40.4969,39.2046,38.9487,36.7696,0.0000,0.0000,0.0000,0.0000,0.0000,0.0000,0.0000,0.0000,0.0000,0.0000,0.0000,0.0000
1700000022.450000,-62.0,66.9104,65.9242,65.3070,67.4685,65.9697,63.3246,62.6418,62.9365,62.3939,62.3939,63.3246,62.1691,63.0635,61.2944,62.6099,63.2851,62.9682,60.7454,64.3506,65.4599,63.6003,64.4050,63.0079,65.9469,66.2193,65.4370,69.6563,67.6240,68.2495,68.4105,68.0074,68.6003,68.2422,66.8506,65.7343,65.5134,63.8122,61.7738,63.5295,61.2699,56.8595,58.6941,56.0803,53.4883,52.2015,51.6624,52.2015,49.0306,47.8539,46.5296,45.0999,45.0000,0.0000,0.0000,0.0000,0.0000,0.0000,0.0000,0.0000,0.0000,0.0000,0.0000,0.0000,0.0000
1700000022.500000,-58.4,67.2086,66.5282,67.2086,68.5930,64.3817,65.1153,63.8905,64.6607,63.8905,61.0328,64.0703,63.5138,61.4003,63.1348,65.3682,64.8460,64.8460,63.0714,63.3246,64.4748,64.4748,65.5515,64.2573,67.6757,66.7308,68.6222,70.5195,68.9493,71.1688,70.8378,69.0797,69.0797,70.2638,66.7083,68.8767,66.2118,67.5352,64.0078,61.4003,60.5392,57.6888,58.5235,55.8032,53.6004,51.2250,50.2494,50.2096,49.4975,47.5079,46.7547,44.4072,44.7772,0.0000,0.0000,0.0000,0.0000,0.0000,0.0000,0.0000,0.0000,0.0000,0.0000,0.0000,0.0000
1700000022.550000,-65.6,63.0714,64.8845,62.6498,66.1891,62.6498,63.6318,60.2080,62.1289,61.6117,58.8218,63.0079,61.2209,61.7171,61.7171,62.2896,60.8112,62.2254,59.3970,63.7024,62.4820,60.9590,63.2535,61.7171,64.0312,64.5368,64.0312,67.0075,64.6607,67.4759,65.9469,65.9469,65.2993,65.8559,64.3817,64.3506,61.5549,62.3699,59.8164,59.2030,58.2580,55.0000,54.6443,53.2541,50.7740,50.7740,47.0106,48.3011,48.3322,46.2385,44.2719,44.3847,42.4264,0.0000,0.0000,0.0000,0.0000,0.0000,0.0000,0.0000,0.0000,0.0000,0.0000,0.0000,0.0000
1700000022.600000,-63.3,66.0303,66.0303,65.4599,66.0303,63.5138,62.1289,61.9112,61.7738,61.2944,60.8276,60.3738,62.1691,61.4654,62.3939,61.4654,62.6259,61.9839,62.6418,62.3618,63.3246,62.9365,65.2533,62.0967,65.7343,65.9697,66.7083,67.1863,66.7083,66.7083,68.1542,65.5210,65.8027,66.7308,62.9365,65.1920,61.8466,61.8466,59.5063,59.4811,56.8243,55.9464,54.2033,54.3783,50.4777,50.2195,48.0104,47.0106,46.7547,46.6905,42.4264,41.7732,41.0488,0.0000,0.0000,0.0000,0.0000,0.0000,0.0000,0.0000,0.0000,0.0000,0.0000,0.0000,0.0000
1700000022.650000,-61.6,66.6108,63.5138,65.5134,65.1920,63.8122,61.9112,61.7738,60.4152,60.8276,59.9333,62.6498,61.8466,61.4654,60.4070,60.7454,61.6847,61.1310,60.4401,62.8172,61.8466,61.1310,62.0967,61.8466,62.9682,63.3482,63.1506,65.5134,65.7343,66.7083,65.7343,64.2884,63.8905,62.9365,63.9062,61.4654,61.0983,61.0983,59.6154,57.2713,55.9017,54.5894,53.7122,52.4786,49.3964,47.4342,46.6154,46.0977,44.6878,44.5982,42.4264,43.4166,39.4081,0.0000,0.0000,0.0000,0.0000,0.0000,0.0000,0.0000,0.0000,0.0000,0.0000,0.0000,0.0000
1700000022.700000,-63.2,67.9559,63.2851,66.7308,65.8635,66.2420,61.7738,63.9531,63.0714,61.7414,63.1585,62.2415,63.3246,62.9682,62.2977,61.3514,65.9697,60.4152,63.7887,65.3070,65.1153,63.3482,63.9531,64.3273,65.7647,64.7765,64.7765,63.5059,67.7422,65.3758,68.8840,65.1153,64.9384,64.3273,64.7611,62.0967,63.0635,61.4003,58.8218,57.5847,55.7136,56.6480,51.6236,54.2310,49.6588,48.7545,45.6508,45.2769,45.7930,45.4863,44.2041,41.7253,40.3609,0.0000,0.0000,0.0000,0.0000,0.0000,0.0000,0.0000,0.0000,0.0000,0.0000,0.0000,0.0000
1700000022.750000,-58.3,55.5428,55.9017,58.1378,57.6975,54.5619,53.2259,51.1077,55.7584,54.7083,50.8035,53.2541,54.4059,52.8015,54.0370,53.2635,52.3259,53.0754,53.0377,52.3259,51.6624,54.4885,54.4885,53.0377,53.9073,57.4891,53.9073,58.0517,57.4891,58.4123,55.2268,55.9017,56.6392,56.5862,55.1543,53.7587,51.6236,49.5782,50.4480,50.9313,48.8262,44.4072,45.8039,43.2666,43.5660,41.8808,39.9625,38.4708,38.4708,38.0789,35.7351,37.0000,35.3553,0.0000,0.0000,0.0000,0.0000,0.0000,0.0000,0.0000,0.0000,0.0000,0.0000,0.0000,0.0000
1700000022.800000,-56.8,63.2456,58.5235,62.0967,60.8769,60.8769,57.7235,60.0167,58.0517,56.7186,58.8558,59.5399,58.3095,59.2115,58.1378,55.0818,60.0083,57.0000,59.0000,57.0088,58.0345,58.0345,59.1354,59.0339,60.2080,60.1332,58.1378,59.2115,62.2013,59.2115,64.1249,59.0339,61.0328,60.0000,59.0085,57.0000,58.0345,56.1427,53.2353,52.4690,48.5077,51.7880,47.6760,49.0306,44.9110,45.1221,43.6807,42.0595,42.0595,40.3113,38.9102,38.4708,35.8469,0.0000,0.0000,0.0000,0.0000,0.0000,0.0000,0.0000,0.0000,0.0000,0.0000,0.0000,0.0000
1700000022.850000,-59.4,60.5310,59.1354,61.1310,60.2993,60.1332,58.0775,58.0345,57.0000,57.0000,56.0089,57.0351,56.1427,56.3205,55.3263,55.1453,55.5788,55.7315,55.7315,56.0892,56.2939,56.2939,56.2939,56.0892,57.2800,58.6941,57.7235,57.7235,57.7235,56.5155,58.6941,58.0517,58.0517,56.7186,56.7186,54.4518,55.4437,52.2398,50.0400,51.0392,49.0102,48.0000,47.0106,47.0106,43.0465,42.1070,40.1995,42.5793,39.6232,39.8121,38.3275,37.6431,35.8469,0.0000,0.0000,0.0000,0.0000,0.0000,0.0000,0.0000,0.0000,0.0000,0.0000,0.0000,0.0000
1700000022.900000,-59.8,58.1808,56.4624,58.1378,55.4617,55.4617,53.7122,55.0727,51.1077,54.3783,54.0833,53.8238,55.0000,54.0370,54.0370,52.4976,54.4885,52.3450,53.7401,55.1725,54.5619,53.7401,55.1725,55.9017,55.3173,55.9732,54.0370,55.4437,57.6281,55.2268,57.3847,53.8145,56.8507,55.1725,53.7401,51.6236,54.4518,52.3450,49.6790,48.1664,46.8615,46.4004,44.4072,45.6070,41.0488,42.7200,38.5876,39.4462,38.4708,38.0132,38.6264,34.1760,32.9848,0.0000,0.0000,0.0000,0.0000,0.0000,0.0000,0.0000,0.0000,0.0000,0.0000,0.0000,0.0000
1700000022.950000,-60.8,56.0803,57.1402,55.0727,55.9464,55.4707,53.7122,53.6656,53.6656,51.4781,52.3927,53.3104,53.8516,52.5547,50.9215,52.4976,51.4198,52.3927,52.6308,53.9351,52.1728,51.1957,53.7587,54.1295,53.6004,54.9181,53.9351,52.7731,55.4437,53.7587,55.7315,52.7731,53.9351,52.1728,51.4198,52.6308,51.9230,50.9215,47.7598,46.1736,46.8188,45.5412,43.0813,43.4626,42.0476,39.3954,35.7771,38.0789,38.5876,35.2278,34.8281,34.6554,33.9706,0.0000,0.0000,0.0000,0.0000,0.0000,0.0000,0.0000,0.0000,0.0000,0.0000,0.0000,0.0000
1700000023.000000,-63.4,56.8243,56.8243,55.5698,57.8014,54.3783,53.8516,55.4707,53.2541,53.8238,53.0094,53.4135,53.9073,53.9073,53.8145,54.4885,54.4518,53.7401,53.7401,53.0754,54.5619,53.7587,53.9073,53.1507,56.0803,55.3173,54.6717,55.3173,55.9732,56.6392,54.4885,55.8659,54.4518,54.4518,52.3450,51.6624,51.6624,50.3289,49.0408,48.6004,47.0106,46.0435,43.2666,44.1022,41.3401,42.1900,38.9487,39.8121,38.4838,37.6962,36.6879,36.1386,33.7343,0.0000,0.0000,0.0000,0.0000,0.0000,0.0000,0.0000,0.0000,0.0000,0.0000,0.0000,0.0000
1700000023.050000,-65.5,55.0000,54.0370,55.2268,55.4437,56.6392,53.0377,53.0377,52.3450,52.4023,54.4885,53.8145,54.5619,51.8556,52.6308,52.6308,52.2015,49.4065,51.0392,51.6236,51.6236,51.8652,53.2541,54.9181,54.2033,53.2353,54.2033,54.9181,55.2268,51.6236,55.5698,52.6973,53.8238,52.2015,50.6063,53.4135,49.8197,50.3289,48.1664,46.7547,45.2769,45.2548,41.7732,43.2782,41.1096,41.2311,38.0132,37.2022,38.0132,39.3573,37.5899,34.9285,31.9531,0.0000,0.0000,0.0000,0.0000,0.0000,0.0000,0.0000,0.0000,0.0000,0.0000,0.0000,0.0000
1700000023.100000,-60.2,55.9017,53.6656,56.4358,55.9464,55.5698,51.1077,53.2541,51.8652,50.8035,52.2015,52.2015,51.8556,52.4976,51.7397,49.5782,53.7401,50.9313,52.3259,50.2494,53.0754,51.6624,50.3289,52.4023,52.6308,51.8556,52.4976,52.4976,53.9073,51.8556,54.6717,50.9313,52.4023,52.4023,50.2096,51.6236,50.2494,49.5782,47.6340,45.4533,44.2041,45.0000,41.4005,44.1022,39.6611,38.8330,38.0789,37.5899,36.6742,35.8469,35.7351,33.2415,32.7567,0.0000,0.0000,0.0000,0.0000,0.0000,0.0000,0.0000,0.0000,0.0000,0.0000,0.0000,0.0000
1700000023.150000,-62.0,53.0094,55.0818,53.0377,52.0096,53.0094,51.0098,50.0400,50.0100,49.0918,49.1630,48.2597,49.6488,48.6621,50.0100,48.8365,49.7293,49.7293,47.8539,49.0408,48.3839,50.2892,50.5964,47.7598,52.0000,49.0408,51.6236,50.6952,51.8652,49.9800,49.3964,51.2445,51.5461,52.4976,50.9608,48.5077,48.2701,47.2969,44.9110,44.7214,44.9110,42.5793,40.4475,41.3038,40.1123,37.0135,37.0000,35.0000,35.0143,35.0143,33.1361,31.4006,30.0832,0.0000,0.0000,0.0000,0.0000,0.0000,0.0000,0.0000,0.0000,0.0000,0.0000,0.0000,0.0000
1700000023.200000,-63.0,58.8218,58.2495,57.9828,58.2495,56.6039,55.2268,55.5698,55.5698,55.0727,54.1202,55.9017,53.7122,55.5428,54.7814,54.7814,54.0833,54.0833,53.4509,55.3624,55.6597,53.7587,55.3624,53.1601,55.5428,55.7853,54.8179,56.7539,56.0446,55.3624,57.2800,54.7083,55.9732,54.7814,53.8516,54.2310,52.8015,50.5668,50.0899,49.1935,47.8853,45.6508,45.2769,44.1022,42.4382,41.6173,39.8246,38.9487,38.8973,38.1838,36.7967,35.4683,33.8378,0.0000,0.0000,0.0000,0.0000,0.0000,0.0000,0.0000,0.0000,0.0000,0.0000,0.0000,0.0000
1700000023.250000,-61.8,54.1202,54.5894,53.3385,51.8845,53.8516,50.1199,52.1536,50.4777,52.2015,49.4065,50.2195,51.2250,49.6790,49.5782,50.2494,49.5177,50.9117,48.0833,49.5177,50.9902,50.2096,50.9902,49.5177,50.4480,49.6790,53.8145,52.4023,53.1507,53.8145,52.3450,52.3450,53.8145,52.3450,49.6790,50.9902,48.4149,47.6340,48.4149,46.2277,45.8039,42.7200,43.2666,42.1900,41.1825,38.4708,38.4708,36.6742,36.7696,34.5398,35.1710,32.7567,31.2570,0.0000,0.0000,0.0000,0.0000,0.0000,0.0000,0.0000,0.0000,0.0000,0.0000,0.0000,0.0000
1700000023.300000,-63.0,57.0351,56.0357,56.2228,56.1427,56.1427,53.3385,52.4690,52.6118,52.7731,52.9528,54.1295,53.8516,52.8867,52.2015,52.2015,53.1413,52.5547,53.1413,53.4883,52.9245,53.4883,54.2310,51.0784,54.6260,54.6260,53.2259,55.0364,55.0364,53.8516,53.8516,53.4883,53.8516,54.0833,52.4976,51.9230,51.9230,49.7293,48.0521,47.8539,45.7056,44.2832,44.4072,44.1814,40.1123,40.0500,37.0540,39.0000,38.0526,37.1214,35.2278,34.7131,33.5261,0.0000,0.0000,0.0000,0.0000,0.0000,0.0000,0.0000,0.0000,0.0000,0.0000,0.0000,0.0000
1700000023.350000,-61.3,55.2268,55.1725,55.3173,55.3173,53.4135,53.2541,52.4309,52.6973,53.2541,52.4786,53.3385,51.0000,51.8941,52.3259,51.4781,52.3927,51.2640,51.0784,51.9230,52.0000,52.2015,52.4976,50.9608,55.7853,55.3624,52.4976,54.5711,53.8516,55.3624,55.5428,52.4976,54.0833,54.0833,52.9245,53.4883,51.8652,50.3289,50.5668,47.4236,45.6180,46.5296,45.2769,42.1900,40.3113,40.8167,40.4969,40.0000,37.0135,36.8782,35.3836,35.3836,34.0588,0.0000,0.0000,0.0000,0.0000,0.0000,0.0000,0.0000,0.0000,0.0000,0.0000,0.0000,0.0000
1700000023.400000,-62.5,58.6941,56.7539,57.5674,58.1893,57.8705,53.4509,53.4883,51.2640,52.5547,55.0364,54.2310,52.7731,55.0727,52.3546,52.8394,53.5350,53.0000,52.6973,53.6004,53.8238,53.5350,53.8238,53.0094,53.2635,54.8179,53.6004,55.8032,56.4004,54.2033,57.0088,53.8238,55.2268,56.3028,54.3783,52.4786,52.8015,51.4781,49.6488,47.8539,47.8539,47.0106,44.0114,45.8803,41.4367,40.5216,39.8121,40.0250,41.0000,38.4708,37.0540,35.0000,38.0526,0.0000,0.0000,0.0000,0.0000,0.0000,0.0000,0.0000,0.0000,0.0000,0.0000,0.0000,0.0000
1700000023.450000,-63.0,57.5587,56.3205,55.2268,56.3205,55.0818,53.0377,54.0000,53.0000,55.0000,54.0370,55.1453,54.2310,54.2310,52.3450,52.3450,53.7587,53.7587,54.7449,53.6004,53.3667,53.3667,53.3667,53.3667,56.0446,56.5155,54.1202,54.5711,56.0446,57.0088,56.7539,56.5155,55.5428,56.2939,53.7587,52.6118,51.7880,52.3450,50.2494,49.0918,48.0937,48.0104,45.0111,46.0000,44.0000,44.1814,41.1096,41.3038,39.4588,38.6394,38.3275,35.7351,35.8469,0.0000,0.0000,0.0000,0.0000,0.0000,0.0000,0.0000,0.0000,0.0000,0.0000,0.0000,0.0000
1700000023.500000,-63.6,53.6656,54.2033,53.3385,53.3385,54.7083,50.7740,50.2195,50.8035,53.2541,52.0096,51.0882,50.9313,52.3450,52.3259,51.6624,53.0377,52.3259,50.9313,50.9313,53.0754,51.7397,51.8556,51.0882,53.4135,54.8179,53.4135,54.2033,54.8179,54.8179,54.0370,52.6308,53.9073,54.4885,52.3259,52.3259,52.3259,49.5177,50.3289,49.5782,48.4149,48.0104,44.2041,44.4072,41.8808,41.6773,40.8167,40.7185,38.4838,38.2753,36.4006,35.9026,35.2278,0.0000,0.0000,0.0000,0.0000,0.0000,0.0000,0.0000,0.0000,0.0000,0.0000,0.0000,0.0000
1700000023.550000,-58.6,59.4138,59.6657,56.0803,59.6657,55.3173,56.8507,55.0000,54.4059,55.2178,53.0000,56.0803,54.7083,55.0727,55.4707,56.3560,55.4617,56.8595,54.2310,56.0803,54.2310,54.2310,56.6480,53.8516,56.3028,57.2451,58.1893,57.8705,58.1893,58.5235,58.1893,58.3095,58.8727,57.3847,55.5428,55.4617,52.7731,54.5894,51.1077,52.4786,50.2494,48.5489,49.0918,46.4004,46.4004,43.4166,43.2782,41.7732,41.7253,38.9487,39.2046,39.6611,38.0789,0.0000,0.0000,0.0000,0.0000,0.0000,0.0000,0.0000,0.0000,0.0000,0.0000,0.0000,0.0000
1700000023.600000,-64.2,53.6004,54.5711,53.1507,55.1090,54.7449,51.4781,51.3517,50.3587,51.1566,52.0384,52.0000,52.0000,52.0384,52.1536,52.0384,50.1597,52.2398,50.1597,52.6118,52.6118,52.6118,52.6118,50.9902,55.5428,53.6004,53.3667,55.5428,53.3667,55.5428,54.5711,53.1507,55.7315,54.5894,53.6004,52.3450,51.3517,50.3587,50.0899,49.0918,47.0106,46.0000,46.0000,44.0454,43.0465,42.1900,41.1947,39.4588,39.4588,37.8550,37.1080,36.6879,35.4683,0.0000,0.0000,0.0000,0.0000,0.0000,0.0000,0.0000,0.0000,0.0000,0.0000,0.0000,0.0000
1700000023.650000,-61.5,55.0091,53.2259,54.6260,54.6260,54.2310,51.6236,51.8652,52.4976,50.9608,51.9230,53.1601,53.3667,53.1507,52.7731,52.7731,52.4690,52.3450,52.3450,53.0848,52.0096,53.0848,52.0096,52.0384,54.0000,55.0091,55.0091,55.0091,56.0357,55.0000,56.0000,54.0093,55.0091,55.0364,55.0818,54.1479,53.3385,52.4690,48.6621,50.8035,48.6621,48.2701,46.6905,46.3249,43.6807,42.7200,41.1096,41.7852,39.9249,40.2492,38.0789,36.6197,37.2022,0.0000,0.0000,0.0000,0.0000,0.0000,0.0000,0.0000,0.0000,0.0000,0.0000,0.0000,0.0000
1700000023.700000,-64.9,52.0096,52.2015,54.4885,53.2635,53.2635,51.7397,52.3450,50.9117,52.3450,50.3289,50.4480,52.0096,53.4135,51.4004,53.8238,51.0392,53.0000,51.3128,51.9711,53.3385,50.7740,53.3385,51.1077,52.7731,55.0727,53.6656,56.0803,56.0803,55.4617,56.3560,54.3783,54.2033,55.7584,54.0833,53.8238,53.0094,52.6308,51.8556,49.6790,48.8365,47.3814,47.4236,45.2548,43.9318,42.5206,42.0119,42.7200,39.9625,39.1152,37.1214,38.6264,37.0000,0.0000,0.0000,0.0000,0.0000,0.0000,0.0000,0.0000,0.0000,0.0000,0.0000,0.0000,0.0000
1700000023.750000,-61.7,53.1507,53.6004,51.6624,54.1202,52.4976,51.2445,50.9215,50.6952,50.3289,49.6588,50.0899,50.1199,51.1077,51.1077,52.4786,51.8652,51.0392,50.4777,51.6140,50.8035,52.4309,52.0096,50.6063,53.1507,53.9073,53.1507,55.2268,55.2268,55.3173,53.9073,55.4437,54.2033,55.0000,53.8238,53.2541,52.1536,51.8652,51.1077,50.6063,48.7647,46.5296,46.9574,45.1885,44.3847,42.7200,41.1096,40.8044,41.0000,39.8121,37.8550,37.2156,37.0540,0.0000,0.0000,0.0000,0.0000,0.0000,0.0000,0.0000,0.0000,0.0000,0.0000,0.0000,0.0000
1700000023.800000,-58.5,58.6941,58.4637,58.8558,60.2080,57.7062,56.8858,55.5788,57.2189,56.2228,55.0364,56.0357,58.0000,59.0000,59.0085,59.0339,57.1402,57.5587,57.3149,58.6941,57.7062,56.4358,59.8415,56.8858,57.0701,59.2284,61.3922,62.3699,61.3922,62.3699,61.1882,61.9839,61.8142,61.6604,60.5310,61.2944,58.2151,59.2115,56.0357,56.0089,56.0089,53.0377,53.0094,52.1536,48.2597,48.1664,45.5412,46.6905,46.0977,43.4166,43.0116,43.0813,41.1461,0.0000,0.0000,0.0000,0.0000,0.0000,0.0000,0.0000,0.0000,0.0000,0.0000,0.0000,0.0000
1700000023.850000,-62.7,54.5894,53.7122,53.3385,55.2268,53.5350,52.6973,51.8652,50.8035,52.4309,51.8556,51.7397,53.0377,53.7401,53.0377,53.7587,53.9073,53.8145,50.3289,54.2033,54.0370,53.4135,55.0000,54.2033,56.0357,54.4059,56.0357,56.6127,57.1402,58.2495,57.4282,57.8014,58.4123,57.6281,56.0803,55.2268,53.7587,55.1725,52.3450,51.6236,51.6236,48.2701,48.9183,47.8017,45.8039,44.6542,44.4185,43.4166,40.7063,41.5933,40.7185,37.9473,39.0512,0.0000,0.0000,0.0000,0.0000,0.0000,0.0000,0.0000,0.0000,0.0000,0.0000,0.0000,0.0000
1700000023.900000,-62.8,55.3624,56.0803,56.4624,57.2713,54.1295,55.9017,54.5894,55.0727,54.7083,54.3783,54.9181,55.2178,57.2014,54.2033,57.8014,56.7274,56.6392,54.5619,56.5862,55.9017,55.8659,57.2800,56.5685,58.0517,59.4138,58.7282,60.8276,59.4138,61.5549,58.6941,61.5224,61.5224,60.8769,60.2080,58.0517,57.3847,59.0339,56.4004,54.6443,53.0094,50.7740,52.1536,50.2494,48.3011,47.4131,45.1885,46.0977,44.2719,43.0116,42.2019,41.7732,41.1947,0.0000,0.0000,0.0000,0.0000,0.0000,0.0000,0.0000,0.0000,0.0000,0.0000,0.0000,0.0000
1700000023.950000,-61.1,53.7587,50.9215,53.3104,54.2310,51.8941,50.5668,52.8015,50.9902,51.4296,52.1536,54.9181,53.2541,52.0096,52.6308,51.8556,51.8556,51.7397,52.4976,50.9313,53.7587,53.0754,55.2268,55.9017,55.6058,56.7274,53.8145,58.7963,58.1378,55.9732,58.1378,54.4885,56.5862,57.9828,57.2800,55.8659,54.6717,52.3450,52.4976,52.6308,50.0000,50.8035,48.2597,47.4342,44.1022,43.0465,42.0595,45.6180,42.5441,42.7200,40.1622,37.8550,37.8550,0.0000,0.0000,0.0000,0.0000,0.0000,0.0000,0.0000,0.0000,0.0000,0.0000,0.0000,0.0000
1700000024.000000,-60.4,57.8014,54.5894,58.1378,56.3560,58.1808,54.6260,54.4243,54.4243,56.3028,58.2409,55.9732,56.7539,57.2713,58.2495,55.9017,59.8415,56.5685,58.5491,56.2228,59.2115,58.1378,58.0345,59.1354,61.0082,61.0328,60.0333,60.0000,64.0078,60.0083,63.0000,60.0333,63.0317,63.0714,61.1310,60.4070,60.6712,58.5491,58.0517,56.7186,54.1295,54.8179,51.6624,53.8516,48.0833,48.0833,45.5412,46.2385,44.7772,45.6180,43.4166,41.8808,39.8246,0.0000,0.0000,0.0000,0.0000,0.0000,0.0000,0.0000,0.0000,0.0000,0.0000,0.0000,0.0000
1700000024.050000,-61.7,58.6941,59.5063,61.7171,59.9416,60.4152,56.3560,58.3095,57.9828,57.6888,58.8218,58.0086,59.2030,60.4401,58.7963,58.7963,60.8276,58.6941,60.1082,59.4643,59.4643,60.2080,60.2080,60.4401,61.2209,62.6259,62.0081,63.6003,64.8151,62.8013,64.0312,63.2535,65.9469,64.5368,63.1269,62.9682,62.2415,60.1082,59.4643,57.3847,55.2268,56.2228,54.2033,54.4059,50.2195,50.2195,48.5489,47.5079,46.5296,45.6180,44.3847,42.0595,41.9762,0.0000,0.0000,0.0000,0.0000,0.0000,0.0000,0.0000,0.0000,0.0000,0.0000,0.0000,0.0000
1700000024.100000,-58.9,59.8080,60.0833,59.4811,61.9839,61.4003,60.8769,58.4637,59.0339,60.0167,59.5399,57.5587,60.2993,61.2046,61.0737,60.0333,62.0081,62.0000,59.0085,61.0737,62.0725,60.0333,62.1289,61.1310,62.2896,64.2806,62.2896,65.4905,65.4905,66.4831,64.2806,65.1920,65.2763,65.0692,65.0692,65.0308,63.0079,62.0322,59.0339,59.0339,57.0789,55.2268,55.3263,53.3385,50.6360,50.8035,48.2701,48.7647,48.0833,45.8803,44.0114,44.7214,41.6773,0.0000,0.0000,0.0000,0.0000,0.0000,0.0000,0.0000,0.0000,0.0000,0.0000,0.0000,0.0000
1700000024.150000,-59.4,60.1664,62.6259,61.8466,62.7694,61.3270,59.5063,60.4152,59.0339,61.7171,61.4003,61.0574,61.2944,62.2013,62.2013,63.6003,61.0737,61.8466,61.7171,62.2896,63.0317,61.6198,64.3817,61.5549,63.1269,64.3817,64.4438,65.0692,66.5282,65.7951,67.8970,64.3506,67.2086,65.1153,66.6033,64.6607,62.4820,61.7171,60.4401,59.8164,58.0086,56.3028,54.6443,55.2268,51.1077,50.5371,48.3322,47.1699,47.7598,46.8188,45.2217,44.6430,43.4166,0.0000,0.0000,0.0000,0.0000,0.0000,0.0000,0.0000,0.0000,0.0000,0.0000,0.0000,0.0000
1700000024.200000,-58.5,61.7171,57.8014,59.4054,58.8218,60.4649,56.4004,58.5235,58.3095,56.4358,55.4707,58.5918,57.3062,59.4811,58.6941,57.3847,58.2409,57.5674,56.3205,57.4891,61.1310,56.3205,57.4891,59.2284,59.8415,60.8769,60.2080,60.5310,61.5224,62.6498,61.8142,60.2080,64.7765,62.3699,59.9083,62.0967,61.1310,57.7235,56.3028,56.6480,53.4509,50.5964,51.8652,49.0408,49.6588,46.9574,47.0106,46.1411,45.6508,42.8019,41.6173,39.6989,38.9487,0.0000,0.0000,0.0000,0.0000,0.0000,0.0000,0.0000,0.0000,0.0000,0.0000,0.0000,0.0000
1700000024.250000,-62.5,59.2030,60.0000,56.8507,64.0703,54.9181,55.2268,55.2268,56.4358,56.6039,53.6656,54.6260,56.7979,58.1893,58.1893,60.4070,56.3028,59.1354,55.0818,59.2030,57.0088,56.0446,56.7539,58.2495,58.6941,60.6712,60.0167,61.1882,61.8142,62.1691,63.5610,61.6117,63.7887,59.9083,57.9741,60.4401,59.1354,59.1354,55.9732,55.0273,56.3028,52.3259,52.8015,50.5668,46.0652,47.5079,41.6773,45.2217,43.2666,42.0119,41.4005,39.6232,39.6989,0.0000,0.0000,0.0000,0.0000,0.0000,0.0000,0.0000,0.0000,0.0000,0.0000,0.0000,0.0000
1700000024.300000,-65.9,66.9403,66.4906,68.2495,66.9104,66.7533,64.7765,64.2806,65.1920,66.1211,64.0078,67.0298,66.0000,67.0000,66.0076,64.0312,66.1891,65.3758,67.2681,64.6297,65.7647,65.9242,66.9104,65.7647,67.4685,68.2495,67.2681,71.8053,69.4262,68.6586,69.6348,68.0661,70.0357,68.0661,67.6018,67.3647,67.3647,64.2806,62.0725,61.0082,61.0000,58.0086,57.0351,59.0762,54.1479,52.3450,51.3517,49.6488,48.8365,48.2701,48.0833,46.2385,43.8634,0.0000,0.0000,0.0000,0.0000,0.0000,0.0000,0.0000,0.0000,0.0000,0.0000,0.0000,0.0000
1700000024.350000,-64.2,58.6941,55.1543,57.5674,59.8080,56.3028,57.5674,57.2800,56.7539,57.4891,54.1295,55.9017,55.4437,57.4282,56.5685,58.3095,58.1378,58.1378,56.0357,58.0345,58.0086,57.0088,57.0789,58.0000,58.0775,58.0345,60.0333,60.0750,59.0339,60.0750,61.1310,63.0000,62.0000,60.0083,60.0000,60.0333,58.0345,57.1402,53.3385,53.1507,53.1507,50.4876,50.2494,49.4975,47.5395,46.0977,44.1475,42.4500,42.3792,42.3792,39.9249,38.0132,40.8167,0.0000,0.0000,0.0000,0.0000,0.0000,0.0000,0.0000,0.0000,0.0000,0.0000,0.0000,0.0000
1700000024.400000,-59.5,64.7611,65.0000,65.8027,65.2533,64.1950,62.9365,62.2977,62.6259,62.9682,63.6946,62.6498,63.0635,62.6099,62.1772,64.8460,64.4981,62.4340,61.9112,62.6817,62.6817,64.0703,64.0703,61.8547,64.0312,64.0312,65.4370,67.0075,66.4003,67.0075,67.0075,64.0703,65.4599,64.3506,63.8122,62.9682,62.7694,60.5392,60.4152,58.1378,59.0339,55.1543,54.2310,54.7814,52.5547,48.7032,49.0408,49.2443,47.6760,44.9110,44.4072,44.1022,43.0000,0.0000,0.0000,0.0000,0.0000,0.0000,0.0000,0.0000,0.0000,0.0000,0.0000,0.0000,0.0000
1700000024.450000,-66.2,58.1808,58.1808,56.9386,58.8303,55.2268,56.0803,55.0000,56.4004,56.0357,53.2541,54.6717,55.2268,55.2268,55.2268,54.4885,54.4518,55.2268,52.4023,54.0370,53.2635,53.9073,56.8507,54.4059,56.0357,56.6127,58.0086,57.4282,59.0762,60.2163,59.0762,56.6127,58.6003,58.4123,56.2228,56.2228,56.0803,53.0754,52.3259,53.7587,49.4975,48.7955,51.6236,48.2701,46.2277,43.2782,42.2019,42.8019,42.7200,38.9487,39.3573,38.9102,36.0555,0.0000,0.0000,0.0000,0.0000,0.0000,0.0000,0.0000,0.0000,0.0000,0.0000,0.0000,0.0000
1700000024.500000,-62.8,56.6127,53.0000,56.6127,54.0833,58.3095,53.8516,53.8516,54.5894,52.7731,53.6656,53.2259,54.6260,55.1543,53.7122,51.6236,53.8516,53.1601,55.0818,53.1601,53.6004,53.8516,53.6004,55.7853,55.1090,57.4891,53.7587,54.5894,56.8858,55.7315,57.7062,53.8516,54.5711,57.4891,53.3667,54.4059,54.7083,52.4976,50.3289,49.7695,47.5395,49.1935,47.5395,46.5296,42.5441,41.5933,42.1900,39.6611,39.6611,38.4187,37.5366,36.7696,35.3836,0.0000,0.0000,0.0000,0.0000,0.0000,0.0000,0.0000,0.0000,0.0000,0.0000,0.0000,0.0000
1700000024.550000,-57.7,62.1691,64.1327,63.5610,62.5859,61.8466,59.9083,60.7289,60.0833,60.4070,58.8727,60.7454,59.6154,60.4152,60.4152,59.9333,58.6686,60.4152,58.1808,59.3633,59.9083,58.8303,59.0762,57.9828,60.8030,61.0328,59.6406,61.6117,60.8030,62.4260,60.4649,60.4649,61.2944,61.5873,61.0574,58.3095,58.1808,56.3560,55.4617,54.6260,54.2310,52.0000,51.6236,49.3964,47.4342,46.4866,44.1475,45.3542,42.9535,42.2966,41.1947,41.0122,40.0500,0.0000,0.0000,0.0000,0.0000,0.0000,0.0000,0.0000,0.0000,0.0000,0.0000,0.0000,0.0000
1700000024.600000,-61.3,61.6117,61.1882,61.9839,61.9839,61.8142,59.5399,59.2115,59.2115,58.1378,60.0333,59.0339,59.0000,60.0000,59.0000,58.0345,59.1354,58.2151,58.2151,57.5587,59.6825,58.5491,57.7062,57.7062,61.1882,60.0167,59.0339,60.4152,62.3699,62.3699,61.0000,59.8415,61.6604,60.6712,58.5491,57.3149,57.3149,56.1427,56.0357,55.0364,52.0096,52.0000,50.0100,50.0400,47.1699,46.1736,44.2832,43.7379,44.7214,41.9762,40.5216,39.2173,38.9102,0.0000,0.0000,0.0000,0.0000,0.0000,0.0000,0.0000,0.0000,0.0000,0.0000,0.0000,0.0000
1700000024.650000,-64.6,57.0000,59.0762,55.2268,60.1332,55.1453,59.3043,55.5788,55.9017,53.7587,55.1090,57.2713,54.8179,56.6127,54.7083,57.5674,53.1413,56.3028,52.8110,56.4624,56.3649,53.8516,55.0364,52.8015,56.3560,57.2451,56.3560,58.1808,54.5894,61.7414,54.5894,58.6941,56.3649,57.7754,54.7814,55.7136,53.8516,53.4883,52.4976,51.5461,51.2445,47.2969,47.5395,46.8722,46.6905,44.9110,41.1947,41.1096,44.1022,39.0512,38.0000,36.0555,37.4833,0.0000,0.0000,0.0000,0.0000,0.0000,0.0000,0.0000,0.0000,0.0000,0.0000,0.0000,0.0000
1700000024.700000,-61.1,59.1693,59.9416,57.7062,59.9416,58.5918,58.1378,57.2713,56.8595,56.4624,56.4624,56.6480,57.5847,56.6480,56.9210,56.3205,55.7853,56.7539,55.7853,56.2939,56.0892,56.0892,57.8705,55.1090,57.8705,57.8705,56.8858,58.6941,59.8415,58.8558,58.8558,57.2713,58.2495,57.2713,55.7853,55.7853,54.4059,53.1413,53.1413,52.0000,50.6952,48.3322,48.3322,48.3011,43.4166,42.5441,42.1900,42.7200,42.4382,40.0000,38.9487,38.1838,34.8281,0.0000,0.0000,0.0000,0.0000,0.0000,0.0000,0.0000,0.0000,0.0000,0.0000,0.0000,0.0000
1700000024.750000,-61.8,56.3205,56.3205,55.7853,57.0088,55.7853,53.8516,54.3415,54.1295,54.5894,53.7587,53.6004,54.3323,54.2310,54.0833,54.0833,54.0000,53.0000,52.0096,52.0384,53.0377,54.0370,52.1536,52.0865,54.3323,55.1453,53.3385,54.3323,55.3263,55.4437,54.3323,54.2310,54.1479,54.0370,54.0093,52.0384,52.0000,50.0000,50.0400,48.0937,47.1699,46.1736,45.1774,44.2832,42.5793,40.6079,39.0512,39.2938,39.5601,37.9473,36.7696,36.6742,34.9857,0.0000,0.0000,0.0000,0.0000,0.0000,0.0000,0.0000,0.0000,0.0000,0.0000,0.0000,0.0000
1700000024.800000,-64.0,59.0339,57.2713,57.7235,57.4891,57.7235,55.7853,55.3624,55.0273,55.0273,54.4243,55.3624,53.8516,54.6260,53.7122,53.2259,54.5894,53.7122,53.7122,53.8516,53.0000,54.3783,55.4707,54.9181,56.0357,54.9181,56.0357,57.2014,56.0357,56.8595,56.0357,54.9181,55.4707,55.7584,53.8516,52.8394,52.7731,50.9902,50.9902,49.2443,50.1597,47.1699,45.3100,45.8803,43.3244,42.0595,41.4849,41.2311,38.8330,40.4475,38.2099,38.0132,36.0139,0.0000,0.0000,0.0000,0.0000,0.0000,0.0000,0.0000,0.0000,0.0000,0.0000,0.0000,0.0000
1700000024.850000,-60.1,57.5847,56.4624,56.8595,58.1808,56.3649,56.3649,54.5619,53.6656,53.2353,53.3385,55.0727,54.3783,54.0833,53.0094,54.0833,53.8238,55.0000,52.2015,53.4135,52.6308,53.4135,53.1507,51.8556,54.4885,55.9732,53.8145,54.4885,53.8145,55.9732,54.6717,55.4437,54.0370,54.2033,53.0094,53.2541,50.7740,51.6236,49.7393,49.2443,47.4131,46.5188,45.6180,44.7772,43.4626,41.4367,39.8497,40.2616,39.2938,39.0512,38.4708,37.1214,36.0000,0.0000,0.0000,0.0000,0.0000,0.0000,0.0000,0.0000,0.0000,0.0000,0.0000,0.0000,0.0000
1700000024.900000,-60.0,54.4059,51.6624,54.3415,54.5711,53.1507,51.6624,52.1728,48.8365,50.4876,51.3517,50.4876,50.2494,50.0899,50.0899,48.0104,51.0000,51.0392,50.0400,49.0918,50.2494,50.0100,50.0899,51.0098,51.4781,51.2445,50.1597,53.6004,53.4603,50.4876,51.6236,53.0848,51.2445,51.0392,51.0392,50.0000,50.0100,48.0000,46.0000,44.0114,44.0454,44.1814,42.4264,42.2966,39.6232,37.6563,35.6931,38.0789,38.0789,36.6879,35.4683,34.0000,31.9061,0.0000,0.0000,0.0000,0.0000,0.0000,0.0000,0.0000,0.0000,0.0000,0.0000,0.0000,0.0000
1700000024.950000,-60.6,57.3847,56.0803,58.6003,57.2713,56.3649,54.1295,54.1202,54.5894,53.7122,53.0000,52.6973,53.2541,53.8238,54.4059,52.2015,53.1507,52.4976,52.4976,53.0754,52.3450,53.0754,53.7401,53.0377,53.0754,53.7587,54.4885,53.8145,54.4885,55.1725,55.1725,53.7401,53.7401,53.0754,53.0754,52.4976,51.7397,50.4480,48.4149,50.0000,47.2017,46.0435,45.4863,43.5660,40.4969,40.3113,39.3573,39.3573,39.9249,37.6962,37.6431,35.9026,34.5254,0.0000,0.0000,0.0000,0.0000,0.0000,0.0000,0.0000,0.0000,0.0000,0.0000,0.0000,0.0000
1700000025.000000,-61.2,56.8507,56.8507,55.9732,57.3847,54.4885,54.4885,55.1543,53.7401,54.4885,52.4976,53.1507,54.0370,52.8015,51.6140,53.6004,52.1536,52.6973,52.1536,52.8394,51.8845,52.8394,52.7731,52.3546,54.1295,54.5619,53.6656,54.6260,53.7122,55.0364,54.6260,54.5619,53.2259,53.6656,52.3546,52.3546,51.1077,49.3964,48.8262,48.8262,46.6154,45.0000,45.6070,44.8219,41.8688,41.2311,38.8973,39.5980,38.8973,37.6431,37.2022,36.0555,34.4819,0.0000,0.0000,0.0000,0.0000,0.0000,0.0000,0.0000,0.0000,0.0000,0.0000,0.0000,0.0000
1700000025.050000,-61.5,56.0357,55.2268,54.4059,55.0000,54.0370,51.4004,53.4135,51.2250,53.1507,50.2494,50.9313,51.6624,50.9313,50.2494,53.0377,50.3289,48.1664,51.2250,49.2037,50.6063,50.0000,53.6004,50.6063,50.4777,53.6004,53.2541,52.0096,55.0000,52.8015,53.6004,51.2250,51.8556,51.8556,52.4976,51.6236,50.2096,49.5177,49.5177,48.1664,45.3431,44.0454,44.0454,43.0116,40.6079,39.1152,39.8246,38.4708,38.0132,37.1618,36.6742,34.2053,34.7131,0.0000,0.0000,0.0000,0.0000,0.0000,0.0000,0.0000,0.0000,0.0000,0.0000,0.0000,0.0000
1700000025.100000,-64.3,57.3847,56.0803,56.9210,53.1413,55.0273,52.2015,53.4509,51.2445,50.0000,52.3927,52.9528,50.9902,52.9528,52.3450,52.6118,52.1536,50.1597,51.3517,50.0899,50.1597,52.0865,52.0865,50.0400,52.0096,54.0000,53.0000,53.0000,54.0000,51.0098,55.0000,54.0093,54.0370,54.1479,52.1536,52.6118,50.3587,48.5077,48.6621,46.6905,46.0977,45.1221,41.7612,44.9222,42.3792,40.4969,39.3954,41.1461,38.4708,36.7151,38.0789,35.6090,33.3017,0.0000,0.0000,0.0000,0.0000,0.0000,0.0000,0.0000,0.0000,0.0000,0.0000,0.0000,0.0000
1700000025.150000,-61.4,56.4358,57.3149,57.1402,57.2189,56.1427,54.1479,54.0370,54.0093,54.0000,55.0364,54.1479,54.3323,54.4518,52.6118,52.4690,53.7587,52.9528,52.7731,51.6624,52.3927,53.3667,51.9230,52.8867,54.7083,54.7083,53.4509,55.0273,55.0273,54.7083,54.4059,54.1202,54.8179,53.6004,53.3667,52.6118,51.9711,50.2195,49.6488,48.6621,48.5077,47.1699,45.1774,44.0454,43.0000,41.0000,39.0512,39.1152,39.3192,38.3275,37.4833,37.1080,35.1141,0.0000,0.0000,0.0000,0.0000,0.0000,0.0000,0.0000,0.0000,0.0000,0.0000,0.0000,0.0000
1700000025.200000,-62.2,55.9017,56.3649,55.5428,57.2713,56.6480,52.3927,51.2640,52.4976,51.5461,51.8652,51.5461,51.9230,52.8867,50.4480,50.2195,52.4690,52.4690,50.4876,49.3660,51.2445,52.4690,52.0865,52.0865,53.0377,53.0377,52.0384,54.0370,54.0370,54.0093,55.0091,52.1536,54.1479,52.1536,50.1597,50.3587,48.5077,50.4876,48.6621,47.0744,45.1221,45.3542,41.4849,43.6807,41.1096,40.8534,39.3954,39.3954,37.5766,36.8917,38.9487,34.4093,34.0588,0.0000,0.0000,0.0000,0.0000,0.0000,0.0000,0.0000,0.0000,0.0000,0.0000,0.0000,0.0000
1700000025.250000,-64.2,56.0089,56.0357,54.1479,56.0357,54.1479,54.1479,52.1536,51.3517,52.3450,50.6360,50.9902,50.2195,51.4198,50.9608,50.9608,50.2892,50.5964,49.6488,51.2640,50.9215,51.2640,50.3289,49.3964,51.4296,51.4781,51.8941,52.8015,52.8015,53.7122,50.1597,52.0000,52.5547,50.9215,50.5964,49.3356,48.3839,48.3839,48.0833,46.5725,47.0744,43.9318,44.7214,42.5793,42.1900,38.1182,38.0526,38.0526,37.0000,36.0555,35.0571,35.5106,32.0156,0.0000,0.0000,0.0000,0.0000,0.0000,0.0000,0.0000,0.0000,0.0000,0.0000,0.0000,0.0000
1700000025.300000,-61.4,58.0086,56.0803,56.1427,56.1427,56.1427,54.1479,54.5894,54.5894,53.7587,51.9711,54.9181,54.1295,53.3667,52.8867,50.9608,51.8652,52.2015,52.2015,52.0000,52.3927,52.0000,52.8015,51.0784,52.8015,53.7122,54.1295,54.5619,53.6656,54.5619,53.2259,54.6260,53.7122,54.2310,52.0000,51.2640,50.5964,50.5964,50.0000,47.5395,47.5395,46.0977,45.1221,43.9318,42.5793,41.5933,39.2046,40.1123,39.0512,38.0000,37.0540,36.2215,34.7131,0.0000,0.0000,0.0000,0.0000,0.0000,0.0000,0.0000,0.0000,0.0000,0.0000,0.0000,0.0000
1700000025.350000,-61.3,60.9262,59.6154,59.8080,60.1664,58.1893,58.1893,56.6127,56.0446,55.3624,53.6004,56.5155,56.0892,56.7186,56.5685,54.5894,55.2268,55.1453,55.0818,55.0364,56.0803,57.0789,55.0364,55.0364,57.0088,57.0351,56.0357,58.0086,58.0000,58.0000,57.0000,57.0000,57.0088,57.0351,55.1453,53.1507,53.1507,52.2398,52.6118,51.6236,50.6360,49.0306,47.2969,47.2969,43.6807,44.2719,41.4367,41.7852,40.8534,40.3113,38.9102,38.5876,35.6090,0.0000,0.0000,0.0000,0.0000,0.0000,0.0000,0.0000,0.0000,0.0000,0.0000,0.0000,0.0000
1700000025.400000,-61.3,60.4152,56.3560,60.8358,57.6975,59.0931,55.4617,56.8595,55.7136,56.0803,56.3028,55.3624,55.6597,55.6597,54.8179,53.8516,57.2713,53.1507,57.0701,53.6004,55.5788,55.1090,55.5788,56.0892,55.4437,56.5685,55.3263,57.5587,57.5587,55.5788,58.6941,55.9017,56.0892,56.0892,55.5428,54.8179,56.0446,52.4976,51.2640,49.9800,47.5395,49.7695,46.0977,47.9270,43.3820,44.2945,43.0465,42.4382,40.2244,40.6079,38.2099,37.4833,36.2353,0.0000,0.0000,0.0000,0.0000,0.0000,0.0000,0.0000,0.0000,0.0000,0.0000,0.0000,0.0000
1700000025.450000,-60.4,58.8982,57.9828,58.7282,59.4138,56.5685,59.3970,58.0000,56.6392,55.3173,55.1543,55.4437,53.2635,55.4707,53.0094,52.2015,52.1536,54.1202,53.8516,52.3546,52.8394,58.1808,57.2451,54.5894,57.5847,57.8014,56.6480,55.9464,52.3927,58.1808,57.7754,55.4617,56.3649,55.4707,54.5894,56.0803,54.3783,51.4781,53.0094,49.6488,51.3128,51.4004,47.8017,49.5782,43.9318,42.4500,41.0366,42.4500,40.4599,41.4005,38.2753,38.2753,36.6742,0.0000,0.0000,0.0000,0.0000,0.0000,0.0000,0.0000,0.0000,0.0000,0.0000,0.0000,0.0000
1700000025.500000,-61.9,57.9741,55.7853,56.5155,56.5155,56.5155,54.1295,53.7587,52.3450,53.6004,53.2353,52.2398,54.0833,54.0833,53.0000,52.0000,52.0000,53.0377,51.0392,55.1453,53.1507,52.1536,53.3385,52.1536,53.6004,54.3323,54.5894,53.6004,54.3323,56.4358,53.3385,54.3323,55.3263,55.1453,52.0384,52.0384,50.0100,50.0000,50.0100,49.0102,48.0416,46.1736,46.1736,44.1814,43.4166,41.5933,40.0250,40.0250,38.3275,38.2753,36.4006,36.2491,34.4819,0.0000,0.0000,0.0000,0.0000,0.0000,0.0000,0.0000,0.0000,0.0000,0.0000,0.0000,0.0000
1700000025.550000,-62.0,56.4358,54.3783,56.0357,54.0833,56.0357,51.0392,52.8015,52.6308,52.6308,53.9073,51.8556,52.4023,52.3450,51.6236,50.9313,51.7397,50.3289,52.4023,49.8197,50.8035,50.8035,53.2541,51.4004,51.6140,54.4059,51.8652,52.6973,55.8032,53.2541,55.2178,52.0096,52.2015,52.8015,52.6308,52.4976,51.7397,50.2494,49.4975,48.8365,46.6905,47.4236,43.9318,44.8219,42.0119,40.6079,38.6005,38.8330,38.0789,38.9102,37.6962,35.1141,34.9285,0.0000,0.0000,0.0000,0.0000,0.0000,0.0000,0.0000,0.0000,0.0000,0.0000,0.0000,0.0000
1700000025.600000,-62.8,60.6383,59.6657,59.7746,59.4811,59.7746,55.6597,58.1893,57.0088,55.7136,55.5428,56.4624,56.3649,56.3560,55.4707,55.5698,57.8014,53.8516,54.3783,55.4707,55.8032,56.0357,55.8032,55.0000,58.2580,57.0088,56.4004,56.2228,57.4891,56.2228,58.6003,57.2014,58.0086,58.2495,55.7584,54.3783,54.3783,54.7083,52.3546,49.6488,48.3011,49.2443,48.3322,47.1699,44.5982,44.5982,43.0116,42.4500,41.0000,40.4475,39.2046,38.1182,37.0135,0.0000,0.0000,0.0000,0.0000,0.0000,0.0000,0.0000,0.0000,0.0000,0.0000,0.0000,0.0000
1700000025.650000,-60.9,55.2268,54.3783,56.4358,56.8243,55.0727,54.5894,56.4624,52.9245,52.7731,54.6260,52.0000,55.9732,55.9732,51.5461,54.8179,53.8516,52.8867,50.4480,51.9711,53.7587,53.9351,53.7587,53.7587,55.4437,55.7315,53.2353,56.4358,55.4437,55.5788,58.6941,53.7587,56.8858,56.0892,54.8179,53.8516,54.1202,52.4976,50.2892,50.0000,48.7032,47.5395,45.2217,44.9444,44.7772,41.1825,39.6611,41.6773,39.4081,39.4081,37.6431,35.3836,35.3836,0.0000,0.0000,0.0000,0.0000,0.0000,0.0000,0.0000,0.0000,0.0000,0.0000,0.0000,0.0000
1700000025.700000,-64.9,57.8014,58.6003,60.0000,58.6003,58.4123,55.3173,55.9732,54.5619,53.7401,52.3450,53.7401,52.3450,53.9073,52.0096,53.2635,53.2541,54.6443,53.0094,53.3385,53.0000,53.0000,53.2353,52.8394,54.1202,54.5894,54.5894,56.3560,57.6975,53.6656,59.0339,53.2353,57.2451,55.4707,53.7122,55.5698,54.3783,53.5350,49.4065,48.8262,48.0104,47.8017,47.0106,45.6070,43.1856,44.6878,40.3113,41.1096,38.9487,38.6005,39.2046,37.2156,36.6742,0.0000,0.0000,0.0000,0.0000,0.0000,0.0000,0.0000,0.0000,0.0000,0.0000,0.0000,0.0000
1700000025.750000,-58.9,58.1808,58.3095,59.5063,59.0339,57.3847,54.2310,56.0803,57.0088,53.4883,55.6597,55.6597,55.0818,55.3624,54.5711,54.8179,55.9017,50.8035,53.9351,55.4437,55.5788,54.4518,55.4437,55.2268,57.0351,55.2268,55.1453,55.2268,58.4209,58.2151,59.4138,55.3263,57.4282,58.6941,53.7587,54.3415,54.1295,55.3173,51.4198,50.0000,49.0408,48.7032,48.7032,48.1041,45.8803,44.7772,42.5441,44.2945,39.8246,40.4969,38.2753,39.0512,37.4833,0.0000,0.0000,0.0000,0.0000,0.0000,0.0000,0.0000,0.0000,0.0000,0.0000,0.0000,0.0000
1700000025.800000,-60.8,58.6686,57.8014,58.5235,61.0574,56.6039,57.4282,55.4707,55.0000,56.8507,53.8145,57.3847,55.9017,55.9017,54.4885,56.6392,53.8145,58.2580,50.3289,57.0088,52.0096,53.6004,55.4707,54.0833,55.7584,56.0803,55.2268,59.0593,55.2268,58.3095,57.1402,56.3028,56.9386,56.3028,56.3028,55.2178,51.8652,53.6004,52.2015,53.2635,51.0882,46.6905,48.1664,45.2769,46.6905,45.2769,42.4500,42.5206,42.6380,38.4187,40.8044,38.5876,38.6264,0.0000,0.0000,0.0000,0.0000,0.0000,0.0000,0.0000,0.0000,0.0000,0.0000,0.0000,0.0000
1700000025.850000,-63.1,59.0931,57.2713,58.1378,57.2451,57.7062,55.4707,55.5698,55.2268,56.0803,54.3783,54.9181,54.6443,54.4059,54.2033,55.4437,55.3173,53.0754,54.5619,53.0377,53.7401,53.7401,55.8659,53.7401,54.4518,55.1725,56.5862,56.6392,56.5862,56.5862,55.9017,55.1725,57.9828,55.1725,54.4885,55.2268,51.8556,51.4004,51.6140,50.2195,50.2195,47.1699,46.3249,46.6476,43.4166,42.9418,41.1461,42.0476,40.4969,39.8497,39.0512,38.6394,37.0540,0.0000,0.0000,0.0000,0.0000,0.0000,0.0000,0.0000,0.0000,0.0000,0.0000,0.0000,0.0000
1700000025.900000,-59.9,55.6597,57.7235,55.5428,58.4637,56.5155,58.2495,53.4603,53.7587,53.3385,53.3385,54.2310,53.0094,56.0357,53.0377,53.0000,53.0377,53.0377,54.0370,54.1479,55.4437,53.4603,53.4603,51.7880,54.7449,51.7880,56.7186,56.0892,55.7315,55.7315,54.4518,55.7315,57.8705,55.7315,53.6004,51.3517,53.1507,53.0377,50.0400,48.0000,49.0000,48.0000,50.0000,47.0425,43.1045,43.1856,41.1947,41.5933,39.5601,39.0512,39.8497,38.8973,36.6742,0.0000,0.0000,0.0000,0.0000,0.0000,0.0000,0.0000,0.0000,0.0000,0.0000,0.0000,0.0000
1700000025.950000,-61.6,57.9741,57.8705,57.8705,57.8705,58.1893,55.0273,56.8595,53.7122,55.4617,54.6260,55.5428,55.4617,54.1202,54.2033,53.3385,54.9181,53.2541,52.6973,53.8238,54.2033,54.2033,54.6717,53.6004,54.6717,54.6717,55.4437,55.9732,56.7274,55.4437,56.7274,55.4437,56.0803,56.2228,55.0000,54.4059,52.6973,53.0000,50.2494,50.1199,48.3735,48.7647,45.6508,47.4236,43.8634,42.5441,41.7852,40.4969,41.1096,40.0250,39.4588,37.2156,36.0555,0.0000,0.0000,0.0000,0.0000,0.0000,0.0000,0.0000,0.0000,0.0000,0.0000,0.0000,0.0000
1700000026.000000,-62.3,60.8358,60.5392,58.5235,57.5847,57.9396,58.8727,55.3624,53.4509,57.2800,52.8867,55.5428,56.0892,54.9181,54.5894,55.5788,57.2189,58.3095,52.4690,53.0000,56.1427,53.0000,53.0377,53.0094,57.0351,56.0357,55.0000,58.0086,59.0000,59.0085,56.0000,55.0000,57.0351,56.1427,56.0357,55.0818,54.2310,55.2268,51.2445,51.4781,49.6488,50.2195,45.8912,47.0744,43.9659,42.0595,42.3792,43.0813,37.5766,38.0132,36.7151,38.2753,36.4006,0.0000,0.0000,0.0000,0.0000,0.0000,0.0000,0.0000,0.0000,0.0000,0.0000,0.0000,0.0000
1700000026.050000,-58.7,59.0339,57.6975,55.0364,58.3095,55.5428,54.4243,56.6480,54.1202,52.4976,51.9230,54.1202,54.8179,56.0892,54.3415,53.1507,55.5788,52.6118,54.3323,54.0833,54.1479,51.0882,55.0364,54.2310,55.0000,56.0357,55.0000,56.0000,57.0000,55.0091,57.0000,57.0088,55.1453,54.0000,55.0364,55.1453,52.2398,53.4603,50.8035,48.6621,48.8365,49.2443,47.2969,46.3249,43.4166,43.0116,43.3244,41.4367,41.2311,38.9102,38.9487,36.0555,37.8021,0.0000,0.0000,0.0000,0.0000,0.0000,0.0000,0.0000,0.0000,0.0000,0.0000,0.0000,0.0000
1700000026.100000,-65.8,63.0635,59.4811,61.4003,60.9016,61.4003,57.8014,59.9083,58.5235,58.2495,57.2014,58.6003,59.0339,58.1378,56.6392,57.3847,57.9828,57.2800,57.9828,57.3847,58.8982,56.6392,58.1378,56.0803,59.2030,59.6657,57.6281,60.8030,60.8030,60.6053,60.0000,59.6657,59.8164,58.8982,58.0517,58.0000,55.9017,55.1543,53.0377,53.8145,53.0377,51.0882,49.6790,49.0408,45.6070,47.2017,44.1022,43.9090,43.4166,42.4853,41.2311,40.4969,38.0789,0.0000,0.0000,0.0000,0.0000,0.0000,0.0000,0.0000,0.0000,0.0000,0.0000,0.0000,0.0000
1700000026.150000,-64.8,55.2268,55.4437,60.0750,57.0789,57.0789,56.0357,55.0000,53.0377,50.0100,54.0370,55.1453,55.1453,55.4437,54.1479,53.2353,55.7315,52.9528,53.6004,54.3415,52.9528,51.7880,53.3667,53.8516,55.3624,53.8516,54.8179,54.3415,56.0446,54.8179,57.2713,54.3415,56.0892,54.9181,53.4603,53.4603,52.3450,52.4690,50.1597,50.1597,49.0000,46.0435,46.0109,46.0109,43.1045,43.1045,43.1856,41.4367,41.9762,40.8044,38.8973,38.2753,34.8855,0.0000,0.0000,0.0000,0.0000,0.0000,0.0000,0.0000,0.0000,0.0000,0.0000,0.0000,0.0000
1700000026.200000,-62.2,61.6198,60.4401,58.4123,59.6657,59.4054,59.4054,55.6058,56.0357,57.4282,55.9464,56.0803,54.5894,53.7122,57.2713,57.6975,56.0803,56.6480,53.7122,57.9396,55.1543,55.3624,55.3624,54.7083,57.0088,57.5674,57.9741,58.6941,58.2409,60.1664,57.8705,58.1893,59.1354,58.5235,55.1543,54.4243,54.2310,53.3104,52.0000,51.4296,49.1935,50.1199,49.2443,47.5079,44.1022,45.2217,43.2666,42.6380,41.8688,39.6989,36.7696,38.9487,37.4433,0.0000,0.0000,0.0000,0.0000,0.0000,0.0000,0.0000,0.0000,0.0000,0.0000,0.0000,0.0000
1700000026.250000,-63.8,60.4152,59.2284,59.6657,59.6657,58.6941,57.9741,57.9741,57.2800,56.3205,55.3624,57.0088,56.4624,57.2713,55.4617,56.3649,55.4707,55.5698,55.0727,57.4543,56.0803,55.0727,56.6039,55.7584,57.8014,57.2014,56.6127,58.2495,57.2014,58.0086,58.8218,58.2495,57.1402,57.4543,56.4358,55.0727,54.5894,55.0727,52.3259,51.4296,50.1597,48.8467,49.3964,48.1041,44.5982,44.9222,41.2311,43.7379,41.9762,39.6232,40.1995,39.0512,37.0135,0.0000,0.0000,0.0000,0.0000,0.0000,0.0000,0.0000,0.0000,0.0000,0.0000,0.0000,0.0000
1700000026.300000,-59.3,55.5428,55.3173,57.0701,54.9181,55.9017,52.6118,54.5894,53.3385,53.3385,54.2310,53.1507,53.0377,54.0000,54.0000,53.0000,53.1507,50.1597,52.1536,52.3450,52.2398,52.2398,53.6004,52.4690,52.9528,53.9351,52.9528,53.9351,55.7315,54.7449,54.7449,53.6004,54.5894,54.4518,52.3450,52.0865,52.1536,51.1566,50.0000,48.0000,47.0000,48.0416,46.0435,45.1774,43.1856,42.2966,39.6232,40.6079,40.2616,39.5601,37.9473,37.1618,35.7771,0.0000,0.0000,0.0000,0.0000,0.0000,0.0000,0.0000,0.0000,0.0000,0.0000,0.0000,0.0000
1700000026.350000,-61.9,56.6127,57.4282,59.9083,57.6888,55.2268,55.7584,55.5698,55.5698,52.8394,53.6656,56.3560,54.6260,54.1295,53.8516,56.0803,54.7083,55.0273,52.2015,53.6004,56.0446,55.5428,55.7853,53.6004,55.5788,56.0892,56.2939,57.0701,55.7315,58.0517,56.0892,57.4891,57.2713,56.5155,55.5428,53.1601,54.7083,53.6004,53.1413,52.8110,50.6952,47.5395,48.8467,47.5395,47.4131,45.1774,44.2945,41.3401,43.0116,38.0132,41.8688,37.5366,37.5366,0.0000,0.0000,0.0000,0.0000,0.0000,0.0000,0.0000,0.0000,0.0000,0.0000,0.0000,0.0000
1700000026.400000,-59.9,58.2495,58.2495,58.8558,59.0339,57.8705,57.5587,55.5788,55.3263,56.3205,55.0364,56.0089,54.0000,57.0000,56.0803,56.0357,55.2268,55.1453,55.2268,55.5788,55.3263,56.3205,56.4358,52.6118,55.3173,56.0892,57.0701,58.0517,58.0517,57.0701,57.0701,56.8858,56.5685,57.4282,55.2268,55.3263,52.1536,53.2353,51.0392,52.0384,50.0000,48.0104,48.0416,46.0977,44.0454,43.2897,41.7732,41.7732,40.7922,40.5216,39.8497,38.2753,36.6742,0.0000,0.0000,0.0000,0.0000,0.0000,0.0000,0.0000,0.0000,0.0000,0.0000,0.0000,0.0000
1700000026.450000,-59.1,56.6039,53.8516,55.7584,55.5698,53.7122,52.8394,51.8845,51.8845,51.4296,53.3104,52.3927,51.2640,53.4883,52.2015,53.1413,52.2015,51.9230,51.6624,52.6308,51.6624,52.6308,52.9528,51.4198,52.6118,52.9528,54.7449,53.7587,54.3415,54.9181,55.1090,55.0818,54.1295,53.3667,50.6952,50.5964,50.9215,49.6488,50.1597,47.9270,47.5395,46.6154,46.5188,44.7214,41.5933,39.8246,39.9625,37.8021,40.8044,40.4599,37.5366,37.5366,34.7131,0.0000,0.0000,0.0000,0.0000,0.0000,0.0000,0.0000,0.0000,0.0000,0.0000,0.0000,0.0000
1700000026.500000,-59.8,54.4518,56.2228,59.5399,58.6941,57.0701,55.4437,55.5428,55.1090,53.3667,54.8179,57.0088,55.6597,55.3624,53.4883,51.6236,55.4617,53.6656,55.9017,51.1077,54.7083,53.6656,56.0803,54.7083,57.1402,55.2268,55.2268,56.0357,58.5235,56.3028,57.8014,53.8516,56.6039,56.9386,54.1202,54.2033,54.5894,53.6656,51.4781,48.7545,47.9270,48.8467,47.0106,49.7695,45.5412,43.3244,43.6807,42.9535,39.0512,41.5933,38.4708,39.0512,38.0132,0.0000,0.0000,0.0000,0.0000,0.0000,0.0000,0.0000,0.0000,0.0000,0.0000,0.0000,0.0000
1700000026.550000,-62.2,57.9741,55.5428,57.4891,59.0339,57.8705,52.6118,55.5788,55.9017,55.2268,52.0384,55.0818,55.0000,56.0000,55.0364,55.0091,55.3263,53.0848,54.1479,55.4437,55.5788,54.4518,55.5788,53.7587,56.2939,56.0892,56.0892,56.5155,58.4637,57.2713,55.3173,54.7449,55.9017,56.0892,55.4437,55.4437,55.7315,50.4876,51.3517,50.2494,50.1597,49.0408,46.0109,46.0435,45.0111,44.0000,41.1096,42.4264,42.2966,40.0250,40.7922,36.4006,34.9285,0.0000,0.0000,0.0000,0.0000,0.0000,0.0000,0.0000,0.0000,0.0000,0.0000,0.0000,0.0000
1700000026.600000,-58.6,61.4003,61.2209,61.0737,58.8982,58.0517,58.7282,57.9828,57.9828,57.9828,56.5862,58.0517,58.1378,58.1378,56.8507,56.4004,58.0086,57.4282,56.3028,56.3028,57.1402,56.6039,56.6039,56.0803,57.8014,57.8014,57.3062,59.0593,59.5399,59.5399,58.1808,57.8014,58.8303,58.8303,57.1402,57.4282,55.0000,54.2033,52.6308,51.6624,50.3289,49.5782,48.1041,48.8365,45.9674,46.0109,43.2782,42.8019,41.6173,42.1900,40.3113,39.8121,37.3363,0.0000,0.0000,0.0000,0.0000,0.0000,0.0000,0.0000,0.0000,0.0000,0.0000,0.0000,0.0000
1700000026.650000,-60.0,56.3649,57.2713,59.0339,58.1378,57.3062,55.4707,57.3062,56.4358,56.6039,56.0803,57.1402,55.4707,57.4282,55.2178,54.8179,55.4437,51.7397,53.8145,55.1725,53.7401,55.9017,55.1725,53.7401,57.2800,55.9017,58.0517,58.1378,56.7274,58.7963,55.9017,55.9017,55.9017,55.9017,55.9017,53.7587,53.9073,53.8145,53.2635,51.4004,52.2015,48.2597,48.8262,48.5489,43.9090,44.4185,42.9418,43.4626,39.8121,40.8534,40.8044,39.0512,36.2215,0.0000,0.0000,0.0000,0.0000,0.0000,0.0000,0.0000,0.0000,0.0000,0.0000,0.0000,0.0000
1700000026.700000,-58.4,57.0088,57.7235,57.4891,57.4891,55.1090,55.3173,56.0892,54.7449,53.7587,53.3385,55.3263,55.1453,55.0364,55.0364,55.0364,53.0094,55.0091,51.0000,55.0364,54.0833,54.0370,54.1479,52.0865,55.4437,55.3263,55.3263,56.2228,55.3263,57.3149,54.2310,55.0818,55.0818,55.0091,55.0000,53.0000,50.0400,52.0000,50.0400,50.1597,50.1597,46.2709,47.3814,44.4072,44.7214,42.9535,41.4849,39.8497,39.2173,39.2173,39.0000,37.1214,35.5106,0.0000,0.0000,0.0000,0.0000,0.0000,0.0000,0.0000,0.0000,0.0000,0.0000,0.0000,0.0000
1700000026.750000,-60.1,59.5483,58.0000,57.2800,59.4138,59.4138,56.5862,55.3173,57.3847,52.6308,53.9073,54.2033,54.2033,55.4707,55.2268,54.3783,54.2033,55.4617,55.0091,53.2259,55.4617,53.6656,55.4617,53.3104,55.3624,56.8595,56.4624,59.8080,57.2451,59.1354,58.5235,57.0088,58.1893,55.5428,57.6975,56.3560,55.4707,54.1202,52.8394,52.8394,50.7740,49.6488,48.5489,49.4065,43.8292,44.4072,40.8044,42.0119,41.7732,41.0366,39.6232,40.6079,39.1152,0.0000,0.0000,0.0000,0.0000,0.0000,0.0000,0.0000,0.0000,0.0000,0.0000,0.0000,0.0000
1700000026.800000,-65.0,64.0781,61.6847,62.6259,63.3246,61.6847,58.5235,59.2030,58.5235,59.2030,59.9083,59.6657,60.2080,59.2284,58.6941,57.7062,60.4070,58.3095,58.3095,58.0345,58.0775,58.0775,60.0083,58.0775,58.0000,60.0000,60.0083,61.0000,61.0000,60.0000,62.0322,59.0339,60.0083,60.1332,58.3095,59.3043,59.5399,55.7315,53.7587,54.1295,51.4198,51.6624,49.4773,50.2892,47.1275,46.1736,45.5412,44.7772,43.3820,42.9418,40.8167,40.2244,38.2884,0.0000,0.0000,0.0000,0.0000,0.0000,0.0000,0.0000,0.0000,0.0000,0.0000,0.0000,0.0000
1700000026.850000,-61.4,59.0762,55.7584,60.0333,56.9386,58.3095,53.7122,55.4707,55.0091,55.4617,55.4617,55.0364,54.6260,54.7814,55.7136,53.7587,55.6597,53.1601,54.1202,53.6004,55.7853,53.6004,55.1090,53.6004,55.9017,56.2939,55.1090,56.2939,58.0517,54.9181,58.4637,54.5711,55.5428,56.7539,55.0818,54.4059,54.7083,52.2015,50.3289,49.7695,48.8467,49.1935,46.0652,47.4131,43.4166,43.0465,41.8808,41.8808,40.8044,42.0119,38.8973,38.2099,35.6090,0.0000,0.0000,0.0000,0.0000,0.0000,0.0000,0.0000,0.0000,0.0000,0.0000,0.0000,0.0000
1700000026.900000,-60.3,61.1310,61.1310,61.2944,61.2046,60.5310,59.3043,57.5587,58.0517,58.0517,58.4637,59.4390,58.6941,57.0088,57.2800,55.6597,58.1893,56.3028,57.2451,56.4624,57.3847,59.2368,58.6941,56.4624,58.1378,59.0339,57.2713,59.0339,60.0083,58.6003,58.1808,58.3095,60.0083,59.2368,58.5235,56.9210,55.9732,56.3205,54.1202,53.3667,51.1957,51.1957,49.8197,49.3660,44.4072,46.1736,43.0116,45.0111,42.0119,41.0488,41.1947,40.4475,37.3631,0.0000,0.0000,0.0000,0.0000,0.0000,0.0000,0.0000,0.0000,0.0000,0.0000,0.0000,0.0000
1700000026.950000,-63.4,59.6154,58.3095,58.1893,58.8727,58.1893,55.0273,56.6127,55.0818,54.8179,54.8179,54.5711,53.1507,54.1295,54.7449,54.5894,55.2268,54.1479,53.2353,55.1453,54.0370,55.1453,56.0357,54.1479,55.0000,55.0091,56.0089,57.0351,57.0000,57.0351,57.0351,55.0818,56.0357,56.2228,55.2268,55.3263,53.6004,52.7731,51.1957,51.1957,50.2195,47.5395,47.5395,45.8803,43.9659,43.6578,41.4367,41.6293,41.1461,38.9487,37.4433,37.2022,36.1248,0.0000,0.0000,0.0000,0.0000,0.0000,0.0000,0.0000,0.0000,0.0000,0.0000,0.0000,0.0000
1700000027.000000,-64.8,60.8769,58.6941,61.5224,60.1082,59.4138,57.3149,58.0517,57.4891,57.4891,56.7274,57.6281,57.8014,57.8014,56.8595,55.4707,56.0803,55.5698,56.4358,54.5894,56.8243,55.9464,57.2451,56.8243,57.2713,58.1378,57.2713,59.5063,58.1378,57.6975,58.1378,58.1378,59.0593,57.3062,55.5698,56.0803,55.7584,54.9181,52.8015,51.4004,50.8035,50.4480,48.4149,48.9183,45.2769,45.2769,42.4500,43.2782,42.0119,42.4382,39.6611,38.9487,37.5766,0.0000,0.0000,0.0000,0.0000,0.0000,0.0000,0.0000,0.0000,0.0000,0.0000,0.0000,0.0000
1700000027.050000,-62.9,61.3922,59.2284,60.6383,61.1882,59.6657,57.7235,58.2409,57.2800,57.8705,57.8705,58.1893,58.1893,57.9396,58.3095,55.0364,56.7979,55.4707,55.9017,55.0727,57.3062,56.3560,56.9386,56.0803,58.8303,58.3095,57.1402,57.4543,59.3633,57.9828,59.1693,57.8014,58.6686,58.1808,57.2451,55.4617,55.9464,54.6260,53.4883,52.8110,50.5964,50.5964,48.7032,49.7293,46.5725,43.7379,43.9318,43.4166,41.1947,42.0476,41.0000,38.0526,37.3363,0.0000,0.0000,0.0000,0.0000,0.0000,0.0000,0.0000,0.0000,0.0000,0.0000,0.0000,0.0000
1700000027.100000,-63.3,57.0088,56.2939,60.2080,59.4390,56.8858,54.1295,56.2228,54.2310,53.0848,57.0789,53.0377,55.0091,57.0000,55.0091,56.0000,55.1453,52.1536,54.1479,52.4690,53.4603,54.4518,52.7731,53.7587,53.7587,57.7062,54.7449,56.7539,55.1090,56.5155,57.0701,57.0701,55.9017,55.5788,53.6004,53.3385,53.1507,54.2310,51.0882,49.0408,49.0408,48.0104,44.0114,47.0106,44.1022,44.0454,41.1947,41.5933,41.4367,42.4500,39.2938,37.0000,34.9285,0.0000,0.0000,0.0000,0.0000,0.0000,0.0000,0.0000,0.0000,0.0000,0.0000,0.0000,0.0000
1700000027.150000,-62.4,57.2451,58.1808,56.0803,59.5063,57.0088,56.0803,53.7587,56.3028,55.9732,55.3624,55.3624,55.7853,57.2713,56.0892,56.0892,53.6004,56.4358,54.1479,55.1453,56.1427,54.0833,55.0818,52.0865,58.0000,56.0000,55.0364,59.0000,56.0089,60.0000,55.0364,57.0000,57.0000,55.0364,54.0833,55.2268,53.1507,53.4603,50.9902,51.7880,50.8035,48.5077,47.2969,46.0977,44.6430,46.8402,40.1622,42.1545,41.4367,39.3954,38.0789,35.5106,38.4187,0.0000,0.0000,0.0000,0.0000,0.0000,0.0000,0.0000,0.0000,0.0000,0.0000,0.0000,0.0000
1700000027.200000,-63.2,59.0000,58.0345,59.1354,58.0345,58.1378,56.2228,56.4358,55.7315,55.9017,55.7315,56.8858,56.0892,56.0892,53.6004,55.0818,54.7083,52.8110,53.1413,53.8516,54.6260,55.1543,54.6260,54.6260,56.3649,56.8595,55.0364,56.3560,57.2451,56.3649,56.3649,55.5428,56.3649,56.4624,54.2310,53.8516,52.8110,53.4509,51.9230,51.6624,49.7293,48.2701,47.0744,46.8722,44.9110,43.7379,41.4367,41.1096,41.1096,41.0000,40.0125,37.2156,35.6931,0.0000,0.0000,0.0000,0.0000,0.0000,0.0000,0.0000,0.0000,0.0000,0.0000,0.0000,0.0000
1700000027.250000,-62.2,56.7539,57.2800,55.9017,57.2713,55.7315,57.2713,53.7587,54.5894,53.4603,55.2268,53.0848,55.0091,55.0000,53.0000,54.0093,55.0364,52.1536,52.2398,53.2353,52.4690,53.6004,54.4518,53.7587,54.1295,57.2713,53.1507,57.7235,56.2939,56.0892,56.2939,55.9017,53.9351,54.7449,53.7587,53.3385,52.1536,52.4690,51.0392,50.0400,48.0104,48.0104,47.0106,47.0000,46.0109,43.0116,41.1947,41.1947,43.4166,38.6394,37.1080,37.0000,35.8469,0.0000,0.0000,0.0000,0.0000,0.0000,0.0000,0.0000,0.0000,0.0000,0.0000,0.0000,0.0000
1700000027.300000,-63.0,63.0079,64.0078,61.0737,64.0312,60.1332,62.1289,60.2080,60.2993,59.3043,56.7186,60.0167,59.0339,59.6657,59.9083,58.6941,57.2800,57.5674,56.7539,58.1893,58.1893,57.8705,58.1893,56.3028,59.0931,59.2368,58.8727,61.0983,58.8727,62.3939,57.9396,61.3514,61.0328,60.4401,57.9741,56.5155,56.7539,56.5155,54.1295,52.7731,53.6004,50.1597,51.1566,49.0918,48.0416,48.0000,44.0454,46.1736,43.1856,41.3038,41.5933,42.2019,39.8497,0.0000,0.0000,0.0000,0.0000,0.0000,0.0000,0.0000,0.0000,0.0000,0.0000,0.0000,0.0000
1700000027.350000,-63.8,59.9083,58.2495,60.5392,60.5392,59.6825,56.9386,56.4358,55.0091,56.3560,56.3649,57.7754,57.0088,57.0088,56.3028,55.6597,55.6597,55.3624,54.8179,55.5428,56.5155,55.7853,56.2939,55.1090,56.7186,58.6941,56.7186,57.7062,59.8415,59.6825,57.7062,58.2495,58.2495,57.7235,55.5428,54.8179,54.1202,54.1202,52.4976,51.5461,51.2640,49.7695,47.9270,47.9270,45.1885,43.3820,42.5441,42.7200,41.8808,41.6173,39.8246,38.9487,36.7696,0.0000,0.0000,0.0000,0.0000,0.0000,0.0000,0.0000,0.0000,0.0000,0.0000,0.0000,0.0000
1700000027.400000,-61.0,59.2284,58.9406,59.2030,56.7539,57.0088,55.0818,53.4509,53.3104,54.7814,55.1543,56.6480,57.2451,56.7979,54.1202,53.7122,54.5894,52.8394,53.3385,53.0094,51.6140,53.0094,58.0086,53.0094,54.8179,58.4123,55.4437,54.8179,55.4437,58.2580,58.4123,57.2014,55.2178,56.0357,57.1402,54.9181,53.3385,55.0727,52.8394,52.8394,50.1199,46.9574,47.5395,44.7772,44.9444,44.0114,40.1622,43.0116,42.2019,40.0250,40.6079,37.2156,36.0000,0.0000,0.0000,0.0000,0.0000,0.0000,0.0000,0.0000,0.0000,0.0000,0.0000,0.0000,0.0000
1700000027.450000,-59.7,61.2046,61.1310,60.0333,62.0322,59.0085,59.0085,58.0000,58.0086,58.0345,55.0818,57.1402,57.2189,58.3095,57.5587,57.5587,56.2939,56.5155,54.5711,57.0088,55.7853,55.7853,55.3624,54.1202,57.8705,56.6127,56.6127,59.1354,57.2451,59.4643,58.1893,58.5235,57.0088,57.0088,56.5155,56.5155,54.1295,55.1090,52.6118,52.7731,51.3517,49.1630,49.2544,48.0937,46.0977,44.0000,44.0000,43.0116,42.0476,40.4475,40.4475,39.2938,37.9473,0.0000,0.0000,0.0000,0.0000,0.0000,0.0000,0.0000,0.0000,0.0000,0.0000,0.0000,0.0000
1700000027.500000,-61.3,58.1378,57.2713,56.4624,56.8595,57.0088,54.6260,55.3624,53.7587,54.7083,54.4059,54.1202,56.5155,55.3173,53.1507,54.1295,54.5894,53.6004,53.3385,53.2353,54.1479,53.1507,55.0818,53.0848,56.0089,56.0357,55.0364,56.0357,57.0351,57.0351,56.0000,55.1453,56.1427,56.1427,55.2268,53.3385,53.3385,51.6236,50.8035,49.8197,49.0306,48.5077,45.6070,45.6070,43.0116,41.1096,40.4969,41.2311,40.7185,38.9102,38.0789,36.6197,35.4683,0.0000,0.0000,0.0000,0.0000,0.0000,0.0000,0.0000,0.0000,0.0000,0.0000,0.0000,0.0000
1700000027.550000,-59.7,58.8218,60.8030,58.4123,60.0000,57.6281,57.6281,55.4437,55.3173,55.9732,55.1725,55.8659,55.1725,55.9017,55.3173,56.7274,55.6058,56.6127,53.6004,55.4707,54.6443,55.8032,56.8595,53.8238,56.0803,57.4543,56.9386,58.3095,56.0803,56.9386,56.0803,57.1402,55.4707,58.2495,55.8032,53.6004,53.6004,52.0096,49.8197,50.3289,49.5782,46.6905,48.8365,45.9674,46.0109,42.6380,42.0119,40.8044,41.8808,39.1152,39.3573,37.5766,38.2753,0.0000,0.0000,0.0000,0.0000,0.0000,0.0000,0.0000,0.0000,0.0000,0.0000,0.0000,0.0000
1700000027.600000,-66.2,56.4624,52.8015,54.4243,55.7136,54.7083,54.0833,52.4976,53.7587,53.8516,53.8516,54.1295,52.9528,53.3667,51.3517,51.7880,54.1479,52.3450,52.3450,53.0377,53.0377,52.2398,52.0000,54.0370,52.0096,52.0000,54.0000,52.0096,54.0093,54.0093,54.0000,54.0000,54.0093,54.0000,54.0833,50.2494,52.1536,51.3517,48.2597,48.5077,47.6760,46.8722,44.7214,45.3542,43.1741,41.7612,40.4969,39.3954,36.7696,37.5766,37.5899,36.3593,34.0588,0.0000,0.0000,0.0000,0.0000,0.0000,0.0000,0.0000,0.0000,0.0000,0.0000,0.0000,0.0000
1700000027.650000,-61.5,60.9590,61.5549,60.1082,62.2415,59.3970,58.6941,58.6941,56.6392,57.3847,56.8507,58.4123,58.6003,58.0086,58.2495,58.2495,56.6039,57.4543,56.0803,56.8243,56.3560,57.8014,58.1378,56.3560,58.1808,57.6975,59.0339,59.5063,59.5063,59.9333,58.1808,59.0339,59.4811,58.1808,56.9386,56.9386,55.2268,55.2268,53.8238,52.4309,51.4004,49.8197,48.4149,47.6340,46.7547,45.9674,43.8406,43.9318,41.1096,39.2046,40.8044,39.9625,36.6742,0.0000,0.0000,0.0000,0.0000,0.0000,0.0000,0.0000,0.0000,0.0000,0.0000,0.0000,0.0000
1700000027.700000,-60.5,63.1269,61.1310,63.0317,63.0079,62.0000,60.0000,59.0000,58.0345,58.0345,58.2151,59.4138,59.6825,58.5491,58.6941,56.8858,59.2284,57.4891,57.7235,56.7539,57.2800,58.2409,57.2800,57.2800,59.1354,60.4070,58.1893,58.8727,60.7454,60.0833,59.8080,59.1354,59.4811,58.2409,57.7235,56.7539,57.7235,55.3173,54.4518,53.7587,50.4876,51.1566,49.2544,49.1630,46.0435,47.0106,44.0000,43.1045,43.0465,43.1856,41.5933,41.2311,38.2753,0.0000,0.0000,0.0000,0.0000,0.0000,0.0000,0.0000,0.0000,0.0000,0.0000,0.0000,0.0000
1700000027.750000,-60.3,59.0339,57.3847,58.0000,60.8769,57.3847,56.6392,58.6941,55.1725,57.2800,54.0370,56.8507,53.6004,55.8032,56.3028,55.8032,56.3028,53.8516,53.5350,53.8516,56.0803,54.7083,56.0803,54.5894,55.4617,56.3649,57.2713,58.1808,57.2451,59.4811,57.2451,56.4358,55.4707,56.8243,53.0000,53.0094,53.0000,51.8652,49.6488,53.0094,49.8197,48.2701,48.1041,45.3431,46.0109,42.4500,43.1856,42.4500,42.6380,38.6005,38.8330,36.7151,37.1214,0.0000,0.0000,0.0000,0.0000,0.0000,0.0000,0.0000,0.0000,0.0000,0.0000,0.0000,0.0000
1700000027.800000,-61.3,59.6657,58.0000,58.6941,58.6941,55.1725,55.9017,53.7401,55.1543,53.0754,52.6308,55.3173,55.4437,56.6127,55.0000,54.6443,52.6973,53.2541,55.2268,53.8516,51.9711,53.2353,54.2033,54.5894,55.0364,55.9017,55.4617,55.4617,55.0364,59.0339,54.1202,56.8243,56.3560,57.8014,54.2033,53.8516,53.0000,52.6973,50.4777,50.0000,50.2195,48.2701,46.2277,45.4533,43.9318,44.5533,41.0122,44.5982,40.4599,40.8044,36.3593,38.9487,35.8469,0.0000,0.0000,0.0000,0.0000,0.0000,0.0000,0.0000,0.0000,0.0000,0.0000,0.0000,0.0000
1700000027.850000,-57.2,59.0339,59.0000,60.0333,61.0000,62.0322,58.0345,58.1378,56.1427,56.2228,56.4358,55.5788,55.7315,56.2939,56.2939,56.2939,54.5711,56.0446,56.0446,54.7083,56.9210,56.3028,56.3028,54.4243,55.1543,57.0088,56.0803,57.7754,57.9396,58.3095,57.3847,56.3028,58.1893,56.9210,56.3205,56.0446,53.8516,53.6004,53.1507,51.1957,50.8035,49.4975,46.5296,47.2652,44.0454,43.0465,43.0000,43.0000,43.0116,42.1070,40.3113,38.6394,37.1080,0.0000,0.0000,0.0000,0.0000,0.0000,0.0000,0.0000,0.0000,0.0000,0.0000,0.0000,0.0000
1700000027.900000,-65.9,63.0079,62.8013,61.8466,64.0312,59.5483,61.8466,58.8982,59.4643,58.7282,60.1415,58.0000,58.2580,58.2580,57.6281,59.8164,57.6888,56.0357,53.5350,57.6888,57.6888,57.4543,60.0333,55.4707,59.0339,61.7738,60.3738,58.6003,60.4152,62.6099,61.3270,58.1378,59.5399,61.2944,57.8014,56.6039,56.6039,53.5350,53.5350,54.6443,53.6004,51.2250,50.8035,49.5782,47.4236,47.4236,43.8634,45.2769,44.6878,41.2311,42.8019,41.6173,36.6742,0.0000,0.0000,0.0000,0.0000,0.0000,0.0000,0.0000,0.0000,0.0000,0.0000,0.0000,0.0000
1700000027.950000,-62.7,61.7171,60.8358,60.9262,60.9262,61.0983,59.2368,57.9396,58.5235,58.1893,57.5674,57.5674,57.7235,56.2939,56.2939,56.2939,56.8858,57.7062,55.5788,58.3095,56.3205,57.4282,58.3095,57.1402,58.0775,58.0775,58.0775,59.0339,60.0333,59.0762,58.0775,58.1378,58.1378,58.3095,58.6941,56.5685,55.9017,53.7587,53.1507,52.3927,51.6624,50.0000,50.0000,48.7032,45.5412,46.2385,43.4626,43.3820,43.4166,41.1825,41.0488,38.6005,37.6431,0.0000,0.0000,0.0000,0.0000,0.0000,0.0000,0.0000,0.0000,0.0000,0.0000,0.0000,0.0000
1700000028.000000,-61.8,60.1082,60.1082,60.8276,59.4138,58.7282,57.3847,57.3847,57.4891,57.0088,56.6127,58.0086,56.8595,56.6039,56.0803,54.3783,56.8243,54.1202,54.5894,56.3649,55.0364,55.9464,57.0088,55.1543,57.0088,57.7754,57.0088,58.5235,58.5235,57.0088,57.9396,57.3847,56.8595,58.1808,56.3649,57.2451,55.4707,54.5894,53.3385,50.7740,49.9300,49.0918,48.8262,48.0104,45.6070,43.2782,42.5206,42.4500,41.7253,42.4500,39.2046,38.2753,36.3593,0.0000,0.0000,0.0000,0.0000,0.0000,0.0000,0.0000,0.0000,0.0000,0.0000,0.0000,0.0000
1700000028.050000,-58.3,56.5685,55.9017,59.4138,57.9828,56.6392,56.6392,54.6717,55.3173,56.2228,54.4059,52.4309,52.2015,53.2541,54.0833,51.6140,53.7122,52.1536,53.6656,51.8845,53.6656,53.6656,53.6656,53.2259,52.5547,54.6260,53.8516,55.9464,55.7136,55.1543,54.6260,53.2259,54.5894,55.4617,54.5619,54.1202,54.5894,51.9711,51.1077,48.8262,48.2597,47.8017,45.6070,45.3431,44.5982,43.1393,41.7253,41.7253,39.2046,41.7732,37.7359,37.7359,36.2353,0.0000,0.0000,0.0000,0.0000,0.0000,0.0000,0.0000,0.0000,0.0000,0.0000,0.0000,0.0000
1700000028.100000,-60.2,61.4003,62.6498,61.8142,60.4070,60.0167,59.0339,59.4390,59.6657,59.6657,57.0088,58.2409,57.2800,57.8705,58.8727,57.9396,56.0803,57.7754,58.1808,57.2451,56.7979,58.1378,58.5918,55.4707,57.8014,60.0333,58.6686,60.0333,61.4003,61.4003,59.5399,59.9416,58.5918,59.0339,58.6003,58.1808,55.1543,55.7136,52.8110,53.4509,52.4976,50.0000,50.0000,48.2701,47.0744,45.8912,43.5660,43.2897,43.1045,41.0488,40.0500,39.2046,38.4708,0.0000,0.0000,0.0000,0.0000,0.0000,0.0000,0.0000,0.0000,0.0000,0.0000,0.0000,0.0000
1700000028.150000,-64.4,58.6941,56.6392,58.0517,57.3847,54.5619,55.3173,56.2228,52.2015,55.8032,53.2541,53.5350,54.3783,55.0727,55.4707,53.6656,51.8941,51.8941,51.4781,53.8516,52.3927,53.4883,54.2310,49.3964,55.3624,55.6597,53.4509,57.0088,54.1202,57.0088,55.3624,55.3624,57.2800,56.3028,53.8516,52.9245,50.9902,52.0000,50.5668,51.4781,48.7545,47.4131,46.5296,46.5188,44.9444,42.4382,41.6173,41.2311,41.7732,39.6989,39.6232,37.4833,36.6197,0.0000,0.0000,0.0000,0.0000,0.0000,0.0000,0.0000,0.0000,0.0000,0.0000,0.0000,0.0000
1700000028.200000,-60.3,61.6117,60.6383,60.1664,63.0635,59.2030,59.2030,58.1893,58.1893,58.1893,57.0088,57.0088,57.2713,56.7979,57.2451,57.2451,55.4707,56.9386,55.0727,56.0803,56.0803,56.0803,58.8303,55.4707,55.8032,58.8218,58.0086,58.0086,58.2495,59.6406,56.8595,55.7584,58.8303,58.3095,55.5698,57.3062,55.0727,54.5894,52.7731,52.3927,52.3927,49.0408,49.9800,46.8188,46.1736,44.6430,41.9762,42.9535,43.4166,41.1947,38.2099,39.0000,38.0526,0.0000,0.0000,0.0000,0.0000,0.0000,0.0000,0.0000,0.0000,0.0000,0.0000,0.0000,0.0000
1700000028.250000,-63.4,61.0082,59.1354,62.1289,60.1332,60.4070,58.1378,58.4209,55.4437,58.0517,57.8705,59.2284,57.2713,55.5428,56.0446,55.3624,56.9210,54.0833,55.9732,55.3624,56.6480,56.3028,55.1543,57.0088,57.2713,55.9464,55.9464,57.7754,58.1808,58.1808,60.0083,56.0803,57.0088,57.5847,56.3028,55.6597,56.3205,53.4509,52.8867,50.9902,48.8365,49.8197,46.5296,49.3660,46.2709,43.1856,42.0119,42.0000,42.0119,41.0488,39.3192,38.6394,37.3631,0.0000,0.0000,0.0000,0.0000,0.0000,0.0000,0.0000,0.0000,0.0000,0.0000,0.0000,0.0000
1700000028.300000,-61.4,62.7694,60.9262,61.7414,60.8358,61.2699,59.0339,59.0339,57.7062,58.1808,58.8303,58.8303,58.2495,58.2495,57.8014,58.0086,58.4123,56.8507,56.2228,56.6392,56.7274,58.0517,57.3149,55.9732,58.6941,59.4138,58.6941,57.9828,60.1082,60.8112,60.1082,57.3149,61.6198,59.5483,57.6281,58.4123,57.2014,54.2033,53.0094,51.8652,51.6236,50.2494,49.7393,48.3011,46.0652,47.0106,44.0114,43.3244,42.0595,42.7200,41.9762,40.4475,38.0526,0.0000,0.0000,0.0000,0.0000,0.0000,0.0000,0.0000,0.0000,0.0000,0.0000,0.0000,0.0000
1700000028.350000,-60.8,63.1981,61.1310,63.0714,61.0737,64.0703,59.0085,60.0083,59.0000,59.0000,61.0737,59.0762,59.2115,58.4209,58.5491,56.3205,58.8558,55.9017,58.8558,54.5711,57.4891,57.2713,59.4390,59.6657,60.4401,60.1664,59.4811,59.2030,61.6847,59.2030,62.0967,57.7235,59.4390,60.4152,57.8705,56.7186,57.7062,56.4358,53.3385,54.1479,52.1536,52.0096,50.0000,51.0000,46.0109,46.0435,44.2832,44.4072,42.7551,45.1221,41.0000,39.2173,38.0132,0.0000,0.0000,0.0000,0.0000,0.0000,0.0000,0.0000,0.0000,0.0000,0.0000,0.0000,0.0000
1700000028.400000,-61.8,60.9590,60.3075,59.4643,60.8769,59.4138,56.5862,55.8659,55.9017,56.6392,54.6717,56.8507,55.8032,55.8032,55.4707,55.4707,54.3783,56.0803,53.8516,54.5894,53.6656,55.9017,55.4617,55.4617,56.4624,58.1808,56.4624,57.7754,56.4624,58.1808,56.8595,55.9464,57.6975,56.7979,56.3560,56.3560,54.1202,53.7122,51.6236,51.3128,49.0918,50.2195,47.8017,46.2277,45.6070,43.9318,42.4500,41.7253,41.0366,39.0512,39.2046,38.6005,37.2156,0.0000,0.0000,0.0000,0.0000,0.0000,0.0000,0.0000,0.0000,0.0000,0.0000,0.0000,0.0000
1700000028.450000,-61.0,61.0328,61.0000,62.0000,61.0000,61.0082,58.0345,58.2151,58.1378,58.2151,58.4209,57.3149,58.6941,57.7062,56.0892,56.0892,58.6941,57.0088,56.7539,55.3624,55.6597,57.5674,56.9210,55.9732,58.5235,58.1893,56.6480,58.5235,59.8080,58.1893,58.5235,57.2451,57.8705,58.5235,56.7539,55.7853,56.5155,53.9351,52.9528,51.4781,50.4876,50.1597,48.1664,50.0899,46.0435,46.0000,44.0114,44.0454,41.1947,40.4475,41.7732,40.2616,38.6264,0.0000,0.0000,0.0000,0.0000,0.0000,0.0000,0.0000,0.0000,0.0000,0.0000,0.0000,0.0000
1700000028.500000,-61.9,61.2699,59.0339,60.4152,60.4152,59.5399,57.8014,56.6039,56.6039,57.4282,57.6888,56.0357,56.4004,56.8507,56.0803,54.5619,55.9017,55.8659,53.7587,54.4885,55.9017,56.5862,54.5619,55.9017,56.0803,56.7274,57.3847,58.8982,58.8982,58.1378,58.1378,56.5862,58.0000,56.5685,55.8659,55.9017,53.8145,52.4976,52.6308,53.4135,50.6063,50.2195,47.7074,46.3249,45.7930,43.9090,42.4853,43.8634,42.1545,40.4969,39.5601,39.0512,36.3456,0.0000,0.0000,0.0000,0.0000,0.0000,0.0000,0.0000,0.0000,0.0000,0.0000,0.0000,0.0000
1700000028.550000,-64.0,59.8080,59.0339,61.7414,61.7414,60.8358,58.1378,58.6686,56.8243,57.4543,58.6686,57.3062,57.8014,58.8303,57.6888,53.8238,56.8507,55.3173,56.7274,54.6717,55.9017,57.3149,56.5685,55.9732,58.0000,57.3149,57.3149,58.7282,59.4138,58.0000,59.3970,57.3149,57.3149,59.4643,57.6281,57.0088,56.4004,55.2178,54.3783,51.9711,49.3964,50.2494,48.3735,51.0000,45.6180,43.8634,43.0813,42.3792,41.4367,43.1741,41.5933,39.2046,37.0000,0.0000,0.0000,0.0000,0.0000,0.0000,0.0000,0.0000,0.0000,0.0000,0.0000,0.0000,0.0000
1700000028.600000,-56.6,63.0000,62.0081,64.0312,61.0082,64.0312,59.0339,61.0737,60.2080,61.2046,60.5310,60.8276,60.0167,60.4152,57.4891,57.4891,60.1664,56.6127,59.7746,56.6480,58.5235,59.8080,59.8080,59.2368,60.0083,59.0931,59.6154,61.3270,62.6498,59.5063,62.2415,59.6154,60.1664,60.7454,58.8727,58.8218,58.8218,55.9732,57.2800,54.5711,52.6308,53.9351,49.0306,51.9711,47.3814,47.2652,45.0999,45.0444,43.0000,44.0114,43.1045,42.2966,40.0250,0.0000,0.0000,0.0000,0.0000,0.0000,0.0000,0.0000,0.0000,0.0000,0.0000,0.0000,0.0000
1700000028.650000,-57.9,63.0079,61.4003,64.8151,62.8013,62.4820,59.2030,58.7963,59.4643,60.1415,59.3970,58.7282,58.8982,59.6657,58.4123,58.2580,59.4054,58.6003,56.6127,58.5235,58.8303,57.1402,60.2080,58.8303,58.5918,60.4152,59.9416,60.4152,62.2656,62.2656,60.4152,60.2080,60.5392,61.0574,58.5235,59.6406,58.8218,57.4282,55.2178,56.4004,54.0370,52.3450,50.9902,50.2494,48.0833,47.3814,44.6878,44.6878,43.6005,42.8019,41.3401,40.8167,38.0789,0.0000,0.0000,0.0000,0.0000,0.0000,0.0000,0.0000,0.0000,0.0000,0.0000,0.0000,0.0000
1700000028.700000,-57.3,62.6498,64.4981,63.6318,63.6318,61.0574,60.2080,58.5235,59.4054,59.6406,57.6281,59.0339,58.8982,60.2080,58.7282,58.6941,56.5685,59.3970,55.8659,58.7963,57.3149,58.7963,59.5483,55.3173,59.2030,60.4401,59.8164,61.8466,61.2209,61.8466,58.2580,60.2080,59.5483,60.1082,57.3149,58.6941,56.5685,55.8659,56.7274,54.6717,55.3173,50.2195,51.0392,48.0104,47.7074,46.6476,45.1774,46.0652,43.8634,41.6293,41.7852,41.4849,39.8121,0.0000,0.0000,0.0000,0.0000,0.0000,0.0000,0.0000,0.0000,0.0000,0.0000,0.0000,0.0000
1700000028.750000,-63.0,62.0322,61.0737,61.4003,61.2046,59.2115,58.3095,59.5399,57.8705,56.8858,57.4891,57.8705,57.7235,58.2409,56.3205,58.5235,57.8705,56.6480,55.9732,56.4624,55.9464,56.8595,57.2713,55.1543,58.1378,59.0339,59.0339,59.9333,58.1378,58.6003,56.3649,58.1808,57.2713,58.1808,56.8595,55.3624,56.3028,55.0273,53.4509,53.1601,52.8867,52.1728,49.0306,48.8365,46.6905,47.3814,43.1856,44.0454,43.0116,42.0119,40.0500,39.3192,38.8330,0.0000,0.0000,0.0000,0.0000,0.0000,0.0000,0.0000,0.0000,0.0000,0.0000,0.0000,0.0000
1700000028.800000,-60.7,61.2046,60.2080,61.4003,60.4070,60.4070,57.4282,56.7186,58.0517,56.7186,56.5155,57.2800,57.2800,56.3028,55.3624,55.3624,57.0088,55.9464,55.1543,54.5619,56.3560,56.3560,56.8243,56.3560,57.1402,57.8014,57.8014,60.0333,59.6825,58.3095,59.1693,57.3062,57.7062,59.0593,56.3560,58.6003,56.3649,54.6260,54.2310,52.0000,51.2640,50.2892,48.3839,49.0408,45.3542,45.1221,43.7379,43.5660,41.1947,41.1096,40.0000,40.0000,38.2099,0.0000,0.0000,0.0000,0.0000,0.0000,0.0000,0.0000,0.0000,0.0000,0.0000,0.0000,0.0000
1700000028.850000,-60.1,55.0364,54.7814,57.3847,58.3095,56.6127,54.2310,52.8110,53.8516,52.4976,55.7853,54.5711,56.0892,52.4690,53.7587,52.4690,55.3263,52.0865,54.3323,52.0000,52.0384,53.0377,55.0364,52.0000,55.0091,54.0000,57.0000,55.0364,57.0000,55.0364,56.0357,54.0000,57.0351,54.0000,52.0384,54.0370,52.2398,53.1507,49.3660,49.1630,48.1664,48.8365,46.6905,44.7214,44.3847,42.7200,41.7852,41.7852,39.9249,40.7185,37.1214,36.3593,36.4006,0.0000,0.0000,0.0000,0.0000,0.0000,0.0000,0.0000,0.0000,0.0000,0.0000,0.0000,0.0000
1700000028.900000,-62.9,58.6941,53.0377,56.5862,54.4518,54.4885,50.2494,53.0754,53.9073,53.6004,52.8015,54.2033,53.2541,51.3128,52.8394,49.9300,51.8845,50.9902,51.0000,51.4781,52.3927,52.3259,52.0000,50.1597,53.7587,51.2640,51.5461,52.8110,56.0803,53.4883,53.4883,50.6952,54.6260,52.8015,54.5619,53.2259,51.4781,51.4296,47.5079,48.8774,45.7930,46.8722,44.1022,46.4004,43.6005,40.4599,39.6989,40.3609,40.3113,39.2046,37.2022,37.2022,33.6155,0.0000,0.0000,0.0000,0.0000,0.0000,0.0000,0.0000,0.0000,0.0000,0.0000,0.0000,0.0000
1700000028.950000,-60.7,55.9017,56.3560,57.3062,56.8243,53.3385,56.0803,52.8394,53.2541,53.5350,52.6308,54.0370,52.4023,52.4023,51.6236,51.6236,53.7587,50.3289,50.9313,51.7397,51.6624,51.8556,55.2268,52.0096,54.6443,55.0000,53.4135,52.0096,57.0088,54.2033,53.0094,54.6717,56.2228,53.7587,52.4023,53.7401,53.0754,52.4023,49.4975,49.4975,47.5079,45.6070,47.2017,43.2782,46.0435,43.0465,41.5933,41.5933,40.2492,38.9102,39.9249,36.6879,33.9559,0.0000,0.0000,0.0000,0.0000,0.0000,0.0000,0.0000,0.0000,0.0000,0.0000,0.0000,0.0000
1700000029.000000,-61.1,59.3043,59.1354,61.0737,60.0750,61.0328,58.0086,57.0088,56.0089,56.0089,57.0789,57.0789,56.2228,57.4282,57.5587,54.5894,54.9181,53.1507,55.1090,55.0818,55.0818,55.3624,55.6597,55.3624,55.9732,57.8705,56.3028,56.9210,58.5235,55.9732,59.4643,57.5674,58.8218,57.2800,57.0088,56.7539,54.8179,52.9528,52.6118,51.4781,50.3587,51.2445,47.2652,48.0416,45.0444,44.0000,42.0119,42.0476,41.1096,41.3038,41.0000,38.3275,36.4006,0.0000,0.0000,0.0000,0.0000,0.0000,0.0000,0.0000,0.0000,0.0000,0.0000,0.0000,0.0000
1700000029.050000,-60.2,58.6003,55.4437,53.8238,57.2014,56.0357,56.6127,54.3783,52.6973,53.0000,53.6656,51.8941,52.3259,51.0784,52.0000,52.0000,51.2640,50.9215,50.9215,53.8516,50.2892,52.2015,53.8516,50.4480,52.7731,53.6004,54.5711,53.6004,55.7853,56.5155,53.1507,53.6004,54.1202,56.3205,52.2015,53.3104,51.2640,51.6236,52.0000,49.3964,46.5188,46.5296,44.7214,43.0465,42.4382,43.6005,39.6611,40.2244,39.6989,38.9487,37.4833,36.8782,33.8378,0.0000,0.0000,0.0000,0.0000,0.0000,0.0000,0.0000,0.0000,0.0000,0.0000,0.0000,0.0000
1700000029.100000,-62.7,61.6117,59.6657,60.4152,60.4152,59.8415,57.7062,57.5587,56.3205,56.3205,56.2228,56.0803,56.0357,56.0000,56.0089,55.0091,56.0803,55.1453,55.1453,54.5894,56.2228,56.2228,56.5685,55.4437,56.8858,57.8705,56.8858,57.8705,59.0339,59.2284,58.8558,56.5685,59.6825,58.5491,56.3205,55.0818,55.0818,54.0370,53.0377,51.0392,52.0000,50.0400,49.0408,48.0416,45.2769,42.5793,42.7551,43.1741,42.2019,40.5216,38.8973,39.3954,37.5899,0.0000,0.0000,0.0000,0.0000,0.0000,0.0000,0.0000,0.0000,0.0000,0.0000,0.0000,0.0000
1700000029.150000,-60.8,55.9732,54.4518,51.6236,54.4885,53.0377,55.1725,50.9902,49.6790,52.4976,49.2037,51.6140,51.3128,51.6236,50.4777,51.6236,50.2494,50.6063,50.1199,50.9902,48.3011,50.5371,49.6588,49.2443,52.9245,50.5668,53.4883,53.3104,53.8516,54.6260,52.9245,54.6260,52.3259,52.7731,52.8394,51.0000,50.2494,51.1077,49.3964,49.6488,46.8722,45.6070,45.6070,44.0454,42.6380,41.7253,38.2099,38.9487,35.3836,37.8021,37.2022,36.0555,36.6742,0.0000,0.0000,0.0000,0.0000,0.0000,0.0000,0.0000,0.0000,0.0000,0.0000,0.0000,0.0000
1700000029.200000,-61.4,61.0000,57.0351,60.1332,59.1354,59.3043,56.1427,56.4358,56.3205,56.5685,55.9017,56.2939,55.5428,56.7539,54.4059,54.4059,54.0833,54.0833,54.0833,55.1543,54.2310,54.7814,56.4624,55.1543,55.0091,56.7979,56.3649,57.6975,59.0339,57.2451,57.6975,56.3649,56.8595,57.0088,56.0803,55.9732,54.7083,54.0833,52.4976,51.9230,51.6624,49.0306,47.0744,48.6621,45.3982,44.2832,42.0119,42.0119,42.0000,41.0122,40.0500,37.3363,36.8782,0.0000,0.0000,0.0000,0.0000,0.0000,0.0000,0.0000,0.0000,0.0000,0.0000,0.0000,0.0000
1700000029.250000,-61.3,59.4811,59.2030,60.6383,60.1664,57.9741,56.5155,55.1090,55.9017,55.9017,54.5894,56.2228,55.2268,55.0818,55.0364,56.0089,55.0091,56.0089,53.0094,55.1453,54.1479,54.0833,55.3263,54.1479,56.5685,56.4358,56.3205,58.5491,56.5685,57.5587,56.5685,57.3149,57.1402,56.0803,56.0803,56.0000,55.0000,54.0093,53.0094,51.0392,52.0865,50.2494,48.2597,46.5296,45.8912,43.1741,41.4849,41.7612,42.0595,39.9249,38.9102,38.4708,37.2156,0.0000,0.0000,0.0000,0.0000,0.0000,0.0000,0.0000,0.0000,0.0000,0.0000,0.0000,0.0000
1700000029.300000,-64.2,59.9083,58.3095,58.6686,57.3062,55.0727,55.4707,54.5894,54.5619,55.0364,54.1295,52.0000,53.4883,53.4509,52.2015,53.1413,55.0818,54.1202,51.9230,54.1295,51.6624,54.8179,51.1957,51.1957,54.3323,55.7315,53.4603,55.9017,55.4437,56.0892,56.0892,53.6004,56.5155,52.4976,52.2015,53.1413,53.1413,51.2445,50.6952,49.7695,47.9270,47.8853,46.0652,45.6508,44.4185,44.1022,42.4382,41.2311,41.2311,41.8688,39.5980,38.2099,37.2022,0.0000,0.0000,0.0000,0.0000,0.0000,0.0000,0.0000,0.0000,0.0000,0.0000,0.0000,0.0000
1700000029.350000,-60.0,61.2944,61.2046,59.0762,62.0725,60.0333,59.0339,57.0351,56.0000,56.0000,57.0351,56.2228,57.2189,57.2189,56.5685,57.7062,54.9181,57.2713,56.2939,58.4637,57.0088,56.7539,57.7235,54.8179,58.8218,58.8218,58.8218,60.7289,58.8218,60.7289,58.2409,60.4401,61.1310,58.4637,59.4390,56.8858,55.9017,55.9017,53.6004,53.3385,52.2398,51.0392,51.0392,49.0102,48.0000,46.0000,45.1774,43.2897,42.2966,42.4264,40.7922,41.4849,36.7696,0.0000,0.0000,0.0000,0.0000,0.0000,0.0000,0.0000,0.0000,0.0000,0.0000,0.0000,0.0000
1700000029.400000,-63.1,60.9262,60.5392,60.7454,58.8727,59.4643,57.8705,55.3624,57.2800,56.0446,55.5428,55.1090,55.5788,56.7186,55.4437,56.4358,56.2228,56.1427,55.0364,56.0089,56.0357,56.0357,56.0089,57.0088,57.0351,58.0345,57.0088,58.0345,60.0083,59.0000,58.0000,57.0000,57.0000,58.0086,56.0357,56.2228,54.2310,54.2310,53.4603,53.7587,51.6236,50.2195,49.2443,47.8017,46.8402,44.9222,42.7200,43.4626,42.4853,40.7063,39.9625,38.8330,37.6431,0.0000,0.0000,0.0000,0.0000,0.0000,0.0000,0.0000,0.0000,0.0000,0.0000,0.0000,0.0000
1700000029.450000,-61.2,61.7414,63.9766,60.4152,61.7738,59.5399,59.5399,59.1693,56.6039,56.8595,56.8595,58.0086,56.4004,58.2580,56.7274,58.1378,56.5862,58.0000,55.8659,58.0000,57.3149,56.6392,56.7274,55.9017,58.8982,59.5483,57.4891,60.9590,59.0339,60.3075,59.5483,60.2080,60.1415,60.8276,58.6941,58.0000,55.9732,55.9732,54.6717,53.4135,53.4135,49.4065,51.0392,48.5489,47.1699,46.1411,45.1774,43.8634,42.1545,42.7200,41.7612,41.7732,39.4588,0.0000,0.0000,0.0000,0.0000,0.0000,0.0000,0.0000,0.0000,0.0000,0.0000,0.0000,0.0000
1700000029.500000,-63.5,63.3246,64.2884,62.8172,64.2884,62.1691,60.4152,60.0167,59.5399,58.4209,58.2151,59.2115,59.0339,60.0083,60.0083,59.0000,59.0339,58.1378,57.1402,58.4209,59.4138,59.3043,58.6941,58.5491,60.2080,61.0000,60.0167,62.1691,61.1882,62.5859,60.2080,59.8415,61.1882,61.5224,60.4070,60.5310,59.2115,58.2151,57.0351,56.0357,56.0357,52.0000,52.0000,50.0000,49.0918,47.0956,46.2709,47.3814,45.7056,45.1221,42.7200,40.8534,38.9102,0.0000,0.0000,0.0000,0.0000,0.0000,0.0000,0.0000,0.0000,0.0000,0.0000,0.0000,0.0000
1700000029.550000,-67.6,60.2163,58.0086,59.0339,58.4123,57.6281,55.4437,55.2268,57.3149,55.1543,54.4518,55.9017,54.5619,56.2228,54.2033,52.8015,56.3028,53.5350,55.2268,53.7122,55.0727,54.7083,55.4707,54.5894,55.4707,56.3560,55.9017,55.0364,58.6003,55.9464,59.0339,55.4617,56.7979,56.7979,57.3062,56.9386,54.3783,53.5350,51.4004,51.6140,51.4004,49.8197,47.6340,49.0408,44.5982,43.9318,42.4264,42.4500,41.1096,42.2019,39.6611,39.4462,35.8469,0.0000,0.0000,0.0000,0.0000,0.0000,0.0000,0.0000,0.0000,0.0000,0.0000,0.0000,0.0000
1700000029.600000,-62.4,63.5610,62.6498,63.5295,62.1772,60.8276,59.5399,60.9016,57.8014,58.8303,57.4282,56.8595,57.8014,57.6281,57.4891,57.4891,58.7963,57.3149,58.0000,57.3149,56.5862,57.9828,59.4138,57.3149,58.1378,60.2080,58.7963,60.2080,61.7171,60.2080,62.3699,60.1415,61.5549,61.5224,60.1415,59.4138,57.3847,58.1378,54.8179,55.0000,53.6004,53.2541,50.4777,52.1536,48.3735,48.7647,45.6180,45.6946,45.3100,43.3244,41.4849,41.7732,39.3192,0.0000,0.0000,0.0000,0.0000,0.0000,0.0000,0.0000,0.0000,0.0000,0.0000,0.0000,0.0000
1700000029.650000,-61.7,56.4624,55.9464,57.2451,56.8595,53.4883,56.3028,50.0000,50.9608,51.4198,51.4198,53.9351,52.4690,52.7731,51.1566,52.4690,51.0000,51.0000,52.0000,51.0000,52.0000,52.0000,52.0096,51.0882,54.1479,58.1378,53.0848,53.1507,55.3263,55.2268,55.1453,55.0818,55.0818,53.0377,55.0000,55.0091,52.0096,51.0000,50.0899,48.3735,46.5296,47.5184,47.5184,47.3814,43.7379,42.4500,40.5216,39.8497,42.7200,38.6264,39.8121,36.0555,34.6699,0.0000,0.0000,0.0000,0.0000,0.0000,0.0000,0.0000,0.0000,0.0000,0.0000,0.0000,0.0000
1700000029.700000,-64.1,58.5235,60.4070,61.3514,59.8080,57.9396,56.0803,56.8595,56.8595,55.4707,56.7979,55.4707,56.0803,55.2268,54.3783,53.5350,55.6058,54.0370,56.2228,54.5619,55.2268,54.6717,55.2268,55.2268,57.2800,56.5862,56.5862,57.9828,58.6941,57.9828,59.4138,59.4138,57.3149,58.1378,56.8507,56.7274,56.2228,55.0000,54.4059,52.1536,52.6973,51.6236,48.5489,49.6488,47.0106,45.6180,42.5441,44.0114,42.3792,42.4500,40.2616,39.3192,36.0555,0.0000,0.0000,0.0000,0.0000,0.0000,0.0000,0.0000,0.0000,0.0000,0.0000,0.0000,0.0000
1700000029.750000,-59.4,64.4981,65.1920,62.1289,65.1230,63.0317,64.0703,61.0082,61.0000,60.0000,59.0762,60.0750,60.2080,61.2944,60.2993,61.8142,59.8415,61.1882,58.4637,60.6383,59.9083,59.9083,61.4003,59.2030,61.6847,61.4003,62.3618,63.8905,62.3618,64.8460,63.2456,63.3246,62.3618,61.6117,60.4152,61.1882,58.8558,59.4138,57.3149,57.2189,57.1402,54.0370,55.0000,52.0000,50.0400,50.0899,48.1664,47.2652,45.7056,44.1475,43.6807,42.7200,41.5933,0.0000,0.0000,0.0000,0.0000,0.0000,0.0000,0.0000,0.0000,0.0000,0.0000,0.0000,0.0000
1700000029.800000,-60.4,63.0317,63.0317,64.1950,63.1269,61.2046,59.2115,59.4138,57.5587,58.8558,58.4637,58.4637,58.2409,58.2409,57.8705,58.8218,56.6480,57.3847,57.3847,58.1808,58.1378,58.6003,59.0339,57.6975,59.0593,59.1693,58.6686,62.2656,61.4003,62.2656,60.5392,59.5399,60.9016,60.3738,59.0931,59.0931,57.2713,55.9464,56.3028,55.3624,54.7083,52.2015,52.2015,50.6952,49.4773,47.8539,44.7214,45.5412,44.1022,43.0465,42.0119,42.0476,38.4708,0.0000,0.0000,0.0000,0.0000,0.0000,0.0000,0.0000,0.0000,0.0000,0.0000,0.0000,0.0000
1700000029.850000,-65.8,62.1691,59.9083,63.3246,60.1664,60.4401,57.5674,57.5847,57.9396,58.6941,58.1808,57.7754,56.3560,56.3560,56.8243,56.0803,58.5235,56.0357,56.8595,56.0357,57.0088,57.8014,59.6657,56.2228,58.1378,58.2580,58.1378,59.4643,60.2080,58.7963,60.2080,57.4891,59.6657,60.4401,57.8014,57.8014,58.0086,54.9181,55.2268,53.7122,51.1077,51.4781,49.6488,51.8941,47.0106,46.5188,44.3847,45.2217,43.6807,42.4500,41.7732,40.1123,37.0000,0.0000,0.0000,0.0000,0.0000,0.0000,0.0000,0.0000,0.0000,0.0000,0.0000,0.0000,0.0000
1700000029.900000,-61.5,64.4127,64.4127,63.0714,63.9766,62.2415,60.5392,60.7454,61.6847,60.4070,59.7746,59.7746,60.1664,59.6657,59.2284,59.8415,59.5399,60.2993,59.4138,60.2080,59.0762,60.1332,61.0737,58.1378,61.0328,60.0750,63.0079,63.0000,62.0000,62.0000,64.0000,62.0081,61.0737,64.0703,60.0750,61.2944,58.3095,58.5491,56.8858,57.8705,54.9181,51.4198,53.6004,51.9230,50.2892,49.3356,45.8803,46.6154,44.7772,45.6508,44.4185,40.8044,41.2311,0.0000,0.0000,0.0000,0.0000,0.0000,0.0000,0.0000,0.0000,0.0000,0.0000,0.0000,0.0000
1700000029.950000,-61.0,58.1808,58.6003,58.1378,57.7062,57.7062,55.0091,57.3062,55.5698,54.3783,53.2541,55.8032,52.8015,54.6717,55.3173,52.4976,54.4518,53.7587,53.0377,54.4885,53.8145,54.4885,55.3173,53.8145,56.4004,55.4437,57.6281,56.4004,57.0088,58.6003,57.6281,56.0803,55.9732,55.9732,55.8659,56.5685,55.1543,53.7401,53.1507,52.4023,49.5782,48.9183,47.0106,47.8017,45.2217,44.1022,42.5441,43.3820,42.0476,41.1461,39.5601,38.3275,37.6563,0.0000,0.0000,0.0000,0.0000,0.0000,0.0000,0.0000,0.0000,0.0000,0.0000,0.0000,0.0000
1700000030.000000,-64.1,64.2806,63.6396,64.3273,62.8013,62.8013,59.0339,58.4637,58.9406,60.1664,60.0833,58.8218,58.8727,59.2368,58.6941,58.6941,60.8276,58.5918,58.5918,56.9386,57.8014,58.3095,59.9083,59.3633,61.0328,61.5873,59.6406,61.6117,62.1289,61.0328,62.6817,59.9083,60.7454,61.5873,60.5392,59.1693,58.5918,56.8243,55.4617,55.4617,54.6260,53.4883,52.5547,52.8110,49.0408,46.8402,44.1475,45.7056,44.5533,44.2832,43.1045,41.0000,39.1152,0.0000,0.0000,0.0000,0.0000,0.0000,0.0000,0.0000,0.0000,0.0000,0.0000,0.0000,0.0000
1700000030.050000,-64.0,58.4637,58.2409,57.5674,58.5235,55.3624,55.9732,54.0833,55.3624,55.7136,54.1295,53.2259,54.1202,54.1202,54.2033,54.5894,54.3783,55.2268,53.5350,53.8238,54.4059,54.0833,54.4059,55.2178,55.6058,56.4004,56.4004,56.4004,56.4004,58.0086,56.6127,56.0357,56.0357,56.6039,55.5698,56.0803,55.0727,53.7122,52.7731,50.5668,50.5668,48.4665,48.1041,47.7598,44.9222,43.0116,41.9762,42.5793,42.2966,40.1995,39.0512,40.0125,37.2156,0.0000,0.0000,0.0000,0.0000,0.0000,0.0000,0.0000,0.0000,0.0000,0.0000,0.0000,0.0000
1700000030.100000,-61.1,61.2944,60.2993,60.1332,61.2046,59.0762,59.0085,58.0086,57.0000,58.0086,57.0789,56.1427,57.2189,57.7062,57.5587,57.7062,58.2495,57.4891,56.5155,55.7853,58.2409,57.9741,58.5235,57.5674,59.4643,60.0833,58.1893,60.4070,60.4070,60.0833,59.4643,58.8218,59.2030,59.2030,57.9741,58.9406,56.7539,56.0892,54.9181,54.7449,53.3385,52.3450,50.1597,50.0400,48.0104,46.0109,44.0000,44.0454,43.1045,43.2897,39.8121,40.2616,39.2173,0.0000,0.0000,0.0000,0.0000,0.0000,0.0000,0.0000,0.0000,0.0000,0.0000,0.0000,0.0000
1700000030.150000,-61.4,61.1882,61.6604,58.5491,62.5140,59.3043,59.5399,57.1402,56.2228,58.1378,55.0091,56.0000,56.0357,57.0351,57.2189,58.2151,54.4518,57.7062,53.6004,56.8858,57.0701,57.0701,57.0701,54.1295,57.0088,57.9741,57.7235,60.8769,59.2030,61.4003,57.9741,60.6383,58.6941,58.8558,56.7186,57.5587,55.5788,55.5788,54.2310,53.1507,53.1507,49.0408,53.0000,48.0000,48.0104,45.0444,43.2897,44.5533,43.7379,41.2311,41.9762,40.1622,39.3954,0.0000,0.0000,0.0000,0.0000,0.0000,0.0000,0.0000,0.0000,0.0000,0.0000,0.0000,0.0000
1700000030.200000,-63.1,62.4340,62.1289,61.0328,61.0328,60.2163,57.2014,57.0088,57.0088,58.1378,57.3847,57.3149,58.6941,57.2800,57.3847,57.3847,58.4123,57.2014,56.4004,57.4282,58.0086,57.8014,58.2495,57.4282,58.8303,58.5235,58.8303,59.3633,60.2080,60.2080,60.7454,56.8595,61.0328,60.2163,59.2030,56.2228,59.2030,57.6281,55.2268,55.1725,53.0377,52.3450,49.5177,50.2494,47.5079,47.0106,45.8039,44.4072,43.5660,43.4166,42.4853,41.2311,38.6005,0.0000,0.0000,0.0000,0.0000,0.0000,0.0000,0.0000,0.0000,0.0000,0.0000,0.0000,0.0000
1700000030.250000,-62.5,60.1415,60.1415,59.3970,59.4138,58.6941,57.9828,56.6392,56.0803,55.9732,56.2228,57.0088,56.0357,56.0357,54.0833,57.1402,56.3560,56.4358,54.2033,55.4617,56.7979,56.7979,56.8595,55.4617,57.7754,59.6154,58.6941,59.6154,58.6941,60.5392,58.6941,58.6003,59.9333,58.1378,57.2451,58.6686,55.5698,56.9386,53.5350,53.8238,51.6140,51.6140,50.4480,48.4149,46.7547,46.0109,45.2548,44.5982,42.0119,40.0000,39.9625,39.8246,38.4838,0.0000,0.0000,0.0000,0.0000,0.0000,0.0000,0.0000,0.0000,0.0000,0.0000,0.0000,0.0000
1700000030.300000,-61.8,62.2415,61.8466,62.0322,62.9682,61.0983,59.1354,59.2030,57.9741,58.4637,57.7235,58.4637,58.0517,60.0167,58.6941,56.3205,59.0762,58.0775,57.0789,59.0000,60.0000,59.0339,59.0339,57.0000,58.0086,60.0000,60.0333,60.0750,60.0750,62.0322,62.0081,60.0083,62.0000,62.0000,59.0085,58.0775,59.0762,58.3095,57.3149,54.5894,52.7731,53.9351,50.9902,51.4198,48.7647,48.7647,45.2217,45.8803,44.3847,44.2832,43.0465,41.0488,39.0512,0.0000,0.0000,0.0000,0.0000,0.0000,0.0000,0.0000,0.0000,0.0000,0.0000,0.0000,0.0000
1700000030.350000,-63.2,57.4891,59.9083,55.0818,59.9083,56.3205,55.0818,55.0273,57.0088,53.1413,52.3927,55.1543,55.4707,55.4617,54.5894,54.5619,53.7122,57.1402,48.3735,55.4707,53.2541,52.6973,54.6443,51.8652,56.4004,56.6127,56.8507,56.6127,54.6443,57.6888,54.4059,57.9828,57.1402,56.0803,55.2268,55.0091,53.6656,53.6656,52.3927,55.1543,49.7695,49.0408,50.0000,47.4342,45.6070,44.6430,43.5660,41.5933,42.1900,40.0500,38.0000,38.0132,38.2099,0.0000,0.0000,0.0000,0.0000,0.0000,0.0000,0.0000,0.0000,0.0000,0.0000,0.0000,0.0000
1700000030.400000,-56.1,64.3817,61.2046,63.0714,62.0322,60.0333,59.0339,59.0000,57.0088,59.0762,57.0789,57.0789,59.4138,57.5587,57.7062,57.8705,57.4891,57.4891,58.4637,58.2409,57.5674,58.2409,59.1354,58.5235,58.5235,59.4643,59.4643,59.8080,59.4643,60.7454,61.6847,59.1354,60.4401,61.4003,58.5235,59.9083,58.4637,58.2495,56.8858,54.5894,53.3385,52.3450,50.2494,51.0882,48.0416,48.0000,45.0111,44.1022,45.0999,44.5533,41.0000,40.5216,39.2173,0.0000,0.0000,0.0000,0.0000,0.0000,0.0000,0.0000,0.0000,0.0000,0.0000,0.0000,0.0000
1700000030.450000,-64.1,54.5619,55.0000,53.2541,55.0000,53.0094,53.6004,52.4309,51.8652,50.4777,49.0918,52.3546,52.8394,50.5668,52.3259,51.4781,50.9215,51.2640,50.9215,50.5964,51.5461,50.9215,51.2445,50.5964,51.1957,55.5428,53.8516,57.0088,52.6308,51.6624,51.4198,51.9230,52.8110,52.5547,53.1413,52.3927,51.6236,50.9215,49.6488,50.9902,48.3011,47.4131,47.0106,44.9444,43.2666,40.8044,39.8246,41.1096,41.1096,37.4833,38.9487,38.4187,37.4433,0.0000,0.0000,0.0000,0.0000,0.0000,0.0000,0.0000,0.0000,0.0000,0.0000,0.0000,0.0000
1700000030.500000,-60.9,61.8547,59.4054,58.6003,59.2030,57.0088,56.8507,55.4437,55.9017,55.8659,55.8659,56.5862,55.4437,56.8507,56.2228,54.8179,57.2014,56.0357,55.2178,55.7584,56.9386,56.0803,55.9464,56.0803,58.1378,58.6686,59.0593,59.4811,58.5918,60.4152,59.0593,57.8014,58.6686,58.8303,56.6039,57.6888,55.4707,54.4059,54.8179,54.0370,51.7397,51.6624,49.5177,49.5177,45.9674,47.4236,45.3431,43.4166,43.6005,42.4382,40.3113,38.9102,37.6962,0.0000,0.0000,0.0000,0.0000,0.0000,0.0000,0.0000,0.0000,0.0000,0.0000,0.0000,0.0000
1700000030.550000,-60.6,64.6607,61.7738,62.6498,63.5295,62.6099,60.8276,59.5063,58.6941,58.6941,59.2368,58.8727,59.1354,58.8218,60.1664,58.6941,60.4152,60.2080,58.2495,57.8705,58.4209,60.8276,60.8276,59.4138,60.2993,62.6498,60.4070,62.2013,63.3877,63.2851,63.3877,60.2993,62.5140,61.8142,61.1882,61.3922,60.8769,58.6941,58.9406,56.3205,56.6127,53.4883,53.4883,52.9245,50.1597,47.8539,48.3011,46.1411,47.1699,44.6542,42.6380,41.7732,40.3609,0.0000,0.0000,0.0000,0.0000,0.0000,0.0000,0.0000,0.0000,0.0000,0.0000,0.0000,0.0000
1700000030.600000,-61.1,60.4152,57.8014,59.3633,60.2080,57.6888,58.5235,56.6127,57.0088,57.0088,55.9732,55.3173,55.9017,55.8659,56.5862,55.1725,54.6717,56.2228,55.6058,54.4059,55.2178,56.8595,56.8595,56.0357,57.4543,58.5235,55.2268,58.8303,60.2080,58.3095,61.0574,56.0803,59.3633,58.5235,57.6888,55.8032,57.8014,53.9073,53.9073,53.1507,53.0754,49.5177,49.5177,50.2096,46.6905,45.4533,45.4533,43.6005,42.4382,40.8167,40.3113,39.8121,40.1622,0.0000,0.0000,0.0000,0.0000,0.0000,0.0000,0.0000,0.0000,0.0000,0.0000,0.0000,0.0000
1700000030.650000,-57.9,60.4152,59.4390,59.8415,59.8415,59.6825,56.5685,56.5685,56.2228,56.0803,56.0357,58.0086,56.0000,57.0351,56.0803,54.0370,56.2228,56.4358,56.3205,54.7449,56.5685,56.4358,57.8705,56.5685,57.4891,58.2495,56.2939,59.2284,60.0167,59.4390,60.4152,57.5587,59.5399,59.5399,58.4209,58.2151,59.2115,57.1402,54.0370,54.0000,51.0392,51.0392,51.0098,51.2445,45.3982,45.7056,42.7551,43.1741,43.4166,43.0116,41.4367,39.3954,38.4708,0.0000,0.0000,0.0000,0.0000,0.0000,0.0000,0.0000,0.0000,0.0000,0.0000,0.0000,0.0000
1700000030.700000,-62.8,56.3649,58.5918,57.8014,56.3560,57.3062,50.1199,52.4309,53.8238,54.0370,53.2635,52.0096,52.4976,54.6717,55.1725,52.3450,53.8145,51.8556,51.0882,53.9073,52.8015,52.6308,55.2178,52.8015,52.4309,54.4059,55.2178,54.9181,57.6888,55.4707,55.7584,53.2541,56.4004,55.2178,54.8179,54.8179,57.4891,52.4976,53.7587,50.9313,50.9117,46.6690,48.1041,49.5782,43.2782,43.6005,41.6173,40.0000,41.3401,43.4166,37.1618,37.5766,33.2415,0.0000,0.0000,0.0000,0.0000,0.0000,0.0000,0.0000,0.0000,0.0000,0.0000,0.0000,0.0000
1700000030.750000,-63.4,63.0714,61.2046,63.5059,61.6604,61.6604,57.5587,60.0167,58.0517,58.9406,57.4891,58.9406,57.2800,58.8218,58.1893,56.6480,58.6003,58.6003,58.1378,57.7062,59.9416,58.5918,58.3095,60.8276,60.5392,60.0333,61.0574,59.3633,62.9682,60.4649,61.2944,61.7738,61.4003,61.7738,59.0593,59.4811,60.4152,55.4617,57.7754,55.7136,53.4883,53.1413,49.9800,52.2015,48.0833,46.3249,46.8722,46.5296,45.3982,45.0999,43.0465,42.0000,38.3275,0.0000,0.0000,0.0000,0.0000,0.0000,0.0000,0.0000,0.0000,0.0000,0.0000,0.0000,0.0000
1700000030.800000,-61.1,65.2533,63.8905,64.5136,64.1950,63.3246,61.6847,61.4654,60.0083,62.2415,60.3738,61.7738,61.0574,61.5873,59.9083,59.9083,62.2013,61.4003,59.4054,60.6053,62.2013,60.6053,62.0081,61.7171,62.2254,62.9682,63.7024,63.0317,62.9682,65.1153,62.9682,62.4820,64.0312,64.0312,62.2013,63.0079,59.9083,60.2163,59.3633,56.6039,58.3095,55.4707,54.1202,53.2259,51.0784,49.2443,47.7598,48.7647,48.5077,46.0977,44.9110,43.4166,42.0476,0.0000,0.0000,0.0000,0.0000,0.0000,0.0000,0.0000,0.0000,0.0000,0.0000,0.0000,0.0000
1700000030.850000,-64.6,61.7171,61.0737,58.6003,62.2013,59.2030,58.6003,57.4282,55.7584,55.7584,54.5894,56.8243,57.2451,57.2713,57.7754,58.6941,55.7136,58.5235,55.7136,59.4643,57.8705,57.2451,60.0833,56.3205,58.4637,61.6117,58.9406,62.0967,59.6657,62.0967,58.2409,60.7289,60.0833,60.7454,57.5847,57.9396,55.9464,55.5428,54.1295,55.0364,54.1202,50.6063,51.6236,50.2494,48.2597,46.4004,43.9318,44.5982,43.8634,42.4264,41.7253,41.4005,37.7359,0.0000,0.0000,0.0000,0.0000,0.0000,0.0000,0.0000,0.0000,0.0000,0.0000,0.0000,0.0000
1700000030.900000,-60.8,59.4811,57.8014,58.8303,57.8014,58.8303,57.4543,56.6127,56.0357,56.4004,56.0803,56.8507,55.2268,55.9017,55.1543,54.4518,56.0803,56.0803,53.9073,57.0088,55.0000,55.4437,57.8014,55.6058,56.6127,58.0086,56.8595,58.5235,59.3633,57.4282,59.0762,56.6127,58.6003,58.0086,59.2030,57.4891,57.4891,56.6392,53.7401,53.0377,50.9313,50.9313,48.8365,48.2701,47.0106,45.6070,44.4072,44.6542,42.7200,42.0595,40.3113,38.6264,36.4006,0.0000,0.0000,0.0000,0.0000,0.0000,0.0000,0.0000,0.0000,0.0000,0.0000,0.0000,0.0000
1700000030.950000,-59.9,61.2046,63.2851,60.2993,63.6396,57.7062,58.8558,58.8558,56.7539,58.6941,56.3205,58.2409,57.8705,57.5847,58.3095,59.6154,57.7754,58.1808,55.9017,57.7062,57.8014,59.0593,59.6825,57.3062,60.2080,58.8303,59.6825,61.5873,60.4649,62.4340,60.2080,61.5873,61.5873,61.4003,60.4152,58.5918,56.3560,56.7979,55.0364,56.0803,53.8516,52.8110,52.8110,50.2892,49.3356,46.5725,46.0977,46.0977,44.4072,43.1856,42.0476,40.0000,40.1995,0.0000,0.0000,0.0000,0.0000,0.0000,0.0000,0.0000,0.0000,0.0000,0.0000,0.0000,0.0000
1700000031.000000,-63.6,62.6259,60.7289,61.4003,62.3618,61.4003,58.6941,59.4390,58.2495,58.5491,59.5399,56.5685,59.2115,57.1402,59.0339,58.0775,58.0000,58.0086,56.0089,57.1402,59.2115,58.0775,59.3043,59.2115,59.5399,60.2080,60.4070,62.5140,60.8276,62.8013,60.5310,60.4070,62.3939,61.2944,60.1332,59.0762,58.0345,59.0000,57.0088,55.0364,55.0818,54.0833,52.0865,52.3450,49.6488,46.6905,44.9110,45.8803,45.6070,43.3244,43.0813,41.5933,40.3113,0.0000,0.0000,0.0000,0.0000,0.0000,0.0000,0.0000,0.0000,0.0000,0.0000,0.0000,0.0000
1700000031.050000,-61.9,63.5610,63.1585,63.3246,64.2573,61.6847,60.7454,60.0833,58.9406,59.2030,58.6941,58.2495,59.0339,59.6825,59.3043,59.4138,57.1402,59.0762,60.0750,60.0083,60.0000,58.0000,61.0082,57.0000,61.0737,64.0312,61.0737,64.0703,61.0737,63.0714,63.0714,63.0317,61.0000,63.0000,60.0333,61.0082,60.0750,58.0775,58.3095,57.4282,56.4358,52.7731,54.1295,51.1957,50.2195,47.8017,46.4866,44.5982,45.3100,44.2832,42.4853,42.7200,39.4081,0.0000,0.0000,0.0000,0.0000,0.0000,0.0000,0.0000,0.0000,0.0000,0.0000,0.0000,0.0000
1700000031.100000,-59.8,66.2193,65.7343,66.4906,66.4906,63.9531,61.0000,62.6498,61.2944,61.4003,61.2944,64.0703,62.0725,65.0000,63.0079,62.0081,62.2013,62.2013,62.2013,62.3939,62.2896,62.3939,64.4981,61.5224,65.9242,64.9384,64.7765,65.9242,66.2873,66.2873,66.0984,64.4981,65.6201,65.3758,63.2851,65.1920,62.0725,60.0750,61.0000,60.0333,60.0000,56.0803,54.1479,54.1479,51.4781,50.6360,49.0306,48.2701,47.5395,45.5412,44.0114,44.2832,43.4166,0.0000,0.0000,0.0000,0.0000,0.0000,0.0000,0.0000,0.0000,0.0000,0.0000,0.0000,0.0000
1700000031.150000,-63.4,62.6418,60.7289,61.3514,60.7454,60.1664,58.8727,57.3847,56.7979,56.3649,56.8243,56.8243,57.8014,57.4543,58.5235,56.6039,58.6003,57.2014,57.6281,56.7274,58.7963,58.1378,58.7282,57.4891,59.4138,60.1415,59.4138,61.5224,62.2415,60.1082,62.2415,58.7282,61.6198,61.7171,58.8982,59.8164,59.8164,58.0086,56.3028,55.7584,53.8516,52.4786,51.0000,50.5371,47.4131,48.3322,44.9444,46.4866,44.9222,43.6807,41.7732,41.4367,40.1123,0.0000,0.0000,0.0000,0.0000,0.0000,0.0000,0.0000,0.0000,0.0000,0.0000,0.0000,0.0000
1700000031.200000,-64.7,62.7694,60.5392,61.7738,60.9016,58.5918,55.9017,59.0931,55.9464,56.4624,57.3847,57.5847,56.9210,58.2409,57.2800,56.3205,58.2495,58.2495,56.2939,57.8705,57.7062,57.8705,57.8705,57.8705,60.2993,59.4138,57.4282,60.4070,60.2993,60.2993,60.5310,60.8276,60.8276,61.1882,58.4637,58.4637,58.4637,58.2409,55.0818,54.7083,52.5547,52.0000,51.0784,49.6588,47.8539,45.6508,43.4166,43.5660,44.4072,42.2019,41.0366,41.0122,38.9487,0.0000,0.0000,0.0000,0.0000,0.0000,0.0000,0.0000,0.0000,0.0000,0.0000,0.0000,0.0000
1700000031.250000,-64.1,59.3633,61.4003,63.0635,59.9416,59.9416,56.8243,57.2713,56.8595,56.8595,57.5847,58.5235,56.6127,57.2800,57.9741,58.2409,57.0701,57.2713,57.2713,56.8858,58.0517,58.0517,57.7062,56.8858,59.1354,59.5399,59.5399,59.5399,61.5224,59.5399,59.2115,59.6825,59.8415,60.2080,59.6657,58.6941,57.7235,56.7539,55.7853,53.7587,53.1413,50.6952,50.3289,51.0784,48.7647,47.4131,46.6476,46.0435,42.4382,42.8019,41.2311,41.7253,38.9487,0.0000,0.0000,0.0000,0.0000,0.0000,0.0000,0.0000,0.0000,0.0000,0.0000,0.0000,0.0000
1700000031.300000,-65.2,63.1981,60.5310,62.3939,60.2993,59.8415,57.7062,57.2713,57.4891,57.4891,57.9741,59.2030,58.8218,59.1354,56.6480,55.9464,59.0931,56.3649,58.1808,56.8243,58.6686,56.8243,58.3095,57.3062,59.6825,58.6686,59.1693,59.3633,62.4340,60.2080,61.9112,58.6686,60.4152,60.4152,60.3738,59.4811,58.6941,57.7754,55.7136,53.4883,53.1413,53.4509,51.2445,51.6624,48.0521,47.2969,44.7214,46.3897,44.1814,44.0114,43.0116,40.1123,39.4588,0.0000,0.0000,0.0000,0.0000,0.0000,0.0000,0.0000,0.0000,0.0000,0.0000,0.0000,0.0000
1700000031.350000,-65.1,59.5063,59.0931,60.5392,58.6941,60.9262,57.9396,57.8705,56.6127,56.7539,57.2800,57.9741,58.6941,57.2713,57.8705,55.9017,58.3095,56.1427,57.3149,57.0789,57.0351,57.0351,57.0000,60.0750,60.0000,60.0750,59.0085,60.0000,62.0081,60.0000,61.0000,59.0085,60.0000,60.0750,60.1332,57.1402,59.3043,55.7315,55.9017,55.3173,50.0100,51.9711,49.4773,51.9230,45.8803,46.4866,44.0114,44.0114,43.4626,42.5441,41.0488,38.6005,38.9487,0.0000,0.0000,0.0000,0.0000,0.0000,0.0000,0.0000,0.0000,0.0000,0.0000,0.0000,0.0000
1700000031.400000,-62.8,65.0077,65.0000,66.0000,66.0000,64.0703,61.0328,62.2013,62.2013,61.4003,62.5140,61.9839,62.1691,62.3699,62.8172,61.8466,63.8905,61.0328,62.9365,60.0833,63.9062,63.9062,65.1920,63.3246,62.6498,63.3246,62.7694,64.8845,66.3099,65.3911,66.7083,63.3246,65.1920,64.5136,62.9365,62.9365,62.9365,61.1310,60.8769,60.6383,55.9017,57.7062,54.7449,55.4437,51.1566,50.0899,49.0102,49.0000,47.0425,49.1630,46.1736,42.5793,42.2019,0.0000,0.0000,0.0000,0.0000,0.0000,0.0000,0.0000,0.0000,0.0000,0.0000,0.0000,0.0000
1700000031.450000,-65.0,66.8506,64.2573,65.4599,65.7875,65.1460,62.2977,62.6418,61.4003,62.0967,60.4152,61.1882,62.8013,61.5224,63.2851,60.5310,63.1981,61.0737,62.1289,60.0000,63.0317,62.0322,62.0000,61.0000,64.1249,64.0703,64.0703,64.0703,66.0681,65.0077,66.0076,64.0000,64.0078,64.0312,63.0079,64.0703,61.1310,62.0725,60.4070,58.5491,55.5788,56.2939,54.9181,54.5711,51.6624,49.0408,48.1041,48.4665,47.4236,46.5188,44.7772,44.4185,42.0119,0.0000,0.0000,0.0000,0.0000,0.0000,0.0000,0.0000,0.0000,0.0000,0.0000,0.0000,0.0000
1700000031.500000,-66.5,67.0671,65.0308,66.1891,65.1230,64.1950,64.2806,63.5059,62.5140,62.8013,63.1506,63.3482,64.2884,63.8905,61.3514,61.6847,63.9062,62.3939,62.0322,61.3270,62.7694,62.7694,64.4748,63.5610,64.8845,64.8460,65.2993,65.7647,64.8460,64.8460,67.0820,64.4748,66.7083,66.8506,64.2573,64.8460,63.2456,63.5689,62.3618,60.4401,56.5155,56.2939,54.3415,55.7315,51.6236,51.1566,49.0918,49.0000,47.0000,47.0106,44.1814,44.5533,41.9762,0.0000,0.0000,0.0000,0.0000,0.0000,0.0000,0.0000,0.0000,0.0000,0.0000,0.0000,0.0000
1700000031.550000,-64.9,61.5549,62.4820,62.0081,61.0737,60.4401,58.0086,58.2495,57.6888,59.3633,57.4543,57.4543,56.8243,57.8014,58.5918,58.1808,58.3095,58.3095,56.4624,58.8727,59.1354,58.5235,58.8218,57.5847,59.4811,60.7289,58.8218,62.0967,62.6418,62.6418,60.7289,60.4070,60.7289,60.4070,60.1664,60.7454,59.0931,57.2451,56.3560,55.5698,54.5894,50.7740,51.3128,49.9300,48.0104,45.8039,45.0000,46.0977,44.5982,43.1856,41.2311,40.8044,40.4969,0.0000,0.0000,0.0000,0.0000,0.0000,0.0000,0.0000,0.0000,0.0000,0.0000,0.0000,0.0000
1700000031.600000,-62.6,61.5224,59.5399,60.0167,60.0167,59.4390,58.4637,57.7235,57.2800,56.6127,55.0273,57.2451,57.0088,58.1808,56.8595,57.2713,56.3560,57.8014,55.5698,57.1402,57.1402,57.1402,59.0762,55.2178,57.2014,58.6003,58.8218,60.0000,59.4054,59.2030,57.6281,58.8218,58.8218,61.2944,58.5235,59.3633,56.0803,55.2268,55.4707,55.0091,54.1295,49.6588,49.6588,49.7695,47.1699,46.4866,45.2217,45.8803,43.1741,42.7551,42.4264,40.0500,39.0128,0.0000,0.0000,0.0000,0.0000,0.0000,0.0000,0.0000,0.0000,0.0000,0.0000,0.0000,0.0000
1700000031.650000,-60.2,61.4654,61.6847,60.7289,61.0328,60.4401,59.1354,59.6657,57.0701,57.0701,56.7186,58.0517,58.6941,57.5587,56.2228,57.3149,59.0339,58.0086,56.0357,59.0000,59.0085,59.0000,58.0345,59.0000,59.1354,61.0737,59.0339,60.1332,60.2080,62.0725,61.0737,62.0322,59.0339,59.0000,59.0339,60.0750,57.1402,57.2189,55.5788,54.5894,53.6004,51.7880,51.6236,51.1957,48.5077,46.5725,43.9659,44.0114,43.4626,42.0476,43.4166,40.4969,39.2046,0.0000,0.0000,0.0000,0.0000,0.0000,0.0000,0.0000,0.0000,0.0000,0.0000,0.0000,0.0000
1700000031.700000,-66.4,63.0317,65.1920,62.3939,62.3939,62.6498,59.4138,59.0339,59.0339,60.6383,58.9406,59.2030,59.7746,60.0833,59.4643,58.5235,60.9262,59.0931,59.5063,59.4811,58.5918,58.5918,60.9016,60.4152,59.6825,62.2656,61.4003,62.4340,61.5873,62.1289,61.0574,60.5392,62.7694,63.6318,61.7738,61.2944,61.2699,59.0931,57.7754,56.0803,56.3028,53.8516,53.4883,52.2015,47.8017,47.5395,46.6905,46.6905,45.3982,45.0999,44.0454,42.0000,42.1070,0.0000,0.0000,0.0000,0.0000,0.0000,0.0000,0.0000,0.0000,0.0000,0.0000,0.0000,0.0000
1700000031.750000,-61.7,62.2013,61.6117,60.7454,60.4649,61.0574,57.1402,58.3095,58.3095,58.6686,59.0339,59.9333,58.3095,58.3095,57.5847,58.5235,57.8705,56.6127,56.9210,58.4637,58.6941,57.9741,58.9406,57.9741,61.1882,60.4152,60.2080,61.3922,61.3922,61.6117,61.3922,60.8769,62.0967,61.4003,59.4811,59.7746,57.8705,57.5847,57.0088,54.6260,53.7122,52.7731,51.4296,50.6063,47.5079,46.8722,45.8039,45.0000,44.0454,42.5206,42.4500,40.3609,39.4081,0.0000,0.0000,0.0000,0.0000,0.0000,0.0000,0.0000,0.0000,0.0000,0.0000,0.0000,0.0000
1700000031.800000,-63.4,60.5392,60.5392,58.6003,62.2415,59.0339,58.1378,57.8014,58.3095,57.1402,57.1402,58.5235,56.6127,58.6003,57.6281,58.2580,55.2268,59.4138,56.5862,58.6941,57.9828,55.8659,58.0517,56.5862,60.2080,60.8769,59.6657,60.4401,59.6657,62.4820,58.1378,60.1415,58.7963,60.1415,58.6941,57.9828,56.6392,55.3173,56.2228,55.0000,52.8015,51.4004,51.6140,49.0918,47.7074,46.3249,43.5660,43.8292,44.2832,42.3792,43.0116,39.2938,38.4708,0.0000,0.0000,0.0000,0.0000,0.0000,0.0000,0.0000,0.0000,0.0000,0.0000,0.0000,0.0000
1700000031.850000,-62.7,65.2993,64.4050,65.7951,64.8845,63.1585,61.4654,64.2573,62.6259,62.9365,61.6847,62.3618,62.8172,62.3699,61.9839,61.0000,62.8013,61.4003,61.8142,61.4003,62.2896,62.2896,64.1950,61.2046,65.0692,66.0681,65.0308,66.0681,64.0703,66.1891,65.0692,64.1950,65.2763,65.4905,64.6297,62.9682,62.1691,62.5859,60.8769,57.0088,58.2409,56.9210,54.7083,53.4883,50.6952,50.5668,48.3011,46.9574,46.6476,47.4342,45.0000,43.1856,42.4264,0.0000,0.0000,0.0000,0.0000,0.0000,0.0000,0.0000,0.0000,0.0000,0.0000,0.0000,0.0000
1700000031.900000,-62.3,62.1691,62.9682,62.8013,61.1882,61.6604,60.5310,59.2115,59.2115,58.0775,59.0339,59.0000,60.0333,59.0000,58.1378,57.1402,60.2080,57.4282,58.5491,57.5587,58.6941,59.6825,60.0167,57.8705,60.6383,60.4152,60.2080,59.9083,61.8466,61.6117,60.6383,60.4152,61.3922,60.8276,59.5399,60.2993,59.2115,59.4138,57.0351,56.0803,53.0377,53.0000,52.0000,52.0096,47.0425,48.2597,44.4072,46.3897,44.7214,43.4166,41.4849,40.4969,38.9102,0.0000,0.0000,0.0000,0.0000,0.0000,0.0000,0.0000,0.0000,0.0000,0.0000,0.0000,0.0000
1700000031.950000,-60.6,64.4050,63.1585,65.5515,62.7694,64.6220,60.7454,60.4070,61.0328,62.3618,61.8466,61.8466,61.6117,61.1882,60.6712,61.6604,61.2944,61.0737,61.0328,62.0725,61.0328,61.0082,61.0000,61.0000,64.0078,64.0000,62.0000,65.0692,65.0308,64.0703,64.0078,65.0000,65.0000,64.0078,62.0081,61.0737,62.1289,59.2115,57.4282,56.5685,56.5685,55.7315,55.1090,53.1507,51.1957,49.0408,46.4866,46.8188,46.2385,45.1885,43.9090,41.6173,40.8044,0.0000,0.0000,0.0000,0.0000,0.0000,0.0000,0.0000,0.0000,0.0000,0.0000,0.0000,0.0000
1700000032.000000,-61.2,66.8880,65.4599,65.0000,64.6375,64.2028,62.8013,62.4820,61.7171,62.9682,63.7024,62.9682,61.5224,63.7024,62.3699,61.7171,63.4114,60.6053,61.4003,61.6117,62.4260,61.0328,61.5873,61.2944,62.7694,64.1405,63.2851,65.3682,65.3682,65.8635,65.0000,63.8122,64.8999,64.0703,63.8201,61.6117,62.8013,62.2013,59.5483,58.0517,58.0517,55.8659,55.1725,53.7587,50.9313,49.5782,47.6340,49.2037,47.4342,46.1411,45.6508,43.8292,43.0813,0.0000,0.0000,0.0000,0.0000,0.0000,0.0000,0.0000,0.0000,0.0000,0.0000,0.0000,0.0000
1700000032.050000,-64.3,62.6498,62.7694,60.4070,62.6259,60.4070,59.1354,59.4811,59.7746,58.4637,59.2284,60.2080,59.0339,61.8142,59.4138,59.4138,57.3149,61.0737,57.0789,61.0082,59.0000,61.0000,60.0000,57.0000,62.0322,61.0737,61.0737,62.0725,61.0737,63.1269,61.2046,63.0317,62.0000,62.0000,61.0328,58.0345,57.0789,60.1332,55.4437,54.4518,54.4518,53.4603,54.9181,52.1728,50.2195,47.5395,46.4866,45.5412,44.5982,42.0476,42.4853,40.8167,40.0000,0.0000,0.0000,0.0000,0.0000,0.0000,0.0000,0.0000,0.0000,0.0000,0.0000,0.0000,0.0000
1700000032.100000,-59.6,62.8013,62.8013,65.2993,63.2535,62.4820,59.5483,60.1082,60.1082,59.3970,58.7963,58.0517,58.8982,59.0339,59.2030,59.2030,60.4649,59.3633,59.0762,60.0333,60.0333,60.5392,61.7738,59.5399,60.3738,60.8276,61.7171,62.1772,62.6099,62.6099,63.0635,61.7738,63.5295,62.2656,61.4003,61.0574,59.9083,58.8218,56.6127,57.0088,54.2033,53.2635,50.9902,51.6624,48.1041,48.1041,44.5982,46.0977,45.4533,44.4072,43.5660,43.4166,39.9249,0.0000,0.0000,0.0000,0.0000,0.0000,0.0000,0.0000,0.0000,0.0000,0.0000,0.0000,0.0000
1700000032.150000,-66.3,62.1289,63.8122,61.7738,65.3682,58.6686,61.7738,60.3738,59.0339,59.0931,59.2368,60.5392,59.8080,60.0833,58.5235,61.6847,59.6657,61.6117,57.0701,61.8142,61.1882,60.0167,59.8415,58.8558,61.4003,62.5140,61.4003,63.2851,61.4003,64.4981,61.6604,62.8013,64.7765,62.3699,62.3699,59.6657,58.2495,57.9741,56.0446,55.3624,55.9732,53.4883,55.1543,49.7695,50.9902,47.8539,47.4131,46.1411,43.5660,42.4382,43.4166,40.3609,40.3609,0.0000,0.0000,0.0000,0.0000,0.0000,0.0000,0.0000,0.0000,0.0000,0.0000,0.0000,0.0000
1700000032.200000,-64.5,64.0312,63.4114,64.5368,65.2993,64.5368,58.7963,60.8276,60.8276,60.2080,61.5549,60.8276,61.7171,61.0737,62.6259,60.2163,59.3633,59.6825,59.3633,60.0333,60.9016,61.4003,60.9016,61.2944,62.1691,62.1772,60.3738,63.9766,64.4050,63.0714,63.5059,60.8276,63.0635,63.6318,61.9112,61.4003,62.1289,58.2495,58.0086,56.2228,56.2228,54.6717,53.2635,51.6624,49.4975,48.1041,47.3814,46.7547,44.8219,46.0435,44.4185,42.5441,39.8121,0.0000,0.0000,0.0000,0.0000,0.0000,0.0000,0.0000,0.0000,0.0000,0.0000,0.0000,0.0000
1700000032.250000,-58.6,68.6804,70.0928,65.7343,68.4105,66.4906,64.3273,62.1691,63.6396,65.6201,61.2944,63.0714,65.0308,65.0000,64.0078,65.0000,65.0077,64.0703,61.0737,62.2013,63.1981,64.1950,65.3758,62.3939,65.9242,64.6297,65.9242,67.0820,66.7533,68.8840,65.7647,65.3758,66.4831,65.3758,65.2763,66.0303,63.0714,61.0737,61.0000,60.0000,60.0000,55.2268,57.1402,55.2268,52.4690,50.4876,50.0100,49.4773,48.0833,46.4866,46.2385,44.7772,42.9418,0.0000,0.0000,0.0000,0.0000,0.0000,0.0000,0.0000,0.0000,0.0000,0.0000,0.0000,0.0000
1700000032.300000,-58.6,63.6946,62.6498,62.6099,63.9766,62.6099,61.2699,62.2656,60.2080,58.3095,59.9083,59.9083,61.6117,60.0000,60.4401,59.8164,60.1415,59.4138,58.7282,60.8112,59.4643,60.8276,60.2080,59.4138,60.9590,63.0317,63.0317,61.7171,63.1269,63.7024,61.7171,61.5549,63.0317,62.2415,60.8112,60.1082,59.4643,59.5483,57.4891,56.4004,55.8032,53.8238,52.4309,51.8652,49.0918,48.3735,47.0106,47.8853,46.2385,44.9444,43.0116,42.2019,40.4475,0.0000,0.0000,0.0000,0.0000,0.0000,0.0000,0.0000,0.0000,0.0000,0.0000,0.0000,0.0000
1700000032.350000,-63.0,61.0574,60.0333,61.2944,61.2944,59.4811,58.5918,58.6941,58.1808,57.7754,57.9396,57.9396,58.5235,56.3205,58.2409,58.2409,58.4637,58.0517,56.8858,57.7062,57.8705,57.7062,58.4209,55.7315,59.3043,60.2993,60.2993,60.2993,59.3043,62.1289,60.2993,60.5310,59.4138,59.0339,57.8705,58.4637,58.2495,55.3173,56.3205,53.1601,53.1601,51.5461,52.2015,50.3289,47.0106,46.5188,45.1774,44.7772,44.4185,43.2666,41.4005,40.3609,38.1838,0.0000,0.0000,0.0000,0.0000,0.0000,0.0000,0.0000,0.0000,0.0000,0.0000,0.0000,0.0000
1700000032.400000,-63.4,65.1920,62.6259,64.0781,65.9242,63.9766,60.8358,61.2699,60.3738,59.9416,60.9016,61.5873,60.7454,60.4649,60.0000,60.6053,62.0081,59.8164,60.4401,60.9590,60.2080,61.7171,61.6198,60.2080,61.5224,61.5224,60.8112,62.9365,63.6396,62.2254,62.2254,62.2896,62.2415,63.7024,61.7171,61.0737,61.0737,59.2030,57.4282,55.7584,55.7584,54.7083,54.2033,53.7122,49.1935,47.4236,47.0106,45.8803,45.5412,44.9222,43.1741,41.4367,40.1123,0.0000,0.0000,0.0000,0.0000,0.0000,0.0000,0.0000,0.0000,0.0000,0.0000,0.0000,0.0000
1700000032.450000,-58.4,64.0703,65.1920,63.6318,65.8635,61.4003,61.4003,61.7738,61.7171,59.9333,60.0083,59.2368,61.6847,61.6847,60.7289,61.0328,60.1664,61.1310,59.4390,61.3922,60.4152,61.3922,62.3699,60.2080,60.5310,63.9531,62.5140,65.7647,62.8013,65.7647,64.6297,62.8013,64.3273,63.3482,61.8466,60.1664,60.4401,60.7289,56.3028,56.9210,56.3028,52.9245,53.7122,50.0899,51.8845,48.7647,46.1411,47.7074,47.2017,42.8019,43.1856,41.7732,40.4599,0.0000,0.0000,0.0000,0.0000,0.0000,0.0000,0.0000,0.0000,0.0000,0.0000,0.0000,0.0000
1700000032.500000,-62.4,64.3817,62.6498,65.1153,62.9682,60.2080,60.4152,60.4152,59.2030,59.7746,60.0833,59.1354,59.6154,60.9262,59.5063,59.0931,60.8276,58.5918,60.8276,58.3095,59.1693,59.3633,58.8303,59.9083,61.0328,62.2013,61.0328,62.2013,63.6003,62.8013,62.2013,61.0328,61.2944,62.1289,60.2080,60.2080,59.6825,58.6686,55.9017,56.3560,53.6656,53.2259,52.3927,51.0784,50.3289,47.4342,47.8017,45.8803,46.0977,44.7214,42.5793,43.1045,41.0000,0.0000,0.0000,0.0000,0.0000,0.0000,0.0000,0.0000,0.0000,0.0000,0.0000,0.0000,0.0000
1700000032.550000,-66.0,66.0000,67.0298,66.0681,69.0652,67.3647,65.3758,63.7887,61.8142,61.9839,63.5610,64.3273,62.8172,64.0312,62.9365,62.6418,63.9062,62.3939,62.3939,64.4748,64.4050,63.9766,66.1891,64.4050,64.4127,64.4127,64.8845,67.2309,66.7308,68.0000,67.6018,66.1891,65.2993,66.7083,65.3070,64.8845,62.2415,61.0983,61.0328,60.0833,58.8218,56.0446,56.0446,55.5428,52.1728,51.1957,49.6488,50.4876,47.1699,49.0408,46.0000,44.0454,43.4166,0.0000,0.0000,0.0000,0.0000,0.0000,0.0000,0.0000,0.0000,0.0000,0.0000,0.0000,0.0000
1700000032.600000,-65.2,65.5210,63.2456,63.2456,64.1950,61.0983,62.3939,60.1664,59.9333,59.5063,60.3738,61.7738,60.0333,60.2080,60.7454,60.7454,58.2495,59.4054,59.2030,59.0339,59.8164,60.6053,61.0737,58.8982,60.1082,63.7024,60.8276,63.7024,63.7024,64.4438,61.6198,63.8905,64.5368,64.0312,62.0081,62.2013,58.8218,59.4054,58.2495,56.3028,58.3095,54.2033,55.9464,52.3259,48.3322,49.2443,46.8188,45.8803,45.8803,44.3847,43.1741,41.4367,40.1123,0.0000,0.0000,0.0000,0.0000,0.0000,0.0000,0.0000,0.0000,0.0000,0.0000,0.0000,0.0000
1700000032.650000,-63.4,65.5515,67.4166,65.7875,67.6757,65.1460,64.1950,62.8172,62.1691,62.3699,61.0000,62.9682,61.6604,61.8142,62.3939,62.2896,62.0725,62.2013,61.0737,62.0000,62.0000,63.0000,63.0000,62.0000,62.0322,64.0078,65.0308,65.0692,66.0681,65.0692,64.0312,64.0000,65.0308,64.0000,63.0079,63.0714,61.0737,61.1310,60.5310,57.8705,58.6941,56.0892,55.3173,53.3667,52.8867,51.2445,48.3839,48.1041,46.0977,44.7214,43.9090,44.6542,43.4166,0.0000,0.0000,0.0000,0.0000,0.0000,0.0000,0.0000,0.0000,0.0000,0.0000,0.0000,0.0000
1700000032.700000,-56.9,66.0984,66.7308,66.4831,65.7875,65.0000,63.3246,63.5610,63.9766,62.1691,62.1772,63.5295,63.1348,62.7694,63.2851,63.5138,65.0000,61.4003,62.0081,62.6259,63.8905,64.0312,63.8905,63.2535,64.5368,65.2993,65.1153,66.5282,65.8559,67.3573,65.8559,66.7083,66.8431,65.6049,65.8027,66.4003,62.6817,63.5138,61.4003,59.1693,57.2451,57.2451,55.0364,55.0364,52.3927,51.6236,47.4342,49.0408,47.5395,46.8722,45.5412,44.1814,41.0122,0.0000,0.0000,0.0000,0.0000,0.0000,0.0000,0.0000,0.0000,0.0000,0.0000,0.0000,0.0000
1700000032.750000,-56.7,66.4831,64.8460,67.6757,63.8905,63.8905,63.3246,60.8769,60.6383,60.2080,59.6825,61.0000,61.4003,61.2944,62.1289,60.0750,62.0322,60.0000,61.0082,61.0328,61.0737,61.0737,63.1981,60.2993,63.3877,62.1289,63.5059,62.5140,64.4981,65.3758,65.3758,63.1981,65.3758,64.1950,61.1310,62.0322,61.0082,61.0000,59.0762,57.0789,57.0789,55.2268,54.4518,54.4518,51.4781,50.8035,47.2969,46.5725,46.8402,45.2217,44.5982,42.4853,41.6773,0.0000,0.0000,0.0000,0.0000,0.0000,0.0000,0.0000,0.0000,0.0000,0.0000,0.0000,0.0000
1700000032.800000,-64.7,60.8358,61.4654,63.9062,62.0322,64.5136,60.7454,60.1664,59.9083,59.2030,59.4390,59.4390,58.6941,60.0167,59.5399,59.4138,60.2993,57.0789,60.0750,59.0000,61.0000,61.0000,61.0000,61.0000,61.0328,64.0078,61.0328,61.1310,64.0312,61.0737,63.0079,61.0082,63.0079,63.0079,60.0000,61.0082,61.1310,60.1332,57.4282,55.4437,56.3205,54.9181,51.9711,52.9528,48.5077,47.5395,46.8402,45.8803,44.9444,46.0977,43.8292,40.4969,38.6005,0.0000,0.0000,0.0000,0.0000,0.0000,0.0000,0.0000,0.0000,0.0000,0.0000,0.0000,0.0000
1700000032.850000,-62.3,65.0000,65.8027,65.1920,66.0681,65.2993,63.0317,62.2896,62.2896,63.6396,62.2896,63.0317,60.4401,62.8013,64.2028,61.2209,61.6117,60.4649,61.8547,61.0574,61.5873,62.1289,62.1289,62.4340,63.5295,64.0078,65.3682,63.5295,65.8635,65.8635,66.3702,63.8122,65.7343,65.4599,63.6003,62.8013,62.8013,60.6053,60.4401,59.5483,58.0517,56.5685,53.7587,53.7587,50.9902,49.8197,49.4065,47.4342,45.7930,48.0208,42.9418,42.0476,41.7612,0.0000,0.0000,0.0000,0.0000,0.0000,0.0000,0.0000,0.0000,0.0000,0.0000,0.0000,0.0000
1700000032.900000,-60.3,65.7951,63.1269,65.2993,64.6607,65.2993,61.4003,61.0328,61.0328,61.5873,62.4340,60.7454,61.4003,61.7738,61.2699,59.4811,62.2415,58.6941,60.9262,60.4070,61.3514,62.6259,61.0328,62.2977,62.6418,63.2456,62.3618,63.3246,65.5210,63.0635,66.4831,62.6418,64.8460,63.2456,63.9062,61.4654,61.4654,59.9333,59.5063,59.4811,55.4617,55.0727,54.2033,53.3385,48.2597,48.8262,46.4004,47.6340,47.5079,45.9674,43.9318,43.4166,41.8808,0.0000,0.0000,0.0000,0.0000,0.0000,0.0000,0.0000,0.0000,0.0000,0.0000,0.0000,0.0000
1700000032.950000,-62.4,69.3397,64.6607,67.2309,66.3702,66.2420,61.7738,64.4127,63.0714,65.3070,63.0714,64.6220,65.1920,64.8460,63.8905,63.3246,64.2884,62.8172,63.7887,61.3922,65.5134,62.8172,65.1153,64.5368,66.3702,66.7533,63.6396,66.7533,67.7422,65.6201,67.6018,64.1327,66.0984,67.6831,64.7611,64.7611,64.5601,62.6418,60.0833,58.5235,57.5847,59.2368,54.2310,56.3649,51.4296,52.3546,49.2443,49.9300,49.0918,47.8017,44.6878,43.8406,42.5206,0.0000,0.0000,0.0000,0.0000,0.0000,0.0000,0.0000,0.0000,0.0000,0.0000,0.0000,0.0000
1700000033.000000,-59.2,66.7083,66.6408,64.4127,67.9779,64.4127,63.9531,62.7694,61.5873,61.8547,62.1289,63.2456,61.6117,62.8013,61.8466,61.8466,62.2896,62.9365,61.5224,62.2415,62.2896,62.2896,63.7809,62.2896,64.6607,65.9469,65.2993,65.4370,64.8151,66.0681,65.4370,63.7809,65.2993,65.8559,64.3506,63.6553,62.2254,62.2896,59.4643,58.1378,58.2580,55.6058,54.2033,55.2178,51.6140,50.7740,49.3964,48.3735,48.3011,45.6946,45.2217,43.1741,42.5793,0.0000,0.0000,0.0000,0.0000,0.0000,0.0000,0.0000,0.0000,0.0000,0.0000,0.0000,0.0000
1700000033.050000,-59.8,67.2309,67.5352,65.2993,66.1891,64.8845,67.1193,64.0781,63.3246,65.1920,61.0328,64.8460,63.8905,63.0635,63.5610,64.1327,62.3699,62.9682,61.8142,64.3817,62.3939,63.5059,65.2763,62.3939,65.0308,66.1891,66.0681,67.0671,67.0671,69.0652,65.0692,67.1863,67.2681,65.3758,64.3817,64.6297,62.8013,61.9839,60.6383,59.6657,58.9406,56.3205,55.3624,53.4509,53.1413,51.6236,48.8467,49.6588,48.7647,47.5079,44.9444,45.0000,43.8634,0.0000,0.0000,0.0000,0.0000,0.0000,0.0000,0.0000,0.0000,0.0000,0.0000,0.0000,0.0000
1700000033.100000,-60.2,63.5059,65.2993,63.0635,63.1348,61.7738,61.7738,61.4003,59.3633,61.2944,60.2163,60.2163,61.0737,61.2209,59.6657,61.7171,60.2080,60.1415,58.0000,60.8112,60.1082,60.1082,60.2080,60.8769,61.7171,63.1269,62.3699,65.1920,62.3699,63.7809,62.3699,63.7024,63.7024,62.2254,62.2415,61.7171,60.2080,58.8982,59.0339,56.4004,58.0086,52.4309,54.3783,50.7740,51.9711,48.7647,45.6180,43.8634,45.3100,45.2217,41.4849,41.2311,40.3113,0.0000,0.0000,0.0000,0.0000,0.0000,0.0000,0.0000,0.0000,0.0000,0.0000,0.0000,0.0000
1700000033.150000,-60.1,61.2944,60.7454,59.1693,62.7694,59.1693,58.6686,55.9017,57.2713,59.5063,58.6941,58.5235,59.4643,57.5674,57.5674,57.8705,58.5235,59.9083,57.4891,58.2495,57.2713,58.4637,57.8705,57.0701,60.4070,60.5310,59.4138,61.5224,60.8276,61.5224,59.5399,61.1882,61.0000,61.0000,60.4152,58.9406,57.4891,57.0088,55.3624,55.9732,55.6597,52.0000,51.0784,49.7695,47.8539,46.5296,44.2945,45.2769,43.5660,43.0116,41.4005,41.0366,38.1838,0.0000,0.0000,0.0000,0.0000,0.0000,0.0000,0.0000,0.0000,0.0000,0.0000,0.0000,0.0000
1700000033.200000,-63.2,64.8460,65.4599,66.1287,65.7875,65.3911,62.7694,62.1691,63.9531,63.0635,62.6498,61.7738,62.7694,62.4340,60.7454,61.0328,62.8013,61.2209,61.2209,62.3699,64.5368,61.7171,62.2896,63.7809,64.3817,63.0317,63.6553,62.9365,67.2086,64.3506,66.4680,64.4438,65.9469,63.1269,65.2993,63.2535,64.4050,62.2013,60.4649,58.5235,55.7584,57.4543,55.4707,54.1202,51.4296,50.0899,48.3322,48.1041,48.7032,47.8017,45.1221,42.4264,41.1096,0.0000,0.0000,0.0000,0.0000,0.0000,0.0000,0.0000,0.0000,0.0000,0.0000,0.0000,0.0000
1700000033.250000,-60.1,64.0078,63.0000,63.0317,65.0692,61.1310,61.0328,61.1310,61.2944,59.4138,57.8705,61.0000,60.6383,59.6657,61.1310,61.4003,59.2030,60.0833,59.1354,60.5392,61.0983,59.8080,60.0083,60.5392,61.3270,60.8358,61.2699,62.6099,61.7414,63.0714,61.2699,62.2415,62.6498,61.4654,60.7454,60.0833,59.1354,58.8218,56.3205,55.7853,57.0088,55.1090,54.1295,50.6360,50.4876,50.2494,46.0977,46.0435,46.0000,45.0000,42.1070,42.5793,40.0250,0.0000,0.0000,0.0000,0.0000,0.0000,0.0000,0.0000,0.0000,0.0000,0.0000,0.0000,0.0000
1700000033.300000,-63.2,64.8460,63.8905,65.7343,65.9697,63.7887,61.1882,61.9839,62.6498,61.5224,61.1310,62.2896,61.0737,62.0322,62.0000,61.0000,62.0725,61.0737,61.0737,61.4003,61.4003,61.4003,63.6396,61.5224,61.9839,64.7765,62.8013,66.0984,62.9682,64.9384,64.9384,63.7887,63.6396,63.6396,62.3939,64.1249,60.1332,59.0762,59.0085,59.0000,57.0000,54.0000,54.0833,54.3323,50.1597,50.4876,47.5184,47.8539,46.3249,44.6430,43.3244,42.5441,42.4853,0.0000,0.0000,0.0000,0.0000,0.0000,0.0000,0.0000,0.0000,0.0000,0.0000,0.0000,0.0000
1700000033.350000,-60.7,63.1269,62.0725,63.0079,62.0725,61.0000,60.0083,61.0328,59.0762,61.0737,58.1378,60.4070,58.5491,61.9839,59.0339,58.6941,59.6657,58.9406,58.9406,61.4003,59.4811,59.4811,60.0833,59.4811,63.3246,62.6259,62.9682,62.9682,62.6259,63.3246,63.3246,62.2977,62.9365,64.8460,60.8769,58.9406,59.6657,59.2284,57.7062,57.5587,55.5788,54.2310,54.3323,51.0882,51.0098,48.0000,46.0435,49.0918,43.1045,42.5793,43.7379,41.9762,40.1622,0.0000,0.0000,0.0000,0.0000,0.0000,0.0000,0.0000,0.0000,0.0000,0.0000,0.0000,0.0000
1700000033.400000,-61.9,65.1920,65.7875,65.1460,66.0984,63.8905,63.8905,63.7887,62.1691,62.3699,62.1691,62.1691,61.6604,62.8013,61.4003,62.2013,62.0725,63.0714,62.0725,63.0000,61.0000,62.0000,61.0737,61.0000,65.0308,65.0308,65.0692,66.1211,65.0077,68.0661,65.0077,66.0000,65.0308,65.0000,63.0000,63.0000,62.2013,63.3877,59.6825,59.8415,57.5587,55.1090,55.1090,54.5711,51.9230,51.6624,48.7032,49.0408,48.8467,44.2945,43.5660,43.0116,43.4166,0.0000,0.0000,0.0000,0.0000,0.0000,0.0000,0.0000,0.0000,0.0000,0.0000,0.0000,0.0000
1700000033.450000,-63.0,66.0000,66.0076,64.0703,66.0303,63.0714,64.0312,63.2851,61.4003,61.6604,59.8415,61.9839,62.9682,62.9682,59.6657,62.8172,62.9365,61.0328,61.0328,63.9062,62.2415,61.4654,62.6498,61.4654,64.0781,63.3246,64.0781,63.9766,65.0000,66.2118,64.4748,63.6946,64.8845,65.1920,61.6847,63.2456,62.9365,59.9083,58.4637,58.0517,57.2713,54.7449,54.9181,53.4603,52.0865,50.0899,47.0956,48.0000,48.0000,46.0977,45.5412,43.9318,42.4500,0.0000,0.0000,0.0000,0.0000,0.0000,0.0000,0.0000,0.0000,0.0000,0.0000,0.0000,0.0000
1700000033.500000,-64.0,65.7951,67.1193,67.5426,65.2993,64.4127,62.6498,63.8122,65.0000,62.4340,62.6817,64.8999,64.4050,62.2013,63.2535,61.7171,63.7024,61.5549,62.2896,63.6553,63.6553,65.0538,62.9682,62.9682,66.6033,65.1153,63.0317,65.1920,65.2993,66.0681,67.9412,64.3506,65.8559,65.0538,65.0538,65.8559,63.0317,62.4820,60.6053,58.6003,57.2014,58.0086,55.7584,55.2268,53.3385,51.8845,49.6488,49.7695,47.9270,46.4866,45.3542,44.9110,40.3113,0.0000,0.0000,0.0000,0.0000,0.0000,0.0000,0.0000,0.0000,0.0000,0.0000,0.0000,0.0000
1700000033.550000,-61.3,67.1863,63.3482,67.0820,63.5610,65.1153,61.8142,61.4003,61.2944,62.2013,60.1332,61.2046,61.0328,61.0000,61.0000,61.0082,62.0725,60.0750,61.0737,60.4070,61.5224,61.4003,64.6297,61.5224,62.8013,62.9682,61.9839,65.1153,65.9242,62.9682,64.7765,62.6498,64.6297,64.3817,62.2896,62.0725,62.0725,60.0083,60.0000,59.0085,57.0351,55.1453,53.1507,54.2310,50.6360,50.4876,46.8722,47.2969,47.5395,45.2217,45.6946,42.9418,42.1900,0.0000,0.0000,0.0000,0.0000,0.0000,0.0000,0.0000,0.0000,0.0000,0.0000,0.0000,0.0000
1700000033.600000,-62.9,63.5295,63.5295,62.1289,64.0078,61.9112,63.2851,61.2944,59.4054,61.0328,57.8014,60.9590,60.1082,60.1082,60.1082,61.5224,60.1415,59.5483,58.2580,60.4401,62.6259,59.6657,61.2209,58.8218,62.1289,62.1289,61.2944,63.8122,62.1289,64.0703,62.4260,62.6817,63.4114,62.6259,61.2209,60.4401,58.2580,59.8164,57.3847,55.9732,55.8659,53.7401,53.7587,52.3450,50.9902,49.2037,46.6154,46.0435,45.7930,43.9090,43.9090,42.4853,40.4969,0.0000,0.0000,0.0000,0.0000,0.0000,0.0000,0.0000,0.0000,0.0000,0.0000,0.0000,0.0000
1700000033.650000,-60.8,58.6686,59.5399,58.1378,60.3738,57.2451,57.6975,57.7754,57.0088,55.3624,55.9732,57.2451,55.6597,56.3205,57.0088,55.0818,58.0517,56.8858,55.9017,56.8858,57.5587,56.5685,56.4358,55.4437,59.2115,59.3043,59.3043,59.2115,59.1354,59.3043,59.3043,57.5587,59.6825,59.5399,56.8858,59.2284,57.4891,54.5711,55.0818,54.7083,51.5461,51.2640,49.6488,48.8467,45.6946,46.5188,43.8292,45.2769,41.6773,42.4382,41.2311,38.9487,37.5366,0.0000,0.0000,0.0000,0.0000,0.0000,0.0000,0.0000,0.0000,0.0000,0.0000,0.0000,0.0000
1700000033.700000,-60.2,62.0000,64.0312,59.0339,62.0725,62.1289,59.1354,57.4282,58.5491,59.6825,58.0517,58.0517,57.7235,59.2030,58.5235,58.5235,59.4643,58.8727,57.0088,57.7754,57.7754,58.6941,59.0339,56.3649,59.9416,60.8276,60.8276,63.0635,59.9416,62.1772,59.9416,60.3738,61.2699,59.9333,60.4152,60.9262,60.1664,57.5847,55.6597,55.6597,54.7083,51.9230,52.8867,51.4198,49.0306,47.8539,45.3982,46.2709,44.1814,44.0000,41.0000,41.0488,41.4367,0.0000,0.0000,0.0000,0.0000,0.0000,0.0000,0.0000,0.0000,0.0000,0.0000,0.0000,0.0000
1700000033.750000,-59.0,65.8635,64.8845,63.9531,65.2993,63.0714,62.2415,61.4654,62.0322,61.3514,62.9365,61.0328,62.0967,63.0635,62.8172,62.5859,61.6604,61.4003,60.5310,63.2851,62.0725,61.1310,64.0703,61.0737,65.0692,65.0692,64.0078,65.0077,67.0075,65.0000,65.0000,65.0077,65.0308,65.1230,64.1249,64.1950,62.2896,61.6604,60.2080,58.0517,58.2495,55.7853,55.5428,54.8179,51.2445,51.5461,49.7695,48.4665,48.3322,47.4131,45.2769,43.8292,41.8688,0.0000,0.0000,0.0000,0.0000,0.0000,0.0000,0.0000,0.0000,0.0000,0.0000,0.0000,0.0000
1700000033.800000,-61.9,63.0635,63.3246,62.9365,63.3246,60.4070,60.0833,58.8727,58.6941,59.6154,58.6003,59.5063,59.9416,58.3095,58.3095,59.1693,59.3633,59.0762,57.4282,58.6003,59.8164,59.2030,60.3075,59.0339,61.6198,60.9590,60.8769,62.2896,62.2896,64.5368,60.9590,61.8466,61.7171,62.4820,62.8013,61.6117,59.0762,59.3633,57.4543,54.7083,56.8243,52.8394,53.2353,51.0784,50.1597,49.7695,46.2385,47.4342,45.6070,42.9535,42.2966,42.1900,41.0122,0.0000,0.0000,0.0000,0.0000,0.0000,0.0000,0.0000,0.0000,0.0000,0.0000,0.0000,0.0000
1700000033.850000,-62.0,64.2028,64.0703,63.8122,63.5138,63.8122,59.3633,60.0333,59.4811,59.5399,59.9416,60.3738,60.0083,58.6941,58.3095,58.3095,62.2977,58.8218,59.4811,58.9406,59.9083,61.8466,60.8769,60.8769,62.3699,62.5859,61.6117,61.1882,62.8172,62.3699,63.7887,60.8769,63.3246,62.9365,61.9839,60.0833,62.3939,59.6154,56.8595,58.1378,55.4617,55.9017,53.2353,52.4786,49.3964,49.9300,46.6154,46.8615,47.5079,46.0109,43.1856,42.6380,41.0488,0.0000,0.0000,0.0000,0.0000,0.0000,0.0000,0.0000,0.0000,0.0000,0.0000,0.0000,0.0000
1700000033.900000,-62.7,63.1981,60.2080,61.4003,61.5224,59.5399,56.8858,57.0701,57.2713,59.6657,57.9741,57.9741,58.5235,59.1354,56.6480,57.7754,59.5063,56.3649,57.6975,57.7062,58.6686,59.9416,58.6686,57.3062,58.8303,60.2080,58.8303,59.3633,62.4340,59.3633,61.0574,60.4152,61.9112,61.4003,59.9416,59.9416,59.9333,57.7754,56.6480,56.0803,53.4883,53.7587,50.2892,52.4976,47.8017,47.2969,44.9110,45.7056,44.4072,44.1814,41.0000,41.0122,41.1947,0.0000,0.0000,0.0000,0.0000,0.0000,0.0000,0.0000,0.0000,0.0000,0.0000,0.0000,0.0000
1700000033.950000,-60.2,60.2080,61.6198,59.0339,62.6259,59.8164,59.8164,58.2495,57.1402,55.7584,55.5698,57.4543,57.3062,57.6975,57.2713,56.8595,57.0088,56.6480,55.7136,58.1893,57.8705,57.2800,59.2030,56.3205,60.8769,60.1664,58.6941,62.0967,60.6383,61.6117,61.8466,60.1664,60.8769,60.4401,58.5235,58.5235,57.5847,57.0088,57.0088,55.0364,53.7122,52.7731,52.3546,50.2494,48.5489,47.7074,45.2217,45.8039,45.8039,43.2782,42.4264,41.8688,39.4081,0.0000,0.0000,0.0000,0.0000,0.0000,0.0000,0.0000,0.0000,0.0000,0.0000,0.0000,0.0000
1700000034.000000,-62.0,67.1193,65.0692,67.0671,65.0000,65.0000,61.0000,62.0322,63.0317,62.1289,62.3939,62.5140,61.6604,61.9839,62.1691,59.4390,62.8172,62.0967,61.6847,61.0328,62.9365,63.8905,61.3514,63.9062,65.0000,63.3246,64.2573,65.3911,66.7083,65.5515,67.6240,64.8460,66.4831,64.5136,64.1950,63.3246,62.3618,62.8172,59.9083,60.6383,57.8705,57.7062,54.5894,55.4437,51.2445,51.0882,50.0400,50.0000,50.0000,49.0918,46.2709,43.9318,41.4849,0.0000,0.0000,0.0000,0.0000,0.0000,0.0000,0.0000,0.0000,0.0000,0.0000,0.0000,0.0000
1700000034.050000,-63.0,62.3699,61.6198,59.3970,62.2254,57.9828,59.3970,59.4643,58.1378,56.8507,57.0088,58.6003,58.2495,57.6888,58.5235,56.0803,57.7062,58.5918,55.4707,57.2451,56.7979,57.6975,59.0339,56.8595,59.2368,60.1664,61.4654,60.1664,60.1664,62.3939,60.1664,60.5392,60.4152,58.6941,59.0339,59.9416,56.3560,57.3062,55.0727,54.3783,53.5350,50.8035,52.2015,49.2037,49.8197,45.4533,44.5982,45.2548,44.5982,43.4166,41.4005,41.8808,39.8246,0.0000,0.0000,0.0000,0.0000,0.0000,0.0000,0.0000,0.0000,0.0000,0.0000,0.0000,0.0000
1700000034.100000,-63.9,60.0000,62.0081,60.2080,63.0714,60.0750,61.0737,58.4209,58.5491,57.8705,57.8705,58.2495,58.6941,58.6941,59.2030,58.8218,57.5847,58.5235,57.5847,58.6941,57.7754,58.6941,59.0931,55.5428,59.9333,60.3738,60.3738,61.7171,60.3738,61.7171,60.3738,62.1691,61.2699,60.0083,58.8727,59.2368,58.5235,59.4643,56.3205,56.0446,54.5711,52.3927,52.3927,49.0306,49.4975,47.3814,45.2769,46.1736,45.0444,43.0465,43.1045,40.3113,41.2311,0.0000,0.0000,0.0000,0.0000,0.0000,0.0000,0.0000,0.0000,0.0000,0.0000,0.0000,0.0000
1700000034.150000,-62.2,62.9365,60.4401,62.8172,62.0967,61.3922,58.4637,61.0000,59.8415,58.8558,60.4070,60.2993,59.0762,60.0750,59.0339,57.0000,61.0328,59.0762,59.0762,57.1402,60.1332,59.2115,60.2993,60.1332,60.8276,62.5140,58.5491,59.5399,63.6396,61.8142,64.6297,61.2944,62.2896,61.2944,63.0714,60.0750,61.0737,60.0083,57.0000,55.0091,54.0370,55.0818,51.0882,53.3385,48.3735,47.5184,46.8722,45.6070,44.1475,45.8803,43.0813,41.5933,40.3113,0.0000,0.0000,0.0000,0.0000,0.0000,0.0000,0.0000,0.0000,0.0000,0.0000,0.0000,0.0000
1700000034.200000,-64.4,58.1808,62.6498,59.0339,60.8276,58.5918,62.1772,57.8014,57.8014,59.6825,56.8595,57.4282,57.0088,58.2580,57.4891,58.8982,57.2800,60.1082,55.8659,59.4643,58.6941,57.9828,60.1415,56.6392,58.8982,60.4401,61.0737,61.2209,58.8982,62.0081,59.6657,60.1415,60.2080,60.1415,60.1082,58.6941,56.5862,57.9828,56.7274,55.3173,56.8507,51.4004,52.2015,49.0918,50.7740,47.0106,44.2945,45.6180,45.3100,40.8534,42.0595,40.2616,38.6394,0.0000,0.0000,0.0000,0.0000,0.0000,0.0000,0.0000,0.0000,0.0000,0.0000,0.0000,0.0000
1700000034.250000,-61.7,64.4127,63.9531,63.9766,64.4050,62.6498,61.8466,60.5392,59.6154,60.4070,60.4070,60.4401,59.9083,60.8769,60.4152,60.4152,61.6604,60.5310,60.5310,60.2080,61.4003,60.4070,62.1289,61.2046,63.0317,62.1289,63.0714,64.0703,65.0308,61.0082,65.0077,62.1289,62.2896,63.5059,61.4003,62.6498,61.9839,60.0167,58.2495,56.5155,56.0446,56.0446,53.1601,54.1202,49.3356,49.0408,49.2443,47.4131,46.5296,47.1699,45.4863,42.8019,41.0366,0.0000,0.0000,0.0000,0.0000,0.0000,0.0000,0.0000,0.0000,0.0000,0.0000,0.0000,0.0000
1700000034.300000,-65.9,62.0081,62.8013,62.2013,63.6003,61.0328,58.2495,56.0803,58.6686,57.8014,59.4811,58.5918,59.9333,58.6941,56.8595,57.9396,57.2451,57.2800,57.2800,59.2030,59.9083,58.2409,59.4390,56.7539,60.2080,61.3922,58.8558,61.1882,61.1882,61.1882,61.1882,59.4390,60.4152,60.4152,59.4811,58.2409,59.4811,55.9732,55.7136,54.2310,54.7814,52.3259,51.4296,50.5371,47.0106,47.5079,46.1411,45.8039,46.4004,43.2782,42.5206,42.4264,41.4005,0.0000,0.0000,0.0000,0.0000,0.0000,0.0000,0.0000,0.0000,0.0000,0.0000,0.0000,0.0000
1700000034.350000,-62.7,62.0725,59.0000,59.0000,62.0000,58.0000,59.0339,57.1402,58.2151,57.3149,56.5685,56.5685,56.8858,57.2713,57.4891,57.4891,54.8179,56.6127,55.3624,56.9210,55.9732,57.5847,57.9396,55.7136,58.6941,59.2368,57.7754,59.0931,59.2368,61.3270,60.5392,60.1664,59.2368,59.8080,59.4643,58.5235,56.6127,57.0088,56.5155,55.3173,53.1507,49.6488,50.4876,49.4975,48.1664,46.1736,45.0444,44.0114,43.0000,41.0122,41.1947,39.8121,38.0789,0.0000,0.0000,0.0000,0.0000,0.0000,0.0000,0.0000,0.0000,0.0000,0.0000,0.0000,0.0000
1700000034.400000,-63.6,65.6201,65.6201,61.8142,64.9384,61.9839,60.6383,59.9083,60.1664,59.2030,59.1354,60.7454,59.6154,60.4152,60.3738,60.3738,61.7738,60.9016,57.8014,61.0574,59.6825,61.0574,61.5873,60.4649,62.8013,62.8013,62.8013,63.4114,63.4114,65.2150,62.8013,63.8201,64.4050,62.9682,62.9682,62.7694,60.5392,60.0333,57.8014,56.8243,57.2451,52.3927,55.0364,52.3927,52.0000,48.7032,47.1275,47.5395,46.8722,43.9318,43.7379,42.4264,42.0119,0.0000,0.0000,0.0000,0.0000,0.0000,0.0000,0.0000,0.0000,0.0000,0.0000,0.0000,0.0000
1700000034.450000,-64.3,59.4643,60.1082,58.6941,59.4138,57.3149,57.3149,56.7274,55.6058,56.4004,55.6058,57.8014,55.8032,56.8595,57.1402,56.6039,57.3062,59.0339,53.6656,57.2713,57.3847,57.2713,57.3847,55.5428,57.7754,59.0931,58.6941,59.8080,57.3847,60.5392,58.5235,59.0931,60.4152,60.9262,56.3649,56.3649,55.0727,55.2268,54.9181,53.2541,52.4309,50.2195,50.8035,48.4149,46.8615,45.4533,44.5982,44.5533,43.1856,41.2311,41.0488,39.4462,38.0132,0.0000,0.0000,0.0000,0.0000,0.0000,0.0000,0.0000,0.0000,0.0000,0.0000,0.0000,0.0000
1700000034.500000,-58.2,67.0671,66.1287,63.8905,67.0522,63.6003,62.8172,65.0000,61.8466,63.3482,61.9839,62.8013,62.2896,62.2013,62.0725,61.0737,63.0000,63.0000,61.0000,61.0737,63.0714,63.0714,64.1950,62.1289,65.4905,63.6396,64.4981,65.7647,65.7647,67.6018,64.6297,65.3758,65.3758,66.1891,62.0725,64.1249,63.0317,61.0082,61.0000,59.0000,58.0345,56.0803,56.0803,55.4437,52.2398,51.4781,48.8365,50.2195,47.5395,49.3356,46.4866,45.6946,42.4853,0.0000,0.0000,0.0000,0.0000,0.0000,0.0000,0.0000,0.0000,0.0000,0.0000,0.0000,0.0000
1700000034.550000,-61.3,62.6099,62.6498,62.2656,62.2656,61.9112,60.5392,59.3633,59.0762,60.4649,57.8014,59.0339,60.3075,60.2080,60.2080,58.7282,60.1082,58.0000,58.6941,58.8982,59.6657,60.9590,60.9590,60.3075,62.0081,62.6259,61.2209,62.6259,62.6259,63.4114,64.0312,61.7171,63.2535,63.7809,60.8769,61.5224,59.3970,58.0000,58.6941,57.4891,55.9732,56.4004,52.2015,51.6140,49.0918,48.5489,47.8853,47.8853,44.2832,43.8634,42.7200,43.4166,40.6079,0.0000,0.0000,0.0000,0.0000,0.0000,0.0000,0.0000,0.0000,0.0000,0.0000,0.0000,0.0000
1700000034.600000,-62.3,66.1211,66.0681,66.0303,66.0681,65.0000,63.0000,61.0737,60.0750,61.1310,61.4003,63.3877,61.4003,61.9839,61.9839,63.5610,61.8466,62.3618,60.4401,60.4401,60.4070,61.9839,63.9062,61.0328,63.3246,65.1920,65.1920,66.3099,65.5515,64.6220,65.5515,63.5689,63.9062,63.8905,63.8905,64.8460,62.8172,60.8769,61.9839,58.0517,57.8705,57.7062,54.5894,54.3323,51.0392,50.0100,49.0102,47.0106,46.0977,46.2709,43.5660,43.1741,42.3792,0.0000,0.0000,0.0000,0.0000,0.0000,0.0000,0.0000,0.0000,0.0000,0.0000,0.0000,0.0000
1700000034.650000,-57.0,61.7738,60.4152,61.9112,60.5392,59.3633,58.8303,57.4282,57.6888,58.0086,57.6281,58.2580,56.7274,58.7282,58.6941,58.0000,59.4643,56.7274,57.3149,57.4891,57.6281,58.1378,58.6003,58.4123,58.8218,60.6053,58.0086,61.0328,62.2013,60.8030,62.2013,57.8014,60.4401,58.8982,59.4643,59.4643,58.0000,57.2800,56.5685,55.2268,52.4976,51.0882,52.6308,52.0096,47.8017,47.4342,45.4863,46.1411,43.8292,43.8634,42.3792,40.5216,39.8121,0.0000,0.0000,0.0000,0.0000,0.0000,0.0000,0.0000,0.0000,0.0000,0.0000,0.0000,0.0000
1700000034.700000,-62.2,63.9062,63.2456,65.1460,63.2456,61.4003,61.6847,61.3922,60.4152,59.0339,61.0000,60.2080,60.6712,60.5310,60.2993,60.0750,61.0328,60.0083,60.0083,60.0083,61.0737,60.0333,62.0725,60.0083,61.0737,62.1289,60.0750,64.1950,62.1289,64.0703,64.0703,63.0079,65.0692,63.0000,61.0000,62.0000,60.0750,59.1354,58.3095,56.3205,55.7315,54.9181,52.7731,50.9902,51.6624,48.7647,47.1275,45.8803,45.6946,44.7214,44.2945,42.7200,40.4599,0.0000,0.0000,0.0000,0.0000,0.0000,0.0000,0.0000,0.0000,0.0000,0.0000,0.0000,0.0000
1700000034.750000,-60.5,63.0714,61.1310,60.2993,61.2944,61.4003,59.4138,59.6825,58.8558,59.0339,58.9406,59.2030,57.2800,58.5235,59.2368,57.9396,60.5392,58.1808,59.0931,59.4811,57.2451,59.0339,59.0339,60.4152,60.2080,60.2080,58.8303,60.5392,61.9112,60.5392,62.7694,59.1693,60.9016,60.8276,60.3738,59.9333,59.5063,58.1808,56.4624,55.7136,53.4883,53.1413,51.5461,51.2445,48.5077,48.5077,45.5412,47.3814,45.2769,44.1022,43.0116,43.0000,40.1995,0.0000,0.0000,0.0000,0.0000,0.0000,0.0000,0.0000,0.0000,0.0000,0.0000,0.0000,0.0000
1700000034.800000,-66.0,63.7887,62.5140,64.3817,64.3817,61.2944,61.2046,61.0082,59.0000,61.0000,58.0345,60.0083,61.0737,61.0737,59.4138,61.5224,59.0339,59.0339,60.2080,59.6657,60.8769,58.9406,61.4003,59.9083,62.6418,61.4003,61.9839,62.9682,63.2456,63.8905,61.9839,62.9365,63.6003,62.9365,62.0967,60.8769,60.8769,61.8142,58.6941,56.4358,57.4282,54.3323,53.1507,54.0370,50.0400,50.0100,47.0000,47.0000,46.0977,45.5412,45.7056,43.4166,40.4969,0.0000,0.0000,0.0000,0.0000,0.0000,0.0000,0.0000,0.0000,0.0000,0.0000,0.0000,0.0000
1700000034.850000,-63.5,65.1153,61.5224,65.0692,62.9682,63.7809,59.6657,62.0081,58.4123,58.6003,59.6406,59.2030,60.4649,59.3633,59.6825,59.1693,59.9416,58.6003,59.9333,60.0083,61.4654,60.1664,60.4070,60.0083,62.3939,61.8466,61.4654,60.4070,63.2456,61.3514,63.3246,60.5392,62.9682,63.6946,61.8466,59.0931,60.8276,59.5399,58.3095,54.9181,55.2268,54.0833,52.4309,53.4135,51.0882,49.8197,46.8615,46.6690,45.2769,46.8615,44.2041,42.7200,40.7063,0.0000,0.0000,0.0000,0.0000,0.0000,0.0000,0.0000,0.0000,0.0000,0.0000,0.0000,0.0000
1700000034.900000,-61.4,58.8982,57.4891,59.4643,58.7963,58.7282,55.8659,55.8659,56.5862,55.9732,55.9732,55.9732,56.4004,56.4004,54.6443,54.6443,55.2268,54.5894,56.0803,56.3560,57.7062,55.4707,56.3649,56.3649,56.3649,57.2713,57.2713,58.1808,57.3847,57.0088,57.2713,57.6975,58.6003,56.7979,57.2451,55.4707,53.7122,55.2268,53.5350,51.6140,51.8652,49.4065,50.0000,48.9183,48.2701,45.3431,44.5533,43.8634,43.1856,41.2311,39.4081,39.1152,38.0132,0.0000,0.0000,0.0000,0.0000,0.0000,0.0000,0.0000,0.0000,0.0000,0.0000,0.0000,0.0000
1700000034.950000,-61.8,63.0079,65.0077,63.0079,65.0077,63.0714,64.0703,60.0750,59.2115,59.3043,58.4209,61.8142,59.4390,60.8769,60.8769,60.6383,58.9406,59.4811,58.2409,60.0833,60.4070,60.0833,60.7454,59.1354,62.7694,60.5392,62.7694,62.6498,62.3939,62.3939,61.8466,62.6259,63.3246,63.2456,62.6418,61.1310,59.4811,60.1664,58.4637,57.0701,56.0892,54.4518,53.4603,53.2353,50.1597,50.0000,47.0000,48.0104,46.0977,44.1814,43.5660,41.0000,42.7200,0.0000,0.0000,0.0000,0.0000,0.0000,0.0000,0.0000,0.0000,0.0000,0.0000,0.0000,0.0000
1700000035.000000,-63.2,66.2873,63.5138,66.3702,66.0379,65.3682,64.0078,62.1772,60.8358,60.5392,61.3270,62.2415,62.0322,63.5689,62.6418,61.6847,62.8172,60.8769,60.6383,62.8013,62.9682,61.9839,62.8013,62.9682,63.5059,64.7765,63.5059,66.4831,64.4981,64.4981,67.4759,64.6297,63.9531,63.9531,63.3482,64.3273,63.0635,60.1664,60.7289,58.8218,57.5674,56.3028,55.9732,53.3104,52.9245,51.8941,49.1935,47.5079,47.5079,46.0435,44.2041,43.2782,42.4500,0.0000,0.0000,0.0000,0.0000,0.0000,0.0000,0.0000,0.0000,0.0000,0.0000,0.0000,0.0000
1700000035.050000,-61.3,61.8547,60.2163,61.6117,61.0328,58.8218,57.8014,57.4891,57.4891,57.3847,56.5685,57.2800,57.2800,57.3847,58.1378,57.3847,58.0086,58.6003,57.2014,56.8595,58.2495,58.0086,58.5235,57.1402,60.0333,58.3095,60.0333,60.9016,60.5392,60.9016,60.9016,58.8303,59.3633,59.9083,58.8218,59.0762,58.0086,56.8507,54.8179,55.9732,53.7587,54.4885,50.2494,52.3259,47.3814,46.8615,46.4004,45.2217,43.6005,43.5660,42.0595,40.7185,39.2173,0.0000,0.0000,0.0000,0.0000,0.0000,0.0000,0.0000,0.0000,0.0000,0.0000,0.0000,0.0000
1700000035.100000,-64.0,62.0725,61.0328,63.0000,63.0000,61.0737,60.0083,59.0339,58.0775,58.0775,58.4209,58.6941,59.2284,58.4637,58.6941,58.6941,58.2409,59.1354,56.6127,57.5847,59.1354,58.2409,59.4643,58.5235,62.1691,59.0931,61.8466,60.9262,61.7414,60.9262,60.9262,61.4654,61.0983,61.3514,59.7746,59.2030,58.5235,57.5674,55.7853,54.5711,52.3927,51.6236,51.4781,50.4876,48.2597,48.0416,46.0000,47.0000,46.0977,44.0454,43.1045,43.4166,40.2616,0.0000,0.0000,0.0000,0.0000,0.0000,0.0000,0.0000,0.0000,0.0000,0.0000,0.0000,0.0000
1700000035.150000,-60.7,65.3682,66.3702,66.3702,66.8880,64.8999,64.3506,62.9682,61.8547,61.6117,61.2209,62.3699,62.2896,63.6553,62.9682,62.9365,62.9682,61.6198,60.8769,64.5368,62.4820,63.4114,63.4114,62.8013,63.2456,65.2150,63.6003,66.6108,66.0303,65.4599,64.6375,64.2028,65.6049,66.0681,63.7809,62.2896,61.5549,61.5549,60.1082,59.3970,58.0000,56.6392,55.3173,53.2635,51.6140,49.0918,48.5489,48.8774,47.8853,46.9574,45.6946,43.6578,43.4166,0.0000,0.0000,0.0000,0.0000,0.0000,0.0000,0.0000,0.0000,0.0000,0.0000,0.0000,0.0000
1700000035.200000,-61.3,60.8112,61.5224,60.8769,62.2415,60.2080,60.2080,59.0339,58.4123,59.2030,56.3028,58.2495,56.3028,57.3062,58.1808,57.3062,57.2451,58.6003,55.9464,58.6941,59.6154,59.2368,58.6941,57.0088,58.5235,60.7454,60.4070,61.3514,59.4643,60.4070,60.4070,61.4654,61.4654,61.3270,60.0083,59.9333,57.7062,57.7062,55.5698,54.2033,54.2033,51.3128,51.8652,49.6488,48.6004,47.6340,45.3431,45.9674,44.5533,44.5982,41.8688,41.0488,39.4462,0.0000,0.0000,0.0000,0.0000,0.0000,0.0000,0.0000,0.0000,0.0000,0.0000,0.0000,0.0000
1700000035.250000,-62.7,66.0681,66.0303,67.0075,67.0298,67.0000,64.0000,63.0714,63.1269,61.0737,62.5140,63.3877,62.9682,65.9242,61.9839,62.3699,63.0635,62.8172,62.3618,63.8905,64.1950,63.2456,64.8460,63.5689,64.2573,65.7875,63.3246,66.1287,67.4166,65.9242,67.7791,64.5136,66.4078,64.8460,63.8905,63.3246,62.8172,61.8466,60.2080,59.6825,58.0517,55.4437,56.3205,56.2228,51.0882,50.0100,50.0000,48.0000,48.0937,50.3587,46.3897,44.6430,41.7612,0.0000,0.0000,0.0000,0.0000,0.0000,0.0000,0.0000,0.0000,0.0000,0.0000,0.0000,0.0000
1700000035.300000,-58.8,67.8970,63.5059,65.1920,65.4905,66.3702,63.1981,65.0692,63.0079,63.0079,62.0000,64.0312,63.1269,63.1981,62.3939,62.3939,62.9682,61.9839,61.9839,63.5610,61.8466,62.8172,64.2884,61.8466,63.8905,63.8905,64.8460,64.8460,65.1460,65.8027,65.4599,63.8905,67.7200,65.5210,63.7887,62.8172,65.5134,63.1506,61.6604,59.6825,57.4282,57.2189,55.2268,56.0803,52.0865,51.0000,49.0102,50.0400,49.0918,46.3897,45.5412,43.6807,42.3792,0.0000,0.0000,0.0000,0.0000,0.0000,0.0000,0.0000,0.0000,0.0000,0.0000,0.0000,0.0000
1700000035.350000,-62.5,64.6607,62.8013,64.4050,62.8013,63.2456,59.6406,61.2944,60.5392,60.5392,61.7738,61.7738,59.4811,60.4152,58.6941,58.6941,61.0983,60.1664,59.2368,59.1354,60.0833,61.3514,59.7746,61.0328,61.8466,63.6003,62.0967,63.8905,63.8905,63.6003,63.6003,61.3514,63.9062,61.9839,61.8466,60.5392,61.3270,59.0931,57.2451,55.9464,55.9464,55.2268,53.5350,52.4309,49.4065,49.0408,47.5079,46.0109,45.2769,45.2769,44.0454,42.7200,40.7063,0.0000,0.0000,0.0000,0.0000,0.0000,0.0000,0.0000,0.0000,0.0000,0.0000,0.0000,0.0000
1700000035.400000,-61.8,65.7647,63.6396,63.0317,67.2681,65.1920,63.1269,63.2535,59.6657,62.0081,61.0328,62.9682,62.7694,61.7738,62.1691,62.6498,62.6099,60.8358,60.4152,61.4654,62.2415,62.6498,61.4654,60.1664,63.8905,63.8905,64.1950,64.1950,65.4599,65.4599,63.5689,64.8460,65.1920,65.3911,62.6498,62.6498,62.1691,60.4152,59.4811,59.4811,56.9386,55.5698,54.3783,53.2541,51.6140,48.4149,48.8365,48.0833,47.3814,43.8634,45.3431,44.4072,41.8808,0.0000,0.0000,0.0000,0.0000,0.0000,0.0000,0.0000,0.0000,0.0000,0.0000,0.0000,0.0000
1700000035.450000,-59.8,59.0339,58.0086,59.0000,58.0000,57.0351,56.0089,55.0818,56.1427,55.2268,55.2268,53.3385,54.5894,55.7315,54.1295,54.1295,55.3624,53.4509,53.1601,55.9732,55.0273,55.3624,55.0273,54.4059,55.1543,56.0803,56.0803,57.0088,56.0803,55.9464,56.0803,57.5847,58.1893,57.8705,55.0818,55.3624,54.5711,54.5711,53.1507,52.6118,49.6488,49.4975,48.3735,47.0956,45.0999,45.0111,42.0000,42.0476,42.1900,40.4475,40.4475,38.0789,36.4006,0.0000,0.0000,0.0000,0.0000,0.0000,0.0000,0.0000,0.0000,0.0000,0.0000,0.0000,0.0000
1700000035.500000,-64.2,64.0312,63.7809,62.9682,63.7024,60.8112,62.9365,61.5549,60.1415,60.3075,59.6657,61.2209,60.0000,61.0328,58.5235,61.0574,60.9016,60.8276,58.1808,61.7414,60.3738,60.3738,61.3270,59.5063,61.4654,61.8466,62.7694,65.1920,61.4654,65.5515,61.4654,64.4748,65.3911,63.0714,60.8358,62.6099,60.8276,59.4811,58.3095,57.9828,58.3095,52.6973,54.6443,51.6140,50.8035,50.0000,46.0977,47.4236,45.2548,43.8634,43.4166,44.2041,41.8808,0.0000,0.0000,0.0000,0.0000,0.0000,0.0000,0.0000,0.0000,0.0000,0.0000,0.0000,0.0000
1700000035.550000,-62.3,61.8466,62.4820,62.4260,63.6003,60.4649,60.2163,60.2080,59.6825,58.3095,60.3738,60.8276,60.3738,59.6154,59.6154,57.9396,58.1893,60.0833,59.1354,58.9406,59.6657,58.9406,61.3922,61.8466,61.3922,62.1691,61.1882,62.9682,62.9682,62.9682,63.1506,61.3922,62.3699,61.8466,59.9083,61.1310,59.2030,60.0833,57.2451,55.3624,53.1413,54.2310,53.7122,53.2259,49.6588,48.7647,45.2769,46.3249,44.6542,44.2041,43.2782,42.4264,40.3609,0.0000,0.0000,0.0000,0.0000,0.0000,0.0000,0.0000,0.0000,0.0000,0.0000,0.0000,0.0000
1700000035.600000,-62.7,59.4643,59.8080,61.4654,59.6154,60.4152,57.7754,56.8243,56.3560,57.8014,57.8014,56.9386,59.3633,56.8595,57.8014,56.2228,58.1378,55.3173,56.6392,57.9828,57.9828,55.9017,57.2800,56.5862,58.7282,59.4643,58.6941,58.1378,61.7171,59.6657,60.8769,58.6941,60.1415,61.5224,57.9828,58.6941,57.3847,56.0803,55.6058,54.4059,52.8015,51.6140,50.2195,51.0392,45.7930,45.6508,44.7214,45.6180,44.3847,44.3847,42.7200,41.9762,39.4588,0.0000,0.0000,0.0000,0.0000,0.0000,0.0000,0.0000,0.0000,0.0000,0.0000,0.0000,0.0000
1700000035.650000,-62.7,60.3075,60.1415,60.8276,59.4138,58.0000,56.6392,55.9732,56.0803,57.0088,57.2014,55.6058,56.3028,55.7584,55.7584,55.2268,56.3560,56.3560,56.3560,56.8595,56.8595,55.9464,57.7754,55.0364,57.3847,57.3847,57.3847,59.4643,59.4643,57.5847,57.5847,59.6154,58.6941,58.1808,57.7754,57.6975,56.3560,53.7122,53.8516,52.1536,51.8652,50.2195,50.2195,49.4065,45.6070,46.2277,43.8634,43.1856,41.7253,41.8688,42.0119,40.8167,38.4708,0.0000,0.0000,0.0000,0.0000,0.0000,0.0000,0.0000,0.0000,0.0000,0.0000,0.0000,0.0000
1700000035.700000,-59.9,59.2115,57.0351,62.0322,58.0086,59.0085,57.0088,55.0364,57.1402,56.1427,57.3149,56.3205,54.9181,57.0701,56.5155,55.1090,57.0088,54.8179,55.0818,55.6597,56.3028,56.9210,56.6480,56.6480,56.8595,60.1664,57.3847,57.7754,60.9262,57.7754,57.3847,57.9396,59.8080,58.5235,59.1354,57.8705,56.6127,55.3624,54.8179,54.3415,52.1728,50.8035,48.6621,50.4876,46.2709,45.1774,44.0454,43.0465,44.0000,41.0488,41.1947,41.7732,39.2938,0.0000,0.0000,0.0000,0.0000,0.0000,0.0000,0.0000,0.0000,0.0000,0.0000,0.0000,0.0000
1700000035.750000,-58.7,64.5601,64.5136,64.2573,64.5136,59.6154,61.8466,61.7414,60.4152,61.2699,60.3738,60.8276,61.9112,60.2080,59.3633,61.2944,60.2163,62.0081,57.2014,61.0737,59.6657,60.4401,60.9590,58.1378,62.2896,62.2896,62.2896,63.0317,63.6553,66.5282,62.2896,63.7809,65.2993,62.4820,61.2209,60.4401,60.0000,61.6117,59.3633,58.8303,58.3095,53.3385,53.2353,52.3546,51.4296,48.7545,46.2385,47.4342,45.5412,44.3847,44.9110,42.4264,41.0122,0.0000,0.0000,0.0000,0.0000,0.0000,0.0000,0.0000,0.0000,0.0000,0.0000,0.0000,0.0000
1700000035.800000,-60.9,56.0357,56.0089,56.0000,58.0000,56.0000,56.0089,55.0818,53.2353,53.3385,53.3385,53.6004,53.7587,55.9017,52.1728,53.3667,54.1202,52.8867,52.8867,53.7587,55.0273,53.7587,55.0273,54.0833,55.1543,55.1543,55.1543,56.4624,56.0803,57.3847,56.0803,56.3028,56.6480,56.6480,54.4059,55.0818,52.6308,52.6308,52.1728,50.9902,49.8197,48.5077,48.3735,48.1664,44.1022,45.0444,43.0000,43.0000,42.0119,39.1152,40.4475,38.0789,35.4401,0.0000,0.0000,0.0000,0.0000,0.0000,0.0000,0.0000,0.0000,0.0000,0.0000,0.0000,0.0000
1700000035.850000,-58.8,66.4680,63.6553,65.1153,63.7024,65.1920,59.4643,61.7171,61.8466,61.8466,61.8547,60.2163,62.7694,60.9016,63.5295,60.9016,60.3738,60.8358,60.8358,62.0322,61.7414,61.3270,63.1585,61.4654,63.2456,64.1950,61.6847,64.8460,65.1460,64.8460,65.4599,62.0322,63.9062,64.6220,63.5610,62.6498,62.6498,59.9333,59.4811,59.9416,56.8243,55.7584,54.0833,53.2541,50.0000,49.8197,48.2701,48.7955,48.1041,46.0109,43.2782,44.4072,41.3401,0.0000,0.0000,0.0000,0.0000,0.0000,0.0000,0.0000,0.0000,0.0000,0.0000,0.0000,0.0000
1700000035.900000,-64.6,62.9682,62.2977,63.8905,62.2977,62.3618,58.5235,60.8769,60.2080,61.0000,60.5310,59.8415,58.3095,60.2080,60.1332,59.0762,60.0083,59.0000,57.0000,59.0085,59.0339,59.0339,60.0750,59.0339,61.4003,60.2080,62.2013,62.2896,62.2013,62.5140,62.2013,62.1289,62.2013,62.0725,62.0322,61.0000,60.0000,59.0339,56.0803,54.2310,56.2228,54.3323,53.3385,51.6236,48.0521,47.0744,45.6070,45.6070,45.8803,44.9444,42.5441,41.1825,39.1152,0.0000,0.0000,0.0000,0.0000,0.0000,0.0000,0.0000,0.0000,0.0000,0.0000,0.0000,0.0000
1700000035.950000,-62.5,59.2368,58.6941,58.1808,59.5063,57.2713,57.2713,55.4707,55.2268,54.7083,55.7584,55.7584,55.4707,56.4004,55.6058,57.4891,54.5619,55.2268,55.9017,55.1725,56.5862,55.8659,55.9017,55.8659,57.3847,57.3149,58.1378,58.1378,58.1378,58.7963,58.1378,58.0000,58.7282,59.3970,58.0000,57.3149,55.9017,55.3173,53.9073,52.8015,54.4059,50.2195,50.2195,48.5489,46.6476,46.1411,42.4853,42.5441,43.0813,40.8534,40.8044,39.0512,37.4833,0.0000,0.0000,0.0000,0.0000,0.0000,0.0000,0.0000,0.0000,0.0000,0.0000,0.0000,0.0000
1700000036.000000,-62.7,64.6220,61.4654,62.2977,60.4070,60.0833,59.4643,59.2030,59.4390,59.4390,59.0339,59.2284,60.8276,59.4138,60.2993,57.3149,60.1332,58.0775,60.0750,57.0000,57.0000,60.0000,60.0333,60.0000,60.0750,61.0737,59.1354,62.0725,62.0725,61.1310,64.0703,60.0083,60.0000,61.0000,60.0000,60.0333,60.0750,58.1378,57.3149,55.3263,54.4518,53.7587,50.0100,53.9351,48.7647,47.8017,46.8402,45.8803,44.5982,46.0977,42.0595,42.5441,40.2244,0.0000,0.0000,0.0000,0.0000,0.0000,0.0000,0.0000,0.0000,0.0000,0.0000,0.0000,0.0000
1700000036.050000,-59.9,64.8845,65.7647,63.8122,68.0955,62.9682,64.6607,61.8547,61.2944,61.8547,61.2209,61.2209,60.9590,63.6553,62.2254,62.9365,61.5549,63.7809,60.9590,62.4820,63.2535,62.4820,63.4114,60.4401,64.0703,64.4050,66.0303,66.0303,64.4050,66.8506,63.2456,65.4370,65.4370,65.9469,63.7809,63.7024,60.9590,62.2896,59.4138,57.9828,60.1415,53.2635,57.4891,53.4135,51.6140,50.4777,48.3735,48.8774,46.5296,44.2832,43.4626,44.2719,41.0000,0.0000,0.0000,0.0000,0.0000,0.0000,0.0000,0.0000,0.0000,0.0000,0.0000,0.0000,0.0000
1700000036.100000,-64.7,64.6220,62.7694,63.9062,64.8460,61.9839,61.0328,59.9083,61.1310,59.9083,59.9083,59.0339,59.6825,60.5310,60.4070,62.3939,61.0737,61.0737,60.0333,61.0000,60.0083,59.0000,64.0000,61.0000,63.0714,64.0312,61.2046,64.1950,64.0078,65.0692,63.0714,63.0000,64.0000,64.0000,63.0079,61.1310,61.1310,61.0737,56.4358,57.4282,56.5685,54.9181,54.9181,53.1507,50.6952,49.0408,46.4866,48.7032,46.0977,46.0977,43.4166,43.2666,41.0488,0.0000,0.0000,0.0000,0.0000,0.0000,0.0000,0.0000,0.0000,0.0000,0.0000,0.0000,0.0000
1700000036.150000,-60.5,70.5762,69.8713,69.0507,68.0661,67.4685,64.3273,63.3482,65.0000,65.2533,64.8460,65.7875,63.9062,65.9242,64.0781,65.3911,64.4050,64.8845,63.5059,65.7647,65.3682,64.8845,65.8635,63.6318,66.5733,67.1193,66.5733,67.9559,68.7968,68.2642,67.7422,67.2309,68.6003,66.6483,65.2993,67.5352,65.7951,63.5610,61.4654,60.5392,62.0322,58.8727,57.8705,57.0088,52.3927,52.1728,49.6488,51.4781,49.2544,49.1630,47.0000,45.0111,44.1814,0.0000,0.0000,0.0000,0.0000,0.0000,0.0000,0.0000,0.0000,0.0000,0.0000,0.0000,0.0000
1700000036.200000,-60.1,60.8769,59.2030,58.8218,58.5235,58.8218,55.9732,55.3624,55.1543,55.5428,54.1295,56.3649,57.2451,55.5698,53.3385,53.8516,54.9181,53.5350,55.4707,55.8032,56.4004,56.4004,54.6717,54.8179,57.3847,56.7274,56.7274,58.7963,56.7274,56.7274,58.8982,57.4891,57.6281,57.6281,56.4004,55.2178,55.4707,54.3783,53.0000,52.4786,51.1077,48.7647,47.8853,48.3322,44.7772,44.7772,43.3244,42.0595,43.9659,41.7732,40.6079,39.3192,37.0000,0.0000,0.0000,0.0000,0.0000,0.0000,0.0000,0.0000,0.0000,0.0000,0.0000,0.0000,0.0000
1700000036.250000,-62.6,62.9682,61.6198,61.7171,62.3699,60.4401,59.0339,59.4054,59.0762,59.3633,59.1693,58.8303,57.8014,59.5399,59.0339,59.0339,60.0083,59.6154,57.3847,59.8080,59.4643,59.4643,59.1354,59.1354,59.7746,61.6847,59.7746,61.4003,61.4003,62.6418,61.6847,61.3514,62.2977,62.6259,60.7454,59.6154,58.6941,57.7754,55.9017,55.0091,54.5894,51.9711,52.6973,52.1536,49.4065,48.0104,47.8017,46.7547,44.6878,44.5533,42.4500,40.6079,38.8330,0.0000,0.0000,0.0000,0.0000,0.0000,0.0000,0.0000,0.0000,0.0000,0.0000,0.0000,0.0000
1700000036.300000,-60.4,63.8122,65.8635,61.7738,65.3682,63.0635,63.0714,61.2699,59.6154,61.4654,58.5235,60.7454,60.7289,62.0967,61.6117,62.0967,59.4390,61.3922,58.8558,60.6712,61.8142,61.8142,62.6498,60.5310,63.1981,64.3817,63.2851,64.2806,63.3877,66.2722,61.2944,62.8013,62.8013,63.9531,61.9839,61.1882,58.4637,59.9083,58.4637,59.2030,58.8218,54.7814,55.7136,51.6236,51.4781,47.8539,46.5296,47.0106,45.8039,45.2217,43.6005,42.5206,42.4500,0.0000,0.0000,0.0000,0.0000,0.0000,0.0000,0.0000,0.0000,0.0000,0.0000,0.0000,0.0000
1700000036.350000,-63.5,61.0328,59.9083,61.0574,61.0574,59.1693,57.8014,60.8276,56.8243,59.0339,59.5063,58.6941,57.9396,59.4643,59.1354,57.2451,59.2030,58.4637,58.4637,58.4637,59.4390,58.4637,58.8558,59.0339,60.6712,58.6941,59.6825,60.8276,60.8276,58.5491,61.8142,61.1882,63.1506,61.3922,58.6941,57.4891,59.2030,58.2409,56.3205,53.4883,54.4243,53.8516,51.0784,51.0784,47.8539,47.0106,46.6476,44.1022,44.1022,44.2041,41.8688,39.5980,39.0512,0.0000,0.0000,0.0000,0.0000,0.0000,0.0000,0.0000,0.0000,0.0000,0.0000,0.0000,0.0000
1700000036.400000,-62.6,62.9682,62.2896,63.7024,63.6553,62.2896,61.6198,61.0737,60.6053,61.0328,60.4649,61.0328,62.1289,62.4340,61.2944,60.4152,62.6099,62.1691,61.3270,60.9262,61.0983,61.4654,61.6847,61.4654,63.2456,62.6259,64.2573,63.8905,64.1950,64.1950,64.1950,62.6259,64.5136,64.2573,61.4654,61.4654,60.9262,58.6941,56.8243,57.7062,56.8243,54.7083,55.0727,54.9181,49.9300,48.2597,47.4342,47.6340,46.8615,46.6690,43.1856,44.0454,41.8808,0.0000,0.0000,0.0000,0.0000,0.0000,0.0000,0.0000,0.0000,0.0000,0.0000,0.0000,0.0000
1700000036.450000,-64.3,65.0000,65.7647,63.9766,64.4127,62.6099,62.1691,62.6498,62.6498,60.9262,60.7454,63.9062,60.7289,62.0967,60.8769,59.6657,62.3699,62.3699,61.1882,61.6604,61.9839,62.9682,62.8013,61.4003,63.1981,62.2896,62.2896,65.3758,65.3758,64.3817,65.3758,62.5140,63.9531,62.9682,62.3699,62.5859,63.0635,61.8466,57.0088,58.5235,57.2451,56.0803,53.8516,53.3104,50.9902,48.7647,48.8774,47.1699,46.6154,45.6070,44.6878,43.1393,41.7732,0.0000,0.0000,0.0000,0.0000,0.0000,0.0000,0.0000,0.0000,0.0000,0.0000,0.0000,0.0000
1700000036.500000,-60.9,64.6607,62.8013,63.0079,63.8201,64.4050,60.4649,60.4649,60.7454,60.2080,61.7738,60.8276,59.9333,61.3270,58.8727,61.4654,60.4070,61.0328,61.0328,60.4401,59.2030,59.2030,61.8466,60.8769,61.9839,63.3482,61.1882,61.9839,62.1691,63.9531,66.0984,62.5859,63.7887,63.0635,60.4401,61.9839,59.7746,59.4811,59.1354,57.5847,55.7136,55.1543,54.2310,55.0364,50.5371,47.8853,45.2769,46.8722,46.6154,44.6878,43.4166,44.5533,40.3609,0.0000,0.0000,0.0000,0.0000,0.0000,0.0000,0.0000,0.0000,0.0000,0.0000,0.0000,0.0000
1700000036.550000,-62.4,67.1863,64.7611,66.7083,64.7611,66.4906,62.3699,62.9682,61.8142,62.5140,63.2851,62.1289,63.0079,64.0312,64.0000,61.0000,62.0725,61.1310,61.0737,63.3877,62.3939,64.4981,64.7765,64.3817,63.9531,65.1153,64.3273,64.5368,68.8840,65.9242,67.0820,65.7647,65.9242,65.6201,63.3877,64.2806,64.1950,63.1269,61.0737,59.0085,58.0000,58.0000,55.0364,55.0818,52.1536,50.1597,49.4975,48.8365,48.2701,48.5077,45.8803,44.9444,42.4853,0.0000,0.0000,0.0000,0.0000,0.0000,0.0000,0.0000,0.0000,0.0000,0.0000,0.0000,0.0000
1700000036.600000,-60.9,63.7887,58.5491,62.2896,60.2993,60.2080,57.2189,59.0339,60.0333,58.0086,59.0000,57.0351,57.0789,59.2115,57.5587,57.4282,58.0517,57.0701,58.4637,56.7539,59.4390,58.4637,58.9406,57.2800,59.7746,59.4811,59.2030,58.8218,63.2456,60.4401,62.2977,59.2030,61.1310,61.8466,58.2495,58.4637,60.0167,56.0892,56.7186,54.5894,53.4603,54.1479,50.1597,52.0865,47.0425,48.0000,45.0999,46.0977,43.1045,43.4166,41.9762,40.5216,39.2173,0.0000,0.0000,0.0000,0.0000,0.0000,0.0000,0.0000,0.0000,0.0000,0.0000,0.0000,0.0000
1700000036.650000,-56.5,61.3270,62.7694,62.0322,62.3939,59.4643,58.8218,59.7746,58.2409,58.9406,58.6941,57.7235,57.2713,57.8705,59.6825,59.4138,58.2151,59.2115,58.0775,60.0083,59.0000,61.0000,59.0000,57.0088,60.0083,62.0000,59.0000,62.0322,59.0339,62.0322,61.0082,61.0000,62.0000,61.0082,60.0083,59.0339,58.1378,58.3095,56.4358,54.5894,55.5788,52.6118,52.9528,51.4198,48.5077,46.8402,44.2719,46.2385,44.3847,42.4853,41.1825,41.8808,40.0000,0.0000,0.0000,0.0000,0.0000,0.0000,0.0000,0.0000,0.0000,0.0000,0.0000,0.0000,0.0000
1700000036.700000,-62.7,63.3246,64.2884,59.2284,62.5859,61.1882,61.3922,58.8558,60.6712,60.8276,58.4209,60.2993,59.1354,59.0762,59.0000,61.0000,60.0333,61.0328,57.0000,60.1332,59.2115,61.1310,61.1310,60.2080,60.5310,61.2046,62.3939,63.3877,62.2896,64.3817,61.2944,63.0714,61.0737,64.0312,61.0000,61.0000,58.0000,60.0333,57.0789,56.1427,57.4282,54.5894,54.5894,50.9902,49.2443,48.5077,44.2719,46.4866,45.3100,43.3820,42.9418,41.0488,40.2244,0.0000,0.0000,0.0000,0.0000,0.0000,0.0000,0.0000,0.0000,0.0000,0.0000,0.0000,0.0000
1700000036.750000,-64.8,65.8027,63.8905,65.1920,63.2456,61.4654,60.0833,59.6154,60.4152,59.0931,60.3738,59.4811,60.0333,59.1693,60.2080,59.9083,61.6117,59.2030,58.6003,59.0339,59.6657,60.4401,60.9590,58.8982,60.1415,62.2896,62.2896,63.6396,63.6553,62.9682,62.9682,61.6198,63.7809,62.3699,61.8466,62.8013,59.2030,59.6406,58.2495,57.1402,54.9181,54.2033,53.3385,52.3546,50.5371,47.0106,45.3100,46.4866,44.5982,43.6807,42.9535,43.4166,42.0476,0.0000,0.0000,0.0000,0.0000,0.0000,0.0000,0.0000,0.0000,0.0000,0.0000,0.0000,0.0000
1700000036.800000,-62.8,66.0303,65.4599,65.1920,66.8506,63.2851,63.8122,62.7694,61.7738,61.2699,59.5063,62.6498,61.4654,63.3246,61.9839,60.7454,61.9839,63.3246,60.4401,62.5859,61.8466,62.8172,62.3699,62.3699,64.9384,65.9242,64.9384,65.7647,64.9384,65.9242,63.9531,64.5368,66.0984,65.7343,63.0635,63.0635,61.1310,62.9365,60.0833,59.1354,56.6480,56.0803,55.9464,55.0364,52.3259,50.5371,48.0208,47.7074,46.6154,45.8039,44.8219,43.1393,41.8688,0.0000,0.0000,0.0000,0.0000,0.0000,0.0000,0.0000,0.0000,0.0000,0.0000,0.0000,0.0000
1700000036.850000,-60.8,65.7647,65.0692,65.7951,65.8559,63.7809,62.6259,59.6657,62.2013,62.8013,61.2944,60.7454,62.7694,60.9016,62.6498,62.1772,61.3270,62.2415,61.7414,60.5392,61.4654,61.4654,62.9682,62.2977,62.6418,63.8905,63.6003,66.2193,65.8027,65.8027,64.8460,62.9365,64.8460,64.8460,63.3246,62.7694,60.5392,59.6154,60.3738,58.5918,56.8243,55.0727,54.7083,54.9181,50.7740,50.4777,48.4149,48.4149,48.1664,45.9674,43.8406,43.4166,40.8044,0.0000,0.0000,0.0000,0.0000,0.0000,0.0000,0.0000,0.0000,0.0000,0.0000,0.0000,0.0000
1700000036.900000,-60.7,63.2851,62.2656,61.7738,61.7738,62.1691,59.4811,59.9333,58.6941,58.6941,57.9396,60.1664,59.4643,57.2451,59.4811,56.7539,58.4637,59.0339,58.0517,57.8705,59.8415,59.8415,58.5491,60.5310,60.2993,59.4138,59.3043,61.2944,61.4003,62.2896,63.2851,60.6712,61.6604,60.6712,60.8276,60.0167,59.4390,57.4891,55.6597,55.6597,53.4509,52.8110,50.5964,51.6236,48.8467,47.0106,44.2832,45.1774,45.7930,43.5660,42.8019,41.1096,40.3113,0.0000,0.0000,0.0000,0.0000,0.0000,0.0000,0.0000,0.0000,0.0000,0.0000,0.0000,0.0000
1700000036.950000,-62.9,64.5368,62.1691,64.7765,61.9839,63.6396,61.6604,61.4003,59.1354,60.0750,61.0082,61.0000,60.0750,61.0328,60.1332,59.0762,63.2851,59.4138,61.4003,57.8705,61.0000,60.8276,60.2080,62.1691,62.5859,61.3922,59.9083,61.8466,63.0635,60.8769,66.9403,62.5859,62.3699,61.9839,61.8142,61.6604,61.4003,58.4209,58.2151,57.1402,56.0357,56.0000,52.0000,55.0000,49.0918,50.0899,46.1736,48.3735,45.7056,47.2969,43.4166,42.3792,41.2311,0.0000,0.0000,0.0000,0.0000,0.0000,0.0000,0.0000,0.0000,0.0000,0.0000,0.0000,0.0000
1700000037.000000,-63.0,60.5392,60.8358,62.1691,60.3738,57.7062,58.5918,58.3095,57.4543,59.3633,56.8595,57.6888,56.6127,56.4004,56.8507,56.0803,58.0000,57.2800,57.3847,55.8659,57.2800,57.2800,58.7282,55.8659,57.3847,60.2080,58.0517,61.0737,61.0737,59.6657,60.9590,59.4138,59.4138,59.4138,58.6941,57.9828,58.0517,56.7274,55.4437,53.4135,53.4135,51.6140,51.0392,49.9300,47.1699,46.1411,46.0652,44.7214,43.4626,42.7200,40.8044,39.8121,38.3275,0.0000,0.0000,0.0000,0.0000,0.0000,0.0000,0.0000,0.0000,0.0000,0.0000,0.0000,0.0000
1700000037.050000,-60.3,62.0322,62.0000,61.0000,64.0000,61.0328,60.0333,59.1354,58.3095,59.3043,57.8705,58.6941,59.6825,60.0167,58.4637,57.4891,57.2800,59.4811,58.8218,59.4643,59.4643,58.8218,59.2368,57.2451,60.5392,61.4654,60.9262,60.9262,63.1585,62.7694,59.6154,60.7454,62.6259,61.6847,60.0833,59.4811,56.0446,58.6941,57.2713,54.9181,55.1090,51.4781,51.4781,50.3587,49.1630,48.0416,46.0435,45.0000,45.0999,44.1814,43.1856,41.9762,39.5601,0.0000,0.0000,0.0000,0.0000,0.0000,0.0000,0.0000,0.0000,0.0000,0.0000,0.0000,0.0000
1700000037.100000,-63.1,63.6003,62.8013,63.0317,63.8905,61.6198,59.6657,59.4643,60.2080,58.0000,58.6941,59.5483,59.0339,60.4401,59.2030,57.8014,59.3633,59.6825,58.2495,58.3095,59.3633,59.3633,59.1693,58.3095,60.8276,61.2944,62.6099,60.8276,62.1772,60.8276,63.0635,62.2656,61.9112,61.5873,60.4649,60.4649,62.2013,58.8218,55.6058,55.6058,54.8179,53.9073,53.0377,53.0377,47.3814,48.2701,44.0454,46.4004,45.4863,44.4185,43.9090,43.3820,39.0000,0.0000,0.0000,0.0000,0.0000,0.0000,0.0000,0.0000,0.0000,0.0000,0.0000,0.0000,0.0000
1700000037.150000,-62.2,65.0000,62.2656,62.6498,64.8845,62.6099,62.6099,61.3270,60.4152,60.5392,59.4643,59.7746,61.1310,62.0967,60.8769,61.6117,60.4152,61.0000,57.8705,62.6498,60.8276,60.8276,60.4070,58.3095,64.0312,63.0714,67.1193,63.0714,63.0714,66.0681,64.1249,64.2806,64.2806,63.5059,61.8142,61.0000,58.8558,60.8276,58.8558,58.0517,56.5155,53.8516,54.4059,52.4976,49.9800,51.0784,47.4236,46.9574,45.6508,44.2945,44.4185,42.0119,41.1096,0.0000,0.0000,0.0000,0.0000,0.0000,0.0000,0.0000,0.0000,0.0000,0.0000,0.0000,0.0000
1700000037.200000,-58.7,64.8845,63.6318,64.6607,64.6607,63.8122,61.2944,60.4649,61.2944,60.2163,60.3075,63.1269,62.2896,60.1415,60.1082,62.9365,62.2896,62.2896,59.4643,61.8466,62.6259,59.6657,62.4820,60.9590,63.8201,63.6003,63.6003,63.6003,64.4050,64.4050,66.4003,64.2028,65.9469,65.2993,63.7024,63.6553,63.6396,60.8276,60.1082,57.3149,56.6392,56.6392,54.0370,54.0370,51.6140,49.0918,48.7647,47.4131,46.9574,45.3100,44.9444,42.7200,41.7732,0.0000,0.0000,0.0000,0.0000,0.0000,0.0000,0.0000,0.0000,0.0000,0.0000,0.0000,0.0000
1700000037.250000,-65.7,64.4438,60.9590,63.4114,61.2209,63.4114,61.4003,59.6406,59.9083,59.3633,58.8303,59.1693,60.0333,60.8276,59.0339,59.9333,60.4152,58.6941,58.3095,60.4070,59.4643,59.8080,60.0833,60.4070,61.6847,61.9839,61.6847,61.6847,61.1310,63.8905,61.0328,62.2977,62.6259,60.7454,60.5392,59.6154,60.4152,59.9333,58.5918,56.8243,55.5698,53.8516,53.0000,52.1536,50.0000,48.4149,46.0109,48.2701,46.0109,44.5982,44.0454,42.2019,39.9625,0.0000,0.0000,0.0000,0.0000,0.0000,0.0000,0.0000,0.0000,0.0000,0.0000,0.0000,0.0000
1700000037.300000,-63.2,61.3514,61.6847,61.4003,63.3246,61.1310,60.6383,59.4390,57.0701,58.6941,57.5587,57.7062,59.4138,59.2115,59.2115,59.0762,59.0339,59.0000,58.0000,59.0339,60.0333,59.0339,60.0750,58.0345,61.2944,60.0750,60.2080,62.2013,62.2013,62.2896,62.2013,63.0317,62.0322,62.0081,59.0000,60.0000,58.0345,59.0339,58.1378,56.3205,56.3205,51.6236,52.6118,50.8035,48.2701,48.5077,45.2217,46.8188,44.0114,43.4626,42.9418,41.1825,39.4081,0.0000,0.0000,0.0000,0.0000,0.0000,0.0000,0.0000,0.0000,0.0000,0.0000,0.0000,0.0000
1700000037.350000,-63.7,60.4401,60.4401,61.6117,62.2013,62.4260,57.4282,58.3095,59.1693,57.8014,56.8243,58.1808,58.1378,58.6003,58.6941,56.4624,59.4643,58.1893,58.5235,57.5674,58.2409,57.5674,57.9741,57.2800,59.6657,60.8769,58.9406,61.3922,61.3922,60.1664,61.1310,62.0967,61.1310,59.4811,59.7746,60.4070,59.8080,58.3095,55.1543,52.8015,52.3259,52.8394,51.1077,51.6236,48.0208,46.0435,45.8039,45.0000,43.2782,44.5982,42.4264,41.2311,39.6611,0.0000,0.0000,0.0000,0.0000,0.0000,0.0000,0.0000,0.0000,0.0000,0.0000,0.0000,0.0000
1700000037.400000,-62.4,63.0079,63.6003,62.4820,63.8905,61.7171,61.0737,60.2080,60.1415,58.7282,60.1415,60.9590,59.6657,62.2013,60.2163,60.2163,60.7454,59.3633,57.4543,59.6825,59.5399,61.4003,61.9112,58.6686,63.0714,62.6099,61.2699,62.6498,63.9766,62.6498,63.5610,62.1691,64.4127,63.1348,61.4003,61.0574,59.3633,59.6825,58.2495,56.0357,57.4282,54.2033,52.6308,52.6308,48.2701,48.8365,45.9674,46.6905,46.0977,43.4166,43.4166,44.1022,42.9418,0.0000,0.0000,0.0000,0.0000,0.0000,0.0000,0.0000,0.0000,0.0000,0.0000,0.0000,0.0000
1700000037.450000,-65.1,61.0574,60.2080,62.4340,60.4649,60.4649,56.6127,59.0762,58.4123,57.8014,57.3847,57.4891,58.7282,59.3970,58.7282,56.5685,56.7274,56.7274,58.2580,57.8014,58.6003,57.8014,57.8014,59.2030,60.4649,59.6406,59.0762,59.6406,62.4260,60.4649,63.8201,59.4054,60.4401,59.8164,60.2080,58.7282,58.0517,58.7282,56.5685,54.4885,53.1507,53.2635,51.0882,50.6063,48.0104,46.8722,45.4863,45.2769,44.7214,44.2832,43.0813,42.0595,39.0512,0.0000,0.0000,0.0000,0.0000,0.0000,0.0000,0.0000,0.0000,0.0000,0.0000,0.0000,0.0000
1700000037.500000,-60.1,66.6108,63.3877,67.2681,66.2722,64.1249,63.0714,61.0328,63.0079,63.0317,63.0000,61.0328,61.2944,61.4003,61.6604,60.6712,62.3699,60.2080,61.1882,61.4003,62.3618,60.8769,61.9839,62.3618,65.4599,63.5689,61.9839,64.5136,65.1920,64.5136,64.5136,61.9839,63.8905,63.8905,62.8172,62.3618,62.5859,60.4152,60.8276,57.4282,57.4282,54.4518,54.4518,54.1479,50.0899,49.0408,48.0000,49.0408,47.0956,46.3897,44.9110,43.4166,40.8044,0.0000,0.0000,0.0000,0.0000,0.0000,0.0000,0.0000,0.0000,0.0000,0.0000,0.0000,0.0000
1700000037.550000,-62.5,63.5610,58.9406,64.5601,59.7746,62.9365,59.1354,60.7454,58.6941,58.3095,60.4152,58.6003,59.9416,60.4152,58.6686,56.0803,61.5873,56.8595,60.2163,58.6003,59.4054,59.2030,59.2030,59.8164,60.3075,60.4401,58.8982,60.1415,63.0317,60.9590,63.0317,59.6657,63.2535,61.2209,60.8030,60.6053,60.4649,58.5235,57.3062,55.5698,52.8394,55.0091,50.5371,53.2259,48.3322,47.5395,46.2385,46.1736,44.6430,46.3249,43.9318,41.1947,39.0512,0.0000,0.0000,0.0000,0.0000,0.0000,0.0000,0.0000,0.0000,0.0000,0.0000,0.0000,0.0000
1700000037.600000,-59.6,63.9766,63.5610,62.3939,63.9766,59.8080,62.3939,58.5235,60.0833,58.1893,57.7235,59.4390,59.0339,59.6825,59.5399,59.5399,60.4070,61.1310,57.1402,60.0750,61.0737,60.0750,60.0333,59.0000,61.0737,61.0082,62.0081,63.0079,61.0328,65.0000,61.0082,61.0082,62.0081,62.0725,61.1310,60.1332,58.2151,60.2080,57.3149,54.4518,56.7186,53.1507,53.1507,51.1957,51.9230,49.3356,45.8803,45.3100,45.1885,43.3820,42.4853,39.4462,41.0488,0.0000,0.0000,0.0000,0.0000,0.0000,0.0000,0.0000,0.0000,0.0000,0.0000,0.0000,0.0000
1700000037.650000,-66.1,59.3043,61.5224,59.8415,61.8142,58.2495,58.0517,57.7235,58.2409,57.2800,55.6597,56.9210,57.9396,58.3095,57.0088,58.1808,56.3649,58.1378,56.3560,57.3062,56.0803,56.9386,56.9386,56.9386,57.6888,59.9083,58.5235,61.0328,60.4649,62.4260,58.8218,60.2080,60.2080,60.2080,58.6686,58.5918,56.3560,56.7979,55.9464,54.6260,53.3104,51.2640,51.2640,50.5964,47.4342,46.5725,44.9110,44.9110,43.5660,42.2966,40.0125,40.0000,40.1123,0.0000,0.0000,0.0000,0.0000,0.0000,0.0000,0.0000,0.0000,0.0000,0.0000,0.0000,0.0000
1700000037.700000,-60.9,63.2456,64.1950,63.3246,63.9062,62.7694,60.1664,59.5063,59.0339,59.5063,59.4811,59.9416,59.6825,59.3633,59.6406,60.4649,59.4054,58.6003,58.6003,59.8164,59.8164,59.0339,61.8466,59.6657,61.5549,62.2896,62.2896,62.3699,61.5549,64.3817,63.0317,63.1269,62.6259,63.4114,62.0081,61.6117,61.0328,59.0762,57.4543,56.4358,55.9464,53.7122,54.5619,51.4781,50.1597,48.7032,46.4866,48.3839,46.5725,44.1475,44.5533,43.1856,41.0000,0.0000,0.0000,0.0000,0.0000,0.0000,0.0000,0.0000,0.0000,0.0000,0.0000,0.0000,0.0000
1700000037.750000,-59.3,62.5140,62.5140,62.2013,62.2013,61.2046,59.0762,59.0762,58.0086,58.0000,58.0086,59.0339,59.0339,58.2151,56.5685,57.4282,56.8858,58.0517,55.9017,57.2713,58.6941,57.4891,57.7235,58.9406,58.5235,60.4401,58.5235,61.6847,61.6847,61.6847,60.4401,60.4401,61.4003,60.4152,59.2284,58.0517,59.0339,58.5491,55.5788,55.2268,53.2353,52.1536,51.0882,51.0392,47.0000,47.0106,45.0444,44.2832,44.5533,43.9318,40.7922,40.2616,38.6264,0.0000,0.0000,0.0000,0.0000,0.0000,0.0000,0.0000,0.0000,0.0000,0.0000,0.0000,0.0000
1700000037.800000,-62.6,61.6117,63.0079,63.2535,64.5368,61.8466,60.2080,61.6198,60.1082,59.3970,58.0517,60.8769,59.6657,60.4401,60.8030,60.0000,59.6406,60.4649,59.3633,60.2080,59.6825,60.9016,61.7738,59.5399,61.2699,62.6099,60.3738,63.0714,63.0714,63.9766,63.0714,61.7171,63.5295,63.0635,61.4003,61.0574,60.0333,59.3633,57.4282,56.0357,57.2014,53.4135,53.2635,51.7397,50.2494,47.3814,47.3814,46.7547,45.4533,44.2041,43.8292,43.0465,41.5933,0.0000,0.0000,0.0000,0.0000,0.0000,0.0000,0.0000,0.0000,0.0000,0.0000,0.0000,0.0000
1700000037.850000,-62.7,67.2681,64.5368,65.9469,65.9469,64.5368,62.4820,62.8013,62.8013,62.8013,62.1289,61.5873,60.9016,61.7738,62.6099,60.8276,61.7414,61.7414,62.2415,62.3939,61.3270,62.2415,62.7694,62.0322,63.8905,65.1460,64.1950,64.8460,66.1287,66.1287,65.7875,63.6946,66.8506,64.8845,63.0714,61.2944,61.2699,61.2699,61.2944,58.6686,57.4543,56.6127,53.8238,52.2015,50.6063,51.0882,48.7955,48.0833,46.0109,46.0977,44.8219,44.6542,40.8167,0.0000,0.0000,0.0000,0.0000,0.0000,0.0000,0.0000,0.0000,0.0000,0.0000,0.0000,0.0000
1700000037.900000,-62.0,63.0635,61.1310,62.6418,61.9839,59.4643,58.1893,58.8727,58.3095,57.9396,57.2713,59.4811,57.3062,58.6686,58.3095,59.1693,57.9828,57.1402,56.3028,58.6003,58.6003,58.0086,59.2030,57.8014,60.9590,60.2080,60.9590,61.0737,62.3699,59.4643,60.9590,59.8164,60.3075,62.2013,60.2163,59.9083,57.9828,57.1402,55.5698,55.0727,54.2033,52.3259,51.8941,51.0784,48.1041,47.5395,45.2217,44.3847,44.1475,43.5660,41.5933,42.1070,40.0000,0.0000,0.0000,0.0000,0.0000,0.0000,0.0000,0.0000,0.0000,0.0000,0.0000,0.0000,0.0000
1700000037.950000,-65.3,62.2896,63.6553,62.9682,65.7951,62.3699,60.3075,58.4123,60.0000,60.8030,58.8218,60.2163,60.4649,60.2080,59.6825,60.9016,61.2944,58.5918,59.0339,59.5063,60.0083,61.3270,61.4654,58.6941,61.4654,62.3939,61.4654,63.9062,63.3246,65.1920,62.3939,62.6498,61.8466,64.4748,61.2699,60.3738,59.0593,58.3095,57.1402,56.3028,56.3028,53.2541,52.2015,52.0096,49.6790,46.8615,46.7547,46.6690,45.2769,44.0454,42.2019,42.1900,40.2492,0.0000,0.0000,0.0000,0.0000,0.0000,0.0000,0.0000,0.0000,0.0000,0.0000,0.0000,0.0000
1700000038.000000,-61.9,63.6396,62.9365,62.2896,64.3506,61.6198,60.3075,59.0339,58.4123,59.4054,58.6003,60.4649,61.2944,61.5873,59.6825,58.6686,60.3738,61.2699,59.0339,60.4152,60.9262,60.5392,61.4654,58.6941,61.4654,62.7694,61.4654,61.6847,62.9682,62.9682,63.5689,62.7694,62.3939,62.2415,61.2699,60.3738,58.5918,59.0593,58.3095,56.6039,54.9181,54.0833,54.9181,52.4309,49.8197,48.2701,46.7547,47.3814,45.2548,43.2782,43.4166,42.7200,39.8246,0.0000,0.0000,0.0000,0.0000,0.0000,0.0000,0.0000,0.0000,0.0000,0.0000,0.0000,0.0000
1700000038.050000,-62.9,67.2012,64.0312,65.9469,65.9469,65.1920,62.3699,63.7024,61.5224,62.2415,61.5549,61.5549,61.7171,62.4820,61.2209,60.8030,64.8999,62.1289,62.4340,61.0574,63.2851,61.5873,62.2656,63.2851,64.4127,64.8845,64.4127,65.2993,66.1891,64.8845,68.0000,63.2851,65.3682,63.2851,64.8999,63.5138,63.0079,61.0328,59.8164,58.2580,56.7274,58.0517,53.7587,54.4885,51.6236,49.5782,48.2701,48.4149,48.8262,47.7074,45.2769,43.4626,41.2311,0.0000,0.0000,0.0000,0.0000,0.0000,0.0000,0.0000,0.0000,0.0000,0.0000,0.0000,0.0000
1700000038.100000,-62.5,63.0317,60.0083,63.0000,60.0000,61.0737,57.0088,59.2115,58.2151,59.3043,58.3095,57.5587,57.8705,56.8858,57.7235,56.5155,58.2409,57.2800,57.8705,57.2451,57.9396,58.8727,58.8727,57.2451,58.3095,60.1664,59.6154,61.4654,61.4654,59.6154,62.3939,59.4643,61.0983,61.3514,60.4070,59.4811,58.2409,55.5428,57.2713,55.1090,52.9528,51.6236,50.6360,53.3385,48.0937,47.0956,46.0109,45.0000,45.0444,43.2897,41.7732,41.2311,38.8973,0.0000,0.0000,0.0000,0.0000,0.0000,0.0000,0.0000,0.0000,0.0000,0.0000,0.0000,0.0000
1700000038.150000,-61.5,61.8466,63.1585,62.2415,63.5610,61.2699,61.2699,60.3738,61.7738,60.9016,58.2495,59.9083,60.2163,60.8030,59.0339,60.3075,58.0517,60.1082,58.0000,60.1082,60.1082,60.1082,60.8769,58.0517,59.6657,63.1269,61.0737,63.4114,62.6259,64.2028,60.4401,63.8905,64.5368,61.6198,61.6198,61.5224,60.1082,59.3970,58.0000,55.9732,56.6392,52.6308,53.4135,52.0096,51.0392,47.1699,46.6476,47.0106,45.6180,42.5441,44.0114,43.0116,41.2311,0.0000,0.0000,0.0000,0.0000,0.0000,0.0000,0.0000,0.0000,0.0000,0.0000,0.0000,0.0000
1700000038.200000,-62.1,61.7171,60.9590,61.7171,61.8466,60.6053,58.2580,58.0086,58.6003,57.4282,56.6039,59.6825,57.8014,59.4811,57.6975,58.5918,58.6941,57.7754,58.6941,58.5235,61.4654,58.6941,60.1664,57.5847,61.9839,62.2977,60.0833,61.3514,61.9839,62.2977,62.9365,60.4070,61.0983,61.4654,60.0083,59.5063,60.3738,58.1378,55.9464,54.5894,53.7122,52.6973,52.4309,49.4065,47.0106,47.6340,45.2769,45.9674,44.5533,41.7732,41.8688,40.2244,40.3113,0.0000,0.0000,0.0000,0.0000,0.0000,0.0000,0.0000,0.0000,0.0000,0.0000,0.0000,0.0000
1700000038.250000,-61.2,56.5685,56.5685,57.2189,59.3043,56.2228,56.1427,55.1453,56.0357,55.0091,53.0000,55.0364,54.0833,53.1507,55.2268,55.2268,53.6004,53.6004,53.6004,54.1295,55.1090,54.1295,54.1295,53.3667,55.7853,55.7853,55.7853,56.5155,57.7235,57.7235,58.6941,57.2713,56.8858,57.8705,56.5685,56.5685,55.2268,56.3205,53.0848,53.0377,52.0384,49.0000,47.0000,48.0104,46.0435,45.2769,41.4367,41.7732,42.2019,41.4849,39.8497,38.6264,36.6742,0.0000,0.0000,0.0000,0.0000,0.0000,0.0000,0.0000,0.0000,0.0000,0.0000,0.0000,0.0000
1700000038.300000,-58.6,67.4166,63.2851,65.3682,64.8845,64.4127,62.6498,63.9531,64.4050,63.0714,62.2415,60.5392,63.3246,62.2977,62.2977,61.9839,64.0312,62.8172,62.8172,62.1691,62.1691,62.1691,63.9531,62.9682,63.7887,64.9384,63.9531,63.9531,66.9104,65.9242,65.7647,63.1506,66.4906,66.4906,63.5610,64.0312,63.8905,62.9365,59.1354,57.9396,57.3847,57.7754,54.6260,55.9017,52.3546,50.5371,48.8774,49.6488,48.4149,48.4149,46.0109,45.9674,42.6380,0.0000,0.0000,0.0000,0.0000,0.0000,0.0000,0.0000,0.0000,0.0000,0.0000,0.0000,0.0000
1700000038.350000,-58.9,62.3699,65.3070,62.8013,64.9384,62.5140,60.6712,60.2993,60.1332,60.0750,60.0000,60.0333,60.0000,60.0083,61.0737,60.2080,60.6712,60.5310,58.6941,60.8276,60.2080,60.8276,61.1882,60.4152,60.6383,61.8466,62.0967,62.0967,65.0000,63.3246,64.0312,61.6117,60.6383,63.3482,60.2080,60.8276,60.6712,60.4070,58.3095,57.1402,57.1402,54.0370,52.0384,52.0096,50.0100,47.0425,46.1736,47.1699,47.3814,44.7214,44.1475,41.7612,41.2311,0.0000,0.0000,0.0000,0.0000,0.0000,0.0000,0.0000,0.0000,0.0000,0.0000,0.0000,0.0000
1700000038.400000,-60.8,62.9682,62.3699,62.8013,63.2535,62.0081,61.4003,60.4649,59.9083,59.3633,58.8303,59.3633,59.1693,60.4152,59.4811,58.6003,58.6941,60.5392,57.9396,60.0833,61.0328,59.1354,59.2030,58.1893,61.1310,61.9839,62.6418,61.8466,62.8172,63.3246,60.8769,63.3246,63.0635,61.6847,60.0833,60.4070,60.1664,59.6154,58.1808,55.4617,56.3649,53.6656,52.3546,51.4781,50.6063,49.3964,47.7074,47.2017,44.2041,43.9318,42.4264,41.1096,40.2244,0.0000,0.0000,0.0000,0.0000,0.0000,0.0000,0.0000,0.0000,0.0000,0.0000,0.0000,0.0000
1700000038.450000,-60.9,62.1691,60.8358,62.2415,61.7414,60.5392,60.9262,59.4643,59.1354,59.1354,59.2030,59.9083,57.7235,59.0339,58.6941,59.8415,59.3043,58.3095,57.5587,59.1354,58.0775,59.1354,59.0762,59.0085,62.0000,61.0000,60.0083,62.0000,62.0000,63.0000,60.0000,61.0000,62.0081,62.0322,60.2080,59.2115,59.3043,58.3095,56.5685,56.5685,54.9181,54.1295,52.3927,51.4198,47.8017,49.0408,46.2385,45.3100,44.3847,42.4853,41.1825,42.4382,40.0000,0.0000,0.0000,0.0000,0.0000,0.0000,0.0000,0.0000,0.0000,0.0000,0.0000,0.0000,0.0000
1700000038.500000,-63.6,62.9365,62.6259,63.3246,61.3514,61.4654,60.1664,60.0083,59.9333,59.4811,59.0593,59.1693,59.3633,58.8218,59.6406,58.8218,60.0000,59.0339,58.4123,59.6657,59.5483,57.3847,58.7963,58.0517,60.1082,60.8769,62.2896,61.5549,61.5549,61.5549,62.9682,60.8276,61.5549,62.2896,60.3075,60.3075,60.4401,59.6657,56.4004,54.6443,53.2541,52.4786,53.3385,52.4786,48.3011,50.0899,46.0977,46.0977,44.5982,43.6807,43.4166,41.0000,40.3113,0.0000,0.0000,0.0000,0.0000,0.0000,0.0000,0.0000,0.0000,0.0000,0.0000,0.0000,0.0000
1700000038.550000,-62.8,63.7809,64.4438,65.7647,65.7647,64.3506,62.9682,60.8276,62.2896,63.8905,61.4003,62.0081,62.6817,63.8122,63.2851,63.2851,61.2944,61.7738,59.9416,63.0714,61.2699,62.6099,65.7951,60.4152,63.9062,65.1920,65.1920,68.3520,65.1920,65.5515,65.1920,65.1920,66.3099,64.8845,63.5059,63.9531,62.1691,62.6498,60.9016,60.4152,59.1693,55.7584,56.0357,53.6004,51.2250,49.8197,48.9183,49.5177,46.6905,44.5982,44.0454,42.8019,43.0465,0.0000,0.0000,0.0000,0.0000,0.0000,0.0000,0.0000,0.0000,0.0000,0.0000,0.0000,0.0000
1700000038.600000,-62.0,65.2763,61.2944,64.0703,64.0703,62.0725,60.0083,60.0000,60.0000,60.0333,60.0750,60.2993,61.2944,59.8415,58.0517,58.8558,61.3922,60.6383,59.9083,59.2030,59.4811,62.0967,60.4401,59.4811,61.0983,62.0322,63.9062,62.3939,64.2573,64.2573,64.8460,62.2977,63.2456,63.8905,60.1664,60.6383,60.4152,59.4390,58.0517,56.8858,53.7587,54.3323,54.3323,52.2398,50.0899,50.0000,47.0000,46.0109,45.0999,44.4072,43.5660,42.2019,38.8973,0.0000,0.0000,0.0000,0.0000,0.0000,0.0000,0.0000,0.0000,0.0000,0.0000,0.0000,0.0000
1700000038.650000,-60.7,67.0298,66.0681,65.3758,65.2763,65.4905,63.5059,61.6604,60.0167,61.9839,61.6117,62.5859,60.8769,62.9365,63.2456,64.1950,61.6847,64.0781,61.8466,60.8358,62.6498,60.8358,63.0714,63.0714,62.6498,63.9531,63.5059,66.6483,65.7419,66.1891,63.9531,63.0714,64.8845,66.3099,62.7694,65.1920,60.7454,61.6847,59.4811,57.9741,57.9741,56.0892,55.1090,53.9351,50.4876,50.3587,49.0918,49.0408,49.0000,47.0000,44.1022,45.3982,43.1741,0.0000,0.0000,0.0000,0.0000,0.0000,0.0000,0.0000,0.0000,0.0000,0.0000,0.0000,0.0000
1700000038.700000,-64.8,61.4003,61.4003,63.7887,61.8142,61.9839,61.0000,59.4390,58.9406,58.9406,58.8218,58.8218,58.8727,58.8727,57.7754,58.3095,60.3738,59.9333,59.9333,59.5399,59.0593,58.1808,60.9016,59.1693,61.2944,61.0574,61.5873,62.6817,63.8122,62.4340,62.1289,61.4003,61.7738,61.7738,60.8276,61.2699,59.4811,58.1808,57.9396,57.3847,54.4243,53.7587,53.7587,51.9230,48.2701,47.2969,46.5296,45.5412,45.0999,44.1022,44.0000,42.0119,41.1947,0.0000,0.0000,0.0000,0.0000,0.0000,0.0000,0.0000,0.0000,0.0000,0.0000,0.0000,0.0000
1700000038.750000,-65.2,65.1920,66.6033,65.4370,66.7083,65.4370,64.8151,64.4050,61.2944,62.1289,62.7694,63.2851,63.5295,63.5059,63.0714,62.6099,63.0714,62.2415,61.4654,62.6259,62.3939,62.2977,62.2977,62.2977,65.8027,64.8460,65.5210,67.7200,63.8905,65.1460,65.8027,65.7875,65.7875,64.5136,64.2573,65.0000,62.2415,62.6498,61.2699,59.0593,57.7062,57.4543,56.0803,53.8516,52.6973,50.8035,48.4149,49.0408,48.7955,47.3814,45.2769,44.6878,41.6173,0.0000,0.0000,0.0000,0.0000,0.0000,0.0000,0.0000,0.0000,0.0000,0.0000,0.0000,0.0000
1700000038.800000,-60.7,62.8172,61.9839,62.9682,64.9384,61.8142,61.9839,60.4070,59.2115,59.1354,59.0762,59.0085,60.0083,61.0000,58.0345,61.0737,60.1332,61.2046,58.1378,61.5224,61.4003,59.5399,60.6712,57.7062,59.2284,63.1506,62.1691,61.3922,60.2080,61.9839,63.1506,62.8013,63.7887,62.6498,61.4003,61.2046,58.2151,60.1332,56.0357,54.0093,55.0000,54.0370,54.0833,52.0865,50.2494,48.5077,46.8722,47.0744,45.3542,44.6430,43.0116,42.5441,39.8246,0.0000,0.0000,0.0000,0.0000,0.0000,0.0000,0.0000,0.0000,0.0000,0.0000,0.0000,0.0000
1700000038.850000,-60.1,65.7951,65.1920,65.2993,65.2993,66.2193,62.6259,62.4260,62.1289,60.4649,62.1289,62.1289,60.7454,62.2656,60.4152,60.8276,63.0714,60.9262,60.5392,61.0983,64.2573,61.4654,63.5689,61.0983,64.8460,64.1950,63.5689,63.8905,63.8905,64.8460,65.1460,63.9062,66.1287,65.1920,63.6946,62.6498,63.0714,59.9333,61.2944,59.1693,55.9464,56.6039,54.9181,53.2541,50.0000,49.2037,47.5079,48.7955,46.6905,46.0109,43.4166,44.4072,42.5441,0.0000,0.0000,0.0000,0.0000,0.0000,0.0000,0.0000,0.0000,0.0000,0.0000,0.0000,0.0000
1700000038.900000,-58.9,62.1691,63.0714,60.5392,63.1585,59.8080,59.2368,59.4643,57.8705,58.5235,55.6597,58.9406,57.4891,58.0517,57.8705,57.8705,57.5587,58.3095,56.3205,60.1332,57.1402,60.2080,60.0750,57.0789,61.0082,59.0762,60.0333,60.0750,60.0333,63.0317,60.0333,60.1332,63.1269,61.2944,60.2993,59.5399,57.5587,57.5587,55.9017,56.0892,55.5428,51.9230,51.9230,52.2015,49.6488,46.2385,44.2832,44.7214,45.1774,42.5441,42.1900,42.0119,39.6232,0.0000,0.0000,0.0000,0.0000,0.0000,0.0000,0.0000,0.0000,0.0000,0.0000,0.0000,0.0000
1700000038.950000,-58.8,62.3939,62.2896,65.1920,63.1269,61.0737,59.0762,60.0000,59.0000,59.0000,58.0775,60.1332,58.3095,59.4138,58.5491,59.5399,58.8558,58.0517,58.0517,60.6383,59.6657,58.6941,59.9083,58.9406,61.9839,60.4401,61.3514,61.9839,62.9365,63.6003,62.3618,61.1310,63.7887,62.8172,60.2080,61.0000,60.0167,57.8705,57.4282,55.2268,55.2268,54.0833,53.0377,53.0000,50.0000,47.0956,47.5184,46.5296,44.5533,44.9110,43.4166,41.4367,39.0000,0.0000,0.0000,0.0000,0.0000,0.0000,0.0000,0.0000,0.0000,0.0000,0.0000,0.0000,0.0000
1700000039.000000,-61.9,64.0312,63.7809,63.6553,63.7024,63.6553,60.8276,60.8112,60.2080,60.8276,59.6657,62.6259,60.6053,61.0328,60.4649,61.0328,61.0574,59.3633,58.8303,60.9016,60.9016,60.0333,61.7738,60.8276,62.1691,63.5059,61.2699,63.9766,63.5059,63.0714,63.5059,61.2944,64.4127,63.1348,62.9682,62.1289,60.4649,60.7454,58.8218,58.6003,57.6281,54.0370,55.2268,52.3450,50.9117,49.5177,48.8365,47.6340,46.6154,45.4863,44.4185,44.2945,42.0476,0.0000,0.0000,0.0000,0.0000,0.0000,0.0000,0.0000,0.0000,0.0000,0.0000,0.0000,0.0000
1700000039.050000,-60.6,60.6383,61.4003,60.6383,62.8172,60.4152,59.2284,57.5587,58.5491,57.2189,56.2228,56.0803,57.0351,59.0085,56.0000,57.0000,59.0085,58.0345,57.0351,57.2189,59.2115,58.3095,59.2115,57.3149,58.5491,59.5399,59.5399,61.6604,61.5224,61.4003,60.4070,59.3043,61.2944,61.2046,58.0775,59.0000,59.0000,57.0000,56.0089,55.1453,55.0818,53.3385,51.3517,50.4876,47.5184,47.8539,46.5725,43.6807,43.3244,43.6578,41.6293,41.1825,39.1152,0.0000,0.0000,0.0000,0.0000,0.0000,0.0000,0.0000,0.0000,0.0000,0.0000,0.0000,0.0000
1700000039.100000,-62.1,71.0211,68.8840,68.4690,67.3647,67.1193,67.2681,64.1950,65.0000,64.0000,63.1269,65.1230,66.1211,63.3877,63.5059,63.5059,63.3482,63.1506,63.3482,62.8172,65.9697,63.7887,64.2884,63.0635,65.7875,65.1460,66.0984,66.7308,66.7308,67.3573,67.6757,66.0984,68.3081,68.1542,64.7611,65.7343,63.7887,63.1506,61.1882,59.8415,58.5491,58.4209,56.1427,57.1402,53.0848,53.0377,50.0000,49.0918,49.1630,47.2652,46.5296,46.0977,43.9659,0.0000,0.0000,0.0000,0.0000,0.0000,0.0000,0.0000,0.0000,0.0000,0.0000,0.0000,0.0000
1700000039.150000,-60.9,64.0000,60.0000,64.0312,64.0703,64.0703,60.0750,60.2993,60.5310,60.2993,60.8276,58.2495,58.9406,62.0967,59.2030,59.2030,59.7746,58.8218,59.7746,58.3095,60.5392,60.1664,60.5392,61.4654,62.1691,62.6498,60.8358,63.0714,64.0781,61.4654,63.9766,61.4654,63.3246,62.0322,62.0322,60.0833,59.7746,59.2030,57.9741,55.5428,55.3173,54.4518,50.4876,51.3517,49.2544,47.0956,47.0000,47.0000,45.0444,45.0999,43.4166,42.9535,40.5216,0.0000,0.0000,0.0000,0.0000,0.0000,0.0000,0.0000,0.0000,0.0000,0.0000,0.0000,0.0000
1700000039.200000,-60.1,62.9682,60.4070,62.3939,59.4643,62.3939,57.7754,58.1378,58.6003,56.8243,56.0803,56.9386,58.5235,56.3028,58.6003,57.2014,57.6281,56.8507,57.4891,55.9017,57.3149,58.0517,60.1082,58.6941,59.4138,58.6941,59.4643,60.1415,62.2415,60.1082,60.1415,59.4138,60.8276,60.1415,60.2080,60.1415,60.3075,58.1378,56.2228,54.4059,52.8015,52.6973,51.6236,51.6236,48.0208,46.0652,45.6180,44.7772,44.3847,43.3244,42.7200,40.0250,38.3275,0.0000,0.0000,0.0000,0.0000,0.0000,0.0000,0.0000,0.0000,0.0000,0.0000,0.0000,0.0000
1700000039.250000,-64.4,61.9839,62.2977,62.3939,61.6847,60.5392,60.5392,58.1808,58.1808,58.6003,58.5918,60.4152,57.9828,61.0574,58.5235,60.2080,58.6003,58.0086,57.2014,59.8164,59.0339,59.0339,60.4401,58.8982,60.8769,60.8769,60.1415,62.3699,62.3699,63.1269,62.3699,60.6053,62.8013,62.0081,59.6406,61.0328,59.3633,57.9828,56.0803,56.9386,56.3560,52.7731,52.3259,51.0784,47.9270,47.7598,46.1736,45.6070,44.9110,44.5533,41.4367,41.0488,38.0000,0.0000,0.0000,0.0000,0.0000,0.0000,0.0000,0.0000,0.0000,0.0000,0.0000,0.0000,0.0000
1700000039.300000,-61.6,66.0681,63.4114,64.6375,65.4599,64.3506,60.7454,63.2851,61.7738,61.7738,60.8276,61.2944,62.6498,62.6498,61.4654,60.7454,62.9365,61.1310,63.2456,59.9083,62.0967,60.4152,62.3699,61.6117,61.3922,63.5610,64.3273,65.1153,64.9384,62.9682,66.2873,63.5610,64.3273,64.5368,62.0967,62.3618,61.9839,60.4070,58.8727,57.9396,54.7814,53.3104,52.3927,54.5619,50.0899,48.7647,48.0208,47.1699,48.2597,47.0106,45.2769,43.8634,39.2046,0.0000,0.0000,0.0000,0.0000,0.0000,0.0000,0.0000,0.0000,0.0000,0.0000,0.0000,0.0000
1700000039.350000,-61.0,60.0833,61.1310,63.0635,61.1310,58.6941,59.4390,58.2495,58.2495,57.8705,57.4282,58.4209,58.1378,59.0762,58.0345,58.0775,59.0339,57.0088,57.0000,58.0086,58.0000,57.0000,60.0083,57.0088,60.2993,59.1354,60.2993,62.0725,60.0083,62.0725,60.0333,60.0000,61.0000,61.0082,60.0750,60.2993,59.0762,58.2151,56.1427,53.4603,53.4603,51.6624,49.7293,48.7647,48.0833,46.8188,44.0114,44.3847,42.4853,43.4166,40.8167,40.2244,38.4187,0.0000,0.0000,0.0000,0.0000,0.0000,0.0000,0.0000,0.0000,0.0000,0.0000,0.0000,0.0000
1700000039.400000,-59.9,63.2456,61.0328,63.0635,62.6418,62.8172,59.9083,59.4390,58.0517,58.0517,58.8558,59.6825,59.4138,59.2115,59.0762,58.0775,59.0085,57.0000,59.0000,59.1354,61.1310,60.0083,61.1310,61.0737,61.2944,61.2944,60.2993,61.2944,63.3877,61.5224,61.2944,61.2046,63.2851,61.1310,61.0328,61.0082,61.0000,59.0085,58.0775,54.2310,54.0833,54.1479,52.4690,51.4781,48.8365,49.0306,47.2969,47.8017,45.8803,44.0114,43.3820,41.6773,40.2244,0.0000,0.0000,0.0000,0.0000,0.0000,0.0000,0.0000,0.0000,0.0000,0.0000,0.0000,0.0000
1700000039.450000,-60.8,61.7738,61.2944,61.2699,60.3738,60.3738,59.5063,60.1664,57.5847,57.9396,59.1354,60.7454,59.4811,59.2030,58.9406,59.2030,61.3922,57.8705,56.8858,57.5587,57.5587,59.4138,58.3095,60.5310,60.2993,60.2993,59.3043,63.2851,63.2851,60.2993,60.2993,59.5399,60.5310,60.4070,59.8415,61.1882,58.4637,57.0088,56.3205,54.4059,53.7587,53.1413,52.0000,51.0784,47.4236,46.5188,45.6180,46.1411,44.4185,42.8019,42.6380,41.1096,40.3609,0.0000,0.0000,0.0000,0.0000,0.0000,0.0000,0.0000,0.0000,0.0000,0.0000,0.0000,0.0000
1700000039.500000,-61.7,65.4599,66.1287,65.0000,66.1287,64.0781,62.6498,61.7414,62.1772,63.9531,62.2656,62.7694,62.4340,62.1289,63.2456,62.4260,62.6259,62.0081,61.0737,63.0317,60.9590,62.3699,62.9682,61.5549,65.0538,65.0538,63.6553,65.7647,66.4831,65.7647,65.0692,65.1920,64.3817,64.3817,63.7809,64.0312,62.4820,62.2013,59.6406,59.9083,57.4282,54.7083,55.2268,55.0727,50.5371,50.0899,47.4236,49.9800,48.7032,45.8803,45.6070,43.7379,41.1096,0.0000,0.0000,0.0000,0.0000,0.0000,0.0000,0.0000,0.0000,0.0000,0.0000,0.0000,0.0000
1700000039.550000,-60.4,63.2851,62.7694,62.7694,63.6318,60.9016,60.9016,60.8276,60.3738,59.9333,59.6154,60.1664,59.4643,60.0833,59.4811,59.4811,59.6657,61.6117,59.4390,59.2284,60.2080,57.8705,59.8415,58.8558,60.2993,61.5224,63.2851,62.3939,64.3817,64.4981,64.4981,60.8276,61.0000,62.1691,60.4152,61.6117,60.4152,59.6657,58.9406,57.2800,55.9732,53.8516,53.8516,51.0784,48.3322,48.3011,47.0106,47.1699,46.3249,45.2217,42.0119,41.1096,41.7253,0.0000,0.0000,0.0000,0.0000,0.0000,0.0000,0.0000,0.0000,0.0000,0.0000,0.0000,0.0000
1700000039.600000,-62.8,66.4831,65.9697,65.3070,65.9697,65.1153,65.3070,62.6498,62.5140,60.4070,61.2046,61.2046,63.0714,63.0000,60.0000,62.0000,62.0725,61.0737,60.0750,62.3939,62.2896,63.3877,63.5059,61.2944,64.7765,64.7765,65.7647,64.9384,64.9384,65.9242,65.1153,63.5059,64.7765,65.3758,64.2806,64.2806,61.0737,64.0078,60.0000,59.0762,59.0339,55.0818,57.0789,55.1453,51.4781,50.4876,48.8365,49.2443,46.5725,44.9222,46.2385,43.8634,41.6773,0.0000,0.0000,0.0000,0.0000,0.0000,0.0000,0.0000,0.0000,0.0000,0.0000,0.0000,0.0000
1700000039.650000,-60.3,64.2806,64.4981,62.8013,61.8142,62.5140,59.8415,60.4152,60.6383,59.4390,61.4003,60.4401,60.7454,61.0983,60.1664,60.5392,61.8466,59.5063,59.0931,59.4811,60.4152,60.3738,61.2944,61.7738,61.0574,62.7694,60.9016,64.1405,65.0000,62.2656,64.1405,61.4003,63.5295,63.0714,60.8358,61.3270,61.3270,58.6941,57.5847,54.7814,55.0273,54.8179,53.8516,52.3927,48.0521,48.8365,46.5296,47.3814,47.0956,44.0454,43.0000,43.0465,40.4475,0.0000,0.0000,0.0000,0.0000,0.0000,0.0000,0.0000,0.0000,0.0000,0.0000,0.0000,0.0000
1700000039.700000,-59.5,66.2193,65.8027,66.0303,66.0303,66.0303,62.6817,63.2851,62.7694,61.7738,62.1772,62.6498,64.4050,62.2415,61.4654,62.3939,65.7875,61.3514,62.2977,63.3246,64.0312,63.3246,63.0635,63.0635,65.0000,63.7887,65.3070,65.5134,65.7343,66.4906,65.7343,65.7343,68.1542,65.2533,63.6003,63.8905,62.2977,60.5392,60.0083,60.8358,57.2713,57.2451,54.5894,54.1202,53.3385,52.1536,49.9300,47.8017,47.6340,46.0977,44.5533,44.6878,42.2019,0.0000,0.0000,0.0000,0.0000,0.0000,0.0000,0.0000,0.0000,0.0000,0.0000,0.0000,0.0000
1700000039.750000,-62.7,68.0661,66.0681,65.1920,67.0671,65.1230,62.2013,62.3939,62.8013,62.8013,63.3482,62.3699,62.0967,63.0635,63.6003,63.8905,64.5136,61.3514,62.3939,61.8466,61.8466,62.3939,63.9766,61.8466,65.3070,63.5059,64.4050,66.1891,66.6408,65.3070,67.5426,65.3911,66.3099,65.5515,62.3939,65.0000,62.6259,61.6847,60.4401,61.1310,60.8769,55.1090,53.9351,54.7449,52.4690,50.3587,49.0918,48.0104,49.0000,46.0977,46.2709,44.5533,40.5216,0.0000,0.0000,0.0000,0.0000,0.0000,0.0000,0.0000,0.0000,0.0000,0.0000,0.0000,0.0000
1700000039.800000,-62.4,61.2209,60.6053,61.6198,61.7171,60.1415,59.4643,57.2800,56.5685,58.7282,59.6657,58.2580,57.0088,59.0762,57.9828,59.0762,58.3095,56.8243,56.9386,59.0593,59.0593,59.9416,59.0339,57.6975,60.5392,60.9262,60.9262,62.3939,61.0983,62.3939,61.4654,61.4654,61.2699,61.2699,59.0593,59.9416,57.7062,56.8243,57.8014,54.7083,54.9181,53.0094,51.0392,50.0000,48.6004,46.0977,46.6905,45.2769,45.2769,43.9318,42.6380,41.0488,38.9487,0.0000,0.0000,0.0000,0.0000,0.0000,0.0000,0.0000,0.0000,0.0000,0.0000,0.0000,0.0000
1700000039.850000,-62.5,71.0282,70.4557,70.4557,68.5055,68.2642,65.1920,65.8635,65.7647,66.6483,64.4050,66.3099,66.3099,67.7791,65.1920,65.1920,66.7308,66.4078,65.4599,64.2884,69.1231,66.4831,65.9697,65.9697,67.2681,68.2495,67.0820,70.2140,69.6348,69.8570,69.6348,67.6831,70.0928,69.9214,68.6804,68.6222,66.7308,65.4599,62.9682,61.4654,63.1585,59.4811,58.1378,57.2451,54.2033,53.8516,51.3128,52.2015,51.2250,48.1664,48.7955,46.0109,44.8219,0.0000,0.0000,0.0000,0.0000,0.0000,0.0000,0.0000,0.0000,0.0000,0.0000,0.0000,0.0000
1700000039.900000,-59.6,60.6712,61.5224,62.2896,60.4070,60.2080,58.1378,58.0775,59.0000,58.0086,57.0351,59.0339,57.1402,57.1402,57.7062,57.7062,57.8705,57.8705,57.2713,58.6941,56.7539,58.4637,59.2030,57.9741,58.5235,59.1354,58.8218,60.4070,60.0833,62.9365,60.4070,60.4401,60.4401,61.1310,60.1664,58.4637,56.5155,55.1090,55.9017,54.5894,54.5894,50.3587,50.1597,50.1597,48.0416,46.0000,44.0000,44.0114,43.1856,42.1900,40.4475,41.2311,38.2753,0.0000,0.0000,0.0000,0.0000,0.0000,0.0000,0.0000,0.0000,0.0000,0.0000,0.0000,0.0000
1700000039.950000,-59.9,63.7024,63.7809,63.6553,62.9682,62.2415,62.9365,60.8276,59.4643,60.4401,58.4123,60.4401,59.4054,59.6406,60.4649,61.5873,60.5392,61.7738,60.4152,60.3738,60.8276,60.8276,59.5063,59.5063,63.1585,61.3270,63.6946,65.0000,62.6498,63.1585,60.0083,63.0714,63.0714,62.1772,61.7738,61.7738,60.0333,61.0574,57.6888,57.4282,57.4282,55.0000,52.8015,54.0370,50.3289,50.2494,47.3814,47.3814,46.0977,44.2041,45.2217,42.7200,41.5933,0.0000,0.0000,0.0000,0.0000,0.0000,0.0000,0.0000,0.0000,0.0000,0.0000,0.0000,0.0000
1700000040.000000,-61.0,61.7738,62.6498,64.8460,63.9531,62.6498,59.0931,61.4654,60.1664,61.0983,60.4070,60.7289,60.7289,61.1310,61.6117,59.4390,61.0000,58.8558,59.8415,58.4209,60.5310,60.8276,62.6498,60.4070,62.2013,62.2013,62.2013,63.1981,64.2806,64.1950,64.2806,62.5140,63.6396,63.7887,63.1506,61.3922,61.1882,61.1310,56.3205,56.3205,55.3624,54.0833,52.2015,53.8516,48.3322,47.8539,47.8853,48.3735,45.4863,46.6154,42.6380,42.4500,40.3609,0.0000,0.0000,0.0000,0.0000,0.0000,0.0000,0.0000,0.0000,0.0000,0.0000,0.0000,0.0000
1700000040.050000,-62.2,61.1882,62.8172,63.0635,64.5601,62.0967,60.7289,60.0833,58.1893,59.2368,58.6941,58.6003,59.0593,60.4152,59.5399,60.0333,57.4543,59.9083,57.4282,59.6406,58.0086,59.6406,60.0000,58.4123,60.2080,60.9590,61.7171,63.0317,61.0737,63.1269,61.7171,61.8466,62.6259,62.2013,59.6406,60.4649,58.8218,57.6888,57.4543,56.0803,55.5698,52.7731,53.2259,51.8941,49.2443,48.4665,48.3839,45.5412,45.6070,44.1475,42.9535,41.5933,40.0125,0.0000,0.0000,0.0000,0.0000,0.0000,0.0000,0.0000,0.0000,0.0000,0.0000,0.0000,0.0000
1700000040.100000,-62.6,62.4260,60.4649,62.0081,61.2209,60.4401,61.0737,58.7963,59.4643,58.7282,57.2800,57.3149,59.5483,58.1378,60.4401,59.8164,57.6888,59.6406,57.4282,58.8303,58.3095,59.3633,60.5392,58.3095,60.4152,61.7738,60.4152,63.0635,62.1772,62.6498,60.8276,60.9016,60.9016,60.2080,59.9083,59.9083,59.3633,58.0086,56.4004,56.2228,54.6717,52.4023,51.7397,51.6624,49.5177,48.7955,46.2277,45.4533,45.0000,44.1022,43.5660,41.1825,40.7185,0.0000,0.0000,0.0000,0.0000,0.0000,0.0000,0.0000,0.0000,0.0000,0.0000,0.0000,0.0000
1700000040.150000,-58.6,64.1950,62.9365,66.7083,65.9697,63.7887,61.6117,62.9682,61.6604,61.5224,61.4003,61.2046,61.1310,61.0737,61.0000,60.0000,62.0322,62.0725,61.0328,61.2046,63.2851,62.2013,61.5224,60.4070,63.6396,63.7887,62.6498,64.7765,64.9384,65.9242,65.7647,62.5140,63.9531,65.3758,62.3939,62.2013,62.0725,61.0000,59.0000,57.0000,57.0088,57.0789,55.0818,54.2310,50.1597,50.4876,46.6905,47.2969,47.2969,47.1275,44.5982,42.4853,41.1825,0.0000,0.0000,0.0000,0.0000,0.0000,0.0000,0.0000,0.0000,0.0000,0.0000,0.0000,0.0000
1700000040.200000,-60.6,66.9104,65.9242,63.5610,67.6831,62.3699,63.7887,62.3618,62.9365,62.6418,60.7454,61.4654,61.8466,63.0714,61.7171,63.0635,60.8276,63.1348,59.1693,62.4340,62.9682,63.8122,63.8122,60.4649,63.4114,64.4050,63.8201,65.2150,63.6003,68.6003,64.4050,65.4599,65.4599,66.0303,65.0000,61.7738,60.9016,61.4003,59.0593,58.5918,59.5063,55.1543,56.8595,53.4883,53.4509,50.2892,47.5395,47.2969,46.6905,46.1736,46.2709,44.1022,43.0000,0.0000,0.0000,0.0000,0.0000,0.0000,0.0000,0.0000,0.0000,0.0000,0.0000,0.0000,0.0000
1700000040.250000,-61.0,62.6418,64.5136,61.0983,63.3246,61.0983,61.4654,61.8466,60.4152,59.5063,56.8243,59.9416,59.6825,59.9083,59.9083,60.4649,58.6003,59.8164,58.6003,60.9590,60.9590,60.2080,60.8769,57.3847,60.1082,62.2415,61.5224,64.3506,62.2415,65.7647,60.8112,62.9682,63.7024,63.0317,60.9590,61.0737,58.4123,60.6053,56.6127,56.8595,57.1402,53.0000,55.5698,51.4781,49.6488,47.8539,47.0106,47.5395,45.5412,43.6807,43.6807,42.5793,41.1096,0.0000,0.0000,0.0000,0.0000,0.0000,0.0000,0.0000,0.0000,0.0000,0.0000,0.0000,0.0000
1700000040.300000,-60.7,61.6117,60.4649,61.9112,61.9112,61.9112,58.6686,58.1378,55.9017,58.6003,57.7754,58.1808,57.0088,57.9396,59.4643,57.5674,60.8769,57.7235,57.7235,57.2713,59.0339,58.0517,59.8415,60.0167,59.6825,59.6825,59.5399,60.5310,61.5224,60.5310,62.6498,60.0167,60.5310,60.0167,59.2284,59.0339,58.9406,56.3205,55.6597,54.4243,54.0833,54.2310,51.0784,51.0784,49.2443,48.3322,45.1774,44.4185,44.9444,43.6005,41.2311,41.0122,39.0512,0.0000,0.0000,0.0000,0.0000,0.0000,0.0000,0.0000,0.0000,0.0000,0.0000,0.0000,0.0000
1700000040.350000,-64.8,63.3877,62.2013,65.0692,63.1981,64.0703,61.1310,59.0000,60.0000,61.0000,60.0333,61.0737,60.1332,60.4070,60.6712,60.6712,59.2284,60.4152,58.2495,58.6941,60.1664,59.9083,60.7289,59.7746,61.3514,62.9365,61.0328,61.9839,63.8905,62.9365,63.2456,62.3618,63.3246,63.3246,61.1310,61.1882,61.0000,58.0517,57.7062,57.4282,55.5788,54.1479,54.0833,53.0094,50.0000,50.0000,48.0104,47.0956,45.2769,46.5296,43.7379,42.4500,40.8534,0.0000,0.0000,0.0000,0.0000,0.0000,0.0000,0.0000,0.0000,0.0000,0.0000,0.0000,0.0000
1700000040.400000,-61.9,62.9682,63.6553,60.1415,64.3506,60.9590,58.0517,59.0339,59.6657,59.8164,57.2014,59.6406,59.1693,60.2080,59.5399,58.3095,58.5918,58.5918,59.0339,59.0931,58.6941,60.0083,58.6941,58.6941,60.7454,62.3939,61.4654,62.0322,61.6847,63.3246,62.9682,62.3939,61.8466,61.8466,60.4152,60.3738,58.5918,59.9416,57.3062,55.5698,54.9181,51.8652,54.0833,51.6140,48.4149,48.2701,45.3431,46.6905,45.9674,44.0454,44.2041,41.6173,40.3113,0.0000,0.0000,0.0000,0.0000,0.0000,0.0000,0.0000,0.0000,0.0000,0.0000,0.0000,0.0000
1700000040.450000,-61.5,67.9779,65.7419,67.6240,67.1193,65.0000,65.0000,64.8460,63.2456,64.5136,63.8905,64.5601,63.7887,62.9682,63.1506,63.9531,65.7647,64.4981,64.4981,63.1981,63.1981,63.3877,65.1230,65.1230,65.0077,66.0681,65.0000,69.0290,69.0000,66.0000,68.0074,66.0681,68.1175,67.2681,66.3702,66.6108,63.7887,61.8142,61.0000,60.4152,58.6941,58.9406,57.0088,57.8705,52.4976,52.9245,50.1597,50.0899,48.7647,47.8853,46.6154,47.4342,43.9318,0.0000,0.0000,0.0000,0.0000,0.0000,0.0000,0.0000,0.0000,0.0000,0.0000,0.0000,0.0000
1700000040.500000,-60.6,62.9682,61.6847,63.3246,62.3939,61.4654,59.6154,61.3270,59.9333,60.3738,58.6686,61.7738,60.2080,59.9083,60.2163,58.8218,59.4054,57.8014,58.4123,60.2080,60.3075,59.6657,59.4643,59.5483,61.5224,62.2415,62.2896,62.2415,62.9365,60.8276,63.6553,61.6198,63.7809,61.8466,60.6053,60.8030,59.4054,59.2030,56.6127,57.6888,55.7584,53.8516,52.8394,52.3546,48.7647,48.8467,45.6946,45.5412,45.5412,43.6807,43.1741,42.5793,41.1096,0.0000,0.0000,0.0000,0.0000,0.0000,0.0000,0.0000,0.0000,0.0000,0.0000,0.0000,0.0000
1700000040.550000,-62.0,63.8905,61.2209,64.4050,63.0079,60.2163,60.8030,59.6406,59.9083,59.3633,58.8303,59.5399,59.9416,61.2699,59.5063,60.8358,58.3095,59.4643,57.9396,60.0833,60.4401,60.4070,59.4811,58.8218,60.8769,63.0635,61.8466,63.0635,62.8172,65.2533,64.0312,62.9365,62.9365,61.9839,61.0983,61.4654,58.3095,58.6941,55.9464,55.4617,55.0091,53.2353,53.3385,53.3385,49.9300,47.4342,45.4533,46.0977,46.0977,43.8406,43.8634,42.6380,39.1152,0.0000,0.0000,0.0000,0.0000,0.0000,0.0000,0.0000,0.0000,0.0000,0.0000,0.0000,0.0000
1700000040.600000,-62.0,61.9839,61.9839,61.0983,63.9062,60.7454,59.8080,59.9333,59.5063,59.9333,57.8014,59.1693,57.9828,59.0762,57.1402,58.2495,58.6003,59.2030,57.8014,59.6657,61.0737,58.7963,59.5483,58.1378,60.1082,60.8112,60.1082,61.5224,62.2415,62.9682,61.5224,61.5549,63.0317,62.4820,59.6657,59.6657,58.4123,58.8218,56.4004,55.4707,54.3783,53.3385,52.8394,52.3546,48.7647,46.5188,45.1885,44.9444,44.5982,43.9659,43.1741,42.4264,40.3113,0.0000,0.0000,0.0000,0.0000,0.0000,0.0000,0.0000,0.0000,0.0000,0.0000,0.0000,0.0000
1700000040.650000,-65.2,61.0983,59.2368,61.0983,60.7454,60.4070,57.2451,58.2409,56.7539,58.4637,59.2284,57.8705,57.5587,57.5587,57.3149,56.1427,59.0762,57.0000,57.0000,57.0088,59.0000,58.0000,58.0345,60.0000,60.0750,60.0750,58.1378,60.1332,60.1332,60.0750,61.1310,60.0750,60.0750,59.0085,59.0000,59.0000,60.0083,58.0775,55.1453,54.3323,52.3450,53.3385,50.6360,51.7880,46.8722,45.6070,44.6430,44.9222,43.3244,43.0813,42.0476,41.1825,39.1152,0.0000,0.0000,0.0000,0.0000,0.0000,0.0000,0.0000,0.0000,0.0000,0.0000,0.0000,0.0000
1700000040.700000,-64.2,66.8880,63.2851,67.4166,64.3506,64.0703,61.2944,61.0328,63.0079,62.0081,61.7171,61.5549,61.5224,61.5224,62.2896,61.5224,61.6198,59.6657,60.9590,60.6053,61.8466,62.0081,63.6003,62.2013,63.2851,63.5138,61.8547,64.4050,64.8999,64.8999,66.0303,63.6003,63.6003,63.4114,64.6607,62.4820,63.0317,63.1269,58.0517,59.3970,56.6392,55.9732,53.8145,55.3173,51.2250,50.2195,47.7074,48.3735,46.1411,47.4131,45.1885,42.7200,42.4500,0.0000,0.0000,0.0000,0.0000,0.0000,0.0000,0.0000,0.0000,0.0000,0.0000,0.0000,0.0000
1700000040.750000,-62.6,59.4138,59.4138,62.9365,59.4138,59.4138,56.6392,57.3847,57.4891,56.2228,59.2030,57.6888,58.5235,57.9828,56.6039,55.2268,59.5399,55.4707,58.1378,56.7979,58.6003,57.6975,58.6003,58.1808,58.8727,60.9262,59.6154,60.5392,61.4654,60.5392,62.7694,57.7754,62.1691,61.7171,59.4811,59.5399,58.6686,55.5698,56.3028,55.2178,51.8652,53.6004,47.8017,51.8556,46.0977,46.6905,44.5533,45.9674,45.4533,44.2041,41.8808,40.3113,38.9102,0.0000,0.0000,0.0000,0.0000,0.0000,0.0000,0.0000,0.0000,0.0000,0.0000,0.0000,0.0000
1700000040.800000,-64.0,64.1950,63.6003,64.0312,62.8172,62.8172,59.9083,60.4152,60.0167,60.8276,59.4138,59.2115,60.0750,61.0737,59.0000,60.0083,59.0000,60.0750,60.0333,60.1332,60.1332,60.1332,60.1332,59.3043,60.0167,61.6604,61.5224,62.9682,64.9384,62.9682,62.8013,61.5224,63.2851,62.2013,61.2046,61.0737,61.0328,58.1378,58.0000,57.0000,54.0000,54.0833,52.0865,52.2398,49.2544,48.5077,46.8722,46.8722,47.2969,44.9222,44.2719,43.4626,41.1825,0.0000,0.0000,0.0000,0.0000,0.0000,0.0000,0.0000,0.0000,0.0000,0.0000,0.0000,0.0000
1700000040.850000,-62.9,60.5392,59.2368,58.6941,60.0083,59.4811,58.1378,58.1808,57.3062,57.3062,58.8303,58.5235,58.0086,59.2030,56.8507,58.2580,58.1378,58.0517,56.5862,56.5685,57.2800,58.0000,58.0000,57.3149,59.8164,60.4401,59.5483,59.6657,62.4820,61.2209,61.7171,59.4643,60.1415,59.4643,60.1082,57.2800,58.7282,55.9017,55.9732,55.3173,52.6308,53.4135,50.8035,50.2195,48.2597,46.8722,46.1411,45.6180,43.3820,43.4626,42.7200,40.8044,39.8121,0.0000,0.0000,0.0000,0.0000,0.0000,0.0000,0.0000,0.0000,0.0000,0.0000,0.0000,0.0000
1700000040.900000,-59.8,62.6498,63.5295,62.1691,63.5059,62.1691,62.1691,62.2415,58.6941,61.4654,58.1893,60.0833,60.1664,59.6657,58.4637,61.3922,60.0167,60.8276,57.7062,61.2944,61.5224,60.5310,60.4070,60.2080,61.0328,61.0737,63.0714,62.0725,61.0328,62.0725,61.0737,63.2851,63.3877,61.4003,61.4003,61.8142,58.6941,58.8558,58.0517,57.4891,56.7539,54.4059,53.1601,51.5461,51.8652,47.9270,47.9270,46.9574,47.0106,44.4185,43.5660,42.2019,39.6989,0.0000,0.0000,0.0000,0.0000,0.0000,0.0000,0.0000,0.0000,0.0000,0.0000,0.0000,0.0000
1700000040.950000,-64.0,62.8172,65.1153,64.1327,64.3273,61.8142,60.8276,60.4070,60.2993,60.0750,60.0750,61.0737,61.0000,61.0082,62.0725,60.0333,60.2993,60.4070,60.4070,61.8142,60.6712,60.8276,61.1882,60.8276,61.3922,62.5859,61.6117,63.3482,64.7611,64.0312,65.9697,62.5859,63.3482,62.1691,60.8276,60.6712,60.4070,59.3043,60.1332,57.0789,56.0357,56.0357,53.0000,54.0093,50.0100,50.0899,47.2652,47.3814,47.6760,45.1221,44.3847,42.3792,39.8121,0.0000,0.0000,0.0000,0.0000,0.0000,0.0000,0.0000,0.0000,0.0000,0.0000,0.0000,0.0000
1700000041.000000,-62.0,59.9333,59.0931,60.3738,59.0593,60.0333,57.3062,58.8303,56.6039,57.4282,56.6127,57.4282,57.0088,56.8507,56.7274,56.6392,57.2800,57.2800,56.5685,55.9017,58.0517,56.6392,58.8982,57.3847,59.2030,59.6657,59.8164,60.0000,59.8164,59.8164,59.2030,59.5483,61.7171,59.4643,58.0517,58.0517,56.5685,58.0000,55.9732,53.1507,53.2635,51.8556,51.2250,50.8035,48.2597,45.4863,43.5660,44.2945,43.8292,42.1545,41.1096,40.2616,39.6232,0.0000,0.0000,0.0000,0.0000,0.0000,0.0000,0.0000,0.0000,0.0000,0.0000,0.0000,0.0000
1700000041.050000,-65.8,63.0000,64.0000,62.0081,64.0312,61.0737,61.0737,59.2115,57.3149,59.4138,57.8705,58.8558,58.4637,58.9406,58.9406,58.9406,59.1354,61.3514,57.5674,58.8727,59.6154,57.9396,59.0931,58.6941,60.8358,61.7414,61.2699,62.1691,63.9766,63.5059,63.0714,62.6498,61.8466,62.3939,61.0983,60.4070,58.8218,58.5235,57.0088,55.7853,55.5428,52.1728,53.9351,50.8035,50.4876,48.3735,46.0977,48.0104,45.0000,44.0000,43.1045,41.4367,41.0000,0.0000,0.0000,0.0000,0.0000,0.0000,0.0000,0.0000,0.0000,0.0000,0.0000,0.0000,0.0000
1700000041.100000,-57.3,61.7414,61.7414,60.5392,61.4654,59.8080,60.1664,56.6480,57.8705,58.5235,58.2409,59.9083,58.2495,58.0517,58.8558,58.8558,57.4282,58.3095,56.2228,59.1354,58.2151,58.0775,59.1354,58.0345,60.0000,61.0328,60.0083,62.0081,60.0083,62.0322,59.0339,59.0339,62.1289,60.2080,59.3043,59.5399,58.5491,57.7062,56.0892,56.0892,56.0892,51.9230,52.2015,50.2892,49.6488,47.1699,44.7772,45.6180,45.1774,43.4166,41.3401,42.6380,38.9487,0.0000,0.0000,0.0000,0.0000,0.0000,0.0000,0.0000,0.0000,0.0000,0.0000,0.0000,0.0000
1700000041.150000,-61.2,61.3514,59.4643,62.3618,62.9365,59.4811,59.2030,58.2409,57.4891,56.2939,56.8858,58.6941,57.4282,58.2151,57.2189,57.0789,60.0333,58.0000,57.0000,57.0088,57.0088,58.0086,59.1354,58.0775,59.2115,60.0750,58.3095,58.1378,60.2993,61.2944,60.2080,60.0333,61.0328,60.0750,58.0000,58.0000,59.0085,58.0345,56.1427,55.3263,53.3385,52.4690,50.4876,50.8035,48.0521,47.5395,44.9222,44.2719,44.0114,43.0813,43.8292,40.3113,38.6005,0.0000,0.0000,0.0000,0.0000,0.0000,0.0000,0.0000,0.0000,0.0000,0.0000,0.0000,0.0000
1700000041.200000,-60.2,65.0077,63.0714,67.0000,65.0000,65.0000,62.0000,62.0000,61.0737,62.0725,61.4003,61.6604,61.8142,61.9839,61.3922,62.5859,62.8172,61.1310,59.7746,60.0833,62.3618,61.6847,62.9365,62.9682,61.8466,63.6946,63.6946,63.3246,65.5515,65.1920,64.2573,63.3246,63.8905,64.1950,63.0635,62.8172,61.1310,58.9406,58.6941,58.2495,57.7062,54.4518,55.4437,54.2310,51.0098,49.0000,47.0106,47.0106,47.1699,46.2709,44.4072,42.9535,40.5216,0.0000,0.0000,0.0000,0.0000,0.0000,0.0000,0.0000,0.0000,0.0000,0.0000,0.0000,0.0000
1700000041.250000,-63.0,64.1327,62.8172,62.8172,65.9697,63.0635,61.1310,60.0833,60.0833,58.8727,58.6941,60.4152,59.9333,61.2699,60.4152,61.2944,60.0333,59.9083,58.8303,60.4649,60.4649,59.9083,60.4649,60.2163,62.8013,62.8013,62.0081,62.0081,63.4114,63.6003,62.8013,62.2013,63.8201,64.0703,61.9112,58.8303,61.0574,58.1808,56.8243,57.2451,55.4617,54.6260,54.6260,53.4883,49.0408,48.0833,46.8402,47.2969,45.8912,45.5412,44.1022,42.0119,40.0125,0.0000,0.0000,0.0000,0.0000,0.0000,0.0000,0.0000,0.0000,0.0000,0.0000,0.0000,0.0000
1700000041.300000,-65.3,62.3939,63.3246,62.2977,62.2977,61.0328,61.9839,58.8218,58.9406,58.2409,58.0517,58.8558,58.5491,58.4209,58.1378,59.3043,61.0737,61.0737,58.0000,58.0086,58.0000,59.0085,60.0000,57.0088,61.0737,61.0328,61.0737,62.0725,62.0725,63.0714,62.0725,61.0000,61.0000,62.0000,61.0082,60.0750,59.1354,57.1402,57.2189,55.3263,55.5788,54.1295,53.1507,50.2195,48.5077,49.0408,45.5412,45.8803,45.1885,42.0476,42.9418,42.1900,40.0000,0.0000,0.0000,0.0000,0.0000,0.0000,0.0000,0.0000,0.0000,0.0000,0.0000,0.0000,0.0000
1700000041.350000,-61.8,61.2944,58.6003,59.9333,60.8358,60.0083,58.1808,57.3847,58.5235,56.6480,57.5674,57.9741,57.7235,58.2495,56.0892,58.0517,58.6941,57.5587,57.3149,57.2189,58.2151,58.2151,59.1354,56.0803,61.0082,59.0339,59.0085,59.0000,61.0328,62.0081,59.0000,59.0762,60.0333,61.0737,59.3043,58.4209,56.3205,56.7186,56.0892,54.1295,54.1295,53.8516,50.9608,50.0000,47.1275,46.4866,44.3847,45.1885,43.8292,42.5441,40.8167,40.8044,39.6989,0.0000,0.0000,0.0000,0.0000,0.0000,0.0000,0.0000,0.0000,0.0000,0.0000,0.0000,0.0000
1700000041.400000,-59.3,65.4370,59.6657,62.2896,62.2896,62.9682,60.1082,59.4643,61.6198,58.7963,60.9590,59.6657,60.8030,58.8218,59.6406,59.0762,60.9016,57.3062,57.8014,59.9416,61.2699,60.3738,60.0083,60.3738,60.9262,61.8466,61.3270,62.7694,63.6946,62.7694,61.8466,62.2415,62.6498,62.6099,60.8276,58.1808,61.2944,58.3095,57.9828,55.7584,54.0833,55.2178,51.6140,52.2015,49.0408,47.4236,47.3814,46.6690,46.0109,45.4533,42.8019,41.3401,40.7063,0.0000,0.0000,0.0000,0.0000,0.0000,0.0000,0.0000,0.0000,0.0000,0.0000,0.0000,0.0000
1700000041.450000,-62.7,66.0681,66.7083,64.4438,66.6033,63.7024,64.3506,62.9682,61.6198,62.2896,61.6198,60.9590,62.8013,62.0081,63.6003,62.4260,63.2851,62.7694,60.9016,62.6498,61.7738,63.0635,63.5059,61.2944,63.9531,65.7419,63.0714,64.8845,65.3070,67.5426,64.4050,66.1891,63.0714,65.7647,64.8845,64.6607,61.2944,61.2944,59.2030,59.4054,59.8164,54.0370,55.3173,53.8145,52.3450,50.9313,46.0109,47.5079,47.6340,46.6154,45.7930,45.1774,42.5441,0.0000,0.0000,0.0000,0.0000,0.0000,0.0000,0.0000,0.0000,0.0000,0.0000,0.0000,0.0000
1700000041.500000,-63.3,64.0312,63.7887,62.8172,62.8172,63.3482,61.3922,59.8415,58.5491,61.5224,60.2080,60.1332,60.0750,61.0082,61.0000,61.0000,61.0000,61.0000,57.0000,60.2080,60.2080,61.1310,61.4003,58.4209,61.5224,63.5059,61.5224,61.5224,63.3877,64.3817,61.4003,62.2896,63.2851,63.1269,61.0737,61.0000,59.0000,58.0000,58.0775,56.0803,58.1378,54.4518,52.3450,52.7731,50.8035,49.2443,44.3847,45.8803,46.8188,43.6578,42.5441,43.4166,40.4969,0.0000,0.0000,0.0000,0.0000,0.0000,0.0000,0.0000,0.0000,0.0000,0.0000,0.0000,0.0000
1700000041.550000,-61.8,64.0703,68.0661,65.0000,66.0076,65.0000,61.0000,60.0333,61.0328,62.0725,61.2046,61.4003,62.9682,61.9839,61.1882,61.9839,58.9406,64.0312,59.9083,61.6847,61.6847,60.4401,62.9365,60.0833,62.3939,64.8460,65.1920,65.1920,63.5689,64.8460,63.9062,63.6003,63.8905,64.2884,63.0635,64.5368,61.9839,60.2080,61.0000,59.8415,58.4209,55.1453,56.0803,53.0848,50.0000,51.0098,46.1736,47.1699,47.3814,44.5533,44.7214,43.9659,42.7200,0.0000,0.0000,0.0000,0.0000,0.0000,0.0000,0.0000,0.0000,0.0000,0.0000,0.0000,0.0000
1700000041.600000,-61.8,66.0303,63.8201,62.6817,63.5138,61.9112,61.9112,61.7738,60.8276,60.3738,59.5063,59.9333,60.5392,60.1664,60.7454,61.0328,60.7289,60.1664,59.2030,60.4152,60.4152,60.2080,61.9839,59.0339,61.5224,62.8013,63.6396,63.5059,62.3939,63.9531,62.5140,61.9839,63.9531,62.1691,62.5859,62.8172,60.8769,58.9406,58.8218,57.8705,57.2451,53.4883,53.4883,52.5547,49.7695,48.3322,47.4131,47.5079,45.4863,46.0435,43.4166,44.5982,41.0366,0.0000,0.0000,0.0000,0.0000,0.0000,0.0000,0.0000,0.0000,0.0000,0.0000,0.0000,0.0000
1700000041.650000,-60.6,62.0081,60.0083,62.0000,63.0714,60.1332,59.0762,58.4209,57.3149,58.5491,57.5587,59.8415,58.0517,58.2495,57.9741,57.2800,60.4070,56.9210,58.1893,59.6154,60.0083,58.3095,59.0931,58.6941,60.3738,59.5063,59.5063,62.6099,62.6498,61.2944,60.3738,60.3738,62.6498,63.5610,60.5392,59.6154,59.4643,57.8705,56.3205,55.7853,53.8516,54.8179,52.1728,50.9902,47.8539,48.6621,46.3897,46.1736,44.0114,43.0116,42.1900,42.1900,40.7922,0.0000,0.0000,0.0000,0.0000,0.0000,0.0000,0.0000,0.0000,0.0000,0.0000,0.0000,0.0000
1700000041.700000,-59.8,64.4050,64.6375,64.0312,65.8027,64.0312,62.3699,60.9590,62.2896,60.8276,60.8276,62.2896,61.7171,61.8466,61.2209,61.2209,61.6117,61.0328,59.6406,62.1289,60.7454,61.9112,62.6498,60.9016,61.7738,63.5295,63.5295,66.1891,63.1348,65.3682,64.4127,62.2656,65.8635,66.3702,62.1289,63.5138,59.6406,60.4649,57.8014,59.0339,58.1378,55.9732,55.1725,53.7401,49.4975,49.5177,48.1664,48.4149,47.2017,46.3249,44.7772,42.9418,42.1545,0.0000,0.0000,0.0000,0.0000,0.0000,0.0000,0.0000,0.0000,0.0000,0.0000,0.0000,0.0000
1700000041.750000,-59.1,63.7809,61.6198,62.9365,63.6553,61.5224,59.3970,60.3075,57.3847,57.8014,60.0000,58.6003,58.8218,59.9083,59.3633,58.3095,60.3738,59.0593,59.9416,59.0339,59.0931,59.9333,60.5392,60.5392,61.8466,62.2415,60.5392,62.3939,65.1920,61.4654,63.1585,61.8466,62.6498,62.7694,62.6498,60.3738,60.3738,58.6686,57.4543,56.9386,54.9181,54.9181,51.6140,53.0094,50.0000,49.8197,46.6905,46.0109,45.9674,45.3431,43.4166,42.1900,39.8246,0.0000,0.0000,0.0000,0.0000,0.0000,0.0000,0.0000,0.0000,0.0000,0.0000,0.0000,0.0000
1700000041.800000,-64.0,65.2993,65.2993,65.3911,66.2118,64.6220,62.2415,63.2456,62.9365,62.9365,62.8172,61.8466,62.3699,63.1506,61.5224,61.8142,62.3939,62.3939,61.1310,62.0081,64.0703,62.0725,63.0000,64.0078,63.0714,65.0000,64.0078,66.1211,65.0692,66.0681,67.0671,65.0077,66.0303,67.0000,65.0000,64.0312,61.0737,61.0737,62.3939,57.3149,59.4138,57.5587,55.5788,54.7449,51.1957,50.2195,50.6952,49.3356,48.3839,47.0106,44.2832,43.9090,43.5660,0.0000,0.0000,0.0000,0.0000,0.0000,0.0000,0.0000,0.0000,0.0000,0.0000,0.0000,0.0000
1700000041.850000,-61.6,63.1348,61.7738,63.9531,62.1691,61.3270,60.3738,58.6941,58.6941,58.6941,60.0833,58.1893,59.7746,61.1310,59.4390,58.6941,60.0167,59.0339,57.7062,58.4209,60.4070,60.6712,60.2993,57.2189,59.0762,61.2046,61.2046,62.0725,62.0725,63.0714,61.2046,61.1310,61.4003,62.3939,60.8276,60.5310,58.8558,58.0517,56.5155,56.0446,56.0446,53.1601,51.9230,52.8110,49.9800,48.4665,46.5188,46.5188,44.2945,44.4185,42.4382,41.2311,38.8973,0.0000,0.0000,0.0000,0.0000,0.0000,0.0000,0.0000,0.0000,0.0000,0.0000,0.0000,0.0000
1700000041.900000,-62.8,60.8769,63.6003,61.9839,63.6003,60.0833,60.0833,58.5235,58.6941,60.5392,58.1808,59.4811,59.9416,59.1693,58.3095,58.3095,59.3633,60.4649,57.4282,59.4054,58.8218,58.8218,62.2013,57.6281,59.5483,61.8466,60.3075,60.3075,61.2209,63.8905,61.0737,62.8013,62.8013,62.2013,60.4649,60.4649,59.9083,58.5235,57.4543,56.8243,56.3560,53.2259,53.2259,51.8941,49.7695,49.3964,44.2719,44.9222,45.3542,43.9318,42.7551,42.1900,40.0000,0.0000,0.0000,0.0000,0.0000,0.0000,0.0000,0.0000,0.0000,0.0000,0.0000,0.0000,0.0000
1700000041.950000,-59.5,64.0312,61.0000,65.5134,61.9839,63.9531,58.0517,59.5399,60.4070,59.2115,61.0737,61.0328,61.0000,60.0000,61.1310,59.0762,61.0737,58.4209,59.4138,57.5587,60.8276,60.5310,61.8142,60.6712,61.3922,62.1691,60.4152,60.8769,64.3273,62.3699,63.5610,60.0167,62.1691,62.5140,61.4003,60.4070,62.2896,60.1332,57.1402,56.0357,55.0364,55.0000,53.0000,54.0000,50.0899,48.2597,46.5296,46.5296,46.0977,45.3542,43.6807,43.6578,39.8121,0.0000,0.0000,0.0000,0.0000,0.0000,0.0000,0.0000,0.0000,0.0000,0.0000,0.0000,0.0000
1700000042.000000,-63.2,62.9682,63.1506,60.4070,62.6498,59.3043,59.4138,58.1378,58.1378,58.0345,58.0000,60.0000,58.0086,57.0789,58.2151,59.2115,57.4282,59.5399,57.5587,57.8705,57.8705,56.8858,60.0167,56.8858,60.8769,60.6383,59.6657,60.8769,60.6383,60.8769,61.1310,60.4152,61.6117,60.0167,58.8558,59.6825,58.4209,57.5587,56.2228,54.0833,55.0364,52.0000,53.0094,49.0408,49.0408,47.2652,45.3982,44.7214,43.9318,42.2019,42.7200,40.8534,39.0000,0.0000,0.0000,0.0000,0.0000,0.0000,0.0000,0.0000,0.0000,0.0000,0.0000,0.0000,0.0000
1700000042.050000,-60.1,62.4820,63.7024,62.9682,62.2415,61.5224,60.1082,62.2415,59.4643,60.2080,59.8164,58.2580,58.6003,59.0762,58.8218,59.3633,59.6825,60.0333,58.6686,59.4811,60.3738,58.5918,59.4811,58.6003,61.8466,61.7414,61.4654,62.6498,62.6498,63.0714,61.7414,62.1691,62.6099,62.1772,61.7738,59.1693,61.4003,59.3633,57.1402,56.3028,55.8032,54.2033,51.8556,53.9073,50.2494,50.2096,46.6905,46.8615,46.2277,44.2041,43.5660,42.5441,41.1461,0.0000,0.0000,0.0000,0.0000,0.0000,0.0000,0.0000,0.0000,0.0000,0.0000,0.0000,0.0000
1700000042.100000,-62.9,62.2977,60.7289,61.8466,59.2030,60.6383,58.9406,58.2495,58.0517,57.8705,56.7186,59.4138,58.1378,59.0762,58.0775,59.0339,60.0000,57.0000,57.0088,57.0789,59.0762,59.0339,60.0750,59.0762,60.5310,60.4070,60.4070,60.5310,61.2944,62.2896,61.2944,60.2080,60.1332,61.0737,60.0000,60.0000,59.0085,57.0088,57.0351,55.0818,54.2310,52.4690,51.4781,51.7880,48.6621,48.0521,44.9222,44.9222,44.9444,44.9444,43.0813,40.7063,39.1152,0.0000,0.0000,0.0000,0.0000,0.0000,0.0000,0.0000,0.0000,0.0000,0.0000,0.0000,0.0000
1700000042.150000,-65.6,61.0000,60.0000,62.0322,61.0328,60.1332,58.0775,57.4282,59.5399,58.6941,56.8858,57.0701,57.2713,58.4637,57.7235,57.9741,59.1354,56.9210,58.5235,56.6480,57.0088,57.0088,58.6941,58.6941,60.4152,59.6154,58.6941,59.0931,61.7414,60.5392,61.7414,60.5392,60.5392,59.4643,59.4643,57.8705,57.2451,56.3205,57.0088,55.1090,54.3415,52.7731,50.6360,49.6488,47.0956,47.1699,44.0454,45.0111,44.0000,43.1856,44.4072,38.8330,38.6005,0.0000,0.0000,0.0000,0.0000,0.0000,0.0000,0.0000,0.0000,0.0000,0.0000,0.0000,0.0000
1700000042.200000,-63.1,60.6383,59.2030,62.3618,61.4003,63.2456,58.8218,59.8080,58.3095,57.7754,58.1808,59.6154,59.0339,59.0593,57.8014,56.8243,59.3633,57.6888,59.6825,58.2495,60.2163,58.0086,59.2030,59.2030,60.4401,60.0000,59.8164,59.8164,61.2209,61.0737,62.8013,60.0000,61.6117,61.6117,59.6406,59.9083,60.2080,59.5399,55.4707,55.0364,53.2259,53.3104,51.0784,52.5547,49.0408,47.4342,45.6070,45.6070,44.9110,44.5533,44.2832,40.0125,38.0000,0.0000,0.0000,0.0000,0.0000,0.0000,0.0000,0.0000,0.0000,0.0000,0.0000,0.0000,0.0000
1700000042.250000,-62.4,67.1193,64.4127,67.1193,65.3070,65.3911,62.7694,64.2573,64.2573,61.6847,62.9365,63.8905,63.0635,63.3482,62.1691,61.1882,62.3939,62.5140,62.3939,62.2013,62.2896,63.2851,63.0317,64.0703,65.0000,64.0000,65.0000,65.0077,67.0075,67.0075,68.0000,65.0308,68.0074,66.2722,63.1981,65.1230,64.1950,63.3877,59.4138,59.8415,57.7062,58.2495,55.1090,55.5428,51.4198,51.5461,49.3356,49.0408,46.6154,46.5188,46.9574,44.4185,42.8019,0.0000,0.0000,0.0000,0.0000,0.0000,0.0000,0.0000,0.0000,0.0000,0.0000,0.0000,0.0000
1700000042.300000,-60.7,60.0083,59.8080,58.1808,60.9262,58.6003,58.1378,57.2451,57.7062,55.9464,56.3028,56.0357,56.4004,57.2014,56.0803,58.2580,55.9732,58.0517,54.4885,56.5685,57.2800,55.8659,55.8659,55.2268,56.4004,58.8982,57.4891,60.3075,57.4891,61.0737,58.2580,59.4643,58.7282,58.6941,57.2800,59.3970,56.5685,55.1543,53.8145,53.1507,53.1507,51.2250,52.0096,49.4065,46.8722,45.2769,44.7772,45.1774,44.2832,43.4626,40.3113,42.0595,39.0512,0.0000,0.0000,0.0000,0.0000,0.0000,0.0000,0.0000,0.0000,0.0000,0.0000,0.0000,0.0000
1700000042.350000,-60.9,62.2896,62.1289,63.0714,65.0308,61.0082,60.0083,60.0000,59.0339,61.0737,59.2115,60.2993,57.7062,61.6604,59.0339,58.2495,61.3922,59.6657,58.6941,60.1664,60.4401,59.4811,61.0328,59.7746,61.0983,61.3514,62.0322,63.9062,65.1920,63.9062,62.6259,61.9839,64.1950,63.6003,63.0635,59.9083,59.4390,58.2495,56.8858,56.5685,56.5685,54.4518,53.3385,52.2398,48.0416,49.0102,48.0000,47.0956,46.1736,46.0977,44.7214,41.2311,40.4969,0.0000,0.0000,0.0000,0.0000,0.0000,0.0000,0.0000,0.0000,0.0000,0.0000,0.0000,0.0000
1700000042.400000,-64.2,64.2806,65.1230,65.0308,65.0692,65.0000,61.0082,63.0000,61.0000,60.0750,61.2944,61.5224,59.8415,62.1691,61.8466,60.4152,63.0635,60.8769,60.1664,61.0328,62.2977,62.6418,62.2977,60.7454,63.1585,62.7694,63.5610,63.5610,65.1920,66.3099,64.0781,64.6220,64.5136,64.1950,62.6259,61.6847,61.6847,59.7746,59.9083,57.9741,56.2939,55.7315,54.9181,53.4603,51.3517,50.0899,47.0106,46.0000,46.0000,46.0977,46.0435,42.5793,41.4849,0.0000,0.0000,0.0000,0.0000,0.0000,0.0000,0.0000,0.0000,0.0000,0.0000,0.0000,0.0000
1700000042.450000,-60.3,62.2013,65.3758,62.5140,62.3939,61.6604,61.8142,61.3922,59.2284,60.6383,58.4637,59.6657,59.4811,60.7289,61.0328,60.0833,60.5392,61.8466,58.6941,60.8358,59.0339,59.5063,60.8276,58.6003,62.1691,61.7171,61.2944,63.5295,62.6498,64.4127,62.1772,62.6498,63.0714,63.6946,62.7694,61.4654,58.5235,59.1354,56.0446,57.0088,56.5155,54.5711,55.1090,50.6360,50.8035,49.3660,47.0956,48.0416,46.0000,45.0000,44.1814,42.5793,40.2616,0.0000,0.0000,0.0000,0.0000,0.0000,0.0000,0.0000,0.0000,0.0000,0.0000,0.0000,0.0000
1700000042.500000,-61.3,63.0635,63.5059,63.0714,63.0714,62.6498,58.6941,60.4070,58.8727,60.4070,59.4811,57.8705,58.9406,59.9083,58.0517,58.0517,60.4070,59.3043,58.4209,57.2189,58.1378,57.2189,59.0085,60.1332,59.0085,62.0322,61.0082,62.0000,63.0000,61.0000,64.0000,62.0081,61.0082,62.1289,60.2080,61.0737,60.4070,58.5491,58.0517,55.3173,55.1090,55.3173,52.6308,51.9230,49.0408,47.4342,45.8803,45.6946,46.0977,42.4853,42.7200,41.6173,38.4187,0.0000,0.0000,0.0000,0.0000,0.0000,0.0000,0.0000,0.0000,0.0000,0.0000,0.0000,0.0000
1700000042.550000,-63.7,63.6003,63.2456,62.9682,62.1289,62.9682,59.6825,59.9416,58.5918,59.9416,60.8358,60.3738,59.6154,60.9262,58.8727,59.8080,63.2456,59.1354,61.0328,58.9406,60.8769,59.2030,58.9406,60.1664,62.5859,61.6117,62.3699,63.5610,63.5610,62.8172,64.7611,63.0635,62.3618,61.9839,61.9839,60.0833,59.1354,60.5392,57.7754,56.7979,55.9017,55.4707,52.8394,52.1536,50.2494,49.0918,46.6154,48.4149,46.0977,45.2769,43.8634,42.6380,41.0488,0.0000,0.0000,0.0000,0.0000,0.0000,0.0000,0.0000,0.0000,0.0000,0.0000,0.0000,0.0000
1700000042.600000,-58.8,62.0725,62.2896,62.2896,63.2851,61.4003,61.4003,60.8276,60.0167,58.0517,58.4637,58.9406,59.7746,59.1354,57.9396,57.2451,59.6154,60.5392,59.0931,60.3738,59.0339,59.9333,59.9416,60.3738,61.4003,59.1693,61.4003,62.6498,62.7694,64.0078,63.1348,60.4152,61.2944,62.6099,60.4152,60.9262,58.6941,58.6941,57.0088,56.3028,54.0833,52.2015,51.2445,51.4198,51.1957,47.8539,46.3897,46.0977,45.0999,44.0114,43.0000,41.1096,40.3113,0.0000,0.0000,0.0000,0.0000,0.0000,0.0000,0.0000,0.0000,0.0000,0.0000,0.0000,0.0000
1700000042.650000,-60.6,62.0081,63.4114,61.8547,61.8547,61.2944,61.2944,59.9083,59.5399,58.1808,57.7062,58.5918,59.5063,60.5392,58.8727,61.0983,58.1893,60.0833,56.6127,61.1310,60.1664,59.2030,59.9083,57.2713,61.9839,62.3699,61.0000,63.9531,62.3699,64.1327,61.0000,62.5859,62.8172,61.8466,63.0635,61.0328,59.7746,57.8705,57.5847,56.6480,55.5428,53.2259,53.2259,50.9902,48.3735,49.9300,45.4863,46.0435,45.0000,43.4166,43.9318,41.7253,39.6989,0.0000,0.0000,0.0000,0.0000,0.0000,0.0000,0.0000,0.0000,0.0000,0.0000,0.0000,0.0000
1700000042.700000,-60.4,62.2896,62.9365,60.8276,65.7647,58.7282,60.2080,59.8164,59.2030,62.2013,57.4282,59.4054,59.9083,60.7454,58.3095,62.2656,60.4152,60.3738,57.2451,60.8358,59.2368,59.6154,61.0983,57.7754,61.0983,62.0322,62.6259,63.5689,62.0322,64.2573,61.4654,62.3939,64.6220,63.6946,62.2415,59.9333,58.5918,59.1693,58.3095,56.0803,56.0803,52.4309,53.2541,50.8035,50.0000,47.6340,46.0977,45.9674,46.6690,43.1393,43.4166,42.4382,41.1825,0.0000,0.0000,0.0000,0.0000,0.0000,0.0000,0.0000,0.0000,0.0000,0.0000,0.0000,0.0000
1700000042.750000,-60.1,63.7887,62.8172,62.3699,62.3699,63.1506,59.8415,57.7062,58.6941,57.4282,58.3095,58.0775,61.0328,59.0085,58.0000,59.0085,60.0750,58.0345,57.1402,58.3095,59.4138,59.2115,60.6712,58.4209,61.0000,61.0000,57.8705,62.1691,62.1691,61.9839,62.9682,61.5224,62.5140,61.4003,61.2944,61.1310,58.1378,58.0775,57.0088,57.0000,55.0000,54.0370,53.1507,52.2398,48.1664,47.6760,46.5296,47.0744,44.3847,43.9659,44.2719,42.0476,38.9487,0.0000,0.0000,0.0000,0.0000,0.0000,0.0000,0.0000,0.0000,0.0000,0.0000,0.0000,0.0000
1700000042.800000,-60.8,64.8845,61.7738,62.7694,64.1405,61.5873,61.2944,61.0328,60.0000,58.4123,59.6657,59.8164,60.3075,60.8769,61.5549,61.5224,60.1415,60.1415,58.7282,59.8164,62.0081,59.6657,61.4003,59.2030,62.8013,62.0081,62.8013,61.6117,62.2013,62.8013,63.6003,62.8013,62.8013,62.6259,61.8466,60.9590,58.7282,59.3970,58.6941,55.9732,56.6392,54.0370,55.4437,52.2015,50.2195,48.8262,46.0435,46.6476,46.1411,43.3820,45.3100,43.0116,41.2311,0.0000,0.0000,0.0000,0.0000,0.0000,0.0000,0.0000,0.0000,0.0000,0.0000,0.0000,0.0000
1700000042.850000,-62.2,65.5134,64.6607,65.3682,65.8635,62.6498,63.5295,62.6099,60.9262,60.8358,59.6154,61.4654,61.0328,61.6847,60.4401,61.1310,62.1691,60.4152,60.4152,62.9682,61.9839,62.1691,61.8142,60.5310,61.4003,63.6396,63.3877,64.2806,65.3758,65.3758,63.2851,63.6396,65.7647,62.3699,62.3699,61.8466,60.6383,60.8769,59.4811,57.8705,56.9210,54.4243,54.0833,53.8516,50.1597,50.0899,47.8853,49.3964,47.4342,46.6154,44.2041,43.1393,40.3609,0.0000,0.0000,0.0000,0.0000,0.0000,0.0000,0.0000,0.0000,0.0000,0.0000,0.0000,0.0000
1700000042.900000,-62.7,63.3246,61.4654,62.6498,61.8466,63.0714,59.0931,59.9416,59.4811,60.0333,59.6825,58.3095,59.9083,60.4649,58.0086,57.2014,59.6657,58.7963,58.8982,58.7282,60.1082,60.8276,59.3970,60.1082,60.1082,63.6553,62.2896,62.2896,63.7809,62.2896,62.9682,60.8276,62.9365,62.2254,60.8276,59.4643,60.4401,58.4123,57.2014,57.2014,54.4059,53.2541,54.0833,53.2541,48.8774,48.3011,46.9574,46.0977,45.6946,44.5982,43.6807,42.9535,40.3113,0.0000,0.0000,0.0000,0.0000,0.0000,0.0000,0.0000,0.0000,0.0000,0.0000,0.0000,0.0000
1700000042.950000,-63.2,67.6018,66.7308,67.7422,67.7422,66.0379,63.8122,63.8201,62.2013,64.4050,63.2535,63.2535,62.3699,63.6553,63.6553,62.9365,64.3817,62.2896,62.2896,64.0312,62.6259,63.8905,64.8151,63.4114,66.6108,67.0075,65.8027,65.2150,65.8027,68.0074,67.4240,66.8431,67.0075,66.7083,65.9469,65.8559,63.6553,62.2254,62.9682,60.1415,58.7963,56.2228,55.4437,55.8032,53.0094,51.0392,48.5489,48.7647,49.1935,47.4236,45.3100,44.9222,42.7551,0.0000,0.0000,0.0000,0.0000,0.0000,0.0000,0.0000,0.0000,0.0000,0.0000,0.0000,0.0000
1700000043.000000,-62.7,61.5224,62.9682,63.0317,63.1269,63.0317,59.6657,58.1378,58.6003,58.8218,59.3633,59.9083,58.3095,59.5399,60.4152,58.1808,60.3738,57.6975,59.9333,58.3095,60.0083,60.0083,61.4654,59.2368,60.0833,62.2977,59.1354,62.9682,62.9682,61.0983,63.9062,61.4654,62.7694,62.2415,60.0083,61.2699,59.4811,58.5918,56.8243,56.9386,53.3385,54.0833,52.4309,52.2015,48.4149,46.8615,47.4236,45.9674,45.2769,44.6878,42.6380,42.7200,38.9487,0.0000,0.0000,0.0000,0.0000,0.0000,0.0000,0.0000,0.0000,0.0000,0.0000,0.0000,0.0000
1700000043.050000,-64.1,62.2896,61.6198,64.5368,64.6607,62.0081,61.2209,60.8030,58.8218,61.0328,58.3095,58.8303,58.1808,59.4811,60.3738,60.3738,59.9333,59.6154,59.2368,59.8080,60.7454,59.6154,60.7454,58.5235,61.9839,62.9365,61.9839,61.9839,64.5136,63.8905,62.9365,61.4654,63.2456,62.7694,60.9262,59.9333,60.3738,59.4811,56.8243,55.9464,55.9464,53.8516,53.5350,51.0392,50.2195,48.4149,46.0977,46.6905,43.8634,43.8634,44.6878,41.0488,38.9487,0.0000,0.0000,0.0000,0.0000,0.0000,0.0000,0.0000,0.0000,0.0000,0.0000,0.0000,0.0000
1700000043.100000,-64.4,65.1153,69.0507,64.3817,65.4905,63.3877,65.2763,65.0692,63.0317,62.0725,61.0000,63.0000,64.0312,63.0714,64.1950,65.1230,61.2944,65.4905,57.7062,64.9384,62.9682,63.9531,62.5859,60.0167,65.7343,66.4906,64.7611,66.9403,64.7611,67.6831,65.7343,68.0661,65.9242,65.9242,63.6396,65.4905,61.2944,62.3939,61.0737,59.0085,60.0000,54.0000,57.0789,54.0833,53.2353,50.4876,49.6488,48.8365,48.5077,47.1275,46.4866,44.2832,42.5441,0.0000,0.0000,0.0000,0.0000,0.0000,0.0000,0.0000,0.0000,0.0000,0.0000,0.0000,0.0000
1700000043.150000,-59.9,64.3817,65.1920,63.8905,65.2993,64.0312,63.4114,62.4260,61.0328,61.8547,61.5873,61.4003,61.4003,62.6099,59.9416,60.8276,63.1585,62.0322,59.0931,62.0322,62.9682,61.6847,62.2977,61.6847,62.6418,64.5136,63.8905,64.1950,63.8905,65.4599,64.8460,64.8460,64.8460,64.2573,63.5610,62.2415,61.7414,61.2699,59.9416,56.4358,57.4543,57.9828,53.8238,53.8238,50.8035,50.6063,47.4236,48.8365,48.0833,46.0977,45.6070,43.8292,42.0595,0.0000,0.0000,0.0000,0.0000,0.0000,0.0000,0.0000,0.0000,0.0000,0.0000,0.0000,0.0000
1700000043.200000,-59.6,62.5140,62.5140,61.1310,61.1310,62.0725,60.0333,59.0085,60.0083,60.0000,59.0339,58.1378,59.2115,59.3043,58.6941,58.5491,58.0517,59.4390,58.0517,57.9741,58.6941,58.6941,59.4811,58.2409,60.7289,59.7746,60.0833,61.9839,59.1354,63.2456,60.7289,60.7289,61.1310,61.1310,58.6941,59.6657,60.4152,59.0339,56.5685,56.4358,53.3385,53.3385,52.1536,50.0400,48.0416,47.0000,47.0425,47.0956,44.1022,41.5933,43.7379,41.4849,41.4367,0.0000,0.0000,0.0000,0.0000,0.0000,0.0000,0.0000,0.0000,0.0000,0.0000,0.0000,0.0000
1700000043.250000,-64.3,61.2944,59.1354,61.0328,59.0339,61.0000,56.0000,58.0086,55.1453,57.2189,59.2115,58.3095,57.7062,55.9017,57.4891,54.1295,59.2030,55.5428,57.0088,55.6597,56.6127,55.9732,57.2451,58.1893,58.3095,58.8727,58.3095,60.9262,60.9262,58.3095,61.4654,57.9396,59.8080,58.8218,58.8218,58.8218,58.2409,56.9210,54.5711,53.3667,51.9711,53.7587,49.6488,50.4876,47.1699,46.0435,43.0465,44.0000,43.0000,43.1856,41.3038,40.7922,38.3275,0.0000,0.0000,0.0000,0.0000,0.0000,0.0000,0.0000,0.0000,0.0000,0.0000,0.0000,0.0000
1700000043.300000,-62.1,59.4643,57.5674,58.5235,58.8218,59.4643,55.7136,56.4624,55.0364,56.3649,56.3560,55.4707,55.2268,56.0803,56.3028,56.0357,55.2178,54.4059,54.8179,55.4437,56.6392,55.3173,56.6392,56.6392,56.5862,57.9828,57.9828,57.2800,59.3970,59.4138,58.6941,57.3149,58.7282,58.1378,57.4891,56.8507,57.6281,54.4059,54.4059,52.6973,52.6973,50.2494,49.7393,49.2443,46.5296,45.1885,44.3847,44.3847,42.1545,42.7200,39.2938,39.8121,37.1214,0.0000,0.0000,0.0000,0.0000,0.0000,0.0000,0.0000,0.0000,0.0000,0.0000,0.0000,0.0000
1700000043.350000,-63.0,64.6607,64.6607,63.8905,65.2993,63.1269,62.9682,61.5549,63.6396,62.2415,60.2080,61.7171,61.4003,62.2013,62.6817,62.2013,61.5873,62.7694,60.7454,62.6498,61.7738,62.2656,63.0635,61.2944,63.0714,63.5059,63.0714,65.7951,64.8845,65.7951,63.9766,64.4050,64.4127,63.5295,62.6498,63.6318,61.0574,61.4003,59.6406,57.4282,56.6127,55.0000,54.8179,52.4976,50.9902,50.2096,48.8365,48.9183,47.5079,47.2017,45.0000,44.4185,42.9418,0.0000,0.0000,0.0000,0.0000,0.0000,0.0000,0.0000,0.0000,0.0000,0.0000,0.0000,0.0000
1700000043.400000,-59.4,64.2573,64.2573,63.2456,63.6003,62.9365,61.9839,61.6117,59.4390,61.3922,60.0167,61.1882,60.5310,60.2993,61.2944,60.2080,60.0083,61.0082,60.0083,61.0082,62.0725,61.0737,61.2046,60.0750,63.1981,62.1289,64.1950,65.4905,63.2851,64.1950,63.2851,63.0714,65.1920,64.0703,61.0328,63.0000,61.0000,60.0083,58.0775,58.2151,56.2228,54.3323,53.4603,52.3450,50.9902,50.0100,46.0977,48.5077,46.8188,45.3100,44.2832,42.9418,41.3401,0.0000,0.0000,0.0000,0.0000,0.0000,0.0000,0.0000,0.0000,0.0000,0.0000,0.0000,0.0000
1700000043.450000,-62.7,64.7765,64.6297,63.9531,64.7765,63.3482,61.6117,62.0967,61.1310,60.4070,60.0833,60.4070,61.4654,61.0983,59.5063,60.8358,61.2944,61.7738,58.6686,59.6825,61.9112,59.6825,62.9682,59.9083,61.0328,61.0328,63.2456,63.8201,63.0079,65.4599,61.6117,62.6817,62.6817,64.3506,62.9682,61.9112,60.0333,60.0333,59.4811,58.6003,55.0364,53.2259,54.2310,53.4883,50.3289,49.6488,46.8402,46.3249,46.0977,45.7056,44.2832,43.0465,40.0000,0.0000,0.0000,0.0000,0.0000,0.0000,0.0000,0.0000,0.0000,0.0000,0.0000,0.0000,0.0000
1700000043.500000,-62.6,63.3877,62.0725,62.0725,63.0714,62.0322,61.0328,60.0000,59.0339,59.0762,56.0803,61.1310,61.4003,58.8558,60.0167,60.8276,58.2495,59.6657,57.7235,60.4401,60.0833,59.7746,60.7289,56.9210,60.4070,62.9682,61.6847,62.0322,61.0328,64.5136,62.0322,63.8905,63.8905,63.8905,61.6847,61.8466,58.9406,58.0517,56.8858,56.5685,55.7315,53.2353,54.0833,51.1566,50.0400,49.0000,46.0000,46.0977,45.1774,42.2966,41.7732,42.4500,41.1096,0.0000,0.0000,0.0000,0.0000,0.0000,0.0000,0.0000,0.0000,0.0000,0.0000,0.0000,0.0000
1700000043.550000,-61.4,68.4471,62.5859,67.4463,64.7611,67.4463,61.4003,64.1950,61.3514,62.0322,65.1920,61.0983,62.6498,63.0714,61.7171,61.2944,62.7694,59.3633,61.9112,60.4649,61.8547,62.1289,61.0328,63.8201,63.6003,65.0000,64.2028,63.4114,66.4003,64.4050,67.2012,64.6375,66.0303,65.7343,63.8122,63.8122,62.7694,61.7738,58.5918,61.2699,57.2713,58.1808,53.7122,56.0803,49.3356,50.9215,48.7647,48.5077,47.8539,48.3735,46.0977,44.0000,42.0119,0.0000,0.0000,0.0000,0.0000,0.0000,0.0000,0.0000,0.0000,0.0000,0.0000,0.0000,0.0000
1700000043.600000,-60.4,63.3246,61.9839,64.1950,61.3514,64.2573,59.1354,60.5392,59.6154,58.6941,60.3738,60.3738,60.9016,60.0333,60.2080,58.8303,60.4649,57.2014,59.6406,57.8014,59.8164,59.4054,61.0737,59.6657,61.5549,61.6198,62.2896,61.6198,63.0317,62.2896,63.7809,61.0737,64.6607,62.8013,60.4649,60.4649,59.6406,59.6406,56.6039,56.3028,54.2033,55.0727,52.3259,53.2259,49.6588,49.0408,47.4342,48.0833,46.3249,47.0744,42.7551,42.1900,42.0119,0.0000,0.0000,0.0000,0.0000,0.0000,0.0000,0.0000,0.0000,0.0000,0.0000,0.0000,0.0000
1700000043.650000,-61.0,62.9365,61.5549,62.2896,62.9682,61.6198,62.2896,60.4401,58.4123,59.2030,59.0762,59.6406,58.8303,58.6686,60.3738,60.3738,59.0931,59.5063,56.7979,59.6154,62.3939,61.0983,59.4643,57.2451,60.7289,60.0833,61.0328,63.3246,62.3618,63.3246,61.9839,63.8905,63.8905,64.1950,61.3514,62.3939,58.5235,60.0083,58.1808,57.2713,56.3560,53.3385,52.8394,49.7393,50.7740,49.9300,45.8039,46.6154,46.2277,45.3431,43.8634,42.4500,40.6079,0.0000,0.0000,0.0000,0.0000,0.0000,0.0000,0.0000,0.0000,0.0000,0.0000,0.0000,0.0000
1700000043.700000,-60.9,62.6259,64.5136,62.6418,62.9365,61.1310,58.9406,58.9406,60.0167,58.2495,58.5491,58.5491,60.2080,59.2115,60.0333,59.0762,58.0345,59.0000,58.0000,60.0750,59.0762,61.0737,61.1310,57.1402,61.5224,63.2851,60.4070,60.5310,62.3939,64.2806,61.4003,61.1310,63.1981,62.1289,61.0328,61.0000,57.0000,58.0000,57.0351,57.0789,55.1453,54.4518,53.4603,51.4781,49.4975,48.8365,47.2969,46.5725,45.5412,43.6578,44.0114,41.5933,40.4969,0.0000,0.0000,0.0000,0.0000,0.0000,0.0000,0.0000,0.0000,0.0000,0.0000,0.0000,0.0000
1700000043.750000,-61.4,58.5235,58.5235,58.5235,58.5235,57.9741,55.7853,56.8858,55.9017,54.5894,56.3205,56.2228,55.0818,57.0351,56.0000,56.0000,56.0089,54.0370,56.0357,57.3149,56.1427,56.1427,57.5587,54.3323,58.0517,59.0339,57.5587,58.0517,58.0517,60.0167,60.0167,57.5587,58.5491,58.3095,59.2115,57.2189,56.2228,55.1453,54.0370,53.0377,51.0000,50.0400,50.0100,48.0416,47.1699,44.2832,43.4166,42.9535,41.2311,42.7200,40.5216,37.6962,38.9102,0.0000,0.0000,0.0000,0.0000,0.0000,0.0000,0.0000,0.0000,0.0000,0.0000,0.0000,0.0000
1700000043.800000,-62.9,65.8559,64.4438,64.2028,63.1269,63.4114,62.8013,61.6117,61.8547,61.2944,61.2944,61.7738,60.9016,61.7738,60.3738,60.3738,62.7694,59.6154,61.4654,61.0983,62.9682,61.4654,62.6259,62.2977,64.1950,64.5601,63.8905,63.6003,65.5210,65.8027,63.8905,63.9062,64.5136,65.5515,62.7694,62.6498,61.7414,60.3738,59.0593,57.7062,56.4358,57.8014,52.1536,53.2541,51.6140,49.8197,46.8615,48.9183,46.6905,45.3431,46.0977,42.2019,43.5660,0.0000,0.0000,0.0000,0.0000,0.0000,0.0000,0.0000,0.0000,0.0000,0.0000,0.0000,0.0000
1700000043.850000,-63.5,67.4685,65.7647,66.9104,65.7647,65.3758,62.5140,62.1289,64.0703,62.0725,64.0312,61.0082,63.0317,63.0714,62.2013,61.1310,64.7765,60.6712,61.6604,61.0000,62.9682,61.9839,63.3482,63.1506,64.0312,65.0000,63.7887,67.4463,67.1863,65.0000,67.1863,63.7887,66.7083,66.0984,61.6604,62.8013,63.5059,61.4003,60.2993,60.2080,57.0789,57.0000,54.0000,55.0000,52.0096,50.0899,49.3660,47.3814,47.5184,47.8539,46.3249,44.2719,41.6293,0.0000,0.0000,0.0000,0.0000,0.0000,0.0000,0.0000,0.0000,0.0000,0.0000,0.0000,0.0000
1700000043.900000,-62.6,64.0781,61.8466,61.6847,61.0983,61.6847,58.1893,59.2030,57.7235,57.4891,58.4637,58.4637,57.7062,58.8558,57.3149,57.3149,57.1402,57.0789,57.0088,58.0000,58.0000,58.0000,58.0000,58.0000,60.0750,60.0750,59.0762,60.0750,61.0737,60.2080,60.0750,60.0083,62.0081,62.0000,60.0083,57.0351,57.0789,57.0789,55.3263,54.5894,53.3385,51.7880,50.6360,50.9902,49.2443,46.5725,45.2217,45.5412,44.0114,43.4626,42.9418,42.1900,39.2046,0.0000,0.0000,0.0000,0.0000,0.0000,0.0000,0.0000,0.0000,0.0000,0.0000,0.0000,0.0000
1700000043.950000,-61.1,63.8122,63.2851,62.6498,62.6498,60.8276,60.8276,59.5063,58.6941,58.6941,59.2368,60.5392,60.4070,61.9839,59.7746,59.7746,58.4637,59.4390,58.6941,60.0167,60.6712,59.0339,61.6604,58.0517,60.4070,62.5140,61.6604,62.3939,61.6604,64.4981,61.9839,62.9682,61.9839,61.0000,61.8466,60.4152,59.9083,57.2800,56.6127,55.9732,55.7136,54.2310,53.3104,52.3927,49.6488,48.3735,46.1411,46.6154,44.6542,43.4166,41.7732,42.4264,40.3609,0.0000,0.0000,0.0000,0.0000,0.0000,0.0000,0.0000,0.0000,0.0000,0.0000,0.0000,0.0000
1700000044.000000,-61.1,65.1920,64.0781,64.4050,64.4748,65.3070,63.5059,63.5059,61.7738,62.2656,59.6825,62.4340,61.6117,62.8013,62.0081,61.2209,61.7171,63.0317,60.8769,63.6553,62.9365,63.6553,61.5549,61.5224,63.8905,65.2993,63.7809,65.2993,65.2993,65.2993,66.8431,63.7024,64.3817,65.1153,62.2254,62.2415,62.9682,61.5549,58.8982,58.2580,56.2228,57.2014,55.0000,54.6443,51.8652,51.6236,48.8774,48.3011,46.5188,45.3100,45.5412,44.6430,42.7551,0.0000,0.0000,0.0000,0.0000,0.0000,0.0000,0.0000,0.0000,0.0000,0.0000,0.0000,0.0000
1700000044.050000,-61.7,62.6259,62.2977,63.3246,61.4654,62.3939,58.6941,60.3738,59.9333,58.1808,61.2944,57.8014,59.1693,59.9083,59.3633,60.4649,61.2209,58.1378,59.6657,58.8982,59.4138,59.5483,62.2896,60.8276,60.1082,62.2415,59.3970,62.9682,63.6396,62.2415,63.6553,60.1082,61.5224,62.2896,60.8276,60.2080,58.8982,56.7274,57.2014,56.6127,55.0000,51.6140,51.3128,51.6236,48.0208,46.9574,46.0652,46.0977,46.0977,44.5982,41.4849,41.9762,39.3192,0.0000,0.0000,0.0000,0.0000,0.0000,0.0000,0.0000,0.0000,0.0000,0.0000,0.0000,0.0000
1700000044.100000,-65.4,63.2535,62.3699,61.6198,63.8905,60.8769,59.4138,60.8276,59.4138,58.1378,58.1378,58.8982,59.2030,59.8164,60.0000,57.6888,59.5399,57.8014,57.8014,58.5918,59.0593,59.9416,59.0339,59.0339,59.9333,60.8358,60.0083,62.6498,61.3270,61.8466,61.8466,61.7414,62.1691,61.2699,59.9416,60.4152,59.5399,58.8303,56.8595,56.0357,53.8238,54.4059,51.4004,51.8556,49.0408,47.4236,46.6905,45.2548,44.6878,44.2041,42.2019,42.7200,39.8121,0.0000,0.0000,0.0000,0.0000,0.0000,0.0000,0.0000,0.0000,0.0000,0.0000,0.0000,0.0000
1700000044.150000,-61.1,63.0635,61.6117,63.9531,62.1691,62.9682,58.6941,59.5399,59.4138,60.2993,59.2115,61.0737,60.0333,61.0082,59.0085,57.0351,60.0750,58.1378,59.2115,58.4209,58.6941,58.3095,59.8415,61.6604,61.0000,62.1691,61.0000,62.3699,63.1506,62.3699,65.1153,61.5224,62.8013,60.8276,61.4003,60.2080,61.2046,59.1354,57.0088,57.0000,54.0000,57.0088,53.0377,54.0833,48.1664,47.2652,46.5296,46.8722,45.3542,45.6070,42.3792,41.2311,39.3573,0.0000,0.0000,0.0000,0.0000,0.0000,0.0000,0.0000,0.0000,0.0000,0.0000,0.0000,0.0000
1700000044.200000,-65.5,64.7611,62.0967,65.8027,63.6003,62.9365,59.4811,61.4654,61.4654,60.9262,61.8466,60.5392,60.3738,61.2699,59.4811,59.5399,63.8122,59.9083,61.0574,60.4649,61.6117,60.4649,60.6053,61.0328,62.8013,61.4003,62.0081,62.8013,64.6607,62.2013,62.8013,61.6117,63.0079,61.8547,60.4649,61.5873,61.7738,58.1808,57.7062,55.4617,55.0364,54.6260,52.5547,53.4883,49.6488,48.7032,47.1275,47.2969,45.1221,46.5296,44.1022,42.0000,41.1096,0.0000,0.0000,0.0000,0.0000,0.0000,0.0000,0.0000,0.0000,0.0000,0.0000,0.0000,0.0000
1700000044.250000,-64.5,65.2763,65.2763,65.0692,65.0692,65.0692,64.0312,64.0000,62.0322,63.0714,61.2046,62.2013,61.4003,64.7765,62.1691,62.9682,62.8172,63.0635,60.8769,63.3246,63.8905,62.9365,63.2456,61.0328,64.2573,65.5515,62.7694,65.9242,64.6220,65.9242,65.5515,64.8460,66.1287,65.7875,63.8905,63.6003,63.3246,62.0967,58.9406,59.4390,58.0517,56.0892,54.5894,54.4518,54.0833,50.0899,49.0408,49.0000,48.0000,46.0977,46.1736,43.5660,42.4500,0.0000,0.0000,0.0000,0.0000,0.0000,0.0000,0.0000,0.0000,0.0000,0.0000,0.0000,0.0000
1700000044.300000,-63.2,60.0083,62.0725,60.1332,62.2896,60.2993,59.2115,58.3095,57.5587,57.7062,57.2713,58.9406,58.9406,60.0833,57.5847,58.5235,57.9396,58.6941,57.0088,59.5063,58.6003,57.7754,58.1378,56.3560,58.3095,61.7738,61.7738,60.9016,61.7738,61.7738,61.2944,60.3738,61.2699,61.2699,60.8358,59.6154,57.7754,58.3095,57.5847,55.7136,54.0833,52.2015,52.2015,50.6952,49.0306,48.0521,45.3982,46.3897,43.1045,42.0119,42.0119,41.0122,38.3275,0.0000,0.0000,0.0000,0.0000,0.0000,0.0000,0.0000,0.0000,0.0000,0.0000,0.0000,0.0000
1700000044.350000,-64.8,65.1920,64.0078,63.0000,64.0078,62.0000,61.0082,61.0737,61.1310,61.4003,60.4070,61.2944,61.6604,61.0000,61.1882,60.6383,62.8172,59.4811,59.2030,59.7746,59.4643,60.0833,62.3939,59.8080,62.3939,62.3939,61.4654,62.3939,63.3246,64.6220,62.3939,62.3939,63.3246,61.3514,61.0983,60.4401,60.8769,58.2495,59.4390,56.8858,56.2939,54.4518,54.4518,52.4690,50.2494,49.0918,46.0109,46.0000,48.0104,45.1774,45.3982,43.4166,39.5601,0.0000,0.0000,0.0000,0.0000,0.0000,0.0000,0.0000,0.0000,0.0000,0.0000,0.0000,0.0000
1700000044.400000,-62.5,62.5859,63.7887,60.4401,63.8905,61.0328,60.0833,59.4811,60.7454,60.4070,58.6941,59.0339,59.5399,60.9016,59.1693,59.1693,58.3095,60.4649,59.0762,60.2163,60.0000,59.6406,62.8013,58.4123,60.8276,62.3699,63.1269,65.2993,61.8466,63.7809,61.7171,63.4114,61.4003,63.6003,61.0328,61.5873,59.3633,59.6406,59.3633,57.3062,57.3062,54.5619,53.2259,53.2259,49.7695,49.0408,46.1736,47.8017,46.5725,43.1741,42.7551,43.4166,42.0119,0.0000,0.0000,0.0000,0.0000,0.0000,0.0000,0.0000,0.0000,0.0000,0.0000,0.0000,0.0000
1700000044.450000,-63.4,63.0714,61.7414,63.3246,59.9333,62.7694,59.2368,58.1893,58.5235,59.1354,59.2030,59.2030,58.9406,58.4637,60.0167,57.2713,59.4138,57.4282,60.4070,57.1402,60.2080,57.2189,60.0750,60.0750,60.0083,60.0750,60.0333,62.0081,62.0081,60.0083,62.0322,59.0762,61.1310,61.2944,59.3043,60.4070,59.6825,57.8705,57.0701,55.7853,55.5428,52.8867,51.9230,52.4976,48.7032,47.7598,46.2385,45.1885,45.6180,44.4185,42.7200,42.0119,38.9487,0.0000,0.0000,0.0000,0.0000,0.0000,0.0000,0.0000,0.0000,0.0000,0.0000,0.0000,0.0000
1700000044.500000,-61.9,63.7887,61.9839,62.6498,62.8013,63.7887,58.8558,60.2993,61.4003,59.0762,58.0775,59.0339,59.0000,59.0000,61.0082,60.0750,61.2944,58.4209,60.2993,59.6825,59.8415,58.6941,61.9839,60.8276,61.1882,61.8142,61.1882,62.5859,62.3699,60.4152,62.1691,62.1691,64.1327,62.8013,61.4003,61.2046,61.2944,59.0762,57.0000,57.0000,56.0000,54.0093,54.0370,53.0848,49.1630,49.3660,46.5296,44.9110,45.3542,45.2217,42.7200,41.6293,39.8246,0.0000,0.0000,0.0000,0.0000,0.0000,0.0000,0.0000,0.0000,0.0000,0.0000,0.0000,0.0000
1700000044.550000,-60.9,60.8276,61.7738,61.9112,61.7738,58.3095,60.2080,59.0762,57.4282,58.0086,56.2228,59.8164,57.4891,57.4891,55.2268,58.0000,56.6392,57.3149,58.7282,58.8982,57.4891,57.4891,60.4401,58.2580,59.8164,59.8164,59.8164,60.0000,60.0000,62.2013,60.6053,61.0737,61.0737,61.7171,58.0517,58.7282,57.2800,57.2800,55.9732,53.8145,52.4976,52.0096,51.4004,49.4065,48.2597,48.2597,46.6476,46.1411,43.8292,43.8634,42.3792,41.4849,39.8121,0.0000,0.0000,0.0000,0.0000,0.0000,0.0000,0.0000,0.0000,0.0000,0.0000,0.0000,0.0000
1700000044.600000,-62.1,63.6318,61.9112,64.3506,62.9682,62.1289,61.2944,62.2013,59.4054,58.4123,60.4401,61.0737,58.7282,60.8276,60.1082,59.4643,62.2896,58.8982,59.6657,60.3075,60.4401,59.6657,59.2030,60.6053,61.6117,62.2013,62.2013,62.8013,65.2150,63.8201,63.8201,62.8013,61.8466,62.4820,63.1269,60.2080,60.1082,60.1082,58.0000,55.9732,55.2268,53.4135,54.0370,51.8556,48.8262,49.0918,46.3249,47.8853,46.5296,44.7772,43.6578,42.3792,39.8121,0.0000,0.0000,0.0000,0.0000,0.0000,0.0000,0.0000,0.0000,0.0000,0.0000,0.0000,0.0000
1700000044.650000,-62.0,63.1506,65.7343,65.7343,65.7343,63.7887,61.1310,62.9365,60.4070,62.2977,61.0983,62.2415,62.6498,61.2699,61.7171,60.3738,60.5392,62.1289,58.8303,63.2456,61.8547,61.8547,63.8201,61.2209,63.4114,64.6607,62.8013,65.2993,65.2993,65.4370,64.5368,64.8151,63.6003,65.2150,63.2456,63.5138,62.1289,61.0574,60.0333,57.8014,57.3062,55.0091,55.4707,54.1295,50.1597,49.7695,48.7032,49.0408,48.0833,45.1221,46.6905,44.2832,42.0000,0.0000,0.0000,0.0000,0.0000,0.0000,0.0000,0.0000,0.0000,0.0000,0.0000,0.0000,0.0000
1700000044.700000,-62.7,65.0000,66.5733,64.8999,66.0303,65.4599,64.4050,62.8013,62.8013,63.4114,61.6198,63.0317,62.2415,62.2415,61.5549,63.6553,63.1269,62.4820,61.2209,62.8013,62.8013,63.2535,64.4050,61.4003,65.4599,65.4599,64.0703,64.8999,64.6375,66.8506,65.4599,66.6108,66.4003,64.8151,64.6607,63.0317,62.2896,61.5549,60.1082,58.0000,58.1378,56.6392,55.9732,54.0370,52.8015,50.8035,48.5489,49.3964,47.4131,46.5188,46.2385,44.2719,42.4500,0.0000,0.0000,0.0000,0.0000,0.0000,0.0000,0.0000,0.0000,0.0000,0.0000,0.0000,0.0000
1700000044.750000,-60.3,64.6375,63.5138,63.2851,65.5134,62.9682,61.9112,60.9016,61.7171,61.2699,61.7414,63.1585,61.0983,62.0322,60.7454,59.4643,61.4003,60.4401,60.4401,59.6657,59.4390,60.4152,61.3922,62.3699,62.6498,63.3482,62.9682,64.7765,62.9682,63.9531,64.3273,63.5610,63.7887,65.0000,61.6847,62.6418,60.7289,59.4643,57.3847,58.3095,57.7754,55.4707,53.6656,55.4707,50.6063,49.3964,47.7074,47.2017,46.7547,46.0109,42.4264,43.8634,41.2311,0.0000,0.0000,0.0000,0.0000,0.0000,0.0000,0.0000,0.0000,0.0000,0.0000,0.0000,0.0000
1700000044.800000,-58.6,62.3699,62.6498,61.5224,62.6498,61.4003,60.2080,61.2046,59.0085,57.0351,57.0000,61.0328,59.0339,60.0750,59.2115,59.3043,58.5491,58.6941,56.8858,58.2495,59.6657,60.2080,59.6657,57.7235,60.4401,62.3618,60.4401,62.2977,61.4003,61.9839,61.6847,60.6383,61.1310,61.1310,60.6383,60.0167,57.8705,57.7062,56.5685,56.3205,54.4518,54.0370,53.2353,53.0377,48.0000,50.0000,47.0425,47.1699,45.2769,44.2832,42.2019,42.7200,38.8973,0.0000,0.0000,0.0000,0.0000,0.0000,0.0000,0.0000,0.0000,0.0000,0.0000,0.0000,0.0000
1700000044.850000,-61.9,60.8276,60.3738,60.0333,62.7694,60.5392,57.4543,59.6825,56.8595,57.4282,57.8014,59.0339,58.0517,58.0517,57.2800,57.3149,58.0000,58.7282,57.3847,58.2580,59.0339,57.4891,59.0339,58.2580,60.4649,60.4649,59.0762,61.0328,59.6406,62.6817,60.8030,60.6053,62.0081,59.8164,60.4401,57.4891,57.3847,57.3847,56.5862,56.5685,53.7587,52.4023,53.8145,51.0882,49.2037,47.4342,46.0435,44.1022,44.7772,43.8292,41.6293,40.8534,38.3275,0.0000,0.0000,0.0000,0.0000,0.0000,0.0000,0.0000,0.0000,0.0000,0.0000,0.0000,0.0000
1700000044.900000,-64.0,65.3682,61.7738,63.8122,63.8122,62.1289,60.4649,60.4649,60.2163,59.6406,59.6657,61.7171,60.9590,59.3970,59.4138,60.1082,60.9590,59.6657,56.6392,61.2209,59.8164,59.6657,62.2013,58.6003,62.1289,62.9682,61.2944,62.1289,62.9682,62.6817,63.5138,63.2456,62.8013,62.0081,61.2209,60.4401,59.6657,59.5483,57.3847,55.2268,53.7401,55.1725,53.0754,52.4976,48.4149,47.8017,47.2017,44.9444,46.1411,43.4166,43.3820,41.7852,42.4500,0.0000,0.0000,0.0000,0.0000,0.0000,0.0000,0.0000,0.0000,0.0000,0.0000,0.0000,0.0000
1700000044.950000,-61.7,61.5224,59.8415,61.1882,61.1882,61.3922,58.2495,59.2030,57.2800,57.5847,57.2451,56.3205,57.9396,57.3847,57.2713,55.9464,57.3062,57.3062,57.8014,55.2268,57.1402,57.1402,59.0762,58.2495,59.0762,59.9083,58.2495,60.0000,62.2013,61.4003,61.6117,60.4649,59.9083,61.0328,58.8303,57.9828,57.3062,56.8243,55.4707,55.0364,54.1295,51.4781,51.4781,50.3289,48.7032,47.1275,44.9222,46.5725,44.1475,43.4166,42.1070,41.0000,40.0500,0.0000,0.0000,0.0000,0.0000,0.0000,0.0000,0.0000,0.0000,0.0000,0.0000,0.0000,0.0000
1700000045.000000,-60.6,63.5610,64.7611,64.2884,64.2884,63.3246,62.2977,61.0328,60.7454,61.3514,57.3847,62.2415,59.4811,62.6498,61.4003,61.4003,58.8303,61.2944,59.6406,61.0328,60.2163,60.7454,61.6117,58.6003,62.4820,63.2535,63.2535,63.2535,62.4820,64.6607,62.6259,65.0000,65.8027,63.8201,61.8547,63.5138,60.2080,59.9083,59.3633,59.0593,58.1378,52.8015,53.7122,53.7122,52.0000,49.0408,45.8803,48.7647,47.0744,44.7214,44.5533,44.1814,42.0000,0.0000,0.0000,0.0000,0.0000,0.0000,0.0000,0.0000,0.0000,0.0000,0.0000,0.0000,0.0000
1700000045.050000,-60.4,65.1920,65.2993,63.4114,65.6049,60.6053,62.4260,60.4649,61.0574,61.9112,59.5399,60.8276,60.3738,59.9333,60.5392,61.3270,59.2368,61.0983,59.1354,60.7289,60.7289,60.7289,60.4401,59.2030,62.5859,62.5859,62.5859,65.7343,61.1310,65.7343,61.6117,63.3246,64.5601,63.8905,60.0833,60.7454,60.7454,60.4070,57.3847,57.3847,57.7754,54.1202,54.1202,49.2443,51.1077,48.5489,46.0435,47.6340,46.0977,43.9318,43.8634,43.8634,41.1096,0.0000,0.0000,0.0000,0.0000,0.0000,0.0000,0.0000,0.0000,0.0000,0.0000,0.0000,0.0000
1700000045.100000,-61.9,63.8905,63.0635,62.8172,64.2884,60.4152,59.6657,59.0339,59.5399,60.5310,60.4070,59.2115,60.0333,61.0082,60.0000,58.0086,59.0762,61.0737,58.0775,58.4209,59.3043,60.2080,60.4070,60.4070,60.8276,62.6498,60.6712,62.6498,61.9839,61.8142,62.8013,61.4003,61.2944,61.2046,62.2013,61.0737,60.0750,58.0775,58.0000,57.0000,57.0351,54.0833,54.0833,51.2445,49.4975,48.5077,46.0977,47.2969,45.6070,44.5982,43.0813,41.2311,41.1825,0.0000,0.0000,0.0000,0.0000,0.0000,0.0000,0.0000,0.0000,0.0000,0.0000,0.0000,0.0000
1700000045.150000,-61.0,61.2944,60.1332,60.0333,64.0703,60.0333,59.0085,60.0000,59.0762,60.0333,58.0775,58.2151,57.2189,57.4282,58.8558,57.8705,58.4637,58.4637,58.2495,59.2030,58.2409,58.2409,59.2030,56.3205,59.4643,59.7746,60.4070,61.3514,60.4070,60.4070,60.4070,62.3618,61.1310,60.1664,58.6941,58.4637,58.2495,58.2495,55.7315,54.5894,54.5894,51.2445,52.1536,50.0899,49.0408,49.0000,47.0106,47.0425,44.1814,43.2897,42.5793,41.7612,40.1622,0.0000,0.0000,0.0000,0.0000,0.0000,0.0000,0.0000,0.0000,0.0000,0.0000,0.0000,0.0000
1700000045.200000,-60.4,63.8122,62.6817,64.4050,65.2150,62.2013,59.2030,61.2209,60.3075,60.9590,61.5549,60.1415,61.5224,61.5549,60.8769,60.3075,59.6657,59.2030,58.6003,59.0762,61.2944,60.8030,60.4649,59.9083,61.9112,62.7694,62.9682,63.2851,64.6607,66.0379,62.9682,60.2080,62.1289,63.2456,62.2013,62.0081,61.2209,59.6657,58.1378,56.6392,56.6392,53.7401,55.1725,51.6624,50.4480,49.2037,46.6154,48.2597,45.7930,44.4185,42.4853,42.0476,40.8044,0.0000,0.0000,0.0000,0.0000,0.0000,0.0000,0.0000,0.0000,0.0000,0.0000,0.0000,0.0000
1700000045.250000,-61.0,63.0635,61.7414,61.7414,62.6498,60.5392,59.6154,59.4643,59.1354,60.0833,58.2409,58.9406,58.0517,59.2284,58.6941,58.8558,59.5399,59.3043,57.3149,59.0762,60.1332,61.1310,61.0082,58.0345,63.0000,62.0081,61.0082,61.0328,62.0000,62.0000,61.0000,61.0328,62.0000,63.0714,62.0725,59.3043,57.2189,59.5399,57.5587,55.7315,53.9351,52.1728,51.1957,51.4198,50.6952,48.0833,45.5412,46.2385,44.3847,44.7214,42.9418,41.8808,40.0000,0.0000,0.0000,0.0000,0.0000,0.0000,0.0000,0.0000,0.0000,0.0000,0.0000,0.0000,0.0000
1700000045.300000,-57.4,67.8970,64.1327,65.3070,63.3482,65.2533,63.0635,63.3246,61.6847,61.9839,62.0322,62.0322,62.7694,63.1585,63.0714,60.8358,63.1348,60.9016,61.7738,61.0574,61.9112,63.6318,63.5138,62.4340,63.8201,64.0703,63.5138,65.2150,68.2422,64.0703,65.2150,63.5138,64.3506,64.1405,63.6318,64.8845,63.0635,61.2944,60.8358,59.0931,59.2368,56.6480,54.0833,52.2015,50.0000,51.2445,49.0306,47.8539,48.6621,48.1664,45.0999,44.0000,42.1900,0.0000,0.0000,0.0000,0.0000,0.0000,0.0000,0.0000,0.0000,0.0000,0.0000,0.0000,0.0000
1700000045.350000,-63.8,60.4401,61.7171,60.1415,62.9682,60.1415,60.1415,57.9828,56.5862,56.6392,58.2580,59.8164,58.0086,57.4282,57.6888,56.8595,57.4543,57.3062,56.4358,57.8014,58.6686,58.6686,58.1808,57.7062,59.6154,59.9333,59.5063,61.7414,59.0339,63.1585,59.9333,61.2699,60.8276,60.4152,60.9016,57.8014,57.1402,56.0803,56.8595,54.2033,53.4135,52.0096,52.4976,49.5177,49.4975,48.1041,46.0109,45.4533,44.2041,43.0116,42.1900,41.1825,39.9249,0.0000,0.0000,0.0000,0.0000,0.0000,0.0000,0.0000,0.0000,0.0000,0.0000,0.0000,0.0000
1700000045.400000,-55.5,64.8999,63.8122,65.4599,62.9682,65.4599,61.0328,61.4003,62.0081,60.3075,61.6198,62.2896,61.5224,61.5549,60.8276,60.1082,64.6607,59.8164,61.8466,59.2030,62.0081,62.0081,60.8030,62.2013,62.9682,64.3506,63.8122,64.8999,64.8999,62.6817,65.7343,61.6117,64.6375,63.6003,64.0312,63.2535,63.7809,60.2080,58.0000,56.5685,55.1725,55.9732,52.4023,54.5619,48.4149,49.4065,47.4342,48.0208,47.0106,46.9574,45.1885,43.6578,43.4166,0.0000,0.0000,0.0000,0.0000,0.0000,0.0000,0.0000,0.0000,0.0000,0.0000,0.0000,0.0000
1700000045.450000,-61.1,62.1772,63.9531,62.1691,65.7951,62.2415,60.9262,60.7454,60.7454,59.1354,57.8705,60.7289,59.9083,60.8769,58.2495,60.2080,59.0339,61.9839,57.5587,60.4070,61.4003,61.4003,61.4003,57.3149,61.1310,64.0703,63.1269,62.1289,62.1289,65.2763,61.2046,65.3758,64.3817,63.6396,61.8142,60.0167,59.2284,60.4152,58.9406,57.2800,58.2409,53.4883,55.3624,51.6236,50.0899,48.3322,47.0106,47.5079,44.4185,44.9444,45.0000,42.4500,41.0122,0.0000,0.0000,0.0000,0.0000,0.0000,0.0000,0.0000,0.0000,0.0000,0.0000,0.0000,0.0000
1700000045.500000,-61.3,61.9112,58.8303,62.2656,61.7738,59.0593,56.8243,56.7979,57.2713,58.6941,56.6480,57.5847,57.2451,57.5674,55.3624,56.0446,57.7235,56.5155,58.4637,55.9017,57.8705,57.8705,57.8705,58.8558,59.6825,59.5399,60.5310,61.6604,60.5310,60.5310,60.6712,58.8558,61.0000,60.4152,58.4637,57.7235,57.2800,56.3205,55.6597,54.0833,53.1413,52.3927,51.4781,49.2443,46.9574,45.6508,45.6508,44.1022,44.6542,43.4166,40.3609,41.0366,38.4187,0.0000,0.0000,0.0000,0.0000,0.0000,0.0000,0.0000,0.0000,0.0000,0.0000,0.0000,0.0000
1700000045.550000,-59.2,62.0000,60.0750,62.2896,59.1354,61.4003,58.3095,59.6825,57.8705,58.4637,58.2495,58.2495,58.4637,59.2030,57.5674,56.3205,60.1664,56.0803,59.2368,56.3649,59.4811,56.3560,59.9416,59.9333,59.4811,59.9416,59.1693,60.9016,61.7738,61.7738,62.2656,61.2944,60.9016,60.3738,60.3738,59.5063,59.6154,57.5847,56.6127,56.3205,52.8110,52.2015,50.9608,52.6308,48.0521,46.3249,45.7056,43.4166,44.2832,43.1045,43.0000,40.1123,40.4475,0.0000,0.0000,0.0000,0.0000,0.0000,0.0000,0.0000,0.0000,0.0000,0.0000,0.0000,0.0000
1700000045.600000,-59.2,64.8999,66.5733,66.3702,65.5134,63.6318,61.7738,60.8276,61.2699,62.1691,62.7694,61.4654,61.0983,60.7454,61.9839,61.9839,61.8466,62.8172,60.6383,61.9839,61.9839,61.3922,61.8142,61.9839,62.6498,63.7887,63.5059,64.4981,65.4905,65.7647,65.6201,62.9682,64.9384,64.1327,62.5859,62.5859,61.1310,59.9083,60.0833,59.1354,57.2451,57.2451,55.5428,54.1295,50.5668,50.5371,47.0106,48.3735,46.0435,46.6154,44.6878,42.4500,40.3609,0.0000,0.0000,0.0000,0.0000,0.0000,0.0000,0.0000,0.0000,0.0000,0.0000,0.0000,0.0000
1700000045.650000,-62.1,62.2896,61.5224,62.9682,62.9682,62.3699,58.4637,59.2030,60.4401,58.8218,59.1354,59.4811,60.1664,59.6154,58.1808,57.2713,59.9416,56.8243,59.9416,58.3095,58.8303,58.3095,59.3633,59.3633,61.2944,60.4649,61.2944,64.6375,62.2013,63.5138,62.6817,60.4649,61.8547,61.0328,60.2080,59.3633,60.5392,59.0339,56.7979,56.8595,54.1295,52.9245,51.6236,52.8110,49.3356,49.0408,45.8803,45.3542,45.8912,44.5533,44.0454,41.0122,40.0500,0.0000,0.0000,0.0000,0.0000,0.0000,0.0000,0.0000,0.0000,0.0000,0.0000,0.0000,0.0000
1700000045.700000,-63.8,64.4438,63.7809,63.6003,65.0000,64.2028,63.0079,62.2013,61.2944,61.2944,62.2656,63.5295,62.6498,62.6099,61.2699,62.1691,62.7694,60.0083,59.6154,62.9682,62.9682,63.3246,62.6259,61.6847,63.8905,64.5601,63.8905,65.1460,65.8027,67.0522,63.6003,64.1950,63.5689,64.2573,62.3939,63.0714,62.2415,59.9333,59.4811,58.6686,58.1808,56.6039,55.4707,54.0833,51.6140,50.0000,48.8365,49.5177,47.3814,47.3814,46.2277,43.6005,41.0488,0.0000,0.0000,0.0000,0.0000,0.0000,0.0000,0.0000,0.0000,0.0000,0.0000,0.0000,0.0000
1700000045.750000,-59.5,63.5610,60.0083,63.6946,60.9262,62.3939,57.5847,58.8218,58.8218,58.5235,60.1664,59.6657,60.0167,60.0167,59.5399,58.6941,59.2115,57.2189,59.2115,59.0085,59.0762,59.0762,59.0000,61.0082,60.0333,61.0082,61.0000,61.0082,63.0079,61.0082,63.0079,59.0000,62.0000,61.0328,61.0328,60.1332,59.1354,58.2151,56.4358,56.3205,53.6004,54.1295,50.9902,53.9351,47.2969,48.0833,44.2719,45.3100,44.3847,45.6180,42.4853,40.8167,39.4081,0.0000,0.0000,0.0000,0.0000,0.0000,0.0000,0.0000,0.0000,0.0000,0.0000,0.0000,0.0000
1700000045.800000,-63.0,65.2993,65.0000,65.8635,64.8845,64.6607,63.2851,63.8122,60.4649,61.0328,62.0081,59.6657,62.2896,62.2896,60.8112,60.8112,63.7024,62.2896,61.6198,60.4401,62.8013,63.2535,62.8013,62.2013,64.8999,65.2150,65.4599,65.2150,66.0303,66.0303,65.2150,65.2150,63.6003,64.2028,63.4114,64.4438,63.7809,61.6198,60.2080,59.3970,58.6941,56.6392,55.3173,52.4976,51.7397,50.8035,47.4342,46.8722,47.5079,46.5296,45.6180,44.3847,40.8044,0.0000,0.0000,0.0000,0.0000,0.0000,0.0000,0.0000,0.0000,0.0000,0.0000,0.0000,0.0000
1700000045.850000,-62.4,63.2535,62.8013,63.0317,65.1920,63.7024,60.2080,60.1082,60.1082,60.1415,59.5483,60.9590,60.2163,58.0086,61.0328,62.2013,60.7454,60.2080,59.9083,61.2944,60.0333,59.1693,61.2944,61.2944,60.9262,62.2415,62.2415,63.0714,63.9766,63.0714,63.0714,62.6099,63.5295,61.7738,60.9016,61.5873,60.7454,58.3095,58.2495,56.3028,56.4004,54.6717,52.4976,52.4976,50.2494,49.5177,46.0109,46.8615,47.0106,45.2217,44.6542,44.4185,40.3113,0.0000,0.0000,0.0000,0.0000,0.0000,0.0000,0.0000,0.0000,0.0000,0.0000,0.0000,0.0000
1700000045.900000,-64.3,65.0308,64.0000,66.0681,65.0000,65.1230,61.0737,62.2896,61.5224,60.5310,61.8142,61.9839,62.3699,62.5859,61.1310,58.6941,62.2977,60.0833,61.6847,62.7694,62.3939,61.8466,61.4654,61.4654,64.4050,62.2415,63.0714,63.0714,65.2993,63.0635,66.1891,62.2415,66.7083,64.4748,63.1585,61.0983,63.9062,60.0833,59.4811,58.9406,56.0446,55.3173,53.1507,55.1090,50.6360,50.4876,48.1664,48.0937,47.0956,47.0106,45.1774,44.5533,39.2938,0.0000,0.0000,0.0000,0.0000,0.0000,0.0000,0.0000,0.0000,0.0000,0.0000,0.0000,0.0000
1700000045.950000,-62.7,57.0088,54.6260,56.3649,56.3649,54.5619,53.6656,54.5894,52.8394,52.4786,52.4786,54.9181,53.8238,53.8238,51.8556,54.0370,53.8145,53.0377,53.1507,53.7587,54.4885,53.0377,54.4885,53.0377,54.6717,55.9732,55.2268,54.6717,56.7274,56.0803,55.9732,55.9017,55.2268,55.9017,54.4518,53.7401,53.0754,52.4976,51.7397,51.2250,50.0000,48.0104,47.2017,47.7074,44.1022,42.5441,41.1825,41.5933,39.3954,40.3113,38.8973,36.4006,34.9285,0.0000,0.0000,0.0000,0.0000,0.0000,0.0000,0.0000,0.0000,0.0000,0.0000,0.0000,0.0000
1700000046.000000,-61.0,64.6607,63.2456,63.2456,63.2456,63.6003,59.8164,62.6259,60.4401,60.2080,59.4643,60.1415,60.1082,60.1082,60.8769,59.4643,62.0081,62.0081,59.2030,60.4649,60.2163,60.8030,60.4649,60.4649,60.4649,62.9682,63.8122,63.2851,62.9682,63.8122,63.8122,63.5138,63.2456,63.0079,61.0328,61.2209,59.0339,58.1378,58.7282,58.0000,57.2800,53.7401,53.7587,53.1507,50.3289,49.0408,47.2017,46.8722,45.4863,44.2945,44.2832,40.8534,41.1096,0.0000,0.0000,0.0000,0.0000,0.0000,0.0000,0.0000,0.0000,0.0000,0.0000,0.0000,0.0000
1700000046.050000,-62.6,63.9766,63.5059,63.5295,64.4127,61.7738,61.9112,61.4003,60.7454,59.9083,60.8030,60.6053,61.0737,61.5549,58.7282,58.7282,60.1082,59.4138,60.8112,59.5483,60.9590,60.2080,60.8769,59.6657,62.8013,62.2013,62.8013,63.0079,63.6003,62.2013,62.6259,60.4401,63.4114,63.1269,61.6198,60.1415,61.5549,58.7282,56.5685,55.8659,54.4518,56.0803,53.4135,54.2033,50.0000,49.4065,47.1699,46.6476,46.1411,43.8292,44.2832,43.3244,41.2311,0.0000,0.0000,0.0000,0.0000,0.0000,0.0000,0.0000,0.0000,0.0000,0.0000,0.0000,0.0000
1700000046.100000,-63.7,65.0692,66.0303,65.0000,67.0000,62.0081,65.0000,62.0322,63.0714,62.1289,60.4070,61.6604,61.9839,63.9531,62.5859,62.5859,60.8769,63.3246,61.1310,64.8460,63.6003,62.9365,63.2456,60.4070,63.6946,65.9242,63.6946,65.5515,64.2573,66.8506,65.5515,65.1920,65.1460,63.8905,64.8460,65.0000,63.0635,63.0635,59.4390,59.0339,58.6941,55.4437,57.4282,53.2353,54.0833,51.0000,50.0000,50.0000,49.1630,46.2709,46.5296,45.1221,44.2719,0.0000,0.0000,0.0000,0.0000,0.0000,0.0000,0.0000,0.0000,0.0000,0.0000,0.0000,0.0000
1700000046.150000,-64.5,65.3758,68.3593,62.6498,64.7765,62.8013,62.6498,61.3922,62.0967,62.8172,59.1354,61.4003,61.9839,62.6259,62.3939,61.8466,60.0083,62.6498,59.0931,63.0635,62.6498,63.9531,63.6318,59.5399,64.1405,63.1348,64.4981,64.6607,64.8845,66.3702,64.4981,65.3682,64.8845,65.3682,63.5059,63.0714,62.2415,60.7454,59.8080,58.1893,59.1354,56.0446,57.0088,53.3667,52.1728,52.1728,48.6621,47.5184,47.1699,44.0454,46.0435,43.1045,42.7551,0.0000,0.0000,0.0000,0.0000,0.0000,0.0000,0.0000,0.0000,0.0000,0.0000,0.0000,0.0000
1700000046.200000,-60.4,62.2415,60.1415,60.2080,62.2896,60.4401,59.4643,57.6281,59.0339,59.0339,57.6888,58.3095,56.8243,56.8243,59.0593,60.9016,57.7062,57.6975,55.4617,57.9396,58.6941,58.6003,60.9262,57.9396,59.7746,61.3514,60.4070,62.0322,61.4654,61.4654,61.0983,61.0983,60.0083,62.1691,59.4811,59.9416,56.8243,58.1378,55.9464,54.7083,54.0833,50.8035,53.6004,50.6063,48.4149,47.5079,45.2548,45.9674,44.6878,42.4500,42.0119,41.8808,41.1825,0.0000,0.0000,0.0000,0.0000,0.0000,0.0000,0.0000,0.0000,0.0000,0.0000,0.0000,0.0000
1700000046.250000,-60.2,61.4003,64.4981,62.1691,65.2993,60.3738,61.2699,59.0931,61.8466,60.1664,59.1354,57.2451,59.7746,61.6847,59.2030,60.8769,58.4637,60.0167,58.0517,60.6712,61.8142,60.8276,61.5224,58.5491,61.4003,63.3877,61.4003,63.3877,63.3877,65.3758,61.5224,65.7647,64.7765,62.9682,61.0000,61.3922,58.9406,58.4637,57.8705,57.5674,58.1893,53.8516,55.7136,53.3104,51.4296,47.8853,47.0106,46.3249,44.9444,44.4072,42.6380,42.4500,40.3609,0.0000,0.0000,0.0000,0.0000,0.0000,0.0000,0.0000,0.0000,0.0000,0.0000,0.0000,0.0000
1700000046.300000,-61.3,66.7083,66.7083,67.7200,66.7608,63.6003,61.6847,61.0328,62.2977,62.0322,63.3246,63.0714,62.1691,62.6099,61.2944,62.1772,63.1348,63.2851,61.5873,62.9682,62.6817,63.2851,63.2456,62.1289,65.0000,65.2150,63.6003,64.4050,65.2150,67.8012,66.4003,64.8999,64.8999,66.5733,63.2851,63.6318,63.5295,62.1772,60.3738,59.0339,59.2368,56.4624,55.1543,54.0833,52.2015,50.9608,49.0306,50.0100,48.5077,48.1664,46.0977,45.0000,41.0488,0.0000,0.0000,0.0000,0.0000,0.0000,0.0000,0.0000,0.0000,0.0000,0.0000,0.0000,0.0000
1700000046.350000,-60.9,64.6297,63.3877,63.3877,65.3758,61.2046,60.1332,61.0737,61.0328,61.0082,60.0000,60.0750,61.1310,61.2046,61.4003,61.4003,59.6825,60.8276,58.8558,61.3922,61.0000,61.0000,60.6383,58.4637,61.6847,63.3246,61.4003,63.3246,63.3246,63.6003,62.6418,60.8769,62.8172,64.9384,61.8142,61.6604,58.8558,59.5399,59.4138,57.2189,56.2228,54.0093,53.0094,52.0096,49.0000,49.1630,46.3897,46.5296,46.8722,43.9318,44.3847,42.0595,40.7185,0.0000,0.0000,0.0000,0.0000,0.0000,0.0000,0.0000,0.0000,0.0000,0.0000,0.0000,0.0000
1700000046.400000,-60.5,58.1378,57.6281,58.6003,59.4054,58.0086,56.6127,56.8595,56.0803,55.2268,55.4707,56.3560,55.0364,55.9464,55.9464,56.0803,58.5235,55.6597,55.6597,56.0446,55.7853,55.7853,56.7539,56.7539,57.2713,58.6941,58.2495,59.0339,59.4390,60.4152,59.0339,57.7235,58.6941,59.6657,57.9741,57.9741,55.9732,56.6480,54.7814,54.2310,52.0000,48.7545,50.1597,50.0899,46.5296,47.0106,43.9090,44.6542,43.6005,41.2311,40.3609,38.8973,37.5366,0.0000,0.0000,0.0000,0.0000,0.0000,0.0000,0.0000,0.0000,0.0000,0.0000,0.0000,0.0000
1700000046.450000,-58.6,58.7282,58.0000,58.7282,59.4138,57.3149,55.9017,56.6392,56.0803,56.7274,54.4059,55.2178,56.0803,56.6039,56.4358,56.0803,56.3560,56.3560,55.4617,56.8595,57.2713,55.0364,57.7754,56.4624,56.6480,57.5847,58.5235,59.4643,59.8080,59.8080,59.8080,57.0088,59.0931,58.1808,57.2713,56.3560,56.3560,55.0091,54.5894,54.2033,52.6973,49.9300,50.2195,48.6004,47.0106,45.4533,44.5982,44.5533,42.4500,41.1096,39.8246,39.4081,37.7359,0.0000,0.0000,0.0000,0.0000,0.0000,0.0000,0.0000,0.0000,0.0000,0.0000,0.0000,0.0000
1700000046.500000,-58.9,64.0312,62.0967,61.9839,63.8905,61.0328,59.7746,60.4070,57.9396,59.6154,59.0931,62.2415,59.4811,60.4152,58.1808,57.3062,59.9083,59.6406,59.0762,60.6053,59.6657,58.6003,60.4401,60.4401,61.7171,61.0737,59.5483,60.9590,64.5368,62.4820,61.7171,63.2535,63.7809,62.0081,62.0081,62.8013,59.9083,59.3633,57.8014,55.5698,55.9464,52.3546,51.8845,51.4296,49.6588,48.8467,46.8188,46.4866,46.1736,43.4166,42.5793,42.1900,40.0125,0.0000,0.0000,0.0000,0.0000,0.0000,0.0000,0.0000,0.0000,0.0000,0.0000,0.0000,0.0000
1700000046.550000,-65.4,62.9682,65.1153,63.2535,65.2993,64.6607,63.2535,60.8030,61.0328,62.2013,60.7454,62.9682,61.4003,61.7738,60.3738,63.5059,62.2415,62.2415,60.9262,61.4654,61.0983,61.0983,64.5136,61.0983,61.6847,64.8460,61.9839,65.8027,63.6003,65.5210,65.8027,65.1460,64.8460,64.8460,63.6946,62.2415,61.8466,62.2415,60.8358,58.5918,59.4811,55.0727,54.2033,53.3385,51.0392,50.0000,48.4149,47.6340,46.0109,45.2769,43.8634,43.4166,42.7200,0.0000,0.0000,0.0000,0.0000,0.0000,0.0000,0.0000,0.0000,0.0000,0.0000,0.0000,0.0000
1700000046.600000,-64.5,61.3922,61.1882,60.8276,60.8276,60.6712,57.4282,57.3149,58.2151,58.0775,58.0345,60.0000,57.0000,60.0333,57.0789,60.0750,58.3095,57.4282,57.7062,56.7186,58.8558,57.8705,58.8558,57.8705,59.6657,61.3922,59.4390,61.6117,61.1882,60.6383,61.6117,60.2080,60.0167,60.8276,60.8276,59.6825,60.4070,56.3205,56.1427,55.0818,54.0370,53.0000,51.0000,50.0100,47.0956,47.1699,45.3982,45.3982,45.8912,43.1741,42.7200,40.4969,36.6742,0.0000,0.0000,0.0000,0.0000,0.0000,0.0000,0.0000,0.0000,0.0000,0.0000,0.0000,0.0000
1700000046.650000,-59.6,65.1920,62.6259,65.0000,64.0781,63.5610,62.1691,63.0714,59.9416,59.9416,60.0333,61.0574,60.7454,60.4649,61.0328,61.8547,61.2209,60.4401,61.0737,61.6198,61.6198,61.6198,61.5549,61.5224,62.2415,63.6553,62.9365,63.6553,65.0692,64.3506,65.0538,64.3506,66.4831,65.1920,62.2896,60.9590,62.0081,60.6053,57.2014,58.8218,56.0357,55.2268,53.8516,52.4786,51.4781,49.1935,47.8539,46.6154,46.2385,46.1736,45.3542,42.5793,40.1995,0.0000,0.0000,0.0000,0.0000,0.0000,0.0000,0.0000,0.0000,0.0000,0.0000,0.0000,0.0000
1700000046.700000,-62.3,64.8845,64.1405,62.9682,64.3506,61.2944,61.0328,61.6117,59.8164,61.0737,61.0737,61.7171,60.8276,60.1415,60.1082,60.1082,60.9590,59.6657,61.7171,60.6053,61.4003,61.2209,61.4003,61.4003,61.8547,62.4260,63.2456,64.8999,64.3506,62.6817,63.0079,62.2013,63.8201,62.2013,62.0081,60.6053,60.9590,60.1415,57.2800,55.8659,56.5685,55.1725,53.8145,54.0370,51.2250,50.0000,48.0104,47.7074,46.1411,46.0652,44.7772,43.6578,40.2616,0.0000,0.0000,0.0000,0.0000,0.0000,0.0000,0.0000,0.0000,0.0000,0.0000,0.0000,0.0000
1700000046.750000,-62.6,63.6553,62.2254,63.6553,65.7647,63.0317,60.9590,60.9590,62.0081,60.0000,59.6406,60.4649,60.5392,60.2080,60.5392,59.5399,59.4811,60.3738,59.0339,60.4152,60.8358,60.4152,61.8466,60.0083,62.6259,63.9062,62.6259,63.9062,63.3246,65.7875,63.9062,64.2573,63.6946,63.0714,63.5610,61.7171,60.8276,58.5918,59.1693,56.9386,57.9828,53.8238,53.0094,51.4004,50.6063,48.9183,46.7547,46.7547,46.0109,45.4533,44.2041,42.4382,41.6773,0.0000,0.0000,0.0000,0.0000,0.0000,0.0000,0.0000,0.0000,0.0000,0.0000,0.0000,0.0000
1700000046.800000,-62.4,63.3877,62.1289,64.1249,61.2944,63.0714,61.0737,61.0328,60.0000,59.0000,62.0322,61.0737,61.2046,59.4138,58.5491,57.5587,60.2080,60.2080,61.0000,59.6657,60.8769,58.4637,61.1310,59.9083,63.8905,61.9839,61.6847,62.6418,63.8905,61.6847,64.8460,62.3618,61.8466,63.7887,60.6383,61.9839,61.0000,58.8558,57.5587,57.3149,56.1427,54.0370,53.0377,54.0000,50.0000,50.0100,47.0956,46.3897,46.3897,45.8912,44.3847,41.4849,40.8534,0.0000,0.0000,0.0000,0.0000,0.0000,0.0000,0.0000,0.0000,0.0000,0.0000,0.0000,0.0000
1700000046.850000,-62.2,64.2573,65.1920,63.1585,65.7951,63.9766,61.8466,61.2944,63.1348,62.2656,60.5392,61.7738,61.8547,61.6117,61.8547,62.8013,61.2209,61.0737,60.4401,61.6198,61.5549,62.9365,61.5549,61.5549,61.5549,65.0538,63.6553,65.0538,65.0538,65.7647,63.6553,65.1920,65.0692,64.3506,65.1153,63.1269,61.0737,60.0000,60.4649,58.2495,57.6888,56.6039,56.8243,55.0727,50.5371,50.9902,47.0106,47.9270,48.3839,43.9659,45.3542,43.5660,42.1070,0.0000,0.0000,0.0000,0.0000,0.0000,0.0000,0.0000,0.0000,0.0000,0.0000,0.0000,0.0000
1700000046.900000,-60.7,67.2086,68.0147,65.8559,68.1175,64.6607,63.8905,62.6259,62.2013,63.0079,62.4340,63.2851,64.0078,64.4127,63.0635,63.5059,61.3270,63.1585,61.8466,65.1920,64.8460,63.5689,65.7875,61.9839,64.2884,66.4831,66.4831,67.1863,66.2193,67.9117,65.7343,66.4831,66.7608,67.3573,65.4599,65.4599,62.6259,62.0322,60.4152,61.3270,59.5063,57.7062,58.1378,53.7122,51.9711,51.6236,48.8262,50.6063,49.8197,47.4236,46.6905,43.9318,43.8292,0.0000,0.0000,0.0000,0.0000,0.0000,0.0000,0.0000,0.0000,0.0000,0.0000,0.0000,0.0000
1700000046.950000,-65.1,63.2456,62.1289,63.2851,62.9682,62.7694,61.0574,59.4811,59.9416,59.9333,60.5392,59.9333,58.3095,59.8080,60.0833,58.5235,59.4811,58.9406,58.9406,60.0167,60.8276,60.6712,61.6604,57.7062,61.4003,62.3939,61.4003,61.2944,64.3817,64.3817,62.3939,63.3877,64.3817,63.5059,59.8415,61.0000,61.1882,59.6657,57.9741,56.3205,55.3624,53.1601,54.7083,53.4883,50.6952,48.4665,46.5188,47.8853,44.2945,44.9444,43.0116,43.1856,40.3113,0.0000,0.0000,0.0000,0.0000,0.0000,0.0000,0.0000,0.0000,0.0000,0.0000,0.0000,0.0000
1700000047.000000,-65.3,64.6220,64.2573,64.5136,65.7875,65.1460,63.3246,63.0635,61.8466,58.6941,61.9839,61.9839,61.8142,62.5140,61.4003,61.4003,61.0737,59.0762,62.0322,62.0081,62.0081,61.0082,63.0079,62.0081,63.1269,63.0714,63.0079,65.0308,65.0308,65.0077,65.0077,64.0000,66.0000,65.0077,61.0737,63.1981,62.1289,61.2046,58.4209,57.5587,56.8858,55.3173,53.3667,53.8516,51.9230,50.9215,49.0408,47.0106,46.5188,46.0652,47.0106,41.8808,41.2311,0.0000,0.0000,0.0000,0.0000,0.0000,0.0000,0.0000,0.0000,0.0000,0.0000,0.0000,0.0000
1700000047.050000,-59.1,61.1310,61.2046,60.5310,62.3939,59.6825,59.5399,59.0339,58.6941,57.7235,58.6941,60.1664,60.7289,58.8218,58.1893,58.8727,58.6003,58.6941,56.8595,59.4811,60.4152,58.5918,60.4152,56.3560,60.0333,60.9016,60.5392,59.9083,60.7454,62.9682,60.5392,61.9112,61.0574,61.7738,59.5399,60.4152,58.6003,60.0083,56.0803,55.1543,55.5428,51.2640,50.9215,50.9215,50.0000,48.0833,47.2969,45.5412,44.7214,43.1856,44.0454,41.0000,38.2099,0.0000,0.0000,0.0000,0.0000,0.0000,0.0000,0.0000,0.0000,0.0000,0.0000,0.0000,0.0000
1700000047.100000,-60.3,68.1175,67.0075,68.4105,68.4105,67.8012,65.2150,64.3506,63.2851,64.1405,65.0000,65.0000,64.4127,66.6483,65.2993,63.0714,65.3911,63.9062,62.7694,64.8460,65.7875,65.7875,65.7875,65.7875,64.8460,66.4078,66.2193,67.7200,68.9638,67.0522,68.6804,67.6757,67.6757,66.4831,68.0074,65.3911,68.0294,63.5059,62.6498,60.9016,59.9416,57.9828,57.1402,58.5235,53.8238,52.8015,50.3289,49.5782,49.4975,50.2494,45.6070,45.2217,42.0595,0.0000,0.0000,0.0000,0.0000,0.0000,0.0000,0.0000,0.0000,0.0000,0.0000,0.0000,0.0000
1700000047.150000,-61.9,66.7608,64.8460,62.8172,66.2193,62.8172,63.3482,62.9682,62.6498,62.5140,61.4003,62.3939,62.0725,64.0078,63.0317,61.0000,62.0322,62.0725,60.0750,63.2851,60.4070,63.1981,62.3939,61.4003,62.8013,64.7765,64.7765,65.9242,64.7765,65.9242,64.9384,63.5059,65.3758,64.3817,62.1289,65.1920,61.1310,63.0714,60.0000,60.0000,59.0000,55.0818,57.0351,54.2310,53.2353,50.4876,49.4975,47.8539,47.8017,47.8017,44.5982,44.0114,42.4853,0.0000,0.0000,0.0000,0.0000,0.0000,0.0000,0.0000,0.0000,0.0000,0.0000,0.0000,0.0000
1700000047.200000,-60.4,67.1193,65.7951,67.5426,67.5426,66.6483,62.1691,63.5295,62.6498,63.2851,62.9682,62.4260,62.8013,63.4114,63.7809,61.8466,66.4831,62.2254,62.9682,62.9682,63.6553,62.9682,63.7024,64.3817,65.4370,65.2993,64.5368,65.2993,68.4105,64.0312,66.7083,65.2993,66.7083,67.2681,64.3817,64.3506,65.0692,62.2415,62.2896,59.6657,56.0803,59.0339,55.6058,55.2178,50.7740,52.4786,49.7393,49.6488,47.9270,48.8467,44.5982,44.6430,42.9535,0.0000,0.0000,0.0000,0.0000,0.0000,0.0000,0.0000,0.0000,0.0000,0.0000,0.0000,0.0000
1700000047.250000,-59.1,63.7887,58.9406,64.1950,60.4401,63.8905,58.8218,60.0833,59.2368,59.6154,60.0083,59.0931,61.2699,60.3738,59.4811,57.7062,62.2656,58.3095,61.0574,58.2495,59.9083,60.7454,61.2944,60.7454,60.0000,62.0081,60.8030,60.8030,62.8013,62.2013,63.0079,60.4649,62.9682,62.1289,60.9016,60.0333,62.1772,58.1808,56.7979,55.9464,52.5547,54.7814,51.6236,52.4976,48.0833,48.2701,47.0744,46.5296,45.3982,47.0956,42.0119,43.0116,42.1900,0.0000,0.0000,0.0000,0.0000,0.0000,0.0000,0.0000,0.0000,0.0000,0.0000,0.0000,0.0000
1700000047.300000,-60.3,69.6419,69.2604,70.2282,70.8378,67.0671,66.8506,65.3911,65.3070,66.2118,64.4127,65.7647,65.8635,65.1920,63.5138,64.8999,65.2150,66.0303,64.8151,66.6033,66.7083,64.6607,64.5368,63.7809,67.2086,67.8970,67.2086,69.2965,69.2965,68.6222,67.8970,67.9412,68.0147,67.3573,68.1175,65.6049,66.2193,64.8151,63.0079,61.0328,61.2944,57.4543,57.8014,56.8243,54.1202,52.8015,52.8015,51.6236,49.9800,48.3839,48.5077,46.6905,46.1736,0.0000,0.0000,0.0000,0.0000,0.0000,0.0000,0.0000,0.0000,0.0000,0.0000,0.0000,0.0000
1700000047.350000,-61.0,65.1920,65.1920,64.1249,65.0692,65.1230,61.0737,62.0000,61.0000,60.0083,61.0737,61.1310,61.2944,62.5140,61.6604,61.6604,60.2080,61.6117,60.6383,61.8466,61.6847,60.8769,62.6418,60.1664,63.2456,63.8905,62.2977,63.5689,64.8460,64.8460,65.7875,63.8905,64.5136,64.8460,63.3246,62.5859,61.1882,61.0000,58.5491,57.4282,57.5587,54.3323,54.1479,54.2310,51.0098,50.0100,48.0000,47.0956,47.2652,45.5412,45.5412,43.4166,41.4367,0.0000,0.0000,0.0000,0.0000,0.0000,0.0000,0.0000,0.0000,0.0000,0.0000,0.0000,0.0000
1700000047.400000,-59.5,63.6946,62.6498,63.0714,63.0714,63.9531,59.0593,60.9016,60.2080,58.8303,60.4649,60.4649,60.2163,60.6053,59.8164,59.6657,60.8276,60.1082,59.4643,58.6941,60.1082,59.3970,59.4643,61.5549,61.7171,62.2896,62.2896,63.8905,63.1269,63.0317,62.4820,62.2896,63.0317,62.9365,60.1082,60.8276,59.4643,60.2080,58.2580,57.0088,56.4004,53.6004,53.2541,52.6973,49.0918,48.8774,46.5296,46.5296,46.0977,46.2385,43.4166,42.4500,40.6079,0.0000,0.0000,0.0000,0.0000,0.0000,0.0000,0.0000,0.0000,0.0000,0.0000,0.0000,0.0000
1700000047.450000,-61.4,66.2193,63.6003,64.8999,66.8506,62.6817,61.2944,61.0574,62.2656,61.7738,59.9416,60.3738,61.3270,60.4152,61.0983,61.0983,62.2977,61.0328,61.9839,62.3618,61.1310,62.8172,62.8172,60.8769,63.3482,64.3273,62.9682,65.3070,64.5368,64.3273,65.3070,62.8172,63.3246,64.0312,62.3618,63.8905,61.6847,60.0833,59.2368,58.3095,56.4624,55.0364,54.1295,53.6656,50.6063,48.8774,49.9300,48.2597,44.0454,45.3431,43.8634,43.1393,41.1096,0.0000,0.0000,0.0000,0.0000,0.0000,0.0000,0.0000,0.0000,0.0000,0.0000,0.0000,0.0000
