host_timestamp,rssi,amp_0,amp_1,amp_2,amp_3,amp_4,amp_5,amp_6,amp_7,amp_8,amp_9,amp_10,amp_11,amp_12,amp_13,amp_14,amp_15,amp_16,amp_17,amp_18,amp_19,amp_20,amp_21,amp_22,amp_23,amp_24,amp_25,amp_26,amp_27,amp_28,amp_29,amp_30,amp_31,amp_32,amp_33,amp_34,amp_35,amp_36,amp_37,amp_38,amp_39,amp_40,amp_41,amp_42,amp_43,amp_44,amp_45,amp_46,amp_47,amp_48,amp_49,amp_50,amp_51,amp_52,amp_53,amp_54,amp_55,amp_56,amp_57,amp_58,amp_59,amp_60,amp_61,amp_62,amp_63
1700000000.000000,-62.7,56.6480,58.1808,58.5918,62.2656,62.4340,66.0303,68.0074,71.0282,73.8173,73.8173,77.6660,78.4920,77.3886,76.0066,76.1577,75.2928,73.9256,68.8840,69.3542,66.1891,64.4050,61.7171,59.4811,58.1808,56.3560,52.8394,47.5079,43.5660,40.0000,37.6431,34.7131,34.7131,34.4093,33.6155,35.3412,37.1618,40.4969,40.5216,40.8044,44.3847,45.6070,49.0408,49.0408,51.2445,51.8652,52.2015,54.7814,57.2713,58.1808,59.1693,59.0762,59.6657,0.0000,0.0000,0.0000,0.0000,0.0000,0.0000,0.0000,0.0000,0.0000,0.0000,0.0000,0.0000
1700000000.050000,-63.0,52.9245,54.1202,57.8014,58.5235,62.1289,61.8547,66.4003,67.2012,71.4003,72.2011,73.2393,74.6324,74.8866,73.7835,73.5731,73.7835,67.7422,69.3542,65.7647,64.4127,61.7171,60.8276,57.7062,55.0727,53.7122,50.1199,44.4185,40.4969,38.6005,36.4006,33.2415,32.5576,31.6228,32.2490,34.4384,35.8469,35.7351,38.8973,39.5601,41.7612,43.4166,44.6430,48.7647,48.0833,48.7032,50.9215,51.0784,54.5619,55.4707,56.6039,56.6127,56.0803,0.0000,0.0000,0.0000,0.0000,0.0000,0.0000,0.0000,0.0000,0.0000,0.0000,0.0000,0.0000
1700000000.100000,-64.4,49.4773,52.9528,52.3450,56.1427,56.0803,60.0083,62.0081,64.0078,67.0075,66.0303,70.0071,71.0000,70.0643,71.0634,72.4431,68.1175,68.1175,62.2896,64.1950,62.2896,59.6825,57.3149,53.3385,53.1507,51.1566,48.0937,43.0000,40.0125,38.0526,34.5254,33.5410,32.0156,31.9531,32.2025,34.1321,35.2278,36.4006,37.6431,39.6989,42.5206,42.5206,45.3431,45.3431,47.5079,49.2037,49.4065,51.8652,53.3385,52.3546,55.0091,55.1543,55.9732,0.0000,0.0000,0.0000,0.0000,0.0000,0.0000,0.0000,0.0000,0.0000,0.0000,0.0000,0.0000
1700000000.150000,-60.9,53.4509,55.3173,56.8858,62.8013,63.5059,66.1211,68.1836,69.1809,72.1734,74.1687,77.3175,77.2334,77.4145,76.6551,75.1332,74.8131,73.1642,69.4262,68.2495,66.7083,65.0000,62.5859,58.2495,59.0339,54.9181,52.7731,46.6905,43.5660,40.1123,38.0132,36.0000,35.3553,34.9285,35.1141,36.7696,38.0132,40.3113,40.8167,41.6773,44.4185,46.6476,48.5489,50.2494,51.6236,52.3546,54.1202,56.3649,57.0088,57.5847,59.2030,59.4390,59.4138,0.0000,0.0000,0.0000,0.0000,0.0000,0.0000,0.0000,0.0000,0.0000,0.0000,0.0000,0.0000
1700000000.200000,-60.0,51.6624,51.9711,56.3205,57.2189,61.0737,62.0081,64.0078,65.0077,68.0074,70.0071,72.0069,73.0274,73.1710,71.1758,71.3442,71.2531,68.2642,65.4905,64.4981,64.4981,60.5310,58.5491,54.5894,54.2310,52.7731,49.3660,43.0465,41.1096,38.0132,35.1283,34.2345,32.0156,31.0161,30.8707,33.1210,34.4093,35.8050,36.4006,38.6005,40.4599,43.2782,42.6380,45.4533,46.4004,48.6004,49.0918,51.3128,51.9711,54.5619,55.1543,55.0273,54.5711,0.0000,0.0000,0.0000,0.0000,0.0000,0.0000,0.0000,0.0000,0.0000,0.0000,0.0000,0.0000
1700000000.250000,-59.4,54.2310,55.0364,57.0789,59.0339,62.2896,65.4905,66.4831,68.5930,71.4493,71.5681,75.5381,75.5381,75.3260,74.1687,75.0600,73.0616,72.0069,69.0072,68.0074,66.0000,63.0079,61.0328,58.0086,58.0345,54.0000,53.0000,46.0435,43.1856,41.1947,37.6563,34.9285,34.1760,34.4384,33.1210,33.8378,35.4683,37.5366,39.5980,41.7253,43.1393,43.8406,45.2548,47.3814,49.5782,51.0882,51.2250,52.0096,54.6443,56.3028,57.3062,56.7979,57.0088,0.0000,0.0000,0.0000,0.0000,0.0000,0.0000,0.0000,0.0000,0.0000,0.0000,0.0000,0.0000
1700000000.300000,-63.3,54.9181,56.0446,57.8705,60.4070,62.3939,63.6946,67.2309,68.1542,73.0069,72.6154,74.4648,78.0000,75.9605,74.6726,72.7324,74.0000,70.8378,69.9214,66.4831,65.2533,62.5859,60.8769,58.6941,57.0088,53.1601,51.9230,46.1736,42.3792,39.9249,37.5766,35.3553,33.8378,34.8281,32.5576,35.3836,35.6090,38.2753,38.5876,42.1900,43.0465,44.7772,46.1411,48.5489,48.2597,51.0392,51.4004,53.4135,54.5619,56.5685,58.7282,56.8507,58.2495,0.0000,0.0000,0.0000,0.0000,0.0000,0.0000,0.0000,0.0000,0.0000,0.0000,0.0000,0.0000
1700000000.350000,-61.8,49.7695,50.9902,54.2033,55.5698,58.5235,58.2495,61.8547,63.6003,66.6108,67.4240,69.6348,71.2811,71.5612,70.1783,69.9714,68.2642,63.6318,63.1348,63.1348,61.7738,58.1808,56.8243,54.1202,53.3385,50.6063,47.5079,43.0465,40.4969,36.4006,35.3836,32.5269,33.3017,31.9061,32.6497,33.1059,34.1760,36.4006,36.4006,38.0789,39.5601,41.2311,43.4166,44.9222,45.8803,47.1275,48.7032,49.3964,51.0784,52.7731,53.7122,54.0833,53.4135,0.0000,0.0000,0.0000,0.0000,0.0000,0.0000,0.0000,0.0000,0.0000,0.0000,0.0000,0.0000
1700000000.400000,-65.2,54.2310,53.6656,57.8014,58.8303,61.2944,61.6117,65.0000,68.4105,70.8025,73.8173,73.8173,75.4520,74.0608,74.6257,69.9714,74.6257,69.9714,68.4763,64.0078,64.4981,61.2944,60.9016,57.7062,56.4358,54.2033,50.1199,44.4185,41.8808,37.4433,37.5366,32.5269,32.0156,33.0151,32.2490,32.6956,36.7696,37.9473,38.3275,40.8044,41.4849,44.6430,44.3847,47.8017,46.8402,50.2892,49.6488,53.1413,54.1295,55.4617,56.0803,56.8595,57.4891,0.0000,0.0000,0.0000,0.0000,0.0000,0.0000,0.0000,0.0000,0.0000,0.0000,0.0000,0.0000
1700000000.450000,-63.5,49.4773,50.5964,54.2310,55.9464,58.1808,59.4811,62.1772,64.8460,67.5352,68.4251,70.2140,70.2140,71.1758,71.5891,70.0071,69.0797,65.5515,63.9062,64.2573,62.6259,60.0833,58.1893,53.7587,53.8516,50.9215,49.0408,43.6578,40.3113,36.6742,34.1321,32.4500,31.4006,31.8277,31.8904,32.4500,32.7567,35.3553,35.3553,38.9102,39.8121,42.0476,42.9535,45.1774,44.7214,46.5296,47.5079,50.4777,51.4004,52.6308,53.8145,53.0377,54.0370,0.0000,0.0000,0.0000,0.0000,0.0000,0.0000,0.0000,0.0000,0.0000,0.0000,0.0000,0.0000
1700000000.500000,-63.5,56.2228,56.7274,58.0517,60.8769,63.8905,66.4003,69.2026,70.0000,74.2024,74.0270,75.2861,77.4661,77.2334,77.3369,75.0067,75.8222,73.0000,70.0357,68.6222,67.8970,65.0538,63.6553,59.4138,57.3149,55.1543,53.7587,47.5079,44.2041,40.0000,38.2753,35.8469,34.9285,34.4819,35.6931,36.3456,36.0555,39.0128,40.0000,41.0122,43.0116,46.0977,47.0425,50.0400,50.0100,51.0098,53.0000,54.1479,56.1427,57.7062,58.4637,58.2409,60.1664,0.0000,0.0000,0.0000,0.0000,0.0000,0.0000,0.0000,0.0000,0.0000,0.0000,0.0000,0.0000
1700000000.550000,-60.0,52.8015,52.6973,55.0727,58.1808,59.9333,62.1691,64.4748,65.7951,68.9420,70.2140,72.4500,72.4500,73.8241,73.8241,72.2011,72.0069,68.0000,65.8635,65.0000,63.1348,61.5873,60.7454,57.1402,53.3385,53.0000,48.5489,42.9418,41.1461,38.4838,36.0555,34.4819,32.5576,33.2415,32.0000,34.1321,34.2345,36.6742,37.6563,41.7732,41.9762,44.1475,45.3542,46.0977,47.2969,49.0306,49.4975,51.4781,54.2310,55.0091,56.0803,56.4358,56.0892,0.0000,0.0000,0.0000,0.0000,0.0000,0.0000,0.0000,0.0000,0.0000,0.0000,0.0000,0.0000
1700000000.600000,-62.2,53.7587,53.1507,56.6127,59.6406,62.1289,63.8122,66.3702,67.2309,70.8308,72.7186,74.6257,76.0066,74.3303,74.8866,71.4003,73.8173,70.8025,69.0290,66.2193,65.6049,62.4820,61.0737,58.1378,56.4004,54.2033,51.2250,46.4004,43.0116,39.9625,38.4708,34.9285,35.1141,34.9285,33.5410,35.2278,36.0555,40.0500,40.0125,43.1045,43.0465,45.0444,47.0425,49.0408,50.0400,51.0000,52.0384,54.1479,54.5894,56.7186,58.2495,58.2409,59.2368,0.0000,0.0000,0.0000,0.0000,0.0000,0.0000,0.0000,0.0000,0.0000,0.0000,0.0000,0.0000
1700000000.650000,-60.3,50.8035,51.6236,52.7731,57.6975,56.8595,62.3939,62.6259,64.5136,68.3520,67.0671,70.9366,71.3092,72.0902,71.1758,72.9178,68.8767,70.2140,63.0635,65.7419,61.7171,59.9416,58.5918,53.6656,54.5619,52.3259,49.2443,42.1545,41.6293,39.5601,34.9285,32.7567,33.2415,33.0000,31.2570,33.5410,34.2053,36.4006,36.6879,40.8044,42.7200,42.3792,45.8803,46.8188,47.7598,49.0408,49.0408,51.6624,53.9351,52.7731,54.3323,54.0093,57.1402,0.0000,0.0000,0.0000,0.0000,0.0000,0.0000,0.0000,0.0000,0.0000,0.0000,0.0000,0.0000
1700000000.700000,-61.8,53.0094,53.2353,53.7587,56.8858,59.2284,61.8466,64.5601,65.2533,68.4105,68.8840,70.8308,72.0347,73.5459,73.3485,71.8471,71.1969,67.8970,65.7647,64.4981,63.5059,61.2944,58.5491,57.4282,55.7315,52.3450,50.6360,44.7214,41.5933,40.0250,36.4006,33.6155,33.5410,33.8378,33.4216,34.7131,36.0694,38.2099,38.9487,41.8688,42.6380,45.6070,45.6070,48.2701,49.5782,48.1664,50.9117,53.0377,53.9073,55.0000,56.6127,56.0803,56.3649,0.0000,0.0000,0.0000,0.0000,0.0000,0.0000,0.0000,0.0000,0.0000,0.0000,0.0000,0.0000
1700000000.750000,-63.2,53.2259,54.0833,58.5235,59.7746,61.8466,64.5368,67.6831,68.6586,70.4060,72.7805,77.1298,77.3692,76.6551,75.0000,74.0405,75.0000,69.9214,67.6757,68.6222,66.7308,63.3246,61.3514,58.1893,57.8705,54.4243,51.2445,46.3249,44.1475,41.0000,39.2046,37.0540,34.0147,34.1321,34.7131,35.4401,36.4006,39.5601,42.5441,43.4626,45.1885,46.5188,49.6488,50.5668,51.0784,51.6236,53.1413,53.7587,57.9741,57.0701,59.6825,59.3043,59.0000,0.0000,0.0000,0.0000,0.0000,0.0000,0.0000,0.0000,0.0000,0.0000,0.0000,0.0000,0.0000
1700000000.800000,-63.7,51.7397,52.6308,54.0833,58.5235,59.6825,63.5295,66.2420,67.6018,68.9638,69.3542,73.9256,73.4302,73.9256,72.7186,72.6705,72.6705,69.0652,67.2012,66.0303,63.0079,60.6053,59.2030,57.0088,54.6443,51.0392,50.2195,44.4072,40.8167,38.4708,36.6742,34.5398,32.2800,33.5410,33.1361,34.0000,35.0571,38.1182,39.4588,41.3038,43.5660,46.2709,47.5184,47.5184,49.2544,49.0918,52.0096,53.0000,56.0803,56.1427,55.4437,57.0701,56.6127,0.0000,0.0000,0.0000,0.0000,0.0000,0.0000,0.0000,0.0000,0.0000,0.0000,0.0000,0.0000
1700000000.850000,-61.2,51.4781,53.2353,57.0000,59.0000,61.0328,62.0725,66.1891,68.1175,70.1783,72.1110,73.1710,74.1687,75.0600,74.0068,73.0274,72.0069,69.0290,68.1175,66.1211,65.1920,61.4003,59.2115,57.0789,57.0351,53.1507,51.0392,45.0444,43.0116,38.0526,36.3456,34.5254,33.9559,34.1760,32.6956,33.6155,35.2278,37.8021,38.4187,40.4599,40.4599,43.4166,45.3431,46.8615,48.4149,49.4065,49.9300,51.6236,53.7122,55.9017,56.8595,56.6480,57.0088,0.0000,0.0000,0.0000,0.0000,0.0000,0.0000,0.0000,0.0000,0.0000,0.0000,0.0000,0.0000
1700000000.900000,-56.6,50.2892,51.2640,53.7122,54.1295,59.4811,59.5399,64.1405,65.8635,68.0955,69.8355,71.5891,71.5891,72.0069,70.6612,68.9420,72.0139,66.2118,66.7083,63.1585,61.8466,58.8727,57.0088,56.0803,52.3927,49.7695,47.9270,42.4853,39.8121,36.3593,35.2278,32.2025,31.8904,30.4795,30.8058,32.2490,35.7771,36.2491,35.4683,36.4006,37.3363,41.4367,41.7852,44.9444,45.3100,47.0106,48.3322,49.6488,51.1077,52.6973,54.4059,54.8179,53.7401,0.0000,0.0000,0.0000,0.0000,0.0000,0.0000,0.0000,0.0000,0.0000,0.0000,0.0000,0.0000
1700000000.950000,-63.6,52.0000,52.1536,54.7449,56.8858,58.6941,60.8769,64.2884,65.9697,69.1231,69.8570,72.0347,73.9797,73.3485,71.1969,69.8713,70.0357,69.0507,66.7533,64.6297,63.5059,60.2080,59.3043,55.2268,55.5788,52.3450,48.5077,44.5533,41.7732,37.1080,36.0555,33.6155,33.5410,33.2866,32.2025,32.5576,35.3836,37.5366,37.6431,38.4187,41.4005,42.8019,44.2041,46.2277,47.6340,48.2701,49.5177,50.9313,52.3450,54.0370,56.4004,56.0357,55.9464,0.0000,0.0000,0.0000,0.0000,0.0000,0.0000,0.0000,0.0000,0.0000,0.0000,0.0000,0.0000
1700000001.000000,-57.6,53.0754,53.2635,57.4282,57.6888,61.9112,61.4003,63.6318,68.0955,69.9714,72.0694,73.4302,72.5603,74.9466,75.4718,71.8471,73.2393,68.2422,68.8186,64.6375,64.8151,61.8466,61.8466,57.8014,56.0357,52.8015,50.2195,44.1022,42.7200,38.9487,36.2491,31.9531,33.8378,33.9559,33.2415,35.1283,35.1283,36.4966,37.4833,41.5933,41.5933,44.5533,44.7214,47.8539,46.5296,49.2544,50.1597,52.0384,54.0370,56.0803,56.2228,57.7062,55.7853,0.0000,0.0000,0.0000,0.0000,0.0000,0.0000,0.0000,0.0000,0.0000,0.0000,0.0000,0.0000
1700000001.050000,-65.2,50.8035,51.6624,53.7587,55.9732,59.2368,59.6154,62.6498,66.2118,68.4471,69.4622,71.3092,73.5391,72.4500,71.1688,71.4703,69.8928,68.0074,66.0984,64.1950,61.9839,59.2030,57.5674,56.3205,53.4509,52.2015,48.3839,44.0114,39.9249,37.5766,35.8469,32.7567,31.2410,32.5269,31.8277,33.0151,35.5106,36.2353,36.7151,39.3573,39.3954,42.9535,44.7772,46.0652,45.6180,46.0652,49.2443,51.1077,53.2541,53.6004,53.9073,53.7401,55.3173,0.0000,0.0000,0.0000,0.0000,0.0000,0.0000,0.0000,0.0000,0.0000,0.0000,0.0000,0.0000
1700000001.100000,-59.0,50.2494,50.8035,52.6308,57.2800,57.8705,59.4643,61.0983,64.2573,67.6757,68.3520,68.9493,71.1688,70.8378,70.5195,69.6419,68.9638,66.4831,62.5859,63.3246,61.8466,60.6383,57.4891,55.1090,54.8179,51.6624,47.5395,43.9659,40.1622,37.3363,34.9285,34.0000,31.9061,32.0156,31.8277,31.8904,33.4216,34.4093,37.4433,39.1152,40.8167,40.8167,42.5441,44.4185,44.4185,46.3249,48.8262,49.4065,51.7397,53.0754,52.3450,53.2635,54.6443,0.0000,0.0000,0.0000,0.0000,0.0000,0.0000,0.0000,0.0000,0.0000,0.0000,0.0000,0.0000
1700000001.150000,-62.2,54.2310,55.4707,57.4543,58.8303,60.4649,63.8201,67.2012,68.6003,71.6101,71.6101,75.2130,75.4520,76.2758,74.3303,72.7186,73.2462,72.2011,68.4763,68.0955,65.3682,63.1348,61.2944,57.7062,56.8243,55.0727,52.8394,45.7930,41.8808,40.2244,37.6431,35.3836,34.7131,34.2053,33.8378,34.8855,37.1618,38.2753,39.2173,40.8044,42.7200,44.9222,45.8803,48.0833,47.4342,49.9800,50.6952,54.6260,54.5619,55.9464,57.4543,58.0086,57.3847,0.0000,0.0000,0.0000,0.0000,0.0000,0.0000,0.0000,0.0000,0.0000,0.0000,0.0000,0.0000
1700000001.200000,-63.8,52.2015,52.3927,58.1378,58.5918,60.9016,61.9112,65.5134,66.3702,71.0211,72.7186,74.4312,74.0945,75.2928,74.7930,72.4500,73.8241,67.5352,68.4471,65.7647,64.4050,63.0714,60.8358,56.3649,56.8243,54.1202,50.5371,43.9090,43.5660,39.6611,35.6090,35.3836,34.0588,34.2053,34.1321,34.8855,37.1618,37.3363,38.8973,41.1096,41.7612,45.6070,45.6070,49.3356,48.0833,51.8652,51.2640,53.3104,56.3649,57.7062,56.9386,56.8595,57.4891,0.0000,0.0000,0.0000,0.0000,0.0000,0.0000,0.0000,0.0000,0.0000,0.0000,0.0000,0.0000
1700000001.250000,-62.9,52.0096,53.1507,55.4437,58.0517,60.2080,62.8172,66.2193,69.3758,69.1231,70.8308,73.9797,74.9533,74.5252,72.5672,72.8354,72.1803,69.0507,67.6018,65.6201,63.5059,61.5224,59.4138,56.5685,55.7315,52.4690,49.6488,44.9110,40.7922,38.3275,36.0555,35.4683,33.1210,31.6228,32.0156,33.9411,36.0694,37.6431,38.4187,40.0000,41.6173,44.4072,44.4072,45.8039,47.0106,50.0000,50.3289,50.9313,53.0377,54.5619,56.2228,57.4282,55.5698,0.0000,0.0000,0.0000,0.0000,0.0000,0.0000,0.0000,0.0000,0.0000,0.0000,0.0000,0.0000
1700000001.300000,-63.0,51.6624,54.9181,55.2268,60.2080,62.1289,64.0703,67.0298,69.0290,72.0278,72.0278,75.0600,75.0600,77.1622,77.3175,75.4255,74.4312,74.6726,67.7422,68.5930,66.6108,62.9682,62.8013,56.8858,56.4358,53.4603,52.4690,46.1736,44.1814,42.0119,38.0132,37.2156,36.4966,33.9559,34.5398,35.3412,36.2353,38.5876,42.1900,42.7200,46.8722,44.1022,46.8722,49.9300,51.3128,51.1077,52.3546,54.5619,55.9464,57.0088,58.8218,58.9406,60.8276,0.0000,0.0000,0.0000,0.0000,0.0000,0.0000,0.0000,0.0000,0.0000,0.0000,0.0000,0.0000
1700000001.350000,-59.6,53.0377,53.9073,57.2014,61.0328,62.4340,64.6607,68.0955,70.3278,72.7186,72.5603,76.3217,76.8505,76.0066,75.1665,74.0608,72.9452,72.6705,68.0074,68.2422,66.6108,63.4114,62.2013,57.8014,57.6888,54.4059,53.0094,47.1699,42.5441,41.5933,38.0789,36.0555,35.1710,35.3553,35.0143,36.0000,37.0540,40.3113,41.5933,43.7379,44.7214,46.6905,48.0521,50.0100,50.8035,52.7731,53.3385,54.1479,57.1402,58.0000,60.0750,59.3043,61.3922,0.0000,0.0000,0.0000,0.0000,0.0000,0.0000,0.0000,0.0000,0.0000,0.0000,0.0000,0.0000
1700000001.400000,-60.5,51.5461,53.8516,56.3649,58.1378,57.7062,62.7694,65.0000,66.8880,71.3442,70.8308,73.0616,73.9256,73.4302,72.4707,71.5542,71.1196,70.2353,67.9779,65.7419,63.0714,61.3270,59.5063,56.8595,55.0091,52.3259,50.5371,46.1411,42.5441,38.0132,35.6090,34.0588,31.8277,32.8024,31.9061,34.4819,34.5398,37.6962,38.2753,40.8044,42.7200,43.6807,45.6070,48.3839,49.0408,49.3356,49.3964,52.3927,54.1295,54.5894,55.5698,56.0357,57.3847,0.0000,0.0000,0.0000,0.0000,0.0000,0.0000,0.0000,0.0000,0.0000,0.0000,0.0000,0.0000
1700000001.450000,-61.7,51.6236,54.2310,56.0803,58.0086,60.0083,64.0312,63.0714,68.0294,69.0000,70.1142,74.1080,74.0608,74.0270,74.0068,73.1095,72.1734,70.1783,66.3702,66.1891,63.5059,61.6604,59.6825,56.4358,55.0818,53.1507,49.1630,45.1774,42.0476,40.0000,36.0555,35.3553,34.7131,32.9848,32.3110,34.0147,34.1321,37.2022,38.6005,42.0119,43.8292,43.6005,45.8039,46.6154,48.8262,48.8774,48.7647,52.3546,54.6260,54.2310,57.0088,56.9210,57.0701,0.0000,0.0000,0.0000,0.0000,0.0000,0.0000,0.0000,0.0000,0.0000,0.0000,0.0000,0.0000
1700000001.500000,-60.6,55.1725,54.8179,57.6888,59.9083,63.6318,65.0000,68.0955,68.9638,72.7186,73.5731,75.8024,77.1751,76.8505,76.2758,73.8173,75.2130,73.0069,70.6045,67.8012,66.8431,63.1269,63.8905,61.7171,58.0086,54.2033,53.6004,48.0104,43.8292,39.9625,38.0789,34.4384,33.6155,34.4819,34.7131,36.3456,38.0132,39.0512,40.0500,43.1045,43.1045,46.0977,46.0977,49.0918,50.0100,51.0098,52.0384,53.1507,56.4358,56.7186,58.2495,58.9406,58.8727,0.0000,0.0000,0.0000,0.0000,0.0000,0.0000,0.0000,0.0000,0.0000,0.0000,0.0000,0.0000
1700000001.550000,-65.7,52.8015,53.7587,55.5428,59.4390,60.8276,64.1327,65.9242,68.0661,70.8590,72.1803,75.5050,75.7100,74.9533,74.2159,73.4983,73.4983,72.8011,67.7200,68.6804,65.8027,63.8905,61.6847,57.5847,57.2800,54.4059,52.4976,45.8803,41.9762,39.4588,37.3363,36.1248,34.0000,34.3657,34.7131,33.2415,35.7351,37.6962,38.4838,40.7185,44.2832,44.7214,45.6180,47.4236,48.3322,50.6952,51.2640,52.4976,55.3624,55.1090,57.7062,57.2189,59.0339,0.0000,0.0000,0.0000,0.0000,0.0000,0.0000,0.0000,0.0000,0.0000,0.0000,0.0000,0.0000
1700000001.600000,-65.1,56.0803,54.7083,58.9406,59.9083,64.3273,64.1327,67.7422,69.8713,74.8131,78.2624,78.4474,78.6448,79.0759,77.1298,74.7262,77.1298,73.0069,71.5681,66.4831,67.7200,64.2884,63.6003,60.4401,59.2030,56.3205,51.9230,45.8912,44.9110,39.4588,38.1182,36.0139,37.1214,34.5254,35.1710,36.7696,40.3113,40.2492,40.2492,42.4853,44.2945,48.3735,47.5079,50.5371,51.0000,50.5371,53.2259,54.6260,57.0088,58.8218,58.9406,60.2080,59.4138,0.0000,0.0000,0.0000,0.0000,0.0000,0.0000,0.0000,0.0000,0.0000,0.0000,0.0000,0.0000
1700000001.650000,-63.7,53.2353,51.0000,58.1378,58.2151,61.4003,61.4003,64.6297,66.6108,70.5762,71.7008,72.6911,72.4431,74.4312,74.2428,73.0616,74.2428,68.1175,67.0075,65.0692,65.0308,62.0081,61.0082,57.0088,56.0803,54.0370,51.0098,46.0435,43.4166,38.4708,38.0789,34.7851,33.2415,33.5410,33.2866,34.4093,35.4683,36.7967,38.8973,40.3113,42.4500,44.5982,46.0109,48.1041,46.6690,48.7955,50.3289,52.4976,55.0000,54.6443,56.3028,56.8243,57.3847,0.0000,0.0000,0.0000,0.0000,0.0000,0.0000,0.0000,0.0000,0.0000,0.0000,0.0000,0.0000
1700000001.700000,-61.6,53.4603,53.2353,58.0086,58.0086,62.0725,64.0312,65.1230,69.1809,71.1126,73.1095,76.1643,77.0584,76.0066,75.0067,74.0270,75.0067,71.0634,69.0290,66.0681,65.1920,62.3939,61.2046,59.3043,56.0357,54.0833,51.0392,46.0109,43.0000,40.0500,37.4833,36.4966,33.2415,33.8378,32.2025,34.1321,35.2278,38.4187,38.4187,39.6989,41.7732,45.3431,44.6878,49.6790,48.4149,49.4065,51.8652,53.5350,54.2033,55.0091,57.6975,57.0088,56.0446,0.0000,0.0000,0.0000,0.0000,0.0000,0.0000,0.0000,0.0000,0.0000,0.0000,0.0000,0.0000
1700000001.750000,-62.8,53.2541,53.3385,56.7979,59.0931,61.8466,62.0322,64.5136,69.2892,71.1688,73.1642,73.0069,74.0945,74.7329,74.7329,74.2428,72.4983,69.7782,68.0000,66.6483,65.7647,61.7738,60.9016,59.0593,55.4707,54.7083,51.4296,44.2832,42.9535,40.3113,37.9473,35.1710,33.5410,32.1403,34.0000,33.2415,36.6742,39.0512,38.8330,42.2019,43.1741,45.6070,45.8803,48.2701,49.7293,50.2195,50.0100,53.6004,55.2268,57.0789,58.0086,58.1378,57.8705,0.0000,0.0000,0.0000,0.0000,0.0000,0.0000,0.0000,0.0000,0.0000,0.0000,0.0000,0.0000
1700000001.800000,-65.0,53.2353,53.8516,57.4282,58.6003,63.4114,64.6607,68.0147,70.2922,71.7008,74.5185,76.0592,76.8375,77.0065,75.6042,74.6324,76.0263,72.4224,70.7248,68.5055,66.2873,63.2851,62.4340,59.6825,57.4282,54.9181,52.4309,47.2017,43.4166,39.6989,38.9487,34.7131,35.8050,34.1321,34.8855,36.7696,37.0000,39.2938,41.2311,41.7732,42.9535,45.8912,47.8539,49.2443,50.9902,51.4198,52.2015,53.7587,56.6480,57.7754,59.9333,58.6686,58.5235,0.0000,0.0000,0.0000,0.0000,0.0000,0.0000,0.0000,0.0000,0.0000,0.0000,0.0000,0.0000
1700000001.850000,-62.6,49.6790,49.5177,54.4885,55.3173,58.2580,57.6281,62.8013,64.8151,67.8012,69.6563,70.2922,71.2180,71.7008,71.5891,70.7248,70.0928,66.5282,64.3506,63.6553,62.9365,60.1415,59.3970,55.8659,53.7587,52.3450,48.1041,43.2782,41.4005,38.0132,36.3593,34.0000,34.9285,34.4819,33.7343,34.3657,35.1283,38.0000,39.0128,41.0000,41.0000,44.0454,44.0000,48.0000,48.0000,50.0100,50.0899,52.2398,54.5894,55.1090,55.7853,56.6127,56.4624,0.0000,0.0000,0.0000,0.0000,0.0000,0.0000,0.0000,0.0000,0.0000,0.0000,0.0000,0.0000
1700000001.900000,-60.2,51.6624,54.7449,54.2310,59.3043,61.2046,64.0703,68.0294,68.0294,72.0278,72.1734,77.1622,76.1643,77.5242,74.4312,73.9797,74.4312,71.7008,68.8840,67.8970,64.9384,63.3482,62.1691,57.2713,57.8705,53.7587,51.6236,48.3735,44.1814,40.0500,39.0128,38.2099,34.7131,34.4819,35.1141,35.8469,37.5899,39.1152,39.4462,40.4969,45.7930,46.6154,48.2597,49.3964,52.4786,52.4786,52.7731,54.1295,57.7754,57.5847,58.5235,59.2284,58.4209,0.0000,0.0000,0.0000,0.0000,0.0000,0.0000,0.0000,0.0000,0.0000,0.0000,0.0000,0.0000
1700000001.950000,-64.8,49.6488,50.4480,53.0377,57.9828,58.0000,60.8769,63.7809,64.5368,67.3573,68.6804,71.5052,72.2496,72.8629,72.8629,71.4493,68.5930,67.1789,64.4438,65.7951,62.9682,59.5483,58.1378,54.5619,54.4518,52.3450,48.7955,43.8406,40.3609,39.0512,34.4093,33.8378,32.6497,33.1059,31.3209,32.7567,34.1321,35.1283,37.0540,39.1152,41.0488,42.0119,46.0000,45.0111,47.0956,48.0416,48.2597,50.4876,51.7880,52.3927,53.8516,56.3028,55.0364,0.0000,0.0000,0.0000,0.0000,0.0000,0.0000,0.0000,0.0000,0.0000,0.0000,0.0000,0.0000
1700000002.000000,-59.5,51.6140,53.0000,55.9464,60.8276,61.2699,65.0000,66.3099,67.7791,70.3847,70.6824,73.4098,75.1532,75.5844,72.8972,75.2928,72.0069,70.2353,65.7647,69.3542,65.3682,63.6318,61.7738,56.9386,57.3062,54.7083,50.1199,46.9574,42.9535,39.0000,36.0555,34.2053,34.5254,33.1361,33.0000,33.3766,34.3657,37.8550,38.8330,40.0250,43.6807,42.7200,48.0833,47.8017,50.9608,50.6952,51.4198,53.6004,55.5788,55.0818,57.0088,58.0775,59.6825,0.0000,0.0000,0.0000,0.0000,0.0000,0.0000,0.0000,0.0000,0.0000,0.0000,0.0000,0.0000
1700000002.050000,-63.8,53.0377,53.0754,56.7274,59.8164,61.6117,62.4260,66.2873,68.7968,71.2811,73.4983,75.2130,75.4520,75.2130,75.6042,75.2861,72.4707,71.0634,67.2681,67.3573,65.8559,63.7024,62.2896,58.7963,57.4891,55.9732,49.8197,46.4004,45.0000,40.4969,38.0789,34.8855,33.2415,33.5261,33.7343,37.1214,37.0540,39.0128,39.0128,43.0465,44.0454,46.0435,48.0416,49.0408,49.0918,51.0000,53.0000,55.1453,56.3205,56.7186,57.2713,58.2409,59.2368,0.0000,0.0000,0.0000,0.0000,0.0000,0.0000,0.0000,0.0000,0.0000,0.0000,0.0000,0.0000
1700000002.100000,-63.6,49.6488,52.6308,52.3450,57.3149,58.0000,61.5549,62.9682,65.1920,67.8970,68.6222,72.9178,71.5052,72.8629,71.4493,72.1803,67.9412,69.3542,63.7809,65.1920,62.3699,59.6657,58.2580,53.2635,55.1725,52.4023,48.7955,41.7253,41.0366,40.4599,33.6006,34.6699,32.6497,33.6155,33.8378,34.2053,33.3766,36.2215,38.2099,41.1096,43.1045,43.1045,46.0435,47.0956,49.0918,49.4975,50.6360,51.6236,52.6308,53.8516,54.7083,55.1543,55.4707,0.0000,0.0000,0.0000,0.0000,0.0000,0.0000,0.0000,0.0000,0.0000,0.0000,0.0000,0.0000
1700000002.150000,-61.4,51.8941,53.4883,56.3205,57.7235,61.3922,62.1691,65.3070,67.2681,72.1803,73.3485,75.7100,75.7100,74.7329,74.7329,73.7631,73.7631,69.6419,67.7200,64.2884,64.8460,61.9839,59.4811,57.5674,55.7853,53.1601,52.8867,45.3542,41.9762,40.3113,38.0526,34.0147,33.2415,32.5576,32.9848,33.8378,34.9285,35.7771,38.0789,42.0595,43.9090,44.2945,46.5296,48.3735,47.8853,50.9902,51.8941,53.3104,55.3624,56.9210,57.2800,58.2495,57.3149,0.0000,0.0000,0.0000,0.0000,0.0000,0.0000,0.0000,0.0000,0.0000,0.0000,0.0000,0.0000
1700000002.200000,-62.3,52.4023,54.0370,57.4282,59.0762,61.0574,61.0574,65.8635,67.6018,70.8308,71.6938,75.1665,76.0066,75.1665,74.8866,73.0069,73.2393,70.2140,67.8012,66.0303,65.6049,62.0081,60.6053,59.0339,55.0000,53.6004,52.0096,47.4342,42.7200,38.9487,38.9102,34.9285,34.4819,33.9559,34.2345,37.0540,36.0000,38.1182,40.1123,40.1123,42.4264,44.4072,45.2769,48.3735,48.2597,50.1597,51.0882,53.0000,55.0091,56.3205,56.7186,59.2284,58.2409,0.0000,0.0000,0.0000,0.0000,0.0000,0.0000,0.0000,0.0000,0.0000,0.0000,0.0000,0.0000
1700000002.250000,-59.1,50.4480,52.4309,55.7584,56.6039,59.9416,61.2699,64.8845,66.2118,69.7782,69.7782,72.4707,73.3485,73.3553,74.3034,72.7186,71.6938,69.1158,65.5134,65.5134,64.6607,61.5873,59.6825,56.6039,55.0727,53.8516,50.6063,44.2945,42.0476,39.9249,38.2753,34.2053,33.3766,33.0606,34.0000,36.2215,36.4966,38.6394,38.6394,41.7732,43.4166,44.6430,44.6430,47.5395,48.7647,49.0306,51.1957,52.7731,54.4518,55.2268,55.0364,57.0088,56.5685,0.0000,0.0000,0.0000,0.0000,0.0000,0.0000,0.0000,0.0000,0.0000,0.0000,0.0000,0.0000
1700000002.300000,-65.3,49.0102,51.0882,52.3450,55.5788,58.2495,59.2284,63.1506,64.5368,68.2495,69.6348,71.5891,71.5891,72.3671,72.1803,70.5762,69.8713,67.4759,64.3817,63.6396,62.3939,60.2993,58.3095,54.3323,54.4518,50.4876,48.5077,43.9318,41.7732,38.6005,33.8378,33.6155,35.3553,32.7567,33.4216,34.7131,34.7131,36.8782,39.2046,40.8044,42.0119,42.2019,45.0000,47.2017,47.2017,48.2701,48.1664,52.3450,53.7587,53.8145,55.4437,55.2178,55.5698,0.0000,0.0000,0.0000,0.0000,0.0000,0.0000,0.0000,0.0000,0.0000,0.0000,0.0000,0.0000
1700000002.350000,-60.7,53.8145,55.0000,57.4282,60.7454,62.7694,65.3682,66.6483,69.7711,70.6612,74.3034,77.0260,78.0320,76.8505,77.3886,75.1665,74.0608,72.1110,68.8186,68.8186,68.0074,63.6003,62.2013,60.4649,58.5235,56.0357,51.3128,46.1411,43.9090,42.4853,36.7696,38.2753,34.9285,36.4966,34.1321,36.0139,37.1214,39.3192,41.4367,43.5660,45.8912,45.5412,49.8197,49.8197,50.8035,53.6004,52.2398,56.1427,57.0088,58.0086,58.2151,59.6825,58.9406,0.0000,0.0000,0.0000,0.0000,0.0000,0.0000,0.0000,0.0000,0.0000,0.0000,0.0000,0.0000
1700000002.400000,-62.7,52.8015,53.8238,55.7584,57.3062,63.0635,62.6099,66.2118,68.4471,71.5891,74.6860,74.6860,75.1332,75.6637,75.6637,73.0616,73.5731,71.1969,69.1158,66.8880,66.8880,63.5138,61.5873,59.9083,56.9386,56.0803,51.1077,46.0652,44.7214,40.3113,38.8973,34.4819,35.6931,35.2278,35.0000,37.0540,38.3275,39.8121,39.8121,43.7379,43.1741,47.2969,47.5395,51.6624,49.2443,51.9711,51.9711,55.4437,56.2228,58.0345,58.0086,60.2993,56.8858,0.0000,0.0000,0.0000,0.0000,0.0000,0.0000,0.0000,0.0000,0.0000,0.0000,0.0000,0.0000
1700000002.450000,-62.0,51.0882,54.0000,55.1453,59.1354,59.4138,62.6498,66.9104,68.7314,71.7008,73.5527,74.5453,76.3217,77.2334,75.1665,74.0000,74.1687,72.1110,68.0074,69.0072,66.0000,63.0079,62.0081,59.0085,57.0088,54.0093,53.0848,46.0977,43.1045,41.3038,38.0789,35.1710,35.4683,34.9285,34.4819,35.2278,38.6005,39.0512,40.4599,42.5206,44.5982,45.2769,49.5177,49.5782,51.8556,52.0096,53.6004,56.8595,57.1402,56.8243,59.0339,57.9396,58.5235,0.0000,0.0000,0.0000,0.0000,0.0000,0.0000,0.0000,0.0000,0.0000,0.0000,0.0000,0.0000
1700000002.500000,-61.8,46.5725,49.2443,51.6236,54.4518,56.1427,61.1310,62.0725,64.0703,66.1891,67.0671,70.1783,70.1142,70.1783,70.2567,69.7209,68.5930,67.7422,62.9682,63.7887,60.8276,58.8558,56.8858,53.7587,52.3450,51.4781,49.3660,43.1856,40.1123,39.0000,35.0571,33.3766,32.0156,33.5261,32.6956,34.8855,34.9857,37.4433,37.2022,40.8044,41.4005,43.0116,45.8039,46.4004,48.2597,49.9300,48.8774,53.7122,53.2259,53.7122,56.0803,55.9732,55.3173,0.0000,0.0000,0.0000,0.0000,0.0000,0.0000,0.0000,0.0000,0.0000,0.0000,0.0000,0.0000
1700000002.550000,-62.9,50.2494,51.9711,52.6308,57.9741,57.5674,61.6847,64.8460,67.4166,68.6222,69.8928,72.7324,73.3894,73.3757,72.8011,72.0347,70.0928,71.0634,66.4906,65.7343,64.3273,60.8276,58.8558,56.0892,54.8179,53.3667,51.1957,44.9222,41.7612,39.2173,34.9285,34.4384,32.2490,33.6006,32.5576,33.9706,35.6090,38.0132,39.1152,40.4969,42.1900,42.1900,46.3249,46.3249,48.2597,49.4065,49.6790,52.6308,53.7587,55.1725,56.6392,56.8507,56.8595,0.0000,0.0000,0.0000,0.0000,0.0000,0.0000,0.0000,0.0000,0.0000,0.0000,0.0000,0.0000
1700000002.600000,-62.7,52.7731,51.0784,56.9210,57.8705,60.8769,62.0967,65.5134,68.6586,69.4262,73.9797,75.9605,75.0000,76.2430,75.5844,71.1688,73.0548,69.5701,67.4166,65.7875,64.8460,62.0322,59.8080,58.3095,55.7136,53.4883,50.3289,44.2719,42.4500,38.0789,39.4588,33.2415,36.0000,34.3657,32.5576,34.2053,37.6431,38.2753,38.6264,40.8534,43.8634,46.0977,44.3847,49.3964,48.4665,50.6952,52.8110,54.1202,54.4059,57.0701,56.4358,58.1378,58.0345,0.0000,0.0000,0.0000,0.0000,0.0000,0.0000,0.0000,0.0000,0.0000,0.0000,0.0000,0.0000
1700000002.650000,-62.4,51.2445,53.0848,56.0803,59.0762,59.2115,63.5059,65.6201,67.4759,69.5845,72.5603,74.6726,75.6637,76.3217,75.1066,75.0267,72.0278,72.0278,66.0076,67.0000,65.0077,62.0322,60.0333,57.0088,57.0351,53.0094,52.0384,46.0435,43.0465,39.2046,34.7131,33.9559,32.8938,33.6155,33.6155,34.6699,35.6090,37.4833,36.7696,40.3609,41.0122,43.1393,45.2548,47.3814,48.8365,51.0882,50.4480,53.6004,53.5350,55.2268,57.3062,57.2713,57.5847,0.0000,0.0000,0.0000,0.0000,0.0000,0.0000,0.0000,0.0000,0.0000,0.0000,0.0000,0.0000
1700000002.700000,-63.6,52.5547,51.9230,56.0892,57.8705,60.6712,62.6498,66.6108,67.4759,72.5603,73.6817,75.8024,75.9539,76.1183,75.5050,73.9797,73.5459,69.8570,67.9117,65.7343,64.0312,62.0967,61.1310,57.9741,55.3173,54.3415,51.6624,46.6905,43.7379,40.1995,38.0526,36.0000,36.1248,34.7131,33.5261,34.1760,35.3412,37.1214,39.4462,42.0595,44.2945,46.5296,46.6476,50.1199,50.1199,50.5371,53.2259,53.8516,55.7136,57.8705,57.7235,58.8558,57.4282,0.0000,0.0000,0.0000,0.0000,0.0000,0.0000,0.0000,0.0000,0.0000,0.0000,0.0000,0.0000
1700000002.750000,-60.6,52.7731,53.3667,58.5235,58.8218,61.0983,62.9682,65.5515,69.0797,71.1688,72.8011,74.0945,76.3217,77.8332,74.6324,75.2861,75.0000,70.6045,69.1231,67.1863,64.7611,62.5859,62.1691,58.4637,58.2409,56.0446,51.9230,45.8803,44.2719,40.4969,37.1618,34.8855,35.5106,35.0000,33.3017,33.9706,35.4683,38.0132,39.1152,42.1900,43.5660,45.4863,46.6476,49.3964,49.0918,50.0000,52.0096,53.8145,55.1543,57.2800,58.7282,59.0339,58.5235,0.0000,0.0000,0.0000,0.0000,0.0000,0.0000,0.0000,0.0000,0.0000,0.0000,0.0000,0.0000
1700000002.800000,-62.9,52.9245,55.0091,56.9386,58.8303,62.6817,64.6375,68.8186,70.2140,73.0069,73.2393,77.1038,76.5506,76.8505,76.3217,75.2928,74.9466,70.8308,70.7107,66.2420,65.3682,63.5295,63.1348,59.9416,56.4358,54.5894,53.3385,46.3249,43.0116,40.6079,39.6989,35.3836,36.2353,35.8050,35.3553,37.1618,39.0000,40.1622,39.8497,42.4500,44.6430,45.8803,48.7647,50.0000,50.0000,50.9608,52.8110,54.7814,56.4624,59.0339,59.6825,58.2495,59.0339,0.0000,0.0000,0.0000,0.0000,0.0000,0.0000,0.0000,0.0000,0.0000,0.0000,0.0000,0.0000
1700000002.850000,-59.7,41.5933,44.1475,45.8803,48.1041,49.2443,51.6236,54.6260,56.4624,59.2368,57.7754,61.8466,60.1664,62.0322,61.0983,61.0328,60.0833,57.8705,54.1202,55.6597,54.1202,51.9230,50.6952,46.3249,46.1736,43.9659,41.7612,37.0000,35.4683,32.6956,30.8869,30.5287,29.2062,30.4138,29.7321,28.6007,30.2324,31.7648,33.1210,36.6742,36.2353,37.5899,39.8246,40.3113,40.3113,42.1900,42.7200,43.8292,47.0106,46.7547,48.1041,50.3289,49.8197,0.0000,0.0000,0.0000,0.0000,0.0000,0.0000,0.0000,0.0000,0.0000,0.0000,0.0000,0.0000
1700000002.900000,-62.0,48.8262,53.0000,53.7122,57.6975,60.4152,60.4152,62.7694,66.3099,68.0294,70.2638,72.0902,71.5891,73.7902,72.8972,71.6938,68.8840,68.0000,65.8635,64.6607,63.2851,61.2944,60.2080,54.3783,54.5894,52.4786,49.2443,45.6508,42.4853,39.3954,36.4006,33.5261,32.7567,33.5410,33.0151,34.0147,34.3657,36.6742,38.6394,39.8121,40.7922,43.1741,44.1475,45.8912,46.6905,48.5077,48.3735,52.1536,53.0094,54.0000,55.0364,56.3205,56.0892,0.0000,0.0000,0.0000,0.0000,0.0000,0.0000,0.0000,0.0000,0.0000,0.0000,0.0000,0.0000
1700000002.950000,-66.5,48.3322,50.1199,52.6973,55.4707,58.8218,60.8030,62.8013,64.8151,66.6108,68.8186,71.0282,71.0282,71.5612,71.0211,69.9714,70.1783,67.2309,65.3682,65.0000,63.1348,60.8276,58.1808,54.5894,55.0727,52.8394,49.2443,43.0465,41.3401,38.6005,35.4683,34.6554,33.9706,34.2053,32.7567,33.5410,35.4683,36.0555,38.6264,39.2173,39.5601,42.0595,44.5982,46.8188,46.8188,49.3964,49.2443,52.3259,52.3546,54.3783,54.6443,55.0000,55.9017,0.0000,0.0000,0.0000,0.0000,0.0000,0.0000,0.0000,0.0000,0.0000,0.0000,0.0000,0.0000
1700000003.000000,-63.6,48.0521,49.0408,52.8110,56.6480,57.7754,60.5392,63.9766,64.4748,66.2118,70.3847,72.0902,71.6938,72.2357,71.8679,68.9493,69.2892,67.0671,65.4599,64.8460,61.9839,60.0833,57.8705,55.6597,55.0273,51.8652,49.0408,44.3847,41.1461,38.0789,36.3593,35.2278,32.5576,33.9411,33.4216,34.4093,36.3593,38.4708,40.2492,40.3113,42.9535,44.7772,44.7772,49.6588,50.5371,49.6488,51.1077,53.0000,55.2178,55.6058,57.3847,57.2800,57.6281,0.0000,0.0000,0.0000,0.0000,0.0000,0.0000,0.0000,0.0000,0.0000,0.0000,0.0000,0.0000
1700000003.050000,-62.2,50.4480,52.4309,55.2268,57.4543,60.9016,61.2699,63.9531,65.2993,68.8767,72.0069,72.5603,74.3034,76.1577,72.7186,73.4983,69.9714,69.3397,66.8506,66.2873,64.0703,61.0328,60.4649,56.0357,57.1402,53.2541,49.9300,45.7930,42.9418,40.2492,37.0000,34.4819,34.9285,35.3553,35.1283,36.0555,38.2099,39.3192,40.4475,42.4264,44.5533,45.1221,47.8539,48.5077,50.6360,51.4781,52.2398,54.0833,56.0089,56.0803,57.3149,59.8415,57.9741,0.0000,0.0000,0.0000,0.0000,0.0000,0.0000,0.0000,0.0000,0.0000,0.0000,0.0000,0.0000
1700000003.100000,-61.3,50.4777,52.0096,53.9073,58.0000,59.3970,62.9365,65.7951,67.2086,67.8970,70.0071,72.1249,74.2496,74.3303,72.1803,72.4707,71.5891,70.2922,66.8431,65.4370,63.2535,61.4003,59.2030,57.2014,55.4437,51.2250,50.4480,43.9318,41.7732,38.1838,34.8281,35.0000,32.7567,34.0147,33.2415,35.4401,35.9026,38.6394,38.6394,40.3113,41.3038,43.4166,45.3982,48.3735,48.6621,48.8365,49.2443,52.3927,54.4059,55.3624,55.0364,57.3062,55.7584,0.0000,0.0000,0.0000,0.0000,0.0000,0.0000,0.0000,0.0000,0.0000,0.0000,0.0000,0.0000
1700000003.150000,-62.6,50.7740,50.2195,56.0803,57.3847,60.1082,61.5224,65.7647,65.7647,67.8970,70.7248,74.2765,74.2765,73.6614,73.0000,70.9366,72.2496,67.3573,66.8431,65.2993,65.2993,61.2209,60.3075,56.4004,54.8179,52.6308,49.8197,43.9318,40.3113,37.5366,37.0135,34.4093,34.0000,34.0147,32.8938,33.9559,36.6742,39.3192,39.4588,40.3113,41.1947,43.1856,45.1774,47.1699,47.1699,50.3587,50.4876,52.7731,53.1507,54.4059,56.3028,56.3649,56.8243,0.0000,0.0000,0.0000,0.0000,0.0000,0.0000,0.0000,0.0000,0.0000,0.0000,0.0000,0.0000
1700000003.200000,-61.3,48.1041,51.4296,52.8394,56.9386,58.5235,59.9083,62.6817,64.8999,67.9559,69.0652,70.7248,72.1110,72.4017,71.8679,71.6938,68.4763,67.1193,63.5295,64.0078,62.1772,61.2699,59.4811,55.0091,54.7083,52.3546,48.8774,44.9444,41.0488,39.2046,35.3836,33.9411,34.0588,34.4093,34.1321,34.8855,34.5398,37.9473,38.8973,41.4849,42.7200,43.6807,45.6070,47.1275,48.0833,47.7598,49.3964,53.3104,53.2259,54.1202,54.7083,55.4707,56.7274,0.0000,0.0000,0.0000,0.0000,0.0000,0.0000,0.0000,0.0000,0.0000,0.0000,0.0000,0.0000
1700000003.250000,-63.3,53.8145,52.8015,57.4282,57.6888,62.7694,62.6498,66.2420,68.9638,69.8355,73.9256,75.2928,76.1577,76.3217,75.1665,72.4224,74.8866,69.6348,69.2026,67.2012,66.2193,64.0312,61.8466,59.8164,56.8595,54.4059,50.2195,44.9444,44.7772,40.7063,40.3113,34.5398,35.4401,36.6742,34.2345,37.0135,39.0128,39.1152,41.1947,43.2897,44.4072,47.3814,46.2709,50.2494,50.2494,52.0865,53.0094,55.0091,57.0789,58.3095,59.5399,58.2495,58.5235,0.0000,0.0000,0.0000,0.0000,0.0000,0.0000,0.0000,0.0000,0.0000,0.0000,0.0000,0.0000
1700000003.300000,-62.6,50.4876,52.2398,55.0364,58.0000,59.0085,62.1289,65.2763,66.1211,68.1836,70.1142,73.1710,74.0608,74.0068,72.0278,72.0278,71.0070,71.0000,67.0671,66.0681,64.1249,61.2046,60.1332,56.1427,56.0357,53.0848,50.0400,46.0109,41.0122,40.1995,38.4708,34.7131,33.2415,34.5398,34.4384,34.6699,36.6197,37.6431,38.2884,40.3609,41.8688,43.1856,47.3814,48.1664,48.2701,49.0408,50.6063,53.0094,55.4707,54.7083,56.3649,56.4624,56.6127,0.0000,0.0000,0.0000,0.0000,0.0000,0.0000,0.0000,0.0000,0.0000,0.0000,0.0000,0.0000
1700000003.350000,-62.4,48.8365,50.8035,52.6973,55.7584,59.1693,59.9416,62.6498,64.4127,67.6018,67.6018,70.8308,71.8679,73.2462,72.4017,71.6101,68.5055,66.8506,64.4050,64.4050,62.2013,60.4401,59.8164,54.8179,53.6004,52.0096,50.0000,44.6542,41.0488,39.4462,36.2491,34.0147,35.1141,32.9848,32.3883,35.1283,35.0000,38.0132,38.0526,39.1152,41.1096,42.1070,44.1814,47.0956,48.0416,48.0000,50.0400,51.0882,53.3385,53.6004,55.1090,54.1202,55.7136,0.0000,0.0000,0.0000,0.0000,0.0000,0.0000,0.0000,0.0000,0.0000,0.0000,0.0000,0.0000
1700000003.400000,-63.4,50.2892,51.2640,53.7122,56.3649,59.9416,62.2656,64.4127,64.4981,67.1193,68.0955,71.1969,72.0694,72.9452,72.4707,70.6824,68.4471,66.7083,65.0000,65.3911,63.1585,60.9262,60.5392,56.0803,55.4617,53.7122,49.6588,42.9418,41.5933,39.9625,35.2278,34.2053,33.9706,33.9706,32.8024,34.6699,35.3412,36.6742,39.0000,39.5601,41.7852,42.1545,43.6578,46.6154,47.5395,48.3322,49.2443,51.8845,52.4786,52.6973,55.8032,56.0803,56.5685,0.0000,0.0000,0.0000,0.0000,0.0000,0.0000,0.0000,0.0000,0.0000,0.0000,0.0000,0.0000
1700000003.450000,-60.5,50.2096,50.4480,53.8238,56.8595,58.3095,60.0333,64.8845,64.4981,66.2420,69.4622,72.2011,73.5731,71.8679,71.5612,70.7248,68.2642,67.9559,66.8506,64.8999,64.0703,60.0000,58.8218,55.2178,55.4707,53.2541,48.2597,43.4166,42.9418,39.8121,36.0555,34.7851,33.7343,35.2278,35.0571,35.0143,36.2215,38.6394,38.4708,40.6079,42.7551,44.1475,46.0977,47.8539,49.0306,48.8365,50.4876,52.2398,53.2353,55.0091,56.0357,55.3263,56.0892,0.0000,0.0000,0.0000,0.0000,0.0000,0.0000,0.0000,0.0000,0.0000,0.0000,0.0000,0.0000
1700000003.500000,-64.5,52.3546,53.3385,53.8238,56.6127,60.4401,59.6657,65.2993,67.4759,70.2922,70.2922,74.5185,73.7564,73.8783,73.2462,70.8025,72.2011,68.6003,67.2012,63.8201,63.8201,61.5873,59.0762,57.6888,55.0000,53.6004,50.0000,44.0454,41.0366,38.1838,36.2353,34.2053,33.8378,34.0000,33.6155,35.1141,37.1080,38.4708,38.4708,40.3113,41.3038,44.2832,46.2709,49.4975,47.5184,49.6488,51.1957,51.6624,54.1202,56.3028,55.7136,57.2713,57.4543,0.0000,0.0000,0.0000,0.0000,0.0000,0.0000,0.0000,0.0000,0.0000,0.0000,0.0000,0.0000
1700000003.550000,-60.6,49.8197,51.6236,54.4885,57.3847,57.8014,59.8164,63.0079,65.8027,66.4003,70.0000,70.6045,72.6223,72.4707,72.3464,70.7672,68.7677,68.0147,64.3817,64.4438,63.6553,62.9365,58.6941,55.1543,54.4885,52.3450,49.5177,44.0454,42.0119,38.8330,35.8469,34.4819,33.6155,33.5261,32.0156,34.2345,35.0571,38.0000,39.0128,40.0000,41.0122,43.0465,44.0454,46.0977,48.0104,48.0000,50.0899,52.1536,53.4603,53.9351,54.5711,55.3624,55.1543,0.0000,0.0000,0.0000,0.0000,0.0000,0.0000,0.0000,0.0000,0.0000,0.0000,0.0000,0.0000
1700000003.600000,-60.5,51.6236,53.2635,53.0094,57.6888,58.8303,63.2851,65.0000,66.7308,70.4911,71.6938,74.4312,75.8024,76.0066,75.1665,73.8173,73.0069,70.2140,67.0075,66.4003,64.8151,63.2535,61.8466,57.8014,56.0357,54.4059,51.6140,46.3249,44.1022,41.6773,38.0132,35.4683,33.2415,33.9559,36.2215,36.0555,38.0000,40.0125,40.1995,43.1856,45.1774,46.1736,47.0956,49.2544,49.0918,51.0098,53.0094,55.0091,57.1402,57.2189,58.8558,58.6941,60.0833,0.0000,0.0000,0.0000,0.0000,0.0000,0.0000,0.0000,0.0000,0.0000,0.0000,0.0000,0.0000
1700000003.650000,-62.4,51.6236,51.7397,55.8032,58.0086,60.4649,61.9112,64.4981,66.7308,69.4622,71.8679,73.2462,73.5731,74.3303,74.0608,73.6003,73.2393,67.4240,68.0074,65.2150,65.0000,61.4003,62.2013,56.4004,56.6127,54.4059,50.8035,45.7930,43.9090,39.3573,37.6962,36.0555,36.1386,36.3456,34.0588,36.0000,38.0526,40.4475,40.3113,43.4166,44.5533,45.7056,47.5184,49.4975,48.6621,51.4781,52.2398,53.0848,56.0089,57.0088,58.3095,58.6941,57.7235,0.0000,0.0000,0.0000,0.0000,0.0000,0.0000,0.0000,0.0000,0.0000,0.0000,0.0000,0.0000
1700000003.700000,-60.2,52.3927,51.6236,56.6127,57.2800,61.6117,61.8466,66.4906,68.4471,69.6348,73.7564,75.7100,75.5050,75.4321,74.2159,72.4224,75.0000,69.9214,68.6222,66.7608,64.5136,61.6847,61.3514,57.2451,56.3205,54.1202,51.2445,46.5725,42.9535,40.4475,38.2099,33.0606,36.0555,34.3657,33.9559,35.1141,36.7696,37.5766,39.8121,41.5933,42.4853,45.1774,46.0652,50.1199,49.6588,51.8941,51.6236,54.4243,55.6597,56.3205,57.4891,58.8558,58.1378,0.0000,0.0000,0.0000,0.0000,0.0000,0.0000,0.0000,0.0000,0.0000,0.0000,0.0000,0.0000
1700000003.750000,-62.7,48.1664,50.8035,51.6624,54.8179,57.8705,59.1354,62.3939,63.3246,67.0671,67.6757,71.4703,70.2140,72.8011,69.3758,69.1231,69.1231,67.1863,63.5610,63.0635,62.8172,59.4390,56.5155,54.1295,54.5711,51.1957,49.7293,43.9659,40.1622,38.2753,36.2491,34.0000,33.6006,33.3017,32.5576,35.4683,34.8281,37.2022,37.4433,40.4969,42.7200,43.2666,45.4863,46.8722,48.8262,48.2597,48.6004,51.4004,53.0754,53.7401,55.3173,55.0000,56.0803,0.0000,0.0000,0.0000,0.0000,0.0000,0.0000,0.0000,0.0000,0.0000,0.0000,0.0000,0.0000
1700000003.800000,-64.5,49.2443,52.8110,54.8179,57.9741,60.2080,62.1691,67.0820,68.0661,70.2140,71.5891,74.9533,73.7564,75.1864,74.2159,74.0405,72.5328,69.6419,68.0074,66.7608,63.8905,63.2456,60.7289,57.2451,55.3624,54.7083,52.4976,46.8402,42.7551,39.6232,38.1182,37.0135,35.0571,35.5106,34.9285,36.4006,37.3363,38.6264,41.2311,42.9535,43.8634,46.0977,47.8539,50.1597,51.0784,50.6952,52.5547,55.6597,56.0446,57.2713,57.7062,58.3095,59.0085,0.0000,0.0000,0.0000,0.0000,0.0000,0.0000,0.0000,0.0000,0.0000,0.0000,0.0000,0.0000
1700000003.850000,-60.4,52.1728,52.6118,53.4603,58.2151,59.0762,63.0000,65.0077,67.0075,71.0282,71.0282,75.0267,75.0267,77.0260,73.1095,73.4370,73.1710,69.1809,68.3593,66.3702,65.4905,61.6604,60.5310,58.5491,57.1402,54.1479,51.0882,45.0000,43.0000,40.1123,38.3275,36.6742,37.3631,35.1141,35.7771,36.3593,38.8330,40.0000,40.6079,43.4166,43.4166,47.0106,47.5079,51.2250,51.2250,52.2015,53.2541,54.9181,56.9386,57.7062,59.0339,58.8727,59.2030,0.0000,0.0000,0.0000,0.0000,0.0000,0.0000,0.0000,0.0000,0.0000,0.0000,0.0000,0.0000
1700000003.900000,-60.9,53.8145,55.1543,56.0803,61.0737,60.6053,65.0000,67.0075,69.2026,69.8140,72.2011,74.4043,75.0000,76.2168,75.6042,74.3303,73.0000,72.2496,68.6222,67.8970,64.3506,61.5549,60.8276,57.9828,56.6392,55.2268,52.3450,46.0977,44.6878,41.6173,38.2753,35.8469,34.8855,34.5398,34.4819,36.8782,36.3456,38.1182,40.0125,42.0000,44.0454,44.0114,47.0425,49.0918,50.1597,50.2494,51.6236,54.9181,56.5155,56.7539,57.2800,57.2451,58.6003,0.0000,0.0000,0.0000,0.0000,0.0000,0.0000,0.0000,0.0000,0.0000,0.0000,0.0000,0.0000
1700000003.950000,-60.2,53.9351,55.3263,57.0351,59.0085,62.0081,64.0312,68.0074,69.1158,73.0616,73.1095,75.0600,77.1038,77.0065,76.0066,76.0592,75.0267,73.0616,69.0652,69.1158,66.2722,63.2851,63.1981,59.0762,59.0085,56.0357,52.0096,47.0425,44.0114,42.1900,38.6394,35.1710,34.7851,35.8469,37.1214,37.7359,38.4187,39.6989,41.1096,42.5206,44.5982,48.1664,48.1041,50.3289,51.0882,52.6308,52.8015,55.0000,56.6039,57.9828,58.1808,59.5063,59.8080,0.0000,0.0000,0.0000,0.0000,0.0000,0.0000,0.0000,0.0000,0.0000,0.0000,0.0000,0.0000
1700000004.000000,-59.8,51.1957,50.4876,54.1479,57.0351,59.0000,61.0082,64.0078,67.0075,70.0071,71.0070,73.0069,74.0068,74.0270,73.0274,72.2496,71.2531,70.2567,67.4759,66.2722,63.3877,60.6712,58.4209,56.5685,56.2228,53.3385,49.3660,45.0999,42.0119,40.0125,37.1214,35.5106,35.1710,36.0555,34.9285,35.3553,39.1152,39.6611,41.0488,41.6173,44.2041,43.6005,46.4004,50.8035,49.6488,51.3128,51.9711,54.1202,55.9017,56.4624,57.5847,59.2030,58.2495,0.0000,0.0000,0.0000,0.0000,0.0000,0.0000,0.0000,0.0000,0.0000,0.0000,0.0000,0.0000
1700000004.050000,-60.1,52.2015,53.8516,56.7979,60.3738,61.7738,64.1405,68.2642,66.3702,70.8308,71.6938,74.7930,75.6637,76.9415,75.1332,74.7329,73.3485,70.6824,67.6240,68.9420,65.3911,63.3246,61.4654,57.0088,58.1808,55.1543,52.3927,46.5188,43.4166,41.6773,38.8330,36.4006,36.1248,34.0588,35.6090,36.0555,36.7151,41.1461,42.0476,43.3820,43.3820,47.0106,47.9270,50.9902,50.5668,52.3546,52.8394,53.5350,55.4707,57.6281,59.5483,59.3970,61.0737,0.0000,0.0000,0.0000,0.0000,0.0000,0.0000,0.0000,0.0000,0.0000,0.0000,0.0000,0.0000
1700000004.100000,-62.7,52.3546,51.0784,55.9732,58.1893,61.1310,62.0967,66.2193,68.1542,69.3758,70.3420,74.2159,75.1864,74.7262,73.3757,72.4500,72.4224,69.5701,68.3520,67.0671,64.6220,61.3270,59.6154,57.0088,55.9732,55.3624,49.6488,45.5412,42.7200,39.2938,37.4833,35.2278,35.0143,35.0143,33.3766,34.7131,36.6879,39.5601,38.6264,40.3113,42.1545,45.6946,47.4236,47.9270,48.4665,51.2640,51.5461,52.8867,55.3173,56.0892,56.7186,58.2151,57.0000,0.0000,0.0000,0.0000,0.0000,0.0000,0.0000,0.0000,0.0000,0.0000,0.0000,0.0000,0.0000
1700000004.150000,-62.7,51.4004,51.7397,53.7587,56.5862,58.0517,60.2080,63.8905,65.2993,68.7677,70.2922,71.7008,73.7564,73.0000,71.5052,71.4213,70.7107,67.8822,64.3817,64.3817,63.7024,60.2080,58.7963,56.5862,55.1543,53.0377,50.2096,43.8634,41.7732,39.2046,36.0555,34.1321,34.8855,34.5398,33.2415,34.7131,36.3456,38.1182,38.0526,42.0476,42.0119,43.0465,45.0444,48.0416,48.0937,49.2544,50.4876,52.6118,53.3667,54.5711,55.3624,57.0088,55.4617,0.0000,0.0000,0.0000,0.0000,0.0000,0.0000,0.0000,0.0000,0.0000,0.0000,0.0000,0.0000
1700000004.200000,-62.4,51.9711,53.2541,54.8179,58.2580,60.9590,63.7024,65.7647,67.9412,70.0928,70.7672,73.6614,75.0733,74.5185,73.8783,73.6003,73.2462,71.2180,66.6108,67.2012,64.4050,61.2944,60.4649,56.0357,54.8179,53.8238,50.6063,46.2277,41.1096,38.9487,37.5366,33.4216,33.2866,33.6155,34.0147,34.5398,36.6879,38.8330,39.0512,39.6232,43.5660,44.9110,45.8912,47.8539,50.0100,51.4198,50.2892,53.4509,54.7814,55.5428,57.2451,57.3062,57.4282,0.0000,0.0000,0.0000,0.0000,0.0000,0.0000,0.0000,0.0000,0.0000,0.0000,0.0000,0.0000
1700000004.250000,-59.6,52.7731,54.4243,55.3624,58.5235,58.6941,61.6117,64.5368,64.7611,69.8570,69.8570,72.7805,74.9533,74.4648,72.2772,71.7844,69.9214,70.5195,65.7875,67.6757,65.9242,60.5392,58.8727,54.7814,57.0088,53.4509,49.3356,44.9222,41.7612,39.8121,36.2215,37.1214,35.0000,34.0588,34.7131,35.9026,35.7351,39.5601,39.0000,41.6293,43.8634,44.3847,48.8467,49.2443,50.1597,50.6952,51.8652,53.4509,55.7853,55.3173,57.0701,58.3095,59.0085,0.0000,0.0000,0.0000,0.0000,0.0000,0.0000,0.0000,0.0000,0.0000,0.0000,0.0000,0.0000
1700000004.300000,-62.4,57.3847,54.6443,59.6825,60.5392,65.7647,66.6483,69.3181,71.1126,75.1332,76.5376,77.0260,78.7718,80.7775,79.6116,76.5506,78.7718,73.4983,71.8471,68.2422,68.2422,65.2150,64.6375,60.8030,58.5235,56.0357,54.4059,49.0918,45.7930,40.7063,41.1461,35.8469,37.3631,37.6563,37.3363,38.1182,40.0000,41.0488,41.1096,44.1814,46.1736,47.2652,48.2597,52.1536,52.0384,53.0848,54.0093,56.0357,59.2115,58.5491,60.0167,61.1310,61.3514,0.0000,0.0000,0.0000,0.0000,0.0000,0.0000,0.0000,0.0000,0.0000,0.0000,0.0000,0.0000
1700000004.350000,-63.4,51.2640,54.6260,56.3560,60.9016,61.9112,64.1405,66.0379,68.2642,70.8308,71.5612,73.2393,74.8866,75.4718,74.9466,74.7061,73.8241,69.8355,67.0820,66.6483,66.2118,61.8466,62.2415,57.2713,57.3062,55.4707,51.0000,45.6508,43.9090,41.3401,37.0135,35.3836,35.3553,35.3836,32.8024,35.8469,35.7771,37.3363,41.4367,41.7852,45.5412,45.2217,46.8188,47.7598,47.5395,50.5668,50.9902,52.7731,56.0803,55.2268,56.3028,57.8014,58.7282,0.0000,0.0000,0.0000,0.0000,0.0000,0.0000,0.0000,0.0000,0.0000,0.0000,0.0000,0.0000
1700000004.400000,-61.6,53.2541,51.1077,58.1378,56.8595,62.7694,61.6847,67.0671,66.1287,70.2282,73.1642,73.9256,74.8465,74.8465,73.8241,69.3181,73.3485,68.8767,69.3542,65.2993,65.2993,61.7738,59.9416,57.3062,55.4707,54.1202,50.1199,46.0977,43.0813,37.3363,38.6005,33.7343,33.2415,34.0147,35.0571,35.2278,38.6394,37.6563,39.8121,40.5216,41.4849,44.6430,45.8803,50.0000,47.0744,51.1957,50.9902,52.7731,56.4358,56.0803,57.0088,57.2189,57.7062,0.0000,0.0000,0.0000,0.0000,0.0000,0.0000,0.0000,0.0000,0.0000,0.0000,0.0000,0.0000
1700000004.450000,-64.2,51.9711,55.3624,55.0273,58.5235,60.1664,62.2415,65.7951,67.1193,70.6824,71.1758,75.2396,74.3236,75.3923,74.6726,72.7324,71.1688,70.8378,67.3573,66.4078,63.8905,62.3618,58.8218,55.6597,55.9732,53.4509,50.9215,46.2385,41.7852,39.8121,38.0789,34.6699,33.6006,33.2415,32.5576,35.0000,36.3593,39.1152,39.4462,40.7063,43.3820,43.8292,46.0652,48.7647,49.2443,50.2494,50.2494,52.4309,54.4059,54.6717,56.5862,55.9017,57.6281,0.0000,0.0000,0.0000,0.0000,0.0000,0.0000,0.0000,0.0000,0.0000,0.0000,0.0000,0.0000
1700000004.500000,-63.9,51.6624,54.1295,56.5685,58.3095,61.2046,62.0725,66.0681,67.0671,70.1142,71.0634,74.1687,74.2428,74.3303,73.5527,72.8354,72.9931,69.8713,67.4685,65.9242,64.1327,61.1882,60.4152,58.0517,55.7315,52.9528,50.6360,44.5533,43.2897,40.1123,37.0135,35.0143,34.5254,33.9559,34.7851,35.8469,37.1214,37.5899,40.3113,43.0465,43.0465,45.2769,46.6476,48.3735,48.3735,50.0899,51.8941,53.7122,56.6480,54.7083,57.0088,57.0701,58.2151,0.0000,0.0000,0.0000,0.0000,0.0000,0.0000,0.0000,0.0000,0.0000,0.0000,0.0000,0.0000
1700000004.550000,-62.0,50.9902,53.4883,53.4509,57.9741,58.6941,63.5610,63.9531,65.3070,69.0507,69.4262,71.5891,71.5891,71.8053,71.0634,71.8401,69.3758,68.9638,66.0984,65.2533,62.9365,60.4070,58.8218,55.0273,53.8516,51.5461,50.2892,43.4166,41.0000,40.4475,35.2278,35.0143,33.1361,33.3766,33.9559,33.5261,35.4683,38.0789,38.9102,39.8246,42.4853,42.4853,46.0652,47.4131,48.3011,48.3322,50.3289,51.2640,53.1601,53.1601,55.3173,55.5788,56.1427,0.0000,0.0000,0.0000,0.0000,0.0000,0.0000,0.0000,0.0000,0.0000,0.0000,0.0000,0.0000
1700000004.600000,-61.2,50.6063,53.2541,55.9464,59.5399,59.9333,63.5610,65.9242,67.6240,69.4622,69.8570,74.2496,73.4098,75.1332,73.3553,73.0616,71.5891,70.7107,66.3702,66.7308,66.0379,62.9682,60.7454,56.6039,55.5698,53.8516,51.4781,46.0652,42.9418,42.5441,36.6879,37.1080,35.6931,35.2278,35.0143,36.1248,37.6563,39.6232,39.4588,41.7732,43.7379,45.1221,46.8722,48.8365,50.9902,50.6360,51.3517,55.3263,55.0091,56.0089,57.1402,58.5491,57.7235,0.0000,0.0000,0.0000,0.0000,0.0000,0.0000,0.0000,0.0000,0.0000,0.0000,0.0000,0.0000
1700000004.650000,-61.0,51.9711,53.8516,55.6597,58.1893,61.0983,62.7694,66.7083,68.5420,72.0902,71.1758,74.3236,75.6439,74.8465,75.9605,74.9466,72.1110,70.5762,68.6222,67.6757,65.4599,63.3246,62.6418,57.8705,55.3624,54.7083,51.2640,47.9270,43.8634,40.2492,36.3593,36.0555,34.0588,33.9411,34.0588,36.0555,37.7359,40.7063,40.2492,42.0476,44.7214,47.4236,47.8539,50.0899,50.5371,51.1077,52.4786,54.3783,56.8595,56.8507,58.7963,58.6941,59.6657,0.0000,0.0000,0.0000,0.0000,0.0000,0.0000,0.0000,0.0000,0.0000,0.0000,0.0000,0.0000
1700000004.700000,-61.2,53.1507,56.0089,56.1427,60.4070,61.5224,63.7887,65.9242,69.8713,71.0211,72.0069,74.8131,76.6551,77.6466,75.5381,75.2396,71.2531,71.2531,67.0671,68.1836,66.1211,63.0317,61.0737,57.0351,57.1402,55.1453,52.1536,46.2709,44.4072,40.7922,37.1080,36.6879,35.7771,35.8469,34.6699,35.0000,36.8782,38.1838,39.6232,41.0122,44.5982,44.5982,48.1664,48.8365,50.2096,50.2096,50.9902,53.2635,54.8179,54.6443,57.4543,58.1808,60.0083,0.0000,0.0000,0.0000,0.0000,0.0000,0.0000,0.0000,0.0000,0.0000,0.0000,0.0000,0.0000
1700000004.750000,-60.1,55.9017,54.3783,57.6888,59.4054,62.2013,63.8905,67.2681,69.4262,73.7564,73.1095,74.8131,76.6942,75.6042,75.2130,73.4983,73.8173,70.4557,69.6419,67.1193,65.7343,62.9682,62.4340,57.9828,57.4282,54.0833,53.2541,48.0104,45.6070,40.4599,38.9487,35.3836,35.6090,34.6699,34.0000,35.8469,37.3363,39.2173,39.5601,42.4500,43.4166,47.2969,47.5395,48.5077,50.0000,50.9608,52.8110,55.7136,56.8595,58.1378,58.1808,57.9828,59.0339,0.0000,0.0000,0.0000,0.0000,0.0000,0.0000,0.0000,0.0000,0.0000,0.0000,0.0000,0.0000
1700000004.800000,-61.7,53.3104,53.2259,56.9386,60.5392,61.6117,63.8201,66.6108,67.8012,70.8025,71.0282,74.6324,75.2130,75.7166,75.1665,74.9466,72.7186,71.3442,66.2420,68.6003,65.8635,63.5295,61.2944,56.8243,57.4543,54.2033,52.3546,46.6476,43.8292,40.0000,37.5366,36.7967,35.6090,35.8050,35.3553,36.2353,35.4683,39.2173,41.4367,44.2719,44.2719,43.9659,47.1275,49.6488,49.6488,51.2640,51.0784,53.7122,55.0091,54.2033,57.1402,56.6127,58.7963,0.0000,0.0000,0.0000,0.0000,0.0000,0.0000,0.0000,0.0000,0.0000,0.0000,0.0000,0.0000
1700000004.850000,-60.1,51.8845,55.1543,55.9732,59.7746,61.4003,63.0635,65.5210,67.1863,71.5681,72.0347,73.4983,75.1864,74.0405,75.2861,74.6726,72.7324,72.1110,66.8506,67.4166,65.0000,61.3270,60.9262,56.4624,55.9732,54.7814,51.8652,46.4866,41.7612,40.5216,37.6563,36.3456,34.0000,34.0588,34.2345,35.5106,36.1386,39.2173,38.6264,43.0813,44.0114,43.6578,47.1699,49.0408,49.6488,50.2892,50.6952,52.1728,55.9017,55.4437,56.4358,57.0351,58.0775,0.0000,0.0000,0.0000,0.0000,0.0000,0.0000,0.0000,0.0000,0.0000,0.0000,0.0000,0.0000
1700000004.900000,-64.0,52.0096,53.1507,56.3205,60.8276,59.2284,63.5610,65.7343,65.5134,70.4060,70.6116,72.7805,73.3485,75.1332,71.7008,72.4431,72.4431,70.3491,67.2681,64.3817,63.2851,62.1289,62.0725,57.1402,57.3149,52.2398,52.3450,46.2709,43.5660,41.0000,37.1080,35.1141,35.3412,33.6155,34.9857,33.8378,35.4683,38.9487,41.0366,41.0122,44.5533,45.2548,45.9674,48.1041,48.1041,50.2494,49.8197,52.0096,54.9181,55.7584,58.1808,57.2713,58.1893,0.0000,0.0000,0.0000,0.0000,0.0000,0.0000,0.0000,0.0000,0.0000,0.0000,0.0000,0.0000
1700000004.950000,-62.9,54.2033,56.3028,57.8014,60.4152,63.0714,64.8845,68.0294,68.0294,71.5891,72.6154,75.5844,77.8203,76.9220,75.5910,74.3034,74.7930,71.5891,69.9714,65.8635,66.3702,62.4340,61.9112,58.8303,56.8243,53.8516,52.8394,49.2443,43.8292,40.7185,39.5601,35.7351,35.6931,35.2278,36.0000,36.0139,36.1248,40.3113,40.4475,41.9762,42.9535,44.9110,45.8912,49.8197,48.6621,51.6236,53.4603,53.2353,56.0357,57.0088,59.1354,57.5587,59.2284,0.0000,0.0000,0.0000,0.0000,0.0000,0.0000,0.0000,0.0000,0.0000,0.0000,0.0000,0.0000
1700000005.000000,-64.6,52.3450,54.5619,56.2228,59.4054,61.2944,62.1289,65.1920,67.7422,71.0211,71.0211,74.6257,75.7166,73.4983,73.2393,73.6003,73.0069,70.2140,67.0075,66.4003,64.0312,62.4820,59.8164,58.2580,55.2178,54.2033,51.4004,45.2217,41.8808,39.4462,37.5766,32.8938,33.5261,34.5254,34.2345,35.0143,37.0540,38.0526,39.2046,42.1900,42.4264,45.3982,46.3897,48.3735,48.2597,50.1597,52.0384,53.0000,55.0364,56.1427,56.5685,56.0892,57.5674,0.0000,0.0000,0.0000,0.0000,0.0000,0.0000,0.0000,0.0000,0.0000,0.0000,0.0000,0.0000
1700000005.050000,-61.3,51.2640,53.2259,55.0727,57.8014,57.9828,61.0328,64.4050,66.0303,68.2422,70.4557,72.6705,73.4983,74.3303,71.8679,72.0694,70.8308,68.9638,66.1891,66.3702,64.4127,62.6099,59.0593,55.4707,54.7083,52.8394,49.3964,45.2769,42.4382,39.4081,36.8782,34.6554,33.3017,34.4093,33.6155,34.0147,36.7696,38.2753,38.8973,42.0595,43.0116,43.6807,44.9222,47.4342,48.7032,47.7598,50.3289,52.0000,54.1295,54.5894,55.2268,56.8595,55.9732,0.0000,0.0000,0.0000,0.0000,0.0000,0.0000,0.0000,0.0000,0.0000,0.0000,0.0000,0.0000
1700000005.100000,-63.0,52.4690,52.2398,56.0089,57.0088,60.0750,61.1310,64.2806,66.2722,68.2642,69.2604,72.1110,73.1095,73.0616,71.0282,71.0070,71.0000,69.0000,65.0308,65.0000,64.0312,60.0333,60.0333,55.0818,54.0093,52.0096,50.0000,44.0114,41.1096,38.3275,36.6742,33.9559,34.1760,34.0000,34.4819,35.2278,37.0135,39.0512,39.6989,40.3609,42.4500,44.5982,43.8634,48.1664,48.1664,49.6790,49.0408,52.0096,52.6973,54.7083,55.9017,55.5428,55.6597,0.0000,0.0000,0.0000,0.0000,0.0000,0.0000,0.0000,0.0000,0.0000,0.0000,0.0000,0.0000
1700000005.150000,-57.1,53.1413,53.8516,58.2495,59.0339,61.8142,63.5059,67.3647,69.2604,71.5681,71.4493,75.4255,75.4255,74.6726,73.8241,73.5459,73.1642,69.4262,68.6586,66.7083,65.0000,63.3246,61.4003,57.7235,56.8858,54.3415,51.1957,44.5533,42.4264,39.2046,37.0000,35.0000,35.1283,32.5576,33.9559,35.1141,35.3412,39.8246,39.8246,41.1825,42.5441,43.9090,44.7772,48.3735,48.7647,50.0899,50.5668,52.5547,54.0833,56.6127,57.9741,58.0517,57.2189,0.0000,0.0000,0.0000,0.0000,0.0000,0.0000,0.0000,0.0000,0.0000,0.0000,0.0000,0.0000
1700000005.200000,-60.4,49.6588,49.2443,52.1536,55.2178,56.4004,58.4123,61.8466,63.4114,65.6049,67.2012,69.2026,71.6101,70.4557,70.7248,68.7968,67.1193,65.5134,61.9112,64.1405,61.0574,58.6686,56.0803,53.3385,52.6973,49.7393,46.8722,41.8808,40.0000,38.4187,33.9706,34.6554,34.2053,33.8378,34.4819,34.0147,35.1141,36.0555,37.6431,40.8044,41.7612,42.7200,44.9222,46.1736,47.4342,47.7598,48.8467,51.4781,54.1202,53.3385,53.5350,54.2033,54.4885,0.0000,0.0000,0.0000,0.0000,0.0000,0.0000,0.0000,0.0000,0.0000,0.0000,0.0000,0.0000
1700000005.250000,-65.5,52.8110,53.4883,57.6975,59.0593,62.2656,63.6318,67.4166,67.9559,70.4911,73.5731,74.3034,75.2928,76.9415,74.7061,73.7902,73.7902,69.3181,68.4471,67.5352,66.2118,63.0714,61.7414,57.7754,57.6975,55.5428,49.6588,45.1774,42.5441,39.6611,38.0132,35.6090,35.3553,34.7131,35.8050,35.3553,36.7151,38.0132,39.3954,42.5441,43.4626,44.9444,48.4665,49.6588,50.1597,50.0899,51.4296,53.7122,54.2033,57.4282,57.6281,56.6392,57.3847,0.0000,0.0000,0.0000,0.0000,0.0000,0.0000,0.0000,0.0000,0.0000,0.0000,0.0000,0.0000
1700000005.300000,-63.2,54.6717,54.4059,60.2080,60.2080,63.1348,63.9531,68.0000,69.3542,72.0069,76.0592,76.5376,77.4145,78.0320,76.3217,74.3303,76.3217,68.7968,72.1110,67.9559,68.0074,63.4114,63.0079,59.4054,57.4282,55.2178,50.4777,47.7074,43.5660,40.3113,39.0000,35.4683,34.7851,34.9285,36.3456,36.0000,40.0500,40.1995,40.1995,42.2966,43.2897,47.3814,46.5296,51.3517,48.2597,50.0899,52.0384,53.0094,55.0818,59.3043,58.6941,58.4637,57.8705,0.0000,0.0000,0.0000,0.0000,0.0000,0.0000,0.0000,0.0000,0.0000,0.0000,0.0000,0.0000
1700000005.350000,-62.2,52.7731,54.3323,56.0803,59.0339,60.0083,62.0000,64.0312,66.0303,68.0074,69.0290,73.0069,73.0069,74.0000,73.0274,73.1095,71.0634,67.1863,65.2763,65.1230,63.2851,60.4070,57.7062,55.4437,54.1479,52.0865,51.2445,45.0999,42.0119,40.0125,36.1248,34.2345,33.5410,33.5261,32.3110,33.6155,34.4819,36.8917,37.4433,39.6611,40.2244,41.6173,45.2217,46.8722,46.8722,48.8774,48.3735,51.4296,52.3927,53.8516,56.3028,54.4059,56.8858,0.0000,0.0000,0.0000,0.0000,0.0000,0.0000,0.0000,0.0000,0.0000,0.0000,0.0000,0.0000
1700000005.400000,-64.1,55.5788,55.0364,58.0000,61.0328,61.1310,64.1950,67.1863,69.1809,72.1734,72.1110,76.1643,76.1643,77.0260,75.0267,74.0270,75.0267,72.0069,67.0671,68.1836,65.1920,64.3817,61.4003,59.3043,58.0345,54.1479,52.0865,47.0425,44.0114,40.0500,38.3275,36.4966,35.6931,35.4401,34.5398,36.6742,38.5876,40.2244,40.8044,42.2019,44.4072,45.8039,48.0104,49.4065,49.6488,49.9300,52.3546,53.2353,55.9464,56.0803,58.5235,58.5235,57.2713,0.0000,0.0000,0.0000,0.0000,0.0000,0.0000,0.0000,0.0000,0.0000,0.0000,0.0000,0.0000
1700000005.450000,-59.8,53.8238,55.4437,56.6392,60.1082,60.8276,65.0692,66.6033,69.4262,70.7672,70.9366,74.4110,75.1665,75.0733,74.9667,74.3303,72.1249,73.5527,67.2681,67.2681,63.7809,63.1269,59.5483,57.3847,55.8659,53.0377,53.0377,46.6690,41.7732,40.6079,36.6197,35.5106,34.4384,34.9285,32.2800,35.9026,36.4966,38.0526,39.2046,42.0476,44.0114,43.1045,47.0425,47.0956,49.1630,50.3587,51.4781,52.7731,54.3415,54.8179,55.3624,57.9396,56.7979,0.0000,0.0000,0.0000,0.0000,0.0000,0.0000,0.0000,0.0000,0.0000,0.0000,0.0000,0.0000
1700000005.500000,-61.6,53.2353,54.7449,57.4891,60.1664,62.6418,63.8905,66.1287,67.4166,71.7844,71.7844,75.0000,75.5844,76.6551,74.4648,74.7329,72.0347,73.0069,67.4685,66.2873,64.3273,61.9839,61.0000,57.2713,56.0892,53.7587,50.9902,46.5725,41.4849,39.8497,38.0789,34.9285,34.4819,33.0151,34.0588,35.3553,36.2353,38.4187,38.4187,41.4005,44.2041,43.4166,47.2017,47.8017,49.2037,49.8197,52.4976,53.8145,55.1725,55.2268,56.4004,57.6888,56.3560,0.0000,0.0000,0.0000,0.0000,0.0000,0.0000,0.0000,0.0000,0.0000,0.0000,0.0000,0.0000
1700000005.550000,-62.8,54.4518,55.2268,57.2014,60.8030,61.8547,64.8999,66.5733,70.1783,71.5612,71.8679,76.5506,75.4718,75.4520,76.0263,74.2024,72.8011,71.4003,67.4759,67.8012,66.8431,63.1269,63.2535,56.8507,58.0086,54.8179,51.4004,46.8722,43.5660,41.6773,37.1214,37.1618,36.0555,34.9285,33.3766,35.0571,36.0000,37.1214,39.2046,41.3038,44.2832,43.2897,47.2652,46.2709,50.2494,51.0392,52.0384,54.0093,55.0818,55.1453,56.5685,57.2713,56.6127,0.0000,0.0000,0.0000,0.0000,0.0000,0.0000,0.0000,0.0000,0.0000,0.0000,0.0000,0.0000
1700000005.600000,-57.8,54.1202,52.0000,57.8705,57.8705,62.0967,62.3618,66.2193,68.4105,70.3420,71.5681,74.4648,73.0821,74.3303,72.7324,70.5762,73.3894,68.3520,69.0797,65.5515,64.4748,60.8358,60.4152,56.3649,57.0088,53.3104,50.5668,44.7772,43.6578,40.5216,38.0789,34.7131,36.2215,34.0147,34.0588,34.2345,36.4966,39.5601,38.3275,40.8044,40.5216,45.2217,45.8803,47.8017,48.5077,49.4773,48.8365,51.6236,55.2268,56.0357,56.0000,55.0818,55.5788,0.0000,0.0000,0.0000,0.0000,0.0000,0.0000,0.0000,0.0000,0.0000,0.0000,0.0000,0.0000
1700000005.650000,-61.3,50.1199,53.7122,54.4243,57.2451,57.8705,61.4003,63.0635,65.9697,67.4463,68.6804,70.6045,71.8401,71.4703,70.2282,70.2282,69.6419,68.3520,63.6946,65.5515,61.4654,60.0083,58.3095,54.2310,53.8516,51.0784,49.3964,44.5982,40.1622,40.2616,35.5106,33.2415,34.0588,33.0606,32.2490,34.7131,35.1710,36.6879,38.8973,40.4969,41.7852,42.7200,44.9444,45.5412,47.1275,49.3356,48.5077,51.4198,51.9711,52.4690,54.2310,54.0093,54.2310,0.0000,0.0000,0.0000,0.0000,0.0000,0.0000,0.0000,0.0000,0.0000,0.0000,0.0000,0.0000
1700000005.700000,-59.2,54.0833,54.7083,57.6975,60.8358,60.5392,62.9682,66.4831,68.9493,69.6419,72.4500,75.0267,75.0267,75.3923,74.3236,72.9178,73.4098,70.2140,68.4251,66.6408,64.8460,62.6498,60.3738,57.7062,57.2713,54.1295,51.8941,45.3100,42.3792,39.2173,37.3631,35.6931,33.1361,34.0000,34.0588,35.3553,36.8782,38.6005,39.8497,42.3792,42.3792,45.2217,46.4866,48.3839,47.4342,49.7293,50.4480,53.1507,54.9181,56.3205,56.1427,57.0000,58.3095,0.0000,0.0000,0.0000,0.0000,0.0000,0.0000,0.0000,0.0000,0.0000,0.0000,0.0000,0.0000
1700000005.750000,-57.5,54.0370,55.1725,58.1378,61.6198,61.8466,64.8151,68.0074,70.4557,71.8471,73.0069,75.6042,77.0065,78.1025,76.5768,75.0733,74.5185,73.0000,70.7672,70.0928,66.6033,63.7024,62.9682,58.7282,58.0517,55.2268,51.7397,47.8017,44.8219,41.0488,38.0789,37.1214,36.4006,35.7351,35.9026,35.2278,37.1214,40.0000,41.0122,44.0000,46.0000,46.0109,49.0408,50.0000,52.0000,51.0098,53.0377,56.2228,56.5685,57.0701,58.6941,58.5235,59.6154,0.0000,0.0000,0.0000,0.0000,0.0000,0.0000,0.0000,0.0000,0.0000,0.0000,0.0000,0.0000
1700000005.800000,-62.5,55.6058,56.3028,58.6686,60.8276,63.0714,65.7951,68.9420,71.1758,72.4983,74.7329,77.8781,77.8781,76.4853,76.0263,76.1577,76.5376,72.4707,69.9714,67.6018,66.3702,64.8999,63.2851,61.0574,58.1808,55.5698,54.2033,47.4131,46.5188,43.4626,41.1096,37.3631,36.8782,37.1214,36.0139,37.0540,39.2046,40.6079,41.5933,44.7214,46.0977,47.0744,50.0100,50.9902,51.7880,53.6004,54.2310,55.1453,58.0086,59.0000,58.0345,59.4138,60.4152,0.0000,0.0000,0.0000,0.0000,0.0000,0.0000,0.0000,0.0000,0.0000,0.0000,0.0000,0.0000
1700000005.850000,-63.4,53.0094,53.1507,58.4209,59.6825,61.0000,63.1506,65.5134,68.6586,71.5891,71.8053,74.5252,73.7564,75.1332,73.9797,72.3395,72.5603,70.4557,67.2681,66.2722,64.0703,63.0714,60.0333,58.1378,57.2189,53.2353,50.3587,45.3982,42.4264,39.6232,39.0512,35.4401,35.4683,34.0147,34.1321,36.4006,36.8782,38.2099,38.2099,41.7253,42.4500,44.5533,46.6690,48.7955,48.1041,50.3289,51.2250,52.2015,54.6443,55.2268,57.3062,56.3649,56.6480,0.0000,0.0000,0.0000,0.0000,0.0000,0.0000,0.0000,0.0000,0.0000,0.0000,0.0000,0.0000
1700000005.900000,-64.1,53.7587,55.5428,59.2030,61.0328,61.6847,64.2573,68.3520,68.3520,71.5122,73.3894,76.3217,75.9605,75.8947,73.6817,73.4983,72.8011,71.3092,68.8840,68.8840,66.7083,64.1327,62.3699,57.0701,57.9741,53.8516,51.4198,45.6070,44.2719,40.8534,38.4838,35.7771,35.5106,35.6090,35.4683,33.9706,37.6431,39.4081,40.0000,41.6173,43.2666,45.4863,45.4863,48.6004,50.8035,52.0096,51.7397,53.7587,55.1543,55.9732,56.8507,57.4282,56.9386,0.0000,0.0000,0.0000,0.0000,0.0000,0.0000,0.0000,0.0000,0.0000,0.0000,0.0000,0.0000
1700000005.950000,-61.1,48.2597,49.6488,52.1728,53.6004,57.2800,57.5674,61.9839,63.2456,64.1950,68.3081,68.6222,69.2604,69.5701,68.4105,67.9117,68.1542,65.0000,63.5610,60.6383,60.4152,57.8705,56.2939,52.9528,51.9230,49.2443,45.6070,41.4849,37.9473,36.7696,34.9285,32.6497,32.4500,31.4006,31.8277,32.5576,33.6006,33.8378,36.8917,38.0789,37.7359,40.4969,41.6773,44.1022,44.1022,45.8039,46.2277,47.5079,49.5177,50.2096,50.9313,51.7397,53.2541,0.0000,0.0000,0.0000,0.0000,0.0000,0.0000,0.0000,0.0000,0.0000,0.0000,0.0000,0.0000
1700000006.000000,-65.1,53.4603,56.0803,56.0000,61.0328,62.1289,65.4905,67.3647,68.4690,71.3442,71.4493,74.5453,75.5381,76.3217,74.2428,75.0267,73.0274,73.0616,67.0075,68.0074,65.0000,63.0079,61.0000,57.0000,57.0351,54.0093,52.0865,47.0956,42.1900,39.4588,36.1386,35.1710,33.8378,33.5410,34.1321,35.2278,36.1248,36.7696,40.3113,40.3113,43.8634,44.5533,46.0109,47.3814,49.5177,50.9117,50.3289,52.6308,54.2033,54.4059,55.7584,57.7062,57.3847,0.0000,0.0000,0.0000,0.0000,0.0000,0.0000,0.0000,0.0000,0.0000,0.0000,0.0000,0.0000
1700000006.050000,-60.8,57.2451,56.9386,58.2495,60.4649,63.4114,64.8151,67.6240,69.5270,74.0270,74.0270,77.4661,78.2432,77.8010,75.8024,74.0608,76.0263,72.6705,70.1783,69.3397,67.2309,63.1348,61.4003,59.6825,57.6888,55.7584,52.6973,48.2597,43.2666,39.8246,38.9487,36.7967,35.3836,35.8050,34.4819,36.6742,37.1618,38.8973,38.8973,41.7612,42.7200,44.9222,46.8402,48.0833,49.6488,51.8652,52.0000,54.2310,55.9017,57.7062,57.8014,57.4282,58.2580,0.0000,0.0000,0.0000,0.0000,0.0000,0.0000,0.0000,0.0000,0.0000,0.0000,0.0000,0.0000
1700000006.100000,-62.6,53.0377,56.0357,57.3149,59.3043,60.6712,63.7887,64.9384,68.2495,70.8590,70.4060,73.3485,74.3303,74.3303,73.9797,73.4370,72.2496,70.2567,67.0671,67.1193,65.0692,62.0322,62.0322,57.0789,55.3263,55.1453,51.1566,45.2769,43.5660,39.4588,35.9026,35.4401,34.5398,34.0000,32.7567,35.0000,34.0588,36.0694,38.1838,41.0122,45.2769,42.4500,44.5533,47.3814,46.6690,48.1041,49.6790,52.6308,53.8238,53.2541,55.7584,54.5894,56.4624,0.0000,0.0000,0.0000,0.0000,0.0000,0.0000,0.0000,0.0000,0.0000,0.0000,0.0000,0.0000
1700000006.150000,-63.3,51.0784,51.5461,53.8516,55.5428,59.2284,59.4390,61.9839,64.1327,67.2681,69.0507,72.3671,71.3863,70.8308,70.6116,68.4105,70.3420,65.2533,65.5210,63.3246,61.9839,59.1354,56.9210,54.7083,53.3667,50.0000,48.7647,43.4166,41.5933,36.4966,36.2215,34.0000,32.0624,32.2490,31.7805,31.6228,35.4683,35.3412,36.6742,38.9487,40.3113,42.0595,42.0595,45.6180,45.6180,46.5188,47.5395,49.7695,51.2445,51.9230,52.3927,53.4603,53.1507,0.0000,0.0000,0.0000,0.0000,0.0000,0.0000,0.0000,0.0000,0.0000,0.0000,0.0000,0.0000
1700000006.200000,-61.8,55.0000,55.2268,56.8243,59.9416,61.7414,65.3911,66.8506,68.1542,72.6154,70.3847,75.2396,75.6439,76.4853,74.2496,74.7061,73.7902,72.0069,68.0955,68.0000,65.7647,62.7694,60.4152,57.3062,56.8243,54.2033,52.3546,46.0652,41.6293,39.2173,37.6431,33.9559,35.3553,34.0588,32.0624,34.2345,35.5106,37.8550,39.2938,41.4849,42.7200,43.6807,45.8803,47.8017,48.7647,49.4773,51.1957,53.9351,55.4437,55.1453,56.0357,57.0789,57.5587,0.0000,0.0000,0.0000,0.0000,0.0000,0.0000,0.0000,0.0000,0.0000,0.0000,0.0000,0.0000
1700000006.250000,-57.0,55.1725,54.5619,59.0339,62.0081,63.0079,64.8999,66.5733,70.1783,72.6705,74.3303,75.1665,74.8866,76.8440,76.6094,76.0592,74.8131,71.8401,68.1175,68.1175,66.6033,65.0692,62.2896,56.7274,56.8507,53.9073,51.2250,46.4004,44.2041,40.8044,38.0789,35.3553,34.5398,35.7351,33.9559,35.3553,36.0555,39.0000,40.0125,42.0119,44.0114,45.0000,47.0106,49.0000,50.0000,51.0098,51.1566,53.3385,55.7315,57.8705,56.7539,57.8705,58.6941,0.0000,0.0000,0.0000,0.0000,0.0000,0.0000,0.0000,0.0000,0.0000,0.0000,0.0000,0.0000
1700000006.300000,-63.3,53.0000,53.2353,56.7979,58.1808,60.5392,61.4654,63.9062,67.0671,68.9493,71.8679,73.7360,74.4648,74.8465,73.3485,71.5542,72.9178,68.4471,66.1891,65.2993,64.4127,61.4003,60.9016,56.4358,56.3560,53.7122,51.0000,45.1885,42.9535,38.6264,37.3631,35.4401,34.5254,34.0588,34.0588,34.1321,37.4833,38.8330,38.6394,40.7922,42.2019,43.4166,44.6430,47.2969,46.8722,48.8365,49.4975,51.2445,53.0848,53.0000,55.0091,55.4437,55.9017,0.0000,0.0000,0.0000,0.0000,0.0000,0.0000,0.0000,0.0000,0.0000,0.0000,0.0000,0.0000
1700000006.350000,-60.9,55.0000,57.4543,58.1378,61.7414,64.0781,65.0000,67.6757,69.6419,73.0548,75.6108,77.6209,77.6209,78.3901,75.6439,76.4853,74.3236,73.3485,70.6612,68.4251,68.4251,64.8845,63.5059,59.9416,57.6975,56.3560,53.2259,48.3322,45.3100,42.3792,39.5601,39.8121,36.3456,34.0000,36.0555,37.4833,38.6394,40.0250,41.4849,42.4500,45.6070,46.1736,48.0833,49.7293,50.6952,51.6624,53.3667,56.0892,57.4282,57.2189,60.0083,59.0762,60.5310,0.0000,0.0000,0.0000,0.0000,0.0000,0.0000,0.0000,0.0000,0.0000,0.0000,0.0000,0.0000
1700000006.400000,-65.3,53.5350,53.6004,58.2580,58.7963,62.2415,62.9365,65.7647,67.8822,70.7107,72.1249,74.2496,75.6637,74.2496,74.3303,72.3464,74.4110,68.7677,69.0290,66.0681,65.6049,62.8013,60.2163,59.2030,56.0803,53.9073,51.2250,45.4533,42.4500,38.8973,38.2884,33.4216,34.6699,34.4384,33.6155,35.1141,37.3631,37.6563,39.6232,40.6079,42.5793,45.7056,45.5412,48.6621,47.8539,52.1728,51.6624,51.9230,55.0273,55.7136,55.9464,57.7062,58.5235,0.0000,0.0000,0.0000,0.0000,0.0000,0.0000,0.0000,0.0000,0.0000,0.0000,0.0000,0.0000
1700000006.450000,-62.3,52.9528,53.8516,57.8705,58.5235,62.3939,61.3270,65.9242,66.7083,69.8570,71.5891,73.4098,75.1532,73.0069,73.1642,72.1110,71.5122,69.5701,67.3573,66.7308,63.8905,61.1310,59.7746,57.0088,55.9732,52.5547,49.0408,44.0114,43.4626,38.4838,36.2353,34.1321,33.6006,31.1127,33.9706,33.6006,35.8469,37.2156,38.9487,41.1825,41.5933,43.8292,45.1774,47.8853,45.6508,48.0208,50.2494,52.4309,52.2015,55.3173,55.2268,55.8659,55.4437,0.0000,0.0000,0.0000,0.0000,0.0000,0.0000,0.0000,0.0000,0.0000,0.0000,0.0000,0.0000
1700000006.500000,-63.3,55.8659,57.3149,57.8014,60.8030,62.6817,65.7343,69.8928,70.1783,72.9452,73.2462,76.8505,78.2304,77.6660,75.7166,75.2130,75.8024,73.0069,70.0000,68.4105,66.8431,63.2535,62.4820,60.3075,58.0086,55.4437,52.8015,48.0104,44.6542,41.6773,37.5899,36.6742,35.1141,34.2053,34.5254,36.1248,36.0139,40.0500,38.1182,42.2966,44.1814,44.2832,47.2652,48.1664,49.0918,50.0400,51.0000,54.0093,55.1453,57.3149,57.5587,57.4891,59.4811,0.0000,0.0000,0.0000,0.0000,0.0000,0.0000,0.0000,0.0000,0.0000,0.0000,0.0000,0.0000
1700000006.550000,-62.3,53.3385,54.5894,57.2713,57.4891,60.4401,61.9839,66.0984,67.0522,71.4703,72.1249,73.6817,74.3303,74.0405,73.7631,70.8308,73.4983,69.1231,68.6586,66.4906,63.9531,60.8276,59.6825,57.0701,56.2939,52.1728,50.4480,44.1475,43.4166,40.1622,37.1618,34.0147,33.1210,32.4500,32.6497,34.6554,36.7967,37.8021,38.6005,40.2244,41.6173,44.4072,45.4863,48.0104,47.8017,50.4480,49.5782,51.6236,53.0377,55.9017,56.8507,55.4437,57.4543,0.0000,0.0000,0.0000,0.0000,0.0000,0.0000,0.0000,0.0000,0.0000,0.0000,0.0000,0.0000
1700000006.600000,-66.5,55.0727,55.0091,58.3095,59.6154,62.6259,65.1460,67.3573,69.5701,73.0548,72.1249,75.5844,75.5844,75.2728,75.2728,74.4648,73.5391,71.3092,67.1193,67.1193,64.4050,62.1772,60.8276,57.2451,55.5428,54.1295,52.0000,46.0977,42.7200,39.8497,37.1080,35.6931,34.1321,34.0147,33.0606,33.3766,35.9026,38.3275,38.8973,42.0595,44.2719,43.9659,46.4866,47.4342,47.8017,49.7293,50.2195,52.1728,54.4518,54.2310,57.1402,57.0000,57.3149,0.0000,0.0000,0.0000,0.0000,0.0000,0.0000,0.0000,0.0000,0.0000,0.0000,0.0000,0.0000
1700000006.650000,-60.8,52.4690,53.1507,56.3205,58.8218,59.1354,62.0322,63.3246,65.5515,68.3520,68.7095,70.2282,71.5122,72.7324,72.7324,70.6045,68.9638,68.6804,64.5368,65.2533,62.8172,61.1882,59.4390,55.3173,55.5428,52.3927,48.2701,43.4166,41.1096,39.2173,34.5398,33.5410,32.7567,32.2025,31.8904,31.8277,33.3017,36.4006,36.6197,38.8330,41.0488,41.0488,44.1022,45.2217,46.6154,47.0106,47.6340,48.9183,50.9117,51.6624,53.9073,54.4059,53.5350,0.0000,0.0000,0.0000,0.0000,0.0000,0.0000,0.0000,0.0000,0.0000,0.0000,0.0000,0.0000
1700000006.700000,-61.3,54.3323,57.1402,57.0351,60.0750,61.2046,64.3817,66.3702,67.4759,70.3491,70.5762,74.5453,74.5453,74.4312,74.3303,75.0600,72.1110,70.0286,67.0000,67.0298,65.0077,61.0082,60.0333,58.0345,56.0357,53.0094,51.0098,46.0109,42.1070,40.3113,35.6931,34.9285,33.5261,32.3110,34.0000,34.9857,35.6090,36.7967,38.9487,39.5980,43.1393,41.7253,45.2548,46.6905,46.6905,47.5079,49.0408,52.0096,53.2541,53.5350,54.7083,57.2451,57.0088,0.0000,0.0000,0.0000,0.0000,0.0000,0.0000,0.0000,0.0000,0.0000,0.0000,0.0000,0.0000
1700000006.750000,-63.6,53.9351,55.4437,58.1378,60.0750,63.0079,63.0317,66.0681,69.1158,74.1080,75.0267,75.0267,78.0256,76.0066,77.0260,74.1080,75.0600,71.0634,70.1783,66.1891,66.2722,65.4905,63.3877,61.2944,57.2189,55.2268,51.1566,48.0104,45.0111,41.0488,38.3275,35.3553,35.9026,36.0555,35.3412,36.3593,38.2753,39.4081,40.8044,43.0116,43.6005,45.6070,48.4149,50.0000,49.2037,51.6140,53.5350,54.7083,57.2451,58.6003,58.3095,57.8705,57.7235,0.0000,0.0000,0.0000,0.0000,0.0000,0.0000,0.0000,0.0000,0.0000,0.0000,0.0000,0.0000
1700000006.800000,-64.5,55.0273,55.9464,59.9416,60.9016,64.6607,62.4340,67.9559,69.8928,73.7835,74.8866,75.4718,76.8505,78.0320,76.6616,74.7061,74.7061,70.6612,71.5891,67.9779,67.1193,65.3911,63.9766,60.0083,57.7062,55.9017,52.3259,45.6180,44.2945,40.4969,39.2046,34.8281,34.6554,34.8281,34.4093,35.8469,37.5766,38.6264,40.3113,41.7852,44.0114,45.8803,46.6154,50.1597,49.2443,51.8941,52.7731,54.2033,57.4543,58.8218,57.8014,58.1378,58.7282,0.0000,0.0000,0.0000,0.0000,0.0000,0.0000,0.0000,0.0000,0.0000,0.0000,0.0000,0.0000
1700000006.850000,-60.8,55.0727,54.3783,56.4004,59.8164,61.7171,62.3699,67.3573,68.0147,71.5891,73.1095,75.1665,75.2861,75.4321,73.4098,72.4224,75.0000,69.4046,69.3397,67.1193,65.1920,61.4003,61.0574,58.3095,56.3028,53.5350,52.6973,46.0435,43.4166,38.2884,38.8973,33.2415,34.8281,34.6699,33.6155,34.9285,37.3363,38.6005,40.5216,42.2019,43.6807,46.5725,45.6070,49.0408,50.2892,52.2015,51.6236,53.3104,54.1295,55.9464,57.1402,57.2014,55.9732,0.0000,0.0000,0.0000,0.0000,0.0000,0.0000,0.0000,0.0000,0.0000,0.0000,0.0000,0.0000
1700000006.900000,-61.2,56.3028,57.5674,59.4390,61.9839,63.6396,65.4905,69.3542,69.3542,73.3348,73.5527,76.6551,76.6551,76.9415,76.4853,74.5252,74.5252,72.5672,70.0928,68.8840,66.9403,64.5601,63.3246,58.9406,58.6941,57.0088,52.1728,47.6760,43.9318,41.4367,39.1152,36.0000,33.2415,34.3657,33.2415,35.4683,35.8469,39.3573,38.0132,42.9418,44.7772,44.7772,47.0106,47.8853,48.7647,51.0000,51.0784,53.3104,55.9732,55.3624,57.7235,56.8858,57.2189,0.0000,0.0000,0.0000,0.0000,0.0000,0.0000,0.0000,0.0000,0.0000,0.0000,0.0000,0.0000
1700000006.950000,-60.8,54.9181,57.2189,58.0345,61.0328,64.0312,66.1211,68.1836,69.2604,73.2462,72.1734,76.1643,76.1052,77.0584,75.0067,74.0608,74.0068,72.0000,69.0652,69.0290,66.1891,64.1950,63.1981,58.1378,56.0357,54.1479,52.0096,47.0106,42.0119,41.0488,37.3363,34.7131,33.9559,33.2415,32.6497,34.9857,35.8050,37.6431,37.6431,39.6989,41.7732,42.5206,44.6878,47.5079,47.5079,49.0408,50.0000,52.4309,53.8516,53.3385,55.9017,56.0803,56.9210,0.0000,0.0000,0.0000,0.0000,0.0000,0.0000,0.0000,0.0000,0.0000,0.0000,0.0000,0.0000
1700000007.000000,-60.9,53.9351,55.2268,58.0345,59.0085,61.0082,62.0725,66.1211,68.2642,70.1783,71.2531,73.1095,73.1095,74.1080,73.0616,71.0000,73.0069,68.0074,68.0661,65.0308,65.0308,60.1332,61.0737,57.2189,57.0000,52.0865,50.0400,45.0000,42.0119,38.2099,35.3553,32.7567,33.5261,32.3110,32.2490,34.1321,35.0000,35.4683,37.5366,40.3609,42.4500,43.8634,44.5533,47.4236,46.6905,48.2701,49.2037,51.4004,51.8652,53.3385,54.5894,55.0364,55.9732,0.0000,0.0000,0.0000,0.0000,0.0000,0.0000,0.0000,0.0000,0.0000,0.0000,0.0000,0.0000
1700000007.050000,-59.9,53.3667,58.6941,58.5491,60.2993,63.0714,63.0079,67.0298,69.0290,70.0071,72.0000,75.0000,75.0067,77.0000,75.1066,76.2365,71.1758,71.2531,66.3702,68.3593,65.4905,63.6396,61.5224,58.4209,57.3149,56.3205,51.2445,46.2709,42.1070,41.0122,36.1248,36.2215,33.9559,34.4819,31.9531,34.8855,36.0555,36.0555,39.4081,40.6079,43.6005,43.0116,47.0106,48.8262,48.8262,49.9300,52.4786,53.8516,55.4617,55.9464,57.0088,56.3205,57.2713,0.0000,0.0000,0.0000,0.0000,0.0000,0.0000,0.0000,0.0000,0.0000,0.0000,0.0000,0.0000
1700000007.100000,-59.8,55.2268,56.0089,59.0762,60.0750,61.4003,63.6396,66.4831,67.4759,71.3442,71.7008,74.8131,73.6817,75.4255,73.5527,74.1687,72.1110,70.0286,67.0000,68.0661,65.0077,64.0312,62.0081,57.0088,56.0357,55.0091,52.0000,46.0435,42.1900,40.1995,36.3456,34.9285,33.5261,32.3110,32.6497,34.1321,35.0000,36.8782,38.2884,40.3609,41.7732,42.4500,44.5982,46.7547,46.6905,47.6340,48.4149,51.6140,53.0000,53.8516,55.0727,56.3649,57.2451,0.0000,0.0000,0.0000,0.0000,0.0000,0.0000,0.0000,0.0000,0.0000,0.0000,0.0000,0.0000
1700000007.150000,-60.0,57.3149,58.0000,59.0762,63.1269,64.1249,65.4905,67.7422,70.7107,74.8131,74.6726,76.5310,78.4092,77.3175,79.2275,77.0260,75.1066,73.0274,71.0000,68.0074,67.0075,64.0703,65.0077,59.0339,57.0088,57.0000,53.0094,47.0106,44.1022,42.1900,38.6394,34.7131,34.4819,34.5398,34.0000,36.3593,36.6197,37.6431,39.0512,41.1096,42.5206,44.5982,48.1664,48.2701,49.6790,50.6063,52.2015,54.0833,56.0803,55.9464,56.7979,57.9396,58.2409,0.0000,0.0000,0.0000,0.0000,0.0000,0.0000,0.0000,0.0000,0.0000,0.0000,0.0000,0.0000
1700000007.200000,-63.0,52.3927,53.1601,55.7136,58.3095,59.9333,59.5063,63.9531,66.1891,67.5352,69.3181,71.5542,69.3542,70.6824,71.1758,71.3092,71.1758,67.2309,64.6220,63.6946,62.9682,60.4070,58.8727,55.0273,54.4243,50.3289,49.0408,42.5441,41.6293,37.2156,34.6699,32.4500,32.5269,32.5576,30.4795,32.7567,33.6155,35.7771,38.0132,39.8121,40.7185,40.7185,42.9535,46.5188,45.6946,46.9574,46.5296,49.7393,50.7740,51.6140,52.4976,53.7587,53.2635,0.0000,0.0000,0.0000,0.0000,0.0000,0.0000,0.0000,0.0000,0.0000,0.0000,0.0000,0.0000
1700000007.250000,-64.1,54.1295,54.7814,58.1893,60.7289,62.0967,62.5859,66.9403,67.6831,69.6348,71.0634,73.2462,74.2159,75.0000,73.3757,73.0548,71.7844,69.5701,67.6757,68.0074,66.4831,63.1585,61.0983,57.7754,56.9210,53.8516,49.9800,45.2217,42.0595,39.5601,36.4966,33.5410,33.0151,34.0147,33.0606,33.5410,35.1710,35.7351,37.0000,39.2173,40.1622,43.0813,44.3847,46.4866,48.1041,47.4342,48.7647,52.3927,52.7731,55.4437,56.2228,55.0091,55.0818,0.0000,0.0000,0.0000,0.0000,0.0000,0.0000,0.0000,0.0000,0.0000,0.0000,0.0000,0.0000
1700000007.300000,-62.6,53.7401,53.1507,57.8014,57.8014,60.4649,59.9083,64.3506,65.1920,67.9559,69.8928,71.5612,73.4983,72.4224,72.2011,69.8140,70.6045,66.2193,65.2993,63.4114,63.8905,60.8769,60.2080,55.3173,54.6717,53.1507,49.0408,42.6380,41.4005,38.8330,35.3553,32.6497,32.3110,32.5730,31.0483,32.2490,34.0147,35.0000,36.0000,38.0132,39.0128,41.0488,42.1070,45.0444,45.0444,47.0000,48.0937,49.2544,51.4781,52.9528,53.3667,53.1601,53.3104,0.0000,0.0000,0.0000,0.0000,0.0000,0.0000,0.0000,0.0000,0.0000,0.0000,0.0000,0.0000
1700000007.350000,-62.2,57.2800,58.0517,59.8164,62.0081,64.0703,65.7343,69.8928,69.6419,74.0945,75.7166,77.1038,78.4920,77.4209,76.6094,74.0270,77.0065,71.8401,72.3464,68.1175,66.6033,65.1153,63.0317,61.5549,58.7963,55.9017,52.4023,47.5079,45.4533,40.2244,40.4969,36.7151,35.7771,34.7851,34.2053,35.6931,37.2156,39.0512,40.0125,42.0000,42.0119,46.0109,45.0000,50.0000,49.0408,50.1597,51.2445,53.4603,55.1090,56.5155,57.2800,58.5235,58.1808,0.0000,0.0000,0.0000,0.0000,0.0000,0.0000,0.0000,0.0000,0.0000,0.0000,0.0000,0.0000
1700000007.400000,-62.0,56.1427,58.0000,58.1378,60.2080,61.4003,63.7887,66.0984,67.8970,72.1803,71.8471,74.9667,74.9667,74.8131,74.4312,74.1687,73.3348,70.2567,68.1836,66.1211,64.0703,62.0081,62.0322,58.0086,57.0789,55.0364,51.1566,47.2652,42.2966,40.6079,37.1080,34.4819,34.5398,33.5410,33.6155,35.0000,36.1248,36.7967,38.8973,41.0366,41.7732,44.5982,46.0109,48.1041,47.3814,48.1041,50.2494,50.3289,53.4135,55.2178,55.7584,56.8243,55.9464,0.0000,0.0000,0.0000,0.0000,0.0000,0.0000,0.0000,0.0000,0.0000,0.0000,0.0000,0.0000
1700000007.450000,-60.7,53.0848,54.4518,55.5428,59.4390,60.1664,64.2884,66.0984,66.0984,69.9214,70.8802,74.0405,75.0000,74.2159,73.4983,72.5672,71.5891,70.2140,67.0820,67.2681,63.9531,61.8142,60.8276,54.4518,55.1090,52.7731,49.6488,43.7379,41.2311,40.1622,36.4006,35.3412,32.7567,33.8378,32.6497,32.5269,35.3836,38.4187,39.8246,40.8044,42.2019,43.0116,47.2017,47.6340,47.6340,48.2701,50.2494,52.3450,53.7587,53.9073,55.0000,55.7584,55.4707,0.0000,0.0000,0.0000,0.0000,0.0000,0.0000,0.0000,0.0000,0.0000,0.0000,0.0000,0.0000
1700000007.500000,-61.6,54.1202,52.1536,56.4004,58.4123,61.8466,59.6657,65.1153,65.1920,68.7677,70.1783,70.9366,72.3464,74.0270,73.2462,71.0282,71.4003,67.4240,67.6757,64.0703,63.5138,60.5392,59.6825,56.0803,55.4707,52.4786,48.5489,43.2666,41.6173,39.2046,35.3836,33.2415,32.5576,32.0156,31.9061,32.2025,33.6155,35.4401,35.7351,38.6005,39.5601,41.4849,42.4500,45.8803,43.9659,47.4342,47.5395,49.2443,51.8845,52.3546,52.4786,54.6443,53.1507,0.0000,0.0000,0.0000,0.0000,0.0000,0.0000,0.0000,0.0000,0.0000,0.0000,0.0000,0.0000
1700000007.550000,-62.6,52.3927,53.7122,56.9386,57.9828,60.2163,61.6117,65.0000,65.0000,67.8012,69.6348,71.6101,73.2393,72.6705,71.5612,71.3442,69.9714,67.2309,65.3682,65.3682,63.5295,60.3738,59.0593,54.5619,55.4707,52.7731,48.7647,42.5441,41.3401,38.2753,34.2053,32.6497,31.8277,32.2025,31.6228,32.6497,34.4384,36.4006,36.4006,38.6264,41.1096,42.0595,43.3244,44.9444,46.2385,47.5395,48.3322,50.5371,50.6063,52.6973,53.6004,53.1507,53.0377,0.0000,0.0000,0.0000,0.0000,0.0000,0.0000,0.0000,0.0000,0.0000,0.0000,0.0000,0.0000
1700000007.600000,-62.8,55.3263,56.1427,57.0000,62.0322,61.1310,64.2806,65.2763,68.2642,70.3491,70.3491,74.4312,73.4370,74.3303,74.1687,75.0267,71.0634,70.0286,66.0000,68.0000,65.0308,62.0725,61.0328,56.0803,57.0088,54.0093,51.0000,45.0444,42.1070,40.1995,36.4966,33.9559,33.8378,34.0147,32.2490,32.4500,33.6006,35.4683,37.4833,39.6232,41.7253,41.7253,43.8406,45.9674,48.1041,48.2701,49.8197,50.8035,52.6973,52.4786,53.8516,53.2259,56.3028,0.0000,0.0000,0.0000,0.0000,0.0000,0.0000,0.0000,0.0000,0.0000,0.0000,0.0000,0.0000
1700000007.650000,-62.1,53.7587,54.1295,56.3205,59.2030,60.4070,62.3939,64.0781,65.0000,68.1542,69.0797,72.4500,73.1642,72.1110,72.1110,71.8401,71.1688,67.7200,65.2533,65.5210,62.6418,60.8769,58.9406,55.3173,55.0818,51.6624,49.7293,43.9659,39.8497,37.6962,34.9285,33.5410,32.4500,32.6497,31.1448,33.2415,32.8024,34.4093,35.5106,38.5876,39.8246,39.9625,42.1900,44.9444,44.4185,45.4863,48.0104,48.6004,50.3289,50.2494,51.6236,53.2635,56.0357,0.0000,0.0000,0.0000,0.0000,0.0000,0.0000,0.0000,0.0000,0.0000,0.0000,0.0000,0.0000
1700000007.700000,-63.9,53.5350,53.8516,55.4617,59.5063,60.9262,61.6847,65.4599,65.4599,69.2604,70.0071,71.3092,73.1642,73.9256,72.0902,72.0139,70.2638,68.4471,65.7419,64.8460,63.5059,61.4003,58.5918,55.0727,54.1202,51.4781,48.3011,43.3820,39.0000,37.6962,35.1710,32.7567,32.2490,32.0000,31.0000,33.1361,33.5410,34.7131,35.9026,37.1080,39.8497,39.8497,43.6807,43.9659,44.9222,47.2969,47.0744,50.8035,50.6360,51.1566,52.0096,54.0833,53.3385,0.0000,0.0000,0.0000,0.0000,0.0000,0.0000,0.0000,0.0000,0.0000,0.0000,0.0000,0.0000
1700000007.750000,-63.0,52.3450,51.6624,56.2228,57.8014,59.6406,59.6406,64.3506,64.8999,67.9559,71.2811,70.7248,72.6705,72.8011,72.2011,69.0290,70.6045,65.2993,65.1920,63.1269,64.4438,60.1082,58.0517,55.1725,52.4023,50.9902,48.1664,43.4166,41.4005,37.2022,37.2156,33.6155,32.6956,31.6228,31.7805,31.2570,34.0000,36.0000,35.0000,37.0000,39.0000,43.0000,42.0000,46.0000,44.0000,47.0425,47.1699,50.3587,51.6236,52.3927,52.6308,53.1413,53.2259,0.0000,0.0000,0.0000,0.0000,0.0000,0.0000,0.0000,0.0000,0.0000,0.0000,0.0000,0.0000
1700000007.800000,-62.6,53.9073,54.8179,55.4707,60.2080,60.0333,64.0078,65.7647,66.6483,71.5891,69.7711,73.3553,73.3553,73.3553,73.4302,72.7186,70.8308,70.4911,67.4166,66.5733,64.3506,61.0328,59.6406,55.8032,55.2268,51.8652,49.9300,44.1022,39.9625,38.0132,35.8469,33.8378,32.7567,33.2415,31.0000,33.0000,33.0606,34.2345,37.4833,38.6394,40.7922,39.8121,42.7551,44.7214,45.8912,46.3897,48.2597,50.0899,52.0096,51.0000,54.0370,54.3323,55.9017,0.0000,0.0000,0.0000,0.0000,0.0000,0.0000,0.0000,0.0000,0.0000,0.0000,0.0000,0.0000
1700000007.850000,-62.5,53.3104,56.3560,57.4543,58.5235,61.6117,63.6003,66.4003,67.8012,69.0290,71.4003,73.6003,74.8131,74.6324,72.6705,71.8679,72.9452,69.6419,67.2309,65.5134,63.8122,61.7738,60.5392,56.4358,55.7584,53.3385,50.2494,44.6542,41.6173,37.8021,36.1248,33.2415,32.0156,32.4500,31.3847,31.7805,35.1141,36.4006,36.1386,39.0512,40.0250,41.9762,44.1475,45.6070,46.3249,46.8402,49.0408,50.9215,52.9245,53.2259,53.7122,54.3783,54.4059,0.0000,0.0000,0.0000,0.0000,0.0000,0.0000,0.0000,0.0000,0.0000,0.0000,0.0000,0.0000
1700000007.900000,-62.8,51.1957,50.2892,53.4883,55.1543,58.1808,58.1378,61.2699,63.0714,67.0820,66.1891,69.3181,69.3181,70.6824,68.4471,69.0797,67.7791,65.5515,63.5689,62.7694,60.0833,57.5674,57.5674,53.4509,52.5547,50.9215,46.8188,42.7200,39.0000,37.1214,35.3553,31.9061,31.4006,30.4138,30.4138,30.2324,31.9061,34.0000,35.7771,36.6742,39.8246,38.9102,42.0476,43.4166,42.9418,45.6508,46.3249,47.4342,50.0000,50.4480,50.9902,50.2096,51.8556,0.0000,0.0000,0.0000,0.0000,0.0000,0.0000,0.0000,0.0000,0.0000,0.0000,0.0000,0.0000
1700000007.950000,-62.0,52.3259,54.7083,56.8595,58.0086,61.2209,61.0737,63.7809,67.2681,70.1783,71.7008,71.8401,74.0270,73.6003,74.4043,71.8471,72.4224,68.5055,66.8880,65.7343,64.3506,62.4340,61.5873,56.9386,55.7584,53.8516,49.3964,43.8292,41.6173,39.2046,36.1248,33.9411,34.7131,31.9061,32.7567,34.5398,35.1141,35.7351,36.1386,39.5601,40.2616,44.1475,43.4166,45.8803,45.8803,48.3839,49.6488,52.5547,52.3259,55.0727,54.9181,56.4004,55.2268,0.0000,0.0000,0.0000,0.0000,0.0000,0.0000,0.0000,0.0000,0.0000,0.0000,0.0000,0.0000
1700000008.000000,-63.3,54.6717,55.9017,58.0000,60.2080,62.4820,62.8013,65.8027,67.2012,70.8025,73.4098,74.6525,74.0270,73.8783,75.1665,73.6614,73.7564,70.1783,67.8970,66.5282,65.1153,61.5224,61.5549,57.2800,56.5862,53.7587,51.6624,44.6878,42.6380,40.0000,36.0555,34.4819,34.0147,32.8938,32.9848,33.3766,36.0555,37.0135,39.0128,40.0125,42.0000,44.0114,44.0454,47.0106,47.0000,49.0102,49.0102,51.0882,54.4518,53.9351,54.8179,54.7083,55.1543,0.0000,0.0000,0.0000,0.0000,0.0000,0.0000,0.0000,0.0000,0.0000,0.0000,0.0000,0.0000
1700000008.050000,-61.9,54.1295,52.8394,56.0357,57.4282,60.6053,58.2580,63.8905,64.6607,68.7677,69.0290,71.2180,71.4003,73.0069,73.8173,69.0652,69.6348,66.2873,64.8999,63.5138,62.9682,61.0574,59.9083,55.5698,54.3783,51.1077,48.0208,41.8808,41.4005,38.4187,35.3836,32.5269,31.2410,30.8058,31.7648,31.3847,33.8378,34.2053,35.4401,37.1080,37.8550,40.6079,41.7732,44.9110,44.1475,45.3542,46.8402,48.0833,51.8652,50.9902,52.3546,51.3128,53.6004,0.0000,0.0000,0.0000,0.0000,0.0000,0.0000,0.0000,0.0000,0.0000,0.0000,0.0000,0.0000
1700000008.100000,-62.6,56.8858,55.2268,58.0775,60.0333,62.0322,63.1269,67.1863,68.2642,70.3491,72.1110,74.0608,74.1080,76.0000,74.0068,72.0069,75.0000,71.0000,68.0074,67.1193,65.0692,61.2046,61.0737,57.1402,56.0803,53.1507,51.0392,44.0114,42.0000,39.1152,37.4833,34.5254,32.2800,32.3110,33.6155,33.2866,34.2053,37.6431,37.0135,39.0512,41.7732,43.8634,44.5982,47.5079,48.1664,48.2701,49.6790,51.4004,52.4309,54.7083,55.0091,55.5428,55.0273,0.0000,0.0000,0.0000,0.0000,0.0000,0.0000,0.0000,0.0000,0.0000,0.0000,0.0000,0.0000
1700000008.150000,-61.2,54.5619,56.0803,55.6597,59.2030,60.8769,61.8466,64.0312,66.7083,68.6586,69.8570,72.2772,72.2772,71.8401,71.5681,71.4703,70.8802,69.5701,67.0671,65.4599,62.9682,60.5392,59.2368,55.5428,55.0273,51.6236,48.8467,43.3244,39.8497,37.1080,34.7131,32.2490,33.0151,32.0000,32.0624,31.4006,34.2053,34.4819,36.0555,37.3363,38.6264,40.8534,41.2311,44.3847,44.9444,45.2217,45.8803,49.4773,49.8197,51.4781,54.1479,54.0093,54.0093,0.0000,0.0000,0.0000,0.0000,0.0000,0.0000,0.0000,0.0000,0.0000,0.0000,0.0000,0.0000
1700000008.200000,-61.9,54.1479,57.0088,55.0091,61.1310,59.4138,62.5140,64.7765,66.9104,69.5845,67.8970,72.0069,73.6817,73.4370,72.4431,72.1110,70.1783,71.0634,65.0077,67.0075,63.0000,62.0081,59.0000,55.0000,54.0370,53.0094,50.0100,44.1022,40.1123,39.3192,34.9285,32.7567,31.6228,31.3847,31.3050,34.4093,32.6497,34.7131,36.7967,38.1838,41.7253,41.7253,43.8406,43.8406,46.6690,46.7547,48.9183,49.8197,53.0094,51.0392,53.8516,55.4707,54.2310,0.0000,0.0000,0.0000,0.0000,0.0000,0.0000,0.0000,0.0000,0.0000,0.0000,0.0000,0.0000
1700000008.250000,-64.3,54.7083,55.5428,57.2451,60.8276,60.0333,65.0000,64.6607,68.2642,70.4911,69.1158,71.3442,73.0616,74.7930,72.9452,75.1332,70.6612,71.1126,64.8845,67.1193,63.5610,60.9262,61.8466,55.1543,55.0364,53.7122,50.1597,44.7214,41.5933,40.3113,34.6699,35.0000,32.5269,32.5576,32.0156,33.6155,33.5410,35.3412,37.1618,39.9249,43.0813,42.1545,44.0114,45.3100,46.6154,48.3322,47.8539,50.1199,52.1536,51.3128,54.2033,55.3173,55.8659,0.0000,0.0000,0.0000,0.0000,0.0000,0.0000,0.0000,0.0000,0.0000,0.0000,0.0000,0.0000
1700000008.300000,-62.3,52.6973,53.0094,56.2228,58.0517,58.0000,60.8112,65.1153,64.3817,67.8970,67.8970,71.4213,71.4213,72.1249,70.0928,69.4262,69.3542,67.3573,66.7083,62.4820,61.0737,59.0339,56.8507,54.8179,52.4976,50.4480,48.2701,43.9318,40.3609,36.7696,34.2053,31.4006,29.6816,30.4631,28.4605,29.8329,31.2570,34.1321,34.0588,36.0555,38.0526,40.0125,41.1096,43.1045,44.1814,45.2769,46.3897,48.6621,50.2195,50.9608,50.9215,51.4781,52.3546,0.0000,0.0000,0.0000,0.0000,0.0000,0.0000,0.0000,0.0000,0.0000,0.0000,0.0000,0.0000
1700000008.350000,-61.7,53.0377,53.9073,57.0088,58.6003,59.9083,60.5392,64.1405,65.5134,67.7422,70.4911,72.4017,71.8679,71.5612,72.1110,72.2011,69.6348,68.0074,65.0000,65.8027,62.0081,60.3075,59.8164,56.2228,54.2033,52.6308,49.2037,42.4382,41.8808,36.8917,34.8855,32.2025,32.8938,31.0483,30.5941,32.0624,34.0147,35.2278,36.2215,37.3363,39.3192,40.6079,42.5793,43.5660,44.2832,46.3897,47.0956,49.0102,51.0098,52.0865,52.3450,52.7731,54.1202,0.0000,0.0000,0.0000,0.0000,0.0000,0.0000,0.0000,0.0000,0.0000,0.0000,0.0000,0.0000
1700000008.400000,-60.4,53.1507,51.9230,55.0273,57.0088,59.0931,60.8358,63.9531,63.9531,68.8767,67.5352,71.1126,70.6824,73.0069,71.6938,70.0071,70.0071,68.3520,64.5136,63.5689,62.2977,59.2030,58.5235,54.1202,54.0833,50.2892,47.4342,41.4367,39.0000,36.2491,33.6155,31.9061,30.8058,29.7321,29.7321,31.4006,32.7567,34.0000,35.3412,36.6742,38.0132,38.9102,41.1461,43.8292,44.2945,45.6508,46.1411,49.0918,50.8035,51.2250,52.4976,51.6236,52.4976,0.0000,0.0000,0.0000,0.0000,0.0000,0.0000,0.0000,0.0000,0.0000,0.0000,0.0000,0.0000
1700000008.450000,-60.3,56.0357,55.4437,57.8705,57.2713,61.8466,60.1664,65.8027,66.7608,68.9638,70.6045,71.5681,73.4983,74.2159,71.8053,70.0357,71.8053,67.4685,68.0661,64.9384,63.7887,61.4003,58.6941,56.4358,54.5894,52.3450,48.6621,43.5660,40.6079,37.1080,36.0555,31.9531,32.2025,30.5287,30.6105,32.5576,33.9706,36.2353,38.4187,37.8021,37.8021,42.2019,42.2019,44.8219,44.8219,46.7547,47.4236,49.5177,50.2096,51.7397,53.0094,54.6443,53.7122,0.0000,0.0000,0.0000,0.0000,0.0000,0.0000,0.0000,0.0000,0.0000,0.0000,0.0000,0.0000
1700000008.500000,-62.7,54.4059,52.5547,54.1295,58.1808,59.9416,61.7738,65.0000,65.0000,69.1158,69.4622,70.7107,72.5603,72.0694,72.4500,70.6824,69.3181,67.5426,63.1585,64.8845,62.3939,59.8080,57.9396,53.4883,54.6260,51.6236,47.5395,42.1545,39.3573,38.0789,34.6699,33.6006,31.8904,31.1448,32.0156,32.4500,33.5410,36.2491,37.1618,38.0789,40.7185,40.3113,45.3100,46.5188,47.0106,47.4131,49.2443,51.6236,51.8652,53.0094,53.9073,53.7587,53.9073,0.0000,0.0000,0.0000,0.0000,0.0000,0.0000,0.0000,0.0000,0.0000,0.0000,0.0000,0.0000
1700000008.550000,-64.1,54.7449,54.8179,57.5674,59.1354,60.4070,63.6946,65.0000,66.3099,69.4622,70.7743,74.4648,75.2396,73.1642,72.8011,73.0548,71.1688,69.5701,65.8027,66.7608,62.6418,62.0967,59.9083,56.0446,54.7083,52.2015,51.5461,45.5412,40.8534,37.6962,34.8855,33.6155,31.6228,31.1448,30.4138,32.8024,33.8378,37.2156,37.5899,40.2492,41.5933,42.9418,45.1774,45.6508,46.5296,46.1411,50.2494,51.0392,52.8015,52.4976,54.4885,55.1543,55.4437,0.0000,0.0000,0.0000,0.0000,0.0000,0.0000,0.0000,0.0000,0.0000,0.0000,0.0000,0.0000
1700000008.600000,-61.8,50.9313,51.6236,52.4976,56.2228,58.8218,59.0762,60.7454,63.2851,66.5733,67.7422,68.2642,69.6419,69.8928,69.6348,69.8140,67.6240,65.4370,62.4820,63.4114,60.9590,57.3847,56.7274,50.9902,53.2635,51.0882,46.8615,42.0119,39.2046,36.6197,33.6155,30.4138,30.0832,29.1204,29.4279,31.0644,31.0000,34.0000,34.0588,35.1283,36.0555,38.0526,40.1123,42.0476,43.0116,44.0114,45.0000,48.0104,48.0937,49.2544,49.6488,52.3927,50.5964,0.0000,0.0000,0.0000,0.0000,0.0000,0.0000,0.0000,0.0000,0.0000,0.0000,0.0000,0.0000
1700000008.650000,-61.5,51.3128,51.4781,51.8941,55.7136,57.2451,59.1354,62.6418,63.3246,68.3081,67.7200,67.6757,69.5701,69.2892,69.2892,67.7791,68.7095,64.8845,63.5610,61.3270,60.4152,57.6975,55.0091,52.3259,49.6588,49.2443,44.2832,39.8121,37.1618,34.7851,34.4819,31.5753,28.4429,29.0000,31.0644,30.2655,31.5753,32.7567,32.9848,35.7351,38.2753,38.8973,39.2173,43.9659,42.4500,44.6430,46.3249,47.6760,48.2597,51.2445,49.0000,52.0384,50.3587,0.0000,0.0000,0.0000,0.0000,0.0000,0.0000,0.0000,0.0000,0.0000,0.0000,0.0000,0.0000
1700000008.700000,-61.8,54.9181,55.4437,56.1427,59.0762,61.0000,61.0328,65.0692,65.0692,68.1175,70.1142,73.1710,73.1095,71.0282,72.0069,72.0278,70.0643,69.0652,65.1230,66.2722,63.3877,60.4070,58.4209,55.3263,55.1453,51.1566,48.0937,43.1045,42.0476,37.0135,35.0571,33.2415,30.4138,30.6757,29.5466,34.0000,33.8378,33.4216,35.0000,37.0135,39.6989,40.4599,43.2782,43.4166,46.2277,47.0106,47.7074,51.3128,52.7731,52.3259,54.6260,53.4883,52.6308,0.0000,0.0000,0.0000,0.0000,0.0000,0.0000,0.0000,0.0000,0.0000,0.0000,0.0000,0.0000
1700000008.750000,-62.8,51.6624,54.4243,54.2310,59.0339,58.1378,62.6498,64.1405,65.0000,68.0955,67.6018,72.4707,72.4707,72.0139,71.5891,71.5891,70.2140,69.3542,65.0000,65.3911,61.8466,57.9396,57.0088,54.4243,52.5547,50.9215,48.1041,42.9535,37.1618,37.5766,33.1210,31.6228,30.4795,29.6985,29.4109,30.5287,31.7648,34.0000,34.4384,36.7696,37.6962,39.0000,43.0813,43.4626,45.1885,45.1885,45.1774,47.8853,49.9300,49.4065,52.4976,50.9313,52.4023,0.0000,0.0000,0.0000,0.0000,0.0000,0.0000,0.0000,0.0000,0.0000,0.0000,0.0000,0.0000
1700000008.800000,-63.2,52.4690,53.1507,57.0000,58.0000,59.0762,61.1310,63.1981,64.3817,67.2681,68.1175,68.1175,70.1142,71.0282,70.0000,69.0000,68.0000,68.0000,64.0078,64.0000,61.0000,60.0333,57.0088,54.0370,53.0094,50.0899,47.0106,42.0000,39.0000,37.0540,34.2345,31.4006,30.0832,30.6757,30.8707,31.9061,32.2025,35.6090,34.0588,37.5366,39.6232,39.6989,43.1393,43.9318,44.6878,44.6878,46.2277,48.6004,49.0918,51.4781,52.3259,51.6236,52.2015,0.0000,0.0000,0.0000,0.0000,0.0000,0.0000,0.0000,0.0000,0.0000,0.0000,0.0000,0.0000
1700000008.850000,-60.9,55.4617,58.6941,58.1893,60.4070,60.8769,63.7887,64.7611,68.6586,70.6045,69.6348,73.0069,74.2159,76.6551,75.9605,74.9466,71.7844,72.1110,67.4166,67.7791,63.5610,62.2415,60.9262,55.1543,54.7814,53.3104,50.9215,43.6578,41.7852,39.8497,34.7131,33.5410,32.0156,32.0000,32.0624,33.3766,34.9285,35.7351,36.4006,38.2753,39.9249,40.4969,44.9444,45.5412,47.4342,47.8017,49.2443,51.1957,53.7587,52.6118,54.2310,55.0000,57.0789,0.0000,0.0000,0.0000,0.0000,0.0000,0.0000,0.0000,0.0000,0.0000,0.0000,0.0000,0.0000
1700000008.900000,-61.4,57.6281,58.6003,59.6825,62.2656,65.7647,67.0820,68.4251,71.1126,74.2428,72.9178,76.9220,77.8203,76.9415,76.9415,75.8024,76.6616,72.2011,71.0211,68.7968,67.6757,64.6375,63.2456,59.4054,58.8303,54.9181,54.0833,46.3249,44.4185,42.0595,38.4838,34.5398,33.2415,33.9559,32.2490,35.0571,35.0143,38.3275,39.4588,41.7732,41.7732,44.7214,45.7056,47.6760,48.5077,49.3660,50.1597,53.0848,55.0091,56.1427,56.1427,56.7186,57.4891,0.0000,0.0000,0.0000,0.0000,0.0000,0.0000,0.0000,0.0000,0.0000,0.0000,0.0000,0.0000
1700000008.950000,-63.1,53.7122,54.7083,54.4059,57.2014,58.4123,61.0737,62.4820,65.2993,68.1175,66.6033,71.7008,70.2922,72.6223,70.6045,69.8928,68.8186,67.4240,62.9682,62.6817,62.1289,60.0333,58.6686,55.2268,54.3783,51.1077,47.1699,42.7200,39.6611,37.2022,35.4683,31.1127,29.8329,28.8444,28.6531,30.8707,31.9531,34.4819,35.1710,35.9026,37.8550,39.0512,42.2019,42.4500,45.6070,44.2719,45.8803,48.4665,49.6588,49.6488,52.1536,51.8652,52.4976,0.0000,0.0000,0.0000,0.0000,0.0000,0.0000,0.0000,0.0000,0.0000,0.0000,0.0000,0.0000
1700000009.000000,-64.6,55.3263,55.1453,58.0000,60.0000,62.0322,63.0714,66.1891,68.2642,69.1158,70.2567,73.1710,73.3348,74.3303,73.1095,72.0069,72.0000,69.0000,67.0000,66.0000,65.0308,61.0328,60.0333,57.0351,56.0000,53.0000,49.0000,44.0000,41.0000,37.1214,35.3553,32.7567,30.3645,33.2415,30.4138,33.0151,34.2053,35.3836,36.7696,38.8973,41.0366,43.1393,43.8634,46.6690,46.6690,46.6905,48.1664,51.2250,51.8652,52.6973,54.7083,54.1202,55.7136,0.0000,0.0000,0.0000,0.0000,0.0000,0.0000,0.0000,0.0000,0.0000,0.0000,0.0000,0.0000
1700000009.050000,-60.3,57.2189,59.0085,58.0345,62.0725,62.2896,65.4905,67.6018,68.7314,71.5681,71.8471,73.5527,75.5381,76.4199,75.3260,75.0600,72.0625,73.0274,67.0000,68.0294,66.0000,63.0000,62.0081,57.0351,57.0351,55.0000,51.0000,46.0109,41.0122,40.1123,35.3553,34.7131,32.5730,32.3110,32.6497,33.2866,34.2053,36.1248,38.2884,39.5980,42.4264,42.4500,45.2769,44.5982,46.7547,49.0408,49.8197,51.6140,52.1536,53.3385,55.4707,54.2310,55.9732,0.0000,0.0000,0.0000,0.0000,0.0000,0.0000,0.0000,0.0000,0.0000,0.0000,0.0000,0.0000
1700000009.100000,-63.1,55.4617,57.3062,57.6888,60.4649,62.2013,62.8013,65.4370,67.6240,70.6045,71.0634,74.5185,73.4098,75.2130,73.8173,72.6705,72.6705,70.1783,66.8880,66.8880,64.6607,61.9112,61.9112,55.5698,57.1402,53.8516,50.2494,43.8292,41.0488,39.2046,35.3836,33.2415,32.0156,31.9061,32.2490,33.6155,34.7851,35.1710,37.3631,39.0512,40.7922,41.0000,42.9535,46.0977,47.0744,48.7647,48.7032,51.2640,53.3104,51.4296,55.0727,54.9181,54.8179,0.0000,0.0000,0.0000,0.0000,0.0000,0.0000,0.0000,0.0000,0.0000,0.0000,0.0000,0.0000
1700000009.150000,-63.5,57.2800,58.2580,58.2495,62.6817,61.5873,66.3702,67.2309,69.3542,71.6938,71.5891,74.7930,75.8024,75.8024,74.4312,75.4520,72.6705,73.2393,67.2012,67.4240,65.8027,62.6259,61.8466,57.0088,56.6127,54.4059,52.8015,46.8722,42.7200,40.8167,35.7771,34.0147,32.8938,32.9848,33.2415,33.0606,34.0147,35.1283,38.1182,39.4588,42.4264,41.3038,45.3982,46.5296,47.1699,48.1664,49.0408,52.0096,53.0848,53.1507,53.4603,54.9181,57.0088,0.0000,0.0000,0.0000,0.0000,0.0000,0.0000,0.0000,0.0000,0.0000,0.0000,0.0000,0.0000
1700000009.200000,-63.9,57.9828,57.4282,59.0339,61.7171,62.2896,65.7647,68.5930,67.8822,72.8354,73.5527,74.9667,75.6902,76.3675,75.6902,75.8222,73.0000,72.3464,67.6240,68.7677,66.4003,63.0079,61.4003,57.8014,57.4891,54.8179,52.6308,44.6878,41.1096,40.3113,36.7967,32.8024,32.4500,32.2490,31.7805,32.5730,34.2053,36.4966,38.3275,40.3113,41.3038,42.4264,44.4072,45.5412,47.5184,48.8365,48.2701,52.6308,53.4509,53.7587,55.1543,54.6260,56.0803,0.0000,0.0000,0.0000,0.0000,0.0000,0.0000,0.0000,0.0000,0.0000,0.0000,0.0000,0.0000
1700000009.250000,-62.3,52.8394,52.7731,54.7814,57.0088,58.1893,59.2030,63.3246,63.0635,66.9403,69.3758,69.6419,71.8401,72.4224,70.2140,70.2282,68.3081,65.4599,64.8460,63.5689,62.0322,58.6941,57.9396,53.8516,52.2015,51.2640,47.1699,41.7612,39.2938,35.1710,34.2345,31.1448,31.0000,31.0644,30.4138,32.2800,31.9531,34.0147,36.6742,37.1214,38.4708,40.2492,41.6773,44.2945,43.8292,44.7214,45.6946,47.5395,50.9215,52.2015,51.1957,51.6236,52.1536,0.0000,0.0000,0.0000,0.0000,0.0000,0.0000,0.0000,0.0000,0.0000,0.0000,0.0000,0.0000
1700000009.300000,-58.0,51.7397,50.2096,55.9732,54.8179,58.4123,58.6003,62.6817,61.8547,66.8506,69.4046,68.6003,69.2026,71.2180,69.5270,68.6804,68.8840,63.1269,63.7024,60.1415,60.1415,58.6941,56.5862,53.0377,50.9117,49.4975,46.6690,41.7732,41.1096,36.2353,34.6699,30.5287,30.4138,30.0832,29.1204,30.2655,32.0624,34.0000,34.0000,37.0000,36.0000,40.0125,39.0128,43.0000,43.0000,44.0000,45.0444,47.1699,49.3660,50.0100,50.6952,51.8652,50.1597,0.0000,0.0000,0.0000,0.0000,0.0000,0.0000,0.0000,0.0000,0.0000,0.0000,0.0000,0.0000
1700000009.350000,-64.0,59.4138,60.0333,60.0083,63.0317,65.1230,66.2722,69.4622,72.4431,75.3260,73.4370,77.2334,78.3135,78.1601,78.1025,79.0063,77.0065,74.0000,70.0071,69.0072,68.0661,65.1920,64.1950,60.1332,59.0085,55.1453,54.0370,48.0104,43.0000,41.0488,38.1182,34.5254,34.2053,34.1760,32.6956,35.3553,35.8050,38.2884,38.4187,41.1096,43.2782,44.6878,46.8615,48.4149,49.6790,49.2037,50.4777,52.4309,55.9464,56.3560,57.6975,57.5847,57.2800,0.0000,0.0000,0.0000,0.0000,0.0000,0.0000,0.0000,0.0000,0.0000,0.0000,0.0000,0.0000
1700000009.400000,-63.6,56.1427,56.7186,58.6941,61.8466,61.4003,62.9365,67.6757,67.6757,71.7844,71.4703,73.6817,74.3303,74.7262,73.7631,73.0069,71.5891,70.6116,69.2315,68.2495,65.3070,62.8013,60.6712,56.5685,56.0892,53.7587,49.6488,43.7379,41.7732,38.3275,35.7351,33.6155,32.6497,32.4500,31.2410,31.8277,34.0588,35.0000,37.8021,38.6005,40.2244,42.2019,44.2041,45.8039,47.0106,47.6340,48.8365,50.2494,51.6236,53.1507,54.2033,56.0357,55.4707,0.0000,0.0000,0.0000,0.0000,0.0000,0.0000,0.0000,0.0000,0.0000,0.0000,0.0000,0.0000
1700000009.450000,-64.2,54.8179,53.1507,55.9017,57.3149,59.6657,62.6259,63.6003,65.0000,68.0074,69.2026,73.1095,72.4707,70.9366,70.8378,69.3109,69.4262,67.2086,64.3506,62.9682,60.8112,58.6941,57.9828,54.4885,53.0377,50.9902,48.0833,42.4264,40.3609,36.2353,34.2053,31.3847,30.4631,31.6228,28.6356,30.2655,34.1321,34.0147,35.0143,36.0000,39.0000,41.0000,42.0000,43.0000,45.0000,46.0435,48.1664,50.3587,50.4876,51.1957,52.2015,53.4883,52.8015,0.0000,0.0000,0.0000,0.0000,0.0000,0.0000,0.0000,0.0000,0.0000,0.0000,0.0000,0.0000
1700000009.500000,-56.6,54.8179,56.6392,58.6941,58.7282,62.3699,62.6259,66.4003,66.6108,69.6348,72.2011,73.1095,74.0270,75.2861,72.3464,74.3303,72.2496,68.6804,67.8970,66.4831,64.3506,62.2896,61.5224,56.5862,56.5685,52.4023,50.2096,43.1856,42.5206,38.9487,35.2278,32.7567,32.2025,31.3847,31.3209,32.3883,34.0588,35.0143,36.0000,38.0132,40.0000,42.0000,43.0000,46.0000,46.0109,47.0000,48.0416,50.1597,50.6360,52.9528,53.8516,54.0833,54.6260,0.0000,0.0000,0.0000,0.0000,0.0000,0.0000,0.0000,0.0000,0.0000,0.0000,0.0000,0.0000
1700000009.550000,-63.4,55.6597,55.7853,58.8558,59.5399,61.4003,61.1310,66.0681,67.0671,69.0652,69.1158,72.1734,72.2496,74.3303,71.5681,69.7209,70.5762,68.5930,66.9104,64.7765,63.9531,60.4152,59.0339,56.8858,54.7449,52.9528,49.4975,44.1814,40.1995,37.2156,35.0000,32.0000,32.2490,31.7805,30.3645,32.6956,33.1210,34.4819,35.5106,39.1152,39.6611,41.0488,41.6173,46.0435,45.4863,47.1699,47.5079,48.7647,50.5371,52.3927,53.7587,53.6004,53.7587,0.0000,0.0000,0.0000,0.0000,0.0000,0.0000,0.0000,0.0000,0.0000,0.0000,0.0000,0.0000
1700000009.600000,-61.6,56.3028,55.7853,57.8705,60.8276,62.3939,64.3817,67.2681,68.3593,70.2567,71.2531,74.3303,73.5527,75.6637,74.6726,74.1485,72.0069,70.2140,67.2681,66.0984,66.4906,64.0312,61.8466,57.7235,56.0892,53.3667,51.1957,44.7214,41.5933,39.2046,36.0555,34.0000,33.0606,32.3883,32.0156,33.8378,34.9285,36.2353,36.7151,38.9487,41.6773,41.6773,44.1022,45.7930,47.8853,50.1199,49.6588,51.0784,53.4883,54.4059,55.7853,56.8858,57.2189,0.0000,0.0000,0.0000,0.0000,0.0000,0.0000,0.0000,0.0000,0.0000,0.0000,0.0000,0.0000
1700000009.650000,-61.1,54.9181,56.4004,57.3847,60.8769,60.1082,64.3817,65.7951,67.8970,69.3109,70.7672,73.5935,74.2765,74.2496,72.8354,72.9178,72.1803,70.8378,68.8840,68.1175,64.0312,60.6053,59.4054,56.4004,55.3173,53.2635,50.3289,45.3431,40.3609,38.8973,34.7131,34.2053,32.4500,31.3050,31.0161,33.8378,33.7343,36.4966,38.2099,39.3192,40.3113,42.2966,46.3897,45.3982,47.5184,48.8365,49.2443,51.6624,53.7587,53.1413,56.4624,55.9017,55.2268,0.0000,0.0000,0.0000,0.0000,0.0000,0.0000,0.0000,0.0000,0.0000,0.0000,0.0000,0.0000
1700000009.700000,-58.8,51.3128,51.4781,53.7122,54.2310,57.2451,60.0833,61.9839,63.5689,65.1460,67.6757,69.2604,69.5701,69.8928,68.3520,69.4622,68.7095,65.5515,63.1585,63.1585,60.8358,58.5918,55.0091,51.4296,52.0000,49.6588,46.0977,40.8534,38.6264,35.7351,33.5410,31.2570,30.1496,29.0000,29.0689,30.2655,31.0483,35.1141,35.4401,36.4006,38.2753,39.9249,40.7185,42.7200,44.9444,45.5412,45.6070,48.5077,48.8365,50.6360,51.3517,52.0000,52.0096,0.0000,0.0000,0.0000,0.0000,0.0000,0.0000,0.0000,0.0000,0.0000,0.0000,0.0000,0.0000
1700000009.750000,-58.5,50.0000,51.0784,55.9464,55.9464,58.5918,60.0333,63.2851,61.7738,65.8635,67.2309,70.7107,70.3278,67.6018,69.7711,69.3542,71.1196,66.2420,65.3911,62.1691,61.3270,57.5847,55.5428,53.7122,52.7731,48.7545,47.0106,40.7063,36.7151,34.1321,33.0151,32.0156,31.1127,29.2062,30.2324,29.9666,32.6956,35.1141,35.7351,35.7351,36.6879,39.5601,40.1622,44.0114,44.0114,47.5395,47.0106,51.4296,48.7647,53.0000,52.1536,53.4135,52.3259,0.0000,0.0000,0.0000,0.0000,0.0000,0.0000,0.0000,0.0000,0.0000,0.0000,0.0000,0.0000
1700000009.800000,-62.5,55.9017,57.4543,56.8595,62.4260,60.4401,64.6607,66.6033,68.7677,71.5891,70.9366,74.6525,75.2861,74.8131,74.2024,73.8173,73.0069,72.4224,67.1193,66.5733,64.8999,62.9682,60.7454,57.9828,56.0357,53.5350,51.8652,45.8039,42.2019,39.6989,37.4833,34.6554,32.0156,33.2866,32.6497,34.1760,35.1141,36.1386,36.4006,40.2616,41.9762,41.9762,45.1221,46.3249,47.8017,49.0408,50.2892,52.2015,54.2310,54.1202,55.0727,55.7584,56.4004,0.0000,0.0000,0.0000,0.0000,0.0000,0.0000,0.0000,0.0000,0.0000,0.0000,0.0000,0.0000
1700000009.850000,-61.9,56.0803,56.0357,58.4123,59.6657,60.2080,61.5549,65.0538,65.7647,69.3109,70.0071,73.5527,75.6902,73.5935,71.5891,70.4344,72.6223,69.0290,67.2012,63.6003,64.0703,60.4649,58.8218,56.8595,55.0000,51.6140,49.2037,43.6005,41.4005,37.6431,36.0694,31.1448,32.2025,30.5287,30.4138,32.3110,33.2415,34.9285,35.5106,37.6563,40.4475,40.7922,41.5933,45.8912,46.0977,46.5725,47.8017,50.5964,52.2015,52.3927,53.6656,54.7083,53.6004,0.0000,0.0000,0.0000,0.0000,0.0000,0.0000,0.0000,0.0000,0.0000,0.0000,0.0000,0.0000
1700000009.900000,-60.1,52.4309,52.4786,55.9017,56.7979,60.4152,58.3095,62.9682,63.5689,66.1287,70.0071,70.0071,70.9366,70.3847,69.3542,67.9779,70.2638,63.9766,65.2993,63.5059,62.1772,57.8014,57.3062,54.2033,51.8845,50.6063,46.5296,41.1461,38.4838,35.8469,34.2053,32.0156,31.2570,29.0689,29.0000,30.1496,32.5576,33.9559,35.1710,35.4401,36.4006,38.8973,38.8973,40.8044,43.6807,44.3847,44.9110,47.6760,48.3735,50.1597,51.0392,51.0098,50.3587,0.0000,0.0000,0.0000,0.0000,0.0000,0.0000,0.0000,0.0000,0.0000,0.0000,0.0000,0.0000
1700000009.950000,-60.0,54.2033,54.1202,55.5428,58.1808,58.5235,61.0328,61.6847,64.5136,66.7308,69.2604,70.5195,70.8378,72.4500,70.5762,69.8570,70.2638,67.1193,64.4050,62.6099,61.7171,59.1693,56.9386,53.7122,53.2259,51.8845,46.9574,41.1461,40.2492,36.7696,33.5261,32.0156,31.4006,30.0666,29.0000,31.0644,31.4006,34.7131,34.7131,37.3631,38.3275,39.0512,41.2311,42.9535,42.9535,45.7056,45.3982,49.2544,50.0400,51.0000,51.0000,50.1597,51.7880,0.0000,0.0000,0.0000,0.0000,0.0000,0.0000,0.0000,0.0000,0.0000,0.0000,0.0000,0.0000
1700000010.000000,-60.4,55.4617,56.4624,57.5847,59.4643,62.3618,65.7343,65.7343,69.4262,70.3420,70.8308,74.5252,73.0069,74.4648,74.7262,73.6817,72.4224,70.8378,68.0074,67.6757,65.1920,62.3939,60.5392,57.9396,56.6480,54.4243,51.8652,44.9222,42.0595,41.0000,35.3553,34.1321,34.0000,33.0606,33.1361,33.9559,35.7351,36.7696,36.7696,39.9249,40.7185,42.5441,44.3847,46.2385,48.4665,50.3289,49.6488,52.8867,54.1295,53.9351,55.3263,56.0803,56.0000,0.0000,0.0000,0.0000,0.0000,0.0000,0.0000,0.0000,0.0000,0.0000,0.0000,0.0000,0.0000
1700000010.050000,-59.6,52.8015,51.8845,55.5698,56.6039,58.2495,59.6406,61.0328,63.8201,66.0303,68.0074,68.8186,70.6045,71.8471,69.8928,69.1158,68.2642,65.8635,62.6498,61.4003,59.5399,58.5918,55.9464,53.2353,52.4786,50.1199,45.6508,40.8167,39.9625,36.8917,33.4216,30.4795,31.1448,30.8058,31.3847,31.3050,31.9531,33.5261,35.1710,36.6879,38.3275,40.5216,40.2616,43.0116,42.7200,44.5982,44.9444,48.8467,50.0899,51.0000,50.2494,52.4309,51.7397,0.0000,0.0000,0.0000,0.0000,0.0000,0.0000,0.0000,0.0000,0.0000,0.0000,0.0000,0.0000
1700000010.100000,-62.3,53.3104,52.7731,56.6039,56.6039,59.6406,58.8218,63.6003,63.6003,66.2193,69.2026,69.4046,71.0282,70.4557,69.8928,66.8880,68.2422,65.1920,65.5134,62.9682,63.2851,59.5399,56.0803,54.5894,53.0000,51.0000,45.2769,40.4969,39.4081,35.8050,33.9706,33.2415,30.4795,28.8444,29.5296,29.7321,32.8938,33.9559,34.7131,34.9285,36.8782,39.4588,40.4475,42.7551,42.9535,45.1221,44.6430,47.4342,48.7032,51.0784,51.4296,51.1077,50.8035,0.0000,0.0000,0.0000,0.0000,0.0000,0.0000,0.0000,0.0000,0.0000,0.0000,0.0000,0.0000
1700000010.150000,-64.6,55.4617,56.4624,56.6127,58.8218,59.9083,63.3482,66.0984,66.2873,69.2315,70.6116,72.7805,72.7805,73.2462,72.5328,72.4224,70.6045,68.4105,65.8027,66.7608,64.8460,60.4070,58.8218,55.9732,53.7587,51.8652,49.0408,43.6807,40.5216,37.6563,34.1321,33.0606,33.0000,32.1403,30.5941,32.5730,33.2415,35.8469,36.6742,38.0132,39.3573,40.7063,42.9418,44.7214,45.6180,47.4236,47.0106,49.9800,50.5964,52.6308,54.1295,53.4603,54.0093,0.0000,0.0000,0.0000,0.0000,0.0000,0.0000,0.0000,0.0000,0.0000,0.0000,0.0000,0.0000
1700000010.200000,-64.5,53.8145,53.0377,55.9732,56.8507,57.2014,59.6406,62.4260,64.0703,66.8506,68.2422,70.4557,69.6348,70.8025,70.6045,68.8840,68.2495,66.0681,63.7809,63.7809,60.9590,59.4138,58.0517,53.0377,51.7397,50.9902,46.7547,42.6380,40.4599,36.6197,33.2866,30.8869,29.9666,30.3645,29.4279,31.1448,33.0000,34.0000,35.0000,38.0000,39.0128,40.0125,41.0488,44.0000,43.0000,46.0000,46.0000,48.0937,50.3587,50.6360,50.9902,51.9230,52.5547,0.0000,0.0000,0.0000,0.0000,0.0000,0.0000,0.0000,0.0000,0.0000,0.0000,0.0000,0.0000
1700000010.250000,-63.0,55.0727,55.7584,56.4004,59.2030,60.3075,60.9590,65.1153,67.9412,69.3109,68.7677,72.3464,73.7564,73.8783,74.0270,71.6101,69.0290,69.2026,64.6375,65.8027,63.2456,61.5873,59.6406,55.7584,54.6443,52.6973,48.2597,43.6005,39.8246,39.0512,33.9411,33.9706,30.8058,31.9061,30.8707,32.5730,33.2415,36.1386,37.1080,38.8330,40.7922,40.6079,43.5660,45.8912,46.3249,47.5395,48.7647,50.5964,52.2015,51.8941,53.2353,54.7083,54.4059,0.0000,0.0000,0.0000,0.0000,0.0000,0.0000,0.0000,0.0000,0.0000,0.0000,0.0000,0.0000
1700000010.300000,-62.9,50.9608,53.4883,55.4617,57.6975,59.0593,60.0333,62.7694,64.1405,66.3702,68.6003,69.4622,70.3278,70.7107,70.7107,70.2140,69.3181,67.9779,63.6946,63.5610,61.3270,58.8727,57.0088,52.9245,52.8015,49.7695,46.0977,41.6293,38.9102,37.5899,31.9061,31.4006,30.4795,31.1448,30.6105,31.0644,32.6497,33.1059,35.3412,38.0789,38.0789,39.0000,41.2311,43.4626,43.4626,44.2832,46.5296,47.8853,49.9300,49.4065,51.2250,50.9902,50.9902,0.0000,0.0000,0.0000,0.0000,0.0000,0.0000,0.0000,0.0000,0.0000,0.0000,0.0000,0.0000
1700000010.350000,-64.0,53.2353,55.5788,53.1507,59.2030,58.2409,61.6847,63.2456,65.1920,67.0522,67.0671,69.8928,71.1688,71.4703,71.4703,70.6045,68.4105,67.9117,63.5610,64.0312,62.5859,60.2080,58.0517,54.1295,53.3667,51.4198,48.2701,41.2311,38.3275,36.6879,32.8938,32.2025,31.3847,30.6105,29.7321,31.1448,31.2410,33.8378,33.6155,38.5876,39.9625,39.1152,41.3401,41.3401,44.1022,44.6542,45.0000,47.6340,50.2494,49.5177,50.2096,52.4976,51.6140,0.0000,0.0000,0.0000,0.0000,0.0000,0.0000,0.0000,0.0000,0.0000,0.0000,0.0000,0.0000
1700000010.400000,-64.1,55.9017,55.6058,57.6888,59.9083,61.4003,62.2656,65.7647,66.6483,69.8355,72.0069,72.9452,74.7061,72.9452,72.7186,72.7186,71.8679,68.5055,66.8506,64.8999,63.2456,60.8030,59.4054,55.6058,54.0833,53.0094,49.4065,44.6542,41.8808,38.0789,35.3412,32.6956,32.2800,32.5576,31.1448,32.0000,34.0000,35.1283,35.3553,37.3363,40.3113,42.2966,42.4264,44.2832,45.2769,47.2652,47.0956,49.0000,52.0000,52.0384,53.3385,54.5894,53.6004,0.0000,0.0000,0.0000,0.0000,0.0000,0.0000,0.0000,0.0000,0.0000,0.0000,0.0000,0.0000
1700000010.450000,-62.0,51.6140,51.1077,53.2353,55.9017,55.9464,58.3095,62.0322,62.0322,65.5515,65.9242,69.4622,69.0797,69.8570,68.0294,66.6483,67.0820,63.0635,61.2944,61.2944,59.5399,56.9386,55.9464,51.9711,51.4781,48.3735,46.0652,40.2492,38.0132,35.8469,32.5730,31.0483,30.4138,30.0666,30.0000,31.0644,31.4006,33.5410,34.7131,36.6742,37.8550,37.8550,39.2938,41.7732,41.9762,43.7379,45.5412,46.2709,48.0416,50.0000,50.0100,51.3517,49.8197,0.0000,0.0000,0.0000,0.0000,0.0000,0.0000,0.0000,0.0000,0.0000,0.0000,0.0000,0.0000
1700000010.500000,-61.7,54.3415,52.8110,55.7136,57.3847,60.4152,59.4811,64.0078,62.1772,66.7308,69.3181,71.1126,71.1126,71.5891,70.7743,69.4622,69.8570,65.9242,66.1287,64.2573,61.6847,59.1354,58.1893,53.1601,52.8110,50.2892,48.3839,41.1096,39.9249,36.2491,33.5410,31.9061,30.0000,31.1448,30.4138,29.4109,32.2025,33.6155,34.4819,37.1214,38.0132,38.4708,39.8121,43.9090,43.0465,44.2945,44.9444,46.6154,50.0000,51.0882,50.9117,50.9902,51.4004,0.0000,0.0000,0.0000,0.0000,0.0000,0.0000,0.0000,0.0000,0.0000,0.0000,0.0000,0.0000
1700000010.550000,-62.7,54.7083,53.7122,59.0931,57.7754,62.3939,63.5689,65.4599,67.6757,70.8378,72.1110,73.6817,74.6324,75.0267,72.8011,71.1758,73.5391,68.5420,69.3542,66.2118,65.2993,62.2656,60.4152,57.2451,56.3649,55.0091,49.1935,44.2832,41.6293,37.6962,36.1386,34.2053,33.1361,32.0156,32.0156,33.1361,34.5254,36.4006,38.0789,37.6431,39.5601,43.9659,43.0116,45.8803,46.5725,50.0100,48.8365,51.4781,53.2353,55.0364,54.0000,55.0818,55.5788,0.0000,0.0000,0.0000,0.0000,0.0000,0.0000,0.0000,0.0000,0.0000,0.0000,0.0000,0.0000
1700000010.600000,-66.6,52.4786,52.7731,52.8015,57.7754,57.0088,61.0328,63.2456,63.5689,67.3573,67.6757,70.5195,71.7844,69.8928,70.5762,69.8570,68.7095,67.2309,63.0714,64.4748,62.1691,58.1808,56.8243,52.7731,53.3104,51.4296,47.8539,41.2311,39.5601,36.0555,34.7131,32.5576,31.2570,32.0156,31.0000,33.2415,34.7131,35.1710,35.4401,37.6431,38.3275,40.4969,44.2719,44.6430,46.8402,47.0744,47.8539,48.6621,51.2445,51.0392,53.0094,54.0000,53.3385,0.0000,0.0000,0.0000,0.0000,0.0000,0.0000,0.0000,0.0000,0.0000,0.0000,0.0000,0.0000
1700000010.650000,-58.9,57.4282,56.0803,56.7979,59.9333,61.8466,62.7694,66.8506,66.8506,71.3092,71.5122,73.0069,74.4648,74.3236,74.3236,73.3485,72.9178,69.3181,65.7647,64.4127,64.4981,61.0574,59.5399,55.5698,54.5894,53.2353,50.2494,44.2945,38.9102,37.6962,34.7851,32.9848,32.5576,32.1403,31.0000,32.0000,34.1321,34.5254,35.9026,36.8782,40.2616,41.0000,43.4166,45.3542,45.8912,46.6905,47.3814,49.2544,52.0384,53.0000,53.0000,55.2268,53.9351,0.0000,0.0000,0.0000,0.0000,0.0000,0.0000,0.0000,0.0000,0.0000,0.0000,0.0000,0.0000
1700000010.700000,-61.9,55.6058,54.6717,55.9017,58.6941,60.8769,62.3699,66.7083,66.7083,70.2922,71.0634,74.5185,73.8783,73.7564,72.9178,71.4213,71.4493,70.0071,65.7647,65.0538,65.0692,60.2080,58.7282,54.4885,54.4518,52.3259,50.2096,45.2769,40.3609,38.4187,35.8050,34.1321,31.3050,31.3847,30.8058,32.5576,34.2345,35.0143,37.0000,38.0000,40.0000,41.0000,44.0000,45.0111,47.0000,47.0106,48.0937,50.3587,52.7731,52.9528,54.8179,55.0818,54.2310,0.0000,0.0000,0.0000,0.0000,0.0000,0.0000,0.0000,0.0000,0.0000,0.0000,0.0000,0.0000
1700000010.750000,-62.4,53.6004,52.4976,53.7587,58.6941,58.0517,60.8769,61.6198,63.7809,65.9469,68.1175,70.2922,70.1783,70.0928,70.0357,70.0357,67.1789,65.7647,63.7024,63.0317,61.7171,58.4123,56.0803,52.4976,51.7397,51.0882,46.7547,41.8688,39.5980,36.7967,34.0588,32.0156,29.4109,30.4138,30.0832,30.0832,32.5576,33.2415,35.2278,37.1214,38.2099,40.1123,40.1123,43.2897,44.1814,44.5533,45.8912,47.5395,49.0408,49.3356,50.9215,51.8941,51.6236,0.0000,0.0000,0.0000,0.0000,0.0000,0.0000,0.0000,0.0000,0.0000,0.0000,0.0000,0.0000
1700000010.800000,-61.0,56.0803,55.1543,58.0517,58.1378,61.2209,62.8013,65.2150,68.6003,70.8025,73.4098,73.4098,74.8131,75.2861,73.7564,72.2496,74.5185,69.4262,67.2086,65.7951,64.3817,61.5224,59.3970,57.3149,54.4885,51.6236,48.7955,46.0109,42.5206,37.0135,36.0555,32.7567,30.8707,32.5730,32.7567,33.5410,34.2345,34.0147,36.0000,39.0000,39.0000,42.0000,43.0000,46.0000,46.0000,48.0104,49.0408,51.2445,52.6118,54.1295,55.3624,53.1413,55.4617,0.0000,0.0000,0.0000,0.0000,0.0000,0.0000,0.0000,0.0000,0.0000,0.0000,0.0000,0.0000
1700000010.850000,-60.6,52.8015,51.8652,56.4358,57.3062,59.9333,58.1808,62.0322,63.3246,66.1287,69.8570,69.7782,70.6824,70.6612,70.2353,68.0955,69.7711,64.8845,65.0000,61.7738,60.9016,57.1402,56.9386,54.6443,52.1536,51.0392,47.1699,41.1825,38.9487,33.5410,35.4683,30.6757,31.5753,30.1496,30.0167,30.0666,33.1361,32.2490,34.2345,35.3553,35.6931,40.7922,40.0250,43.7379,41.5933,44.7214,46.5296,47.0956,49.0918,51.0000,51.1566,51.6236,50.4480,0.0000,0.0000,0.0000,0.0000,0.0000,0.0000,0.0000,0.0000,0.0000,0.0000,0.0000,0.0000
1700000010.900000,-62.3,53.4883,52.8015,56.4358,57.8014,58.8303,60.2080,62.6817,64.3506,66.2873,67.1193,68.7968,71.0211,70.4911,70.3278,69.3542,68.9638,67.1193,63.9531,63.9531,61.2699,59.0931,57.7754,53.8516,53.2259,50.5668,47.0106,41.1461,39.3573,35.8469,34.6699,31.4006,31.1448,31.1448,29.2062,30.5287,32.2025,34.0147,34.5398,36.4006,37.6962,39.5601,40.8534,43.4626,43.8634,45.1885,44.7772,47.5079,49.9300,50.8035,51.2250,51.6624,50.9902,0.0000,0.0000,0.0000,0.0000,0.0000,0.0000,0.0000,0.0000,0.0000,0.0000,0.0000,0.0000
1700000010.950000,-60.5,55.7853,55.9732,57.7754,59.0931,59.4811,61.7171,66.7308,66.7308,70.7107,72.0069,72.4707,75.1332,74.6860,72.9178,72.0902,72.8972,69.3542,67.2309,64.4748,63.6946,60.7454,59.2368,57.2451,54.7814,50.6952,49.3964,44.3847,40.7063,37.5899,36.8917,33.8378,31.2410,31.1127,31.2410,31.3847,33.6155,36.6742,37.1214,38.0789,39.3954,42.5441,42.1545,45.1885,46.0977,47.8539,49.2443,50.2494,51.3128,53.0094,53.2635,53.0754,53.8145,0.0000,0.0000,0.0000,0.0000,0.0000,0.0000,0.0000,0.0000,0.0000,0.0000,0.0000,0.0000
1700000011.000000,-63.5,53.0094,54.0370,56.7274,58.0000,60.1082,60.8769,63.8905,65.8559,67.2681,68.7677,71.5052,72.9178,70.7248,71.4213,70.0928,71.4493,67.9412,65.9469,62.3699,62.3699,59.0339,56.8507,54.8179,52.4023,51.0882,47.5079,43.1856,39.6232,35.3836,34.0588,31.6228,30.5287,29.5466,30.6757,32.0156,32.5576,34.3657,35.3553,37.1214,38.1182,41.1947,42.1900,44.2832,44.2832,46.3897,46.8722,48.0521,50.9608,49.9800,52.3927,52.3259,53.0000,0.0000,0.0000,0.0000,0.0000,0.0000,0.0000,0.0000,0.0000,0.0000,0.0000,0.0000,0.0000
1700000011.050000,-60.6,55.6058,55.2178,56.6039,57.4543,61.2944,61.7171,64.8460,66.2118,69.7782,70.2140,72.4500,72.8972,73.3553,72.4707,69.9714,70.3278,68.0955,65.1920,63.8122,62.9682,58.8218,58.2495,54.2033,52.6973,50.2195,49.0918,41.8808,39.4462,36.6742,33.6155,31.9531,32.0156,30.4138,30.0666,31.0000,33.0606,34.2345,34.3657,37.3363,39.4588,42.4264,41.4367,44.5533,44.4072,47.1699,47.0425,49.0000,50.0000,51.0098,53.3385,52.7731,53.6004,0.0000,0.0000,0.0000,0.0000,0.0000,0.0000,0.0000,0.0000,0.0000,0.0000,0.0000,0.0000
1700000011.100000,-63.3,54.1295,53.3385,57.0088,57.0000,61.0000,60.0083,64.1950,66.1211,68.1836,70.0643,71.0282,71.0282,73.0000,71.0000,70.0071,72.0000,67.0000,67.0298,64.0312,62.0322,60.1332,59.0339,55.0818,54.0833,51.1566,48.0416,43.0000,41.0000,36.0139,34.2345,31.2570,29.8329,30.6757,30.4138,31.0644,34.2053,34.2053,35.4683,38.2884,40.3113,41.0122,41.7253,45.2769,45.3431,45.2769,46.0977,48.4149,51.6140,51.1077,53.2353,52.8015,52.4976,0.0000,0.0000,0.0000,0.0000,0.0000,0.0000,0.0000,0.0000,0.0000,0.0000,0.0000,0.0000
1700000011.150000,-61.4,52.0000,53.0377,54.5894,56.5685,58.0517,60.2080,61.8466,65.0000,66.7083,66.7083,69.4262,69.6348,70.4060,69.8713,68.8840,67.6018,66.4831,63.3877,63.3877,62.3939,59.2115,57.3149,52.1536,53.3385,51.2445,48.2597,42.4264,38.6394,36.8782,33.2415,32.8938,30.8707,30.5287,30.8058,30.4795,32.5576,35.3836,36.7967,37.6431,40.6079,40.4599,43.4166,44.0454,44.6878,46.0109,45.9674,48.7955,50.3289,51.2250,51.6140,52.8394,52.7731,0.0000,0.0000,0.0000,0.0000,0.0000,0.0000,0.0000,0.0000,0.0000,0.0000,0.0000,0.0000
1700000011.200000,-60.9,54.4885,54.6717,55.8032,58.2495,60.2080,64.1405,65.0000,67.2309,68.6003,68.9638,72.0694,72.9452,73.4302,72.2011,72.1110,70.7248,70.4557,66.0303,66.0303,62.8013,60.6053,57.6281,54.8179,54.6443,51.4004,50.0000,43.8292,39.9625,38.5876,34.0147,32.3110,33.2415,32.5576,32.0624,32.0156,33.0000,35.1283,36.1248,38.2099,40.1995,41.3038,44.2832,46.2709,46.1736,47.0425,48.0000,49.0000,52.0096,52.1536,56.3205,54.9181,57.2800,0.0000,0.0000,0.0000,0.0000,0.0000,0.0000,0.0000,0.0000,0.0000,0.0000,0.0000,0.0000
1700000011.250000,-63.6,53.0000,52.4309,54.6717,56.0803,58.0000,60.1082,63.6553,63.6396,65.0692,67.1789,69.2965,70.0071,70.7107,70.0357,68.8840,67.2681,66.6033,63.2535,63.1269,60.4401,57.0088,56.8507,54.0370,51.7397,50.3289,47.5079,41.1096,38.8973,36.7967,32.8024,33.0151,30.8869,30.4631,30.3645,30.5941,32.2490,34.0147,35.0571,36.0555,38.0526,40.0000,43.0116,44.0454,45.1774,45.1774,46.2709,48.6621,49.0306,50.6952,53.4509,52.5547,52.7731,0.0000,0.0000,0.0000,0.0000,0.0000,0.0000,0.0000,0.0000,0.0000,0.0000,0.0000,0.0000
1700000011.300000,-61.1,55.6058,54.4885,57.3149,60.2080,60.4401,64.0312,65.2150,67.2012,71.0282,70.2140,73.2462,75.2861,73.7564,73.7564,73.0000,72.4707,70.1783,67.2086,66.6033,62.9682,60.8276,58.7282,56.5862,53.7401,52.3259,50.9117,44.6878,41.2311,38.6005,36.0555,32.2490,30.0832,32.2800,31.5753,32.1403,34.0147,35.0000,36.0000,39.0000,41.0122,42.0119,45.0111,45.0000,46.0000,47.0000,49.0102,50.0400,53.2353,53.6004,54.5711,54.4059,55.1543,0.0000,0.0000,0.0000,0.0000,0.0000,0.0000,0.0000,0.0000,0.0000,0.0000,0.0000,0.0000
1700000011.350000,-64.0,54.0370,55.2268,56.5685,59.4643,60.9590,64.0312,65.4370,67.0075,69.2026,70.6045,74.8131,74.0270,74.0270,73.1095,72.9178,71.5052,68.6804,67.8822,66.4831,62.9365,60.8769,58.6941,55.1725,53.0754,52.3450,50.2096,45.2769,40.3609,37.6431,34.4093,32.7567,31.7805,30.6757,31.7805,33.3766,34.0588,36.0000,35.0000,39.0000,40.0000,42.0000,44.0000,46.0000,46.0000,48.0104,49.1630,50.1597,52.6118,53.1507,54.5711,54.4059,53.7122,0.0000,0.0000,0.0000,0.0000,0.0000,0.0000,0.0000,0.0000,0.0000,0.0000,0.0000,0.0000
1700000011.400000,-63.4,53.1601,53.8516,54.5619,56.7979,59.1693,61.0574,61.5873,62.9682,66.3702,67.4166,69.4622,69.4622,71.1969,71.5891,70.2140,66.1891,67.5426,62.6498,63.0714,62.6498,58.6941,56.8595,51.6236,53.3104,50.1597,47.4236,42.0476,38.4838,37.1214,32.4500,31.6228,29.7321,29.0000,28.6007,30.0167,30.4138,34.0147,35.3412,36.4006,37.6962,39.0000,39.9249,42.5441,43.8634,43.8634,44.7214,47.8853,48.8774,48.8262,51.8556,50.9902,53.0754,0.0000,0.0000,0.0000,0.0000,0.0000,0.0000,0.0000,0.0000,0.0000,0.0000,0.0000,0.0000
1700000011.450000,-61.3,56.0357,55.4707,58.6003,59.0931,62.3939,62.6259,65.1920,67.6757,68.6222,70.5762,73.1642,73.5391,73.5391,73.0069,69.3542,72.9178,67.9779,68.4251,64.8460,63.9531,61.2944,58.6686,58.3095,53.7122,52.8394,50.6063,43.4166,42.0476,36.4006,36.0555,32.9848,32.5576,32.0624,32.0000,33.0606,34.2345,35.6931,36.8782,37.8550,38.0789,41.9762,42.2019,45.3542,44.9110,46.6905,47.5184,51.2445,51.0098,54.0000,53.0377,54.3323,54.1295,0.0000,0.0000,0.0000,0.0000,0.0000,0.0000,0.0000,0.0000,0.0000,0.0000,0.0000,0.0000
1700000011.500000,-64.1,59.2115,59.0085,62.0725,61.2046,65.4905,65.6201,69.2315,72.9931,75.1332,75.9539,77.2787,79.0759,77.6466,77.4145,77.2334,77.4145,73.2462,70.1142,69.0652,68.1175,66.0000,64.0312,60.0083,59.0762,56.0000,53.0377,47.1699,44.1814,40.4475,38.0789,33.9559,33.8378,33.5410,33.2866,34.8281,36.1248,38.1838,39.6232,39.6232,43.1856,44.5982,46.0109,48.7955,48.8365,50.9117,51.6624,55.9732,56.4004,57.4282,58.3095,57.7062,57.3847,0.0000,0.0000,0.0000,0.0000,0.0000,0.0000,0.0000,0.0000,0.0000,0.0000,0.0000,0.0000
1700000011.550000,-59.9,53.4135,53.0754,54.4518,56.6392,59.5483,61.8466,63.4114,64.0312,68.4105,68.4105,71.0634,72.4707,71.7008,70.1783,70.7248,70.7672,66.6033,65.7647,64.3817,62.9365,59.4643,57.2800,53.8145,53.0377,50.2096,47.3814,43.8406,40.3609,35.6090,34.4093,31.3847,29.9666,31.9531,29.8329,30.5941,33.0606,34.0000,35.0000,37.0000,39.0000,41.0000,43.0000,44.0000,46.0109,46.0435,47.0956,48.3735,50.6360,51.1957,52.2015,52.8110,54.1295,0.0000,0.0000,0.0000,0.0000,0.0000,0.0000,0.0000,0.0000,0.0000,0.0000,0.0000,0.0000
1700000011.600000,-60.1,53.1507,52.3259,56.5862,56.6392,59.0339,57.8014,63.0079,63.0079,67.2012,68.8186,70.2140,69.8140,70.4344,70.2922,67.9412,70.0928,64.3817,65.0692,62.2415,62.2415,59.4138,56.5862,54.4518,53.0377,51.6236,46.6690,41.0366,40.3609,36.1248,33.8378,31.6228,31.3050,31.0161,30.3645,31.7805,33.2415,34.0588,36.0555,39.0128,39.0128,40.0125,40.0500,45.0999,44.1022,46.1736,47.2652,48.6621,50.2195,50.6952,51.5461,52.0000,51.4296,0.0000,0.0000,0.0000,0.0000,0.0000,0.0000,0.0000,0.0000,0.0000,0.0000,0.0000,0.0000
1700000011.650000,-63.7,52.4976,50.9313,54.4885,55.9017,58.2580,57.6281,61.4003,62.2013,65.8027,68.6003,70.0000,70.6045,70.4344,70.1783,67.2681,68.1175,63.7024,62.2896,62.9682,62.2254,57.2800,55.1543,53.0377,51.6624,50.2096,46.6905,41.8688,39.6989,35.6090,33.6155,30.5287,30.8707,29.7321,30.0832,31.2570,33.0151,34.0000,35.0000,37.0000,37.0000,40.0000,40.0125,44.0000,44.0000,46.0000,45.0444,49.2544,50.4876,50.9902,51.6624,52.4976,51.0784,0.0000,0.0000,0.0000,0.0000,0.0000,0.0000,0.0000,0.0000,0.0000,0.0000,0.0000,0.0000
1700000011.700000,-61.6,54.7449,53.2353,56.0089,58.0000,62.0322,60.0750,64.1950,66.1891,68.1175,70.0643,71.1126,72.1110,71.0634,72.0625,70.0000,71.0282,68.0074,68.0000,63.0000,63.0079,61.0082,59.0085,57.0789,54.0000,52.0000,49.0102,43.0000,41.0488,35.1283,35.5106,32.5576,31.6228,31.7805,31.7648,31.0644,35.0000,36.7967,37.5366,38.8973,38.8973,42.4264,42.4264,47.3814,46.0109,46.6905,48.9183,48.4149,52.2015,53.8516,54.2033,55.4617,54.7814,0.0000,0.0000,0.0000,0.0000,0.0000,0.0000,0.0000,0.0000,0.0000,0.0000,0.0000,0.0000
1700000011.750000,-66.9,50.2195,51.6236,53.2353,55.2268,56.0357,58.0000,61.0000,63.0000,64.0000,67.0000,68.0000,68.0000,69.0000,68.0074,68.1836,68.3593,66.3702,62.6498,62.3939,59.5399,57.7062,55.7315,53.4603,51.1566,49.2544,45.3982,41.1096,37.0135,35.0143,33.0000,32.0624,31.5753,29.1204,30.0832,31.7805,32.7567,33.2866,36.6197,38.6005,39.4081,41.0488,41.6173,43.8292,44.1022,46.1411,46.1411,48.7647,49.2443,50.1597,49.6488,51.9230,52.7731,0.0000,0.0000,0.0000,0.0000,0.0000,0.0000,0.0000,0.0000,0.0000,0.0000,0.0000,0.0000
1700000011.800000,-63.6,55.4437,54.2033,55.7584,58.3095,59.5399,61.2944,63.9531,65.7419,68.4251,68.8840,71.1126,72.0139,71.5891,70.7107,70.3278,70.3278,67.2309,64.8999,63.8122,61.2944,58.0086,58.8218,55.0000,53.0000,49.9300,47.7074,42.1900,38.4708,36.6742,33.6155,31.3209,32.0156,30.2655,30.0666,32.0000,32.0624,34.3657,34.5254,36.8782,38.6394,39.6232,41.7732,43.9318,44.5533,46.2709,47.1699,49.1630,51.0000,50.0000,52.0384,53.3385,54.3415,0.0000,0.0000,0.0000,0.0000,0.0000,0.0000,0.0000,0.0000,0.0000,0.0000,0.0000,0.0000
1700000011.850000,-64.9,54.0833,54.7083,58.5918,59.9333,60.9262,62.3939,64.8460,66.1287,69.6419,71.8679,71.5122,74.3303,72.6154,71.6938,72.4983,70.2638,68.4471,65.7419,63.9531,62.6099,62.1772,59.0593,55.4707,55.4617,52.7731,49.2443,44.3847,41.2311,37.6962,35.1710,31.7805,32.1403,31.0161,31.1448,32.3883,33.9559,35.7351,37.0000,39.2173,40.4969,42.0595,43.6578,45.2217,46.1736,47.8017,49.2443,50.9902,52.6118,53.4603,53.0848,55.0000,55.2268,0.0000,0.0000,0.0000,0.0000,0.0000,0.0000,0.0000,0.0000,0.0000,0.0000,0.0000,0.0000
1700000011.900000,-60.7,57.4543,57.2014,58.4123,60.2080,62.2415,65.0692,65.7647,67.9412,71.4493,72.1249,75.6637,77.1038,74.2765,74.5185,73.2462,72.2496,71.7008,68.2495,66.0681,64.8151,63.0079,60.6053,57.2014,54.8179,53.6004,50.6063,44.0454,43.1856,38.8973,36.1248,33.4216,33.8378,31.7805,31.3847,32.9848,34.7131,34.5254,36.6742,39.4588,42.1900,43.4166,44.4072,46.6905,45.3982,47.8539,49.2443,51.6624,54.1202,54.4243,55.5428,57.3062,55.4707,0.0000,0.0000,0.0000,0.0000,0.0000,0.0000,0.0000,0.0000,0.0000,0.0000,0.0000,0.0000
1700000011.950000,-58.8,55.6058,55.9732,57.2800,58.0000,59.6657,59.8164,64.0312,65.4370,69.0290,69.2026,71.8401,73.2462,74.6525,72.3464,71.4493,72.1803,67.8970,66.4831,62.2254,62.9682,58.7963,59.4643,55.2268,53.0377,51.6236,48.7955,45.2769,40.3113,37.5366,35.6090,30.5287,32.6497,30.4631,31.3209,32.7567,34.3657,35.1283,36.1248,38.0132,40.0000,41.0122,42.0476,45.0999,45.0999,45.2769,47.5184,50.8035,52.3927,53.8516,53.1413,55.1543,54.1202,0.0000,0.0000,0.0000,0.0000,0.0000,0.0000,0.0000,0.0000,0.0000,0.0000,0.0000,0.0000
1700000012.000000,-62.4,53.0848,55.3263,56.8858,60.2080,61.3922,63.6003,65.5210,65.2533,68.9638,70.2140,70.8802,72.8011,73.7631,73.0069,70.8308,70.0928,67.6831,66.2873,65.7343,65.1153,60.0167,57.2713,54.9181,55.5428,51.9711,49.4975,43.9318,42.2019,38.6005,36.4006,33.5410,32.7567,32.0156,33.3017,33.3017,33.3017,35.5106,37.7359,39.1152,41.0488,44.1022,44.9444,46.8722,47.4342,49.2037,50.0000,50.4480,51.7397,53.7401,53.7587,55.0000,56.3028,0.0000,0.0000,0.0000,0.0000,0.0000,0.0000,0.0000,0.0000,0.0000,0.0000,0.0000,0.0000
1700000012.050000,-63.7,56.8595,57.5847,59.2030,60.1664,60.2080,63.1506,67.7422,66.9104,70.8590,71.0211,75.5050,74.3303,73.5459,73.2462,73.4983,72.0347,71.0634,67.4463,67.7200,64.5601,61.0328,60.4401,56.6480,56.6127,53.7587,50.0000,44.9222,41.0000,37.8550,36.3456,35.0143,33.0151,32.5576,31.7805,33.8378,34.5398,37.1618,37.1618,39.8121,41.5933,43.8292,43.9090,46.9574,47.8539,49.6588,50.1597,50.9215,53.4509,54.1202,55.9017,54.4518,56.0357,0.0000,0.0000,0.0000,0.0000,0.0000,0.0000,0.0000,0.0000,0.0000,0.0000,0.0000,0.0000
1700000012.100000,-62.2,53.6656,55.1543,55.3624,57.2800,57.7235,59.6657,63.5610,64.3273,67.6831,68.4471,68.6586,70.8308,69.8570,69.3758,69.9214,69.6419,66.7608,65.1460,62.6418,60.4070,57.5847,56.3028,53.4883,52.2015,51.8652,47.7598,42.0595,39.2938,37.1080,33.3766,32.1403,32.0000,30.0666,30.2655,31.0483,31.6228,34.9285,35.8469,36.6742,38.4838,39.3954,40.7185,43.8634,44.3847,44.9444,46.4866,48.0833,50.4480,51.1957,50.6360,53.2353,53.0000,0.0000,0.0000,0.0000,0.0000,0.0000,0.0000,0.0000,0.0000,0.0000,0.0000,0.0000,0.0000
1700000012.150000,-60.7,53.0377,56.4358,55.1090,57.4891,58.9406,61.4003,63.2456,64.8460,68.3081,68.0074,71.1688,71.1688,70.8802,70.3420,70.4060,70.0928,67.6831,65.1153,64.3273,61.8142,59.4138,58.6941,54.7449,51.7880,51.4781,47.8539,42.9535,38.8330,36.1386,34.7851,30.8707,30.4138,29.6816,29.2062,31.8277,32.6497,33.6006,34.6699,36.6197,39.6611,41.0488,41.0488,43.6005,44.2041,45.4533,46.7547,49.5177,49.4975,50.2494,53.2635,53.0094,52.8394,0.0000,0.0000,0.0000,0.0000,0.0000,0.0000,0.0000,0.0000,0.0000,0.0000,0.0000,0.0000
1700000012.200000,-64.6,55.0273,55.5428,58.0517,57.7062,61.4003,61.2046,66.0681,66.0681,69.0290,70.2567,72.3395,73.4370,72.5603,71.7008,69.8713,71.5681,67.6018,66.7533,63.7887,63.7887,61.0000,58.8558,56.0892,54.1295,52.3927,48.8365,42.2966,40.1123,37.0540,34.0000,32.0156,32.1403,30.0832,31.9531,32.6497,34.4819,35.5106,35.8469,39.1152,38.8330,42.2019,42.2019,46.0435,45.4863,46.8722,48.0208,49.2443,52.3259,52.5547,53.4509,53.3667,54.5894,0.0000,0.0000,0.0000,0.0000,0.0000,0.0000,0.0000,0.0000,0.0000,0.0000,0.0000,0.0000
1700000012.250000,-62.2,52.0096,52.2398,53.7587,57.0701,58.6941,60.1664,61.4003,63.6003,66.7608,68.0074,68.9638,70.6045,70.3420,70.0928,69.6348,68.4471,66.4906,63.7887,63.1506,61.6604,58.5491,57.7062,52.4690,51.7880,50.6360,47.5184,41.7732,38.0789,36.1386,35.1141,31.0161,30.4138,31.0644,29.2062,30.4138,32.0156,32.8024,34.4093,38.6005,38.8330,38.8330,41.0488,43.0116,43.6005,44.6878,46.7547,47.4236,48.7955,50.9902,51.0882,51.4004,53.3385,0.0000,0.0000,0.0000,0.0000,0.0000,0.0000,0.0000,0.0000,0.0000,0.0000,0.0000,0.0000
1700000012.300000,-60.3,55.3624,55.0364,58.5918,60.0333,61.9112,60.7454,65.4599,66.2873,69.8928,72.1110,72.9452,73.4983,74.6257,73.0616,72.9452,73.4302,68.4763,66.6408,65.2993,63.5059,62.6498,60.3738,56.8595,56.3560,53.6656,49.6488,44.2945,42.1900,37.4433,36.4006,33.9706,33.9411,34.2053,31.9061,33.5410,35.3412,35.4683,39.0000,40.4969,43.6578,44.5982,45.2217,48.1041,48.1041,48.4665,50.1597,51.8845,54.7083,55.7584,56.6127,56.7274,56.5862,0.0000,0.0000,0.0000,0.0000,0.0000,0.0000,0.0000,0.0000,0.0000,0.0000,0.0000,0.0000
1700000012.350000,-60.3,51.8652,51.2250,53.1507,55.9732,56.5685,59.4643,61.7171,63.1269,64.5368,65.8559,68.6222,69.4262,70.0357,68.5930,68.5930,67.1789,65.7647,61.6198,62.9682,61.5549,57.4891,55.1725,51.7397,50.9313,49.5177,46.6690,40.3113,38.8973,36.2353,33.8378,32.7567,32.6956,30.6757,32.0156,31.2570,33.1361,34.0588,35.0571,37.0000,39.0000,41.0000,43.0000,44.0114,45.0111,46.0977,47.0956,49.2544,50.6360,50.2195,52.2015,52.5547,52.3259,0.0000,0.0000,0.0000,0.0000,0.0000,0.0000,0.0000,0.0000,0.0000,0.0000,0.0000,0.0000
1700000012.400000,-60.5,54.2033,53.9073,55.1543,58.6941,59.5483,61.0737,64.8151,65.6049,68.6003,69.5270,72.3464,71.7008,72.2496,70.8378,70.0357,70.8378,67.2681,65.7647,64.3817,63.6553,59.4138,57.9828,55.1725,53.7401,50.9117,48.7955,44.5982,40.4599,37.8021,35.8050,33.6155,32.2025,31.3209,30.8058,33.2415,34.1321,35.0143,36.0139,37.0000,39.0000,42.0000,42.0000,45.0000,46.0109,47.0000,48.0416,49.2544,51.3517,53.1507,55.0818,53.1413,53.2259,0.0000,0.0000,0.0000,0.0000,0.0000,0.0000,0.0000,0.0000,0.0000,0.0000,0.0000,0.0000
1700000012.450000,-59.4,52.3450,54.0370,55.8032,59.6406,60.2080,62.2656,63.6318,66.3702,67.2309,68.9638,70.7107,72.0694,72.2011,71.3442,70.4557,69.0652,67.1193,64.4050,65.2150,62.0081,58.8982,58.4123,53.4135,53.8238,50.8035,49.4065,43.0116,40.4969,38.9487,34.0147,33.2415,31.6228,31.7805,31.2570,33.0000,34.0000,35.2278,35.1283,38.3275,41.3038,40.3113,44.1814,44.2832,46.1736,47.0425,48.0000,51.0000,51.0392,52.1536,54.3323,52.9528,55.0818,0.0000,0.0000,0.0000,0.0000,0.0000,0.0000,0.0000,0.0000,0.0000,0.0000,0.0000,0.0000
1700000012.500000,-61.7,53.1507,52.0000,53.0094,57.0789,57.2189,58.3095,61.6604,63.7887,64.4981,66.7533,68.5930,68.4690,69.4622,68.2642,68.0661,67.1193,66.0303,63.0079,62.0081,59.0000,57.0000,56.0000,52.0000,52.0096,49.0000,46.0000,41.0000,37.0540,35.2278,33.5410,31.7805,31.0161,29.5466,30.0167,30.0000,30.6105,33.2415,35.3553,38.1838,39.5980,39.6232,41.7253,43.8406,44.5533,45.3431,46.7547,47.6340,49.0918,48.8774,50.1199,51.4781,50.5964,0.0000,0.0000,0.0000,0.0000,0.0000,0.0000,0.0000,0.0000,0.0000,0.0000,0.0000,0.0000
1700000012.550000,-63.7,56.4358,56.7979,58.6941,60.1664,62.6259,63.3246,67.4463,69.1231,70.6045,72.8011,75.0000,75.9605,75.5844,75.8947,74.0945,73.3894,69.6419,69.0797,66.8506,66.7083,63.5610,61.8466,57.7754,56.0803,54.6260,51.2640,45.8803,43.3244,39.8497,35.6931,34.5254,34.0147,33.0151,31.2570,34.9285,35.4401,37.3363,39.2173,41.2311,42.5441,44.0114,45.6946,48.7032,48.1041,50.5964,51.2445,52.6308,55.9017,56.7186,57.3149,58.0086,57.1402,0.0000,0.0000,0.0000,0.0000,0.0000,0.0000,0.0000,0.0000,0.0000,0.0000,0.0000,0.0000
1700000012.600000,-63.1,54.0833,55.4707,56.3649,59.0931,61.4654,62.0322,64.8460,65.7875,68.9493,70.2282,71.5122,73.3894,74.0945,73.0069,71.5891,71.1758,68.5420,66.6408,65.7419,63.9531,60.9016,60.8276,55.9017,54.5619,53.2353,50.9902,43.8634,42.1545,38.2753,35.1710,32.7567,33.2415,34.0147,33.0151,34.3657,35.6931,38.3275,39.0512,40.2616,43.6807,43.6807,46.1736,46.8402,48.5077,49.4773,50.9902,52.7731,55.3263,54.1479,55.0000,57.1402,55.9017,0.0000,0.0000,0.0000,0.0000,0.0000,0.0000,0.0000,0.0000,0.0000,0.0000,0.0000,0.0000
1700000012.650000,-60.2,55.4617,52.9245,56.9210,57.2800,60.1664,61.6117,63.3482,65.1153,68.6586,70.4060,70.6116,72.7805,72.2772,71.3092,69.2604,70.8802,68.3081,66.7308,62.6418,62.6259,59.4643,57.2451,56.0803,53.4509,52.2015,48.3839,42.7200,40.5216,38.0789,35.3553,32.1403,32.0156,32.1403,32.7567,33.2415,34.7851,36.4006,37.1618,40.3113,40.7185,43.4626,42.9535,47.9270,46.6154,48.1041,48.7032,50.0000,52.1728,54.9181,54.5894,56.1427,55.0364,0.0000,0.0000,0.0000,0.0000,0.0000,0.0000,0.0000,0.0000,0.0000,0.0000,0.0000,0.0000
1700000012.700000,-64.2,54.4059,56.8507,56.5862,61.5224,60.8769,62.3699,65.2993,66.0681,69.6563,71.0634,73.1095,73.0000,73.6614,73.5935,72.8629,71.4493,69.2965,65.7647,64.3506,62.9365,60.8276,60.8276,55.1725,54.4885,54.4518,49.5177,45.3431,42.5206,39.2046,35.5106,34.4819,32.6956,33.8378,32.7567,35.2278,36.1248,38.0132,40.0500,42.0000,44.0114,45.0444,47.0106,48.0000,51.0098,50.0400,51.1566,52.3450,54.5894,55.1090,56.7539,56.9210,57.7754,0.0000,0.0000,0.0000,0.0000,0.0000,0.0000,0.0000,0.0000,0.0000,0.0000,0.0000,0.0000
1700000012.750000,-64.3,50.4480,53.9351,54.4518,56.2228,59.0762,60.0750,62.0322,65.0077,67.0671,68.0294,69.0290,70.0286,69.1158,69.1809,68.4690,68.5930,65.3758,62.9682,62.8013,59.8415,58.2495,56.2939,52.9528,52.6118,50.4876,46.5296,41.4367,37.1214,37.0135,34.0000,32.0156,31.2570,31.7805,31.3209,33.2415,33.1059,34.9857,36.8917,39.6611,41.3401,39.9625,42.7200,45.2769,46.1411,46.9574,47.4236,49.7695,51.8652,51.2445,53.6004,53.7587,55.2268,0.0000,0.0000,0.0000,0.0000,0.0000,0.0000,0.0000,0.0000,0.0000,0.0000,0.0000,0.0000
1700000012.800000,-65.5,53.7587,55.1453,56.0089,59.0000,60.0333,62.2013,64.3817,67.2681,68.3593,70.2567,72.2496,72.2496,73.0274,72.0278,72.0000,71.0070,68.0074,66.0000,64.0078,63.0714,60.0333,59.1354,56.0803,55.0091,51.0392,50.0100,44.0454,40.1123,36.1248,34.5254,32.9848,31.6228,32.2025,31.3847,34.4093,34.8281,37.5366,38.9487,40.3113,41.0366,43.8406,45.2548,46.6905,47.5079,48.9183,49.8197,52.4309,53.5350,55.0727,55.9017,56.4624,56.3205,0.0000,0.0000,0.0000,0.0000,0.0000,0.0000,0.0000,0.0000,0.0000,0.0000,0.0000,0.0000
1700000012.850000,-62.4,55.0364,55.7136,57.0088,57.7235,61.6117,63.3482,65.1153,67.8970,68.0661,70.2140,72.0069,73.5459,72.7805,72.0347,71.3092,70.0928,70.3420,66.0984,65.8027,63.3246,61.0328,59.1354,55.6597,55.0818,51.5461,48.0833,42.2019,40.7922,37.6563,34.1321,34.0588,34.0147,32.1403,33.5410,32.0156,35.7351,37.5766,37.5766,40.7063,41.1461,42.5441,45.6180,47.8539,47.9270,50.3289,49.9800,53.1601,52.8867,53.9351,56.7186,58.0775,57.0000,0.0000,0.0000,0.0000,0.0000,0.0000,0.0000,0.0000,0.0000,0.0000,0.0000,0.0000,0.0000
1700000012.900000,-62.0,53.0848,54.4518,55.9017,58.4637,58.9406,62.3618,64.8460,67.0522,68.0074,69.6419,71.3092,74.2159,71.8053,72.7805,71.3863,69.4262,69.4262,64.7765,65.7647,61.6604,59.3043,57.4282,55.4437,52.6118,51.3517,48.8365,42.7551,39.8121,37.1080,34.7851,32.6956,31.7648,31.0644,32.6497,33.9706,35.3836,37.0135,37.6431,41.2311,42.6380,42.6380,46.0977,46.2277,49.5782,48.8365,50.2096,52.3450,53.2635,54.2033,54.9181,55.4707,57.2713,0.0000,0.0000,0.0000,0.0000,0.0000,0.0000,0.0000,0.0000,0.0000,0.0000,0.0000,0.0000
1700000012.950000,-64.0,50.1597,53.6656,55.0727,57.4543,57.6888,60.2163,63.4114,64.4050,67.4240,67.2012,68.8186,70.2140,69.8928,69.8928,69.6419,68.2642,65.5134,62.2656,62.7694,60.9016,59.0593,56.3560,52.3546,53.5350,50.6063,47.1699,42.4382,39.6611,37.0135,32.5576,32.5269,32.0156,31.6228,31.7648,32.6956,33.8378,37.1080,38.6005,40.5216,42.2019,43.4166,44.3847,47.1275,46.8402,47.1275,49.3964,51.6236,52.3927,52.7731,55.2268,55.2178,55.3173,0.0000,0.0000,0.0000,0.0000,0.0000,0.0000,0.0000,0.0000,0.0000,0.0000,0.0000,0.0000
1700000013.000000,-64.2,55.3173,57.2800,57.0088,62.2415,60.8358,65.3070,67.1193,69.3542,71.5542,72.0694,73.8241,75.1798,76.0263,73.3485,75.2396,71.6938,70.3847,67.2309,67.6240,64.6220,61.6847,59.8080,55.3624,56.4624,52.8015,50.1597,43.8292,41.5933,40.8167,34.4093,34.2053,34.6554,34.0588,33.8378,34.4819,35.7771,38.6264,39.9249,43.3244,46.4866,44.5982,48.1041,49.7695,50.6952,52.8015,51.8941,55.4707,55.2268,57.1402,58.2495,58.8982,59.3970,0.0000,0.0000,0.0000,0.0000,0.0000,0.0000,0.0000,0.0000,0.0000,0.0000,0.0000,0.0000
1700000013.050000,-62.4,56.5155,57.0701,57.3149,61.1310,63.0317,65.0000,67.0075,68.0294,72.0000,72.0069,74.0000,75.0000,75.0067,75.0267,73.1710,72.1110,70.0643,67.2681,67.1863,64.1950,62.2896,60.2080,57.3149,56.0803,53.1507,51.0882,45.0000,40.0125,38.1182,36.3456,34.7131,32.5730,34.0147,34.4819,34.1321,37.2022,38.4187,39.8246,41.8688,44.5982,44.6878,46.7547,49.6790,50.4480,51.8556,52.2015,54.6443,55.7584,57.3062,57.6975,59.2368,60.7289,0.0000,0.0000,0.0000,0.0000,0.0000,0.0000,0.0000,0.0000,0.0000,0.0000,0.0000,0.0000
1700000013.100000,-60.2,56.7539,56.3028,56.8595,60.4152,63.0714,62.6099,67.1193,68.4251,72.0694,72.4500,73.7902,76.0263,76.9675,74.7329,73.1642,72.9178,68.0294,69.6419,65.0000,64.2573,62.2977,60.4070,56.6480,55.1543,53.4883,50.6952,46.0977,40.7063,37.5899,37.4433,33.4216,33.9706,33.4216,34.2053,35.5106,37.5899,38.4838,40.3113,42.5441,43.8634,46.6154,48.4665,50.5668,50.9902,51.8845,51.4781,53.8516,56.8595,57.8014,58.2580,58.6941,59.5483,0.0000,0.0000,0.0000,0.0000,0.0000,0.0000,0.0000,0.0000,0.0000,0.0000,0.0000,0.0000
1700000013.150000,-61.4,55.6058,56.8595,58.6686,60.4152,62.6099,64.8460,68.4471,67.9779,72.0139,72.9178,74.7329,76.0263,74.2428,72.8972,72.2011,72.9452,69.4622,67.7422,66.3702,64.6607,60.4649,59.6406,57.1402,53.7122,52.4786,50.6063,43.9090,40.2492,38.0789,37.3363,33.9559,33.7343,33.1361,34.0147,35.0571,37.4833,38.8330,40.0250,42.4500,44.1475,46.3249,47.5395,50.2195,49.8197,52.6118,51.3517,55.1453,57.0351,59.0085,58.1378,59.5399,59.4390,0.0000,0.0000,0.0000,0.0000,0.0000,0.0000,0.0000,0.0000,0.0000,0.0000,0.0000,0.0000
1700000013.200000,-61.9,55.0091,53.8516,58.8218,58.8218,63.2535,61.7171,66.6033,68.1175,71.5891,74.5185,74.5185,75.2861,74.6525,73.4098,71.6101,73.2462,67.8012,69.4046,65.2150,63.6003,59.3633,58.8218,57.1402,54.4059,52.4309,48.8262,41.8688,40.3609,34.6554,37.0135,32.4500,32.7567,33.1059,31.6228,34.2053,37.8550,38.4708,39.3192,42.1900,43.1856,47.2652,46.1736,51.3517,49.6488,52.4690,52.1728,54.3415,56.0446,58.1893,58.3095,57.6975,56.9386,0.0000,0.0000,0.0000,0.0000,0.0000,0.0000,0.0000,0.0000,0.0000,0.0000,0.0000,0.0000
1700000013.250000,-62.1,56.0446,57.7062,60.2080,62.1289,65.0077,66.0000,71.0000,71.0070,73.0000,75.0000,78.0256,78.0577,78.1025,76.1052,74.3303,75.4255,72.3395,68.7314,69.5845,66.6108,63.7887,60.5310,57.8705,57.3149,54.5894,51.3517,45.0999,42.0000,41.0122,37.1214,34.5254,35.1710,34.1760,34.0147,34.4819,37.7359,40.2244,40.8044,42.2019,45.8039,48.0104,49.4065,52.4309,51.8652,53.0000,54.2033,55.4707,58.6941,58.6941,61.0328,60.6383,60.8276,0.0000,0.0000,0.0000,0.0000,0.0000,0.0000,0.0000,0.0000,0.0000,0.0000,0.0000,0.0000
1700000013.300000,-60.8,52.8867,53.1507,55.4437,58.4209,61.1310,61.0737,65.0692,66.0681,68.0661,70.1142,71.2531,72.2496,72.3395,70.3491,70.5762,69.5845,66.4831,64.7765,63.5059,62.6498,58.6941,57.7062,55.1090,52.4690,49.6488,45.5412,42.2966,39.0128,37.0000,34.2345,33.3766,32.2800,33.2415,34.0147,33.6155,35.8469,37.4433,38.8330,40.8044,42.2019,44.8219,46.4004,49.4065,47.4342,50.4777,50.2494,53.2353,55.0091,56.0803,56.9210,57.0088,56.8858,0.0000,0.0000,0.0000,0.0000,0.0000,0.0000,0.0000,0.0000,0.0000,0.0000,0.0000,0.0000
1700000013.350000,-61.3,53.8516,54.7083,56.0446,59.6657,62.1691,63.7887,66.7533,66.7533,70.7107,71.8471,73.3485,74.1485,75.3127,72.5672,72.2772,72.5672,67.6831,65.9697,64.0312,62.8172,61.4003,57.7235,54.8179,54.3415,51.4198,49.0306,42.4264,41.1947,38.0132,35.0143,33.1361,32.7567,33.5261,34.1760,36.2353,38.0789,39.9625,40.4969,43.2666,45.2217,46.6154,47.7074,50.2494,51.6236,51.6236,52.8394,55.0091,55.9464,57.5847,60.0833,60.6383,58.8558,0.0000,0.0000,0.0000,0.0000,0.0000,0.0000,0.0000,0.0000,0.0000,0.0000,0.0000,0.0000
1700000013.400000,-58.3,52.2015,55.3624,55.0364,61.2699,58.5918,64.4127,65.7647,66.6483,68.4251,68.4763,72.5603,73.0616,72.4707,71.5891,72.9178,67.5426,68.8767,63.5610,64.8845,61.4654,60.1664,57.3847,52.3927,53.2353,50.5668,47.4131,43.0465,38.2753,38.6005,32.5576,33.9411,33.4216,33.0151,33.1210,34.0147,34.1760,38.3275,39.5601,42.4500,45.8803,44.3847,47.5395,48.0833,51.8652,51.6236,51.0784,54.1295,55.4707,54.2033,57.8014,56.8595,59.5483,0.0000,0.0000,0.0000,0.0000,0.0000,0.0000,0.0000,0.0000,0.0000,0.0000,0.0000,0.0000
1700000013.450000,-59.0,41.7732,45.3542,45.8803,46.8188,48.1041,52.2015,53.2259,54.1295,54.6260,57.3847,57.2713,59.0931,59.2368,56.3028,57.5674,56.9210,54.4243,54.4059,51.2445,49.0408,47.1275,45.6070,42.7200,41.1096,39.2173,38.2753,33.1059,28.2312,32.2025,28.0179,26.9072,24.7588,25.6125,27.2029,27.2947,31.3847,31.7805,32.2025,33.1059,36.7696,37.5766,39.8246,41.2311,40.7185,43.4166,44.4185,45.7930,47.2017,47.8017,47.5079,46.6905,48.4149,0.0000,0.0000,0.0000,0.0000,0.0000,0.0000,0.0000,0.0000,0.0000,0.0000,0.0000,0.0000
1700000013.500000,-60.8,55.4437,53.0094,59.3633,60.9016,66.2420,63.0635,69.3181,71.1126,72.8972,73.7902,76.0592,75.1798,74.7930,74.7930,73.0616,73.0616,69.4622,69.1158,65.0000,63.2851,59.6825,59.1693,57.4543,53.7122,52.8394,48.7647,44.7772,42.7200,38.6005,36.6742,35.3553,35.0571,35.0143,35.2278,38.3275,39.8121,41.4849,42.7200,43.9659,46.1736,50.0000,49.3356,54.1202,51.6624,54.5711,55.5428,56.8858,59.5399,61.2046,62.0322,62.0322,61.4003,0.0000,0.0000,0.0000,0.0000,0.0000,0.0000,0.0000,0.0000,0.0000,0.0000,0.0000,0.0000
1700000013.550000,-60.7,54.2033,56.3560,57.9396,60.1664,61.3514,63.2456,67.6757,68.6222,71.7844,71.7844,74.9466,74.9466,75.2728,72.4500,72.2357,73.1642,67.2309,67.2309,63.6946,63.1585,59.5063,57.7754,56.8595,54.0833,52.5547,49.9800,43.9659,41.2311,38.6394,38.2099,34.0147,36.0139,36.4966,34.9285,39.2938,40.1622,42.7200,44.0114,45.6946,46.6154,49.3964,49.7695,53.1413,51.8652,54.0833,55.0818,56.7539,60.0167,61.0000,61.2944,61.0737,62.0725,0.0000,0.0000,0.0000,0.0000,0.0000,0.0000,0.0000,0.0000,0.0000,0.0000,0.0000,0.0000
1700000013.600000,-63.6,51.8941,54.0833,55.3624,60.1664,59.4390,63.7887,63.3482,67.2681,69.6348,67.4685,73.5459,72.5672,71.3092,70.6045,71.1688,67.7200,67.0522,62.2977,63.6003,61.0328,58.1893,56.9210,52.2015,52.8867,50.0000,47.5395,42.5793,40.6079,39.1152,34.0147,34.0588,36.4966,34.9285,34.7851,36.4006,38.0132,41.1461,42.4853,43.8292,48.7647,46.5188,51.4296,50.5668,52.8015,53.8516,54.4243,55.0273,58.9406,56.5155,58.8558,59.4138,60.0000,0.0000,0.0000,0.0000,0.0000,0.0000,0.0000,0.0000,0.0000,0.0000,0.0000,0.0000,0.0000
1700000013.650000,-62.6,51.1957,51.6236,55.2268,58.1378,59.0339,60.0333,66.0076,65.0000,67.0000,69.0072,72.0625,72.1110,72.0625,71.1126,68.2642,68.1836,64.1950,63.2851,61.2046,60.1332,57.2189,56.1427,51.0882,51.0098,49.0408,46.0435,41.1096,39.3192,37.6563,35.4401,34.1760,34.8855,36.7151,36.8917,37.0135,39.6989,40.3609,43.1856,45.2769,45.2769,48.8365,46.6905,53.0754,51.2250,53.4135,53.0094,55.4707,58.8303,58.1808,59.0931,59.2368,59.4811,0.0000,0.0000,0.0000,0.0000,0.0000,0.0000,0.0000,0.0000,0.0000,0.0000,0.0000,0.0000
1700000013.700000,-63.5,53.3385,57.7062,58.4637,62.8172,63.6003,66.7608,69.2604,69.9214,75.2861,75.2861,78.1601,78.7464,75.9605,76.9220,74.7329,74.2159,73.2462,66.9403,68.1542,64.7611,62.5859,60.6383,54.5711,55.0273,53.4509,49.9800,45.3100,43.3820,41.6773,38.0132,38.2884,40.3113,39.6989,41.4005,43.2666,44.2945,47.8853,49.2443,50.6063,52.3546,52.3546,55.5698,56.4358,58.3095,59.3633,58.8218,62.0081,62.3699,63.0317,65.7647,66.6033,66.6108,0.0000,0.0000,0.0000,0.0000,0.0000,0.0000,0.0000,0.0000,0.0000,0.0000,0.0000,0.0000
1700000013.750000,-61.4,53.7122,54.0833,59.0339,61.0737,63.7809,64.5368,67.9412,68.6804,73.0000,74.5185,75.4321,76.8375,77.0065,74.4043,72.4224,72.8011,68.0074,68.2422,66.6108,65.4599,60.4649,58.8218,55.2178,54.0370,52.2015,48.2701,43.8406,42.5206,39.8246,39.6611,38.0789,39.3954,39.9249,41.1096,43.4166,43.9318,46.6905,46.6905,49.8197,49.8197,52.7731,54.7449,57.2713,56.5155,58.6941,59.7746,61.3514,60.5392,63.5610,65.2993,64.8999,63.4114,0.0000,0.0000,0.0000,0.0000,0.0000,0.0000,0.0000,0.0000,0.0000,0.0000,0.0000,0.0000
1700000013.800000,-63.1,58.1378,61.0082,62.0725,67.1193,67.2681,73.2462,75.2396,77.2334,81.1542,79.2275,82.3893,83.3847,82.1523,81.0987,79.0063,78.0577,76.0263,72.0069,72.0000,68.0074,66.0303,63.0317,60.0333,59.2115,58.2151,54.3323,49.6488,46.0977,44.6430,42.7200,42.1545,41.5933,42.7200,44.6542,47.0106,48.1664,51.6236,51.6236,53.0377,55.8659,57.2800,59.4138,60.2080,62.3699,63.4114,64.2028,66.8506,67.4166,67.1193,69.7711,68.4471,69.5701,0.0000,0.0000,0.0000,0.0000,0.0000,0.0000,0.0000,0.0000,0.0000,0.0000,0.0000,0.0000
1700000013.850000,-62.1,57.8014,60.2080,62.6498,67.6018,69.7711,74.2428,76.0263,78.2624,80.0625,79.7559,83.0060,84.7231,82.1523,81.8352,80.1561,78.8923,77.6981,73.7835,72.4017,69.3397,67.6757,65.1920,61.5873,61.4003,57.8014,55.9464,50.1597,47.7598,47.1275,45.8912,45.5412,46.2709,47.0106,46.0109,50.0899,50.2494,55.3263,55.2268,56.3205,58.3095,58.4209,62.3939,63.1981,65.1920,65.0692,66.0000,69.0290,69.1158,69.5845,70.2140,71.5681,70.5195,0.0000,0.0000,0.0000,0.0000,0.0000,0.0000,0.0000,0.0000,0.0000,0.0000,0.0000,0.0000
1700000013.900000,-63.9,57.3062,61.7414,64.0781,70.9366,70.8378,73.7360,75.6108,80.3243,81.7068,81.3449,85.0941,83.5703,84.3090,82.0792,81.4371,81.0247,77.8781,74.2496,72.4983,71.1758,67.1193,66.7083,62.6498,60.4070,58.8218,57.5674,51.1957,47.8539,46.2709,45.0444,45.0111,47.1699,47.6760,47.8539,51.1957,52.6308,55.3624,56.6127,58.2409,60.7289,59.9083,64.0312,64.2884,66.4906,67.4685,66.7533,70.7107,71.1758,71.1126,74.0068,73.1095,73.8241,0.0000,0.0000,0.0000,0.0000,0.0000,0.0000,0.0000,0.0000,0.0000,0.0000,0.0000,0.0000
1700000013.950000,-61.1,57.7062,59.0593,66.2873,69.3397,70.4557,74.6324,78.4920,77.6660,82.9277,82.9277,87.1321,87.1321,86.6083,84.0595,81.6333,81.1234,79.0759,74.4312,75.4718,71.8679,66.8880,67.4240,65.1920,60.2163,59.0339,56.7274,53.0377,50.3289,49.8197,49.4065,47.1699,50.6063,50.9902,50.3289,49.3356,57.2800,58.5235,58.9406,59.9083,63.3246,65.2533,67.4463,68.6804,69.2604,69.8928,70.3847,73.5391,74.6860,75.1332,76.3217,77.6660,74.6525,0.0000,0.0000,0.0000,0.0000,0.0000,0.0000,0.0000,0.0000,0.0000,0.0000,0.0000,0.0000
1700000014.000000,-62.0,57.0088,57.6975,65.0000,66.0379,72.9452,70.4557,78.4920,77.9359,81.8352,82.6801,83.8630,84.3801,81.9878,83.3547,80.5295,80.6226,76.5376,74.7061,71.8679,71.0211,70.4911,66.8880,64.3506,61.8547,59.4054,55.6058,53.0377,52.4976,52.4976,47.8017,52.1536,51.4296,52.3927,52.0000,55.7136,54.4059,58.2409,60.0833,60.0833,61.4003,63.3246,65.1460,68.6222,69.2604,69.8928,70.7743,72.0902,73.3485,75.5910,78.2304,76.0263,76.4853,0.0000,0.0000,0.0000,0.0000,0.0000,0.0000,0.0000,0.0000,0.0000,0.0000,0.0000,0.0000
1700000014.050000,-62.0,62.2656,66.1891,73.9256,75.6439,81.5414,81.3449,85.2350,88.1419,93.5201,93.9415,94.3663,93.4719,95.2575,91.3017,92.2822,90.3383,83.6301,85.4751,80.9506,82.3468,76.4853,74.7329,72.9178,71.6938,70.0071,63.5689,60.8769,62.1691,58.8558,60.0750,57.0789,61.0082,61.0737,59.2115,62.5140,65.9242,67.0820,66.0984,70.0357,67.7422,72.0069,70.4060,78.0897,76.4199,76.7919,79.2275,79.2275,81.0247,86.0233,85.5862,82.0366,80.5233,0.0000,0.0000,0.0000,0.0000,0.0000,0.0000,0.0000,0.0000,0.0000,0.0000,0.0000,0.0000
1700000014.100000,-63.4,61.9112,68.4763,72.4983,77.3886,78.3901,85.4927,87.6641,91.7061,90.3383,93.9415,94.8262,92.1792,92.7847,91.0659,90.5538,91.3017,86.8332,85.0882,82.3650,79.6492,77.8974,73.7902,73.3485,72.0902,68.8767,67.4166,62.9365,60.1664,59.2284,60.8276,53.2353,59.0085,60.0083,61.0328,63.1269,67.1863,67.1863,68.1175,68.3593,70.3491,71.1126,74.4312,74.1687,74.1687,76.0592,77.0065,80.0062,80.0062,80.6226,84.0119,81.4923,81.6088,0.0000,0.0000,0.0000,0.0000,0.0000,0.0000,0.0000,0.0000,0.0000,0.0000,0.0000,0.0000
1700000014.150000,-63.1,65.0308,71.0282,77.1622,81.0555,84.0952,87.0919,92.0217,91.0494,94.0479,97.0000,97.0206,98.0204,101.1237,97.0206,94.1329,93.0054,87.0517,85.0235,85.0059,84.0060,79.0063,79.0063,75.0267,75.1066,72.1734,70.4557,65.9242,64.7611,61.0328,60.7454,62.7694,60.8358,64.4050,64.0078,63.8122,65.7343,69.0652,68.5055,69.6348,69.6348,72.6705,74.6324,77.1038,75.7166,78.7718,78.3901,81.4923,80.4984,83.0060,84.7585,82.2800,84.9294,0.0000,0.0000,0.0000,0.0000,0.0000,0.0000,0.0000,0.0000,0.0000,0.0000,0.0000,0.0000
1700000014.200000,-62.9,71.0070,74.1687,78.2304,83.2947,90.6697,89.2020,93.3435,95.2575,98.1835,102.0784,100.0450,102.0196,100.0200,102.0049,98.0051,98.0459,90.0000,90.0500,87.0057,89.0000,83.0241,80.0250,80.0062,76.6551,78.4092,72.8354,69.2315,68.6586,64.2884,65.4599,63.9062,64.6220,63.5610,67.1193,68.4763,68.0955,68.6003,71.3442,72.4017,73.4983,75.2928,77.1751,78.5493,77.6981,78.7718,79.6492,80.0562,83.3847,84.8646,86.9770,85.8662,86.1452,0.0000,0.0000,0.0000,0.0000,0.0000,0.0000,0.0000,0.0000,0.0000,0.0000,0.0000,0.0000
1700000014.250000,-65.8,68.0074,75.6108,82.6378,88.2553,92.6984,94.9210,97.4064,99.9300,102.2008,103.0922,104.0433,105.3043,103.7401,102.1421,99.4585,98.2344,97.4166,91.9239,91.7061,88.8651,89.8443,85.7030,80.9568,82.4621,78.7909,77.3886,71.1196,70.3278,68.6003,67.8012,67.2012,67.4759,67.3573,69.3109,69.3109,67.4759,74.5185,73.1095,75.6042,76.8375,75.9276,76.6942,80.2808,80.8084,80.1561,81.3204,84.8646,84.9588,86.5563,87.3212,85.4459,88.6848,0.0000,0.0000,0.0000,0.0000,0.0000,0.0000,0.0000,0.0000,0.0000,0.0000,0.0000,0.0000
1700000014.300000,-61.5,69.6419,72.5328,79.5550,87.8009,83.6780,92.8924,92.6499,92.4446,97.2677,98.7623,101.8332,99.9300,99.2975,99.2975,95.8593,93.3006,93.3006,87.3155,90.1388,86.6487,85.7263,82.9699,76.4003,80.0500,77.1298,72.3671,71.5681,68.2642,68.1836,68.0000,64.0000,66.1211,67.2681,66.6108,65.9242,67.2681,68.2495,70.0928,69.8570,71.5891,72.7805,74.9533,76.2955,76.9025,77.2787,74.5252,79.6304,79.2275,79.1012,80.0000,80.1561,81.3941,0.0000,0.0000,0.0000,0.0000,0.0000,0.0000,0.0000,0.0000,0.0000,0.0000,0.0000,0.0000
1700000014.350000,-63.5,69.8713,75.3127,81.5843,86.3134,89.2693,93.7443,93.7443,96.3379,98.8585,98.3107,103.0970,101.9657,99.5038,98.8585,95.5249,94.8947,93.0591,88.1192,90.0944,88.4590,83.7257,81.3941,77.4661,79.5550,76.4003,72.8011,69.8928,69.6419,69.0797,63.5059,64.8845,66.3702,65.0000,62.6817,65.8027,65.4370,68.7677,68.6804,68.1175,72.1388,70.8378,72.9178,75.0067,74.3303,75.8222,74.8131,81.0555,79.6304,79.4040,80.7775,79.6492,78.9240,0.0000,0.0000,0.0000,0.0000,0.0000,0.0000,0.0000,0.0000,0.0000,0.0000,0.0000,0.0000
1700000014.400000,-61.0,71.3442,76.5376,79.6492,87.2353,89.0056,92.6607,93.6483,94.0213,97.4166,97.1288,100.3444,99.4786,99.1262,97.9439,96.5194,94.0319,92.1141,88.2043,90.4268,88.2043,84.3149,81.8352,78.8923,79.2023,75.1532,74.3236,69.8570,70.2282,67.6757,65.5210,66.9403,65.7343,64.9384,63.6396,63.5059,65.1920,68.0294,67.0298,68.0074,70.0071,70.0643,72.0278,73.0616,74.0270,74.3303,75.4255,76.4199,77.2787,76.4853,79.3095,80.0812,79.1202,0.0000,0.0000,0.0000,0.0000,0.0000,0.0000,0.0000,0.0000,0.0000,0.0000,0.0000,0.0000
1700000014.450000,-62.5,77.2010,81.0432,84.1724,91.9239,93.6216,98.2344,100.6876,100.6876,103.8460,104.0433,108.5035,108.7842,105.9481,104.0625,99.5389,101.9510,99.0202,93.6376,97.0824,92.6553,90.7579,87.5957,81.9085,83.9345,80.0812,78.8543,76.4853,71.3863,74.4312,68.2642,69.1158,69.0072,70.0286,69.1809,69.3542,70.3491,70.3491,69.4622,69.7209,71.8471,74.8131,74.8131,76.6551,77.7817,79.5110,78.5175,80.2247,80.0250,81.0062,82.2192,79.6304,83.7437,0.0000,0.0000,0.0000,0.0000,0.0000,0.0000,0.0000,0.0000,0.0000,0.0000,0.0000,0.0000
1700000014.500000,-61.4,79.2465,82.9759,90.4710,93.6216,95.5667,99.4636,100.4390,104.9238,104.9238,106.7052,109.1787,106.7052,107.2007,103.8171,100.8415,104.0865,100.9752,97.6217,96.3379,93.0591,91.0824,87.8635,85.1587,86.3481,83.4326,81.4923,77.4919,70.8378,72.2357,69.4622,68.8767,66.6483,68.9638,67.1193,66.8506,70.8025,72.0069,69.0290,71.8401,71.8401,74.5185,75.2861,77.4661,74.0270,77.2010,77.8010,79.8812,80.4550,83.2406,82.7345,81.0247,80.3243,0.0000,0.0000,0.0000,0.0000,0.0000,0.0000,0.0000,0.0000,0.0000,0.0000,0.0000,0.0000
1700000014.550000,-60.9,74.6525,75.9276,83.4865,83.7377,90.6863,88.6172,96.5401,94.4934,97.4526,100.0000,102.0049,100.0000,100.0000,98.6002,96.2601,96.6747,92.2009,91.0220,86.6833,87.4586,80.6040,83.2406,78.2432,78.5684,75.6902,73.5527,69.3109,68.8840,65.2993,66.6108,62.4260,63.8122,64.0078,63.1348,60.3738,66.3099,66.1287,65.5515,66.7308,66.7308,69.2604,70.5195,73.7360,71.8679,70.3847,72.6154,73.3485,77.8267,79.7559,78.2304,76.8440,77.8974,0.0000,0.0000,0.0000,0.0000,0.0000,0.0000,0.0000,0.0000,0.0000,0.0000,0.0000,0.0000
1700000014.600000,-61.6,77.6209,78.2432,85.1469,88.8651,95.0158,93.0860,98.0816,97.8366,103.7111,103.4070,107.6476,105.4372,103.4698,102.0784,101.8332,100.6032,94.2019,95.8019,91.2140,91.2140,86.0523,86.4523,82.3286,79.2465,79.3977,79.1960,74.5185,72.2496,69.2026,70.0000,61.0574,65.3682,66.1891,63.5059,65.5515,67.4166,67.0671,68.9493,69.8928,70.8378,70.8802,71.1688,76.5376,75.0000,75.9605,76.8440,78.1857,79.3095,80.0625,78.8923,80.4550,79.2023,0.0000,0.0000,0.0000,0.0000,0.0000,0.0000,0.0000,0.0000,0.0000,0.0000,0.0000,0.0000
1700000014.650000,-61.4,70.9366,77.1557,79.2465,84.2199,87.7269,87.0460,94.2603,94.2603,98.0816,96.5401,97.8008,97.6166,97.0052,95.8019,93.8136,95.6033,90.6035,85.2115,86.2149,84.0238,81.8352,81.6884,76.0592,77.8974,75.0733,71.5052,67.1789,65.0692,63.8905,60.4401,61.4003,62.4260,60.2080,59.0593,60.8358,61.2699,60.9262,60.9262,60.9262,64.0781,63.6946,65.1920,67.7791,66.8506,68.9420,68.8767,71.5891,73.0616,72.9452,76.0263,74.5185,72.8354,0.0000,0.0000,0.0000,0.0000,0.0000,0.0000,0.0000,0.0000,0.0000,0.0000,0.0000,0.0000
1700000014.700000,-63.0,70.0357,76.5768,80.1561,85.7030,86.4523,87.9659,91.6788,92.9570,97.0824,97.0000,99.0858,99.0858,99.0858,96.1665,93.3381,92.6553,90.5097,87.6926,85.6329,84.9588,80.6598,80.8084,77.1557,77.4661,74.5185,70.0000,69.0652,66.2420,62.7694,59.4811,61.3270,60.4070,59.7746,61.6847,58.9406,61.1882,64.3273,61.9839,64.1327,66.7533,65.4905,67.6018,69.8713,68.5930,72.0069,70.2140,72.5672,73.2462,76.2430,73.7360,75.1532,75.6637,0.0000,0.0000,0.0000,0.0000,0.0000,0.0000,0.0000,0.0000,0.0000,0.0000,0.0000,0.0000
1700000014.750000,-61.0,69.3181,73.0069,76.1577,81.5414,82.4621,82.4621,87.0919,88.7694,93.1075,91.0000,91.2360,93.9415,93.9415,92.5905,91.2414,87.6584,84.9706,81.8413,83.6301,82.7345,78.2624,78.2943,72.9178,73.0069,69.7782,69.0797,63.8905,62.6418,61.8466,57.2713,56.8858,58.4209,56.2228,56.0357,58.0000,56.0357,58.1378,58.1378,61.2046,60.4070,63.3877,65.3758,65.4905,66.3702,67.1863,66.1211,68.0074,71.0070,72.1110,70.5762,70.6116,70.3420,0.0000,0.0000,0.0000,0.0000,0.0000,0.0000,0.0000,0.0000,0.0000,0.0000,0.0000,0.0000
1700000014.800000,-65.4,74.0270,75.0600,80.5047,83.2166,89.3588,88.2780,90.3549,92.3472,95.1893,96.2549,98.0816,99.0808,96.0833,97.0464,93.0000,96.0052,90.0500,87.0057,84.0536,83.0060,80.0000,82.1523,78.1025,76.4199,74.2428,68.4690,67.0820,63.3482,60.1664,60.4401,59.1354,56.6480,57.2713,59.9416,60.4152,62.7694,62.4340,61.9112,63.2456,64.6375,66.8506,66.6108,71.2811,66.8506,68.5055,69.1158,70.7107,73.7902,75.6439,74.0945,74.6324,72.7805,0.0000,0.0000,0.0000,0.0000,0.0000,0.0000,0.0000,0.0000,0.0000,0.0000,0.0000,0.0000
1700000014.850000,-60.4,66.0379,71.8471,78.6003,80.0000,82.8010,83.6002,85.8021,89.0505,91.0220,89.4036,92.4175,92.9139,91.2634,90.6973,89.8888,87.3670,86.2670,82.9277,83.2346,80.4487,77.1038,74.4043,73.0069,71.2180,70.6045,67.4759,62.2415,60.1415,58.0000,54.8179,57.0088,56.3028,55.2268,55.0727,55.4617,55.0364,57.0088,57.0088,60.7454,62.9682,61.6847,64.8460,65.1920,66.7308,67.7791,66.3099,70.6824,68.8840,72.0694,70.7248,72.4224,70.8378,0.0000,0.0000,0.0000,0.0000,0.0000,0.0000,0.0000,0.0000,0.0000,0.0000,0.0000,0.0000
1700000014.900000,-64.2,71.0211,72.1110,78.6003,80.0000,83.8153,84.4038,88.0057,90.6973,91.2634,95.1315,95.6922,94.3027,95.6922,91.8096,91.9239,92.3580,86.8217,86.0930,83.2166,81.1234,78.0320,76.8440,74.0945,73.6003,70.0000,68.4105,61.8466,62.9682,60.1082,58.0517,57.3149,56.2228,56.0357,54.6443,56.6039,58.5918,58.1378,61.3270,62.6498,62.1691,63.9766,64.4748,69.3542,68.8767,69.3542,70.8308,70.7248,74.0608,75.0000,73.4098,74.2765,75.0733,0.0000,0.0000,0.0000,0.0000,0.0000,0.0000,0.0000,0.0000,0.0000,0.0000,0.0000,0.0000
1700000014.950000,-60.6,51.2445,60.1664,69.0797,62.9365,68.6222,62.8172,71.1126,73.7902,69.3542,74.0945,76.5572,83.2166,80.6536,73.3894,64.8460,85.7263,80.2309,64.4748,67.2309,63.0635,53.8516,60.0083,51.2445,66.5733,57.7754,54.6260,54.8179,41.3401,47.0106,41.3401,46.2277,37.0135,48.8262,51.1077,52.8394,53.7122,52.6973,50.0899,54.0833,59.5063,53.0094,61.7171,73.8241,61.7171,66.0379,61.2209,61.4003,66.0681,58.7963,61.8466,67.9559,69.2026,0.0000,0.0000,0.0000,0.0000,0.0000,0.0000,0.0000,0.0000,0.0000,0.0000,0.0000,0.0000
1700000015.000000,-64.0,64.4127,67.5352,68.5420,73.8241,73.9256,77.4726,81.1542,81.0247,83.7735,84.1724,85.0882,86.9253,86.8159,83.6720,82.2982,82.2922,80.5295,78.7147,77.3886,72.4500,72.4500,68.4471,66.7083,65.7875,62.3939,61.3514,56.7539,54.8179,52.7731,50.1597,50.0899,50.0000,51.0000,51.0392,52.2398,53.7587,54.1295,55.1090,57.2713,60.4152,61.9839,62.9682,64.3273,64.7765,66.6108,68.1836,69.1809,70.0000,69.0000,69.1158,70.4557,69.4262,0.0000,0.0000,0.0000,0.0000,0.0000,0.0000,0.0000,0.0000,0.0000,0.0000,0.0000,0.0000
1700000015.050000,-62.1,62.6498,66.7533,69.4262,74.5252,77.4661,81.5843,81.3941,82.5651,84.7231,84.1724,89.1067,89.1067,87.9659,85.8429,83.8630,82.8734,82.8734,77.6466,78.0897,76.7919,71.5681,69.4262,66.9104,67.9117,63.5610,63.0635,56.6127,55.7136,53.7122,52.7731,52.3546,54.0833,52.2015,52.8015,52.4023,56.6392,57.2800,57.9828,60.1082,60.8112,62.2254,65.0538,68.5930,68.0147,69.4262,70.4344,67.8012,71.0282,71.8679,73.3553,73.8241,73.3894,0.0000,0.0000,0.0000,0.0000,0.0000,0.0000,0.0000,0.0000,0.0000,0.0000,0.0000,0.0000
1700000015.100000,-64.1,64.8460,65.0000,72.5672,73.5459,77.8781,77.4661,80.4114,84.7231,84.9294,85.7030,86.8850,88.0738,88.5268,87.3212,85.4400,83.9524,79.8311,77.3692,77.8781,74.7329,72.0347,71.3863,66.2873,66.4831,65.4905,60.4070,56.0357,55.0091,56.1427,51.2445,50.8035,53.6004,51.9230,52.8110,54.2310,55.5428,56.7979,57.2713,59.4811,62.1772,62.6498,63.5059,66.6408,67.0820,67.5426,69.0797,71.5122,72.4224,72.5328,74.5252,73.6817,75.1665,0.0000,0.0000,0.0000,0.0000,0.0000,0.0000,0.0000,0.0000,0.0000,0.0000,0.0000,0.0000
1700000015.150000,-62.1,65.5134,69.2315,71.0211,75.9539,78.0897,81.0494,84.0119,84.0119,87.1321,88.6454,89.4427,91.5915,91.7823,88.0738,88.5268,87.0976,82.9759,78.8543,79.6241,77.8781,74.9533,74.3303,67.0820,67.3647,66.4831,64.1950,61.0082,58.0000,58.0775,54.5894,54.7449,55.7853,55.3624,55.9732,57.0088,57.3847,59.9333,62.6498,63.5059,66.2118,68.9420,69.3542,69.8570,70.3847,71.5122,72.7324,75.6902,76.1577,77.4661,78.7718,76.1643,76.0263,0.0000,0.0000,0.0000,0.0000,0.0000,0.0000,0.0000,0.0000,0.0000,0.0000,0.0000,0.0000
1700000015.200000,-60.8,66.0076,67.0671,72.1734,76.1643,79.3095,80.3057,84.2140,86.0930,88.0909,88.1419,92.1358,93.1343,90.0500,88.0511,88.0227,87.0517,84.0238,82.0549,78.0064,78.0000,75.0000,75.0267,71.1758,70.5762,68.4690,66.7533,61.8466,58.4637,57.8705,56.6480,54.6260,57.2713,56.8243,56.4358,57.1402,59.2030,62.4820,63.2535,64.6607,65.6049,67.6240,68.2495,72.2011,71.0282,72.6705,71.3442,77.0260,76.9220,78.2943,78.3901,77.2528,77.8781,0.0000,0.0000,0.0000,0.0000,0.0000,0.0000,0.0000,0.0000,0.0000,0.0000,0.0000,0.0000
1700000015.250000,-63.6,60.8030,64.0312,70.8378,71.5891,77.2334,78.6448,81.3449,82.8794,87.8635,86.6833,87.4586,89.3756,87.0057,85.6037,83.2346,84.6463,80.2808,80.2808,76.2168,75.4321,71.2180,70.2922,68.8840,64.3506,63.7024,62.2254,58.2580,56.4004,51.0392,53.0000,52.4786,51.8941,52.0000,53.1413,55.0818,56.7539,59.4390,58.6941,61.1882,61.6117,64.5368,65.3070,68.8840,67.9117,69.3758,70.2140,71.8679,73.1642,74.6860,73.3553,74.4312,74.2024,0.0000,0.0000,0.0000,0.0000,0.0000,0.0000,0.0000,0.0000,0.0000,0.0000,0.0000,0.0000
1700000015.300000,-61.2,57.2451,62.2415,63.1585,69.8570,68.9420,73.4098,76.0592,77.3886,78.7909,79.3095,82.8553,83.7735,81.5414,81.3449,82.5409,77.6209,79.1202,71.5122,73.7360,70.2282,67.4166,67.2309,62.2415,62.1691,60.8276,58.3095,54.0833,51.8652,51.4004,47.3814,48.8365,48.7955,48.9183,49.2037,52.4309,52.1536,53.7122,54.1202,54.7083,57.8014,59.1693,61.7738,60.9016,64.4981,63.8122,61.8547,66.0303,66.8431,65.2993,69.3542,68.6222,67.6240,0.0000,0.0000,0.0000,0.0000,0.0000,0.0000,0.0000,0.0000,0.0000,0.0000,0.0000,0.0000
1700000015.350000,-64.0,62.1772,68.4251,69.3542,75.1532,74.8465,80.1124,82.3468,84.1724,85.0000,85.0000,88.1419,89.4427,90.3383,87.6584,87.3212,85.4283,82.2922,79.1770,78.7147,74.7061,74.2428,71.5542,67.9779,68.3520,66.4831,65.1920,60.1664,57.4891,56.5155,55.3263,54.1479,53.0377,56.0000,53.0094,55.0818,57.1402,59.4138,58.8558,59.5399,63.1506,62.9682,66.0984,64.9384,67.7422,68.4690,68.1175,69.0652,73.0069,71.0000,72.1110,72.4431,73.7564,0.0000,0.0000,0.0000,0.0000,0.0000,0.0000,0.0000,0.0000,0.0000,0.0000,0.0000,0.0000
1700000015.400000,-63.9,63.8122,60.9016,72.4707,71.6938,77.3692,77.3692,81.4125,82.3650,86.3539,89.5545,88.5099,89.3588,89.0449,86.2844,81.8413,89.0449,80.4550,82.3772,77.3886,76.0066,74.3303,70.4911,72.2011,67.6018,65.8635,63.5295,60.9262,57.2451,54.7083,55.5428,51.1957,52.7731,53.7587,53.3385,55.0364,58.0000,60.0000,58.0086,59.0085,59.0339,66.0681,61.0082,67.0000,65.0000,67.0000,67.0298,69.2604,70.2567,72.9931,71.8053,72.5328,71.5122,0.0000,0.0000,0.0000,0.0000,0.0000,0.0000,0.0000,0.0000,0.0000,0.0000,0.0000,0.0000
1700000015.450000,-61.4,58.3095,60.1664,66.7308,68.9493,69.8928,72.7324,74.0000,77.1622,79.8499,80.0562,80.9938,82.8734,82.2800,81.3449,80.6226,78.3901,74.7329,72.0139,71.6938,71.5891,69.3542,68.0294,62.3939,63.2456,62.6418,57.5674,56.0446,53.1507,52.9528,51.4781,50.1597,50.0100,50.0000,50.0000,50.1597,49.8197,51.9711,51.7880,55.9017,56.0892,55.9017,57.0701,57.7062,59.2284,60.5310,60.2993,62.0322,64.0000,65.0000,66.0303,66.1891,67.0820,0.0000,0.0000,0.0000,0.0000,0.0000,0.0000,0.0000,0.0000,0.0000,0.0000,0.0000,0.0000
1700000015.500000,-62.6,56.2939,60.0167,64.4981,66.4831,67.4759,73.6817,75.5381,75.5381,78.7718,78.7718,82.5651,82.0366,81.5843,78.6448,78.6448,77.6660,74.7329,72.7805,72.5672,69.2315,66.7083,66.0984,62.1691,62.8013,60.8276,60.4070,57.0789,54.0370,54.0000,51.0098,49.4975,51.3517,49.8197,49.6488,50.4480,50.0000,51.5461,51.5461,53.1413,54.4243,55.0273,57.2451,56.9210,60.0833,59.2030,59.4811,61.3922,62.5859,61.5224,65.3758,64.0312,64.0078,0.0000,0.0000,0.0000,0.0000,0.0000,0.0000,0.0000,0.0000,0.0000,0.0000,0.0000,0.0000
1700000015.550000,-58.1,52.8394,55.2268,60.4649,61.8547,66.8506,68.5055,69.8928,71.0282,72.4017,74.0945,74.9466,74.6257,75.2928,73.4302,72.5603,73.0616,69.4622,68.9638,66.2420,66.2420,64.0078,61.0574,60.2080,59.6406,56.0357,55.8032,51.8556,48.9183,48.1664,45.9674,46.6905,46.2277,47.8017,44.6542,45.4863,47.0106,47.4131,49.6488,49.1935,51.0000,49.6488,52.7731,54.5619,54.1202,53.2353,54.2033,53.3385,54.9181,58.0086,57.6281,56.6392,57.3847,0.0000,0.0000,0.0000,0.0000,0.0000,0.0000,0.0000,0.0000,0.0000,0.0000,0.0000,0.0000
1700000015.600000,-60.8,54.3323,58.3095,60.0333,66.1211,66.0303,69.0652,73.0274,73.1710,76.2365,73.2462,77.5242,79.4040,78.6384,76.5310,76.9415,73.6817,72.8354,69.5845,70.3491,67.4759,64.6297,65.3758,60.4070,61.1310,59.2115,59.0339,55.0091,51.0000,53.0848,50.1597,49.4975,50.0100,49.2443,48.5077,46.5725,47.7598,49.9800,48.7032,51.6236,52.5547,51.6236,54.4243,53.4883,54.7814,55.1543,54.7083,58.8218,57.9741,58.4637,58.6941,60.4070,59.0339,0.0000,0.0000,0.0000,0.0000,0.0000,0.0000,0.0000,0.0000,0.0000,0.0000,0.0000,0.0000
1700000015.650000,-58.8,55.5788,56.2939,62.3699,64.3273,67.6831,67.6831,70.4060,72.1803,75.1332,75.1332,75.5050,77.4661,76.2955,76.9415,74.5453,74.8131,71.8471,69.8713,68.8840,68.7314,64.3817,63.6396,60.6712,60.8769,59.4390,57.7235,54.8179,53.7587,52.2015,51.0784,50.1597,48.7545,48.7545,48.3735,51.1077,49.9300,49.2037,50.8035,49.4065,52.2015,52.2015,52.2015,53.8238,53.0094,53.5350,53.8516,55.5698,57.3062,58.6003,56.3649,57.0088,57.0088,0.0000,0.0000,0.0000,0.0000,0.0000,0.0000,0.0000,0.0000,0.0000,0.0000,0.0000,0.0000
1700000015.700000,-61.1,55.0818,60.0833,60.4070,62.6259,67.0671,68.7095,68.9493,71.7844,74.0000,75.0000,76.9220,76.2430,76.6551,76.6551,74.9533,74.7262,70.3420,69.3758,68.4105,66.4831,65.0000,64.8460,60.4401,61.6847,60.7289,57.5847,57.0088,54.2310,52.7731,51.4781,50.6063,50.2494,49.9300,48.8262,50.0000,50.8035,51.2250,51.4004,51.8556,52.6308,53.2635,52.4976,54.6717,54.6717,54.0370,55.0000,56.6127,57.1402,57.3062,57.7062,57.7754,57.9396,0.0000,0.0000,0.0000,0.0000,0.0000,0.0000,0.0000,0.0000,0.0000,0.0000,0.0000,0.0000
1700000015.750000,-63.2,50.2892,51.9230,55.3173,58.4637,62.1691,60.6383,63.3482,66.9403,68.1542,69.3758,70.6045,69.6419,69.6419,68.0074,65.1460,70.6045,63.6003,64.8460,63.0635,61.1310,59.7746,59.9083,57.9741,58.2495,55.7853,55.1090,51.9711,50.4876,50.2494,51.0882,47.0956,48.0104,47.0000,46.0000,46.0109,48.0937,47.1699,48.1664,49.0918,46.0977,50.1597,49.1630,51.1566,49.0408,49.0918,50.0400,51.0000,53.0094,54.0833,54.3323,53.7587,51.6624,0.0000,0.0000,0.0000,0.0000,0.0000,0.0000,0.0000,0.0000,0.0000,0.0000,0.0000,0.0000
1700000015.800000,-64.6,50.0000,52.0096,54.6717,58.8982,59.6657,61.6198,63.0317,64.4438,65.9469,66.8431,69.0290,67.6240,69.2026,69.2026,67.2012,67.8012,64.2028,62.8013,62.6259,61.8466,61.2209,58.8982,55.6058,56.7274,56.0803,55.2268,53.7401,50.9117,50.2096,48.8365,46.7547,48.4149,46.2277,47.2017,47.4342,46.6154,48.2597,49.0918,48.2597,49.3964,48.2597,49.9300,49.9300,49.9300,49.9300,48.8262,51.6140,51.8556,52.4023,53.0377,52.4976,52.8015,0.0000,0.0000,0.0000,0.0000,0.0000,0.0000,0.0000,0.0000,0.0000,0.0000,0.0000,0.0000
1700000015.850000,-60.0,52.2015,54.0833,58.3095,61.4654,62.7694,63.6946,67.2309,68.1542,69.2892,70.3847,72.2357,73.1642,73.1642,71.8679,72.7324,69.8928,68.0074,67.3573,66.1287,65.1920,63.5689,62.6259,60.4070,61.3270,60.0083,59.0931,55.4617,55.0364,55.4617,51.9711,52.3546,51.1077,52.4786,49.9300,51.0392,50.8035,52.2015,50.8035,50.0000,50.6063,50.0000,52.0096,52.8015,52.2015,52.4309,53.2541,53.0000,52.8394,54.1202,55.0364,55.5428,56.0446,0.0000,0.0000,0.0000,0.0000,0.0000,0.0000,0.0000,0.0000,0.0000,0.0000,0.0000,0.0000
1700000015.900000,-63.1,47.0106,50.2195,49.9300,53.5350,55.2268,56.0803,58.6686,58.6686,61.0574,61.9112,63.5138,62.4340,64.3506,62.4340,61.8547,60.4649,60.7454,56.8595,58.5235,57.6888,55.4707,55.2268,52.4786,54.2033,53.3385,52.3546,49.6488,47.8853,49.1935,44.7772,45.6180,47.0106,44.7772,43.6578,43.6578,43.3244,45.2217,43.3244,45.2217,46.1736,45.2217,46.4866,44.5982,45.5412,46.4866,46.2385,47.5395,47.4236,47.0106,48.0208,48.8262,49.0408,0.0000,0.0000,0.0000,0.0000,0.0000,0.0000,0.0000,0.0000,0.0000,0.0000,0.0000,0.0000
1700000015.950000,-63.9,45.1774,45.1774,48.8467,49.6588,52.0000,52.9245,55.1543,55.1543,57.7754,59.0931,60.9262,59.2368,59.0931,58.1808,57.2451,58.1808,57.2713,56.3649,55.5428,55.0364,52.8015,53.2259,51.4781,52.5547,49.7695,48.4665,48.1041,46.4866,47.1275,45.2217,43.6807,43.9659,43.4166,43.6807,43.1741,41.9762,42.9535,40.7922,41.7732,40.7922,42.9535,41.0000,43.1741,43.1741,43.4166,43.9659,43.9659,43.6578,44.3847,46.0977,45.6508,44.6542,0.0000,0.0000,0.0000,0.0000,0.0000,0.0000,0.0000,0.0000,0.0000,0.0000,0.0000,0.0000
1700000016.000000,-62.7,45.8803,46.5725,47.8539,49.8197,50.8035,52.6118,53.4603,55.5788,55.4437,56.5685,58.5491,57.8705,59.6825,57.7062,57.2713,55.7315,55.5788,53.7587,55.5788,53.6004,51.7880,51.6236,50.3587,51.2445,50.4876,49.2544,48.1664,47.1699,46.1736,46.0435,44.0454,45.0444,44.0454,42.0000,42.0000,43.0116,44.0114,41.0000,41.0000,41.0000,44.0000,42.0000,43.0000,41.0000,42.0000,42.0476,43.1045,43.2897,44.5533,44.9110,44.3847,42.7200,0.0000,0.0000,0.0000,0.0000,0.0000,0.0000,0.0000,0.0000,0.0000,0.0000,0.0000,0.0000
1700000016.050000,-61.5,45.3542,43.9659,47.1699,47.1699,50.6952,47.5395,52.0000,51.4781,54.2310,54.6260,56.0803,55.5428,56.0803,54.6260,54.4243,55.5428,51.6236,53.4883,50.6952,51.2640,50.9215,50.3289,50.6952,50.5668,49.2443,47.9270,47.0106,48.3322,44.7772,45.1885,42.9535,43.4626,42.9535,42.5441,42.0476,42.4853,41.5933,40.2492,40.2492,39.3573,40.7185,38.9102,41.6293,38.9102,39.3954,39.9249,41.4367,42.7200,42.7200,42.2019,41.5933,42.1900,0.0000,0.0000,0.0000,0.0000,0.0000,0.0000,0.0000,0.0000,0.0000,0.0000,0.0000,0.0000
1700000016.100000,-62.8,45.3982,45.1774,46.0109,48.0416,48.0000,48.0000,50.0000,49.0000,52.0000,53.0000,54.0000,55.0000,55.0000,54.0000,54.0093,53.0000,52.0000,51.0000,50.0100,50.0000,50.0100,50.0100,48.0000,48.0416,48.0000,48.0104,47.0106,47.0425,45.0444,44.0454,44.0454,43.0465,42.1070,41.0122,41.1096,41.0488,40.0500,39.0512,40.0500,39.1152,39.0512,39.0512,40.0500,39.0128,38.0000,38.0000,39.0128,39.0512,40.1995,39.4588,38.8330,39.8497,0.0000,0.0000,0.0000,0.0000,0.0000,0.0000,0.0000,0.0000,0.0000,0.0000,0.0000,0.0000
1700000016.150000,-61.3,44.6430,45.1221,44.7214,46.8722,47.5184,46.6905,48.5077,48.3735,50.4876,50.3587,51.3517,52.3450,52.3450,52.3450,50.6360,50.3587,50.3587,48.5077,48.3735,48.5077,48.6621,48.3735,46.5296,48.0937,47.2652,46.2709,46.3897,45.2769,44.2832,43.2897,42.2966,41.4367,42.4264,40.4475,40.4475,39.2046,39.2046,38.2099,39.2046,38.3275,37.3363,37.3363,37.3363,37.3363,37.4833,36.8782,36.8782,37.3631,37.9473,37.9473,37.5766,38.4708,0.0000,0.0000,0.0000,0.0000,0.0000,0.0000,0.0000,0.0000,0.0000,0.0000,0.0000,0.0000
1700000016.200000,-63.1,44.4072,42.4264,46.0977,46.0435,47.0000,46.0109,48.0000,48.0104,50.0000,50.0100,52.0096,51.0098,52.0096,51.0098,50.0000,51.0392,48.0416,49.0102,49.0408,50.0899,48.0416,48.0937,46.0000,48.2597,48.0937,46.0435,46.1736,46.2709,44.1814,44.1814,42.1070,43.1856,42.1900,41.1096,41.1947,40.1123,40.1123,38.1182,38.2099,38.0526,39.2046,36.2215,38.1182,37.0540,36.0555,36.0139,36.0000,37.0000,38.0526,38.2099,36.4966,37.1080,0.0000,0.0000,0.0000,0.0000,0.0000,0.0000,0.0000,0.0000,0.0000,0.0000,0.0000,0.0000
1700000016.250000,-63.4,44.5533,42.4264,44.1814,44.1814,46.0435,46.0977,47.0106,47.0106,49.0000,50.0000,51.0000,52.0000,51.0000,51.0098,51.0098,51.0098,49.0000,50.0000,48.0104,49.0000,47.0000,49.0102,46.0000,48.0937,48.0416,46.0435,46.0000,46.0435,45.0444,44.0454,43.0000,44.0000,43.0000,42.0000,42.0000,40.0125,39.0000,38.0000,38.0000,38.0000,38.0000,38.0000,38.0132,36.0139,37.0540,36.0555,36.2215,36.3456,36.4966,36.8782,37.3631,37.9473,0.0000,0.0000,0.0000,0.0000,0.0000,0.0000,0.0000,0.0000,0.0000,0.0000,0.0000,0.0000
1700000016.300000,-62.4,44.7772,43.0465,45.4863,45.4863,45.8039,46.4004,47.8017,47.0106,49.0408,49.5782,51.0882,50.3289,51.8556,51.0882,49.0408,50.9902,49.5782,48.2701,49.5782,49.5782,48.2701,48.9183,46.7547,48.1041,48.9183,46.7547,45.2769,46.7547,45.3431,44.5982,43.2782,42.6380,43.2782,41.8688,40.4599,40.4599,39.6232,38.2884,38.2884,37.6431,39.0512,36.8782,37.6431,36.2353,36.4006,35.8050,36.0555,36.8917,37.2156,37.1214,36.6742,37.0000,0.0000,0.0000,0.0000,0.0000,0.0000,0.0000,0.0000,0.0000,0.0000,0.0000,0.0000,0.0000
1700000016.350000,-62.1,42.0000,42.0119,42.1070,44.1022,44.2832,44.4072,45.5412,44.7214,46.6905,46.8722,47.8539,48.0521,47.8539,49.0306,48.6621,47.8539,47.0744,46.6905,47.0744,45.8912,44.9110,44.9110,44.7214,46.0977,46.0977,43.9318,43.9318,43.9318,44.1475,41.7732,41.7732,41.5933,40.6079,39.6232,38.4708,38.6394,37.4833,35.5106,36.4966,35.3553,34.3657,35.3553,35.3553,35.2278,34.1321,34.1321,35.0571,35.0000,35.0000,35.0143,34.1321,34.5254,0.0000,0.0000,0.0000,0.0000,0.0000,0.0000,0.0000,0.0000,0.0000,0.0000,0.0000,0.0000
1700000016.400000,-64.7,48.5077,46.8722,49.6488,48.5077,50.3587,49.2544,50.0400,51.0392,52.0384,53.0377,54.0370,55.0364,55.0818,55.1453,53.0377,57.0351,52.0096,53.0094,52.0384,52.0000,52.0384,52.0384,52.0096,50.0100,52.0384,50.0100,50.0000,50.0400,47.0425,48.0104,46.0977,45.0111,44.0454,44.0454,44.0114,44.0114,43.0465,40.1123,41.1096,39.0512,40.0500,39.0512,40.1123,37.2156,38.2099,37.2156,38.4708,39.4588,38.0789,38.6005,37.3363,38.0789,0.0000,0.0000,0.0000,0.0000,0.0000,0.0000,0.0000,0.0000,0.0000,0.0000,0.0000,0.0000
1700000016.450000,-61.2,45.7056,47.0744,45.6070,47.5395,47.1275,46.4866,49.6488,48.7032,51.2640,50.3289,52.5547,52.9245,52.9245,52.0000,51.2640,52.0000,51.0784,49.9800,51.0784,50.3289,49.0408,48.4665,48.4665,49.2443,48.3322,47.5395,47.5395,46.6154,45.6946,45.6946,44.0114,44.0114,42.3792,41.4367,41.7852,40.4969,40.4969,38.6264,38.6264,38.6264,38.2753,37.3363,37.9473,35.7351,36.4006,36.1386,36.8782,35.9026,35.5106,36.3456,36.2215,36.0000,0.0000,0.0000,0.0000,0.0000,0.0000,0.0000,0.0000,0.0000,0.0000,0.0000,0.0000,0.0000
1700000016.500000,-63.2,44.0114,43.8634,44.7214,45.6180,46.1411,46.6476,46.6476,47.7074,47.7074,49.9300,49.9300,50.4777,51.8652,51.0392,52.1536,50.4777,49.6488,47.7074,49.6488,48.2597,48.5489,49.0918,46.3249,47.4342,47.7074,46.8722,46.3249,45.7930,45.7930,42.7200,42.1900,42.1900,41.6773,41.6773,40.3113,38.5876,37.7359,38.5876,36.7151,36.7151,34.9857,34.0000,34.4819,34.0000,34.0000,33.5410,34.9285,34.5398,35.1141,33.5261,35.1710,34.5254,0.0000,0.0000,0.0000,0.0000,0.0000,0.0000,0.0000,0.0000,0.0000,0.0000,0.0000,0.0000
1700000016.550000,-60.2,45.3982,44.1814,44.1022,46.0435,46.0109,47.0000,48.0000,48.0104,49.0102,49.0102,52.0865,51.0882,51.0882,52.0865,52.0384,51.0882,52.0384,49.0408,50.0400,50.0100,48.0000,48.0104,48.0000,49.0408,48.0416,48.0104,46.0109,45.0000,45.0000,43.0000,42.0000,42.0000,41.0122,40.0500,40.0500,39.0000,38.0000,36.0000,36.0000,36.0139,34.0147,35.0000,35.0143,34.0147,34.2345,33.2415,34.2345,33.5410,32.5576,34.7131,33.2415,33.2415,0.0000,0.0000,0.0000,0.0000,0.0000,0.0000,0.0000,0.0000,0.0000,0.0000,0.0000,0.0000
1700000016.600000,-63.1,43.6807,42.3792,44.0114,43.0813,43.8634,43.3820,44.7214,45.6508,46.9574,47.8853,48.7647,49.7393,49.7393,49.7393,50.1199,49.2443,48.3735,47.8853,47.8853,47.4131,47.8539,48.3011,45.6180,46.1411,46.9574,44.7214,44.2832,44.2832,42.9535,40.7185,40.3113,39.9249,37.6962,37.6962,35.8469,35.8469,34.4384,34.0147,33.6155,32.6956,31.3847,31.3847,31.3847,30.4631,31.0161,31.0161,30.6757,32.2800,32.0156,30.8058,31.4006,31.0644,0.0000,0.0000,0.0000,0.0000,0.0000,0.0000,0.0000,0.0000,0.0000,0.0000,0.0000,0.0000
1700000016.650000,-64.7,43.4166,42.2966,43.1045,43.0116,44.0000,43.0000,45.0111,46.0977,47.0956,48.0937,48.0416,49.0918,49.0408,49.0408,49.0102,50.0400,48.0104,49.0000,48.0104,47.0106,46.0000,47.0000,47.0000,46.0109,46.0000,44.0000,43.0116,43.0116,42.0119,41.0488,40.1123,39.0128,39.0512,36.1248,35.1283,35.1283,34.0588,32.0624,31.1448,30.0666,31.0644,30.0666,30.0666,29.0689,29.0689,28.0713,29.1548,29.2746,30.5941,30.5941,30.6757,28.7924,0.0000,0.0000,0.0000,0.0000,0.0000,0.0000,0.0000,0.0000,0.0000,0.0000,0.0000,0.0000
1700000016.700000,-63.8,41.3401,40.2244,41.4005,40.6079,41.1096,41.1096,42.4500,43.1393,43.8406,45.2769,45.2548,45.9674,46.6690,47.3814,48.0833,46.6690,46.6690,44.5533,45.2769,45.9674,45.2769,46.7547,42.4500,45.2769,43.9318,43.9318,42.5206,42.0119,40.6079,37.6431,37.2022,35.6090,35.6090,33.6006,33.6006,31.4006,30.0000,30.0000,30.0000,28.4253,27.8029,27.8029,27.8029,26.4008,26.4008,26.4008,27.2029,27.4591,27.4591,27.7849,27.7308,26.9258,0.0000,0.0000,0.0000,0.0000,0.0000,0.0000,0.0000,0.0000,0.0000,0.0000,0.0000,0.0000
1700000016.750000,-62.4,41.4367,40.8044,41.4849,41.4849,41.0000,42.7551,42.5793,43.5660,45.5412,44.5533,46.3897,47.2652,46.5296,46.5296,47.8539,48.5077,47.5184,45.8912,46.8722,45.1221,45.6070,45.3542,43.4166,43.9318,43.6807,43.4166,41.7612,40.1622,40.4969,38.8973,37.6962,35.8469,35.4683,34.0147,32.3110,31.3847,31.3847,29.1548,28.2312,27.3130,26.9258,26.9258,26.0000,25.6320,25.6320,26.0000,26.0000,26.8328,26.8328,26.4197,26.9258,26.4008,0.0000,0.0000,0.0000,0.0000,0.0000,0.0000,0.0000,0.0000,0.0000,0.0000,0.0000,0.0000
1700000016.800000,-61.6,41.4367,41.5933,41.0000,41.2311,41.4849,41.4849,43.3244,43.3244,44.0114,43.3244,45.8803,45.8803,46.8188,46.8188,46.4866,46.8188,46.2385,44.2719,44.5982,44.2719,42.4500,43.6807,43.4166,42.0595,43.4166,41.4849,41.2311,38.8330,38.8330,36.8782,35.5106,35.3553,33.3766,31.1448,31.2570,29.2746,28.2843,27.2947,25.3180,24.3311,24.3311,24.5153,23.5372,23.5372,22.5610,23.5372,22.5610,24.5153,24.1868,24.1868,25.0200,25.0000,0.0000,0.0000,0.0000,0.0000,0.0000,0.0000,0.0000,0.0000,0.0000,0.0000,0.0000,0.0000
1700000016.850000,-58.7,44.9444,44.5982,43.6807,43.6807,43.4166,44.7214,43.5660,45.3982,45.3982,46.5296,48.3735,48.2597,48.3735,47.5184,48.6621,48.3735,48.5077,47.5184,48.5077,46.6905,47.0744,46.0977,44.9110,45.8912,45.3542,44.3847,43.4166,40.8044,40.8044,38.8973,37.0000,35.1141,35.1141,32.3110,31.0161,29.7321,28.4605,26.5707,25.6320,25.2982,25.0000,25.0000,25.0000,24.7386,23.5372,23.5372,24.5153,25.0000,25.0000,25.6320,26.0000,25.9422,0.0000,0.0000,0.0000,0.0000,0.0000,0.0000,0.0000,0.0000,0.0000,0.0000,0.0000,0.0000
1700000016.900000,-63.4,43.1856,43.8634,42.4264,43.1393,43.1856,43.4166,42.8019,42.8019,44.2041,44.4072,45.4863,46.8722,47.7074,46.6154,47.8017,47.2017,47.2017,44.8219,46.2277,46.8615,46.0109,45.2769,43.1856,44.0454,44.5982,43.1856,41.7253,41.1096,39.0512,36.8782,35.6090,34.2053,33.6006,31.6228,29.4109,28.6007,26.2488,25.6125,25.6125,24.2074,22.8035,22.6716,21.9317,21.2132,21.9317,22.6274,22.6274,24.0832,24.0832,23.4307,22.8035,23.3238,0.0000,0.0000,0.0000,0.0000,0.0000,0.0000,0.0000,0.0000,0.0000,0.0000,0.0000,0.0000
1700000016.950000,-61.0,42.0595,40.1622,41.2311,41.2311,39.8121,38.9102,40.3113,39.4462,40.8167,41.3401,42.1900,42.1900,43.5660,43.0465,43.0465,43.5660,43.0465,42.0595,42.5441,43.4166,42.0476,41.1461,40.3113,41.6293,40.3113,39.9249,38.2753,36.6879,35.4401,34.4819,32.0156,30.0832,29.8329,27.4591,25.4951,24.5153,22.5610,22.3607,20.6155,19.6469,19.6469,18.6815,19.3132,19.3132,18.3848,17.4642,17.4642,18.7883,19.3132,19.6469,20.3961,20.2237,0.0000,0.0000,0.0000,0.0000,0.0000,0.0000,0.0000,0.0000,0.0000,0.0000,0.0000,0.0000
1700000017.000000,-60.2,45.8912,44.1475,43.6807,43.3244,43.3244,40.4969,41.2311,41.6293,42.9535,44.2832,44.7214,44.2945,45.1774,45.6180,45.6180,46.5188,44.2832,43.8634,46.0977,45.3100,44.5982,44.5982,42.3792,44.0114,43.3244,41.7612,39.2938,40.0250,36.8782,35.9026,34.5254,32.2490,31.2570,30.0666,27.0740,26.0768,24.0832,23.1948,22.2036,21.3776,20.3961,19.6469,18.9737,18.6815,18.6815,18.9737,19.6469,20.8806,19.6469,20.8806,19.6469,21.0950,0.0000,0.0000,0.0000,0.0000,0.0000,0.0000,0.0000,0.0000,0.0000,0.0000,0.0000,0.0000
1700000017.050000,-62.0,45.1885,44.0114,42.1545,44.0114,40.8044,42.4500,41.0000,41.9762,43.5660,41.7732,43.5660,45.5412,46.6905,45.5412,46.8722,46.5296,46.6905,43.9318,46.0977,45.3542,43.9659,44.6430,43.0116,42.7200,42.3792,41.4367,40.8534,39.3954,38.0132,36.6742,35.3553,32.7567,30.5287,29.6816,27.7849,27.7849,24.6982,23.0217,22.4722,22.4722,20.1246,18.7883,18.3848,17.4642,18.3848,18.3848,18.3848,18.3848,19.3132,20.1246,21.4709,20.2485,0.0000,0.0000,0.0000,0.0000,0.0000,0.0000,0.0000,0.0000,0.0000,0.0000,0.0000,0.0000
1700000017.100000,-62.5,51.1077,48.7647,46.5296,47.0106,44.7214,44.0114,44.5982,45.2217,45.6070,47.2969,48.2701,50.0100,49.2443,50.6952,50.0000,51.4198,50.4480,49.7293,51.2445,49.0408,50.3289,49.0408,48.1041,48.1041,48.8467,47.0106,45.1885,43.8292,41.6773,40.8167,38.8330,36.6197,35.8050,32.8024,32.2025,30.0000,28.6007,26.2488,23.3452,23.6008,22.4722,21.0950,21.0950,20.5913,20.2485,19.2354,18.7883,19.7231,19.2354,20.5913,20.2485,20.8087,0.0000,0.0000,0.0000,0.0000,0.0000,0.0000,0.0000,0.0000,0.0000,0.0000,0.0000,0.0000
1700000017.150000,-60.7,53.2353,50.1597,47.0425,46.0109,46.0109,46.0977,46.3897,46.6905,48.8365,47.0744,49.2443,52.3927,51.4198,51.4198,52.3927,54.5711,52.3927,52.7731,50.8035,51.7880,50.4876,51.4781,49.2544,49.2544,50.1597,49.1630,49.0408,46.0000,46.0000,44.0114,41.1947,40.1995,38.3275,35.5106,34.3657,31.2570,29.6142,26.4764,26.3059,25.3180,23.1948,23.0868,20.2237,21.0238,19.0000,19.0000,22.0000,20.0000,20.0000,21.0000,21.0000,20.0998,0.0000,0.0000,0.0000,0.0000,0.0000,0.0000,0.0000,0.0000,0.0000,0.0000,0.0000,0.0000
1700000017.200000,-61.2,57.3062,52.7731,51.4781,50.6952,49.0408,48.5077,50.4480,51.1957,51.4781,52.6118,56.3205,57.3149,58.4209,59.5399,59.0339,60.5310,58.8558,59.2284,59.4390,60.1664,57.8705,58.5235,55.9732,56.6127,54.4243,55.3624,53.2259,51.4296,48.7647,47.8853,44.9444,43.8292,40.8044,38.4187,35.6090,33.4216,31.4006,27.6586,26.2488,24.8395,23.0217,22.4722,22.4722,20.1246,19.7231,18.7883,19.6977,19.3132,20.2485,20.2485,20.6155,20.1246,0.0000,0.0000,0.0000,0.0000,0.0000,0.0000,0.0000,0.0000,0.0000,0.0000,0.0000,0.0000
1700000017.250000,-64.2,55.5788,54.7449,50.4480,50.9608,48.7032,48.4665,49.6588,48.7647,52.3546,53.3385,55.7584,57.1402,59.3633,60.5392,60.8276,60.4152,60.3738,58.1378,61.7414,60.0083,59.4643,58.8727,55.9732,57.5847,57.5674,55.3624,53.1507,50.6360,49.4975,46.3897,45.0999,44.0114,40.0000,38.0000,35.0143,32.0156,29.0000,28.0000,25.0000,24.0000,22.0000,20.0000,21.0238,19.2354,18.2483,16.4924,18.6815,18.6815,19.9249,19.4165,19.6469,20.3961,0.0000,0.0000,0.0000,0.0000,0.0000,0.0000,0.0000,0.0000,0.0000,0.0000,0.0000,0.0000
1700000017.300000,-62.4,58.2495,52.6973,51.8845,49.6488,49.3964,48.7032,50.0000,50.4480,54.1295,56.0892,56.8858,57.8705,61.9839,61.9839,60.4152,63.1506,61.3922,61.4003,61.1310,62.6418,59.8080,60.4070,58.3095,58.8727,58.3095,57.2713,52.8394,51.9711,48.5489,48.5489,45.8039,42.6380,40.4599,36.1248,33.3017,31.8277,29.0689,26.9072,24.2074,21.4009,20.8087,19.7231,19.2354,17.0880,18.9737,17.7200,18.4391,20.3961,19.4165,21.3776,21.5870,22.8035,0.0000,0.0000,0.0000,0.0000,0.0000,0.0000,0.0000,0.0000,0.0000,0.0000,0.0000,0.0000
1700000017.350000,-59.9,56.5685,52.0865,51.0000,48.0000,50.2494,47.8539,50.2195,51.6624,52.8867,55.6597,58.1893,59.1354,61.0328,60.7289,60.1664,64.8460,61.8466,62.5859,60.6383,61.9839,59.5399,59.6825,60.2993,58.5491,56.2228,55.0818,54.0000,51.0392,47.0956,47.0956,42.4264,40.4475,39.0512,33.9559,32.5576,28.6356,26.3059,22.3607,21.0950,20.0250,18.0000,16.0312,17.1172,16.2788,15.8114,17.0880,18.3848,18.7883,20.1246,21.0238,21.9317,23.0868,0.0000,0.0000,0.0000,0.0000,0.0000,0.0000,0.0000,0.0000,0.0000,0.0000,0.0000,0.0000
1700000017.400000,-61.5,56.0892,51.9230,50.9215,51.0784,49.1935,49.2443,51.0392,53.0094,54.2033,56.8507,57.6281,60.3075,62.6259,63.4114,63.8201,64.2028,63.0079,62.6817,62.6817,62.4340,63.1348,63.1348,58.5918,59.9416,59.5063,54.6260,52.5547,52.8110,48.7647,45.3542,43.7379,41.5933,37.4833,33.2415,29.1548,27.2947,24.1868,22.3607,19.4165,16.7631,16.1555,13.8924,14.2127,15.5563,14.2127,16.4012,15.8114,18.6011,20.2485,20.0000,22.2036,22.6274,0.0000,0.0000,0.0000,0.0000,0.0000,0.0000,0.0000,0.0000,0.0000,0.0000,0.0000,0.0000
1700000017.450000,-60.7,55.5428,52.7731,51.2445,50.1597,50.0000,50.0400,52.2398,53.7587,55.9017,57.2713,61.1882,63.5610,63.3482,63.9531,65.7647,67.0820,66.7533,65.3758,65.1920,64.1249,63.0317,63.0079,62.0000,61.0000,60.0750,59.0762,54.5894,51.9711,50.4480,47.5395,42.7200,40.8534,37.6962,34.9285,31.3847,27.3130,23.7697,20.6155,16.7631,16.2788,15.1327,14.0000,13.0000,14.1421,15.2315,14.7648,17.4929,18.3576,19.2354,20.1246,22.8473,23.4094,0.0000,0.0000,0.0000,0.0000,0.0000,0.0000,0.0000,0.0000,0.0000,0.0000,0.0000,0.0000
1700000017.500000,-61.1,55.5428,53.6656,54.9181,53.2541,54.0370,51.6624,52.3259,54.5619,57.3847,59.6657,62.6259,64.2028,66.0681,66.8431,67.2681,68.6804,68.0147,65.0692,67.1789,66.5282,65.9469,64.5368,63.2535,62.4820,63.4114,60.2163,55.7584,55.0727,52.3546,48.3011,44.9444,42.7200,39.8497,35.4401,32.0156,27.2029,25.0000,22.1359,18.9737,17.8885,13.6015,12.7279,12.2066,12.5300,13.0000,15.2971,17.4642,18.4391,19.4165,21.3776,22.1359,22.8473,0.0000,0.0000,0.0000,0.0000,0.0000,0.0000,0.0000,0.0000,0.0000,0.0000,0.0000,0.0000
1700000017.550000,-61.3,60.0333,57.0088,55.2268,55.4437,55.1090,55.0818,56.6480,57.3847,62.2415,62.2415,66.2118,68.4471,71.1758,70.7743,72.2357,73.0069,71.8679,71.5122,70.8378,70.5195,69.6419,69.1231,66.4906,65.7343,65.7647,63.9531,60.4070,57.0789,54.0000,52.0000,47.0425,44.0454,40.1995,36.2215,33.2415,30.2655,26.1725,21.0238,20.0000,17.0000,13.1529,12.6491,12.0830,13.6015,14.1421,15.0000,16.2788,18.6011,21.4009,21.2603,23.3452,23.3452,0.0000,0.0000,0.0000,0.0000,0.0000,0.0000,0.0000,0.0000,0.0000,0.0000,0.0000,0.0000
1700000017.600000,-57.9,59.0339,56.3205,56.0000,57.0000,56.3205,55.4437,58.2495,58.6941,62.3618,65.5210,67.1863,70.6045,71.5681,70.6045,73.2462,73.2462,73.2462,70.4060,72.5672,70.2140,69.7209,69.8713,68.1836,68.2642,67.0671,64.0078,61.0000,57.0351,56.2228,51.2445,47.6760,44.5533,39.6232,37.1080,32.0156,30.0832,24.7386,20.6155,17.2627,16.0000,13.0000,11.1803,11.7047,11.6619,12.0416,12.8062,15.8114,18.6011,19.2094,21.2603,21.9317,22.6716,0.0000,0.0000,0.0000,0.0000,0.0000,0.0000,0.0000,0.0000,0.0000,0.0000,0.0000,0.0000
1700000017.650000,-63.0,56.3028,55.9464,54.1202,53.0000,53.0094,54.0370,55.9017,58.6941,60.1082,60.2080,65.8559,67.2681,68.0147,68.6804,70.0071,70.7107,71.4213,69.3542,70.7672,68.1175,67.0075,66.4003,65.0000,66.2193,63.8201,61.8547,59.1693,55.4707,53.6656,49.6588,45.8803,42.0595,39.2938,34.9285,32.7567,28.4429,25.4951,20.6155,17.7200,14.8661,13.4164,10.2956,10.0000,10.7703,10.4403,12.1655,13.0384,16.0000,16.0000,18.0278,18.0278,20.2237,0.0000,0.0000,0.0000,0.0000,0.0000,0.0000,0.0000,0.0000,0.0000,0.0000,0.0000,0.0000
1700000017.700000,-62.8,53.8516,55.0273,52.8015,51.8845,53.3385,53.2541,54.8179,56.2228,60.3075,60.8769,64.4438,65.1153,68.7677,69.5270,70.4344,70.2922,69.6563,66.6108,68.8186,67.6757,66.5733,66.8880,62.2656,65.0000,64.0078,61.2699,59.6154,55.3624,53.1413,48.0833,46.8722,43.9318,39.4588,35.2278,32.0156,28.0179,25.0200,21.0238,17.1172,15.0333,12.3693,10.7703,9.4340,8.6023,8.5440,9.2195,13.1529,14.1421,14.1421,17.2627,17.4642,20.6155,0.0000,0.0000,0.0000,0.0000,0.0000,0.0000,0.0000,0.0000,0.0000,0.0000,0.0000,0.0000
1700000017.750000,-60.2,56.2228,53.4603,54.3415,54.1202,55.3624,55.0364,59.9416,60.0333,64.1405,64.6607,67.9559,70.1783,70.4911,71.5612,70.3278,75.2928,70.8308,73.8241,68.9638,71.5542,69.7782,69.7782,68.0294,67.1193,66.3099,62.3939,59.7746,57.2800,54.3415,52.1728,47.3814,44.2832,40.0500,35.0000,33.0151,30.0000,26.0000,21.0000,18.0278,15.0333,12.1655,11.1803,9.4340,7.8102,7.6158,10.1980,12.3693,13.0384,15.0333,17.0294,18.1108,19.2354,0.0000,0.0000,0.0000,0.0000,0.0000,0.0000,0.0000,0.0000,0.0000,0.0000,0.0000,0.0000
1700000017.800000,-61.6,59.5063,56.6480,57.7235,58.2495,56.7186,59.1354,61.0328,63.0079,65.0692,67.2681,71.1758,73.2462,75.3260,77.3175,76.0592,78.1025,76.0263,75.0267,75.0067,76.0066,73.0616,74.0608,70.1142,71.0634,69.1809,68.3593,63.1506,61.1882,56.5155,56.0446,50.2892,47.1699,43.8634,38.9102,34.8855,30.0167,26.4197,21.9545,18.3576,14.7648,12.0830,8.2462,8.0623,5.8310,7.8102,9.4340,10.7703,13.9284,15.2315,17.4642,20.1246,20.2485,0.0000,0.0000,0.0000,0.0000,0.0000,0.0000,0.0000,0.0000,0.0000,0.0000,0.0000,0.0000
1700000017.850000,-61.9,55.9017,52.3450,53.6004,52.1536,53.2353,53.7122,56.9210,59.1354,62.6418,65.1460,67.0522,69.9214,71.1688,72.4224,70.5195,75.0000,71.1688,72.1110,70.2282,70.5762,68.5420,69.4622,66.1891,65.7951,64.4127,62.6498,59.6825,56.8595,50.8035,52.2015,44.5982,41.7253,37.5366,32.8024,31.4006,25.8070,21.6333,17.4929,13.8924,9.4340,6.4031,3.6056,4.4721,5.8310,7.6158,11.1803,13.0000,15.6525,17.0000,19.7231,20.8087,20.6155,0.0000,0.0000,0.0000,0.0000,0.0000,0.0000,0.0000,0.0000,0.0000,0.0000,0.0000,0.0000
1700000017.900000,-63.9,53.6004,50.4480,50.6952,51.4781,50.6063,52.1536,54.2033,57.3847,60.2080,62.2415,67.2086,67.1789,70.7248,70.0928,69.4262,73.0000,70.1783,69.6563,70.2922,69.0290,69.2026,66.4003,64.0703,66.0303,62.7694,59.6825,56.3560,55.0364,51.6236,49.9800,44.9222,43.4166,37.8550,31.5753,29.2746,25.0799,21.0238,15.0000,11.0454,8.0623,5.0000,3.1623,3.1623,5.0000,8.4853,11.4018,14.1421,16.2788,17.2047,20.2485,21.4709,22.4722,0.0000,0.0000,0.0000,0.0000,0.0000,0.0000,0.0000,0.0000,0.0000,0.0000,0.0000,0.0000
1700000017.950000,-60.5,53.8516,51.4296,52.1536,51.4004,54.4885,55.1725,59.0339,59.6406,61.5873,66.2873,71.2811,72.9452,73.4983,73.4983,72.9452,78.2304,74.3303,75.2130,73.4983,73.0069,72.0069,69.4046,69.6563,66.8431,65.9469,63.6553,60.1082,58.0000,52.4976,51.2250,45.2217,43.2666,38.5876,32.6497,28.6356,26.0000,19.9249,13.6015,9.8489,6.3246,2.8284,2.2361,3.6056,6.3246,10.1980,13.0000,16.5529,17.4642,21.0238,22.4722,25.2389,26.9072,0.0000,0.0000,0.0000,0.0000,0.0000,0.0000,0.0000,0.0000,0.0000,0.0000,0.0000,0.0000
1700000018.000000,-63.4,53.1507,49.3660,50.0000,51.1566,52.7731,53.6004,56.3205,58.1893,62.0322,66.7083,68.4471,72.4983,74.7329,74.7329,74.8465,76.1577,74.8465,74.6726,74.0945,74.3303,71.1688,71.4703,67.7200,68.6222,66.7608,64.0312,58.6941,56.7186,54.4518,52.0865,45.0111,44.0114,38.1182,32.2490,28.4429,23.1948,19.4165,14.3178,9.2195,5.0000,2.2361,2.0000,6.4031,9.2195,11.3137,15.2643,18.0278,19.7231,23.2594,25.0799,27.5136,28.6356,0.0000,0.0000,0.0000,0.0000,0.0000,0.0000,0.0000,0.0000,0.0000,0.0000,0.0000,0.0000
1700000018.050000,-58.2,50.0400,49.1630,47.0744,49.3356,50.6952,52.3259,56.4358,59.6825,65.4599,65.8027,70.0000,72.0069,75.8024,76.4003,77.9359,77.6660,77.9359,74.4312,76.0066,74.7930,72.4707,72.0069,68.8840,67.2309,69.3542,64.4050,60.1664,57.5847,54.4059,50.6952,46.0977,41.4367,38.2099,32.0624,27.0185,22.0227,17.0000,14.0357,10.0000,5.0990,2.0000,4.2426,6.4031,9.8995,14.8661,19.1050,20.6155,24.2074,25.0000,27.2029,30.8869,32.6956,0.0000,0.0000,0.0000,0.0000,0.0000,0.0000,0.0000,0.0000,0.0000,0.0000,0.0000,0.0000
1700000018.100000,-62.0,51.0882,48.0208,47.4236,51.6236,51.6624,57.0701,61.5224,62.2013,69.1809,69.0652,76.1052,77.0584,79.1581,79.1581,81.3941,81.2219,80.3990,77.6466,79.6304,77.7817,76.2955,76.2955,71.5891,71.0211,69.6348,68.6586,62.3618,61.0328,55.7136,52.0000,48.7545,42.9418,37.2156,32.2490,28.0179,23.0217,18.0278,13.0384,7.8102,4.0000,2.8284,6.0828,11.0454,15.0333,19.1050,21.0000,23.0217,26.0000,30.0666,30.2655,34.7131,35.7351,0.0000,0.0000,0.0000,0.0000,0.0000,0.0000,0.0000,0.0000,0.0000,0.0000,0.0000,0.0000
1700000018.150000,-59.5,46.4004,46.0652,47.0106,49.0408,50.9902,54.2310,59.1354,61.0328,67.0000,71.0000,76.0066,76.0000,79.0000,79.0253,79.0569,80.0562,79.0569,77.2334,78.2304,77.1622,75.3260,74.4312,69.7209,71.3442,68.7314,65.9242,60.4152,58.9406,53.8516,48.7647,44.0114,40.8534,34.4384,29.0689,24.5967,20.6155,13.9284,8.5440,6.0828,5.6569,5.0990,11.0000,14.0357,19.1050,22.0907,23.1948,26.0192,30.0000,32.0624,35.0571,37.4833,39.8121,0.0000,0.0000,0.0000,0.0000,0.0000,0.0000,0.0000,0.0000,0.0000,0.0000,0.0000,0.0000
1700000018.200000,-59.7,47.3814,47.6340,46.6476,50.9902,51.5461,56.3205,60.8769,64.5368,70.4060,70.8590,77.1038,78.9177,81.2158,80.4114,81.7863,82.7647,82.2253,80.0812,79.8123,79.4040,75.8947,74.9466,72.4224,69.9214,69.5701,66.7308,62.2415,56.3649,54.5619,50.6063,44.9444,38.8330,32.8024,27.0185,23.6008,17.2047,12.5300,7.6158,5.0990,5.8310,8.0623,12.0000,17.0294,19.0263,22.0227,26.0192,29.2746,33.3766,35.5106,35.9026,40.8044,41.2311,0.0000,0.0000,0.0000,0.0000,0.0000,0.0000,0.0000,0.0000,0.0000,0.0000,0.0000,0.0000
1700000018.250000,-60.9,49.7293,49.6588,49.0918,53.4135,54.4518,59.4138,63.7809,68.2495,72.4707,74.6525,80.6040,83.8689,84.6463,84.5044,87.7269,84.9588,86.3713,82.0731,82.0244,80.6102,78.5684,75.0733,72.2496,73.5527,69.3542,67.2681,62.0081,55.8032,51.3128,46.8722,42.9418,37.1214,30.8869,25.4951,21.4709,15.0000,10.2956,6.4031,4.4721,8.4853,11.6619,15.2643,20.5913,24.6982,28.3019,31.0644,33.8378,37.5366,40.4599,41.0366,46.0109,46.6154,0.0000,0.0000,0.0000,0.0000,0.0000,0.0000,0.0000,0.0000,0.0000,0.0000,0.0000,0.0000
1700000018.300000,-60.8,49.3964,50.2494,51.8556,55.8032,63.5295,63.9531,70.9366,72.4500,79.4796,80.4114,89.6939,90.6201,90.8735,91.3893,90.4710,92.7038,88.6397,88.1022,87.2066,85.0000,82.7345,81.3941,79.7559,76.9415,73.9256,70.8308,64.6607,61.0328,53.8238,53.4135,44.5982,39.8246,33.3017,26.2488,22.0227,16.6433,11.4018,8.0623,8.0623,12.5300,15.2315,18.9737,23.7697,26.6833,31.7805,33.7343,36.1386,42.3792,44.7772,47.4131,47.5079,51.0392,0.0000,0.0000,0.0000,0.0000,0.0000,0.0000,0.0000,0.0000,0.0000,0.0000,0.0000,0.0000
1700000018.350000,-63.0,50.0400,49.8197,56.3028,57.7754,63.9531,67.2309,72.7186,77.6660,82.3772,85.9826,88.2327,93.2309,94.0319,95.7183,92.7847,96.2549,91.7878,91.2414,88.6848,86.8332,85.0000,83.6301,79.6053,77.4145,75.5844,71.1126,64.0781,61.0983,54.0833,47.7598,42.3792,36.0555,30.6757,24.5967,20.1246,13.4536,11.4018,12.0416,15.8114,16.5529,22.4722,25.0000,31.4006,34.8281,39.2046,40.8044,44.1022,47.8853,51.8845,54.5619,54.7814,57.0088,0.0000,0.0000,0.0000,0.0000,0.0000,0.0000,0.0000,0.0000,0.0000,0.0000,0.0000,0.0000
1700000018.400000,-63.5,52.7731,53.4509,60.2080,62.3939,69.2604,76.0263,80.0062,85.0000,91.0055,94.0053,101.0445,101.1237,102.1225,101.1781,101.5972,101.5972,98.6154,94.7629,91.7878,92.0706,90.2552,86.8332,81.3941,80.7527,77.9295,72.9931,68.4471,59.2284,52.3927,50.0100,41.9762,36.4966,32.0624,27.0185,22.8035,21.4709,20.5183,23.6008,23.7697,29.7321,31.7805,34.5254,41.0000,46.8722,46.8722,50.9902,54.8179,57.8705,62.0322,64.0781,64.8460,66.3702,0.0000,0.0000,0.0000,0.0000,0.0000,0.0000,0.0000,0.0000,0.0000,0.0000,0.0000,0.0000
1700000018.450000,-63.3,54.7449,56.3205,60.9262,66.2118,72.0694,77.5242,84.9058,88.8369,95.0158,97.6166,101.3558,101.3558,103.8316,102.8834,103.3151,103.7545,99.7296,97.1700,97.9898,93.7763,91.5478,88.0227,83.9345,81.4371,78.3901,73.5391,67.0671,59.4643,55.3624,47.0106,42.1545,37.1618,32.7567,26.4008,25.0000,22.8473,26.3059,26.0192,31.2570,30.5941,38.3275,42.7200,44.9222,50.2892,54.4059,55.5428,58.4637,61.8142,65.7647,68.4690,68.1175,69.1158,0.0000,0.0000,0.0000,0.0000,0.0000,0.0000,0.0000,0.0000,0.0000,0.0000,0.0000,0.0000
1700000018.500000,-63.3,60.0000,62.5140,67.0820,72.0347,76.9220,83.5225,88.8651,92.6553,97.4064,100.5783,108.8118,107.5174,110.1635,108.9312,108.6830,108.1712,102.8397,100.2247,96.3172,97.6729,93.3809,91.5915,85.9069,86.5852,82.5651,77.6660,67.9117,62.1691,57.2713,50.6952,45.1221,42.0595,36.7696,30.5287,26.9072,27.2029,29.0689,31.3209,33.3766,36.2215,40.0000,45.0444,49.0408,52.1536,56.1427,60.0083,61.0082,66.1211,69.1158,72.4431,73.1642,75.1864,0.0000,0.0000,0.0000,0.0000,0.0000,0.0000,0.0000,0.0000,0.0000,0.0000,0.0000,0.0000
1700000018.550000,-61.1,64.8845,69.4622,72.1110,80.7775,85.3756,92.3959,99.4636,102.4207,109.4440,110.0227,116.1809,121.0496,122.0041,119.3692,116.0905,117.0043,115.4340,108.5035,107.9120,105.9481,100.3045,97.1442,93.6216,91.7606,87.6641,83.8153,73.1642,68.1542,62.6259,55.3624,49.4773,45.8912,42.2966,34.0147,32.3883,31.6228,34.4819,36.2353,38.1838,43.8634,47.6340,49.8197,57.2014,60.2163,65.0000,66.8431,70.6045,74.4110,78.5175,79.3095,80.4301,84.0536,0.0000,0.0000,0.0000,0.0000,0.0000,0.0000,0.0000,0.0000,0.0000,0.0000,0.0000,0.0000
1700000018.600000,-62.8,54.6260,61.3514,66.4906,73.3485,76.9415,80.5047,88.5664,90.5538,93.5361,98.9949,103.2473,104.9381,103.9423,103.1601,103.8123,103.1601,98.9545,96.0469,97.2677,92.4446,88.3233,85.7263,80.0812,80.5233,78.8480,74.2159,64.0312,60.1664,53.8516,50.0100,44.7214,40.1995,38.0132,33.2415,33.5261,31.3050,35.2278,36.8782,39.5980,43.2782,47.0106,48.8262,53.2541,55.2178,56.6127,60.8030,64.6607,69.3109,71.4493,72.9178,76.8375,76.8505,0.0000,0.0000,0.0000,0.0000,0.0000,0.0000,0.0000,0.0000,0.0000,0.0000,0.0000,0.0000
1700000018.650000,-63.0,60.6053,69.4262,73.5935,82.9759,87.3212,88.8651,96.2133,102.4500,109.0183,108.8531,113.8508,116.5161,119.0966,117.5160,117.3797,112.4322,111.0180,101.1781,103.9663,99.0353,98.3107,94.7945,85.7030,89.8053,86.2670,79.9062,72.1388,65.1920,62.2896,55.4437,51.6140,45.7930,45.6180,43.6578,39.4588,42.0476,41.3038,45.3982,46.0977,50.6952,52.8110,56.6127,60.0833,65.5515,67.0522,71.1688,75.0000,80.6040,79.6241,80.8950,86.1452,90.0056,0.0000,0.0000,0.0000,0.0000,0.0000,0.0000,0.0000,0.0000,0.0000,0.0000,0.0000,0.0000
1700000018.700000,-65.2,63.7887,65.2763,72.0278,78.0064,85.0941,89.0898,94.0851,98.1835,105.1190,105.1190,111.0045,112.0179,112.0000,109.0734,107.1681,111.1620,105.1713,102.3963,97.1854,96.3328,94.3398,91.3510,87.1436,85.0941,79.1581,79.1012,69.0000,64.0000,59.2115,57.2189,52.3450,46.5725,47.7598,45.6180,43.5660,44.2041,44.5533,47.4236,54.6717,53.6004,57.2014,60.2163,67.1193,65.8027,70.7248,72.4224,79.8123,81.4678,82.7587,82.7587,87.9659,87.6584,0.0000,0.0000,0.0000,0.0000,0.0000,0.0000,0.0000,0.0000,0.0000,0.0000,0.0000,0.0000
1700000018.750000,-61.0,72.0069,74.3303,82.5651,87.4757,92.4175,96.5401,103.3247,105.9906,113.7805,115.5206,118.8697,118.3765,121.0620,121.9262,115.6244,117.9576,115.6244,110.3676,105.9292,104.3887,100.2447,98.6154,91.1373,93.4345,88.2780,81.3941,73.8241,70.4060,64.7611,62.0967,57.2800,56.0803,52.3546,50.4777,50.6063,50.3289,51.6624,54.6717,55.2178,58.2495,61.9112,63.1348,72.0694,72.0694,72.0694,76.6616,79.8812,83.0060,88.8651,87.0460,89.8053,91.2140,0.0000,0.0000,0.0000,0.0000,0.0000,0.0000,0.0000,0.0000,0.0000,0.0000,0.0000,0.0000
1700000018.800000,-62.8,65.8027,70.6116,77.4661,83.0241,89.4539,90.4489,97.4166,104.4797,105.6835,110.0273,113.1371,113.2828,114.7563,114.9348,112.2943,112.0580,106.7333,103.3247,100.8960,98.7168,94.1116,92.1792,87.5557,88.0738,83.7437,76.4853,71.7008,67.7422,63.5059,60.1332,54.0000,54.1479,52.3450,50.0100,48.7032,48.8467,50.5371,53.3385,57.1402,57.6888,57.2014,61.2209,65.2993,68.7677,69.5270,74.2024,73.8173,79.0759,80.4550,80.9506,85.4927,83.4865,0.0000,0.0000,0.0000,0.0000,0.0000,0.0000,0.0000,0.0000,0.0000,0.0000,0.0000,0.0000
1700000018.850000,-60.0,70.9366,76.9675,79.6492,89.1852,90.7359,96.3846,101.0198,105.3091,111.1395,112.8716,116.7647,118.1186,119.4069,116.2970,114.2366,115.4513,110.9820,105.4751,104.9238,101.3903,97.8621,95.8541,91.7606,88.2383,87.4643,85.6154,76.0592,70.6612,65.8635,62.4340,61.0574,57.3847,56.6392,53.8145,51.8556,55.2178,54.3783,56.3560,60.4152,60.9262,61.3270,65.7875,69.0797,70.5762,74.8465,74.8465,76.9675,81.3941,81.8841,84.9058,87.2009,85.7030,0.0000,0.0000,0.0000,0.0000,0.0000,0.0000,0.0000,0.0000,0.0000,0.0000,0.0000,0.0000
1700000018.900000,-64.8,72.4707,73.9256,81.7068,86.3771,91.0824,92.3472,101.2423,102.4890,109.4166,112.2720,114.0175,116.6190,115.5509,114.9652,111.3598,111.8928,106.9299,102.8591,103.7545,102.4158,97.0618,94.8103,89.8944,88.5664,84.1190,77.3886,71.6938,69.6419,65.7875,62.0967,60.1664,58.6941,54.1479,54.0370,53.0094,54.0370,56.5685,57.8705,58.4637,59.2030,63.2456,63.5689,67.0522,67.6757,72.4500,72.4224,75.0000,78.5875,79.6241,84.8528,82.4924,82.0000,0.0000,0.0000,0.0000,0.0000,0.0000,0.0000,0.0000,0.0000,0.0000,0.0000,0.0000,0.0000
1700000018.950000,-63.8,74.3303,78.5875,86.6487,87.9318,95.2733,96.2081,102.4597,108.1665,111.3283,113.8420,118.9033,117.0470,117.8813,116.6619,113.0310,115.9526,108.9082,108.2589,104.7855,101.9804,99.4636,98.2700,91.4112,90.2441,87.3212,81.7863,75.1864,74.0000,69.5701,62.2415,59.9416,59.5399,56.4358,55.2178,55.6058,58.6941,57.2800,58.0000,61.4003,60.6053,61.6117,62.4340,67.9559,67.6757,70.8025,73.2393,78.4092,78.8733,85.5628,85.5628,85.7030,86.4002,0.0000,0.0000,0.0000,0.0000,0.0000,0.0000,0.0000,0.0000,0.0000,0.0000,0.0000,0.0000
1700000019.000000,-64.5,75.4321,80.6536,81.3449,87.0919,89.9611,97.9898,103.3151,106.5129,109.3846,111.2340,117.7455,116.6190,116.3787,114.1622,118.4061,112.9292,111.6826,104.5466,106.6068,104.0481,99.6895,97.7446,92.1792,89.0225,87.3613,85.7263,78.7464,71.7844,71.5122,64.8845,63.0714,60.8276,57.9828,56.4004,58.4123,57.2800,59.4643,58.2580,59.0339,62.8013,62.8013,64.0703,66.0303,69.6419,71.8471,71.8471,75.0000,77.3369,77.9872,83.4386,82.8794,83.6002,0.0000,0.0000,0.0000,0.0000,0.0000,0.0000,0.0000,0.0000,0.0000,0.0000,0.0000,0.0000
1700000019.050000,-63.0,72.8629,75.9276,73.2393,81.2711,86.2844,89.5879,98.1835,95.7183,106.0189,106.6068,109.6221,107.2007,110.7520,106.4049,105.4182,109.7862,102.6499,101.8332,98.3514,95.4830,94.7523,91.9674,87.6812,82.0366,82.7345,80.0562,70.8378,68.8840,63.8905,62.4340,56.6127,58.8303,56.7979,51.4296,52.5547,53.1601,55.7853,52.8867,51.9711,57.0789,59.6825,60.2993,63.1981,66.2722,67.0671,68.5930,72.3395,72.9931,78.1025,78.3390,80.6536,78.7210,0.0000,0.0000,0.0000,0.0000,0.0000,0.0000,0.0000,0.0000,0.0000,0.0000,0.0000,0.0000
1700000019.100000,-61.3,72.5672,78.4092,83.3847,89.2749,93.0484,96.1301,99.0051,103.0194,108.1157,110.2905,112.6410,117.6138,118.2286,116.2497,115.7411,111.1575,110.4762,102.5914,106.0990,102.4207,99.6394,95.5249,90.8020,90.6090,86.8850,84.0119,75.8024,73.8241,69.3542,64.1950,62.0322,59.0085,56.0803,54.5894,56.0446,54.4059,54.7814,54.7814,55.5428,57.2451,60.8276,63.2851,63.6318,66.0379,66.8880,68.6003,74.3034,75.5910,76.9675,79.1202,82.2800,80.6040,0.0000,0.0000,0.0000,0.0000,0.0000,0.0000,0.0000,0.0000,0.0000,0.0000,0.0000,0.0000
1700000019.150000,-62.0,71.0634,72.8629,78.4920,84.8646,89.1067,93.3809,97.6729,101.9117,101.9117,107.5639,110.3087,113.1371,111.7229,111.0360,106.3015,104.9952,108.5772,103.5857,102.8251,97.1854,94.8103,95.0158,86.2149,88.5268,84.9588,80.1561,72.1249,68.6222,67.1789,59.4643,61.0737,56.4004,56.6039,50.1199,51.0784,49.0408,52.6308,56.5155,55.5788,55.4437,57.0789,61.0737,62.3939,66.1211,66.1211,66.0681,69.4622,73.8241,78.0897,77.3692,79.0569,81.0247,0.0000,0.0000,0.0000,0.0000,0.0000,0.0000,0.0000,0.0000,0.0000,0.0000,0.0000,0.0000
1700000019.200000,-62.7,67.0671,68.9420,76.4788,80.0562,85.9593,88.5889,92.6607,93.6483,100.6479,102.9563,104.7091,109.1787,107.3313,104.6518,105.5509,102.9563,99.8098,99.1615,93.6216,94.7048,90.6201,86.5390,83.5703,81.8596,78.3901,75.2396,68.4251,66.1891,60.0333,57.8014,54.0833,52.2015,52.4976,49.5177,50.2494,45.6070,48.8774,50.1199,50.0899,55.4617,54.6260,57.3847,60.0833,60.0833,60.0083,62.2415,67.9779,71.5891,72.4707,74.0945,76.0263,78.5684,0.0000,0.0000,0.0000,0.0000,0.0000,0.0000,0.0000,0.0000,0.0000,0.0000,0.0000,0.0000
1700000019.250000,-62.1,72.6223,71.6101,78.2368,82.9277,89.6939,89.6939,95.7706,97.7548,103.5857,103.9423,108.4528,107.0701,108.4666,107.6476,105.6030,107.6476,105.2093,97.8008,98.0051,96.4002,91.8314,86.6083,85.6037,84.0536,79.6492,77.8010,69.8928,66.0379,65.1920,61.7171,56.7979,55.5428,52.2015,49.2443,50.4876,50.3587,52.1536,52.0096,56.0089,55.4437,57.3149,59.4138,64.3817,58.5491,63.5059,67.3647,69.3542,74.0608,73.0000,78.0577,77.4145,79.2465,0.0000,0.0000,0.0000,0.0000,0.0000,0.0000,0.0000,0.0000,0.0000,0.0000,0.0000,0.0000
1700000019.300000,-61.2,69.4622,73.2462,78.0000,80.0062,89.0000,91.0055,96.0469,100.0050,102.0049,105.0048,107.0047,110.0000,108.0741,106.3015,106.5692,102.3132,102.2399,101.7104,100.6032,94.7629,90.7965,89.6772,85.7088,83.3847,79.7621,75.4255,69.0652,68.0000,63.0317,59.0339,56.4358,51.4781,51.1957,47.5395,47.5395,51.0000,51.0000,54.3783,55.6058,54.6717,55.3173,58.0000,65.2993,61.8466,64.6607,68.1175,72.0069,73.4983,74.9466,76.0592,75.6439,77.7946,0.0000,0.0000,0.0000,0.0000,0.0000,0.0000,0.0000,0.0000,0.0000,0.0000,0.0000,0.0000
1700000019.350000,-64.3,73.2462,75.2861,81.3449,83.4386,89.1067,94.0479,96.1769,100.4490,107.4895,104.6614,108.9312,113.8991,108.2451,108.5772,109.0183,106.3015,102.1763,101.8283,94.6414,94.8103,93.0054,89.6437,85.6037,82.3286,80.4301,77.2334,70.0928,67.9412,59.3970,61.7171,56.2228,51.6140,52.1536,50.5371,52.8015,54.7814,50.8035,51.4198,53.7587,55.3263,58.3095,57.1402,63.5059,63.2851,66.1211,69.3542,72.8354,74.5252,76.9025,78.1089,79.1202,81.3941,0.0000,0.0000,0.0000,0.0000,0.0000,0.0000,0.0000,0.0000,0.0000,0.0000,0.0000,0.0000
1700000019.400000,-59.7,64.0000,71.0634,72.2496,78.4092,81.3941,85.9884,87.8237,93.2148,94.6414,95.4254,100.4988,102.3132,101.1781,101.0792,103.0437,95.0474,97.0206,90.0000,91.0220,86.0000,86.0233,83.0241,77.0000,78.0577,75.0267,72.1110,63.5059,60.0750,60.6712,53.9351,54.1295,49.7293,48.3839,48.7647,51.8845,46.8722,49.6488,51.8556,54.2033,57.3847,55.1725,59.4138,58.6941,59.4138,62.2896,65.9469,68.0147,70.8025,69.8928,72.7186,76.4788,73.1642,0.0000,0.0000,0.0000,0.0000,0.0000,0.0000,0.0000,0.0000,0.0000,0.0000,0.0000,0.0000
1700000019.450000,-62.8,63.6003,70.1783,72.1249,80.7217,83.4386,85.5628,88.4590,94.7945,94.9210,96.9381,100.5684,99.1564,100.5684,97.6729,97.6166,97.0052,97.2008,94.4034,92.4554,88.2327,86.0233,83.0060,77.8010,79.5110,76.4003,71.2180,64.5368,61.6198,58.7963,51.7397,54.0370,52.6308,49.3964,49.3964,48.7545,49.7695,49.0408,52.3927,52.1728,52.6308,55.7853,59.0339,59.2284,61.0000,61.8466,61.8466,64.2884,66.7308,69.6419,72.9178,71.1196,72.4017,0.0000,0.0000,0.0000,0.0000,0.0000,0.0000,0.0000,0.0000,0.0000,0.0000,0.0000,0.0000
1700000019.500000,-64.5,67.7422,70.0000,77.2010,79.8123,84.6463,84.8116,89.4986,91.0494,94.0213,97.8008,98.0051,98.6002,100.4390,99.2975,98.4784,97.9081,92.0869,92.1141,91.8096,89.5879,85.2350,82.3772,77.6981,77.1038,73.0069,69.6348,65.4370,63.2535,58.0517,56.5862,51.7397,51.0882,50.8035,48.2597,48.7647,48.7545,49.3964,48.7032,54.4059,56.0446,55.0818,56.7539,60.8769,61.1310,60.8769,63.8905,66.0984,67.7791,68.1542,68.4471,72.2011,69.6348,0.0000,0.0000,0.0000,0.0000,0.0000,0.0000,0.0000,0.0000,0.0000,0.0000,0.0000,0.0000
1700000019.550000,-60.8,62.5859,71.7844,68.9493,80.6536,79.1202,84.5044,84.8646,88.2553,91.0824,92.3580,97.4064,97.4064,96.7678,96.5660,99.6895,94.5939,94.8314,85.6154,90.0278,83.1865,82.3772,80.6040,73.3485,74.2159,71.5681,69.6419,67.0522,57.8705,60.7454,52.9245,53.7122,53.2353,50.6063,48.0104,51.8556,48.9183,50.2494,50.3289,53.0377,54.8179,56.0803,58.1378,58.2580,61.7171,62.2896,60.8276,65.0692,65.7951,65.0692,69.0290,68.2422,68.0955,0.0000,0.0000,0.0000,0.0000,0.0000,0.0000,0.0000,0.0000,0.0000,0.0000,0.0000,0.0000
1700000019.600000,-62.6,62.4260,67.2012,72.4707,74.6525,80.1561,80.9197,85.0412,87.7838,90.6863,95.2680,94.2019,96.4002,95.8019,95.6033,91.5260,93.4077,87.2009,88.7525,83.8153,83.8153,79.8812,80.0000,74.0608,75.2130,73.8173,64.8151,62.3699,59.5483,56.5685,57.3149,52.4976,52.0096,51.0392,48.5489,47.8853,50.5668,50.1597,49.2443,50.2892,51.2445,53.6004,53.3667,58.9406,57.0088,59.6657,61.6847,63.2456,64.5136,67.2309,66.6408,67.6018,64.8999,0.0000,0.0000,0.0000,0.0000,0.0000,0.0000,0.0000,0.0000,0.0000,0.0000,0.0000,0.0000
1700000019.650000,-57.7,66.4831,67.5426,71.5891,75.6439,81.4125,85.0000,87.7097,88.1192,93.0591,93.0215,94.3716,95.2733,96.6644,92.4770,91.5478,92.4770,87.6641,87.3155,82.6378,85.4400,80.6536,79.7120,77.8332,73.1642,72.6154,69.4622,63.0714,61.7414,57.7062,55.4707,51.6236,52.1536,51.8556,49.5782,47.3814,48.9183,52.4976,48.8262,52.4309,53.5350,54.0833,53.8516,58.5235,58.5235,57.1402,59.0762,62.0081,62.0081,64.6607,65.0692,65.8559,66.4003,0.0000,0.0000,0.0000,0.0000,0.0000,0.0000,0.0000,0.0000,0.0000,0.0000,0.0000,0.0000
1700000019.700000,-66.1,64.4981,63.5059,65.3070,69.8570,73.1642,76.1577,79.8499,82.8553,85.9069,86.8159,90.3549,89.4427,90.3549,88.1930,86.0930,87.7097,85.0000,82.4924,79.2591,79.2591,75.8024,72.5603,70.1783,68.6003,68.0955,64.0078,60.3738,56.7979,54.2310,53.4883,49.9800,50.0000,49.4773,46.6905,46.3897,46.2709,47.1699,48.0000,51.0000,49.1630,52.0384,50.3587,54.0370,54.1479,57.0351,56.0000,60.0000,60.0083,61.2944,63.6396,64.0312,63.2456,0.0000,0.0000,0.0000,0.0000,0.0000,0.0000,0.0000,0.0000,0.0000,0.0000,0.0000,0.0000
1700000019.750000,-61.8,55.6597,56.4624,62.2415,63.5610,67.5426,69.3181,73.3485,74.6860,76.9220,78.2943,80.6226,80.6226,82.4621,80.2309,78.1857,79.8499,75.6108,75.0267,72.4500,73.5391,71.7844,68.3520,61.0328,63.6946,62.9682,58.6941,55.4617,52.7731,51.4781,47.0106,47.1699,46.4004,46.8615,43.9318,43.1393,44.6878,43.9318,44.6878,45.4533,45.2217,48.2597,49.6488,51.8652,51.3128,53.0094,52.0096,54.0370,56.8507,55.8659,57.3149,57.6281,58.5235,0.0000,0.0000,0.0000,0.0000,0.0000,0.0000,0.0000,0.0000,0.0000,0.0000,0.0000,0.0000
1700000019.800000,-57.5,54.6260,57.3847,61.6847,63.8905,63.3246,69.9214,71.5681,73.7631,78.1601,77.1622,81.3449,83.5703,79.3095,81.1542,80.6226,80.0562,78.5493,73.9256,73.9256,73.5391,68.5420,68.7095,63.5610,61.8466,60.5392,59.6154,55.3624,53.1601,50.4480,50.0100,46.8722,44.4072,46.0977,45.0999,43.0000,44.0000,46.0109,46.0109,46.0435,45.2769,47.5184,51.6236,49.6488,52.6118,52.7731,53.1507,54.2310,57.0088,58.0000,58.1378,61.6604,60.4152,0.0000,0.0000,0.0000,0.0000,0.0000,0.0000,0.0000,0.0000,0.0000,0.0000,0.0000,0.0000
1700000019.850000,-65.7,53.1507,57.9741,59.1354,64.2884,65.4599,69.6419,72.1110,72.1110,75.5844,77.4919,80.0062,79.6994,80.0812,81.2527,78.8543,79.5550,76.1577,73.7564,72.5672,70.2140,67.7422,69.2315,65.1153,65.0000,61.6117,59.9083,57.5674,53.4509,51.5461,49.7695,47.5395,46.0977,46.0652,45.6508,44.6542,47.0106,46.2277,45.4533,46.2277,47.6340,49.5177,50.2494,50.9902,52.4023,53.2635,53.6004,56.6127,56.3028,58.3095,60.4152,59.9333,60.7454,0.0000,0.0000,0.0000,0.0000,0.0000,0.0000,0.0000,0.0000,0.0000,0.0000,0.0000,0.0000
1700000019.900000,-64.6,52.4786,54.9181,59.6406,62.8013,61.8466,66.0681,69.6563,71.0634,71.7008,74.6525,77.6209,77.0065,79.2023,77.2010,76.8440,76.0263,75.4520,69.3397,72.2011,69.4046,66.5733,65.4599,62.4260,62.2013,62.2013,59.0339,55.3173,53.0377,50.9902,47.4236,49.5782,47.5079,46.4004,45.2217,45.4863,44.2945,46.0652,47.8539,48.3322,48.8467,47.5395,51.6236,51.0784,52.0000,54.2310,54.6260,55.9017,57.8014,57.4543,59.6406,59.0339,58.6941,0.0000,0.0000,0.0000,0.0000,0.0000,0.0000,0.0000,0.0000,0.0000,0.0000,0.0000,0.0000
1700000019.950000,-63.2,51.6236,53.3667,55.0818,57.2800,62.6418,61.6847,67.6757,68.6222,71.7844,74.3303,75.0000,75.2861,75.6902,77.1298,74.5252,75.1864,69.6419,70.6116,68.8840,67.9117,65.3070,65.5134,62.5859,60.8769,58.9406,58.2409,55.3624,53.4509,49.6488,51.0784,47.4236,48.3011,47.4131,45.6508,44.6542,44.4072,46.4004,45.0000,47.0106,48.1664,49.5782,49.5782,52.4976,51.0882,52.4976,53.4135,54.4059,57.4282,56.9386,57.7062,56.4624,58.1893,0.0000,0.0000,0.0000,0.0000,0.0000,0.0000,0.0000,0.0000,0.0000,0.0000,0.0000,0.0000
1700000020.000000,-63.3,52.3450,55.3173,57.6281,62.2013,64.8151,66.0303,69.4046,74.6324,76.8440,78.0064,81.8352,80.4301,80.9197,78.1025,78.8733,78.1025,77.4661,72.3464,73.0000,70.9366,68.7677,68.0147,65.9469,64.8151,63.8905,62.0081,59.2030,56.6127,55.7584,53.5350,50.6063,51.0000,51.8941,47.0106,49.3964,51.6236,51.5461,48.7032,49.6488,51.9230,52.4976,53.1601,54.4059,53.4509,53.4509,55.0273,55.6597,59.0931,58.1378,58.3095,58.8303,59.8164,0.0000,0.0000,0.0000,0.0000,0.0000,0.0000,0.0000,0.0000,0.0000,0.0000,0.0000,0.0000
1700000020.050000,-61.2,50.9902,55.1543,54.4243,59.8080,60.0833,62.6418,65.1460,67.0522,69.5701,70.5195,74.6324,75.8947,75.9605,74.6726,74.8465,72.8011,70.9366,67.2309,68.5420,69.8570,64.8845,66.3099,61.7414,62.0322,61.4654,58.5235,56.6480,57.2451,52.8110,50.4480,49.4773,48.2701,49.2443,46.0977,47.5184,45.0444,48.0937,46.0977,48.1664,48.1664,50.0400,50.0100,52.0096,51.0882,52.0865,53.4603,53.6004,53.9351,56.0892,56.0446,57.2451,55.4617,0.0000,0.0000,0.0000,0.0000,0.0000,0.0000,0.0000,0.0000,0.0000,0.0000,0.0000,0.0000
1700000020.100000,-62.7,53.4883,55.3624,56.7539,62.5859,61.1882,66.2873,68.6586,70.6116,73.7564,73.9797,76.6551,77.6209,78.5875,78.8480,77.2010,76.2430,75.2861,70.5195,72.4224,69.5701,67.6757,67.3573,64.5136,65.2533,63.2456,62.9365,58.5235,57.0088,55.1090,53.3667,52.1728,52.6118,50.0100,49.3660,49.2544,48.0937,50.0000,49.0102,50.0000,50.0100,49.0102,51.0000,51.0000,51.0000,54.0093,51.0882,54.2310,55.4437,54.7449,56.5155,54.8179,54.4243,0.0000,0.0000,0.0000,0.0000,0.0000,0.0000,0.0000,0.0000,0.0000,0.0000,0.0000,0.0000
1700000020.150000,-60.2,50.4480,54.4518,55.1543,59.4643,60.8769,65.1153,66.7083,67.2681,71.5052,70.0928,75.0067,75.6637,72.8354,74.2496,77.1557,71.4213,72.1249,68.0147,72.1388,67.9412,68.6804,67.2086,62.9365,63.6396,62.9682,61.5549,58.6941,56.5862,57.3847,51.7397,53.9073,49.8197,50.4480,49.2037,48.2597,47.1699,47.5079,48.0208,47.5079,48.8774,46.1411,50.6063,48.8774,51.4781,50.2494,50.7740,52.4309,52.8015,50.4480,50.9902,53.7401,53.4135,0.0000,0.0000,0.0000,0.0000,0.0000,0.0000,0.0000,0.0000,0.0000,0.0000,0.0000,0.0000
1700000020.200000,-61.0,55.1543,54.0833,59.9083,59.6657,64.7611,65.2533,68.8840,69.2315,74.4648,74.4648,77.2010,76.9220,76.5376,75.8947,74.6324,79.0569,74.3303,73.0548,68.0074,71.1688,68.9493,69.5701,68.0074,67.0522,64.1950,62.9365,57.9741,59.6657,57.4891,56.5155,52.1728,53.7587,51.6236,50.6360,49.3660,50.3587,49.3660,49.3660,49.1630,50.0400,51.0392,49.0408,52.0384,49.0918,51.0882,51.1566,51.3517,53.3385,52.1728,52.8867,53.7587,51.0784,0.0000,0.0000,0.0000,0.0000,0.0000,0.0000,0.0000,0.0000,0.0000,0.0000,0.0000,0.0000
1700000020.250000,-63.5,52.9528,52.8867,58.1893,61.0328,61.3514,64.8460,68.3520,70.5762,74.0000,72.7324,74.9466,75.8947,75.0000,74.0405,76.4003,75.6902,74.0405,71.5681,71.5681,70.6045,68.8840,66.9403,65.5134,66.2193,64.0312,60.8769,60.7289,57.8705,55.6597,53.7587,53.4509,53.7587,51.6236,49.3964,48.8467,48.8467,49.6588,45.6180,47.8539,46.5296,47.0106,49.2443,48.3735,49.2443,48.3011,47.8539,50.0899,49.7695,51.5461,50.2892,52.3927,50.6360,0.0000,0.0000,0.0000,0.0000,0.0000,0.0000,0.0000,0.0000,0.0000,0.0000,0.0000,0.0000
1700000020.300000,-63.1,51.6624,53.7401,55.8659,58.0000,62.2896,62.2896,65.2993,67.3573,69.5270,72.2496,75.0067,72.8629,74.2765,73.5527,73.5391,73.5527,71.4213,67.9412,70.0071,70.7248,67.9412,67.1789,62.2415,65.7647,62.9365,60.8276,59.4138,55.8659,55.8659,53.9073,52.4023,51.2250,51.2250,49.6790,47.2017,47.4342,46.0435,46.8722,46.3249,46.0435,44.4185,45.4863,47.1699,45.4863,44.9444,45.4863,46.0435,48.0104,48.2701,48.1664,50.2096,48.9183,0.0000,0.0000,0.0000,0.0000,0.0000,0.0000,0.0000,0.0000,0.0000,0.0000,0.0000,0.0000
1700000020.350000,-60.9,51.4781,55.9017,55.0091,61.2944,60.5392,65.0000,66.0379,68.7968,69.9714,71.8679,75.2928,75.4718,75.2928,74.3034,75.1532,72.8972,72.8972,69.7782,72.4500,68.8767,69.3542,67.9779,63.5610,65.2993,62.6099,61.2699,57.2451,57.2451,55.9464,51.9711,52.8394,51.4781,51.1077,48.8774,45.4863,46.0435,47.2017,45.8039,45.0000,46.4004,44.8219,45.4533,45.3431,44.0454,44.2041,44.8219,46.4004,46.0435,45.7930,47.5079,47.8853,48.8467,0.0000,0.0000,0.0000,0.0000,0.0000,0.0000,0.0000,0.0000,0.0000,0.0000,0.0000,0.0000
1700000020.400000,-62.4,48.8774,50.2195,55.2178,54.8179,59.8164,57.4891,62.6259,64.5368,67.0075,68.4105,69.2026,71.4003,72.2011,69.6348,69.8928,69.8928,68.2422,68.7968,65.1920,65.0000,64.0078,62.2656,61.9112,61.0328,60.5392,57.1402,55.7584,54.9181,52.1536,52.4309,48.5489,48.2597,46.6154,45.2217,44.4072,45.6070,42.6380,42.0119,41.1096,41.1096,41.8688,41.1096,43.2782,41.7732,42.4500,41.1096,43.4166,44.4072,45.2217,44.6542,43.9090,44.3847,0.0000,0.0000,0.0000,0.0000,0.0000,0.0000,0.0000,0.0000,0.0000,0.0000,0.0000,0.0000
1700000020.450000,-59.6,47.2017,48.5489,51.9711,52.8394,56.3560,58.5918,61.2699,63.5059,64.8460,66.2420,69.8355,66.7308,69.1158,68.2642,67.1193,68.2642,65.5134,64.0703,65.7343,64.8999,62.6817,61.8547,58.8218,59.3633,57.6888,55.4707,52.1536,52.1536,50.7740,48.3735,48.8774,46.1411,44.7772,42.5441,42.9418,42.0476,42.0476,40.3113,39.9249,39.9249,40.8534,38.6005,42.7200,40.4969,40.4969,39.9249,40.3113,41.2311,41.5933,42.5441,43.0465,41.4005,0.0000,0.0000,0.0000,0.0000,0.0000,0.0000,0.0000,0.0000,0.0000,0.0000,0.0000,0.0000
1700000020.500000,-62.0,50.0100,53.1601,54.7083,58.5235,60.7454,62.3939,64.2573,67.2309,69.6419,70.9366,73.0548,75.6108,74.0000,72.1110,71.8401,73.0821,70.2140,68.9638,70.2140,67.7200,65.0000,64.0312,64.7611,63.3246,61.8466,60.1664,56.0446,56.0446,52.8867,53.4509,49.0408,49.9800,48.3839,46.4866,44.9444,45.6946,43.4626,42.9535,41.5933,41.5933,41.5933,42.5441,41.6773,42.5441,42.5441,41.5933,42.4853,43.8634,45.1885,46.6154,44.5982,45.1221,0.0000,0.0000,0.0000,0.0000,0.0000,0.0000,0.0000,0.0000,0.0000,0.0000,0.0000,0.0000
1700000020.550000,-60.9,50.5371,56.4358,54.6443,59.9083,60.4649,61.8547,65.8027,67.2012,71.0282,70.4557,74.8866,75.1665,74.9466,74.0945,73.9256,72.7186,71.0211,69.9714,68.9638,69.1158,66.2420,66.2420,63.5295,62.7694,64.0078,61.4003,59.1693,56.0803,54.3783,53.5350,50.6063,49.9300,46.8722,45.4863,46.6154,42.8019,45.4533,40.6079,41.7732,40.3113,40.3609,39.6232,39.5980,41.7253,43.1393,43.1393,43.8634,45.2769,43.9318,45.6070,45.2217,44.4185,0.0000,0.0000,0.0000,0.0000,0.0000,0.0000,0.0000,0.0000,0.0000,0.0000,0.0000,0.0000
1700000020.600000,-61.3,50.9902,51.0784,55.0273,55.9732,61.6847,59.7746,65.5210,66.4831,68.0074,71.1688,70.5195,71.1688,72.8011,71.8679,69.4622,72.8011,69.0797,71.3092,66.3099,66.3099,63.9766,64.4748,64.4050,63.5610,60.8358,58.1808,55.4617,55.0091,50.9902,54.2310,47.4236,47.9270,45.8803,44.3847,44.5982,42.3792,42.4500,39.8497,38.6005,38.3275,39.8121,37.6563,40.7922,37.8550,40.6079,40.6079,42.2019,42.4500,43.6807,43.6578,44.3847,43.4166,0.0000,0.0000,0.0000,0.0000,0.0000,0.0000,0.0000,0.0000,0.0000,0.0000,0.0000,0.0000
1700000020.650000,-61.1,46.0435,49.8197,50.9902,55.2268,55.2268,57.2800,60.1082,62.2896,65.0692,65.1153,67.3573,68.7677,68.8840,69.5270,69.0290,67.4759,65.4370,64.2028,64.2028,64.4050,61.8547,62.2013,58.6003,59.2030,57.2014,55.8032,52.8015,51.4004,47.8017,47.6340,47.0106,45.6070,43.2782,40.4599,40.3113,39.6232,38.1838,37.4833,38.2099,37.5366,36.1248,36.4006,36.4006,36.2353,38.6005,36.4006,39.8246,40.4599,39.5980,40.3113,40.4599,42.0119,0.0000,0.0000,0.0000,0.0000,0.0000,0.0000,0.0000,0.0000,0.0000,0.0000,0.0000,0.0000
1700000020.700000,-62.0,48.1664,51.2445,53.6004,53.6004,56.0892,59.4390,60.6383,60.8769,64.0312,66.4906,67.2681,68.4471,68.0661,68.2495,69.5845,68.2495,65.9242,65.4905,63.5059,63.6396,62.5140,61.5224,58.4209,58.6941,58.5491,57.5587,53.6004,50.4876,49.4975,46.6905,44.5533,43.7379,42.7551,41.0000,41.1096,39.5601,38.8973,35.7351,36.0555,36.2491,36.6742,38.4838,37.1214,38.4708,37.1214,36.2353,39.3573,38.9102,39.9249,41.1096,41.2311,41.7732,0.0000,0.0000,0.0000,0.0000,0.0000,0.0000,0.0000,0.0000,0.0000,0.0000,0.0000,0.0000
1700000020.750000,-59.9,49.5782,52.3450,55.3173,60.4401,59.6657,63.2535,65.6049,66.4003,70.2922,68.8840,73.2462,73.8783,75.8222,75.8222,72.8629,71.5052,73.5527,67.1789,70.7248,67.1789,65.7647,65.0692,62.2254,62.9365,62.2254,60.1082,55.8659,53.7401,52.3450,48.7955,48.7955,47.4236,46.7547,43.2782,42.8019,40.6079,41.0488,41.3401,39.9625,41.5933,38.9487,39.8246,39.8246,41.5933,42.4853,40.7063,43.0465,43.0465,45.4863,45.2217,44.0454,45.9674,0.0000,0.0000,0.0000,0.0000,0.0000,0.0000,0.0000,0.0000,0.0000,0.0000,0.0000,0.0000
1700000020.800000,-61.2,50.6063,51.0882,53.7401,55.8659,58.0000,59.3970,62.9365,65.0538,67.8970,67.8970,69.2965,72.8354,71.4213,72.8629,70.2922,71.5891,68.8840,68.4105,66.0681,65.0000,63.8201,65.0000,60.6053,61.0737,59.8164,59.8164,56.4004,52.8015,50.6063,49.0408,47.0106,47.0106,44.0454,41.7732,41.7732,41.0122,39.6232,39.6989,39.8246,39.8246,39.0512,39.2046,40.0000,39.2046,41.4005,40.4599,41.7732,43.1856,43.1856,43.8406,44.5982,45.6070,0.0000,0.0000,0.0000,0.0000,0.0000,0.0000,0.0000,0.0000,0.0000,0.0000,0.0000,0.0000
1700000020.850000,-61.6,49.0918,52.1536,54.5894,56.7979,59.0339,59.0931,63.9766,65.3070,67.5426,68.4471,70.6612,71.1196,70.6612,71.5891,71.3442,71.1969,70.3278,65.7343,67.4166,66.3702,63.5138,61.9112,60.7454,61.4003,59.3633,57.9828,55.2268,52.4786,49.7393,48.8774,47.5079,46.1411,45.1774,42.4853,40.7185,40.7185,39.9249,39.5601,38.6264,38.3275,38.3275,38.3275,39.2938,41.2311,40.2616,41.2311,41.2311,42.0595,42.7200,45.1885,44.2832,44.1022,0.0000,0.0000,0.0000,0.0000,0.0000,0.0000,0.0000,0.0000,0.0000,0.0000,0.0000,0.0000
1700000020.900000,-61.5,51.0000,53.0094,53.2353,58.2151,58.5491,62.5140,64.6297,66.3702,68.4690,68.3593,70.2567,72.4431,74.3303,72.2496,70.0071,70.0286,71.0634,68.0074,69.0072,67.0000,64.0000,64.0000,62.0000,61.0328,60.0000,58.0000,55.0364,53.0000,53.0094,50.1597,48.0416,47.0425,46.2709,43.2897,42.5793,41.5933,41.9762,40.0250,40.0250,40.2616,39.2938,41.4367,41.7612,41.7612,41.4849,42.0595,43.4166,44.1475,44.9110,46.6905,46.2709,48.0104,0.0000,0.0000,0.0000,0.0000,0.0000,0.0000,0.0000,0.0000,0.0000,0.0000,0.0000,0.0000
1700000020.950000,-60.4,49.3964,53.0094,53.6004,56.4004,58.2580,62.3699,63.0317,65.1920,68.7677,67.4759,71.0634,73.1095,74.0270,73.4098,71.6101,71.6101,70.0000,68.2422,65.2150,66.6108,65.4599,64.0703,61.2944,60.8030,58.2495,58.8218,54.4059,52.2015,50.8035,49.0408,47.0106,48.2701,46.7547,42.4500,43.8406,41.7253,41.7732,38.9487,40.4599,40.6079,39.4081,39.6611,42.4382,41.8808,41.6173,41.6173,43.6005,46.2277,46.8615,46.6905,46.7547,47.0106,0.0000,0.0000,0.0000,0.0000,0.0000,0.0000,0.0000,0.0000,0.0000,0.0000,0.0000,0.0000
1700000021.000000,-62.6,45.9674,49.6790,51.2250,55.8032,55.8032,58.0086,61.2944,60.8030,64.6375,67.2012,68.6003,69.2026,70.0000,69.2026,68.6804,66.8431,66.0681,63.7809,63.7809,63.0317,62.2415,61.6198,58.7282,58.8982,56.6392,55.2268,50.9902,50.9902,49.0408,49.0408,45.0000,43.0116,43.0116,41.6173,40.4969,41.1825,40.7063,38.4708,39.3573,40.3113,39.3954,37.6962,41.2311,40.4969,40.4969,41.6293,42.4853,43.8292,43.4166,45.4863,44.6542,45.3431,0.0000,0.0000,0.0000,0.0000,0.0000,0.0000,0.0000,0.0000,0.0000,0.0000,0.0000,0.0000
1700000021.050000,-60.5,47.1699,47.9270,50.1199,52.3546,54.2033,57.4543,58.8303,59.6825,63.1348,63.6318,65.8635,67.2309,67.1193,66.2420,66.2118,65.7419,65.3070,63.0714,63.5610,62.2415,58.3095,58.3095,55.5428,57.2713,55.9464,54.6260,51.4781,48.7545,48.3322,45.1774,43.3820,42.9418,42.9418,40.3113,39.4462,38.0132,38.0132,37.2022,37.2022,37.6431,40.4599,39.2046,38.9487,38.2099,39.6989,40.4599,39.8246,43.6005,42.4382,42.7200,43.9090,43.4626,0.0000,0.0000,0.0000,0.0000,0.0000,0.0000,0.0000,0.0000,0.0000,0.0000,0.0000,0.0000
1700000021.100000,-62.4,45.1221,47.8017,49.6488,53.4883,54.0833,57.0088,59.8080,60.7454,63.5689,64.2573,67.4166,68.0074,68.6222,66.4078,66.4831,65.5210,65.5210,62.3618,62.0967,60.8769,60.4152,59.4390,56.2939,57.9741,54.8179,54.5711,51.4198,48.7647,48.0833,44.9222,43.9659,44.9222,43.0116,40.4969,39.9249,38.0789,39.0000,38.0789,37.5899,38.9487,37.5899,37.5899,39.8246,40.3113,39.4462,40.2492,41.5933,42.0476,44.3847,42.7200,44.6430,43.9318,0.0000,0.0000,0.0000,0.0000,0.0000,0.0000,0.0000,0.0000,0.0000,0.0000,0.0000,0.0000
1700000021.150000,-62.2,46.8722,49.4065,50.4480,56.2228,56.6392,60.2080,61.5549,62.9682,66.4831,67.2681,70.1783,70.9366,69.5270,69.5270,68.6003,68.2495,68.4105,66.4003,65.6049,64.2028,62.4260,61.4003,58.0086,59.8164,59.2030,55.0000,53.4135,49.8197,50.6063,47.5079,46.8615,46.0109,43.8406,43.1393,42.4500,41.0366,40.4599,41.1096,39.2046,40.8044,40.2244,41.0488,41.6173,43.2666,43.0116,43.0116,44.2041,45.0000,46.0109,46.6690,46.7547,47.0106,0.0000,0.0000,0.0000,0.0000,0.0000,0.0000,0.0000,0.0000,0.0000,0.0000,0.0000,0.0000
1700000021.200000,-64.6,47.0956,48.0000,53.0377,53.1507,57.2189,58.2151,61.2944,63.1981,66.3702,68.1175,69.1809,69.1809,70.1142,70.0286,68.0000,70.0286,65.0308,66.0000,64.0000,64.0000,62.0322,62.0000,61.0000,58.0086,59.0000,56.0000,53.0094,52.0096,49.0408,48.0937,47.0956,46.0977,45.2769,42.2966,42.4264,43.1741,43.1741,40.2616,39.2938,40.2616,41.4849,40.4969,43.0116,41.4367,44.2719,43.4166,43.4166,45.1221,45.8912,46.5296,47.1699,47.0000,0.0000,0.0000,0.0000,0.0000,0.0000,0.0000,0.0000,0.0000,0.0000,0.0000,0.0000,0.0000
1700000021.250000,-62.2,47.6760,49.0306,50.2892,55.0818,54.7083,58.5235,59.8080,62.0322,66.7308,64.8460,67.6757,71.1688,68.3081,69.2604,70.6045,67.7200,65.8027,64.0312,63.3246,65.0000,62.8172,63.0635,58.6941,57.9741,56.0446,55.0818,55.0818,49.4773,49.3356,47.7598,45.5412,44.5982,42.7200,40.8534,40.7185,41.1461,41.1825,38.9487,39.1152,39.9625,38.8330,40.8044,40.0000,41.6173,41.6173,41.3401,43.0465,46.1411,44.7214,45.1885,45.3100,45.8803,0.0000,0.0000,0.0000,0.0000,0.0000,0.0000,0.0000,0.0000,0.0000,0.0000,0.0000,0.0000
1700000021.300000,-61.4,46.3897,47.1699,49.0000,53.0000,55.0091,56.0000,59.0339,61.0737,63.0079,64.0312,66.0000,68.0000,68.0000,67.0000,66.1211,66.0303,66.0303,63.0714,63.0714,62.0725,63.1269,60.1332,58.1378,58.0086,57.1402,55.0364,52.0384,51.0098,48.0104,47.0000,45.0000,44.0114,44.0454,42.1070,42.1900,41.3038,40.3113,39.4588,39.6232,41.0000,37.8550,39.0512,40.2616,40.2616,40.2616,39.6232,41.9762,42.2966,42.1900,44.1022,45.0000,44.0454,0.0000,0.0000,0.0000,0.0000,0.0000,0.0000,0.0000,0.0000,0.0000,0.0000,0.0000,0.0000
1700000021.350000,-61.6,47.4236,47.5079,53.3385,51.8652,57.4282,57.4282,60.2163,63.8201,64.6375,66.8506,69.4046,69.8928,69.8928,70.1783,67.7422,70.4911,66.8880,67.6018,64.0078,63.1348,63.0714,60.3738,60.8276,60.5392,58.1808,55.5698,52.8394,53.7122,48.8774,50.2494,46.3249,47.1699,44.1022,43.8292,43.6005,42.8019,41.8688,39.6989,40.3609,39.6989,40.3113,41.0366,42.4264,40.3113,43.1856,41.7732,43.2782,44.2041,46.4004,46.0435,46.3249,46.5188,0.0000,0.0000,0.0000,0.0000,0.0000,0.0000,0.0000,0.0000,0.0000,0.0000,0.0000,0.0000
1700000021.400000,-60.2,43.9090,43.8634,47.5395,52.5547,52.8110,55.9732,57.8705,60.0833,61.3514,61.9839,64.8460,66.1287,66.4831,66.4831,65.3911,66.3099,63.5610,60.8358,62.6498,61.7414,59.0339,59.4811,55.4707,57.3847,55.0364,54.1295,52.8015,49.1935,48.8467,47.1699,44.3847,43.4626,42.7200,41.4367,42.0595,38.3275,39.2938,37.8550,40.7922,38.8330,37.6563,39.6232,37.4833,40.6079,39.8121,40.7922,41.2311,41.4849,43.0116,42.7200,44.2832,45.1774,0.0000,0.0000,0.0000,0.0000,0.0000,0.0000,0.0000,0.0000,0.0000,0.0000,0.0000,0.0000
1700000021.450000,-63.1,48.5489,48.7647,51.4781,53.7122,57.0088,58.6941,62.0322,62.7694,67.2309,68.1542,68.1542,68.5420,72.0902,71.5891,68.4251,71.5542,67.9779,67.5352,65.7647,67.1193,63.6318,62.2656,61.4003,60.4152,60.4152,59.0593,54.2033,53.7122,50.1199,50.9902,47.4131,47.8539,46.5188,44.3847,41.7852,42.3792,41.1096,41.7612,39.2938,39.2938,42.2019,41.0000,42.2019,42.2019,41.2311,43.6807,44.2719,45.2217,45.8803,47.0106,46.5188,43.5660,0.0000,0.0000,0.0000,0.0000,0.0000,0.0000,0.0000,0.0000,0.0000,0.0000,0.0000,0.0000
1700000021.500000,-60.7,44.6878,43.8406,47.5079,49.8197,51.4004,54.0370,57.8014,58.6003,60.0000,62.0081,64.8151,67.0075,67.4759,65.1920,65.1153,66.6033,63.6553,61.5224,59.4643,60.1415,58.6941,58.0000,56.5685,55.9017,55.8659,53.8145,51.6236,48.1041,46.7547,46.0977,43.1856,43.9318,42.0119,40.6079,39.2046,39.4081,38.0789,36.8917,37.2156,38.0789,38.0789,36.2353,38.9102,38.4708,37.5899,40.8167,39.4462,41.8808,41.6173,42.8019,42.5206,42.4500,0.0000,0.0000,0.0000,0.0000,0.0000,0.0000,0.0000,0.0000,0.0000,0.0000,0.0000,0.0000
1700000021.550000,-62.0,46.0000,47.1699,49.8197,53.6004,56.0892,58.4637,59.9083,61.8466,65.9697,66.2873,69.6348,70.6116,70.0357,69.8713,68.7314,68.8840,67.7422,67.6018,66.3702,64.6297,63.3877,63.2851,59.3043,60.4070,59.3043,56.5685,55.4437,51.6236,49.3660,50.8035,48.2597,46.6905,44.9110,43.1741,42.2019,41.7612,41.4367,40.1622,39.5601,40.8534,39.9249,41.2311,40.8534,40.3113,40.8534,41.2311,44.5982,44.2719,44.2719,46.0977,46.6905,45.2769,0.0000,0.0000,0.0000,0.0000,0.0000,0.0000,0.0000,0.0000,0.0000,0.0000,0.0000,0.0000
1700000021.600000,-64.5,43.6807,46.0977,48.3735,49.3660,53.2353,55.2268,58.1378,58.1378,61.2046,63.1981,66.2722,65.1920,67.3647,66.6108,63.9531,68.7314,63.9531,62.3699,62.1691,62.3699,59.6657,59.2284,56.7539,58.0517,55.5428,54.1295,51.4198,49.2443,46.0977,48.2701,45.1221,43.5660,43.5660,41.3038,41.3038,39.2046,38.0526,38.0000,38.0000,38.0000,39.0000,38.0000,42.0000,40.0500,40.0000,40.0500,42.0119,41.1096,42.4264,42.5793,43.4166,42.3792,0.0000,0.0000,0.0000,0.0000,0.0000,0.0000,0.0000,0.0000,0.0000,0.0000,0.0000,0.0000
1700000021.650000,-58.8,44.4072,43.2782,49.5177,50.9117,53.0377,53.8145,58.7282,58.7963,61.5549,65.0692,65.0692,65.7951,67.1789,66.4680,65.7951,67.1789,63.7024,63.0317,63.0317,62.3699,60.3075,59.6657,55.9732,57.3149,55.9732,54.5619,51.7397,51.7397,48.1664,45.9674,44.5533,44.5533,43.8406,40.3113,40.4599,39.8246,39.8246,40.0000,38.8330,38.0132,38.0132,38.0132,38.8330,39.1152,40.2244,40.8044,40.0000,41.2311,43.1856,43.1393,44.5533,44.4072,0.0000,0.0000,0.0000,0.0000,0.0000,0.0000,0.0000,0.0000,0.0000,0.0000,0.0000,0.0000
1700000021.700000,-65.7,43.1856,44.0000,48.0416,50.0899,53.2353,54.5894,58.4209,59.4138,62.5140,63.3877,64.2806,67.3647,67.1193,67.1193,66.0000,68.0294,64.0078,63.0000,64.0000,63.0000,61.0082,60.0000,58.0086,58.0000,56.0089,54.0000,53.0000,50.0000,47.0000,47.0106,45.0111,44.0114,43.0465,42.0476,41.3038,42.4264,39.4588,37.4833,39.3192,37.8550,40.7922,39.2938,42.2019,38.8330,40.7922,42.9535,42.4264,43.2897,44.1022,44.0114,45.0000,44.2832,0.0000,0.0000,0.0000,0.0000,0.0000,0.0000,0.0000,0.0000,0.0000,0.0000,0.0000,0.0000
1700000021.750000,-62.7,42.4382,42.8019,48.8365,50.2096,52.3450,51.6624,57.3149,58.1378,61.7171,65.1153,66.4831,67.8970,67.1789,65.7951,65.1153,67.1789,63.6553,63.7024,63.0317,62.2896,60.3075,59.4643,58.1378,58.1378,56.7274,54.4885,50.9902,50.9313,48.0833,47.3814,46.6690,44.5533,43.8634,42.5206,40.4599,40.6079,41.2311,40.0000,40.8044,39.6611,39.9625,39.9625,41.0488,43.0465,43.2666,42.4382,43.6005,42.8019,44.5982,45.2548,44.5533,45.0000,0.0000,0.0000,0.0000,0.0000,0.0000,0.0000,0.0000,0.0000,0.0000,0.0000,0.0000,0.0000
1700000021.800000,-62.7,42.0476,42.4264,45.8912,49.0306,50.4480,53.1601,56.6127,59.7746,61.6847,63.0635,66.2193,66.2193,66.4906,66.4906,65.1153,67.4685,65.1153,64.7765,62.8013,61.8142,60.4070,60.5310,58.4209,58.6941,57.4282,55.5788,53.7587,51.4781,48.6621,48.0521,45.7056,45.1221,44.3847,43.4166,42.7200,41.7612,41.4367,40.4969,41.4367,41.7852,40.8534,41.2311,43.0813,42.1545,41.7852,42.7200,44.9222,45.6070,46.0977,45.7056,47.2652,47.0106,0.0000,0.0000,0.0000,0.0000,0.0000,0.0000,0.0000,0.0000,0.0000,0.0000,0.0000,0.0000
1700000021.850000,-60.2,40.3609,40.3113,45.4533,47.0106,50.2195,49.6488,53.5350,57.1402,59.3633,61.8547,61.8547,63.2456,65.2150,65.8027,64.8151,64.2028,61.2209,61.0737,59.6657,59.6657,59.5483,58.8982,58.1378,55.8032,55.6058,52.8015,49.8197,50.6063,47.2017,46.6154,43.8292,43.5660,44.4185,43.0465,41.5933,42.4853,42.0476,40.7185,41.6293,40.3113,41.2311,40.8534,43.4626,41.2311,42.5441,42.0476,43.8292,45.1774,45.7930,45.4863,46.6154,46.6905,0.0000,0.0000,0.0000,0.0000,0.0000,0.0000,0.0000,0.0000,0.0000,0.0000,0.0000,0.0000
1700000021.900000,-62.6,39.3192,40.5216,43.9659,46.4866,48.4665,49.7695,55.0364,55.9464,59.5063,61.8466,62.0322,64.2573,64.8460,65.1460,64.1950,65.4599,62.2977,61.6847,60.0833,60.7289,59.2030,58.5235,57.2800,55.6597,55.0818,53.4509,50.5964,50.2892,47.4342,47.5395,44.5982,44.7772,44.2832,42.0476,42.4853,42.4853,42.5441,41.1825,41.1825,40.8167,42.7200,42.1900,44.4185,43.0465,43.9090,43.4166,44.2945,44.7214,47.0106,47.4342,45.8803,45.8912,0.0000,0.0000,0.0000,0.0000,0.0000,0.0000,0.0000,0.0000,0.0000,0.0000,0.0000,0.0000
1700000021.950000,-61.8,38.9487,41.6173,43.2782,45.3431,48.0833,49.4975,52.3450,55.1725,59.4138,60.1082,62.9365,62.2896,64.3817,64.4438,63.8905,63.8905,61.6198,59.0339,59.6657,58.8982,59.0339,58.8982,54.2033,54.5619,52.6308,53.4135,50.9902,48.1664,46.7547,44.5533,44.5533,44.5533,43.1856,41.8688,41.2311,40.6079,40.6079,40.6079,41.4005,43.0116,40.8044,40.8044,43.8292,43.0116,41.6173,44.2041,44.2041,45.3431,44.5533,46.7547,47.2017,46.0435,0.0000,0.0000,0.0000,0.0000,0.0000,0.0000,0.0000,0.0000,0.0000,0.0000,0.0000,0.0000
1700000022.000000,-60.0,40.0000,40.1123,44.5533,45.8912,49.4773,51.2445,54.1202,58.2409,60.1664,62.0967,63.0635,66.4831,65.9697,66.9403,66.0984,66.4906,64.3273,62.9682,62.1691,61.8142,59.5399,58.5491,56.7186,57.2713,56.0892,54.3415,53.1507,51.4198,48.5077,48.0833,45.8803,44.9222,44.2719,43.3244,44.0114,43.8634,44.2832,43.8634,43.3820,44.2832,43.8292,44.2945,45.1774,44.7214,44.2832,45.6946,46.2385,48.7032,48.7032,48.7647,49.0306,48.3735,0.0000,0.0000,0.0000,0.0000,0.0000,0.0000,0.0000,0.0000,0.0000,0.0000,0.0000,0.0000
1700000022.050000,-60.4,41.3038,43.0465,45.0111,49.0408,50.1597,54.3323,54.7449,58.6941,62.6498,63.5059,66.6108,66.9104,66.4831,67.1863,67.1193,66.1891,67.1863,64.0312,64.1249,63.0317,62.0081,60.0083,58.0086,58.1378,57.0351,56.0803,53.2353,51.1566,49.3660,47.3814,47.3814,45.5412,45.8912,43.9318,45.3542,44.9222,44.9222,43.6807,45.2217,46.1736,45.2217,45.8803,46.8188,45.8803,47.1275,45.8803,48.5077,48.8365,47.8539,50.4876,50.0899,51.0000,0.0000,0.0000,0.0000,0.0000,0.0000,0.0000,0.0000,0.0000,0.0000,0.0000,0.0000,0.0000
1700000022.100000,-63.8,31.1448,32.2025,33.8378,36.3593,39.8246,41.5933,45.6180,46.0652,48.7545,49.1935,50.5371,53.2353,55.4707,53.7122,51.9711,51.8845,50.6063,49.7393,50.6063,50.6063,48.8774,49.2443,45.6508,45.1774,45.6508,44.7772,42.0476,40.7185,40.7185,37.3363,37.3363,37.6431,37.3363,36.4006,35.9026,35.9026,35.5106,35.6931,37.6563,36.4966,37.4833,37.3363,38.3275,37.6563,38.6394,39.0512,41.2311,42.0595,41.1096,41.4367,41.6293,40.8167,0.0000,0.0000,0.0000,0.0000,0.0000,0.0000,0.0000,0.0000,0.0000,0.0000,0.0000,0.0000
1700000022.150000,-60.7,40.0000,42.1900,43.8634,47.5395,49.6488,52.2015,57.2451,59.7746,61.9839,62.2977,67.4166,69.2892,68.7095,67.7791,68.0294,68.1542,66.3099,63.5610,63.1585,62.2415,61.7414,60.0083,58.1808,58.3095,57.7754,56.4624,52.5547,50.5964,50.5964,49.0408,48.0833,47.2969,47.0744,44.7214,46.6905,44.5533,45.3982,45.2769,46.1736,47.1699,47.3814,48.1664,48.1664,48.2597,49.2544,49.4975,49.6488,50.9902,50.6952,51.5461,52.5547,52.3259,0.0000,0.0000,0.0000,0.0000,0.0000,0.0000,0.0000,0.0000,0.0000,0.0000,0.0000,0.0000
1700000022.200000,-61.6,40.8044,42.1900,46.0977,47.1699,52.2015,53.1413,57.8705,60.0833,62.6259,65.4599,67.6757,68.6222,68.6222,68.3520,67.6240,71.3092,67.2309,65.3911,64.0781,63.5610,61.7414,60.4152,59.0931,58.5235,57.9396,56.6480,55.3624,53.1413,50.0000,49.7293,47.5395,47.2969,47.0744,45.8912,46.5296,46.3897,48.0937,46.0977,47.0425,47.0956,48.0937,48.1664,50.0899,48.1664,51.2445,49.4975,50.8035,51.9711,53.3667,53.1601,53.4883,52.8015,0.0000,0.0000,0.0000,0.0000,0.0000,0.0000,0.0000,0.0000,0.0000,0.0000,0.0000,0.0000
1700000022.250000,-60.1,39.9249,39.3573,44.1022,46.8722,50.0000,51.2250,56.8507,58.2580,62.4820,62.6259,64.8151,67.8012,68.0074,68.0074,66.2873,67.4240,66.6108,64.6375,62.4260,61.8547,60.7454,59.0762,59.0762,58.0086,56.6127,55.2178,51.2250,50.4480,49.6790,48.0833,46.6905,45.9674,46.6905,45.3431,46.2277,44.8219,47.2017,45.6070,46.0435,48.2597,47.7074,48.8262,48.8262,48.8262,49.4065,49.2037,51.2250,51.7397,51.6236,52.4023,52.6308,51.8652,0.0000,0.0000,0.0000,0.0000,0.0000,0.0000,0.0000,0.0000,0.0000,0.0000,0.0000,0.0000
1700000022.300000,-61.6,39.5980,40.6079,44.4072,48.5489,50.2494,53.7122,57.3062,58.1808,62.2656,64.0078,66.7308,68.0955,69.1158,69.1158,68.8186,67.4240,66.8506,63.8201,66.0303,63.2456,61.4003,61.4003,57.4282,59.9083,58.2495,57.1402,53.0000,51.6236,51.0000,48.7545,48.3011,48.7545,48.3322,46.6154,46.8188,46.1736,47.8017,47.8017,47.8017,49.7293,48.7647,50.6952,51.2445,51.2445,50.5964,52.5547,54.7814,53.7122,54.1202,55.0727,54.9181,54.2033,0.0000,0.0000,0.0000,0.0000,0.0000,0.0000,0.0000,0.0000,0.0000,0.0000,0.0000,0.0000
1700000022.350000,-60.7,37.5899,41.4367,43.4166,46.0977,50.6360,52.6118,55.5788,59.5399,61.8142,63.7887,66.9104,67.8970,66.9104,67.2681,67.9117,67.6831,66.9403,63.0635,63.5610,62.8172,59.9083,58.6941,57.7235,57.0701,56.0892,56.0892,52.9528,51.4781,49.3660,48.1664,46.0977,47.0425,47.0000,46.0000,45.0444,46.0977,46.1736,45.3982,47.5184,48.5077,49.3660,50.3587,50.4876,50.2494,52.0865,51.0882,54.0093,54.0000,54.0370,54.2310,55.7315,54.5711,0.0000,0.0000,0.0000,0.0000,0.0000,0.0000,0.0000,0.0000,0.0000,0.0000,0.0000,0.0000
1700000022.400000,-61.6,37.3363,40.0125,43.0465,47.1699,49.4975,51.4781,54.7449,58.8558,59.6825,63.7887,66.6108,67.4759,68.3593,69.1809,67.1193,67.0671,67.1193,64.0078,64.0312,62.1289,62.0322,61.0737,58.0775,58.1378,56.0803,55.0818,52.2398,51.3517,49.6488,49.0306,46.8722,47.2969,46.8402,45.5412,46.4866,45.8803,47.1699,47.5395,47.5395,47.9270,49.3964,49.7695,50.6952,50.3289,50.9215,52.4976,52.4976,53.6004,54.1295,53.6004,55.0818,56.0000,0.0000,0.0000,0.0000,0.0000,0.0000,0.0000,0.0000,0.0000,0.0000,0.0000,0.0000,0.0000
1700000022.450000,-57.2,40.8044,43.1856,43.8634,49.5782,52.0096,55.8032,59.4054,62.8013,66.2193,64.2028,70.0000,72.2011,73.2462,72.4707,72.8629,69.3542,70.8378,67.9412,67.2681,66.4831,63.6396,64.3506,60.8769,61.0737,58.8982,58.8982,55.6058,53.4135,52.4309,49.6488,50.4777,50.2494,49.2443,49.2443,49.6488,48.3322,50.3289,50.6952,51.2640,52.5547,52.2015,53.8516,54.2310,54.2310,55.4617,55.9017,56.9386,57.9828,57.1402,58.8218,58.4123,58.6941,0.0000,0.0000,0.0000,0.0000,0.0000,0.0000,0.0000,0.0000,0.0000,0.0000,0.0000,0.0000
1700000022.500000,-64.6,36.3456,40.2616,42.1545,47.0106,48.7545,52.3259,56.8243,56.8243,61.2944,63.5295,65.2993,68.4251,71.1126,68.4471,69.8570,66.7083,66.7083,65.0000,66.7083,62.2415,63.3246,61.3270,56.8595,57.7062,56.3649,55.9017,54.5894,51.1077,51.3128,47.4342,48.8262,46.4004,49.5782,46.6905,46.7547,46.6690,48.0833,48.1041,48.8365,50.3289,48.8365,50.9902,51.6624,51.6624,53.0377,52.3450,53.0754,56.2228,55.0000,56.6127,57.8014,57.6975,0.0000,0.0000,0.0000,0.0000,0.0000,0.0000,0.0000,0.0000,0.0000,0.0000,0.0000,0.0000
1700000022.550000,-60.6,36.7151,38.6005,43.8406,45.2769,48.1664,49.6790,54.2033,56.4004,59.8164,63.2535,64.4438,66.6033,67.9412,68.6222,67.1789,67.1789,63.6553,62.9365,62.2254,61.5224,59.4643,60.8112,58.0000,57.2800,56.5685,53.0377,50.3289,50.3289,48.2701,46.6154,45.6070,44.6542,45.7930,44.4185,45.1774,46.0652,45.1885,46.9574,47.4236,49.2443,48.3322,48.8467,52.3259,49.1935,50.5371,52.3546,53.8516,54.9181,55.0000,55.3173,55.1725,55.3173,0.0000,0.0000,0.0000,0.0000,0.0000,0.0000,0.0000,0.0000,0.0000,0.0000,0.0000,0.0000
1700000022.600000,-63.2,34.6554,37.2022,41.3401,45.6508,45.6180,50.9902,55.5428,57.7754,60.0083,62.6498,65.3070,66.6408,67.9779,66.6483,67.6018,67.1193,64.8845,63.6318,62.6498,61.2944,60.0333,58.1808,57.7062,55.0364,55.0091,54.1295,52.3927,49.0408,49.6488,47.8017,45.8803,46.3249,45.8912,44.7214,46.3897,47.2652,47.1699,46.0977,49.0918,49.0918,50.0400,51.0098,52.0384,51.1566,52.2398,52.3450,53.7587,55.1090,55.5428,56.6127,57.0088,55.4617,0.0000,0.0000,0.0000,0.0000,0.0000,0.0000,0.0000,0.0000,0.0000,0.0000,0.0000,0.0000
1700000022.650000,-65.3,36.8782,38.8973,42.5206,44.8219,47.4342,51.3128,55.2268,59.3633,59.9083,62.4340,65.7343,66.5733,68.8186,68.0074,68.2495,66.8431,65.4370,63.1269,64.0312,63.8905,63.2535,60.3075,57.6281,58.2495,55.8032,56.6127,52.4309,51.6140,49.3964,46.1411,46.0652,46.9574,45.6946,45.8803,45.8803,45.8803,46.8402,47.8017,50.0000,50.9608,49.0408,50.9608,52.2015,52.2015,52.4976,53.1413,53.4883,55.0364,55.4617,55.9464,56.3028,56.2228,0.0000,0.0000,0.0000,0.0000,0.0000,0.0000,0.0000,0.0000,0.0000,0.0000,0.0000,0.0000
1700000022.700000,-61.2,35.1141,37.5899,39.6611,42.8019,46.2277,49.0408,53.8145,55.3173,58.7963,58.2580,63.8905,64.8151,64.4050,64.2028,65.4599,63.4114,64.2028,61.0328,61.0328,58.6003,57.4282,57.2014,54.4059,55.0000,53.6004,52.6308,49.5782,46.6905,46.6690,45.2769,44.5982,42.6380,44.2041,41.6173,44.4185,43.0465,43.9090,43.9090,45.6508,47.4131,47.4131,49.1935,48.3011,50.1199,50.6063,51.1077,51.3128,53.0094,52.6308,53.1507,53.7587,53.2635,0.0000,0.0000,0.0000,0.0000,0.0000,0.0000,0.0000,0.0000,0.0000,0.0000,0.0000,0.0000
1700000022.750000,-62.8,36.4006,38.6264,42.0595,45.2769,49.3964,51.3128,55.7584,59.0762,60.7454,62.4260,64.3506,66.2873,68.7968,67.9559,68.4763,66.7308,65.8635,63.5295,62.7694,61.7171,60.8276,61.2944,57.3062,57.9828,57.4543,54.3783,51.3128,50.0000,49.2037,46.8615,44.6878,46.6905,45.9674,44.5533,45.2769,44.6878,45.6070,46.4004,48.0104,50.0000,48.6004,49.4065,50.6063,50.8035,51.8556,51.7397,53.8145,53.7587,54.4518,55.3173,55.6058,57.4543,0.0000,0.0000,0.0000,0.0000,0.0000,0.0000,0.0000,0.0000,0.0000,0.0000,0.0000,0.0000
1700000022.800000,-57.8,37.0135,37.2156,40.2492,45.3100,47.7598,49.9800,54.7083,57.8705,61.6847,62.2977,64.8460,67.0671,67.4166,66.8506,68.9420,68.5420,65.3911,63.1585,61.3270,61.8466,60.0083,58.6941,56.4624,57.9396,56.0803,53.4883,51.5461,48.0833,48.2701,47.0744,44.9110,45.7056,44.2832,44.1814,45.0444,45.0000,45.0000,46.0000,47.0000,49.0102,47.0106,50.0100,51.0098,51.0000,52.0000,52.0384,53.0848,55.3263,55.7315,55.1090,57.0088,56.3028,0.0000,0.0000,0.0000,0.0000,0.0000,0.0000,0.0000,0.0000,0.0000,0.0000,0.0000,0.0000
1700000022.850000,-63.6,35.6090,37.4833,40.6079,44.2041,48.0104,50.7740,54.2033,56.0803,59.6825,59.9083,64.0703,64.6375,67.2012,67.2012,66.2193,64.2028,63.6003,61.8466,62.8013,62.0081,59.8164,59.8164,54.8179,56.6127,55.6058,52.8015,51.0392,49.9300,47.5079,44.7772,44.7214,45.1885,45.3100,44.0114,44.2719,43.0116,44.9222,44.9222,46.8402,48.5077,47.2969,48.2701,50.9608,50.0000,50.0000,51.5461,52.2015,53.8516,53.2259,53.7122,54.9181,54.2033,0.0000,0.0000,0.0000,0.0000,0.0000,0.0000,0.0000,0.0000,0.0000,0.0000,0.0000,0.0000
1700000022.900000,-60.1,35.3836,37.4433,40.3113,44.2945,48.7545,50.9902,54.6260,56.8595,59.0931,63.5059,66.1891,66.1891,67.5352,65.3682,67.2309,66.2420,64.4981,62.7694,62.7694,62.7694,59.3633,59.6825,57.4543,56.8243,55.9464,54.1202,50.9902,49.6588,47.9270,45.8803,45.8803,45.2217,45.6070,44.3847,44.9110,45.7056,45.5412,46.5296,47.3814,49.4975,48.2597,50.2494,50.3587,50.4876,50.6360,50.8035,52.1728,53.8516,53.7587,53.8516,55.0364,55.5698,0.0000,0.0000,0.0000,0.0000,0.0000,0.0000,0.0000,0.0000,0.0000,0.0000,0.0000,0.0000
1700000022.950000,-58.6,36.0555,39.3954,42.5441,47.7074,49.4065,54.4059,56.6127,60.2163,62.4260,63.6003,67.8012,68.0074,71.0282,69.8928,69.9714,67.7422,69.4622,64.4981,66.3702,66.7308,63.1348,62.2656,58.3095,60.4649,59.0762,56.8595,52.4309,51.4004,51.2250,48.1664,46.6905,47.3814,46.6690,46.0109,46.0109,46.8615,48.0104,47.4342,49.0918,51.6140,48.0104,51.6140,51.6140,52.2015,53.4135,52.6308,53.1507,55.8659,55.8659,56.6392,56.2228,56.3028,0.0000,0.0000,0.0000,0.0000,0.0000,0.0000,0.0000,0.0000,0.0000,0.0000,0.0000,0.0000
1700000023.000000,-61.6,37.0135,38.8330,41.4849,46.1736,49.0408,52.5547,57.3847,59.2368,63.1585,64.8460,67.6757,68.6222,68.6222,68.0074,67.7200,68.6222,66.7308,66.0984,65.1460,64.5601,61.1310,61.3514,58.8218,58.1893,56.9210,56.3028,52.8015,50.5668,49.1935,49.2443,47.0106,46.6476,46.8722,46.0435,45.4533,46.7547,47.4236,46.7547,47.4236,47.3814,49.4975,48.0833,53.0377,52.3450,52.3450,51.7397,54.0370,55.0000,56.3028,56.9386,55.0091,56.4624,0.0000,0.0000,0.0000,0.0000,0.0000,0.0000,0.0000,0.0000,0.0000,0.0000,0.0000,0.0000
1700000023.050000,-65.4,36.4006,37.4833,40.0125,45.0111,48.0000,51.0000,55.0364,57.0789,60.0083,62.0081,65.0000,66.0000,67.0075,67.0075,66.0681,67.0075,64.0312,63.1269,62.0725,62.0322,60.1332,59.0762,58.0775,57.0088,56.0089,53.0377,51.0098,50.0100,48.0937,46.0977,45.2769,45.7056,45.8912,45.3542,45.3542,45.8803,45.2217,46.4866,46.4866,46.8188,47.7598,48.7032,49.9800,48.7032,51.5461,50.2892,52.2015,53.1507,52.6118,53.1507,54.0093,54.0093,0.0000,0.0000,0.0000,0.0000,0.0000,0.0000,0.0000,0.0000,0.0000,0.0000,0.0000,0.0000
1700000023.100000,-64.1,36.2353,37.1618,41.7612,45.8803,48.7647,51.9711,54.3415,56.2939,60.2080,61.8466,65.5134,65.7343,66.9403,67.1863,68.0074,66.2193,65.5210,61.6847,63.6003,63.2456,60.4070,58.8218,55.3624,57.0088,56.0446,52.6308,51.4198,50.0100,48.6621,46.2709,46.2709,46.0977,45.0444,45.0000,45.0000,44.0454,46.1736,46.1736,46.2709,47.2652,47.3814,48.3735,49.2544,50.3587,50.0899,50.0400,53.0000,53.0094,53.0377,54.2310,53.6004,53.8516,0.0000,0.0000,0.0000,0.0000,0.0000,0.0000,0.0000,0.0000,0.0000,0.0000,0.0000,0.0000
1700000023.150000,-59.6,37.4833,39.1152,42.0119,47.0425,49.1630,53.3385,55.3263,59.4138,63.2851,65.3758,67.2681,67.3647,68.4690,69.2604,69.0290,68.1175,67.0671,66.0000,65.0692,64.0078,62.0000,62.0322,60.0333,59.3043,58.2151,57.2189,52.4690,50.6360,50.8035,49.0306,48.7647,47.5395,48.0833,47.1275,46.8188,45.3100,46.5188,46.5188,49.1935,49.6488,49.1935,49.1935,52.3259,52.3259,53.7122,53.8516,53.8516,55.9732,56.3205,56.0446,58.0517,57.4282,0.0000,0.0000,0.0000,0.0000,0.0000,0.0000,0.0000,0.0000,0.0000,0.0000,0.0000,0.0000
1700000023.200000,-65.9,35.9026,38.6005,40.7185,46.0652,49.6488,51.4781,53.2353,59.0593,61.7171,62.6498,64.0078,66.2420,66.6483,66.6483,66.7083,66.2118,65.3911,61.4654,63.1585,60.5392,61.0983,60.5392,56.4624,56.7979,55.4617,53.6656,51.4296,49.6488,50.1199,47.1699,47.1699,46.8722,45.8039,45.4533,45.4533,44.5982,45.9674,45.9674,47.3814,47.3814,47.3814,48.1041,49.5177,50.2096,50.2494,51.0882,52.6308,53.8238,53.8238,55.2268,55.4707,54.6260,0.0000,0.0000,0.0000,0.0000,0.0000,0.0000,0.0000,0.0000,0.0000,0.0000,0.0000,0.0000
1700000023.250000,-59.4,37.2156,41.8688,44.5533,48.1041,49.5782,55.4437,58.8982,60.3075,63.7809,66.7083,69.5270,70.2922,70.8378,71.4493,71.4213,70.7107,69.3109,66.5282,69.3109,66.5282,65.1920,64.3817,58.7282,61.6198,60.8276,58.0517,55.2268,52.4023,52.6308,49.2037,49.2037,49.4065,48.2597,46.8722,48.8774,46.0652,48.3322,47.0106,48.8467,50.5668,49.2443,52.8015,53.2259,54.1295,52.7731,54.2033,55.7584,57.4282,56.6127,57.8014,57.3847,58.0517,0.0000,0.0000,0.0000,0.0000,0.0000,0.0000,0.0000,0.0000,0.0000,0.0000,0.0000,0.0000
1700000023.300000,-63.3,36.6879,38.4838,42.5441,45.7930,49.0918,53.2541,55.2178,58.2495,61.0328,62.6817,66.2873,67.6757,68.2642,67.7422,68.0955,67.2309,65.8635,64.4981,63.6318,62.2656,60.8276,61.2944,58.1808,57.4543,57.9828,56.0803,52.6973,50.4777,50.0000,47.6340,46.2277,46.7547,46.6690,45.2769,45.9674,46.0109,46.2277,45.4533,47.6340,47.6340,48.4149,50.0000,49.8197,50.4480,51.0882,50.3289,53.7587,54.4518,54.4885,54.8179,55.2178,55.5698,0.0000,0.0000,0.0000,0.0000,0.0000,0.0000,0.0000,0.0000,0.0000,0.0000,0.0000,0.0000
1700000023.350000,-66.2,36.4006,38.6394,43.1045,46.0435,50.0000,52.0000,57.0000,59.0000,62.0000,66.0000,67.0000,68.0000,69.1158,68.1175,67.4759,70.1142,66.1891,65.2763,65.1920,64.2806,61.4003,61.2944,58.4209,59.1354,56.2228,56.0803,52.0000,52.0000,50.0000,50.0899,46.0109,48.0937,47.2652,45.7056,46.8722,47.2969,46.5725,47.5395,46.8402,49.0408,49.7293,50.0000,52.2015,50.9608,51.6624,51.1957,51.7880,54.5894,54.2310,55.0091,56.0089,55.2268,0.0000,0.0000,0.0000,0.0000,0.0000,0.0000,0.0000,0.0000,0.0000,0.0000,0.0000,0.0000
1700000023.400000,-60.5,34.6554,39.4081,41.3401,46.5296,49.1935,50.9902,56.3649,59.5063,61.2699,63.0714,67.1193,68.8767,68.0000,66.1891,67.6018,67.1193,66.7308,64.1405,64.4981,63.6318,61.9112,61.4003,58.6686,57.6975,57.2451,55.4707,52.8015,50.1597,50.6952,47.7598,46.4866,47.1275,46.3249,45.1221,45.8912,45.8912,47.2652,46.2709,47.1699,49.2544,48.2597,51.1566,50.1597,51.2445,52.4690,50.6360,52.9528,54.1295,54.8179,56.3205,55.7136,55.4617,0.0000,0.0000,0.0000,0.0000,0.0000,0.0000,0.0000,0.0000,0.0000,0.0000,0.0000,0.0000
1700000023.450000,-62.5,35.4683,39.2938,41.5933,46.5296,50.1597,51.2445,57.0789,59.1354,62.2013,64.1950,67.6018,67.6018,67.8970,68.0661,68.0661,68.0661,68.0661,65.3070,65.1153,63.9531,61.3922,61.0000,59.2284,57.7062,57.8705,55.5788,53.3385,51.2445,50.0899,50.0100,48.0000,47.0000,48.0416,46.0435,47.1699,47.3814,47.3814,47.6760,48.6621,48.6621,48.8365,49.6488,50.8035,50.6360,50.6360,51.3517,53.2353,55.0091,55.0091,56.0803,55.4437,55.1090,0.0000,0.0000,0.0000,0.0000,0.0000,0.0000,0.0000,0.0000,0.0000,0.0000,0.0000,0.0000
1700000023.500000,-62.5,37.5899,38.2753,42.0119,45.4533,49.5177,50.9313,54.4518,58.0000,62.2254,64.4438,65.8559,66.6033,67.3573,67.3573,67.6240,67.4759,65.2993,64.2028,61.2209,62.0081,60.2163,61.2209,58.0086,56.8507,56.2228,55.4437,52.4023,50.2494,48.1041,48.8365,45.9674,47.5079,46.0977,45.0000,46.0435,46.8722,46.3249,45.7930,46.6476,47.5079,49.7393,49.6488,50.1199,49.3964,51.3128,51.8652,53.6004,54.2033,54.5619,55.8659,55.3173,55.0000,0.0000,0.0000,0.0000,0.0000,0.0000,0.0000,0.0000,0.0000,0.0000,0.0000,0.0000,0.0000
1700000023.550000,-61.5,36.2491,38.0789,41.0488,44.2041,47.5079,51.0882,55.3173,58.2580,62.4820,63.2535,66.0681,66.2193,67.8012,67.8012,67.6757,70.0000,65.2150,64.8999,63.2456,61.8547,60.2080,60.7454,59.9083,58.0086,58.2495,55.6058,53.4135,51.8556,48.9183,47.3814,46.6905,46.6690,45.2769,44.5982,45.4533,45.6070,46.0435,45.8039,46.6154,47.4342,48.2597,48.2597,51.0392,49.6488,50.8035,51.2250,51.7397,53.8145,55.1543,55.2268,54.8179,56.6039,0.0000,0.0000,0.0000,0.0000,0.0000,0.0000,0.0000,0.0000,0.0000,0.0000,0.0000,0.0000
1700000023.600000,-62.6,36.0139,38.3275,42.7551,45.3542,49.0408,51.5461,54.4243,57.5847,61.0328,62.9365,67.0522,67.7200,68.4105,69.1231,67.9117,68.4105,66.2193,65.0000,64.0312,62.8172,60.6383,59.9083,57.9741,57.2800,56.7539,55.3624,52.8110,50.5964,49.3964,48.3322,46.0977,46.9574,47.0106,45.2769,45.4863,46.6154,46.6154,47.2017,46.4004,47.6340,48.2701,48.4149,51.4004,50.4480,50.6063,52.4309,53.5350,54.7083,54.1202,55.0364,54.7814,55.3624,0.0000,0.0000,0.0000,0.0000,0.0000,0.0000,0.0000,0.0000,0.0000,0.0000,0.0000,0.0000
1700000023.650000,-64.6,37.6431,40.3113,42.4853,46.1411,51.3128,53.0094,57.4282,58.8218,63.8201,65.1920,68.6003,69.1158,69.9714,68.0955,68.0000,69.4622,67.2309,67.1193,65.3682,62.6498,62.1772,60.4152,60.4152,59.1693,57.8014,56.0803,54.0833,52.4309,50.2195,49.8197,46.8615,47.5079,46.6690,46.6690,48.1041,47.3814,48.1041,47.3814,49.5782,47.5079,49.2037,51.4004,51.8556,51.0882,51.8556,52.4023,53.7587,55.1543,58.1378,57.2014,56.3028,56.4358,0.0000,0.0000,0.0000,0.0000,0.0000,0.0000,0.0000,0.0000,0.0000,0.0000,0.0000,0.0000
1700000023.700000,-62.4,35.9026,38.1182,41.0122,44.0000,49.0408,50.0400,55.0364,56.1427,61.0328,62.0081,66.0076,66.0076,67.0000,66.0000,67.0298,66.0076,65.0000,64.0312,64.0312,62.0725,62.2896,61.1310,56.0803,57.0000,57.0088,55.0000,52.0000,52.0000,49.0408,47.2652,45.1774,46.2709,45.5412,44.9110,45.3542,46.3249,46.1736,46.5725,47.1275,46.1736,48.7032,48.7032,51.8652,50.0000,50.4480,51.1957,53.1507,53.7587,55.3263,56.1427,55.0000,55.0364,0.0000,0.0000,0.0000,0.0000,0.0000,0.0000,0.0000,0.0000,0.0000,0.0000,0.0000,0.0000
1700000023.750000,-62.0,35.8469,36.2491,41.4367,43.6807,45.6070,50.2195,54.3415,56.2939,59.9083,61.6117,64.5601,66.2193,66.4831,66.0984,65.7875,65.7875,63.5689,62.9682,61.6847,59.8080,59.2368,58.8727,57.5847,56.6127,55.9732,53.7587,50.0000,48.7647,47.5395,48.0521,44.5533,45.7056,44.1814,44.2832,44.0454,45.0111,46.0109,45.0000,47.0000,45.0000,48.0000,48.0000,51.0000,50.0100,51.0392,51.1566,53.2353,52.4690,53.9351,54.8179,54.4059,53.3104,0.0000,0.0000,0.0000,0.0000,0.0000,0.0000,0.0000,0.0000,0.0000,0.0000,0.0000,0.0000
1700000023.800000,-63.5,37.5899,39.1152,43.2782,46.0109,49.5782,53.0377,57.2800,60.1082,63.6553,65.8559,68.0147,68.0147,68.1175,68.8840,67.8012,69.6563,66.0681,67.0075,63.4114,63.6003,62.4260,62.0081,60.0000,58.8982,57.6281,56.7274,53.1507,51.7397,50.2096,50.9313,45.9674,47.4236,48.2701,46.4004,47.2017,48.2597,47.7074,46.3249,48.0208,47.1699,51.1077,49.7393,52.1536,52.1536,53.2541,52.8015,54.2033,56.8507,57.3149,57.2800,56.7274,55.8032,0.0000,0.0000,0.0000,0.0000,0.0000,0.0000,0.0000,0.0000,0.0000,0.0000,0.0000,0.0000
1700000023.850000,-57.2,36.4966,39.1152,42.0000,47.0000,49.0408,53.1507,56.1427,58.0345,63.0317,64.0703,67.1193,67.1193,68.0294,67.0000,68.0074,67.0000,67.0000,64.0312,65.0077,63.0714,62.1289,60.1332,58.0000,60.0083,57.0000,55.0091,51.0098,50.0400,50.0100,48.1664,48.2597,48.5077,47.6760,45.7056,46.0977,45.8803,47.7598,46.1736,46.8188,49.3356,48.7032,50.5964,50.5964,51.5461,52.8867,51.6624,53.1507,53.6004,53.6004,55.2268,54.0370,55.0364,0.0000,0.0000,0.0000,0.0000,0.0000,0.0000,0.0000,0.0000,0.0000,0.0000,0.0000,0.0000
1700000023.900000,-58.3,36.0555,37.6431,41.0122,45.2769,47.5079,49.6790,54.0370,55.4437,58.1378,61.7171,63.1269,64.4438,65.8559,64.3817,65.0692,63.6396,62.2254,61.5549,61.5224,61.5224,59.4643,59.4138,55.9017,56.5862,57.2800,51.6236,50.2494,48.9183,48.9183,46.6154,45.6070,45.2217,45.4863,44.9444,43.9090,43.8292,45.1774,45.6180,45.6180,46.9574,46.0977,48.3322,48.7545,49.1935,49.1935,49.6488,51.1077,52.6973,52.2015,54.0370,52.4023,52.4023,0.0000,0.0000,0.0000,0.0000,0.0000,0.0000,0.0000,0.0000,0.0000,0.0000,0.0000,0.0000
1700000023.950000,-59.4,38.0789,39.6611,41.4005,46.7547,47.4236,50.2096,56.5862,57.3149,61.6198,62.9682,65.7951,67.8822,67.2681,67.9412,66.6033,67.2681,65.7951,64.5368,63.7809,60.9590,59.5483,60.2080,58.0517,58.0000,55.9017,54.4518,52.4976,50.9313,49.5782,48.4149,45.0000,44.1022,44.4185,42.1900,47.8853,46.0652,46.5188,45.6180,47.0106,46.6154,47.4236,49.7695,50.1597,49.6588,50.9902,51.8941,54.1202,54.7083,54.6443,55.6058,55.3173,55.2268,0.0000,0.0000,0.0000,0.0000,0.0000,0.0000,0.0000,0.0000,0.0000,0.0000,0.0000,0.0000
1700000024.000000,-60.1,39.1152,41.1461,42.7200,47.7598,50.9608,52.8867,57.0088,60.8769,64.0312,66.2193,68.9638,70.2140,70.5195,69.5701,70.2282,70.8378,68.0074,65.5515,64.8460,64.5136,62.0322,62.6259,60.1664,60.0833,59.1354,56.6127,55.0818,52.2015,51.4198,50.0100,49.8197,48.3735,49.2544,48.1664,48.0416,48.0104,49.0102,49.0000,50.0000,50.0000,49.0000,50.0000,51.0000,52.0000,52.0000,51.0392,55.0818,55.2268,55.7315,56.5155,57.2800,57.9396,0.0000,0.0000,0.0000,0.0000,0.0000,0.0000,0.0000,0.0000,0.0000,0.0000,0.0000,0.0000
1700000024.050000,-62.2,37.4833,39.8246,43.8292,47.1699,51.1077,54.2033,57.8014,60.0333,64.1405,64.1405,68.6003,68.6003,69.6419,67.9559,68.0074,69.0652,66.2873,67.2012,64.6375,63.6003,62.6259,60.0000,60.0000,60.2080,56.8595,56.3028,52.6973,51.1077,49.2443,50.5371,48.3011,46.9574,47.0106,47.0106,47.1699,47.1275,48.0833,46.8402,46.5725,47.5395,49.0408,48.5077,50.9608,51.2445,52.2015,51.6236,53.3104,54.5619,55.0091,57.3062,55.4707,55.6058,0.0000,0.0000,0.0000,0.0000,0.0000,0.0000,0.0000,0.0000,0.0000,0.0000,0.0000,0.0000
1700000024.100000,-59.8,37.8021,40.2244,43.9090,47.4131,51.4781,53.7122,56.8595,57.7754,62.2415,65.3070,66.1891,68.8767,69.3542,68.4763,67.6018,69.3542,65.3682,64.4981,64.0078,64.4981,61.9112,60.9016,58.8303,58.1808,57.7062,55.0091,52.8015,52.0000,51.0784,49.9800,47.7598,48.7032,49.7293,47.5395,46.8722,46.8722,47.6760,47.5184,49.6488,48.3735,49.3660,50.3587,50.4876,50.6360,51.6236,50.9902,53.3667,53.8516,54.7083,54.7814,55.9017,56.4358,0.0000,0.0000,0.0000,0.0000,0.0000,0.0000,0.0000,0.0000,0.0000,0.0000,0.0000,0.0000
1700000024.150000,-62.7,38.0789,39.3954,43.3244,47.4342,49.7293,52.3927,56.5155,56.7539,60.8769,63.0635,65.8027,66.7608,67.3573,67.6757,66.7308,67.3573,64.1950,62.9682,64.1950,62.6259,61.0983,60.0833,57.2451,58.2409,56.9210,54.1202,51.4198,51.1957,50.2195,47.6760,46.5296,47.3814,46.2709,45.0999,46.0000,45.0000,46.0000,46.0000,46.0109,47.0425,47.0425,48.0937,50.0400,50.0400,50.0100,51.0000,52.0096,53.0377,53.3385,54.7449,53.3667,53.4509,0.0000,0.0000,0.0000,0.0000,0.0000,0.0000,0.0000,0.0000,0.0000,0.0000,0.0000,0.0000
1700000024.200000,-64.3,42.6380,43.8634,47.6340,49.8197,55.2178,56.3028,61.2944,63.8122,66.2873,67.6757,71.8471,71.8471,72.4224,72.2011,72.4707,72.6223,70.6045,68.8840,68.4105,67.6240,65.2993,64.8151,62.2013,62.4260,61.0328,60.4649,57.4543,54.3783,53.8516,52.8394,50.5371,50.9902,50.5668,47.7598,51.2640,49.6488,51.5461,51.2445,51.2445,52.2015,52.2015,53.1601,53.1601,53.8516,55.0818,54.7083,56.9210,57.0088,57.7754,59.0593,59.6825,58.8218,0.0000,0.0000,0.0000,0.0000,0.0000,0.0000,0.0000,0.0000,0.0000,0.0000,0.0000,0.0000
1700000024.250000,-62.0,40.3609,41.8688,42.6380,47.8017,48.6004,53.2541,56.6039,60.2080,62.4340,63.5138,65.4599,66.8506,67.8012,67.0075,68.4105,67.8012,65.6049,64.6607,62.6259,61.8466,62.6259,58.4123,56.8507,58.0086,56.4004,56.6127,53.2541,51.3128,50.2494,48.7647,45.6508,48.3011,46.5296,45.3100,46.6154,47.0106,46.8188,45.8803,46.8188,45.8803,48.3839,49.0408,52.2015,49.9800,50.9215,50.9215,54.6260,53.2259,54.5894,55.7584,55.0000,56.7274,0.0000,0.0000,0.0000,0.0000,0.0000,0.0000,0.0000,0.0000,0.0000,0.0000,0.0000,0.0000
1700000024.300000,-62.8,39.9625,42.8019,45.3431,48.1041,52.3259,55.1725,58.6941,61.5224,65.7647,67.1789,70.0071,70.7107,70.7107,70.0357,70.8378,70.0071,69.3109,67.2681,66.5282,65.9469,63.4114,62.4820,60.2080,60.1082,60.1082,57.9828,55.9017,53.0754,52.4976,50.4480,49.8197,48.6004,50.2195,48.2597,49.2443,49.6488,50.0899,48.7545,49.6588,50.9902,50.5668,51.8941,51.8941,53.2259,53.2353,54.2033,56.9386,56.8595,57.4282,57.8014,56.7274,58.0000,0.0000,0.0000,0.0000,0.0000,0.0000,0.0000,0.0000,0.0000,0.0000,0.0000,0.0000,0.0000
1700000024.350000,-61.8,42.5793,42.4500,47.4342,49.0408,54.6260,56.8595,61.8466,62.6498,67.2309,69.0797,71.6938,72.6154,73.1642,73.5391,71.4703,73.0548,70.2140,68.9638,69.5701,68.6804,66.7608,66.2193,61.1310,61.6847,60.4070,59.4643,55.3624,56.0803,53.8516,53.2259,50.5371,51.4296,51.1077,49.7393,49.7393,48.8262,49.2037,50.0000,50.6063,50.6063,51.4004,51.2250,55.8032,53.0094,54.6443,53.8516,56.9386,57.7062,58.1378,59.5063,58.1893,58.2409,0.0000,0.0000,0.0000,0.0000,0.0000,0.0000,0.0000,0.0000,0.0000,0.0000,0.0000,0.0000
1700000024.400000,-62.9,39.9625,44.2041,45.9674,51.6236,50.2494,56.0803,58.7282,63.6553,64.4438,65.1153,69.3542,68.5930,70.0071,69.3109,70.1783,69.3542,69.3109,66.6033,66.5282,65.8559,63.7809,63.0317,59.4643,60.1082,59.4138,57.3149,55.2268,54.5619,53.2635,51.2250,49.8197,49.6488,49.6488,46.8722,48.0208,48.3735,48.7647,48.3011,49.1935,49.1935,49.6488,50.9902,50.9902,54.2033,54.2033,54.2033,56.9386,57.6888,56.4004,57.4891,58.0517,58.1378,0.0000,0.0000,0.0000,0.0000,0.0000,0.0000,0.0000,0.0000,0.0000,0.0000,0.0000,0.0000
1700000024.450000,-64.4,39.3954,41.4849,46.0977,49.8197,52.4690,52.3450,59.3043,59.6825,64.4981,66.0984,66.9104,68.8840,70.6116,68.6586,69.1231,68.6586,68.6586,66.2193,64.0312,64.0312,64.2884,62.0967,59.6657,60.4152,58.6941,55.3173,53.6004,52.6118,51.6236,51.2445,50.2494,49.2544,50.0100,47.0000,49.0000,48.0416,48.0416,48.0416,50.0400,49.0918,50.1597,50.0899,51.0882,50.0899,50.0100,52.0000,56.0000,56.0357,58.2151,55.9017,55.5428,57.5674,0.0000,0.0000,0.0000,0.0000,0.0000,0.0000,0.0000,0.0000,0.0000,0.0000,0.0000,0.0000
1700000024.500000,-62.2,40.3609,42.4500,47.2017,48.8262,51.8652,56.8595,59.9083,61.5873,64.6607,63.8201,70.4557,69.6348,69.4046,69.4046,69.0290,69.4046,68.6003,65.2993,64.0312,64.0312,63.1269,62.8013,61.0737,58.0086,58.8218,57.2014,53.8238,50.8035,51.3128,51.9711,49.3964,48.7647,49.2443,46.5188,47.4236,47.9270,48.7032,46.8188,49.0408,48.7032,50.5964,49.6488,51.2640,52.2015,53.4883,53.7122,55.4617,55.4707,56.9386,57.4282,56.4004,57.3847,0.0000,0.0000,0.0000,0.0000,0.0000,0.0000,0.0000,0.0000,0.0000,0.0000,0.0000,0.0000
1700000024.550000,-60.4,42.4500,44.5982,46.4004,51.0392,54.7083,57.8014,62.2656,62.7694,67.2309,68.0955,73.5731,73.5731,73.7835,73.2462,71.8471,71.5612,69.8928,67.9559,66.8506,67.6757,64.2028,64.6375,61.6117,61.5873,61.0574,60.2080,58.8303,54.1202,53.2353,54.1295,50.9902,52.3927,48.8467,49.0408,51.8652,51.2445,51.9230,50.6952,49.4773,51.4198,52.6308,52.3927,53.3667,55.3624,55.0818,55.3624,55.0273,58.3095,57.2713,60.4152,59.5399,58.2495,0.0000,0.0000,0.0000,0.0000,0.0000,0.0000,0.0000,0.0000,0.0000,0.0000,0.0000,0.0000
1700000024.600000,-63.0,40.8044,42.7200,44.7214,49.6588,54.2310,55.1543,58.5235,61.6847,65.5515,67.6240,69.4622,71.1758,72.9178,71.5891,70.6612,71.5891,71.1126,65.7647,64.8845,64.8845,63.1348,63.9531,62.2656,60.4152,59.4811,59.5063,57.3847,53.8516,53.4883,51.5461,50.5964,50.9608,48.7647,48.5077,48.5077,50.9902,49.4975,49.6488,49.4975,50.4876,52.3450,53.3385,52.3450,52.7731,52.6118,53.6004,55.5428,57.9741,54.4243,58.3095,56.7979,59.3633,0.0000,0.0000,0.0000,0.0000,0.0000,0.0000,0.0000,0.0000,0.0000,0.0000,0.0000,0.0000
1700000024.650000,-62.6,42.1545,42.7200,46.6905,51.6236,53.3385,59.3043,63.1981,63.0714,67.1863,67.3647,71.8471,71.8471,72.9931,72.1803,70.0357,71.1969,69.0507,68.4471,68.8840,66.7533,64.6297,64.7765,61.9839,62.9682,60.6712,60.6712,58.0775,54.0833,53.0094,52.0000,51.0098,51.0392,48.1664,50.2494,49.6488,50.8035,49.4975,50.9902,51.9711,52.1728,52.1728,53.3667,53.6004,53.7587,55.5428,54.9181,55.7315,58.3095,58.0345,61.0082,60.1332,59.5399,0.0000,0.0000,0.0000,0.0000,0.0000,0.0000,0.0000,0.0000,0.0000,0.0000,0.0000,0.0000
1700000024.700000,-59.8,41.0000,46.4866,46.8188,52.8015,53.6656,59.5399,59.9416,63.5295,67.0820,69.3181,73.3485,72.4500,73.8241,71.6938,72.8011,71.6938,70.0071,68.0074,70.0071,65.7875,63.8905,65.7875,59.8080,62.2415,61.8466,60.4152,58.6003,54.2310,54.5619,52.8394,49.2443,51.4296,49.7393,51.8652,51.0392,49.2037,51.0882,48.6004,50.6063,51.4004,52.6308,52.6308,52.8015,54.2033,55.2178,55.7584,56.9386,57.3062,58.1378,58.6941,60.4070,59.2030,0.0000,0.0000,0.0000,0.0000,0.0000,0.0000,0.0000,0.0000,0.0000,0.0000,0.0000,0.0000
1700000024.750000,-62.0,39.2046,43.0116,46.0000,48.0937,53.1507,56.0357,59.3043,61.2046,64.1950,66.1891,67.1863,68.1836,68.0661,69.0072,68.0000,68.0074,66.0076,66.0000,64.0000,64.0000,61.0000,60.0000,60.0000,58.0775,58.0345,57.0088,52.0384,53.3385,48.6621,49.4975,47.8539,47.0744,48.2701,46.3249,47.5395,49.6488,46.8188,45.8803,48.1041,47.5395,50.9215,48.1041,51.8652,49.9800,51.5461,52.2015,52.6308,54.3415,55.5788,56.4358,56.0089,56.0000,0.0000,0.0000,0.0000,0.0000,0.0000,0.0000,0.0000,0.0000,0.0000,0.0000,0.0000,0.0000
1700000024.800000,-62.3,38.3275,41.0488,44.0000,47.0425,50.1597,53.2353,55.3263,58.5491,61.2944,63.2851,65.2763,67.1863,66.1211,67.0671,66.0000,66.0000,66.0076,61.0000,64.0000,62.0000,60.0000,59.0000,55.0000,57.0351,56.0089,55.0364,51.1566,49.1630,50.2494,46.3897,46.2709,46.6905,46.0977,44.9110,45.3542,44.6430,46.1736,45.2217,46.4866,46.4866,46.4866,46.8188,47.4342,49.3356,49.0408,49.2443,51.1957,52.9528,52.6118,53.1507,54.0093,55.0364,0.0000,0.0000,0.0000,0.0000,0.0000,0.0000,0.0000,0.0000,0.0000,0.0000,0.0000,0.0000
1700000024.850000,-63.5,41.4849,44.5533,48.0937,51.0392,53.0000,55.0000,61.0082,61.0737,66.0076,67.0000,69.0072,70.0000,71.0000,72.0069,71.1126,70.0000,68.0294,67.0298,67.0075,66.0681,65.0692,64.0703,61.0328,62.0081,61.0000,58.0000,54.0370,53.0094,52.0865,50.4876,50.4876,50.6360,48.6621,49.0306,49.4773,49.6488,49.6488,49.6488,50.5964,49.0408,50.5964,53.1413,51.8652,53.1413,53.4509,52.2015,55.0818,56.2939,58.0517,60.4070,59.0762,58.0000,0.0000,0.0000,0.0000,0.0000,0.0000,0.0000,0.0000,0.0000,0.0000,0.0000,0.0000,0.0000
1700000024.900000,-61.1,41.4005,41.8688,45.4533,49.6790,52.8015,54.2033,58.8218,59.4054,62.8013,64.4050,66.4003,68.2495,68.2495,67.0075,69.3542,68.8840,65.9469,63.7809,64.4438,63.7809,61.5549,63.0317,58.0517,60.6053,58.4123,56.2228,52.2015,52.4309,50.4777,51.1077,49.3964,48.3735,46.0652,46.5188,47.4236,46.6154,46.2385,48.4665,50.9215,50.9215,49.3964,49.3356,50.9215,49.7695,52.0000,53.7122,55.9017,55.9017,56.0803,56.0357,56.4004,56.5862,0.0000,0.0000,0.0000,0.0000,0.0000,0.0000,0.0000,0.0000,0.0000,0.0000,0.0000,0.0000
1700000024.950000,-57.8,42.2019,43.2897,47.0956,49.0408,53.0000,55.0091,59.0085,60.0000,64.0078,66.0000,68.0000,70.0000,70.0643,68.0661,68.1836,70.1142,64.0703,65.1230,64.0703,64.1249,61.4003,61.1310,60.2080,60.0333,58.0775,55.0364,53.0000,53.0000,50.0000,50.0899,47.0425,47.1699,47.1699,46.5296,45.8912,49.0306,48.2701,45.3542,46.3249,46.3249,49.7293,47.5395,51.4198,50.2195,50.2195,50.9902,53.4603,53.4603,55.0818,55.0000,55.0364,54.4518,0.0000,0.0000,0.0000,0.0000,0.0000,0.0000,0.0000,0.0000,0.0000,0.0000,0.0000,0.0000
1700000025.000000,-64.4,39.0512,40.4475,43.4166,49.4773,52.2015,54.4059,57.5674,59.7746,62.9365,63.6003,67.7200,65.9697,68.4105,69.3758,68.6586,68.6586,66.9403,62.8172,65.5134,63.7887,59.4390,60.6383,58.2495,59.2030,57.0088,57.2800,53.4509,52.2015,52.5547,48.4665,48.8467,47.4236,49.7393,46.9574,46.1411,44.9444,48.0208,46.6154,48.8262,50.2195,48.2597,49.4065,51.6140,51.6236,53.0000,50.7740,55.9464,55.9017,54.6260,57.5847,55.3624,57.2713,0.0000,0.0000,0.0000,0.0000,0.0000,0.0000,0.0000,0.0000,0.0000,0.0000,0.0000,0.0000
1700000025.050000,-65.4,37.8021,39.4462,45.6508,46.9574,50.5668,53.3104,54.2310,58.8727,63.6946,62.7694,66.7083,66.2118,68.9420,68.8767,67.6018,66.6408,65.7647,63.0635,63.9531,62.1772,60.9016,61.2699,55.9017,56.3649,56.3649,54.2310,52.9245,52.5547,51.5461,48.0833,48.0833,48.5077,48.0521,46.3249,46.6905,46.3897,47.2652,46.5296,47.2652,49.2544,49.0918,48.1664,51.1566,50.2494,50.3587,50.4876,53.7587,55.5428,54.1202,54.7083,54.6260,55.4707,0.0000,0.0000,0.0000,0.0000,0.0000,0.0000,0.0000,0.0000,0.0000,0.0000,0.0000,0.0000
1700000025.100000,-59.8,38.4838,40.4969,45.1221,45.1221,49.8197,53.9351,55.5788,56.7186,60.8276,62.9682,67.2681,67.4685,66.2873,66.4906,63.0635,67.9117,62.3699,64.5601,60.4401,59.6657,58.9406,57.7235,57.9741,56.2939,56.2939,53.1507,50.9902,50.6360,46.1736,49.2544,44.2832,45.0111,46.0000,45.0444,46.0000,47.0425,44.1814,46.0977,45.2769,46.1736,49.2544,47.2652,51.0882,49.1630,50.0400,51.0000,53.0000,54.0833,53.3385,54.5894,55.1090,55.9732,0.0000,0.0000,0.0000,0.0000,0.0000,0.0000,0.0000,0.0000,0.0000,0.0000,0.0000,0.0000
1700000025.150000,-62.3,40.2492,41.8808,47.0106,50.3289,53.8145,55.1725,57.9828,60.8112,64.3506,67.1789,69.3542,70.0357,69.4262,70.0928,68.8840,68.7677,66.7083,66.0681,65.9469,65.1920,64.0312,62.4820,59.6657,59.4643,60.2080,55.2268,53.0377,52.4023,50.9902,48.2701,48.9183,48.6004,47.4342,46.8722,45.7930,47.5079,47.0106,47.8853,48.3011,48.3011,49.1935,50.5668,52.3546,51.0000,51.0000,51.9711,53.8516,56.3028,56.6127,55.3173,55.9017,56.6392,0.0000,0.0000,0.0000,0.0000,0.0000,0.0000,0.0000,0.0000,0.0000,0.0000,0.0000,0.0000
1700000025.200000,-61.6,41.6293,44.4185,46.0435,51.0392,54.0370,55.4437,60.3075,61.7171,65.2993,66.8431,69.2026,71.2180,70.8025,68.6003,69.6348,70.8025,66.6108,66.0303,65.2150,64.0703,63.5138,61.8547,59.6406,60.8030,58.8218,56.4004,54.6717,53.1507,50.9313,50.2096,48.7955,48.1041,47.4236,47.6340,48.4149,48.6004,48.8262,47.4342,47.7074,49.0918,50.2494,50.7740,52.6973,51.0392,52.2015,52.2015,54.0370,56.0803,56.6392,57.2800,56.8507,57.4282,0.0000,0.0000,0.0000,0.0000,0.0000,0.0000,0.0000,0.0000,0.0000,0.0000,0.0000,0.0000
1700000025.250000,-64.1,40.4969,43.4166,46.6690,49.4975,52.4023,54.5619,58.8982,60.9590,65.1153,65.8559,68.6222,69.3109,70.0071,70.7107,69.3109,68.5930,68.5930,63.7024,66.4831,64.3817,63.0317,61.5549,58.7282,59.4138,57.9828,55.1725,53.1507,52.4023,51.2250,48.4149,48.6004,49.4065,48.2597,47.1699,47.5079,46.5296,47.4236,46.9574,48.7545,49.6588,48.3322,50.1597,50.9902,50.0899,52.7731,52.8394,53.8516,55.4707,55.8032,55.6058,55.9732,55.2268,0.0000,0.0000,0.0000,0.0000,0.0000,0.0000,0.0000,0.0000,0.0000,0.0000,0.0000,0.0000
1700000025.300000,-55.9,42.2019,41.3401,47.4236,48.7545,53.8516,54.7814,60.0833,60.7454,66.4078,66.8506,69.4622,71.8679,70.2638,69.8570,68.4471,71.1758,67.2309,68.4471,66.7083,65.0000,63.1585,60.9262,61.3270,58.8727,56.0803,55.5428,53.7587,51.9230,49.7293,51.4198,47.8539,47.3814,49.2544,47.3814,48.1664,50.0100,48.0104,48.0104,48.0000,49.0000,52.0000,50.0000,53.0000,52.0000,54.0000,53.0377,53.1507,59.3043,56.7186,57.4891,56.9210,56.4624,0.0000,0.0000,0.0000,0.0000,0.0000,0.0000,0.0000,0.0000,0.0000,0.0000,0.0000,0.0000
1700000025.350000,-63.8,43.1741,45.8803,47.5395,49.0408,55.0364,55.0091,62.2656,62.1772,66.2420,69.3181,70.6824,72.0139,73.4098,70.7743,70.9366,72.6154,67.2309,68.7095,65.5515,66.8506,64.5136,63.1585,62.7694,60.0083,58.6941,56.3649,54.1202,55.9017,51.4781,53.8516,48.3735,50.4777,48.8262,48.6004,50.3289,51.0882,50.3289,48.1664,48.1664,48.8365,51.6236,50.9902,53.8145,51.0882,55.9732,54.2033,56.4004,57.6888,58.8303,59.9333,55.5428,58.1893,0.0000,0.0000,0.0000,0.0000,0.0000,0.0000,0.0000,0.0000,0.0000,0.0000,0.0000,0.0000
1700000025.400000,-63.6,41.0000,43.2897,47.0425,50.0400,53.0000,55.0091,59.0085,61.0000,65.0000,67.0000,68.0000,70.0000,70.0071,70.1142,69.2604,69.1158,67.1193,66.1891,65.1920,65.2763,62.2896,63.2851,60.2080,59.0085,59.0762,55.0000,53.0000,53.0000,50.0000,49.0918,48.0416,48.2597,49.1630,46.5296,47.8539,48.0521,48.5077,48.5077,48.5077,50.6952,49.4773,50.9608,51.6624,51.4198,51.1957,51.9711,53.6004,54.3323,55.0364,56.0089,56.0089,56.3205,0.0000,0.0000,0.0000,0.0000,0.0000,0.0000,0.0000,0.0000,0.0000,0.0000,0.0000,0.0000
1700000025.450000,-59.7,38.9102,41.8808,45.6070,47.5079,50.3289,53.8145,59.3970,60.1415,63.0317,65.8559,67.3573,66.7083,68.2495,67.6240,67.2012,67.4759,64.6607,64.4050,62.8013,62.8013,60.2163,60.0000,57.2014,58.2580,56.2228,55.4437,52.4976,50.2494,48.0833,48.8365,47.3814,46.0109,46.2277,45.4533,47.2017,47.4342,47.7074,46.3249,47.1699,47.1699,48.5489,48.8774,50.7740,50.7740,52.1536,53.0094,53.4135,54.6717,55.1725,56.5862,55.4437,56.0357,0.0000,0.0000,0.0000,0.0000,0.0000,0.0000,0.0000,0.0000,0.0000,0.0000,0.0000,0.0000
1700000025.500000,-62.5,41.5933,42.7200,46.2385,48.8467,52.8015,55.0091,56.8243,59.9416,63.5059,66.1891,68.4471,68.8767,69.3542,68.1542,69.0797,68.5420,67.2309,65.5515,64.0781,63.1585,62.2415,60.9262,58.6941,58.6003,57.2713,55.0364,52.3546,52.3546,49.7393,49.9300,48.2597,48.6004,46.8615,47.6340,47.4236,47.3814,47.3814,48.0833,48.1041,48.1041,48.0833,48.7955,51.6236,50.2096,51.6236,50.9313,53.9073,54.6717,55.8032,57.9828,57.8014,56.8595,0.0000,0.0000,0.0000,0.0000,0.0000,0.0000,0.0000,0.0000,0.0000,0.0000,0.0000,0.0000
1700000025.550000,-60.7,43.1856,46.0000,47.0425,51.2445,52.3450,57.5587,59.8415,63.7887,66.6108,66.6108,69.7209,69.8713,72.4431,72.3395,72.1110,69.1809,70.2567,66.1891,67.1863,66.0681,65.0692,63.0714,59.2115,60.5310,60.2993,58.5491,55.7315,52.6118,53.3667,49.7293,50.6952,50.2892,49.6488,48.7032,49.3964,47.0106,49.2443,49.6588,51.4296,51.4296,50.0899,53.6656,52.3259,53.2259,54.6260,54.2310,55.3624,57.5674,55.3624,57.7235,57.8705,58.3095,0.0000,0.0000,0.0000,0.0000,0.0000,0.0000,0.0000,0.0000,0.0000,0.0000,0.0000,0.0000
1700000025.600000,-65.9,40.8534,44.6430,47.8539,49.6488,52.3450,56.3205,58.2151,61.1310,65.3758,67.3647,67.6018,69.4622,70.7107,70.8590,69.2315,69.0507,68.2495,65.5134,66.2873,64.1327,62.5859,63.1506,58.4637,59.5399,56.7186,57.7062,54.4518,52.3450,51.0392,49.0102,48.0000,49.0000,49.0000,48.0937,48.1664,48.2597,47.5184,47.6760,49.8197,49.8197,49.4975,50.6360,50.6360,50.4876,51.4781,52.2398,53.1507,57.0000,56.0000,56.0357,55.3263,57.2713,0.0000,0.0000,0.0000,0.0000,0.0000,0.0000,0.0000,0.0000,0.0000,0.0000,0.0000,0.0000
1700000025.650000,-63.0,42.0595,44.0114,49.3356,50.9608,54.5711,56.5155,61.1882,62.9682,66.2873,67.9117,69.6419,70.8802,70.8802,71.4703,69.5701,72.1249,68.9638,68.6222,65.1460,66.4831,62.9365,62.3618,60.0833,60.0833,56.6127,57.2800,54.3415,53.6004,50.8035,50.4876,49.3660,50.0899,49.0408,48.0416,48.0000,49.0000,50.0000,50.0000,49.0000,50.0100,52.0096,50.0400,52.0096,52.0096,53.0094,53.0000,55.0091,57.1402,56.4358,58.4637,58.2409,57.5847,0.0000,0.0000,0.0000,0.0000,0.0000,0.0000,0.0000,0.0000,0.0000,0.0000,0.0000,0.0000
1700000025.700000,-62.6,41.1825,42.4382,47.6340,50.3289,52.4023,53.7401,60.1082,61.5224,65.0692,67.8970,69.4262,70.8378,70.1783,70.2922,69.0290,70.8378,66.7083,66.2193,66.0681,64.5368,64.0312,63.2535,60.4401,60.3075,58.2580,56.0803,53.7401,52.3450,49.5782,48.1664,48.9183,47.8017,48.6004,48.2597,47.1699,48.0208,48.3735,48.3735,48.8774,48.3735,51.0000,50.5371,52.3546,53.7122,52.8394,53.8516,55.4707,56.0357,56.8507,57.2800,57.3149,55.6058,0.0000,0.0000,0.0000,0.0000,0.0000,0.0000,0.0000,0.0000,0.0000,0.0000,0.0000,0.0000
1700000025.750000,-62.2,41.4367,43.0465,46.0000,50.0100,52.2398,55.1453,59.2115,61.2944,64.1249,67.2681,68.1836,69.1158,69.0652,70.0643,71.0000,69.0072,68.0000,67.0000,65.0000,65.0000,62.0000,62.0000,59.0000,58.1378,58.0345,57.0088,53.2353,51.2445,50.4876,49.0306,47.8539,48.5077,47.2969,46.8402,47.1275,47.7598,47.5395,48.1041,47.5395,49.3964,49.7695,51.4781,52.9245,51.2640,52.2015,52.4976,53.4509,55.5428,55.3173,56.7186,57.4282,56.0000,0.0000,0.0000,0.0000,0.0000,0.0000,0.0000,0.0000,0.0000,0.0000,0.0000,0.0000,0.0000
1700000025.800000,-61.8,41.2311,42.7551,44.1814,49.0918,51.0392,55.0000,58.0000,61.0000,64.0000,65.0000,67.0075,69.0072,68.0074,67.1193,67.1863,68.1175,67.1863,65.1920,64.0703,63.1981,61.2944,61.0737,57.1402,57.0000,56.0089,55.0000,51.0000,50.0100,50.0899,48.0937,46.2709,48.3735,48.3735,46.6905,46.3249,46.5725,45.8803,46.4866,47.7598,48.3839,49.3356,49.6488,51.5461,50.5964,50.9608,51.4198,53.3667,52.9528,55.5788,55.1453,57.0088,56.0357,0.0000,0.0000,0.0000,0.0000,0.0000,0.0000,0.0000,0.0000,0.0000,0.0000,0.0000,0.0000
1700000025.850000,-60.1,42.0000,45.0999,47.8539,51.1957,55.5428,55.7853,62.0967,64.5601,67.1863,69.6419,70.8802,72.0347,73.0069,71.8053,69.4262,72.5672,69.4262,69.2315,69.2315,66.2873,65.1153,63.9531,62.3699,61.8466,59.9083,57.7235,55.0818,54.4059,52.2015,51.0784,48.8467,48.7545,50.0899,50.1199,48.3735,48.0208,48.8262,51.0392,50.2195,50.0000,50.8035,50.8035,55.0000,51.8652,54.6443,56.0803,56.0803,57.7062,58.6003,60.5392,59.1354,58.6941,0.0000,0.0000,0.0000,0.0000,0.0000,0.0000,0.0000,0.0000,0.0000,0.0000,0.0000,0.0000
1700000025.900000,-59.4,39.2173,40.7185,45.6508,46.6476,53.5350,52.6973,57.4282,59.0762,61.0328,64.8999,66.2873,66.5733,68.2642,66.0379,65.8635,68.6003,63.2851,63.6318,62.4340,62.4340,60.0333,59.6825,58.3095,58.2495,55.7584,53.2541,50.6063,50.4480,48.9183,48.1041,45.9674,45.9674,46.0109,45.3431,46.2277,47.0106,46.6154,46.0435,48.0104,46.8722,49.6488,48.5489,51.8652,48.8262,51.6140,51.4004,53.4135,53.9073,54.4518,54.4885,54.0370,55.4707,0.0000,0.0000,0.0000,0.0000,0.0000,0.0000,0.0000,0.0000,0.0000,0.0000,0.0000,0.0000
1700000025.950000,-62.7,41.0488,44.4072,45.8912,49.4773,53.1601,55.3624,59.4811,61.9839,66.2193,65.5210,69.6419,69.6419,70.3420,69.8570,69.8570,68.4471,68.4471,66.2873,66.4906,63.9531,61.6604,62.1691,58.2495,58.9406,57.9741,56.0446,53.4509,52.2015,52.4976,49.0408,48.4665,48.4665,47.9270,45.6180,47.8853,47.5079,49.0918,47.7074,48.5489,51.3128,49.9300,51.3128,53.5350,52.1536,53.8516,52.7731,56.3560,56.4624,56.4624,56.3028,57.2800,58.0517,0.0000,0.0000,0.0000,0.0000,0.0000,0.0000,0.0000,0.0000,0.0000,0.0000,0.0000,0.0000
1700000026.000000,-63.3,41.7612,43.7379,45.1774,49.1630,53.0377,56.0089,59.0000,60.0083,66.0681,66.0303,69.1158,71.0634,69.1158,69.2604,68.4690,68.5930,68.4690,65.7647,64.3817,64.4981,62.5140,61.5224,58.4209,59.2115,57.2189,56.0803,54.0370,52.0384,50.0000,49.0102,48.0104,47.0425,46.1736,45.2769,46.3897,46.6905,47.8539,46.0977,48.0521,48.0521,50.0100,51.1957,52.9528,51.9711,53.7587,52.4690,55.3263,56.0803,56.0089,57.0000,57.2189,57.7062,0.0000,0.0000,0.0000,0.0000,0.0000,0.0000,0.0000,0.0000,0.0000,0.0000,0.0000,0.0000
1700000026.050000,-59.9,42.2019,43.0116,47.0106,50.5668,54.1202,56.3560,60.9016,63.5295,67.5352,67.0820,70.2140,72.4500,72.9178,71.5891,71.3092,70.2140,69.3542,68.5420,65.3911,66.3099,63.3246,64.0781,60.9262,59.9333,59.5063,57.2451,55.0727,53.8516,52.1536,50.8035,49.4065,47.8017,49.2037,47.5079,49.5177,48.7955,49.5177,49.4975,49.5177,50.9313,50.9902,51.6624,54.4885,53.0377,54.4518,54.4885,57.4891,58.2580,58.0086,60.4649,59.1693,60.8358,0.0000,0.0000,0.0000,0.0000,0.0000,0.0000,0.0000,0.0000,0.0000,0.0000,0.0000,0.0000
1700000026.100000,-61.5,39.0000,40.8044,44.1475,48.0521,50.4876,54.4518,58.3095,58.4209,62.3939,63.7887,67.8970,69.0507,68.0661,68.2495,68.8840,66.9104,66.7083,63.7887,64.3273,64.3273,59.4390,59.0339,57.4891,58.8558,56.7186,53.7587,52.1536,49.1630,49.0408,48.0000,48.0000,47.0106,46.0977,46.0977,47.1699,46.3897,46.8722,46.6905,46.6905,50.0100,49.8197,50.2195,52.9528,52.7731,52.7731,52.3450,54.1479,56.0357,55.0000,57.0088,58.3095,56.8858,0.0000,0.0000,0.0000,0.0000,0.0000,0.0000,0.0000,0.0000,0.0000,0.0000,0.0000,0.0000
1700000026.150000,-63.9,41.0122,46.0435,50.4876,55.7315,55.9017,61.6117,62.8172,67.4463,69.8570,70.0928,75.3127,75.7100,75.3127,74.8131,76.5310,73.8241,74.6726,70.3491,71.7008,68.5930,68.4690,66.6108,64.7765,63.6396,63.5059,61.1882,58.6941,55.3173,54.5711,52.4976,50.5964,52.5547,52.0000,50.5668,53.2259,51.0000,52.8394,51.9711,52.8394,54.2033,55.2268,58.3095,55.9464,57.3062,58.5918,58.1378,61.3270,61.4654,60.4070,63.0635,63.5610,64.4981,0.0000,0.0000,0.0000,0.0000,0.0000,0.0000,0.0000,0.0000,0.0000,0.0000,0.0000,0.0000
1700000026.200000,-65.1,42.2019,45.1774,46.6154,52.5547,54.0833,59.4643,63.2456,65.1460,68.9493,68.9493,73.0548,72.4500,73.3894,73.1642,73.5391,73.0069,71.1758,68.4471,69.4622,68.0294,64.8845,64.8845,62.2415,62.9682,61.0983,59.4643,55.9732,54.7083,52.6308,50.2195,50.0100,49.6488,48.6621,48.2597,49.2544,50.0400,51.0000,50.0000,51.0000,52.0000,53.0094,55.0000,56.0000,56.0089,56.0357,55.0818,57.4282,59.6825,59.0339,60.6383,60.0833,60.9262,0.0000,0.0000,0.0000,0.0000,0.0000,0.0000,0.0000,0.0000,0.0000,0.0000,0.0000,0.0000
1700000026.250000,-60.3,40.4475,44.0454,46.0109,52.0384,53.3385,58.4209,60.6712,63.6396,67.6018,68.3593,71.3442,72.2496,72.2496,70.1142,72.0625,71.1126,71.1126,67.0298,69.0290,67.1193,64.0312,63.1269,61.0328,61.4003,60.1332,57.2189,54.5894,52.7731,51.4198,50.4480,48.7647,49.6488,49.0408,47.1699,48.3322,48.3011,49.6488,48.7647,49.1935,51.4781,52.3546,52.8394,54.5894,55.0091,56.7979,54.5619,57.7754,58.8727,58.8218,60.8769,60.0167,60.2993,0.0000,0.0000,0.0000,0.0000,0.0000,0.0000,0.0000,0.0000,0.0000,0.0000,0.0000,0.0000
1700000026.300000,-63.1,37.0000,40.2616,44.7214,46.6905,51.2445,52.1536,56.0803,58.0775,61.1310,64.1950,65.1920,66.1891,68.5930,68.3593,67.8970,66.6108,64.4981,63.7887,64.6297,62.6498,58.8558,59.6825,56.5685,56.2228,55.1453,53.1507,50.0400,49.0102,47.0000,47.0956,45.1774,45.2769,45.2769,44.5533,43.9318,45.3542,47.1275,44.6430,47.1275,47.1275,48.7032,49.0408,51.2445,50.2892,50.9608,51.4198,53.1507,54.7449,56.4358,56.0803,57.0000,56.0803,0.0000,0.0000,0.0000,0.0000,0.0000,0.0000,0.0000,0.0000,0.0000,0.0000,0.0000,0.0000
1700000026.350000,-61.7,43.1393,44.6878,46.8722,50.7740,55.0727,57.7062,61.7171,63.9531,69.3542,68.8840,72.4707,72.0694,73.9256,72.2011,72.2011,73.5731,69.6419,67.9559,67.2309,65.5134,64.8999,64.6607,61.9112,60.4152,60.0333,58.1808,55.0364,52.8015,51.0784,50.9215,48.7032,49.0408,49.0408,47.5395,48.8365,49.6488,50.4876,48.3735,49.3660,52.2398,53.2353,52.2398,55.3263,55.4437,56.4358,55.9017,59.0339,59.9083,60.4401,60.4070,60.5392,59.9416,0.0000,0.0000,0.0000,0.0000,0.0000,0.0000,0.0000,0.0000,0.0000,0.0000,0.0000,0.0000
1700000026.400000,-61.7,39.8246,43.1393,46.7547,49.6790,52.8015,56.4004,60.2163,62.4260,65.0000,65.8027,71.0282,71.6101,72.0069,69.8140,68.8840,69.8140,68.8840,66.7083,66.8431,65.1920,61.6198,60.3075,59.0339,59.6406,57.2014,57.2014,53.2541,51.6236,50.6063,49.1935,47.4131,49.2443,48.4665,45.8803,48.0833,48.7647,50.0100,49.2443,48.8365,50.0100,51.1957,50.9902,55.1090,53.1507,55.5428,55.0818,55.9732,58.5235,58.3095,60.4152,59.9416,59.9083,0.0000,0.0000,0.0000,0.0000,0.0000,0.0000,0.0000,0.0000,0.0000,0.0000,0.0000,0.0000
1700000026.450000,-62.1,40.4969,41.1825,44.7772,49.7695,51.8652,56.6127,58.8218,61.6847,64.1950,65.1460,68.0074,69.9214,70.5195,70.8378,71.3092,67.7791,68.7095,64.0781,65.0000,65.0000,63.1585,60.9262,57.5847,58.8218,58.5235,56.3205,52.3927,50.4480,51.9711,47.3814,46.5296,47.1699,47.1699,47.0106,47.0000,45.0444,49.0918,49.0918,50.2494,50.1597,49.0918,53.1507,52.1536,54.0833,55.0364,55.0000,56.0000,58.0345,56.0803,59.3043,58.5491,58.6941,0.0000,0.0000,0.0000,0.0000,0.0000,0.0000,0.0000,0.0000,0.0000,0.0000,0.0000,0.0000
1700000026.500000,-57.4,37.3631,39.9249,42.9535,46.5188,49.7393,53.3385,57.4543,60.7454,62.4340,64.6607,67.7422,68.0955,68.0000,69.3542,67.9779,68.0000,65.2993,64.4127,63.9531,62.1691,59.5063,59.9416,57.2451,55.5698,55.0727,52.4786,51.8652,48.2597,47.2017,48.2701,44.6878,46.0109,46.6905,45.2769,44.6878,46.8615,47.0106,47.0106,47.2017,47.4342,48.6004,50.8035,52.0096,53.0094,52.0096,52.4976,53.8145,55.1725,55.1725,56.7274,57.2014,56.6039,0.0000,0.0000,0.0000,0.0000,0.0000,0.0000,0.0000,0.0000,0.0000,0.0000,0.0000,0.0000
1700000026.550000,-60.5,43.1393,43.4166,47.4342,51.1077,54.2033,59.5399,61.7171,64.4127,67.6018,70.2353,73.9256,74.7930,73.0616,72.7186,71.2811,73.7835,71.2811,68.8186,69.0652,67.6757,65.4599,64.0703,62.6817,61.2944,59.9083,58.8303,55.5698,52.8394,51.4296,50.9902,48.8467,50.3289,50.2892,48.7647,50.0000,51.1957,51.1957,50.9902,50.9902,51.7880,55.1090,55.1090,55.1090,58.2495,57.7235,58.2409,60.7289,61.6847,61.8466,62.6099,62.7694,61.2944,0.0000,0.0000,0.0000,0.0000,0.0000,0.0000,0.0000,0.0000,0.0000,0.0000,0.0000,0.0000
1700000026.600000,-62.5,39.1152,43.0000,44.1814,49.3660,51.6236,56.7186,60.2080,61.9839,66.0984,67.7422,68.5930,70.7107,70.3491,71.2531,70.1783,69.2604,68.2642,66.1211,66.1211,64.1249,63.0714,61.1310,59.1354,58.3095,58.3095,55.4437,53.7587,51.7880,50.0100,47.8017,47.8017,47.4342,47.7598,48.4665,48.3322,47.8539,48.7647,48.7647,50.1199,51.4781,51.4781,52.8394,54.1202,55.0091,54.5619,54.6260,57.3847,59.4643,58.5235,62.0967,60.0167,60.2080,0.0000,0.0000,0.0000,0.0000,0.0000,0.0000,0.0000,0.0000,0.0000,0.0000,0.0000,0.0000
1700000026.650000,-62.3,35.7351,38.9102,42.7200,47.7074,48.8262,52.2015,56.6127,58.0086,62.4260,62.6817,66.2873,67.9559,68.7968,67.4166,68.4763,66.3702,65.0000,63.5295,64.1405,63.1348,60.8276,59.5399,56.8243,57.6888,55.2268,52.1536,50.2195,49.4065,47.6340,46.0109,46.0109,46.6905,46.6690,46.6905,45.3431,45.3431,47.0106,46.4004,48.0104,49.2037,49.2037,50.8035,52.6308,52.6308,53.2635,52.4976,55.1725,55.8659,57.3847,57.6281,58.2495,58.3095,0.0000,0.0000,0.0000,0.0000,0.0000,0.0000,0.0000,0.0000,0.0000,0.0000,0.0000,0.0000
1700000026.700000,-59.7,40.6079,45.6070,46.6154,52.9245,54.5619,60.3738,61.7171,66.6483,70.6612,68.8767,75.5844,74.7329,74.3236,74.8465,76.3217,72.2357,74.8465,67.7791,71.8679,68.3520,65.7875,65.0000,61.8466,64.4748,60.4152,61.7414,58.1808,53.2353,55.2268,50.4777,51.6140,51.4004,51.2250,50.2494,50.9313,51.6236,54.5619,52.4023,53.8145,55.9732,55.3173,58.7963,57.3149,60.2080,60.8276,60.8276,61.6198,62.4820,62.8013,64.8999,64.1405,64.8460,0.0000,0.0000,0.0000,0.0000,0.0000,0.0000,0.0000,0.0000,0.0000,0.0000,0.0000,0.0000
1700000026.750000,-60.3,41.4367,42.0595,47.1699,50.6952,52.8015,56.7979,60.8276,63.5295,67.9779,67.9779,72.4500,73.8241,73.0069,73.1642,71.5122,72.6154,70.9366,69.2892,66.4831,67.0671,64.8460,62.9682,60.1664,60.4152,58.6941,58.1808,55.0091,52.3546,51.1077,49.9300,49.6488,49.4065,48.6004,49.0408,48.9183,49.4975,51.6236,50.9117,51.6624,52.3450,53.7587,56.6392,55.8659,57.2800,58.0000,56.6392,60.3075,61.4003,61.8547,63.8122,62.2656,61.8466,0.0000,0.0000,0.0000,0.0000,0.0000,0.0000,0.0000,0.0000,0.0000,0.0000,0.0000,0.0000
1700000026.800000,-63.1,40.3113,42.5441,46.4866,50.0000,52.3927,57.2713,60.0167,63.1506,65.5134,66.4906,70.0928,73.0069,73.2462,71.0634,73.0821,71.8401,70.8802,67.3573,68.0074,65.4599,64.1950,62.9365,59.4811,60.6383,58.4637,57.4891,53.7587,50.8035,51.2445,48.0937,49.0408,48.0000,47.0425,48.2597,49.2544,48.3735,49.8197,50.9902,51.7880,54.3415,52.1728,56.2939,55.9017,57.0701,56.8858,57.5587,59.2115,60.0333,60.0083,61.0737,61.2944,61.9839,0.0000,0.0000,0.0000,0.0000,0.0000,0.0000,0.0000,0.0000,0.0000,0.0000,0.0000,0.0000
1700000026.850000,-62.0,42.0595,43.4626,47.0106,50.4777,53.8238,58.6003,61.4003,63.6003,68.0074,68.5055,73.4983,74.3303,74.6257,72.7186,73.4302,72.2011,71.6938,68.9638,70.3278,68.6003,64.0078,63.6318,62.7694,60.2080,59.6825,58.5235,54.4059,52.2015,51.8556,50.9902,49.5782,48.8365,48.1664,49.0408,50.6063,49.4065,51.6140,51.6140,51.8652,54.0833,54.3783,56.3028,58.2495,58.8218,58.6003,59.6657,61.7171,62.2415,62.9682,63.8905,64.2028,62.9682,0.0000,0.0000,0.0000,0.0000,0.0000,0.0000,0.0000,0.0000,0.0000,0.0000,0.0000,0.0000
1700000026.900000,-60.5,38.6005,42.1545,44.7214,47.8853,50.6063,55.7584,57.9828,62.9682,65.0000,66.3702,69.6419,72.4017,70.7107,70.2353,72.4500,69.3181,69.3181,66.2118,66.2118,64.8845,63.5610,62.2415,59.0339,59.0593,57.7062,55.5698,53.5350,50.2494,50.4777,47.0106,46.8615,46.0109,45.9674,45.9674,47.5079,47.8017,48.6004,48.6004,50.8035,53.8238,52.2015,55.8032,54.4059,57.2014,56.8507,57.3847,60.1415,60.1082,60.2080,62.0081,60.4649,62.2656,0.0000,0.0000,0.0000,0.0000,0.0000,0.0000,0.0000,0.0000,0.0000,0.0000,0.0000,0.0000
1700000026.950000,-63.3,41.0122,43.1856,45.7056,50.9902,53.3667,58.2409,61.1310,65.2533,69.3758,70.3420,71.8401,76.4003,74.9533,74.7329,75.1332,74.9667,73.3485,69.0507,68.7314,67.6018,66.6108,63.7887,61.9839,61.6117,60.6383,57.9741,56.3205,54.1202,52.4976,50.6952,47.9270,49.1935,48.7545,49.2443,51.3128,50.2195,52.2015,51.4004,53.4135,55.8032,56.4004,57.6281,58.4123,57.2014,59.3633,59.3633,61.9112,62.6099,62.6099,64.0781,64.8460,63.3246,0.0000,0.0000,0.0000,0.0000,0.0000,0.0000,0.0000,0.0000,0.0000,0.0000,0.0000,0.0000
1700000027.000000,-60.3,37.8021,39.9625,45.6180,48.3322,51.6236,54.7083,58.1893,61.6847,63.9062,66.0984,68.3081,69.5701,72.4500,71.5122,71.6938,69.0797,68.5420,65.3911,67.2309,64.4748,62.6498,62.2415,58.3095,59.8080,56.6480,54.7083,51.6624,50.6952,50.2195,46.3897,47.3814,47.2652,48.0416,46.0000,47.0106,47.1699,48.3735,50.3587,50.3587,52.4690,52.4690,53.3385,54.3323,56.3205,57.2189,57.1402,59.0085,60.0083,61.0737,61.4003,60.8276,60.8769,0.0000,0.0000,0.0000,0.0000,0.0000,0.0000,0.0000,0.0000,0.0000,0.0000,0.0000,0.0000
1700000027.050000,-64.2,39.1152,41.0488,46.6905,48.0521,52.6308,54.8179,58.8218,61.1310,66.2193,68.1542,69.3758,70.8308,71.8053,72.5672,71.0211,73.1642,67.0820,66.9104,65.1153,67.2681,61.9839,61.0000,58.8558,60.8769,58.2495,54.8179,51.2445,50.2892,49.3964,47.9270,46.5188,48.3011,48.0208,47.1699,48.2597,48.6004,49.8197,48.4149,50.4480,51.2250,54.2033,52.6308,56.2228,56.2228,57.2014,56.6127,58.8303,59.5399,61.2699,61.7414,61.6847,60.8769,0.0000,0.0000,0.0000,0.0000,0.0000,0.0000,0.0000,0.0000,0.0000,0.0000,0.0000,0.0000
1700000027.100000,-61.2,36.0555,37.6563,40.5216,45.2217,47.5395,52.3927,55.9464,59.0931,61.7414,63.6946,67.7791,69.0797,68.0074,69.2892,67.3573,66.7308,66.7308,63.5689,63.5689,61.3514,57.8705,58.1893,56.3028,56.0803,54.4243,52.3927,49.1935,47.0106,46.6476,45.0000,44.4072,44.0454,44.6878,43.8634,46.6690,46.0109,46.7547,46.7547,48.9183,49.6790,51.0882,52.6308,53.2635,54.0370,53.8145,54.4885,56.5685,57.3149,58.2580,58.0086,58.5235,59.0593,0.0000,0.0000,0.0000,0.0000,0.0000,0.0000,0.0000,0.0000,0.0000,0.0000,0.0000,0.0000
1700000027.150000,-59.2,38.0132,40.2244,43.9318,47.4236,53.0377,55.1725,58.0000,60.2080,65.0692,67.2086,68.6222,71.4493,72.1388,70.7248,72.1803,70.0357,67.9412,65.9469,65.8559,64.4438,62.3699,62.2896,58.1378,58.0000,57.3149,54.4885,51.0882,51.0882,49.6488,47.7074,46.3249,47.8853,46.9574,46.0977,47.5395,47.7598,48.3839,50.2892,51.2445,52.2015,52.2015,53.4509,55.6597,55.6597,55.9732,57.5847,59.0931,61.7414,62.6498,60.5392,61.8547,63.1269,0.0000,0.0000,0.0000,0.0000,0.0000,0.0000,0.0000,0.0000,0.0000,0.0000,0.0000,0.0000
1700000027.200000,-61.3,36.2353,37.4833,40.6079,44.2041,48.2597,52.1536,54.7083,57.4543,62.4340,63.5138,66.2873,68.0074,68.6003,67.8012,68.2495,67.2012,64.2028,63.2535,62.0081,62.0081,59.6657,60.0000,55.6058,56.6127,55.0000,52.4309,50.2494,49.2443,47.4131,45.6946,45.3100,44.5982,45.5412,44.6430,45.1221,46.8722,48.6621,48.6621,48.5077,51.7880,50.3587,51.4781,55.7315,53.7587,55.9017,57.4891,57.2800,59.7746,57.9396,59.5063,60.8276,59.9083,0.0000,0.0000,0.0000,0.0000,0.0000,0.0000,0.0000,0.0000,0.0000,0.0000,0.0000,0.0000
1700000027.250000,-60.4,36.2353,37.5366,45.4863,47.1699,51.1077,52.3546,57.7062,60.3738,63.0635,68.9638,70.4911,71.3442,72.1110,72.1110,70.4557,72.4017,67.1193,68.5055,66.5733,66.2873,62.1289,61.5873,59.0762,58.6686,58.3095,53.3385,50.0899,49.7695,47.1699,49.3356,46.8402,47.0744,47.6760,47.6760,48.1664,49.0918,50.1597,51.0392,52.0865,51.0098,56.0089,54.0000,59.0762,57.0789,59.0085,59.2115,61.4003,61.8142,64.0312,63.8905,63.9062,61.2699,0.0000,0.0000,0.0000,0.0000,0.0000,0.0000,0.0000,0.0000,0.0000,0.0000,0.0000,0.0000
1700000027.300000,-67.3,38.2753,41.1461,46.2385,49.6488,54.1202,55.7853,60.6383,62.3699,67.1863,69.6419,73.4983,73.4983,75.9605,75.2861,73.3894,74.6324,71.1688,69.2892,68.9493,68.3520,65.5515,65.1920,60.0833,60.4401,58.5235,57.2800,53.3667,51.9711,50.4876,49.1630,47.1699,49.0408,49.0102,48.1664,49.3660,49.6488,50.9902,51.9711,52.9528,55.3173,57.0701,56.2939,58.8558,58.8558,60.6712,59.3043,61.2046,64.0078,64.0078,65.1230,65.4905,64.3273,0.0000,0.0000,0.0000,0.0000,0.0000,0.0000,0.0000,0.0000,0.0000,0.0000,0.0000,0.0000
1700000027.350000,-63.1,37.5366,39.6989,42.8019,49.3964,50.6063,55.4707,58.1808,63.0635,65.7647,67.1193,72.5603,72.2011,74.0945,72.4017,74.6324,71.2811,71.2811,66.0303,69.6348,67.6757,64.4050,63.0079,57.4282,60.5392,57.4543,55.0727,52.7731,51.4296,51.0784,47.1275,48.3839,48.5077,47.0744,47.8539,47.5184,48.1664,50.0899,51.0882,52.0865,55.1453,52.0865,58.1378,57.2189,60.2993,60.2993,60.6712,61.9839,63.5610,63.6003,65.4599,65.9242,65.2993,0.0000,0.0000,0.0000,0.0000,0.0000,0.0000,0.0000,0.0000,0.0000,0.0000,0.0000,0.0000
1700000027.400000,-62.8,32.5269,39.8246,42.6380,48.5489,52.8394,54.2033,56.6039,61.2944,61.9112,63.8122,69.0652,70.4557,69.0652,69.0652,69.8140,68.2422,66.0303,62.8013,63.8201,63.2456,60.8030,59.6406,57.4282,56.6039,55.7584,53.3385,50.9902,47.4236,47.7598,45.8803,44.6430,44.7214,45.8912,45.3982,47.1699,47.0425,48.0000,48.0104,50.0000,52.0000,53.0094,56.0000,56.0089,57.0088,57.0088,57.0351,61.2046,61.4003,61.1882,60.6383,61.6847,62.3939,0.0000,0.0000,0.0000,0.0000,0.0000,0.0000,0.0000,0.0000,0.0000,0.0000,0.0000,0.0000
1700000027.450000,-63.1,36.7967,41.2311,41.0488,47.0106,51.8845,55.4617,59.0931,61.7414,66.6408,66.1891,72.4707,71.6938,73.0616,71.6938,72.4017,71.3442,70.4911,66.5733,66.3702,64.1405,61.5873,61.4003,57.8014,58.1808,55.0727,55.4707,52.3927,49.7695,47.4342,47.5395,45.3542,46.8722,46.2709,47.1699,49.0408,49.0408,50.0000,51.0000,52.0000,54.0093,55.0091,56.0089,59.0085,59.0085,58.0086,61.0328,61.2046,63.5059,64.1327,65.0000,62.9365,63.6946,0.0000,0.0000,0.0000,0.0000,0.0000,0.0000,0.0000,0.0000,0.0000,0.0000,0.0000,0.0000
1700000027.500000,-61.5,32.8938,36.6742,41.6773,43.5660,47.4342,50.6063,55.6058,57.6281,60.8030,65.2150,66.0303,67.4240,68.5055,67.9559,67.2309,67.4166,63.2851,61.7738,62.7694,60.5392,59.1693,57.9828,54.2033,54.6443,54.0833,50.4777,47.0106,47.6340,43.8406,43.1393,43.1856,42.8019,43.8292,44.1022,44.7772,45.1774,46.9574,48.3011,49.1935,50.9902,51.4781,52.3259,55.0091,55.9017,55.9464,56.4358,57.9828,58.8218,60.4401,61.6198,60.8276,61.8466,0.0000,0.0000,0.0000,0.0000,0.0000,0.0000,0.0000,0.0000,0.0000,0.0000,0.0000,0.0000
1700000027.550000,-62.8,36.1248,38.4187,42.1900,47.0106,49.6488,54.5619,58.1808,61.7414,63.5059,66.1891,69.8355,71.5891,71.3442,71.8679,72.4017,71.3442,70.4911,66.2873,66.3702,64.1405,60.7454,61.0574,58.5235,57.3062,55.2268,55.9464,50.9902,48.8467,47.7598,47.1275,47.5395,46.0977,46.5296,46.3897,48.1664,48.0937,51.0392,50.0400,52.0384,54.0093,53.0000,56.0000,57.0789,61.0737,60.0750,58.2151,61.5224,61.8142,62.8172,64.8460,64.2573,64.4050,0.0000,0.0000,0.0000,0.0000,0.0000,0.0000,0.0000,0.0000,0.0000,0.0000,0.0000,0.0000
1700000027.600000,-61.8,38.6394,41.0122,44.1022,49.3660,52.9528,56.8858,61.1882,64.1327,68.2495,71.1969,75.1332,74.9667,75.6637,75.8024,74.3303,76.5310,73.5527,72.1734,69.5845,69.3542,66.1891,64.4981,62.2896,61.8142,59.0339,57.7062,52.1728,51.2445,50.5964,48.4665,48.7545,47.4131,48.3735,48.8774,48.8262,50.2195,52.6308,52.4976,53.2635,55.9732,56.8507,58.7963,60.4401,60.4401,64.2028,62.4260,64.6607,67.2309,67.0820,67.5426,67.4166,68.0074,0.0000,0.0000,0.0000,0.0000,0.0000,0.0000,0.0000,0.0000,0.0000,0.0000,0.0000,0.0000
1700000027.650000,-63.6,37.4833,41.6173,46.9574,47.4131,50.0899,59.8080,60.5392,66.8506,70.0071,72.6154,74.6860,70.9366,71.3092,80.9506,80.1311,69.7782,76.3217,71.1196,69.2892,69.8355,72.5603,63.2456,64.8460,63.1348,62.9682,61.3270,51.8941,58.2409,45.3542,47.8017,41.5933,47.0000,46.0109,54.1479,48.0416,54.0370,55.3263,54.3323,55.7315,55.0818,58.3095,61.2046,62.2013,59.0339,62.0000,64.0078,63.0317,64.3817,66.4831,67.2681,67.4463,68.6222,0.0000,0.0000,0.0000,0.0000,0.0000,0.0000,0.0000,0.0000,0.0000,0.0000,0.0000,0.0000
1700000027.700000,-64.3,36.0555,38.0789,40.4475,45.1774,50.0400,52.0000,56.0089,59.0000,64.0000,66.0303,68.0074,71.0000,71.0634,72.1734,69.2604,69.1809,66.1891,65.1920,64.1950,64.2806,61.2944,60.1332,57.0789,58.0086,56.0357,53.0094,48.1664,48.2597,47.5184,45.3542,44.3847,45.8803,45.8803,44.9444,47.4236,48.3011,49.3964,49.7393,51.6236,52.4786,54.7083,55.2268,57.4543,58.1808,59.4811,59.5063,60.0083,61.4654,61.3514,63.0635,63.3482,62.6498,0.0000,0.0000,0.0000,0.0000,0.0000,0.0000,0.0000,0.0000,0.0000,0.0000,0.0000,0.0000
1700000027.750000,-62.1,35.1710,40.3113,42.0119,46.0109,49.0408,54.4518,59.3043,61.2046,64.2806,67.1193,73.1710,72.1110,73.0274,73.0274,72.0069,72.0000,69.0000,67.0075,66.0076,65.0692,63.0714,61.0082,59.0000,58.0345,56.0357,55.0364,51.2445,49.6488,47.8539,45.8803,44.9222,46.1736,45.8803,44.7772,48.3011,49.2443,49.9300,51.3128,53.0000,53.8516,56.0803,57.1402,58.3095,58.3095,60.8276,61.7171,63.1585,64.6220,64.8460,65.8027,65.5134,65.4905,0.0000,0.0000,0.0000,0.0000,0.0000,0.0000,0.0000,0.0000,0.0000,0.0000,0.0000,0.0000
1700000027.800000,-62.1,36.6742,39.5601,42.7551,47.3814,50.2494,55.1453,60.0333,64.0312,67.1193,72.1734,73.1710,75.2396,74.3303,74.4312,72.5603,74.6726,72.6911,69.7209,66.6108,66.7533,64.1327,63.7887,61.8142,59.2115,59.2115,56.1427,52.0096,50.0100,48.3735,48.6621,45.8912,47.0744,46.8402,46.1736,49.3964,49.2443,51.8941,50.9902,53.6656,54.5894,55.4707,56.3560,61.2699,60.4152,60.9262,62.0322,65.1460,66.4831,67.6831,66.2873,66.6108,66.1891,0.0000,0.0000,0.0000,0.0000,0.0000,0.0000,0.0000,0.0000,0.0000,0.0000,0.0000,0.0000
1700000027.850000,-62.4,34.1321,35.4683,39.6232,44.0454,47.8017,50.2195,54.9181,59.9083,63.0079,64.8999,68.0074,68.0074,70.0000,70.4344,70.2922,67.4759,66.7083,62.9682,63.8905,62.3699,60.3075,58.2580,55.0000,56.0357,54.4059,51.8652,48.3735,45.6508,46.0977,43.6578,43.3244,45.3542,43.7379,44.5533,44.2832,46.0977,48.0416,49.0408,51.0098,52.0096,54.0093,55.0364,57.0351,58.1378,58.2151,60.2080,60.5310,62.1691,62.3699,63.8905,64.2573,63.9766,0.0000,0.0000,0.0000,0.0000,0.0000,0.0000,0.0000,0.0000,0.0000,0.0000,0.0000,0.0000
1700000027.900000,-62.5,32.8938,34.9857,39.0512,42.5206,46.6905,50.2494,55.8659,58.6941,62.9365,65.7647,67.1789,67.8970,67.8970,69.3542,68.7677,68.6804,63.7809,63.8905,63.7024,63.1269,61.0737,59.5483,55.9017,55.8659,55.1543,51.7397,47.0106,46.4004,45.4863,44.7772,44.2945,45.1885,43.6578,44.2719,44.6430,47.0744,47.8539,47.8539,51.7880,52.7731,54.7449,54.7449,58.0517,56.0892,57.4891,59.2030,60.7289,62.0322,63.1585,63.9766,64.4981,63.8201,0.0000,0.0000,0.0000,0.0000,0.0000,0.0000,0.0000,0.0000,0.0000,0.0000,0.0000,0.0000
1700000027.950000,-63.2,37.6962,40.0250,44.0454,49.0918,53.0000,57.0000,61.0737,64.0078,67.0000,71.0070,75.0067,75.0600,77.0584,75.1066,76.2365,76.2365,71.1758,70.2567,68.2642,68.1175,66.2722,63.1981,62.2013,59.0339,59.0762,55.0364,54.1479,52.2398,49.4975,47.8539,45.3542,47.4342,45.8803,46.6154,47.8539,50.6063,52.4786,53.8516,53.8516,55.2268,56.9386,58.3095,61.9112,60.9016,63.0635,63.5059,64.4748,66.8506,69.2604,69.1231,68.8840,69.4622,0.0000,0.0000,0.0000,0.0000,0.0000,0.0000,0.0000,0.0000,0.0000,0.0000,0.0000,0.0000
1700000028.000000,-58.3,34.9285,39.5601,44.2945,46.3249,52.6973,53.2541,56.6127,63.6003,66.0303,70.8025,74.6324,74.6324,74.6324,76.0066,73.5731,74.9466,72.2011,70.2353,66.8880,66.7308,65.3682,64.1405,61.0574,59.9083,59.0762,54.4059,51.2250,50.4480,47.3814,45.9674,45.3431,46.6154,46.0435,47.0106,48.3011,48.3322,49.7695,51.0784,54.2310,55.1543,56.4624,57.3847,61.3270,60.4152,62.1691,63.5295,65.3682,65.1920,66.6108,67.6240,68.0147,68.0147,0.0000,0.0000,0.0000,0.0000,0.0000,0.0000,0.0000,0.0000,0.0000,0.0000,0.0000,0.0000
1700000028.050000,-60.9,33.9559,34.1760,38.5876,42.7200,48.0104,49.4065,54.2033,57.6281,61.4003,64.8151,67.4240,68.2422,69.6348,69.8928,67.9559,70.1783,66.5733,64.1405,64.8999,61.5873,61.5873,58.5235,55.7584,55.2178,53.0094,50.0000,47.5079,45.9674,43.1856,42.0119,41.4005,42.7200,43.4166,43.3820,43.6578,45.8803,46.4866,46.8188,50.5964,49.3356,52.4976,52.4976,57.2451,55.3624,57.9396,58.3095,59.5063,60.3738,62.2656,62.4260,62.8013,63.0317,0.0000,0.0000,0.0000,0.0000,0.0000,0.0000,0.0000,0.0000,0.0000,0.0000,0.0000,0.0000
1700000028.100000,-65.9,34.1321,36.4006,42.2019,45.8912,48.5077,51.1566,57.1402,60.2080,65.2763,67.3647,69.3542,70.5762,72.8354,72.9931,71.8053,71.3863,68.2495,65.5134,66.4906,65.3070,61.6117,60.6383,57.2713,57.7062,56.7186,52.3450,49.0918,48.0937,46.0000,46.1736,45.1774,44.5533,44.1475,45.6070,46.1736,46.6154,47.9270,49.7695,51.4781,52.3927,54.6260,55.9464,59.2368,59.6154,60.7454,59.7746,62.6418,63.5610,65.9242,64.4981,65.1230,65.0077,0.0000,0.0000,0.0000,0.0000,0.0000,0.0000,0.0000,0.0000,0.0000,0.0000,0.0000,0.0000
1700000028.150000,-61.6,33.6155,35.4683,40.0250,44.9110,50.2494,53.3385,58.2151,61.4003,66.4831,68.4690,70.4557,73.8241,73.6817,74.1485,71.5891,74.3303,70.4060,69.6348,66.4906,64.9384,64.3273,61.9839,61.9839,56.4358,56.4358,53.3385,50.0100,50.0000,45.0999,46.2709,44.5533,46.3249,46.1736,45.5412,47.1699,50.5668,50.5371,53.2353,53.7122,56.4358,59.0593,58.1378,61.2944,59.5063,62.2415,61.4654,65.7875,67.3573,66.9403,66.2873,66.6108,68.1175,0.0000,0.0000,0.0000,0.0000,0.0000,0.0000,0.0000,0.0000,0.0000,0.0000,0.0000,0.0000
1700000028.200000,-63.4,31.8277,35.2278,38.4708,43.0813,46.8188,52.2015,58.2409,60.7289,64.5136,63.5689,69.2892,70.5762,70.9366,69.0797,69.8570,69.8570,68.0294,64.8845,63.5610,62.7694,61.3270,59.2368,56.4624,55.3624,54.7814,53.1413,50.0100,46.8722,47.3814,43.1045,43.0116,44.0114,44.1814,44.4072,46.8722,47.2969,49.4773,49.7293,50.9608,53.4509,53.8516,58.2409,58.9406,60.6383,60.4152,61.0000,63.7887,65.2763,64.1249,65.0000,65.1230,65.7647,0.0000,0.0000,0.0000,0.0000,0.0000,0.0000,0.0000,0.0000,0.0000,0.0000,0.0000,0.0000
1700000028.250000,-60.3,33.9706,37.4433,41.1461,45.1885,49.3964,51.5461,55.3624,60.0833,65.1920,68.0074,69.6419,70.9366,71.6938,69.8570,71.5891,70.2638,68.4471,65.7419,66.2118,64.8460,63.0635,62.1691,56.7979,59.2368,55.5428,52.2015,50.0000,47.5395,47.0744,43.4166,45.0999,45.0444,46.0109,46.0435,47.3814,48.6621,49.0306,50.6360,54.9181,55.9017,57.0701,58.2495,59.8415,60.6712,62.3939,61.2046,64.1249,67.0000,66.0681,66.2722,65.7647,65.9697,0.0000,0.0000,0.0000,0.0000,0.0000,0.0000,0.0000,0.0000,0.0000,0.0000,0.0000,0.0000
1700000028.300000,-63.7,36.2491,36.8917,42.5206,45.3431,49.4975,55.9017,60.2080,62.2896,68.0147,67.2086,73.5527,74.2496,73.6614,73.5935,73.1095,73.5935,72.9178,67.4759,68.0147,65.8559,64.6607,62.3699,59.4643,59.4138,56.5862,55.8659,51.8556,49.2037,47.4342,45.2769,43.8292,46.2385,44.9444,46.1736,48.7647,48.2701,52.1728,53.1507,54.1295,54.9181,56.8858,59.0339,62.5859,62.5859,62.8172,63.3246,67.3573,66.8506,68.4471,67.1193,66.8880,67.2012,0.0000,0.0000,0.0000,0.0000,0.0000,0.0000,0.0000,0.0000,0.0000,0.0000,0.0000,0.0000
1700000028.350000,-61.5,33.6006,36.0694,39.0512,43.8292,49.3964,52.8394,56.4358,60.0333,66.2420,66.3702,69.9714,72.4017,71.2811,71.2811,70.2140,71.8471,69.0652,67.2012,63.6003,63.8201,61.4003,58.2495,58.2495,54.7083,54.7083,53.3385,50.0899,47.5395,45.2217,45.3542,43.4166,44.5533,44.5533,45.0999,47.0106,49.0000,50.1597,51.0882,52.0865,55.1453,56.0803,58.1378,60.1332,59.0085,61.0000,61.0737,64.1249,65.3758,65.9242,66.0984,66.4831,65.7875,0.0000,0.0000,0.0000,0.0000,0.0000,0.0000,0.0000,0.0000,0.0000,0.0000,0.0000,0.0000
1700000028.400000,-59.9,32.1403,36.0555,39.4588,43.1741,46.5725,50.2892,56.9210,57.8705,63.8905,65.5210,68.6804,70.8802,70.3420,69.6348,69.2315,69.6348,67.2681,64.7765,64.5368,63.1506,60.8276,59.0339,57.8705,56.0446,54.1202,50.0000,47.4342,46.5188,44.2945,45.2769,43.8292,44.4072,43.1856,45.2769,44.5982,48.2701,49.0408,50.0000,52.8015,52.8015,54.8179,57.6281,59.6657,60.2080,59.4138,61.5224,63.0317,65.4370,65.0000,66.2873,67.2309,64.8845,0.0000,0.0000,0.0000,0.0000,0.0000,0.0000,0.0000,0.0000,0.0000,0.0000,0.0000,0.0000
1700000028.450000,-60.5,32.0156,33.1361,39.2938,41.2311,46.1736,48.7032,55.1543,58.8727,62.0322,64.2573,66.7308,68.0074,68.6222,67.6757,67.7200,68.6804,64.5601,64.5601,62.9365,61.6847,60.1664,58.8218,54.4059,53.8516,52.9245,49.7695,47.4131,45.6508,43.8292,43.8292,40.3609,41.0366,42.5206,42.6380,43.4166,47.7074,46.3249,48.5489,51.1077,51.1077,54.2033,53.0000,58.8303,55.7584,59.0762,58.8218,62.4820,60.9590,63.6553,62.2415,62.3699,62.2013,0.0000,0.0000,0.0000,0.0000,0.0000,0.0000,0.0000,0.0000,0.0000,0.0000,0.0000,0.0000
1700000028.500000,-60.4,33.7343,35.7351,39.4462,45.7930,47.4342,50.8035,55.0000,59.2030,63.6003,67.2012,69.4046,69.8928,72.4017,71.2811,72.2011,70.1783,68.0955,65.8635,65.8635,63.1348,61.7738,59.6825,56.0803,54.9181,54.9181,51.0392,48.4149,46.2277,45.2769,42.5206,42.6380,43.2666,43.5660,43.4166,44.7214,45.6946,47.5395,49.3964,51.2640,51.5461,54.4243,54.7814,59.2368,58.3095,59.0931,58.1378,62.2656,64.6607,63.8201,63.0079,64.5368,65.0692,0.0000,0.0000,0.0000,0.0000,0.0000,0.0000,0.0000,0.0000,0.0000,0.0000,0.0000,0.0000
1700000028.550000,-62.5,33.8378,36.7967,41.7732,46.4004,50.4777,52.1536,59.1693,61.5873,65.8635,69.3397,71.0282,71.8471,73.6003,72.0069,70.6045,71.4003,68.4105,67.6240,66.2193,67.2012,62.6259,62.8013,59.0762,58.5235,56.8595,53.0000,47.8539,47.9270,47.1699,46.1736,43.4166,44.7214,44.2832,46.0977,47.0106,49.0000,51.0098,51.0392,54.0370,54.1479,56.1427,56.2228,61.0328,59.0085,62.0000,63.0714,66.1211,66.2722,67.8970,66.7083,67.7200,66.8506,0.0000,0.0000,0.0000,0.0000,0.0000,0.0000,0.0000,0.0000,0.0000,0.0000,0.0000,0.0000
1700000028.600000,-60.4,32.0156,35.5106,39.2938,45.5412,46.6154,51.4781,55.5428,59.5063,61.3270,64.4748,68.1542,69.4622,70.9366,70.0071,70.5195,68.3081,68.9638,64.5601,65.1460,61.6847,60.1664,57.8705,54.0833,55.1543,52.9245,51.4781,47.8539,44.4185,46.0435,41.4005,42.5206,43.1393,45.2769,42.6380,45.8039,45.4863,48.0208,49.3964,53.2353,52.8394,51.1077,57.4543,57.9828,60.2080,59.6406,59.8164,61.0737,63.0317,62.2415,63.6553,65.2993,64.6375,0.0000,0.0000,0.0000,0.0000,0.0000,0.0000,0.0000,0.0000,0.0000,0.0000,0.0000,0.0000
1700000028.650000,-63.4,33.0606,36.1248,39.8121,44.6430,47.1275,48.7032,55.7136,58.5235,62.0322,65.7875,66.7308,69.5701,71.1688,69.6419,68.8840,70.3420,65.7343,64.5368,62.8172,62.5859,60.0167,59.4390,57.2713,54.4059,52.4976,50.0000,46.4866,47.4236,43.4166,42.1900,40.8044,41.8688,42.5206,42.4264,44.5982,47.5079,48.4149,50.0000,52.2015,53.6004,54.8179,55.6058,58.8982,57.4891,59.4138,59.4138,60.8769,63.2535,63.6003,63.8201,64.1405,63.9766,0.0000,0.0000,0.0000,0.0000,0.0000,0.0000,0.0000,0.0000,0.0000,0.0000,0.0000,0.0000
1700000028.700000,-62.4,34.0147,37.3631,40.1123,44.0454,48.0104,51.0392,57.0351,59.0762,63.0714,66.0076,69.0072,70.0000,72.0069,72.0278,69.1158,70.1783,67.1863,66.2722,65.1230,64.1249,62.2013,59.0762,56.1427,55.0000,55.0091,52.0000,48.0937,45.2769,44.7214,43.9318,41.4849,42.7200,43.8634,43.8292,44.4185,46.3249,48.5489,49.0918,51.0392,52.4309,54.0833,53.8238,58.5235,57.6888,59.1693,59.5399,61.7414,63.1585,64.2573,66.4078,64.0312,64.7765,0.0000,0.0000,0.0000,0.0000,0.0000,0.0000,0.0000,0.0000,0.0000,0.0000,0.0000,0.0000
1700000028.750000,-62.6,33.9559,37.1214,40.0500,44.2832,46.5296,52.9528,56.8858,59.4390,63.9531,67.2681,69.7209,70.8590,71.7008,71.5681,71.3442,70.3491,68.2642,66.1891,64.3817,64.3817,62.2013,59.3043,57.2189,56.7186,53.6004,51.9711,47.8017,45.5412,45.3100,42.9535,44.2945,44.6542,44.2041,43.2782,45.9674,47.3814,48.0833,51.8556,52.4023,54.4885,55.9017,58.0000,60.1082,59.3970,60.8276,61.6198,63.8905,65.6049,64.6375,65.8635,66.1891,65.9242,0.0000,0.0000,0.0000,0.0000,0.0000,0.0000,0.0000,0.0000,0.0000,0.0000,0.0000,0.0000
1700000028.800000,-63.6,33.2415,36.7151,39.4081,43.4166,47.3814,53.7401,58.6941,60.8112,62.9365,65.7647,70.0357,70.0071,70.0928,71.5891,69.0290,70.9366,68.7677,67.8012,68.4105,64.2028,62.0081,60.0000,56.8507,57.3149,54.4885,52.3259,47.5079,44.0454,45.2217,43.9090,41.6773,43.8634,42.3792,43.0116,43.6807,47.0744,48.6621,49.6488,51.6236,54.7449,54.7449,58.8558,60.2080,60.4152,62.0967,61.6847,63.3246,64.6220,64.0781,67.0820,65.3682,66.6108,0.0000,0.0000,0.0000,0.0000,0.0000,0.0000,0.0000,0.0000,0.0000,0.0000,0.0000,0.0000
1700000028.850000,-62.9,33.2415,34.9285,38.4838,43.8292,48.5489,52.4786,55.7584,61.5873,62.6498,66.2873,69.3397,72.7186,72.2011,73.0616,70.6612,71.5542,69.3181,67.5426,66.1891,63.0635,61.7171,60.8276,55.9464,56.3028,54.0833,51.8652,48.6004,45.4533,45.2769,41.0366,42.0119,43.6005,44.6542,45.1774,46.9574,46.2385,49.3964,51.8652,54.0833,55.0273,55.3624,59.8080,58.8727,59.6154,62.1691,60.8276,64.4127,64.6607,64.6607,66.6108,65.4370,64.3506,0.0000,0.0000,0.0000,0.0000,0.0000,0.0000,0.0000,0.0000,0.0000,0.0000,0.0000,0.0000
1700000028.900000,-63.1,33.0606,33.9559,39.9249,43.8292,47.0106,49.7393,54.3783,59.1693,61.4003,63.1348,68.4251,66.7308,70.6612,70.2140,68.4471,68.8767,65.3070,63.5610,63.0714,62.1691,59.5063,58.1378,54.1295,55.9464,52.3546,49.7393,46.0435,44.8219,42.4500,41.7253,41.7253,41.4005,43.0116,43.0465,44.7214,45.6180,47.0106,49.2443,50.1597,52.9245,54.7814,54.2310,59.0339,58.6003,59.4811,60.4152,59.6825,62.1289,62.8013,65.9469,63.6396,64.5368,0.0000,0.0000,0.0000,0.0000,0.0000,0.0000,0.0000,0.0000,0.0000,0.0000,0.0000,0.0000
1700000028.950000,-62.6,37.0135,37.5366,40.2244,47.7074,49.7393,55.9017,58.5918,63.0635,68.8840,69.7782,72.4500,74.7061,75.6637,73.8241,74.6257,74.0945,72.4017,68.5055,67.9559,65.4599,63.8201,61.5873,59.1693,59.0593,58.5918,52.3259,49.7695,46.2385,47.1275,44.9110,44.4072,45.3982,45.0999,45.0111,51.0392,47.1699,50.3587,51.4781,53.7587,57.5587,57.3149,59.5399,61.4003,62.2896,62.1289,64.0000,65.0077,67.0671,67.1863,67.4759,68.2495,69.3758,0.0000,0.0000,0.0000,0.0000,0.0000,0.0000,0.0000,0.0000,0.0000,0.0000,0.0000,0.0000
1700000029.000000,-62.2,33.8378,38.2099,42.0119,46.0435,51.2445,54.5894,59.5399,62.8013,67.7422,70.4557,74.5453,75.4255,76.2365,78.1025,75.0067,75.0600,71.1126,69.0072,68.0074,67.0075,66.0000,64.0078,59.0762,59.1354,58.2151,54.3323,49.8197,46.8722,46.8402,46.6154,44.3847,45.1774,44.4185,46.3249,47.8017,49.6790,51.7397,52.4023,55.9732,57.3847,58.7963,60.2080,63.2535,64.6607,64.4050,65.2150,65.5134,70.7107,69.7711,70.3847,69.5701,69.1231,0.0000,0.0000,0.0000,0.0000,0.0000,0.0000,0.0000,0.0000,0.0000,0.0000,0.0000,0.0000
1700000029.050000,-63.8,33.6155,37.6563,39.2046,44.1022,49.0102,54.0370,58.0775,61.0328,65.0077,66.0076,70.0286,70.0071,73.0274,73.0069,73.1710,70.1142,69.1158,65.1230,66.1211,66.0681,62.1289,59.0762,56.0089,57.0088,53.0094,53.0377,47.5184,45.3982,44.9110,42.7200,43.6578,43.4626,43.8292,47.0106,44.6542,47.2017,50.6063,51.2250,52.4976,54.6717,55.4437,58.2580,59.0339,62.0081,62.2013,62.1289,64.1405,64.4981,64.4050,67.6240,66.7308,66.4831,0.0000,0.0000,0.0000,0.0000,0.0000,0.0000,0.0000,0.0000,0.0000,0.0000,0.0000,0.0000
1700000029.100000,-61.4,33.3766,35.1710,40.3113,44.2945,48.8774,52.6973,55.7584,59.3633,61.5873,66.0379,69.8928,70.7248,69.6419,72.0694,70.2140,70.2140,67.9779,64.4050,65.7419,63.9531,60.8358,59.0339,57.7062,55.2268,53.8516,50.7740,47.4342,44.0454,44.5982,42.4500,41.0366,43.6005,45.2217,43.0465,44.7214,47.0106,48.1041,49.3964,52.2015,52.9245,56.0803,58.6941,60.4152,59.5063,60.9016,60.0333,64.3506,63.8201,65.6049,66.2193,64.3817,65.1920,0.0000,0.0000,0.0000,0.0000,0.0000,0.0000,0.0000,0.0000,0.0000,0.0000,0.0000,0.0000
1700000029.150000,-61.1,31.9531,36.3593,38.6005,44.0454,46.0109,52.3450,57.3149,60.8276,63.6553,64.3506,69.2965,70.0071,70.0357,70.0928,72.4707,68.6804,68.0147,64.6607,65.2993,62.4820,59.6657,58.8982,55.2268,54.4518,54.4518,52.3450,47.6340,43.4166,44.9444,44.2945,41.1461,40.8534,42.3792,43.6807,43.9318,46.5296,49.2544,49.3660,50.3587,54.3323,54.3323,58.6941,58.8558,61.0000,60.0167,60.8769,62.6418,64.1950,64.2573,64.8845,65.7419,63.8122,0.0000,0.0000,0.0000,0.0000,0.0000,0.0000,0.0000,0.0000,0.0000,0.0000,0.0000,0.0000
1700000029.200000,-57.0,34.0588,36.2353,38.0789,43.4166,49.1935,51.0784,59.2368,60.5392,66.3099,68.5420,71.5891,72.0902,71.5891,72.4500,70.7107,71.5542,68.8840,67.1193,65.7647,64.4127,62.6498,60.8276,59.0339,55.5428,54.2310,52.2015,48.3839,46.3249,43.5660,45.1774,42.0476,43.0116,43.1856,43.2897,45.7056,48.0521,48.7647,50.6952,53.8516,54.1202,57.9741,57.0088,62.8172,62.5859,60.4152,61.9839,64.3817,67.2681,68.0294,67.0075,68.1836,65.7647,0.0000,0.0000,0.0000,0.0000,0.0000,0.0000,0.0000,0.0000,0.0000,0.0000,0.0000,0.0000
1700000029.250000,-61.9,35.0571,38.0526,41.5933,45.3542,50.2892,54.7814,59.8080,62.9682,67.4166,69.8928,73.3894,74.0000,74.0405,74.0405,73.0069,73.7631,71.5681,67.9117,68.8840,64.7611,64.3273,62.8172,58.6941,56.6127,56.6127,53.4883,50.1597,46.5188,45.2769,43.0116,44.0454,43.2782,43.1393,45.2769,47.0106,48.6004,50.2494,51.8652,54.3783,56.0803,58.5235,59.3633,61.2944,61.8547,64.8151,63.7809,67.9412,66.4680,68.6222,68.1175,68.8186,68.0955,0.0000,0.0000,0.0000,0.0000,0.0000,0.0000,0.0000,0.0000,0.0000,0.0000,0.0000,0.0000
1700000029.300000,-57.5,34.8855,35.4401,40.4475,44.2832,47.0425,53.0094,57.0000,62.0000,66.0303,67.0000,70.0000,71.0070,73.0069,74.0608,71.3442,73.2462,69.1809,68.2642,66.3702,64.2806,61.4003,62.2896,57.2189,56.0089,55.0091,52.0096,49.1630,46.3897,44.5533,43.9659,42.3792,43.8634,42.4853,43.4166,46.1411,48.0104,49.2037,51.2250,54.0370,54.8179,55.6058,57.0088,60.4401,60.2163,62.1289,61.4003,64.4981,66.1891,66.7083,68.5420,66.0984,66.4906,0.0000,0.0000,0.0000,0.0000,0.0000,0.0000,0.0000,0.0000,0.0000,0.0000,0.0000,0.0000
1700000029.350000,-61.3,33.0606,38.0526,39.8121,45.8803,48.7032,51.8652,57.0088,60.5392,64.5136,65.5515,70.2282,72.1110,74.3303,72.7324,73.3757,71.1688,71.8401,67.1863,66.0984,65.0000,62.0967,61.1310,55.7853,56.0803,54.7814,52.0000,49.6488,45.6508,46.3249,41.6173,41.2311,43.1393,43.1393,43.2782,46.4004,46.8722,48.3735,49.7393,52.7731,57.8014,55.7584,58.3095,59.6825,59.9083,61.0328,62.2013,64.6607,65.8559,66.4680,67.9412,66.8431,67.6757,0.0000,0.0000,0.0000,0.0000,0.0000,0.0000,0.0000,0.0000,0.0000,0.0000,0.0000,0.0000
1700000029.400000,-61.5,35.9026,37.1618,40.3113,46.3249,50.6063,55.4437,60.9590,63.0317,68.7677,68.8840,74.6525,74.6525,74.8131,75.8024,74.3303,76.0263,71.0282,69.8928,68.8186,68.2422,63.5138,62.6817,60.4649,59.0339,56.2228,55.9732,52.3259,48.1041,45.4533,46.0435,45.4863,45.1774,47.4236,45.3100,48.7032,49.0408,52.6308,52.6308,55.5428,57.4891,59.6657,60.4152,63.0635,63.6003,66.7608,65.4599,66.8506,68.0294,69.3181,68.6003,69.0652,68.8840,0.0000,0.0000,0.0000,0.0000,0.0000,0.0000,0.0000,0.0000,0.0000,0.0000,0.0000,0.0000
1700000029.450000,-61.3,35.3553,35.8050,38.0789,44.3847,48.7032,52.8110,56.3205,60.7289,66.0984,67.0522,69.8928,73.3894,71.8679,70.9366,70.3847,71.3092,69.0797,64.4748,65.9242,64.4748,61.3270,58.3095,57.5847,55.6597,53.7587,51.9230,46.6905,44.4072,44.1814,42.0000,42.0476,42.2966,42.7551,43.1741,47.4342,47.4342,48.4665,50.3289,52.5547,55.1543,56.0803,58.6941,58.8727,59.8080,61.3514,61.6847,64.2884,66.4906,65.9242,66.3702,68.0294,67.0298,0.0000,0.0000,0.0000,0.0000,0.0000,0.0000,0.0000,0.0000,0.0000,0.0000,0.0000,0.0000
1700000029.500000,-60.7,32.8024,35.4683,37.4433,42.5441,46.9574,54.2310,57.3847,59.2368,63.9766,63.5610,70.2638,70.7743,71.1126,70.6612,71.1969,69.8355,68.6003,63.8122,65.8635,61.4003,60.5392,60.0333,55.4707,55.0364,54.6260,52.9245,47.7598,45.8803,43.9318,43.4166,42.2966,41.0122,44.0454,43.2897,46.3897,45.5412,50.0100,51.6624,54.5711,55.7853,56.5155,58.4637,59.4390,61.8142,63.5059,63.3877,64.2806,66.0303,65.0000,66.1211,67.4759,67.4685,0.0000,0.0000,0.0000,0.0000,0.0000,0.0000,0.0000,0.0000,0.0000,0.0000,0.0000,0.0000
1700000029.550000,-62.3,32.0156,34.0147,38.5876,43.0116,46.0977,51.8556,55.9017,60.9590,64.5368,66.0681,70.2922,69.6563,72.0069,72.0069,71.6101,70.2140,67.4240,67.6757,65.2150,64.6375,61.5873,58.0086,56.6127,54.6717,54.0370,49.5782,46.6690,47.4236,43.4166,44.6542,42.5441,44.2832,44.3847,44.5982,46.4866,47.0744,50.8035,51.9711,54.9181,55.1090,57.4891,59.4390,61.1310,63.3246,60.7289,62.6259,63.3246,67.1193,65.7647,67.2309,67.9559,67.6240,0.0000,0.0000,0.0000,0.0000,0.0000,0.0000,0.0000,0.0000,0.0000,0.0000,0.0000,0.0000
1700000029.600000,-64.2,33.2415,35.9026,39.0512,43.0116,48.0416,50.0899,57.2189,59.1354,62.1289,68.1836,70.1783,69.1809,71.0634,71.0634,69.0290,71.0070,68.0294,66.0681,63.0079,65.0692,60.0333,59.0085,57.0000,56.0803,56.0803,51.1566,47.2652,45.1221,43.4166,43.3244,41.4367,43.3820,42.5441,44.4185,46.0435,47.0106,48.9183,50.9902,51.0882,53.9073,54.6717,59.0339,61.2209,62.0081,61.2944,61.5873,64.4981,65.2993,66.2118,65.9242,65.4599,63.7887,0.0000,0.0000,0.0000,0.0000,0.0000,0.0000,0.0000,0.0000,0.0000,0.0000,0.0000,0.0000
1700000029.650000,-65.4,34.1321,36.2491,40.0250,44.7214,47.2652,53.2353,57.0351,62.0322,65.1230,67.1863,71.4493,73.4370,74.6726,73.8241,73.6817,71.8471,70.8590,67.2681,65.9242,64.6297,63.7887,61.5224,56.5685,56.2228,53.2353,53.1507,49.0102,46.0977,45.2769,42.5793,43.4166,43.6578,42.9535,44.7214,46.1411,47.0106,50.4777,52.4309,54.0833,56.6127,56.3028,59.0762,59.9083,62.4340,61.9112,63.1348,64.8460,67.6240,66.7308,67.7200,68.8840,67.6018,0.0000,0.0000,0.0000,0.0000,0.0000,0.0000,0.0000,0.0000,0.0000,0.0000,0.0000,0.0000
1700000029.700000,-64.3,32.4500,33.9706,39.0512,42.2019,47.1699,50.6063,54.2033,58.6686,61.4003,66.7308,67.1193,69.3542,71.3442,70.3278,69.0652,68.5055,66.2873,63.8201,62.9682,63.8201,60.2163,58.5235,54.9181,53.3385,52.3546,49.6588,45.6946,43.6578,43.0116,41.5933,40.6079,43.1856,42.0476,43.0000,43.1045,45.3982,49.8197,49.6488,51.7880,53.7587,53.7587,56.8858,58.5491,59.4138,61.1310,61.0328,63.0079,64.0078,63.1269,65.2763,63.9531,64.2884,0.0000,0.0000,0.0000,0.0000,0.0000,0.0000,0.0000,0.0000,0.0000,0.0000,0.0000,0.0000
1700000029.750000,-60.5,32.2490,34.7131,39.6232,44.0454,46.6154,50.4777,55.2268,58.5235,62.9682,64.3506,68.2422,69.6348,70.2140,69.2026,68.8840,66.2193,67.0075,63.2535,64.8151,61.7171,59.5483,58.2580,53.2635,54.0833,52.4309,49.0918,44.7772,43.8634,43.4626,40.1622,41.2311,42.9535,42.2966,43.1856,43.0116,45.0111,47.0106,50.0400,52.0865,54.0370,53.0848,56.0803,58.0000,62.0000,61.0328,61.1310,62.3939,63.6396,64.3273,65.9697,65.1460,63.9766,0.0000,0.0000,0.0000,0.0000,0.0000,0.0000,0.0000,0.0000,0.0000,0.0000,0.0000,0.0000
1700000029.800000,-59.5,32.1403,37.0135,40.4475,43.4166,48.3839,50.9215,57.0088,61.0983,63.9062,66.1287,70.8378,71.7844,72.4224,72.1249,72.0347,71.5681,70.6045,66.7083,68.1542,63.0635,62.0967,60.4401,57.9741,57.5847,55.3624,51.6236,47.8539,46.1411,44.1022,42.8019,42.5206,44.5533,44.6878,43.6005,46.0435,48.0208,49.7393,50.6063,52.3546,56.0803,55.5698,58.6686,61.5873,60.2080,62.6817,63.6003,65.4370,65.9469,67.8970,68.6222,66.8431,68.2422,0.0000,0.0000,0.0000,0.0000,0.0000,0.0000,0.0000,0.0000,0.0000,0.0000,0.0000,0.0000
1700000029.850000,-60.9,34.6554,38.6005,41.5933,44.9444,50.5964,53.6004,58.6941,62.5859,67.9117,69.1231,71.8401,74.0405,75.2861,75.8947,73.7360,72.4500,70.2282,69.2892,67.0671,67.4166,64.0781,62.9682,59.8080,58.5235,56.3205,53.6004,49.0306,47.6760,46.1736,43.0000,43.0116,43.2897,44.5533,44.1475,45.8803,49.0408,52.5547,51.6236,54.2310,56.0803,57.3847,60.7454,63.9062,62.2977,65.8027,64.2884,67.4685,68.8840,69.3542,69.1158,70.0000,69.2604,0.0000,0.0000,0.0000,0.0000,0.0000,0.0000,0.0000,0.0000,0.0000,0.0000,0.0000,0.0000
1700000029.900000,-67.7,34.2053,35.4683,40.2244,44.2945,48.7545,50.9902,58.3095,60.1664,67.6240,69.3542,70.6824,72.4983,74.2496,74.6860,72.7186,72.4707,68.0955,68.7968,66.7308,66.0379,62.7694,60.9016,57.3062,56.8595,55.0364,51.4781,49.0408,46.1736,43.9659,43.5660,43.2897,43.1045,44.0000,44.0454,46.3897,49.6488,51.1957,51.9711,55.9017,55.5428,58.0517,59.0339,63.6396,62.6498,63.3877,64.1950,66.0681,67.0000,68.1175,68.2642,67.7422,68.8840,0.0000,0.0000,0.0000,0.0000,0.0000,0.0000,0.0000,0.0000,0.0000,0.0000,0.0000,0.0000
1700000029.950000,-62.7,33.2415,35.7771,37.2022,43.2782,46.6905,53.0377,55.8659,59.4643,61.5224,63.6553,70.7248,71.4213,72.1803,70.1783,71.8401,68.2495,67.6240,64.2028,66.0681,63.8905,61.0737,58.7963,55.4437,55.9732,53.0377,48.7955,46.0977,44.6878,45.2217,40.8167,42.9418,43.4626,43.6578,44.3847,45.8912,43.5660,49.8197,51.6236,52.6118,53.6004,55.5788,58.6941,59.4390,62.3699,63.0635,60.8769,61.9839,63.3246,63.5610,65.3682,65.1920,66.2193,0.0000,0.0000,0.0000,0.0000,0.0000,0.0000,0.0000,0.0000,0.0000,0.0000,0.0000,0.0000
1700000030.000000,-61.6,35.7351,37.4833,40.0000,44.1814,47.3814,52.6118,57.5587,61.8142,66.9104,68.2495,71.8471,72.0069,74.6726,72.6911,72.2496,71.2531,70.1783,67.1193,67.2681,65.1920,65.1920,61.2046,58.3095,57.8705,53.6004,51.6236,48.7647,46.4866,44.0114,42.4853,42.5441,42.4382,42.8019,43.9318,45.9674,46.6690,49.6790,50.9902,52.4976,54.8179,56.6392,57.3149,60.1415,60.1082,62.2254,63.0317,63.8905,65.4370,65.8027,68.5055,67.2309,67.1193,0.0000,0.0000,0.0000,0.0000,0.0000,0.0000,0.0000,0.0000,0.0000,0.0000,0.0000,0.0000
1700000030.050000,-65.3,36.4006,38.6394,40.0500,47.0000,51.0882,54.2310,60.2993,63.3877,67.2681,69.4622,74.2428,75.3260,76.2365,76.1643,75.0067,75.0600,74.0270,71.0070,69.0652,68.0000,63.0317,62.0725,60.0333,58.2151,57.3149,54.3323,50.2195,47.5395,44.9444,44.3847,46.0652,43.9090,46.0435,44.8219,47.6340,47.4236,52.3259,53.0377,54.4885,57.2800,57.3149,59.3970,62.2254,64.3817,64.4438,64.6607,67.0075,68.2422,68.7968,70.3278,69.3542,69.6419,0.0000,0.0000,0.0000,0.0000,0.0000,0.0000,0.0000,0.0000,0.0000,0.0000,0.0000,0.0000
1700000030.100000,-61.4,35.8050,36.0694,39.4081,44.7772,49.1935,55.0364,58.6941,62.2415,66.3099,67.5426,73.3485,74.2496,75.1332,74.7061,74.7930,75.6637,73.0616,70.7107,68.4763,66.7308,62.7694,61.7738,59.5399,57.6975,55.4617,54.2310,51.5461,47.5395,47.0744,44.4072,44.1022,47.0106,46.0109,46.2709,48.3735,49.6488,53.3667,54.1295,55.5428,57.4891,60.6383,60.2080,64.5368,64.1327,66.4831,66.2722,68.1175,70.0071,71.0282,71.1126,70.8590,68.6586,0.0000,0.0000,0.0000,0.0000,0.0000,0.0000,0.0000,0.0000,0.0000,0.0000,0.0000,0.0000
1700000030.150000,-61.3,31.6228,31.7805,36.6879,41.2311,44.7214,49.2544,55.3263,57.4282,62.3939,63.6396,67.6018,68.5930,70.2140,70.4060,67.9117,68.2495,66.4906,65.0000,63.3482,62.5859,59.9083,58.0517,54.1295,54.4518,52.4690,50.2494,45.0111,43.0465,42.1900,42.7551,40.6079,39.5601,41.7852,42.1545,44.2945,46.5296,47.7074,49.0918,51.3128,53.5350,54.9181,55.4707,59.5399,59.0593,61.2944,61.2699,62.2415,62.9682,64.1950,65.0000,66.2873,65.2763,0.0000,0.0000,0.0000,0.0000,0.0000,0.0000,0.0000,0.0000,0.0000,0.0000,0.0000,0.0000
1700000030.200000,-61.8,34.0588,37.1214,38.8330,44.3847,47.1699,53.8516,57.6975,59.2368,66.7083,67.7791,70.3847,72.8011,72.8011,74.6726,73.3757,71.5122,70.8378,66.7308,65.8027,64.8460,61.4003,61.6847,56.3028,56.0803,55.1543,54.1295,48.0208,45.2769,46.0435,41.8688,43.9318,43.8406,43.9318,43.4166,46.3249,48.5489,49.6488,49.6488,53.2353,56.8243,58.1378,59.9416,60.9016,62.7694,61.5873,64.6375,65.0000,67.4759,65.8559,66.4680,68.1175,67.2012,0.0000,0.0000,0.0000,0.0000,0.0000,0.0000,0.0000,0.0000,0.0000,0.0000,0.0000,0.0000
1700000030.250000,-60.5,33.2866,34.0588,40.4599,42.8019,47.7074,50.2494,56.4358,60.4152,64.4981,65.8635,71.3442,70.1783,70.7248,71.2811,68.6003,70.2140,68.6003,67.6240,65.0000,63.6003,59.8164,59.6406,55.8032,54.0833,53.2541,51.6236,46.0652,44.7772,42.7200,41.4849,41.9762,41.3038,43.1045,43.0116,45.0111,49.0408,50.1597,51.2445,53.3385,54.4518,57.2189,57.1402,61.1310,59.0085,59.0085,62.0081,66.1211,65.3758,65.7647,65.9697,66.4831,63.3246,0.0000,0.0000,0.0000,0.0000,0.0000,0.0000,0.0000,0.0000,0.0000,0.0000,0.0000,0.0000
1700000030.300000,-60.5,34.0000,33.3017,38.6005,41.6173,46.6476,49.2443,53.2353,57.2451,59.5399,66.2420,67.6018,68.0955,69.6419,68.6003,68.2422,69.6419,66.0379,64.6375,62.9682,61.5873,59.3633,57.9828,52.6973,53.7122,50.1199,48.3011,44.9444,44.2719,41.4849,40.6079,39.4588,40.1123,41.0000,42.0119,41.1947,44.5533,47.0744,49.0306,51.1957,51.4198,53.6004,54.5711,58.2495,58.0517,59.8415,60.2080,61.1310,62.0322,63.0079,65.1230,63.5059,62.5859,0.0000,0.0000,0.0000,0.0000,0.0000,0.0000,0.0000,0.0000,0.0000,0.0000,0.0000,0.0000
1700000030.350000,-60.1,37.3363,38.0526,41.4367,44.3847,51.2445,53.4883,57.3847,62.7694,66.4831,71.1688,73.0548,74.9466,74.6324,74.3303,72.0347,74.0405,70.8802,69.6419,66.9403,67.1863,64.0312,62.3618,60.1664,59.1354,55.6597,53.8516,48.7545,47.8853,46.3249,47.0106,42.8019,43.8634,44.5533,45.4533,48.0104,48.5489,52.8394,53.8516,55.5698,55.5698,59.6825,59.1693,63.8122,62.4340,64.6375,65.0000,66.0681,69.4262,70.0071,70.0357,69.0290,67.6757,0.0000,0.0000,0.0000,0.0000,0.0000,0.0000,0.0000,0.0000,0.0000,0.0000,0.0000,0.0000
1700000030.400000,-61.1,32.9848,37.2156,40.0125,44.2832,49.0306,52.3927,57.7235,61.6117,66.2873,69.1231,71.8053,72.5672,73.5459,73.3485,72.4431,71.7008,70.7107,69.3542,68.4690,66.4831,63.5059,61.5224,56.5685,55.7853,55.5428,52.3927,48.3839,45.8803,45.6180,42.5441,42.4382,42.8019,45.3431,45.9674,44.5533,47.8017,49.8197,51.4004,54.2033,55.6058,57.8014,59.8164,62.0081,61.8466,63.0317,65.0538,66.4831,69.4262,67.6240,69.4046,68.7968,67.9779,0.0000,0.0000,0.0000,0.0000,0.0000,0.0000,0.0000,0.0000,0.0000,0.0000,0.0000,0.0000
1700000030.450000,-61.9,32.2490,33.5261,38.8330,41.5933,45.0999,50.0100,53.0000,58.0000,62.0081,65.0077,67.0298,70.0643,69.0652,69.2604,70.3491,68.2642,66.2722,64.4981,64.3817,62.5140,59.5399,57.4282,54.3323,54.0833,51.1566,49.0102,45.0444,42.0476,41.3038,42.2019,40.0250,40.4969,39.9249,39.3573,42.9418,44.6542,47.2017,46.8722,50.2195,50.8035,52.4309,53.8238,58.5235,58.8303,59.1693,59.0593,61.2699,61.0983,62.2977,64.8460,63.5610,64.6297,0.0000,0.0000,0.0000,0.0000,0.0000,0.0000,0.0000,0.0000,0.0000,0.0000,0.0000,0.0000
1700000030.500000,-61.1,33.9411,36.6197,39.8246,44.9444,48.3839,53.1601,59.4811,62.9365,66.4078,69.6419,74.0405,74.0405,74.6324,74.0000,73.5391,74.6726,72.4500,69.2892,66.4831,65.5515,62.3939,60.1664,59.4643,57.9741,55.0818,53.6004,49.4975,48.3735,46.0435,46.0000,42.1070,46.3897,45.1221,43.4166,46.1736,47.1699,50.1597,51.8941,55.4617,55.4617,59.0931,60.5392,63.1585,63.3246,64.5136,64.8460,67.1863,69.4262,69.0507,70.0357,69.1809,68.0000,0.0000,0.0000,0.0000,0.0000,0.0000,0.0000,0.0000,0.0000,0.0000,0.0000,0.0000,0.0000
1700000030.550000,-61.1,33.2415,35.5106,36.2491,42.3792,47.8017,53.3667,55.5428,58.2495,64.0312,64.7611,70.6045,73.0069,71.8401,71.1688,72.1110,70.5195,70.2282,64.8460,65.1920,63.5689,60.7454,58.5235,56.3028,55.3624,53.6004,52.6308,48.5077,44.2832,44.0454,42.0000,41.1096,42.2966,41.7732,42.4500,43.9659,44.9444,50.6952,49.9800,52.0000,54.6260,54.2310,57.0088,58.3095,61.6847,62.2977,62.3618,62.8172,66.2873,65.9242,66.1891,67.0298,67.1193,0.0000,0.0000,0.0000,0.0000,0.0000,0.0000,0.0000,0.0000,0.0000,0.0000,0.0000,0.0000
1700000030.600000,-63.5,33.3766,35.0571,39.2046,40.7922,49.4773,50.0000,55.6597,60.0833,64.8460,68.9638,71.4703,72.8011,72.8011,73.4983,70.2140,73.7564,66.7083,69.4262,64.1327,66.0984,61.8142,60.0167,59.4390,55.7853,52.8867,50.5964,44.9444,47.0106,42.4853,44.6542,38.8330,41.2311,42.4500,43.8406,44.5982,48.8262,51.0392,49.6488,51.6140,51.0392,59.6406,56.8595,61.0328,60.6053,63.1269,64.4438,65.7647,65.1153,68.1175,68.4105,68.2422,65.2993,0.0000,0.0000,0.0000,0.0000,0.0000,0.0000,0.0000,0.0000,0.0000,0.0000,0.0000,0.0000
1700000030.650000,-61.2,33.4216,35.3553,37.3363,43.4166,46.6905,51.9711,56.5685,61.5224,65.7647,65.9242,70.4060,72.0069,73.5459,73.0069,73.4983,71.5681,70.0928,67.7200,68.0074,63.3246,61.4003,60.1664,57.7235,56.8858,53.9351,51.4781,48.1664,44.0454,44.0114,42.1070,41.4367,42.7551,44.9222,44.5982,44.3847,47.8539,49.6488,49.6488,53.7122,56.3560,57.2451,58.1378,61.2944,61.3270,61.8466,62.3939,65.4599,67.7200,67.6831,68.2495,66.4831,68.0661,0.0000,0.0000,0.0000,0.0000,0.0000,0.0000,0.0000,0.0000,0.0000,0.0000,0.0000,0.0000
1700000030.700000,-63.6,32.1403,35.2278,39.2938,42.3792,45.3100,51.8941,55.4707,60.8276,65.2993,66.6408,72.0139,73.8241,72.0902,72.6154,71.1688,71.8679,70.9366,65.7875,65.1920,64.6220,61.6847,60.1664,57.7754,55.4617,53.7122,50.6063,47.7074,45.4863,44.8219,43.8406,41.0122,42.0119,43.0116,44.7772,46.0652,46.5188,50.5668,51.8941,53.7122,57.3847,55.5428,59.5063,61.3270,63.9531,63.5059,62.2656,66.8880,66.0303,67.0075,68.6804,68.5930,67.3573,0.0000,0.0000,0.0000,0.0000,0.0000,0.0000,0.0000,0.0000,0.0000,0.0000,0.0000,0.0000
1700000030.750000,-66.2,31.6228,31.4006,39.0128,41.0488,46.2709,47.6760,55.1090,57.0701,61.8142,64.9384,68.8840,69.7209,73.4370,69.3542,70.1142,69.3542,66.1891,67.0671,65.1920,65.0692,62.0725,59.0762,55.2268,55.4437,53.4603,50.8035,47.2969,46.1736,43.3244,42.0476,41.1461,41.3401,42.2019,41.8688,44.5533,45.2769,49.5782,49.6790,52.4976,51.7397,55.9017,57.3847,59.4138,59.3970,62.2415,61.5549,64.6607,64.4050,66.0303,65.8635,63.0635,67.2309,0.0000,0.0000,0.0000,0.0000,0.0000,0.0000,0.0000,0.0000,0.0000,0.0000,0.0000,0.0000
1700000030.800000,-58.9,34.4819,33.4216,37.5366,42.8019,45.7930,49.3964,55.5698,58.6686,61.9112,65.0000,68.6003,70.7248,71.0282,70.4557,70.0000,71.6101,66.2193,66.2193,63.4114,62.8013,59.6657,59.8164,55.6058,53.8238,51.8652,50.2494,46.5296,45.1885,40.8534,40.2616,40.2616,41.7732,40.3113,42.0476,46.0109,46.0977,48.0416,49.0918,51.1566,53.1507,54.0833,54.0833,59.0339,58.0086,61.0000,60.0333,62.2896,65.3758,66.0984,63.0635,64.1950,63.1585,0.0000,0.0000,0.0000,0.0000,0.0000,0.0000,0.0000,0.0000,0.0000,0.0000,0.0000,0.0000
1700000030.850000,-62.0,35.9026,37.0000,40.1995,42.5793,51.6624,53.1601,60.0833,62.2977,68.3081,70.2140,72.8011,75.0000,76.4003,75.9276,72.7805,75.7100,72.3671,72.0069,67.6831,69.4262,64.3273,63.1506,59.6657,58.9406,57.7235,54.7083,49.0408,48.3322,45.1774,44.9444,42.4382,43.2782,43.8406,44.6878,45.4533,49.2037,50.4777,52.6973,53.2541,54.9181,59.0762,58.2495,63.8201,62.2013,64.2028,66.0681,66.7083,67.1789,69.3109,69.6563,70.2140,69.6419,0.0000,0.0000,0.0000,0.0000,0.0000,0.0000,0.0000,0.0000,0.0000,0.0000,0.0000,0.0000
1700000030.900000,-58.7,35.4683,37.6563,41.1096,47.0000,50.0400,53.1507,60.2993,63.2851,68.3593,70.2567,72.3395,74.2428,77.0584,76.0592,74.0068,76.0066,72.0000,71.0070,69.0290,68.0074,65.0692,65.0692,60.0000,59.0339,58.0345,54.1479,49.4975,47.5184,47.6760,44.6430,41.4367,44.3847,45.1774,45.2769,46.8722,49.2037,49.8197,52.6308,54.8179,56.2228,58.6003,60.4401,62.8013,62.2013,64.6375,65.0000,66.2420,68.0294,68.9420,69.2892,68.0074,69.4262,0.0000,0.0000,0.0000,0.0000,0.0000,0.0000,0.0000,0.0000,0.0000,0.0000,0.0000,0.0000
1700000030.950000,-62.9,33.5261,34.8855,38.4187,42.5206,46.6690,50.9902,56.7274,57.3847,62.3699,65.8559,69.3542,69.2965,72.1249,71.4213,70.7672,70.0928,69.3542,66.0681,65.9469,63.7809,60.9590,60.9590,56.6392,55.1543,53.7401,50.9313,48.2701,45.2217,43.5660,40.8167,41.6293,42.1545,41.7612,41.4849,43.7379,43.5660,48.1664,48.2597,51.2445,52.1536,54.1479,57.1402,59.4138,58.4209,60.8276,60.6383,63.7887,65.1460,65.1920,66.3099,64.4127,63.8122,0.0000,0.0000,0.0000,0.0000,0.0000,0.0000,0.0000,0.0000,0.0000,0.0000,0.0000,0.0000
1700000031.000000,-61.2,34.0000,34.7851,39.6232,42.2966,48.0416,51.0098,57.0351,60.0000,67.0075,68.0000,70.0000,74.0000,74.0270,74.0608,74.1687,71.0634,69.1158,67.2681,66.1891,66.2722,62.2896,61.2944,58.1378,57.0000,57.0088,51.0000,48.2597,44.2832,44.5533,41.7612,42.0595,41.2311,41.5933,43.0465,45.2217,47.0106,47.6340,49.6790,52.6308,53.2635,55.2268,57.3847,60.6053,60.6053,63.0079,62.1289,64.0078,65.2993,66.2118,65.5515,66.7308,64.7611,0.0000,0.0000,0.0000,0.0000,0.0000,0.0000,0.0000,0.0000,0.0000,0.0000,0.0000,0.0000
1700000031.050000,-59.1,36.4006,40.7922,41.1096,46.0000,50.1597,56.3205,61.5224,65.6201,70.5762,72.4431,76.4199,78.4092,77.1622,77.0584,79.0063,77.0260,75.0600,71.0000,72.0069,69.0000,66.0303,65.0077,62.0322,62.0725,58.0775,56.2228,51.7880,48.8365,48.5077,46.2385,44.9444,46.1411,45.7930,45.4863,50.6063,51.7397,52.4023,53.8145,56.5685,57.2800,57.2800,62.9682,63.7809,65.9469,67.6240,66.6108,69.0652,68.2642,70.7107,71.5542,70.3847,68.9638,0.0000,0.0000,0.0000,0.0000,0.0000,0.0000,0.0000,0.0000,0.0000,0.0000,0.0000,0.0000
1700000031.100000,-58.6,33.9706,35.5106,39.3573,42.3792,47.4342,50.6952,54.5711,58.4637,64.0312,67.4463,70.3420,71.8401,72.1249,70.8378,72.8011,71.4703,68.3081,64.8460,65.4599,64.8460,61.0983,61.3514,56.9210,56.0446,54.1202,51.6624,47.5184,44.2832,44.1022,41.0122,41.0488,41.5933,42.7551,42.2019,45.5412,45.3100,47.5395,48.3322,53.3104,54.6260,56.3560,55.0364,58.6941,59.6154,60.7454,61.3514,64.8460,64.5601,66.2873,65.4905,66.2722,64.0078,0.0000,0.0000,0.0000,0.0000,0.0000,0.0000,0.0000,0.0000,0.0000,0.0000,0.0000,0.0000
1700000031.150000,-59.2,34.1321,35.0571,39.8121,43.6807,49.0408,52.0000,56.3649,60.9262,64.0781,67.2309,70.9366,72.8011,74.3303,73.0548,73.3757,73.0548,69.5701,66.0984,66.4078,63.8905,63.3246,61.0328,56.3205,57.0088,55.7136,52.0000,46.9574,45.7930,44.1022,42.8019,40.4599,43.1393,43.9318,44.0454,45.4863,46.0435,49.2443,50.2494,53.2353,53.7122,55.4707,58.6686,60.5392,59.3633,61.2944,64.2028,64.6607,66.7083,66.4680,68.6222,66.8431,67.9559,0.0000,0.0000,0.0000,0.0000,0.0000,0.0000,0.0000,0.0000,0.0000,0.0000,0.0000,0.0000
1700000031.200000,-60.7,34.8855,34.1760,37.4833,42.1900,46.0000,52.0096,58.0345,60.0750,66.0076,67.0298,70.0286,72.0069,74.0068,74.0068,72.0278,71.0634,70.0643,67.2681,67.1193,66.0681,61.2046,61.1310,57.1402,57.0000,57.0088,52.0384,48.3735,46.3897,45.3542,41.4849,40.8534,44.2832,43.4166,44.9444,44.1022,47.6340,48.9183,51.0882,53.1507,56.6392,55.2268,57.3847,60.9590,61.0737,63.6003,61.0328,63.8122,66.2420,66.1891,66.2118,65.1920,65.8027,0.0000,0.0000,0.0000,0.0000,0.0000,0.0000,0.0000,0.0000,0.0000,0.0000,0.0000,0.0000
1700000031.250000,-60.1,30.4138,33.2866,37.5766,41.7852,44.3847,50.9902,53.9351,57.8705,60.4152,63.5610,65.9697,67.4463,68.9638,68.9638,69.5701,67.0522,66.0984,62.2977,64.1950,61.0328,59.4643,56.9210,54.0833,54.1202,52.8867,48.2701,44.5533,44.4072,41.1096,40.0000,40.1123,39.4588,41.5933,41.4849,42.3792,43.0813,44.7772,46.2385,47.9270,50.5668,53.3104,55.5428,55.9464,56.6480,56.6480,59.1354,60.1664,61.9839,62.8013,64.2806,63.0714,62.0322,0.0000,0.0000,0.0000,0.0000,0.0000,0.0000,0.0000,0.0000,0.0000,0.0000,0.0000,0.0000
1700000031.300000,-62.5,33.8378,34.5398,39.8497,43.7379,48.3735,53.1507,58.1378,61.0737,66.1891,68.3593,72.3395,72.3395,75.4255,72.8354,74.9667,74.4312,70.8590,68.2495,69.0507,67.2681,63.3482,61.9839,57.5587,57.2189,57.2189,52.0865,50.0000,48.0416,44.1022,43.5660,44.3847,43.6807,44.0114,45.6180,45.6508,48.5489,51.6140,51.6140,53.8238,56.0357,58.6003,58.8218,60.7454,61.2944,62.2656,64.8845,65.7419,67.1193,67.0671,68.6222,67.7200,68.0661,0.0000,0.0000,0.0000,0.0000,0.0000,0.0000,0.0000,0.0000,0.0000,0.0000,0.0000,0.0000
1700000031.350000,-63.0,35.0143,34.2345,40.5216,44.0114,48.7545,49.6488,57.8014,60.4152,65.0000,68.0000,72.4983,73.4098,75.2396,74.8465,71.6938,73.0069,70.7743,67.4166,66.3099,67.1193,63.6946,62.2415,58.3095,57.2713,54.6260,53.2353,47.1699,48.0104,44.0454,42.4500,43.1393,43.0116,44.1022,43.4166,45.6180,47.4236,48.7545,50.1597,52.3927,54.2310,56.0803,58.3095,61.4654,61.3270,62.2415,63.5059,64.8845,67.2309,66.0303,67.3573,67.8970,66.6033,0.0000,0.0000,0.0000,0.0000,0.0000,0.0000,0.0000,0.0000,0.0000,0.0000,0.0000,0.0000
1700000031.400000,-62.2,33.0000,34.5254,39.2173,43.0813,47.4131,49.6488,57.3062,62.2656,64.4981,68.0000,70.2140,72.4500,73.3485,72.9178,73.0069,71.6938,70.0071,67.2309,66.3099,65.0000,63.6946,60.9262,57.7754,56.7979,53.6656,51.8941,48.0208,48.0104,47.0106,43.1856,42.4264,44.0454,44.9444,44.9444,47.0106,47.8539,50.5668,53.2259,53.7122,55.0364,57.2713,59.9333,62.6099,60.8276,62.2656,63.2851,67.1193,66.4003,67.0075,67.9412,67.1789,67.4759,0.0000,0.0000,0.0000,0.0000,0.0000,0.0000,0.0000,0.0000,0.0000,0.0000,0.0000,0.0000
1700000031.450000,-61.3,32.7567,35.0143,40.1123,42.7551,49.7293,51.9230,58.5235,61.9839,65.1460,69.5701,72.8011,73.7631,76.4003,73.9797,75.3127,75.7100,70.2140,69.4262,67.2681,64.5368,64.1327,63.5610,59.4390,59.4811,56.0446,53.1601,49.7695,49.1935,46.5296,44.1022,42.8019,43.9318,44.5533,45.3431,46.0977,48.6004,50.2195,52.4309,55.4707,57.1402,57.6888,59.9083,63.0079,62.2013,64.0312,64.6607,65.8559,69.3109,67.9412,70.1783,69.4046,67.7422,0.0000,0.0000,0.0000,0.0000,0.0000,0.0000,0.0000,0.0000,0.0000,0.0000,0.0000,0.0000
1700000031.500000,-62.5,36.0555,38.3275,41.0488,47.0106,51.2445,54.5894,58.5491,62.5140,68.3593,70.4557,72.9931,76.7919,75.3260,78.1601,76.0263,76.0263,74.0270,70.0071,69.0072,68.0074,65.0077,63.0000,60.0750,60.2080,59.1354,54.4518,50.9902,48.2701,48.5077,44.9444,41.7852,44.2945,45.6508,43.5660,48.0104,48.2701,49.5782,50.9902,54.4518,55.9017,57.3149,59.4643,61.6198,63.2535,62.8013,63.8201,66.0379,67.6018,67.5352,68.8767,67.4166,68.6804,0.0000,0.0000,0.0000,0.0000,0.0000,0.0000,0.0000,0.0000,0.0000,0.0000,0.0000,0.0000
1700000031.550000,-60.3,35.3836,38.4187,40.8167,44.7214,50.6952,54.4243,60.7454,63.5689,69.2892,70.2282,74.4648,76.3217,76.1577,75.6439,74.6860,75.5844,74.2496,69.7711,68.0000,68.4251,64.8845,61.2944,61.2944,58.6003,57.7754,55.1543,50.2892,47.5395,45.1221,46.2709,44.1814,46.0109,44.0454,46.0977,48.2597,47.5184,50.6952,52.3927,55.0818,57.7235,60.6383,58.4637,62.8172,62.1691,63.9531,63.3877,66.1891,68.0294,69.0000,69.0290,68.3593,68.2495,0.0000,0.0000,0.0000,0.0000,0.0000,0.0000,0.0000,0.0000,0.0000,0.0000,0.0000,0.0000
1700000031.600000,-64.7,34.2345,36.2215,39.2046,43.4166,47.8017,50.5964,57.9396,60.7454,66.8506,68.3520,70.8802,72.4500,74.6324,74.6324,74.7262,72.8011,71.3092,66.2193,66.4831,63.3246,63.0635,62.3618,57.5674,56.9210,55.9732,52.3927,47.8539,46.1411,46.8722,43.0116,41.8688,45.9674,45.3431,46.0435,47.7074,47.5079,50.7740,51.4781,54.1202,54.1202,57.2451,56.8243,60.2080,60.9016,62.7694,62.9682,64.8999,70.0000,64.6607,68.6222,70.2922,65.8027,0.0000,0.0000,0.0000,0.0000,0.0000,0.0000,0.0000,0.0000,0.0000,0.0000,0.0000,0.0000
1700000031.650000,-62.2,32.6497,32.7567,38.2099,42.4500,44.8219,50.0000,53.6004,56.6127,63.6003,65.2150,70.0000,69.4046,71.0634,70.4344,68.7677,68.1175,66.7083,65.1920,64.5368,61.6198,60.8769,58.1378,54.0370,55.8032,52.2015,49.0918,44.7772,45.1774,43.4626,40.1622,41.4849,39.8121,40.4475,44.1814,43.0116,44.0114,45.1774,47.0425,51.1566,52.1536,53.1507,55.1453,56.0803,57.0351,61.0000,59.0339,62.1289,62.5140,63.6396,64.3273,63.0635,62.6259,0.0000,0.0000,0.0000,0.0000,0.0000,0.0000,0.0000,0.0000,0.0000,0.0000,0.0000,0.0000
1700000031.700000,-61.5,32.7567,34.5398,39.1152,42.2019,48.4149,50.9902,56.6392,60.8112,63.7024,67.2086,70.0071,71.5052,71.5891,70.9366,70.8025,72.2011,69.0290,67.8012,66.4003,64.4050,61.0328,60.2163,54.8179,56.6392,54.4885,50.2494,47.4236,46.0977,43.0116,43.9090,42.0595,42.4853,41.7852,42.0595,44.3847,47.0744,49.3660,50.3587,51.2445,53.4603,56.4358,57.3149,59.8415,59.8415,60.2080,60.8769,61.9839,64.5136,64.6220,67.1193,65.2993,65.4599,0.0000,0.0000,0.0000,0.0000,0.0000,0.0000,0.0000,0.0000,0.0000,0.0000,0.0000,0.0000
1700000031.750000,-58.7,35.3553,38.2753,44.2945,46.3249,52.0096,53.9073,60.9590,62.2896,68.6804,71.5891,75.2861,75.9276,78.2432,78.6003,78.0064,76.4003,74.6324,72.6705,70.8025,68.8186,66.6108,65.2150,60.8030,61.2209,57.6281,55.4437,50.9117,48.7955,48.4149,42.4382,45.7930,44.7214,46.0977,44.9444,46.8402,49.4773,51.1957,52.1728,55.1090,57.0701,58.0517,61.3922,63.7887,63.7887,62.3618,64.5601,66.4078,66.8506,68.0294,70.7107,68.2642,69.2026,0.0000,0.0000,0.0000,0.0000,0.0000,0.0000,0.0000,0.0000,0.0000,0.0000,0.0000,0.0000
1700000031.800000,-56.5,35.4683,38.5876,41.2311,43.8634,48.1041,54.0370,59.0339,63.1269,66.8431,69.4262,73.7564,75.7430,73.5527,74.9667,73.5527,72.1249,70.7248,70.0357,67.9412,65.8559,63.7809,62.9682,59.4138,58.6941,57.2800,53.7587,49.2037,46.8722,46.6476,45.6180,43.4626,43.6578,43.0116,44.6430,46.6905,49.4975,50.1597,50.2494,53.2353,54.1479,56.1427,58.2151,60.2993,60.5310,61.9839,63.1506,65.0000,65.8027,66.7308,68.1542,66.6408,65.0000,0.0000,0.0000,0.0000,0.0000,0.0000,0.0000,0.0000,0.0000,0.0000,0.0000,0.0000,0.0000
1700000031.850000,-61.9,34.0000,35.0000,38.2099,42.8019,47.4342,51.3128,56.6039,60.2080,64.3506,67.4166,70.4557,71.0282,74.0608,75.0000,72.4707,71.4003,69.8140,70.1783,66.7083,65.4370,63.8905,63.2535,57.8014,58.8218,56.8595,52.4309,47.8853,47.8539,45.3100,43.0116,43.9659,43.9318,45.3982,45.0999,47.0425,47.0000,49.0408,51.0392,54.0833,56.1427,58.0775,58.0345,62.0322,62.0081,62.0081,63.0714,65.1920,66.4831,66.9104,66.9403,67.0522,67.2309,0.0000,0.0000,0.0000,0.0000,0.0000,0.0000,0.0000,0.0000,0.0000,0.0000,0.0000,0.0000
1700000031.900000,-61.2,32.5269,36.6197,36.6742,41.7852,45.5412,51.5461,55.7853,57.7235,62.9365,64.2884,70.2140,69.9214,71.7844,71.5122,73.5391,69.6419,67.7791,65.0000,66.4831,63.6946,61.8466,60.5392,55.7136,55.6597,54.7083,51.9230,48.6621,43.7379,43.4166,41.0122,41.0000,42.1900,42.4264,42.5793,43.4166,45.2217,46.8188,48.7032,50.6952,51.8652,54.4243,57.2451,57.9396,60.0833,60.1664,60.6383,63.3482,63.1506,62.2896,65.1230,63.0079,65.1920,0.0000,0.0000,0.0000,0.0000,0.0000,0.0000,0.0000,0.0000,0.0000,0.0000,0.0000,0.0000
1700000031.950000,-58.8,39.0128,38.4708,41.1096,45.3100,52.3259,54.5894,59.1693,64.0078,68.0955,69.3542,74.7061,75.5844,77.3886,75.6439,75.3923,74.8465,73.4098,70.9366,68.9420,67.2309,65.1920,64.2573,59.5063,59.9416,57.6975,54.1202,50.2494,49.6488,46.4004,46.0977,44.5533,44.5982,44.8219,44.9444,47.5079,47.8853,52.3259,51.8941,54.1295,55.9017,57.2713,59.5063,62.6099,61.7738,64.4981,62.9682,68.2422,68.4105,68.8840,67.9412,69.3542,66.8431,0.0000,0.0000,0.0000,0.0000,0.0000,0.0000,0.0000,0.0000,0.0000,0.0000,0.0000,0.0000
1700000032.000000,-60.0,35.3553,35.8469,40.2492,45.8803,49.3356,53.1601,60.4401,63.3246,68.4105,70.6045,75.0000,75.0000,75.8947,74.3303,73.1642,76.5506,72.4500,70.3847,67.7791,67.2309,62.6498,61.8466,60.9262,59.4811,55.9732,53.4509,49.4773,46.6905,45.2769,46.0977,43.0116,43.0116,45.2769,43.4166,47.2969,48.5077,50.9215,51.5461,51.8652,53.1413,57.2451,57.2451,62.6418,60.4401,61.3922,64.1327,65.7647,65.2763,66.1211,66.0000,65.0692,66.6108,0.0000,0.0000,0.0000,0.0000,0.0000,0.0000,0.0000,0.0000,0.0000,0.0000,0.0000,0.0000
1700000032.050000,-65.4,38.0526,38.6394,40.8534,45.1885,49.7393,54.9181,58.8303,63.2851,66.3702,67.7422,73.5731,76.1577,77.3692,76.0263,75.6439,76.0592,73.8241,70.0071,70.7743,66.8506,64.2573,63.1585,60.9262,59.9416,58.1378,55.9017,50.2494,47.7074,44.8219,44.5982,45.9674,43.8634,44.8219,44.6542,47.1699,48.3735,49.6488,51.4296,53.6656,55.4617,55.9017,57.2451,60.4152,60.0333,62.4340,62.1289,64.4050,68.4105,64.5368,65.8559,67.2086,66.4003,0.0000,0.0000,0.0000,0.0000,0.0000,0.0000,0.0000,0.0000,0.0000,0.0000,0.0000,0.0000
1700000032.100000,-59.3,36.4006,38.9487,42.0119,46.6690,50.2096,56.6392,60.9590,64.5368,69.3542,70.8378,75.8222,78.5684,76.3675,76.3806,75.0733,75.7430,75.0733,70.1783,71.5891,68.2495,66.0681,64.5368,60.2080,60.1082,57.9828,55.1725,51.7397,48.1664,46.6154,45.7930,44.2945,44.7214,45.3100,44.9222,49.3356,48.0521,50.8035,51.6236,54.7449,56.8858,57.2713,61.0000,62.3699,63.7887,65.5210,63.2456,67.0671,68.5420,68.0294,70.2353,67.4166,68.6003,0.0000,0.0000,0.0000,0.0000,0.0000,0.0000,0.0000,0.0000,0.0000,0.0000,0.0000,0.0000
1700000032.150000,-62.1,33.1361,33.9559,37.6962,42.9418,46.1411,49.0918,54.0833,56.3028,62.4340,64.6607,66.8880,70.3278,71.1969,70.7107,69.3181,68.4251,65.7419,64.8845,62.6099,61.2699,60.8358,59.4811,55.9017,55.4707,53.8516,49.3964,46.0435,44.8219,44.5982,41.0366,40.3609,40.6079,39.6611,40.3113,42.9418,43.8634,44.3847,48.4665,49.7695,49.7695,52.9245,53.8516,59.5063,55.0364,58.5918,57.8014,60.5392,62.9682,61.0328,61.7171,62.2415,61.5549,0.0000,0.0000,0.0000,0.0000,0.0000,0.0000,0.0000,0.0000,0.0000,0.0000,0.0000,0.0000
1700000032.200000,-57.7,32.2025,33.2415,40.0000,44.1022,45.6508,49.6488,55.0364,58.6003,63.0635,67.5352,69.3181,71.1196,72.0694,70.3278,72.4017,70.4911,69.3397,67.6757,67.6757,64.3506,60.4649,59.3633,56.6039,57.3062,55.5698,51.8845,46.0977,46.0977,43.9659,42.2019,43.1741,41.4367,42.1900,42.0119,43.0116,46.0977,48.3735,49.3660,50.3587,52.4690,53.6004,56.3205,58.3095,59.1354,59.0339,58.0775,61.0000,63.1269,62.2896,63.9531,62.8172,63.8905,0.0000,0.0000,0.0000,0.0000,0.0000,0.0000,0.0000,0.0000,0.0000,0.0000,0.0000,0.0000
1700000032.250000,-59.7,33.7343,35.8469,39.1152,41.4005,46.7547,50.2494,55.1725,57.9828,63.6553,67.2086,69.4262,70.0928,72.4707,73.1095,71.6101,70.6045,67.8012,66.4003,65.6049,64.8151,61.4003,60.2163,57.8014,55.4437,53.9073,50.9313,46.6690,47.6340,44.0454,44.1022,41.8808,42.4853,40.8534,43.3244,42.7200,45.3542,47.0744,47.6760,50.6360,52.6118,53.4603,53.9351,59.4390,58.0517,58.6941,60.1664,62.2977,61.6847,62.2415,64.4127,62.7694,62.2013,0.0000,0.0000,0.0000,0.0000,0.0000,0.0000,0.0000,0.0000,0.0000,0.0000,0.0000,0.0000
1700000032.300000,-63.4,33.4216,37.5366,40.2244,43.4166,48.7545,52.3927,57.3847,62.9682,65.3070,66.3099,72.0902,73.8241,74.2428,71.1196,73.0616,74.7930,70.3278,68.7968,66.7308,65.5134,61.5873,59.6825,58.3095,57.2451,55.5698,53.2259,47.4236,45.5412,44.6430,42.7551,40.6079,41.1096,44.0114,43.0116,46.0977,47.1699,50.4876,49.4975,52.4690,53.9351,56.4358,56.5685,59.4138,59.3043,61.0737,61.0328,62.0081,66.0681,65.2763,66.7533,64.7611,64.1950,0.0000,0.0000,0.0000,0.0000,0.0000,0.0000,0.0000,0.0000,0.0000,0.0000,0.0000,0.0000
1700000032.350000,-59.2,36.0555,39.0512,42.5441,46.9574,54.7083,55.7584,60.2163,65.8027,69.6348,73.2393,75.7166,76.8505,79.7559,78.8923,78.7147,79.6492,73.3553,73.3485,72.0694,69.7711,67.5352,66.7308,64.0078,61.9112,60.2080,56.3028,52.0096,51.2250,47.4236,46.0109,47.4236,44.4072,47.1699,45.1774,47.8539,50.1597,51.2640,52.2015,54.0833,57.5847,58.5235,58.5235,65.9242,61.4654,63.1585,66.2118,65.7647,69.4622,69.3397,70.6045,70.1783,69.2965,0.0000,0.0000,0.0000,0.0000,0.0000,0.0000,0.0000,0.0000,0.0000,0.0000,0.0000,0.0000
1700000032.400000,-60.1,34.2053,35.7771,39.5601,44.1475,46.8722,53.6004,56.4358,61.4003,66.6108,65.6201,70.4060,72.5672,72.5672,72.7805,72.5328,71.5681,71.5681,67.4463,67.4463,65.2533,60.1664,59.2030,57.2800,56.5155,54.1295,51.9711,49.3660,44.0454,45.0000,43.0465,43.1856,41.5933,44.1475,44.2719,45.5412,45.8803,47.9270,49.2443,50.5668,55.0091,54.6260,58.6003,57.7754,60.1664,59.2368,60.0833,63.6003,65.9697,62.9682,65.4905,65.1230,66.0303,0.0000,0.0000,0.0000,0.0000,0.0000,0.0000,0.0000,0.0000,0.0000,0.0000,0.0000,0.0000
1700000032.450000,-58.5,27.2029,29.7321,30.4138,32.3883,37.1214,42.0000,44.0114,47.0425,50.0100,52.1536,55.0091,57.0789,57.3149,58.3095,57.7062,54.7449,53.7587,54.5894,52.7731,51.7880,48.8365,49.4975,45.5412,45.2769,44.4072,43.0465,40.0125,39.0000,36.0555,32.7567,32.5576,34.4819,34.1760,34.5398,34.9285,35.8469,39.9625,39.4462,42.5441,43.4166,45.6508,45.6508,47.8853,46.0652,50.1597,48.8467,51.8652,52.2015,53.1601,54.3415,52.4690,50.0400,0.0000,0.0000,0.0000,0.0000,0.0000,0.0000,0.0000,0.0000,0.0000,0.0000,0.0000,0.0000
1700000032.500000,-56.6,33.5261,35.3553,41.0122,43.1856,49.3660,52.9528,59.0339,61.3922,66.2873,69.0507,75.1332,74.8131,75.4255,75.3260,74.1687,74.3303,72.3395,70.2567,69.2604,66.1891,65.0692,62.2896,61.2944,57.5587,56.3205,54.1295,50.6952,49.0408,46.2385,46.0977,43.3820,45.7930,45.4863,44.8219,46.6905,48.7955,52.3259,50.9313,52.4023,55.9017,58.0000,59.4643,60.8276,61.5224,63.7024,64.5368,65.4370,66.4003,66.8880,68.6003,66.1891,66.4831,0.0000,0.0000,0.0000,0.0000,0.0000,0.0000,0.0000,0.0000,0.0000,0.0000,0.0000,0.0000
1700000032.550000,-65.6,36.1386,40.0500,41.0488,47.2652,49.8197,56.2939,59.4390,65.3070,70.8308,71.1969,76.4853,78.0897,78.7718,79.6304,79.2275,77.4145,75.5381,72.2496,71.1758,71.1126,68.0661,66.2722,63.1981,61.6604,60.2993,57.0701,52.3927,50.6952,49.3356,46.0977,46.5188,46.1411,47.5079,47.4342,51.2250,50.3289,53.8145,55.1725,56.5862,58.6941,60.1082,62.2415,64.3506,63.7024,64.8151,65.2150,69.0652,70.8308,69.8355,71.1126,70.3847,71.1688,0.0000,0.0000,0.0000,0.0000,0.0000,0.0000,0.0000,0.0000,0.0000,0.0000,0.0000,0.0000
1700000032.600000,-64.8,35.1283,37.8550,41.7852,46.0977,49.2443,54.9181,57.9828,62.9682,67.2309,67.7422,73.2462,73.5731,75.5910,74.2428,75.6439,74.6860,73.4098,68.4471,69.3542,65.3911,65.0000,62.2415,58.1808,58.1378,56.3560,54.5894,50.4777,47.7074,48.4149,44.5982,43.8406,45.3431,42.0119,43.6005,47.1699,47.8853,49.6488,51.8845,54.5619,55.9017,55.0091,59.9416,59.5399,61.9112,60.5392,61.2944,63.4114,66.2193,65.1920,67.1789,65.1920,65.0000,0.0000,0.0000,0.0000,0.0000,0.0000,0.0000,0.0000,0.0000,0.0000,0.0000,0.0000,0.0000
1700000032.650000,-62.5,33.0606,33.7343,37.6962,40.7185,47.0106,50.4777,54.9181,60.2080,62.4340,65.5134,69.3397,70.1783,71.1969,71.5891,71.5891,70.2140,68.4471,66.6408,65.7419,63.5610,60.9262,59.0931,55.4707,54.5894,55.5698,51.1077,48.0104,48.0104,44.6878,43.1393,40.3113,41.7732,41.4005,41.3401,44.2945,46.9574,47.0106,47.1699,51.6236,52.9245,53.7122,55.5428,57.6975,56.7979,58.1808,59.6825,61.0574,61.2944,62.8013,63.1269,63.7024,63.1269,0.0000,0.0000,0.0000,0.0000,0.0000,0.0000,0.0000,0.0000,0.0000,0.0000,0.0000,0.0000
1700000032.700000,-60.9,34.7131,36.4006,42.0595,42.4853,49.7695,52.2015,56.9210,59.8080,66.4078,71.5122,71.3092,74.4648,73.9256,74.3236,72.0139,75.2396,68.4471,70.6612,65.7419,67.5426,63.9531,62.1691,60.8358,57.9396,56.0803,53.1413,48.7647,50.2195,45.5412,45.2769,43.1045,44.0114,44.1022,45.2769,45.8912,48.0521,48.7647,50.6952,52.6308,52.8867,57.2800,55.0818,62.8172,57.9741,60.6383,62.6498,64.6297,66.1891,67.0075,66.0303,66.1211,64.9384,0.0000,0.0000,0.0000,0.0000,0.0000,0.0000,0.0000,0.0000,0.0000,0.0000,0.0000,0.0000
1700000032.750000,-60.5,35.3553,39.0000,40.0500,44.5533,49.7293,53.7587,59.4643,61.6847,68.6222,68.3081,72.8011,75.0000,76.4003,75.7100,76.2955,75.1332,73.1642,69.8713,69.0507,67.8970,63.3877,62.9682,59.2284,60.2080,57.2713,55.0818,51.5461,48.3839,46.2385,45.6508,44.2945,44.9444,46.4004,43.8634,47.4236,46.6905,50.9313,52.4023,53.1507,56.5862,57.3149,60.1082,59.3970,60.1082,63.7024,62.3699,65.4370,65.8027,66.0379,66.7308,66.6408,66.1287,0.0000,0.0000,0.0000,0.0000,0.0000,0.0000,0.0000,0.0000,0.0000,0.0000,0.0000,0.0000
1700000032.800000,-64.2,34.7131,36.6742,40.1622,43.4166,48.6621,53.9351,58.5491,63.5059,66.9104,69.8713,73.1642,77.2787,76.6877,73.5459,73.4983,74.7262,71.0634,70.8802,68.1542,67.1863,63.8905,64.0312,59.6657,59.0339,57.8705,53.9351,50.1597,50.0400,46.0109,44.1814,44.2832,44.5533,45.6070,45.2217,46.4866,49.0408,50.9902,51.4781,54.5619,56.7979,57.6975,57.6975,61.7414,61.8466,62.9682,63.5689,62.9365,65.0000,67.2681,65.7647,67.2681,67.0000,0.0000,0.0000,0.0000,0.0000,0.0000,0.0000,0.0000,0.0000,0.0000,0.0000,0.0000,0.0000
1700000032.850000,-63.0,38.0526,38.1182,40.7922,43.9659,53.4883,53.7122,61.3270,65.3070,69.3542,70.9366,75.7694,76.3217,78.1089,77.7946,74.3303,78.4347,72.1110,71.4703,69.2604,68.9638,65.8027,64.5136,63.2456,60.1664,59.8080,55.1543,52.3259,50.1199,48.0208,47.8017,44.0454,45.2769,45.2548,45.2769,48.6004,49.4065,52.1536,50.2494,54.3783,56.0803,59.6825,57.3062,63.2851,61.8547,62.6817,64.2028,65.4370,68.1175,68.5930,68.6222,68.8840,67.6757,0.0000,0.0000,0.0000,0.0000,0.0000,0.0000,0.0000,0.0000,0.0000,0.0000,0.0000,0.0000
1700000032.900000,-63.2,35.1283,34.5254,41.7852,45.6180,48.8774,52.1536,60.2080,62.9682,69.3397,68.6003,75.2928,76.1577,77.4145,75.5910,74.6860,75.1332,72.8972,69.7782,68.4251,68.8840,65.3070,64.4127,62.6099,60.0333,57.8014,54.9181,50.0000,49.8197,48.1041,46.0109,46.0977,47.8017,47.1699,47.8853,46.5188,49.7695,51.6236,52.9245,56.0803,57.0088,59.4643,59.8080,61.4654,63.3246,62.7694,63.5059,65.7647,65.3682,67.6757,67.8012,68.1175,67.1789,0.0000,0.0000,0.0000,0.0000,0.0000,0.0000,0.0000,0.0000,0.0000,0.0000,0.0000,0.0000
1700000032.950000,-64.1,35.3553,38.0000,40.1995,44.7214,51.6624,54.4059,60.4070,65.1920,69.2604,70.8802,75.2861,74.7262,76.9025,76.9025,77.6660,77.6660,72.5672,71.3863,69.2315,70.0357,65.9242,64.3273,61.0000,60.6383,57.9741,58.2409,52.5547,51.6236,48.3322,48.3735,46.6476,47.8017,45.4533,45.9674,51.6624,48.9183,52.4976,51.8556,56.2228,55.4437,58.1378,61.2209,62.4820,63.1269,60.8276,64.3817,66.6033,67.4759,67.0075,68.2422,68.9638,67.9779,0.0000,0.0000,0.0000,0.0000,0.0000,0.0000,0.0000,0.0000,0.0000,0.0000,0.0000,0.0000
1700000033.000000,-57.4,33.2415,36.4006,38.9487,44.1022,48.6004,52.6308,58.0517,63.1269,64.0312,66.8431,72.0069,73.6003,72.4224,73.2393,73.4983,74.0608,70.4557,70.7248,68.5055,67.1193,61.9112,61.8547,59.6406,57.2014,56.6127,53.9073,49.4975,46.6690,46.4004,45.2217,44.6542,43.9090,44.2832,43.6578,46.4866,49.0408,50.4480,48.7647,52.3927,54.3415,55.5428,58.4637,58.9406,59.9083,60.8769,61.9839,63.9062,63.6946,65.2993,66.7308,64.6375,64.8151,0.0000,0.0000,0.0000,0.0000,0.0000,0.0000,0.0000,0.0000,0.0000,0.0000,0.0000,0.0000
1700000033.050000,-63.0,34.4819,34.4384,39.4081,41.2311,46.6905,50.2494,54.4885,59.4643,63.0317,67.1789,70.0357,72.1388,72.1803,73.1095,73.1095,71.5052,68.1175,67.6240,65.9469,65.1920,63.1269,60.9590,56.6392,56.5862,55.8659,53.0377,49.8197,48.4149,46.3249,45.2769,42.9418,45.1885,44.2719,43.9659,47.2969,46.5296,49.6488,49.4975,51.4781,52.3450,54.5894,56.5685,59.8415,59.8415,60.2080,61.3922,63.0635,63.2456,64.2573,64.4748,65.7647,64.3506,0.0000,0.0000,0.0000,0.0000,0.0000,0.0000,0.0000,0.0000,0.0000,0.0000,0.0000,0.0000
1700000033.100000,-60.9,32.8938,36.3593,38.9487,44.5533,47.6340,53.2635,58.6003,62.4820,65.4370,67.3573,73.8783,74.5185,72.1803,74.2765,74.2496,72.8354,71.4213,69.3109,69.3109,65.7647,63.7809,60.8276,57.9828,58.7963,55.9017,54.0370,51.6140,48.0208,47.0106,46.0652,46.0977,43.6578,44.9222,45.6070,48.0521,49.3660,50.2494,51.2445,53.0848,54.2310,56.2228,60.2080,60.4070,61.5224,61.9839,63.5610,64.0312,64.8460,65.1920,65.9242,66.6408,66.8880,0.0000,0.0000,0.0000,0.0000,0.0000,0.0000,0.0000,0.0000,0.0000,0.0000,0.0000,0.0000
1700000033.150000,-62.1,34.4819,39.5601,39.4588,46.1736,49.0408,56.0000,59.0000,63.0079,67.0075,67.0000,73.0000,75.0267,76.0263,77.1038,77.3175,75.3260,74.4312,69.5845,69.3542,67.2681,65.4905,64.2806,59.4138,58.0345,58.0086,56.0089,53.0094,50.0899,49.2544,45.5412,46.0977,44.9222,44.9444,46.6154,48.7545,47.8853,50.2494,52.1536,53.5350,55.7584,56.4358,60.5392,59.1693,61.4003,62.1772,61.3270,63.1585,65.4599,63.8905,67.4463,66.9403,67.6018,0.0000,0.0000,0.0000,0.0000,0.0000,0.0000,0.0000,0.0000,0.0000,0.0000,0.0000,0.0000
1700000033.200000,-58.3,34.4093,37.1618,41.4849,47.0744,49.3660,54.3323,58.3095,63.2851,67.4759,70.7107,72.6911,76.6551,77.1038,76.2955,79.5550,76.6877,72.0347,68.1542,69.8570,70.0928,67.1863,65.0000,60.2080,61.0000,59.8415,57.4282,52.1536,50.0400,49.0102,47.0956,46.2709,46.2709,47.0744,45.8803,49.3356,47.1699,53.3104,51.8941,55.5428,55.9464,57.3847,60.5392,61.4654,62.0322,62.6259,63.3246,64.0312,68.4471,66.0984,67.3647,67.1863,69.0290,0.0000,0.0000,0.0000,0.0000,0.0000,0.0000,0.0000,0.0000,0.0000,0.0000,0.0000,0.0000
1700000033.250000,-65.7,35.3836,36.3593,42.1545,44.5982,51.9230,53.6004,60.4152,63.7887,68.6586,73.4983,73.3757,75.8947,76.2168,75.5844,74.3303,76.2168,72.4500,71.8679,68.9493,66.7308,64.8460,63.9062,60.7454,61.0328,58.5235,55.3624,52.1728,50.6360,47.1699,49.0408,46.0000,48.1664,46.1736,46.5296,49.0306,51.4198,52.6308,51.6624,54.1202,54.4059,60.4401,59.4811,63.3246,61.8466,62.8172,63.5610,65.9242,66.7533,68.1175,69.0000,68.0661,66.4831,0.0000,0.0000,0.0000,0.0000,0.0000,0.0000,0.0000,0.0000,0.0000,0.0000,0.0000,0.0000
1700000033.300000,-67.0,33.9706,36.0555,39.3573,43.4626,47.7598,53.1413,58.1893,61.3514,66.7308,69.6419,71.8679,73.5391,74.8465,73.9256,71.5542,74.2496,70.2140,69.3181,67.9779,63.9531,64.8845,62.1772,60.8276,57.7754,56.8595,54.7814,51.8652,49.3356,45.8912,47.6760,43.4166,44.0454,46.0000,45.0111,47.0425,50.2494,52.6118,51.4781,54.7449,53.7587,56.5685,55.7315,62.5140,59.2115,61.0737,62.0322,63.0079,65.0077,66.2722,66.6108,64.5368,65.8027,0.0000,0.0000,0.0000,0.0000,0.0000,0.0000,0.0000,0.0000,0.0000,0.0000,0.0000,0.0000
1700000033.350000,-58.4,34.0147,37.6563,41.1096,44.0114,50.0400,52.0384,59.1354,65.1920,67.0671,71.0634,72.0278,76.0263,76.0263,75.0000,74.1080,77.1038,70.0643,70.1142,67.0298,67.1193,65.1230,63.1269,61.0737,60.0000,57.0088,57.0351,50.1597,50.6360,44.7214,48.2701,44.2719,45.8803,47.0106,44.7214,47.8853,49.6488,50.2195,51.0392,53.6004,56.0357,59.6406,56.0357,62.9682,60.7454,61.0574,61.7738,64.8460,66.3099,67.0671,66.4078,67.1863,63.9531,0.0000,0.0000,0.0000,0.0000,0.0000,0.0000,0.0000,0.0000,0.0000,0.0000,0.0000,0.0000
1700000033.400000,-61.5,36.8917,39.6989,40.6079,47.0106,52.8394,56.9386,61.4003,65.8635,68.6003,71.8679,76.8505,78.2304,77.9359,78.7718,76.2168,77.8010,73.6003,72.8011,69.0290,68.8840,66.7083,65.4370,63.6003,60.4649,61.0328,57.6888,54.5894,52.3259,50.1597,49.7695,48.0833,47.8017,49.0306,47.6760,50.4876,53.1507,53.0377,56.0803,57.0789,57.0351,61.0328,61.0082,63.1269,62.2013,63.3877,65.9242,68.2495,69.6348,69.9214,69.5701,70.7743,67.5352,0.0000,0.0000,0.0000,0.0000,0.0000,0.0000,0.0000,0.0000,0.0000,0.0000,0.0000,0.0000
1700000033.450000,-62.0,34.4384,36.0555,39.4588,43.2897,50.0100,53.0377,58.0086,61.0000,65.0000,69.0072,72.0278,75.0600,74.1080,74.1687,72.3395,75.2396,70.2567,69.4622,68.4690,67.3647,65.2763,62.2013,59.1354,59.0762,58.0345,54.0093,50.0100,50.2494,47.3814,46.5296,44.3847,48.0833,45.5412,46.0977,47.4236,47.8853,49.2443,49.7393,53.8516,52.6973,57.8014,56.0803,60.9016,59.5399,59.9333,62.6099,65.0000,64.8460,68.3081,64.2884,66.4906,66.3702,0.0000,0.0000,0.0000,0.0000,0.0000,0.0000,0.0000,0.0000,0.0000,0.0000,0.0000,0.0000
1700000033.500000,-63.4,34.7851,38.4708,42.0119,48.0937,51.2445,56.3205,61.4003,66.4831,69.7209,71.7008,75.4255,79.4040,78.2304,78.2304,79.0253,77.0065,76.0592,71.0000,74.0068,70.0000,68.0000,67.0000,65.0077,61.2944,60.1332,58.2151,53.6004,50.9902,52.3927,49.3356,49.0408,49.7695,47.8539,48.3735,50.2494,53.0094,53.8238,53.6004,57.2014,58.6003,58.6003,61.4003,63.0079,62.6817,63.5138,64.4981,67.1193,68.4471,68.0294,69.2892,69.2604,68.4471,0.0000,0.0000,0.0000,0.0000,0.0000,0.0000,0.0000,0.0000,0.0000,0.0000,0.0000,0.0000
1700000033.550000,-59.9,37.1618,37.2156,42.6380,45.2769,50.2096,53.0754,60.8769,64.4438,69.3109,73.5527,76.3806,77.7817,77.8332,75.8222,75.9276,80.7217,72.3464,73.2462,68.2495,67.6240,67.2012,64.6607,63.8905,60.8769,60.2080,57.2800,54.4518,51.8556,48.0104,49.9300,44.2945,46.9574,47.4236,48.4665,51.2640,52.4976,55.0818,52.6308,57.0088,57.0088,62.0967,59.4390,64.8460,62.9365,65.1460,62.7694,66.7083,67.5352,70.2353,67.4166,68.8186,66.7083,0.0000,0.0000,0.0000,0.0000,0.0000,0.0000,0.0000,0.0000,0.0000,0.0000,0.0000,0.0000
1700000033.600000,-64.2,35.7771,37.6431,43.1856,47.8017,52.2015,54.9181,61.0574,65.0000,70.1783,72.1110,74.8866,76.8440,78.6003,79.2023,77.9872,78.2432,75.2861,71.5891,71.2180,69.0290,67.3573,66.7083,64.6607,64.2028,60.4649,57.4282,52.8394,53.7122,51.4296,49.7695,48.3839,48.7647,50.2195,49.0306,51.3517,51.2445,54.0833,53.1507,57.0789,58.0775,60.1332,61.1310,66.1891,63.1269,63.2851,65.7647,67.2681,69.1231,70.8802,67.0671,68.9420,68.4763,0.0000,0.0000,0.0000,0.0000,0.0000,0.0000,0.0000,0.0000,0.0000,0.0000,0.0000,0.0000
1700000033.650000,-65.6,32.7567,35.8469,38.8330,43.0116,47.8017,53.2635,57.3847,60.9590,63.8905,67.4759,72.4707,73.2462,73.6003,73.6003,74.8866,70.4557,71.2811,67.9559,69.6348,66.0379,62.9682,62.1289,58.2495,59.0339,57.2014,54.8179,51.0882,50.2494,48.1041,46.0977,45.4533,44.6542,45.7930,47.0106,46.9574,47.0106,49.9800,52.0000,53.4883,55.7136,55.5428,58.3095,60.5392,59.5063,59.5063,60.4152,64.4981,62.9682,63.8201,63.4114,65.1920,65.7647,0.0000,0.0000,0.0000,0.0000,0.0000,0.0000,0.0000,0.0000,0.0000,0.0000,0.0000,0.0000
1700000033.700000,-60.7,34.3657,38.2753,43.3820,47.5079,54.0833,58.0086,61.6117,67.0075,71.4003,73.2393,76.0066,79.8812,81.3019,80.1311,79.6492,77.8267,77.8267,72.8972,74.3034,70.7107,69.7711,67.2309,63.1348,63.2851,60.7454,59.9083,55.2178,54.6717,53.2635,49.5177,49.5177,51.8556,51.4004,54.0833,53.8516,53.7122,55.0091,57.7062,59.4811,61.7171,62.6498,64.8845,66.7308,67.2309,66.3702,68.5055,69.6348,71.0634,72.3464,70.7107,73.6614,71.4003,0.0000,0.0000,0.0000,0.0000,0.0000,0.0000,0.0000,0.0000,0.0000,0.0000,0.0000,0.0000
1700000033.750000,-60.4,36.4006,39.8246,43.8292,49.8197,54.5619,58.6941,64.3506,67.1789,71.4213,75.0067,76.4853,80.7217,81.5659,81.0555,79.8123,78.1025,78.4092,75.0000,74.6525,72.4707,70.6045,68.2495,64.6607,65.1920,63.0317,59.4138,55.9017,53.2635,53.6004,49.0918,49.3964,53.2259,50.6952,51.6236,52.8110,52.2015,55.5428,57.2800,59.2030,61.8466,61.3922,64.7611,64.5601,66.4831,66.4831,67.0522,68.7095,69.8570,69.7711,73.2462,72.9452,70.6045,0.0000,0.0000,0.0000,0.0000,0.0000,0.0000,0.0000,0.0000,0.0000,0.0000,0.0000,0.0000
1700000033.800000,-63.1,35.0000,39.4588,42.4500,48.3839,49.7695,55.9464,61.8466,64.0781,68.1542,71.6938,75.3923,76.3217,80.0562,78.1089,78.1601,75.0000,75.2861,69.6419,70.6045,69.1231,66.9403,65.2533,62.2977,62.9682,60.7454,59.0931,55.0091,52.3259,52.8394,47.7074,49.6488,48.4149,50.3289,47.3814,51.6624,51.7397,53.4135,54.0370,57.4891,60.4401,61.2209,62.6259,63.8905,63.1269,64.3817,64.3817,67.8970,67.4759,67.0075,70.4557,69.6419,68.4251,0.0000,0.0000,0.0000,0.0000,0.0000,0.0000,0.0000,0.0000,0.0000,0.0000,0.0000,0.0000
1700000033.850000,-58.1,34.0000,35.3553,42.0595,44.9444,48.8467,54.2310,60.8358,63.1585,67.6240,70.9366,74.4648,74.6726,77.8332,75.2728,73.7631,74.6324,71.1688,71.5681,69.5701,68.9638,65.8027,64.5136,61.9839,62.2415,58.8727,56.4624,52.3546,51.6236,49.4065,48.6004,47.6340,48.7955,50.2494,48.9183,50.4480,52.8015,53.2541,55.2178,56.0357,56.3028,59.3633,59.3633,62.6817,63.6003,63.6003,64.0312,65.8559,67.2086,67.9412,68.1175,68.0074,66.0379,0.0000,0.0000,0.0000,0.0000,0.0000,0.0000,0.0000,0.0000,0.0000,0.0000,0.0000,0.0000
1700000033.900000,-61.4,36.4006,37.1214,41.7852,45.5412,51.4198,57.2713,62.3699,63.7887,71.5891,71.8053,77.2010,79.1202,78.4474,78.7464,76.5506,78.7464,74.6726,73.3894,69.2604,68.9493,66.1287,67.7200,64.5136,61.1310,61.4003,59.6657,55.1090,54.5894,50.2494,52.0384,49.0102,50.1597,51.2445,51.3517,52.1728,54.3415,55.3173,55.7853,59.6657,60.1664,61.1310,60.8769,63.7887,62.8172,66.0984,66.0984,67.7422,68.3593,69.0290,69.0072,69.1809,68.0661,0.0000,0.0000,0.0000,0.0000,0.0000,0.0000,0.0000,0.0000,0.0000,0.0000,0.0000,0.0000
1700000033.950000,-59.8,34.9285,38.3275,43.4166,48.2597,53.0094,57.0088,60.0000,65.0077,70.0071,74.0608,77.0584,76.1052,79.2275,77.4145,76.7919,77.4145,74.4312,70.8590,71.4493,70.4557,67.7422,66.3702,63.3877,62.1289,61.1310,58.0086,56.0089,54.0833,50.2494,51.6236,49.0306,49.4773,49.0408,50.6952,52.3927,54.1295,55.9017,55.9017,59.0593,59.5399,59.0593,61.2944,65.2993,66.2118,63.5610,65.0000,66.1287,68.0074,68.8840,70.8308,68.4690,68.1836,0.0000,0.0000,0.0000,0.0000,0.0000,0.0000,0.0000,0.0000,0.0000,0.0000,0.0000,0.0000
1700000034.000000,-63.7,37.0135,39.9625,43.4626,49.0408,54.1202,58.2409,64.0312,66.9403,73.4983,74.0405,77.4919,79.4040,79.4040,81.2711,80.0562,80.0562,76.5506,75.3923,73.6817,71.5122,70.2282,69.5701,64.1950,62.0967,62.0967,60.6383,57.5587,56.4358,52.1536,53.0000,51.0392,50.1597,53.4603,50.6360,53.6004,54.8179,55.0818,56.6127,56.6127,61.0328,60.4070,65.1460,65.1460,64.8460,65.2533,67.4685,68.4471,72.0069,71.7008,69.0652,71.0000,71.1126,0.0000,0.0000,0.0000,0.0000,0.0000,0.0000,0.0000,0.0000,0.0000,0.0000,0.0000,0.0000
1700000034.050000,-62.2,34.4384,37.4433,42.4500,46.6905,51.8556,55.6058,59.8164,65.4370,68.8840,71.7008,75.0067,75.8222,77.1038,75.6637,76.4199,74.9667,73.5527,70.8378,72.8354,68.6222,67.9412,65.0692,62.2415,61.5549,61.5224,58.0517,54.0370,53.6004,51.8652,49.7393,50.6063,48.7545,48.8467,49.0408,51.5461,51.2445,55.7853,55.3624,56.5155,57.7235,58.9406,60.6383,61.1310,61.6847,64.5601,64.5136,67.2309,64.8845,66.6483,68.0955,68.2422,67.6240,0.0000,0.0000,0.0000,0.0000,0.0000,0.0000,0.0000,0.0000,0.0000,0.0000,0.0000,0.0000
1700000034.100000,-63.6,35.6931,37.0540,42.1070,45.2769,53.9351,54.5711,60.6383,64.5368,67.4685,72.5672,75.5050,75.3127,77.7817,76.7919,73.4370,76.5310,71.4493,70.3491,69.2604,69.2604,67.1863,64.3817,63.2851,62.9682,59.8415,58.4637,55.0818,53.1601,49.0408,51.4781,47.8539,49.7393,49.7393,49.0918,51.6140,54.0370,53.9073,54.6717,56.6392,56.7274,60.8769,58.0517,64.6607,61.7171,64.2028,65.2150,63.8122,65.8635,69.3542,68.4471,68.5420,66.0984,0.0000,0.0000,0.0000,0.0000,0.0000,0.0000,0.0000,0.0000,0.0000,0.0000,0.0000,0.0000
1700000034.150000,-61.8,34.0588,37.6563,42.3792,47.5395,50.5668,57.2451,59.5399,64.8845,69.3542,69.3181,75.1332,76.4853,77.4726,76.1577,75.7694,74.8465,75.2396,71.6938,72.2357,68.9420,66.3099,65.3070,61.2699,62.6099,60.3738,58.1808,54.0833,51.6140,50.6063,49.5782,49.4975,49.6790,49.8197,48.8262,52.6973,52.4786,55.9464,53.8516,57.7062,59.4811,60.4152,62.6498,61.7738,63.1348,65.0000,64.6607,66.0303,67.2012,66.7083,69.3542,68.6222,67.6240,0.0000,0.0000,0.0000,0.0000,0.0000,0.0000,0.0000,0.0000,0.0000,0.0000,0.0000,0.0000
1700000034.200000,-66.2,35.0000,38.9487,41.0488,48.0208,52.1536,57.2451,62.6099,66.6483,69.8355,71.5891,75.5910,78.3901,79.7559,78.0320,78.7718,74.3303,76.2758,71.0282,74.8866,72.1110,69.6348,65.4599,61.0574,64.0078,61.7738,60.8276,55.1543,52.5547,53.7587,49.7293,49.4773,50.4876,51.3517,51.2445,51.0098,51.0098,54.0833,56.1427,58.0775,61.1310,59.1354,62.0725,62.0322,65.0692,66.0076,66.0303,68.1836,68.4690,68.7314,70.4060,68.8840,69.2892,0.0000,0.0000,0.0000,0.0000,0.0000,0.0000,0.0000,0.0000,0.0000,0.0000,0.0000,0.0000
1700000034.250000,-61.8,35.4683,38.0789,42.0119,46.0109,51.6624,57.9828,61.5224,67.1789,71.4213,72.1249,77.1038,77.7946,79.2465,80.1561,78.2432,74.6525,76.0592,72.8011,72.8011,72.4707,68.4105,66.8431,62.3699,64.4438,60.8276,59.3970,56.6392,54.2033,55.0000,52.1536,50.6063,52.3546,52.8015,52.3927,53.4883,53.4509,55.0818,56.3205,59.9083,63.0635,61.4003,64.8460,64.1950,65.4599,67.4166,65.0000,68.9420,69.3542,70.7107,70.1783,71.0282,70.1783,0.0000,0.0000,0.0000,0.0000,0.0000,0.0000,0.0000,0.0000,0.0000,0.0000,0.0000,0.0000
1700000034.300000,-59.7,35.1141,39.4588,42.1900,49.0102,56.0357,58.0345,62.0725,69.0290,71.0070,75.0267,78.0064,79.0000,80.0062,81.0000,78.1025,79.1581,77.2334,74.1687,72.0625,71.2531,69.3542,68.2642,65.1230,63.0317,62.0081,60.0333,58.1378,56.2228,53.6004,52.1728,50.6952,50.9608,51.2445,51.8652,53.3104,55.0364,55.4707,57.2451,59.1693,60.4152,61.2944,63.9531,64.4127,64.8460,65.0000,66.4831,68.6222,69.6419,69.8570,70.4060,69.8713,70.1142,0.0000,0.0000,0.0000,0.0000,0.0000,0.0000,0.0000,0.0000,0.0000,0.0000,0.0000,0.0000
1700000034.350000,-62.4,35.0571,39.1152,44.1475,48.0833,55.3624,57.5847,62.9682,65.5515,73.6817,75.2728,78.7464,78.7464,79.4040,79.1202,77.8781,78.8543,76.6877,75.9276,72.7805,70.8308,69.8570,68.8840,65.0000,64.1950,62.9365,59.1354,55.7136,56.8595,52.7731,54.7083,52.1536,51.8652,52.6308,52.4976,54.4885,55.1725,58.0000,56.5862,58.7282,60.1415,63.6553,63.0317,67.8822,62.2254,64.3817,66.6033,68.4105,69.6348,70.7248,71.3442,70.6612,68.1542,0.0000,0.0000,0.0000,0.0000,0.0000,0.0000,0.0000,0.0000,0.0000,0.0000,0.0000,0.0000
1700000034.400000,-64.5,34.4093,40.3113,43.0813,49.6488,52.2015,59.2030,64.0312,68.4105,72.8011,73.7631,79.5550,80.5233,80.3617,79.3788,81.7068,80.3243,79.3788,74.6726,74.6726,72.4500,69.2892,67.0671,65.1460,66.2193,64.0312,62.8172,56.7186,54.7449,56.0803,54.0370,53.0094,54.0093,54.3323,54.3323,54.9181,56.5155,58.2409,57.2800,60.0833,62.6418,63.6003,65.9697,66.9403,67.9117,67.2681,68.8840,70.4557,71.1758,71.1126,71.0282,72.0278,70.5762,0.0000,0.0000,0.0000,0.0000,0.0000,0.0000,0.0000,0.0000,0.0000,0.0000,0.0000,0.0000
1700000034.450000,-60.0,34.9285,39.1152,42.0476,47.2652,50.6360,56.5685,59.6825,62.6498,66.6108,69.4622,73.5527,75.5381,76.4199,75.2396,76.1052,74.1080,73.0616,69.0290,70.1142,68.0661,66.0076,64.1249,61.1310,61.5224,59.6825,57.7062,54.1295,51.6624,53.4509,48.7032,49.3964,49.2443,48.7545,50.2494,50.7740,51.0392,53.6004,53.6004,56.2228,57.0088,56.4004,59.8164,61.0328,62.6817,62.9682,61.7738,64.4981,65.7419,64.4748,68.1542,68.6222,66.2193,0.0000,0.0000,0.0000,0.0000,0.0000,0.0000,0.0000,0.0000,0.0000,0.0000,0.0000,0.0000
1700000034.500000,-59.5,34.2345,35.4401,41.2311,46.0652,49.6488,55.2268,61.9112,62.7694,67.6018,71.1196,75.1332,75.1332,78.2943,76.9675,76.3217,74.7329,73.4098,72.4983,70.9366,67.7791,65.1920,65.3070,62.6498,61.2944,60.8276,57.8014,57.1402,53.2541,53.0094,51.8556,49.6790,50.9313,50.2494,51.8556,53.4135,53.6004,56.3028,56.8595,58.5235,58.5235,60.7454,62.6817,64.4050,63.0079,64.8151,66.0681,66.6033,68.5930,68.6222,68.8840,69.4046,68.6003,0.0000,0.0000,0.0000,0.0000,0.0000,0.0000,0.0000,0.0000,0.0000,0.0000,0.0000,0.0000
1700000034.550000,-63.4,33.3017,36.2353,41.6173,46.3249,50.6063,54.5894,62.6099,65.7647,69.3542,72.0694,77.4145,75.6637,75.2928,77.1751,73.4983,77.3886,72.4017,72.6705,67.9559,70.1783,64.3506,63.8122,63.2851,62.6099,60.8276,57.6975,56.6480,54.4243,50.9608,53.3667,50.9902,51.4781,52.1536,50.1597,53.0000,56.0000,56.0803,57.0351,58.1378,59.1354,62.0322,60.0750,65.0692,63.0079,65.0000,67.0298,67.1193,68.2642,69.4622,69.0507,68.8840,68.6222,0.0000,0.0000,0.0000,0.0000,0.0000,0.0000,0.0000,0.0000,0.0000,0.0000,0.0000,0.0000
1700000034.600000,-61.3,33.5410,38.0132,42.1900,47.5184,53.6004,57.8705,61.9839,65.9242,70.7107,71.1969,73.8241,78.0897,77.6466,77.5242,77.1622,77.1622,75.0600,73.0616,69.1809,68.1836,66.1211,67.2681,64.2806,62.8013,61.8142,57.8705,56.7539,54.8179,54.0833,52.5547,51.0784,50.9902,52.3259,51.9711,54.9181,53.6004,57.0088,57.0088,59.0339,59.8164,62.0081,63.6003,64.4050,65.2150,65.1920,65.0000,66.7308,68.8767,68.4471,70.3847,68.6222,69.8570,0.0000,0.0000,0.0000,0.0000,0.0000,0.0000,0.0000,0.0000,0.0000,0.0000,0.0000,0.0000
1700000034.650000,-62.7,36.2353,38.0789,42.5441,48.7032,52.4976,56.3205,61.1310,65.2533,69.9214,73.0821,76.2168,78.1089,78.4347,77.2528,77.6209,75.2728,73.7360,71.6938,71.5122,70.5762,67.4166,66.1287,62.6259,63.3246,61.4003,58.5235,54.1295,53.6004,53.3385,51.0392,52.0000,52.0384,51.1566,51.3517,51.9711,53.3667,55.5428,55.5428,57.9741,59.6657,59.9083,60.1664,63.5610,63.5610,64.5368,66.0984,66.7533,68.2642,68.0661,69.0000,68.0294,68.3593,0.0000,0.0000,0.0000,0.0000,0.0000,0.0000,0.0000,0.0000,0.0000,0.0000,0.0000,0.0000
1700000034.700000,-62.8,37.0540,39.8121,44.9444,47.9270,53.2353,56.3649,61.7414,66.1891,69.3542,72.9178,74.2496,76.4853,76.9675,78.0000,76.5506,78.4347,74.3303,73.3894,70.2282,69.8928,68.6222,68.6222,64.2573,64.4748,62.6498,58.6003,55.9017,54.5894,51.8652,52.4309,51.4004,52.4976,51.7397,53.0377,53.7401,53.9073,55.4437,57.2014,57.8014,59.8164,60.4401,62.6259,64.5368,63.7809,65.7647,66.4831,65.8559,67.6240,67.8012,67.2012,70.7248,69.3181,0.0000,0.0000,0.0000,0.0000,0.0000,0.0000,0.0000,0.0000,0.0000,0.0000,0.0000,0.0000
1700000034.750000,-62.6,37.1214,39.1152,44.7214,51.6624,55.0818,58.5235,64.5136,68.6222,72.7324,75.0000,78.8480,80.5233,80.2808,79.8311,78.0897,78.8543,76.2955,73.3485,73.7564,72.3671,70.2140,68.6586,64.7611,65.0000,63.0635,61.0328,57.0088,55.1543,54.5619,53.7122,52.8394,54.3783,52.2015,54.0370,55.9732,55.9017,57.2800,57.9828,60.1082,60.1082,62.2254,64.3817,67.8970,66.6033,68.6804,66.7083,68.4105,70.2140,71.8679,72.0694,70.6612,70.2282,0.0000,0.0000,0.0000,0.0000,0.0000,0.0000,0.0000,0.0000,0.0000,0.0000,0.0000,0.0000
1700000034.800000,-61.6,34.6699,38.8973,41.8688,47.0106,51.3128,56.3028,60.7454,63.5138,68.5055,69.8928,74.8866,76.2758,77.4209,75.8024,76.6942,74.2024,72.6223,69.6563,70.6045,69.8140,66.8431,67.2012,63.0079,61.2944,62.9682,58.3095,55.0091,55.0091,54.2310,51.8652,51.5461,51.9230,51.1957,52.7731,53.3385,53.3385,54.0833,55.0818,59.1354,58.1378,62.0322,62.0725,64.2806,64.1950,63.3877,63.6396,65.9242,67.6831,68.4105,67.0522,69.0797,68.8767,0.0000,0.0000,0.0000,0.0000,0.0000,0.0000,0.0000,0.0000,0.0000,0.0000,0.0000,0.0000
1700000034.850000,-62.2,37.8550,39.9249,44.2945,50.2494,52.4309,59.6406,64.2028,68.5055,71.8471,73.4983,78.7718,80.1561,80.2621,80.2621,78.7718,78.0320,78.0320,71.1969,73.5731,70.7107,68.4763,67.7422,63.2851,64.6375,63.0079,63.6003,58.1378,55.9017,57.2800,55.2268,53.9073,51.8556,53.8238,54.9181,56.0803,55.4707,59.0339,58.1378,58.6003,62.6498,63.5059,65.7419,66.1891,67.5352,67.2309,67.7422,67.9559,71.6101,69.6563,70.9366,70.0071,70.1783,0.0000,0.0000,0.0000,0.0000,0.0000,0.0000,0.0000,0.0000,0.0000,0.0000,0.0000,0.0000
1700000034.900000,-64.7,35.5106,35.0143,45.0999,46.2709,53.4603,53.9351,58.8558,62.9682,69.2315,71.7008,71.5681,75.4255,76.2365,76.1643,73.0616,75.2396,69.1158,73.0616,67.1193,68.0661,67.1193,66.1211,63.1269,59.5399,59.4138,58.5491,54.5711,54.5711,49.0408,54.0833,47.1699,49.7695,50.9902,49.7393,51.8652,53.2541,53.8238,54.6443,55.8032,54.6443,61.0328,57.4282,64.6375,60.4649,62.9682,62.7694,64.0078,65.7419,68.9420,65.4599,65.5210,66.2873,0.0000,0.0000,0.0000,0.0000,0.0000,0.0000,0.0000,0.0000,0.0000,0.0000,0.0000,0.0000
1700000034.950000,-65.3,37.8021,40.8167,47.4236,51.6236,54.7083,60.0833,65.1460,68.9638,73.0548,75.8947,80.9938,81.2711,81.1542,80.7775,78.7210,79.2023,76.9675,75.1532,73.8241,71.5891,69.3181,68.4471,67.1193,64.8460,63.5689,62.9365,60.4401,57.7235,56.5685,56.3205,52.3450,53.0848,53.0094,53.0377,56.0803,57.1402,58.3095,59.4138,61.5224,61.5224,63.5059,63.5059,66.3702,66.2722,67.1193,68.0294,70.0071,70.0643,72.2496,71.7008,72.1803,70.6045,0.0000,0.0000,0.0000,0.0000,0.0000,0.0000,0.0000,0.0000,0.0000,0.0000,0.0000,0.0000
1700000035.000000,-60.6,33.5261,37.6563,42.1900,47.0956,51.0098,55.0091,60.0333,63.0079,69.0072,70.0286,72.0625,75.1066,75.1665,76.1643,75.4255,74.1080,72.2496,68.2642,68.2642,66.3702,65.3758,64.1249,60.0750,60.0083,60.0333,57.0088,55.2268,52.3450,50.6360,51.1957,49.2443,48.7647,50.3289,49.7695,51.8941,52.3259,54.1202,54.1202,55.4707,56.3560,56.8243,59.1693,61.7171,61.7414,61.2699,62.6498,62.7694,66.1287,63.6003,64.0312,67.0820,65.1920,0.0000,0.0000,0.0000,0.0000,0.0000,0.0000,0.0000,0.0000,0.0000,0.0000,0.0000,0.0000
1700000035.050000,-62.9,37.6563,41.0488,46.0435,50.1597,53.4603,58.4209,63.5059,68.3593,73.3348,74.4312,78.4092,78.1601,79.1581,79.1012,78.0064,80.0062,76.0000,74.0068,73.0069,70.0000,69.0290,67.0000,64.0078,65.3758,63.2851,59.3043,58.4209,55.9017,54.8179,54.4059,53.4509,52.8110,56.0803,53.7122,54.1295,56.3560,58.3095,57.4543,60.5392,61.0574,62.7694,63.6318,65.0000,64.4981,67.5426,67.6240,68.1542,69.8928,68.3081,69.3758,69.4262,68.2642,0.0000,0.0000,0.0000,0.0000,0.0000,0.0000,0.0000,0.0000,0.0000,0.0000,0.0000,0.0000
1700000035.100000,-62.9,38.2753,41.6293,46.2385,51.6624,55.7853,60.6383,66.4906,70.6116,73.9797,77.2010,79.6994,80.9568,81.2711,81.9329,80.4114,81.2711,79.3788,75.3923,74.6726,72.4500,70.9366,69.8928,67.0671,67.7200,64.8460,63.0635,61.0000,57.5587,56.3205,57.0789,52.0865,53.0094,57.1402,54.1479,57.5587,58.5491,60.8276,61.0000,61.0000,61.8142,63.1506,64.3273,68.0661,68.4690,67.4759,70.2567,71.1126,71.0070,71.0282,71.3442,71.8471,70.6116,0.0000,0.0000,0.0000,0.0000,0.0000,0.0000,0.0000,0.0000,0.0000,0.0000,0.0000,0.0000
1700000035.150000,-64.5,35.8469,38.8330,43.5660,49.0918,52.0096,57.0088,62.0322,66.0303,69.0000,73.0274,75.1066,78.1601,77.2334,78.3135,77.5242,76.2365,74.3303,73.4370,71.2531,69.2604,67.3647,68.1836,64.1950,64.0312,62.0322,61.0082,57.0789,55.2268,54.4518,52.6118,50.0100,53.1601,51.8652,51.8652,52.9245,55.9464,55.0091,56.7979,58.1378,59.0593,60.8276,59.9416,64.4050,63.5059,62.6498,64.0781,67.0671,67.3573,67.7200,69.4262,67.7422,66.1891,0.0000,0.0000,0.0000,0.0000,0.0000,0.0000,0.0000,0.0000,0.0000,0.0000,0.0000,0.0000
1700000035.200000,-62.2,41.4005,44.2945,48.8467,55.1543,58.8218,64.1950,69.8928,74.3303,79.3788,80.6536,82.6378,85.4400,86.0058,85.6154,85.8662,85.0000,85.0882,78.2624,79.6241,77.3886,74.2428,75.1532,69.7782,69.2892,70.0071,67.3573,65.5210,59.9083,62.3699,58.6941,58.3095,58.5491,60.0750,58.0000,62.0000,61.0737,64.1249,63.1269,64.1950,65.2763,66.1891,70.1142,70.1783,70.0286,71.0000,71.0282,75.1066,76.4199,73.8241,77.4661,75.1864,75.8947,0.0000,0.0000,0.0000,0.0000,0.0000,0.0000,0.0000,0.0000,0.0000,0.0000,0.0000,0.0000
1700000035.250000,-63.6,39.2938,41.3038,47.0000,53.0377,56.1427,60.2993,66.2722,70.3491,74.2428,77.1038,81.0987,80.0250,83.0060,81.0000,84.0238,81.0000,78.0064,77.0260,76.0066,75.0067,72.0278,71.0000,68.0074,68.0661,66.0681,63.1981,60.5310,58.5491,57.0701,58.2409,55.0818,54.7083,55.1543,54.7814,56.7979,57.2451,60.5392,60.9016,60.9016,61.4003,65.8635,66.3702,67.6018,68.4763,68.8840,67.9779,70.0071,71.5122,70.8802,72.0347,72.0069,70.2567,0.0000,0.0000,0.0000,0.0000,0.0000,0.0000,0.0000,0.0000,0.0000,0.0000,0.0000,0.0000
1700000035.300000,-58.5,34.6699,37.5899,42.3792,49.3356,52.8867,58.9406,60.8769,65.9697,69.3758,71.3092,74.3303,78.1601,75.2728,75.6108,75.3923,75.9605,74.0945,71.3092,70.9366,68.7095,66.7308,66.1287,62.6259,63.6003,60.7289,60.1664,57.0701,53.9351,53.4603,53.1507,52.1536,52.0096,53.0377,51.0882,53.2353,55.3263,56.7186,55.5788,56.5685,59.0339,58.8558,63.6396,62.6498,64.2806,66.3702,64.1249,66.1211,67.0000,68.0294,67.2681,68.7314,66.9403,0.0000,0.0000,0.0000,0.0000,0.0000,0.0000,0.0000,0.0000,0.0000,0.0000,0.0000,0.0000
1700000035.350000,-67.8,37.6962,41.2311,47.3814,50.0899,56.0089,59.0085,65.0692,67.0298,73.0274,75.1066,78.1601,79.1581,79.4040,78.5175,78.2624,78.7718,73.6817,74.1485,71.7008,71.7008,67.7422,67.7422,65.4905,66.1891,63.1981,62.0725,58.0345,56.0000,54.0370,55.2268,52.4690,53.7587,54.9181,52.6308,55.0818,55.0273,58.5235,57.2451,59.4643,59.8080,62.6259,60.0833,65.1460,63.6003,65.5210,65.9697,67.4685,69.7209,69.5845,69.1809,70.0071,68.1175,0.0000,0.0000,0.0000,0.0000,0.0000,0.0000,0.0000,0.0000,0.0000,0.0000,0.0000,0.0000
1700000035.400000,-63.6,37.4833,41.2311,45.3100,50.5668,55.9017,61.2944,64.8845,68.8840,73.3553,75.1332,77.8203,81.8413,81.0247,82.4621,80.4114,81.1542,77.0779,74.8465,74.7329,73.0069,71.1758,70.6824,67.6240,64.8845,65.2993,63.1348,59.6825,59.9083,55.8032,56.7274,56.6392,56.5685,53.9073,55.9732,55.6058,58.0086,58.6003,60.4649,61.8547,62.1289,64.6375,66.0303,67.2012,67.2012,66.4003,68.2495,71.0634,71.4493,72.8354,72.3464,71.6101,72.4017,0.0000,0.0000,0.0000,0.0000,0.0000,0.0000,0.0000,0.0000,0.0000,0.0000,0.0000,0.0000
1700000035.450000,-59.3,38.4838,42.2019,48.3735,53.2353,61.0737,63.0317,69.0652,74.1080,76.0592,80.2247,81.3941,84.3801,85.7088,85.0000,82.0366,84.8528,80.0625,80.0625,76.9415,76.6551,72.0069,71.7008,70.8590,68.2642,67.1863,66.1211,62.0081,61.0082,59.2115,60.2993,56.4358,57.0701,58.6941,56.0446,60.4070,60.4070,62.6259,61.6847,63.3246,65.1920,67.0671,67.0671,70.2282,67.0671,70.5195,70.6045,72.7805,75.5050,76.7919,74.2428,74.0068,74.0608,0.0000,0.0000,0.0000,0.0000,0.0000,0.0000,0.0000,0.0000,0.0000,0.0000,0.0000,0.0000
1700000035.500000,-60.4,38.2099,40.6079,48.8774,49.2443,57.2451,58.6003,67.1193,67.5426,72.9178,76.4788,78.2624,80.1311,81.8841,81.1234,80.7775,80.6226,74.7930,78.3901,72.2011,73.5731,70.3278,69.7711,68.0000,65.3070,65.7419,62.2415,59.4643,61.0328,53.8516,55.1090,52.9528,54.3323,56.1427,56.0803,56.0089,58.0086,58.0345,59.0339,61.1310,60.2080,65.2763,63.1981,67.1193,63.1269,67.0671,67.0298,68.0074,70.0643,72.4431,71.0211,71.5891,70.5195,0.0000,0.0000,0.0000,0.0000,0.0000,0.0000,0.0000,0.0000,0.0000,0.0000,0.0000,0.0000
1700000035.550000,-63.8,38.8973,41.0488,46.5296,51.4781,57.3847,61.0983,66.8506,70.5762,74.8465,78.1857,80.2309,83.2586,81.8596,81.8596,82.2982,80.9568,79.1770,76.0263,74.6860,72.9178,70.6612,71.5891,68.9420,67.7791,65.7875,64.5136,60.4401,58.9406,58.4637,57.5587,54.4518,56.0803,56.0089,55.0000,57.0088,58.0775,59.3043,62.2013,62.2013,63.3877,65.2763,66.2722,68.3593,66.1211,67.0671,68.0000,69.0072,71.0634,73.2462,70.5762,72.1803,71.5681,0.0000,0.0000,0.0000,0.0000,0.0000,0.0000,0.0000,0.0000,0.0000,0.0000,0.0000,0.0000
1700000035.600000,-61.7,36.8917,41.1461,45.8803,49.6488,54.1202,59.6657,64.0312,67.4463,72.8011,71.8401,79.0569,79.3788,79.7120,80.4114,80.6226,78.1857,75.9605,72.2357,73.5391,70.9366,68.5420,68.6222,63.3246,65.1460,64.1950,60.1664,59.4390,58.0517,55.5788,54.2310,54.1479,55.0091,54.0000,54.0000,55.1453,56.1427,57.4282,58.3095,61.4003,62.5140,62.5140,63.5059,65.4905,65.3758,65.2763,65.0308,67.0075,69.0072,69.1809,68.5930,69.6348,69.9214,0.0000,0.0000,0.0000,0.0000,0.0000,0.0000,0.0000,0.0000,0.0000,0.0000,0.0000,0.0000
1700000035.650000,-63.1,37.2156,40.3113,45.8803,50.6952,57.7235,57.2713,63.1506,67.2681,70.6116,73.0069,77.3692,78.8480,79.4040,79.4040,78.1089,77.8845,73.0821,74.3303,72.1249,72.1249,68.3081,68.1542,64.8460,63.5610,63.5610,60.2080,58.3095,57.1402,54.0000,56.0357,54.0093,54.0833,54.3323,53.6004,53.9351,55.5428,55.7853,57.9741,57.7235,58.9406,62.9365,61.9839,64.2884,62.8172,64.7611,66.2873,67.8970,67.4759,69.2604,69.0290,70.0071,67.4759,0.0000,0.0000,0.0000,0.0000,0.0000,0.0000,0.0000,0.0000,0.0000,0.0000,0.0000,0.0000
1700000035.700000,-58.2,37.6962,41.0000,47.5184,52.3450,57.0789,63.0714,64.0703,69.1809,74.1687,75.1066,80.3057,81.3019,81.4985,81.6150,82.0366,81.7435,78.0897,75.1332,75.5381,70.7107,70.4557,68.5930,66.6108,66.0681,64.1249,64.0703,61.0737,58.0775,58.2151,55.5788,54.9181,55.5428,55.7853,55.6597,56.6480,56.6480,59.2368,57.7754,60.8358,62.6498,64.4748,64.4748,67.2309,67.6240,68.7095,67.3573,69.5701,72.0347,69.8570,70.7107,70.3491,71.0282,0.0000,0.0000,0.0000,0.0000,0.0000,0.0000,0.0000,0.0000,0.0000,0.0000,0.0000,0.0000
1700000035.750000,-64.3,34.7131,40.3609,44.6542,49.9300,54.2033,57.3062,61.7738,64.1405,70.3278,72.4017,75.1665,76.0066,79.0569,76.8440,79.0253,75.2130,73.6003,71.2180,72.2011,68.4105,68.1175,67.6240,62.6259,63.5138,62.6817,60.2080,57.4543,55.0091,55.0091,52.5547,52.9245,52.5547,52.8110,53.1601,53.1507,52.9528,54.5894,55.7315,57.5587,59.8415,57.7062,61.8142,62.3699,64.5368,62.8172,64.5601,65.4599,67.2309,66.7083,65.2993,67.2309,66.2873,0.0000,0.0000,0.0000,0.0000,0.0000,0.0000,0.0000,0.0000,0.0000,0.0000,0.0000,0.0000
1700000035.800000,-63.7,40.1622,45.1774,49.4065,55.0000,57.3847,64.6607,69.4262,73.7564,76.0592,78.2432,82.0061,85.0000,86.2670,83.2346,84.8764,81.2711,82.9277,78.2304,80.9938,75.7166,73.7835,73.2393,68.2422,71.4003,69.4046,67.0075,63.0317,57.2800,60.8112,56.6392,59.8164,57.8014,58.5235,58.5235,58.3095,58.1808,60.4152,61.2944,62.6099,67.0820,64.4127,68.4251,65.7647,71.5891,71.1969,69.6419,71.5612,73.0069,69.6563,74.9667,72.8354,74.6525,0.0000,0.0000,0.0000,0.0000,0.0000,0.0000,0.0000,0.0000,0.0000,0.0000,0.0000,0.0000
1700000035.850000,-58.2,37.0135,43.9090,46.5188,53.3104,55.1543,61.0983,66.3099,69.4622,75.2396,75.7694,80.6226,81.4371,81.4371,80.5295,80.1311,80.5295,78.2943,75.8024,74.7930,73.5731,72.7186,70.7107,68.4251,66.7083,63.5610,64.4748,60.7454,58.1893,57.2800,56.7539,55.1090,54.9181,56.5685,55.3263,57.1402,58.0345,59.0000,58.0345,62.0000,62.0000,64.0078,65.0077,67.0298,66.1211,67.1193,66.3702,69.7209,69.4262,69.8570,71.3092,71.1688,69.3542,0.0000,0.0000,0.0000,0.0000,0.0000,0.0000,0.0000,0.0000,0.0000,0.0000,0.0000,0.0000
1700000035.900000,-63.2,35.1283,41.5933,43.9659,49.6488,55.7136,60.4152,63.1585,67.1193,70.0071,70.7743,75.9605,77.0779,79.1202,77.4919,77.2010,76.2430,74.0405,70.8802,71.4703,70.8802,65.8027,66.7308,62.9682,64.0781,62.2415,60.8358,56.7979,56.3560,54.7083,51.8652,53.2541,52.2015,52.4976,53.7587,53.0377,54.4885,55.9732,57.4891,59.5483,58.1378,60.1415,63.0317,62.2896,62.9682,63.6553,63.6396,65.1920,66.8431,65.6049,69.0652,65.5134,68.4251,0.0000,0.0000,0.0000,0.0000,0.0000,0.0000,0.0000,0.0000,0.0000,0.0000,0.0000,0.0000
1700000035.950000,-60.0,41.7253,42.6380,45.2769,51.9711,58.5918,61.7171,66.1891,71.1126,72.8972,74.2428,79.6492,80.5295,80.2621,81.1234,79.9250,80.4550,78.5493,74.6257,73.0616,72.7186,70.1783,68.7968,65.8635,65.7419,64.4050,63.5610,61.0983,57.2451,57.8705,55.7853,55.1090,54.5894,55.4437,54.3323,55.1453,57.0088,59.0000,59.0000,61.0000,62.0000,63.0079,65.0000,65.0000,67.0000,68.0294,67.1863,68.3593,70.7107,70.2140,70.8308,70.6045,69.8928,0.0000,0.0000,0.0000,0.0000,0.0000,0.0000,0.0000,0.0000,0.0000,0.0000,0.0000,0.0000
1700000036.000000,-63.7,39.8497,43.5660,49.1630,54.0833,59.0339,62.0000,68.0000,72.0000,79.0000,79.0253,84.2140,84.2140,85.3756,84.3801,83.6002,85.2878,80.3057,78.4092,76.2365,76.2365,72.3395,72.1734,70.1783,69.0290,69.0652,67.0000,63.0714,61.2944,59.8415,60.2080,58.4637,56.3205,59.4643,60.7454,59.0931,62.7694,60.9262,62.6498,64.4050,66.1891,67.0820,67.0820,72.9178,69.7782,71.1758,70.5762,72.4500,73.3757,73.7631,73.1642,74.6726,71.1126,0.0000,0.0000,0.0000,0.0000,0.0000,0.0000,0.0000,0.0000,0.0000,0.0000,0.0000,0.0000
1700000036.050000,-59.5,39.0512,43.4166,49.4773,52.8867,58.5235,63.9062,68.3081,70.8378,75.5844,79.1202,81.0432,82.7103,85.6154,84.7231,82.2010,82.2253,79.4292,76.2955,76.2955,76.2955,72.1803,72.5672,69.6348,68.8840,66.9403,65.1460,62.6259,60.4070,57.7754,56.7979,55.9017,57.3062,57.4543,57.6888,58.2495,59.4054,61.8466,62.0081,65.2993,64.8151,65.6049,66.8431,67.2012,67.2012,69.6348,69.0652,70.4911,73.8241,73.3485,73.0069,73.0548,71.5681,0.0000,0.0000,0.0000,0.0000,0.0000,0.0000,0.0000,0.0000,0.0000,0.0000,0.0000,0.0000
1700000036.100000,-59.9,40.3113,45.8039,48.8774,53.7122,58.1378,63.5059,68.4471,72.4500,75.5910,74.6860,82.7647,83.6481,83.7257,84.2199,82.6801,83.5284,80.4550,77.9359,77.1751,75.4718,72.9452,68.6003,67.2309,68.4251,66.6483,65.7419,61.4654,59.2368,59.1354,56.6127,56.7539,55.5428,56.7186,57.5587,58.3095,58.1378,61.0082,61.0328,62.0322,64.0078,64.0703,66.0303,67.0671,67.1193,69.2604,69.4622,69.7209,72.0347,71.0634,71.8401,70.8378,72.4983,0.0000,0.0000,0.0000,0.0000,0.0000,0.0000,0.0000,0.0000,0.0000,0.0000,0.0000,0.0000
1700000036.150000,-63.6,36.6879,40.3113,44.0454,50.0400,54.0093,59.0762,63.1269,67.0671,69.0652,73.0616,75.0267,77.0260,78.0000,77.0065,76.1052,75.0267,75.0067,70.0643,71.0634,71.0282,67.1193,67.0298,62.0000,65.1230,62.0322,61.1310,55.4437,55.5788,55.1090,53.8516,53.1601,52.2015,53.1413,52.9245,54.1295,55.0091,56.4358,54.2033,56.9386,58.6686,58.3095,60.5392,62.1772,63.0635,63.0635,64.8845,65.1920,65.7875,65.4599,67.7200,65.7343,66.4831,0.0000,0.0000,0.0000,0.0000,0.0000,0.0000,0.0000,0.0000,0.0000,0.0000,0.0000,0.0000
1700000036.200000,-59.1,43.1393,45.6070,51.9711,56.3560,62.1691,66.2118,70.7743,76.0592,78.7210,83.1926,85.4225,86.7698,89.0674,86.8332,86.8217,85.9593,85.7555,81.6333,81.1234,79.9250,75.4718,74.9466,71.1969,71.5542,70.6612,67.1193,65.0000,62.3939,61.0328,62.0967,59.9083,59.0339,60.6712,60.5310,61.2046,63.0714,65.0077,64.0312,64.0312,66.0076,68.0000,70.0000,71.0634,71.0634,71.1126,72.4431,72.8354,76.1183,74.9533,75.6902,76.2168,74.7329,0.0000,0.0000,0.0000,0.0000,0.0000,0.0000,0.0000,0.0000,0.0000,0.0000,0.0000,0.0000
1700000036.250000,-65.6,36.1386,40.4475,46.0977,52.0384,56.0089,62.0081,65.0000,67.0075,74.0068,75.0067,79.0253,79.0063,79.0253,79.0569,78.3135,80.3990,76.4199,75.4255,75.1665,73.3348,70.3491,68.3593,67.1193,67.0000,65.0000,63.0079,59.0339,57.2189,56.3205,54.5894,54.7449,56.5155,55.3624,53.7587,54.7083,56.0803,58.6941,58.6941,58.6941,60.8358,63.1585,63.1585,63.3246,65.1920,67.0671,65.8027,68.3081,68.8840,67.6831,69.7209,67.2681,68.0000,0.0000,0.0000,0.0000,0.0000,0.0000,0.0000,0.0000,0.0000,0.0000,0.0000,0.0000,0.0000
1700000036.300000,-61.5,40.0500,43.2897,48.2701,53.1507,58.8218,63.8905,68.6222,72.7324,76.2430,79.4040,82.7103,83.4326,84.1724,82.7647,81.3941,82.7647,80.4114,78.2624,76.4853,75.5050,72.3671,72.5672,68.2495,68.8840,67.9117,65.5210,60.4401,59.8080,57.5847,58.6941,57.6975,56.4358,57.4543,56.3028,55.2178,58.6003,60.4401,60.4401,62.0081,63.4114,65.4370,65.4370,69.2026,68.6003,68.8186,69.3397,69.6419,71.1969,73.7902,73.9256,71.7844,70.3420,0.0000,0.0000,0.0000,0.0000,0.0000,0.0000,0.0000,0.0000,0.0000,0.0000,0.0000,0.0000
1700000036.350000,-63.5,40.8534,46.0652,47.7074,53.2541,57.8014,63.4114,67.6240,71.7008,77.2010,77.2010,83.0060,83.8153,84.3149,81.5414,84.0595,81.3019,80.9938,77.6981,78.2304,75.4718,73.7835,72.4017,68.2422,68.6003,68.0074,66.2193,62.9682,58.7282,60.8112,56.6392,58.0517,57.0088,56.0357,55.7584,58.3095,58.5918,59.9416,62.1772,62.6099,65.2993,63.5295,68.4251,65.7647,67.6018,69.3542,67.2309,70.7248,72.2011,71.2180,72.1803,73.5527,71.7008,0.0000,0.0000,0.0000,0.0000,0.0000,0.0000,0.0000,0.0000,0.0000,0.0000,0.0000,0.0000
1700000036.400000,-60.5,37.7359,41.4005,45.3431,54.4518,55.8659,60.1415,65.1920,70.0357,72.1388,72.8354,77.7946,79.1960,81.3449,81.3449,80.1561,76.5768,78.6448,72.4707,76.5768,71.5052,71.5891,68.6804,63.7809,66.4680,65.1153,63.6553,60.3075,57.4891,58.2495,54.3783,57.1402,54.5894,55.0091,54.6260,56.0803,54.7814,56.6480,57.5847,60.4070,63.5689,60.4070,64.8460,63.3246,64.8460,65.5515,65.3911,66.6408,68.9638,66.3702,70.4557,70.6045,70.0928,0.0000,0.0000,0.0000,0.0000,0.0000,0.0000,0.0000,0.0000,0.0000,0.0000,0.0000,0.0000
1700000036.450000,-63.3,41.0488,43.1045,49.6488,52.1728,56.5155,61.1310,68.6804,69.6419,75.6902,77.3692,81.0247,82.7647,82.5651,81.5843,82.0366,81.3941,78.2624,76.7919,76.2955,74.1485,72.1803,71.3863,68.6586,67.1863,67.9117,64.5601,61.0983,58.8727,56.4624,57.3062,56.8243,55.2268,55.4707,55.8032,56.2228,58.1378,60.8769,59.4643,60.1415,62.2415,62.9682,65.0692,67.2681,67.2681,66.7083,67.0075,68.6003,70.4557,71.8679,70.7107,70.2638,70.5762,0.0000,0.0000,0.0000,0.0000,0.0000,0.0000,0.0000,0.0000,0.0000,0.0000,0.0000,0.0000
1700000036.500000,-66.0,42.1070,42.4500,50.5964,53.3104,58.6941,62.6498,69.7782,74.7329,76.9675,81.7068,83.9345,83.2166,84.5044,84.7585,82.5651,84.1546,80.9938,80.6536,75.8947,77.7946,74.3303,73.0548,72.1110,70.7743,65.9242,64.4748,60.8276,62.2656,57.9828,61.0328,58.2495,57.8014,57.3847,57.3149,58.0000,62.2896,60.9590,59.4643,61.7171,61.7171,66.8431,65.2993,71.5052,66.6033,70.0357,69.2965,70.7672,72.2496,74.8131,74.6324,73.2462,69.7782,0.0000,0.0000,0.0000,0.0000,0.0000,0.0000,0.0000,0.0000,0.0000,0.0000,0.0000,0.0000
1700000036.550000,-62.6,35.6931,41.4367,46.0977,50.5371,53.7122,58.6686,64.4127,68.8840,72.0069,76.0263,81.8596,78.2943,77.3886,79.7057,79.1202,79.8499,76.6942,73.3894,72.0902,72.6154,71.3092,67.6240,65.3070,68.8840,65.2993,60.8276,58.6686,58.3095,59.6406,54.8179,57.3149,57.2800,58.6941,56.5685,56.6392,58.2580,59.6657,61.8547,62.2013,63.6003,63.6003,64.0312,67.6240,67.6240,68.7677,70.0928,69.2965,72.9178,71.8401,73.4098,72.9452,72.0069,0.0000,0.0000,0.0000,0.0000,0.0000,0.0000,0.0000,0.0000,0.0000,0.0000,0.0000,0.0000
1700000036.600000,-64.0,39.4462,40.7185,48.0833,51.9230,58.6941,62.0967,66.9403,70.6045,74.7262,75.0000,80.0812,82.8613,80.9568,81.2711,82.2800,80.9568,77.7946,75.2728,73.6817,73.0548,72.4500,71.4703,69.2604,67.6831,66.9403,64.5368,62.5140,60.4070,58.1378,59.0339,57.0000,57.0351,58.2151,56.3205,58.8558,59.8415,61.0000,60.4152,62.5859,63.5610,64.0312,66.4906,68.8840,66.2873,67.8970,69.7209,70.3491,72.1110,71.0634,72.0278,74.1080,71.8471,0.0000,0.0000,0.0000,0.0000,0.0000,0.0000,0.0000,0.0000,0.0000,0.0000,0.0000,0.0000
1700000036.650000,-62.2,36.4006,38.0132,45.6508,53.6004,53.6004,61.7171,64.2028,68.2495,72.8011,73.6003,77.6660,81.2711,81.5414,79.0759,78.8923,76.2758,76.5506,77.3886,75.1665,71.8679,69.8355,69.8928,66.2873,66.4003,64.6375,62.6259,59.6657,57.2800,56.5685,56.2228,53.4135,54.2033,56.3028,53.3385,55.2268,56.8243,59.9333,58.5918,59.9333,61.2699,63.9531,64.4050,63.9531,65.2993,66.6483,66.3702,68.7968,70.2140,69.0290,68.8840,67.8970,68.7677,0.0000,0.0000,0.0000,0.0000,0.0000,0.0000,0.0000,0.0000,0.0000,0.0000,0.0000,0.0000
1700000036.700000,-62.2,40.4969,45.1885,49.6488,55.0818,59.2030,64.3273,69.2315,72.7805,77.8781,80.7775,84.7703,84.7703,84.7585,83.1685,84.8646,83.8153,81.2711,77.6209,80.0562,76.5506,75.6108,73.6817,70.2282,71.1688,69.2604,67.7200,63.3482,62.1691,60.5310,59.3043,58.1378,59.0085,59.0085,58.0345,58.2151,59.3043,61.5224,61.5224,61.5224,62.8013,66.0984,66.7533,69.7209,69.7209,68.7314,70.1783,72.0278,72.0000,72.1110,74.4312,76.1183,72.8011,0.0000,0.0000,0.0000,0.0000,0.0000,0.0000,0.0000,0.0000,0.0000,0.0000,0.0000,0.0000
1700000036.750000,-60.9,40.8167,46.4866,51.2445,57.7235,60.4152,64.1327,70.2140,73.1642,78.6448,80.4114,85.1469,86.1220,86.8332,85.6154,87.6413,84.4808,82.8613,75.5844,81.0432,77.8845,75.0000,72.0347,70.6116,72.5672,70.6116,67.7422,66.2722,62.2896,62.0725,58.0345,59.0085,59.1354,58.3095,57.8705,60.0167,59.4390,63.0635,62.5859,65.0000,67.1863,63.7887,68.8840,68.8840,70.6116,70.6116,70.4060,71.8471,74.3303,72.1734,75.0267,74.1080,75.3260,0.0000,0.0000,0.0000,0.0000,0.0000,0.0000,0.0000,0.0000,0.0000,0.0000,0.0000,0.0000
1700000036.800000,-58.2,37.6962,44.2832,48.8774,53.2541,59.0762,62.6259,66.7083,71.2180,74.2024,76.6094,83.6002,81.2711,82.3772,81.3019,81.6333,81.8352,79.6116,77.1751,76.0066,73.2462,71.8679,71.2811,68.5055,66.6108,66.2193,64.8151,63.7024,58.7282,58.0000,56.7274,55.4437,54.4059,56.3028,55.7584,58.1808,59.0593,60.3738,59.4811,61.2944,61.7414,62.6099,64.4050,66.1891,65.7647,68.8840,66.7308,71.3442,71.2811,70.6045,72.3464,72.1388,69.4262,0.0000,0.0000,0.0000,0.0000,0.0000,0.0000,0.0000,0.0000,0.0000,0.0000,0.0000,0.0000
1700000036.850000,-63.0,44.0114,46.0652,50.4777,54.9181,63.0079,64.2028,71.4003,73.0069,79.2023,83.2346,84.8764,85.7030,85.9826,87.1321,85.0882,85.5862,79.7559,81.9878,78.3901,77.5242,76.1577,75.2928,71.3442,71.2811,69.8928,66.6108,64.0312,64.6607,58.7282,60.1082,58.0000,59.4643,60.6053,60.6053,59.6406,62.1289,63.8122,62.4340,64.4981,65.5134,68.6003,67.2309,71.0211,69.3397,71.0282,70.8025,74.0270,73.1095,77.1038,74.9533,75.1665,73.8173,0.0000,0.0000,0.0000,0.0000,0.0000,0.0000,0.0000,0.0000,0.0000,0.0000,0.0000,0.0000
1700000036.900000,-61.8,38.2753,43.4166,45.9674,51.6624,57.3847,60.8769,65.9469,68.1175,72.8629,75.0733,77.8332,78.5684,80.6598,79.2086,79.3095,79.9812,76.4199,74.3303,77.0779,74.2765,70.8378,71.4213,67.2086,68.1175,66.6033,62.2896,59.6657,58.6003,56.6127,54.9181,56.9386,55.9464,57.2451,54.2310,56.0803,55.0273,58.2409,59.2030,61.0328,63.8905,61.3514,64.8460,66.0984,67.3573,68.1542,66.7083,67.9779,70.2353,69.6419,74.3303,71.4003,70.9366,0.0000,0.0000,0.0000,0.0000,0.0000,0.0000,0.0000,0.0000,0.0000,0.0000,0.0000,0.0000
1700000036.950000,-65.1,40.1622,43.3820,47.0106,52.4309,55.8032,63.0079,67.8012,70.6045,75.2130,77.9359,81.8352,81.3019,81.1234,81.4923,80.5295,80.6226,79.4040,77.8974,76.1577,72.7186,72.9452,71.3442,67.2309,68.5055,67.9559,65.2150,62.8013,59.5483,58.0517,56.5685,56.5862,55.9732,56.2228,55.0000,55.4707,57.9828,59.6825,58.8303,60.5392,61.9112,63.1348,64.0078,66.0379,67.9559,67.9559,68.2422,68.4105,69.6563,70.0928,71.4493,69.5270,70.0000,0.0000,0.0000,0.0000,0.0000,0.0000,0.0000,0.0000,0.0000,0.0000,0.0000,0.0000,0.0000
1700000037.000000,-60.2,38.2753,41.1096,45.9674,50.9902,56.7274,60.9590,66.0681,70.1783,75.0733,75.8222,79.3095,79.3095,78.4920,79.9062,79.9812,79.2465,76.3806,75.0733,73.5935,72.1803,68.7677,67.9412,67.2086,65.0692,63.6553,61.6198,57.4891,57.0088,55.8032,54.3783,54.3783,53.3385,56.3560,55.0364,57.3847,56.3028,58.5235,58.1893,58.1893,59.7746,61.3514,61.3514,64.8460,63.3246,63.3246,65.3070,68.8767,69.8355,69.6419,69.6348,68.6003,68.6222,0.0000,0.0000,0.0000,0.0000,0.0000,0.0000,0.0000,0.0000,0.0000,0.0000,0.0000,0.0000
1700000037.050000,-63.7,40.0125,40.1995,46.0977,51.9230,55.0818,58.5235,63.6003,65.4599,68.4105,73.7631,75.9276,75.9276,77.4661,74.3303,73.8241,77.2787,74.1485,71.8471,69.2315,70.2140,68.2495,65.3070,63.3482,63.7887,63.5610,59.2030,56.6127,57.2451,53.4883,55.5428,50.6063,51.9711,53.8516,52.4309,52.2015,52.8015,56.2228,56.4004,56.2228,56.7274,62.6259,58.8982,65.6049,60.4401,63.0079,62.6817,63.2851,64.1405,66.1891,67.1193,65.4599,65.0000,0.0000,0.0000,0.0000,0.0000,0.0000,0.0000,0.0000,0.0000,0.0000,0.0000,0.0000,0.0000
1700000037.100000,-60.4,40.1995,42.0000,47.0956,55.4437,57.8705,63.7887,67.8970,71.8471,76.6551,76.6551,82.6075,81.4985,85.2878,82.2192,82.0975,80.1561,80.1561,76.0263,78.1025,75.0600,74.1080,71.1758,67.1863,68.5930,66.6108,64.6297,60.4152,59.6657,59.2030,56.9210,56.9210,58.6003,58.6003,58.5918,59.5399,58.6686,61.0574,62.1289,62.9682,64.3506,63.8122,66.0379,66.0379,66.8880,69.3542,68.8840,70.6824,70.3847,70.9366,71.7844,70.8802,71.8471,0.0000,0.0000,0.0000,0.0000,0.0000,0.0000,0.0000,0.0000,0.0000,0.0000,0.0000,0.0000
1700000037.150000,-64.1,40.3113,42.7200,47.1699,52.8015,56.7979,62.6498,65.2993,70.2140,73.4098,76.4853,78.7909,81.1542,83.3847,80.4114,81.2711,78.1089,78.1089,74.0000,75.2728,73.0548,70.5195,70.2282,67.0671,67.1193,65.0000,62.6498,59.0339,59.5399,58.3095,55.4707,55.4707,54.8179,55.4437,56.6392,55.9017,56.5685,58.0517,58.0000,61.7171,60.9590,61.6198,64.4438,63.7024,65.7647,66.4680,65.8559,66.7083,68.4105,68.8186,69.8928,69.4622,69.7782,0.0000,0.0000,0.0000,0.0000,0.0000,0.0000,0.0000,0.0000,0.0000,0.0000,0.0000,0.0000
1700000037.200000,-59.4,39.3192,44.0114,47.0956,53.2353,56.4358,62.6498,66.7533,69.7209,73.6817,76.4199,81.3019,82.4924,82.2192,81.1542,80.0250,79.1581,78.1601,76.0592,76.1643,75.0600,71.0634,71.2531,66.2722,68.5930,66.7533,64.7765,60.8769,59.2030,57.2800,56.3028,56.0803,56.4624,58.1378,56.8243,56.9386,57.4543,60.4649,59.3633,60.2163,63.0079,63.6003,65.6049,66.0303,67.4240,66.0379,66.3702,67.6018,70.6612,70.6824,71.3092,70.5195,68.8840,0.0000,0.0000,0.0000,0.0000,0.0000,0.0000,0.0000,0.0000,0.0000,0.0000,0.0000,0.0000
1700000037.250000,-60.4,38.4838,41.4849,47.8539,50.4876,56.4358,61.5224,66.3702,69.4622,73.5527,77.7817,79.0759,81.2158,80.4114,78.6448,77.3692,79.8311,76.9025,75.4321,72.7805,71.8053,70.0928,68.8840,67.4685,65.3758,64.6297,62.3939,58.2151,58.0345,56.0089,57.0351,54.0370,54.3323,54.4518,54.7449,57.0701,57.2800,57.5674,58.5235,59.1354,58.8218,63.6003,61.6847,65.5210,64.0312,63.7887,66.4906,67.2681,69.5845,69.3542,70.0643,69.0072,68.2642,0.0000,0.0000,0.0000,0.0000,0.0000,0.0000,0.0000,0.0000,0.0000,0.0000,0.0000,0.0000
1700000037.300000,-63.3,39.3192,43.4166,46.2385,52.9245,57.6975,62.1772,66.1891,70.6612,76.4853,76.0263,81.0247,81.0247,82.8553,80.6226,81.7068,79.8499,76.3217,75.9605,76.6942,73.9256,71.5122,70.2638,67.2309,66.6483,64.4127,62.6498,59.6825,58.5235,57.4282,55.0000,54.6717,56.5862,55.1543,55.9017,55.4437,56.7274,56.4004,59.0762,60.2163,63.0079,61.4003,63.8201,67.0075,66.4003,64.8151,65.9469,67.3573,69.2965,68.6222,69.4262,69.8140,70.1783,0.0000,0.0000,0.0000,0.0000,0.0000,0.0000,0.0000,0.0000,0.0000,0.0000,0.0000,0.0000
1700000037.350000,-61.3,42.7551,43.1856,51.0098,52.0000,61.2046,62.2013,69.2604,72.1734,77.1038,80.2247,81.2219,84.0952,86.0233,85.0059,86.0000,84.0060,79.0063,78.0256,77.0000,76.0066,75.0067,74.0270,69.0290,70.4557,68.1836,65.4905,61.0000,64.1327,60.6383,61.0328,55.6597,59.8080,57.0088,56.3649,59.0593,59.1693,59.6825,62.4340,61.9112,65.4599,66.0379,66.8880,69.3397,67.6018,69.8355,68.4763,72.9178,74.3236,76.6942,73.6817,75.0000,72.0069,0.0000,0.0000,0.0000,0.0000,0.0000,0.0000,0.0000,0.0000,0.0000,0.0000,0.0000,0.0000
1700000037.400000,-61.5,40.4969,44.7214,51.8845,57.6888,62.6817,65.2150,69.0652,76.4003,78.0064,82.6620,83.7616,86.5332,88.5099,85.4400,83.3547,85.5862,84.5991,81.8841,78.8923,77.5242,75.8024,73.2462,71.8679,70.2140,70.4557,67.8012,64.8151,64.4438,62.2896,61.5224,60.8276,59.4054,59.6406,58.8218,59.0762,59.5399,60.9016,64.4981,66.6483,67.0820,68.4763,68.8840,71.8679,69.4622,71.8679,71.0211,74.0608,74.8131,73.2462,74.9667,74.2496,76.6942,0.0000,0.0000,0.0000,0.0000,0.0000,0.0000,0.0000,0.0000,0.0000,0.0000,0.0000,0.0000
1700000037.450000,-62.9,39.8246,46.2385,50.2892,58.8218,60.1664,67.9117,72.2772,74.9533,79.8123,81.4923,85.6154,87.3613,89.1852,88.8876,90.4765,83.8153,85.7030,79.7120,83.8153,81.7068,76.8960,75.9605,69.2604,73.2462,72.5328,70.0928,66.9104,62.8013,64.4981,58.1378,61.0737,61.0328,61.0000,60.0750,61.0737,57.5587,63.9531,64.9384,64.1327,67.0820,64.9384,69.8713,68.8840,71.8471,70.4557,72.0625,75.0600,75.0267,73.0274,76.1052,76.5310,76.6877,0.0000,0.0000,0.0000,0.0000,0.0000,0.0000,0.0000,0.0000,0.0000,0.0000,0.0000,0.0000
1700000037.500000,-60.4,35.8050,40.3113,45.6946,49.9800,52.8110,60.4070,63.6003,68.0074,73.6817,71.1688,78.1857,80.7775,78.9240,77.4726,79.7057,77.4726,74.7329,72.4983,73.4098,73.4098,68.5420,69.4622,64.4748,65.4599,62.6259,60.0833,59.2030,54.1295,56.5685,56.4358,53.3385,54.0833,53.0000,54.0000,55.0818,53.0848,57.3149,57.3149,58.4209,61.4003,59.5399,64.2806,63.3877,65.2763,65.1230,67.0298,68.0074,68.0074,67.2681,67.7422,69.2315,67.4463,0.0000,0.0000,0.0000,0.0000,0.0000,0.0000,0.0000,0.0000,0.0000,0.0000,0.0000,0.0000
1700000037.550000,-61.8,42.2966,44.1022,51.4781,54.5894,61.9839,64.5368,71.0634,73.5459,78.6448,82.2010,85.9884,86.8332,87.8237,86.5794,85.2878,86.8332,80.6226,83.2947,77.4145,78.4092,75.6637,75.8024,72.4431,71.0211,70.0357,68.0661,64.0312,63.8905,59.1354,62.0322,57.3847,59.0339,58.6686,59.1693,60.5392,59.9083,60.2163,62.6817,64.4050,65.2150,66.6108,65.6049,70.4557,69.8928,70.1783,70.4911,71.5891,73.3553,73.9256,73.7360,74.0405,73.7564,0.0000,0.0000,0.0000,0.0000,0.0000,0.0000,0.0000,0.0000,0.0000,0.0000,0.0000,0.0000
1700000037.600000,-64.2,41.0122,41.4005,49.2443,52.7731,60.5392,61.2944,66.6408,70.7107,74.6860,79.7559,83.0060,83.8630,83.0060,85.9826,81.0247,84.8764,79.3221,76.8440,75.7166,76.2758,73.2393,72.4017,67.9559,68.9638,67.7422,64.8845,60.8276,62.2415,61.0983,56.3205,56.3205,60.6383,58.4637,57.0701,57.4282,60.2080,60.2080,60.2080,63.2851,63.1981,67.1193,65.0692,69.1809,65.1230,68.4690,68.7314,71.1969,73.5459,72.8011,74.9466,74.8465,73.3553,0.0000,0.0000,0.0000,0.0000,0.0000,0.0000,0.0000,0.0000,0.0000,0.0000,0.0000,0.0000
1700000037.650000,-60.9,38.9487,41.8688,49.3964,53.5350,59.3633,62.6498,67.6018,72.5603,76.6616,78.2304,82.3772,83.4865,86.0233,83.8153,80.6040,82.9277,79.8812,78.6003,77.1038,75.1665,72.6705,73.7835,72.1110,69.1158,68.7968,67.1193,64.4050,60.9262,61.0983,59.1354,57.9741,57.2713,58.6941,60.6712,60.2993,61.2046,62.1289,62.0322,65.1920,65.0692,68.0294,65.0077,70.1142,68.1175,69.0652,72.4431,73.3348,75.9539,75.1864,76.8440,77.8332,71.1758,0.0000,0.0000,0.0000,0.0000,0.0000,0.0000,0.0000,0.0000,0.0000,0.0000,0.0000,0.0000
1700000037.700000,-59.3,39.5601,40.8167,48.0104,53.4135,53.4135,59.6657,64.5368,65.6049,71.2180,76.2168,77.2010,79.2023,79.3221,76.8440,78.2304,76.2758,75.4520,73.2462,71.2811,69.6348,69.3397,69.6348,66.0303,64.6607,64.0312,62.3699,60.1415,59.3970,55.2268,55.4437,54.2033,55.4707,53.8238,55.5698,56.4358,57.6975,57.2713,59.5063,60.5392,61.7414,62.7694,63.3246,66.6408,64.4050,64.4127,66.2420,69.4622,70.7248,73.8173,69.6563,68.6222,70.0928,0.0000,0.0000,0.0000,0.0000,0.0000,0.0000,0.0000,0.0000,0.0000,0.0000,0.0000,0.0000
1700000037.750000,-64.0,35.1710,41.5933,45.1774,52.0384,59.0085,61.0082,63.0714,68.0074,74.0068,77.0584,79.0063,80.0062,79.1012,80.3057,80.3990,80.2247,76.3217,76.2365,75.3260,74.3303,70.3491,70.3491,64.0703,67.0000,65.0077,63.0079,62.0322,58.1378,59.3043,53.9351,55.7315,56.0892,57.5674,55.6597,56.6127,58.3095,58.6003,60.3738,63.0714,61.7414,63.9531,66.3099,66.6483,63.9766,66.8506,67.6757,69.2604,71.3092,74.5252,70.6116,71.3442,71.0070,0.0000,0.0000,0.0000,0.0000,0.0000,0.0000,0.0000,0.0000,0.0000,0.0000,0.0000,0.0000
1700000037.800000,-60.9,43.4166,45.3100,49.7293,51.9230,57.7235,62.3699,68.8840,71.0634,74.0405,77.8845,79.8123,82.7103,82.2800,80.6536,80.9568,82.2192,81.2711,74.9466,75.5844,72.1110,73.7360,70.8378,70.5195,67.9117,66.2873,66.2873,61.9839,59.8415,59.4138,58.2151,56.0803,58.0000,57.0000,53.0377,60.1332,58.5491,60.2080,60.2080,62.1691,61.0000,65.9242,66.9104,66.9104,63.7887,68.3593,68.0661,69.0290,71.0000,72.0069,72.1734,71.4493,70.4060,0.0000,0.0000,0.0000,0.0000,0.0000,0.0000,0.0000,0.0000,0.0000,0.0000,0.0000,0.0000
1700000037.850000,-62.3,39.1152,46.1736,48.3735,54.5894,60.0167,67.4685,69.6348,75.7100,78.4474,77.4661,84.0119,82.0366,85.8429,84.7172,83.2947,81.2219,79.4040,76.3217,80.3990,77.3175,71.3442,72.4431,68.4690,69.8713,68.0661,67.0820,63.5610,60.4401,59.4811,55.6597,57.0088,57.7754,57.2713,58.6686,58.6686,58.8303,60.4649,60.4649,62.1289,64.3506,63.5138,64.6375,68.7968,71.5612,68.9638,70.6612,72.8972,72.0902,71.5122,73.0548,73.4983,70.8590,0.0000,0.0000,0.0000,0.0000,0.0000,0.0000,0.0000,0.0000,0.0000,0.0000,0.0000,0.0000
1700000037.900000,-62.9,39.6232,42.1900,45.0111,50.0000,57.0789,61.2046,63.5059,68.4690,70.1142,75.1665,77.1038,78.0064,78.0577,78.0064,79.0253,78.0000,75.0000,70.0286,71.0000,70.0071,70.0071,67.0075,65.0308,64.0703,64.1249,59.4138,57.8705,56.7186,57.0701,54.4059,53.7587,55.9732,53.8516,54.2310,56.8243,56.9386,57.3062,58.6686,57.8014,61.9112,59.6825,62.4340,63.2851,64.0078,63.5295,62.6099,68.4471,70.0071,70.5195,68.4105,68.8840,65.7647,0.0000,0.0000,0.0000,0.0000,0.0000,0.0000,0.0000,0.0000,0.0000,0.0000,0.0000,0.0000
1700000037.950000,-59.4,44.0114,47.1699,51.6236,57.8705,63.7887,66.9403,72.8011,77.3692,80.5233,82.5651,86.3481,88.0738,88.4590,87.4757,87.8237,89.2693,85.1587,82.0366,80.0625,80.2309,77.7817,79.2465,72.3671,73.0069,72.5328,67.7200,65.7875,63.9062,62.3939,62.6498,59.0339,59.1693,59.3633,60.7454,62.2013,62.6259,64.0312,64.6607,65.2993,68.1175,68.6804,70.0928,70.1783,69.6563,70.8025,71.8471,73.4983,74.6257,76.1577,76.0263,75.6439,74.9466,0.0000,0.0000,0.0000,0.0000,0.0000,0.0000,0.0000,0.0000,0.0000,0.0000,0.0000,0.0000
1700000038.000000,-61.2,42.1900,45.8912,50.9608,56.9210,59.8080,66.3099,72.6154,73.9256,81.1542,80.4114,84.7585,86.0349,85.7030,86.6833,88.0568,84.1190,82.8613,79.1202,80.0062,78.4474,74.0405,74.3303,68.6222,71.8679,68.7095,68.0294,64.8845,61.2944,61.4003,59.9083,59.9083,57.0088,59.6657,58.0000,57.9828,59.4643,62.2896,61.5549,64.5368,66.0681,65.9469,67.6240,68.1175,68.6804,69.4262,70.7248,72.8354,72.1803,72.4707,74.2024,74.3303,73.8241,0.0000,0.0000,0.0000,0.0000,0.0000,0.0000,0.0000,0.0000,0.0000,0.0000,0.0000,0.0000
1700000038.050000,-61.8,40.1995,47.0744,46.4866,54.4243,60.9262,63.6946,65.1920,73.4098,76.5506,80.7775,80.0562,83.2166,83.1685,83.8153,84.4808,81.0432,81.0432,79.8123,78.4474,77.2010,77.2010,73.3757,67.7200,70.0071,70.5762,66.1287,62.6498,62.6498,60.9016,55.7584,58.8303,62.0081,59.4054,57.8014,58.1378,57.3149,59.4138,60.1082,62.9682,65.0538,62.2254,65.0538,68.6222,68.5930,67.4759,68.8840,71.4003,72.1110,71.0211,73.5731,73.3485,73.7360,0.0000,0.0000,0.0000,0.0000,0.0000,0.0000,0.0000,0.0000,0.0000,0.0000,0.0000,0.0000
1700000038.100000,-61.3,40.4475,43.4166,47.0106,53.3104,59.0339,63.5059,67.5426,71.1758,76.1577,78.7909,81.0247,81.5414,83.3847,81.3449,81.3204,83.1685,78.1601,75.0000,75.5844,73.0821,70.6045,71.4703,68.0074,67.1193,65.3911,62.7694,63.5059,58.1378,57.2451,57.9828,52.6973,56.8595,57.4282,56.7274,54.6717,55.9017,59.4138,60.1082,60.1415,63.0317,65.0538,65.0538,68.5930,65.7647,65.2993,65.6049,70.0000,69.6419,72.1110,71.3442,71.5891,70.0071,0.0000,0.0000,0.0000,0.0000,0.0000,0.0000,0.0000,0.0000,0.0000,0.0000,0.0000,0.0000
1700000038.150000,-58.4,39.6232,43.0116,48.8467,53.3104,57.6975,60.8276,65.7647,67.6018,72.0069,76.4853,79.1581,80.5295,80.6226,79.4796,76.5572,81.0247,75.6439,75.6439,74.0945,72.0139,72.0902,70.2638,69.3181,66.1891,64.4127,63.1348,61.8547,59.6406,56.6127,56.6392,51.7397,55.1725,56.6392,55.4437,55.8032,57.4282,58.8303,59.0762,60.4649,58.8303,63.2851,61.4003,64.6607,64.3506,66.0303,66.0303,68.4105,69.5270,71.4213,68.6222,69.5270,67.4240,0.0000,0.0000,0.0000,0.0000,0.0000,0.0000,0.0000,0.0000,0.0000,0.0000,0.0000,0.0000
1700000038.200000,-64.7,40.3113,41.0000,49.2544,52.3450,58.2495,66.3702,67.0820,73.1642,78.7718,79.0759,83.6002,84.0119,81.7435,84.2912,84.0952,84.0952,80.2247,78.1601,77.3175,77.4145,74.1080,71.3442,71.4493,70.0357,69.0507,67.2681,62.8172,62.3618,61.0328,60.5392,58.6941,55.9017,57.2451,58.8303,59.1693,59.0762,62.0081,62.2013,64.6607,63.2535,65.6049,68.4105,67.8012,69.6348,68.8186,71.5612,73.5731,70.7107,73.3485,74.3236,74.9466,74.0405,0.0000,0.0000,0.0000,0.0000,0.0000,0.0000,0.0000,0.0000,0.0000,0.0000,0.0000,0.0000
1700000038.250000,-61.6,40.3113,44.2719,45.1221,53.9351,59.5399,62.3939,68.8840,71.7008,77.1038,78.9177,81.3941,84.0119,81.2158,80.8084,81.7435,81.7863,81.2527,73.4983,75.3127,73.3485,70.8308,67.8970,68.8840,66.3702,67.1863,66.1891,66.0303,59.0000,58.0775,57.1402,56.3205,56.5685,54.8179,54.1202,58.9406,56.6127,57.0088,59.8080,62.9682,64.2573,63.3246,69.2892,66.8506,68.3081,68.6222,70.2140,70.0928,72.3671,73.1642,71.4493,72.1110,72.0278,0.0000,0.0000,0.0000,0.0000,0.0000,0.0000,0.0000,0.0000,0.0000,0.0000,0.0000,0.0000
1700000038.300000,-61.9,40.3113,44.1475,51.2445,57.2451,62.0322,65.0000,69.7782,72.8011,77.2528,78.0000,81.2711,85.0941,85.0941,87.0919,85.8662,83.5225,80.3617,77.8845,77.4919,78.8480,74.3303,74.3303,70.8378,72.1110,68.9493,65.0000,66.3099,62.6498,63.0635,57.9828,57.9828,57.4282,59.0339,59.0339,59.4643,61.5224,62.9682,61.5224,63.0317,66.4831,65.1153,67.2086,71.4213,69.3109,70.0357,70.1783,71.5891,72.4224,72.9452,74.0945,74.2496,72.4983,0.0000,0.0000,0.0000,0.0000,0.0000,0.0000,0.0000,0.0000,0.0000,0.0000,0.0000,0.0000
1700000038.350000,-63.7,43.0116,45.1774,51.4781,56.8595,63.6946,64.8460,72.8011,75.6108,80.2309,83.9345,86.9253,88.1419,86.7640,87.2066,84.5991,86.3539,84.0773,81.4923,78.2943,78.7718,76.1577,74.7061,73.7902,70.7743,71.1758,67.7791,64.8460,64.1950,60.4401,61.6117,58.4637,59.8415,60.5310,59.2115,60.1332,63.0714,63.0000,63.0079,63.0079,65.0077,69.0000,69.0000,70.0286,70.0071,70.1783,71.4493,72.6911,75.3127,75.5050,73.0069,75.5844,73.5391,0.0000,0.0000,0.0000,0.0000,0.0000,0.0000,0.0000,0.0000,0.0000,0.0000,0.0000,0.0000
1700000038.400000,-61.2,40.1123,44.6430,51.2445,57.9396,59.8080,65.3911,69.7782,72.4983,78.0000,79.1202,83.2166,88.8651,86.6833,84.1190,83.8153,84.1190,80.9568,79.0569,78.7464,78.1089,77.2010,73.0548,71.5122,70.7743,67.7791,66.2118,65.3682,61.2944,59.6825,59.6406,58.8218,59.6657,59.4643,58.7963,58.0000,60.9590,65.2993,62.3699,63.1269,64.5368,70.0928,67.8012,69.3542,68.6804,73.1095,71.4493,74.9533,75.0733,76.4003,74.8866,72.2011,74.2496,0.0000,0.0000,0.0000,0.0000,0.0000,0.0000,0.0000,0.0000,0.0000,0.0000,0.0000,0.0000
1700000038.450000,-62.8,41.7732,46.0977,49.3964,57.9828,60.8276,66.6483,70.2353,75.5910,80.6226,82.3650,87.3212,84.5991,89.8888,86.9540,85.7030,85.1469,83.2346,79.3221,81.8352,79.9250,74.6324,75.7166,72.7186,72.0139,72.8972,67.0820,63.5610,62.6259,61.6847,59.4811,59.2030,60.1664,60.0167,60.4152,59.5399,62.0322,65.0000,65.0077,67.0075,67.0075,68.0074,69.0652,74.0270,74.1080,72.1734,70.7107,75.1332,75.3127,77.4661,78.3390,77.4919,74.4648,0.0000,0.0000,0.0000,0.0000,0.0000,0.0000,0.0000,0.0000,0.0000,0.0000,0.0000,0.0000
1700000038.500000,-62.8,41.9762,47.1699,55.0091,57.1402,63.0714,66.2722,75.1665,75.0600,80.1561,83.0542,86.0930,87.0057,92.0054,88.0057,87.0517,85.0059,85.0235,84.0060,83.0241,80.0062,77.0260,76.0263,71.0070,71.0070,72.0278,68.0661,65.2763,65.4905,63.6396,59.9083,60.1664,60.4401,58.8218,59.8080,59.0931,61.3270,63.6318,63.5295,65.3682,67.5352,70.7107,70.2353,71.5542,72.0069,73.7902,72.8011,75.6108,75.2728,77.6209,77.6660,76.1183,76.1643,0.0000,0.0000,0.0000,0.0000,0.0000,0.0000,0.0000,0.0000,0.0000,0.0000,0.0000,0.0000
1700000038.550000,-63.8,41.0366,45.4863,52.3546,52.8015,64.4050,66.1891,70.5762,73.5391,78.2624,83.6301,84.1190,85.4751,87.2353,84.5991,87.6641,85.4751,81.6333,79.0759,80.6226,79.2591,75.8024,75.6637,72.0694,70.2140,69.3181,66.8506,62.6259,63.2456,61.1310,60.2080,62.3699,61.1882,58.3095,58.1378,58.0086,59.0339,63.0714,63.0000,65.0077,66.0076,66.0681,68.1175,72.0069,69.0072,71.0070,74.0270,72.3395,75.6637,76.1183,75.7100,74.6324,74.6726,0.0000,0.0000,0.0000,0.0000,0.0000,0.0000,0.0000,0.0000,0.0000,0.0000,0.0000,0.0000
1700000038.600000,-61.5,31.6228,34.7131,36.7967,41.7732,44.0454,47.2017,53.0094,54.4059,57.6281,58.1378,60.1415,63.1269,62.9682,64.3817,62.9365,61.5224,60.8112,58.6941,56.5862,56.5862,55.1543,53.0754,53.7587,51.0882,52.4976,50.0000,47.4342,46.0435,43.0465,42.5441,42.9418,42.5441,42.1545,43.3244,44.9222,44.2719,46.5725,44.6430,46.3249,48.0521,48.0521,48.2701,50.4480,50.6952,49.7293,51.5461,53.7587,52.9245,53.4883,54.5619,53.0000,53.4135,0.0000,0.0000,0.0000,0.0000,0.0000,0.0000,0.0000,0.0000,0.0000,0.0000,0.0000,0.0000
1700000038.650000,-61.4,40.0000,46.1411,47.8539,55.1543,57.5847,62.6259,65.7875,71.5122,75.6108,76.6942,80.7775,83.3847,83.6720,82.7647,85.4225,78.7210,81.8596,75.1332,77.8203,73.7902,73.3553,72.8972,67.0820,69.6419,65.9242,66.4831,62.9365,59.4811,60.8769,54.9181,57.0701,56.4358,56.3205,57.1402,57.0088,56.0000,59.0762,60.0333,60.0750,63.1269,62.1289,66.0681,66.0681,68.0294,67.0000,67.0671,68.1175,69.3542,68.8840,70.2140,69.1231,69.8928,0.0000,0.0000,0.0000,0.0000,0.0000,0.0000,0.0000,0.0000,0.0000,0.0000,0.0000,0.0000
1700000038.700000,-59.5,43.2897,47.0106,54.2310,56.8858,62.8013,66.2873,73.5459,73.7564,80.4114,84.7172,90.3549,88.5664,87.5728,87.9659,87.2066,87.3670,86.3713,81.1542,80.1561,81.3941,77.2334,78.5175,72.1734,73.9797,73.1642,71.0211,65.7343,62.3618,60.7289,63.5689,60.0083,62.6498,62.6099,59.9416,62.7694,63.2851,63.8122,64.6607,66.5733,62.4260,69.8928,70.8025,72.6705,73.2462,74.0945,70.8308,76.1577,77.3886,78.7909,77.4919,75.6902,79.8311,0.0000,0.0000,0.0000,0.0000,0.0000,0.0000,0.0000,0.0000,0.0000,0.0000,0.0000,0.0000
1700000038.750000,-60.6,43.0465,45.6180,50.2892,55.6597,62.3618,66.9403,71.8401,75.2861,79.6994,82.8613,85.7030,88.2553,85.4400,85.4400,85.0882,86.0058,82.0792,81.9390,79.8499,77.4726,75.6439,74.3236,73.5391,71.4703,69.8928,69.2604,63.3246,62.8172,61.1882,59.5399,57.4282,59.2115,60.0750,59.0085,61.0082,62.0322,62.1289,63.0714,65.1920,65.1920,66.1211,67.1863,70.1142,69.0652,70.0071,70.0000,72.1734,74.1687,74.8131,75.1332,73.7564,73.3757,0.0000,0.0000,0.0000,0.0000,0.0000,0.0000,0.0000,0.0000,0.0000,0.0000,0.0000,0.0000
1700000038.800000,-61.9,37.3363,45.6070,51.6236,54.5894,58.4209,62.2013,69.1809,69.4622,75.4255,76.7919,82.0366,84.0119,85.3288,85.7030,85.7030,81.2527,79.6241,76.4853,78.6448,75.5050,75.7100,72.5672,68.8840,68.7314,67.3647,65.3758,61.0328,60.0333,61.0082,56.1427,58.2151,59.5399,58.4637,57.4891,57.7235,60.4401,60.4070,61.0328,63.5689,65.4599,62.9365,69.5701,69.5701,69.9214,70.6045,70.4060,70.6116,75.4255,74.4312,75.1665,76.0000,75.1665,0.0000,0.0000,0.0000,0.0000,0.0000,0.0000,0.0000,0.0000,0.0000,0.0000,0.0000,0.0000
1700000038.850000,-63.8,40.6079,43.3244,48.7545,55.9017,59.9416,63.2851,68.6003,74.7930,76.5376,80.0625,84.0773,85.8662,85.4283,83.3847,83.9345,84.5281,81.0247,78.3901,77.8781,75.6439,74.8465,73.8241,69.7711,67.0820,67.0820,67.2309,62.9682,63.0079,60.4401,60.3075,58.0517,57.9828,58.0517,57.3847,60.4401,60.2163,61.8547,61.8547,62.6817,63.5138,66.0303,67.9559,69.6348,69.6348,70.8025,70.6045,71.5891,72.9178,74.9533,72.9178,74.8131,72.6705,0.0000,0.0000,0.0000,0.0000,0.0000,0.0000,0.0000,0.0000,0.0000,0.0000,0.0000,0.0000
1700000038.900000,-62.7,43.8634,46.0435,53.8516,57.3062,61.2944,64.4050,71.1758,74.2496,80.0562,81.8841,85.5862,86.9540,87.1321,85.4400,84.3149,87.9830,82.1523,81.8352,77.6981,77.1751,74.0945,75.8024,71.3442,69.3542,70.2353,67.9779,64.4748,62.3939,59.4643,62.3618,57.9741,58.4637,59.8415,58.5491,59.2115,63.2851,60.1332,62.1289,63.1269,63.0714,68.0074,67.0298,70.1783,70.1783,70.1783,70.2567,72.9931,75.1332,73.9797,73.6817,74.6726,72.9178,0.0000,0.0000,0.0000,0.0000,0.0000,0.0000,0.0000,0.0000,0.0000,0.0000,0.0000,0.0000
1700000038.950000,-62.5,41.4849,44.5982,52.3546,55.5698,61.0574,61.9112,69.8928,73.2462,76.8505,81.1234,82.3650,85.8836,86.3134,84.9706,84.5281,85.4225,80.0562,79.2023,77.8203,76.0263,75.1532,74.6860,73.3485,71.1969,68.4763,65.3682,61.8547,63.0079,59.0339,59.4643,58.0000,57.2800,58.0517,58.7963,58.0086,60.2163,60.4649,62.2013,63.8201,62.1289,67.1193,66.3702,71.2811,66.6108,66.0303,68.4105,70.9366,73.1095,74.9667,72.8629,72.8011,72.9452,0.0000,0.0000,0.0000,0.0000,0.0000,0.0000,0.0000,0.0000,0.0000,0.0000,0.0000,0.0000
1700000039.000000,-60.6,44.9444,45.1774,51.3128,58.0086,64.8151,67.6240,73.2462,75.9276,82.0061,83.8153,85.4459,87.6584,89.5879,89.0449,85.7555,89.0449,84.9058,83.7616,78.2304,78.7718,76.8505,76.2758,74.8866,71.6101,70.2140,69.2026,65.9469,65.1920,59.3970,63.1269,58.8982,61.2209,60.4649,60.7454,61.4003,63.1348,64.8845,63.1348,64.0078,66.2420,69.7711,68.8840,72.0694,69.3542,72.9452,71.8679,75.4718,75.4520,76.2168,75.8222,76.3806,73.7564,0.0000,0.0000,0.0000,0.0000,0.0000,0.0000,0.0000,0.0000,0.0000,0.0000,0.0000,0.0000
1700000039.050000,-62.1,41.4849,43.0813,52.8394,54.7083,59.3633,63.2851,70.7248,73.2462,77.6981,81.1234,84.1190,86.3539,87.6584,86.7698,84.5813,84.5813,81.8596,82.8553,78.2624,78.2943,75.5844,74.2428,72.0139,70.3278,71.1969,65.8635,62.1289,63.6003,60.6053,59.6657,58.7282,59.3970,58.0517,58.0517,59.6657,62.2013,63.6003,62.8013,63.8201,65.0000,66.0303,68.2422,71.4003,70.0000,72.0069,70.8378,72.1388,74.2496,73.5935,75.2861,74.4043,74.0945,0.0000,0.0000,0.0000,0.0000,0.0000,0.0000,0.0000,0.0000,0.0000,0.0000,0.0000,0.0000
1700000039.100000,-59.4,41.2311,47.1699,50.2494,55.9017,62.1691,66.3099,70.6824,72.9178,76.4853,80.9568,84.0773,85.9069,84.2199,83.7257,84.0595,84.2199,80.2621,77.6981,78.3901,78.8923,74.6257,74.9466,71.6938,69.7711,68.4251,67.6240,63.1585,65.5515,60.4070,58.2409,59.9083,59.0339,57.8705,60.5310,57.2189,57.0351,62.0081,63.0714,63.0317,63.0000,68.1175,68.0294,69.0652,70.0286,71.1126,71.7008,75.8024,73.7564,74.4648,75.9605,74.6726,74.2428,0.0000,0.0000,0.0000,0.0000,0.0000,0.0000,0.0000,0.0000,0.0000,0.0000,0.0000,0.0000
1700000039.150000,-63.4,42.5441,44.1475,48.6621,57.3149,60.2080,65.1920,71.4493,75.1665,77.4145,80.3990,85.5862,83.6002,86.7006,86.1452,86.6833,81.3941,82.7647,78.2624,80.4114,78.4474,75.1332,72.3671,68.7314,69.2604,68.3593,67.1193,65.0692,63.0079,62.0000,56.1427,61.4003,59.2284,58.8558,57.7235,60.4401,60.0833,62.9682,61.0983,64.2573,65.1920,65.7875,69.2892,70.2282,70.2282,70.8802,72.0347,73.7564,73.1642,74.8131,75.3260,76.0263,75.1066,0.0000,0.0000,0.0000,0.0000,0.0000,0.0000,0.0000,0.0000,0.0000,0.0000,0.0000,0.0000
1700000039.200000,-63.4,40.8167,43.6005,48.9183,54.4518,60.1082,64.3817,70.7672,73.5527,79.1960,79.2465,84.1487,84.8646,84.9588,85.7963,84.0238,84.5044,81.6884,80.2808,77.3369,76.8375,74.6525,73.8783,70.8378,70.0071,68.5930,67.8822,64.4438,62.4820,60.4401,58.8218,57.6888,59.1693,55.4707,56.3560,59.0339,60.5392,61.4654,61.0983,63.9062,63.5689,66.1287,66.7308,67.7791,69.6419,68.9420,69.7782,71.5891,72.2011,73.2462,72.4224,73.2462,75.0733,0.0000,0.0000,0.0000,0.0000,0.0000,0.0000,0.0000,0.0000,0.0000,0.0000,0.0000,0.0000
1700000039.250000,-61.5,40.4475,45.2217,51.0784,55.9464,59.9333,63.9531,70.2353,74.7061,80.0625,81.4371,84.5813,85.4927,87.0919,86.1626,85.0941,85.4400,82.6378,80.0562,79.1202,76.5506,74.6726,73.7360,72.0902,70.7743,68.9420,67.5352,64.0078,61.9112,59.9083,58.6003,58.6003,57.3847,56.5862,57.9828,60.1415,61.6198,62.3699,63.1269,63.8905,64.0312,66.8431,66.8431,68.8840,68.1175,70.0928,69.3109,72.1249,72.9178,73.1095,74.6324,72.4017,74.2428,0.0000,0.0000,0.0000,0.0000,0.0000,0.0000,0.0000,0.0000,0.0000,0.0000,0.0000,0.0000
1700000039.300000,-62.3,43.4166,44.9222,53.4509,56.6480,65.0000,66.3099,74.7329,77.4726,81.9390,86.1626,88.6002,89.1964,89.4930,88.8876,87.0919,91.3947,82.8613,85.0706,80.6536,80.6536,79.6994,79.0569,75.2728,74.0945,73.7360,67.6240,67.0820,67.5352,61.9112,64.3506,60.4649,63.4114,61.0737,62.3699,63.6396,65.7647,66.5282,64.3506,65.7951,66.5282,70.9366,65.9469,75.0067,73.5935,73.5527,73.5527,75.8222,76.5768,79.4040,78.7718,76.6616,75.5844,0.0000,0.0000,0.0000,0.0000,0.0000,0.0000,0.0000,0.0000,0.0000,0.0000,0.0000,0.0000
1700000039.350000,-63.4,39.2938,43.2897,51.0882,56.0000,63.0000,66.0076,67.0075,75.0067,77.0065,78.0256,85.1469,85.0941,86.1452,83.2166,81.3019,85.2115,82.4924,78.6384,77.3175,75.1066,75.2396,71.1126,69.1809,70.0286,68.0074,69.0000,65.1230,58.1378,61.4003,60.0167,55.9017,60.4401,58.8218,57.8705,60.1664,60.4152,60.8358,59.9333,63.9766,68.4471,67.6240,71.5891,70.2638,72.2357,71.8679,70.5195,72.7324,73.7631,74.9533,76.7919,73.3348,76.0592,0.0000,0.0000,0.0000,0.0000,0.0000,0.0000,0.0000,0.0000,0.0000,0.0000,0.0000,0.0000
1700000039.400000,-61.2,41.4367,46.0000,48.3735,54.2310,60.0167,61.9839,69.1231,70.2140,78.0897,77.7817,81.3019,84.2912,84.3801,85.2115,84.0952,81.2219,83.2947,77.1038,77.6466,75.4255,71.2531,75.9539,69.3542,69.0507,68.4690,67.2681,63.3246,61.1310,59.8080,57.2713,55.4617,56.4358,58.3095,57.4282,56.8595,58.2495,60.4649,60.6053,61.8466,62.8013,63.2535,67.4759,68.1175,66.6108,68.8840,66.6108,69.4046,71.0211,70.2353,72.0902,72.4500,73.0821,0.0000,0.0000,0.0000,0.0000,0.0000,0.0000,0.0000,0.0000,0.0000,0.0000,0.0000,0.0000
1700000039.450000,-60.6,42.1900,48.0521,51.5461,57.5847,62.6498,68.1542,73.5391,77.4726,81.7068,81.7068,86.1626,87.4643,89.5377,89.8888,89.1852,88.2327,85.3815,81.6088,81.2711,81.2711,78.7464,76.8440,72.1110,72.9178,70.7743,69.8570,68.0000,64.4981,65.5134,58.8218,61.6117,61.0737,60.2080,58.6941,60.1082,60.2080,63.2535,63.8905,68.4105,67.0075,66.0681,69.0290,71.7008,71.5891,72.9178,70.0071,73.5527,75.7430,73.8783,77.0065,76.2758,77.8974,0.0000,0.0000,0.0000,0.0000,0.0000,0.0000,0.0000,0.0000,0.0000,0.0000,0.0000,0.0000
1700000039.500000,-58.2,43.8634,48.5077,51.6236,62.6498,65.2763,71.2531,75.4255,81.2219,84.8528,85.3756,85.5862,88.8144,91.4112,92.2280,91.7823,88.2950,89.0505,85.1469,81.7863,80.6040,76.9025,77.8781,74.5252,75.4255,71.4493,72.2496,69.1809,65.1920,63.0317,63.0714,61.1310,62.2013,63.2851,61.1882,62.9682,62.0967,65.0000,65.8027,68.0074,68.6804,68.4105,72.5328,72.5328,72.0347,76.4853,73.9797,76.6551,80.3990,78.1601,78.0577,80.0250,79.9062,0.0000,0.0000,0.0000,0.0000,0.0000,0.0000,0.0000,0.0000,0.0000,0.0000,0.0000,0.0000
1700000039.550000,-62.7,40.2244,43.4166,48.0833,54.5619,61.6198,64.5368,72.3464,74.3303,78.5684,83.4506,84.8528,86.3713,85.0412,85.0412,83.0963,87.7269,79.9312,81.5659,77.2334,76.4853,73.7564,73.5935,72.2496,70.0071,69.3109,66.4831,63.7809,61.6117,59.0762,60.2080,57.9828,58.1808,59.9333,58.1808,58.5235,59.8080,60.4070,60.7454,61.6847,62.9365,68.0074,66.7608,69.2892,68.0074,70.9366,69.4622,72.4500,73.3553,74.9466,74.0608,73.8783,72.1803,0.0000,0.0000,0.0000,0.0000,0.0000,0.0000,0.0000,0.0000,0.0000,0.0000,0.0000,0.0000
1700000039.600000,-61.8,40.7063,47.7074,50.9902,60.2080,61.7171,68.6222,74.3303,76.4853,83.7377,82.8070,87.6926,88.4590,92.1954,88.7299,91.8314,85.8021,89.6437,82.0061,81.8352,79.6492,79.8123,76.8375,73.2462,72.1803,73.5527,71.4213,65.9469,65.2993,66.4003,60.8030,63.2851,64.0078,63.1348,62.6498,60.4152,61.0328,63.8905,67.3573,68.9638,73.7631,69.8928,73.6817,73.0821,75.6108,76.1577,76.1577,77.3886,80.6226,78.3901,78.8923,80.4487,79.0253,0.0000,0.0000,0.0000,0.0000,0.0000,0.0000,0.0000,0.0000,0.0000,0.0000,0.0000,0.0000
1700000039.650000,-60.2,39.9249,43.4166,48.0104,53.0094,57.8014,63.4114,66.8431,69.6563,74.8131,76.4003,82.2010,81.6088,82.4197,81.8413,81.8352,79.9250,79.6116,74.0945,73.7835,74.3303,73.2462,69.8928,64.6375,68.4105,67.0075,64.0312,60.1415,59.4138,60.1415,55.9732,54.8179,55.0000,57.4282,56.0803,56.9386,56.3560,58.1378,58.6003,61.7414,62.6498,62.6099,64.8460,65.2993,67.5352,67.1193,66.3702,68.7968,69.6348,68.4105,68.8840,69.3109,69.3542,0.0000,0.0000,0.0000,0.0000,0.0000,0.0000,0.0000,0.0000,0.0000,0.0000,0.0000,0.0000
1700000039.700000,-62.0,41.0366,46.8615,51.3128,56.6039,62.2656,68.9638,72.5603,76.1577,80.4550,81.4923,86.2844,87.9830,87.9204,87.6584,86.6083,87.0057,86.0233,80.0000,81.0247,79.2023,77.8010,75.8024,72.6705,73.5731,70.8308,70.7107,67.0820,63.5059,60.9262,59.4643,57.5847,58.5235,59.4811,58.2495,61.3922,62.5140,63.2851,62.2896,65.1230,68.1836,66.2722,69.5845,69.2604,71.5681,71.7008,72.5672,73.7564,72.5328,73.0821,75.2728,75.2396,74.7061,0.0000,0.0000,0.0000,0.0000,0.0000,0.0000,0.0000,0.0000,0.0000,0.0000,0.0000,0.0000
1700000039.750000,-60.9,37.4433,43.9318,48.7955,54.4885,59.4643,63.2535,69.6563,73.1095,77.9872,77.2334,83.5464,84.1487,85.5628,83.4506,84.9588,82.0366,82.0366,79.3095,77.8332,77.1038,72.8354,72.1388,70.7248,69.3542,68.6804,66.7083,64.0312,62.2013,61.0328,58.3095,56.4358,58.1378,56.3649,59.5063,60.1664,64.1950,62.6259,61.0328,62.3618,65.1460,64.8460,68.0074,67.0671,70.8378,70.2282,70.7743,71.6938,74.2496,75.2928,74.6257,72.4224,70.9366,0.0000,0.0000,0.0000,0.0000,0.0000,0.0000,0.0000,0.0000,0.0000,0.0000,0.0000,0.0000
1700000039.800000,-60.6,38.9102,45.8803,49.0306,57.0701,58.5491,65.3758,69.2604,74.6726,77.6466,79.9062,82.0366,85.7030,87.0976,86.3481,87.8009,83.1986,81.2527,78.5875,82.2253,77.8781,76.9025,72.5672,69.2315,70.0357,69.2315,67.4759,63.0714,61.0737,61.0328,58.0775,57.0789,57.3149,58.4209,57.5587,58.4637,58.9406,61.1310,60.6383,62.3618,65.1460,63.8905,67.7200,66.0984,69.1231,69.1231,68.4471,70.2140,71.4493,71.3442,72.0625,72.0278,74.3303,0.0000,0.0000,0.0000,0.0000,0.0000,0.0000,0.0000,0.0000,0.0000,0.0000,0.0000,0.0000
1700000039.850000,-62.5,41.0366,46.3249,51.4296,56.8595,60.5392,66.3099,70.9366,73.9256,80.6226,80.6226,87.6641,87.6641,86.3134,86.3134,86.8332,85.0000,84.1190,78.8923,79.1770,78.2943,75.6637,75.5910,73.7902,73.4098,69.3542,68.1542,65.4599,61.3514,62.0967,59.4390,59.0339,59.4138,58.2151,58.2151,60.0750,61.0082,65.0077,61.0082,63.0079,66.0681,67.1193,69.0652,68.0294,69.0072,70.0071,71.0634,75.1665,72.2496,72.9931,73.5459,73.7631,74.0000,0.0000,0.0000,0.0000,0.0000,0.0000,0.0000,0.0000,0.0000,0.0000,0.0000,0.0000,0.0000
1700000039.900000,-64.1,41.3401,46.0977,50.0000,54.4059,60.8769,66.9403,71.8053,71.5891,79.5550,81.0432,85.0706,85.7030,85.7030,85.0941,85.4400,85.7030,84.1546,81.3449,79.0569,79.6994,73.6817,74.7262,71.7844,72.0347,70.0928,68.8840,66.7533,61.4003,62.1289,60.0333,59.0000,59.0762,60.2993,60.4070,60.0167,61.9839,63.1506,63.5610,63.5610,65.0000,66.9403,68.8840,70.8308,71.5891,69.4262,70.0357,72.8354,72.6911,74.1080,75.0000,75.0600,74.6726,0.0000,0.0000,0.0000,0.0000,0.0000,0.0000,0.0000,0.0000,0.0000,0.0000,0.0000,0.0000
1700000039.950000,-65.4,38.9487,44.9222,51.6624,55.3173,60.8276,62.9682,69.7209,72.6911,80.4114,81.2158,84.7231,87.0976,88.5268,87.5557,87.3613,85.3756,82.0061,81.0432,80.7775,80.5233,78.8480,74.4648,70.8308,72.3671,72.9931,67.7422,67.3647,61.2944,66.0681,61.0328,61.0737,61.2944,61.2944,60.2080,60.8769,60.8769,64.2884,64.0312,68.3081,70.2140,68.9638,71.4703,71.8401,74.0405,73.9797,72.7805,75.7100,78.6384,74.6726,76.1052,78.0000,78.4092,0.0000,0.0000,0.0000,0.0000,0.0000,0.0000,0.0000,0.0000,0.0000,0.0000,0.0000,0.0000
1700000040.000000,-65.8,41.1096,45.1774,51.9711,57.6888,61.8547,66.4003,70.4557,78.2368,79.8812,78.7718,82.1523,86.2844,87.1321,89.3588,83.6481,88.1192,82.2982,79.1581,77.8974,76.0592,76.4788,74.3034,72.4707,72.4017,72.1110,64.0703,65.8027,62.4820,63.7809,57.3847,59.3970,59.3970,60.9590,58.4123,60.0000,59.2030,63.5138,64.6607,65.7343,69.8928,64.0703,66.8506,73.4983,73.0069,70.8025,70.9366,75.0067,75.6637,74.2765,75.9276,75.4321,74.9466,0.0000,0.0000,0.0000,0.0000,0.0000,0.0000,0.0000,0.0000,0.0000,0.0000,0.0000,0.0000
1700000040.050000,-58.8,39.4462,44.4072,49.5177,58.0000,60.8769,65.0692,71.5052,73.5527,77.7946,81.3204,84.1724,84.8999,86.4523,86.4523,85.9128,84.2912,81.5659,80.2808,79.6492,78.8733,76.8375,75.1665,71.7008,70.7107,69.3109,65.7647,65.7647,63.2535,61.8466,59.0762,59.9083,60.2080,58.1808,60.9016,59.5063,60.0083,61.6847,61.4654,65.5515,65.1920,67.3573,65.4599,69.0797,69.6419,70.7743,69.7782,72.4707,72.5603,72.4017,74.6324,74.0270,72.8629,0.0000,0.0000,0.0000,0.0000,0.0000,0.0000,0.0000,0.0000,0.0000,0.0000,0.0000,0.0000
1700000040.100000,-59.4,43.3820,46.6154,54.6717,59.5483,64.4438,68.6222,75.0067,76.4853,84.2912,85.7963,88.8651,90.4268,91.2140,90.6035,88.2327,90.6035,85.2115,84.6286,82.8010,81.6088,78.8162,79.2023,76.4003,74.5185,73.8783,71.7008,67.2086,65.7647,63.7809,61.8466,61.2209,62.4260,63.5138,62.4340,63.1348,64.4127,64.4050,67.0820,67.1193,69.7782,68.9420,70.6824,72.8972,73.3553,71.1196,74.0945,74.3303,78.2368,78.2432,78.7464,77.7817,76.5768,0.0000,0.0000,0.0000,0.0000,0.0000,0.0000,0.0000,0.0000,0.0000,0.0000,0.0000,0.0000
1700000040.150000,-65.3,38.8330,41.3038,47.0106,52.0096,56.0803,64.0703,66.1211,68.2642,74.1080,75.0600,80.0250,81.0247,83.0000,81.0062,80.0562,80.0000,79.0063,76.0592,75.0267,75.0067,69.0290,70.0000,66.0000,66.1211,66.1211,63.1269,61.5224,57.7062,57.0701,56.7539,55.0818,55.0273,55.3624,55.1543,56.7979,56.3560,59.4811,58.3095,60.9016,60.5392,61.7738,62.6498,65.7647,64.0078,64.8845,65.7419,68.0294,68.7095,68.6222,70.6045,69.6348,69.4622,0.0000,0.0000,0.0000,0.0000,0.0000,0.0000,0.0000,0.0000,0.0000,0.0000,0.0000,0.0000
1700000040.200000,-61.6,41.5933,44.0454,48.0937,56.2228,60.2080,63.7887,70.7107,74.4312,76.3217,81.3941,84.1487,85.0941,85.0529,85.0235,84.0000,84.0060,81.0062,79.0063,79.0253,78.0000,74.0270,72.0278,70.0286,70.2567,68.1836,67.2681,65.4905,60.8276,60.4152,57.7235,56.6127,59.4643,58.6941,58.1808,58.1378,59.0339,60.4152,62.2656,62.7694,63.2851,65.3682,67.2309,68.4763,69.3542,68.8840,69.3181,68.9420,72.4500,73.0548,73.4983,72.3671,71.4493,0.0000,0.0000,0.0000,0.0000,0.0000,0.0000,0.0000,0.0000,0.0000,0.0000,0.0000,0.0000
1700000040.250000,-60.7,41.7612,46.5188,51.0000,56.8243,60.7454,66.5733,72.4017,74.6257,80.7775,79.7559,83.8630,87.9830,87.7097,85.4751,89.0000,85.4225,85.4225,81.3941,80.0562,78.2943,75.6439,75.1532,71.1196,71.6938,69.4622,68.2642,65.7343,61.8547,62.0081,60.9590,58.7282,58.6941,59.4138,58.7282,62.4820,62.0081,63.5138,63.5138,63.5138,68.0074,66.8506,69.0652,69.4046,70.8025,69.0290,70.8378,73.5935,75.6637,74.3303,74.4110,73.4098,73.7835,0.0000,0.0000,0.0000,0.0000,0.0000,0.0000,0.0000,0.0000,0.0000,0.0000,0.0000,0.0000
1700000040.300000,-62.1,41.0488,42.1900,50.2195,53.3667,61.1310,63.3246,71.1688,74.0405,77.6209,80.5233,82.7647,85.7030,85.7030,85.5102,84.0119,85.1587,81.0494,80.8950,76.1183,77.1038,73.3485,73.3485,70.2140,70.0928,69.1231,65.8027,64.5136,61.0983,59.0931,59.0339,58.1808,57.9828,59.0762,56.6127,59.8164,59.8164,61.0737,62.3699,65.1920,65.8559,65.9469,66.6033,69.4262,67.3573,69.6563,68.4105,71.6101,73.4983,72.7186,74.2428,72.9178,73.0548,0.0000,0.0000,0.0000,0.0000,0.0000,0.0000,0.0000,0.0000,0.0000,0.0000,0.0000,0.0000
1700000040.350000,-63.2,42.1900,46.0977,53.4509,56.9210,64.2573,66.8506,74.4648,77.0779,80.7775,84.5044,88.5438,88.5438,90.1388,89.2861,87.0919,88.6002,84.7703,82.7103,80.7775,80.7775,77.8845,76.5376,74.0405,73.3894,73.0548,70.3847,66.7083,64.4050,62.6498,63.2851,60.4649,61.6117,60.4401,61.0737,62.2415,63.6396,63.7024,65.0538,66.4831,67.2086,70.0357,68.6222,71.4213,71.4213,73.5935,73.5935,75.1665,76.2168,76.6094,76.0066,75.1798,76.0592,0.0000,0.0000,0.0000,0.0000,0.0000,0.0000,0.0000,0.0000,0.0000,0.0000,0.0000,0.0000
1700000040.400000,-65.0,40.6079,46.1736,50.0100,57.1402,61.0737,65.2763,68.4690,75.1665,78.1025,79.1581,85.0941,85.0529,85.0059,83.0000,81.0987,86.0233,80.0062,78.1025,78.0000,77.0260,74.0608,71.0070,71.0000,69.1158,69.0290,65.0692,62.3939,60.8276,60.0167,59.4390,60.1664,59.4643,56.3028,57.3847,57.2713,59.0593,60.9016,60.0333,61.7738,60.8276,65.7647,65.3682,68.4763,67.1193,68.8767,68.1542,67.4166,71.1688,69.9214,71.8053,72.1803,70.4557,0.0000,0.0000,0.0000,0.0000,0.0000,0.0000,0.0000,0.0000,0.0000,0.0000,0.0000,0.0000
1700000040.450000,-64.0,38.5876,42.0119,45.2769,54.4518,57.2800,63.0317,67.9412,70.0928,74.2765,76.3675,80.6226,81.3449,83.4865,80.0562,80.1561,80.0562,77.8974,75.2861,75.8222,75.0733,71.5891,71.4493,65.8559,68.5930,67.1789,63.7024,61.7171,59.8164,57.4282,55.7584,56.6039,55.4707,57.2713,55.0364,55.1543,57.9396,60.4070,60.0833,62.6259,62.6259,62.9365,62.9365,66.7308,66.4831,66.8506,66.8506,69.3542,68.8840,70.3278,70.7248,69.0290,69.4262,0.0000,0.0000,0.0000,0.0000,0.0000,0.0000,0.0000,0.0000,0.0000,0.0000,0.0000,0.0000
1700000040.500000,-59.9,44.0454,41.5933,52.2015,56.3028,63.3246,63.6946,70.7743,76.6942,80.7775,83.5225,89.5377,88.8876,89.5600,88.0568,87.0919,88.6002,84.2021,85.8662,79.5550,80.0812,77.8845,77.8845,74.0405,73.3894,71.7844,67.7791,63.0635,66.2118,60.4152,62.1289,59.3633,60.4649,61.0328,61.2209,60.9590,67.1789,65.0538,66.4680,67.1789,67.8822,70.0357,71.4493,74.9533,70.7248,72.8354,75.7430,76.6942,81.0555,78.6003,78.5493,78.7718,75.2396,0.0000,0.0000,0.0000,0.0000,0.0000,0.0000,0.0000,0.0000,0.0000,0.0000,0.0000,0.0000
1700000040.550000,-58.9,40.8044,45.1774,51.0784,54.7814,61.6847,63.9062,69.8928,71.4703,80.3243,81.9329,82.0792,84.1724,84.5813,83.6720,81.4125,84.5813,82.7345,77.8203,77.3886,75.1332,73.7902,72.0139,71.1758,70.2282,67.7791,65.5515,68.3081,62.0967,58.9406,61.0000,58.5491,58.3095,58.1378,60.1332,60.0000,61.0000,62.0322,61.0082,62.1289,63.1981,66.1891,67.1863,70.0643,68.0294,71.0000,70.0286,72.1734,74.3303,75.1332,75.7100,73.5459,73.0548,0.0000,0.0000,0.0000,0.0000,0.0000,0.0000,0.0000,0.0000,0.0000,0.0000,0.0000,0.0000
1700000040.600000,-63.7,39.4081,44.2832,50.3289,57.5847,59.7746,62.3618,68.4105,72.8011,76.2168,80.6536,82.8734,84.5044,86.5390,85.6154,85.9069,80.5295,82.3468,74.7329,78.2943,75.6439,72.9178,74.3236,69.8570,72.1110,69.8928,66.4078,62.3618,63.0635,61.8466,58.6941,55.3263,60.2080,60.0750,58.0345,57.0351,61.0737,62.0725,62.1289,62.1289,65.1920,66.1891,69.1809,70.1142,69.1158,72.0000,70.0071,75.0600,72.1110,73.5527,73.7564,75.1864,72.7324,0.0000,0.0000,0.0000,0.0000,0.0000,0.0000,0.0000,0.0000,0.0000,0.0000,0.0000,0.0000
1700000040.650000,-62.1,30.5941,34.0147,40.3113,42.5793,47.6760,52.9528,56.5685,59.8415,60.6712,62.6498,66.6108,66.6108,66.1891,67.2681,67.1863,64.1950,64.0703,64.1950,62.3939,61.1310,56.1427,57.7062,54.3323,55.7315,54.7449,52.3927,49.4773,48.7647,48.3839,45.6180,46.0977,47.8539,45.6508,46.1411,46.6476,47.4342,48.0104,47.0106,48.4149,50.6063,52.6308,52.6308,56.0357,56.8507,57.1402,55.4707,56.9386,56.9386,58.1378,58.5918,59.2368,58.6941,0.0000,0.0000,0.0000,0.0000,0.0000,0.0000,0.0000,0.0000,0.0000,0.0000,0.0000,0.0000
1700000040.700000,-60.0,42.9535,48.0937,53.1507,58.0086,66.1211,66.2722,75.1665,77.1622,85.0941,86.0523,87.0000,88.0000,92.0054,91.0055,87.0057,92.0054,84.0060,88.0511,81.0247,84.0238,77.0260,79.0253,77.0065,73.1710,73.1095,70.2567,66.1891,66.9104,62.3699,63.3482,62.0967,62.9365,63.8905,60.9262,61.3270,67.0820,68.8840,68.0000,64.4127,68.4763,72.0694,72.4707,77.3692,72.8972,76.0592,76.1577,75.9605,77.1622,79.8123,80.5233,81.3941,78.4092,0.0000,0.0000,0.0000,0.0000,0.0000,0.0000,0.0000,0.0000,0.0000,0.0000,0.0000,0.0000
1700000040.750000,-64.8,40.6079,44.5533,45.2769,56.0803,60.0000,63.4114,70.2922,73.7564,76.5768,79.6492,82.0061,86.2149,84.3860,82.9759,84.8528,82.7587,84.1724,79.2086,78.4920,77.1038,74.2765,73.5527,70.8378,70.6045,69.2026,69.6348,64.8999,61.8547,59.6825,60.9016,59.4811,60.8276,56.7979,57.9396,60.4070,59.7746,63.7887,61.8466,64.1327,66.9403,65.9697,72.5328,72.2772,70.6045,70.2282,72.8011,76.1577,76.0592,73.7902,76.0263,75.4718,74.6324,0.0000,0.0000,0.0000,0.0000,0.0000,0.0000,0.0000,0.0000,0.0000,0.0000,0.0000,0.0000
1700000040.800000,-62.4,43.4166,44.4185,51.8845,54.7814,60.9262,65.3911,73.1642,74.6726,79.3095,77.8781,84.1724,86.7640,86.7640,86.3134,83.2406,84.5340,84.0773,80.5295,79.6492,76.4788,74.7061,72.8972,73.3485,69.8570,70.0071,68.3520,67.0522,62.3618,58.2495,61.9839,58.0517,60.2080,57.2189,58.0086,61.0082,63.0714,61.0737,63.0714,63.0714,64.1950,64.2806,69.5845,70.5762,71.1126,70.0643,71.0070,72.0069,73.1710,73.4370,75.6637,74.7329,74.7262,0.0000,0.0000,0.0000,0.0000,0.0000,0.0000,0.0000,0.0000,0.0000,0.0000,0.0000,0.0000
1700000040.850000,-62.1,40.7922,47.1699,50.0100,58.0086,60.2080,67.1193,70.1783,75.1066,80.0999,80.0562,86.0523,87.0000,88.0000,86.0058,88.0511,85.0235,85.0235,78.0256,81.0000,78.0256,76.0263,75.0000,69.0072,71.0634,69.1158,68.0661,66.2722,61.8142,62.1691,58.4637,59.9083,58.5235,56.6127,57.9396,58.6941,58.6003,61.7738,60.8276,64.8845,65.2993,65.3682,68.0955,68.4251,69.7711,68.8767,70.0071,71.5122,74.3303,73.0821,73.7631,75.7100,74.6726,0.0000,0.0000,0.0000,0.0000,0.0000,0.0000,0.0000,0.0000,0.0000,0.0000,0.0000,0.0000
1700000040.900000,-59.0,40.6079,45.6508,54.2310,54.4243,61.6847,66.7308,69.8928,78.4474,80.9938,81.2711,85.4400,86.7295,87.4643,87.8465,88.1022,84.1724,84.5281,80.0625,79.6241,77.8203,74.6860,76.0263,72.6154,71.1688,70.2282,69.6419,68.1542,64.0312,61.3922,58.8558,58.2495,57.4282,63.0317,59.0339,60.0083,60.1332,63.2851,61.1310,68.3593,68.1175,67.0671,67.2681,70.1142,70.0643,72.0278,71.0282,71.0070,75.3260,74.3303,74.9667,75.5050,74.6324,0.0000,0.0000,0.0000,0.0000,0.0000,0.0000,0.0000,0.0000,0.0000,0.0000,0.0000,0.0000
1700000040.950000,-62.3,39.9249,43.4166,48.6621,54.4518,61.2944,63.5059,70.1783,74.3303,78.4092,79.4040,81.0494,85.1587,82.2010,81.3941,81.7863,81.3941,79.6241,78.3390,75.3127,77.9295,71.1969,69.8713,68.7314,67.4759,67.3647,67.1193,62.0081,60.0083,59.0762,58.1378,54.2310,57.8705,58.6941,54.1202,56.6127,58.2409,62.9682,60.7454,62.9682,62.9682,64.2573,63.6946,67.4166,68.9493,69.2604,71.1688,72.5328,73.0069,73.1642,71.3442,74.2428,72.0069,0.0000,0.0000,0.0000,0.0000,0.0000,0.0000,0.0000,0.0000,0.0000,0.0000,0.0000,0.0000
1700000041.000000,-64.6,40.8044,47.1699,51.8845,58.3095,60.4649,67.1193,71.8471,75.4520,80.9938,82.1523,87.9830,87.7097,87.7097,85.8836,88.5494,85.0882,84.5991,80.0625,78.2943,77.5242,76.6616,76.6616,70.3278,73.2393,69.0652,70.2140,66.0681,63.7809,62.2896,60.1082,59.4138,61.2209,60.4649,59.9083,60.2080,61.9112,63.5295,64.4981,64.8845,67.5352,68.0000,69.7711,73.7902,74.7930,72.0694,72.7186,73.2393,73.4983,76.8375,76.4199,77.1557,76.0592,0.0000,0.0000,0.0000,0.0000,0.0000,0.0000,0.0000,0.0000,0.0000,0.0000,0.0000,0.0000
1700000041.050000,-62.8,40.1123,48.1664,48.1664,57.5587,58.8558,64.1327,70.6116,73.7564,78.7718,79.0759,81.7435,84.4808,85.7088,86.3713,87.2066,81.2219,86.0930,78.2304,79.2275,78.1601,76.1643,73.2462,69.2604,70.4557,69.5845,69.0507,62.8172,64.7611,63.0635,59.1354,58.5235,59.6154,59.9416,59.9333,59.9416,59.3633,61.8547,62.9682,67.4240,69.3397,65.1920,72.1110,68.2642,71.8679,72.5603,72.4707,72.8972,75.6439,73.3894,73.6817,74.7262,75.9539,0.0000,0.0000,0.0000,0.0000,0.0000,0.0000,0.0000,0.0000,0.0000,0.0000,0.0000,0.0000
1700000041.100000,-62.8,41.0122,44.4072,50.2195,54.1202,60.4070,63.5689,69.5701,73.0548,80.3617,81.6088,82.7103,83.9345,86.5852,86.3481,84.5281,85.1469,81.3941,79.2465,77.4661,77.6660,75.5050,75.7100,71.3863,71.1688,69.9214,65.4599,63.9062,64.6220,61.3270,60.8276,58.1808,59.1693,59.3633,59.6406,60.6053,61.8466,63.1269,62.3699,65.8559,65.8559,67.3573,67.2086,72.0069,68.8840,69.0290,71.0282,72.4224,74.6257,72.0694,74.6860,74.8465,73.3757,0.0000,0.0000,0.0000,0.0000,0.0000,0.0000,0.0000,0.0000,0.0000,0.0000,0.0000,0.0000
1700000041.150000,-59.0,43.4166,48.7032,50.9902,54.1295,64.0078,67.7422,70.4911,75.1665,80.6226,85.0000,86.7698,87.6584,87.3212,87.6641,87.2353,88.5664,82.7647,82.7345,81.0247,81.8596,77.6209,77.3692,74.6860,73.3553,73.3553,70.3278,63.8201,63.8201,61.2209,64.6607,60.4401,62.2254,60.1082,61.0737,59.4054,63.8201,65.4599,64.2028,66.0303,66.6108,71.0282,68.5055,75.2130,73.2393,70.8025,74.0270,76.5768,75.7430,79.1960,77.8974,76.2168,73.7835,0.0000,0.0000,0.0000,0.0000,0.0000,0.0000,0.0000,0.0000,0.0000,0.0000,0.0000,0.0000
1700000041.200000,-58.1,41.7732,48.8365,54.6443,57.9828,63.2851,66.8880,74.9466,76.8505,84.7231,84.9058,87.9830,91.8096,90.6973,87.9204,91.4002,87.4185,85.7030,80.0000,84.0536,80.8022,79.8123,77.9359,74.0608,74.4312,74.0945,69.4622,68.9638,67.1193,65.1920,61.6847,62.9365,58.8218,64.1327,59.2284,61.8142,64.6297,64.1950,65.2763,65.2763,65.2763,68.1836,70.2567,72.5603,71.5681,73.8241,75.8024,77.1298,78.3390,78.4474,77.1622,76.0592,78.3901,0.0000,0.0000,0.0000,0.0000,0.0000,0.0000,0.0000,0.0000,0.0000,0.0000,0.0000,0.0000
1700000041.250000,-66.2,40.2616,43.2897,49.0408,57.0088,61.0082,65.1230,67.0671,72.1110,77.0260,78.0064,81.0000,84.0000,85.0529,84.0952,85.1469,83.0542,80.0562,77.1622,77.0584,75.1066,72.1110,72.0625,68.0074,68.0074,69.0000,65.0308,62.3939,60.4070,58.5491,57.2713,57.4891,55.6597,56.6127,57.2451,58.1808,57.2713,59.0339,59.5063,63.5059,63.9531,64.4127,65.2993,66.6483,67.9779,67.5426,68.0294,70.5762,71.7844,70.6045,71.5891,71.0211,72.1734,0.0000,0.0000,0.0000,0.0000,0.0000,0.0000,0.0000,0.0000,0.0000,0.0000,0.0000,0.0000
1700000041.300000,-60.6,40.3113,42.5441,48.3839,53.8516,58.9406,61.8466,67.6831,71.0634,74.4648,79.1202,80.9568,80.6536,81.9329,82.6378,81.1542,81.7068,79.1202,76.6942,74.6726,73.7360,72.8011,71.1688,67.4166,69.2604,65.1460,63.8905,60.4152,59.2284,58.5491,57.2189,56.1427,57.0000,56.0089,57.0088,57.0789,58.1378,59.4138,59.3043,61.4003,60.5310,62.3939,62.5140,66.4831,66.2722,66.2722,66.0681,70.0071,70.0000,71.1126,69.4622,70.2140,69.1231,0.0000,0.0000,0.0000,0.0000,0.0000,0.0000,0.0000,0.0000,0.0000,0.0000,0.0000,0.0000
1700000041.350000,-61.1,43.4166,46.0435,50.3289,55.8659,58.0000,67.2086,70.1783,75.0067,80.6598,81.3941,84.8646,87.0460,89.8721,87.0460,88.6172,82.7587,86.3713,79.9812,82.1340,77.0779,75.6902,74.2496,69.3542,72.8354,71.5891,70.0928,65.2150,63.2456,62.9682,59.0593,59.9416,59.9333,61.0983,60.0833,60.7454,61.9839,62.0967,62.0967,64.0312,68.1542,67.4685,69.1231,68.8840,72.0347,69.6419,70.8802,75.6108,75.9605,76.9675,76.1577,75.8024,77.2010,0.0000,0.0000,0.0000,0.0000,0.0000,0.0000,0.0000,0.0000,0.0000,0.0000,0.0000,0.0000
1700000041.400000,-62.7,43.9318,49.1630,53.0377,60.0083,64.0078,69.0290,77.2334,78.1025,80.0062,86.0000,87.0057,91.0000,91.0220,91.0494,87.0919,90.1388,87.1436,85.1469,84.0952,80.0562,79.1012,79.0253,75.0000,76.0066,72.0625,71.1758,64.7765,65.2763,65.1153,63.3482,64.0312,60.1664,64.1950,61.8466,63.9766,65.7951,65.2993,67.5352,68.8840,68.9638,71.5891,74.4312,76.0263,74.2428,72.8972,75.1532,76.1577,79.3788,78.4474,79.5550,78.6448,78.6384,0.0000,0.0000,0.0000,0.0000,0.0000,0.0000,0.0000,0.0000,0.0000,0.0000,0.0000,0.0000
1700000041.450000,-63.2,39.1152,43.0116,47.2652,51.4781,55.3173,61.6117,64.3273,69.4262,73.3485,75.9539,79.2465,81.0494,79.6304,80.3990,80.1561,78.4092,78.2304,74.1687,76.2365,74.1687,70.0643,70.1783,66.2722,65.4905,63.9531,62.1691,60.4152,57.7235,56.3205,54.7814,55.3624,54.7814,54.2310,53.6656,55.4707,56.6039,56.8595,59.0762,58.2495,62.1289,60.4649,62.9682,63.8122,65.5134,65.0000,65.2993,67.1193,70.0071,67.4166,69.8928,69.1231,69.2315,0.0000,0.0000,0.0000,0.0000,0.0000,0.0000,0.0000,0.0000,0.0000,0.0000,0.0000,0.0000
1700000041.500000,-62.2,41.0122,44.6542,53.2353,56.7979,62.6498,66.2118,68.0294,73.8241,78.7210,83.6301,85.4225,85.8836,89.9444,87.3212,86.4523,86.3539,81.4923,78.8923,82.3650,80.5295,77.4145,74.7061,72.4500,73.3485,72.0902,68.0294,66.7308,61.4003,60.8769,61.0000,60.0167,60.4070,62.2896,59.0762,58.0000,60.0333,62.1289,63.0714,67.1863,67.1193,66.2722,68.2642,69.2604,71.0282,71.0634,69.0290,72.0069,75.0067,75.2396,75.9539,73.3485,75.2861,0.0000,0.0000,0.0000,0.0000,0.0000,0.0000,0.0000,0.0000,0.0000,0.0000,0.0000,0.0000
1700000041.550000,-62.0,42.2019,48.0833,51.7397,57.0088,64.2028,66.0303,70.8025,72.6223,80.4301,80.6040,84.5044,88.0909,88.0909,87.1149,84.2199,85.0412,82.0731,78.5175,81.3941,80.7217,77.0779,75.0067,71.5052,71.0634,69.4046,66.6108,64.3506,64.4981,63.1348,60.3738,59.0931,59.6154,59.4643,57.8705,57.2800,59.9083,59.0339,63.3482,66.2873,66.0984,66.7083,65.7343,72.7805,69.2315,71.5681,71.5681,72.1249,73.7360,75.0267,76.9675,77.8974,75.1665,0.0000,0.0000,0.0000,0.0000,0.0000,0.0000,0.0000,0.0000,0.0000,0.0000,0.0000,0.0000
1700000041.600000,-62.5,43.0465,47.0106,57.1402,58.4209,66.6108,69.2315,77.6660,77.4661,84.1724,89.5600,87.9659,90.6697,91.3510,89.2749,89.0225,93.1343,86.3713,86.0930,80.1561,84.0536,82.0549,80.0562,79.1012,76.4199,74.1687,70.8590,71.3863,67.6831,63.8905,64.5136,60.0833,61.6847,65.3070,60.8358,62.1772,67.2309,67.4166,68.2642,66.8506,66.8880,70.7248,69.3397,76.3217,71.6938,77.8974,74.6860,74.3236,77.2528,80.6536,76.2430,78.8480,77.6466,0.0000,0.0000,0.0000,0.0000,0.0000,0.0000,0.0000,0.0000,0.0000,0.0000,0.0000,0.0000
1700000041.650000,-62.6,42.0119,46.6476,50.9902,56.3649,61.8466,67.4166,71.5122,76.3217,78.0000,80.2309,84.5813,84.5813,87.2066,87.2066,85.9593,87.7097,84.1190,79.6492,79.1770,76.9220,76.4788,73.3485,70.6612,71.6938,71.6938,67.4166,65.4599,63.2456,62.0967,60.2080,59.0339,59.3043,59.2115,59.0762,60.0083,62.0000,63.0317,62.0725,65.0692,65.1230,67.0671,68.1175,68.1175,70.0286,71.0070,70.0000,71.0634,72.1734,74.6726,75.1332,75.9276,73.3757,0.0000,0.0000,0.0000,0.0000,0.0000,0.0000,0.0000,0.0000,0.0000,0.0000,0.0000,0.0000
1700000041.700000,-66.4,43.1856,48.0000,51.7880,58.0517,63.7887,66.9403,74.2159,78.1025,80.8084,82.5651,87.4757,88.9550,88.9550,88.8144,88.4590,87.6926,84.5931,83.3847,79.6304,79.5110,77.4145,77.7817,73.5527,73.5459,70.2140,69.6348,66.2193,63.8905,64.2573,59.8080,60.9262,59.0931,60.8276,60.9016,60.2080,61.0328,65.2150,62.4260,66.4003,67.2012,68.8186,68.4105,70.0000,70.4557,72.4017,71.0211,75.2928,74.2428,76.0592,75.3923,76.2168,74.2159,0.0000,0.0000,0.0000,0.0000,0.0000,0.0000,0.0000,0.0000,0.0000,0.0000,0.0000,0.0000
1700000041.750000,-64.8,40.0000,42.1900,50.0100,51.1957,59.9083,64.2884,66.7608,74.7262,77.6209,81.2527,85.3756,84.9294,82.9759,86.4928,82.0366,84.3445,81.3941,79.4292,75.1864,77.8781,73.1642,73.2462,70.6116,70.3420,68.4105,65.8027,64.2573,64.6220,59.0931,59.0339,58.3095,60.2080,57.4282,58.6003,59.6657,61.6198,60.9590,61.5549,63.7024,64.4438,69.2965,65.0538,71.5052,67.8970,68.6222,68.6804,72.6223,75.8024,75.1665,72.5603,74.2428,73.1642,0.0000,0.0000,0.0000,0.0000,0.0000,0.0000,0.0000,0.0000,0.0000,0.0000,0.0000,0.0000
1700000041.800000,-63.3,42.7200,45.6180,49.1935,56.4358,59.1693,67.9559,69.8928,74.6257,76.6616,79.0759,83.8630,83.0060,85.9593,86.8332,83.6720,82.3650,83.1865,76.0263,78.2624,77.3692,72.9178,73.3553,70.3278,70.1783,67.2309,68.2422,64.8151,62.0081,61.2209,59.4138,59.3970,59.3970,58.1378,59.8164,60.4649,59.6825,60.7454,62.9682,61.4003,66.3702,64.8845,67.1193,68.0955,68.7968,72.6705,70.7248,70.2140,75.0733,72.2496,76.4199,72.8629,74.6525,0.0000,0.0000,0.0000,0.0000,0.0000,0.0000,0.0000,0.0000,0.0000,0.0000,0.0000,0.0000
1700000041.850000,-60.7,42.1070,45.8912,52.8110,56.3028,62.3939,66.4831,73.1642,75.3923,82.0792,83.1685,88.2327,88.6002,90.5207,90.2497,86.3481,87.5557,83.6780,83.4326,81.7435,80.5233,78.3390,75.6902,74.2159,73.0821,70.6045,69.8928,66.4831,65.3911,61.7414,62.6498,61.7738,60.2080,59.9083,61.0328,60.4401,63.2535,63.1269,63.2535,64.4438,64.4438,67.2086,68.0147,73.1095,71.8401,70.6045,70.2140,74.0608,74.3303,74.7061,76.4853,75.3923,75.5844,0.0000,0.0000,0.0000,0.0000,0.0000,0.0000,0.0000,0.0000,0.0000,0.0000,0.0000,0.0000
1700000041.900000,-60.3,41.5933,45.5412,51.1957,57.0701,61.0000,65.7647,70.7107,74.4312,78.0897,81.5843,86.1220,87.0976,86.3481,86.8332,84.4808,86.4002,82.5651,80.3617,77.8845,77.6209,74.7262,74.4648,72.5328,70.4060,68.8840,69.2315,63.7887,61.8142,61.1310,59.0085,59.0085,59.0339,58.1378,58.3095,58.4209,62.1691,63.1506,62.3699,62.5859,62.5859,64.3273,68.4471,70.2140,70.0357,68.8840,70.4557,71.1758,72.1110,74.0068,75.1066,74.2428,72.1803,0.0000,0.0000,0.0000,0.0000,0.0000,0.0000,0.0000,0.0000,0.0000,0.0000,0.0000,0.0000
1700000041.950000,-63.1,40.6079,46.5296,51.4781,60.0333,62.0322,66.0000,71.0634,76.0066,79.0063,82.0061,87.1436,90.1388,87.2812,87.1436,86.2844,84.1487,83.3847,79.3095,80.3057,79.1581,76.5310,77.1038,71.0282,73.0616,72.0000,70.0071,66.1891,62.5140,62.3939,58.9406,61.3922,60.4401,61.0328,60.0833,59.6154,60.8358,63.9766,63.5059,65.3911,67.0820,67.9779,70.2353,71.5891,71.5542,71.5891,72.0902,74.6726,73.6817,75.9605,74.5252,74.6726,74.1080,0.0000,0.0000,0.0000,0.0000,0.0000,0.0000,0.0000,0.0000,0.0000,0.0000,0.0000,0.0000
1700000042.000000,-62.0,42.4853,44.9444,50.6063,57.3847,61.6198,65.1153,70.0071,74.2496,77.8974,80.7217,84.5044,85.2760,84.8116,86.2149,85.8021,83.0060,82.2010,80.2122,80.8022,77.8010,73.6003,74.8131,72.0069,72.4707,68.1175,65.9469,63.6553,60.8276,62.4820,59.8164,58.6003,58.2495,59.0762,58.5235,58.1808,58.6003,59.9333,59.5063,63.5059,64.4748,64.4748,66.3099,67.5426,67.5426,67.9779,68.4763,70.3278,71.0211,73.0069,73.8783,72.8629,71.4493,0.0000,0.0000,0.0000,0.0000,0.0000,0.0000,0.0000,0.0000,0.0000,0.0000,0.0000,0.0000
1700000042.050000,-64.7,42.4382,47.2017,50.2096,55.1725,62.2896,67.2681,72.2496,72.3464,78.5175,82.0731,82.7587,87.6812,87.0000,86.3713,86.4523,84.9588,81.4678,79.5110,79.2086,77.7946,75.1665,73.5527,72.1803,71.4213,68.5930,67.9412,64.0312,62.0081,62.4260,58.8303,57.9828,59.9416,59.5063,60.0083,59.6154,59.8080,63.2456,60.4070,62.9365,65.1460,65.1460,65.0000,69.8928,68.3081,74.0945,69.0797,72.4983,73.3553,76.6616,77.1038,73.4098,73.0000,0.0000,0.0000,0.0000,0.0000,0.0000,0.0000,0.0000,0.0000,0.0000,0.0000,0.0000,0.0000
1700000042.100000,-64.2,40.1622,45.1885,47.4131,55.7584,57.9828,61.0328,69.6348,69.6348,74.8866,76.6616,80.4550,80.7775,84.5340,79.1581,77.8203,81.8841,77.8974,77.4145,80.0625,75.6637,71.5891,70.7107,67.7422,68.6003,67.7422,63.0079,63.2535,62.4820,58.7282,58.0000,55.1725,53.2635,58.6003,55.4707,57.9828,58.6686,59.5399,59.1693,59.5399,63.5295,62.2656,65.2993,67.1193,67.6018,70.2353,67.7422,71.3442,70.6045,69.6563,72.8629,70.7248,70.0928,0.0000,0.0000,0.0000,0.0000,0.0000,0.0000,0.0000,0.0000,0.0000,0.0000,0.0000,0.0000
1700000042.150000,-59.6,39.4081,42.5441,48.7545,51.6236,60.1664,63.3246,68.9420,71.8679,75.2396,81.0247,82.7647,82.3468,83.1865,82.3650,78.7718,86.7698,77.5242,78.5493,74.7930,76.1577,72.2011,68.0955,69.3542,68.0294,65.3070,64.4748,60.5392,62.2977,58.2409,61.8466,53.3667,55.3173,57.8705,57.4282,58.2151,62.0322,61.0328,60.0000,63.0079,60.0333,66.0000,63.0317,68.1175,65.1230,69.3542,67.4759,72.1803,72.0347,73.0069,74.9466,72.8011,69.7782,0.0000,0.0000,0.0000,0.0000,0.0000,0.0000,0.0000,0.0000,0.0000,0.0000,0.0000,0.0000
1700000042.200000,-63.5,40.2616,43.4626,48.8774,56.4358,59.3633,66.8506,70.4557,74.3303,77.9359,82.1523,83.7257,85.4751,86.8332,85.8836,84.9706,84.5340,82.7647,80.0562,80.5295,78.2624,76.0263,72.9452,71.1196,70.8308,69.4622,66.8880,61.6117,63.2535,60.3075,60.9590,59.4138,59.4138,60.3075,61.0737,59.4054,61.0328,61.8547,62.9682,63.8122,65.1920,66.5733,66.8880,69.8928,71.5612,70.4557,71.8401,71.0634,73.6614,74.2765,75.0733,73.2462,72.9452,0.0000,0.0000,0.0000,0.0000,0.0000,0.0000,0.0000,0.0000,0.0000,0.0000,0.0000,0.0000
1700000042.250000,-63.8,40.0000,43.4626,48.7032,52.5547,60.4070,66.0984,69.5701,73.7631,76.5506,79.0569,82.8734,85.7963,84.6936,80.7775,82.7647,83.6301,81.0247,79.6241,77.8781,77.3886,73.8241,69.3542,68.1542,70.5195,68.9493,65.7875,63.2456,62.3618,59.4390,58.5491,57.8705,59.3043,58.0775,61.0328,59.0085,63.0079,62.0322,63.1269,65.0692,62.2013,67.0671,67.0671,69.0290,69.0290,71.0000,71.0634,72.1734,70.2567,77.9295,73.5459,76.4003,73.3894,0.0000,0.0000,0.0000,0.0000,0.0000,0.0000,0.0000,0.0000,0.0000,0.0000,0.0000,0.0000
1700000042.300000,-62.0,40.0000,43.8292,46.9574,56.0803,60.4070,61.9839,69.5701,72.1110,76.5506,79.8499,83.5703,83.5703,86.0058,81.4371,84.1190,81.0247,78.2943,76.4788,78.2943,76.1577,73.3485,70.3847,71.1758,70.2282,68.6222,65.1460,62.0967,61.6117,60.0167,55.5788,57.1402,58.2151,60.0333,57.0000,57.0351,60.2080,59.2115,59.2115,61.4003,62.5140,65.3758,64.4981,67.3647,67.1863,68.3593,70.0286,70.0071,73.0616,72.1734,74.6726,72.3671,70.8802,0.0000,0.0000,0.0000,0.0000,0.0000,0.0000,0.0000,0.0000,0.0000,0.0000,0.0000,0.0000
1700000042.350000,-60.4,40.0000,44.5533,49.8197,56.0803,57.2014,61.8547,67.2012,73.8173,76.4003,78.4092,81.6088,82.0061,83.0963,82.3286,83.5464,82.1340,82.2192,73.5935,77.1038,73.5935,70.7248,72.9178,69.0290,68.4105,67.2012,65.8027,62.9682,57.1402,59.6825,58.6003,56.7979,55.0364,56.3028,56.9210,57.2800,58.4637,57.8705,56.7186,59.0339,65.3070,62.8013,66.9104,66.7083,67.6831,67.4463,68.9493,71.7844,70.5762,71.3092,75.5844,71.1969,71.8679,0.0000,0.0000,0.0000,0.0000,0.0000,0.0000,0.0000,0.0000,0.0000,0.0000,0.0000,0.0000
1700000042.400000,-65.2,41.0488,44.9444,51.4781,56.3028,63.3246,62.2977,68.6222,73.6817,76.8440,82.2800,86.1626,88.9550,86.9253,89.5545,85.0000,83.7735,79.6241,80.0562,79.2023,75.1532,77.3886,75.5844,71.5891,71.8679,69.2892,64.1950,63.8905,63.3246,61.3922,61.0000,57.7062,58.2151,58.0775,60.0750,61.0082,61.0082,60.0750,64.1249,65.1230,65.1230,68.1836,64.1249,71.0634,68.0661,71.0282,72.0069,73.0616,74.1080,76.5310,75.1332,72.5672,75.2861,0.0000,0.0000,0.0000,0.0000,0.0000,0.0000,0.0000,0.0000,0.0000,0.0000,0.0000,0.0000
1700000042.450000,-63.5,38.0132,46.6154,49.6790,53.9073,59.3970,64.3506,70.0071,73.5527,77.1038,77.0779,82.2192,82.8794,85.7030,82.3286,85.0000,81.2158,78.2432,76.6094,76.5768,76.2168,71.7008,73.0000,68.0147,68.5930,67.8970,65.7647,64.5368,62.4820,60.0000,57.4282,57.1402,58.3095,58.6003,57.0088,58.8727,60.5392,61.0328,63.2456,65.8027,65.8027,62.9365,63.8905,67.4166,68.0074,69.6419,66.4831,70.3847,72.4500,71.1969,72.6705,72.6705,74.3303,0.0000,0.0000,0.0000,0.0000,0.0000,0.0000,0.0000,0.0000,0.0000,0.0000,0.0000,0.0000
1700000042.500000,-61.1,41.7852,46.6905,48.1664,56.0357,60.0083,65.0000,72.0278,75.0067,78.0577,80.0562,85.1469,84.3801,84.2912,83.2947,84.5931,81.7435,83.2166,78.4092,75.3260,76.3217,75.4255,71.1758,69.3542,68.0074,68.0661,68.0294,63.0714,61.0737,59.3043,60.4070,59.2284,57.4891,55.7853,55.6597,57.2451,58.6941,62.7694,60.9262,62.2415,64.4050,63.5610,67.2309,66.8506,71.6938,70.5762,70.2140,71.1688,71.5681,75.3127,74.9667,74.4312,74.0608,0.0000,0.0000,0.0000,0.0000,0.0000,0.0000,0.0000,0.0000,0.0000,0.0000,0.0000,0.0000
1700000042.550000,-60.0,39.9625,46.1411,49.9800,56.9210,62.9365,65.1460,69.8928,75.9605,80.9568,82.8613,85.4400,85.7963,86.3771,86.7295,88.2383,85.0000,83.2586,78.7909,79.7057,80.5295,77.8203,74.0945,70.7743,74.0000,72.4500,67.7200,64.7611,62.8172,61.1882,61.5224,60.5310,61.0328,60.0750,61.0000,61.0328,63.2851,64.4981,62.5140,64.4981,66.1891,65.1920,68.5930,73.2462,72.0625,70.1142,73.0000,75.0000,75.0600,72.2496,75.4255,73.9797,74.0405,0.0000,0.0000,0.0000,0.0000,0.0000,0.0000,0.0000,0.0000,0.0000,0.0000,0.0000,0.0000
1700000042.600000,-60.4,43.0116,48.0521,53.1507,56.1427,61.0082,66.0303,71.0282,76.0592,81.0247,81.0987,85.2115,86.2090,87.4643,84.4808,84.8528,86.7006,81.6150,80.3990,78.5175,79.5110,76.6551,75.1665,72.2496,71.0282,70.0643,70.0000,66.1211,63.2851,63.2851,62.9682,57.0701,58.4637,59.2030,58.5235,58.5235,60.9262,62.2415,62.2415,62.1691,68.0294,66.7083,67.1193,71.1126,69.4622,68.9420,72.8011,73.0548,75.5844,79.5550,74.7329,77.7817,73.1095,0.0000,0.0000,0.0000,0.0000,0.0000,0.0000,0.0000,0.0000,0.0000,0.0000,0.0000,0.0000
1700000042.650000,-59.9,33.2415,32.8024,39.4462,42.4853,48.7545,52.3259,52.3259,55.5428,61.7171,64.4127,66.6483,67.5352,68.0000,68.9638,67.9559,66.3702,64.3506,64.3506,61.4003,61.2944,58.5235,59.1693,56.4358,55.0091,54.6260,51.8941,49.7695,48.8467,48.1041,45.8803,43.1741,44.1475,44.7214,45.3982,46.2709,46.0000,50.0100,49.0000,50.0000,50.0000,53.0000,50.0100,57.0351,54.0093,55.2268,55.1453,57.2189,54.7449,57.2713,58.9406,57.5674,56.8595,0.0000,0.0000,0.0000,0.0000,0.0000,0.0000,0.0000,0.0000,0.0000,0.0000,0.0000,0.0000
1700000042.700000,-60.9,46.6154,50.5371,53.2259,59.9333,63.2456,71.1688,74.6324,79.4040,83.4865,83.8153,89.1964,90.8240,90.6201,90.0777,91.7061,91.2853,86.9253,83.6720,83.3847,82.4621,78.0000,78.0000,73.7360,74.3303,72.4500,71.1688,69.2315,66.7083,66.7533,62.5140,60.2080,61.0328,61.0737,60.0333,63.1269,63.1981,66.6108,65.7647,66.7533,70.5762,68.7314,71.0211,71.4493,75.5381,73.4370,75.4255,77.1038,76.0066,78.0577,79.4040,76.6551,82.0000,0.0000,0.0000,0.0000,0.0000,0.0000,0.0000,0.0000,0.0000,0.0000,0.0000,0.0000,0.0000
1700000042.750000,-62.9,39.0512,43.1856,52.9528,54.5894,59.9083,64.2884,70.6045,73.7631,77.6209,82.7647,85.1469,86.3481,88.2836,87.2983,83.7257,85.8429,78.7718,85.0000,78.2624,80.0625,76.6551,72.3671,71.0211,72.7805,67.6831,65.1460,64.8460,64.2573,59.0931,61.7414,57.6975,59.0593,58.3095,60.4649,60.6053,63.2535,62.4820,64.8151,64.5368,64.5368,66.0681,69.3542,71.2180,68.2495,72.4707,71.4003,74.6324,76.3217,76.6616,76.9220,74.4648,73.0821,0.0000,0.0000,0.0000,0.0000,0.0000,0.0000,0.0000,0.0000,0.0000,0.0000,0.0000,0.0000
1700000042.800000,-62.7,38.0000,42.7551,49.2443,55.0818,58.8218,62.9365,67.4166,70.5762,75.5844,79.4040,80.7775,83.2406,82.4621,82.2253,84.7231,81.7435,78.8543,77.6660,76.9025,74.7329,73.1642,70.8308,68.1542,68.0074,67.7200,66.1287,61.6847,60.9262,60.8358,58.1808,55.0091,56.6039,57.4282,57.2014,61.7171,60.2080,61.5549,61.5549,62.9682,65.7647,64.3506,65.0692,69.3109,66.5282,68.2495,68.2495,72.6223,70.2140,72.4017,73.3553,72.4500,72.8011,0.0000,0.0000,0.0000,0.0000,0.0000,0.0000,0.0000,0.0000,0.0000,0.0000,0.0000,0.0000
1700000042.850000,-64.5,41.0366,42.0119,50.2195,56.3028,60.2080,62.7694,68.9638,73.2462,76.3217,80.1561,83.2346,83.0060,85.6037,83.4086,83.2406,84.0238,81.0555,76.5768,78.8733,77.4661,73.8783,72.0069,68.4105,71.0282,70.2140,64.3506,61.0574,62.2656,59.0593,58.1808,59.0931,57.5847,59.1354,58.9406,57.9741,58.4637,60.4152,62.1691,63.3482,63.1506,63.9531,66.9104,68.4471,67.6831,68.6586,69.1231,69.9214,70.2282,73.0069,72.4500,69.8355,72.1110,0.0000,0.0000,0.0000,0.0000,0.0000,0.0000,0.0000,0.0000,0.0000,0.0000,0.0000,0.0000
1700000042.900000,-63.6,43.4166,47.1699,48.7647,55.7853,59.6657,66.0984,72.3671,72.7805,79.5550,78.6448,81.7435,82.4621,87.0919,83.8153,84.1190,82.8613,83.5225,77.7946,78.4474,77.4919,72.7324,72.8011,70.0928,68.8840,68.6586,69.2315,63.7887,60.2080,60.2080,59.0339,57.0000,58.1378,58.3095,53.9351,59.5399,59.4390,61.3922,60.4152,63.7887,64.7611,64.1327,66.7083,66.9403,68.4471,69.4262,70.0357,70.0357,74.2428,72.1110,71.0282,74.1687,74.3303,0.0000,0.0000,0.0000,0.0000,0.0000,0.0000,0.0000,0.0000,0.0000,0.0000,0.0000,0.0000
1700000042.950000,-64.5,43.9090,48.7032,54.4059,59.2030,64.0312,69.6419,73.4983,74.7262,81.3204,83.2406,86.9770,86.9770,90.8240,88.8651,88.3912,89.1964,85.4400,82.6378,81.7068,81.9329,77.8781,78.1857,75.9605,73.7631,75.5844,69.6419,65.7343,66.2873,64.4981,61.1310,62.1289,60.0750,61.0082,60.0000,61.2046,61.2046,67.1863,64.3817,66.6108,68.7314,70.8590,71.5681,71.4493,73.5527,74.0608,72.0625,74.0608,79.0063,78.3135,78.5175,79.4292,79.5550,0.0000,0.0000,0.0000,0.0000,0.0000,0.0000,0.0000,0.0000,0.0000,0.0000,0.0000,0.0000
1700000043.000000,-62.1,42.0000,46.2709,51.4198,57.5674,62.6418,66.4078,72.7324,74.6324,78.8480,82.5651,86.4002,87.5557,88.3233,86.5852,85.9069,86.1220,79.6241,82.7647,79.8311,79.5550,79.0759,72.0347,74.2159,73.6817,68.9493,68.0074,66.3099,63.0714,62.6498,62.7694,60.9016,58.8218,60.2163,59.4054,60.9590,60.9590,62.2415,60.1082,65.0692,63.7024,65.1920,66.4680,71.4213,67.2681,73.0000,71.8401,72.2011,74.0608,73.7835,75.4718,76.4788,74.3236,0.0000,0.0000,0.0000,0.0000,0.0000,0.0000,0.0000,0.0000,0.0000,0.0000,0.0000,0.0000
1700000043.050000,-59.8,43.0813,47.8539,48.0208,58.5235,61.2944,65.4599,70.0000,74.0270,76.0263,78.2304,83.7616,83.7616,85.0882,83.3547,81.4125,81.9878,81.9878,75.5910,79.6492,77.4145,76.0263,72.0694,68.0955,67.7422,67.7422,69.0652,63.4114,64.0312,59.4643,57.9828,58.0000,57.9828,60.1415,55.9732,59.6406,58.2495,62.9682,60.5392,62.4340,65.4599,63.5138,67.9559,66.6108,69.8928,70.6045,68.2495,70.1783,71.4213,70.7248,75.9276,73.2462,72.9452,0.0000,0.0000,0.0000,0.0000,0.0000,0.0000,0.0000,0.0000,0.0000,0.0000,0.0000,0.0000
1700000043.100000,-60.3,43.8292,48.5489,51.2250,54.0370,62.2896,66.4680,74.2765,74.9667,78.6448,84.2199,89.1964,88.5268,84.5044,85.4283,86.6083,85.6037,82.2010,80.2122,79.4040,78.8162,74.0608,75.6042,71.7008,72.3464,68.6804,67.1789,65.7951,62.9682,60.3075,62.4260,58.8218,60.7454,58.5235,59.0593,62.6498,62.1772,62.7694,62.3939,65.5515,63.3246,65.7951,66.2118,69.8570,67.6240,70.6824,72.4707,74.4312,72.1110,73.8173,72.9452,69.8140,72.1249,0.0000,0.0000,0.0000,0.0000,0.0000,0.0000,0.0000,0.0000,0.0000,0.0000,0.0000,0.0000
1700000043.150000,-60.8,39.2938,43.2897,51.0098,58.0000,63.0317,66.1891,70.1142,77.1038,79.0253,81.0062,81.0000,85.0059,86.0233,87.0517,86.0930,84.0238,86.0233,78.1025,80.1561,78.1025,76.0263,75.0267,70.0286,70.0071,71.0070,70.0286,64.6297,62.8013,61.6604,61.3922,58.0517,59.2030,60.0833,59.6154,59.5063,62.1691,61.7171,62.1691,60.8358,67.5352,64.4127,69.3542,69.7711,69.3181,69.7711,69.4622,69.6419,74.0000,73.6817,75.1864,72.9931,75.2396,0.0000,0.0000,0.0000,0.0000,0.0000,0.0000,0.0000,0.0000,0.0000,0.0000,0.0000,0.0000
1700000043.200000,-59.0,42.2019,45.3100,50.6952,55.4707,61.4003,66.0379,69.8928,72.4017,79.4040,79.2591,82.8553,85.4751,85.4927,88.5664,86.1626,85.0882,80.5295,80.1124,77.8203,77.8781,75.3923,71.5891,71.1126,72.0069,68.8840,66.3702,66.0303,60.2163,60.2163,59.6657,58.8982,60.8112,59.3970,60.9590,59.5483,59.2030,62.0081,62.4820,62.6259,64.0312,63.6003,68.6003,68.6003,71.8401,71.7008,68.6804,72.1803,70.7248,74.2765,75.0000,74.8866,72.7186,0.0000,0.0000,0.0000,0.0000,0.0000,0.0000,0.0000,0.0000,0.0000,0.0000,0.0000,0.0000
1700000043.250000,-62.9,43.0465,44.3847,51.2445,57.9741,61.9839,65.8027,69.9214,72.5328,78.1089,80.3617,81.6088,83.8153,85.4400,87.0919,84.6936,82.0792,81.1542,79.4796,76.5506,77.0779,75.6439,76.1577,67.4166,70.2140,68.9638,66.9403,62.3699,61.9839,58.4209,58.3095,58.2151,61.0737,60.0083,59.0339,60.2080,60.4070,60.2080,61.4003,63.5059,63.7887,66.4831,68.2495,70.8590,70.8590,69.2604,71.2531,74.1080,77.0065,75.0600,77.1622,75.6637,72.3671,0.0000,0.0000,0.0000,0.0000,0.0000,0.0000,0.0000,0.0000,0.0000,0.0000,0.0000,0.0000
1700000043.300000,-64.4,39.0512,47.1699,50.0100,55.1090,61.9839,67.4463,71.0634,74.7329,79.5550,84.7231,85.9069,86.8850,88.2836,87.9659,85.5862,86.3134,81.0494,80.8950,77.6466,77.7817,77.7817,75.6637,72.9931,72.2772,70.8308,67.1863,65.4599,61.6847,60.5392,60.4152,57.2451,59.1693,57.3062,58.5235,59.4054,60.4401,61.7171,62.4820,64.8151,64.8151,65.9469,66.7083,71.0634,70.1783,69.8140,70.2140,70.4557,74.0945,72.9452,76.4853,74.4648,73.0821,0.0000,0.0000,0.0000,0.0000,0.0000,0.0000,0.0000,0.0000,0.0000,0.0000,0.0000,0.0000
1700000043.350000,-62.4,41.0122,43.0465,50.6360,54.5894,59.2284,62.5859,71.8053,73.5459,77.6660,79.2465,84.5281,87.1321,85.9884,84.1724,83.3847,83.6002,81.6150,79.4040,77.7817,76.7919,74.2428,71.0211,72.0069,70.4060,67.4685,67.4685,63.7887,62.9365,61.3514,58.3095,59.0931,60.8276,58.1378,60.4152,60.5392,60.7454,62.8013,62.2013,62.8013,64.2028,67.2012,67.2012,71.0282,69.0652,70.4557,73.2462,71.5891,74.6860,74.3236,74.4648,71.7844,73.0069,0.0000,0.0000,0.0000,0.0000,0.0000,0.0000,0.0000,0.0000,0.0000,0.0000,0.0000,0.0000
1700000043.400000,-61.7,40.0000,46.0977,51.6624,56.6392,59.2030,64.6607,70.9366,71.8401,76.8375,79.5110,82.8794,84.2912,87.7269,85.6329,83.4865,83.4506,78.4920,75.6637,79.9312,76.3675,74.9533,72.8629,67.8970,69.2026,69.2026,68.4105,64.0703,60.7454,62.2656,59.0339,58.6003,58.8727,59.6154,57.8705,58.5235,59.4811,58.0517,64.3273,65.7343,69.0507,64.7611,67.0820,69.6348,70.6116,71.0634,70.8802,71.7844,73.0548,70.5762,73.3485,73.8241,73.4983,0.0000,0.0000,0.0000,0.0000,0.0000,0.0000,0.0000,0.0000,0.0000,0.0000,0.0000,0.0000
1700000043.450000,-64.0,48.3011,48.8262,53.2635,63.0317,67.1789,71.5052,75.6902,82.1340,87.7838,85.1469,92.9570,92.3147,94.6414,96.2133,91.6079,90.9065,91.4002,87.2009,85.6037,81.8352,84.8764,79.0253,77.0065,78.5684,78.2432,72.9178,73.5527,67.8822,67.4759,66.4003,62.4260,63.5138,66.3702,61.7738,64.8460,63.9531,70.2638,67.5426,70.2638,73.0069,72.0902,75.7694,74.3236,74.3236,77.3886,76.0592,81.4923,80.4550,76.5506,82.6196,80.7217,79.9812,0.0000,0.0000,0.0000,0.0000,0.0000,0.0000,0.0000,0.0000,0.0000,0.0000,0.0000,0.0000
1700000043.500000,-59.8,46.8722,47.0106,55.1453,59.2115,64.4981,68.1836,72.6911,77.5242,84.4808,85.3756,90.0888,89.0505,90.0222,89.0000,89.0056,90.0056,86.0058,84.0238,83.0000,82.0061,78.0064,79.1012,73.0069,73.1095,73.1710,73.3348,66.9104,65.3070,63.7887,63.7887,62.2977,64.1950,61.8466,63.0714,59.9333,66.6408,65.7419,66.7308,65.8635,68.0955,70.8308,71.1969,74.4312,72.9452,73.3553,74.6860,72.0902,77.2528,77.2010,78.3390,80.8084,78.5175,0.0000,0.0000,0.0000,0.0000,0.0000,0.0000,0.0000,0.0000,0.0000,0.0000,0.0000,0.0000
1700000043.550000,-59.8,44.9444,48.4149,54.4518,61.5549,63.0317,71.5052,75.2861,77.8974,84.2199,83.4865,89.1403,91.2853,88.4138,89.1067,89.8721,89.1403,86.9770,84.1724,84.1724,79.2465,80.6598,77.7817,75.6902,75.9276,72.3464,73.8783,70.7248,66.8880,66.8880,61.9112,66.2118,63.5610,63.5689,61.6847,63.3246,63.8905,66.9403,65.5134,65.3070,69.4262,71.8053,72.7805,70.0928,75.9276,74.9533,75.0000,76.5506,77.4919,78.2943,80.1124,80.1311,80.4487,0.0000,0.0000,0.0000,0.0000,0.0000,0.0000,0.0000,0.0000,0.0000,0.0000,0.0000,0.0000
1700000043.600000,-60.3,39.8246,45.2217,51.7397,54.6717,58.0517,65.0538,67.9412,72.8354,77.1557,79.3095,83.4865,84.1724,85.7963,84.5044,83.4086,85.2760,81.0555,77.4661,77.4661,74.6525,73.2462,73.1095,69.4262,70.0071,68.5930,67.8970,65.2993,63.2535,59.4054,60.5392,56.3028,58.3095,55.9017,56.3560,57.3847,59.8080,60.7454,61.3514,62.6259,62.9365,64.5136,65.7875,66.1287,69.2892,69.2892,68.4471,71.5891,73.8241,71.1969,71.5612,72.8011,73.7564,0.0000,0.0000,0.0000,0.0000,0.0000,0.0000,0.0000,0.0000,0.0000,0.0000,0.0000,0.0000
1700000043.650000,-64.1,42.0119,46.8722,56.4358,61.2699,63.0714,68.5420,72.0139,77.8781,83.7735,89.0000,87.6584,89.0056,91.7061,89.4707,90.9175,89.9444,86.8332,81.6333,83.3547,82.8553,79.4040,76.9415,72.8972,75.5844,74.3236,69.4622,66.1287,67.0671,64.8460,64.0312,63.3482,62.1691,62.6498,63.2851,64.0703,64.0312,66.0000,65.0000,68.0294,69.0072,69.0652,70.0000,70.0000,70.0000,73.0616,73.1710,76.4199,77.7817,77.4661,80.8084,79.4040,78.1857,0.0000,0.0000,0.0000,0.0000,0.0000,0.0000,0.0000,0.0000,0.0000,0.0000,0.0000,0.0000
1700000043.700000,-64.0,45.6180,48.1041,53.4509,59.4811,63.3246,64.7611,71.8053,75.0000,80.5233,84.4808,87.6413,89.1852,90.1388,87.5957,84.6936,89.5377,84.7585,79.3788,79.7120,80.9938,78.2943,79.3788,73.0548,73.7631,72.5328,68.4105,65.9697,67.0820,62.6498,62.5140,61.0328,63.0714,61.0737,60.0083,62.0725,62.2896,65.6201,65.7647,66.2722,68.5930,66.7533,68.8840,71.7008,70.2567,73.0616,72.0625,75.0067,78.1025,75.1665,77.6466,76.9415,74.4648,0.0000,0.0000,0.0000,0.0000,0.0000,0.0000,0.0000,0.0000,0.0000,0.0000,0.0000,0.0000
1700000043.750000,-61.8,45.6180,47.4342,54.3415,57.0088,65.9697,65.9697,76.9415,74.7329,82.7647,86.1220,90.4710,90.5207,90.2497,88.0568,86.6833,89.5600,83.5225,84.1190,79.4040,80.7775,81.3204,80.2808,77.8781,73.9797,75.9539,70.8590,68.1836,66.0303,64.0000,65.0077,60.2080,65.2763,63.2851,62.9682,64.1327,70.0928,65.5210,66.2193,68.4105,68.6804,71.8401,70.6045,75.0000,72.5328,74.4648,76.6877,79.4292,79.9062,78.4092,78.1025,79.0063,79.2275,0.0000,0.0000,0.0000,0.0000,0.0000,0.0000,0.0000,0.0000,0.0000,0.0000,0.0000,0.0000
1700000043.800000,-60.1,42.6380,44.5982,52.0096,58.0086,63.2456,69.8928,69.6348,75.6042,82.2010,80.8022,87.8009,85.4283,89.0225,85.2760,89.9389,87.1149,84.3860,79.3095,81.5659,79.5110,76.4853,75.1665,71.7008,75.4520,73.8173,69.3397,66.8880,63.6318,61.2699,59.0931,61.8466,61.4654,60.4070,61.9839,61.1310,60.4152,61.3922,62.3699,65.7647,67.4685,65.9242,71.3863,71.3863,72.5672,72.0347,70.6045,73.3757,74.0000,75.7694,78.7909,79.6053,76.8505,0.0000,0.0000,0.0000,0.0000,0.0000,0.0000,0.0000,0.0000,0.0000,0.0000,0.0000,0.0000
1700000043.850000,-59.6,40.0000,45.3982,52.3927,56.8858,62.8172,63.8905,68.9638,75.9605,78.3390,82.9759,85.3756,86.6833,85.5102,87.2983,86.3134,82.3772,80.0625,78.0897,76.9415,77.9295,73.8241,73.1642,72.5672,71.0634,70.0928,67.4463,66.4078,60.7454,61.4654,60.4152,59.4811,60.3738,61.4003,60.2080,61.8547,61.2209,63.6003,63.5138,69.8140,64.8151,69.2026,70.2922,69.8140,69.4046,69.6348,71.5612,72.5603,74.7061,76.9220,74.4648,73.7360,74.7262,0.0000,0.0000,0.0000,0.0000,0.0000,0.0000,0.0000,0.0000,0.0000,0.0000,0.0000,0.0000
1700000043.900000,-59.9,40.2616,46.8722,53.1507,58.0775,63.0000,68.0074,73.0000,77.0065,81.0062,85.0529,88.2043,87.3670,87.2066,90.4489,85.7088,87.3670,85.7088,83.6002,77.2334,79.1581,76.2365,76.2365,75.2396,72.0069,71.0000,69.0072,69.1809,65.2763,61.8142,62.8013,59.0339,59.9083,58.9406,62.9365,65.1460,61.3514,64.6220,62.2415,66.7083,67.6240,69.8570,69.8570,71.5891,70.5762,70.0071,72.1110,75.5844,74.7262,76.9025,78.0897,79.4040,77.0584,0.0000,0.0000,0.0000,0.0000,0.0000,0.0000,0.0000,0.0000,0.0000,0.0000,0.0000,0.0000
1700000043.950000,-62.3,41.8808,47.2017,52.3450,56.5685,62.9682,65.7951,70.0928,75.6902,81.3204,84.1724,85.5862,86.3713,87.7838,87.7838,86.4523,87.7269,81.4678,83.7377,79.9312,79.2086,77.2334,76.3806,72.1249,74.2496,70.7672,68.6804,65.4370,63.6003,61.8547,62.7694,60.4152,60.3738,60.8358,60.0083,63.6946,63.9062,62.6259,63.5689,69.2892,66.7608,68.0074,68.3081,71.1688,70.8378,71.8679,71.6938,74.3236,73.3485,77.8974,78.2304,77.6209,75.0067,0.0000,0.0000,0.0000,0.0000,0.0000,0.0000,0.0000,0.0000,0.0000,0.0000,0.0000,0.0000
1700000044.000000,-59.7,43.8634,47.5395,54.9181,60.8276,64.7765,69.4622,73.8241,82.0366,85.5102,86.4928,88.8426,90.0278,92.4175,88.5268,88.6002,91.2140,86.3481,82.4621,80.3617,80.7775,78.8480,77.3692,75.4321,73.5459,72.5672,71.0211,69.5845,64.1950,63.0714,62.0081,60.0000,63.0317,62.1289,61.5224,64.2806,61.8142,65.7343,66.9104,70.6116,70.6116,72.1803,69.6348,74.5252,72.1803,72.0069,75.8024,77.4145,77.0260,78.0000,77.1622,79.4040,78.0897,0.0000,0.0000,0.0000,0.0000,0.0000,0.0000,0.0000,0.0000,0.0000,0.0000,0.0000,0.0000
1700000044.050000,-60.5,41.1096,45.1221,51.3517,54.1479,60.2080,65.1230,68.0661,75.2396,78.3135,81.3019,84.2140,83.7257,83.6002,84.7172,82.2010,82.2010,80.4114,78.6448,78.9177,76.2955,72.8354,72.0069,70.8590,71.1758,68.1175,66.1211,65.0308,62.0000,61.0328,60.0750,56.4358,58.5491,58.5491,60.6383,58.2495,60.1664,62.9365,62.2977,62.9682,65.1920,67.7200,68.6222,68.6222,68.0074,67.9117,66.9403,69.4262,71.7008,75.3260,72.1734,74.0270,71.3442,0.0000,0.0000,0.0000,0.0000,0.0000,0.0000,0.0000,0.0000,0.0000,0.0000,0.0000,0.0000
1700000044.100000,-63.6,43.9659,45.1885,52.8394,58.5918,64.4127,66.7308,74.0608,76.5506,81.6333,83.7257,89.0674,88.1192,88.5889,89.4427,89.0000,91.2360,84.9706,85.0000,81.3941,81.8596,80.0562,76.9415,75.2928,75.2928,72.9452,70.1783,67.8012,66.6108,63.8905,63.6396,62.2415,60.3075,60.2080,61.2209,58.8218,65.1920,61.5873,64.8999,67.4166,69.8928,67.7422,69.1158,71.8471,72.4017,73.4983,72.6705,74.6525,77.4661,77.0779,77.7817,77.9872,78.2368,0.0000,0.0000,0.0000,0.0000,0.0000,0.0000,0.0000,0.0000,0.0000,0.0000,0.0000,0.0000
1700000044.150000,-61.7,43.2782,46.1411,57.7062,60.8358,65.0000,69.7782,75.3923,79.7057,83.2586,88.5664,92.6607,93.0215,92.2822,90.0500,90.9175,87.7097,85.7555,84.9058,82.3650,83.2406,79.4040,79.6053,74.7061,76.5572,73.7902,70.6824,66.3099,67.7200,64.8460,62.8172,66.9403,61.9839,63.7887,61.2944,61.0737,64.0312,63.0000,68.0074,65.0692,69.0072,71.0000,69.0290,75.0067,75.0267,76.0592,73.5527,77.4145,77.9295,80.0500,79.5550,80.0062,78.7909,0.0000,0.0000,0.0000,0.0000,0.0000,0.0000,0.0000,0.0000,0.0000,0.0000,0.0000,0.0000
1700000044.200000,-60.9,43.5660,48.7647,51.8652,58.3095,61.6847,69.8570,71.7844,76.6942,83.8153,83.3847,86.1626,85.4400,89.1964,88.5438,88.0568,86.4002,85.1645,81.4923,81.0432,79.5550,79.1202,76.2430,73.0821,72.6154,71.6938,70.3847,66.2118,64.4050,64.4127,60.7454,62.1289,60.8030,63.2456,61.2209,61.8466,60.8769,63.6396,65.0692,66.4831,67.8822,67.8822,72.8354,67.8822,74.2765,70.0357,71.0634,76.0592,74.0608,74.3303,75.2928,75.1798,75.0267,0.0000,0.0000,0.0000,0.0000,0.0000,0.0000,0.0000,0.0000,0.0000,0.0000,0.0000,0.0000
1700000044.250000,-62.2,41.6173,48.8467,53.1413,58.1893,64.8460,65.5210,72.8011,75.8947,80.0062,84.4334,86.9770,89.4930,88.2553,89.8888,86.4060,86.3771,81.1542,82.0792,81.5966,82.4621,76.1577,75.6108,73.7360,73.0821,72.8011,67.4463,64.3273,65.9242,61.5224,64.1249,60.0750,60.0750,60.0083,62.0322,62.0322,63.5059,61.8142,66.4831,64.9384,62.8013,70.2140,66.0984,72.5603,68.7314,68.4690,72.4431,76.0592,73.0274,76.0000,76.0592,76.7919,74.9533,0.0000,0.0000,0.0000,0.0000,0.0000,0.0000,0.0000,0.0000,0.0000,0.0000,0.0000,0.0000
1700000044.300000,-62.3,43.6578,48.7647,52.7731,55.7315,62.6498,66.1891,71.5681,73.5527,80.0625,81.2158,85.3288,86.3134,86.6833,84.1724,82.7103,82.2253,80.6040,80.5233,78.8543,78.3390,74.4648,73.9797,69.8570,70.7107,68.8840,66.4831,61.2046,65.1230,61.0082,61.0082,55.0818,62.1289,58.8558,58.2151,61.0000,59.9083,62.3618,61.1310,64.2884,64.2884,65.7343,66.2193,70.6045,69.8570,68.6586,66.2873,71.7008,73.4370,76.3217,74.0608,73.0616,72.3395,0.0000,0.0000,0.0000,0.0000,0.0000,0.0000,0.0000,0.0000,0.0000,0.0000,0.0000,0.0000
1700000044.350000,-62.9,47.4131,49.9300,50.4480,58.4123,63.7024,66.4680,74.2765,73.6614,79.3095,82.8794,85.4283,86.6833,89.0225,88.4081,85.4459,88.8144,83.2346,81.2711,82.6196,82.6196,76.6094,77.4661,72.6223,73.2462,71.7008,69.3542,65.0692,68.7677,63.1269,61.7171,60.2163,61.5873,60.2080,61.0574,63.6318,63.9531,63.9766,65.3070,67.1193,67.6240,65.7951,70.6824,70.6824,68.4471,69.7711,75.2928,73.7835,74.6324,75.8024,74.8131,77.1557,77.2334,0.0000,0.0000,0.0000,0.0000,0.0000,0.0000,0.0000,0.0000,0.0000,0.0000,0.0000,0.0000
1700000044.400000,-58.5,47.8017,47.6760,53.2353,61.0328,65.3758,67.0298,74.0068,78.0577,83.2947,87.3670,89.1403,86.4697,90.5538,90.6697,91.2414,89.9444,86.1452,84.1724,83.0241,83.1865,75.5050,78.7718,73.6817,74.1080,74.1687,70.0643,68.0074,67.0075,65.0077,62.5140,61.4003,61.8142,62.9682,60.8276,62.8172,64.5136,67.0522,68.0074,67.3573,68.6222,69.5701,70.5195,73.0821,70.5195,72.5328,73.0069,73.7564,75.1332,77.5242,78.0256,79.0063,77.1038,0.0000,0.0000,0.0000,0.0000,0.0000,0.0000,0.0000,0.0000,0.0000,0.0000,0.0000,0.0000
1700000044.450000,-62.3,41.4367,46.0000,49.0102,57.1402,59.3043,63.2851,71.7008,72.3395,78.4092,79.3095,81.2219,83.2166,87.0919,86.0233,85.0059,81.0247,83.0060,79.0063,80.0000,77.0260,75.0267,72.0069,70.0643,68.3593,71.1758,66.4831,63.7887,64.1327,61.6117,59.6657,60.8769,60.0833,58.6941,57.9396,59.0931,58.1808,59.9333,61.7738,64.8845,65.0000,64.4981,67.6018,66.1891,68.4763,67.0820,69.7782,73.0069,71.8679,71.7844,72.8011,73.3485,72.4431,0.0000,0.0000,0.0000,0.0000,0.0000,0.0000,0.0000,0.0000,0.0000,0.0000,0.0000,0.0000
1700000044.500000,-63.2,41.7253,45.4533,52.2015,56.6127,61.5873,62.4340,71.3442,74.3303,78.7718,83.8153,83.6002,84.4038,87.4185,85.6037,84.6463,83.4086,79.6492,80.1561,76.8375,78.2432,75.1665,73.6003,71.2180,72.1110,70.4557,69.3397,67.2309,64.8460,59.0339,62.2415,60.5392,62.2977,62.2977,61.4003,61.3922,62.3699,66.2873,64.1327,62.8013,66.9104,68.0661,66.9104,72.1803,70.8308,71.0634,71.5681,73.0821,73.3757,75.3923,76.9675,76.5376,74.6257,0.0000,0.0000,0.0000,0.0000,0.0000,0.0000,0.0000,0.0000,0.0000,0.0000,0.0000,0.0000
1700000044.550000,-63.1,42.1545,43.1741,49.4975,54.5894,61.5224,63.5059,69.2604,71.7008,77.7817,79.0759,81.2158,84.7231,82.9759,80.8084,79.5550,82.2253,80.5233,78.1025,75.9276,76.9025,72.2772,68.6586,69.8570,68.2495,69.7209,66.4831,64.3817,63.1981,61.0000,61.0737,55.0000,61.2046,58.3095,58.4209,60.0167,60.4152,62.5859,63.3482,64.7611,64.0312,67.1863,65.0000,69.3758,65.5134,70.2140,68.5930,70.4557,73.1095,74.0270,71.0282,73.3348,69.5845,0.0000,0.0000,0.0000,0.0000,0.0000,0.0000,0.0000,0.0000,0.0000,0.0000,0.0000,0.0000
1700000044.600000,-60.3,46.2709,50.6360,56.3205,62.3618,67.4166,72.7324,74.3303,77.4919,87.3613,85.7030,92.0272,93.9628,93.9628,92.0489,90.9560,93.8616,86.5852,82.4621,84.4808,82.2800,80.0500,80.3617,78.5875,76.5506,74.6726,70.5762,69.4622,68.8767,66.2420,65.0000,62.4340,64.3506,65.8027,64.0312,63.8905,67.2681,67.1789,66.4831,66.4831,70.7248,70.7107,70.7248,76.3675,76.3806,72.9178,72.3464,77.0065,78.0064,79.0569,75.8024,77.8974,75.2396,0.0000,0.0000,0.0000,0.0000,0.0000,0.0000,0.0000,0.0000,0.0000,0.0000,0.0000,0.0000
1700000044.650000,-63.9,47.0106,49.1630,55.5788,62.9682,67.0820,72.5672,77.1298,81.2527,86.8850,87.0976,91.5915,90.9340,92.7793,93.7710,93.4345,90.5538,90.6697,88.3629,84.7172,84.5931,80.7527,83.6002,78.9177,74.5252,77.6660,73.7564,71.5681,68.3081,65.1920,65.3911,62.2415,63.0714,64.4127,63.6318,66.5733,66.8880,66.8506,70.0000,69.6348,71.4003,70.8025,70.8025,74.6324,70.8025,76.5506,74.9466,75.5844,79.6492,77.4726,77.0779,80.3243,78.1025,0.0000,0.0000,0.0000,0.0000,0.0000,0.0000,0.0000,0.0000,0.0000,0.0000,0.0000,0.0000
1700000044.700000,-63.9,44.0114,48.0521,51.2445,57.3149,63.1269,68.0661,71.1758,75.1066,79.2275,81.2219,83.3847,85.4751,86.9770,86.6833,88.6454,84.0119,81.3941,79.6241,79.9062,76.9415,77.1038,75.9539,72.2496,72.1734,70.1783,66.0303,66.0076,65.0000,63.0317,61.2944,60.2993,60.5310,61.0000,61.3922,61.3922,59.1354,60.7454,64.5136,65.5515,65.5515,67.0671,68.0074,68.0074,66.4078,67.0522,68.1542,71.3092,72.0069,72.6911,73.2462,75.0067,75.0600,0.0000,0.0000,0.0000,0.0000,0.0000,0.0000,0.0000,0.0000,0.0000,0.0000,0.0000,0.0000
1700000044.750000,-64.4,47.1699,52.0096,56.5862,62.9682,65.7951,70.8378,75.7430,78.7464,86.4523,87.0000,92.6337,90.5097,91.2414,92.0217,88.4138,89.8721,88.4590,86.5563,84.2199,83.4506,82.0731,80.7217,77.0779,76.3806,77.7946,74.3303,71.8401,68.8186,65.7343,64.1405,64.4981,64.0078,67.1193,64.6220,65.0000,64.5136,65.1920,69.6419,68.3520,69.8928,71.7844,72.1249,74.3303,74.3303,76.2168,75.0267,76.5572,77.8203,78.7718,78.7718,78.8162,78.8733,0.0000,0.0000,0.0000,0.0000,0.0000,0.0000,0.0000,0.0000,0.0000,0.0000,0.0000,0.0000
1700000044.800000,-62.3,44.5982,50.1597,54.7083,63.8122,67.6757,71.0282,77.4209,82.6620,84.3149,89.0449,91.5860,91.7878,93.1504,96.2549,89.8944,94.8947,89.0056,86.3134,83.3547,83.8630,80.6226,81.6333,76.6616,78.7718,74.3303,72.9452,70.6045,68.2495,66.4680,65.0538,62.9682,66.5282,65.4370,65.8027,65.2150,66.5733,68.5055,66.0303,68.5055,71.0211,69.3397,72.5603,74.3303,72.9452,71.8679,75.4520,77.6209,78.6003,78.5175,79.2086,80.8084,77.4209,0.0000,0.0000,0.0000,0.0000,0.0000,0.0000,0.0000,0.0000,0.0000,0.0000,0.0000,0.0000
1700000044.850000,-59.4,46.0435,49.6488,53.4883,62.0322,64.8460,68.0074,73.3757,76.2168,82.8734,84.5044,89.3196,87.4643,92.4770,93.1075,94.3716,87.3212,85.4283,81.4371,83.6720,82.7647,79.1581,76.9675,74.7329,73.3894,73.7360,71.7844,68.0074,65.8027,63.5610,62.1691,63.1506,62.3939,62.2013,62.1289,63.1269,61.0000,63.0714,65.1230,69.1809,68.1836,68.1175,69.1158,68.0074,71.0282,71.0000,72.0069,76.0592,76.3217,72.8354,78.2624,76.9025,78.1089,0.0000,0.0000,0.0000,0.0000,0.0000,0.0000,0.0000,0.0000,0.0000,0.0000,0.0000,0.0000
1700000044.900000,-61.9,43.4166,48.3735,53.0848,59.0339,63.0079,69.0290,71.0070,77.0260,80.0000,83.0060,85.0941,87.0919,86.2090,87.2812,88.5664,84.2140,83.2947,78.4092,81.3019,79.4040,76.4199,72.3395,69.1158,72.0069,72.0625,70.0000,65.1230,65.1920,62.2896,60.0167,61.8142,60.4152,61.6117,60.8769,61.3514,60.4070,64.0781,64.6220,63.6946,65.3911,65.5515,68.9420,70.0071,67.4166,68.6222,70.2140,71.8401,72.0347,72.9931,75.8024,75.3260,75.0000,0.0000,0.0000,0.0000,0.0000,0.0000,0.0000,0.0000,0.0000,0.0000,0.0000,0.0000,0.0000
1700000044.950000,-61.4,46.0435,53.0377,55.1453,62.2013,66.2873,73.1642,74.3303,78.0897,84.7172,87.9659,91.5478,89.9444,91.3510,91.4440,89.3588,92.3472,87.0919,86.0930,85.2878,82.3893,79.3095,79.4040,77.3175,77.1038,74.3303,68.8840,68.8840,68.6804,64.8460,63.5689,63.3246,64.6220,66.2118,62.1772,65.3682,66.3702,66.8880,68.2642,69.0652,69.8928,69.3397,72.9452,72.4017,72.9452,74.9466,72.4707,76.9415,77.8781,76.1577,78.7718,80.0812,77.4661,0.0000,0.0000,0.0000,0.0000,0.0000,0.0000,0.0000,0.0000,0.0000,0.0000,0.0000,0.0000
1700000045.000000,-63.5,45.6180,48.7032,55.0818,63.5610,63.5610,70.5762,73.1642,78.4474,81.7863,83.7437,88.2950,90.6090,89.9889,89.9889,89.1964,88.0568,86.3308,81.6088,81.3204,80.3617,77.7946,76.6551,73.0821,74.3303,73.0069,69.6348,66.4831,66.4831,65.1920,64.0312,61.0082,62.0000,64.0078,61.1310,62.3939,62.8013,62.9682,64.9384,68.2495,66.4906,66.2873,67.8970,71.5681,71.8471,71.7008,71.3442,73.1710,73.0069,77.0260,76.1052,79.4040,74.3303,0.0000,0.0000,0.0000,0.0000,0.0000,0.0000,0.0000,0.0000,0.0000,0.0000,0.0000,0.0000
1700000045.050000,-59.2,42.0119,45.3431,54.5619,58.0000,63.8905,66.4003,70.6045,76.8375,80.2808,83.6301,84.9588,87.7269,87.6926,86.9770,86.9770,87.0000,81.3204,82.8070,80.6226,79.9062,77.0779,77.1038,71.4213,72.4707,70.2922,68.8186,67.6757,66.0379,62.7694,60.8276,59.9333,63.1585,61.6847,59.1354,61.0328,62.6418,63.3246,64.2884,65.7343,64.2884,67.6831,66.9403,72.0347,69.8570,70.6045,70.8802,71.7844,73.7360,77.4726,76.0263,77.1751,74.6324,0.0000,0.0000,0.0000,0.0000,0.0000,0.0000,0.0000,0.0000,0.0000,0.0000,0.0000,0.0000
1700000045.100000,-60.8,43.0116,47.2652,55.3173,58.0517,64.1327,68.6804,72.5328,77.8845,82.2800,83.1986,88.2950,87.8635,88.4590,88.4590,87.9659,88.4590,84.3445,81.0494,82.0366,78.4474,79.0759,79.0759,74.1485,74.2159,72.5328,71.8401,68.0074,67.0671,65.3911,63.5059,60.4152,61.7738,63.2851,61.8547,62.4260,63.6003,64.0312,66.4003,68.2495,66.7083,70.2922,70.0357,75.1665,69.8140,71.8401,73.4983,74.3303,75.8024,74.2428,76.9220,76.3217,74.9466,0.0000,0.0000,0.0000,0.0000,0.0000,0.0000,0.0000,0.0000,0.0000,0.0000,0.0000,0.0000
1700000045.150000,-62.2,46.2709,51.1957,55.5428,62.6418,65.1460,68.0074,76.2168,78.7464,83.4865,84.2021,90.2497,89.9889,92.8924,90.2441,88.6454,87.3212,88.6454,82.0366,82.9759,80.8084,79.0759,81.0247,73.9797,74.2159,75.4321,72.7324,72.1110,69.2892,66.8506,66.2118,63.5059,62.6099,62.2656,62.9682,64.6607,62.4260,65.2150,63.6003,66.6108,69.4046,69.8140,70.0000,70.8025,72.9452,73.2462,71.8679,75.8024,76.9415,75.6439,78.0000,77.1622,76.9025,0.0000,0.0000,0.0000,0.0000,0.0000,0.0000,0.0000,0.0000,0.0000,0.0000,0.0000,0.0000
1700000045.200000,-59.0,47.8853,52.9245,55.3624,63.0635,66.2873,73.9797,79.3095,79.8123,87.0919,86.8332,93.0054,90.8020,93.9202,93.6056,89.3196,93.4077,88.2553,88.3912,85.0941,84.1546,81.3449,81.3449,78.1857,75.6902,74.3303,75.6902,69.6348,68.6586,67.8970,67.1863,64.1249,66.0681,66.0076,62.0081,65.0000,66.0076,66.0681,68.1836,68.1836,71.4493,73.3348,72.4431,74.4312,73.1095,76.1052,76.0000,78.0000,80.0999,79.3095,79.7621,79.6241,78.5875,0.0000,0.0000,0.0000,0.0000,0.0000,0.0000,0.0000,0.0000,0.0000,0.0000,0.0000,0.0000
1700000045.250000,-58.6,42.5206,48.0833,54.0370,59.6657,61.2944,68.0074,72.2011,76.6094,81.0555,81.2158,87.6185,87.4586,89.6437,88.2383,87.8635,84.3860,84.2199,78.4920,81.4678,79.2465,75.0067,75.7430,73.0000,73.4098,72.2011,69.2026,66.8506,66.3702,66.3702,59.9333,59.9333,63.9766,60.7454,59.8080,61.6847,63.0635,64.0312,63.0635,64.2884,65.7343,65.2533,67.9117,67.1863,67.1863,71.7844,67.3573,74.0945,74.3236,72.0139,74.3034,74.4312,73.4098,0.0000,0.0000,0.0000,0.0000,0.0000,0.0000,0.0000,0.0000,0.0000,0.0000,0.0000,0.0000
1700000045.300000,-62.4,44.9222,48.6621,57.3149,61.0737,64.2806,66.0303,73.0616,78.0256,83.2166,87.1436,87.2066,88.5664,90.5538,88.6848,87.9659,90.6697,81.8841,85.0000,83.8630,81.7435,78.7718,77.7817,75.5381,76.0592,72.0625,70.0071,68.0000,65.0077,64.1950,61.2046,61.5224,61.6604,61.3922,62.8172,60.4401,63.0635,63.2456,65.1920,66.4078,66.1287,68.0074,68.0074,70.2282,69.8928,72.1249,72.2772,72.7805,78.4474,73.8241,75.1665,76.0592,77.1038,0.0000,0.0000,0.0000,0.0000,0.0000,0.0000,0.0000,0.0000,0.0000,0.0000,0.0000,0.0000
1700000045.350000,-61.5,43.4626,47.0106,54.7083,57.9828,61.6117,66.8506,69.8140,77.4209,80.4487,82.9277,86.0233,85.4459,88.5099,90.0500,86.3539,88.3233,79.9250,79.2591,80.2621,77.8974,77.8267,75.2928,74.3303,70.8025,70.8025,66.0681,63.1269,66.5282,60.1082,62.2896,58.7282,58.8982,58.4123,59.2030,59.9083,61.2944,62.2656,62.7694,64.4981,66.2420,67.0820,66.7308,70.8308,68.4763,69.8928,69.0652,71.0282,73.2462,73.0000,72.8629,74.3303,73.2462,0.0000,0.0000,0.0000,0.0000,0.0000,0.0000,0.0000,0.0000,0.0000,0.0000,0.0000,0.0000
1700000045.400000,-63.3,46.0000,49.1630,56.8858,61.1882,65.9697,72.5328,73.9797,78.3390,82.7647,85.5102,89.6270,89.6270,92.2280,91.9239,91.4440,87.6926,87.6926,81.4985,80.6226,80.6226,78.5175,77.2334,73.6817,74.5252,74.1485,72.5672,67.6831,65.8027,65.2533,64.2573,64.5136,63.5610,61.7414,61.7414,64.1405,63.8122,66.0379,65.1920,67.4166,69.3397,69.3397,70.4557,72.7186,72.7186,69.8355,76.0263,74.2428,76.8960,77.8332,79.0569,77.1298,76.9415,0.0000,0.0000,0.0000,0.0000,0.0000,0.0000,0.0000,0.0000,0.0000,0.0000,0.0000,0.0000
1700000045.450000,-61.7,46.2709,51.0098,56.3205,64.2806,65.6201,72.0069,77.7817,79.7621,86.4697,83.6002,90.4489,88.5664,91.1373,90.0888,92.0054,88.1419,91.1373,84.0238,88.0227,83.0241,80.0250,79.0569,73.1710,75.6637,76.6551,71.8471,70.8590,67.9117,67.6831,63.8905,65.1460,64.5136,66.1287,62.6498,63.5295,63.5295,64.4981,66.3702,67.7422,70.8308,65.1920,73.7835,71.1969,72.5603,75.5844,72.9178,76.0592,76.5506,77.1622,79.6994,78.1025,76.9415,0.0000,0.0000,0.0000,0.0000,0.0000,0.0000,0.0000,0.0000,0.0000,0.0000,0.0000,0.0000
1700000045.500000,-63.7,44.4072,50.3289,53.8145,61.6198,62.9682,71.5891,73.6614,77.2334,79.9062,81.3941,88.3912,88.3912,86.2786,86.3713,84.9588,84.2912,84.2912,82.1340,79.9312,80.0562,75.8222,75.7430,70.7107,72.1803,68.6222,69.3109,66.0681,64.0312,63.6003,59.0762,61.0328,60.9016,59.9416,60.8358,62.6498,60.7454,65.4599,64.2573,64.2573,65.1920,65.5515,68.9493,67.7791,69.2892,68.5420,71.5891,69.3181,73.4302,72.4017,73.4983,75.0000,73.0000,0.0000,0.0000,0.0000,0.0000,0.0000,0.0000,0.0000,0.0000,0.0000,0.0000,0.0000,0.0000
1700000045.550000,-62.8,48.7647,51.0784,56.7539,63.0635,69.6348,73.5459,80.2808,80.5233,86.6833,88.3233,94.6414,94.1116,94.9210,91.7606,92.1141,94.5780,88.0227,89.3196,86.6487,82.2800,81.5966,79.6994,77.7946,77.2010,75.6902,73.0069,71.8053,68.2495,65.7647,66.1891,62.3939,66.0303,66.0076,65.0077,66.0303,67.3647,68.3593,71.3442,68.4690,70.3491,71.5681,73.3348,73.4370,74.4312,77.1622,76.0263,77.0000,80.0562,80.3057,80.6226,79.6241,77.7946,0.0000,0.0000,0.0000,0.0000,0.0000,0.0000,0.0000,0.0000,0.0000,0.0000,0.0000,0.0000
1700000045.600000,-61.1,44.7214,52.8867,55.1090,61.8466,65.9242,69.2315,73.8241,78.6448,81.2158,84.7231,86.3481,89.9889,91.9239,91.9239,90.1388,86.3308,86.4002,83.8153,84.8999,81.6088,79.6994,79.8123,75.6902,75.6902,74.4648,72.3671,67.4685,67.7422,65.4905,64.1249,64.4981,61.0082,62.0322,62.0081,62.1289,64.1950,64.6297,66.7533,66.7533,70.7107,67.4759,68.8840,72.3395,73.3348,72.1734,71.1126,74.0068,76.1052,77.1622,77.5242,77.2787,76.5376,0.0000,0.0000,0.0000,0.0000,0.0000,0.0000,0.0000,0.0000,0.0000,0.0000,0.0000,0.0000
1700000045.650000,-62.8,45.6508,49.9800,53.7587,58.2409,64.0312,69.6348,75.2861,77.8845,81.6088,83.9345,86.9770,85.7030,88.8651,86.3771,88.9550,88.6002,82.2800,83.9345,79.4796,75.6108,75.2728,77.2528,72.7324,71.1688,71.1688,72.8011,68.4471,67.9117,62.8013,61.4003,60.5310,63.0714,60.0083,62.0000,65.0000,62.0725,63.2851,66.3702,68.1836,67.3647,70.2567,71.2531,71.3442,71.2531,70.0286,72.0278,72.0069,76.1052,76.2365,76.6551,76.6877,74.7262,0.0000,0.0000,0.0000,0.0000,0.0000,0.0000,0.0000,0.0000,0.0000,0.0000,0.0000,0.0000
1700000045.700000,-60.9,42.5441,49.2443,54.3783,60.2163,65.8027,67.6240,74.0270,79.4040,82.4197,81.2711,88.2327,90.4434,88.8369,86.6083,88.1930,87.6641,86.2844,81.9878,80.4550,79.4040,77.1751,77.3886,73.4983,71.8471,72.6705,70.8025,69.0290,66.7083,65.1920,64.3506,64.3506,63.2535,62.0081,63.2535,62.6817,63.5138,64.8999,65.7343,67.7422,69.1158,70.1783,71.1969,71.8679,74.9466,71.2811,73.0069,74.8131,76.6942,77.8332,77.8332,76.6942,77.1038,0.0000,0.0000,0.0000,0.0000,0.0000,0.0000,0.0000,0.0000,0.0000,0.0000,0.0000,0.0000
1700000045.750000,-61.1,45.5412,52.1728,55.7315,64.4981,65.4905,73.5527,76.1643,79.5110,85.5862,86.4697,89.9444,87.5728,97.8621,93.3809,92.4175,88.2836,88.4590,81.5843,87.4757,83.5464,80.4114,80.2309,73.6817,78.5175,76.5310,74.1687,70.0286,67.0000,67.0000,66.1211,64.1950,64.6297,65.9242,61.3922,61.8466,63.0635,67.0522,66.7608,68.6222,68.9493,65.4599,70.5195,73.3757,74.0405,76.6551,73.7631,75.7100,78.0897,74.8131,78.3135,77.0584,82.0975,0.0000,0.0000,0.0000,0.0000,0.0000,0.0000,0.0000,0.0000,0.0000,0.0000,0.0000,0.0000
1700000045.800000,-58.0,41.1947,47.0000,53.2353,60.5310,62.8013,69.5845,72.8354,75.8024,80.8950,80.6226,86.3713,86.4697,87.1436,86.0523,88.0227,84.0238,83.0060,80.0062,83.0241,80.0250,78.0064,77.0260,72.0278,73.4370,71.2531,68.7314,68.8840,64.6297,61.1882,62.0967,61.8466,59.9083,60.0833,58.6941,60.9262,62.1691,63.1348,63.9766,66.2118,65.2993,66.2420,65.3682,67.9779,68.9420,67.7791,71.3092,70.9366,75.8947,73.4983,75.1864,72.9931,75.1665,0.0000,0.0000,0.0000,0.0000,0.0000,0.0000,0.0000,0.0000,0.0000,0.0000,0.0000,0.0000
1700000045.850000,-60.6,43.3820,46.3249,51.6140,58.0086,62.4820,64.8151,72.2011,74.0270,79.4040,78.6003,83.8153,86.8389,86.2670,86.5332,84.9058,82.4924,84.7231,76.3217,78.7718,77.6981,74.4312,76.3217,69.8928,71.8401,69.2026,68.4105,66.0681,60.1082,63.8905,58.0000,62.2896,58.7282,60.2080,59.2030,60.4649,58.5235,62.4340,63.6318,65.3682,64.6607,65.1920,68.5055,68.2642,71.0211,69.3397,65.4370,72.4707,72.2496,71.5891,72.1249,71.5052,72.2011,0.0000,0.0000,0.0000,0.0000,0.0000,0.0000,0.0000,0.0000,0.0000,0.0000,0.0000,0.0000
1700000045.900000,-64.3,46.0652,52.8015,55.1543,62.6259,67.3573,71.7844,75.2861,77.4919,83.5225,84.1546,89.6939,93.0484,91.9239,92.6121,93.5201,91.2853,87.6584,84.9706,81.4371,80.5295,80.0562,77.8203,73.4098,75.7694,76.6942,70.5195,70.2282,68.9638,66.7608,65.3070,61.9839,62.8013,65.3758,62.1289,67.0298,64.0078,67.0000,68.0074,68.0074,66.0076,70.0000,71.0070,73.0616,72.0625,71.0282,73.1095,76.4199,77.1038,77.2787,78.5875,77.7946,78.2943,0.0000,0.0000,0.0000,0.0000,0.0000,0.0000,0.0000,0.0000,0.0000,0.0000,0.0000,0.0000
1700000045.950000,-63.2,47.4342,49.2443,54.7449,58.3095,63.1981,71.1758,75.1665,77.4145,81.3941,81.6150,88.6848,87.5728,88.9550,85.0000,88.6454,88.4590,85.9884,82.7647,81.3941,81.3941,76.1183,75.9539,73.9797,75.0600,75.2396,73.1710,70.0286,65.0000,64.1950,62.1289,62.1289,62.1289,62.8013,59.9083,62.3618,62.0967,62.6418,64.1950,64.5601,64.8460,69.8928,69.2604,72.7324,71.5681,70.3420,70.6116,72.5672,74.1485,77.6466,76.1643,75.0067,75.1665,0.0000,0.0000,0.0000,0.0000,0.0000,0.0000,0.0000,0.0000,0.0000,0.0000,0.0000,0.0000
1700000046.000000,-65.1,44.6430,52.1728,56.2228,60.2993,65.1920,72.0625,72.1734,78.0064,83.2166,84.2140,88.4590,90.6697,92.7793,87.8237,93.2148,86.9770,87.9659,81.0494,85.7088,81.7435,79.9062,78.7718,73.5527,77.1038,75.1665,75.1066,70.0000,63.0079,69.0652,62.2896,63.2851,61.9839,64.1327,62.3699,63.6003,61.3514,66.4078,67.0522,67.0522,69.0797,66.1287,73.3894,68.9638,73.0548,72.1249,72.0347,74.2159,77.1038,73.8241,76.2365,77.0065,78.1025,0.0000,0.0000,0.0000,0.0000,0.0000,0.0000,0.0000,0.0000,0.0000,0.0000,0.0000,0.0000
1700000046.050000,-62.1,48.0937,53.9351,54.0833,64.8460,67.4166,70.5762,75.0267,78.0000,84.5044,83.9345,90.1388,90.8020,90.5207,89.8443,88.5268,87.3212,88.0568,82.0000,86.5852,81.3204,75.9605,79.8123,72.8011,74.6726,74.6324,72.8011,69.4622,65.3911,64.8845,64.4127,64.1405,62.9682,61.6117,63.2535,61.8466,63.8905,66.7083,67.2681,65.1920,70.0071,68.0147,70.0357,70.7248,73.0000,73.0000,72.6223,74.6525,76.2758,75.4718,78.7718,75.1532,77.2528,0.0000,0.0000,0.0000,0.0000,0.0000,0.0000,0.0000,0.0000,0.0000,0.0000,0.0000,0.0000
1700000046.100000,-60.2,45.1774,50.8035,52.0096,59.4643,64.4438,70.7672,72.8629,76.5768,80.7217,81.6884,85.4283,88.4081,88.8144,91.2140,88.2327,84.0238,84.8116,83.6002,79.2023,78.6003,76.8440,78.6003,72.8011,72.9178,72.2496,70.7248,68.5930,63.7024,63.8905,62.0081,59.8164,61.8547,61.5873,61.0574,64.4127,61.2944,65.3070,63.5059,65.2993,66.2118,65.3911,71.1758,69.7782,72.0139,69.3181,69.7711,73.2462,76.8505,74.4043,74.4043,76.4853,74.9667,0.0000,0.0000,0.0000,0.0000,0.0000,0.0000,0.0000,0.0000,0.0000,0.0000,0.0000,0.0000
1700000046.150000,-62.6,46.3249,46.9574,59.6154,58.6941,66.4078,68.9493,73.0548,78.0000,83.8153,85.7963,89.8888,88.2383,91.0000,88.6397,89.0000,91.2853,85.0000,83.6720,80.1124,80.5295,78.7147,77.4726,76.0592,74.6726,72.1110,69.2892,65.1460,70.6045,65.3070,65.1153,61.8142,64.4981,63.1981,64.2806,63.0714,65.0077,66.1211,68.0074,66.0303,66.0681,70.0643,69.0290,73.0274,72.0278,75.0267,75.0600,76.1643,78.4092,77.7817,79.0759,78.5875,75.9605,0.0000,0.0000,0.0000,0.0000,0.0000,0.0000,0.0000,0.0000,0.0000,0.0000,0.0000,0.0000
1700000046.200000,-64.3,45.2217,48.2701,55.1453,60.2080,66.0303,71.0634,76.0263,78.1025,85.0235,82.1523,86.3713,89.3588,91.6624,90.6697,90.0944,85.5862,86.1452,79.2465,85.0000,81.0494,78.0897,78.7718,72.4431,72.5603,74.3303,68.1836,68.0074,65.0308,66.0000,61.0737,64.4981,64.6297,62.6498,60.8276,63.3246,61.0328,61.4003,64.2884,66.7608,68.9638,69.2604,69.5701,71.1688,73.0821,71.7844,72.5672,73.5459,76.7919,73.5527,78.1025,77.0065,78.4092,0.0000,0.0000,0.0000,0.0000,0.0000,0.0000,0.0000,0.0000,0.0000,0.0000,0.0000,0.0000
1700000046.250000,-61.1,46.8722,50.5371,56.0803,63.2456,65.4599,69.9214,75.2861,76.5376,82.2800,86.6487,89.3196,88.9550,91.3893,90.8020,92.5743,87.7269,84.5813,83.1865,84.5813,82.2982,80.4984,78.7210,74.3236,76.3217,75.0267,69.8928,68.9638,64.8460,66.2193,63.3482,63.3482,64.3817,62.5140,61.2046,64.0703,61.0082,62.0000,64.0078,67.0000,68.0000,68.0074,70.0071,72.0069,70.0071,72.1734,71.0634,76.3217,76.7919,75.1332,75.6902,75.8947,73.5391,0.0000,0.0000,0.0000,0.0000,0.0000,0.0000,0.0000,0.0000,0.0000,0.0000,0.0000,0.0000
1700000046.300000,-65.1,47.0000,51.0882,52.3927,65.3070,66.2873,71.8053,78.1025,80.8084,85.9069,87.8635,94.9210,94.1488,93.9415,93.9042,91.7878,88.9550,91.9239,85.5862,86.9770,85.3288,82.0366,82.5651,76.9415,79.5550,75.4321,75.1864,71.7844,68.0074,70.2282,64.4050,64.4050,64.4127,65.8635,64.3506,67.6757,66.0303,68.6003,70.8025,69.0290,73.8783,71.0634,75.2861,73.8173,77.6209,76.5506,72.9452,77.3886,78.8923,77.8267,82.7647,79.7057,80.6536,0.0000,0.0000,0.0000,0.0000,0.0000,0.0000,0.0000,0.0000,0.0000,0.0000,0.0000,0.0000
1700000046.350000,-62.1,45.7930,48.7545,50.9215,60.4401,65.8027,69.6419,71.8401,79.4040,78.7464,82.8734,88.5438,89.4930,86.7295,87.4643,86.5390,84.8646,86.1626,80.2309,80.7775,80.4114,77.8781,76.1577,73.3894,71.7844,72.7324,71.8401,69.1231,62.5859,66.0984,63.3877,61.5224,61.2046,61.0082,60.0000,62.0322,61.0328,65.1920,65.1920,65.2763,70.2567,68.1175,68.0661,70.1783,71.1758,71.0282,71.0000,72.0625,74.2428,72.3395,75.6637,75.3127,73.3757,0.0000,0.0000,0.0000,0.0000,0.0000,0.0000,0.0000,0.0000,0.0000,0.0000,0.0000,0.0000
1700000046.400000,-57.4,47.0106,49.9300,57.8014,63.8905,66.8431,71.7008,75.2861,80.2808,84.2021,86.2149,91.6079,93.2309,93.2309,94.6256,92.9624,93.1933,88.2043,87.6641,85.1469,85.1469,80.4550,80.4487,76.5506,77.0065,75.6042,73.4098,68.2495,70.0928,67.1789,65.7647,63.7024,66.8431,63.2535,66.4003,65.2150,64.3506,64.6607,67.7422,69.9714,70.1783,71.8679,70.8308,73.2462,69.9714,72.9452,72.2011,75.6042,76.0592,78.6448,77.8332,78.7464,76.6094,0.0000,0.0000,0.0000,0.0000,0.0000,0.0000,0.0000,0.0000,0.0000,0.0000,0.0000,0.0000
1700000046.450000,-60.2,44.5533,44.8219,53.7122,59.6825,60.4152,67.5352,72.8972,75.5910,79.6492,84.5991,83.8630,87.1321,91.0659,90.4268,86.8389,87.1321,82.6620,79.6304,80.4550,77.3886,78.4920,76.3217,71.3442,70.2353,71.1969,69.7711,66.3099,64.2573,63.9062,61.4003,59.9083,62.5859,61.6117,58.8558,61.2944,61.2046,63.1269,65.0692,66.1891,66.0681,66.1891,66.0076,67.1193,66.1891,69.2604,68.3593,72.6911,76.1183,71.8053,77.2010,76.2168,73.4098,0.0000,0.0000,0.0000,0.0000,0.0000,0.0000,0.0000,0.0000,0.0000,0.0000,0.0000,0.0000
1700000046.500000,-61.6,43.3820,46.8188,50.9608,57.7235,62.9682,67.6831,70.4060,75.5050,77.6209,79.0759,85.1469,81.2527,82.7103,83.2406,86.0233,82.2192,82.8613,78.1089,78.1601,75.6902,74.6324,71.4703,69.3758,70.4060,68.6586,67.2681,65.4905,63.5059,61.4003,57.0351,56.1427,58.0000,58.0775,57.0789,62.2013,59.5399,62.6498,58.8558,63.5610,65.3070,64.3273,64.6297,65.9242,67.7422,68.5930,68.3593,70.1783,73.0000,73.0274,70.1783,73.4370,71.3863,0.0000,0.0000,0.0000,0.0000,0.0000,0.0000,0.0000,0.0000,0.0000,0.0000,0.0000,0.0000
1700000046.550000,-64.4,43.0813,46.6476,53.0000,59.3633,61.2209,71.6101,74.6525,77.2010,79.2023,79.0569,86.8217,89.5879,90.2109,86.4523,90.5538,88.5099,86.2844,82.1523,81.6333,80.4550,77.3886,76.5506,72.1110,74.0608,71.0282,69.8140,69.3542,67.8970,67.1789,61.6198,62.3699,62.6259,61.6117,59.6825,62.7694,64.8845,65.3682,64.4981,65.3682,67.0820,65.7951,70.2140,69.3542,70.6612,71.1196,69.4622,72.5603,76.5506,73.8173,77.4661,74.9533,74.4110,0.0000,0.0000,0.0000,0.0000,0.0000,0.0000,0.0000,0.0000,0.0000,0.0000,0.0000,0.0000
1700000046.600000,-61.8,46.0435,49.6790,55.8659,63.6396,64.4438,70.9366,76.4853,78.5684,82.2192,82.7587,86.9770,91.2195,92.6337,90.5538,90.0278,88.5268,87.2066,80.9197,84.8999,84.1724,80.7217,78.5175,74.2496,77.0779,75.6637,74.2765,67.6240,66.4003,66.8506,64.0703,63.6318,63.2851,64.4127,60.8276,63.5610,63.5610,64.6220,66.1287,68.0074,70.2282,68.0074,71.4703,71.8679,75.0267,72.4983,72.0069,74.7061,76.6616,75.8024,79.6304,78.2432,76.3806,0.0000,0.0000,0.0000,0.0000,0.0000,0.0000,0.0000,0.0000,0.0000,0.0000,0.0000,0.0000
1700000046.650000,-61.5,44.0454,48.0833,53.6004,59.4054,64.4050,70.4557,73.4983,76.2758,81.2711,83.6002,88.0909,88.8651,87.2066,87.7838,88.5268,87.9659,86.4523,82.9759,80.8084,81.6884,75.8222,77.3369,77.4661,72.8011,72.4707,71.0282,68.5055,67.1193,64.8845,63.5610,58.1378,59.9333,59.4643,62.6259,60.1664,62.3618,63.3246,63.0635,65.0000,66.4906,69.8570,68.8840,74.4648,67.6831,70.8802,71.8401,73.0548,72.4500,74.7329,73.8241,73.2462,72.8011,0.0000,0.0000,0.0000,0.0000,0.0000,0.0000,0.0000,0.0000,0.0000,0.0000,0.0000,0.0000
1700000046.700000,-60.7,42.1545,50.0000,52.9528,59.4390,61.9839,67.8970,71.1969,75.7100,80.6040,78.6448,83.4326,85.3756,85.8662,88.0568,86.8332,82.7103,81.7863,78.5875,82.0061,77.3692,75.0000,75.9276,69.8570,71.1969,70.4060,67.8970,65.2763,65.1920,66.0303,59.0339,60.0083,59.1354,60.2080,60.4070,59.5399,59.2284,61.8466,63.1506,62.8172,66.4906,64.0312,67.1863,69.8570,69.8570,66.7083,66.9104,70.8590,72.3395,74.2428,76.0066,74.0068,72.2496,0.0000,0.0000,0.0000,0.0000,0.0000,0.0000,0.0000,0.0000,0.0000,0.0000,0.0000,0.0000
1700000046.750000,-61.2,46.1736,50.4876,54.3415,61.8466,62.9365,70.8378,74.0000,77.4919,79.6994,82.4621,87.8009,89.0225,91.4440,91.0055,89.2693,87.4757,88.0738,79.4292,81.7863,80.6040,80.0625,77.3692,72.0347,73.4983,74.7262,73.0821,70.2282,63.9062,63.3246,63.5610,59.5063,60.4152,65.0000,60.2080,63.0079,59.3633,64.2028,62.8013,65.8027,69.4046,66.7083,69.6563,71.4003,71.4003,72.1110,71.5612,73.2462,75.5910,73.7902,78.7909,75.2728,74.4648,0.0000,0.0000,0.0000,0.0000,0.0000,0.0000,0.0000,0.0000,0.0000,0.0000,0.0000,0.0000
1700000046.800000,-63.1,45.8912,53.1507,54.0093,61.0082,65.1230,73.1095,75.0267,78.0256,81.0555,83.0542,91.0055,90.0222,88.0909,90.0222,91.1976,87.0919,86.0233,78.1601,85.0235,80.0999,79.1012,78.0256,72.0625,75.0600,73.0069,72.0625,66.1891,65.9242,67.0820,64.1327,64.0312,62.3618,64.1950,61.0328,65.3911,62.7694,65.3911,65.3911,65.7647,68.8767,67.9779,71.1126,69.7782,74.3236,74.3236,72.8011,74.0000,75.5844,74.9533,76.6877,77.1038,75.0267,0.0000,0.0000,0.0000,0.0000,0.0000,0.0000,0.0000,0.0000,0.0000,0.0000,0.0000,0.0000
1700000046.850000,-61.9,47.2017,46.0977,55.8659,58.6941,66.5282,68.6804,75.0067,79.2465,84.1487,88.4138,91.2195,92.6553,91.2195,90.5538,85.9128,89.9389,86.3713,85.9128,81.3941,81.4678,76.6942,78.6448,77.8332,74.9667,75.0067,71.5052,68.7677,67.8012,66.8506,71.0282,62.4340,63.6318,61.9112,64.4127,63.5059,66.4831,68.0074,64.5136,66.4831,65.7875,71.4703,69.8928,76.5506,71.6938,73.3485,74.6860,76.0592,78.5493,78.2304,77.9359,76.2168,77.1557,0.0000,0.0000,0.0000,0.0000,0.0000,0.0000,0.0000,0.0000,0.0000,0.0000,0.0000,0.0000
1700000046.900000,-57.8,45.3982,49.0408,51.0882,60.0750,64.1950,70.2567,75.4255,79.5110,80.0250,81.4985,87.0919,88.0227,88.0057,88.0057,88.0511,88.0057,86.0000,81.0555,83.0060,81.0247,77.0584,77.0000,73.0000,72.1110,75.1665,71.1758,65.4905,68.2642,64.9384,64.7611,59.4390,63.8905,60.4401,61.6847,61.4654,63.5610,63.1585,65.0000,67.0820,68.0294,69.4622,70.6824,71.6938,73.5391,70.5762,73.3894,73.6817,75.6902,73.0069,74.1485,77.5242,77.0260,0.0000,0.0000,0.0000,0.0000,0.0000,0.0000,0.0000,0.0000,0.0000,0.0000,0.0000,0.0000
1700000046.950000,-64.4,48.0208,52.2015,54.8179,61.6198,65.0692,70.7248,77.7946,79.9312,82.8794,85.1469,91.4385,89.8721,91.0494,91.8314,90.6973,89.0225,87.4185,85.4459,85.4459,81.0247,79.6304,78.8162,76.2168,78.8733,74.5185,74.3303,68.6804,65.7951,67.2086,63.7024,64.6607,62.4820,64.6607,65.2150,66.8506,67.2309,68.4763,65.3682,69.3542,69.4622,66.8880,72.5603,72.1110,74.0945,74.3303,74.6324,76.4003,77.2334,75.1665,79.9062,77.8332,77.2010,0.0000,0.0000,0.0000,0.0000,0.0000,0.0000,0.0000,0.0000,0.0000,0.0000,0.0000,0.0000
1700000047.000000,-59.5,41.3401,46.5188,51.9230,59.2030,64.0312,65.2533,73.0821,75.0000,80.0812,82.2192,84.7585,86.0349,90.1388,88.9550,86.0058,85.2350,82.2800,80.2309,80.7775,81.5414,76.9675,74.4648,71.8679,71.7844,72.7324,69.1231,67.1863,64.5368,65.9242,62.3939,62.5140,62.8013,62.1289,60.0750,61.0000,61.0082,62.3939,63.2851,63.1269,66.1211,68.1836,66.2722,69.1158,71.3442,71.0634,72.0278,70.0643,75.3260,75.4255,74.6726,75.7100,73.6817,0.0000,0.0000,0.0000,0.0000,0.0000,0.0000,0.0000,0.0000,0.0000,0.0000,0.0000,0.0000
1700000047.050000,-63.4,49.0408,47.3814,52.4976,58.0517,64.0312,68.5055,75.8024,77.6209,82.8010,83.0963,89.4986,89.3756,89.8276,89.1403,87.0000,87.1149,87.0000,82.8070,82.1340,82.0731,77.7946,77.2334,78.5684,74.6525,72.4707,70.6045,69.2026,65.1920,63.8122,64.0078,60.8276,59.0931,60.8358,61.4654,64.1950,66.0984,67.0522,65.2533,64.5601,67.1863,68.6804,70.3420,71.5681,70.8802,72.7324,72.4500,73.7360,75.2396,78.7718,77.8974,76.6094,75.6042,0.0000,0.0000,0.0000,0.0000,0.0000,0.0000,0.0000,0.0000,0.0000,0.0000,0.0000,0.0000
1700000047.100000,-58.5,44.9444,50.9902,49.2443,58.2495,65.2150,71.0282,74.0608,76.0263,80.4487,83.2346,86.5332,89.0449,87.6641,85.4400,86.9540,85.0882,86.0930,79.7559,80.7775,80.2621,76.1577,76.3217,71.5612,73.0069,71.6101,69.6348,66.8431,65.1920,63.6553,62.2896,60.1082,59.4643,62.0081,62.0081,61.2944,61.0574,64.0078,63.5295,62.2656,66.2420,67.1193,68.0000,69.8355,71.8679,71.3442,71.5612,70.8025,72.4707,73.7564,74.4110,74.9667,75.2861,0.0000,0.0000,0.0000,0.0000,0.0000,0.0000,0.0000,0.0000,0.0000,0.0000,0.0000,0.0000
1700000047.150000,-63.4,45.2769,46.2277,55.8659,60.1082,65.0538,68.5930,74.9667,79.2086,83.4386,87.0460,88.4590,89.2749,91.3510,88.7299,86.6833,88.6172,86.6833,84.0238,81.5659,82.4621,78.4092,77.8974,76.4853,74.9533,72.9178,72.8354,65.7951,63.8905,65.6049,62.4260,63.2456,63.8122,66.2420,61.9112,61.2699,63.9766,65.3911,63.5610,65.3911,66.4831,68.3520,70.7743,70.7743,69.8570,73.4098,72.0069,70.7107,75.8024,79.0569,77.8010,77.2334,77.0779,0.0000,0.0000,0.0000,0.0000,0.0000,0.0000,0.0000,0.0000,0.0000,0.0000,0.0000,0.0000
1700000047.200000,-63.7,48.0937,50.9902,52.6308,60.0833,61.6847,68.7095,72.1110,75.8947,81.2711,83.2406,86.9770,88.8876,89.0225,89.0225,87.8635,86.3481,85.3756,82.9759,82.2253,79.8311,78.4474,77.8781,72.5328,74.0405,71.5681,69.8928,66.4831,62.7694,65.3911,64.8845,60.8358,62.7694,61.9112,62.4340,62.4260,63.2535,66.0681,63.2535,64.4438,67.2681,66.7083,69.0290,68.2495,71.0634,71.6101,70.0000,72.9452,74.9466,72.0694,74.2428,73.1642,75.8947,0.0000,0.0000,0.0000,0.0000,0.0000,0.0000,0.0000,0.0000,0.0000,0.0000,0.0000,0.0000
1700000047.250000,-61.9,47.0106,49.7393,56.6039,59.4054,66.5733,71.4003,72.6705,79.4040,85.1469,87.6584,86.5332,84.8764,94.0479,89.1852,93.0215,88.6002,79.6492,82.3650,80.2621,82.4924,80.1311,84.8764,76.6616,70.4557,64.4981,74.6525,72.3464,67.2086,61.7171,66.4831,60.8030,62.3699,63.7809,62.4820,64.8151,64.0312,71.6101,66.8506,66.5733,62.4260,72.2011,70.2140,75.0000,68.2422,72.2011,73.0000,76.8375,78.5175,77.7946,75.9276,77.2010,73.2462,0.0000,0.0000,0.0000,0.0000,0.0000,0.0000,0.0000,0.0000,0.0000,0.0000,0.0000,0.0000
1700000047.300000,-61.6,45.2769,49.6488,57.0088,61.0737,65.1920,70.8378,75.0067,78.5684,85.7030,85.2760,88.6002,90.6035,89.6270,88.2327,87.9204,93.4077,88.6002,88.6002,83.2346,84.0238,79.0569,79.4040,77.8010,75.9276,72.2011,71.7008,67.8970,70.7248,62.2896,66.2193,63.6003,63.5138,62.9682,64.1405,64.4127,66.7308,65.2993,67.0820,66.1891,66.1891,71.1758,72.4500,74.7061,72.4707,74.2428,73.8241,77.1751,78.7718,79.4040,78.5684,76.3675,77.8974,0.0000,0.0000,0.0000,0.0000,0.0000,0.0000,0.0000,0.0000,0.0000,0.0000,0.0000,0.0000
1700000047.350000,-61.8,46.6154,50.9902,55.8659,60.8112,67.2681,73.0000,77.4661,79.5110,84.8999,85.6329,90.5538,92.6337,91.9239,90.5207,91.3510,92.0217,89.1403,84.2912,84.2912,84.2199,80.0562,79.2465,77.0779,75.6637,74.2765,73.7564,70.1783,66.0681,67.2012,65.7343,62.9682,63.6318,65.3682,65.7647,63.9766,65.9242,67.2309,66.4831,66.8506,70.0071,70.9366,70.0071,71.3092,73.1642,74.4648,72.9178,76.4788,78.8923,77.6981,79.0569,79.0253,76.4853,0.0000,0.0000,0.0000,0.0000,0.0000,0.0000,0.0000,0.0000,0.0000,0.0000,0.0000,0.0000
1700000047.400000,-65.3,43.1741,49.3660,54.5894,62.2896,66.1211,69.0652,75.1066,77.1622,83.1505,85.3756,90.1998,90.3549,92.6553,88.5664,88.9550,85.8429,87.9659,81.0494,83.8630,80.8950,80.0625,76.9415,73.4370,77.0584,75.1066,73.0069,69.0072,65.0692,68.1836,62.5140,64.4981,64.7765,62.1691,66.2193,64.5601,64.1950,67.4166,66.4078,67.4166,68.9493,67.0671,72.1110,75.6108,73.3894,72.5328,73.4983,73.9797,76.4853,76.7919,79.5110,79.1581,78.0256,0.0000,0.0000,0.0000,0.0000,0.0000,0.0000,0.0000,0.0000,0.0000,0.0000,0.0000,0.0000
1700000047.450000,-58.1,48.5489,51.4296,58.5235,63.9062,67.0522,75.5844,79.8123,82.9699,86.0233,89.8443,93.6056,96.4624,96.4624,96.2081,97.8621,91.5478,92.1141,86.5390,90.1388,85.4400,82.2800,84.1546,80.6536,80.0812,78.8480,73.3485,72.3671,72.3671,71.8471,64.1249,66.3702,65.0308,67.0298,67.0075,68.0074,66.1891,66.4831,70.4557,71.7008,73.6817,73.5527,74.5453,76.4199,76.6551,78.3135,76.1052,80.0562,84.0536,78.0256,80.3990,83.1865,81.4923,0.0000,0.0000,0.0000,0.0000,0.0000,0.0000,0.0000,0.0000,0.0000,0.0000,0.0000,0.0000
