host_timestamp,rssi,amp_0,amp_1,amp_2,amp_3,amp_4,amp_5,amp_6,amp_7,amp_8,amp_9,amp_10,amp_11,amp_12,amp_13,amp_14,amp_15,amp_16,amp_17,amp_18,amp_19,amp_20,amp_21,amp_22,amp_23,amp_24,amp_25,amp_26,amp_27,amp_28,amp_29,amp_30,amp_31,amp_32,amp_33,amp_34,amp_35,amp_36,amp_37,amp_38,amp_39,amp_40,amp_41,amp_42,amp_43,amp_44,amp_45,amp_46,amp_47,amp_48,amp_49,amp_50,amp_51,amp_52,amp_53,amp_54,amp_55,amp_56,amp_57,amp_58,amp_59,amp_60,amp_61,amp_62,amp_63
1700000000.000000,-61.7,99.7296,99.3630,99.3630,101.5972,101.3558,103.0776,104.8618,104.8618,105.8017,106.6677,110.2588,109.8772,107.1681,111.1261,109.6586,111.7318,110.3087,108.9036,111.3957,113.4548,113.3578,112.2943,112.1606,113.0044,115.4210,114.6342,113.6002,116.0172,117.0684,118.4610,117.8007,117.0043,115.2562,117.2902,111.3957,112.5389,109.6221,108.9036,102.6499,104.0048,102.6499,99.2472,98.7168,96.0469,91.8368,86.8389,86.6083,83.0060,81.8841,76.0592,79.1202,72.7324,0.0000,0.0000,0.0000,0.0000,0.0000,0.0000,0.0000,0.0000,0.0000,0.0000,0.0000,0.0000
1700000000.050000,-62.0,100.8464,99.3177,100.1848,104.2161,105.1190,105.3091,105.8159,104.9571,109.0780,104.0096,107.3359,111.0180,112.0045,112.8007,111.4002,112.9292,110.7520,109.8772,111.8034,108.9771,112.5389,111.1261,109.6221,111.8660,116.0431,114.7693,119.0042,116.7776,118.8276,117.5160,116.6748,118.8276,118.8276,116.1034,117.5160,114.4771,110.7520,109.0183,106.6068,105.1190,102.6255,101.0198,99.4786,91.4166,90.8240,89.9611,86.4060,87.6641,82.5651,79.6994,77.3692,75.9539,0.0000,0.0000,0.0000,0.0000,0.0000,0.0000,0.0000,0.0000,0.0000,0.0000,0.0000,0.0000
1700000000.100000,-62.9,104.2161,100.0900,108.5035,105.4751,106.8925,103.7304,109.4806,108.6692,110.3540,110.6345,111.3239,117.2775,114.5862,113.7717,116.1077,119.4194,116.6190,116.3486,118.1059,115.0695,115.1086,120.0042,115.0043,118.0678,119.0042,120.1041,122.1024,123.2599,120.1499,124.2578,120.1041,122.1024,120.0667,122.0164,122.0164,122.0041,116.3486,112.6410,112.6410,108.6646,108.6738,103.4070,103.7545,96.1041,92.8924,90.2497,89.4930,88.2553,85.0882,83.6301,82.8553,76.5506,0.0000,0.0000,0.0000,0.0000,0.0000,0.0000,0.0000,0.0000,0.0000,0.0000,0.0000,0.0000
1700000000.150000,-62.4,105.5746,110.8873,106.0660,108.9036,106.0990,109.6586,110.2180,111.5706,114.0044,110.6797,115.8016,117.9873,118.6802,119.0378,118.1059,120.1541,120.4201,116.0776,117.1708,117.6180,120.3079,121.1982,121.2353,122.3315,119.5701,122.9675,124.0202,126.2458,131.2288,125.6423,124.0202,126.5701,124.6796,126.2696,124.7798,123.4342,122.9837,115.4513,114.2366,114.2366,111.0000,107.2241,105.9481,100.8811,95.5092,93.3916,93.3916,90.7965,88.6848,83.4865,84.0238,81.1542,0.0000,0.0000,0.0000,0.0000,0.0000,0.0000,0.0000,0.0000,0.0000,0.0000,0.0000,0.0000
1700000000.200000,-64.5,102.3914,106.2121,108.5587,111.6468,111.2205,108.2959,111.0000,114.0000,115.0043,113.0177,121.1033,118.2074,117.3456,117.6138,120.8139,118.3765,123.3207,118.5327,119.0504,122.5765,123.3572,119.8541,115.7325,123.9395,125.8769,123.9395,125.2837,126.2418,128.8449,125.4193,126.1269,126.9212,128.7867,124.7397,126.4951,120.0333,120.0333,117.8346,118.8276,114.6298,110.2225,111.2205,105.0048,104.0000,98.0204,93.4345,93.7710,91.3510,88.2836,87.8635,86.6833,83.3847,0.0000,0.0000,0.0000,0.0000,0.0000,0.0000,0.0000,0.0000,0.0000,0.0000,0.0000,0.0000
1700000000.250000,-62.0,106.4519,105.3091,105.1095,108.4620,108.5035,104.6948,108.5219,108.6692,109.4806,110.1136,112.0580,115.3170,114.9348,117.7115,117.7115,123.1787,113.0000,114.2716,113.2828,118.3427,115.2779,115.1564,115.2779,120.0167,122.1024,120.0042,124.0161,124.0161,123.0041,124.0161,120.1499,124.1451,123.2599,122.1475,122.6907,118.9496,115.6244,114.2716,113.3578,111.0045,105.5130,103.8460,104.6948,98.3514,92.3580,94.5780,92.7038,89.0000,83.6481,87.1321,79.6304,77.4661,0.0000,0.0000,0.0000,0.0000,0.0000,0.0000,0.0000,0.0000,0.0000,0.0000,0.0000,0.0000
1700000000.300000,-64.9,105.5509,106.0047,112.3788,109.1284,108.3005,109.7725,112.8982,113.5341,114.2847,116.0172,114.2016,120.4201,120.2539,119.8541,120.5073,118.1059,125.1759,115.2606,118.8697,122.3479,120.2082,119.8541,117.5160,123.5557,124.4709,122.9187,127.0039,127.0039,131.6055,130.0000,127.1417,131.0343,127.7811,124.7397,125.1759,123.7942,120.2830,118.8697,114.6298,113.9517,110.4536,108.4666,106.5270,99.8098,97.9081,94.5780,94.5780,93.5361,90.8020,89.8999,83.9345,78.4474,0.0000,0.0000,0.0000,0.0000,0.0000,0.0000,0.0000,0.0000,0.0000,0.0000,0.0000,0.0000
1700000000.350000,-60.9,109.4806,105.3233,105.7213,105.5462,109.0367,105.5462,111.5437,108.2959,110.2225,114.1096,118.0042,117.0043,118.0042,114.0044,113.1106,120.3370,115.5249,119.0798,116.1077,116.4002,115.1173,116.9017,118.5327,121.0372,118.8697,115.5206,122.0041,123.2234,117.6308,128.0625,121.5113,124.9080,123.5557,122.9837,120.0333,119.0504,122.3315,114.6298,111.5437,107.3778,111.2879,104.2353,105.1190,97.0824,98.0204,96.0208,93.6483,90.3549,89.2693,83.1986,86.9770,77.2528,0.0000,0.0000,0.0000,0.0000,0.0000,0.0000,0.0000,0.0000,0.0000,0.0000,0.0000,0.0000
1700000000.400000,-63.2,101.8725,104.4462,104.6566,111.3598,102.8834,107.8378,107.7033,111.4271,110.1363,109.7315,111.0721,110.0636,118.2962,117.7200,115.2476,115.7325,116.9273,110.2180,118.8697,116.4002,118.3765,115.8490,112.1472,118.8276,118.6086,117.6138,120.5031,121.4990,127.3185,121.3343,124.9040,124.4869,120.5985,121.9262,121.4949,116.5590,116.7090,115.9526,109.4806,110.6029,104.1201,108.1573,100.8811,99.3680,92.8493,90.3383,91.2414,87.7097,88.2043,82.9277,81.6884,80.0562,0.0000,0.0000,0.0000,0.0000,0.0000,0.0000,0.0000,0.0000,0.0000,0.0000,0.0000,0.0000
1700000000.450000,-59.0,96.8762,96.2601,100.5684,98.7168,104.3504,99.0202,99.8649,104.8618,104.2929,106.0000,107.3778,110.1454,110.5351,105.5462,107.9120,114.5426,107.0187,108.8531,106.6255,110.6933,105.3091,112.0089,113.8859,110.3676,112.6410,111.4002,115.5206,119.9208,113.3225,117.1751,111.6826,117.9534,115.4340,114.4902,112.0089,115.5206,108.2682,106.1037,103.7545,100.6479,103.8316,98.4886,96.8969,91.4166,85.4400,83.2346,85.6037,83.0963,83.4865,76.3675,77.3369,72.4224,0.0000,0.0000,0.0000,0.0000,0.0000,0.0000,0.0000,0.0000,0.0000,0.0000,0.0000,0.0000
1700000000.500000,-64.8,102.8834,103.7545,106.1037,109.7725,108.6324,112.5389,112.8938,110.7249,108.7842,111.5706,114.0044,115.1217,116.7090,114.9348,119.4362,118.5327,121.0620,115.9741,118.6086,120.9339,117.6138,117.6138,117.6138,120.0167,121.1033,124.1008,127.0157,125.1000,122.0041,127.0157,124.1974,128.2498,125.4831,121.5936,125.4831,120.8139,122.9187,118.5327,112.9690,113.5650,106.9626,107.2007,103.0776,102.7862,96.4624,93.2309,94.0213,93.0215,88.1022,88.1930,82.3772,79.0253,0.0000,0.0000,0.0000,0.0000,0.0000,0.0000,0.0000,0.0000,0.0000,0.0000,0.0000,0.0000
1700000000.550000,-60.8,104.2353,103.6967,107.5639,107.5639,107.1168,107.0187,108.0046,108.0000,113.0708,114.0702,114.2147,115.3516,117.6138,114.8564,117.6138,118.3765,115.4123,116.5590,117.6860,117.9025,119.8541,121.2765,113.7805,119.5492,122.5275,120.2082,122.5275,127.7811,120.2082,125.2837,122.5275,124.1934,121.5113,124.4267,120.8305,120.3038,119.0504,114.1271,112.4500,113.8640,107.3778,104.3887,104.0769,97.0052,96.0000,91.0055,88.2780,87.2812,86.7006,85.5102,84.7703,77.1622,0.0000,0.0000,0.0000,0.0000,0.0000,0.0000,0.0000,0.0000,0.0000,0.0000,0.0000,0.0000
1700000000.600000,-63.2,105.1190,107.2800,106.2544,111.5706,108.8118,111.9732,110.1363,111.4271,114.8260,112.8051,117.1708,117.1708,118.5960,116.1077,121.0785,118.7013,116.6190,118.5116,117.8898,117.0684,121.2023,124.0363,118.8108,120.7394,123.4342,124.0846,125.6065,123.3288,128.3160,124.0846,125.7338,123.8467,126.2101,123.8103,122.8861,122.8861,120.3703,119.5701,114.2804,112.5078,110.6391,110.0182,103.8316,99.3177,102.0441,95.0789,95.1893,90.8020,85.8662,88.0738,84.1724,80.3990,0.0000,0.0000,0.0000,0.0000,0.0000,0.0000,0.0000,0.0000,0.0000,0.0000,0.0000,0.0000
1700000000.650000,-60.6,103.2473,106.4519,105.1190,113.1768,108.9082,111.5079,114.0570,106.8504,114.2804,112.3299,117.3243,117.6138,116.0388,117.2902,114.9783,118.5622,118.4441,115.5206,120.2165,120.9339,115.9741,120.9339,115.9741,121.1652,122.4296,122.4296,127.5618,122.7884,127.6636,124.9640,130.2997,126.6689,125.8968,123.0447,125.3196,118.9286,119.7539,115.8836,111.6647,114.2016,109.2886,109.8590,104.2929,101.3558,97.2471,95.2943,93.0376,90.0777,86.7295,84.7703,82.7103,82.3772,0.0000,0.0000,0.0000,0.0000,0.0000,0.0000,0.0000,0.0000,0.0000,0.0000,0.0000,0.0000
1700000000.700000,-63.7,105.5462,101.2126,105.5888,103.9423,101.8725,104.0096,103.6002,109.8590,108.0046,107.4477,111.8258,110.8873,116.7776,114.7693,109.7133,116.0000,113.8464,111.0360,111.9464,114.7693,117.5160,114.2147,112.9292,119.0168,115.2562,116.0388,118.2244,120.0000,117.2007,117.8898,117.2007,118.8108,120.8801,114.7693,115.8836,113.4548,113.2784,111.0360,110.3177,108.1897,105.6456,101.3163,95.2680,93.4077,92.0054,85.2115,87.1321,84.1190,82.7647,80.0562,77.6209,74.4648,0.0000,0.0000,0.0000,0.0000,0.0000,0.0000,0.0000,0.0000,0.0000,0.0000,0.0000,0.0000
1700000000.750000,-58.6,103.3247,107.5639,107.2241,113.8420,110.1363,111.4271,109.7725,111.8258,110.9820,112.7120,115.1043,112.8716,119.2015,118.7266,116.5032,115.4340,120.0000,114.8564,119.0168,120.8801,120.0000,119.6328,116.0388,120.9669,121.6553,123.1097,127.9883,120.9339,127.9883,123.7457,124.4829,124.4829,125.3196,123.4342,122.4418,120.1041,119.0168,112.2007,110.4355,114.0570,104.8475,108.0463,108.0463,100.7224,97.9490,91.7061,90.0777,90.2497,87.9204,83.8153,84.9294,79.7621,0.0000,0.0000,0.0000,0.0000,0.0000,0.0000,0.0000,0.0000,0.0000,0.0000,0.0000,0.0000
1700000000.800000,-60.8,102.4744,102.0000,103.7545,105.7024,108.4620,106.2309,105.6504,106.8925,112.5789,112.0892,114.1797,114.9826,116.2110,114.9783,114.9783,118.2582,112.2943,114.5862,113.9912,116.6190,112.7519,116.6190,115.7325,118.1524,118.4230,119.1050,124.0040,123.1016,122.0164,124.0161,120.1499,127.2517,122.2620,119.6035,119.6035,120.0708,116.9658,112.7874,113.5650,106.7333,111.0856,106.7333,101.9215,98.6712,97.7190,94.5780,90.0777,91.7061,89.4707,84.5991,82.4197,78.2432,0.0000,0.0000,0.0000,0.0000,0.0000,0.0000,0.0000,0.0000,0.0000,0.0000,0.0000,0.0000
1700000000.850000,-62.2,100.4042,108.2266,103.2327,109.2016,103.7111,108.5772,107.6290,111.0721,111.7587,108.1897,115.2779,114.2147,116.2755,115.5206,120.1041,113.4063,117.2007,111.6065,117.0684,120.3703,116.4989,118.7266,110.6752,115.1043,121.0785,123.6649,123.8911,121.2353,125.7060,119.4738,125.0320,122.1147,123.1747,123.1747,120.6524,118.7139,118.2244,111.6647,112.9292,112.8051,108.7060,108.3005,100.4191,101.1385,94.7523,92.7631,90.7855,91.4002,87.9204,85.4400,85.0882,79.2023,0.0000,0.0000,0.0000,0.0000,0.0000,0.0000,0.0000,0.0000,0.0000,0.0000,0.0000,0.0000
1700000000.900000,-63.1,107.0000,105.0048,108.2266,111.2879,110.3676,108.5587,112.4500,110.0227,115.1217,113.7805,117.9025,117.1751,117.3882,119.5492,118.2962,119.8708,119.0378,119.5408,120.0167,118.5960,117.3882,119.0126,120.8305,119.0000,123.4342,124.7798,124.8239,125.7060,123.0650,123.0650,123.5476,123.8911,124.8239,123.0041,120.4201,124.3905,120.0167,117.0470,113.5473,110.7249,111.6826,108.5219,106.7380,103.0776,99.4636,94.9210,94.2019,91.7878,88.3629,84.0952,84.0238,79.7621,0.0000,0.0000,0.0000,0.0000,0.0000,0.0000,0.0000,0.0000,0.0000,0.0000,0.0000,0.0000
1700000000.950000,-62.9,100.4639,99.7246,105.3043,105.9481,106.8925,105.6504,105.9906,105.9906,109.0413,108.6738,115.1217,112.1472,114.8564,111.0180,111.8794,117.5160,114.2804,114.2147,110.1136,117.0043,113.0044,115.0000,115.0043,118.1059,120.0667,117.2092,118.2074,122.1024,120.2040,121.2023,120.1041,122.0656,125.0640,122.0000,121.0165,118.0042,115.3516,111.6468,114.6298,108.9036,106.7052,104.2353,104.7378,96.5401,93.6216,89.5600,91.4166,87.0919,85.6154,82.2922,80.6226,76.6094,0.0000,0.0000,0.0000,0.0000,0.0000,0.0000,0.0000,0.0000,0.0000,0.0000,0.0000,0.0000
1700000001.000000,-64.8,100.7174,100.4988,101.3163,108.1157,107.0000,104.0000,107.0747,111.0180,105.1190,109.1146,109.2932,112.6410,113.7453,112.0089,116.2497,111.0045,115.3170,110.0227,114.4771,113.3225,111.5706,113.3225,113.6002,117.0043,121.1156,119.5408,120.2082,120.2082,123.3694,119.2686,121.1156,119.5408,123.6649,121.1652,122.2620,115.2085,118.8781,113.3578,113.6002,108.8531,101.8332,105.0762,97.3293,100.1249,97.1288,91.1373,91.0000,87.0230,86.3713,83.7437,80.8084,77.6209,0.0000,0.0000,0.0000,0.0000,0.0000,0.0000,0.0000,0.0000,0.0000,0.0000,0.0000,0.0000
1700000001.050000,-59.6,98.4886,103.3151,103.8316,102.2155,102.9563,100.3444,105.1190,104.8618,106.0189,106.0424,109.8089,114.3372,109.8772,109.3435,113.2166,113.2166,111.7229,109.6221,113.2784,109.8772,111.9464,115.5206,109.7133,116.4002,118.8486,114.2016,119.8541,120.4326,119.8541,116.4989,119.0378,119.0168,117.6138,117.2902,117.7964,113.4548,113.2784,108.2451,107.4802,106.0754,102.6499,102.6499,101.3163,96.5401,92.0054,86.0233,89.6270,87.3670,82.3650,79.2591,77.2528,74.0000,0.0000,0.0000,0.0000,0.0000,0.0000,0.0000,0.0000,0.0000,0.0000,0.0000,0.0000,0.0000
1700000001.100000,-57.8,106.3297,104.0096,107.4151,111.8258,108.7060,108.7060,111.9464,111.0360,112.5389,111.7229,115.9741,121.6224,118.1397,121.0826,120.4159,120.1041,117.7964,119.6328,120.6027,124.5351,118.4061,118.7139,118.7139,119.5701,121.2023,121.0785,127.2635,124.6796,126.7636,124.5311,126.2458,127.3185,126.1943,123.2234,124.4026,121.4002,118.4061,116.5161,116.7776,111.0721,106.1037,104.6518,108.9771,99.8248,94.4934,92.0054,92.2009,91.8096,88.2043,86.8332,82.2922,81.3449,0.0000,0.0000,0.0000,0.0000,0.0000,0.0000,0.0000,0.0000,0.0000,0.0000,0.0000,0.0000
1700000001.150000,-65.1,105.5746,106.7052,105.3233,109.2383,109.8818,107.2800,108.9312,109.1100,112.9292,114.4902,116.3873,117.9873,118.6802,116.0776,117.0000,124.4829,116.2970,119.0126,115.8361,119.4738,117.1708,119.5701,119.0000,121.0785,122.1188,121.5936,121.5936,125.5388,122.9675,127.0945,123.0650,126.7636,126.2696,123.8790,124.7798,120.4201,117.3882,115.8792,111.0721,110.0545,111.4002,107.8564,106.2309,100.8960,96.3172,92.0706,93.7710,90.4489,87.0230,86.0000,84.3801,77.9295,0.0000,0.0000,0.0000,0.0000,0.0000,0.0000,0.0000,0.0000,0.0000,0.0000,0.0000,0.0000
1700000001.200000,-67.1,98.6560,99.2975,101.5972,103.3925,107.3778,103.2376,104.0000,108.0000,108.0741,110.1136,113.0708,110.2905,115.2128,113.3578,113.6354,116.9017,114.5862,115.5725,113.7805,111.5706,113.5650,114.8434,110.1136,116.3787,117.4436,118.2962,121.8401,121.4331,120.8139,121.4907,115.8016,123.3288,120.1665,120.1665,119.6411,116.4174,114.0044,112.9690,111.4630,106.7052,108.5035,101.2719,103.5857,97.2523,91.2688,90.0056,91.0000,88.0057,86.0930,81.4985,77.4661,76.2430,0.0000,0.0000,0.0000,0.0000,0.0000,0.0000,0.0000,0.0000,0.0000,0.0000,0.0000,0.0000
1700000001.250000,-60.2,105.4751,109.9864,105.0000,114.2016,107.4151,114.0395,111.7721,112.0580,118.1905,110.2769,117.2391,119.4194,118.5116,120.7684,124.3262,118.3089,122.5602,116.4689,120.8139,117.7455,120.9049,122.3806,116.0905,121.5648,121.5648,124.7237,128.7867,123.7619,130.7287,125.6344,127.2006,125.5747,129.3561,125.3555,124.6515,117.6520,117.0470,118.7013,116.7776,116.7776,105.0952,108.7842,107.0420,102.9563,97.6371,91.8368,91.2140,93.6056,87.1149,84.8646,82.8070,79.8123,0.0000,0.0000,0.0000,0.0000,0.0000,0.0000,0.0000,0.0000,0.0000,0.0000,0.0000,0.0000
1700000001.300000,-61.6,104.3072,105.1190,109.0183,112.8938,111.8258,110.6029,112.8051,111.9464,117.5160,115.9741,120.9339,120.9339,118.9286,120.5073,122.6744,123.3288,122.0246,116.9316,121.4002,120.8801,123.2274,119.0378,122.0041,123.1747,125.6423,125.6702,127.8828,129.5299,130.3572,128.9690,127.3146,131.4001,131.8256,124.0161,125.8769,125.6065,123.1666,118.2582,116.6919,113.8464,114.7693,111.9464,105.1190,102.9417,100.0000,96.2601,94.3398,93.2952,91.2414,85.0000,86.5390,80.9568,0.0000,0.0000,0.0000,0.0000,0.0000,0.0000,0.0000,0.0000,0.0000,0.0000,0.0000,0.0000
1700000001.350000,-61.5,105.9481,105.9481,101.2373,105.1903,105.7024,108.8531,108.6738,109.5673,113.1768,107.4244,113.3711,115.1217,113.2078,117.8898,116.4989,117.2007,115.2562,114.8085,115.2562,119.7539,116.1809,116.9316,114.9783,120.9339,117.4564,120.2414,124.4508,120.9669,124.4829,125.1759,123.0447,125.1759,123.1666,122.6744,120.7394,120.5073,117.6138,115.4340,111.2520,108.1665,108.4528,109.0780,103.7738,100.3444,99.2975,93.0376,94.1541,90.0777,87.9318,83.6780,84.5281,79.5110,0.0000,0.0000,0.0000,0.0000,0.0000,0.0000,0.0000,0.0000,0.0000,0.0000,0.0000,0.0000
1700000001.400000,-60.4,101.1187,105.0762,108.6646,108.2959,111.0721,107.0747,111.0000,111.0180,111.0045,113.0708,115.0695,115.2779,117.6138,120.8139,115.1173,118.3765,116.9017,116.5590,113.7805,116.6619,116.7090,120.3038,120.5405,120.4865,122.5275,122.1229,125.2517,124.3101,124.5953,125.2517,121.4331,124.2779,123.0813,121.5648,125.3994,121.5113,117.6860,112.9690,114.9348,109.4897,108.0463,103.5857,105.3043,100.3195,96.0052,94.0053,90.0056,90.1388,88.3629,84.1724,82.2253,80.0812,0.0000,0.0000,0.0000,0.0000,0.0000,0.0000,0.0000,0.0000,0.0000,0.0000,0.0000,0.0000
1700000001.450000,-64.9,97.9081,100.8018,101.8283,108.4066,105.6456,105.5509,104.6900,107.5639,108.8944,107.6290,109.7133,111.6647,115.8836,116.4002,114.0175,114.8085,113.7189,109.8590,114.0570,114.0570,114.9087,116.1077,109.9318,115.3820,118.5327,117.6478,121.6717,120.3038,126.5622,118.9664,120.3079,123.4342,121.9385,120.0667,119.5701,114.0570,118.7266,113.7189,110.4355,110.6797,103.7111,102.9417,98.8585,97.6729,96.2081,91.9348,89.0955,88.8651,84.8116,82.4197,79.6116,77.3886,0.0000,0.0000,0.0000,0.0000,0.0000,0.0000,0.0000,0.0000,0.0000,0.0000,0.0000,0.0000
1700000001.500000,-63.7,105.5509,103.8701,107.3359,104.9238,110.1363,108.4666,114.0175,113.3225,116.9145,118.4567,116.1809,120.8387,118.3765,117.3882,117.3882,125.6742,117.9576,120.8139,119.0672,120.2664,120.1041,120.2664,120.0042,125.0000,123.0041,125.0040,125.0040,127.0000,126.0000,124.0000,126.0000,127.0630,127.1928,125.1000,125.2557,126.3962,120.7021,117.2391,115.7411,114.7563,114.0044,106.7333,106.7333,102.2008,98.0306,97.1442,94.1541,91.7878,89.8999,87.7097,87.0919,79.6304,0.0000,0.0000,0.0000,0.0000,0.0000,0.0000,0.0000,0.0000,0.0000,0.0000,0.0000,0.0000
1700000001.550000,-63.9,102.1567,102.1812,104.0625,107.5639,108.5219,107.9676,107.7079,110.6345,110.2180,112.1784,112.6144,115.1173,115.9741,114.8564,115.9741,117.2092,118.2074,118.2709,114.0000,115.0174,118.0169,117.0000,117.0171,118.2074,118.1059,120.3370,122.2620,125.4831,120.3370,125.2557,124.1974,125.2557,124.1974,124.0645,121.0000,121.0000,117.1068,113.2828,111.6468,105.5746,110.8873,102.1078,105.1190,97.3242,96.3172,89.2861,91.7606,88.8651,86.5390,83.1865,81.8841,74.6257,0.0000,0.0000,0.0000,0.0000,0.0000,0.0000,0.0000,0.0000,0.0000,0.0000,0.0000,0.0000
1700000001.600000,-61.8,104.8093,101.5972,102.4207,105.5462,106.5129,102.9612,108.4666,109.6586,112.2943,111.0180,113.2166,117.7455,117.1751,115.9526,114.3897,119.7748,114.3897,119.5073,115.3820,118.1059,117.2007,117.6860,117.6478,119.2686,116.9701,118.5116,124.3423,124.1692,125.9365,127.7693,123.1666,123.4342,126.1150,121.6717,124.4829,119.9208,119.5073,113.7189,109.3846,113.2166,108.1573,103.4070,107.0047,100.2247,94.5410,90.9340,93.3435,87.0919,88.0909,87.0057,82.0061,77.4145,0.0000,0.0000,0.0000,0.0000,0.0000,0.0000,0.0000,0.0000,0.0000,0.0000,0.0000,0.0000
1700000001.650000,-62.5,111.2115,109.2016,114.8651,111.9464,113.1724,113.1459,117.4138,114.6298,122.0246,124.0846,122.7884,125.0000,129.2014,125.6702,125.2078,125.9365,125.1958,127.7693,127.7693,125.7060,125.3994,127.0157,127.0157,131.1831,129.2826,128.4445,129.0775,134.6291,131.6738,135.1925,129.0775,132.6198,134.7368,127.9062,133.2817,129.2942,127.4755,124.8239,123.1747,119.0378,117.6605,115.1217,114.0395,109.2016,102.3035,100.2646,97.1854,101.2373,94.7945,87.8635,86.2149,84.9058,0.0000,0.0000,0.0000,0.0000,0.0000,0.0000,0.0000,0.0000,0.0000,0.0000,0.0000,0.0000
1700000001.700000,-62.2,100.4241,104.1201,101.5135,109.1100,103.2473,107.3359,107.0187,108.2589,110.0727,109.1787,115.0043,112.3788,116.1077,114.0570,117.6605,113.7189,118.1524,110.6797,118.2286,116.0388,117.6138,115.8836,110.2588,117.5160,116.9316,119.7539,123.1097,118.9286,125.2078,118.1905,122.6744,123.3288,124.3262,118.5622,119.0168,114.2016,115.4340,113.7189,110.6752,110.6752,104.8093,105.3091,99.3630,100.6231,94.8472,91.0000,89.8888,86.7295,83.8153,82.9699,78.4474,77.4145,0.0000,0.0000,0.0000,0.0000,0.0000,0.0000,0.0000,0.0000,0.0000,0.0000,0.0000,0.0000
1700000001.750000,-61.8,106.9766,104.4031,104.7855,107.0187,110.9234,107.3313,106.4519,112.3788,112.0045,112.6810,114.2804,115.4340,118.2244,122.0041,118.8108,118.8486,114.3372,114.3372,113.4548,115.2562,118.4441,123.1666,116.9316,119.5199,125.1759,120.2414,124.4829,129.4179,125.2078,125.3994,123.0366,127.9883,128.0820,123.1097,123.8426,119.7539,116.9316,116.6619,118.2286,109.2016,109.8590,104.8618,106.5317,96.8969,95.8801,94.3663,91.2853,89.3196,90.2497,84.1190,83.9345,78.2624,0.0000,0.0000,0.0000,0.0000,0.0000,0.0000,0.0000,0.0000,0.0000,0.0000,0.0000,0.0000
1700000001.800000,-61.4,106.9626,107.9352,106.2121,108.5035,111.1575,113.8640,113.9912,114.3547,115.3516,114.0175,120.0042,121.0165,120.0667,122.2007,122.0656,122.2620,120.3370,118.3427,122.3315,121.9262,123.3207,121.0620,121.8236,122.7844,125.1719,127.6754,127.3460,130.0500,128.7867,127.1220,127.4755,130.2306,125.7657,123.7942,126.2894,122.8007,124.7878,118.5116,118.2709,115.1086,110.0045,111.0721,108.0185,104.0192,101.2423,96.4210,94.0479,95.7079,88.0738,90.5207,83.8153,83.3847,0.0000,0.0000,0.0000,0.0000,0.0000,0.0000,0.0000,0.0000,0.0000,0.0000,0.0000,0.0000
1700000001.850000,-60.3,103.4795,103.3925,107.4895,110.3177,106.8878,106.7942,109.9864,109.1238,111.2115,114.0395,111.6065,114.2847,115.6633,114.5862,116.1077,122.2988,118.5116,114.6124,118.9664,120.7684,119.4069,119.6202,114.1271,117.1751,122.3846,122.5602,119.8708,124.3101,126.4911,123.6487,122.5602,127.2242,126.0873,123.5678,122.5765,119.9208,115.8361,116.7647,115.0043,112.3788,108.9082,104.4462,100.9554,101.0198,98.0051,94.0213,91.3510,90.0278,87.6812,82.8070,82.0061,80.4550,0.0000,0.0000,0.0000,0.0000,0.0000,0.0000,0.0000,0.0000,0.0000,0.0000,0.0000,0.0000
1700000001.900000,-62.1,103.3925,105.4751,103.2473,106.0660,108.9312,106.8878,105.4751,111.9464,109.9864,111.2115,114.8564,116.5032,115.9655,115.9655,117.5968,118.5116,120.2206,116.4689,119.0798,119.5701,119.7080,119.4194,116.7647,118.8486,120.5405,120.4201,121.6717,124.3905,127.1220,124.3905,122.1024,124.3262,124.3543,122.2988,123.3086,119.5701,117.2391,117.6605,115.4340,109.8590,108.2266,105.2616,104.2353,99.9050,99.0051,90.5538,92.0217,89.3756,88.0909,80.4301,82.0975,76.0263,0.0000,0.0000,0.0000,0.0000,0.0000,0.0000,0.0000,0.0000,0.0000,0.0000,0.0000,0.0000
1700000001.950000,-62.6,99.2975,99.6243,104.5466,104.5466,105.7024,102.0441,105.5462,105.5462,108.9082,111.5079,112.8716,112.6810,114.2804,114.2804,112.6055,117.2007,111.8258,114.2016,111.6647,113.7014,114.0175,116.2755,113.4548,117.4564,118.1905,116.0000,118.0890,123.7457,118.7939,123.0366,118.9286,121.1652,122.0246,119.6328,118.2286,120.6027,114.8085,112.8938,110.1136,106.0000,106.0000,100.4988,102.9563,94.3663,92.1358,89.4707,89.8888,85.7030,84.4808,82.7103,78.4474,74.3303,0.0000,0.0000,0.0000,0.0000,0.0000,0.0000,0.0000,0.0000,0.0000,0.0000,0.0000,0.0000
1700000002.000000,-59.3,101.5185,101.5185,106.1037,105.8489,108.2682,105.3043,105.9481,110.0636,108.9312,108.6692,112.8051,113.5650,112.6144,113.9912,112.0089,118.6086,114.6298,115.6244,115.2128,115.2128,117.2092,118.0042,115.1086,118.0169,121.0000,120.0667,125.1958,124.0645,122.1024,122.2620,118.2074,124.0161,125.0000,121.0041,121.0165,122.0164,118.1059,111.2879,113.2828,108.9036,108.0463,104.9381,102.2595,94.2019,95.3415,93.4077,92.6553,88.9550,88.9550,82.2922,77.3692,75.4718,0.0000,0.0000,0.0000,0.0000,0.0000,0.0000,0.0000,0.0000,0.0000,0.0000,0.0000,0.0000
1700000002.050000,-62.2,98.0051,101.0000,104.1201,100.1249,105.3043,101.4002,104.2353,104.0865,106.0660,109.6586,111.9866,108.1712,111.0856,116.6619,111.5706,112.8938,114.4902,111.6647,113.8859,115.3170,112.5389,110.9820,112.8051,114.0614,115.3950,115.3950,117.6478,121.9385,117.6478,119.4738,118.5327,119.0000,117.6180,119.0126,117.2732,114.2366,113.4637,112.0089,109.7315,107.2241,105.3043,99.6243,103.3247,95.5667,92.9624,88.1192,87.4643,87.6926,87.1436,83.0000,80.0999,74.5453,0.0000,0.0000,0.0000,0.0000,0.0000,0.0000,0.0000,0.0000,0.0000,0.0000,0.0000,0.0000
1700000002.100000,-64.7,94.0479,98.1529,98.3260,103.3102,100.3195,105.1190,103.0000,103.0049,108.0046,103.0000,110.0182,107.1168,110.2905,111.5437,110.6526,111.4630,114.4246,108.1897,111.6289,110.2180,112.1784,109.8818,111.0856,111.4002,114.2847,116.6619,120.2082,113.5297,119.2518,118.5960,118.1397,119.3692,118.3596,115.9526,113.1592,111.9866,112.1472,111.8794,108.9036,104.5801,103.1213,101.3163,96.0833,93.0215,90.0056,84.0238,86.1452,84.4808,81.3941,79.0759,81.7435,74.0000,0.0000,0.0000,0.0000,0.0000,0.0000,0.0000,0.0000,0.0000,0.0000,0.0000,0.0000,0.0000
1700000002.150000,-65.6,100.3045,104.0000,105.1903,109.7725,107.3313,107.3313,107.3313,108.6738,112.5078,107.3778,114.2804,116.4989,117.8898,114.0395,115.4340,116.4002,116.4002,116.0388,120.5073,116.0388,113.7014,118.4441,115.8836,120.2165,120.2165,118.1397,121.8277,118.7939,125.2078,120.9669,123.0447,122.7884,127.1417,120.1041,122.4418,118.2244,117.0684,114.0395,114.8260,111.6468,106.5505,103.9423,101.0742,99.4032,98.6154,92.1141,90.5207,91.4822,85.9069,82.9759,80.2309,77.1622,0.0000,0.0000,0.0000,0.0000,0.0000,0.0000,0.0000,0.0000,0.0000,0.0000,0.0000,0.0000
1700000002.200000,-60.1,107.7868,111.3059,112.3788,114.7563,114.2366,114.0044,115.2476,116.6919,120.8801,118.9033,123.3694,123.7134,123.3086,121.7415,124.0846,126.5741,123.4342,123.8790,123.1666,123.1666,123.6649,124.3423,123.1747,126.4911,128.9690,127.3185,129.8499,128.6002,132.4122,135.6650,133.9627,131.4686,132.3102,131.7649,127.6323,127.6323,127.6323,123.4706,122.5439,118.5116,115.9526,113.2166,109.3846,105.4751,103.4070,99.6243,96.0469,92.7631,94.5410,88.6848,88.3629,82.0244,0.0000,0.0000,0.0000,0.0000,0.0000,0.0000,0.0000,0.0000,0.0000,0.0000,0.0000,0.0000
1700000002.250000,-61.2,106.0000,107.0187,104.3072,106.2309,107.5639,109.4578,106.7942,110.0273,112.2943,111.9866,113.3578,116.9273,116.1809,118.0042,120.0708,118.5960,115.7411,118.9033,113.2166,115.7670,117.7455,119.7748,114.9478,118.0678,122.9837,121.6717,124.8119,123.0041,125.2398,123.8790,121.6717,120.4201,125.1599,126.0873,120.5529,123.3694,119.8708,116.0560,113.3225,107.9676,109.6586,105.5367,108.4666,98.6560,97.5141,91.2688,93.1343,90.0888,90.0000,85.0235,82.6075,82.3772,0.0000,0.0000,0.0000,0.0000,0.0000,0.0000,0.0000,0.0000,0.0000,0.0000,0.0000,0.0000
1700000002.300000,-63.0,96.7988,102.7278,102.4744,102.8834,104.6518,101.5185,104.7855,105.8489,106.6208,107.9120,108.7842,111.0000,112.6410,115.5206,115.2476,111.5706,113.7585,108.9312,115.9526,115.7325,114.0044,116.4989,111.4630,114.8564,117.9576,115.8490,118.8276,120.5031,121.3343,115.8490,121.4949,122.4827,122.3765,119.0504,116.7090,115.5206,114.0044,115.2476,107.8564,108.5219,102.1421,101.3903,97.6934,98.0867,94.8472,89.9444,87.1321,88.7525,82.4197,79.8123,79.3977,77.1038,0.0000,0.0000,0.0000,0.0000,0.0000,0.0000,0.0000,0.0000,0.0000,0.0000,0.0000,0.0000
1700000002.350000,-61.1,99.0858,103.2473,103.9471,106.7942,106.3015,106.3015,106.0424,106.8270,107.4151,109.8590,110.6797,115.3776,115.4340,115.1217,115.1217,114.6124,118.5960,112.8716,115.3820,114.9652,114.9652,115.8706,114.6342,116.4689,120.4201,118.8486,122.5602,123.8588,123.4909,126.2894,124.4829,123.6932,122.7721,120.4201,124.8119,118.5327,117.2391,111.6468,112.6055,110.6797,106.8316,104.4031,102.6158,94.6414,98.7168,89.8053,91.2853,90.5538,85.7030,82.4621,84.0536,76.1577,0.0000,0.0000,0.0000,0.0000,0.0000,0.0000,0.0000,0.0000,0.0000,0.0000,0.0000,0.0000
1700000002.400000,-63.4,101.7890,100.4390,104.2929,107.9352,108.1573,104.9952,106.2826,108.4620,108.6324,110.9234,110.9234,116.7262,116.7647,112.8716,115.9741,118.7013,116.1077,115.9655,118.8108,117.0470,116.4989,117.8898,116.4002,120.1041,120.1041,120.1041,122.7884,120.1041,123.0650,124.6515,119.6328,122.4418,118.8486,121.6059,120.3703,119.8165,119.5701,115.9655,112.5078,107.4244,108.6738,104.6566,106.0236,99.4032,96.9330,92.3580,93.3006,89.8443,86.1220,85.5102,83.4865,77.0065,0.0000,0.0000,0.0000,0.0000,0.0000,0.0000,0.0000,0.0000,0.0000,0.0000,0.0000,0.0000
1700000002.450000,-60.3,104.6948,95.5092,107.3359,109.3846,109.6586,102.9563,108.2266,107.3313,109.6586,111.4136,113.3711,117.6605,115.9655,117.8898,110.6797,118.4061,113.4063,119.7539,114.9783,116.5161,119.7539,117.5160,118.1905,123.0366,121.6553,117.3797,123.1097,124.4829,122.4296,125.2078,123.7457,125.8730,125.8968,123.1097,124.6515,125.6065,116.2755,114.0175,113.4063,108.8118,111.7721,104.4031,104.8618,98.7927,97.2471,91.2414,92.1358,91.2853,91.0000,86.9770,81.2527,77.6660,0.0000,0.0000,0.0000,0.0000,0.0000,0.0000,0.0000,0.0000,0.0000,0.0000,0.0000,0.0000
1700000002.500000,-64.3,101.1385,100.2247,105.7213,108.0463,108.0463,105.6835,108.2959,108.1157,111.1126,111.0045,111.0180,115.0000,114.0044,117.1068,118.2074,117.2732,118.6086,115.3516,114.8564,115.1173,118.3765,118.3765,114.4246,119.4362,123.3572,119.4362,122.7844,122.7844,124.1974,121.5113,120.6192,123.3572,122.9837,119.3650,123.0447,117.5160,117.2092,114.1096,115.0174,110.0182,108.0000,105.0000,104.1201,100.3195,100.3195,93.6483,94.2019,89.4427,86.5852,85.0706,81.9329,78.7909,0.0000,0.0000,0.0000,0.0000,0.0000,0.0000,0.0000,0.0000,0.0000,0.0000,0.0000,0.0000
1700000002.550000,-58.3,100.2247,104.2161,105.7024,108.6324,105.1095,107.9120,110.0545,109.7679,112.3610,110.6029,113.7805,115.9181,115.1217,116.1077,119.0504,114.6298,117.6138,114.8564,118.3427,117.6138,115.6244,120.2664,115.1086,121.0041,121.0165,124.0161,124.0040,122.0041,127.0039,122.0164,122.0041,127.0000,124.1008,122.2620,120.2664,115.5249,121.2642,115.9741,113.9912,113.8640,106.0990,109.0413,102.1812,101.1385,99.2975,91.7606,95.8593,89.3196,85.6154,85.4225,81.6333,77.1038,0.0000,0.0000,0.0000,0.0000,0.0000,0.0000,0.0000,0.0000,0.0000,0.0000,0.0000,0.0000
1700000002.600000,-64.2,104.0048,108.0741,107.2287,111.2205,110.6526,108.0463,109.1787,109.0413,110.2180,115.5206,117.9025,120.1665,119.3692,119.6411,119.5492,116.7090,119.5408,118.6802,120.9339,118.1059,120.1541,120.1541,116.2970,122.1188,124.8239,123.6649,125.5388,127.1417,127.1417,125.5388,127.1417,126.1784,127.0118,125.6742,123.5678,122.5765,119.8666,121.6306,114.2322,119.8708,105.6504,108.8118,101.9215,101.3903,98.2700,95.0368,92.0706,94.3398,88.1419,90.0888,86.0058,79.4040,0.0000,0.0000,0.0000,0.0000,0.0000,0.0000,0.0000,0.0000,0.0000,0.0000,0.0000,0.0000
1700000002.650000,-62.2,98.0000,100.0200,100.4042,105.3043,106.0660,105.2236,106.5317,106.0990,108.6738,107.9352,109.8818,112.3610,112.9292,111.0000,114.4902,113.8859,115.3170,113.4637,112.8051,114.0614,111.3598,114.0614,112.7120,118.7013,115.4859,115.4859,117.6605,121.0785,119.0378,124.0202,118.7013,124.1692,120.4409,117.6478,119.0000,117.1708,116.2970,115.4513,109.3846,109.3846,104.4031,102.5280,101.8332,99.4585,96.5660,89.4986,92.3959,89.1067,84.4808,80.3990,83.0060,76.3217,0.0000,0.0000,0.0000,0.0000,0.0000,0.0000,0.0000,0.0000,0.0000,0.0000,0.0000,0.0000
1700000002.700000,-61.2,104.4031,103.7304,110.3540,109.6586,112.9690,110.4762,111.8794,110.5486,113.8640,122.2007,114.4378,120.2040,122.1024,122.0000,122.0000,125.0640,119.0672,120.0667,117.5160,120.5031,122.8007,122.8007,122.8007,124.3101,127.5774,123.6285,124.7397,128.7245,123.7942,128.0820,124.6154,128.0820,129.0659,126.2894,123.7942,123.4909,119.1050,117.0684,116.0172,111.0180,110.0727,109.0734,107.4663,100.3195,97.3293,94.8947,95.5249,94.5410,92.8924,85.4400,84.8646,79.6241,0.0000,0.0000,0.0000,0.0000,0.0000,0.0000,0.0000,0.0000,0.0000,0.0000,0.0000,0.0000
1700000002.750000,-63.4,103.4650,102.6937,103.8701,110.9820,106.0047,105.0952,105.3091,110.4536,111.2205,111.8302,116.5032,116.5032,115.1086,114.8564,119.0378,117.2902,119.0966,116.0388,118.4441,119.6035,119.0966,119.5533,114.8651,121.6306,119.5533,120.2082,123.7457,121.6306,127.9883,123.7942,128.0352,127.9883,123.8426,123.9879,123.3288,124.8439,122.8007,115.4210,112.3299,112.6055,107.6151,107.9120,103.7738,99.8499,94.8103,93.0376,93.5201,90.2497,88.8651,88.0568,83.7437,79.6304,0.0000,0.0000,0.0000,0.0000,0.0000,0.0000,0.0000,0.0000,0.0000,0.0000,0.0000,0.0000
1700000002.800000,-62.3,103.1213,97.4166,106.7380,107.2007,111.0856,105.7592,111.6289,105.2236,111.8794,112.4500,114.9826,115.8490,118.5116,115.2779,114.1096,118.0042,115.0043,120.0000,117.0171,120.0167,120.0667,117.3456,115.0174,120.5985,121.3343,121.3343,121.0620,125.2996,125.0280,127.8828,121.5936,125.8968,125.4831,122.2620,122.2620,121.0041,122.0041,117.0171,115.0695,110.2225,111.3643,100.4042,107.9120,98.7320,98.0051,91.9837,89.7385,89.4986,90.7579,85.2350,82.2982,77.1751,0.0000,0.0000,0.0000,0.0000,0.0000,0.0000,0.0000,0.0000,0.0000,0.0000,0.0000,0.0000
1700000002.850000,-62.4,107.0047,108.0046,111.0180,113.0177,114.0702,105.2331,110.8873,111.8794,109.1787,115.1173,117.0854,117.0854,120.6192,117.6860,121.0372,121.5113,116.3873,117.6308,117.6520,119.2183,119.2183,120.8139,121.8401,122.0041,125.0040,122.5602,125.0040,126.2101,128.4445,130.7823,127.7693,126.6491,128.5146,125.2517,123.6487,125.2837,118.6802,122.2620,113.0310,113.7805,111.9866,106.5317,108.0463,101.9657,97.7394,91.2688,93.0215,91.0000,91.0879,87.3670,84.3445,83.1986,0.0000,0.0000,0.0000,0.0000,0.0000,0.0000,0.0000,0.0000,0.0000,0.0000,0.0000,0.0000
1700000002.900000,-60.8,105.6456,104.8093,106.1037,105.4182,106.0754,110.3177,115.3126,112.5389,114.7693,115.2562,115.8836,119.0378,117.0684,117.0470,118.7266,120.0667,117.0470,118.1905,120.3079,119.4069,120.0667,117.6180,118.9664,122.0041,123.6932,120.1541,126.4634,127.3892,129.4488,130.0346,121.6306,124.4829,126.8464,123.8911,125.6742,124.3262,120.3079,118.5960,114.3897,111.6468,110.1363,106.8504,108.0046,102.4158,97.0052,96.8298,91.4385,91.9674,89.1964,86.5563,82.2010,78.2304,0.0000,0.0000,0.0000,0.0000,0.0000,0.0000,0.0000,0.0000,0.0000,0.0000,0.0000,0.0000
1700000002.950000,-59.6,106.6068,105.1190,110.8873,113.5694,113.9517,111.0360,112.4322,111.7587,115.3126,118.2582,121.0826,120.8801,118.5622,121.2106,120.8801,119.6202,124.4026,113.0044,122.3315,121.2023,118.7266,120.2206,116.5032,125.0320,123.6649,127.6323,127.4755,124.5311,131.0343,129.7112,126.7636,132.2309,128.7012,124.5552,125.3635,119.8541,120.0000,116.6619,115.8836,111.2879,108.3744,108.9771,107.5639,100.4191,100.4490,93.7230,91.8314,92.6553,87.0919,88.1930,80.9568,79.2023,0.0000,0.0000,0.0000,0.0000,0.0000,0.0000,0.0000,0.0000,0.0000,0.0000,0.0000,0.0000
1700000003.000000,-58.9,103.3538,102.4744,108.0463,112.0045,107.6151,113.4416,109.8590,110.0000,110.4219,116.5161,118.8486,119.6035,123.9879,118.1059,118.1059,116.1809,125.8968,111.7587,121.3796,116.1809,126.8109,124.6315,117.8007,121.7580,129.4681,124.4026,127.4127,129.4025,129.0039,125.1000,127.6127,126.3725,130.9236,127.6127,117.9237,121.0372,125.3196,120.5073,116.9316,115.9655,112.4500,107.5174,104.7378,104.4845,100.4241,94.8103,95.4411,90.4434,89.6939,86.7698,84.6936,81.5966,0.0000,0.0000,0.0000,0.0000,0.0000,0.0000,0.0000,0.0000,0.0000,0.0000,0.0000,0.0000
1700000003.050000,-63.2,98.4124,98.4886,99.3177,105.4751,104.1777,104.0000,104.9952,105.3043,105.6504,107.7033,114.2847,110.6345,110.2180,114.9348,111.6289,113.9912,111.0180,114.6298,113.5341,114.3547,114.5295,114.0175,111.2205,117.0000,114.0044,115.0000,117.0043,122.0041,117.0684,122.1024,120.0042,120.0042,122.0041,120.1041,118.1059,118.2074,117.3456,111.5437,107.6708,104.2353,102.2595,99.6394,103.1601,93.6216,93.6803,90.5207,86.7295,87.9204,83.7735,82.2922,79.0759,73.2393,0.0000,0.0000,0.0000,0.0000,0.0000,0.0000,0.0000,0.0000,0.0000,0.0000,0.0000,0.0000
1700000003.100000,-54.7,103.3151,103.7545,106.5505,114.0570,108.9082,111.6468,114.8260,112.8938,117.0684,113.4063,118.8486,116.5161,118.9286,122.6744,120.4159,118.1905,123.0366,118.0890,121.8277,123.3288,122.4296,119.7539,118.9286,123.8467,125.1000,125.8769,129.8076,124.0161,135.4179,125.6025,127.4402,128.2264,128.4251,127.6636,126.0635,123.1097,122.3315,120.2165,116.1809,116.0000,112.9292,110.8873,104.8093,104.4845,100.2098,97.9439,95.1893,90.8240,89.8999,87.7269,86.6833,85.6154,0.0000,0.0000,0.0000,0.0000,0.0000,0.0000,0.0000,0.0000,0.0000,0.0000,0.0000,0.0000
1700000003.150000,-62.3,98.9949,96.4210,107.2986,105.3043,107.0187,104.0048,105.0048,107.0047,110.1136,111.3643,113.3578,114.9826,116.1077,116.1077,112.1472,115.9741,116.1034,114.5862,115.5206,116.4989,117.4777,116.9273,114.0044,120.2082,121.2972,115.8016,120.2082,121.5648,125.2837,125.9603,122.2620,121.5113,121.2765,120.6192,120.4159,116.5590,116.5590,114.5862,115.9741,107.2287,105.1190,101.0792,103.0000,98.0051,96.2549,90.2718,89.2693,85.1587,87.8635,85.1469,81.2711,77.6209,0.0000,0.0000,0.0000,0.0000,0.0000,0.0000,0.0000,0.0000,0.0000,0.0000,0.0000,0.0000
1700000003.200000,-65.1,103.0000,105.0190,107.3778,108.5587,111.6468,108.0463,108.6738,112.9690,110.2180,110.8558,114.5600,120.5031,121.4331,120.4865,119.8708,121.4907,119.0378,119.7748,117.3882,122.1024,120.4201,121.6717,120.7684,126.7636,123.6649,128.1288,129.6534,129.1395,127.0945,128.7983,122.1147,129.3754,130.6484,123.8911,125.7060,123.0041,121.1982,115.4513,117.6860,114.2366,109.7862,109.1100,106.2544,101.9215,101.2423,95.3415,94.7259,91.0824,88.8144,87.4643,84.0060,77.1038,0.0000,0.0000,0.0000,0.0000,0.0000,0.0000,0.0000,0.0000,0.0000,0.0000,0.0000,0.0000
1700000003.250000,-63.7,101.8234,101.1781,103.3925,104.7378,105.2616,106.2121,107.4151,109.6038,112.0580,114.3897,113.4416,113.8771,119.0798,119.4194,116.7262,119.9208,116.7776,117.6860,115.3170,118.8486,118.6802,118.6802,118.6802,122.3806,121.7580,121.4578,122.9715,125.5428,125.2837,127.1377,123.3288,124.7237,124.6194,123.6487,121.8401,122.5602,119.2309,116.7776,112.6987,112.2586,112.8716,103.8316,106.5505,99.3227,96.7988,93.0054,93.6002,88.8651,85.7963,84.1724,79.3095,77.4209,0.0000,0.0000,0.0000,0.0000,0.0000,0.0000,0.0000,0.0000,0.0000,0.0000,0.0000,0.0000
1700000003.300000,-64.3,100.2098,103.4070,103.4795,107.7126,109.7133,104.6518,108.2451,109.9864,111.3957,113.7014,116.9316,115.2562,117.6138,119.2015,116.8289,120.7394,120.6524,113.4416,116.4689,118.2074,115.4859,121.2023,117.6478,118.9664,123.8790,119.5073,122.5602,123.1666,123.3086,126.3171,121.7415,125.9246,122.1024,122.0901,121.7087,123.9435,119.5701,117.6605,113.4416,114.8564,108.4528,109.8590,103.4070,99.4887,95.9010,96.2601,94.9210,92.6337,91.3510,85.1469,82.6620,80.4550,0.0000,0.0000,0.0000,0.0000,0.0000,0.0000,0.0000,0.0000,0.0000,0.0000,0.0000,0.0000
1700000003.350000,-64.6,99.2975,102.9029,99.8098,109.4029,107.0047,111.0405,108.8531,110.4536,109.9864,112.6987,113.1459,117.5160,118.8697,117.5925,119.6035,117.2902,122.6132,112.9292,121.6059,119.6328,119.6328,120.2082,114.0395,120.7394,120.7394,123.1747,125.7179,125.9365,124.8679,124.3423,125.9246,128.1405,125.6702,123.2234,124.6315,120.4201,119.6328,117.2902,112.6099,115.3126,109.6038,108.9312,101.9117,99.9050,98.2344,97.2008,95.4411,91.0659,90.5538,86.4523,81.4371,81.5966,0.0000,0.0000,0.0000,0.0000,0.0000,0.0000,0.0000,0.0000,0.0000,0.0000,0.0000,0.0000
1700000003.400000,-61.4,102.4597,101.0198,106.6255,107.2241,103.7304,109.1100,107.2800,109.8954,111.4002,111.4002,111.6109,114.7563,119.9417,118.6971,116.8418,116.5204,116.7262,114.4378,119.1050,117.0043,119.0168,119.0042,116.0000,125.0640,122.0656,120.2664,123.1016,125.4831,126.1943,126.2537,123.1016,126.0635,127.1928,122.0041,119.0000,122.0041,119.0168,117.2732,114.4378,113.5341,109.8954,108.5035,105.0762,101.6071,99.0404,93.8616,89.9889,89.1852,85.0706,85.0882,83.6481,78.8923,0.0000,0.0000,0.0000,0.0000,0.0000,0.0000,0.0000,0.0000,0.0000,0.0000,0.0000,0.0000
1700000003.450000,-62.4,98.0816,97.4166,99.6243,103.4650,102.1567,101.2373,102.4597,104.6566,106.0047,105.5888,107.9120,111.6468,110.9820,112.6055,112.3299,111.6065,111.6065,109.2016,111.0405,112.9292,111.6647,114.7693,109.8772,111.7587,116.0000,115.2779,118.8697,120.2165,120.9339,118.1397,118.0890,118.7939,118.9286,117.5160,116.2755,112.8051,112.1606,111.6065,108.8118,107.2007,100.9554,100.9554,98.4784,93.2952,92.6607,88.5494,88.5664,86.4060,82.2800,80.3243,78.8480,74.7329,0.0000,0.0000,0.0000,0.0000,0.0000,0.0000,0.0000,0.0000,0.0000,0.0000,0.0000,0.0000
1700000003.500000,-65.1,96.0833,100.3195,98.6154,101.7104,99.1413,101.1187,104.7378,106.7333,105.3233,104.8093,107.9676,109.7679,111.0721,109.1100,112.8938,109.3846,112.1606,107.3359,110.9820,113.6354,110.9820,108.6738,108.2266,114.6124,112.0045,116.7647,116.9701,112.8716,116.1077,118.7013,118.7013,118.5960,117.6180,115.3950,115.4513,112.5389,114.2366,110.1363,104.0625,105.3043,100.9604,101.9215,100.8960,94.1116,92.3959,85.3288,86.7006,84.3801,79.1581,80.0062,76.1052,74.4312,0.0000,0.0000,0.0000,0.0000,0.0000,0.0000,0.0000,0.0000,0.0000,0.0000,0.0000,0.0000
1700000003.550000,-61.7,98.6560,98.2700,103.9471,100.9752,103.6967,103.5857,103.2376,103.0194,108.0185,108.0046,111.0045,111.0045,115.0174,114.1096,113.1106,117.5160,110.6526,111.6468,112.1472,115.1173,115.1173,114.9348,109.6586,113.7805,116.1034,113.7805,115.7325,121.5113,118.6002,122.2620,116.7090,123.3572,123.3572,116.5590,119.3650,118.6086,111.3643,110.2905,110.0727,107.0187,107.0047,103.0049,103.0194,96.1301,90.2718,91.3510,89.1067,85.3288,86.1220,83.6780,77.4919,74.2496,0.0000,0.0000,0.0000,0.0000,0.0000,0.0000,0.0000,0.0000,0.0000,0.0000,0.0000,0.0000
1700000003.600000,-62.5,102.7862,104.6948,106.4800,109.3846,109.1421,106.0990,108.4666,110.4762,111.8034,113.5341,114.4378,117.1068,117.0171,117.0043,119.1050,122.0041,119.0000,116.0043,117.0684,117.0043,119.0042,120.2040,117.4266,120.3536,122.9187,119.9417,125.7816,126.8897,127.1417,126.8897,122.6907,126.3962,126.1943,125.0640,123.0041,122.0164,116.0172,117.0000,116.0043,113.2166,107.5639,106.5692,103.9471,98.1529,96.3172,90.9560,93.9628,89.1852,88.2327,83.4865,82.3468,78.8923,0.0000,0.0000,0.0000,0.0000,0.0000,0.0000,0.0000,0.0000,0.0000,0.0000,0.0000,0.0000
1700000003.650000,-59.0,104.6900,103.5857,102.5914,106.0660,107.0794,107.2800,103.1601,109.8818,113.5077,109.7315,114.4902,115.8792,117.0000,114.9478,115.1694,116.2454,114.6342,115.4513,117.2391,117.1708,116.2755,116.7262,116.7647,119.0378,118.5116,122.1147,122.4500,121.2642,124.0202,122.9675,122.1147,126.7636,124.8239,120.3038,120.3038,120.3038,121.6717,117.1708,117.2732,111.2340,108.1573,108.8118,102.2008,100.4241,96.3172,91.2414,92.3959,90.7965,88.2780,84.1487,81.0000,80.3057,0.0000,0.0000,0.0000,0.0000,0.0000,0.0000,0.0000,0.0000,0.0000,0.0000,0.0000,0.0000
1700000003.700000,-63.4,95.5092,98.0816,98.9545,102.8397,99.2472,102.7716,102.1078,101.7104,104.5801,103.3102,108.2959,110.1136,110.0727,110.0045,113.0000,110.0727,114.1096,107.2287,111.3643,110.5486,111.3643,110.8873,107.9120,112.4500,112.4500,115.9181,117.4777,115.5206,119.0504,117.6860,115.9181,116.9017,119.8541,115.1173,115.9741,111.5437,111.5437,107.2287,105.0190,108.0741,101.0050,103.0000,97.0824,94.0851,90.2718,86.4697,87.6926,84.3445,81.0247,76.9220,76.2168,73.0069,0.0000,0.0000,0.0000,0.0000,0.0000,0.0000,0.0000,0.0000,0.0000,0.0000,0.0000,0.0000
1700000003.750000,-60.9,100.7224,103.3538,105.1190,109.1284,107.0187,110.5712,110.1363,112.2720,111.9464,111.9464,116.0905,116.6919,116.9145,119.8165,118.1397,120.8387,121.2023,116.2970,117.2391,119.9417,121.3425,121.1982,116.8418,120.7021,123.9113,122.2007,125.2557,127.3931,126.4792,126.3962,123.6851,126.7754,126.8897,124.7798,123.6285,124.3382,118.8781,115.9526,114.2847,114.7258,111.3194,110.3857,103.4650,104.4031,98.0867,96.6075,94.3663,91.7061,88.7525,83.4865,82.3286,82.7345,0.0000,0.0000,0.0000,0.0000,0.0000,0.0000,0.0000,0.0000,0.0000,0.0000,0.0000,0.0000
1700000003.800000,-64.0,103.6967,101.7104,105.0762,108.1157,110.0045,105.0048,110.1136,110.2905,110.1136,113.6354,115.5249,118.0890,116.4002,116.4002,116.1034,117.9025,116.7090,116.7090,112.6410,115.4340,118.6802,117.6520,119.2183,117.0470,118.6802,120.5529,124.0846,129.2440,123.6932,129.2440,120.9049,122.5602,124.6515,123.0163,123.0163,123.0813,118.4061,116.7090,116.9273,112.1784,106.7052,104.2353,105.0762,98.6154,97.6217,93.1343,93.0215,93.0000,90.1388,84.3801,82.2010,81.2527,0.0000,0.0000,0.0000,0.0000,0.0000,0.0000,0.0000,0.0000,0.0000,0.0000,0.0000,0.0000
1700000003.850000,-61.5,111.4630,108.3420,113.7453,113.8640,114.7388,111.2205,119.0672,116.0043,119.0000,122.1024,123.0650,123.1990,126.4792,127.4755,126.7754,128.2692,126.7517,127.7380,124.7397,127.6754,125.3994,128.5496,117.1537,130.5067,130.5067,130.0807,129.9731,133.1503,130.2920,133.1353,130.9427,132.8533,131.8977,131.4724,126.6057,130.4952,129.8384,124.7397,121.8236,118.2286,117.5160,109.7725,114.2804,106.0754,106.1179,100.0050,98.0816,95.1315,91.3510,89.1067,86.3481,82.2800,0.0000,0.0000,0.0000,0.0000,0.0000,0.0000,0.0000,0.0000,0.0000,0.0000,0.0000,0.0000
1700000003.900000,-61.2,109.1100,110.0545,112.2943,112.2943,112.9690,112.5877,115.7411,116.9658,118.2286,120.5031,123.1787,125.4831,125.2557,122.1024,123.0650,127.0039,125.0040,126.0159,126.0635,127.0984,126.0992,127.6636,127.3931,125.7816,127.4755,127.7693,124.9040,124.9040,122.3315,121.8072,124.9040,124.7878,123.2599,127.1928,127.0984,124.1008,127.0000,122.0656,120.2664,117.2732,119.5073,114.4378,112.2943,107.0561,102.5914,100.2247,97.8008,98.6712,93.3006,90.8020,88.1022,83.3547,0.0000,0.0000,0.0000,0.0000,0.0000,0.0000,0.0000,0.0000,0.0000,0.0000,0.0000,0.0000
1700000003.950000,-59.4,104.2929,107.2007,107.8703,112.4500,105.3803,110.3177,107.2986,111.2205,111.1126,110.1136,114.0702,119.0000,117.0171,120.0167,122.0164,119.5073,117.7200,116.5204,121.1982,123.6285,120.6690,121.2023,118.8697,122.0246,124.1491,119.4362,130.2498,127.3499,126.3843,125.6344,128.5496,129.2826,130.2690,125.7179,123.7942,120.8387,120.9339,114.7388,114.4378,114.4378,109.0183,110.1136,107.0187,100.0050,97.0824,94.2603,93.1343,94.0479,85.9884,86.3481,87.3613,80.7775,0.0000,0.0000,0.0000,0.0000,0.0000,0.0000,0.0000,0.0000,0.0000,0.0000,0.0000,0.0000
1700000004.000000,-61.7,107.5639,108.7060,107.4477,109.8089,112.4144,110.4355,114.8260,114.8260,116.6190,119.5701,119.4738,118.1059,121.6717,120.8305,121.6717,121.7415,122.0041,119.7748,120.4865,121.4907,122.9309,123.6487,123.3288,125.4193,126.1269,124.1934,128.8449,129.0310,128.3160,131.9394,128.8449,132.5632,133.1503,128.4134,124.6515,126.2894,118.8486,120.0167,118.5960,114.9652,111.8034,110.0182,107.9120,104.3072,99.5691,97.0824,96.2133,91.2140,90.7855,87.7269,84.2199,80.4301,0.0000,0.0000,0.0000,0.0000,0.0000,0.0000,0.0000,0.0000,0.0000,0.0000,0.0000,0.0000
1700000004.050000,-60.5,102.6158,101.0445,108.3744,108.2451,111.7229,101.8627,106.7942,104.0625,110.5351,111.0405,114.3372,115.2562,117.6138,114.8564,116.4989,121.4949,115.9655,117.0684,114.1271,118.1186,115.1043,117.2391,117.6478,119.0126,121.6717,119.4069,123.1666,125.2996,123.6932,124.0846,121.6717,125.6742,127.0118,124.7798,121.6553,122.1147,118.1905,115.3776,114.9087,110.6797,108.4066,101.0445,106.8270,99.1564,97.1854,93.4345,91.2414,89.1964,89.2749,82.4621,79.6116,79.7559,0.0000,0.0000,0.0000,0.0000,0.0000,0.0000,0.0000,0.0000,0.0000,0.0000,0.0000,0.0000
1700000004.100000,-62.6,98.3717,102.8397,100.4390,102.8397,102.5914,105.5462,104.9381,105.9292,107.6708,111.2879,113.2166,110.0727,113.0708,115.0174,117.0171,117.0043,117.0171,111.0180,120.2664,115.2779,115.3516,117.5160,113.6354,116.4002,118.8276,119.3650,118.0890,122.0533,125.0280,122.4827,124.9040,122.8007,124.4869,121.2642,118.0678,118.1059,115.0043,115.0174,110.0182,108.2266,105.5746,103.6967,100.6032,95.1893,95.9010,89.7385,91.4822,86.4002,85.0941,84.8646,79.6492,77.5242,0.0000,0.0000,0.0000,0.0000,0.0000,0.0000,0.0000,0.0000,0.0000,0.0000,0.0000,0.0000
1700000004.150000,-60.2,101.2373,103.3151,101.3903,107.9120,102.7862,107.8564,103.0922,107.0047,107.2007,109.2383,110.8558,113.5650,112.9690,115.1173,119.3650,111.1575,117.9576,108.9036,117.3456,118.1059,117.3456,117.0684,110.0727,118.0000,122.0656,120.0042,125.0040,121.0041,125.0000,115.0043,128.0156,125.0160,124.1008,120.2040,118.3427,113.6354,113.8640,115.1173,111.1575,115.1217,100.2247,108.1712,99.2018,98.0816,95.5092,86.7295,90.2497,87.7269,83.1865,85.0882,81.2711,75.6042,0.0000,0.0000,0.0000,0.0000,0.0000,0.0000,0.0000,0.0000,0.0000,0.0000,0.0000,0.0000
1700000004.200000,-60.4,99.0454,102.6158,100.1249,105.6456,106.4049,99.8248,104.6900,104.6900,107.5639,108.7060,112.1606,112.1606,115.8836,115.2562,112.2007,114.6211,112.4144,112.4144,114.3897,114.9087,113.5341,117.6605,109.4166,116.7647,119.0000,116.7647,117.6180,116.2970,124.3262,120.3079,121.6553,119.0000,122.1188,123.5476,117.6605,115.6633,115.3776,110.0000,107.2007,106.6068,105.1190,102.0686,101.1781,96.2081,96.1769,87.7269,89.2749,89.4986,84.6286,83.7616,83.3547,78.3901,0.0000,0.0000,0.0000,0.0000,0.0000,0.0000,0.0000,0.0000,0.0000,0.0000,0.0000,0.0000
1700000004.250000,-60.9,99.2975,101.1187,106.3015,109.2383,108.1712,104.1201,105.9481,108.7842,107.2241,113.5473,113.5473,113.3181,114.6342,114.5426,117.1708,115.3820,114.0614,116.7262,113.5341,115.1043,116.1077,118.5116,116.6190,117.8898,119.8165,114.8260,122.2007,123.2234,124.0363,123.8103,117.0470,122.8739,123.1747,124.6796,120.0667,123.5476,117.4777,114.4945,110.9820,107.8378,107.7033,101.7693,104.4031,97.1236,95.2103,91.2140,94.1116,91.2414,87.4757,84.3801,79.0063,77.1038,0.0000,0.0000,0.0000,0.0000,0.0000,0.0000,0.0000,0.0000,0.0000,0.0000,0.0000,0.0000
1700000004.300000,-65.2,96.5660,101.3903,96.1769,100.8464,96.6075,100.6479,104.4462,104.4462,104.9571,98.2293,108.4528,106.5270,107.2007,112.1606,109.8590,108.4666,113.4548,107.9352,109.6221,106.8878,110.3449,110.3087,109.2245,118.1059,107.4802,108.2451,121.7539,109.2245,126.7320,115.3646,113.1371,119.5199,118.8024,118.1059,112.5389,108.2081,108.2451,103.5857,112.0045,103.4070,96.8298,102.3426,97.9439,92.2822,90.9175,84.9706,86.3539,86.0058,78.7718,78.7718,73.9797,73.5459,0.0000,0.0000,0.0000,0.0000,0.0000,0.0000,0.0000,0.0000,0.0000,0.0000,0.0000,0.0000
1700000004.350000,-62.4,98.6002,100.6876,101.8725,105.6882,104.9571,101.3558,104.6518,107.8378,110.9234,108.8531,110.9820,114.5862,114.9478,113.8859,112.7209,117.0470,113.6002,113.2254,117.9025,114.2366,114.2366,114.5426,113.5650,117.7115,119.8541,117.7115,120.2082,123.4706,120.0708,119.2183,120.6690,121.0620,123.7942,120.8305,117.4777,119.1008,116.2110,114.1622,106.6068,109.4806,107.3359,101.7693,101.0198,98.0867,91.2853,90.8020,89.4707,87.4643,84.0536,80.6040,79.9812,77.7946,0.0000,0.0000,0.0000,0.0000,0.0000,0.0000,0.0000,0.0000,0.0000,0.0000,0.0000,0.0000
1700000004.400000,-59.4,105.5888,109.6586,106.0236,108.2682,110.1363,106.2826,107.5639,106.7380,111.8258,113.0310,114.4771,117.9025,116.7090,120.0333,115.9181,117.3456,115.6244,115.8490,118.2074,118.0169,117.0171,118.0000,120.0167,121.0000,122.0164,120.0042,127.4755,127.2517,124.1008,125.1958,125.1958,124.1974,124.1974,124.0040,122.0164,118.0678,118.3427,117.5160,113.6354,114.6298,109.0367,108.9036,102.2595,98.1529,95.9010,93.1451,94.2550,91.3947,89.5377,83.7735,82.2982,81.3019,0.0000,0.0000,0.0000,0.0000,0.0000,0.0000,0.0000,0.0000,0.0000,0.0000,0.0000,0.0000
1700000004.450000,-62.3,102.4500,101.3163,104.8904,101.9117,104.0048,101.1187,106.1508,106.2168,106.9626,108.8531,109.6358,112.8007,113.0044,113.4637,113.4637,118.1905,113.7409,116.2110,111.6468,115.4859,112.5078,115.4859,114.5295,115.3950,118.5960,117.6860,121.2023,120.7684,121.6429,122.5765,116.7262,121.6429,123.9435,122.1884,118.3385,120.4409,115.1043,114.8260,109.5536,109.6221,109.0413,99.8098,104.3504,95.6713,93.3488,92.6553,91.3510,90.0278,88.0909,84.6286,82.9277,77.4145,0.0000,0.0000,0.0000,0.0000,0.0000,0.0000,0.0000,0.0000,0.0000,0.0000,0.0000,0.0000
1700000004.500000,-64.1,101.4002,105.6835,104.5610,105.2236,107.7079,107.2800,110.8558,109.4806,114.2847,111.6647,113.5473,115.3170,115.3170,116.4689,116.4689,116.2970,117.6860,116.2970,117.4777,116.7647,115.0043,120.4409,115.1043,119.8165,122.3315,125.3635,123.9758,125.3635,126.4911,122.3193,122.3193,126.1943,125.7179,123.6649,126.2696,122.1188,120.7684,116.7647,112.6987,112.4011,108.6324,110.4943,104.0625,100.2846,97.5295,94.1116,95.3415,89.2693,90.7965,86.4697,86.1452,80.0062,0.0000,0.0000,0.0000,0.0000,0.0000,0.0000,0.0000,0.0000,0.0000,0.0000,0.0000,0.0000
1700000004.550000,-66.0,104.5610,99.2975,105.9292,107.3778,107.2986,103.2376,105.0048,108.0046,108.0185,111.0000,111.0180,115.3516,114.5295,113.8640,114.6298,118.5327,112.9690,113.8640,115.5206,116.1034,116.1034,119.1050,117.1751,118.1397,119.6411,116.3873,123.9677,126.8267,125.8730,123.9677,122.4132,126.2418,124.1934,124.1934,120.5405,117.9025,116.7090,114.5862,111.8794,110.6526,108.5587,101.7104,104.3072,97.1288,91.0879,91.0055,93.0215,88.3629,86.7006,83.7257,82.0000,77.7946,0.0000,0.0000,0.0000,0.0000,0.0000,0.0000,0.0000,0.0000,0.0000,0.0000,0.0000,0.0000
1700000004.600000,-62.3,99.9600,99.4032,100.2247,103.3683,102.4207,101.9657,103.9423,102.7278,103.9423,107.9120,109.5536,109.8590,111.6065,111.8258,110.4219,114.2147,111.9464,111.9464,112.4856,112.4500,110.3177,114.5513,111.7229,116.1809,118.8697,116.9316,118.4441,122.1475,119.8541,119.2057,117.4138,120.2830,121.6306,115.9655,117.3882,117.3882,113.1724,112.9292,107.1681,107.1681,103.4070,102.8008,101.0198,92.1141,92.6499,89.4707,88.5889,86.3134,84.6936,82.2800,80.3617,73.2462,0.0000,0.0000,0.0000,0.0000,0.0000,0.0000,0.0000,0.0000,0.0000,0.0000,0.0000,0.0000
1700000004.650000,-63.1,98.0816,97.4166,98.9545,102.8397,102.3914,102.5914,105.2236,105.9292,104.6900,104.3072,110.2905,108.1157,113.0044,111.0180,111.0045,115.0695,110.2905,111.1126,108.5587,111.3643,111.5437,113.9912,112.1472,114.5862,115.1173,116.9017,120.4159,113.5650,119.4362,119.4362,116.4002,118.8697,117.0854,114.9826,115.6244,113.3578,113.5341,111.0721,105.0190,105.0048,103.0194,103.0049,98.1275,97.1288,94.1329,86.4697,88.8144,85.3288,83.6780,80.0812,77.4919,76.5572,0.0000,0.0000,0.0000,0.0000,0.0000,0.0000,0.0000,0.0000,0.0000,0.0000,0.0000,0.0000
1700000004.700000,-63.8,102.6499,103.2279,106.0189,109.8590,109.9318,106.0000,108.9082,109.1787,111.4136,111.8258,114.9652,116.0776,116.0776,118.6802,120.5529,120.1665,120.1665,115.4340,117.4436,119.6411,116.3873,118.4061,114.7258,122.0000,120.6192,120.8305,126.4951,129.4372,127.2831,122.9837,124.7397,127.3460,129.2826,124.4548,120.5031,121.4331,120.4865,117.7455,114.8260,111.4271,107.8378,108.2589,102.9563,101.5185,96.3846,92.9624,92.6553,91.0220,89.4986,86.5563,80.6102,79.6492,0.0000,0.0000,0.0000,0.0000,0.0000,0.0000,0.0000,0.0000,0.0000,0.0000,0.0000,0.0000
1700000004.750000,-64.2,100.9604,102.1812,104.0625,105.3043,106.9766,103.6195,106.4519,108.2266,110.9234,111.4136,113.3711,117.4777,117.6605,115.1217,114.0570,115.8016,115.4340,114.6211,114.8085,115.8836,118.2286,118.8486,112.8051,117.4564,119.6035,120.4159,118.1397,120.9669,123.0366,121.6553,121.0826,126.9055,123.1666,122.7884,119.6328,119.6328,120.0000,115.4340,110.4355,111.2520,103.4650,107.0420,103.8316,100.6231,95.7079,89.8999,87.4643,93.0484,87.9318,86.6833,80.6040,79.5110,0.0000,0.0000,0.0000,0.0000,0.0000,0.0000,0.0000,0.0000,0.0000,0.0000,0.0000,0.0000
1700000004.800000,-60.6,99.2975,101.1187,100.3195,101.4002,102.1225,104.1729,104.0000,102.0000,107.0047,107.1681,107.2986,112.6410,112.7519,109.7725,109.0367,109.6586,114.7563,111.0045,114.9783,111.3239,108.6692,111.5706,111.0856,114.4902,115.1086,116.3873,119.2686,115.4340,118.3300,118.5960,119.2183,119.2686,118.2709,117.4436,117.4436,118.1271,114.9783,112.9690,110.0227,106.5129,101.7104,102.1078,100.4988,97.3293,91.1373,89.0225,86.0058,86.0930,83.2166,82.8734,79.6241,77.8845,0.0000,0.0000,0.0000,0.0000,0.0000,0.0000,0.0000,0.0000,0.0000,0.0000,0.0000,0.0000
1700000004.850000,-63.7,99.8499,102.8834,106.0236,104.6518,108.4620,109.3846,106.2826,107.9120,115.7411,110.0636,114.7258,116.6619,118.3596,117.6860,118.3596,118.5327,115.5725,115.1173,117.9576,116.4002,117.9576,120.9339,115.3516,121.2023,122.0656,122.1024,122.2007,125.0640,128.0156,125.1000,121.2642,128.3160,125.7816,123.0447,123.3207,121.4949,119.0798,115.1217,112.9690,113.5077,107.9676,107.7033,104.2929,98.0306,96.9330,94.4299,94.3663,89.4427,88.1930,84.2199,83.0060,80.6598,0.0000,0.0000,0.0000,0.0000,0.0000,0.0000,0.0000,0.0000,0.0000,0.0000,0.0000,0.0000
1700000004.900000,-61.6,103.7545,101.0742,107.4244,108.5587,108.5587,102.9272,107.6476,108.1665,110.0000,111.0405,112.8051,118.2582,115.4340,117.4564,116.1809,117.3797,113.8464,116.6919,115.5206,117.4564,117.4564,120.5073,122.0246,120.8015,120.6027,118.8108,119.8541,126.2458,123.2234,128.4562,121.2106,123.8467,124.9640,123.4342,118.2582,123.4342,118.9286,115.3126,115.9741,111.0721,109.8772,103.3925,105.1190,98.8585,95.2103,91.0220,94.6678,91.2688,89.4707,85.8662,81.3449,76.9220,0.0000,0.0000,0.0000,0.0000,0.0000,0.0000,0.0000,0.0000,0.0000,0.0000,0.0000,0.0000
1700000004.950000,-59.4,101.7104,104.3072,107.0187,111.1126,110.0000,111.0045,110.2905,111.3643,110.2905,111.6468,117.8346,116.1077,118.3765,116.4002,121.8236,116.7090,118.6002,120.3038,117.4436,119.3692,119.1050,123.3694,118.4061,120.8139,124.3101,121.1156,123.8588,128.0820,128.1600,124.6515,128.0820,126.4911,127.1299,126.3843,124.9080,121.2765,119.8541,119.4362,116.4002,111.8794,112.0089,108.9036,107.5639,101.2423,98.0204,96.0052,93.2631,90.4489,91.4440,87.1321,81.2527,76.8440,0.0000,0.0000,0.0000,0.0000,0.0000,0.0000,0.0000,0.0000,0.0000,0.0000,0.0000,0.0000
1700000005.000000,-62.0,105.0000,104.4845,108.3744,104.8904,109.7133,103.9471,108.9771,110.3449,112.5389,113.4548,115.5206,115.2562,118.8108,118.2244,118.2244,116.2110,118.1524,118.1524,119.2015,119.2015,121.0785,119.5701,119.5701,126.1150,121.6553,120.3038,123.8790,129.7112,128.4445,128.3511,121.1982,124.3262,127.1417,122.6744,123.6649,122.4500,118.1905,119.8541,117.0684,111.0405,109.0183,107.2007,108.3744,97.6729,99.7246,90.5097,93.5094,89.9389,87.8009,85.4459,80.6226,78.2624,0.0000,0.0000,0.0000,0.0000,0.0000,0.0000,0.0000,0.0000,0.0000,0.0000,0.0000,0.0000
1700000005.050000,-62.6,98.1275,100.0200,104.0192,107.0047,104.3072,104.2353,104.6900,106.0660,110.0227,107.0794,110.6345,110.8558,117.3882,112.3610,115.2476,112.5789,114.4902,112.8938,116.2454,114.6342,114.6342,118.5960,111.2340,120.3038,118.1059,121.1982,122.6744,121.6553,122.1188,122.1188,123.4342,127.4755,124.8119,120.8305,119.0126,117.3882,116.0776,112.3610,110.0545,111.0000,106.2544,102.2008,101.9215,98.9545,94.9210,88.2836,89.1067,88.4590,84.1487,87.0000,76.0066,76.5310,0.0000,0.0000,0.0000,0.0000,0.0000,0.0000,0.0000,0.0000,0.0000,0.0000,0.0000,0.0000
1700000005.100000,-60.9,102.1812,97.1442,104.6948,103.8460,106.6068,102.8397,106.2121,108.8531,109.6586,110.1681,108.7796,111.4495,113.3578,112.1115,111.3643,119.0000,113.0044,115.0043,109.1146,113.0177,113.0177,115.1086,118.1524,116.3486,115.2779,116.9658,116.7262,123.1787,121.0620,126.8897,122.5887,119.6035,123.4058,119.2686,120.1041,123.0650,120.0167,111.0180,108.1157,105.3043,107.4663,101.4938,105.6835,96.8762,95.3520,86.6833,89.4986,88.8876,87.3155,80.6226,79.6241,76.5376,0.0000,0.0000,0.0000,0.0000,0.0000,0.0000,0.0000,0.0000,0.0000,0.0000,0.0000,0.0000
1700000005.150000,-60.9,91.5915,94.9210,96.0469,97.5295,97.1236,100.0000,98.3514,99.0202,101.0198,99.0051,103.3683,106.4519,107.7822,105.1190,106.4706,106.5505,111.1395,104.9571,106.7802,108.1665,107.3359,107.8981,106.2544,109.6358,109.8089,109.0183,112.9292,111.5213,116.5161,111.5213,112.8007,113.4063,113.6002,109.8590,111.2205,107.3359,108.4528,104.9571,101.3558,102.9563,96.1509,98.4124,91.7061,89.1572,89.6939,83.4865,84.1190,80.5233,76.9025,75.7100,74.4312,71.1126,0.0000,0.0000,0.0000,0.0000,0.0000,0.0000,0.0000,0.0000,0.0000,0.0000,0.0000,0.0000
1700000005.200000,-62.2,98.8433,97.5295,100.9604,103.1213,106.8925,101.5135,106.1037,102.4597,104.6518,109.1238,109.5673,109.1284,110.0591,108.9082,109.4166,114.2804,108.2266,110.1136,112.4144,113.7014,111.0405,113.5694,113.4063,117.7964,118.4441,111.9464,118.1397,119.6035,116.6919,120.2414,119.7539,121.0826,119.2057,116.9316,116.0388,116.4002,116.4989,113.2078,108.1665,102.6255,102.2155,97.7548,103.3538,93.4773,91.2414,87.3212,88.2383,86.1626,83.8153,80.6040,77.7817,73.4370,0.0000,0.0000,0.0000,0.0000,0.0000,0.0000,0.0000,0.0000,0.0000,0.0000,0.0000,0.0000
1700000005.250000,-61.7,100.1249,104.3072,103.5857,103.9471,109.0367,106.0660,109.6586,106.9626,109.2383,110.1136,111.4002,113.8420,113.8420,113.5473,111.0000,117.7455,117.0000,115.3170,115.8706,117.2732,115.3950,117.1708,117.1708,117.7200,118.1186,119.4738,120.0667,125.0320,120.9339,124.1692,118.5960,123.8911,123.0041,120.7684,120.4201,120.9339,116.4689,114.2322,113.8859,110.0545,108.5219,104.2929,104.0481,99.4585,95.3415,88.1192,93.7710,88.1419,87.0919,83.0000,80.0062,77.4145,0.0000,0.0000,0.0000,0.0000,0.0000,0.0000,0.0000,0.0000,0.0000,0.0000,0.0000,0.0000
1700000005.300000,-62.8,100.3444,103.7738,103.1746,106.5317,106.0189,106.8316,105.6030,109.2016,109.3435,113.2166,111.1980,111.7587,115.2779,114.5862,116.7776,118.1905,114.9783,116.1809,115.8836,118.4061,120.1041,116.0388,115.2562,120.6524,118.7266,117.3243,123.9758,123.1747,123.9758,122.3315,124.5552,128.4562,124.4026,119.0168,121.5113,118.5622,120.5073,114.7693,112.5389,111.0721,106.0754,106.1037,105.5509,99.8248,98.0816,92.6553,90.9725,88.8369,85.5862,80.1311,84.5813,76.5506,0.0000,0.0000,0.0000,0.0000,0.0000,0.0000,0.0000,0.0000,0.0000,0.0000,0.0000,0.0000
1700000005.350000,-60.9,100.1249,101.0198,102.0196,108.0000,104.0000,101.0792,105.1713,108.4620,106.6771,106.3673,110.8197,113.9517,112.1784,113.0310,114.7563,114.0175,111.5706,110.7249,116.0560,115.1086,115.1086,119.2183,110.7249,118.3089,117.9237,117.2007,121.6717,123.4828,122.5398,119.9208,121.0785,122.7721,120.3329,122.0041,120.5529,114.4902,114.7911,109.7679,111.8258,111.0856,107.2007,102.1812,99.0404,93.5575,92.7793,88.3629,88.2043,89.0898,85.0000,82.0061,81.4985,77.2787,0.0000,0.0000,0.0000,0.0000,0.0000,0.0000,0.0000,0.0000,0.0000,0.0000,0.0000,0.0000
1700000005.400000,-61.6,101.8332,102.9272,100.3444,104.4462,105.5888,105.5888,104.2161,104.2161,107.3546,104.5466,112.3610,111.0000,111.9732,110.0636,110.6797,111.6826,114.2847,107.7033,111.0856,114.4771,112.8051,110.2180,112.1784,112.4500,116.4002,116.4002,121.0620,116.1077,121.3425,115.5725,114.5862,122.9837,116.4989,115.7325,114.0044,111.8258,114.2847,108.8118,106.2544,106.2544,101.7693,99.4032,96.6644,94.4299,90.3549,87.7097,85.5862,86.0233,81.6088,79.8123,78.6448,74.2496,0.0000,0.0000,0.0000,0.0000,0.0000,0.0000,0.0000,0.0000,0.0000,0.0000,0.0000,0.0000
1700000005.450000,-62.7,98.1275,96.0833,104.4797,100.4988,105.8017,97.3242,104.1393,104.2929,105.5130,110.3540,108.4159,108.5219,109.4806,109.7315,106.8925,115.8792,109.9318,114.9478,109.7725,113.7189,110.9820,113.5958,116.2755,113.1768,118.1186,115.4123,113.5341,125.0320,118.3385,124.1692,115.4123,118.5960,119.8541,117.1708,115.8706,117.2732,110.6933,109.7315,113.2166,103.1213,108.8118,98.0816,101.9215,93.1719,91.9837,86.9770,89.8053,87.4643,85.0941,82.0000,78.1025,74.5453,0.0000,0.0000,0.0000,0.0000,0.0000,0.0000,0.0000,0.0000,0.0000,0.0000,0.0000,0.0000
1700000005.500000,-60.2,98.3514,96.8401,101.6514,104.2929,105.2616,104.5610,103.2473,105.2236,104.4797,108.6646,111.7587,109.1650,111.1620,108.0185,109.0183,116.0043,109.0183,111.0180,112.2853,113.4416,112.7519,113.7453,113.6354,116.1077,116.5590,114.2716,119.8541,118.2582,120.8387,120.4159,120.2206,121.8236,123.4706,119.0798,113.7453,115.4340,115.1564,113.0708,109.0183,107.0047,102.0049,98.0816,102.0784,97.1854,91.3510,89.8053,88.4590,87.4757,82.4621,81.3204,79.1202,71.5891,0.0000,0.0000,0.0000,0.0000,0.0000,0.0000,0.0000,0.0000,0.0000,0.0000,0.0000,0.0000
1700000005.550000,-58.4,96.2133,99.4032,98.2293,104.2929,102.6255,101.7890,102.9563,106.4706,107.7822,104.2161,110.0591,108.8531,110.0727,108.0787,116.2454,113.5473,111.3283,110.3676,110.6797,113.3225,113.0531,114.9826,111.1261,118.1271,116.9145,118.8781,118.4567,119.1008,121.8072,117.4777,118.3596,121.7539,120.8305,117.0470,117.4436,116.3873,117.3243,108.8485,110.3087,107.3359,104.2161,102.9563,99.7296,94.8947,93.5361,90.1388,89.3085,86.8389,82.4621,79.9812,78.5175,75.8222,0.0000,0.0000,0.0000,0.0000,0.0000,0.0000,0.0000,0.0000,0.0000,0.0000,0.0000,0.0000
1700000005.600000,-63.7,96.6075,96.8349,98.1835,101.0198,100.4988,100.4988,101.3558,105.5462,105.5462,102.4597,106.9299,109.9318,111.0721,107.8378,109.3846,113.8859,109.4166,106.6068,109.4806,107.7033,109.7679,112.3610,108.1712,113.7717,113.3578,114.9348,117.8855,117.7115,114.9348,120.5073,117.8855,117.2775,117.4777,116.4174,116.2110,113.3225,113.2254,105.6220,106.8925,106.2309,102.9563,102.0441,99.3177,91.6788,89.4707,83.8630,85.4400,84.8116,83.0060,78.1025,75.0733,75.0733,0.0000,0.0000,0.0000,0.0000,0.0000,0.0000,0.0000,0.0000,0.0000,0.0000,0.0000,0.0000
1700000005.650000,-58.7,98.4886,100.4390,101.9657,106.7052,103.9471,105.6835,104.5801,110.2225,108.2266,107.0747,111.0000,111.0180,117.1068,113.2828,115.1086,114.3547,113.6354,114.3547,114.9826,115.4123,113.9912,118.3765,111.6289,120.3038,116.9273,120.6192,124.4267,120.6192,124.1974,118.3596,122.5765,126.6965,123.4706,119.3650,119.3650,117.8346,115.9741,114.3547,110.3676,110.1136,105.0048,104.0048,101.0050,96.0208,96.2549,89.1067,91.0824,87.2983,85.5102,82.0061,79.6994,78.3901,0.0000,0.0000,0.0000,0.0000,0.0000,0.0000,0.0000,0.0000,0.0000,0.0000,0.0000,0.0000
1700000005.700000,-60.9,103.3247,105.9481,105.6220,108.5035,108.2682,104.5466,105.7024,106.0236,109.1284,110.5351,115.1043,117.1367,114.0570,115.4340,116.5032,116.0172,113.6002,114.2016,116.5161,116.5161,113.8508,119.0966,114.1096,120.9173,117.3797,120.2082,122.4296,122.3315,123.0691,123.0691,125.2078,125.1759,123.0691,123.0691,120.4159,119.8541,119.4738,113.8508,110.4219,108.6002,106.2544,106.2544,103.1746,96.8969,94.8947,89.8944,90.8735,89.9611,85.7963,83.5703,81.6088,79.6241,0.0000,0.0000,0.0000,0.0000,0.0000,0.0000,0.0000,0.0000,0.0000,0.0000,0.0000,0.0000
1700000005.750000,-58.9,98.2700,98.1529,97.7394,102.1078,102.4890,101.4938,101.1237,105.1713,107.0000,104.0048,109.0000,109.0734,109.0734,109.2932,107.2986,113.9912,109.7725,110.0273,108.6738,112.6144,112.2943,110.8197,112.7874,113.5650,113.5650,111.3239,121.2765,119.1050,116.4174,120.8305,113.9517,115.3170,119.8541,116.5590,114.2716,112.7519,113.3578,108.3744,104.1729,102.0784,105.0190,100.0050,98.0816,94.1329,90.1388,86.4697,86.9770,84.5281,81.2527,78.4474,76.8960,73.3553,0.0000,0.0000,0.0000,0.0000,0.0000,0.0000,0.0000,0.0000,0.0000,0.0000,0.0000,0.0000
1700000005.800000,-60.5,100.1699,97.0979,99.8499,98.9798,99.8499,97.9490,101.5185,103.3683,104.5466,107.9120,110.3857,105.9481,111.4002,112.2720,106.6068,112.0892,111.5706,110.3540,106.8878,111.4002,107.7079,112.6144,112.7874,115.7325,113.7453,113.0000,118.4230,118.9496,113.7453,118.7139,115.9741,119.0798,120.6690,114.9348,115.3170,111.0045,113.3578,108.4159,106.3203,105.9481,101.8430,97.4987,100.4639,92.8493,89.1572,84.9706,87.2066,85.4400,82.0975,78.2368,75.1665,74.2496,0.0000,0.0000,0.0000,0.0000,0.0000,0.0000,0.0000,0.0000,0.0000,0.0000,0.0000,0.0000
1700000005.850000,-64.3,94.8683,97.6524,96.8298,104.0192,98.7168,101.9804,101.3163,103.2473,103.9663,104.0048,107.6290,110.2588,107.9352,109.8089,112.0045,106.6068,114.2847,105.6835,109.0780,111.5168,109.9318,110.1363,105.3091,110.9820,114.9652,113.5958,120.7684,113.1592,121.2023,112.7298,116.3615,118.0720,120.4409,113.3711,113.5341,113.3711,111.6468,106.7802,105.4372,111.2520,100.8960,101.0445,98.5951,94.3663,89.9389,85.5628,88.4138,83.0963,80.4301,79.2023,76.2758,73.8241,0.0000,0.0000,0.0000,0.0000,0.0000,0.0000,0.0000,0.0000,0.0000,0.0000,0.0000,0.0000
1700000005.900000,-59.3,101.0198,100.7025,102.3426,105.1190,102.4158,99.2018,102.3035,105.4751,105.4751,103.9663,110.3449,110.3449,114.5862,113.8991,111.8034,111.0405,111.0405,110.2588,111.8302,112.2007,114.2016,115.3776,112.8938,116.5032,119.0378,116.6190,121.5936,118.3385,120.0667,121.5936,118.7266,122.1147,120.4159,116.7647,116.7647,116.0172,115.4210,112.1606,110.4536,106.2168,104.2353,101.1187,101.9117,95.4620,90.6863,88.7299,88.7299,86.2670,82.0975,83.6481,76.9220,76.8960,0.0000,0.0000,0.0000,0.0000,0.0000,0.0000,0.0000,0.0000,0.0000,0.0000,0.0000,0.0000
1700000005.950000,-59.4,100.1848,101.5972,101.5480,106.0000,103.1746,109.0413,107.2007,109.8089,108.2312,104.8904,111.1261,115.3646,113.1371,114.5600,114.5600,112.5389,114.1096,113.3578,114.4771,116.5161,117.0342,117.2902,112.0045,119.0378,119.2812,121.7580,122.3193,119.8541,124.0363,121.2023,124.4026,121.6059,122.4418,122.4418,117.9237,116.3873,116.5161,114.5600,110.3087,111.0180,104.0048,104.6900,97.0000,98.7168,98.6002,89.4036,89.8888,92.1141,83.3547,84.0773,78.7909,79.1202,0.0000,0.0000,0.0000,0.0000,0.0000,0.0000,0.0000,0.0000,0.0000,0.0000,0.0000,0.0000
1700000006.000000,-62.3,98.1835,100.0800,98.0204,104.0048,107.1168,100.1798,102.4890,104.8093,106.2121,105.3803,113.2828,110.8197,106.8878,108.6692,107.4477,115.2476,109.7679,110.6797,108.8485,112.0089,111.6647,112.1606,110.6933,115.8706,116.4689,114.9652,117.1836,119.0126,115.3950,120.3038,115.8706,122.5765,121.3343,116.4689,117.1751,115.7670,115.1086,110.3676,109.2016,105.3613,104.7855,98.9545,100.6628,92.5743,95.1893,87.8237,87.3670,86.0930,85.0059,80.1561,79.2275,74.6726,0.0000,0.0000,0.0000,0.0000,0.0000,0.0000,0.0000,0.0000,0.0000,0.0000,0.0000,0.0000
1700000006.050000,-61.6,101.1187,100.7174,104.3072,102.4890,108.2959,107.1168,107.0000,104.0048,107.0747,111.1126,108.1157,113.6354,115.6244,112.7519,110.1681,116.7262,112.9690,114.9348,112.0580,114.2366,112.0580,115.2476,114.4771,116.3873,116.4818,114.4814,118.2962,124.0403,118.2962,123.7619,119.3692,119.9208,123.6932,120.8305,117.9025,114.9348,113.7717,113.1371,111.4495,108.3744,105.3043,101.1781,104.1729,97.0000,96.0000,90.0222,90.4489,86.4697,87.2983,80.2808,78.5875,75.9605,0.0000,0.0000,0.0000,0.0000,0.0000,0.0000,0.0000,0.0000,0.0000,0.0000,0.0000,0.0000
1700000006.100000,-63.0,99.6243,97.6524,101.7890,106.5317,98.9798,101.2126,105.5462,104.2161,102.8834,109.2520,109.1238,109.0046,108.8485,108.5035,106.5692,113.8859,109.2016,108.8118,109.1421,112.5877,110.2180,109.4897,110.2180,114.4246,113.9517,111.0045,114.1271,117.7200,117.0983,117.8346,117.8346,117.2391,118.0890,113.4372,113.7717,111.6109,111.8258,108.2405,101.5332,103.8460,102.1421,98.3514,98.7927,93.9840,90.2497,84.6936,83.1865,83.1865,80.2621,79.3221,74.5185,73.5935,0.0000,0.0000,0.0000,0.0000,0.0000,0.0000,0.0000,0.0000,0.0000,0.0000,0.0000,0.0000
1700000006.150000,-63.7,97.0052,97.0206,98.1835,96.3328,97.5141,96.1873,100.9752,100.9752,102.1812,102.9612,106.3015,106.9626,105.2616,105.3613,106.3203,107.5174,108.5035,108.1665,109.9318,112.1606,107.7033,110.0727,106.2309,109.1787,112.2586,109.1284,113.1768,115.1043,115.1043,114.6124,114.0614,113.6002,111.8258,110.9820,117.0000,113.8464,111.7900,108.5035,102.1421,101.5332,101.1929,97.7190,96.5660,89.2861,87.8635,83.0241,85.4751,82.3893,80.0999,78.0064,78.1025,72.5603,0.0000,0.0000,0.0000,0.0000,0.0000,0.0000,0.0000,0.0000,0.0000,0.0000,0.0000,0.0000
1700000006.200000,-62.5,103.7304,108.2405,103.5857,114.2366,110.4219,107.0794,108.8531,109.1787,109.7725,111.4495,116.1551,115.0695,116.0689,118.0169,116.0689,116.0043,118.0678,115.0174,119.2686,120.4159,116.2755,119.7080,116.6190,119.0798,123.6285,121.4949,125.1319,121.6553,124.6154,121.3960,123.4706,125.6025,123.9113,120.9339,123.4058,118.4230,120.1041,115.0043,112.0714,112.0000,108.0185,107.1168,102.0784,98.7320,96.5194,89.8053,88.2950,89.4986,82.2253,83.5225,78.7718,76.0592,0.0000,0.0000,0.0000,0.0000,0.0000,0.0000,0.0000,0.0000,0.0000,0.0000,0.0000,0.0000
1700000006.250000,-59.7,105.0000,106.5082,108.5587,108.0463,111.5079,106.4706,111.8258,107.8378,112.4011,115.3170,116.2454,119.8708,115.1694,116.3873,119.2183,121.0372,116.6619,118.1397,117.3882,119.6411,116.6619,119.4362,117.0854,121.4949,122.3315,122.8088,125.0280,128.8759,124.9040,128.0039,122.4827,125.2996,126.3012,123.3572,123.7619,123.2234,121.5113,112.6410,115.7411,111.6647,110.7249,109.1100,105.4751,100.2247,100.6231,92.6121,96.3846,91.2688,88.4816,84.6286,82.4621,79.1960,0.0000,0.0000,0.0000,0.0000,0.0000,0.0000,0.0000,0.0000,0.0000,0.0000,0.0000,0.0000
1700000006.300000,-62.9,101.4002,101.4002,101.1187,105.0762,105.9056,108.3420,104.1393,107.4477,112.5389,106.3203,112.2720,113.5297,114.8260,110.6933,115.5206,117.3882,114.9652,112.2586,113.5958,116.2755,117.1708,118.1186,113.1768,118.1905,122.4500,119.5701,120.1083,122.6418,125.0960,122.0369,122.1147,121.4331,123.0650,118.5960,118.0720,114.4902,118.1059,114.5426,110.5712,108.4620,106.6255,103.1213,101.8430,96.5660,93.1451,91.9837,90.6090,90.2552,86.5794,83.3847,85.0059,76.1643,0.0000,0.0000,0.0000,0.0000,0.0000,0.0000,0.0000,0.0000,0.0000,0.0000,0.0000,0.0000
1700000006.350000,-62.7,97.9490,100.6231,104.2161,99.7447,106.1037,98.8989,102.1812,103.0922,105.9481,103.8460,106.3203,111.0856,113.5650,112.9690,110.4219,110.6436,108.6738,110.0273,112.0089,111.3643,109.7725,113.3578,109.3709,115.0695,116.1077,115.0695,118.0678,118.1059,120.0042,118.0042,116.1551,116.0689,118.3427,118.4230,115.9741,113.9912,112.2943,106.3673,109.6586,107.4895,103.3247,100.0000,101.9215,90.4434,91.0824,90.0777,86.9253,88.1022,81.4125,80.4550,76.4003,75.8222,0.0000,0.0000,0.0000,0.0000,0.0000,0.0000,0.0000,0.0000,0.0000,0.0000,0.0000,0.0000
1700000006.400000,-61.3,97.2677,95.3415,94.7259,99.4636,96.8762,97.4936,100.4042,100.1249,108.0741,101.0050,104.3072,106.1179,105.0048,106.0189,108.0185,106.3015,108.2959,105.1713,108.7796,108.4620,109.6586,106.7942,102.9563,109.4897,111.4630,109.4897,111.9866,113.4372,113.4372,110.8197,115.2606,111.1575,113.4372,110.7655,110.2905,105.3043,106.0754,105.0048,104.0048,101.0198,96.3328,94.3398,93.4345,88.4590,86.9770,83.0241,85.9069,80.0500,76.2430,77.1622,70.9366,69.8355,0.0000,0.0000,0.0000,0.0000,0.0000,0.0000,0.0000,0.0000,0.0000,0.0000,0.0000,0.0000
1700000006.450000,-62.7,101.7890,95.5249,104.4797,102.7035,104.3887,107.1168,105.0000,105.0000,104.0048,111.1126,112.1606,113.3578,111.7587,109.0367,109.1787,112.7874,110.6345,111.4002,110.1136,111.6109,111.0856,111.3239,112.5389,114.4902,115.1086,116.0905,117.3243,119.0378,115.8792,119.6161,117.9534,121.1156,120.2082,114.9826,117.4436,118.3596,116.4174,111.0045,108.3420,102.4207,105.9056,99.2975,97.5141,96.5194,93.1933,87.0000,85.0000,82.0244,83.3847,79.4040,76.6551,73.0069,0.0000,0.0000,0.0000,0.0000,0.0000,0.0000,0.0000,0.0000,0.0000,0.0000,0.0000,0.0000
1700000006.500000,-62.6,99.0051,99.0051,104.6900,103.2763,104.1393,102.6499,105.8915,106.4002,107.0047,110.6797,106.7802,114.5862,112.8716,113.3711,113.5341,114.5295,111.0180,113.6486,111.8258,114.0614,112.2586,115.4513,114.6342,119.6161,116.8118,117.1751,119.7748,123.3694,119.9708,121.6306,118.3089,122.2497,120.7684,119.1008,117.1836,119.0000,117.1708,111.0180,111.6468,107.3778,104.6231,103.0049,103.0049,94.2019,94.3663,88.4138,92.6553,88.4590,85.7030,80.1561,79.6304,75.2928,0.0000,0.0000,0.0000,0.0000,0.0000,0.0000,0.0000,0.0000,0.0000,0.0000,0.0000,0.0000
1700000006.550000,-62.3,99.8649,96.8298,101.2126,102.4500,99.7647,98.4937,102.5329,101.8234,106.0754,103.4795,107.1681,106.8270,111.8258,111.6065,110.2089,109.4029,112.6055,109.8362,112.5078,111.8928,111.8928,113.6486,107.9120,115.4513,115.3950,112.7298,117.9237,118.1863,118.4736,120.0167,116.7776,119.5073,117.1708,119.0126,118.0720,114.6124,111.8928,111.6468,109.4166,106.5317,102.0784,101.4002,99.6243,93.4077,92.4554,89.1964,89.1964,86.2670,82.8070,80.1561,79.6304,79.4040,0.0000,0.0000,0.0000,0.0000,0.0000,0.0000,0.0000,0.0000,0.0000,0.0000,0.0000,0.0000
1700000006.600000,-61.0,102.4597,102.5524,102.1812,104.7521,106.3203,105.9481,106.6068,104.5466,106.3203,107.4895,114.0044,111.4002,112.9690,112.7874,110.1681,115.4340,115.4340,108.6646,113.1592,115.2779,112.2853,115.0695,111.0721,113.0044,115.0000,115.0174,118.0042,118.0169,119.0168,119.0042,116.0043,123.0163,120.1041,118.1524,118.2709,115.4340,116.7262,113.1371,108.0463,105.3803,107.4895,104.1393,97.5295,92.8924,93.3006,86.9770,87.6641,85.0882,85.4927,84.5340,77.3886,74.0608,0.0000,0.0000,0.0000,0.0000,0.0000,0.0000,0.0000,0.0000,0.0000,0.0000,0.0000,0.0000
1700000006.650000,-65.3,95.5249,91.2414,99.3177,96.6644,100.7224,95.8541,99.7246,99.9600,101.1929,104.9952,104.4031,103.3247,107.7033,106.7333,104.7855,106.5317,103.4070,107.5174,101.7104,108.6646,106.2121,108.3744,106.4706,108.1157,109.2932,108.0741,110.0727,112.0045,109.0046,114.1096,105.1190,109.0734,113.2828,108.7796,108.7796,110.6526,106.7942,103.4070,99.2472,96.1041,99.2018,93.4077,96.4624,85.7030,84.7585,81.3449,82.2922,79.7057,83.1865,76.1577,71.0211,70.9366,0.0000,0.0000,0.0000,0.0000,0.0000,0.0000,0.0000,0.0000,0.0000,0.0000,0.0000,0.0000
1700000006.700000,-59.5,100.3195,100.7174,103.2473,105.2236,105.7213,102.9612,107.2007,107.4477,105.6504,107.5174,106.3203,110.3676,113.2166,111.0721,115.5206,113.3181,114.5426,114.5426,112.7298,116.2755,114.5426,113.6486,110.0182,114.6124,116.8461,116.9701,120.0667,119.5701,122.9675,118.3385,121.6553,119.4738,119.4069,119.5073,119.0126,115.8706,113.0885,113.5473,107.5174,106.6068,104.8093,103.5809,100.6628,92.9624,92.2280,87.9659,90.1998,87.2066,83.0000,85.0941,78.2304,76.6551,0.0000,0.0000,0.0000,0.0000,0.0000,0.0000,0.0000,0.0000,0.0000,0.0000,0.0000,0.0000
1700000006.750000,-61.5,97.5090,103.7690,99.4786,104.7091,104.8475,103.1746,103.1746,101.5135,105.4372,103.8557,109.3435,109.0413,110.4536,112.4500,112.4856,110.3087,111.0360,108.1897,109.7133,111.7587,112.4500,113.2784,112.0446,116.4002,114.0175,119.0168,120.6027,118.2286,120.8801,118.2286,117.7964,118.4441,117.6860,120.3412,117.3882,114.5600,111.8034,110.3087,106.8316,111.2879,99.6394,100.8960,98.2344,94.4034,93.4773,87.8180,89.5545,86.7698,84.1724,80.1124,77.2528,72.8011,0.0000,0.0000,0.0000,0.0000,0.0000,0.0000,0.0000,0.0000,0.0000,0.0000,0.0000,0.0000
1700000006.800000,-56.2,96.8762,101.9804,106.6677,100.8960,104.0192,99.8098,100.6876,101.8332,108.1665,109.0780,109.0780,111.1395,110.9414,111.3598,111.3598,110.5712,109.3846,110.0727,106.6208,111.7900,112.0089,111.6647,111.6647,114.1797,114.4814,113.2254,117.3414,120.3329,120.0708,117.3414,117.0470,117.0470,115.1086,117.0000,116.8118,116.4689,110.3087,109.1238,107.3546,103.7545,102.8834,102.4744,102.3963,92.1141,92.0869,90.4268,91.0494,87.3212,84.8646,79.1960,80.8084,73.2393,0.0000,0.0000,0.0000,0.0000,0.0000,0.0000,0.0000,0.0000,0.0000,0.0000,0.0000,0.0000
1700000006.850000,-62.9,100.8464,97.1700,102.8834,100.6231,105.5462,101.1187,102.3963,102.3963,108.4528,112.0580,110.2089,109.0183,112.6144,110.2588,109.2245,116.0431,109.6586,113.1724,108.2451,111.7229,112.4322,115.2779,115.5206,115.7454,115.7454,111.5213,114.2016,122.4418,116.5161,122.4418,114.1096,121.3796,118.3427,116.7776,117.5160,120.2414,113.8991,108.9036,109.1238,104.0048,106.5270,99.3579,104.2017,89.2020,90.4434,89.0449,87.3212,85.9593,88.1022,80.6226,80.9938,75.0000,0.0000,0.0000,0.0000,0.0000,0.0000,0.0000,0.0000,0.0000,0.0000,0.0000,0.0000,0.0000
1700000006.900000,-61.9,98.6154,102.4744,100.1798,104.2161,98.4124,103.7545,101.6366,102.8834,110.7249,105.6220,110.3676,110.0636,109.8954,111.0856,113.0531,111.6109,111.8034,106.5317,111.8034,107.8703,109.8362,111.4630,106.9205,113.2828,114.4378,114.4378,118.2709,113.2828,120.3370,114.2804,114.4378,117.6138,115.4123,114.2716,115.1217,110.8197,110.0227,107.9352,104.0481,100.4241,101.2423,100.2846,96.7678,94.5780,88.7694,82.7345,86.7698,85.8836,79.7559,78.4920,77.6660,75.0733,0.0000,0.0000,0.0000,0.0000,0.0000,0.0000,0.0000,0.0000,0.0000,0.0000,0.0000,0.0000
1700000006.950000,-57.3,102.3426,104.6231,100.8960,108.2312,102.6499,104.9952,105.4751,106.1508,106.0660,106.0754,111.8034,113.4548,112.9292,113.4063,113.8508,109.6221,113.0044,110.2089,115.6633,113.7189,112.0580,115.4340,109.9318,116.3615,118.5960,118.5960,121.6553,118.1186,122.1188,119.4738,124.4227,119.5701,121.5936,117.1367,119.2686,115.9353,114.2847,111.8302,109.8089,107.9352,103.5857,106.9626,98.4937,93.3488,92.6553,89.2749,89.4986,87.0057,86.2670,81.3019,82.4924,77.4726,0.0000,0.0000,0.0000,0.0000,0.0000,0.0000,0.0000,0.0000,0.0000,0.0000,0.0000,0.0000
1700000007.000000,-63.0,100.4988,95.1893,102.1078,103.4070,101.7890,97.4936,100.2247,103.5857,103.8123,106.3203,106.8925,108.8485,112.7209,109.0046,107.5639,114.6342,107.8378,107.8378,110.9820,108.2589,110.6933,111.8034,110.9414,111.6468,113.3711,114.0570,113.3711,116.9701,117.4777,118.3385,118.5960,119.4069,119.5073,116.2970,113.3181,113.1592,114.5426,108.0787,106.5692,102.1421,101.6514,101.3903,98.7168,91.9837,92.2280,86.4697,87.3670,85.0235,85.0235,80.0250,75.1665,74.5453,0.0000,0.0000,0.0000,0.0000,0.0000,0.0000,0.0000,0.0000,0.0000,0.0000,0.0000,0.0000
1700000007.050000,-59.7,107.2986,107.2287,111.8794,108.1897,108.6738,107.0794,109.2383,108.6692,110.1136,114.5600,115.7411,116.3787,117.0470,115.3170,114.2322,120.0167,115.4513,115.4513,117.6860,119.4069,119.8666,120.3079,119.4738,122.9675,124.1692,123.6649,126.2458,124.6796,126.2458,126.2458,123.5476,126.2696,127.1417,122.1188,121.6717,120.3038,121.7415,113.0885,117.3882,113.5473,110.0545,102.1421,103.0922,98.0816,95.9010,94.3663,92.2280,93.3435,86.2844,87.0919,84.0060,80.3990,0.0000,0.0000,0.0000,0.0000,0.0000,0.0000,0.0000,0.0000,0.0000,0.0000,0.0000,0.0000
1700000007.100000,-61.3,97.7190,97.4064,99.5389,101.2373,100.7224,98.8989,99.2824,100.2397,101.5972,101.0198,106.6771,104.3072,108.2266,107.0747,104.6231,108.4066,108.7060,106.4002,106.4049,109.7862,104.8046,111.0721,107.6290,110.3449,109.6038,116.0000,119.6035,112.4500,113.9517,112.4500,115.2606,112.4500,112.4500,111.0360,112.8051,112.0446,108.4066,104.4031,104.4031,105.4372,99.8599,97.0979,96.2549,91.7878,88.6848,84.1190,85.8662,81.4371,80.9938,76.9220,77.8781,73.6817,0.0000,0.0000,0.0000,0.0000,0.0000,0.0000,0.0000,0.0000,0.0000,0.0000,0.0000,0.0000
1700000007.150000,-63.3,98.5089,94.4299,102.1763,104.0769,102.0000,101.0050,105.1190,102.1225,105.3043,108.6646,106.7942,107.8703,113.2828,114.1403,107.3546,111.8302,111.0856,112.0580,111.8258,113.0310,113.5077,113.6002,109.7679,116.3787,116.0560,116.1077,115.4340,122.7029,119.8708,119.2183,117.7200,123.6649,120.6027,113.7585,114.9783,115.7325,111.8302,109.4897,107.3546,102.9563,106.4706,98.4124,100.1249,93.0215,92.0054,90.0056,88.3629,86.8332,84.8528,79.2465,76.6551,75.3923,0.0000,0.0000,0.0000,0.0000,0.0000,0.0000,0.0000,0.0000,0.0000,0.0000,0.0000,0.0000
1700000007.200000,-62.3,108.2451,103.3925,106.6677,107.0561,110.2588,108.0046,112.3299,107.6476,113.1592,114.3897,116.1077,117.2391,115.0043,116.7647,117.6478,119.0126,114.2366,113.3181,117.3882,117.6860,115.4513,116.2454,117.0470,121.1156,123.0163,123.3288,123.0163,127.2006,125.9603,126.9212,123.3288,130.2920,126.2894,123.6932,120.9339,123.6932,122.7721,118.9664,115.0043,111.4136,110.5351,107.0420,106.0000,102.6499,97.4166,92.8009,96.4261,88.5268,89.1067,85.7030,83.0963,77.4209,0.0000,0.0000,0.0000,0.0000,0.0000,0.0000,0.0000,0.0000,0.0000,0.0000,0.0000,0.0000
1700000007.250000,-63.2,99.4786,96.2549,100.8018,101.7890,102.8008,100.6032,104.4845,104.9952,106.1508,106.7942,106.1508,108.9036,108.9771,108.3005,106.8316,110.8873,109.4806,110.1136,110.0000,112.6455,110.2089,110.9414,110.2089,113.2078,112.0580,113.7409,113.0177,120.0667,114.9087,120.0667,117.6605,119.5701,118.5116,116.4989,113.2254,115.0000,111.8258,107.8147,109.7862,103.3247,103.3247,98.2904,97.5910,95.5249,92.0978,86.4523,91.2140,85.6037,82.3772,81.6333,80.5295,76.1577,0.0000,0.0000,0.0000,0.0000,0.0000,0.0000,0.0000,0.0000,0.0000,0.0000,0.0000,0.0000
1700000007.300000,-61.1,99.1413,101.9804,104.2929,107.4895,104.2929,103.3247,105.6504,104.4031,105.6220,104.0625,110.3857,110.6933,112.5389,110.9820,113.7189,109.1787,111.8928,108.6738,111.0180,112.5078,109.9318,115.4340,108.4066,115.9353,115.3776,114.2847,117.8898,115.9353,118.2244,118.7139,117.0470,119.8874,118.7266,114.3897,115.9741,112.2586,113.6002,106.4519,107.3546,105.1095,99.3680,99.9600,93.9202,96.1353,88.3233,87.0976,88.4590,83.0241,79.5110,76.1643,76.0066,75.1665,0.0000,0.0000,0.0000,0.0000,0.0000,0.0000,0.0000,0.0000,0.0000,0.0000,0.0000,0.0000
1700000007.350000,-62.1,95.4620,93.6216,98.3870,99.3177,100.1848,98.4886,98.6154,98.1122,101.5480,102.9029,104.0433,103.2279,105.6030,104.0192,105.2616,107.8147,102.6499,102.7278,103.3247,104.6900,106.0754,106.0754,103.9471,108.9036,107.6290,108.3744,110.4536,111.2879,110.6345,112.0446,108.9036,111.0721,111.0721,113.1724,108.3005,105.4182,104.8046,100.1249,100.8018,100.0000,94.8683,93.4773,90.5538,88.3233,85.0882,82.3650,79.6241,79.7057,77.2528,74.0000,72.0347,67.4685,0.0000,0.0000,0.0000,0.0000,0.0000,0.0000,0.0000,0.0000,0.0000,0.0000,0.0000,0.0000
1700000007.400000,-63.1,101.3163,101.5332,103.4070,102.4500,104.2017,103.4070,105.6835,106.0000,109.9318,107.5407,110.5351,110.9414,109.1787,112.2586,109.5673,116.2454,112.5389,113.4637,110.7249,113.8859,111.6647,114.8260,113.5473,115.1086,116.0905,116.4818,119.3692,120.0708,119.3692,122.0041,118.2962,119.5408,121.4331,114.4902,120.2082,116.2454,112.5389,112.7298,112.2586,105.5888,102.9563,102.0833,101.3558,94.5780,93.7443,88.8144,88.8651,85.0412,84.8646,79.1960,78.2432,74.0608,0.0000,0.0000,0.0000,0.0000,0.0000,0.0000,0.0000,0.0000,0.0000,0.0000,0.0000,0.0000
1700000007.450000,-61.6,97.4064,97.3088,100.1798,100.1798,98.3870,97.0618,98.9798,102.7278,103.5857,102.3426,105.4372,107.2007,106.4002,107.0047,104.6375,108.7060,108.3005,105.6456,106.8316,108.1897,106.8316,111.7587,108.1897,110.6345,110.6345,109.7862,116.2755,115.1086,116.2755,115.7454,112.4856,115.4340,111.7587,112.4500,114.5600,110.3449,111.9464,105.7592,101.5332,101.5332,97.2008,96.0208,97.6371,89.3085,88.2043,81.4125,85.8662,81.0247,77.6209,77.6209,72.4224,73.3485,0.0000,0.0000,0.0000,0.0000,0.0000,0.0000,0.0000,0.0000,0.0000,0.0000,0.0000,0.0000
1700000007.500000,-61.7,99.6444,101.5480,104.2929,102.3426,106.4002,103.0049,106.6677,104.9952,104.9952,106.1508,113.8640,111.7318,112.5389,112.6987,111.3957,110.4219,108.0046,112.6144,108.0046,114.2847,113.0044,110.6797,109.0000,115.9741,117.4777,113.3711,119.0000,120.7684,117.8346,120.7684,114.9087,119.4738,117.4777,116.5032,113.2078,117.0470,113.1592,109.8590,109.6221,102.3035,105.4230,99.3579,100.5684,93.4345,90.5207,85.5628,88.4590,86.0523,83.2406,84.0536,77.1038,75.5910,0.0000,0.0000,0.0000,0.0000,0.0000,0.0000,0.0000,0.0000,0.0000,0.0000,0.0000,0.0000
1700000007.550000,-60.2,94.0851,97.1288,93.0054,101.0198,101.1237,98.1275,101.4002,98.1529,101.8332,101.4347,105.3803,102.9612,104.7855,105.7733,106.3203,106.3203,109.4166,104.9952,107.5639,107.5639,105.9481,104.5466,106.9766,108.2589,111.4854,110.0727,114.9652,111.3598,113.1592,113.1592,111.4854,113.7189,114.2366,115.3170,113.0885,107.3359,108.8118,105.3613,100.9604,100.9604,99.2472,98.7168,94.5410,92.2280,87.4757,85.4751,85.3756,83.1505,78.0064,78.1025,75.4255,74.9667,0.0000,0.0000,0.0000,0.0000,0.0000,0.0000,0.0000,0.0000,0.0000,0.0000,0.0000,0.0000
1700000007.600000,-57.5,97.6524,100.6876,101.8725,106.0000,103.9423,103.8316,104.8093,107.3546,107.3313,108.8531,109.7725,107.5639,111.7900,113.8859,113.8859,111.6826,111.6826,109.2016,111.5706,114.4771,113.0531,112.0580,110.3540,112.6144,116.7262,113.7717,117.7115,119.5199,117.7115,117.7115,117.8855,120.2206,118.8781,115.2476,116.2110,113.6002,112.6410,106.8925,104.1777,103.8171,100.4639,98.0867,99.8098,93.4773,89.4707,87.9830,85.7030,84.0536,83.2346,80.1561,75.0733,70.1783,0.0000,0.0000,0.0000,0.0000,0.0000,0.0000,0.0000,0.0000,0.0000,0.0000,0.0000,0.0000
1700000007.650000,-64.0,101.9804,103.5809,104.6948,103.0922,106.8925,98.9798,102.8834,102.9563,106.1037,108.2589,109.1284,109.6586,110.5351,113.2078,111.6468,112.0580,110.6752,109.0780,108.0046,106.4002,107.8007,113.8508,112.2943,114.7693,113.3578,116.1034,115.3646,119.6704,116.7776,116.8461,114.1096,115.5206,117.0342,117.9237,113.4063,112.0045,109.8590,109.5536,106.0000,107.6151,104.1009,99.6444,98.9798,92.1303,93.0215,85.0882,88.9550,83.8153,82.2800,80.2808,80.6040,75.4255,0.0000,0.0000,0.0000,0.0000,0.0000,0.0000,0.0000,0.0000,0.0000,0.0000,0.0000,0.0000
1700000007.700000,-62.2,105.0762,101.8332,105.1713,108.1665,107.1681,109.0046,111.0180,109.0183,108.2959,111.1620,113.2828,115.4340,115.4340,113.1371,117.2391,115.5206,116.9017,114.9783,118.8486,115.9483,113.0531,114.4814,112.6410,118.9033,119.2183,117.0043,120.7021,119.9708,120.9049,120.2082,123.0325,119.7748,118.5960,116.3873,120.8801,117.4436,114.4771,113.5650,106.8878,106.3673,103.2473,101.4347,100.4988,97.3293,94.1913,89.0225,89.0056,87.0000,83.0060,82.6075,79.0759,73.5459,0.0000,0.0000,0.0000,0.0000,0.0000,0.0000,0.0000,0.0000,0.0000,0.0000,0.0000,0.0000
1700000007.750000,-62.4,98.3514,99.0051,101.6710,105.6456,105.8915,99.8098,104.8618,107.3359,108.4528,108.5587,110.1454,113.6486,114.0614,112.2586,111.8034,115.3170,113.3181,111.4854,113.5473,115.5206,112.7209,116.3873,109.4166,120.0708,119.3315,117.1751,119.3315,122.7233,122.2497,122.2497,118.8486,123.2274,122.8007,120.0708,118.9033,118.2709,113.5473,111.0721,112.7209,106.2309,106.0236,100.6479,101.5185,96.6488,92.4392,89.8888,90.4434,86.8389,86.2149,78.8733,79.9062,73.5935,0.0000,0.0000,0.0000,0.0000,0.0000,0.0000,0.0000,0.0000,0.0000,0.0000,0.0000,0.0000
1700000007.800000,-63.2,96.1665,101.3903,99.2018,104.7855,101.9657,102.5914,99.4636,105.9292,104.6900,105.4751,108.1157,112.0045,112.0179,110.0182,113.0044,110.0045,114.1096,106.0754,114.3547,110.2905,112.1606,113.3578,109.4578,114.9348,115.7411,118.3765,117.8855,118.8697,118.6971,113.7717,121.3425,118.2286,120.5985,114.4378,116.2755,112.1606,113.2828,112.0179,106.0047,109.0046,98.1275,104.3072,96.4210,94.3398,93.0591,85.9069,87.8635,84.4038,83.5225,81.2711,78.5493,72.4707,0.0000,0.0000,0.0000,0.0000,0.0000,0.0000,0.0000,0.0000,0.0000,0.0000,0.0000,0.0000
1700000007.850000,-61.6,101.6710,98.4937,101.1781,103.2763,104.6518,100.4092,103.2763,105.6456,105.6456,107.0047,109.0183,111.8302,111.2205,110.6797,110.6797,113.5341,112.8716,111.1395,110.5351,111.8034,114.0614,109.1238,110.9234,113.3181,114.2366,116.0776,116.8118,120.7021,117.1751,119.6161,113.4637,120.1541,118.5960,114.9652,117.6180,113.6002,113.1768,107.9120,109.4166,106.0000,105.1190,100.6876,98.6002,92.8009,91.6079,83.8689,86.4523,84.8528,84.9588,82.9759,77.4661,77.3886,0.0000,0.0000,0.0000,0.0000,0.0000,0.0000,0.0000,0.0000,0.0000,0.0000,0.0000,0.0000
1700000007.900000,-60.8,96.7988,96.2549,99.6444,102.0833,101.5972,100.2397,99.7296,98.4124,102.1567,103.2473,106.2309,107.2241,106.2826,108.8118,105.6220,107.7033,106.0424,105.7733,107.2007,108.2589,107.9352,107.8703,108.2589,111.4630,110.1681,113.2828,113.4372,112.7519,116.7262,112.7519,115.1173,115.2606,114.7563,115.5206,111.6109,111.5706,111.0856,105.0809,105.3613,104.4031,99.7246,100.4639,95.0789,92.1954,90.3770,86.3539,84.5991,82.6801,80.4487,78.8162,74.4110,71.4493,0.0000,0.0000,0.0000,0.0000,0.0000,0.0000,0.0000,0.0000,0.0000,0.0000,0.0000,0.0000
1700000007.950000,-61.6,101.2423,102.7862,104.4031,101.9510,105.7024,102.4597,105.5509,105.1190,108.7842,111.5079,112.3788,110.2769,111.3059,109.5536,112.3299,114.2847,112.8007,111.0405,110.7520,111.1261,110.6345,113.9517,114.6909,115.2606,118.8697,114.5513,117.4138,118.7939,117.5160,122.3479,115.2606,117.3882,120.9339,118.8697,115.3646,113.3578,111.3957,108.6002,103.4070,102.8008,106.2544,98.0051,100.4042,93.4933,91.0659,87.2066,83.6301,81.4371,83.9345,80.6536,80.7775,70.4060,0.0000,0.0000,0.0000,0.0000,0.0000,0.0000,0.0000,0.0000,0.0000,0.0000,0.0000,0.0000
1700000008.000000,-62.1,100.4241,101.3903,103.8460,105.6504,101.5332,101.0198,106.9766,106.2309,104.3887,104.6518,112.2586,112.8716,111.8928,112.5078,113.3711,108.4528,112.3299,109.0413,112.0045,114.2016,113.0044,112.8007,111.0405,114.1096,116.3873,115.5206,115.3646,119.6704,121.0165,117.4564,119.7539,122.4949,118.8486,116.6062,113.6002,112.2007,112.2007,113.7189,107.3778,108.5587,103.0776,103.9423,98.4886,94.4140,86.9253,88.9550,91.0824,84.4334,82.4621,83.7437,80.0625,74.5453,0.0000,0.0000,0.0000,0.0000,0.0000,0.0000,0.0000,0.0000,0.0000,0.0000,0.0000,0.0000
1700000008.050000,-62.1,98.7168,98.3107,102.1078,105.3803,102.8251,104.4797,102.4890,105.1190,108.0741,107.0000,111.0045,111.0045,111.1126,111.1620,112.0714,111.4495,109.3709,109.6586,109.1787,112.0089,109.1787,112.7874,110.3177,111.0856,115.3170,115.2085,116.9145,119.1008,116.1809,118.1271,117.9025,120.4159,116.9017,112.2943,115.9741,112.1472,113.4416,109.1650,107.1168,105.1190,104.0048,101.0050,98.0204,89.1403,89.3588,85.9884,83.8630,81.3941,81.4923,77.4919,74.9466,70.7743,0.0000,0.0000,0.0000,0.0000,0.0000,0.0000,0.0000,0.0000,0.0000,0.0000,0.0000,0.0000
1700000008.100000,-61.0,102.4500,105.0000,106.5082,110.0000,107.3778,105.1190,108.0463,107.0420,115.3820,112.2586,113.6002,115.8706,116.0776,117.0000,116.0776,116.2454,117.6520,116.3787,116.6619,114.5600,118.2962,118.6002,113.5077,120.6192,122.5765,117.0854,126.7517,124.5351,124.3382,122.9837,124.5351,124.3382,127.3460,124.1974,125.9603,119.5492,116.6919,116.6919,112.0089,114.2322,105.8489,104.6518,106.0236,97.0618,94.4140,89.9444,91.2688,87.0919,87.0057,82.8794,81.3941,77.1557,0.0000,0.0000,0.0000,0.0000,0.0000,0.0000,0.0000,0.0000,0.0000,0.0000,0.0000,0.0000
1700000008.150000,-62.1,106.0754,106.7755,107.6290,106.8878,109.8772,101.3163,110.2588,109.4806,112.2007,116.6062,113.4637,116.7647,113.7409,113.2078,115.6633,123.5476,113.6486,118.5960,112.2586,116.7262,116.3615,118.1059,115.8706,118.3089,119.9208,118.3089,120.9339,124.6154,121.0785,121.6306,118.1863,123.1666,125.2398,120.7684,119.5701,120.4409,115.9741,116.1077,108.7244,107.6151,109.0413,103.4070,105.4230,95.4254,93.4345,88.4138,88.4138,89.2749,87.3212,82.0061,78.2368,72.9452,0.0000,0.0000,0.0000,0.0000,0.0000,0.0000,0.0000,0.0000,0.0000,0.0000,0.0000,0.0000
1700000008.200000,-62.2,99.3177,104.2161,102.9563,102.9563,105.3091,104.3887,105.3043,106.2544,107.2054,108.1712,111.5706,112.5877,112.1784,113.7717,117.3882,113.7717,113.1371,112.6410,112.4455,112.6410,113.7453,114.4378,114.4378,117.0171,117.0171,117.0043,120.0167,118.0000,121.1033,118.0000,116.1077,118.2709,118.1059,114.6298,114.7388,112.7519,114.2804,110.8873,109.3298,106.5317,102.1812,101.1385,98.9545,89.8443,92.6553,83.2166,86.5390,84.0952,81.0247,81.8413,79.7559,70.8025,0.0000,0.0000,0.0000,0.0000,0.0000,0.0000,0.0000,0.0000,0.0000,0.0000,0.0000,0.0000
1700000008.250000,-64.8,97.4526,96.6747,97.8008,99.4032,102.4158,99.2975,101.0198,102.3963,103.5857,103.9423,109.9318,109.6586,108.6738,107.7822,106.4519,111.4854,106.1037,108.8531,106.9766,107.8378,107.9120,107.8378,107.5174,109.7679,114.4814,113.3225,111.1261,115.9483,114.9826,118.0042,110.6797,117.0470,116.0905,113.5473,111.0721,109.9318,108.2589,107.3313,102.4597,97.9490,98.4124,95.8801,95.5249,87.9830,87.9830,83.8153,84.8116,79.8123,76.3675,77.1038,76.0592,68.2422,0.0000,0.0000,0.0000,0.0000,0.0000,0.0000,0.0000,0.0000,0.0000,0.0000,0.0000,0.0000
1700000008.300000,-66.5,94.3398,98.2293,96.8349,100.6876,99.4032,97.4526,100.0050,102.6499,103.9663,103.2473,104.6518,106.0660,106.8878,107.6290,111.5213,105.4230,109.0183,105.4230,110.6797,107.4151,109.0413,111.2205,107.6151,114.9087,110.1363,112.0045,116.3615,115.4859,116.8461,114.3897,117.4777,116.9701,116.9701,115.6633,113.1592,111.0180,110.2089,105.4230,105.4230,102.3035,99.8248,98.3514,97.5807,93.3488,89.8053,87.7838,86.0523,82.4621,78.8162,79.4040,75.1332,69.8570,0.0000,0.0000,0.0000,0.0000,0.0000,0.0000,0.0000,0.0000,0.0000,0.0000,0.0000,0.0000
1700000008.350000,-59.6,103.1213,103.3925,106.5317,108.1897,104.2353,104.5610,107.2800,106.9626,113.7585,111.8258,110.6797,113.8859,112.8938,115.8792,113.4637,118.8486,114.5426,115.4513,112.6987,111.4136,113.6002,117.6180,115.4859,118.5116,118.5960,114.3897,122.1147,123.1747,124.5552,119.5701,119.4738,123.6649,122.6744,119.0000,119.8666,115.3820,114.5426,109.3846,109.7725,107.3359,104.0625,105.6504,104.1201,94.3716,91.9837,91.7823,92.2280,88.4590,83.2947,84.0000,80.0062,76.3217,0.0000,0.0000,0.0000,0.0000,0.0000,0.0000,0.0000,0.0000,0.0000,0.0000,0.0000,0.0000
1700000008.400000,-60.9,101.0000,97.4166,102.3963,101.8332,107.2007,98.8585,103.9423,104.3456,107.2800,107.7033,111.0856,110.1635,109.1100,110.0636,110.0545,115.1694,109.0046,115.8792,108.4620,110.9234,111.3598,115.3950,115.8706,115.4123,114.9478,113.6486,113.3711,119.0798,114.0570,123.5476,116.7262,117.3371,119.9542,116.2755,119.8666,116.3615,110.3087,110.7249,106.5692,99.9600,106.9018,101.2423,100.9604,87.8009,92.1954,87.6641,86.9770,84.5931,84.1487,78.0064,78.1601,73.2462,0.0000,0.0000,0.0000,0.0000,0.0000,0.0000,0.0000,0.0000,0.0000,0.0000,0.0000,0.0000
1700000008.450000,-61.0,102.3426,100.7025,107.3778,105.3091,110.0591,104.6566,101.9657,107.8378,112.7298,110.3087,108.8485,112.5789,114.4814,117.3414,115.1086,118.9033,112.3610,115.5206,117.4777,115.4470,115.2085,117.9025,117.2775,119.0798,122.9187,119.2183,121.6553,121.1982,123.4706,125.7657,120.8387,122.3765,124.7397,118.3596,119.3692,114.9826,115.5206,114.4814,113.2166,108.8485,104.2161,100.6479,100.6479,96.1769,94.8103,88.8369,88.8369,88.8144,85.2115,82.4621,79.9812,76.4199,0.0000,0.0000,0.0000,0.0000,0.0000,0.0000,0.0000,0.0000,0.0000,0.0000,0.0000,0.0000
1700000008.500000,-64.4,104.1201,101.0050,105.0762,110.0045,110.0727,105.0762,113.5341,111.1126,108.5587,113.6354,114.1271,115.4123,114.9348,113.5650,115.5206,118.1397,117.4436,115.5206,118.2962,115.8016,119.2518,116.7090,116.7090,115.8792,121.6306,117.7455,117.6860,121.7415,123.6932,124.0846,120.9049,121.6306,123.6487,120.5031,116.6919,117.1751,118.4061,112.5877,110.8558,107.7079,105.5462,105.2236,102.1078,96.7471,93.2631,90.0888,86.0058,86.0000,87.0919,79.4040,76.9415,73.5459,0.0000,0.0000,0.0000,0.0000,0.0000,0.0000,0.0000,0.0000,0.0000,0.0000,0.0000,0.0000
1700000008.550000,-59.6,101.1187,104.0048,104.6900,106.8878,104.2353,104.9952,103.0776,103.0776,109.0183,107.6151,110.6797,110.6752,113.2078,112.8716,112.5078,114.3897,115.9741,107.5407,111.8034,111.4136,111.8034,111.8258,110.0727,117.0000,119.7748,118.3089,122.7721,121.0785,122.7721,117.2732,117.6180,121.2023,121.2353,118.0720,116.3615,113.5341,112.8716,112.6810,110.6752,105.4372,101.8283,103.0776,97.4526,92.9570,92.6553,87.0460,87.0000,84.9588,82.4621,83.2346,76.8505,75.5910,0.0000,0.0000,0.0000,0.0000,0.0000,0.0000,0.0000,0.0000,0.0000,0.0000,0.0000,0.0000
1700000008.600000,-59.4,100.4241,105.9906,105.3233,109.2383,106.0990,105.2236,106.0660,108.9036,110.8873,110.2905,111.5437,115.0695,115.0174,115.0695,117.0000,115.0695,118.0169,110.0727,114.2147,114.6298,113.5341,117.8346,108.3744,115.5725,118.0890,119.3650,120.4159,118.3765,123.4706,121.0620,121.4949,120.9339,118.8276,118.5116,118.3427,115.2128,114.0175,111.0045,108.0741,108.1157,103.2376,103.2376,98.2497,94.7629,92.2280,88.2836,89.0505,87.3613,82.8613,81.3449,76.5572,71.1196,0.0000,0.0000,0.0000,0.0000,0.0000,0.0000,0.0000,0.0000,0.0000,0.0000,0.0000,0.0000
1700000008.650000,-61.2,102.0784,102.0196,101.0050,111.0721,104.1201,107.1681,107.2986,107.7868,109.6586,108.6738,114.5862,115.3170,113.7717,115.9526,114.9783,114.4771,116.2110,112.3610,117.0043,114.4814,114.4902,114.1622,109.4166,115.8792,119.9708,121.3343,121.7415,119.1008,125.3994,117.2732,121.6306,120.7021,123.3694,118.5960,117.3243,117.0043,115.5206,111.1261,111.0856,109.4440,105.2236,105.2236,97.3242,97.8673,96.4210,87.0230,90.0000,86.1452,83.0060,82.3893,79.4292,77.3692,0.0000,0.0000,0.0000,0.0000,0.0000,0.0000,0.0000,0.0000,0.0000,0.0000,0.0000,0.0000
1700000008.700000,-65.3,104.3504,102.8251,106.1508,103.2763,108.9036,104.6900,106.2168,105.6456,107.1681,109.8089,109.4806,111.8302,112.8938,112.8938,111.2520,117.9915,113.5341,113.3711,114.0614,114.0614,118.0720,113.5958,111.8258,117.2732,118.1863,119.1008,120.7021,120.9339,120.7021,126.6491,116.4689,123.4828,121.7415,120.3038,121.2353,118.0720,115.4123,114.9087,110.6752,107.6151,104.8618,101.8332,99.4032,94.2019,93.6056,90.5207,89.1403,87.7269,84.2912,82.0061,79.6304,75.2928,0.0000,0.0000,0.0000,0.0000,0.0000,0.0000,0.0000,0.0000,0.0000,0.0000,0.0000,0.0000
1700000008.750000,-61.2,99.0051,100.4639,102.5280,106.2826,106.2826,104.1201,102.7862,105.9906,108.6692,109.0413,110.0227,108.6738,112.1472,115.1173,113.9912,113.2166,114.2804,111.3643,113.0708,111.0180,115.0174,115.0000,110.0045,114.2147,117.1068,118.2709,117.3456,120.3370,120.3370,118.2074,117.1068,121.2642,120.0042,118.0042,118.0169,114.0175,111.0180,110.1136,111.2879,105.3850,104.0865,104.2353,98.3107,92.9624,90.7083,89.2861,87.9204,85.7030,83.0060,82.0792,77.0260,73.2462,0.0000,0.0000,0.0000,0.0000,0.0000,0.0000,0.0000,0.0000,0.0000,0.0000,0.0000,0.0000
1700000008.800000,-60.9,106.7942,106.7942,110.5351,111.2879,112.9292,107.4477,110.6029,111.6065,113.0044,114.8260,116.2110,116.6190,115.9741,117.7200,120.7684,121.1982,117.1708,119.4069,117.6860,122.7721,114.9652,120.0167,125.2996,121.4907,123.4909,127.1377,128.4134,128.1600,127.1377,127.4402,122.0041,126.4634,126.4634,123.5678,123.1666,123.8790,121.1982,117.2391,115.1043,114.2804,110.1363,107.6151,108.1665,100.0000,97.6166,94.6414,94.1754,90.5538,91.2414,84.3860,83.6002,75.4718,0.0000,0.0000,0.0000,0.0000,0.0000,0.0000,0.0000,0.0000,0.0000,0.0000,0.0000,0.0000
1700000008.850000,-65.7,107.1168,106.0754,111.0180,109.0734,113.1106,111.0721,113.4416,111.5437,113.9912,116.8418,120.9339,118.3765,118.6971,118.2582,119.4362,123.9395,118.6802,121.4578,116.0560,122.7029,119.5408,121.4907,116.1077,121.8401,124.4227,121.3343,124.8119,130.2690,128.0352,131.5181,124.7878,124.0846,127.9453,123.7134,122.7029,126.1943,121.4578,117.6308,113.3578,112.2943,112.5877,102.9612,111.4630,96.1769,98.8585,95.5249,94.1329,91.0879,90.0222,85.2878,83.0241,75.9276,0.0000,0.0000,0.0000,0.0000,0.0000,0.0000,0.0000,0.0000,0.0000,0.0000,0.0000,0.0000
1700000008.900000,-63.6,102.2008,98.4073,99.8649,102.4158,100.1699,101.5480,103.5857,102.9563,106.0047,107.3313,106.4519,106.1037,109.7725,110.5712,110.6933,113.8859,113.2166,108.5035,110.3676,110.6797,106.9018,111.4002,111.4002,112.2943,111.5706,114.9783,115.2085,113.5650,118.3596,118.1271,114.9783,115.4470,115.5206,116.4818,116.0905,113.2166,110.7249,110.7249,106.0236,105.1903,101.0742,96.1769,98.1122,95.5249,90.4268,88.7525,84.6286,85.4283,82.9759,80.6102,76.4199,74.8131,0.0000,0.0000,0.0000,0.0000,0.0000,0.0000,0.0000,0.0000,0.0000,0.0000,0.0000,0.0000
1700000008.950000,-59.7,105.8017,107.4151,109.0413,107.8981,107.3778,109.0780,107.4244,107.3313,114.0614,114.5426,114.6342,116.0776,116.0776,120.1541,114.5862,118.6802,115.4340,113.5297,118.0042,115.5206,116.4818,116.4818,117.1751,120.8305,118.4567,118.8781,120.8387,121.8072,122.7844,121.8072,123.6932,124.1934,123.7619,118.0042,118.9033,121.1652,117.0043,112.1606,110.6933,110.3087,102.4597,103.3538,101.1187,99.8499,96.3846,90.4268,88.8144,88.6002,86.0523,83.7377,78.5175,78.1025,0.0000,0.0000,0.0000,0.0000,0.0000,0.0000,0.0000,0.0000,0.0000,0.0000,0.0000,0.0000
1700000009.000000,-61.8,100.0050,96.3328,101.7104,98.5089,103.2473,97.8673,100.2247,98.7168,103.1601,107.2007,105.2616,108.4159,111.1261,109.4806,106.8925,111.0721,104.3887,108.4620,107.0187,111.8258,110.5712,112.2586,110.9234,113.1768,113.5958,110.9414,113.3711,116.8461,116.8461,118.5960,113.1768,114.6124,114.9478,114.4902,111.3598,114.5426,109.0046,107.5639,105.9481,99.2975,101.9215,97.7190,96.8401,88.6454,88.5268,84.5281,84.5281,80.6226,83.1505,80.0000,75.1665,72.4431,0.0000,0.0000,0.0000,0.0000,0.0000,0.0000,0.0000,0.0000,0.0000,0.0000,0.0000,0.0000
1700000009.050000,-60.2,107.6290,108.9771,106.7942,108.2451,106.8878,106.3015,109.0183,110.2588,114.0175,113.0044,115.4340,118.7266,115.9655,114.0570,116.5032,119.4738,115.4859,115.0043,116.2970,118.1059,118.1186,116.2755,119.8666,120.0167,121.3343,119.7748,125.0040,123.8588,121.8401,127.3892,120.0167,124.4829,124.3262,118.1059,126.5622,123.4342,118.1186,116.6190,111.5168,110.1136,110.6797,105.0000,106.6677,98.7168,95.6713,91.9348,89.1067,89.1067,82.8010,82.9277,82.9277,74.7061,0.0000,0.0000,0.0000,0.0000,0.0000,0.0000,0.0000,0.0000,0.0000,0.0000,0.0000,0.0000
1700000009.100000,-62.7,99.0202,100.6032,104.2929,105.6835,103.1746,104.0096,101.5972,104.8093,105.1190,107.3313,108.2405,111.8928,111.8258,114.5426,112.5389,111.0721,114.5862,106.9766,115.5206,112.6410,112.2720,112.3610,109.4806,118.8781,116.4174,115.2085,120.8305,121.8072,121.8072,119.1008,118.3596,121.2765,123.2274,117.4436,116.3873,115.1086,111.6647,111.4854,108.8531,106.9299,103.3151,101.1187,102.0833,95.8801,95.0158,89.0449,86.8389,88.8144,84.5044,82.7587,78.5175,76.8375,0.0000,0.0000,0.0000,0.0000,0.0000,0.0000,0.0000,0.0000,0.0000,0.0000,0.0000,0.0000
1700000009.150000,-62.6,96.0469,97.8008,104.8618,100.6876,103.1746,101.0198,103.0776,99.8499,103.3538,106.4519,105.1190,108.2589,111.4854,110.3087,110.3087,109.9318,108.8485,104.7521,108.8118,112.5789,111.6826,112.3610,111.1261,115.2085,115.2085,112.0580,115.9526,116.9145,115.2085,115.4470,114.9826,118.8486,118.2962,113.2254,113.2166,114.1622,111.7900,107.0187,105.7024,101.6366,102.0000,98.1122,98.1122,90.0500,89.5879,87.6584,85.6037,81.2158,81.4678,75.6637,77.1557,75.0000,0.0000,0.0000,0.0000,0.0000,0.0000,0.0000,0.0000,0.0000,0.0000,0.0000,0.0000,0.0000
1700000009.200000,-59.8,110.0591,106.0000,106.8504,108.4528,108.1665,111.7721,109.8089,114.0175,112.2007,112.9292,120.4159,119.6035,119.6035,116.6919,117.3797,118.1397,119.6035,117.4564,121.1652,121.1652,119.2057,121.5113,119.2057,123.2234,126.2101,121.6059,125.6702,127.4402,125.2078,125.6702,125.6025,127.4402,128.4251,124.6515,123.1666,121.1652,120.2414,120.2414,115.3126,113.1459,108.5772,106.6677,103.2327,101.2126,97.9081,91.2688,92.2822,89.9444,89.4427,87.3212,82.2800,79.6994,0.0000,0.0000,0.0000,0.0000,0.0000,0.0000,0.0000,0.0000,0.0000,0.0000,0.0000,0.0000
1700000009.250000,-60.1,104.2017,104.4031,108.7060,108.7060,111.9464,107.6290,110.3177,106.7942,111.7587,117.7964,118.4441,117.2902,116.5161,117.2007,115.8016,123.2234,116.6062,119.0378,113.5341,121.0785,118.7266,123.6649,120.0667,123.0041,123.8790,122.9837,125.6742,129.7112,124.8119,129.3561,120.3038,123.8911,127.9414,122.1884,124.0202,122.4500,114.0570,114.8260,113.7189,107.6476,112.4455,104.8093,107.9352,97.8366,98.2904,92.6553,93.5094,90.2718,86.6833,81.2711,80.7094,74.6860,0.0000,0.0000,0.0000,0.0000,0.0000,0.0000,0.0000,0.0000,0.0000,0.0000,0.0000,0.0000
1700000009.300000,-62.0,100.6231,100.6479,100.8464,105.7024,102.5280,103.4650,105.9481,104.9952,107.5639,107.2007,110.1136,112.5877,111.9866,111.9866,111.6289,111.8794,113.6354,108.6646,111.3643,111.2879,113.3578,114.2147,110.1136,115.0174,115.0000,117.0043,120.0667,118.0169,120.0167,118.0678,118.0000,121.0041,120.0167,117.1068,117.2732,115.2779,113.3578,110.8873,109.0367,108.1897,102.5914,98.8433,96.5401,92.4175,90.5207,86.9770,85.0941,86.1626,80.1124,78.2624,76.1577,72.1110,0.0000,0.0000,0.0000,0.0000,0.0000,0.0000,0.0000,0.0000,0.0000,0.0000,0.0000,0.0000
1700000009.350000,-59.9,101.4347,100.7174,104.1729,105.4751,107.1168,101.0792,105.0048,107.0747,108.0046,111.0721,109.2932,111.6468,113.9912,116.1077,112.1472,113.2828,111.0045,110.8197,111.6109,114.9783,112.2943,115.4470,112.5389,117.6520,118.2709,115.4340,119.2686,120.2082,118.2709,120.5529,114.4814,121.7580,122.8007,118.8486,121.2765,115.2085,111.5706,111.4002,110.0227,106.2121,104.8093,101.8332,100.4042,94.1329,94.0213,89.0898,89.3588,85.2115,83.6002,80.5047,79.8311,71.8401,0.0000,0.0000,0.0000,0.0000,0.0000,0.0000,0.0000,0.0000,0.0000,0.0000,0.0000,0.0000
1700000009.400000,-61.6,101.1929,94.8683,102.8397,100.8960,102.7716,100.6628,101.2719,102.1078,104.6900,108.6646,107.3778,112.1606,111.1126,112.0045,112.0045,111.0180,108.0741,108.1157,109.4578,111.4495,113.6354,113.0000,112.6410,112.1472,114.5862,114.3372,113.5650,117.8855,116.9017,118.8781,113.6002,116.9017,116.1077,117.0983,115.7325,112.6410,111.3643,109.1146,107.1168,102.0784,101.0050,97.0206,100.0050,90.0222,91.3510,87.3670,84.3445,81.5843,84.3445,78.8480,79.3788,70.7743,0.0000,0.0000,0.0000,0.0000,0.0000,0.0000,0.0000,0.0000,0.0000,0.0000,0.0000,0.0000
1700000009.450000,-62.6,98.2293,101.8332,100.7025,101.7890,99.0202,104.9571,104.8093,102.8834,107.4244,105.7024,110.5712,109.3846,111.0721,111.3283,111.0721,112.5789,113.2254,107.8378,113.3225,112.6410,112.3610,111.5706,109.2016,116.9017,117.2775,117.7115,117.8855,115.3170,120.4159,120.4159,116.9145,119.3315,117.1751,114.1797,115.4340,111.6826,114.1622,107.5174,109.9318,105.4751,96.6075,100.6479,94.8947,94.8947,92.2822,82.3772,88.8144,85.4283,80.8084,80.0562,74.9667,72.4707,0.0000,0.0000,0.0000,0.0000,0.0000,0.0000,0.0000,0.0000,0.0000,0.0000,0.0000,0.0000
1700000009.500000,-62.5,100.0050,103.2376,103.3925,110.2905,108.6646,108.6646,108.5035,109.2383,110.6345,107.2007,113.7585,115.2476,117.7200,114.2847,113.5297,113.8859,115.1694,109.7862,117.0000,115.3170,114.2366,114.9652,111.8258,113.6002,117.1708,120.7684,119.0000,120.3038,127.4755,115.3820,120.3038,125.2996,125.3994,119.0126,117.0000,114.5426,114.8260,112.8938,110.0636,107.9676,105.9906,105.7592,99.4636,97.8621,92.2280,87.4643,90.2718,86.0930,86.0058,81.0247,79.3095,77.5242,0.0000,0.0000,0.0000,0.0000,0.0000,0.0000,0.0000,0.0000,0.0000,0.0000,0.0000,0.0000
1700000009.550000,-66.7,101.9215,101.8332,104.0625,106.2826,106.6208,102.1567,106.4519,104.6566,109.1787,111.4136,109.6586,112.5078,114.9087,114.9087,114.2804,113.0044,112.2007,113.0044,113.7014,113.7014,113.7014,116.1809,113.5694,118.2582,116.9316,117.4564,120.9339,120.2165,121.6553,122.3315,120.9669,120.9669,121.1652,120.5073,117.7964,116.0388,114.8085,110.6797,110.1363,107.3778,103.7738,101.3558,102.0000,92.1358,89.4427,87.3212,88.2383,86.7295,87.9204,79.0759,80.2309,76.5310,0.0000,0.0000,0.0000,0.0000,0.0000,0.0000,0.0000,0.0000,0.0000,0.0000,0.0000,0.0000
1700000009.600000,-61.4,99.0051,101.9804,105.4230,104.6375,107.2007,105.4230,105.6882,109.0780,109.0780,110.9820,112.6810,111.8928,114.4902,111.8034,114.9652,114.5862,112.5389,115.4513,116.4560,114.4814,110.6797,116.0905,113.5297,113.0531,120.3329,115.9483,121.0496,120.8305,122.9715,121.0496,121.2765,122.0246,119.8165,120.0708,118.2962,117.0043,114.5862,112.5389,109.7725,106.6208,104.2161,103.7545,101.9657,96.3846,94.0213,86.4523,89.3085,88.8144,83.8689,82.7587,80.6102,75.1665,0.0000,0.0000,0.0000,0.0000,0.0000,0.0000,0.0000,0.0000,0.0000,0.0000,0.0000,0.0000
1700000009.650000,-64.0,101.3163,100.6032,102.2595,105.2236,104.5610,102.7716,103.1601,106.2309,107.7033,108.5219,108.1573,112.8938,110.7249,112.3610,112.0089,111.6154,112.4011,112.4011,110.9234,112.2586,112.2586,113.6002,112.7120,113.5341,115.9741,116.9701,117.4777,117.4777,120.2206,119.2015,117.7200,119.0000,120.3079,116.7262,117.6860,115.4513,113.3181,110.4943,107.9120,105.3043,101.9215,100.0000,97.2677,95.3415,91.9837,87.2983,87.1321,86.3713,83.1505,79.0063,77.0260,72.4431,0.0000,0.0000,0.0000,0.0000,0.0000,0.0000,0.0000,0.0000,0.0000,0.0000,0.0000,0.0000
1700000009.700000,-61.9,101.1237,101.0792,104.0192,101.0198,102.1225,102.1763,101.4938,105.8017,104.4797,105.2236,110.0273,108.6738,112.7874,111.0045,111.0045,112.5389,111.1261,112.5389,111.6826,112.2720,113.5297,114.4902,113.5297,114.8260,113.5473,116.0776,113.4637,117.1751,119.7748,116.2454,114.4902,120.5529,118.5960,117.0470,114.1797,117.4436,112.2943,107.7079,108.6738,105.9056,106.2121,98.5089,100.4988,93.3435,91.0879,87.0230,85.0000,86.1452,82.3893,78.9177,77.8781,74.0405,0.0000,0.0000,0.0000,0.0000,0.0000,0.0000,0.0000,0.0000,0.0000,0.0000,0.0000,0.0000
1700000009.750000,-61.5,94.6414,98.9545,101.4347,99.8248,96.8762,97.8673,100.4042,104.3887,104.1201,102.3132,105.1190,108.0046,109.0046,109.0046,109.0734,111.3643,108.7796,108.3744,108.6646,109.1787,109.0367,108.3420,108.1897,107.7079,114.3372,110.6345,115.9483,112.5389,114.9826,116.9145,114.0044,112.9690,113.9517,113.9517,112.1472,112.0089,111.6468,104.6900,101.3163,101.3163,101.1237,100.0000,97.0000,91.0220,89.1403,83.4865,86.4697,83.8630,80.8084,77.8845,71.7844,72.8011,0.0000,0.0000,0.0000,0.0000,0.0000,0.0000,0.0000,0.0000,0.0000,0.0000,0.0000,0.0000
1700000009.800000,-63.4,101.4347,101.9804,100.8960,105.5130,101.6514,105.5130,104.4031,104.6948,106.6255,103.6195,108.2682,111.8258,110.9820,107.3546,111.8034,110.9414,112.7120,109.1787,114.0570,109.9318,112.5078,112.0580,108.5587,116.6062,111.8302,117.6435,121.0165,115.2085,120.8015,117.6435,119.2812,122.0369,119.2686,117.1367,117.8346,116.3615,113.6486,110.0591,102.8834,108.8531,99.8098,106.9766,95.5196,98.0306,92.1792,88.2950,84.5281,81.0494,79.4292,78.4092,76.1643,75.0267,0.0000,0.0000,0.0000,0.0000,0.0000,0.0000,0.0000,0.0000,0.0000,0.0000,0.0000,0.0000
1700000009.850000,-60.0,93.6216,96.4624,98.3514,101.1929,98.9798,100.9604,101.6514,101.6514,103.8123,102.7716,105.3803,108.1897,109.0367,108.7796,110.0273,109.3709,108.3744,107.2986,109.0734,109.1650,107.0747,113.0044,108.0185,112.0714,112.0045,111.0180,112.0714,115.1086,116.1077,115.0695,116.0172,116.0000,119.0672,115.0695,111.1620,111.2879,108.2959,107.6708,108.0463,102.2595,99.8248,96.7729,98.2700,91.2195,88.6002,84.8646,85.2350,81.5414,79.6241,79.2591,74.0945,71.4003,0.0000,0.0000,0.0000,0.0000,0.0000,0.0000,0.0000,0.0000,0.0000,0.0000,0.0000,0.0000
1700000009.900000,-61.2,101.0445,97.8366,99.8248,101.9117,101.8234,101.1187,101.2373,104.6900,101.9804,106.6677,108.2312,109.0413,111.2520,109.8590,110.6797,111.2205,112.0580,110.6752,111.6468,112.5078,110.9820,111.0180,107.4244,113.1592,113.6002,115.4513,115.8706,119.4069,119.4069,116.2755,117.1836,119.5701,118.8486,115.4340,114.8260,112.0580,111.5168,107.3359,105.4372,104.0192,100.5684,100.5684,96.3328,88.4590,89.1403,85.7963,83.0963,83.0060,78.8162,80.7094,75.8024,72.4500,0.0000,0.0000,0.0000,0.0000,0.0000,0.0000,0.0000,0.0000,0.0000,0.0000,0.0000,0.0000
1700000009.950000,-60.5,103.8123,103.8460,106.6255,105.6220,106.8925,105.9481,106.2309,110.6933,107.7822,110.0182,113.5958,112.7120,116.1077,114.0570,111.6468,115.9353,115.9353,115.4340,113.4063,114.2147,114.4771,114.7693,116.3873,117.5160,117.4564,119.5533,120.2414,123.7619,123.7619,124.4829,120.9173,122.3315,122.3315,118.1905,118.1905,119.4738,115.8016,115.4210,109.6221,107.2007,107.6151,102.3426,103.5857,98.6154,93.2952,89.8944,89.8944,87.3212,85.7963,80.6536,80.5233,72.9931,0.0000,0.0000,0.0000,0.0000,0.0000,0.0000,0.0000,0.0000,0.0000,0.0000,0.0000,0.0000
1700000010.000000,-64.0,102.6499,99.3579,102.6499,105.3613,106.1508,104.6900,106.9626,106.5270,108.8531,108.0046,110.6797,111.2205,113.7189,112.6810,112.0580,116.9701,116.9701,114.6124,116.2755,114.4902,114.0614,112.2586,111.8928,116.8118,118.3089,120.7021,118.5960,121.6306,123.4909,123.8588,118.5960,120.9339,123.1666,121.2023,119.8666,118.9664,117.6180,111.0180,112.5078,108.4528,108.1665,103.4698,98.6002,95.4254,93.7230,90.6863,86.3134,86.3134,84.2912,83.2406,79.6304,74.0945,0.0000,0.0000,0.0000,0.0000,0.0000,0.0000,0.0000,0.0000,0.0000,0.0000,0.0000,0.0000
1700000010.050000,-61.0,98.0816,92.7200,101.8430,96.1353,102.1812,100.0900,98.2344,101.6366,101.5185,108.6738,110.0182,104.8093,107.5407,108.5587,103.8316,109.5536,104.0433,110.6752,108.0046,107.4151,109.5536,110.2089,109.0183,111.1980,113.4548,108.4666,112.1606,117.5160,115.5206,114.8651,112.2943,117.6435,115.8016,114.2847,111.2520,116.7647,108.7244,106.0000,106.5505,100.1848,103.3538,97.5295,98.8989,90.8735,84.8646,84.1190,85.4400,84.4038,81.5843,79.9062,74.2428,69.0290,0.0000,0.0000,0.0000,0.0000,0.0000,0.0000,0.0000,0.0000,0.0000,0.0000,0.0000,0.0000
1700000010.100000,-60.1,93.3488,95.4620,94.7945,99.0353,97.8366,99.2472,100.2646,101.6071,100.0000,98.2293,104.2929,106.0000,106.0000,105.3091,107.5407,106.0047,107.7822,101.9657,106.9299,107.0187,106.0236,107.0187,104.3887,107.9120,109.2016,110.7249,112.5789,111.6647,113.8859,113.5473,111.0721,111.7900,112.1606,109.7725,110.9820,107.3313,107.3313,105.5888,103.9423,103.0776,95.4149,96.5194,92.0869,88.8144,86.2149,82.4621,81.4678,82.0366,77.7946,73.7564,72.6223,69.6419,0.0000,0.0000,0.0000,0.0000,0.0000,0.0000,0.0000,0.0000,0.0000,0.0000,0.0000,0.0000
1700000010.150000,-59.0,97.5295,100.5783,101.1929,105.6220,105.9481,101.8430,99.0051,104.1777,104.2161,103.3151,107.7822,108.4066,109.4166,107.3778,105.8159,106.7802,112.0580,108.1665,108.0046,106.6068,109.6221,110.4219,106.4002,111.1261,109.6586,111.8034,116.7262,112.5389,117.4564,114.7693,112.6987,117.0342,117.0342,112.6144,117.0043,107.8007,109.0413,109.6221,105.4372,100.6876,98.6154,99.3630,93.5361,86.8332,86.4060,85.0882,84.3090,80.3243,78.7464,76.9220,72.1803,71.4493,0.0000,0.0000,0.0000,0.0000,0.0000,0.0000,0.0000,0.0000,0.0000,0.0000,0.0000,0.0000
1700000010.200000,-62.6,99.6243,101.7693,100.2247,102.4597,101.9657,101.9657,103.8316,103.9423,107.3778,106.0000,110.1363,110.6797,111.2520,111.6065,110.0000,110.8873,109.3435,110.8873,111.9464,111.2879,111.1980,113.1459,109.6221,113.1371,114.5513,114.5862,118.1397,116.6919,118.0890,118.0890,116.6919,119.5199,117.4564,116.1809,116.2755,112.9292,110.6029,108.0046,106.5082,106.5082,102.0833,98.7927,97.2471,92.6607,89.8999,85.0000,86.5390,86.7295,80.9568,78.8480,75.5050,72.5603,0.0000,0.0000,0.0000,0.0000,0.0000,0.0000,0.0000,0.0000,0.0000,0.0000,0.0000,0.0000
1700000010.250000,-60.2,102.4890,104.6948,106.8925,105.6504,106.6255,108.2682,107.8378,107.8378,110.9414,113.6486,111.4136,114.9087,114.9087,116.5032,116.7647,114.2847,115.8016,112.8007,117.1537,114.7693,118.5622,118.3427,118.3427,121.6224,121.6306,121.6306,119.6704,124.4829,124.4588,123.7942,121.6963,123.0691,124.4588,120.9173,119.7539,119.0042,116.8461,114.6342,112.6144,112.2943,104.6231,104.0433,103.4698,98.4784,93.8136,90.9175,89.9444,89.0000,85.2350,85.7963,79.4040,75.9276,0.0000,0.0000,0.0000,0.0000,0.0000,0.0000,0.0000,0.0000,0.0000,0.0000,0.0000,0.0000
1700000010.300000,-61.2,108.1665,106.5317,105.3091,109.4166,107.3313,110.5351,110.0727,110.9820,108.2589,110.3087,114.5862,114.8260,117.0043,116.0905,118.2962,114.9826,115.4470,114.2366,118.2582,117.4777,114.9348,117.8855,110.8197,122.6907,119.0798,120.5985,123.5840,119.6035,122.1475,120.4159,123.0447,124.1692,123.4706,121.2023,119.8541,116.9017,117.8855,112.2943,114.2366,111.6826,102.4890,102.7862,100.5783,99.3680,95.6347,90.8735,91.2853,86.3539,80.7775,80.4550,78.2368,76.6942,0.0000,0.0000,0.0000,0.0000,0.0000,0.0000,0.0000,0.0000,0.0000,0.0000,0.0000,0.0000
1700000010.350000,-63.6,105.0762,100.3195,101.1237,107.1168,108.0741,102.0000,105.0762,107.0747,108.0741,112.4455,109.2932,112.0089,116.5590,112.6144,112.1472,114.2716,110.4219,112.0580,111.3239,111.5706,111.3239,110.6029,113.3225,114.4902,115.1086,114.1622,119.2183,119.2183,115.1086,122.0901,117.0043,121.1156,120.8056,117.0470,118.1271,116.9145,114.0044,111.4002,106.3673,108.1897,104.4797,98.5089,97.1854,90.1388,90.0888,87.0057,89.0898,85.3756,83.2166,79.9062,77.4661,73.4983,0.0000,0.0000,0.0000,0.0000,0.0000,0.0000,0.0000,0.0000,0.0000,0.0000,0.0000,0.0000
1700000010.400000,-60.0,104.1201,104.0000,107.0047,105.0048,111.2205,107.5639,104.6900,109.1787,109.1787,116.1034,115.7325,114.7258,116.9273,115.5206,118.4061,115.7411,116.7090,117.6520,117.7455,115.1694,117.7455,118.6802,119.7748,119.8666,121.6717,118.9664,123.4342,126.5741,125.7179,124.7798,124.3905,126.6254,126.8464,125.7179,123.4909,120.9049,116.6919,118.2962,114.8434,108.9312,105.9906,105.7592,106.3015,98.6560,95.1893,88.8144,91.2688,88.0227,87.0057,83.1505,83.4865,77.2787,0.0000,0.0000,0.0000,0.0000,0.0000,0.0000,0.0000,0.0000,0.0000,0.0000,0.0000,0.0000
1700000010.450000,-62.5,108.1665,105.4751,106.4706,111.1395,109.1787,107.7822,109.5673,111.8258,114.6342,113.8859,115.1694,117.0470,117.6520,118.2962,116.6919,120.5405,119.1050,114.7258,113.0310,117.3882,119.8541,119.4362,117.4777,119.0504,122.4827,122.0533,123.0447,125.4472,123.0447,123.4706,126.9212,126.3012,126.4951,124.1974,118.6002,123.2234,117.1751,113.5473,110.0636,110.0545,105.8489,102.1567,101.2373,98.8382,95.7706,93.8136,87.9204,87.0919,82.8010,84.3860,79.2086,74.4110,0.0000,0.0000,0.0000,0.0000,0.0000,0.0000,0.0000,0.0000,0.0000,0.0000,0.0000,0.0000
1700000010.500000,-63.9,102.1225,102.0196,104.0048,109.0046,104.1201,107.0747,105.3850,109.4578,109.0367,109.0367,112.6144,110.8197,114.0044,112.0580,114.9783,111.5706,114.9826,112.6410,114.1622,114.1797,116.0905,111.6647,112.7209,116.8118,119.9708,117.9237,119.5073,122.0041,125.0040,121.3343,123.4909,124.6154,120.5529,124.2779,120.2082,115.1086,116.2110,112.2943,111.0856,107.4895,100.2247,103.4070,102.1078,94.7629,91.4440,89.0225,89.0056,87.0057,85.0941,82.1523,76.9415,74.4648,0.0000,0.0000,0.0000,0.0000,0.0000,0.0000,0.0000,0.0000,0.0000,0.0000,0.0000,0.0000
1700000010.550000,-62.4,103.5857,108.6738,106.0236,111.8928,109.0046,110.9820,109.0046,108.8485,113.5473,108.5219,114.4814,113.3225,115.9483,116.1809,118.8781,114.5426,117.5457,112.2943,118.9496,116.1077,115.9741,115.4340,111.3643,118.1524,120.3370,122.2620,122.0164,120.0667,127.0157,120.1041,127.0984,126.0635,122.3315,119.3399,119.0798,114.1271,117.5457,114.0044,110.4219,111.0856,103.5857,105.7733,99.9250,98.6712,91.4166,88.6002,93.6216,87.2353,80.9506,81.9878,79.0569,77.4661,0.0000,0.0000,0.0000,0.0000,0.0000,0.0000,0.0000,0.0000,0.0000,0.0000,0.0000,0.0000
1700000010.600000,-61.5,103.5857,98.3514,109.6221,103.2473,108.2081,101.1781,105.4751,108.4666,107.1681,112.2943,113.6002,115.2085,115.4340,112.3299,109.8590,118.8486,112.0045,116.9701,112.7120,114.9478,115.4123,113.6002,119.4069,119.1008,118.1863,114.2366,120.1541,127.5813,115.7670,127.5813,116.4689,125.0040,122.6540,123.9072,119.4069,123.0041,118.5960,112.8716,108.4528,102.3963,111.2205,100.1249,106.6068,95.4254,95.4254,89.4986,88.4138,85.5628,89.2749,82.4621,78.0064,73.9256,0.0000,0.0000,0.0000,0.0000,0.0000,0.0000,0.0000,0.0000,0.0000,0.0000,0.0000,0.0000
1700000010.650000,-60.0,108.4620,108.5035,107.5174,106.9018,108.5219,108.6692,110.6345,111.6109,111.4002,113.9517,112.6144,119.2183,115.7325,116.4302,113.7453,118.4230,118.1059,115.0695,115.0174,118.0678,115.0695,119.0000,118.0042,119.2686,120.0667,122.3315,122.3315,126.0992,126.1428,127.2517,123.0650,124.0645,126.0159,120.0167,122.0656,118.1524,120.1499,113.4416,112.6410,112.1472,106.7052,105.9056,103.1601,99.0404,97.5295,94.2550,95.5196,86.4060,86.4060,82.3468,80.7775,77.1038,0.0000,0.0000,0.0000,0.0000,0.0000,0.0000,0.0000,0.0000,0.0000,0.0000,0.0000,0.0000
1700000010.700000,-64.7,103.3925,101.8627,101.1385,103.9471,108.1897,101.1385,106.4049,106.6677,106.4049,109.2016,110.4355,110.4355,110.1136,110.9820,110.1363,109.9318,106.3297,110.5351,104.6518,110.9414,111.8034,112.4011,113.6354,113.0885,112.1606,114.2366,114.9478,119.7748,115.8792,117.0470,116.0776,119.2309,114.6342,114.0614,114.0614,115.8361,109.5673,108.9082,105.3091,101.8725,101.8332,98.4733,99.0454,90.6035,88.5268,85.0412,84.2199,86.2786,79.3095,77.3369,76.8375,74.4312,0.0000,0.0000,0.0000,0.0000,0.0000,0.0000,0.0000,0.0000,0.0000,0.0000,0.0000,0.0000
1700000010.750000,-60.7,99.3630,98.8433,101.6366,103.6195,102.9563,102.8834,102.1812,102.1421,102.4890,108.5219,107.4477,107.4895,109.0413,110.3177,108.6738,112.1472,109.6586,107.4663,109.1650,108.1665,111.2879,112.1115,111.2879,113.0177,113.0044,115.0000,115.0695,120.0042,118.2709,119.0168,118.0169,120.0042,115.0043,116.1077,113.1592,113.3578,112.2853,108.7796,106.2121,108.1897,102.4207,98.8433,96.1041,93.3916,89.2861,86.9770,87.5957,84.5044,82.7647,80.9506,77.0260,73.4983,0.0000,0.0000,0.0000,0.0000,0.0000,0.0000,0.0000,0.0000,0.0000,0.0000,0.0000,0.0000
1700000010.800000,-63.7,101.7693,101.7693,103.0922,104.1777,100.5783,102.4890,105.7733,103.8123,106.7333,108.6738,108.6738,111.7587,111.7587,112.4455,112.7519,112.4455,109.3709,111.2879,111.0180,108.0741,111.0180,115.0043,112.0000,115.1086,116.3486,118.3427,119.3399,119.6035,119.3399,119.4194,118.1524,116.2755,118.0042,115.0000,118.0678,118.0042,113.0044,108.1157,107.2986,107.6708,100.8415,100.7174,97.3242,95.3520,89.9889,88.0568,88.8876,85.7963,83.8153,81.5414,76.9220,74.4312,0.0000,0.0000,0.0000,0.0000,0.0000,0.0000,0.0000,0.0000,0.0000,0.0000,0.0000,0.0000
1700000010.850000,-63.2,99.4636,100.2247,99.9250,105.3613,100.6876,100.6876,104.0625,105.6220,106.8925,104.5466,110.3087,108.2589,111.8034,108.6738,108.6738,111.4136,114.5295,109.1787,114.5862,110.1363,112.0045,110.1363,108.5587,114.6211,113.4637,116.0172,118.4061,114.2016,118.2244,119.0378,116.2110,117.5968,118.7266,114.5862,116.9701,111.8928,111.4136,109.1238,106.0047,104.7855,101.3903,101.3903,94.5780,91.3947,93.9628,82.2253,85.1469,81.0494,80.6226,78.1601,74.0000,74.0000,0.0000,0.0000,0.0000,0.0000,0.0000,0.0000,0.0000,0.0000,0.0000,0.0000,0.0000,0.0000
1700000010.900000,-63.4,101.8332,98.2293,99.8098,102.4500,105.6456,100.0050,104.1393,106.0754,105.3613,109.6586,111.1261,109.4806,111.5213,113.6002,108.2312,111.8302,111.2520,112.3299,110.9820,114.5862,112.0580,114.8260,113.5341,113.5958,114.9478,116.2755,117.6180,119.4069,117.1708,119.8541,118.0720,116.3615,118.3385,117.9915,114.0570,115.6633,114.5862,112.8938,106.6068,105.8017,104.0192,103.0776,99.2472,94.1116,90.5097,87.7269,87.7269,87.3212,84.5044,80.0000,76.0066,73.8241,0.0000,0.0000,0.0000,0.0000,0.0000,0.0000,0.0000,0.0000,0.0000,0.0000,0.0000,0.0000
1700000010.950000,-63.6,98.1275,98.1835,105.8017,102.7035,105.3803,99.4636,105.9056,102.9612,104.2929,107.4477,110.3540,109.7315,111.4002,113.2254,107.5174,117.0000,108.4620,113.4637,109.7725,115.8706,113.7189,111.3598,112.2586,117.1836,118.0720,113.6486,114.9087,120.5695,116.9701,124.6796,117.1836,119.8541,121.2023,119.1008,118.5960,117.3882,114.5862,111.0721,107.8378,101.5332,104.8093,98.9545,104.8093,92.8924,91.5915,90.9340,85.3756,86.3713,87.1436,82.0000,75.4255,71.7008,0.0000,0.0000,0.0000,0.0000,0.0000,0.0000,0.0000,0.0000,0.0000,0.0000,0.0000,0.0000
1700000011.000000,-60.7,105.8915,105.4230,106.6068,104.2017,106.7802,106.0000,106.5317,105.8159,110.5351,107.7822,111.8928,113.3181,117.1751,113.4637,113.4637,118.3300,113.5473,115.1086,113.6002,114.4814,116.0905,116.0905,114.9826,117.4777,121.3960,117.2775,121.8236,122.3765,121.8236,124.7397,122.0246,123.6932,123.0813,121.1652,120.8056,117.4436,118.2962,114.8260,113.2166,108.8531,108.4620,101.5185,101.9657,96.6075,96.3846,88.8369,91.5860,86.4002,85.2115,82.9759,80.7217,72.8629,0.0000,0.0000,0.0000,0.0000,0.0000,0.0000,0.0000,0.0000,0.0000,0.0000,0.0000,0.0000
1700000011.050000,-61.4,100.4241,108.5219,102.7862,110.3676,104.0625,106.8925,104.1777,109.7725,112.5389,99.8499,111.0180,111.6468,115.9741,116.6190,119.0378,110.9820,119.5701,108.7244,115.2085,115.3776,112.3299,117.6435,111.4002,117.0342,117.0342,119.8541,122.6744,115.2562,125.1000,116.3873,121.2106,122.0041,121.6059,121.4949,120.9504,113.7409,118.1905,112.5078,110.0591,112.0045,101.6366,108.0787,97.6934,99.0202,92.3580,90.1388,89.8443,87.0976,82.2253,83.8630,82.3893,78.0000,0.0000,0.0000,0.0000,0.0000,0.0000,0.0000,0.0000,0.0000,0.0000,0.0000,0.0000,0.0000
1700000011.100000,-61.3,101.2719,99.2975,105.9056,107.4477,100.6628,105.5130,105.3613,106.3203,106.8925,107.9120,114.8260,111.8928,112.7298,111.8258,112.7298,112.6987,113.6486,110.0182,112.8716,116.1077,116.6190,116.1077,113.7409,114.6211,117.0684,117.0684,119.4027,120.9297,121.2023,118.4610,117.5968,121.2023,124.1692,118.8486,119.5701,115.4859,113.6486,113.1592,110.5712,110.0727,103.2473,103.8171,98.9798,96.1353,93.6803,88.2950,90.6090,84.3445,83.6002,83.2166,79.0253,75.1066,0.0000,0.0000,0.0000,0.0000,0.0000,0.0000,0.0000,0.0000,0.0000,0.0000,0.0000,0.0000
1700000011.150000,-63.3,101.6710,98.7168,104.8618,104.6231,103.1746,105.1190,101.8725,105.3091,112.8716,109.1284,113.1768,111.8928,113.3181,110.5712,110.0727,114.4902,111.3283,113.5473,113.5297,111.6826,112.5789,112.0892,112.3610,115.9526,116.9145,120.8305,121.2765,122.2497,119.1008,121.3960,118.3596,122.2620,122.8007,118.2709,119.5408,117.6520,114.8260,108.8531,110.9820,106.0236,108.2266,100.6231,102.0833,96.3846,92.9624,90.9725,85.6037,86.2149,82.9759,81.3449,77.8332,75.0000,0.0000,0.0000,0.0000,0.0000,0.0000,0.0000,0.0000,0.0000,0.0000,0.0000,0.0000,0.0000
1700000011.200000,-57.4,100.9554,100.8018,102.8008,102.2008,104.4845,101.5332,102.1763,105.4182,106.0754,107.5174,105.4182,113.2784,112.1606,109.4806,111.3957,111.6065,111.6065,110.4355,110.3857,113.2078,109.8362,113.6486,114.9087,113.6002,115.9741,114.0614,117.1708,121.2023,118.5116,119.8666,116.7262,117.6180,118.5960,116.4689,114.9087,115.4340,114.2804,112.8938,107.0047,106.8270,103.2327,103.2327,99.3579,92.0217,89.8276,89.1403,89.1067,87.1149,83.8689,79.0569,79.4040,73.3553,0.0000,0.0000,0.0000,0.0000,0.0000,0.0000,0.0000,0.0000,0.0000,0.0000,0.0000,0.0000
1700000011.250000,-64.0,98.4124,105.1190,105.0048,108.0185,104.0192,108.0046,108.3744,107.6708,108.4620,104.8093,112.0089,110.1681,112.9690,111.4002,114.2366,108.6692,113.3225,111.1261,114.4814,113.5473,114.5862,113.8859,110.3857,117.0000,118.1863,117.3882,117.2732,117.3882,122.7721,117.3882,119.7748,118.3089,119.7748,116.4560,113.8859,113.2166,113.3225,111.5706,107.7079,107.7079,100.2247,101.7890,95.3520,93.9042,90.7965,86.3713,86.2090,85.0059,80.0062,78.1601,75.5381,72.7805,0.0000,0.0000,0.0000,0.0000,0.0000,0.0000,0.0000,0.0000,0.0000,0.0000,0.0000,0.0000
1700000011.300000,-59.6,92.1954,94.0213,102.0000,98.0204,102.0049,94.0000,96.3328,98.5089,98.0051,106.7942,104.9381,103.2473,107.3546,102.9612,102.9612,108.9312,101.9215,107.9676,103.0922,106.2826,104.4031,107.2241,109.1100,111.7900,112.3610,104.9238,109.3846,114.7693,110.1681,115.1564,108.8485,113.6530,111.9464,114.7911,109.7679,111.8258,107.9352,104.1393,101.6071,98.6560,100.9752,95.0368,97.8673,89.2020,85.1469,81.0062,82.0000,80.0062,81.2219,75.1332,71.8053,70.3420,0.0000,0.0000,0.0000,0.0000,0.0000,0.0000,0.0000,0.0000,0.0000,0.0000,0.0000,0.0000
1700000011.350000,-65.8,105.9481,102.1812,108.2589,106.4519,108.2405,107.3313,107.0420,108.4528,109.5536,110.9820,114.8260,113.0044,109.8089,112.0045,110.2588,116.0431,110.3449,116.0431,112.4322,116.0431,114.1096,117.0342,114.0219,117.0342,117.9237,121.3796,120.8015,125.2078,122.0041,126.6057,119.4738,124.0363,123.6932,120.1041,117.7964,119.5533,115.2779,112.5389,111.8034,108.2451,105.6456,101.3163,104.2353,95.9010,94.6414,91.0220,90.9725,87.9830,87.2066,79.6241,82.4621,77.8845,0.0000,0.0000,0.0000,0.0000,0.0000,0.0000,0.0000,0.0000,0.0000,0.0000,0.0000,0.0000
1700000011.400000,-60.9,105.2236,105.9056,105.7733,104.8093,105.7733,106.3203,105.6220,106.6255,106.6255,105.4751,111.4854,110.0182,112.7120,114.5295,112.6987,113.6486,111.1395,112.0045,111.5168,111.2205,113.1592,114.6211,112.8938,117.2902,115.8016,114.6342,117.2902,117.2902,119.4738,117.2902,117.6138,117.8007,120.2082,116.7647,114.8260,114.8260,115.6633,112.6810,105.5888,106.4706,103.7545,100.2247,97.6934,92.8493,88.2553,90.1388,86.4002,84.6463,80.8084,81.3941,76.5310,72.0069,0.0000,0.0000,0.0000,0.0000,0.0000,0.0000,0.0000,0.0000,0.0000,0.0000,0.0000,0.0000
1700000011.450000,-58.7,100.5783,104.9952,99.0202,105.3091,103.2473,104.3887,106.1037,103.7545,105.5462,105.8159,111.1395,107.3778,110.6752,109.0413,110.4355,109.6358,113.8508,109.0183,113.8991,112.6987,113.3578,113.8991,112.5389,116.7262,115.2779,115.2779,121.0165,118.3427,122.4949,117.5160,121.6963,119.5199,119.5199,115.2779,117.5160,112.1606,113.4548,114.4771,108.2312,109.6358,104.0433,104.8618,98.1835,95.5249,91.4166,89.4707,90.8020,85.0882,80.0562,79.7120,78.3390,76.1183,0.0000,0.0000,0.0000,0.0000,0.0000,0.0000,0.0000,0.0000,0.0000,0.0000,0.0000,0.0000
1700000011.500000,-60.1,102.6109,101.7890,106.3673,106.0660,104.8093,108.7796,109.3709,107.1168,112.0179,107.0047,109.0183,113.0044,112.0045,111.3643,112.1606,112.6410,113.7453,112.6410,109.3298,110.6436,114.5862,112.9690,113.6002,115.9526,116.9017,117.9025,122.0246,118.3596,121.7539,122.0041,121.8072,121.0496,120.4159,116.7262,116.1077,112.7519,112.2853,109.3709,107.0187,109.1146,101.0198,104.0192,100.1249,93.0860,93.1933,87.5728,86.8332,84.3445,80.5233,77.8845,78.4347,72.8011,0.0000,0.0000,0.0000,0.0000,0.0000,0.0000,0.0000,0.0000,0.0000,0.0000,0.0000,0.0000
1700000011.550000,-62.9,93.9840,94.2444,97.4166,98.3717,96.8401,97.2677,96.7729,97.5141,101.0000,100.2846,102.9563,103.3925,106.2309,104.1729,104.3887,107.1681,104.0048,102.0196,106.0189,104.0433,106.0047,102.0196,102.1225,107.5639,107.4663,110.4536,106.6771,108.6646,112.8716,111.8794,110.3676,110.1635,110.1635,107.0420,108.0046,108.0046,104.0000,102.0196,101.1237,95.1315,97.5141,94.6414,90.7965,86.1452,86.1220,82.2253,80.0812,79.1202,76.3217,71.7844,70.2638,67.6018,0.0000,0.0000,0.0000,0.0000,0.0000,0.0000,0.0000,0.0000,0.0000,0.0000,0.0000,0.0000
1700000011.600000,-65.3,102.4597,104.4031,99.5389,107.9120,102.0441,103.7882,104.2353,104.6566,110.1454,109.1787,108.2266,110.9414,112.8938,111.6065,112.0045,112.4455,112.1606,109.3435,114.0219,112.6987,111.8034,114.5513,111.7318,112.4500,115.9655,116.6919,117.6860,117.5925,123.2396,119.6035,120.2830,120.3412,123.7619,118.8276,117.4138,116.1034,113.2784,110.2588,110.2588,111.2115,104.4031,103.2279,99.8649,97.3499,94.1541,87.7097,87.6584,86.3308,82.6378,83.2166,77.7946,74.1485,0.0000,0.0000,0.0000,0.0000,0.0000,0.0000,0.0000,0.0000,0.0000,0.0000,0.0000,0.0000
1700000011.650000,-61.8,109.2016,108.1665,112.5078,112.6055,112.0045,112.3788,111.3598,110.9234,112.4011,113.7189,117.3882,118.8486,119.0378,117.9873,117.6520,118.6802,117.7200,117.4436,117.3882,117.3882,117.6308,117.0854,120.6192,121.8236,120.0333,121.8236,125.4472,125.7657,126.0198,126.2894,125.9365,126.9212,123.5557,123.7619,122.7844,121.0372,118.5960,110.6797,111.0721,111.0000,107.3359,105.7024,102.9563,95.7549,96.6075,89.9444,92.4392,88.8369,86.4002,85.4283,82.8794,77.7817,0.0000,0.0000,0.0000,0.0000,0.0000,0.0000,0.0000,0.0000,0.0000,0.0000,0.0000,0.0000
1700000011.700000,-61.5,99.0353,102.5524,104.6900,101.9804,106.9626,102.8251,104.6375,104.8093,104.2017,105.6835,107.6151,106.5317,112.0045,110.1454,110.1454,109.5673,111.8034,109.1238,107.0187,110.0727,109.6586,110.3087,111.4854,115.7670,115.7670,113.5473,115.7670,118.2962,118.2709,119.2686,113.8859,117.6520,116.2454,117.0000,114.9652,114.4902,111.8034,106.4706,105.3091,104.4462,101.8725,95.9635,99.2975,91.6079,88.8651,85.4283,83.7377,80.7217,78.5175,75.0733,77.6209,70.1783,0.0000,0.0000,0.0000,0.0000,0.0000,0.0000,0.0000,0.0000,0.0000,0.0000,0.0000,0.0000
1700000011.750000,-64.0,97.3499,95.4149,97.0979,104.4462,98.6154,101.1187,100.1798,101.1336,103.7882,100.0900,103.2473,104.4031,104.9952,105.3613,105.3613,105.2616,111.0856,105.0190,107.2800,107.0794,109.8362,105.3803,105.2236,108.3744,109.6586,113.3578,114.1578,112.4455,114.3547,112.3610,114.8564,113.7453,113.1371,110.4762,113.4372,106.8878,107.3546,103.1601,102.8397,101.1385,97.1236,99.4585,90.4434,87.3155,86.1626,83.3847,82.8553,80.5295,78.2943,76.0066,72.9452,68.4105,0.0000,0.0000,0.0000,0.0000,0.0000,0.0000,0.0000,0.0000,0.0000,0.0000,0.0000,0.0000
1700000011.800000,-61.7,95.8541,94.9210,99.0202,98.6813,98.6712,96.4624,97.5295,98.9545,99.4636,98.3107,101.6071,103.4070,106.9205,104.6900,105.8017,106.1697,102.1225,104.1729,105.0048,105.0762,105.0048,108.0046,102.0049,106.1179,106.1697,108.0741,110.2905,108.1665,112.4455,112.1606,110.1635,112.0714,113.0177,108.0000,110.1136,106.1179,104.0769,102.3963,98.7320,97.8673,95.5249,93.5575,95.1262,84.4038,84.8999,79.1202,80.9568,81.3449,76.9675,72.0069,73.4302,66.5733,0.0000,0.0000,0.0000,0.0000,0.0000,0.0000,0.0000,0.0000,0.0000,0.0000,0.0000,0.0000
1700000011.850000,-64.9,98.8382,97.6166,99.3227,105.1523,101.5480,102.0784,104.4031,100.0000,104.4031,105.6456,106.8316,108.3005,108.8944,107.5174,108.9036,111.0721,110.3449,108.3005,112.4455,110.2588,110.2588,111.8258,107.2007,114.2847,115.3776,114.2847,116.7647,119.2686,117.3243,115.9353,118.4610,118.4610,119.6202,116.4002,113.2299,111.8258,110.1136,109.7133,106.1508,104.6900,98.2904,102.6499,96.3328,92.4554,91.2140,85.2115,85.4459,85.2350,80.2621,78.2943,77.6209,74.3303,0.0000,0.0000,0.0000,0.0000,0.0000,0.0000,0.0000,0.0000,0.0000,0.0000,0.0000,0.0000
1700000011.900000,-62.6,105.5130,105.6504,107.8378,107.5639,108.8485,107.9120,107.0187,109.7725,111.3598,111.4136,111.8928,115.1043,119.0378,115.4340,115.6633,114.6211,115.8016,116.0172,114.4771,117.2902,117.2902,115.5206,115.5206,119.5533,122.4949,119.5199,123.0366,127.9883,124.4588,126.5741,123.7942,125.2078,124.7397,122.6744,121.3796,118.8486,121.3796,115.8016,112.8938,109.0413,111.2205,107.3778,105.3091,98.9798,97.0618,94.0213,93.6216,92.8493,87.2812,86.9770,80.8084,77.1038,0.0000,0.0000,0.0000,0.0000,0.0000,0.0000,0.0000,0.0000,0.0000,0.0000,0.0000,0.0000
1700000011.950000,-63.7,103.9423,106.4706,103.7882,107.7822,103.7882,105.3091,104.9238,105.1095,108.6324,109.1100,112.0892,112.0892,111.8258,109.6358,110.8558,111.9866,111.8034,110.8197,114.8564,110.6526,113.1371,111.1575,109.6586,114.2804,116.4302,116.2755,116.0689,120.1041,121.1033,117.1537,116.3486,117.4266,119.2183,117.0983,117.2391,115.7411,111.9866,111.0045,106.3015,109.6358,101.9215,103.0922,96.1665,90.1388,91.1811,86.9253,87.7269,82.2982,84.2199,78.8923,78.2368,72.4707,0.0000,0.0000,0.0000,0.0000,0.0000,0.0000,0.0000,0.0000,0.0000,0.0000,0.0000,0.0000
1700000012.000000,-65.7,94.0479,91.0494,95.4254,94.6414,96.1769,93.5361,96.1041,96.5401,95.9010,99.6895,99.9250,101.1385,101.2423,99.9300,99.6243,105.1095,101.2373,101.9510,99.8098,101.0792,103.3151,104.6518,105.0952,104.3168,106.9439,105.5888,108.0463,108.9082,111.3059,111.8928,108.7842,111.0180,107.8239,107.3546,107.4244,108.3374,104.9238,101.5923,96.7988,96.4624,96.8401,93.0054,92.1954,86.4928,83.3607,80.8950,80.2247,81.4985,76.2365,72.0000,71.0634,66.7533,0.0000,0.0000,0.0000,0.0000,0.0000,0.0000,0.0000,0.0000,0.0000,0.0000,0.0000,0.0000
1700000012.050000,-60.3,97.3499,99.6243,101.2126,102.8008,100.8960,97.8366,99.0353,104.6518,106.0754,104.6900,107.0561,108.3744,107.8147,107.0047,108.0741,110.2089,107.6476,108.8118,108.1665,107.0701,111.2205,111.6468,109.4166,111.8928,112.5078,116.7262,114.4902,118.9622,118.5960,117.6180,116.8461,119.0798,121.4331,112.1606,112.6055,112.0714,112.0714,108.4066,108.8531,104.4845,101.5332,100.4988,97.5807,91.2195,88.4590,85.0412,87.0057,85.2115,83.2346,78.2304,73.4302,71.6938,0.0000,0.0000,0.0000,0.0000,0.0000,0.0000,0.0000,0.0000,0.0000,0.0000,0.0000,0.0000
1700000012.100000,-59.4,97.3499,99.2975,102.2008,100.6032,100.8960,101.2126,103.4795,103.2473,102.5329,106.7942,108.8944,110.3449,109.0413,107.0561,109.4806,111.0180,108.8118,110.2089,112.8938,112.1606,110.6752,109.6038,111.5168,115.1043,115.4859,113.3711,118.0720,118.0678,121.2023,119.4738,119.9542,121.4331,119.0798,115.6028,117.1367,115.9353,115.2085,110.8016,106.5270,104.6375,102.4500,100.1249,100.7671,93.3809,94.1116,86.3713,87.2066,83.7377,81.6088,81.8352,77.4145,72.4983,0.0000,0.0000,0.0000,0.0000,0.0000,0.0000,0.0000,0.0000,0.0000,0.0000,0.0000,0.0000
1700000012.150000,-60.8,99.8098,100.6479,102.0441,101.3903,104.7521,105.9481,101.8332,103.8460,105.5130,104.1393,109.4440,105.3803,109.3298,112.0089,105.8017,109.4578,109.1650,108.1665,108.0741,113.0177,111.0721,112.0045,109.0046,112.1606,115.2779,113.1592,115.4340,118.3427,119.3399,118.6086,115.1564,119.1512,118.0678,112.0000,113.0000,113.0044,112.0179,108.1157,107.1168,100.4042,98.5089,98.7320,94.7629,87.4757,87.6641,83.7437,84.4038,85.4400,80.3243,74.9466,77.8781,71.5891,0.0000,0.0000,0.0000,0.0000,0.0000,0.0000,0.0000,0.0000,0.0000,0.0000,0.0000,0.0000
1700000012.200000,-60.2,105.6030,103.8557,105.6456,104.0625,107.6290,103.9471,103.2473,107.6290,106.3015,106.5270,109.3435,110.0000,110.8016,110.2089,109.2886,113.7189,111.2205,108.7566,111.0180,111.8928,111.4136,112.6987,113.6486,114.4902,117.2007,115.8706,119.9208,120.7684,120.3038,119.9208,119.8666,122.1024,118.0678,116.3615,120.9339,116.6190,113.7409,109.2886,109.4029,105.4372,102.8008,103.2327,97.7446,92.1954,92.7631,90.5097,88.4590,85.7963,84.6463,80.4487,79.4040,74.7930,0.0000,0.0000,0.0000,0.0000,0.0000,0.0000,0.0000,0.0000,0.0000,0.0000,0.0000,0.0000
1700000012.250000,-57.1,103.2473,103.4070,102.1812,106.0990,104.2929,104.2929,106.0424,106.3203,107.5174,105.6220,108.5035,111.4854,112.9248,111.8258,115.3950,113.1768,110.9414,107.3313,111.6468,110.4536,110.1454,117.4777,109.9318,113.4637,115.9353,117.5968,117.3243,119.2686,119.8165,119.2686,120.9504,120.9504,120.9339,117.4777,119.0000,114.9478,110.9234,110.9820,106.2309,105.1095,104.4031,102.7862,97.5295,95.0789,94.5939,86.6833,88.9550,84.4808,82.4924,80.3990,76.0066,77.1622,0.0000,0.0000,0.0000,0.0000,0.0000,0.0000,0.0000,0.0000,0.0000,0.0000,0.0000,0.0000
1700000012.300000,-61.7,101.9804,98.4937,101.2126,102.2008,106.2121,97.2008,101.5480,101.0198,103.9423,104.4462,107.7033,104.4462,107.9120,108.2266,106.9299,109.0046,109.0046,105.1095,104.7521,109.1100,107.5174,110.0636,107.2241,112.0892,111.0180,110.1635,113.7585,116.6619,112.0580,117.6308,112.6410,116.4818,113.2254,111.0000,111.9464,112.1606,110.3087,106.9299,106.0047,102.4158,99.2975,95.7706,96.0417,91.2688,88.2043,85.2115,82.0061,82.4621,80.7217,74.9533,77.4661,69.6348,0.0000,0.0000,0.0000,0.0000,0.0000,0.0000,0.0000,0.0000,0.0000,0.0000,0.0000,0.0000
1700000012.350000,-65.7,104.1777,103.2473,105.6030,105.6030,107.7822,102.8591,106.4706,104.4462,109.0780,108.1665,109.2886,112.6455,112.0045,113.2299,110.2588,114.9783,112.8051,111.9464,110.3449,113.1724,111.7587,114.6298,113.8464,111.9464,117.5925,115.4340,118.4441,117.6860,120.7394,120.6151,117.6860,121.0165,123.0691,117.3882,117.3882,117.4138,113.9517,113.4548,109.6358,103.2327,102.8008,98.4073,98.1835,97.3499,89.8888,88.3233,90.7855,85.8662,81.7068,81.7068,77.2010,73.7564,0.0000,0.0000,0.0000,0.0000,0.0000,0.0000,0.0000,0.0000,0.0000,0.0000,0.0000,0.0000
1700000012.400000,-59.5,101.9804,104.3456,105.7733,103.8460,105.9481,102.4890,104.4031,109.5628,105.8489,108.4620,110.0727,110.9820,112.7120,111.0180,113.6486,114.5862,109.2886,111.5168,110.2089,114.4028,110.8016,113.2299,110.8016,115.7454,115.1086,115.7454,116.2755,117.5925,121.6553,121.0826,118.4441,121.3796,121.5113,118.8486,119.0168,116.0172,112.8938,111.2205,108.4066,104.9571,102.4744,102.0000,102.0000,91.2360,91.2360,85.0000,88.7694,85.4400,80.9568,80.5233,77.2787,74.4312,0.0000,0.0000,0.0000,0.0000,0.0000,0.0000,0.0000,0.0000,0.0000,0.0000,0.0000,0.0000
1700000012.450000,-64.6,100.1249,96.3328,101.4938,102.8251,101.4347,102.4207,102.1812,101.1385,100.8960,102.2008,105.3613,108.1665,106.5692,107.5639,106.9766,106.6208,109.6586,106.4519,109.1787,105.1190,110.0591,108.4066,106.1744,110.4536,113.2078,109.6038,117.0470,115.9353,115.9353,113.7409,115.9655,115.1217,116.6190,116.4689,113.6486,110.9414,108.2266,106.5129,102.5524,104.9238,99.7246,96.2081,94.8683,91.4822,87.6413,80.5233,84.4038,83.5464,83.0241,76.4199,74.0000,73.1710,0.0000,0.0000,0.0000,0.0000,0.0000,0.0000,0.0000,0.0000,0.0000,0.0000,0.0000,0.0000
1700000012.500000,-61.3,100.2247,100.1699,101.2423,101.1929,103.7304,99.7246,99.7246,101.2373,103.7882,104.7855,102.9563,108.2405,109.1284,107.4244,105.6788,110.6752,106.5317,109.9318,102.3426,106.0189,108.4666,107.0047,108.4666,108.8531,112.4455,111.8258,112.1606,115.8836,110.1136,115.1086,110.8016,114.0175,115.6028,112.0714,114.5862,113.2078,105.6882,105.5888,106.0047,101.1187,100.1798,94.8472,95.4620,85.4400,88.3912,83.8153,83.5225,82.0000,82.5651,73.9797,73.2462,70.0286,0.0000,0.0000,0.0000,0.0000,0.0000,0.0000,0.0000,0.0000,0.0000,0.0000,0.0000,0.0000
1700000012.550000,-66.4,98.4073,97.6166,100.9554,101.5135,99.6444,102.6255,102.2155,102.4744,102.8591,104.2161,106.5129,108.4620,108.4620,109.5628,106.9766,110.3857,106.2544,106.2544,109.2016,109.1100,109.4166,112.7918,107.7033,115.5206,111.0856,111.0045,113.9517,115.9181,114.9348,119.8541,113.0310,115.7325,114.0175,112.0892,112.6410,110.0636,110.0545,106.6255,105.3091,99.5389,98.8989,97.0824,95.2943,88.5889,88.3233,83.2166,83.8153,78.8162,78.2432,75.8222,72.8629,70.9366,0.0000,0.0000,0.0000,0.0000,0.0000,0.0000,0.0000,0.0000,0.0000,0.0000,0.0000,0.0000
1700000012.600000,-61.1,98.3107,97.7394,97.4166,102.4890,101.1237,98.1275,101.0050,101.0000,102.0196,102.1763,108.1665,105.3850,110.7655,106.9205,108.9036,107.5174,109.8362,106.0990,107.9352,105.7733,107.9352,108.9312,107.2007,110.0636,113.8859,112.9292,114.7911,117.0470,114.8434,114.8434,113.6002,113.0531,115.6936,113.5077,108.2589,110.0227,111.4630,105.5462,104.8093,100.4042,98.1275,94.1913,93.0215,90.0000,89.0898,82.1523,82.3893,81.6150,76.6551,74.7329,72.8011,69.2892,0.0000,0.0000,0.0000,0.0000,0.0000,0.0000,0.0000,0.0000,0.0000,0.0000,0.0000,0.0000
1700000012.650000,-62.9,99.0353,101.9804,100.1249,100.0050,101.4002,99.6243,102.2008,104.8475,105.3945,106.0000,106.5505,107.7822,107.3313,109.1787,105.5462,110.0727,109.2520,106.2309,109.0046,109.9318,110.3087,107.9120,108.1665,111.3194,113.2254,112.6410,113.6002,116.1077,114.7911,118.2709,115.1694,116.8118,114.7693,115.1564,110.9820,112.7298,108.6738,106.4706,106.5505,102.7278,97.6371,98.1835,98.2293,90.8020,89.6437,81.4678,83.4865,83.4865,78.5684,80.1561,72.6223,69.3397,0.0000,0.0000,0.0000,0.0000,0.0000,0.0000,0.0000,0.0000,0.0000,0.0000,0.0000,0.0000
1700000012.700000,-61.5,102.0833,100.1848,105.7024,103.7882,104.9238,101.0198,103.4070,102.4597,104.4031,108.9312,108.9312,109.6358,110.8558,108.0602,108.0602,110.3177,107.2007,106.9205,108.4620,110.4536,110.4536,110.1136,109.2932,114.0044,113.1106,110.0727,114.0044,117.1068,118.0000,121.0165,113.0708,117.0684,117.2732,114.3547,114.4378,115.1173,111.1575,107.8703,106.0990,102.1812,103.0776,97.2677,97.4166,88.8651,91.7606,84.6936,84.1724,81.4371,80.9506,76.9415,75.2130,69.5270,0.0000,0.0000,0.0000,0.0000,0.0000,0.0000,0.0000,0.0000,0.0000,0.0000,0.0000,0.0000
1700000012.750000,-58.7,99.6444,102.0833,107.3313,103.7545,103.7882,101.9804,105.6030,101.3903,104.9238,107.5639,107.2054,108.2405,109.8954,111.0856,108.6692,111.9866,108.2589,111.0045,109.1787,109.3298,111.3059,110.8873,107.2007,113.1592,113.4416,113.3578,117.2732,118.2709,117.1537,120.1499,116.4302,116.7262,118.8276,115.1173,117.7115,114.9348,111.9866,109.1421,107.7079,107.7033,102.2008,98.3717,98.3717,91.0824,87.4643,81.4371,84.9706,83.2406,82.8553,78.8923,74.4043,70.1783,0.0000,0.0000,0.0000,0.0000,0.0000,0.0000,0.0000,0.0000,0.0000,0.0000,0.0000,0.0000
1700000012.800000,-58.6,100.7025,101.0198,102.3426,105.4372,102.0784,102.2008,102.1763,103.4795,102.7278,105.3803,108.9036,108.1897,106.7942,111.0721,109.0413,108.7060,106.5270,104.6375,107.2007,107.6151,112.0045,107.6476,107.0047,112.8938,114.2804,113.7409,115.9655,118.7266,112.6055,114.9087,115.3776,116.0172,116.6062,113.2299,115.8836,112.0446,109.1238,106.1037,105.4182,103.2376,101.1781,96.3328,94.4934,90.9065,89.4036,84.6286,84.8764,81.6333,79.1770,76.4853,76.5506,68.4105,0.0000,0.0000,0.0000,0.0000,0.0000,0.0000,0.0000,0.0000,0.0000,0.0000,0.0000,0.0000
1700000012.850000,-61.3,95.5249,93.9149,98.8989,100.1798,102.5524,99.4032,99.9600,99.9600,99.7246,102.7862,104.0433,104.8093,105.9906,105.9056,103.8123,104.2353,107.6894,102.1078,109.0367,106.9205,104.6900,104.6900,103.6967,110.2225,111.1126,114.2147,112.1115,111.2205,115.2128,114.3547,112.3610,114.5295,115.8490,109.1787,109.4440,105.7213,109.4440,104.7855,102.1078,98.2344,94.2444,96.1353,91.4166,88.7694,87.8465,83.1926,82.2982,77.8974,79.9250,76.5506,74.6525,69.3542,0.0000,0.0000,0.0000,0.0000,0.0000,0.0000,0.0000,0.0000,0.0000,0.0000,0.0000,0.0000
1700000012.900000,-62.4,95.1893,96.6902,96.6902,102.7716,100.8960,97.7446,97.8008,100.9604,96.7988,99.0202,104.4031,102.9563,105.3091,103.4698,104.6948,105.0952,108.7842,102.9563,105.8159,105.8159,102.0833,107.6151,106.2309,109.8590,109.2886,107.3359,113.7189,108.4666,112.8938,110.6797,111.5168,112.3610,110.7881,109.9318,111.0180,109.1284,106.4706,102.8834,102.0441,98.4886,95.8593,96.2081,91.4166,87.3613,84.4038,82.9759,80.8950,79.9062,79.5110,76.1643,72.0000,68.1836,0.0000,0.0000,0.0000,0.0000,0.0000,0.0000,0.0000,0.0000,0.0000,0.0000,0.0000,0.0000
1700000012.950000,-60.3,101.1187,97.0618,103.9423,102.7278,105.3945,98.4733,103.8123,100.8018,103.2327,106.4049,106.1508,106.8316,105.3803,106.0754,106.7942,111.3957,104.0192,110.6345,102.8008,110.2588,107.0047,108.8118,111.0180,112.0714,113.7409,110.3857,112.0580,117.9915,115.4340,119.3650,112.6055,114.2847,119.8165,111.0180,111.6065,112.6144,109.6358,106.3015,104.8046,100.4490,101.8627,96.2081,99.0353,87.1149,88.8651,85.6037,87.2009,82.0061,81.6333,74.7930,74.3034,68.7095,0.0000,0.0000,0.0000,0.0000,0.0000,0.0000,0.0000,0.0000,0.0000,0.0000,0.0000,0.0000
1700000013.000000,-62.2,100.2846,95.5249,98.1275,97.4166,99.0454,99.0454,99.0202,103.0194,101.2423,103.1213,104.1201,106.3814,103.5857,103.2473,103.9471,108.8531,104.7378,105.7213,104.7855,106.7380,105.0190,103.1601,105.5367,107.5174,110.7249,108.1573,113.5473,112.8938,112.2720,112.2720,112.3610,112.9292,112.3610,111.8258,109.6586,109.4440,108.6738,101.9657,102.4890,99.4082,99.2472,95.4254,93.1343,89.0056,86.0000,81.1542,82.2192,79.5110,78.2624,72.7805,70.6045,70.5195,0.0000,0.0000,0.0000,0.0000,0.0000,0.0000,0.0000,0.0000,0.0000,0.0000,0.0000,0.0000
1700000013.050000,-63.0,98.8989,101.2373,100.0900,100.6578,97.7190,99.6243,101.5332,101.3903,104.0481,103.1601,106.7333,108.0602,109.4897,106.3673,106.7942,108.2959,106.3015,106.3015,110.1136,109.0000,108.0741,112.0000,108.0185,109.0183,112.0179,110.0045,114.2804,117.1537,116.1551,113.1592,114.0702,116.1551,116.0043,113.0000,113.0044,113.1106,110.2905,108.7796,104.8093,102.9563,99.2975,95.5249,98.4784,91.4440,87.5557,82.4621,85.7030,82.2192,78.7909,79.2023,75.6637,71.8679,0.0000,0.0000,0.0000,0.0000,0.0000,0.0000,0.0000,0.0000,0.0000,0.0000,0.0000,0.0000
1700000013.100000,-64.4,101.5972,97.1288,99.0000,102.0000,101.0050,99.0051,99.1816,99.4082,104.4797,102.9563,105.2236,108.8531,108.6738,108.6830,105.7592,109.8818,106.4800,105.5130,106.9018,106.2544,107.8564,107.2054,108.4666,111.2340,110.8603,110.4943,115.1564,114.9478,115.6936,114.7693,109.7862,113.2166,114.8434,114.2847,109.6358,106.7333,109.8954,107.8703,104.9238,100.6231,99.9850,96.1769,95.6347,89.2020,89.0225,82.0000,86.1452,80.0562,80.5047,73.6817,76.2955,73.4983,0.0000,0.0000,0.0000,0.0000,0.0000,0.0000,0.0000,0.0000,0.0000,0.0000,0.0000,0.0000
1700000013.150000,-59.2,99.7647,100.4988,103.3247,104.0625,102.1763,103.3925,102.1763,102.0049,104.4031,101.7890,107.0747,106.6771,105.6788,104.9571,110.1454,110.9234,110.9234,103.3151,109.0046,111.0856,110.3087,109.5628,106.9766,110.3676,111.6647,111.9464,115.1347,114.1797,117.6435,115.7411,115.1086,115.1694,117.0000,113.8464,113.3181,110.0727,109.1238,105.5462,102.4744,103.9423,99.6444,99.3227,95.4149,92.6553,87.8009,86.2149,84.5044,83.5464,77.7946,77.8974,77.4661,71.0282,0.0000,0.0000,0.0000,0.0000,0.0000,0.0000,0.0000,0.0000,0.0000,0.0000,0.0000,0.0000
1700000013.200000,-63.7,98.5951,98.3514,99.0858,104.0048,101.4150,99.9050,99.2018,99.8649,103.2279,101.0198,102.9029,105.6882,106.5317,108.0463,110.5351,104.2017,108.6738,105.1190,105.7024,102.3181,106.2309,108.8485,105.3091,107.2241,110.4943,110.3857,114.5600,113.8420,117.3243,112.8938,113.5473,111.9464,115.1694,111.2340,112.8051,110.1681,107.3546,106.0047,103.4456,102.9563,96.5660,97.6371,94.0319,85.2115,85.2115,83.4086,85.9128,82.3286,77.7817,74.3303,74.2024,71.0282,0.0000,0.0000,0.0000,0.0000,0.0000,0.0000,0.0000,0.0000,0.0000,0.0000,0.0000,0.0000
1700000013.250000,-66.1,97.2523,97.1854,97.0052,95.0000,99.0051,97.0052,95.0474,98.2497,99.2472,98.5089,105.0762,102.1078,102.2595,105.3233,102.7716,104.0481,100.6876,101.6514,106.0424,105.7733,106.0424,107.2054,103.4070,107.5639,107.2241,107.2241,108.8485,107.9120,110.8603,109.5628,110.0545,112.2720,112.3610,109.8954,106.7380,106.9626,105.5367,99.8248,100.6231,95.7549,93.5361,93.2631,93.2631,88.2043,82.0000,82.0244,80.3057,79.1581,76.5310,73.9797,69.8570,66.0984,0.0000,0.0000,0.0000,0.0000,0.0000,0.0000,0.0000,0.0000,0.0000,0.0000,0.0000,0.0000
1700000013.300000,-61.8,98.8585,101.1781,102.0196,104.0192,100.0200,104.0000,104.0769,104.1201,105.6835,105.8017,102.7035,109.4897,107.3546,108.0602,112.1784,110.6345,108.6692,105.7733,110.0636,109.1100,110.7249,110.3676,104.9952,109.5628,112.7209,113.8464,119.2309,115.1694,118.8486,115.8792,116.1077,116.4560,117.0470,114.1797,114.0175,109.1421,113.0310,103.8123,106.0990,106.5317,98.8585,101.4938,94.5304,93.4345,88.0057,86.0000,88.0227,82.2192,78.1601,77.6466,78.6448,74.7262,0.0000,0.0000,0.0000,0.0000,0.0000,0.0000,0.0000,0.0000,0.0000,0.0000,0.0000,0.0000
1700000013.350000,-61.6,100.0050,103.0776,101.2126,105.2616,99.0202,106.2121,104.6231,102.3426,105.6882,103.5857,105.1190,109.5673,111.8034,110.5712,110.9820,105.7024,110.1681,105.3091,111.3283,108.8485,111.6647,111.3283,108.1665,115.6936,113.7585,113.6002,116.7604,114.5600,122.2620,112.0892,118.5960,119.8708,117.7455,114.0175,115.1564,113.8464,109.9318,107.8378,106.4519,106.4706,98.9798,101.2126,95.5249,95.9635,89.6270,86.2149,86.5563,82.8070,77.1557,81.3204,75.9276,72.8011,0.0000,0.0000,0.0000,0.0000,0.0000,0.0000,0.0000,0.0000,0.0000,0.0000,0.0000,0.0000
1700000013.400000,-60.8,102.4158,103.7690,105.6788,105.5888,103.5857,101.5480,104.8618,104.8618,106.4002,106.0189,110.0000,109.6358,109.4806,111.2879,111.9464,115.2606,111.0360,111.0360,111.8034,110.6345,108.9771,112.6987,110.4536,114.3372,116.5161,115.8836,115.2562,117.4436,119.6328,118.8486,118.0678,117.6860,119.6704,117.4138,115.9655,111.7318,111.7587,110.4536,106.4049,104.4845,100.8960,100.0000,100.4390,94.8683,90.7359,85.2350,84.1190,85.9069,80.6226,79.8499,75.8947,75.1332,0.0000,0.0000,0.0000,0.0000,0.0000,0.0000,0.0000,0.0000,0.0000,0.0000,0.0000,0.0000
1700000013.450000,-61.4,92.7631,95.7079,94.3663,98.0051,95.7549,95.6347,95.1315,97.1288,95.1893,97.0052,99.0051,99.1262,103.2376,99.1816,101.4002,101.5972,99.7246,99.1413,103.5761,103.5761,101.0000,104.9238,100.4390,102.1078,105.0190,107.9676,108.5219,107.7033,111.3239,107.7033,108.6830,106.9626,108.2589,106.3015,105.7213,102.9563,103.2473,99.5038,99.4082,99.1262,93.0484,94.0053,90.0056,84.0238,84.0536,81.4985,82.7345,76.7919,73.7564,71.5681,69.9214,64.2573,0.0000,0.0000,0.0000,0.0000,0.0000,0.0000,0.0000,0.0000,0.0000,0.0000,0.0000,0.0000
1700000013.500000,-61.9,101.5135,105.6030,103.0776,104.6375,103.3925,103.4795,103.2376,106.1508,103.3247,104.9952,109.3435,107.1681,110.0000,107.2007,107.6476,109.2886,110.4536,106.5317,109.4166,111.0180,109.6586,109.1787,110.9414,115.3950,114.9652,112.2586,117.3882,118.5960,116.3615,119.5073,115.4513,120.7684,117.6180,114.9478,114.6124,114.9087,110.6752,106.2309,106.5082,102.3426,103.2327,102.4500,95.9010,92.8493,91.3510,87.7269,85.5628,82.2192,80.9197,81.4002,78.2304,74.3034,0.0000,0.0000,0.0000,0.0000,0.0000,0.0000,0.0000,0.0000,0.0000,0.0000,0.0000,0.0000
1700000013.550000,-62.4,97.1288,97.5141,102.2595,102.2595,103.2473,100.9752,99.4636,102.1812,103.0776,104.2929,107.9676,106.2544,109.2016,107.5639,105.3043,106.2309,102.8834,109.2520,107.3546,110.0727,106.0236,106.4706,107.7822,108.4066,110.5351,110.0591,111.0180,114.9087,112.0045,113.3711,113.6002,114.9478,115.4513,113.3181,110.9234,110.3087,109.9318,105.6220,99.6243,97.4166,97.7190,96.1665,96.5401,87.6641,90.4268,85.4751,84.2140,80.1561,81.0247,78.0064,72.2496,69.2315,0.0000,0.0000,0.0000,0.0000,0.0000,0.0000,0.0000,0.0000,0.0000,0.0000,0.0000,0.0000
1700000013.600000,-61.3,101.4347,101.9657,102.3963,104.3072,98.3260,104.1201,104.0192,105.0048,105.0762,104.0769,106.1179,108.7796,106.4706,108.4620,109.7725,108.0602,113.7717,110.2180,108.6830,111.5706,109.6358,109.2016,107.2007,112.9292,114.5600,115.1347,118.9286,114.1622,117.6435,118.2709,116.7604,117.6435,118.4061,115.9483,115.9526,111.1980,110.1681,106.7942,105.8017,104.8093,100.4042,100.3195,97.1854,94.0053,89.0225,82.0244,85.1469,84.3801,79.0759,74.7329,75.6902,68.9638,0.0000,0.0000,0.0000,0.0000,0.0000,0.0000,0.0000,0.0000,0.0000,0.0000,0.0000,0.0000
1700000013.650000,-62.3,98.1122,101.0198,99.0454,104.0433,101.4002,101.4002,100.8960,101.5332,104.0625,103.3925,106.0754,107.4802,108.3744,104.1393,107.6290,108.4066,106.8270,104.4031,108.8118,107.6476,107.0047,108.4666,106.0189,112.8716,109.9318,113.3711,113.8771,111.0180,115.1043,112.5078,114.9087,115.4340,116.6062,115.9353,113.4637,108.8118,110.0000,104.6375,102.1763,104.9952,97.6729,99.7246,94.7629,91.9239,89.1964,83.2406,84.0238,81.6088,76.8505,76.3217,73.3553,71.1758,0.0000,0.0000,0.0000,0.0000,0.0000,0.0000,0.0000,0.0000,0.0000,0.0000,0.0000,0.0000
1700000013.700000,-59.3,93.9628,94.5780,94.3398,93.6376,97.1442,92.7038,93.6216,97.9898,97.9898,100.6231,101.5332,101.2126,100.7025,100.4042,98.6154,106.0189,99.8649,103.2279,98.8585,103.2327,101.6071,103.5857,103.7111,103.3925,107.7126,104.6900,106.8878,111.0721,107.6290,111.1261,106.9626,108.8531,108.7060,105.8915,104.0192,105.9481,102.0784,100.4042,96.5660,93.5361,96.1769,91.3017,91.6788,84.5281,82.4621,79.0569,80.0062,79.4040,77.3692,73.5459,68.7314,64.1950,0.0000,0.0000,0.0000,0.0000,0.0000,0.0000,0.0000,0.0000,0.0000,0.0000,0.0000,0.0000
1700000013.750000,-59.5,98.2497,98.0204,98.0000,99.0051,99.2472,95.1893,98.3260,99.3227,99.8499,99.1413,104.5610,105.9056,104.9238,101.6366,101.3903,106.7380,103.4456,102.4890,101.5135,105.0048,102.8834,105.4751,102.8834,104.3887,108.3374,108.3374,109.5901,109.1650,110.4943,113.3181,113.3181,109.3846,111.4271,107.3359,108.7842,108.7842,107.5639,102.6158,97.7446,98.4886,95.5249,94.7259,92.2280,86.8332,86.3713,81.3019,83.0241,79.0253,76.0263,74.2428,74.8131,70.2140,0.0000,0.0000,0.0000,0.0000,0.0000,0.0000,0.0000,0.0000,0.0000,0.0000,0.0000,0.0000
1700000013.800000,-59.3,95.0789,95.7079,98.8382,100.1798,101.5972,96.6488,96.7471,97.6371,99.3227,98.2293,102.8008,104.0192,104.4845,103.4795,104.1393,102.6499,103.3247,100.4490,101.1781,104.6900,108.1897,106.8316,104.9952,106.2121,107.0047,108.0741,110.8016,110.8016,115.0000,110.8016,108.7060,110.6345,107.8147,109.7862,108.3005,108.1897,108.3005,101.1385,101.1781,97.0000,97.6166,95.7758,92.0054,89.4036,85.2115,80.9938,79.6492,77.8203,77.8203,74.3236,72.8011,69.2604,0.0000,0.0000,0.0000,0.0000,0.0000,0.0000,0.0000,0.0000,0.0000,0.0000,0.0000,0.0000
1700000013.850000,-62.4,103.3247,100.0000,105.6220,101.1929,105.3043,106.2826,104.7855,103.7882,105.7024,104.2353,107.3546,110.1454,107.9120,107.5407,109.0780,110.3857,108.8118,105.6882,111.6065,108.4066,112.0045,108.0741,113.2299,112.6987,113.4548,114.3372,114.7693,119.6704,117.0342,116.9316,113.4548,118.8486,117.6138,117.6138,113.2254,113.4637,110.6752,106.5317,104.4462,103.9423,97.5295,100.1848,98.4124,90.2497,89.8888,83.2166,82.9699,81.6088,82.5651,77.6660,76.6551,70.0071,0.0000,0.0000,0.0000,0.0000,0.0000,0.0000,0.0000,0.0000,0.0000,0.0000,0.0000,0.0000
1700000013.900000,-58.1,90.5538,90.6090,91.9348,94.7629,94.0479,89.2749,91.2853,92.7631,90.2718,93.6002,96.8349,99.3227,96.8969,98.2700,97.9439,97.1288,96.1769,95.7706,98.8382,98.8382,99.2824,98.4124,97.0824,101.8430,101.9510,101.8430,106.4049,105.3423,103.1213,102.7862,104.9238,104.3887,102.4158,102.4158,105.0952,102.9563,100.2247,98.4886,93.6483,92.6499,89.8721,89.3085,85.0000,81.8352,77.3369,75.0733,77.8332,75.0067,73.1095,71.0634,68.6003,66.3702,0.0000,0.0000,0.0000,0.0000,0.0000,0.0000,0.0000,0.0000,0.0000,0.0000,0.0000,0.0000
1700000013.950000,-61.6,101.8627,102.5329,101.8627,107.6290,105.6456,101.4150,105.2616,105.2616,106.2121,109.6221,107.3359,112.1606,108.4066,109.6586,109.6586,110.9414,110.9234,110.9820,109.6586,109.9318,111.8928,113.6530,111.7900,114.7911,118.9286,115.7411,117.6435,120.8801,117.7200,122.7110,119.2183,119.2183,118.9286,119.2686,116.6190,119.0126,115.4513,113.6002,111.8034,102.0000,103.9423,102.2155,100.4988,93.7443,92.0869,87.6185,88.7299,85.7963,82.7587,77.1557,76.5768,72.8011,0.0000,0.0000,0.0000,0.0000,0.0000,0.0000,0.0000,0.0000,0.0000,0.0000,0.0000,0.0000
1700000014.000000,-62.4,98.3870,95.2733,103.2473,99.5389,106.2309,98.0816,99.0202,99.2975,102.4890,106.9626,104.2929,105.9056,107.8703,109.3298,102.9612,110.8873,105.4751,108.7796,104.1729,109.6586,108.2959,108.1157,108.0741,110.0045,112.0045,110.0182,113.0177,116.0689,110.0727,118.0042,109.0046,116.0172,114.0702,113.0708,112.2853,112.2853,110.3676,102.7035,102.8251,99.2975,102.9612,94.7259,96.3016,88.5268,88.5438,86.0349,81.7068,81.7068,81.4371,76.9220,73.9256,69.4046,0.0000,0.0000,0.0000,0.0000,0.0000,0.0000,0.0000,0.0000,0.0000,0.0000,0.0000,0.0000
1700000014.050000,-60.4,104.0481,100.4241,102.4890,102.1421,104.4031,102.7862,102.5524,102.9563,106.0236,105.5462,111.3598,111.0180,112.5078,109.9318,109.4166,112.8938,109.6221,114.2847,108.4066,112.0045,112.0045,107.6151,110.8873,114.3372,114.0219,112.6987,117.4564,116.7262,115.3646,119.6704,113.4548,118.4441,118.0678,115.8836,115.6028,113.2254,112.0714,110.3857,105.6882,100.4988,104.7091,100.7224,102.4744,93.9149,90.3770,88.0227,86.9770,85.0706,84.4808,83.4326,77.1038,73.2462,0.0000,0.0000,0.0000,0.0000,0.0000,0.0000,0.0000,0.0000,0.0000,0.0000,0.0000,0.0000
1700000014.100000,-64.9,104.4797,98.7320,101.9804,103.4070,105.9056,102.3914,104.2929,106.0424,105.6220,109.1100,107.2054,108.5035,112.1606,110.1681,109.6586,108.6738,108.6738,110.9414,111.1395,109.4166,110.4536,114.2804,111.1395,112.0714,113.2078,113.7409,114.4028,116.6062,114.0395,116.6062,113.7189,117.3243,116.4989,114.0570,118.5116,114.6124,107.0420,109.1238,106.0236,104.7855,102.0441,96.9330,99.0202,91.1811,89.1964,85.7263,87.3212,83.4326,82.0366,80.3990,77.0260,74.0000,0.0000,0.0000,0.0000,0.0000,0.0000,0.0000,0.0000,0.0000,0.0000,0.0000,0.0000,0.0000
1700000014.150000,-60.9,98.5089,98.1275,102.0049,101.1237,104.0000,98.0204,102.0784,101.4002,102.3132,101.8332,104.9381,102.9563,103.9423,103.5761,102.9612,107.9352,106.7333,108.6830,104.1201,106.3203,105.0809,109.4166,106.2544,109.5628,110.3857,108.8485,112.1606,113.6530,109.9318,111.6647,111.3283,112.2720,115.1086,113.8859,112.0892,112.7918,107.2007,103.3683,103.5761,99.4636,100.7174,92.4392,96.5194,86.1452,88.0909,84.0000,82.1523,82.1523,78.5175,76.9415,71.0634,68.9638,0.0000,0.0000,0.0000,0.0000,0.0000,0.0000,0.0000,0.0000,0.0000,0.0000,0.0000,0.0000
1700000014.200000,-64.1,97.0824,98.4124,99.2824,102.0000,97.7548,98.6154,103.1746,99.0454,102.2008,100.0000,104.6231,105.2616,104.4845,107.0561,109.1238,106.7942,105.3803,104.6518,106.1037,107.5174,107.6290,107.8147,104.0625,107.6151,110.8873,111.8258,111.2115,113.2299,115.2562,112.6144,114.4771,116.2755,114.7693,111.0721,111.0721,108.9036,109.6038,106.3015,107.0561,102.1763,98.8585,97.6166,95.2103,89.6270,87.3670,86.0930,85.0882,84.5281,78.0000,77.6209,77.7946,71.0634,0.0000,0.0000,0.0000,0.0000,0.0000,0.0000,0.0000,0.0000,0.0000,0.0000,0.0000,0.0000
1700000014.250000,-61.2,103.4070,106.7942,104.3887,109.3709,106.3015,106.1697,106.0047,108.0185,110.0045,108.1157,110.2905,113.6354,114.7388,112.7519,112.7519,111.3059,116.4989,110.2180,111.0856,109.1421,108.9082,113.0531,109.8954,115.4340,114.7911,118.2709,119.2686,118.9286,120.5529,118.9286,118.5960,118.9033,121.4578,118.4061,120.5405,113.5077,114.7563,110.8558,110.8197,106.2121,102.8251,101.9657,98.5089,94.4299,93.0215,89.0225,88.0057,85.0941,81.3941,79.0759,78.6448,72.2772,0.0000,0.0000,0.0000,0.0000,0.0000,0.0000,0.0000,0.0000,0.0000,0.0000,0.0000,0.0000
1700000014.300000,-61.2,101.6071,103.8123,106.5317,109.6038,109.9318,108.5587,106.0047,105.1190,111.3598,110.5712,110.9820,113.0885,112.1606,112.6055,112.3610,113.6002,112.9292,113.6002,113.7585,113.0310,113.0531,112.8051,109.1421,117.7115,118.0678,115.1217,118.8697,119.8541,121.6553,117.7115,119.6411,120.0333,116.9273,116.4174,115.9483,114.8434,111.0180,114.1622,108.6324,106.6255,102.5524,102.8834,97.9898,91.6788,89.5545,88.8369,86.5332,83.7616,81.4002,80.8084,77.1038,75.1665,0.0000,0.0000,0.0000,0.0000,0.0000,0.0000,0.0000,0.0000,0.0000,0.0000,0.0000,0.0000
1700000014.350000,-60.7,100.4639,105.3091,103.7882,106.4519,102.0000,102.0833,104.7091,103.9423,104.9571,106.2309,109.6221,110.8016,112.1606,110.2588,114.3372,111.2879,114.0219,109.7862,111.7318,112.4856,113.1371,110.3087,111.0360,114.9783,116.5161,115.4340,117.7964,116.2755,119.9708,119.9708,120.4159,116.1034,116.6919,115.9655,117.4138,112.4500,112.4500,113.2784,107.1681,108.0741,101.6071,102.2008,98.4733,94.3398,93.8136,87.7097,88.1419,84.3090,83.3847,80.9938,77.7946,75.3127,0.0000,0.0000,0.0000,0.0000,0.0000,0.0000,0.0000,0.0000,0.0000,0.0000,0.0000,0.0000
1700000014.400000,-64.1,105.3091,109.3846,107.8378,110.9234,109.1787,106.4706,110.0591,112.0045,113.7409,112.3299,113.4637,117.6435,113.6002,116.0388,118.8486,117.2902,116.8461,114.1096,115.3646,116.7776,115.2779,115.9655,115.9655,117.5160,121.7539,119.7539,123.9879,123.9879,125.1000,123.9879,122.4949,123.7942,124.4829,121.6306,124.5231,120.2414,119.0042,114.1096,112.2943,113.8508,109.0413,109.0413,103.1746,98.6154,99.3630,89.9444,91.2853,91.9239,86.9253,83.4865,85.1645,80.0625,0.0000,0.0000,0.0000,0.0000,0.0000,0.0000,0.0000,0.0000,0.0000,0.0000,0.0000,0.0000
1700000014.450000,-58.6,101.1385,106.4049,104.4845,109.6358,107.0047,107.0047,108.8531,108.4666,110.4355,109.8362,113.2078,114.0570,115.6028,111.8928,113.6486,109.5673,113.1592,111.3598,112.9248,110.3087,110.1681,114.0175,108.0787,114.4902,117.0470,117.0470,120.1665,117.9534,121.7580,119.2183,119.8708,121.2642,118.8486,117.0000,119.0126,116.2755,112.7298,112.7120,109.6586,109.4166,103.2473,103.1746,98.4733,95.6033,92.8009,87.8635,89.1067,89.1067,87.7269,83.2406,80.4487,77.1751,0.0000,0.0000,0.0000,0.0000,0.0000,0.0000,0.0000,0.0000,0.0000,0.0000,0.0000,0.0000
1700000014.500000,-64.1,104.0048,103.2473,106.7755,105.4751,107.6290,107.1681,106.6677,111.0180,111.8302,114.6211,112.8938,114.0570,115.4340,114.9087,113.5341,115.9741,111.8034,116.3615,112.2586,116.4689,115.3950,117.2732,116.2454,116.8118,119.9708,115.5206,121.4331,125.2517,122.0901,126.5306,119.0378,120.7021,120.9339,120.9339,119.7748,123.4828,120.3038,113.1768,112.0045,105.8159,106.8504,104.0433,104.6231,96.6075,96.0469,89.4986,92.9570,87.6926,88.4590,84.8116,80.6040,75.7166,0.0000,0.0000,0.0000,0.0000,0.0000,0.0000,0.0000,0.0000,0.0000,0.0000,0.0000,0.0000
1700000014.550000,-58.7,104.5466,102.0441,109.5673,108.2266,109.1284,105.5888,110.9820,110.1136,108.1665,113.7189,116.4989,114.8085,115.2562,115.2562,112.9292,118.9286,113.2166,116.7776,113.8464,111.7587,116.0000,118.9286,118.1397,121.0826,118.5622,116.2755,119.0168,126.2101,122.0041,125.6025,123.0650,123.0650,120.7394,121.0826,118.9286,120.2165,114.5513,115.4340,110.5351,107.6290,110.2588,102.0049,102.0049,96.2601,96.2549,90.9725,90.9175,86.7698,88.1022,83.0060,83.1685,82.0000,0.0000,0.0000,0.0000,0.0000,0.0000,0.0000,0.0000,0.0000,0.0000,0.0000,0.0000,0.0000
1700000014.600000,-63.2,106.8878,111.1980,108.8531,114.2147,109.0183,110.4219,112.2007,110.2089,115.4340,113.7409,117.1367,117.9915,120.0667,120.3038,121.2353,117.6180,120.7477,114.4902,117.2732,118.1863,122.5765,121.0785,116.4689,120.2082,122.0901,120.2082,127.1377,124.2779,127.1377,119.2183,126.2894,128.5146,127.5343,122.2497,124.3905,118.9664,119.4069,117.1836,116.3615,115.4859,108.7244,107.4151,104.0433,100.6032,100.0000,95.6713,93.3488,90.5207,85.7963,86.0523,81.2158,79.0759,0.0000,0.0000,0.0000,0.0000,0.0000,0.0000,0.0000,0.0000,0.0000,0.0000,0.0000,0.0000
1700000014.650000,-64.3,99.0051,104.6900,102.6499,108.2451,103.4795,108.8531,108.8531,104.2017,108.6002,109.0413,110.6797,111.5168,112.6810,114.0570,111.8928,110.9414,110.5351,107.3313,113.7189,111.8258,111.8928,113.0885,110.5712,113.8859,118.6802,115.5206,119.5408,114.4814,116.3873,113.5297,119.2686,119.5408,119.0378,115.8792,114.5426,112.7298,115.3950,108.6738,106.0047,107.4244,103.5857,104.9571,100.4988,95.6922,94.6414,86.8332,87.9659,84.2912,86.2670,78.6448,80.6040,72.6705,0.0000,0.0000,0.0000,0.0000,0.0000,0.0000,0.0000,0.0000,0.0000,0.0000,0.0000,0.0000
1700000014.700000,-62.4,108.8118,113.5077,116.6619,114.7258,113.7805,115.7325,116.5590,116.4002,118.0890,117.8346,121.8072,122.3315,124.5793,121.0661,124.1974,125.0160,122.0041,118.0042,122.0656,122.0164,124.1974,121.2023,124.2578,121.5936,124.7878,125.8968,128.0039,126.0198,125.8968,128.8759,125.7816,125.8968,127.3185,125.3236,127.1928,122.0164,121.0165,115.0043,117.1068,115.1086,114.3547,111.2879,107.6708,102.2595,98.6560,97.8621,96.3016,92.6553,88.6002,86.7295,85.8662,80.7775,0.0000,0.0000,0.0000,0.0000,0.0000,0.0000,0.0000,0.0000,0.0000,0.0000,0.0000,0.0000
1700000014.750000,-66.3,114.0570,111.6468,117.6478,117.2391,116.2755,117.1708,118.1863,120.9339,117.0000,121.4907,122.4296,125.2517,124.5953,123.0163,124.2779,127.3460,123.2234,124.1974,123.7619,123.3572,126.6965,122.8088,122.0000,124.9040,128.9961,127.7693,127.5657,128.8759,125.5747,122.4949,127.5657,126.0198,129.7112,127.2831,127.4755,124.1974,122.7844,120.3038,117.7200,115.5206,112.3610,110.7249,109.1100,107.7033,103.6195,96.6644,98.4886,94.6678,92.4392,89.4036,86.6833,81.3449,0.0000,0.0000,0.0000,0.0000,0.0000,0.0000,0.0000,0.0000,0.0000,0.0000,0.0000,0.0000
1700000014.800000,-59.5,110.4943,108.6876,109.1284,112.6987,112.3788,114.1271,110.2769,117.6605,115.4340,116.5032,119.2812,121.0165,122.6418,119.2015,122.0041,120.5073,122.0246,116.9316,121.0826,120.2830,123.8426,121.6306,118.1059,118.1059,125.1759,123.1097,125.4950,124.5231,125.1759,124.7397,125.8730,125.8730,125.1759,121.6553,122.3479,120.5073,119.4738,119.6328,117.8007,114.0395,107.4151,109.5536,105.3945,101.3558,98.1122,95.2943,93.5201,93.4077,89.8109,86.3308,83.9524,79.0759,0.0000,0.0000,0.0000,0.0000,0.0000,0.0000,0.0000,0.0000,0.0000,0.0000,0.0000,0.0000
1700000014.850000,-59.6,115.2606,114.4246,116.5204,120.4159,116.1077,119.4194,122.0000,120.0000,120.0042,120.2664,126.0635,127.3931,126.4792,127.1417,126.7754,126.2894,128.7245,125.7179,129.2942,126.6057,128.3199,127.6127,123.4909,128.4445,130.0807,131.2440,131.6738,129.9731,132.8533,130.0346,134.0821,134.0821,131.8674,130.9427,128.4445,124.7237,126.3725,122.0246,121.2023,118.4567,115.9181,114.2716,111.3059,103.4843,101.4938,98.0204,97.0052,100.0000,90.0888,91.3510,85.9884,83.4326,0.0000,0.0000,0.0000,0.0000,0.0000,0.0000,0.0000,0.0000,0.0000,0.0000,0.0000,0.0000
1700000014.900000,-61.4,118.2074,118.5116,125.1599,122.0533,126.4358,123.4706,129.6341,127.6754,131.2440,130.7287,132.6989,131.3202,134.4061,132.5179,129.3561,135.1925,133.3304,133.5440,132.9135,136.5650,130.2690,135.5175,134.8518,133.9590,133.7236,140.0036,138.0616,139.6710,134.2386,142.2990,135.5950,140.9433,140.4315,135.5065,137.3208,136.0588,131.7004,127.7693,127.0157,123.0325,124.6194,117.1751,117.3414,107.7033,112.0580,104.2353,103.9471,103.9471,98.0204,97.0052,97.0824,86.7006,0.0000,0.0000,0.0000,0.0000,0.0000,0.0000,0.0000,0.0000,0.0000,0.0000,0.0000,0.0000
1700000014.950000,-63.8,108.8944,111.0180,110.4536,118.2582,115.6244,122.0246,116.6062,118.6002,124.0363,122.3315,124.0363,127.4245,128.2809,125.3994,125.8968,125.2398,129.2942,123.4342,127.1220,126.3171,123.5678,126.0873,123.1666,128.5146,126.0873,131.3202,130.9733,131.2440,133.7647,129.3561,130.2997,132.8533,129.9731,128.1600,124.7878,124.7878,121.3343,126.5741,120.3079,117.6478,110.5351,110.5351,109.4166,107.9120,104.6231,96.0208,98.2344,95.9010,89.8721,85.5862,85.7963,83.8153,0.0000,0.0000,0.0000,0.0000,0.0000,0.0000,0.0000,0.0000,0.0000,0.0000,0.0000,0.0000
1700000015.000000,-59.2,115.4859,112.8716,115.6633,121.7949,123.9758,121.6059,118.8486,121.5113,125.1000,124.8439,128.3160,130.1384,131.0458,126.5899,130.1384,135.0741,130.1384,131.5523,128.8177,129.0736,128.9729,131.3659,126.8227,132.2006,134.2013,131.6055,135.6650,131.8256,134.6180,135.6245,132.2006,132.2006,134.6180,134.3168,131.2440,131.6548,129.3213,126.0635,120.2082,119.5533,120.9339,116.0431,116.1809,106.5270,107.1681,102.8008,99.2975,97.6371,97.2471,90.3383,90.2497,83.2166,0.0000,0.0000,0.0000,0.0000,0.0000,0.0000,0.0000,0.0000,0.0000,0.0000,0.0000,0.0000
1700000015.050000,-59.6,114.0614,115.3950,119.0798,122.2988,126.4002,119.5701,124.9080,125.3994,125.1000,124.4026,130.4301,130.6024,134.8073,130.4186,128.8449,133.9590,132.3820,131.8939,130.9695,131.7118,130.9695,129.4025,129.4488,132.2460,135.0741,133.0038,137.2443,137.9746,133.6899,138.6579,135.7719,136.4881,134.4173,133.8693,135.8823,131.2440,133.5440,127.4402,122.0041,124.6194,116.2497,117.6605,113.8771,107.9120,108.3005,104.6518,101.3903,98.6154,100.9009,92.7200,91.2195,85.7088,0.0000,0.0000,0.0000,0.0000,0.0000,0.0000,0.0000,0.0000,0.0000,0.0000,0.0000,0.0000
1700000015.100000,-58.2,110.4219,113.0708,114.6909,115.6244,114.8651,119.6035,116.6919,116.6919,122.4949,119.6035,123.8426,127.0157,125.8769,125.2517,129.3213,125.2517,127.6127,122.0041,127.5813,125.9246,126.4911,128.1405,120.1083,127.1417,127.7693,127.6323,131.2288,127.7693,133.8432,129.7690,132.4009,133.2554,133.1353,130.6331,130.0961,123.4585,128.2225,120.4201,121.5113,120.7394,110.6345,113.3578,108.2081,108.8944,101.4150,99.2472,97.1854,94.3027,90.1388,90.2109,83.6481,83.9345,0.0000,0.0000,0.0000,0.0000,0.0000,0.0000,0.0000,0.0000,0.0000,0.0000,0.0000,0.0000
1700000015.150000,-63.1,111.6289,118.9286,121.1156,123.8588,123.1666,122.3846,123.9072,126.1269,126.1150,130.1768,128.9961,134.8258,135.6798,132.0757,136.3415,133.9888,132.8796,132.0189,133.4054,135.4179,131.2440,133.4054,134.9518,135.5913,137.5354,133.3042,136.6199,137.2953,137.9311,137.9311,140.7196,138.8524,137.9058,136.0331,135.4179,132.2800,130.6675,132.0189,125.7179,126.4002,118.2074,119.7080,118.0678,110.0182,107.3546,100.4639,98.7927,101.5923,99.3277,92.1954,93.3809,89.2749,0.0000,0.0000,0.0000,0.0000,0.0000,0.0000,0.0000,0.0000,0.0000,0.0000,0.0000,0.0000
1700000015.200000,-59.5,102.8008,109.0183,112.0580,112.6055,116.1077,113.0177,115.6028,118.5116,119.4069,121.2023,124.3543,122.6540,124.8119,124.2337,125.3994,126.5306,128.7517,124.6194,129.5415,125.6861,126.5306,129.0310,123.7619,128.3199,125.3994,127.3460,128.0820,130.4186,127.9062,129.0659,126.1150,127.6754,129.6341,130.9695,126.1269,126.6491,126.6491,116.3787,115.1086,114.5862,114.3897,115.3170,108.8531,104.2785,97.9439,98.9798,97.1288,92.0869,92.2009,90.9065,85.1469,82.8794,0.0000,0.0000,0.0000,0.0000,0.0000,0.0000,0.0000,0.0000,0.0000,0.0000,0.0000,0.0000
1700000015.250000,-64.5,116.4002,111.0405,115.1086,120.6151,123.9072,118.8697,121.6224,124.4588,125.9365,129.0736,132.9097,135.5913,131.8219,134.2013,131.6055,136.4844,132.3102,133.6899,129.8499,133.9888,134.1119,134.8258,131.6093,136.4185,138.1955,134.6143,136.0588,141.7674,139.5564,136.8941,136.4185,138.1955,140.0643,137.8296,134.8258,135.2036,134.6291,129.5415,123.9758,122.8861,122.8861,115.8016,117.6138,111.0405,110.6345,104.6900,102.5329,105.3803,99.3579,96.0469,91.8368,85.8836,0.0000,0.0000,0.0000,0.0000,0.0000,0.0000,0.0000,0.0000,0.0000,0.0000,0.0000,0.0000
1700000015.300000,-63.1,110.1635,113.0398,115.4340,117.3456,117.9576,120.9339,119.2393,119.8541,122.1843,126.3725,128.3160,128.3160,129.1201,126.2418,128.7362,131.2440,128.5146,129.6187,132.7742,131.6738,128.1562,132.9135,128.9496,131.9470,134.2386,130.1768,136.3415,141.0319,138.4233,136.3415,134.2386,136.9525,136.8832,135.9890,131.4838,134.1827,130.1883,126.8464,121.4619,120.9049,119.9708,113.5473,114.7911,107.0047,106.4800,97.2934,102.9612,98.1529,99.1413,95.1893,93.0054,86.2090,0.0000,0.0000,0.0000,0.0000,0.0000,0.0000,0.0000,0.0000,0.0000,0.0000,0.0000,0.0000
1700000015.350000,-57.2,114.1271,117.2007,115.5509,118.1059,118.3089,114.7693,121.7580,122.0901,125.0000,125.1599,131.0420,128.0625,130.9695,127.3460,130.2690,126.3012,126.6965,127.5774,127.5657,123.5840,123.6851,127.5657,124.5793,119.2057,121.2023,121.2023,115.0695,118.0678,119.0378,113.0708,124.1451,121.1487,112.4455,121.4125,116.4302,125.2996,124.0363,128.5652,125.7657,123.1666,123.0000,120.5405,115.9483,114.0175,108.1573,104.1777,102.3181,101.9804,101.0742,97.7548,93.7443,91.2140,0.0000,0.0000,0.0000,0.0000,0.0000,0.0000,0.0000,0.0000,0.0000,0.0000,0.0000,0.0000
1700000015.400000,-58.2,115.7325,108.5035,115.9526,112.0580,120.7849,116.9145,120.5031,123.6487,123.6487,125.9365,131.3202,129.6187,128.9496,129.7112,129.2826,134.6143,127.0590,131.9470,132.4009,132.4009,128.7983,127.8632,133.6899,136.0147,133.7012,131.2440,135.8013,137.6118,140.0000,140.8013,134.8481,144.0312,141.8238,135.3514,137.8441,133.6899,131.5485,128.4134,124.9080,119.8833,122.1024,120.7684,115.5509,111.6154,108.0787,102.1421,108.2405,99.9250,101.9804,96.6902,92.5419,90.0056,0.0000,0.0000,0.0000,0.0000,0.0000,0.0000,0.0000,0.0000,0.0000,0.0000,0.0000,0.0000
1700000015.450000,-63.9,104.4031,110.1136,111.4002,116.7262,116.1077,116.1077,117.7200,118.1524,121.4125,121.0372,123.0000,127.0039,127.0000,127.0354,127.1417,126.3210,126.3962,124.4026,124.9040,125.2996,127.6636,128.7245,128.5652,128.2654,123.3572,126.9055,124.6635,122.7233,122.5275,127.3460,120.4159,121.3960,122.6418,124.6154,122.3315,123.6851,127.5657,127.1417,127.1928,126.0635,121.0372,118.0042,121.0661,109.4578,107.3778,105.0762,103.5857,105.7592,100.4241,95.8801,91.3893,91.2853,0.0000,0.0000,0.0000,0.0000,0.0000,0.0000,0.0000,0.0000,0.0000,0.0000,0.0000,0.0000
1700000015.500000,-63.7,103.8123,101.2423,104.4462,110.0591,107.9120,106.8925,111.6154,107.0187,114.0175,114.2322,116.8118,117.9873,122.7110,122.4132,121.5648,125.3994,121.3960,121.8072,121.3960,120.6690,125.1319,126.7517,123.3207,123.9113,127.2792,125.7816,127.8828,126.6689,126.3962,126.3962,126.6689,124.7878,124.1692,126.7517,128.5652,129.0659,127.0984,122.4827,119.8165,117.6308,117.8813,110.1635,111.9464,105.3043,104.5466,99.0051,101.0742,97.1288,97.0979,92.9139,87.4586,86.3134,0.0000,0.0000,0.0000,0.0000,0.0000,0.0000,0.0000,0.0000,0.0000,0.0000,0.0000,0.0000
1700000015.550000,-60.5,109.1284,108.9082,114.5862,112.0714,113.4416,114.5469,115.4210,119.0168,123.4342,123.1666,123.0691,128.6934,128.7634,129.4488,125.9365,128.9729,129.7266,127.4755,130.4186,132.4387,128.8449,129.8076,131.2098,136.7516,134.2721,136.1800,140.9113,139.6066,142.0035,138.3980,137.8768,141.8238,141.4001,138.2245,135.8713,136.2351,136.2351,133.2066,129.4952,124.4508,123.0691,121.2642,124.7397,113.4548,115.1086,103.7304,108.7566,98.1122,101.0792,96.6644,91.5478,91.7606,0.0000,0.0000,0.0000,0.0000,0.0000,0.0000,0.0000,0.0000,0.0000,0.0000,0.0000,0.0000
1700000015.600000,-64.5,98.0051,98.9798,102.6255,105.3945,107.0747,104.8093,106.5270,108.4666,110.4536,111.0360,116.0431,115.2779,118.1059,116.7776,118.2582,119.3315,119.3315,117.0342,120.4326,121.0165,121.0165,120.9297,122.0656,125.9365,123.7134,125.3994,128.7983,129.4952,128.7983,129.5415,129.5415,130.3840,130.3840,128.7051,126.8267,128.6002,124.0161,121.5113,119.0042,116.9316,114.5862,112.4322,112.4322,106.2168,100.7671,98.8585,98.6002,96.2601,95.4149,91.3017,89.9611,84.7585,0.0000,0.0000,0.0000,0.0000,0.0000,0.0000,0.0000,0.0000,0.0000,0.0000,0.0000,0.0000
1700000015.650000,-58.7,99.9250,102.7862,98.9798,110.0545,104.9238,107.0187,110.4943,108.6738,108.3005,107.9120,116.4689,116.7647,115.9655,118.1524,121.7580,114.8564,125.0000,114.0395,122.2866,120.4201,122.2866,123.9879,119.0966,123.7942,123.8426,125.9921,131.5523,124.5231,134.3801,125.9921,128.8177,132.5481,128.0820,130.0961,129.3213,124.4026,126.8267,120.9297,119.0378,121.5936,114.3897,117.2391,110.9414,107.7868,102.6937,99.0051,99.9300,98.7623,98.4937,94.7259,88.6848,85.1469,0.0000,0.0000,0.0000,0.0000,0.0000,0.0000,0.0000,0.0000,0.0000,0.0000,0.0000,0.0000
1700000015.700000,-65.2,101.0000,104.0000,103.1213,103.2376,106.9205,107.5639,105.3803,107.8703,108.9082,111.4002,116.2110,118.9033,120.2082,117.0470,120.2082,121.0785,119.5073,119.9208,118.9664,119.8833,119.4194,121.7087,122.1884,124.3423,128.4718,125.9365,131.7460,129.5299,132.0189,135.3514,132.6084,132.0757,134.6291,127.2635,128.9961,128.9961,127.5343,123.4342,123.4828,119.9208,117.6860,117.5457,119.9708,109.4166,107.8564,101.3903,101.7890,96.8814,98.9949,94.2603,94.0213,88.2780,0.0000,0.0000,0.0000,0.0000,0.0000,0.0000,0.0000,0.0000,0.0000,0.0000,0.0000,0.0000
1700000015.750000,-62.6,103.2763,100.2646,101.4002,103.8123,105.1190,105.9481,104.8093,106.4706,113.6002,112.2586,114.1271,116.4689,116.8118,116.0560,122.7029,120.6027,116.9145,120.6027,119.1008,122.7233,121.8072,122.3765,121.2023,126.8897,126.2894,128.2692,126.4792,127.8828,126.4792,124.7878,124.6796,126.8897,126.7754,125.7657,129.6341,127.2831,129.2478,127.8828,124.4548,121.5648,120.8801,116.6919,119.5408,110.4943,107.8378,103.8701,104.6518,102.4744,98.7927,96.0208,95.6713,89.1403,0.0000,0.0000,0.0000,0.0000,0.0000,0.0000,0.0000,0.0000,0.0000,0.0000,0.0000,0.0000
1700000015.800000,-61.3,98.1529,97.0824,102.2008,99.6895,101.8332,99.6243,103.0776,101.9657,106.9299,106.8925,112.8716,111.2205,111.3059,112.6055,115.9655,117.8007,115.4210,117.0043,114.6342,114.2147,114.2147,122.0246,119.5533,119.5031,125.9921,125.1759,124.7397,130.8320,126.5899,128.9729,125.1759,126.5899,127.2792,124.4508,124.5231,128.0352,125.3196,119.4738,122.2866,122.1475,115.1086,110.0000,110.1136,101.3558,100.7224,101.0742,101.9657,102.0441,96.1353,91.7606,90.9560,86.3134,0.0000,0.0000,0.0000,0.0000,0.0000,0.0000,0.0000,0.0000,0.0000,0.0000,0.0000,0.0000
1700000015.850000,-60.4,100.3195,97.2523,101.0050,101.0050,101.0198,100.2447,104.8093,104.3935,104.5610,108.5035,115.7411,112.0580,111.6109,114.0175,112.2720,120.8139,115.1086,117.6520,116.4689,118.3089,120.1541,117.2007,121.3343,118.1059,120.4201,121.2023,124.3543,127.6323,123.3086,131.0611,127.0157,127.9062,129.2942,125.7179,123.0041,130.0000,125.1599,125.3555,118.5960,114.8434,118.0042,111.9732,113.5650,106.5129,105.9056,99.1413,100.4988,98.5089,97.0052,95.0842,93.6483,82.7647,0.0000,0.0000,0.0000,0.0000,0.0000,0.0000,0.0000,0.0000,0.0000,0.0000,0.0000,0.0000
1700000015.900000,-64.5,103.0776,101.2571,106.4002,106.4002,101.9804,102.0686,104.7378,110.3177,108.9771,116.6619,114.9783,118.0678,117.4436,117.8007,119.6202,120.3703,119.2812,115.1217,120.5695,122.8007,121.7949,123.6649,123.1666,129.2517,129.2517,125.7816,133.2967,130.1883,130.1422,131.9280,131.0611,130.1422,132.0984,131.3697,128.4718,128.4134,127.5813,127.0630,122.8007,122.8007,116.2110,120.2830,117.6860,112.4322,108.3005,106.9626,106.6677,102.2008,99.5691,95.5249,98.3870,88.6002,0.0000,0.0000,0.0000,0.0000,0.0000,0.0000,0.0000,0.0000,0.0000,0.0000,0.0000,0.0000
1700000015.950000,-66.9,101.7693,97.5090,97.0464,97.0464,104.4462,97.2471,102.9272,105.1190,105.2093,107.0047,107.1681,108.9312,112.4500,111.0180,108.2451,115.2606,113.9517,114.6909,112.9292,113.3578,113.3578,117.1537,117.1537,117.3243,118.4610,117.5968,119.2812,124.0363,119.8541,128.1405,119.2015,123.4058,122.1475,125.8769,123.3288,125.2517,125.8769,116.0431,117.5160,115.2606,113.1724,109.7133,112.9292,102.1763,103.4698,102.0784,99.3227,95.7706,99.8499,93.9415,90.6201,86.0233,0.0000,0.0000,0.0000,0.0000,0.0000,0.0000,0.0000,0.0000,0.0000,0.0000,0.0000,0.0000
1700000016.000000,-63.0,97.7446,102.1812,94.2019,101.4347,97.3293,104.1201,103.0776,104.0048,104.0000,103.0776,107.0747,110.4536,107.5639,110.8873,114.8564,110.8197,116.2970,111.6109,114.2366,114.9826,113.0531,115.7411,113.8859,117.0043,117.6520,119.8708,124.7878,120.9049,126.1943,119.0378,121.8401,123.7134,122.7029,120.4865,122.3806,120.0708,119.8165,116.4989,119.2393,118.2582,110.8873,112.2943,110.0273,107.4663,104.2353,97.0824,98.0051,97.0824,94.2603,92.0706,90.2441,87.9318,0.0000,0.0000,0.0000,0.0000,0.0000,0.0000,0.0000,0.0000,0.0000,0.0000,0.0000,0.0000
1700000016.050000,-61.9,99.0202,99.9300,100.6876,100.8960,105.5367,107.8703,105.0762,106.7942,107.4663,109.1146,111.2205,113.0177,110.0045,111.0045,116.0000,122.2620,116.2110,116.2110,114.7388,119.7080,117.5160,116.9658,120.3536,124.1491,121.6553,122.3765,125.3994,128.6546,125.7179,127.8828,122.1843,127.6754,127.2792,123.6285,124.1692,127.8828,125.4831,119.5073,122.1024,117.2092,114.0175,114.0044,113.0177,109.1146,106.4706,100.9752,104.9238,97.2934,98.3717,95.8175,87.8465,87.6584,0.0000,0.0000,0.0000,0.0000,0.0000,0.0000,0.0000,0.0000,0.0000,0.0000,0.0000,0.0000
1700000016.100000,-61.0,101.2126,100.6231,106.6208,106.6208,104.5466,101.8332,104.1201,108.4666,105.9056,114.7563,113.9912,114.9826,116.8418,113.4416,114.5295,117.1068,117.1068,116.0172,119.0672,119.0672,120.1041,123.4058,116.2110,125.7816,123.4909,120.3536,124.3382,127.5774,128.0820,128.2654,124.3101,127.2792,128.2654,127.2792,127.7380,126.7754,123.7942,119.2057,122.1024,120.1041,119.0000,114.0000,114.0175,110.1136,106.3015,100.4988,102.4207,100.2247,100.0200,98.6712,94.3398,89.8999,0.0000,0.0000,0.0000,0.0000,0.0000,0.0000,0.0000,0.0000,0.0000,0.0000,0.0000,0.0000
1700000016.150000,-60.7,102.0049,103.8123,104.6231,104.5610,101.2423,104.8093,103.7545,110.0727,109.6586,111.0721,110.3857,114.8434,114.1797,114.2847,118.0042,117.6308,119.8165,114.0044,116.2970,116.2970,120.3536,121.8236,120.6690,120.5031,122.6907,122.4091,126.3962,125.4831,126.4792,125.3994,126.4792,126.6689,127.7693,124.1692,126.7754,126.7517,123.9113,120.6690,119.4362,122.4827,114.2366,115.1347,111.9732,111.0180,104.5466,102.6937,102.9563,98.4124,95.7706,92.6499,95.4254,86.5563,0.0000,0.0000,0.0000,0.0000,0.0000,0.0000,0.0000,0.0000,0.0000,0.0000,0.0000,0.0000
1700000016.200000,-59.9,105.0952,103.3538,108.0463,109.5536,112.3299,110.1136,109.4806,110.6345,112.6099,115.2606,117.4138,120.2082,121.7539,121.0826,120.5073,126.2101,122.8007,122.0041,123.9758,124.2578,122.3193,127.4245,124.8079,128.6313,129.1395,127.4245,130.1422,132.4122,128.8099,134.6477,131.0611,133.8432,134.6143,129.3754,131.7270,128.4718,130.1730,125.6702,122.3193,118.4610,122.2866,120.4201,120.2539,109.9864,109.7133,108.9312,107.5174,101.9117,101.0445,98.4733,95.7706,91.2360,0.0000,0.0000,0.0000,0.0000,0.0000,0.0000,0.0000,0.0000,0.0000,0.0000,0.0000,0.0000
1700000016.250000,-62.7,102.7862,99.9600,103.8171,100.6479,104.2017,104.8093,102.9563,102.9029,106.2544,107.6151,111.8302,113.6002,116.0388,113.7014,112.9292,118.2582,113.8640,118.8697,114.6298,115.3646,115.3646,116.1809,113.3578,119.2057,118.4441,117.9237,120.2082,123.2234,122.0041,122.3193,120.2539,124.6315,123.4058,125.1000,124.4709,122.7884,121.6553,117.5160,117.4138,114.5513,114.5513,112.4500,109.1238,104.4845,102.3035,101.4002,98.7370,99.6444,97.1288,93.9415,90.2497,83.1685,0.0000,0.0000,0.0000,0.0000,0.0000,0.0000,0.0000,0.0000,0.0000,0.0000,0.0000,0.0000
1700000016.300000,-60.0,110.4943,106.0047,105.4751,108.5587,110.1363,106.8316,112.8007,111.3957,115.6244,116.1809,121.7539,121.6306,120.9339,119.6035,123.7457,121.3796,121.5113,119.4738,119.2015,124.4709,123.4058,122.6418,121.4949,125.9365,129.0039,127.4245,132.4009,130.8625,130.1730,132.0038,127.4245,130.6981,131.7649,130.9236,127.5813,129.2749,126.8267,124.0363,122.2866,123.3288,121.3796,120.5073,116.0431,111.0180,110.4536,107.7126,103.8557,102.2008,107.0747,97.2471,96.6075,93.4077,0.0000,0.0000,0.0000,0.0000,0.0000,0.0000,0.0000,0.0000,0.0000,0.0000,0.0000,0.0000
1700000016.350000,-62.6,105.9906,105.3091,107.0701,108.7244,102.2008,102.8008,103.8557,106.5270,108.4666,110.3177,111.7229,110.3902,117.1537,116.1809,116.9316,119.2057,115.6244,117.6138,116.0172,116.8289,117.8007,117.3243,119.2812,123.3086,120.6524,120.9297,122.6418,127.7693,125.1958,121.0785,121.5936,124.8679,124.8079,120.9297,123.2234,121.4949,116.6062,117.8007,117.2902,113.7014,112.4500,113.1724,108.9312,102.5524,103.4795,99.2472,99.8098,96.8349,93.4933,90.9175,89.8999,86.3771,0.0000,0.0000,0.0000,0.0000,0.0000,0.0000,0.0000,0.0000,0.0000,0.0000,0.0000,0.0000
1700000016.400000,-65.0,102.4597,105.1190,102.9272,108.5587,107.0420,108.7244,106.2544,107.6151,110.4219,108.3744,110.4536,116.6919,115.3126,115.3126,117.5160,117.5925,116.8461,116.9316,116.0388,118.8486,120.2539,117.8007,116.6062,122.3193,119.0378,121.7580,123.1747,123.4220,124.2578,123.4220,123.4585,125.9365,125.1000,119.0378,117.8007,121.0372,117.6138,118.4441,116.9316,118.4441,110.3087,108.9312,106.1508,104.7378,104.4845,99.0202,98.4733,95.1315,93.6483,92.5905,89.9611,87.3155,0.0000,0.0000,0.0000,0.0000,0.0000,0.0000,0.0000,0.0000,0.0000,0.0000,0.0000,0.0000
1700000016.450000,-62.0,106.4800,108.1573,110.1363,109.4440,109.7725,112.4011,112.2586,111.8034,114.1271,116.4689,118.2074,121.4949,119.8165,122.3193,121.7580,124.4026,121.6059,122.8007,122.6132,124.4709,120.8015,123.8467,122.7884,124.5231,124.7397,126.0635,126.7320,128.7634,125.9921,129.4952,127.0157,129.0736,132.9097,126.2101,122.6132,125.0000,120.2082,120.6524,121.7949,117.6605,113.8771,115.4859,115.3820,109.5673,105.8489,101.5923,98.9798,100.4241,97.2934,98.1529,93.6483,88.0227,0.0000,0.0000,0.0000,0.0000,0.0000,0.0000,0.0000,0.0000,0.0000,0.0000,0.0000,0.0000
1700000016.500000,-62.0,106.1508,110.3087,107.1681,110.3902,108.7060,108.0741,108.2266,108.7244,113.4637,110.4536,118.2074,115.4859,119.4194,118.5116,118.9664,120.4201,119.2309,118.7013,119.6202,120.9049,122.9309,124.7878,118.6802,121.4578,120.4865,122.7029,125.2278,124.3262,124.3262,128.1600,125.5428,125.5428,127.2242,124.6515,127.9453,122.5602,124.6515,117.2007,117.2007,115.3820,113.1768,108.3005,114.6124,102.2155,102.0784,101.4002,99.6394,97.9490,101.1187,94.7629,90.1388,84.6286,0.0000,0.0000,0.0000,0.0000,0.0000,0.0000,0.0000,0.0000,0.0000,0.0000,0.0000,0.0000
1700000016.550000,-62.0,104.9381,105.7213,105.7592,107.2800,106.7380,106.7380,107.8564,106.8925,111.0721,110.5712,115.4513,114.4945,115.0043,117.7200,115.4859,117.4777,117.4777,118.7013,119.8165,118.1524,118.1524,122.2007,115.6633,119.0168,121.4002,124.0161,125.7338,122.7884,123.4342,116.5161,121.6059,118.8486,121.4002,119.0378,125.6702,119.0378,117.0684,114.3897,118.5116,116.1077,111.5079,113.6002,107.3313,105.7024,98.6154,98.3514,101.8332,93.6803,90.4710,91.2414,91.6624,87.0057,0.0000,0.0000,0.0000,0.0000,0.0000,0.0000,0.0000,0.0000,0.0000,0.0000,0.0000,0.0000
1700000016.600000,-64.8,108.9082,109.1284,104.7855,109.6586,107.9120,104.0625,106.8925,108.9312,111.9732,106.9626,116.4174,115.5206,114.9348,118.3765,119.3650,115.9741,120.8139,117.6138,120.1041,120.2040,120.1041,124.2578,122.0656,121.0041,121.0000,124.0161,128.0156,121.0041,128.0000,120.0667,122.0041,125.0040,125.0040,121.0041,121.0165,120.1041,115.2128,115.3516,115.5249,115.5249,109.1787,112.6144,104.7378,104.5610,101.1385,99.4585,95.5092,95.8541,88.2383,88.5664,89.1852,86.4002,0.0000,0.0000,0.0000,0.0000,0.0000,0.0000,0.0000,0.0000,0.0000,0.0000,0.0000,0.0000
1700000016.650000,-60.4,96.1353,98.3514,98.9545,103.3247,99.0404,100.0200,99.4636,101.4347,102.8251,102.3963,105.1190,108.1157,109.0046,109.0046,111.0045,109.0734,111.0721,107.1168,112.2853,109.1650,112.0714,111.2879,107.3778,113.2828,113.0000,113.0000,114.1271,113.6002,114.5862,112.2943,113.9912,113.6354,113.4416,112.4455,111.2879,108.2959,111.1126,107.1168,105.0190,105.0000,100.0800,100.1249,98.3260,96.4210,91.9239,89.0505,88.5268,88.3233,84.1190,82.5409,80.6226,77.0260,0.0000,0.0000,0.0000,0.0000,0.0000,0.0000,0.0000,0.0000,0.0000,0.0000,0.0000,0.0000
1700000016.700000,-60.0,101.7104,99.2975,103.1601,105.7213,99.8248,104.2929,103.0922,104.0625,105.3043,105.8489,109.7725,110.9820,112.2586,112.7120,115.3820,111.4136,114.6124,115.8361,114.0570,113.5341,113.2078,116.2110,111.5168,119.0378,114.8564,115.8016,117.2007,114.8085,120.0000,114.8085,115.8016,118.2244,116.4002,113.1592,115.3776,113.1592,113.5341,109.4166,106.5505,107.0420,105.1190,105.5462,100.6479,99.4032,95.8541,92.6553,93.6803,91.7606,89.8220,84.7172,81.3019,79.0000,0.0000,0.0000,0.0000,0.0000,0.0000,0.0000,0.0000,0.0000,0.0000,0.0000,0.0000,0.0000
1700000016.750000,-61.4,108.8944,106.0754,107.6290,108.5772,108.4066,108.4066,108.1665,107.6151,110.6752,110.9820,113.3711,115.0043,117.6180,117.1708,117.1708,116.2970,115.4513,114.9652,119.0378,116.2454,118.8486,119.8708,116.2454,120.8139,121.4907,119.2183,117.6520,119.2183,121.1156,122.4132,117.9873,121.1156,121.4907,117.0000,119.2309,112.4011,116.2970,114.4945,115.0043,111.8034,108.9082,106.0000,106.0000,100.1249,99.2018,91.8314,94.1754,92.6553,91.2853,89.4986,87.0919,82.1523,0.0000,0.0000,0.0000,0.0000,0.0000,0.0000,0.0000,0.0000,0.0000,0.0000,0.0000,0.0000
1700000016.800000,-64.4,105.5130,100.9604,104.9952,108.8118,104.7521,106.1037,108.2266,106.0047,110.9414,111.4136,114.5295,113.3711,115.4340,115.6633,115.6633,115.4210,115.2085,113.6002,117.0043,116.5161,113.8508,117.9237,116.0388,118.1905,118.5622,115.5206,123.0691,118.3427,120.2414,116.8461,117.0342,118.1905,119.0042,115.5206,116.3873,115.7454,112.6144,111.2520,108.4528,108.1665,106.7802,103.4650,104.8093,97.0618,93.0215,93.5201,91.9239,91.4166,88.3233,87.3212,83.3607,82.2192,0.0000,0.0000,0.0000,0.0000,0.0000,0.0000,0.0000,0.0000,0.0000,0.0000,0.0000,0.0000
1700000016.850000,-63.3,108.1157,107.0187,113.1106,111.2205,110.2905,107.2986,108.9036,111.6289,112.4500,116.4989,116.7090,115.9526,116.6619,117.3882,114.8434,119.2518,118.5960,120.2082,117.3243,114.2322,118.6802,117.0470,117.0470,120.9339,121.6306,122.5602,122.0041,123.8588,122.0041,123.4909,117.7455,120.9049,121.8401,116.7090,121.4331,114.8434,115.8016,115.2476,110.8558,108.1712,105.5462,104.5610,103.9471,97.4166,97.2523,94.0213,94.0213,90.0056,87.3670,86.8332,86.5852,82.8613,0.0000,0.0000,0.0000,0.0000,0.0000,0.0000,0.0000,0.0000,0.0000,0.0000,0.0000,0.0000
1700000016.900000,-59.2,109.8089,109.8590,110.6752,112.0580,113.3711,111.1395,109.1787,113.1592,114.6342,115.4513,119.0126,116.4689,117.3882,116.4560,118.3300,120.8056,119.2183,120.8056,117.1751,120.0708,122.2620,120.0708,118.8486,120.8305,121.0496,121.8072,124.9520,124.7397,120.8305,123.2234,121.2765,118.8781,121.7539,116.2110,118.8486,120.8056,117.3243,114.4902,110.3087,106.6208,110.5712,102.9563,101.9657,102.8834,95.8801,95.4149,92.6553,92.8009,88.8651,85.5628,84.9588,82.4621,0.0000,0.0000,0.0000,0.0000,0.0000,0.0000,0.0000,0.0000,0.0000,0.0000,0.0000,0.0000
1700000016.950000,-65.5,108.7244,109.0000,113.3711,111.0180,110.0591,113.1768,111.8928,113.3181,114.6342,113.8859,118.6802,116.3873,120.3329,114.9826,116.4818,114.9783,117.4777,114.0044,121.4949,120.4159,116.7262,119.6829,116.7262,121.0620,118.9496,119.6035,120.9339,120.5985,124.4026,122.6907,122.9187,120.9339,120.0708,117.0983,113.3578,117.8855,114.3372,113.3578,109.4440,105.7733,106.3203,106.5692,103.7304,99.0202,95.6347,88.1419,93.5361,89.4707,86.6083,86.8389,82.9759,77.7946,0.0000,0.0000,0.0000,0.0000,0.0000,0.0000,0.0000,0.0000,0.0000,0.0000,0.0000,0.0000
1700000017.000000,-59.6,106.0660,109.0367,115.2779,112.3610,112.0179,113.0708,109.1146,113.0000,113.0177,112.3610,113.4416,116.9658,118.9496,116.5590,118.9496,116.7262,117.2775,115.5206,118.1271,116.9017,119.8541,117.4777,112.2943,118.2962,119.9208,120.8056,120.0708,121.1652,123.6649,118.2962,123.2274,122.0246,117.4777,117.4777,114.9348,114.9348,113.5650,109.1787,108.6646,104.4797,104.3072,102.1225,102.1225,97.0206,94.1329,90.4489,89.8053,90.9340,90.6090,85.1645,80.3243,78.7210,0.0000,0.0000,0.0000,0.0000,0.0000,0.0000,0.0000,0.0000,0.0000,0.0000,0.0000,0.0000
1700000017.050000,-63.9,106.7802,106.6068,103.0049,109.8089,104.6375,104.9952,104.1393,106.2168,106.7755,104.8904,105.3613,106.9626,110.7520,109.0183,112.6144,108.6002,112.0045,107.8007,112.3299,109.5536,108.7244,108.5587,103.1746,112.0045,112.6810,114.0570,111.8928,112.5078,111.4136,110.1454,111.1395,112.0045,111.6468,105.8159,108.1665,104.8618,104.6231,100.6032,99.0202,100.8960,92.9570,98.3514,93.3809,91.2195,87.0000,82.8070,83.7377,80.0000,78.8162,80.7775,75.5910,71.1688,0.0000,0.0000,0.0000,0.0000,0.0000,0.0000,0.0000,0.0000,0.0000,0.0000,0.0000,0.0000
1700000017.100000,-62.0,113.5650,116.4174,117.1751,118.6802,114.8434,113.8420,114.2322,113.4637,117.3882,119.0126,121.1982,118.5327,123.4342,121.0785,120.9339,118.1905,122.3315,120.6524,122.3193,123.2234,118.7139,122.2007,118.2244,123.8467,120.8801,122.4418,124.6515,122.0246,122.6744,121.1652,121.4002,124.3262,122.0041,118.8108,120.0000,117.8898,117.3243,111.5168,111.1395,111.1395,104.8093,107.7822,101.9657,100.6231,100.4639,91.7606,90.4434,90.2497,88.5268,84.1724,86.8332,80.0250,0.0000,0.0000,0.0000,0.0000,0.0000,0.0000,0.0000,0.0000,0.0000,0.0000,0.0000,0.0000
1700000017.150000,-64.5,111.0721,108.9771,114.5862,118.0890,111.9464,111.2879,113.5694,114.0175,114.3372,114.6211,117.0684,115.6633,116.2110,116.6190,114.0570,119.5701,118.1186,113.1768,117.6478,118.5327,115.8361,117.6180,115.3950,119.2309,117.6860,123.1666,115.8706,119.2309,120.9339,117.3882,118.1059,119.8666,118.9664,116.7647,117.7200,115.0043,114.1271,108.9082,109.4166,105.9481,105.6835,102.4158,98.8585,97.1854,91.2853,91.2414,90.5538,87.2066,83.6002,84.8116,80.7094,76.0592,0.0000,0.0000,0.0000,0.0000,0.0000,0.0000,0.0000,0.0000,0.0000,0.0000,0.0000,0.0000
1700000017.200000,-62.7,118.1905,115.3776,118.7139,115.3776,116.6619,113.4063,117.7964,116.5161,115.5206,118.7939,122.3315,118.8697,120.4159,123.4342,119.7539,120.7394,121.2106,116.5161,117.8898,119.0378,121.4002,122.0656,119.0378,123.1747,120.7394,125.7179,122.8739,125.7179,123.1747,122.1147,122.1147,124.0202,122.3193,119.8541,119.6202,118.4061,116.6619,112.4455,108.7060,111.2879,109.6221,100.4191,104.0625,99.8248,93.7230,92.8009,94.6256,91.2688,89.8888,86.8332,81.8596,81.2711,0.0000,0.0000,0.0000,0.0000,0.0000,0.0000,0.0000,0.0000,0.0000,0.0000,0.0000,0.0000
1700000017.250000,-57.2,114.3372,118.4441,116.0000,121.0826,117.3797,117.4564,115.2779,114.9783,119.7539,114.8085,120.0000,120.4326,122.8739,118.1524,121.2023,121.5936,121.9385,117.6605,121.6553,121.6553,118.1186,120.3038,117.6478,120.9339,125.0040,121.3343,122.0041,123.6932,126.8464,123.6932,122.0041,120.0167,123.0041,118.9664,121.1982,116.2755,113.6002,115.0043,112.0045,113.2078,108.1665,109.0000,104.4031,100.0000,96.4261,89.9389,92.6553,91.9348,89.1964,84.6463,84.6286,79.2591,0.0000,0.0000,0.0000,0.0000,0.0000,0.0000,0.0000,0.0000,0.0000,0.0000,0.0000,0.0000
1700000017.300000,-63.5,112.0089,111.7587,112.2853,115.3516,111.1620,112.0714,111.0045,113.0044,112.0045,111.1620,115.3516,113.7453,115.9741,116.1077,116.9658,113.7717,113.7717,110.6436,115.9526,114.5426,114.5426,115.2085,111.5706,117.0043,116.0905,115.5206,118.2962,114.4814,117.3414,114.1797,116.0905,115.5206,116.4174,115.2085,114.5426,111.6109,110.4219,108.6738,108.3420,108.0463,101.3163,101.3163,98.1275,94.0213,91.0055,89.2020,89.4539,86.5794,84.0119,80.6040,78.4474,74.0945,0.0000,0.0000,0.0000,0.0000,0.0000,0.0000,0.0000,0.0000,0.0000,0.0000,0.0000,0.0000
1700000017.350000,-65.0,113.4637,112.5389,118.9664,116.2970,115.8361,114.0614,114.1271,110.9820,114.9087,114.8260,118.7139,115.8016,120.0000,118.2286,118.2286,114.2147,115.4340,116.9316,115.9741,118.0890,117.3797,115.3126,115.3126,116.7776,118.8697,116.9316,120.1041,118.5622,116.9316,119.2057,118.4441,120.7394,117.7964,116.7776,116.0000,115.2779,113.2784,111.9464,109.7133,107.9352,105.1190,102.6158,106.0189,97.0824,94.5780,89.6939,88.3233,90.8240,87.7269,85.0941,82.5651,78.1025,0.0000,0.0000,0.0000,0.0000,0.0000,0.0000,0.0000,0.0000,0.0000,0.0000,0.0000,0.0000
1700000017.400000,-65.0,108.5219,109.2016,103.8123,110.6345,103.8123,107.4895,103.7545,105.2236,106.0660,104.4797,107.2986,108.1665,111.0180,109.0734,113.0708,107.0187,115.0174,104.0769,109.1146,108.1157,108.0741,111.2879,101.4938,109.7725,109.0367,112.0089,112.1472,109.0367,115.9741,105.0762,108.6646,108.4620,111.3643,109.1146,109.0734,105.1713,105.1713,104.0048,101.0000,105.0048,96.1301,96.1873,87.5728,91.9239,87.4757,82.2253,82.7103,81.6088,78.7464,75.6108,74.2496,72.9452,0.0000,0.0000,0.0000,0.0000,0.0000,0.0000,0.0000,0.0000,0.0000,0.0000,0.0000,0.0000
1700000017.450000,-58.9,113.1724,107.5174,113.8991,111.0180,111.1980,107.2986,113.4063,110.2089,110.6797,113.4637,115.3776,112.0580,114.5862,115.1043,111.8928,113.6002,110.0727,111.8034,110.9820,112.1606,109.9318,114.9478,112.5389,114.1622,114.5862,114.9478,117.9534,116.3873,113.2166,115.4340,112.0089,116.4818,115.7670,111.3283,108.8485,110.3087,111.4854,107.3546,108.6738,101.5185,102.4744,97.5295,99.4786,95.9635,91.2634,88.8144,88.0057,83.0963,85.7030,80.0562,76.8375,76.2758,0.0000,0.0000,0.0000,0.0000,0.0000,0.0000,0.0000,0.0000,0.0000,0.0000,0.0000,0.0000
1700000017.500000,-59.0,110.8197,106.7333,113.0531,112.5389,111.4002,108.2405,113.2166,112.7209,111.0721,112.5389,113.7189,111.8928,116.2970,113.1768,110.0182,114.9478,112.0045,112.8716,112.6810,113.7409,112.6810,109.5536,114.0570,113.4637,114.6211,111.0180,115.2085,119.0378,117.6435,119.2812,116.7647,116.7647,116.5032,113.7409,115.9741,112.5078,113.1768,109.1284,108.2266,107.3546,108.0787,100.8464,105.1095,98.9798,93.9628,89.9889,88.0738,85.8429,85.5862,80.0999,82.0244,75.1665,0.0000,0.0000,0.0000,0.0000,0.0000,0.0000,0.0000,0.0000,0.0000,0.0000,0.0000,0.0000
1700000017.550000,-63.1,108.4066,110.0591,107.3546,113.6002,107.7033,107.8378,106.2309,106.6255,107.9120,110.0545,111.9464,108.9312,112.0580,114.5426,113.0310,110.6345,107.5174,105.9056,109.7725,109.3298,109.3298,110.6526,106.7942,112.2853,112.3610,109.4578,114.2804,113.2828,114.1578,108.1665,114.1578,117.3456,116.6190,112.7519,110.7655,108.9036,107.3546,106.3673,103.5761,103.8123,97.5295,100.0000,93.6803,92.7200,91.1811,87.7269,85.9069,84.9706,81.1234,79.4040,75.8024,70.9366,0.0000,0.0000,0.0000,0.0000,0.0000,0.0000,0.0000,0.0000,0.0000,0.0000,0.0000,0.0000
1700000017.600000,-63.2,111.6468,112.5078,112.0580,116.2110,111.2520,114.6211,111.4002,112.2943,112.2943,111.1980,114.5862,116.7262,115.2779,114.0219,115.9655,111.1980,115.5206,108.8531,116.0388,115.2562,112.9292,115.4210,110.2089,114.5862,114.5862,116.5032,118.1905,116.5032,118.1905,112.5078,118.7139,116.7647,115.9353,113.4063,114.6211,111.4002,113.6002,111.0405,107.2986,106.5270,101.2373,103.9663,96.8762,96.1665,93.4345,88.0909,90.0000,89.3085,85.4400,85.0882,81.8596,78.0000,0.0000,0.0000,0.0000,0.0000,0.0000,0.0000,0.0000,0.0000,0.0000,0.0000,0.0000,0.0000
1700000017.650000,-62.6,110.0727,107.7033,109.4166,106.6255,111.0180,107.2054,106.0424,108.1712,109.6358,110.0227,111.0856,111.1980,109.3298,109.8954,108.7796,110.4536,109.4578,110.2905,108.1665,110.1635,109.0734,113.0708,112.0179,116.0043,112.0000,112.0179,113.0177,116.0172,114.0702,120.0667,112.0045,114.0702,113.0044,114.0000,116.0689,113.1106,110.2905,109.6586,106.3673,102.9563,102.9612,99.4636,101.9804,97.0155,95.3363,89.8109,93.6376,85.9069,86.7698,82.6801,81.5414,76.5768,0.0000,0.0000,0.0000,0.0000,0.0000,0.0000,0.0000,0.0000,0.0000,0.0000,0.0000,0.0000
1700000017.700000,-61.5,108.1897,106.3015,107.0561,107.1681,107.1681,105.2616,105.2093,105.4372,106.5082,104.4462,108.2266,109.8362,111.6468,106.6771,109.1284,109.6586,106.5129,108.2266,110.1681,107.5639,107.7033,107.2241,104.1777,109.7679,109.4166,109.1100,110.7249,109.2016,113.6002,109.7679,113.2254,111.9464,113.8420,110.0545,106.6255,107.7033,108.6324,105.7024,103.3151,100.6231,98.3870,96.6488,95.0158,93.8136,90.4268,88.4816,86.8332,83.0963,80.6226,79.2465,77.4661,74.8866,0.0000,0.0000,0.0000,0.0000,0.0000,0.0000,0.0000,0.0000,0.0000,0.0000,0.0000,0.0000
1700000017.750000,-61.3,109.8954,104.6900,109.3709,106.1697,109.1650,102.0049,104.0000,105.0762,108.0185,108.2959,106.3015,108.7796,109.6586,109.4897,105.8017,107.5174,106.3015,109.8362,104.2929,105.0190,108.9082,106.3203,108.8118,110.0545,107.5174,108.1665,111.3283,112.3610,110.0545,115.4340,109.1100,109.7679,112.9292,107.7033,111.5706,106.0424,105.2616,104.1393,102.9612,100.0200,100.9752,97.8673,97.5141,89.3588,89.0898,85.0059,84.2140,85.1469,82.4924,81.8841,78.5875,72.1249,0.0000,0.0000,0.0000,0.0000,0.0000,0.0000,0.0000,0.0000,0.0000,0.0000,0.0000,0.0000
1700000017.800000,-63.2,104.5466,104.7521,106.6255,105.9481,108.8118,103.5809,107.7079,106.7333,106.7052,110.0227,109.0413,108.6738,109.0367,104.6900,105.6835,109.0183,105.0048,109.0734,107.0000,107.0000,109.0000,107.0187,111.0000,108.2959,112.1606,108.1665,108.3744,111.6468,109.4578,115.4340,109.3709,111.4495,112.2853,109.1146,109.0734,113.0044,107.0047,104.1201,102.1763,98.3260,101.3163,93.1933,100.8415,90.9340,88.2836,85.3756,85.1645,83.5225,85.0882,81.8596,77.8974,71.8679,0.0000,0.0000,0.0000,0.0000,0.0000,0.0000,0.0000,0.0000,0.0000,0.0000,0.0000,0.0000
1700000017.850000,-60.6,105.3091,105.3091,105.5462,105.5462,103.3538,102.0833,104.8093,103.0776,105.3091,107.4151,109.0413,105.4230,109.4806,105.6456,111.5213,109.1238,108.4666,108.4666,108.2081,105.3613,111.0180,109.6586,106.0754,109.1238,108.9771,109.1238,113.4548,114.1096,113.8991,111.8660,112.5389,113.1724,115.9655,111.0180,110.4536,108.9771,108.9771,104.9952,107.2986,104.0192,99.8649,100.7025,95.1315,93.2952,90.3549,89.0056,90.8735,84.3090,79.6994,82.2800,79.8311,75.5381,0.0000,0.0000,0.0000,0.0000,0.0000,0.0000,0.0000,0.0000,0.0000,0.0000,0.0000,0.0000
1700000017.900000,-62.5,104.0192,102.0784,105.0048,104.0048,102.0196,98.0816,105.6835,101.7104,103.2473,105.0762,106.7052,103.9423,109.6586,106.7333,104.2929,106.9018,103.0922,106.5692,106.8925,108.8485,106.5692,105.1095,107.9120,109.6586,111.4854,105.7024,111.8258,113.5958,110.5712,115.3950,111.8928,114.2366,113.7189,109.0046,113.5473,111.3283,103.0922,105.6504,105.3613,100.6628,102.8397,95.9010,101.7890,90.4489,90.7965,87.2066,87.0230,89.0898,83.1505,80.6226,79.6241,73.4983,0.0000,0.0000,0.0000,0.0000,0.0000,0.0000,0.0000,0.0000,0.0000,0.0000,0.0000,0.0000
1700000017.950000,-58.9,107.8378,103.6195,105.1095,105.1095,109.1100,106.2544,103.3247,103.3683,105.1190,108.6738,108.5035,107.6708,109.0367,108.6646,107.3778,113.0708,107.0047,107.0187,107.0187,110.0182,110.0182,108.2266,108.1157,110.2905,114.5295,111.5437,113.8640,114.8564,111.6468,117.8346,111.5437,115.8490,118.5116,113.2828,117.2732,115.0695,111.0180,107.0187,107.0187,105.0762,105.2331,105.3043,98.7320,98.9949,95.3520,90.0278,91.7606,89.5600,87.5957,81.8596,85.8662,77.5242,0.0000,0.0000,0.0000,0.0000,0.0000,0.0000,0.0000,0.0000,0.0000,0.0000,0.0000,0.0000
1700000018.000000,-63.7,97.6524,98.0816,97.0824,95.0158,99.0858,94.0479,94.0479,96.8969,97.6729,99.3579,97.6166,100.2098,102.4158,102.6255,99.5691,101.3558,103.7738,98.9798,102.0000,102.8834,103.8316,104.6566,100.7224,105.8489,106.6208,105.1903,107.7033,111.2340,108.6324,110.4943,109.7725,109.5673,111.3598,108.2405,106.5505,106.5505,103.3538,106.0000,100.4042,106.5082,97.4166,98.6002,98.7168,91.4385,89.8053,84.2199,83.6301,84.6463,84.6463,80.4487,77.5242,73.3485,0.0000,0.0000,0.0000,0.0000,0.0000,0.0000,0.0000,0.0000,0.0000,0.0000,0.0000,0.0000
1700000018.050000,-62.6,99.4636,95.8853,103.3102,100.6032,100.0800,97.1288,97.0000,97.0206,97.1288,98.3260,98.6154,102.1078,104.9238,105.1190,104.9238,106.2309,100.4241,103.3247,104.4031,104.4031,106.2309,107.5639,103.4070,105.8489,110.5712,106.6208,112.5389,116.4689,115.5509,112.4011,111.4271,117.1751,113.2166,111.9732,114.7911,113.8859,110.4400,110.1635,106.2309,106.5129,102.9612,98.8585,104.5801,94.2603,90.2718,88.0057,87.0230,85.0941,84.2912,80.0625,78.4474,76.9220,0.0000,0.0000,0.0000,0.0000,0.0000,0.0000,0.0000,0.0000,0.0000,0.0000,0.0000,0.0000
1700000018.100000,-61.6,92.0000,92.0869,94.2603,92.3472,92.6553,92.9139,92.5743,92.9624,93.8616,92.7200,97.0824,97.1442,101.0198,98.6154,101.3903,100.7224,98.8433,99.2824,101.9657,101.9657,102.4207,102.0833,101.2126,103.7304,106.2309,105.3945,110.1136,108.4528,112.0714,109.6221,110.9820,110.9820,113.8771,110.5351,113.1768,110.0591,107.3546,107.3546,107.0187,104.9238,100.3045,99.9600,97.0824,92.4446,91.6788,86.4928,85.9884,83.7257,83.2947,80.1561,77.0065,73.1710,0.0000,0.0000,0.0000,0.0000,0.0000,0.0000,0.0000,0.0000,0.0000,0.0000,0.0000,0.0000
1700000018.150000,-60.5,97.0052,97.4526,97.0824,97.7446,101.9804,97.5910,99.7046,101.3163,101.9804,102.4500,105.4372,102.9029,107.7033,106.3297,104.3072,108.7842,106.4706,111.4136,109.1284,107.3546,107.3546,109.5673,111.4002,114.2322,114.5862,115.4340,117.3925,117.5457,115.3170,122.0041,119.6202,123.1666,122.9837,122.5439,122.2988,122.5439,119.8833,113.5341,114.5862,113.7189,117.8007,104.6231,107.2986,98.0816,99.7647,95.4620,92.3147,93.2363,92.2009,83.8153,83.5284,80.9568,0.0000,0.0000,0.0000,0.0000,0.0000,0.0000,0.0000,0.0000,0.0000,0.0000,0.0000,0.0000
1700000018.200000,-61.6,101.5529,98.8989,103.1213,104.0625,101.5332,102.1421,102.2008,102.8397,101.2719,108.8531,107.0561,109.4578,110.2225,109.3709,113.3578,115.0043,110.0000,112.0000,113.1592,115.1564,112.0714,117.2092,113.3578,118.7139,121.0620,118.3765,122.3315,124.6154,128.5652,125.2996,128.0039,126.6689,126.3210,124.1451,124.1451,127.1417,124.0363,121.0372,120.0375,118.3427,115.3516,110.6526,113.7453,103.8171,100.2247,102.6109,98.4937,95.8801,95.5196,94.0213,92.5743,80.4487,0.0000,0.0000,0.0000,0.0000,0.0000,0.0000,0.0000,0.0000,0.0000,0.0000,0.0000,0.0000
1700000018.250000,-60.6,105.5509,101.3163,100.7671,102.2008,103.0049,107.0747,104.6231,103.8316,105.6788,109.1284,111.3598,115.6936,111.7900,110.4943,118.1059,122.7029,112.2720,115.1347,113.3225,116.4818,114.2847,113.5077,119.5701,120.6690,123.5557,122.4827,126.9212,126.1507,125.6025,126.4358,125.9365,128.0820,126.1467,128.0976,130.2690,128.7867,132.4387,128.5768,122.7029,123.7134,123.7134,119.6202,119.9208,110.0727,105.6788,102.4207,104.3072,101.0198,100.6032,98.6002,93.5094,92.6553,0.0000,0.0000,0.0000,0.0000,0.0000,0.0000,0.0000,0.0000,0.0000,0.0000,0.0000,0.0000
1700000018.300000,-61.2,107.0420,106.0424,107.3778,106.5692,109.8954,107.6708,114.1403,112.0580,113.5077,112.2720,118.2709,120.5031,121.4331,120.7021,123.3086,122.9837,125.2996,122.9837,119.4069,128.8255,123.4706,124.9080,122.6744,128.1405,133.7012,126.4792,135.2072,133.4541,132.8796,135.4290,133.7012,139.5206,140.9823,140.3567,136.1910,137.3062,132.8834,131.4876,131.0458,128.4445,127.0157,127.0157,124.2337,111.3194,115.1347,110.1136,105.9056,105.7213,100.4490,101.5972,95.0842,96.1873,0.0000,0.0000,0.0000,0.0000,0.0000,0.0000,0.0000,0.0000,0.0000,0.0000,0.0000,0.0000
1700000018.350000,-62.2,113.2078,116.4689,113.6002,119.9208,113.3181,118.7013,114.0175,118.9286,119.2518,118.6002,129.0310,125.7179,131.2440,127.9062,125.9286,127.0118,125.4472,128.7634,118.3427,127.2517,126.6689,119.3399,128.0625,119.0000,119.0672,116.0689,115.2779,115.2779,106.3015,115.2779,105.1713,108.0046,106.0047,106.0424,105.1713,116.1551,111.1620,113.7453,115.7325,117.8855,129.4025,125.3196,129.2478,123.4544,117.6308,117.9534,118.5960,114.9478,108.2682,105.6030,104.7091,103.8123,0.0000,0.0000,0.0000,0.0000,0.0000,0.0000,0.0000,0.0000,0.0000,0.0000,0.0000,0.0000
1700000018.400000,-61.9,109.5673,102.4744,109.6038,109.0000,109.0000,107.4151,109.4806,111.0405,109.8772,117.5160,122.3479,117.3797,120.9669,120.2414,121.1652,125.4950,122.2866,121.6594,121.2106,121.0165,123.4585,124.2578,127.5813,127.4245,124.6796,121.7087,132.8495,134.2386,131.4838,134.6143,131.1259,132.8834,136.9525,135.3255,132.7403,133.1465,132.5745,129.4025,126.8267,121.2106,124.3262,117.7964,120.5073,107.6290,107.6290,103.2473,104.7378,102.7278,102.4500,97.4166,94.5145,89.0056,0.0000,0.0000,0.0000,0.0000,0.0000,0.0000,0.0000,0.0000,0.0000,0.0000,0.0000,0.0000
1700000018.450000,-59.2,123.0041,117.0385,125.6742,119.7080,124.0363,121.1982,119.0504,129.6341,122.7844,128.8449,130.5067,132.6989,132.1968,131.8674,130.9427,136.6931,135.3846,137.4191,135.5655,133.2817,134.6588,135.0852,134.1641,139.1187,136.4734,140.6556,146.4855,145.3444,143.7359,147.0272,146.2908,145.7738,148.3543,142.8881,139.7891,137.8296,135.0592,133.7012,130.1730,136.3562,136.3562,131.2440,131.2440,123.2274,121.2972,117.0854,113.1371,109.8954,106.3015,107.0047,102.0441,99.9850,0.0000,0.0000,0.0000,0.0000,0.0000,0.0000,0.0000,0.0000,0.0000,0.0000,0.0000,0.0000
1700000018.500000,-64.3,118.0000,115.1564,120.5985,120.5031,125.5747,126.5899,124.4588,122.7844,130.6139,129.7575,132.1855,129.5415,131.6055,133.4616,135.3514,135.3846,135.4179,133.5440,134.6291,132.8495,135.9890,138.1955,134.1641,137.3062,138.7083,136.1910,142.6885,142.0423,139.2839,144.2671,145.2618,144.5856,146.9864,143.1782,144.5337,144.0139,140.8900,133.9328,134.6291,133.0150,132.8533,130.9733,126.8109,123.3694,117.9025,112.5389,113.0310,111.1980,106.9205,107.2287,104.0048,101.0445,0.0000,0.0000,0.0000,0.0000,0.0000,0.0000,0.0000,0.0000,0.0000,0.0000,0.0000,0.0000
1700000018.550000,-59.6,119.0504,119.5199,120.2040,123.9113,118.0678,128.1913,126.0357,123.0041,128.0039,125.0640,125.0040,123.1463,122.2007,122.8007,119.8207,121.4949,123.4706,129.4025,124.5351,131.0267,129.0736,125.6344,131.0267,128.1600,127.3499,129.5415,129.0349,130.9427,127.8124,129.0349,123.9758,124.3262,121.8401,127.6127,122.9715,124.1491,125.7179,126.1507,129.1240,122.9187,126.4792,128.5613,120.3370,118.0381,115.0391,110.0409,109.1650,109.5536,104.3935,101.0000,101.9215,94.8683,0.0000,0.0000,0.0000,0.0000,0.0000,0.0000,0.0000,0.0000,0.0000,0.0000,0.0000,0.0000
1700000018.600000,-64.7,117.0043,118.0042,121.2023,121.2023,124.3262,123.3288,124.6154,124.7798,125.1319,125.3196,128.6546,130.4952,131.7346,130.2498,130.4952,135.1925,129.3406,132.1968,127.0157,128.8759,129.8076,128.1562,130.5450,132.4236,135.9890,132.4236,137.2953,134.3317,135.6945,139.5421,136.9525,138.1919,138.1955,137.4809,136.8941,137.6154,136.1249,127.7693,125.5906,123.0163,127.8124,123.0813,121.7539,113.7585,112.5877,110.1681,108.0463,106.6771,103.1746,98.0000,97.0464,90.5538,0.0000,0.0000,0.0000,0.0000,0.0000,0.0000,0.0000,0.0000,0.0000,0.0000,0.0000,0.0000
1700000018.650000,-60.6,112.9248,116.4689,117.6435,122.1229,122.1229,119.6411,118.1271,120.8305,123.3572,121.3425,124.3101,124.0363,127.8828,127.6636,127.5657,127.3931,126.3210,124.1974,126.0040,127.0354,126.1943,126.0040,126.0000,126.3962,127.1417,127.1928,124.4026,121.5936,121.9262,123.9113,126.3962,119.3399,121.2023,121.0661,126.0357,126.0040,124.0363,124.0040,123.1990,124.4026,118.6086,121.6963,110.3676,111.8034,108.6830,103.5857,104.1201,102.8397,93.6056,94.9210,92.1358,89.0674,0.0000,0.0000,0.0000,0.0000,0.0000,0.0000,0.0000,0.0000,0.0000,0.0000,0.0000,0.0000
1700000018.700000,-63.0,117.2775,120.3038,122.8007,124.4548,119.9208,123.0163,123.3288,124.3101,125.3555,127.7693,126.2101,130.1883,130.1461,131.4876,135.0852,127.0590,135.2036,127.0590,132.5934,133.6001,127.2635,131.7270,127.3185,131.7460,133.7012,133.4541,137.6372,132.8006,140.4279,131.0153,139.5170,136.7516,138.6975,131.7270,133.2554,130.7364,128.5029,131.6093,124.3543,128.0352,117.9237,124.4829,114.0175,112.9469,109.4166,102.3572,105.5367,104.9238,102.1078,98.7320,95.0842,93.0054,0.0000,0.0000,0.0000,0.0000,0.0000,0.0000,0.0000,0.0000,0.0000,0.0000,0.0000,0.0000
1700000018.750000,-60.8,114.4945,120.7684,115.6936,122.2497,115.5509,120.3329,120.9049,121.7580,123.9677,119.1050,126.5306,125.1719,127.0984,131.0267,127.8163,123.9677,129.0659,123.5557,126.4358,125.6025,123.4706,126.4358,124.4869,127.2517,127.2517,128.0976,120.4159,126.3962,122.6907,123.1990,123.4909,123.4909,126.4792,124.4588,127.4245,128.1327,125.6025,121.0165,121.2765,121.2765,113.6002,115.1347,110.3857,104.9952,104.1777,99.8098,103.7882,99.2975,89.9444,93.4933,90.4434,89.3756,0.0000,0.0000,0.0000,0.0000,0.0000,0.0000,0.0000,0.0000,0.0000,0.0000,0.0000,0.0000
1700000018.800000,-60.5,121.2642,116.7776,120.2082,123.7619,123.0447,119.5199,121.6963,127.4049,123.5557,123.8467,127.4402,130.4186,130.6024,131.2440,129.5299,129.5299,131.1869,127.0276,131.8825,131.6093,128.7983,131.5295,126.4002,131.5181,135.5175,132.8345,129.6919,135.0852,139.6173,136.0588,132.8232,138.6362,136.8503,132.4840,132.6084,127.7693,131.0267,129.5415,126.2458,122.6418,119.8082,117.4436,115.1086,110.7520,106.7942,105.3803,100.4988,102.0686,100.0050,99.8098,95.4149,90.8240,0.0000,0.0000,0.0000,0.0000,0.0000,0.0000,0.0000,0.0000,0.0000,0.0000,0.0000,0.0000
1700000018.850000,-60.0,119.6202,121.6306,123.3694,120.4865,119.8708,115.1347,118.6802,120.5405,119.4362,127.6754,128.3199,128.5652,128.1327,127.8828,127.5774,127.4755,127.6636,127.7693,125.0640,127.0984,127.0984,126.0040,126.0000,124.1974,124.0161,127.0039,126.0635,121.1033,126.0635,121.0661,126.0992,121.0661,124.0161,123.0041,126.0000,124.1008,127.1928,123.1990,120.5031,122.8007,117.7115,111.3059,115.9181,107.5174,103.8123,104.1201,102.7862,98.6813,100.0900,98.0867,94.3663,91.2688,0.0000,0.0000,0.0000,0.0000,0.0000,0.0000,0.0000,0.0000,0.0000,0.0000,0.0000,0.0000
1700000018.900000,-59.6,112.2943,110.2089,111.2520,109.8590,117.0470,110.1363,112.5078,110.0591,116.2755,118.9664,118.0720,119.0126,119.9208,119.1008,115.5206,122.0901,117.6520,121.1156,113.3225,117.1751,122.0041,121.7539,122.2497,121.2765,118.8781,124.9520,123.6285,128.0820,124.3382,128.7245,118.8781,124.1491,125.9286,118.8781,122.7233,126.6491,121.1156,117.6520,113.5473,110.3857,109.9318,107.3359,105.7024,101.6366,97.9898,95.2575,96.1769,94.0213,92.6553,89.2020,89.2749,82.0366,0.0000,0.0000,0.0000,0.0000,0.0000,0.0000,0.0000,0.0000,0.0000,0.0000,0.0000,0.0000
1700000018.950000,-62.1,113.0044,112.8007,110.7520,114.6342,113.4548,113.8991,113.1724,117.4564,119.5199,116.8461,117.7964,117.6138,120.0000,119.6328,121.2106,120.2082,119.2812,121.0165,117.5968,120.9504,118.1905,121.5936,118.3385,124.3262,125.2198,124.3262,128.3511,123.9435,128.5029,124.3382,123.9435,127.0590,126.4002,122.9675,126.2458,122.6744,120.1083,117.0470,113.6002,115.8016,106.2168,107.1681,100.0050,99.2472,101.1781,96.8762,94.0691,95.9010,90.7855,88.0057,84.0595,81.8841,0.0000,0.0000,0.0000,0.0000,0.0000,0.0000,0.0000,0.0000,0.0000,0.0000,0.0000,0.0000
1700000019.000000,-63.4,110.4762,113.4372,115.1173,114.8564,112.6410,110.2905,110.4536,116.2755,113.1106,113.0044,116.1077,118.1524,117.2732,117.4266,117.4266,116.8418,116.7262,115.1173,114.9348,115.7411,114.7563,117.8855,115.5206,117.4436,121.2765,121.2972,122.8007,123.6932,124.4548,120.3329,119.8541,123.2234,119.6411,118.0678,119.3650,117.0983,114.1271,108.6646,109.4578,109.4578,105.1713,102.3132,100.0200,96.0000,93.0054,89.3588,92.3472,90.7965,86.9770,82.7647,81.0432,81.3449,0.0000,0.0000,0.0000,0.0000,0.0000,0.0000,0.0000,0.0000,0.0000,0.0000,0.0000,0.0000
1700000019.050000,-60.6,106.4049,106.9626,104.6614,111.0360,108.1897,106.7755,104.6900,106.9626,109.7862,103.7111,109.6358,106.4002,110.4355,110.1136,110.4355,107.9120,110.6752,103.7304,111.5079,110.7881,110.1363,108.9082,107.5407,113.1459,112.6987,114.9478,117.1836,109.5673,119.8541,111.3643,114.0614,113.2519,114.3897,110.9820,110.1136,107.3359,109.0413,104.0433,103.2327,103.2327,97.9490,97.0824,93.3809,91.9348,87.7269,89.3756,86.0523,83.6002,78.8162,79.3221,77.4145,74.7329,0.0000,0.0000,0.0000,0.0000,0.0000,0.0000,0.0000,0.0000,0.0000,0.0000,0.0000,0.0000
1700000019.100000,-62.4,106.5129,107.8378,109.3846,110.8603,107.9120,109.5628,106.2544,107.2054,107.0047,106.4800,110.3540,110.4219,110.2180,112.6144,114.1403,109.0367,110.6526,108.6646,112.4455,111.5437,110.4536,112.3610,111.1620,115.0000,116.0043,117.0385,117.0043,115.0043,120.0042,117.0171,116.1077,115.2128,115.3516,111.5437,114.9826,111.6468,111.6468,105.5462,105.5462,103.9423,99.4636,98.2344,94.1116,92.4446,90.4434,86.0349,86.5390,84.0952,81.3941,78.7718,79.9250,76.8440,0.0000,0.0000,0.0000,0.0000,0.0000,0.0000,0.0000,0.0000,0.0000,0.0000,0.0000,0.0000
1700000019.150000,-63.0,108.1712,108.8118,111.3194,110.3676,111.9464,107.2241,111.7900,110.1681,110.5712,111.4854,112.7298,112.2586,113.1768,113.6486,110.0591,114.9087,109.6038,113.2078,110.3857,114.2847,112.6055,115.0000,112.6055,114.4028,115.6028,115.0000,117.6138,120.6027,116.8247,119.6328,118.2244,116.0172,119.2812,115.1217,117.1367,114.6124,109.6586,104.6566,106.4519,100.6231,103.2473,97.3088,99.7246,90.1388,92.3472,88.8876,88.5268,84.4038,83.0241,80.5047,80.0999,73.0274,0.0000,0.0000,0.0000,0.0000,0.0000,0.0000,0.0000,0.0000,0.0000,0.0000,0.0000,0.0000
1700000019.200000,-62.8,102.1763,99.4082,101.8332,102.7035,102.1078,99.6092,101.7890,101.4347,101.4150,101.8676,103.0776,104.8093,104.1201,104.3552,101.8332,103.4650,98.4327,102.8834,102.5524,103.4698,103.4698,104.6948,104.3887,106.4706,105.9906,105.5462,108.2405,111.8034,107.8239,111.3643,106.5129,106.0236,109.0046,107.3359,104.5466,102.1812,102.1812,98.3717,97.5295,94.5569,92.1792,89.2861,90.2441,82.9759,80.8950,79.7621,80.2247,78.2304,77.0260,74.0000,74.4312,69.0507,0.0000,0.0000,0.0000,0.0000,0.0000,0.0000,0.0000,0.0000,0.0000,0.0000,0.0000,0.0000
1700000019.250000,-62.7,106.3814,106.5692,107.0561,106.5692,105.5462,103.2473,104.7378,105.7592,105.7592,109.3846,106.0424,108.1573,109.4440,110.3857,107.5174,108.6324,106.7755,107.1541,106.5129,107.8378,108.7474,112.3076,107.7868,107.9120,112.7697,108.7842,113.3711,115.4123,114.5295,114.5295,109.5901,112.3076,111.8928,110.1681,111.0856,108.6324,105.3091,104.4031,103.0922,98.3717,96.3016,94.3716,93.8616,86.8850,85.1587,82.7345,85.4751,82.2982,82.1523,76.0066,76.1643,73.5527,0.0000,0.0000,0.0000,0.0000,0.0000,0.0000,0.0000,0.0000,0.0000,0.0000,0.0000,0.0000
1700000019.300000,-63.3,104.9238,105.9056,105.0762,102.4207,103.6967,103.8171,105.3043,103.1746,107.1681,105.0428,107.0187,109.0183,109.1146,108.1157,105.1713,108.6646,105.8017,105.5746,104.3935,108.1897,105.2236,108.5035,106.0990,107.9352,109.4440,111.4002,110.4219,110.4219,110.8558,112.3788,109.8362,113.9517,111.1575,106.0660,108.7796,108.6646,104.2353,100.4988,100.0450,96.0469,95.0053,93.0215,91.0055,88.1419,86.1452,83.3847,83.6002,80.8084,80.6040,78.1601,76.2430,71.5891,0.0000,0.0000,0.0000,0.0000,0.0000,0.0000,0.0000,0.0000,0.0000,0.0000,0.0000,0.0000
1700000019.350000,-58.7,99.4032,99.6243,100.1249,105.1523,100.1699,97.6166,99.4786,98.8382,101.0742,99.4032,103.0776,103.4698,102.8834,102.1812,104.5466,102.7862,101.8332,100.0000,103.0776,100.1699,100.4241,100.4241,99.2018,101.6071,108.2589,105.3233,104.7378,108.2589,106.7052,107.2800,103.8123,105.0190,106.7380,103.8460,102.8834,100.8811,98.6712,99.9600,94.3398,94.3398,91.7061,91.2414,87.2353,83.6481,81.1234,79.8812,79.8812,79.2023,75.4321,73.8783,71.4213,69.4262,0.0000,0.0000,0.0000,0.0000,0.0000,0.0000,0.0000,0.0000,0.0000,0.0000,0.0000,0.0000
1700000019.400000,-62.0,98.9798,97.4166,98.4784,99.3227,98.2293,93.4773,98.4073,97.0052,96.8298,97.8366,98.4937,99.0858,100.4191,98.3107,96.1665,101.4150,96.5401,97.0824,99.0202,97.4526,96.5401,100.6032,98.0051,99.0202,102.0784,99.8649,100.6876,103.7304,101.5135,103.4698,99.4032,103.0049,103.6002,100.6032,100.8960,98.0816,95.9010,92.1954,92.8493,91.9239,89.8276,84.8528,88.4590,82.2192,79.3977,75.6042,75.4520,74.8866,72.7186,72.4707,70.2353,68.0074,0.0000,0.0000,0.0000,0.0000,0.0000,0.0000,0.0000,0.0000,0.0000,0.0000,0.0000,0.0000
1700000019.450000,-63.8,97.0155,95.6347,98.4124,96.3328,99.1262,93.0484,98.0000,98.0204,97.0464,99.2472,99.0454,99.2472,99.2472,98.5089,96.6282,102.2595,96.3379,99.4636,97.0824,101.8676,98.2700,99.6895,101.2028,100.8960,102.3572,101.6514,100.2846,103.1601,100.4241,102.8834,99.2472,101.6514,101.6366,100.2247,100.8067,99.4636,98.8585,93.3435,93.4345,86.3713,90.0222,85.0529,90.0056,82.0061,82.0061,79.0253,78.3135,74.6726,74.3303,73.9797,70.5195,65.5515,0.0000,0.0000,0.0000,0.0000,0.0000,0.0000,0.0000,0.0000,0.0000,0.0000,0.0000,0.0000
1700000019.500000,-64.9,101.9657,100.2397,102.2155,104.8093,101.7890,100.1249,101.2571,99.4032,103.0049,101.2126,102.9417,102.4500,103.3925,104.0625,103.3925,102.5329,103.2473,101.1385,100.5684,105.5509,104.0625,104.2353,102.8251,102.6158,107.4477,101.2126,106.4002,109.0183,105.0000,105.0000,106.6677,106.6677,104.8904,102.0686,104.0625,99.8248,99.8248,97.5807,96.1769,92.6984,92.7631,90.7855,87.4586,86.6833,83.2346,78.8162,79.4040,77.5242,77.5242,75.6439,71.8679,69.8928,0.0000,0.0000,0.0000,0.0000,0.0000,0.0000,0.0000,0.0000,0.0000,0.0000,0.0000,0.0000
1700000019.550000,-60.5,97.0155,99.9850,98.8585,99.5038,98.3260,97.2523,96.1301,97.0464,99.0454,97.0464,98.3260,99.5038,99.6092,99.8499,99.6092,97.8673,100.2846,96.3379,98.2700,99.2975,98.3107,99.0404,95.5667,100.5783,100.2846,99.3277,103.4456,101.2423,103.4456,100.2846,101.6514,101.3903,101.6366,98.4886,99.0404,97.0824,94.3663,93.5575,93.5575,90.6697,86.1452,87.1436,86.1452,80.0562,83.0060,77.0260,77.0584,74.5453,74.5453,71.7008,69.4262,68.0074,0.0000,0.0000,0.0000,0.0000,0.0000,0.0000,0.0000,0.0000,0.0000,0.0000,0.0000,0.0000
1700000019.600000,-59.0,96.6075,92.8493,93.6376,96.5660,96.5660,91.0824,95.8801,95.0789,95.6033,97.9847,97.0155,97.2934,96.8814,99.6394,94.3663,99.2975,93.7710,94.6414,93.1933,97.1854,94.0851,94.0479,92.0869,98.0459,95.0210,97.0206,95.0053,99.0051,97.0052,99.0000,98.0204,95.0210,99.1262,95.1893,98.4124,97.4166,93.6483,90.9340,86.9770,87.2983,87.0976,81.2527,83.4326,79.5550,76.8440,75.2728,75.9605,75.2396,72.0069,69.8355,67.4166,64.8151,0.0000,0.0000,0.0000,0.0000,0.0000,0.0000,0.0000,0.0000,0.0000,0.0000,0.0000,0.0000
1700000019.650000,-61.5,101.5923,102.1567,105.1190,103.7882,101.9657,101.0792,99.2824,100.6479,103.3538,99.8599,102.6255,103.4698,103.6002,103.0049,102.0049,103.2327,102.9417,100.0050,104.1393,100.6578,101.3163,103.3247,99.8248,103.2763,103.2763,103.2376,103.9471,104.6614,108.2451,100.4490,103.9471,106.0754,103.2763,101.1781,102.8251,100.0050,99.2472,98.5951,95.2680,96.6075,90.8020,89.8721,86.8389,86.6083,84.5991,79.1581,80.1124,78.1857,74.6726,76.5376,72.2772,71.0211,0.0000,0.0000,0.0000,0.0000,0.0000,0.0000,0.0000,0.0000,0.0000,0.0000,0.0000,0.0000
1700000019.700000,-59.2,102.6158,101.1385,100.4390,105.5367,103.3683,103.7545,102.5914,103.0970,103.0970,101.4002,102.1225,106.2309,104.0192,106.0000,106.0047,102.0049,106.1179,101.0198,103.2376,104.2353,104.0433,103.1746,99.1816,105.2236,103.5857,103.0970,104.9381,103.9471,108.1897,104.2353,107.4663,106.4706,104.2353,103.2376,103.1213,101.0198,103.0437,97.0000,94.0479,97.1288,89.4539,91.4440,89.8053,81.7435,83.1865,79.3095,82.9699,81.5966,75.9605,76.3217,75.1532,70.4911,0.0000,0.0000,0.0000,0.0000,0.0000,0.0000,0.0000,0.0000,0.0000,0.0000,0.0000,0.0000
1700000019.750000,-62.6,102.0833,100.7224,101.5480,101.5480,101.2423,97.3499,97.4166,96.6075,103.0049,100.8960,99.8098,101.5332,100.5684,102.6499,101.1385,103.2376,99.8248,101.8332,99.1564,101.9117,101.1781,100.5684,100.6578,101.6710,103.0776,101.6710,104.4031,104.4031,102.4158,105.6030,99.8098,103.8557,103.0776,100.5684,100.5684,100.4490,99.8248,96.8969,94.7945,92.0978,92.9570,85.7963,89.0225,81.4002,83.0060,80.7775,81.1234,79.1770,76.4853,75.3923,72.8011,68.8840,0.0000,0.0000,0.0000,0.0000,0.0000,0.0000,0.0000,0.0000,0.0000,0.0000,0.0000,0.0000
1700000019.800000,-63.5,99.3277,101.6514,100.6231,104.5610,98.8433,98.6560,100.1299,99.7246,101.4938,101.5972,102.3963,106.2309,104.1201,104.0433,104.0192,103.0000,106.0047,101.0198,103.1746,102.1763,103.0437,102.2399,99.1816,104.5801,107.4663,104.5801,106.9205,104.6900,106.5692,103.9471,104.2353,104.5801,107.1681,104.1201,104.0192,102.0049,99.0051,99.0202,97.0464,97.1854,91.5478,94.5304,89.8053,86.4928,85.5102,81.4923,82.0061,80.0062,78.1857,75.1532,76.5376,71.0211,0.0000,0.0000,0.0000,0.0000,0.0000,0.0000,0.0000,0.0000,0.0000,0.0000,0.0000,0.0000
1700000019.850000,-61.9,104.6375,106.0189,102.3426,107.8981,104.3072,102.7278,106.5505,101.0742,107.3313,103.7882,106.0236,106.6208,109.2520,108.6324,108.6324,107.5639,108.1665,103.7304,106.3203,107.9676,108.6692,105.7733,102.2008,109.6358,106.9626,106.9626,110.2180,108.1712,113.0310,110.2180,109.1421,112.0580,109.8954,107.2007,109.1100,105.7733,102.7862,101.3903,104.0000,103.2473,95.2733,98.3870,94.8262,91.7878,90.5538,83.2166,86.0233,83.8153,78.2432,80.6226,77.8332,75.8024,0.0000,0.0000,0.0000,0.0000,0.0000,0.0000,0.0000,0.0000,0.0000,0.0000,0.0000,0.0000
1700000019.900000,-63.7,102.4890,100.1299,102.9612,104.9238,103.5857,103.5857,99.9300,100.5684,101.8332,103.7304,104.6757,105.6882,109.9318,107.5407,110.1681,105.9906,105.1190,103.7545,107.9120,105.3091,105.8159,103.7738,102.5768,106.3297,110.4536,107.0701,108.8118,109.0000,110.1136,108.1665,107.6151,108.1665,109.6038,107.9120,106.3297,107.5407,104.2017,102.8834,102.0441,101.6366,97.6934,96.7988,95.8593,90.1388,89.2861,85.4400,85.9069,85.3288,80.3057,80.0562,77.0065,73.2462,0.0000,0.0000,0.0000,0.0000,0.0000,0.0000,0.0000,0.0000,0.0000,0.0000,0.0000,0.0000
1700000019.950000,-64.1,104.5466,97.5141,103.3683,100.8067,104.2353,99.1413,101.7104,99.4082,101.1237,102.1225,106.0047,107.0047,106.0189,102.0441,103.1746,104.3887,103.5857,106.4706,107.6708,106.6771,104.6900,104.5610,107.0561,108.4666,108.8531,103.7545,109.6586,110.3540,110.8558,111.3239,109.4440,112.1784,112.3788,108.8531,109.6586,108.0463,108.0463,102.1763,101.4002,101.2423,101.0445,97.0052,98.0051,95.0474,86.1452,86.7006,89.8053,85.3288,88.0568,84.2021,79.7120,75.5844,0.0000,0.0000,0.0000,0.0000,0.0000,0.0000,0.0000,0.0000,0.0000,0.0000,0.0000,0.0000
1700000020.000000,-63.4,98.6560,92.9624,97.2677,96.7729,97.2677,94.2444,95.8593,96.4624,96.9330,97.0824,101.2373,97.5090,97.5295,101.5332,98.1122,101.0198,99.8599,97.6371,99.0454,103.2279,99.0454,101.2126,99.6243,104.4845,102.4500,102.6158,104.9952,100.6578,107.6290,104.3504,106.4049,107.7126,104.4845,105.8915,105.0000,103.2279,102.6499,101.2423,99.1262,99.3227,92.6607,97.2471,92.1792,89.4707,85.0000,84.8646,86.7295,80.0812,81.0247,78.4474,77.5242,75.0067,0.0000,0.0000,0.0000,0.0000,0.0000,0.0000,0.0000,0.0000,0.0000,0.0000,0.0000,0.0000
1700000020.050000,-61.5,98.3717,101.9215,103.3683,103.8123,100.2247,102.5914,98.8585,101.4002,100.7174,101.3163,102.0784,104.0769,108.0000,106.0189,106.0189,105.1190,105.3850,106.3814,105.6835,106.7942,108.7796,109.3298,106.2121,107.5174,110.4762,110.4762,111.9866,111.0045,111.8302,110.8197,114.2716,115.1217,113.7717,113.1371,110.8873,110.7655,110.3676,106.0754,106.0000,108.0741,101.1781,105.1190,102.1763,94.7629,93.0591,89.9444,87.5557,87.5557,85.7030,81.7068,80.4984,79.9250,0.0000,0.0000,0.0000,0.0000,0.0000,0.0000,0.0000,0.0000,0.0000,0.0000,0.0000,0.0000
1700000020.100000,-61.9,93.2952,93.8136,95.2103,96.7988,95.2103,96.8298,96.3328,95.5249,98.2904,96.2081,97.5910,101.9804,100.0050,102.7278,102.1763,103.8557,101.5135,99.0202,100.6032,104.0433,102.3426,104.8475,102.6255,103.9423,107.0420,107.0420,112.8716,107.9120,112.0045,110.1454,109.4166,112.5078,111.2205,109.8362,110.9414,108.4666,109.6221,104.6375,105.6456,102.7278,101.1781,100.4191,99.7647,93.5094,90.1388,87.0057,90.4434,87.1321,85.0882,84.1190,78.0000,75.8947,0.0000,0.0000,0.0000,0.0000,0.0000,0.0000,0.0000,0.0000,0.0000,0.0000,0.0000,0.0000
1700000020.150000,-62.6,99.8649,99.2975,98.4784,101.3558,100.1848,101.1187,97.0464,102.5524,103.6195,103.2473,105.9481,109.7679,108.4159,104.5610,105.2616,110.0227,108.8531,109.6586,108.1897,110.1681,105.0762,109.4578,111.6468,112.1115,111.1620,113.0708,116.0689,119.0042,118.0678,122.1024,118.0678,118.1059,118.3427,118.1524,119.9417,116.7262,119.0798,114.2716,112.6144,113.3578,110.1136,107.2007,106.3203,103.0922,99.2975,96.5660,94.4299,91.7878,91.7878,89.8888,88.0057,82.8070,0.0000,0.0000,0.0000,0.0000,0.0000,0.0000,0.0000,0.0000,0.0000,0.0000,0.0000,0.0000
1700000020.200000,-60.3,98.8585,97.6729,105.4182,101.3163,102.5329,99.7246,103.5857,102.9417,103.7111,105.6030,107.4151,109.0000,104.8475,106.3297,105.3091,110.0182,108.2589,114.0614,106.9299,107.8378,106.6208,110.4943,112.0089,115.7411,114.8260,113.8420,117.7200,118.5960,117.4436,124.1934,121.1156,124.2779,122.4296,116.2454,120.9339,122.7721,120.4201,116.7262,112.7120,111.8034,112.8716,108.9082,111.6468,104.3072,99.0454,100.0000,96.4261,93.4345,94.1116,90.7855,88.2383,83.8630,0.0000,0.0000,0.0000,0.0000,0.0000,0.0000,0.0000,0.0000,0.0000,0.0000,0.0000,0.0000
1700000020.250000,-64.2,98.2497,100.2447,100.7174,101.9657,101.2719,102.7716,99.9250,100.1699,102.2008,103.4070,108.7842,107.7033,108.8531,109.7725,108.8531,110.0182,112.3788,111.4136,112.5078,110.6391,112.8716,112.6810,111.7721,114.0175,118.2244,114.0175,118.2286,120.8015,123.8467,124.0161,124.0363,124.0363,124.0363,120.3703,122.1147,120.7394,121.5936,118.5960,115.8361,115.3950,110.9820,109.7725,111.2340,103.4650,103.0922,95.2103,96.5401,97.8621,93.6483,91.3510,88.0057,84.2912,0.0000,0.0000,0.0000,0.0000,0.0000,0.0000,0.0000,0.0000,0.0000,0.0000,0.0000,0.0000
1700000020.300000,-63.1,101.9215,101.7890,106.2121,104.0865,104.5801,101.5972,104.1201,104.0192,110.0000,107.0187,107.1168,113.3578,110.8873,108.0463,111.6289,116.5590,115.1217,112.1784,110.1136,113.0310,114.4771,117.6308,117.1751,117.9873,121.1156,121.7580,123.4909,122.9309,124.6154,129.6187,122.7762,125.2517,126.4911,126.2418,127.1299,124.4548,121.5648,122.7844,116.4989,119.0504,115.4123,114.8564,113.3578,110.5486,108.0185,101.0198,100.0800,100.3195,97.0155,91.2414,90.4710,86.9770,0.0000,0.0000,0.0000,0.0000,0.0000,0.0000,0.0000,0.0000,0.0000,0.0000,0.0000,0.0000
1700000020.350000,-62.6,101.2423,94.3027,101.0445,103.8557,104.2353,102.7278,101.1187,103.9663,105.4182,104.4845,104.1393,110.0000,109.2886,109.5536,111.8302,111.8302,108.5587,112.0045,114.0614,112.7120,116.2755,114.9652,114.0614,117.7455,116.8118,116.0776,119.8708,127.5813,127.2242,123.7134,122.9309,130.7402,127.5813,124.0846,122.5765,118.9664,122.0901,118.1186,118.7013,115.4340,112.6055,111.7721,109.4029,102.0049,105.7592,97.6729,95.4830,95.4830,92.0978,93.6002,90.1388,88.1930,0.0000,0.0000,0.0000,0.0000,0.0000,0.0000,0.0000,0.0000,0.0000,0.0000,0.0000,0.0000
1700000020.400000,-58.2,101.4938,104.5801,104.0192,104.0192,106.0189,103.3102,107.7868,107.4663,108.3420,110.8197,113.3578,113.5650,117.6308,113.8859,117.6520,113.2961,114.2322,116.4689,116.0776,118.1059,118.3089,118.5116,118.0678,123.9435,124.9080,123.9435,124.9080,127.4245,129.1395,123.1747,128.6313,129.8499,129.2942,125.7060,123.4706,128.3783,122.5765,122.3846,124.6515,119.0378,116.8118,118.6802,114.8434,104.2929,106.4800,101.6071,102.4207,95.8853,97.3293,95.0842,93.0215,84.5931,0.0000,0.0000,0.0000,0.0000,0.0000,0.0000,0.0000,0.0000,0.0000,0.0000,0.0000,0.0000
1700000020.450000,-62.8,101.2373,102.6158,102.6158,109.4029,106.2544,107.6151,110.2769,107.4244,111.5079,114.4945,114.0614,117.9237,116.7090,117.7455,118.1059,115.1086,122.7110,115.7411,121.0372,119.5701,122.7844,120.0750,120.0750,127.2792,124.6154,123.3207,127.2792,127.5774,124.6154,127.2792,129.8384,125.1319,129.2478,127.8828,130.2498,129.5415,123.9395,124.3262,123.6487,124.3101,115.5509,119.6202,110.5712,110.9414,108.7842,102.9563,103.7738,96.2601,92.8009,93.6056,90.5207,87.7838,0.0000,0.0000,0.0000,0.0000,0.0000,0.0000,0.0000,0.0000,0.0000,0.0000,0.0000,0.0000
1700000020.500000,-63.2,97.1288,98.3260,96.0260,99.1413,102.5914,94.7259,99.9250,106.2309,105.0809,102.4597,107.2241,111.2340,108.4620,110.9820,112.8051,115.3820,113.1768,116.2755,113.8771,110.4536,113.0177,118.5116,115.1217,117.4138,120.8015,119.8541,125.0000,125.2078,123.4058,123.4058,122.6418,125.8014,130.0846,123.1747,124.8679,125.8968,121.3136,119.8833,119.8833,114.9652,115.5509,107.7033,108.8531,98.9798,102.4597,97.8008,95.8019,92.2280,88.9550,87.2812,85.0059,82.1523,0.0000,0.0000,0.0000,0.0000,0.0000,0.0000,0.0000,0.0000,0.0000,0.0000,0.0000,0.0000
1700000020.550000,-61.9,99.2018,101.5135,108.1665,104.8618,109.0780,106.3297,110.9234,109.6586,112.8051,114.2366,113.3181,116.2454,118.5960,117.6520,115.7411,119.1050,117.6308,121.0372,116.7090,122.9837,121.8236,123.0447,121.4949,122.8007,125.7816,122.8007,127.3185,122.5887,125.2557,122.3315,127.7693,121.5936,122.9187,126.2894,128.2692,130.2306,129.6341,121.5113,118.6002,118.1397,118.2962,112.5789,117.3243,104.5466,108.4620,98.4886,97.9439,98.4886,97.9439,90.2109,87.9659,83.4386,0.0000,0.0000,0.0000,0.0000,0.0000,0.0000,0.0000,0.0000,0.0000,0.0000,0.0000,0.0000
1700000020.600000,-62.9,97.6166,99.0858,99.1564,100.4490,101.3163,99.0858,102.4500,105.1190,105.6030,106.6068,107.6476,110.1363,111.7721,111.6468,111.6468,112.3788,114.1271,114.1271,112.8051,115.3950,111.8258,118.5960,114.2366,119.8708,119.7748,120.5529,122.7762,127.1377,124.6515,124.2779,120.9049,123.6932,125.3994,122.5765,125.2996,123.4342,118.1186,115.1043,114.9087,112.5078,109.0000,105.6835,106.6068,98.6002,93.8616,94.1754,94.0479,92.6553,89.2749,85.4283,82.9277,77.8267,0.0000,0.0000,0.0000,0.0000,0.0000,0.0000,0.0000,0.0000,0.0000,0.0000,0.0000,0.0000
1700000020.650000,-60.3,101.2423,96.7988,100.3045,103.1213,100.8464,101.9657,103.3538,103.9423,106.4706,106.0000,110.6752,110.4355,113.0044,111.6065,110.6029,118.4441,114.3372,115.5206,111.0721,113.8464,115.4340,119.5199,117.3797,121.0826,121.1652,120.4159,124.0846,123.3288,124.9640,125.6065,125.2078,128.8875,127.4049,123.0447,118.7939,122.4296,121.0826,115.5206,116.5161,112.4455,108.8118,107.6476,106.5082,103.1746,97.2471,95.7079,94.8472,87.7269,91.3893,85.0941,81.7435,77.2787,0.0000,0.0000,0.0000,0.0000,0.0000,0.0000,0.0000,0.0000,0.0000,0.0000,0.0000,0.0000
1700000020.700000,-64.5,107.3313,102.0000,103.9423,108.5587,106.5317,104.3072,105.9481,107.2007,110.2588,107.9352,114.9783,115.5206,116.6919,118.1397,118.7939,119.6035,119.7539,117.4564,116.6619,119.2057,120.7394,122.8007,118.8486,124.0363,124.6315,124.4026,127.0630,128.9690,127.3146,130.9198,128.6002,128.6002,130.7287,124.6315,124.6515,125.8730,120.2165,121.6224,115.2779,116.1809,112.8051,111.2879,106.6677,101.5135,100.9554,95.1893,97.2471,93.2952,89.8999,87.0919,83.8153,79.0759,0.0000,0.0000,0.0000,0.0000,0.0000,0.0000,0.0000,0.0000,0.0000,0.0000,0.0000,0.0000
1700000020.750000,-62.3,97.1854,102.3963,102.8251,105.6835,105.2236,103.4070,104.7855,104.5610,104.2929,107.5174,111.6647,112.0089,114.8260,116.0776,112.0089,115.4513,113.6002,113.1592,113.6002,114.0614,117.1836,118.5960,114.9087,119.2686,118.7266,119.5701,122.1147,122.6418,122.5887,122.0369,118.8486,121.4331,122.6744,122.6744,120.7477,118.0720,116.2755,114.5426,109.7725,106.9766,106.8925,103.7304,103.0922,94.9210,92.1954,88.6454,88.2836,87.5728,83.3847,82.1523,79.0063,75.2396,0.0000,0.0000,0.0000,0.0000,0.0000,0.0000,0.0000,0.0000,0.0000,0.0000,0.0000,0.0000
1700000020.800000,-56.4,99.3227,102.0833,100.7224,107.7822,99.3177,102.0441,103.2473,106.6255,109.1100,106.2544,109.1100,110.0636,113.7585,114.0175,115.6936,112.1784,114.1403,110.2180,113.4372,114.1271,115.2606,116.8418,110.6526,117.6138,117.7200,118.4230,125.3236,118.6086,122.5887,120.4159,121.8072,118.0890,122.0533,118.0890,117.8855,116.9273,113.0310,109.6358,109.7679,106.9018,101.5135,101.8430,99.5389,94.0213,92.1954,88.5664,87.8180,84.9058,82.2010,80.0000,78.1025,74.4110,0.0000,0.0000,0.0000,0.0000,0.0000,0.0000,0.0000,0.0000,0.0000,0.0000,0.0000,0.0000
1700000020.850000,-61.0,101.2126,97.6371,101.7890,102.0784,102.8008,96.4002,105.7592,103.3925,103.2473,108.1897,108.1897,106.0754,108.3744,111.2879,109.3435,115.2562,110.0000,109.6358,108.4666,113.2078,115.3776,113.7409,113.7409,116.6190,114.9087,114.9087,116.8461,120.0667,116.3615,116.4689,113.0177,117.1367,118.3385,112.6055,112.8938,115.2085,109.6358,108.8531,103.4795,101.9804,103.3925,94.7945,98.9949,90.5538,91.2195,86.3713,86.2149,81.4002,82.0975,75.6637,76.4853,72.0902,0.0000,0.0000,0.0000,0.0000,0.0000,0.0000,0.0000,0.0000,0.0000,0.0000,0.0000,0.0000
1700000020.900000,-60.0,99.2824,96.6488,100.1699,100.1699,103.2473,99.8599,100.4390,100.4241,97.0052,108.0741,105.6456,103.3925,107.5639,104.6900,105.4182,109.6221,106.1037,107.6290,107.6290,106.4049,108.4666,106.5270,106.5270,111.4002,110.8016,108.4066,109.0413,113.6002,108.8118,112.4144,108.2312,111.8258,110.6345,109.1238,106.9626,107.5639,103.9663,103.2763,101.2373,95.4830,96.3328,92.3147,93.2363,85.2115,85.4400,81.8352,80.2621,78.7210,78.7210,73.3894,71.4703,68.6586,0.0000,0.0000,0.0000,0.0000,0.0000,0.0000,0.0000,0.0000,0.0000,0.0000,0.0000,0.0000
1700000020.950000,-61.5,99.9050,99.8248,99.7046,101.8332,100.4490,99.0858,99.2472,101.2126,102.9417,103.6002,103.4698,103.1746,105.6882,108.0463,105.1523,106.5317,103.0776,104.3168,104.3168,106.5505,104.3168,108.3005,102.4207,107.5407,110.9820,107.8378,108.6876,111.3598,113.7189,110.4943,106.8925,108.3005,112.3788,108.9082,107.6151,104.6231,101.5480,101.5135,99.2018,96.0469,94.2603,92.1954,90.6090,86.9770,82.7587,80.9197,79.0253,78.2368,74.0608,73.7835,69.7711,70.0071,0.0000,0.0000,0.0000,0.0000,0.0000,0.0000,0.0000,0.0000,0.0000,0.0000,0.0000,0.0000
1700000021.000000,-65.3,95.1893,95.1893,93.9415,97.5295,95.2733,95.7079,96.2549,94.4299,95.8593,98.6813,98.6813,101.6514,102.8834,101.3903,102.6158,100.6628,100.4390,102.1078,100.6231,101.0000,101.4150,102.9612,99.4636,100.8415,104.8093,105.6835,105.8017,106.0660,106.2121,104.8093,104.3935,104.3935,102.9612,102.1812,100.4390,101.3903,98.7168,96.5660,94.8683,94.2444,88.9550,88.9550,84.3090,82.7647,78.7147,75.5910,74.9466,72.1110,72.6705,70.9366,68.7677,65.8559,0.0000,0.0000,0.0000,0.0000,0.0000,0.0000,0.0000,0.0000,0.0000,0.0000,0.0000,0.0000
1700000021.050000,-61.4,101.9657,103.5857,104.2353,103.1746,104.0433,102.0441,107.0047,103.0194,104.0192,107.3778,106.5692,106.9205,105.2236,108.5035,104.0865,109.8362,107.8703,108.2589,105.5367,109.4440,106.7333,105.7592,109.6358,109.1100,107.8564,105.6504,108.5219,111.6826,110.7249,110.7249,107.7033,106.9626,106.5129,104.7378,109.2383,105.7213,99.8248,103.0970,97.7394,97.4166,97.1854,93.1933,93.0054,86.0058,85.0235,81.3019,81.6150,76.2955,77.4661,74.7329,69.3758,66.4831,0.0000,0.0000,0.0000,0.0000,0.0000,0.0000,0.0000,0.0000,0.0000,0.0000,0.0000,0.0000
1700000021.100000,-59.8,100.2846,101.9657,102.2399,99.2472,101.1781,97.0464,103.0000,101.0050,103.0437,102.1763,104.1729,103.5857,106.5692,104.6900,105.0762,103.5761,104.9238,103.7545,105.3233,104.3456,105.9056,109.8818,103.5857,107.5639,107.5639,107.5639,107.8564,110.4400,106.9018,105.9481,105.5130,107.4477,106.4800,106.7333,102.7716,102.9612,99.8248,96.1769,98.1529,95.4254,94.4299,88.2043,89.1403,84.0060,82.0244,81.1542,79.2275,76.7919,72.9931,72.5672,69.3758,66.7308,0.0000,0.0000,0.0000,0.0000,0.0000,0.0000,0.0000,0.0000,0.0000,0.0000,0.0000,0.0000
1700000021.150000,-59.8,89.1067,89.1067,90.7855,91.5478,92.8493,90.2718,91.2140,91.4002,93.7443,93.2952,94.0319,95.8801,95.7706,94.8262,97.5295,95.2733,95.2733,93.9415,95.0789,94.8472,96.2549,96.2549,95.0789,97.0824,96.1353,93.3006,96.1353,98.7927,95.8175,95.8593,94.3398,98.7927,96.0052,96.2549,94.3716,93.9415,92.1358,90.3549,89.4707,87.7097,83.7616,84.0536,80.7094,75.2130,72.6223,72.3464,71.5052,66.4831,67.2681,64.6607,66.4003,60.5392,0.0000,0.0000,0.0000,0.0000,0.0000,0.0000,0.0000,0.0000,0.0000,0.0000,0.0000,0.0000
1700000021.200000,-58.3,91.0055,93.0484,89.3588,93.3435,91.7878,90.7965,89.4427,89.8220,95.1262,91.6788,96.5660,93.9628,94.2550,94.5780,94.2550,92.8493,96.9330,92.8493,95.4620,94.4299,97.1700,96.6644,92.6121,94.8103,96.6023,94.8103,97.0618,94.8262,95.7131,94.8262,98.4124,94.4299,94.8472,95.0789,94.7048,91.7606,92.9731,87.5957,86.9770,88.0568,80.8084,81.7863,77.1038,76.9415,71.4493,71.2531,71.0634,70.0071,65.0308,61.2944,64.3817,60.2080,0.0000,0.0000,0.0000,0.0000,0.0000,0.0000,0.0000,0.0000,0.0000,0.0000,0.0000,0.0000
1700000021.250000,-59.9,90.0500,87.1321,90.4434,90.4434,88.0057,91.4002,90.9065,91.5478,89.2749,90.6090,94.0479,94.0479,94.0479,91.2853,92.0217,93.8616,94.4934,90.0278,96.2133,95.6033,93.2363,92.2009,91.4002,94.6256,94.6256,94.0479,92.9139,96.5194,95.6922,94.8683,95.0000,96.6075,92.6175,94.0213,92.3147,92.1954,90.6863,87.1149,82.7587,83.4386,83.0963,80.8084,78.7464,75.6042,74.3303,70.4557,68.9638,67.1193,65.7951,64.4748,61.3514,60.6383,0.0000,0.0000,0.0000,0.0000,0.0000,0.0000,0.0000,0.0000,0.0000,0.0000,0.0000,0.0000
1700000021.300000,-62.6,91.1811,90.4434,94.1116,92.1792,92.6499,90.2441,92.5743,93.0591,93.0591,92.4392,94.8947,96.4210,96.2549,94.1913,95.0474,94.0053,96.0000,97.0052,94.0479,95.0053,94.0213,97.1854,94.0213,94.1913,95.2575,94.3398,97.6217,97.4166,96.6282,99.3227,96.2549,95.3363,96.1873,92.0869,94.0479,97.0000,90.0222,88.2043,85.2878,85.2878,83.4865,80.7527,81.0494,75.1864,74.9533,72.5328,72.7324,70.9366,69.8570,63.9531,65.0000,57.2014,0.0000,0.0000,0.0000,0.0000,0.0000,0.0000,0.0000,0.0000,0.0000,0.0000,0.0000,0.0000
1700000021.350000,-64.8,82.2192,82.1340,80.6226,83.4865,84.8999,82.8070,82.8794,82.3286,83.0963,82.8010,87.0919,85.4400,83.8630,84.0595,84.9058,88.3233,86.3539,83.7257,84.0952,86.7640,85.8662,84.9706,86.7640,86.1626,87.4643,88.2383,86.5390,87.4643,86.5390,87.4643,84.1724,85.4927,86.7640,84.0952,84.9706,82.7647,78.7718,79.7559,78.3901,78.2304,75.4520,72.2011,71.4003,69.8140,68.6804,64.3506,66.4831,63.7809,60.4401,58.0086,57.1402,53.7122,0.0000,0.0000,0.0000,0.0000,0.0000,0.0000,0.0000,0.0000,0.0000,0.0000,0.0000,0.0000
1700000021.400000,-62.4,89.4707,89.4427,88.6397,87.3212,89.5377,84.7585,89.4930,86.4002,88.3233,91.2140,91.9239,91.2195,92.9624,91.5915,91.5915,92.6553,90.4489,91.4440,92.2659,94.2603,91.3510,94.0851,90.3549,95.0053,95.0842,91.0879,91.0220,96.0052,94.0053,92.0217,92.0489,91.0879,94.2603,90.2718,91.4440,90.4489,89.9444,87.2983,84.7231,84.7231,82.2253,79.3095,80.0812,75.8947,72.8011,70.2638,68.8767,69.3542,65.0000,62.6817,61.8466,57.3149,0.0000,0.0000,0.0000,0.0000,0.0000,0.0000,0.0000,0.0000,0.0000,0.0000,0.0000,0.0000
1700000021.450000,-62.0,84.8764,85.4400,90.0500,84.5991,88.1192,83.6481,87.2353,84.1724,85.6154,88.6002,89.1964,90.1388,92.4446,89.5600,89.8443,91.6788,87.0976,87.0976,90.6090,91.0055,90.2441,89.6270,87.8635,92.7793,91.9239,91.9239,91.7878,92.9139,90.7965,90.9340,91.2414,89.9444,92.9624,88.0738,87.8635,87.0976,87.0976,84.7703,84.1190,82.8613,82.6378,78.0000,76.1577,72.0069,71.1969,69.1158,69.0652,67.4240,67.0075,62.3699,61.5549,58.4123,0.0000,0.0000,0.0000,0.0000,0.0000,0.0000,0.0000,0.0000,0.0000,0.0000,0.0000,0.0000
1700000021.500000,-62.1,80.7527,79.4040,80.2247,84.3801,79.0569,81.0247,81.0062,81.0987,80.2247,79.2275,83.4865,81.6150,85.5102,84.3445,87.4757,82.9759,85.9069,81.4923,87.6413,86.4002,83.5225,84.4808,80.9568,86.7295,84.4334,84.4334,86.5390,84.8646,89.3196,86.1626,86.3771,85.7030,84.4334,83.4865,83.6780,82.5651,81.7435,81.4923,80.4114,78.4474,75.8024,75.6637,73.2462,71.1126,66.0303,65.0077,63.0714,62.1289,62.5140,58.6941,55.0818,55.3624,0.0000,0.0000,0.0000,0.0000,0.0000,0.0000,0.0000,0.0000,0.0000,0.0000,0.0000,0.0000
1700000021.550000,-61.4,94.6414,88.8144,94.8947,94.3663,91.5915,89.8220,93.3916,94.6414,94.9210,94.2550,95.8593,97.8621,95.0789,96.2549,93.6216,99.3177,97.0824,97.0618,93.1504,97.7548,98.0051,97.2471,99.4786,97.9081,99.0202,97.9081,100.1249,100.6876,100.6876,101.5480,95.7183,100.7025,99.1262,98.6154,98.0051,99.2975,96.1769,93.9415,92.6121,86.5390,89.8888,84.5044,84.1190,77.4919,76.9220,72.7805,76.1183,70.7107,71.1758,65.0077,65.0000,62.2896,0.0000,0.0000,0.0000,0.0000,0.0000,0.0000,0.0000,0.0000,0.0000,0.0000,0.0000,0.0000
1700000021.600000,-63.2,77.7817,80.6598,79.3977,80.8084,77.6209,80.0000,80.2122,81.2711,81.2711,79.9250,84.2199,82.7647,83.1865,81.3941,83.1865,85.0882,85.9069,80.5295,85.2350,85.4400,84.6936,84.5044,83.2166,86.3308,88.2327,86.6487,88.2327,88.2327,88.5438,86.3308,87.2812,87.9204,86.1626,85.2350,85.4927,81.4371,83.6720,81.3941,81.0062,78.8923,76.8505,75.4718,73.7835,70.2140,66.8431,68.0147,63.7809,62.9682,58.7282,57.6281,54.9181,55.4707,0.0000,0.0000,0.0000,0.0000,0.0000,0.0000,0.0000,0.0000,0.0000,0.0000,0.0000,0.0000
1700000021.650000,-67.7,87.0919,86.0000,87.0517,91.0220,87.3670,86.2844,87.5728,86.5794,87.4757,88.1192,89.0505,89.2693,92.6499,91.6788,92.1792,89.4930,92.0272,89.4930,93.0484,92.4770,90.1388,92.3093,89.3196,93.7763,94.0213,93.5201,96.6075,95.2733,95.7079,93.9415,96.0052,93.5201,93.7763,93.7763,90.8240,89.4930,89.4930,89.8443,85.8662,86.3481,81.7863,80.6040,79.4292,77.6466,74.3303,71.1758,70.0071,67.0000,65.0692,66.1891,59.8415,59.4811,0.0000,0.0000,0.0000,0.0000,0.0000,0.0000,0.0000,0.0000,0.0000,0.0000,0.0000,0.0000
1700000021.700000,-62.6,86.3713,85.4751,83.2947,87.9659,84.7172,86.3134,85.1469,84.7231,86.3481,83.2406,88.2327,88.3912,89.8888,90.2497,91.7606,86.1626,91.0000,86.9253,89.8944,90.8020,92.1954,91.2853,87.6641,92.2822,89.9444,91.4166,92.2822,92.5905,95.3834,89.1852,90.8240,89.8944,91.7061,90.3770,89.1572,88.3912,89.1572,89.1964,85.0941,86.6487,80.2808,81.4923,75.9276,74.1485,72.5603,68.1175,67.1863,70.0071,65.0000,62.0725,61.6604,60.4152,0.0000,0.0000,0.0000,0.0000,0.0000,0.0000,0.0000,0.0000,0.0000,0.0000,0.0000,0.0000
1700000021.750000,-59.8,89.0056,90.1388,93.2631,90.2718,93.6483,89.5600,91.2414,90.4710,92.1954,91.4440,93.8616,96.3016,94.9210,97.7190,96.1353,95.5196,96.7988,94.9210,94.7048,95.4620,96.3846,95.2733,93.9415,96.6023,98.3870,99.7296,98.3870,98.8382,100.1848,96.1769,95.2733,98.4124,97.0824,96.6644,97.4987,94.5780,94.5780,90.4434,89.5600,88.6002,87.5557,85.9069,81.5843,78.9177,79.6304,73.1710,74.0608,70.0286,67.0671,67.1863,66.9104,62.3699,0.0000,0.0000,0.0000,0.0000,0.0000,0.0000,0.0000,0.0000,0.0000,0.0000,0.0000,0.0000
1700000021.800000,-63.6,90.4268,89.9444,86.5794,91.6624,90.1998,89.2020,88.0057,89.0056,90.0000,90.0500,93.1933,91.2688,95.2575,94.6414,96.1769,91.9239,95.5249,90.6090,95.3415,92.4175,95.3415,95.5667,90.7083,93.9628,97.8008,94.6414,98.6712,95.2103,98.0306,93.0054,96.5660,94.6414,94.6414,96.3016,93.1719,91.7823,91.4112,89.6772,90.7965,86.7006,84.2140,85.1469,81.0555,80.0000,76.0592,73.1710,70.3491,70.7107,66.9104,65.9697,63.2456,64.0781,0.0000,0.0000,0.0000,0.0000,0.0000,0.0000,0.0000,0.0000,0.0000,0.0000,0.0000,0.0000
1700000021.850000,-59.5,94.3663,96.3172,93.6803,97.8008,93.3006,95.1893,96.4624,96.0052,100.8464,96.2549,99.3177,100.6231,100.1848,102.2155,100.6479,101.2423,99.6444,99.0202,102.6499,100.2098,99.5691,100.2098,100.0000,101.6710,102.0049,101.6710,102.3035,102.3035,102.9417,102.9417,100.8960,103.7111,103.6002,100.8018,100.2098,97.6524,99.0202,96.8969,93.6483,93.6483,89.0056,89.4707,88.1022,83.6720,80.2309,78.7718,77.1622,74.0405,71.0634,71.0211,67.7422,65.0077,0.0000,0.0000,0.0000,0.0000,0.0000,0.0000,0.0000,0.0000,0.0000,0.0000,0.0000,0.0000
1700000021.900000,-62.4,97.6217,96.6902,100.6231,101.0000,101.8676,93.1451,101.2423,101.2423,98.6813,103.7304,103.4070,105.1095,102.7862,103.4698,101.2373,104.2017,100.6479,99.2975,103.8316,101.7104,101.5972,102.7278,103.4456,104.9571,104.4462,99.9850,103.7304,107.0701,102.0784,107.0701,104.6231,105.3945,104.9571,100.7224,102.4744,101.0792,100.1798,97.5756,94.9210,93.1075,93.2309,87.6413,89.4930,82.4621,83.2406,78.3390,78.4474,76.2955,75.3260,72.0278,68.1836,63.2851,0.0000,0.0000,0.0000,0.0000,0.0000,0.0000,0.0000,0.0000,0.0000,0.0000,0.0000,0.0000
1700000021.950000,-66.0,97.2471,96.6488,94.8262,99.2824,97.9898,97.9898,99.9600,101.5923,98.3514,99.9300,99.9300,102.6158,103.8123,103.3683,103.8123,102.7716,102.7716,102.7716,97.7394,103.0970,106.9205,102.5914,98.6154,103.1746,107.3778,103.2376,104.1729,104.1729,103.1746,102.1763,103.1746,102.3963,103.3925,102.4890,101.5972,99.9850,96.8814,96.6902,96.1041,92.6499,88.0568,87.0919,87.6413,83.4865,80.6536,77.6209,76.0592,72.4707,73.4302,69.3397,67.2012,61.7171,0.0000,0.0000,0.0000,0.0000,0.0000,0.0000,0.0000,0.0000,0.0000,0.0000,0.0000,0.0000
1700000022.000000,-63.4,101.0000,102.0049,99.1262,102.0441,97.5141,102.3963,99.9850,103.0970,102.2595,102.7716,106.5129,106.7333,105.0190,105.5130,104.5466,104.5466,105.0809,100.9604,105.3423,106.2544,103.4070,104.4031,100.2447,105.1095,105.1095,107.1541,103.4698,105.1095,107.1541,101.3903,104.4031,105.1095,103.7304,102.4597,102.7862,97.4166,102.8834,99.6895,100.0200,96.1041,92.0706,89.8053,89.6772,84.2912,82.2192,80.0062,79.0000,77.3175,76.3217,71.8471,70.0357,65.8027,0.0000,0.0000,0.0000,0.0000,0.0000,0.0000,0.0000,0.0000,0.0000,0.0000,0.0000,0.0000
1700000022.050000,-61.2,97.2471,97.2471,101.5480,103.5857,100.4042,99.0454,95.8019,101.2126,98.0816,101.4150,101.0445,101.2373,102.6499,99.0051,99.7246,102.6499,100.5684,99.0353,100.6578,100.1249,101.3163,101.6710,97.0052,101.6071,105.0000,102.6158,104.4031,107.6476,101.5135,103.4698,98.8130,100.4390,101.6071,102.0049,97.6166,101.8283,97.0824,94.2603,91.9674,89.8053,89.8053,87.0000,87.8635,81.0555,79.8123,78.0064,76.0066,73.5731,73.3485,68.9420,68.3520,62.6418,0.0000,0.0000,0.0000,0.0000,0.0000,0.0000,0.0000,0.0000,0.0000,0.0000,0.0000,0.0000
1700000022.100000,-60.8,96.9381,99.0858,101.1187,103.9663,101.2373,100.5684,98.7168,103.7111,101.8283,102.8008,104.0192,101.6071,107.6476,105.9481,103.7738,103.2473,101.7104,98.6154,101.9657,103.7545,101.5972,103.7545,99.2975,101.6366,104.2161,102.0441,101.2373,102.9563,105.3091,103.8701,103.0776,105.1190,105.1190,100.2247,100.1798,99.4786,101.2126,94.3398,94.8736,94.0319,89.4036,88.6002,86.0523,85.2760,83.6301,78.5175,79.9812,73.6614,75.1665,70.2140,70.7107,65.7419,0.0000,0.0000,0.0000,0.0000,0.0000,0.0000,0.0000,0.0000,0.0000,0.0000,0.0000,0.0000
1700000022.150000,-62.8,106.3203,101.9215,106.6255,107.5639,104.1777,105.1095,105.1903,107.8378,107.8378,107.3313,110.0182,111.0180,110.1454,108.5587,107.3778,109.0000,109.5536,107.6151,105.4372,107.8981,109.8590,106.6068,107.2007,107.2986,107.1681,104.3504,109.4806,107.9352,109.1238,109.4806,105.4230,108.2312,107.0047,104.8093,106.2544,106.2544,104.0433,99.0202,96.8969,98.4886,96.1769,91.7061,90.8020,86.9253,85.7963,81.6088,82.8734,81.2527,77.8781,76.9415,72.2496,69.0072,0.0000,0.0000,0.0000,0.0000,0.0000,0.0000,0.0000,0.0000,0.0000,0.0000,0.0000,0.0000
1700000022.200000,-63.3,109.1238,104.8904,107.4802,107.5174,112.5389,103.2763,107.6290,109.8772,109.6358,112.0045,111.4002,113.4637,109.0000,111.2205,111.5168,112.8716,108.5587,112.0045,105.1190,110.0182,109.1284,111.3598,110.5351,111.8928,111.8928,106.6208,110.6933,114.9478,112.1606,113.0885,105.7024,110.9820,111.4854,109.1238,107.3546,109.1284,108.2405,104.4462,100.3444,100.7025,101.5480,92.6553,99.4032,90.0000,86.0523,85.0412,82.8070,77.8332,80.1561,77.6209,71.0211,69.8355,0.0000,0.0000,0.0000,0.0000,0.0000,0.0000,0.0000,0.0000,0.0000,0.0000,0.0000,0.0000
1700000022.250000,-60.5,105.4230,103.4795,108.2081,108.9312,109.6221,108.9036,109.6221,106.8878,109.6586,111.3957,111.5213,112.9292,113.4063,114.6211,108.0046,113.1592,107.6151,110.6797,107.9120,111.0180,108.5587,109.4166,108.4066,108.2589,110.9234,106.4706,112.2586,113.1592,111.8258,113.3181,109.5673,112.6987,110.9414,108.6738,109.1787,106.8504,107.5407,107.9120,105.4372,101.8332,98.2293,99.2018,98.4073,91.3510,91.2195,85.5628,85.0412,84.2912,81.4002,78.0064,77.0260,72.6154,0.0000,0.0000,0.0000,0.0000,0.0000,0.0000,0.0000,0.0000,0.0000,0.0000,0.0000,0.0000
1700000022.300000,-62.3,108.2959,107.7868,106.0660,112.1472,108.6738,109.8362,106.5129,105.2616,111.5706,109.4806,109.7679,113.5297,114.4902,112.7209,112.0089,110.6933,113.1592,107.0187,111.3598,108.2266,110.5712,113.6486,108.2405,111.5168,112.5078,111.6468,113.2078,113.5341,115.6633,109.0780,111.0180,113.5341,112.8716,111.0180,108.4066,111.4136,108.2589,103.3151,104.7855,101.7693,101.0198,100.0900,98.0306,89.8443,89.2861,84.3445,86.9770,82.8734,80.1561,78.0256,76.0000,68.5930,0.0000,0.0000,0.0000,0.0000,0.0000,0.0000,0.0000,0.0000,0.0000,0.0000,0.0000,0.0000
1700000022.350000,-65.7,108.9312,109.6586,108.8531,112.1606,112.6144,107.0047,110.4355,111.2520,109.5536,111.5168,111.5168,114.3897,111.8928,113.6002,114.0614,113.3181,114.2366,113.3181,110.3087,115.5206,111.6647,115.7670,112.1606,112.2720,117.6520,114.1797,119.1050,119.1050,115.4470,119.1050,112.5789,114.4771,113.5297,114.4814,113.2166,111.3283,110.7249,111.4854,104.7855,101.7693,103.3683,97.0464,100.1848,92.4392,90.9725,89.3085,88.8144,86.0523,80.8084,77.7946,75.6637,72.6223,0.0000,0.0000,0.0000,0.0000,0.0000,0.0000,0.0000,0.0000,0.0000,0.0000,0.0000,0.0000
1700000022.400000,-63.0,112.6410,106.7333,110.0227,110.6345,107.4895,109.1787,107.6708,111.3643,111.6468,112.1606,113.1592,113.0177,116.0172,118.0000,113.0000,116.0172,118.1059,112.1606,111.6468,113.7453,115.7325,113.0000,112.7519,112.2943,114.2716,114.9348,119.8541,117.5457,120.2206,116.5590,113.6002,115.9741,116.2497,113.1371,115.1564,113.2828,112.2853,108.1157,108.0185,104.0048,101.1781,104.1729,97.3293,91.3510,93.9042,87.6641,88.0738,85.6154,79.6994,80.7775,74.7329,72.0694,0.0000,0.0000,0.0000,0.0000,0.0000,0.0000,0.0000,0.0000,0.0000,0.0000,0.0000,0.0000
1700000022.450000,-62.6,110.1363,107.3778,113.6486,109.6586,110.0182,109.5673,107.8378,110.5712,109.2016,112.7209,111.0721,114.1622,117.9534,114.4814,116.4818,115.2085,111.0856,112.5389,114.7563,115.3170,113.9517,116.5590,109.8362,115.9741,119.5199,113.1371,116.4302,119.7080,118.3427,118.7139,115.7325,120.0708,117.2391,117.7115,116.5590,113.5650,110.4219,108.1712,108.2405,107.7033,102.7862,98.3514,99.2975,90.8240,93.7763,89.0056,88.5889,88.1192,86.5332,80.8022,76.6942,74.9533,0.0000,0.0000,0.0000,0.0000,0.0000,0.0000,0.0000,0.0000,0.0000,0.0000,0.0000,0.0000
1700000022.500000,-61.7,111.0405,109.4806,113.4548,109.8772,111.7318,110.3449,110.3449,111.1980,110.7520,113.4548,113.8508,113.0044,114.6211,115.3776,112.0580,118.1905,114.0570,114.3897,114.5295,114.5295,112.8716,111.8034,111.8034,117.2732,115.4513,115.8706,115.3170,117.3882,113.0885,115.3170,113.3181,114.6342,117.2732,111.8928,113.5958,113.1768,110.5351,107.5407,104.9571,104.9571,102.3963,97.8008,98.6002,90.4268,89.4986,85.7030,87.0000,79.9062,79.9812,77.3369,75.1665,70.4911,0.0000,0.0000,0.0000,0.0000,0.0000,0.0000,0.0000,0.0000,0.0000,0.0000,0.0000,0.0000
1700000022.550000,-62.4,106.9766,111.9464,109.2016,113.0531,106.0424,115.9483,107.2007,110.2180,108.9082,106.2121,114.8564,113.6354,113.4416,113.2828,117.3456,113.1106,117.0043,106.0189,116.0000,112.0000,112.0179,113.0044,106.0754,112.6410,116.3486,114.1578,118.3427,113.1106,120.2664,112.2853,114.0702,114.0175,116.0043,112.0000,116.0172,106.0754,108.0185,105.1190,104.1729,105.3850,96.5194,98.3107,89.9444,92.4175,88.3233,83.9345,84.1190,81.3449,78.0000,75.1532,75.1798,70.4911,0.0000,0.0000,0.0000,0.0000,0.0000,0.0000,0.0000,0.0000,0.0000,0.0000,0.0000,0.0000
1700000022.600000,-61.7,103.2473,103.7738,103.1746,107.9120,103.7304,103.7304,103.4070,105.8915,104.0192,104.9952,104.9952,107.5639,104.7378,108.1897,107.4802,106.2168,108.3744,102.6499,107.7126,108.7060,107.7126,106.5270,102.9417,108.8118,106.4002,108.2266,107.3359,104.8618,109.8590,107.3359,109.0413,110.8016,108.7060,105.8915,104.9952,102.7278,101.9804,103.2763,97.6217,98.3514,90.5538,94.2603,87.7269,88.2383,85.0000,79.4040,79.8812,78.8923,72.4707,74.2496,72.0902,69.8928,0.0000,0.0000,0.0000,0.0000,0.0000,0.0000,0.0000,0.0000,0.0000,0.0000,0.0000,0.0000
1700000022.650000,-60.9,101.9510,101.6366,103.3151,103.7545,106.4706,102.4744,103.8316,104.3168,106.5317,105.3945,106.2309,108.1665,107.6476,109.6221,107.6151,107.4477,108.0741,105.1190,106.2168,108.3744,104.8904,109.6586,106.2168,103.2376,110.3449,106.1037,108.1897,107.4895,106.7755,108.9312,107.4802,107.4802,106.7755,106.9626,106.9626,104.9952,103.2327,98.8130,97.0824,98.0051,94.0479,93.8136,90.2109,84.0773,81.4923,80.4984,79.2023,76.6942,74.9466,71.5681,69.8713,66.3702,0.0000,0.0000,0.0000,0.0000,0.0000,0.0000,0.0000,0.0000,0.0000,0.0000,0.0000,0.0000
1700000022.700000,-63.6,100.3195,98.0612,102.3914,108.5035,107.2007,103.3683,103.3247,102.8834,104.6948,104.0433,108.2405,106.6255,110.1363,108.4620,107.5407,107.8378,108.2589,105.6030,105.9906,107.3546,105.1190,106.5505,104.2017,108.4066,108.9082,106.0660,109.4166,108.0463,106.8504,106.3297,108.9082,107.4244,107.8239,106.0047,105.0952,104.2161,103.8701,99.0051,96.9330,94.7048,93.9202,90.4434,88.8876,85.8662,82.7647,79.0759,78.9177,74.8131,73.3348,71.0070,70.1783,67.7422,0.0000,0.0000,0.0000,0.0000,0.0000,0.0000,0.0000,0.0000,0.0000,0.0000,0.0000,0.0000
1700000022.750000,-61.7,105.9906,109.1650,105.8489,109.3846,109.0046,109.9318,109.4440,107.2241,106.9018,108.8118,110.7249,111.4002,111.8258,112.5877,113.7585,110.2180,110.4219,108.2589,108.5035,108.6738,108.1897,111.4630,107.0561,108.9036,110.8873,111.5437,112.4455,112.6410,110.5486,111.6468,111.8794,111.6289,111.6289,108.2589,106.3015,108.4666,103.8123,101.2423,99.3277,100.5684,95.1893,93.2309,91.5478,87.2353,84.9706,80.0625,79.9250,81.5414,74.2024,72.6223,73.6614,69.3542,0.0000,0.0000,0.0000,0.0000,0.0000,0.0000,0.0000,0.0000,0.0000,0.0000,0.0000,0.0000
1700000022.800000,-57.4,110.3087,108.8485,111.6647,113.8420,111.3194,108.1665,107.2054,111.5706,109.2016,110.6345,112.1784,110.4762,113.7717,114.4246,111.8034,114.2716,113.8640,110.6526,110.3676,110.3676,112.3610,113.2828,108.1665,112.0045,112.0714,110.0182,116.0043,114.0044,116.0043,114.0702,112.1115,114.1578,114.2804,110.4536,109.4578,108.4620,104.8093,101.2719,102.5914,101.9804,98.9545,95.3415,93.4077,86.0233,85.0706,84.3090,85.0882,81.3941,76.9220,75.6637,75.8024,70.9366,0.0000,0.0000,0.0000,0.0000,0.0000,0.0000,0.0000,0.0000,0.0000,0.0000,0.0000,0.0000
1700000022.850000,-59.1,95.3415,97.9847,99.4585,100.0000,100.2846,100.5783,98.4327,100.5684,98.7927,99.0051,103.4698,101.6366,101.5529,99.7447,100.6231,102.5768,100.8464,97.2471,100.4988,98.1122,99.9850,99.8599,96.5660,102.6499,101.6071,101.5135,98.8130,104.0192,104.0192,100.0000,101.5135,101.0198,98.7370,99.8599,97.9439,97.0979,96.2549,93.9149,91.6788,91.2360,85.4927,84.5813,84.3090,78.1857,80.3243,74.7262,76.4003,72.0347,71.8471,68.8840,67.0671,64.0312,0.0000,0.0000,0.0000,0.0000,0.0000,0.0000,0.0000,0.0000,0.0000,0.0000,0.0000,0.0000
1700000022.900000,-65.9,98.0051,99.1262,99.8599,103.2473,99.5691,99.0454,99.2018,101.6710,99.0202,99.8248,102.1763,102.5914,104.6614,103.2376,103.9471,101.8627,103.3247,99.8248,102.1763,103.7111,99.8098,101.2126,96.8298,102.6499,103.2279,102.6499,104.8475,100.9554,104.8618,100.1249,100.2098,100.6876,99.0454,103.6002,99.0202,98.4073,95.1315,92.0978,92.6553,94.1116,86.2670,89.1964,83.5464,79.9812,80.2808,74.8131,77.0065,74.0608,72.4017,68.4763,68.8767,64.5136,0.0000,0.0000,0.0000,0.0000,0.0000,0.0000,0.0000,0.0000,0.0000,0.0000,0.0000,0.0000
1700000022.950000,-62.5,102.4207,99.9850,99.9850,105.1523,103.7304,102.9029,101.4002,103.6002,103.6002,101.0445,107.2986,106.8878,104.9952,105.4182,106.1508,105.3613,104.6614,98.9949,104.8046,101.9117,104.1393,104.2353,100.1249,102.4500,108.0741,103.2327,105.0000,102.6158,105.6030,106.6068,103.7111,105.1190,106.0424,103.5857,102.0686,100.4988,101.1781,95.4830,96.3328,92.6984,90.7855,90.1388,88.2383,84.0238,80.0000,79.8812,79.0759,76.5376,76.0263,73.0069,71.1688,65.5210,0.0000,0.0000,0.0000,0.0000,0.0000,0.0000,0.0000,0.0000,0.0000,0.0000,0.0000,0.0000
1700000023.000000,-62.0,99.2975,98.7320,95.3363,100.3195,99.3227,99.0454,100.0050,100.0200,99.0051,100.0450,103.1213,103.2376,105.3043,101.8332,103.6967,104.0865,102.2595,100.6231,101.6071,102.9612,102.2595,100.2247,100.2247,103.4456,104.8093,101.6514,104.4031,102.8834,104.4031,102.3572,102.3572,103.0776,105.3233,102.3914,100.2247,97.0824,96.5091,96.1769,93.7710,93.5361,88.2043,88.1419,88.1419,83.0000,81.0062,75.1665,78.3135,75.6637,73.9797,72.0069,70.8308,66.1287,0.0000,0.0000,0.0000,0.0000,0.0000,0.0000,0.0000,0.0000,0.0000,0.0000,0.0000,0.0000
1700000023.050000,-60.7,104.8618,100.9554,108.5587,105.8159,109.7725,103.9423,105.9906,106.8878,108.6876,108.7474,108.4620,109.0046,111.0721,109.7315,106.2826,114.5600,107.7033,111.6826,104.2929,108.1712,107.4477,109.4440,107.4895,108.3420,112.1784,110.4762,111.3059,114.1271,109.1787,114.9826,109.8362,109.4897,109.8818,107.9352,106.5129,111.0856,102.1078,102.8834,100.5783,95.8175,98.9798,94.5780,94.7048,85.6154,84.6936,84.5340,80.0625,81.4923,82.6801,76.0263,75.4321,70.0071,0.0000,0.0000,0.0000,0.0000,0.0000,0.0000,0.0000,0.0000,0.0000,0.0000,0.0000,0.0000
1700000023.100000,-60.5,103.2279,99.0202,100.4042,105.9481,103.0776,102.0833,103.3538,102.4207,103.7882,104.3887,108.3374,106.4049,107.3359,106.2826,106.8925,109.7315,103.7401,104.9952,105.9906,108.1712,106.2309,107.2007,105.9906,107.0794,106.8878,107.0794,108.3420,111.9866,109.8362,109.4897,107.2800,109.4440,109.8818,107.7033,106.7380,103.8460,102.4890,99.6243,96.7988,94.5780,95.6347,91.1811,89.0505,87.7269,84.1190,83.2406,79.7559,79.3221,76.0263,73.8783,71.7008,70.0071,0.0000,0.0000,0.0000,0.0000,0.0000,0.0000,0.0000,0.0000,0.0000,0.0000,0.0000,0.0000
1700000023.150000,-61.0,94.0213,93.8136,95.6922,98.1835,97.9439,95.4149,96.7471,94.4140,97.5295,98.8433,98.8838,99.7447,101.5185,99.8098,99.0051,101.2423,97.4064,99.7246,99.6243,101.5332,102.1421,100.9604,100.2447,101.6514,104.0433,100.0000,101.9215,105.7733,102.2008,106.0424,102.4597,103.0922,100.9009,101.1929,97.4987,99.0051,96.6075,92.5743,90.3549,88.1192,89.1852,81.9878,86.6083,78.7718,78.7718,76.4003,75.2861,73.0000,74.2496,68.0147,66.0681,65.2150,0.0000,0.0000,0.0000,0.0000,0.0000,0.0000,0.0000,0.0000,0.0000,0.0000,0.0000,0.0000
1700000023.200000,-57.4,97.3088,94.8262,98.8382,97.0618,96.6023,97.1288,97.7548,96.8969,100.4042,100.1249,102.6499,100.2098,103.0049,100.6032,100.6032,103.3925,103.9663,103.3925,100.4988,104.6614,101.4150,104.6518,105.4182,104.6614,105.3613,103.2473,104.6614,108.9312,102.5914,109.6038,101.8627,106.1037,104.8046,102.8251,103.5857,102.4500,97.2008,94.6256,93.1933,91.8096,91.8096,85.9826,90.0500,80.9506,78.2624,76.1577,78.5493,74.8465,76.5376,71.3092,70.4060,67.4759,0.0000,0.0000,0.0000,0.0000,0.0000,0.0000,0.0000,0.0000,0.0000,0.0000,0.0000,0.0000
1700000023.250000,-61.9,97.6524,97.0824,100.7025,101.2423,102.5768,101.2126,100.6479,99.7296,103.3151,104.6948,104.2161,104.3887,105.4751,102.5280,104.7521,109.7315,104.4031,108.1573,106.7380,108.2405,105.9481,108.2405,107.2800,110.1136,111.0856,106.4800,110.6029,113.0310,108.1712,113.0531,109.2016,109.4806,109.7679,107.2241,105.3423,102.8834,104.4031,102.1567,96.6644,92.5743,95.7131,88.5494,85.9593,86.6083,82.6801,79.6304,81.2158,76.4003,77.1557,74.2765,72.9178,69.2026,0.0000,0.0000,0.0000,0.0000,0.0000,0.0000,0.0000,0.0000,0.0000,0.0000,0.0000,0.0000
1700000023.300000,-62.9,105.8017,102.4500,105.6456,104.3504,107.5639,102.5329,107.4895,106.2168,106.2168,108.7060,112.1606,109.0183,112.2007,108.8118,108.4666,110.6797,108.4666,112.3299,109.9318,114.7388,111.8302,113.3711,113.3711,115.8318,114.0614,114.9478,113.2519,118.5116,116.7647,117.6478,114.2366,114.7388,115.2476,111.8302,110.6752,111.7721,109.8590,105.2093,105.0000,98.7168,99.3579,95.6713,95.6713,89.9389,86.2786,83.4506,84.3860,80.4301,81.2158,77.6660,77.0260,71.1196,0.0000,0.0000,0.0000,0.0000,0.0000,0.0000,0.0000,0.0000,0.0000,0.0000,0.0000,0.0000
1700000023.350000,-62.2,100.4490,102.0686,103.2327,102.6158,105.0000,100.2098,105.9481,105.6882,105.3091,104.3168,107.8239,109.5673,111.4002,108.6876,109.5901,114.7693,109.5628,109.5628,109.1100,110.7249,110.7249,112.2720,111.3194,114.5600,113.7585,112.6410,111.8258,115.2476,111.8258,116.4818,113.2254,116.0905,113.8420,114.2322,108.8485,110.1681,108.6324,103.8701,102.0441,98.8382,98.8382,92.1792,95.5249,88.3233,87.9830,83.4865,83.0060,81.0555,79.9812,80.6598,72.8629,73.8783,0.0000,0.0000,0.0000,0.0000,0.0000,0.0000,0.0000,0.0000,0.0000,0.0000,0.0000,0.0000
1700000023.400000,-60.8,94.6414,95.3363,98.2497,99.1262,98.0051,98.0051,100.0050,98.2497,101.2423,101.3163,103.3102,105.8017,106.0660,105.3803,105.3803,102.9612,106.5129,106.0990,107.4477,106.2309,107.2007,106.7380,104.2929,105.9481,108.5219,108.2405,114.8434,111.4002,109.7679,111.1261,108.4159,111.1261,107.4895,102.9612,107.0794,105.5462,104.2353,100.8415,96.5194,94.1913,93.1933,93.0215,93.0484,85.0059,84.0060,79.2275,81.3019,79.6304,74.9667,73.0069,73.0821,70.5762,0.0000,0.0000,0.0000,0.0000,0.0000,0.0000,0.0000,0.0000,0.0000,0.0000,0.0000,0.0000
1700000023.450000,-65.2,100.3195,102.3963,103.4070,103.2473,102.9612,101.6071,102.1812,105.0190,103.3247,104.8093,107.5174,107.5639,108.8485,109.9318,108.6324,109.3846,109.6586,109.2520,110.9234,110.0727,110.0727,109.5673,111.3598,113.3711,111.0180,113.8771,115.6028,113.3711,117.4777,115.9741,117.1836,113.1768,117.6180,111.8258,110.3087,109.6586,109.0046,101.0198,102.4597,99.0202,98.0816,97.0155,92.1792,87.5557,86.8850,83.1865,80.6226,81.3941,81.0987,78.1025,74.1687,73.2462,0.0000,0.0000,0.0000,0.0000,0.0000,0.0000,0.0000,0.0000,0.0000,0.0000,0.0000,0.0000
1700000023.500000,-63.9,105.4751,102.1225,110.0045,106.0000,109.0046,106.1179,106.0754,106.1697,110.2905,108.7796,113.4372,111.4630,114.5426,114.5426,111.8034,116.4174,111.8258,114.0175,114.5600,115.9483,113.7585,118.0042,115.1086,120.3329,116.8118,115.5206,116.8118,122.9309,117.7455,119.2686,116.3787,122.7110,118.9622,115.6936,115.4470,113.7585,113.0531,108.9082,107.2800,102.9612,103.4070,100.8415,98.7320,90.3549,93.0215,89.0000,88.0227,84.0952,81.2219,81.3941,79.2465,74.2159,0.0000,0.0000,0.0000,0.0000,0.0000,0.0000,0.0000,0.0000,0.0000,0.0000,0.0000,0.0000
1700000023.550000,-62.4,103.7545,103.3683,105.0809,104.0481,106.2544,102.7862,105.6882,103.7304,105.3091,105.7024,109.3846,111.8928,109.1650,110.0182,109.1284,113.3711,109.7725,109.7725,112.6055,111.7721,110.6752,112.4144,111.7721,114.6211,115.4340,114.0395,115.2085,118.4061,115.2085,117.4138,115.4340,116.8289,114.5469,111.5168,113.5341,111.5079,108.7842,107.3546,104.2161,102.8834,98.8989,95.8541,96.2081,91.4166,89.8109,87.6413,84.4808,81.3941,81.8841,80.6226,76.0592,75.0000,0.0000,0.0000,0.0000,0.0000,0.0000,0.0000,0.0000,0.0000,0.0000,0.0000,0.0000,0.0000
1700000023.600000,-56.6,97.9847,98.4886,97.6729,99.0404,100.8415,95.8853,97.6217,100.6032,101.2423,101.0198,103.0437,103.0194,105.0190,106.0754,105.0428,106.3015,103.3925,103.3102,105.9292,103.6967,106.9205,107.3546,102.9563,107.2800,109.2383,106.8878,112.5877,110.6345,110.4219,112.5877,108.6738,112.6144,111.3059,107.9120,107.9120,105.5746,103.5857,102.3963,99.1816,100.0450,95.0053,94.0000,91.0055,86.0523,83.2947,80.5047,81.2158,79.0759,77.1298,76.1577,72.4224,66.3099,0.0000,0.0000,0.0000,0.0000,0.0000,0.0000,0.0000,0.0000,0.0000,0.0000,0.0000,0.0000
1700000023.650000,-61.3,97.7446,96.5660,92.0489,93.0054,97.4987,95.1893,96.9330,94.8472,96.6644,95.7131,97.9898,100.1848,100.1848,99.4786,99.4786,99.1262,98.2700,95.7183,100.1249,98.6002,103.0049,101.4002,99.2018,102.4500,104.8093,103.7111,106.4049,103.7111,106.4049,103.5857,104.8093,106.8270,105.2093,103.6002,104.6231,99.5691,99.1262,97.7548,97.0618,95.7706,92.5743,90.3383,89.0000,84.5044,81.7068,78.4347,80.3243,76.6551,75.6902,71.7008,71.4493,69.0072,0.0000,0.0000,0.0000,0.0000,0.0000,0.0000,0.0000,0.0000,0.0000,0.0000,0.0000,0.0000
1700000023.700000,-62.1,105.3945,105.8159,105.5888,107.8239,107.3546,104.6518,106.5129,106.6208,110.1681,108.6324,109.9318,112.8938,113.8420,110.7249,112.2720,111.5706,113.5077,110.3540,110.2180,112.7874,110.2180,113.6002,113.6002,115.9741,116.8418,114.4378,117.4266,116.6190,116.6190,116.6190,117.8346,117.0983,116.4002,112.7874,116.1034,113.1592,112.8051,108.9082,106.0424,106.2544,99.9300,100.2447,99.7246,96.0052,91.3893,88.5664,87.2353,83.7257,84.0595,79.4040,79.0253,73.8783,0.0000,0.0000,0.0000,0.0000,0.0000,0.0000,0.0000,0.0000,0.0000,0.0000,0.0000,0.0000
1700000023.750000,-62.3,105.5367,105.7213,103.6967,109.6586,107.9120,106.5692,104.3887,107.2287,107.1168,106.0189,110.1136,114.0000,114.0000,108.0417,108.0185,112.3610,111.2205,111.4495,115.1173,110.8873,108.9036,109.1787,112.1472,112.1784,113.7717,114.3372,116.4989,115.4470,116.4989,117.4777,116.2970,118.2582,117.3882,113.6002,114.6298,111.4495,112.2185,111.1620,106.0424,106.0000,99.1262,97.0206,99.1262,93.1933,91.4440,86.8332,87.2983,86.8332,83.5225,82.8613,78.1857,76.0592,0.0000,0.0000,0.0000,0.0000,0.0000,0.0000,0.0000,0.0000,0.0000,0.0000,0.0000,0.0000
1700000023.800000,-63.4,107.5639,103.0922,103.4650,107.9120,105.3091,105.8489,107.5407,105.1190,108.6738,106.8925,111.5079,109.0780,114.0570,110.9820,111.8302,112.3299,109.6221,108.8118,111.2115,111.8258,110.6029,110.6345,109.9864,110.3177,113.1459,113.2784,115.9655,116.6919,117.3882,114.5600,116.0431,116.7262,114.1096,114.1096,116.0388,113.7014,111.8258,111.6065,105.8017,106.7802,100.4042,101.0198,94.5145,92.2822,90.7855,88.1419,87.7269,86.7295,84.1546,80.6536,79.0759,73.9797,0.0000,0.0000,0.0000,0.0000,0.0000,0.0000,0.0000,0.0000,0.0000,0.0000,0.0000,0.0000
1700000023.850000,-60.6,110.3676,108.0463,111.1575,111.1575,109.6586,105.5462,106.5129,110.8558,110.8558,109.6358,112.6410,112.3610,113.2166,113.8420,112.2720,108.8485,111.4271,109.9318,110.5712,113.2166,111.0856,113.2166,108.6876,116.8461,115.8361,114.0614,116.2970,120.8305,120.8305,116.2970,115.3950,119.4069,120.3038,117.6860,116.8674,115.6936,112.1606,111.3194,109.1100,107.8564,105.0190,101.6366,103.3683,95.3520,90.7965,88.5664,88.1419,86.0233,84.0060,85.2115,79.5110,76.6877,0.0000,0.0000,0.0000,0.0000,0.0000,0.0000,0.0000,0.0000,0.0000,0.0000,0.0000,0.0000
1700000023.900000,-59.7,109.6221,106.5082,110.3857,110.4536,111.6468,110.3857,110.5351,109.6586,110.9414,113.5958,112.6987,114.6342,114.2366,115.1694,111.4271,114.7911,114.7911,113.8859,110.1635,112.0580,114.5600,113.0310,113.5077,115.9181,115.7411,114.4246,117.0983,117.0983,113.7453,121.0620,118.6971,121.1982,122.0000,116.9273,116.4989,115.7325,116.4174,113.6002,111.0180,108.1665,107.2241,102.4890,102.5524,96.7729,94.8472,90.7855,87.7097,90.5538,87.0919,83.2346,81.2158,78.5175,0.0000,0.0000,0.0000,0.0000,0.0000,0.0000,0.0000,0.0000,0.0000,0.0000,0.0000,0.0000
1700000023.950000,-62.3,108.5219,111.5706,110.1136,111.5706,113.1592,111.9866,112.6144,112.0089,114.6298,117.5160,117.6138,120.0667,118.1059,117.0043,118.0678,118.0169,115.0043,115.0174,117.2092,117.2732,117.5160,120.9339,114.9826,118.3765,121.8236,120.0333,120.4159,124.5351,126.4951,124.1974,123.5557,126.9212,124.3382,122.4827,121.4949,121.3425,120.5985,115.3516,117.1068,115.0695,113.0044,111.0045,110.0727,101.0792,100.7174,98.0051,97.0155,94.3663,90.4710,87.3613,84.8646,81.8596,0.0000,0.0000,0.0000,0.0000,0.0000,0.0000,0.0000,0.0000,0.0000,0.0000,0.0000,0.0000
1700000024.000000,-62.0,109.7679,108.5035,112.5389,113.0885,116.4689,113.7189,114.4902,114.0614,112.8716,115.9741,120.4409,120.0667,117.5968,116.2110,115.9353,121.2106,112.6144,115.8016,117.0342,119.0042,114.0219,118.1059,119.0042,119.5199,121.6224,118.8024,123.0691,122.6744,120.5073,127.6636,122.4296,125.3994,127.3499,124.4829,121.6224,125.1759,123.1666,116.3873,115.4210,112.2943,112.8007,107.2007,109.0000,102.6255,101.0198,99.6444,98.4886,92.1303,94.5410,91.7606,87.5557,84.0119,0.0000,0.0000,0.0000,0.0000,0.0000,0.0000,0.0000,0.0000,0.0000,0.0000,0.0000,0.0000
1700000024.050000,-63.7,109.8954,108.8531,108.8531,113.3578,112.9690,113.0310,113.0310,114.2366,114.8434,115.7411,120.4865,118.1059,118.7013,119.7748,117.1751,121.6717,118.5116,116.7776,121.7087,119.8833,117.6478,120.5695,119.5701,120.6524,121.7580,119.2812,125.1000,125.6702,125.6702,125.6702,124.8079,127.3185,130.8625,125.8968,125.7816,122.1884,118.2074,119.4194,120.3079,117.2007,113.7189,112.1606,110.3857,103.7304,104.4031,98.4937,96.1041,95.5249,93.9042,91.2688,90.0000,84.0952,0.0000,0.0000,0.0000,0.0000,0.0000,0.0000,0.0000,0.0000,0.0000,0.0000,0.0000,0.0000
1700000024.100000,-64.9,113.5341,118.0169,121.0041,119.0168,124.1974,121.0165,121.2023,124.4026,125.3994,125.7816,128.0039,128.4134,128.5652,127.9062,129.5531,131.2440,124.9080,131.4724,127.7811,127.7811,127.4873,128.3900,131.5523,133.5440,129.4488,133.3304,132.6198,134.8518,132.9135,140.5276,134.4619,133.0150,137.6154,136.3562,136.3562,133.4616,133.4541,129.4025,125.8769,125.1599,125.1719,116.4174,121.0165,111.3059,112.5389,106.3015,109.0734,101.1237,107.0187,101.2423,95.0368,91.9239,0.0000,0.0000,0.0000,0.0000,0.0000,0.0000,0.0000,0.0000,0.0000,0.0000,0.0000,0.0000
1700000024.150000,-65.3,113.9912,116.7262,118.8697,120.5405,121.5113,122.7844,122.5275,127.8828,126.8267,126.4911,130.6024,130.6331,132.4009,127.7693,129.6187,131.1831,132.4236,130.1883,133.3604,134.3317,133.3604,131.1259,125.7816,134.5288,133.6899,134.5288,139.5170,135.3514,140.6165,139.5170,139.8177,140.6165,143.3876,138.4233,136.9525,136.9525,137.4373,132.4236,131.1831,126.2101,123.5678,121.2642,120.9049,119.8708,108.1573,111.1261,109.4440,105.9056,103.8171,100.4042,93.0860,95.0842,0.0000,0.0000,0.0000,0.0000,0.0000,0.0000,0.0000,0.0000,0.0000,0.0000,0.0000,0.0000
1700000024.200000,-62.4,115.9741,111.2879,116.4002,119.3315,120.4326,125.6025,123.8103,124.8079,128.7051,123.8225,133.0939,131.1259,134.6143,132.8345,134.6143,133.3304,132.9135,129.3561,136.6931,136.3085,135.1925,135.5581,128.5146,129.6919,132.1968,129.6919,124.0403,128.1600,124.9200,125.9603,129.3406,125.8650,127.9453,132.2573,133.3304,132.6084,135.4179,131.7004,133.9328,129.6187,128.4445,126.1269,121.8031,114.6124,119.2015,110.3857,106.6068,109.3435,105.1190,100.5684,101.1385,95.1315,0.0000,0.0000,0.0000,0.0000,0.0000,0.0000,0.0000,0.0000,0.0000,0.0000,0.0000,0.0000
1700000024.250000,-65.1,112.3610,111.3059,115.0043,122.0901,116.7776,118.9664,122.9837,119.5073,123.4909,128.1600,130.9733,132.5179,130.6484,130.5067,133.5215,130.0500,131.0267,131.0267,127.0984,124.7397,123.6932,124.4588,127.0984,117.8346,120.5985,117.6138,119.5073,112.8716,109.8954,114.3547,115.6244,111.6468,113.6002,112.6144,119.0504,122.0000,124.1491,122.5765,127.4755,128.7867,130.6484,126.6491,127.2006,117.3925,116.3787,110.1681,110.5712,104.6948,108.7842,102.7278,101.6071,97.8366,0.0000,0.0000,0.0000,0.0000,0.0000,0.0000,0.0000,0.0000,0.0000,0.0000,0.0000,0.0000
1700000024.300000,-60.8,108.7474,114.5426,121.2353,122.6744,121.8031,119.8874,122.6132,125.8014,129.0155,129.4681,136.0331,138.8524,138.1919,141.5345,133.6899,137.1787,140.0357,136.5174,141.1134,142.6359,145.9109,147.7566,142.7620,148.8086,147.6347,146.8230,154.5089,152.2662,151.4761,152.5549,155.3319,154.2628,150.6021,152.8005,149.4021,152.2005,146.6492,147.5127,139.7033,138.4088,135.0741,135.0741,133.6899,125.1599,126.5899,118.5622,120.8801,119.6202,113.2078,107.1868,108.2266,99.1615,0.0000,0.0000,0.0000,0.0000,0.0000,0.0000,0.0000,0.0000,0.0000,0.0000,0.0000,0.0000
1700000024.350000,-65.5,110.4762,110.7655,117.5160,117.4266,124.1451,120.0042,127.0354,122.0041,127.2517,124.6796,127.2517,125.0280,120.8387,118.8697,120.8387,117.8813,125.6344,120.7849,129.6919,126.8267,124.3262,125.5428,127.7576,126.4634,125.3994,125.3994,125.7179,124.4227,127.4559,126.1269,125.3994,124.7758,123.9072,125.2996,125.3994,123.4909,120.8139,120.2082,122.4132,129.6919,125.8769,129.0736,126.1150,126.1150,125.8968,119.5073,120.2664,117.1537,119.0042,110.1635,108.0463,102.1812,0.0000,0.0000,0.0000,0.0000,0.0000,0.0000,0.0000,0.0000,0.0000,0.0000,0.0000,0.0000
1700000024.400000,-62.7,109.7862,107.3313,117.6180,114.9348,119.2015,123.4909,120.1083,126.1943,128.0039,128.6002,134.8073,138.5388,146.8639,145.8355,141.2268,145.6915,139.3449,139.3449,145.0965,140.7302,147.1394,149.3352,147.1870,151.3440,154.1590,149.4590,157.7466,154.1590,157.8005,156.8184,156.0833,162.2745,155.7241,157.0796,157.0796,154.9871,154.8967,156.3490,145.0000,142.1724,143.0874,139.3126,139.3126,125.6025,129.6187,122.8861,125.1958,119.9542,116.7647,115.8361,113.8859,111.8258,0.0000,0.0000,0.0000,0.0000,0.0000,0.0000,0.0000,0.0000,0.0000,0.0000,0.0000,0.0000
1700000024.450000,-64.7,107.5639,108.9312,111.8034,114.5426,118.5327,118.2286,122.2620,126.0992,124.0363,125.0360,123.1016,122.4091,118.1059,117.6138,120.7021,113.6354,113.7453,113.9912,122.3765,119.6411,120.6192,118.6002,115.5206,116.3787,119.2183,124.6154,117.3882,111.7900,116.2454,111.0721,116.2454,116.6190,109.7725,115.7411,109.4166,114.5600,115.2476,117.6860,115.1217,114.7563,113.9912,122.5887,122.4091,125.2557,126.2537,119.1050,127.0984,115.2779,115.7325,113.2828,117.6860,105.9481,0.0000,0.0000,0.0000,0.0000,0.0000,0.0000,0.0000,0.0000,0.0000,0.0000,0.0000,0.0000
1700000024.500000,-60.8,97.0824,105.6788,107.4244,104.7091,114.5426,107.1541,110.7249,116.7604,116.7604,122.7233,123.9395,129.6341,130.0500,123.5557,125.6025,123.6285,127.2792,122.0533,119.7080,117.7200,115.4340,112.4455,119.4194,114.0044,110.0409,112.0402,107.0420,105.0048,104.0433,107.0000,107.0420,104.1729,107.1168,110.4536,105.4751,112.7519,115.4340,115.4123,118.6971,116.9017,124.1491,129.5222,126.4951,123.2234,123.4909,117.0470,117.1751,117.1751,113.3181,110.9234,109.9318,104.6375,0.0000,0.0000,0.0000,0.0000,0.0000,0.0000,0.0000,0.0000,0.0000,0.0000,0.0000,0.0000
1700000024.550000,-62.4,93.6056,97.4064,95.8175,99.9600,101.7693,103.3102,100.6479,108.2405,108.9082,112.0580,116.7647,118.6971,120.6027,126.0357,128.2225,125.3994,124.0846,131.5029,129.4488,128.8875,127.4049,130.9084,128.0039,134.4693,131.5295,130.9084,137.9746,139.3449,141.4284,139.3449,138.6001,142.2146,141.6757,134.9518,137.3608,138.5388,131.6435,133.6862,130.7287,128.8099,124.2014,122.5887,121.4907,113.7409,115.0043,111.8258,107.5407,109.3846,105.0048,103.4456,100.6876,93.9415,0.0000,0.0000,0.0000,0.0000,0.0000,0.0000,0.0000,0.0000,0.0000,0.0000,0.0000,0.0000
1700000024.600000,-62.2,104.9952,102.4500,103.0049,107.9120,114.9087,103.8316,107.8378,112.4011,117.5457,124.3101,125.0000,125.8730,131.6055,128.7867,128.7867,127.6754,128.0976,127.6754,124.9520,120.6690,124.9520,121.4949,123.9677,117.9576,119.2393,120.5073,111.5437,108.3744,111.6468,108.9036,114.6298,113.0000,112.2943,112.2943,116.7262,117.9025,125.8769,126.3843,126.6057,127.3499,132.4387,123.3694,128.1600,120.1665,113.8859,110.1363,112.4011,114.4945,111.8258,104.8475,106.2544,103.7111,0.0000,0.0000,0.0000,0.0000,0.0000,0.0000,0.0000,0.0000,0.0000,0.0000,0.0000,0.0000
1700000024.650000,-64.5,100.0200,95.0789,97.4166,99.3680,98.4327,99.7447,101.0742,105.6788,104.4462,107.3359,117.0470,117.0470,115.6028,116.8247,120.1041,123.9072,120.6151,124.8439,122.3806,123.0366,126.6215,128.7245,125.9365,125.3196,131.6435,130.1768,134.6180,132.6537,133.3042,135.8823,132.5481,136.6199,133.6899,132.2460,132.3216,130.1768,131.6435,124.4829,123.1097,122.4296,118.6971,119.4738,115.6028,109.0413,105.6835,105.4751,104.7091,101.5972,101.9804,97.5756,95.8593,92.8924,0.0000,0.0000,0.0000,0.0000,0.0000,0.0000,0.0000,0.0000,0.0000,0.0000,0.0000,0.0000
1700000024.700000,-60.7,95.1893,96.6282,94.0851,97.1288,101.0198,98.0816,96.7471,100.7174,101.7104,101.6071,109.6586,108.6692,112.6410,111.4002,115.5206,109.7315,116.3787,111.0721,121.6306,115.1694,120.9049,120.9339,116.0776,124.8119,121.6717,123.0041,126.1150,123.8790,127.9101,122.9837,125.3994,128.9496,126.4634,123.8588,121.8401,117.0470,121.4907,119.5408,116.6919,120.2082,111.5706,111.5706,106.7333,103.3683,101.9657,97.7394,98.4124,94.1329,90.0888,93.0215,88.2780,87.8237,0.0000,0.0000,0.0000,0.0000,0.0000,0.0000,0.0000,0.0000,0.0000,0.0000,0.0000,0.0000
1700000024.750000,-58.8,88.8651,93.6056,90.6090,93.3488,92.0978,93.0860,94.4034,95.0000,95.6922,98.6154,101.0198,105.5888,106.5505,106.4706,110.0591,106.4519,114.5426,106.0236,111.4854,110.0727,110.5712,112.5389,111.4854,113.8859,112.0089,115.7670,120.2082,115.4340,120.2082,117.9534,116.0776,119.7748,117.3882,116.2970,119.4069,112.7298,109.5673,111.0180,109.6586,109.0780,101.5480,102.6255,97.4166,96.2133,95.2680,86.4523,88.4138,90.5097,84.2912,82.4621,79.6304,78.5493,0.0000,0.0000,0.0000,0.0000,0.0000,0.0000,0.0000,0.0000,0.0000,0.0000,0.0000,0.0000
1700000024.800000,-59.1,84.3801,86.2670,83.6002,88.2383,86.3713,86.3713,86.2786,89.1067,89.1067,89.2749,93.7230,96.2133,95.8019,98.0051,97.0824,99.8649,100.4042,98.1835,98.1122,101.2126,101.0198,102.0833,100.7224,103.7545,107.9120,106.0047,105.5509,109.1284,107.3546,104.2017,103.8316,106.9439,109.0780,105.4751,109.0780,105.3945,102.9029,100.0000,100.0000,98.0051,95.7758,92.7631,87.9659,87.8635,85.6329,82.0366,80.6598,82.3286,78.6003,72.1110,73.9256,71.5542,0.0000,0.0000,0.0000,0.0000,0.0000,0.0000,0.0000,0.0000,0.0000,0.0000,0.0000,0.0000
1700000024.850000,-56.5,87.4643,81.9329,87.6413,84.2021,90.2441,88.2950,89.8053,90.7965,91.6624,97.5141,94.2603,97.0464,99.0454,101.0050,99.0051,102.2399,98.1835,102.1763,101.4938,103.6967,102.5914,107.5174,102.5914,105.9056,105.9056,105.5462,108.8531,109.8362,108.6830,112.3788,105.9056,108.8531,111.0180,109.1787,109.0367,104.5801,101.2423,101.1237,101.0445,97.1288,95.0210,94.0213,93.0000,86.1452,85.1469,84.2140,81.8841,80.7527,80.4114,78.1601,76.8960,71.6938,0.0000,0.0000,0.0000,0.0000,0.0000,0.0000,0.0000,0.0000,0.0000,0.0000,0.0000,0.0000
1700000024.900000,-61.0,87.7097,87.4643,87.9204,90.1388,90.0000,90.0000,89.9389,90.6863,91.9348,93.3809,96.8762,96.9381,99.0858,100.6578,101.4150,102.6158,104.4031,100.0000,102.3426,102.3426,102.9029,104.1009,104.2929,104.1009,110.1363,107.0420,109.0780,114.0570,110.9820,109.2749,109.6038,109.0000,110.4536,106.7802,104.8618,105.2093,104.4845,101.0445,101.2373,97.0824,96.1665,95.4830,91.9348,87.6812,82.2192,82.3286,83.0963,79.4040,79.8812,77.8974,76.0592,73.5391,0.0000,0.0000,0.0000,0.0000,0.0000,0.0000,0.0000,0.0000,0.0000,0.0000,0.0000,0.0000
1700000024.950000,-61.9,78.0897,79.3095,79.1012,83.0963,80.0250,83.0000,82.0549,84.2912,83.2947,84.7172,87.4643,87.9659,88.1192,90.6090,91.4112,89.4986,93.8616,89.4986,94.1116,92.1792,90.8020,91.0934,89.2861,94.5569,95.5092,94.8683,99.0202,97.4166,98.3514,95.8175,97.1236,101.2423,96.5660,94.3663,95.5667,92.9624,92.5743,92.9139,87.5728,86.7006,84.2912,84.1487,82.0549,80.0062,76.0263,73.0616,73.1710,70.4557,70.7107,67.4685,66.7608,66.1287,0.0000,0.0000,0.0000,0.0000,0.0000,0.0000,0.0000,0.0000,0.0000,0.0000,0.0000,0.0000
1700000025.000000,-58.3,90.5097,90.0278,93.7230,93.2363,95.6033,93.2309,94.0319,95.7183,92.2822,98.8382,100.1848,99.2824,99.8098,101.6366,101.2373,103.8171,100.9009,104.7521,102.1421,106.9018,103.0922,108.5219,106.6068,106.9626,107.4477,108.6830,108.6830,112.8051,108.6830,113.2652,108.9082,112.9292,111.4002,108.5219,108.5219,109.1100,108.1665,103.4650,101.3903,97.6934,97.9898,91.6788,92.1303,87.2353,84.2199,80.7775,85.1469,81.5414,83.0060,80.0562,75.6637,72.9178,0.0000,0.0000,0.0000,0.0000,0.0000,0.0000,0.0000,0.0000,0.0000,0.0000,0.0000,0.0000
1700000025.050000,-58.6,91.9239,92.2822,94.3716,95.2733,93.5201,97.3088,95.5196,95.1893,97.7190,97.8008,100.0000,102.3572,103.1601,102.5914,108.8531,103.8171,106.0660,101.7104,104.3072,107.4663,104.5801,107.1681,105.3043,108.0417,110.1136,109.0413,113.0044,110.0045,114.0044,109.0046,113.1106,114.1096,113.2166,110.2905,109.2932,108.5587,107.7868,104.3935,104.5610,102.5914,98.2700,97.5141,95.5667,90.9560,88.2327,83.5703,85.7030,82.0792,81.8596,78.7147,78.2304,74.0608,0.0000,0.0000,0.0000,0.0000,0.0000,0.0000,0.0000,0.0000,0.0000,0.0000,0.0000,0.0000
1700000025.100000,-63.9,97.0052,97.0206,98.1275,97.1854,99.4082,97.4166,95.7549,99.7246,102.7716,100.4390,105.3233,104.0481,105.5130,106.0424,105.0809,111.3194,106.2544,106.5692,107.9120,105.6882,108.1665,110.8603,110.8603,108.6876,107.4244,112.2586,111.8928,113.3181,112.3076,113.7189,111.0856,114.0175,112.1606,114.1622,109.1100,111.3194,108.8118,106.0424,104.0481,101.6366,100.8067,98.3107,98.1529,91.4440,89.2749,86.1452,88.0057,84.0060,82.0061,81.3019,79.9062,78.1025,0.0000,0.0000,0.0000,0.0000,0.0000,0.0000,0.0000,0.0000,0.0000,0.0000,0.0000,0.0000
1700000025.150000,-62.6,96.0417,98.2293,96.5194,104.4031,100.1249,102.9417,99.0353,101.1187,104.6614,104.0048,107.4895,107.6290,106.9626,107.7126,112.1606,110.2588,110.0000,106.6068,108.8118,106.5082,108.4666,110.6752,110.1136,111.8302,110.1363,112.5078,115.9741,111.3059,116.9701,113.2519,115.1217,114.9087,119.5701,111.7721,115.4340,114.6211,109.0183,108.8531,107.1681,105.7592,99.0353,99.7647,97.5807,94.0479,91.2853,88.5268,85.4283,86.2670,80.9938,83.5284,80.4984,77.4726,0.0000,0.0000,0.0000,0.0000,0.0000,0.0000,0.0000,0.0000,0.0000,0.0000,0.0000,0.0000
1700000025.200000,-61.1,94.3716,97.0155,94.2550,98.0306,99.2975,96.7988,98.4886,101.0742,95.7079,101.0792,101.9657,104.3168,106.9439,104.1009,103.2473,106.5082,103.2279,103.4698,105.0000,105.6030,106.4002,108.0741,105.1190,107.7126,110.2588,108.4666,110.3902,108.3005,111.1261,111.0721,110.7520,114.6909,109.9864,108.0741,108.8531,108.2266,107.6476,103.1746,101.5135,100.1699,95.1893,95.7706,94.0213,91.2414,89.0056,83.6301,85.2350,80.4114,78.1601,78.3390,75.8024,72.5603,0.0000,0.0000,0.0000,0.0000,0.0000,0.0000,0.0000,0.0000,0.0000,0.0000,0.0000,0.0000
1700000025.250000,-61.6,99.2975,98.7320,101.3163,101.1781,100.0800,102.0049,108.0046,106.0047,106.0189,106.3814,106.7942,110.1681,107.3546,111.9866,109.4897,111.9866,111.1980,110.6345,112.7918,108.6692,110.8558,114.5600,112.6410,112.3610,116.1077,114.4902,119.2686,115.1694,115.5206,119.8708,115.4340,114.1797,115.1347,111.8258,113.6002,114.5600,114.0175,110.8558,104.1393,107.0794,102.2595,103.2473,100.7174,94.7629,93.1343,90.0222,86.0058,88.0909,84.2140,82.2192,80.6226,78.1025,0.0000,0.0000,0.0000,0.0000,0.0000,0.0000,0.0000,0.0000,0.0000,0.0000,0.0000,0.0000
1700000025.300000,-60.8,108.9771,110.6345,116.2755,110.6345,114.0175,113.4063,113.4063,114.8564,117.8898,121.5936,119.2015,122.1884,127.4755,123.8911,121.6553,126.5741,121.3343,125.6742,120.1541,122.9309,123.4909,125.7179,123.8588,129.6919,128.0820,124.5953,127.7811,130.9427,125.8730,134.1044,128.0820,130.9198,128.1600,126.2894,128.9496,128.9496,120.9339,119.0126,118.9664,111.3598,115.4859,110.6391,112.6810,102.0833,104.0096,98.6002,98.8585,98.0816,94.1754,91.2414,88.5268,85.4459,0.0000,0.0000,0.0000,0.0000,0.0000,0.0000,0.0000,0.0000,0.0000,0.0000,0.0000,0.0000
1700000025.350000,-59.5,110.7655,110.4762,112.9690,115.4123,112.3788,109.4440,112.2943,113.8859,116.0905,117.0043,119.8541,117.7455,124.7878,122.5602,118.8486,122.9837,119.4069,120.7684,122.1884,122.0901,122.0901,126.2696,123.4706,123.1747,124.2578,122.6418,123.4220,127.3185,125.1958,130.0846,123.1747,129.3754,127.1417,124.8239,128.4134,123.4342,122.0901,118.1059,116.4689,113.3181,112.2720,104.5466,103.7304,100.5684,96.8401,99.6895,97.0824,96.0260,94.8947,87.3670,87.0057,85.0235,0.0000,0.0000,0.0000,0.0000,0.0000,0.0000,0.0000,0.0000,0.0000,0.0000,0.0000,0.0000
1700000025.400000,-63.6,112.7918,115.4470,117.9025,115.7325,117.9025,116.1077,120.0708,120.2082,124.7878,125.2557,122.2007,127.0039,127.0039,128.0156,125.0000,125.0640,126.1943,127.1928,125.4831,128.3900,126.1943,128.0039,127.6636,130.0500,127.9062,129.4025,126.5899,127.0984,130.4186,125.1319,129.8769,123.7942,128.6585,123.6851,128.4718,128.7634,128.2498,121.2023,121.2023,116.0000,116.0689,115.0174,112.1115,103.1213,103.5857,96.0260,99.0404,96.5401,93.8616,92.3472,89.6939,88.5664,0.0000,0.0000,0.0000,0.0000,0.0000,0.0000,0.0000,0.0000,0.0000,0.0000,0.0000,0.0000
1700000025.450000,-58.1,114.2322,117.5457,112.2586,124.7758,119.4194,120.3079,118.2074,123.3086,122.2988,128.1405,124.5351,128.8099,130.4186,127.1417,130.7287,127.6127,135.4179,128.4251,132.3820,132.3820,132.3820,131.0458,128.7245,134.4173,136.5613,135.7719,138.5929,136.4881,137.8876,132.9436,136.4881,137.9311,136.5613,132.3820,134.1827,129.9577,126.5069,125.6025,123.8103,126.2458,116.5032,121.5936,108.5587,110.5351,106.5505,104.6948,103.4698,99.5389,95.8593,99.6243,94.3663,87.9659,0.0000,0.0000,0.0000,0.0000,0.0000,0.0000,0.0000,0.0000,0.0000,0.0000,0.0000,0.0000
1700000025.500000,-63.2,115.4340,115.7411,116.1077,117.3925,119.2309,118.9664,123.1666,124.7758,123.4828,124.4227,127.9453,127.8632,131.4686,135.3514,133.9888,135.6245,137.6372,130.4301,134.0336,133.6001,134.2013,135.2479,131.0343,138.1050,136.7809,138.7732,136.8832,140.7196,142.1267,133.3042,137.6118,138.4052,137.8006,135.2072,135.6245,132.4122,131.2440,129.5415,127.9453,123.3086,119.4194,122.0901,116.2755,112.6987,105.8489,104.4031,105.9481,103.3247,98.7623,95.3415,93.9042,87.2066,0.0000,0.0000,0.0000,0.0000,0.0000,0.0000,0.0000,0.0000,0.0000,0.0000,0.0000,0.0000
1700000025.550000,-59.1,110.9414,108.2589,116.4689,114.3897,112.6055,112.6055,117.1751,117.1751,116.4174,119.3315,122.2497,123.9677,127.0984,125.1599,123.0447,126.7754,124.4026,127.2517,127.1928,125.1000,128.0976,127.0039,125.1000,123.0000,122.0164,126.0000,123.0650,122.0164,123.0650,122.0656,122.0000,117.0171,123.0041,122.0000,127.1928,128.2498,125.3994,122.6907,118.8276,113.8640,116.1077,114.5862,111.8034,104.9238,103.5857,98.2344,98.3717,97.5295,95.2733,91.2853,89.8944,86.2844,0.0000,0.0000,0.0000,0.0000,0.0000,0.0000,0.0000,0.0000,0.0000,0.0000,0.0000,0.0000
1700000025.600000,-60.7,106.3015,106.0189,107.0000,110.0000,109.2245,109.2245,107.4663,109.7725,112.0089,111.4630,113.3578,117.6308,117.8813,119.5492,117.1751,119.5408,120.4865,120.4865,122.3806,121.6306,119.5408,124.3101,119.0378,125.7179,126.3171,122.5765,128.4445,129.2826,124.8119,125.2996,132.7742,128.6934,130.0346,127.4716,125.5428,122.3806,120.8139,118.9622,113.3225,116.6619,108.4666,109.4440,105.3803,99.4636,97.8673,94.5304,93.1343,94.0213,91.0000,88.0227,84.2912,82.7647,0.0000,0.0000,0.0000,0.0000,0.0000,0.0000,0.0000,0.0000,0.0000,0.0000,0.0000,0.0000
1700000025.650000,-59.0,109.0183,102.6158,105.4182,106.1037,108.8944,103.2473,106.8878,108.3744,107.9352,110.0000,112.2007,110.4355,116.5032,113.2078,113.2078,115.1043,114.1271,119.5701,114.0614,117.1708,117.6180,118.1059,117.1708,120.1541,117.2732,122.0041,122.0041,128.9496,122.7721,126.4634,121.3343,124.8119,125.6742,122.1884,118.1186,120.4409,119.5701,113.5341,111.5168,107.6151,108.8118,100.0000,101.2126,91.8314,95.0158,93.4345,89.8053,88.3912,89.1964,81.5659,82.1523,75.5910,0.0000,0.0000,0.0000,0.0000,0.0000,0.0000,0.0000,0.0000,0.0000,0.0000,0.0000,0.0000
1700000025.700000,-64.5,107.3778,104.6900,110.3177,108.3420,109.0413,104.1393,107.2007,105.2616,107.7033,110.3676,109.7679,111.3283,114.9478,110.3087,110.6933,118.9664,111.8258,116.2755,113.1768,114.0614,113.6002,115.1043,116.3615,115.4340,117.9915,114.9087,117.1367,122.1147,119.0378,120.4159,116.3615,119.4738,120.3038,119.5073,115.4513,116.4689,116.4689,114.9478,107.8378,106.8925,106.6068,99.7246,99.6895,93.1719,92.9624,87.8237,89.4539,86.2090,86.1452,83.0060,80.0999,78.4092,0.0000,0.0000,0.0000,0.0000,0.0000,0.0000,0.0000,0.0000,0.0000,0.0000,0.0000,0.0000
1700000025.750000,-60.0,106.4706,104.4462,103.7304,104.3072,102.9029,102.2008,102.2008,104.6375,102.4500,103.3247,106.7942,103.9471,108.8944,106.8316,106.0754,105.6456,104.9952,106.3015,109.4806,109.4806,105.6030,107.6476,106.4002,110.0000,111.0180,110.4355,112.6455,113.7189,112.6455,113.2254,111.2115,117.2007,113.2299,111.3957,109.7133,109.1238,107.5174,102.5329,100.4988,100.4988,99.3579,93.7230,91.2140,86.4002,87.2009,81.8352,80.7775,78.8923,77.8267,76.9675,73.7360,68.9638,0.0000,0.0000,0.0000,0.0000,0.0000,0.0000,0.0000,0.0000,0.0000,0.0000,0.0000,0.0000
1700000025.800000,-60.2,99.6092,96.7471,95.3520,100.6231,97.0824,96.7729,97.8008,95.1893,96.4624,94.5780,100.2447,96.5660,97.8621,96.2549,99.0051,98.3870,99.3177,96.6023,102.0833,95.3834,99.1262,99.9850,94.6678,100.7025,100.7025,99.6444,101.5135,101.7890,101.5135,102.3426,102.2155,103.7738,102.0833,98.1122,97.5295,96.6023,97.1700,93.2309,92.1141,89.5377,85.7030,85.3815,84.7703,78.8480,75.9605,74.7329,71.5891,71.0211,65.4905,65.0692,66.0000,61.0737,0.0000,0.0000,0.0000,0.0000,0.0000,0.0000,0.0000,0.0000,0.0000,0.0000,0.0000,0.0000
1700000025.850000,-61.4,109.5673,107.4244,110.3087,111.0856,109.5628,107.1541,104.6757,105.6504,107.7033,107.5639,112.6410,111.5706,106.9626,109.6586,106.3015,109.4897,108.0463,108.1897,107.5639,110.5486,107.5639,108.2266,106.9205,111.3643,108.9036,108.3744,111.3643,112.1115,111.1620,114.5295,111.5437,114.4378,112.8716,107.5174,108.1897,104.9238,104.5466,101.9215,98.3717,95.2103,94.2550,90.4765,92.3093,86.9253,82.8553,80.9506,76.5376,75.6637,72.1110,70.4344,69.5270,65.0692,0.0000,0.0000,0.0000,0.0000,0.0000,0.0000,0.0000,0.0000,0.0000,0.0000,0.0000,0.0000
1700000025.900000,-62.7,106.8316,101.8332,105.3613,106.0754,104.6614,103.2763,101.1781,102.9417,101.5332,103.0049,104.8093,103.4698,102.6255,100.9554,100.9554,103.2473,103.0776,102.2155,102.9563,102.9563,101.5972,99.2975,101.5332,103.7882,102.9563,104.7855,99.8098,105.6030,105.1190,103.7882,100.1798,105.5888,102.4744,103.4456,100.4988,98.6154,97.0824,96.5194,92.4175,89.0225,88.8651,86.5563,85.0412,79.3977,76.3675,73.5935,75.1665,70.4344,68.0074,63.8201,63.6318,58.5918,0.0000,0.0000,0.0000,0.0000,0.0000,0.0000,0.0000,0.0000,0.0000,0.0000,0.0000,0.0000
1700000025.950000,-59.5,117.3882,113.0000,116.8418,116.6190,116.8418,111.3643,111.1620,111.1620,114.0175,116.0172,115.0000,117.0171,115.1086,110.1635,111.2205,114.8564,112.0089,111.5437,111.8034,111.6289,113.1371,113.3578,111.8034,116.7090,114.3372,110.8558,111.5706,118.1271,113.5077,117.1537,114.3372,114.7563,117.2775,112.4500,108.9036,110.8873,108.6646,103.4843,102.1763,98.1275,97.0206,95.0053,93.0054,86.1452,82.1523,79.3095,81.7435,75.8024,74.5252,75.4321,70.5762,66.8506,0.0000,0.0000,0.0000,0.0000,0.0000,0.0000,0.0000,0.0000,0.0000,0.0000,0.0000,0.0000
1700000026.000000,-63.0,117.3882,113.9517,114.7563,118.0678,112.1784,112.1784,113.5077,112.7918,110.7249,114.1797,113.6002,113.2254,114.4902,111.7900,111.7900,112.7298,111.8928,110.1681,109.5673,109.1284,111.8258,109.1787,107.7822,109.9318,111.1395,112.0045,114.0570,115.1217,111.5168,115.4340,110.1454,115.1043,112.7120,109.5673,109.1238,105.7024,105.7024,102.8834,101.0198,99.9600,94.8683,92.3472,92.7200,87.5557,85.7030,83.5464,78.5175,77.5242,74.0270,74.0000,66.0303,66.2722,0.0000,0.0000,0.0000,0.0000,0.0000,0.0000,0.0000,0.0000,0.0000,0.0000,0.0000,0.0000
1700000026.050000,-60.9,117.3882,119.6035,118.3427,122.5765,119.9708,120.7394,118.2286,118.2286,120.6027,116.6062,118.8108,121.4907,119.2686,117.1367,114.0570,119.4738,116.3615,117.1836,116.2970,115.8706,112.6987,115.4513,116.3615,119.6161,119.6161,117.7455,119.6161,119.2686,124.0645,123.0325,117.0000,118.4736,118.0678,118.5960,116.7262,112.6987,113.6002,107.9120,108.4066,104.1009,101.7890,98.1835,96.6075,90.2109,86.2149,82.2192,83.5464,80.6226,78.5175,75.9276,75.6042,68.7968,0.0000,0.0000,0.0000,0.0000,0.0000,0.0000,0.0000,0.0000,0.0000,0.0000,0.0000,0.0000
1700000026.100000,-60.8,124.4026,123.8467,123.0650,129.0736,125.6065,123.3288,123.1097,124.4508,127.9883,123.0447,128.7634,129.5569,127.5618,126.3725,126.5069,126.2101,128.8099,121.6059,126.2458,123.7134,123.9758,123.7134,122.1147,125.0320,124.5552,125.5388,127.9414,124.5311,132.2309,124.1692,129.8499,125.0320,126.1943,126.2458,126.4911,120.8015,116.6062,118.8486,115.5206,115.5206,106.1037,106.7942,99.7246,99.7246,96.3328,91.8314,89.0225,87.9204,81.3019,83.2406,77.3886,74.4648,0.0000,0.0000,0.0000,0.0000,0.0000,0.0000,0.0000,0.0000,0.0000,0.0000,0.0000,0.0000
1700000026.150000,-62.5,125.2557,123.4058,127.8828,127.6636,127.2792,128.2692,129.2478,129.0659,126.6965,131.4724,127.8163,130.2498,131.0420,131.3202,129.3406,134.7368,129.0271,132.8533,131.6738,131.8484,131.4724,130.7823,131.8484,135.5323,133.2817,133.8245,135.0704,138.1955,133.7236,141.3259,132.3820,136.4185,135.9890,135.5581,134.4805,134.1343,133.1953,123.6487,121.8401,117.7200,117.8813,114.7258,111.4002,107.3546,104.9381,95.6347,100.3195,91.1373,95.0210,85.0941,87.6926,80.0625,0.0000,0.0000,0.0000,0.0000,0.0000,0.0000,0.0000,0.0000,0.0000,0.0000,0.0000,0.0000
1700000026.200000,-56.5,127.0118,126.3962,127.3185,118.4230,123.0000,121.0000,123.0650,124.1974,118.1524,119.4194,115.4340,116.6190,112.7519,117.7115,113.9517,118.4567,118.8781,121.2023,121.5113,120.6027,123.2274,122.0656,132.0038,124.0645,124.9200,126.5306,129.0775,124.9200,117.3925,126.5306,124.5953,123.8588,122.7029,123.9677,120.3329,123.7619,121.8072,120.3536,127.5657,128.0039,124.4026,123.0650,120.0667,115.0391,115.0043,103.0000,104.0769,100.2447,97.5141,96.3379,90.8020,91.0824,0.0000,0.0000,0.0000,0.0000,0.0000,0.0000,0.0000,0.0000,0.0000,0.0000,0.0000,0.0000
1700000026.250000,-61.8,125.0040,124.3101,127.7811,129.5415,132.1855,130.5067,128.6546,127.6754,129.8769,124.6154,121.5977,119.0504,119.9417,119.9417,120.3370,119.3399,114.3547,123.3288,115.0043,119.0000,119.0378,115.0695,119.1512,111.2205,112.0714,112.3610,110.3177,109.5536,110.0273,108.6646,111.3643,111.2205,112.3610,115.0043,114.0044,117.0385,117.3456,123.4909,123.1787,125.5747,123.9113,123.6285,120.2206,116.7262,109.4440,108.5219,107.2800,101.5135,102.3181,93.0215,92.1303,91.2688,0.0000,0.0000,0.0000,0.0000,0.0000,0.0000,0.0000,0.0000,0.0000,0.0000,0.0000,0.0000
1700000026.300000,-63.3,121.8401,126.1943,124.2337,134.6291,133.2817,131.0954,133.2704,134.6143,137.9275,139.6066,142.0423,143.1223,147.5568,145.6606,146.4787,144.0139,149.8065,142.7620,147.5127,143.9340,146.2190,148.6001,143.0105,149.9066,152.7416,144.2498,152.8398,152.7416,158.4172,155.5635,152.7416,152.7612,155.6663,151.4860,151.7432,153.5252,147.7566,146.4001,135.4179,140.6165,132.0189,132.0189,126.7793,122.2988,121.2353,111.4002,111.4271,106.4049,106.5692,105.3613,95.8801,95.0368,0.0000,0.0000,0.0000,0.0000,0.0000,0.0000,0.0000,0.0000,0.0000,0.0000,0.0000,0.0000
1700000026.350000,-60.8,125.2078,127.4402,133.2066,130.2306,135.0592,136.5613,138.6579,139.3126,137.2953,138.4052,149.8032,145.4166,152.0526,146.4787,152.2662,148.9463,148.5194,143.7359,142.5237,139.2839,143.7359,134.1119,137.2006,129.8499,125.0320,122.6418,122.8739,123.7134,121.2023,118.5116,125.3994,124.8079,128.1405,131.4686,135.0926,140.0643,137.8768,148.1216,150.6320,148.6607,144.8068,142.8741,137.2006,131.8256,124.8439,123.7619,120.2830,122.3806,112.4856,112.1606,110.6029,106.2309,0.0000,0.0000,0.0000,0.0000,0.0000,0.0000,0.0000,0.0000,0.0000,0.0000,0.0000,0.0000
1700000026.400000,-60.4,126.8109,125.6065,131.4001,131.6548,134.2721,127.3185,135.0704,138.2353,141.7780,140.8900,139.9428,134.7182,131.1259,128.7983,128.3511,114.9348,119.2309,112.6987,113.6530,107.0187,107.9352,104.4031,106.2309,97.8621,98.0816,96.1353,91.0934,85.0941,89.2693,77.1622,92.3580,84.4334,89.8109,91.3893,96.4624,96.1769,101.9804,113.1459,115.8361,125.6742,125.2398,127.6323,132.8495,138.2932,139.2049,136.8503,129.7112,129.4952,122.8739,120.1041,117.0342,109.6221,0.0000,0.0000,0.0000,0.0000,0.0000,0.0000,0.0000,0.0000,0.0000,0.0000,0.0000,0.0000
1700000026.450000,-64.4,117.1068,115.7325,118.5327,116.7262,120.0750,118.1271,126.1269,125.8730,128.7051,132.2573,136.4734,136.8503,143.5897,140.1606,141.9049,148.0034,144.4022,143.6698,147.0272,147.6347,146.4411,152.0526,148.1216,153.9123,158.3824,157.7466,159.4522,165.3027,165.6140,164.7847,166.0663,164.7847,161.9691,160.4151,154.9322,156.4864,152.2005,150.0833,149.4958,149.5660,145.9897,140.9433,141.9049,132.4122,127.6323,128.3160,123.1300,120.4865,115.1347,113.7585,114.1403,107.7868,0.0000,0.0000,0.0000,0.0000,0.0000,0.0000,0.0000,0.0000,0.0000,0.0000,0.0000,0.0000
1700000026.500000,-61.9,114.2322,114.7911,122.1229,123.4909,121.8236,117.2775,126.0198,124.9040,127.3931,121.1033,119.0000,121.1033,115.0043,112.4455,112.4455,110.4762,110.0273,108.8531,112.5389,114.7563,110.4762,105.7733,108.6692,112.7209,104.1777,111.4271,106.1037,106.1037,104.2161,105.5462,100.7224,101.3903,95.8593,98.6712,98.2344,97.2677,90.5207,99.0404,96.1041,102.4890,105.1190,107.1681,114.0395,115.0391,126.1428,127.8828,125.0280,125.6025,123.3207,118.6971,113.5077,111.4271,0.0000,0.0000,0.0000,0.0000,0.0000,0.0000,0.0000,0.0000,0.0000,0.0000,0.0000,0.0000
1700000026.550000,-60.0,110.3857,123.0041,118.0678,121.2023,122.6540,120.0167,123.1300,120.8056,131.4724,130.2690,129.5222,121.5113,120.0333,121.3960,112.6144,112.1472,114.1271,110.3676,110.2905,108.0741,106.3015,105.0048,108.0000,98.6154,98.1835,97.4166,88.2043,87.4643,88.4590,90.4489,88.0909,87.0919,87.0517,90.0888,88.2043,87.3670,90.9340,93.5575,99.4636,103.5809,109.1421,114.0175,116.0905,122.7233,131.3202,129.0349,127.8124,130.7823,122.6540,122.6540,116.4689,112.6455,0.0000,0.0000,0.0000,0.0000,0.0000,0.0000,0.0000,0.0000,0.0000,0.0000,0.0000,0.0000
1700000026.600000,-62.4,102.1078,107.2007,104.9952,110.7249,108.7842,109.7862,112.0045,112.2586,115.8361,114.0570,120.0667,119.5701,126.4911,125.6702,130.4301,128.8449,132.9097,128.3160,128.7245,128.7245,130.8625,137.8876,135.7719,137.5354,141.0142,139.5170,150.4460,146.6595,145.5782,150.1466,148.6001,150.8940,156.2850,150.6154,154.2077,149.9667,148.6607,144.4230,141.3542,143.4015,137.6118,135.8013,132.3102,126.2458,119.5701,117.2391,118.5116,116.7776,108.0787,106.2826,109.8954,102.1812,0.0000,0.0000,0.0000,0.0000,0.0000,0.0000,0.0000,0.0000,0.0000,0.0000,0.0000,0.0000
1700000026.650000,-62.0,100.4988,103.0776,98.0051,106.0754,100.0800,103.3102,103.9471,104.9238,105.7213,106.9626,110.8603,112.5789,116.3787,120.9049,122.7762,115.3170,123.8588,115.3950,124.7758,125.6742,125.6742,128.4134,122.2988,130.5105,131.3697,131.8825,141.3152,138.7552,145.8904,137.0584,145.0138,145.2618,143.2655,141.8238,140.8900,140.0357,139.7140,135.7719,133.5440,135.1925,123.0813,126.6491,122.0041,121.8072,112.3788,113.8640,110.8873,109.2932,104.2353,101.0000,98.1275,94.6414,0.0000,0.0000,0.0000,0.0000,0.0000,0.0000,0.0000,0.0000,0.0000,0.0000,0.0000,0.0000
1700000026.700000,-57.5,102.4207,99.7447,101.0198,104.5466,104.6948,104.6948,107.2800,106.7333,109.4440,111.4630,116.9658,116.7262,117.2732,123.1016,119.1050,126.0159,120.0667,125.0640,125.3994,127.2517,127.4755,127.8828,128.1327,125.1319,125.7657,122.3765,121.0496,120.0750,118.1271,117.8813,116.4989,113.5650,111.4630,114.2716,113.8640,114.5295,113.7453,118.1059,118.1059,126.0159,126.0635,127.0984,126.1943,120.5031,119.8207,112.4500,115.3170,110.1136,107.9676,104.6948,102.1567,97.5090,0.0000,0.0000,0.0000,0.0000,0.0000,0.0000,0.0000,0.0000,0.0000,0.0000,0.0000,0.0000
1700000026.750000,-64.2,95.5196,92.7038,95.7079,93.4773,97.6371,92.2822,95.4149,99.4032,101.8283,104.8904,104.2353,106.0754,106.0754,110.4536,107.5174,112.1606,113.4063,114.6342,110.4355,113.4637,118.4610,117.5968,119.2812,120.9339,127.6323,120.9339,127.0590,127.9414,127.4755,136.0000,128.1288,131.0267,133.6001,133.9627,132.3065,134.7924,130.9198,122.8007,124.4026,119.4738,118.5622,114.8651,117.5160,104.6900,106.1508,100.4988,103.4070,99.2018,99.2975,92.6553,92.1141,86.3539,0.0000,0.0000,0.0000,0.0000,0.0000,0.0000,0.0000,0.0000,0.0000,0.0000,0.0000,0.0000
1700000026.800000,-61.8,98.4886,94.1488,100.9752,97.8673,98.4124,98.4124,100.0200,98.0000,101.0792,101.1781,109.1650,106.4706,106.6771,110.4762,106.3673,112.5877,109.8954,115.4470,112.0892,113.2254,116.7604,115.4340,116.7604,118.9286,120.1665,121.1487,125.5388,129.2440,124.7878,129.6187,129.6919,130.0346,131.8674,131.5523,126.6491,131.9394,125.6344,123.9677,119.0504,119.6829,115.1173,113.7453,113.6354,104.3072,105.0190,100.0050,100.0200,97.0824,98.8585,95.0368,88.5268,85.7263,0.0000,0.0000,0.0000,0.0000,0.0000,0.0000,0.0000,0.0000,0.0000,0.0000,0.0000,0.0000
1700000026.850000,-58.5,57.6975,58.6686,58.5235,56.3028,62.0081,56.2228,59.8164,61.5224,62.2896,61.5224,61.5224,62.9365,64.4438,66.0681,63.4114,68.0074,64.8151,68.5055,64.1405,68.2642,66.0379,69.7711,69.4622,70.7107,71.3442,72.9452,73.7902,75.5910,74.7061,78.7210,70.7107,77.3692,75.6637,76.4788,75.8024,75.4718,72.8011,70.6045,69.0290,67.4759,70.4344,63.7809,69.5270,60.8276,62.9365,59.4643,58.8982,56.2228,59.2030,54.6443,50.1199,48.3322,0.0000,0.0000,0.0000,0.0000,0.0000,0.0000,0.0000,0.0000,0.0000,0.0000,0.0000,0.0000
1700000026.900000,-62.3,36.7151,38.5876,38.0789,39.0000,39.9249,39.9249,39.5601,38.6005,39.8497,39.0512,39.8121,41.5933,42.4264,42.2966,43.4166,42.1900,42.1070,43.0116,45.0000,45.0111,44.0454,46.0000,44.0000,47.0956,47.0425,48.0937,48.1664,48.0937,50.1597,49.2544,50.0400,52.0096,50.0000,51.0000,50.0100,48.0000,49.0000,47.0425,47.0956,47.2652,44.2832,44.5533,43.7379,41.9762,41.2311,38.6005,39.2173,38.6264,35.8469,35.8469,34.8855,32.7567,0.0000,0.0000,0.0000,0.0000,0.0000,0.0000,0.0000,0.0000,0.0000,0.0000,0.0000,0.0000
1700000026.950000,-61.5,98.6712,100.5783,102.1812,99.4636,100.2247,98.3107,97.7394,100.1798,102.3132,104.0048,106.0047,106.0754,106.0189,108.2959,108.3744,109.7725,109.3298,109.4897,110.2180,113.0310,111.8258,112.7918,114.0175,114.1622,119.2183,118.0042,119.6161,123.6487,122.7029,123.0325,122.0656,123.9677,123.9677,123.3694,125.2837,125.1599,119.6411,118.0678,115.2606,114.2716,109.6586,106.6771,106.4706,101.3163,98.1835,96.0052,96.0208,94.1329,92.3472,85.9884,86.5852,80.6536,0.0000,0.0000,0.0000,0.0000,0.0000,0.0000,0.0000,0.0000,0.0000,0.0000,0.0000,0.0000
1700000027.000000,-62.6,91.9239,90.2441,92.7631,92.5743,91.7878,91.7878,90.2718,91.0494,92.0217,94.0053,96.0000,97.0824,99.1816,96.2549,96.4210,100.9752,98.4784,97.6729,99.0404,102.8397,99.9250,102.3572,102.1078,100.9604,106.3203,105.3613,106.8925,109.1100,110.3676,112.2720,107.2054,110.6797,112.0892,108.6692,110.8603,108.9082,109.2383,104.5610,104.0865,102.9563,100.2447,95.4254,96.1873,91.0494,89.0056,88.0057,84.0536,84.2912,79.5110,78.4474,77.3692,72.7324,0.0000,0.0000,0.0000,0.0000,0.0000,0.0000,0.0000,0.0000,0.0000,0.0000,0.0000,0.0000
1700000027.050000,-63.9,92.7200,96.1665,95.1893,96.7988,94.3398,97.8621,97.3088,95.4620,97.9898,96.2549,98.4886,101.2423,105.9481,103.0049,105.3945,102.6499,104.4031,97.8008,105.1190,104.9952,106.0424,108.5772,102.8251,108.8944,108.2081,112.4322,114.5862,114.5862,118.8024,111.7587,116.0431,114.1096,115.6244,113.2299,118.4061,109.6358,112.6144,109.0413,108.2266,103.5857,98.0051,102.0833,98.3870,94.3716,91.9239,87.9204,86.9770,84.4808,81.3204,82.2253,79.0759,77.0584,0.0000,0.0000,0.0000,0.0000,0.0000,0.0000,0.0000,0.0000,0.0000,0.0000,0.0000,0.0000
1700000027.100000,-63.5,95.1262,96.5091,96.7471,99.1413,96.5194,99.3227,98.0000,96.0052,100.1249,99.1816,101.1237,100.3195,101.5972,104.0865,102.4207,102.1812,105.3233,102.6109,102.8834,103.7401,106.2544,108.7842,104.9952,109.4440,114.8260,112.0089,114.6342,117.0000,116.6190,116.0776,115.6936,114.2366,117.0000,115.5206,114.1622,112.6410,112.0892,108.1712,106.3015,103.5857,101.9804,101.4347,97.3242,94.8947,90.7965,86.3713,89.2020,88.0511,81.0062,83.2947,78.7718,75.7100,0.0000,0.0000,0.0000,0.0000,0.0000,0.0000,0.0000,0.0000,0.0000,0.0000,0.0000,0.0000
1700000027.150000,-63.8,98.6002,97.6524,96.7988,97.0824,97.4166,98.2700,98.0051,100.1848,99.2824,99.8098,103.0776,100.6578,102.6937,100.9009,101.5135,105.7733,100.1699,102.3572,102.3914,104.3456,104.0481,103.9423,104.5610,107.7868,108.9036,107.7868,111.8794,113.5341,112.6410,113.6354,112.0089,114.4246,113.6002,113.1592,112.8051,112.5877,110.8558,105.7733,105.6504,100.5783,102.1812,97.7394,98.2344,93.6216,90.8735,84.5340,85.0882,84.3801,81.5414,81.8413,77.8010,74.3303,0.0000,0.0000,0.0000,0.0000,0.0000,0.0000,0.0000,0.0000,0.0000,0.0000,0.0000,0.0000
1700000027.200000,-61.9,95.5092,95.2103,95.3363,97.2677,96.5401,92.9624,97.6729,97.1648,95.8853,99.6092,100.4042,101.1781,102.0784,99.0202,101.0198,102.0049,102.0441,100.0800,101.4002,102.3963,102.5914,102.8251,103.6967,106.7052,108.5035,107.8703,108.6738,108.6738,111.8034,109.2383,109.4897,112.6144,111.8794,111.7587,107.3778,107.2986,108.2959,105.0428,102.0049,101.0000,96.0208,95.0474,94.1913,89.3588,88.6848,84.0119,82.7647,80.8084,80.5233,77.4919,73.7360,70.2140,0.0000,0.0000,0.0000,0.0000,0.0000,0.0000,0.0000,0.0000,0.0000,0.0000,0.0000,0.0000
1700000027.250000,-59.9,99.2824,97.1288,100.1699,103.7738,99.3227,98.4784,98.4733,99.4032,100.6032,100.4241,103.7111,101.9117,105.6456,101.9117,105.3613,104.6614,102.5914,102.7278,102.9417,106.0424,105.1190,107.6151,102.4500,109.0413,111.4002,111.4002,113.9912,113.1592,116.2497,113.1592,113.6002,112.8007,115.1086,112.8051,112.1606,111.1980,108.9312,105.3613,103.9663,103.3925,97.0824,99.1564,95.1315,92.0054,88.2327,85.4400,86.0930,82.8553,81.3941,81.0247,74.0000,72.8011,0.0000,0.0000,0.0000,0.0000,0.0000,0.0000,0.0000,0.0000,0.0000,0.0000,0.0000,0.0000
1700000027.300000,-61.6,91.1811,96.7988,92.9731,96.1353,95.6033,95.6033,97.2677,97.0824,97.7446,96.1769,101.4347,100.4042,101.4002,101.4002,100.4042,102.2399,102.0196,99.0202,102.0049,100.0000,101.0050,102.1763,100.1798,105.8017,106.3814,108.6646,107.9120,111.6468,112.3610,110.3676,110.2905,110.2225,108.0741,107.0747,108.0000,105.0048,105.0048,101.0445,101.2423,100.1798,92.6553,95.0368,90.0944,88.9550,84.7231,82.4621,82.0061,78.4347,76.8440,73.5391,69.7782,68.6003,0.0000,0.0000,0.0000,0.0000,0.0000,0.0000,0.0000,0.0000,0.0000,0.0000,0.0000,0.0000
1700000027.350000,-64.7,96.2081,96.5660,96.0052,100.3195,97.9898,95.7549,96.1509,99.9850,98.8838,95.5249,101.5480,101.6071,101.6071,100.4241,100.4241,101.5332,103.0776,100.1249,104.6900,103.3247,103.9471,104.6518,101.1187,106.3015,107.6290,107.6290,112.0446,109.7862,114.7693,112.0446,110.4536,112.5389,113.1724,108.8944,111.8034,104.8046,103.4795,102.7278,102.0686,101.5332,95.0000,96.2601,90.4434,87.9204,86.6083,78.3901,81.8841,79.2023,74.6860,72.8011,73.6817,72.5672,0.0000,0.0000,0.0000,0.0000,0.0000,0.0000,0.0000,0.0000,0.0000,0.0000,0.0000,0.0000
1700000027.400000,-62.7,91.6624,96.5194,91.2688,98.4124,92.0489,96.0833,96.0052,93.0000,98.0051,95.1315,97.3293,99.4082,97.0155,103.0970,97.8673,94.5410,102.7716,94.3663,101.6514,103.8123,99.3277,101.6514,97.4166,107.8378,100.5684,106.5692,109.7315,104.0433,109.5628,104.3552,109.7679,110.3676,106.3203,102.6158,102.6158,103.1601,103.5857,100.0200,97.4936,96.8762,89.3588,91.4440,87.0517,86.0523,84.0000,77.0065,80.0562,76.4199,72.4431,71.8471,70.0928,68.0074,0.0000,0.0000,0.0000,0.0000,0.0000,0.0000,0.0000,0.0000,0.0000,0.0000,0.0000,0.0000
1700000027.450000,-61.8,100.0200,100.0450,99.4082,102.2399,100.6032,99.1816,100.9752,100.4490,102.1078,102.9612,103.5857,104.8093,108.6830,105.3613,105.0809,107.2054,105.0048,101.8430,105.6882,107.1541,101.9510,110.3087,104.3887,106.4378,106.4378,112.7298,115.8361,119.8666,113.5958,113.6002,109.2520,114.2366,111.0856,113.2961,112.0089,111.6289,109.1100,104.1201,100.9604,98.9545,96.1041,95.7079,92.9624,89.1067,86.4697,83.2947,84.2140,81.0062,78.0000,75.1066,73.5527,73.1642,0.0000,0.0000,0.0000,0.0000,0.0000,0.0000,0.0000,0.0000,0.0000,0.0000,0.0000,0.0000
1700000027.500000,-61.6,88.1022,86.4060,88.3912,86.9253,88.9550,84.7585,90.4434,91.4822,90.5207,92.8924,90.4710,94.7259,94.7259,94.5410,92.0706,93.6483,89.5600,92.4392,92.1358,94.1913,94.0851,95.0210,95.0474,98.0204,98.0051,98.0204,101.0198,102.0196,98.0204,104.0192,98.0051,101.0050,99.0454,99.0202,95.2575,98.3260,94.3398,89.9444,91.2414,85.9884,87.6641,82.7647,85.3756,78.3390,76.4003,72.8011,73.6817,70.3847,70.7743,67.9779,64.4981,60.7454,0.0000,0.0000,0.0000,0.0000,0.0000,0.0000,0.0000,0.0000,0.0000,0.0000,0.0000,0.0000
1700000027.550000,-62.2,96.2601,96.6075,98.2344,101.2126,100.8960,99.1564,101.8627,101.1385,101.1187,103.2473,104.6900,102.5524,101.4150,104.6375,101.2126,103.2279,103.4698,101.8332,101.3558,105.3091,104.1009,104.8093,103.9423,106.8925,106.8925,106.0660,109.5901,112.3076,109.1238,111.8258,111.8258,111.3643,109.5673,107.0420,107.0420,108.2266,104.2929,100.4390,99.8649,96.6075,96.8298,94.0213,91.5478,84.3860,84.2199,79.9312,80.6102,79.2086,79.0253,75.0000,70.4557,68.0955,0.0000,0.0000,0.0000,0.0000,0.0000,0.0000,0.0000,0.0000,0.0000,0.0000,0.0000,0.0000
1700000027.600000,-63.6,99.2975,96.0260,99.5038,98.5089,101.2423,97.1288,101.0000,101.0050,101.0050,102.0196,103.0000,103.0776,105.0762,104.3072,101.4002,106.9205,104.2353,106.3673,103.7545,104.5610,105.3233,107.2007,105.7592,107.7079,110.6345,107.2800,108.8118,112.5389,109.2016,115.5206,110.6345,111.8258,112.5389,108.4666,107.2800,107.6894,105.0762,103.3925,101.3163,97.2523,96.0833,95.0474,92.0054,84.0000,84.0000,80.0250,80.0999,78.7718,77.2787,72.7805,73.0821,65.7875,0.0000,0.0000,0.0000,0.0000,0.0000,0.0000,0.0000,0.0000,0.0000,0.0000,0.0000,0.0000
1700000027.650000,-64.1,96.7729,97.0155,99.9300,100.2846,99.9600,99.6243,98.2344,99.9250,99.9250,101.0792,102.4158,103.7690,104.7091,103.4456,104.3168,105.4751,103.1746,100.9554,104.6231,106.6068,106.4002,107.4477,104.2017,108.5772,110.6345,108.5772,112.6987,110.1136,110.5351,109.0413,110.8873,109.6358,111.4002,107.2007,107.6476,107.6476,105.3945,100.4988,99.1262,94.1541,93.9149,94.8262,89.8944,86.8159,84.5813,79.4796,79.3788,77.7946,74.4648,74.4648,71.0211,68.4690,0.0000,0.0000,0.0000,0.0000,0.0000,0.0000,0.0000,0.0000,0.0000,0.0000,0.0000,0.0000
1700000027.700000,-64.7,97.1442,99.1615,102.8591,104.6948,102.4158,100.6231,102.0000,102.0833,105.3091,104.6231,106.5317,106.2309,110.1136,105.2093,109.0183,107.4477,108.7060,105.6456,106.8878,107.5639,108.3005,111.7229,105.3613,108.9771,114.5862,113.9517,115.7454,116.9316,119.0042,113.4548,112.4500,116.7776,115.2779,111.0180,111.7318,108.9312,107.5639,102.8251,101.6710,102.4500,96.4002,96.6075,95.2103,89.0505,85.9826,84.3801,81.1234,81.8413,80.0562,76.1577,71.7844,71.3092,0.0000,0.0000,0.0000,0.0000,0.0000,0.0000,0.0000,0.0000,0.0000,0.0000,0.0000,0.0000
1700000027.750000,-61.4,99.2824,98.8382,102.5768,104.6231,100.4988,99.6444,101.2423,103.4698,102.9029,101.8332,107.4477,104.4845,105.6456,107.9352,105.5509,108.2081,105.3613,104.6518,106.1508,104.8046,107.5639,110.6345,106.3015,109.0183,108.8531,108.8531,114.2016,112.8007,113.0044,113.6002,112.4455,114.3372,113.4548,111.2879,110.3902,107.5174,104.6614,103.9471,100.4490,99.7647,97.8366,95.7758,93.0860,86.4002,85.8021,82.0975,82.6801,79.2591,77.8267,74.7329,72.6154,72.7324,0.0000,0.0000,0.0000,0.0000,0.0000,0.0000,0.0000,0.0000,0.0000,0.0000,0.0000,0.0000
1700000027.800000,-62.5,92.9624,89.8220,92.3959,98.1529,95.8853,95.8853,95.4254,95.1315,95.5249,95.0842,99.0051,98.0204,102.0441,100.1249,101.0445,100.1798,101.4002,97.4166,102.2595,100.1299,100.2846,101.2719,99.8248,102.8397,104.7855,103.0776,107.9352,104.7855,107.9352,104.7855,107.8703,106.8878,107.6894,104.2353,101.8332,99.7246,99.7246,97.3293,95.4254,93.1933,91.0055,88.0000,86.0058,83.0241,81.2219,76.2365,77.5242,73.8241,72.0069,70.8308,67.7200,66.1287,0.0000,0.0000,0.0000,0.0000,0.0000,0.0000,0.0000,0.0000,0.0000,0.0000,0.0000,0.0000
1700000027.850000,-62.3,99.8098,93.0215,102.5768,97.1288,103.4456,97.7548,103.4698,103.2279,102.4158,106.5082,104.8618,107.0047,107.6151,106.6677,102.1763,111.7318,103.2763,111.7318,104.8046,106.9626,107.7126,108.2312,109.2245,110.8873,109.3435,107.4477,112.2007,116.6062,107.8007,118.8108,111.8258,115.4210,113.8508,113.0708,109.2245,111.0721,105.3803,103.9471,102.5914,94.1116,99.0858,92.7631,95.7758,85.9128,84.5044,81.4002,79.8812,78.2368,80.1311,76.0592,73.4098,65.4599,0.0000,0.0000,0.0000,0.0000,0.0000,0.0000,0.0000,0.0000,0.0000,0.0000,0.0000,0.0000
1700000027.900000,-64.4,109.1146,108.0417,112.0179,109.0046,112.0045,110.0000,112.1606,113.1592,113.2828,114.9826,118.9496,118.2286,116.7262,117.0854,114.7563,118.1271,114.9783,116.4174,114.8434,117.1751,118.1397,119.8541,118.5960,123.4909,120.5529,121.1487,123.4909,126.2894,123.1300,125.0000,121.4907,124.9200,120.5031,122.1229,116.9145,120.3038,115.9526,112.0580,109.8362,106.8878,108.0463,100.7174,101.5972,93.1933,93.1343,90.0222,88.0000,85.0235,86.1452,78.6384,80.0625,75.6902,0.0000,0.0000,0.0000,0.0000,0.0000,0.0000,0.0000,0.0000,0.0000,0.0000,0.0000,0.0000
1700000027.950000,-61.5,105.5888,103.3538,108.6876,107.7822,107.8378,102.9563,107.5407,110.4943,110.3857,113.5297,116.7090,114.8434,113.5077,117.1751,111.0856,117.9025,111.8302,114.1403,113.1371,114.2716,116.2497,112.7519,115.7325,119.2686,119.4194,119.1512,120.1041,123.2599,117.2732,123.2599,119.5073,120.4159,119.6035,119.0798,116.2497,118.2286,115.1217,110.0227,106.5129,102.6109,104.8093,96.8401,99.9300,92.3472,89.4930,85.4400,87.3212,84.6936,81.3941,81.1234,76.8505,71.2180,0.0000,0.0000,0.0000,0.0000,0.0000,0.0000,0.0000,0.0000,0.0000,0.0000,0.0000,0.0000
1700000028.000000,-64.0,49.9300,48.5489,49.9300,52.1536,48.8774,48.5489,51.4781,51.4781,51.0000,53.2353,55.9017,55.1543,54.7814,54.0833,53.4883,55.7136,55.9732,50.3289,52.8110,54.4059,55.0273,53.1601,53.8516,56.2939,55.3173,53.3667,55.3173,57.2713,59.2284,57.9741,59.4811,56.3205,58.5235,55.3624,55.0273,54.4243,54.4243,52.9245,51.6236,48.8467,48.7647,48.7647,42.9418,42.1900,43.0465,40.8044,39.6611,39.8246,37.6431,36.0694,35.3553,33.4216,0.0000,0.0000,0.0000,0.0000,0.0000,0.0000,0.0000,0.0000,0.0000,0.0000,0.0000,0.0000
1700000028.050000,-56.8,106.5317,107.3359,108.2312,107.2007,112.0045,106.8270,111.3957,110.6345,112.4856,114.6909,112.4856,116.7262,118.7939,116.7262,114.5600,117.9237,114.6342,117.6860,112.8007,117.4138,115.1086,116.8289,115.8016,121.4907,122.0369,118.9832,122.0369,123.3086,122.1147,125.3994,121.2023,123.1463,121.8277,118.2286,117.6138,117.1537,115.6244,109.0413,109.1238,103.9663,105.4182,98.3107,100.4490,94.2603,93.7230,86.6833,88.2327,85.2115,84.3801,78.7718,79.2023,77.6209,0.0000,0.0000,0.0000,0.0000,0.0000,0.0000,0.0000,0.0000,0.0000,0.0000,0.0000,0.0000
1700000028.100000,-65.5,107.3546,108.6738,110.9820,114.1271,109.3846,109.3846,110.7249,110.7249,114.1622,111.9464,117.0470,117.0043,119.5492,118.9622,118.4061,117.6860,118.2582,117.4777,116.2970,120.5073,119.0504,121.3425,116.1034,120.8139,124.3101,121.9262,124.0363,124.7878,124.9040,124.3101,125.9365,125.6025,122.0000,120.0750,122.2497,117.3882,119.3692,111.0180,111.9732,110.0545,105.6882,99.7246,101.2373,93.1075,91.2360,90.3549,88.3233,87.4643,83.4865,81.0555,77.8332,76.3806,0.0000,0.0000,0.0000,0.0000,0.0000,0.0000,0.0000,0.0000,0.0000,0.0000,0.0000,0.0000
1700000028.150000,-64.0,105.5130,105.0190,109.6358,110.3540,106.7333,111.8034,112.7874,111.8034,109.6586,113.0000,116.6190,117.1537,117.1537,115.1086,115.2128,117.0385,116.0388,117.0171,120.0042,120.0042,119.0000,119.0042,117.0385,121.4990,121.3343,120.4159,123.1463,123.3288,124.1974,124.1451,125.0160,124.0161,124.0161,117.1068,119.1050,115.0391,115.1564,111.4495,108.5587,104.6900,103.9423,100.8067,99.4636,95.9010,92.4446,86.3308,87.0919,85.6154,79.7057,80.5295,77.4145,74.3303,0.0000,0.0000,0.0000,0.0000,0.0000,0.0000,0.0000,0.0000,0.0000,0.0000,0.0000,0.0000
1700000028.200000,-57.9,94.2019,98.8585,98.2497,102.3132,101.2423,104.1201,103.0437,99.0000,104.0048,99.0202,104.0000,106.0754,106.1179,106.3015,109.2932,105.5746,106.0660,103.8171,110.0227,106.0660,106.8878,108.0602,103.4070,112.0580,110.4219,111.6109,113.5077,108.4666,114.9783,110.6345,113.3578,112.7874,111.6289,107.6894,109.8954,104.8093,103.5857,101.3163,101.0792,98.0459,93.0215,93.0054,90.0500,90.0500,85.3756,79.4040,79.7621,77.2787,73.5459,73.0069,69.5701,69.4622,0.0000,0.0000,0.0000,0.0000,0.0000,0.0000,0.0000,0.0000,0.0000,0.0000,0.0000,0.0000
1700000028.250000,-60.6,98.8989,101.9510,101.5923,108.2682,102.7862,107.2054,105.3043,107.0047,108.1712,109.6586,112.8051,115.7411,112.4500,113.2828,112.2943,111.7587,116.5204,110.6526,116.2755,116.1551,116.1551,116.0689,111.0405,117.0385,119.0168,118.0169,117.0171,118.0678,124.0161,118.0169,118.0042,117.0000,121.0372,117.0684,113.1592,112.2185,107.2986,106.3015,106.9205,107.0561,100.4490,102.1078,96.1041,92.7631,91.2140,85.8662,84.1190,83.8153,79.4796,78.0000,76.0263,73.0616,0.0000,0.0000,0.0000,0.0000,0.0000,0.0000,0.0000,0.0000,0.0000,0.0000,0.0000,0.0000
1700000028.300000,-63.6,97.1700,101.5185,101.5332,103.7690,100.2397,103.5857,102.7278,106.2309,103.7304,106.0189,105.4372,108.8118,114.4771,113.7014,113.2299,109.4806,112.1606,108.3744,108.9312,111.8660,108.9312,113.8464,108.2081,111.7587,115.2779,114.6298,116.7776,116.1034,122.3479,113.1459,115.9741,117.3797,115.2779,113.2166,112.6987,107.0561,107.9352,106.0424,103.6002,105.8017,97.9081,97.9439,90.7359,90.2109,84.5991,81.8413,85.4283,81.8596,75.2396,76.2168,74.7262,70.6116,0.0000,0.0000,0.0000,0.0000,0.0000,0.0000,0.0000,0.0000,0.0000,0.0000,0.0000,0.0000
1700000028.350000,-63.3,112.0714,115.1564,113.4416,116.7262,120.7021,118.7139,117.2391,117.7115,121.3960,120.8305,123.6932,126.8464,125.0000,123.9677,124.0403,124.2779,125.2517,125.2517,126.6491,127.2242,126.2894,129.0775,122.0041,127.9531,130.6139,130.6790,132.4236,132.8232,134.1641,131.9470,129.7690,131.5903,132.6198,132.0341,127.2242,125.5906,123.3694,121.1156,117.0470,116.3873,112.5389,110.3540,106.7333,103.1601,101.7890,96.8762,94.7629,93.1933,90.0888,87.0057,85.1469,82.6075,0.0000,0.0000,0.0000,0.0000,0.0000,0.0000,0.0000,0.0000,0.0000,0.0000,0.0000,0.0000
1700000028.400000,-61.6,101.6071,99.6394,99.8499,102.2595,102.1078,100.6032,104.3072,105.1713,108.0185,108.0185,108.0185,110.0000,112.0179,112.1115,110.1136,112.2185,110.2905,109.2932,109.0367,111.1575,111.1575,113.2828,111.4630,114.1403,116.1034,115.7325,117.1537,120.8305,114.7563,119.6411,112.1784,116.2970,115.9181,111.1575,110.0273,113.6354,109.4578,107.2287,105.3043,104.1729,101.0198,96.0208,95.0053,89.0056,88.0511,85.2878,83.2166,84.7172,79.7621,76.1183,75.6902,70.8378,0.0000,0.0000,0.0000,0.0000,0.0000,0.0000,0.0000,0.0000,0.0000,0.0000,0.0000,0.0000
1700000028.450000,-62.0,98.3514,98.3514,105.8489,100.6578,107.4244,104.6948,106.4519,105.5509,110.9414,110.1454,111.1395,112.3610,115.9655,114.2804,114.5469,115.1086,113.4637,114.0395,113.2299,113.4063,113.0708,114.3372,114.9783,116.1034,118.2582,116.0431,121.8277,121.6963,118.9286,122.4296,117.0342,118.5622,122.9187,112.8051,116.6619,114.6211,110.8016,109.6221,104.2929,102.2155,102.2155,98.1122,98.9798,92.1792,93.0376,88.1419,86.4060,82.8734,82.5409,79.0569,77.8781,73.8241,0.0000,0.0000,0.0000,0.0000,0.0000,0.0000,0.0000,0.0000,0.0000,0.0000,0.0000,0.0000
1700000028.500000,-63.4,103.7545,100.1848,111.8302,104.9571,109.9318,106.0000,111.2520,110.2089,110.8016,114.0395,116.2497,116.4002,117.8007,115.4210,113.4548,120.9669,115.3126,117.4564,116.0000,118.1397,118.7939,119.0042,119.6035,119.6704,121.0826,119.0966,123.3288,124.9640,122.7884,126.9055,120.2165,123.8426,122.3806,122.3479,120.2082,121.6553,118.2582,109.4806,109.4806,106.0424,107.4477,99.4032,102.6499,94.5780,94.5780,88.3233,85.8836,88.1192,84.6936,80.9938,79.4040,76.4853,0.0000,0.0000,0.0000,0.0000,0.0000,0.0000,0.0000,0.0000,0.0000,0.0000,0.0000,0.0000
1700000028.550000,-61.1,103.6967,98.2497,103.2376,108.2959,107.1168,105.0428,108.0046,108.0185,108.0417,110.0409,110.1136,113.4416,115.4340,114.5295,112.4455,114.2716,111.8034,114.1271,114.9348,113.7717,115.1217,117.6860,116.2970,117.9025,117.6860,119.8541,118.3596,122.9715,121.2765,125.1719,119.8541,119.2393,121.8236,115.7411,115.4123,114.9826,113.5341,108.2959,108.2266,103.0437,103.0049,100.0000,100.0050,91.0220,91.1373,88.3629,84.5931,82.5651,81.7863,78.8480,75.2728,71.6938,0.0000,0.0000,0.0000,0.0000,0.0000,0.0000,0.0000,0.0000,0.0000,0.0000,0.0000,0.0000
1700000028.600000,-62.9,98.4937,98.4937,99.7046,100.4490,102.5524,99.8248,100.5684,100.6578,104.4845,105.4230,111.8258,111.4002,111.0180,111.7721,109.6221,112.0580,108.4528,110.6752,110.2769,112.3788,111.8302,112.7697,110.9414,115.3950,114.4945,114.4945,115.3950,118.5327,114.9348,116.7305,116.2970,118.7013,116.1077,114.9087,113.2078,112.3610,108.4528,107.8981,105.6030,102.4158,99.8098,97.4526,96.5401,89.9389,88.4138,85.5628,85.7030,83.5464,82.4621,77.8010,74.9466,70.2353,0.0000,0.0000,0.0000,0.0000,0.0000,0.0000,0.0000,0.0000,0.0000,0.0000,0.0000,0.0000
1700000028.650000,-64.3,104.4797,106.0754,110.0045,109.0046,110.0182,110.1136,110.1635,110.3676,113.7453,116.7262,116.6190,122.1884,122.6418,119.8541,117.8855,120.3038,119.8165,119.8165,118.6802,121.7580,120.6027,123.0163,119.5492,122.1966,125.9365,121.1487,126.6491,126.2894,127.8124,128.5146,123.6487,127.1377,123.9758,126.4911,124.4548,121.8401,117.6308,114.7563,114.7563,111.0045,110.4762,107.2007,104.6900,97.7394,96.4210,92.1358,94.0213,89.0056,88.0227,84.5931,81.2158,79.0759,0.0000,0.0000,0.0000,0.0000,0.0000,0.0000,0.0000,0.0000,0.0000,0.0000,0.0000,0.0000
1700000028.700000,-60.8,109.0780,107.4244,112.7120,113.1592,113.1592,113.1592,112.1606,115.5206,116.4560,118.9286,120.5529,118.5960,123.6649,121.8401,122.2620,124.1974,124.1974,118.6634,123.7942,123.6285,123.3207,125.1599,122.8007,128.7634,128.9961,126.6689,126.3210,126.3962,126.3962,124.4026,127.6636,124.5793,127.6636,127.0118,123.6285,125.2996,122.3765,118.6634,115.4470,112.0580,108.6692,109.8954,108.2405,102.1421,98.3514,93.9840,93.6216,90.3770,88.1192,89.1852,84.8764,78.2432,0.0000,0.0000,0.0000,0.0000,0.0000,0.0000,0.0000,0.0000,0.0000,0.0000,0.0000,0.0000
1700000028.750000,-61.7,95.7758,101.2373,104.6614,101.8332,105.3803,103.9663,105.7592,105.1190,108.8531,109.0183,112.6144,112.4144,110.6029,114.6211,113.7189,115.9655,115.9655,114.0570,114.2366,116.8461,115.8836,118.5116,115.8836,118.9622,121.7087,119.8541,124.8879,120.7477,123.4382,123.9072,121.1982,121.1982,122.1188,116.7647,118.7013,113.0177,115.1217,110.6752,108.4066,107.6476,105.0000,103.2327,101.6710,95.6713,92.7631,89.1964,91.9348,84.8999,85.2760,79.8812,78.5493,72.4707,0.0000,0.0000,0.0000,0.0000,0.0000,0.0000,0.0000,0.0000,0.0000,0.0000,0.0000,0.0000
1700000028.800000,-60.6,98.3870,102.4207,98.9798,103.3538,100.4988,102.5768,102.3426,104.8618,106.0189,107.4477,108.4066,111.2879,109.9864,112.5389,112.0446,112.4322,113.8464,110.3449,110.3449,111.0721,114.5862,117.5925,111.9464,115.8836,117.1537,117.2902,120.4201,121.3796,120.1041,117.9237,119.0966,120.1041,117.5925,114.6298,115.9741,113.1459,111.7318,109.6586,108.2451,108.3005,103.2327,99.6394,96.6075,92.4175,89.6270,87.6641,86.6083,84.5991,81.8413,78.2943,75.9605,75.9605,0.0000,0.0000,0.0000,0.0000,0.0000,0.0000,0.0000,0.0000,0.0000,0.0000,0.0000,0.0000
1700000028.850000,-60.0,99.2824,100.1848,106.0660,106.4706,107.5407,105.4751,107.0747,108.8118,110.8016,110.6029,113.4063,113.0708,117.1537,116.3873,113.4548,119.5199,116.7262,115.2779,115.2779,116.6919,117.4564,119.5199,115.3126,120.5073,119.6704,119.0966,121.3796,126.1507,122.0246,123.4342,122.4296,126.0635,123.1666,122.3479,119.5031,118.1397,117.5925,114.1096,110.2588,106.6677,105.6030,103.8123,102.6499,95.4149,94.0319,90.5538,91.3017,87.2353,84.3090,82.2192,81.0432,75.7100,0.0000,0.0000,0.0000,0.0000,0.0000,0.0000,0.0000,0.0000,0.0000,0.0000,0.0000,0.0000
1700000028.900000,-61.1,100.1249,104.0433,105.2093,107.6476,108.4066,105.1190,109.2245,111.2879,111.8660,113.1459,113.1371,116.0000,118.8024,117.0342,118.9286,119.7539,119.4738,120.1041,117.0043,118.2286,121.0372,121.2477,118.0042,120.3703,122.0656,123.9758,125.3635,128.4134,127.8828,123.7134,120.4326,126.8267,124.8079,120.8801,121.6594,119.4738,116.2755,117.5925,113.2784,108.2081,108.9312,103.2763,105.4751,96.5401,94.6414,91.0494,91.6079,87.6641,90.0500,84.1190,82.7647,75.0267,0.0000,0.0000,0.0000,0.0000,0.0000,0.0000,0.0000,0.0000,0.0000,0.0000,0.0000,0.0000
1700000028.950000,-65.8,96.4624,97.1236,102.6158,102.3572,106.2309,103.5857,106.0990,108.5035,108.0463,108.3420,113.0000,113.6354,113.6354,112.4455,114.4378,115.1564,114.1578,115.2128,114.0175,117.0043,113.0398,114.0000,115.0043,117.0385,119.0042,120.2664,119.1050,123.0163,118.1059,122.0164,118.0042,123.1016,118.0381,118.2074,118.2074,118.2709,113.5341,111.0180,108.8531,102.4207,105.3233,100.2247,101.3903,93.6803,92.0489,90.4434,87.4643,81.9390,88.1022,80.1311,79.0759,75.2130,0.0000,0.0000,0.0000,0.0000,0.0000,0.0000,0.0000,0.0000,0.0000,0.0000,0.0000,0.0000
1700000029.000000,-62.6,92.4554,100.2646,96.6075,103.0049,98.4733,98.4733,100.4988,101.7104,103.9423,102.0000,104.7091,106.8878,110.1681,109.2520,110.1681,110.4943,113.0885,107.5639,112.5789,112.2720,113.2254,112.3610,110.4400,113.0310,117.3882,114.7563,118.8781,115.7325,121.2765,115.4470,119.3315,116.7090,115.9483,114.8434,115.4340,111.6289,111.6289,106.4049,103.6195,107.5407,98.8989,100.7224,95.7131,93.4719,90.0500,86.0930,86.2844,84.4038,79.6492,76.5768,75.6902,71.5052,0.0000,0.0000,0.0000,0.0000,0.0000,0.0000,0.0000,0.0000,0.0000,0.0000,0.0000,0.0000
1700000029.050000,-60.4,99.2975,99.7246,103.4698,107.8378,105.1190,104.6948,106.0660,107.5407,106.3297,106.8504,110.2769,114.2804,114.5469,111.2520,115.8016,114.8085,117.0043,115.4210,115.6244,117.0342,120.5073,116.7776,117.5925,118.1397,123.1097,121.6553,121.6224,120.9173,123.8426,122.3479,123.1097,123.1666,124.6515,118.5622,118.5622,117.0043,115.8016,114.8564,110.1136,108.7244,105.4751,104.1009,99.4786,97.0618,92.5743,89.0505,88.9550,87.0919,84.5044,82.0061,79.6241,75.6637,0.0000,0.0000,0.0000,0.0000,0.0000,0.0000,0.0000,0.0000,0.0000,0.0000,0.0000,0.0000
1700000029.100000,-65.3,90.9175,93.1504,94.8262,97.0824,94.8103,96.3846,98.4886,99.9250,101.7693,100.9009,104.4031,106.6068,106.2309,105.9906,104.8093,109.6586,105.5367,104.3456,108.8531,111.8034,109.4440,108.6738,109.0367,112.2853,110.6526,112.7519,114.6298,116.5204,117.3456,117.2732,113.7453,115.5725,113.6002,112.3788,110.2180,109.2383,109.2383,105.5367,102.8397,100.9604,98.6712,96.7678,93.3006,90.1388,90.0777,82.7345,81.8413,81.1234,77.6981,75.4718,73.6003,69.4262,0.0000,0.0000,0.0000,0.0000,0.0000,0.0000,0.0000,0.0000,0.0000,0.0000,0.0000,0.0000
1700000029.150000,-63.1,102.7278,106.0000,104.3072,108.1665,108.8118,108.8118,113.2299,114.7693,116.9316,113.2784,116.9316,119.5031,120.9173,121.6553,122.3806,123.9879,121.9180,120.1041,123.6932,126.4002,124.0161,124.0363,122.2007,127.0276,130.4301,128.7051,131.5485,128.1405,130.3840,129.5415,129.6187,133.1465,131.0153,127.6401,126.8227,124.9640,123.6932,121.0826,114.6909,115.4340,109.7133,111.0360,105.3803,102.6499,100.7671,92.1954,95.0000,90.9725,87.3670,86.8332,82.2922,81.0247,0.0000,0.0000,0.0000,0.0000,0.0000,0.0000,0.0000,0.0000,0.0000,0.0000,0.0000,0.0000
1700000029.200000,-63.0,99.4636,99.4636,101.4150,101.6366,102.3572,103.3247,105.3043,105.3423,105.9481,110.1363,111.7900,112.4011,113.7189,114.1271,114.0614,116.2970,116.2970,115.0043,115.9741,117.4777,119.7080,119.7080,117.1367,118.4314,120.1083,120.6524,122.3193,125.3635,127.8632,125.6423,121.9385,124.6796,124.6796,119.2015,119.0000,118.5327,116.2755,112.8051,112.0045,108.4620,107.2241,105.0048,99.2975,95.8175,96.5660,88.7694,86.8850,87.4757,83.8630,81.2219,76.0066,76.0592,0.0000,0.0000,0.0000,0.0000,0.0000,0.0000,0.0000,0.0000,0.0000,0.0000,0.0000,0.0000
1700000029.250000,-59.4,96.5194,100.4042,102.7278,104.9571,100.7224,106.4706,108.6876,106.5129,108.3374,107.5407,114.7693,115.1694,116.0560,114.8434,117.9534,117.6308,120.0750,115.6936,118.6634,119.6411,119.3315,121.0165,118.2582,125.0280,122.3315,124.4588,129.2594,126.0198,126.7754,126.7754,126.4358,126.0198,127.2831,123.3572,121.5977,119.6411,119.5701,113.7585,111.8258,110.4400,106.9018,104.0433,104.7521,101.5923,93.2309,93.1075,89.4707,89.4707,84.9058,82.3772,79.8123,74.3303,0.0000,0.0000,0.0000,0.0000,0.0000,0.0000,0.0000,0.0000,0.0000,0.0000,0.0000,0.0000
1700000029.300000,-58.1,101.6071,104.0433,105.6882,106.0000,108.5587,110.5351,109.1284,113.5958,111.8928,114.7693,117.7455,120.7021,120.8139,118.5960,121.7580,121.8401,121.2972,118.4061,123.2234,124.4267,123.6932,124.7397,123.3572,127.1417,126.5899,127.7380,128.2692,128.2692,125.2996,129.1240,129.2478,125.9365,129.0736,124.7397,125.6344,120.3038,123.4544,116.9145,116.7604,115.1347,111.0000,112.3610,105.8489,102.1567,101.9804,96.1769,94.0213,90.0500,88.2043,86.5332,82.8010,80.7217,0.0000,0.0000,0.0000,0.0000,0.0000,0.0000,0.0000,0.0000,0.0000,0.0000,0.0000,0.0000
1700000029.350000,-65.3,82.0244,82.1340,83.5464,83.5464,88.0909,87.4586,87.6185,90.0000,91.5260,91.8096,94.0319,95.7183,95.3834,96.3846,97.6166,98.0051,96.1769,96.6488,97.9439,98.8989,100.2247,100.7224,99.4032,103.0776,103.4698,101.7693,105.7024,107.0187,103.4698,106.1037,102.8591,104.2017,103.7545,102.8834,102.0000,99.4786,98.6154,95.1315,93.2309,90.2109,89.0225,83.4086,85.1469,79.2465,79.2465,73.5527,74.9533,72.3464,71.8401,69.0652,66.0379,62.6498,0.0000,0.0000,0.0000,0.0000,0.0000,0.0000,0.0000,0.0000,0.0000,0.0000,0.0000,0.0000
1700000029.400000,-62.6,96.0469,96.0000,99.1262,98.0459,96.2549,100.6032,100.2846,102.4207,104.2353,106.0990,110.4219,107.9352,110.8558,110.6029,110.6029,112.6410,113.5297,109.7679,113.8859,114.5862,115.1694,112.7209,111.2340,117.7837,117.9237,117.6860,119.0126,122.6540,122.6540,119.6202,118.4736,122.0041,121.0785,116.1077,116.0560,112.8938,113.3225,108.4159,107.9352,106.5129,100.6231,102.4207,96.3379,91.9239,90.5538,85.2878,86.2090,81.0555,79.0063,78.1601,78.6384,72.5672,0.0000,0.0000,0.0000,0.0000,0.0000,0.0000,0.0000,0.0000,0.0000,0.0000,0.0000,0.0000
1700000029.450000,-60.5,85.0059,87.0517,90.1388,89.0898,91.3510,90.3549,93.0591,93.3809,97.0824,98.0612,99.6895,101.3903,100.9604,102.4890,102.1421,106.8925,100.9009,103.1213,100.8464,106.2309,105.4751,106.0236,106.6208,107.3313,110.9820,106.8878,110.0591,110.4762,112.2586,112.2586,106.9299,111.4002,111.6154,106.6208,106.4049,107.9120,103.4650,101.1929,99.0404,94.6414,93.8616,89.7385,91.4440,86.1220,83.1865,78.7718,77.4145,76.1052,73.0000,71.0000,68.1175,64.4981,0.0000,0.0000,0.0000,0.0000,0.0000,0.0000,0.0000,0.0000,0.0000,0.0000,0.0000,0.0000
1700000029.500000,-62.6,104.3456,106.5317,109.8954,110.3177,113.7453,108.6646,113.1592,113.0708,117.0171,117.0043,118.0000,121.0661,125.1000,128.3160,126.3210,124.7878,127.2792,125.2996,125.9365,125.6025,126.7517,129.4372,123.9677,128.3199,127.0945,131.4686,128.0625,130.4952,127.3499,127.0945,130.2690,127.3460,130.2306,126.4951,129.2478,129.2594,122.8007,124.4026,118.2709,117.2732,116.0689,113.0708,110.0000,104.0048,100.1249,98.3260,96.4210,96.8762,90.8020,86.3481,86.0233,80.9938,0.0000,0.0000,0.0000,0.0000,0.0000,0.0000,0.0000,0.0000,0.0000,0.0000,0.0000,0.0000
1700000029.550000,-61.6,101.0000,101.1385,105.7733,109.1100,109.4166,107.2241,110.4943,111.7900,115.5509,112.4011,116.7776,119.4362,122.9837,121.7087,120.3536,125.7179,119.8874,121.2642,122.0369,124.8679,126.4792,125.1000,125.1000,128.2264,131.0343,129.0155,130.8740,132.4387,131.0343,131.6548,127.0039,130.6675,128.9690,125.9365,127.0945,126.5701,123.1747,119.0798,116.4689,114.0614,112.6987,107.7868,110.1681,102.1567,96.2081,96.1353,92.0489,92.4446,91.0055,85.1587,84.7172,80.2247,0.0000,0.0000,0.0000,0.0000,0.0000,0.0000,0.0000,0.0000,0.0000,0.0000,0.0000,0.0000
1700000029.600000,-61.1,93.9202,94.8683,97.8008,100.0000,104.0481,101.6366,104.9238,104.5610,105.5462,108.0463,113.0000,112.6410,114.2804,113.1592,113.2828,117.0171,112.0179,114.0175,115.0043,115.0174,115.0391,117.1068,117.1068,119.2686,123.1990,120.2664,122.2620,124.1974,123.1990,120.1499,122.0369,124.0161,125.1000,119.0042,119.0378,115.2128,117.1068,110.5486,108.5587,108.7796,101.8332,102.2595,100.6231,93.3916,92.6499,90.7083,87.5957,84.7585,82.4621,80.1124,78.2943,73.7835,0.0000,0.0000,0.0000,0.0000,0.0000,0.0000,0.0000,0.0000,0.0000,0.0000,0.0000,0.0000
1700000029.650000,-60.4,87.6641,93.1719,91.6788,95.6033,98.2344,97.0824,98.0816,98.0867,101.0198,101.1336,103.7882,106.4706,109.1787,105.6788,106.9439,107.7033,108.7842,105.4751,107.8981,107.9120,109.5536,111.5034,108.4666,114.4771,113.6002,112.6144,115.6028,116.0172,119.8082,114.2016,114.5469,117.4138,113.4416,113.4416,113.7409,108.2266,107.1868,106.9439,103.3102,102.8591,95.4620,96.3846,94.7048,87.4643,85.7030,80.6536,82.2800,81.2527,76.1577,76.2955,70.4557,70.0071,0.0000,0.0000,0.0000,0.0000,0.0000,0.0000,0.0000,0.0000,0.0000,0.0000,0.0000,0.0000
1700000029.700000,-63.0,102.8591,108.2405,108.4066,112.8716,111.5168,111.6468,113.4637,115.8016,119.0168,115.8836,121.4002,123.6932,125.7338,123.2396,128.8875,128.7012,127.3106,127.3106,126.0635,126.7320,129.6341,133.2066,127.5618,132.4387,137.5354,134.3168,135.6024,137.7679,135.7240,134.4656,134.6180,134.3168,134.6180,134.4173,133.6600,129.4179,124.4829,123.2396,123.3288,120.7394,113.2299,111.8258,110.2089,104.0433,100.9554,97.0979,97.7548,95.0158,91.6788,84.6936,85.0706,80.7775,0.0000,0.0000,0.0000,0.0000,0.0000,0.0000,0.0000,0.0000,0.0000,0.0000,0.0000,0.0000
1700000029.750000,-61.4,102.4744,107.7822,108.2589,113.7189,113.0885,109.9318,115.4340,113.2254,118.9033,117.0470,121.8401,120.8801,125.4193,125.1719,127.1220,125.7657,127.7380,125.9365,129.5531,126.6689,128.9961,128.5613,126.0198,124.7878,123.0447,124.6796,119.6035,126.6689,116.4302,123.4058,121.0620,120.8139,124.3101,125.7657,129.7112,124.5351,127.5774,121.2972,119.5492,118.4061,112.9292,113.8420,107.5639,106.9766,101.0198,95.8541,95.2733,91.6788,92.2822,87.9204,86.2149,81.4678,0.0000,0.0000,0.0000,0.0000,0.0000,0.0000,0.0000,0.0000,0.0000,0.0000,0.0000,0.0000
1700000029.800000,-63.7,100.0450,103.0049,103.0194,109.0413,101.3163,105.5746,105.8017,108.1897,110.1681,113.7717,116.7262,115.7325,118.1271,115.4470,120.3038,117.7200,119.3692,118.5960,119.8708,120.5529,121.1487,120.5529,117.7455,125.0040,125.7179,125.0040,128.9496,128.5496,129.4681,127.2360,125.7179,127.9453,128.1600,121.4331,122.4132,120.5031,116.4818,116.4174,112.8051,115.2085,106.5317,106.5317,102.4207,98.8585,95.7549,91.1976,91.1976,86.0233,86.0233,84.1487,80.7527,76.4853,0.0000,0.0000,0.0000,0.0000,0.0000,0.0000,0.0000,0.0000,0.0000,0.0000,0.0000,0.0000
1700000029.850000,-60.4,95.3363,94.8947,96.5091,100.4490,100.2247,98.4886,102.3572,104.4031,105.6504,106.8925,112.5789,113.8859,114.5862,110.8603,110.4943,116.8674,113.7189,115.8706,112.2542,116.7305,117.6478,115.0043,116.2755,116.9701,119.4738,120.9339,123.1666,121.6553,122.6744,124.0363,120.7477,121.6429,120.7477,120.3412,118.1059,118.3089,113.0885,110.6797,108.1573,104.6948,104.8093,102.1078,100.4390,95.1262,91.4112,88.9550,88.6848,83.2947,84.2140,79.0000,78.1601,73.8241,0.0000,0.0000,0.0000,0.0000,0.0000,0.0000,0.0000,0.0000,0.0000,0.0000,0.0000,0.0000
1700000029.900000,-59.9,95.1262,96.5091,100.8415,102.1078,105.2236,104.6900,107.4663,104.1729,109.2245,112.0045,114.0044,113.0177,114.2147,113.1106,117.1537,117.2732,115.5249,117.4266,116.2497,118.9496,118.9496,119.3650,116.7262,121.8072,124.9520,120.2206,124.9520,126.9212,127.4755,127.6754,125.7657,126.2894,124.1692,123.5840,122.4949,117.4266,119.2057,112.0402,113.0177,109.0000,105.1190,105.0428,101.0198,95.3363,95.5249,90.4268,90.8020,86.5852,86.8332,81.7435,79.7120,76.0592,0.0000,0.0000,0.0000,0.0000,0.0000,0.0000,0.0000,0.0000,0.0000,0.0000,0.0000,0.0000
1700000029.950000,-66.2,100.6032,97.4526,99.0858,102.5914,102.5524,103.9471,105.3613,106.2168,109.0413,108.7060,113.2299,112.2007,114.8564,116.2497,113.4637,117.8855,117.6605,117.1367,115.2476,115.9741,117.1367,120.0667,118.1186,120.3412,122.9837,123.4828,126.2101,127.4755,125.2398,126.1150,121.6553,122.1188,122.6744,122.9675,121.0785,118.5116,113.2078,113.7189,113.4637,109.4029,106.0424,102.4500,104.3504,95.5877,91.2853,87.6812,89.8721,87.0460,84.5044,82.6196,78.8162,76.6616,0.0000,0.0000,0.0000,0.0000,0.0000,0.0000,0.0000,0.0000,0.0000,0.0000,0.0000,0.0000
1700000030.000000,-58.8,96.6282,96.3328,100.0200,103.0437,103.1213,100.0450,108.0046,105.0048,107.1168,108.5587,109.7725,109.5536,114.9826,113.4372,107.7868,118.6971,115.4123,111.8034,113.6002,115.4470,117.9025,114.5600,113.0531,116.4818,122.7233,123.4909,128.3160,121.2972,123.2234,121.2972,125.6344,122.2497,125.1319,124.7397,117.2775,119.8541,116.1077,110.6526,109.6586,107.4663,105.1713,100.0200,101.0000,96.0208,95.0053,89.3588,90.6697,85.8429,84.7231,81.7863,79.1202,70.5762,0.0000,0.0000,0.0000,0.0000,0.0000,0.0000,0.0000,0.0000,0.0000,0.0000,0.0000,0.0000
1700000030.050000,-58.5,94.3398,94.8736,100.0000,99.0454,99.6394,98.4073,102.1763,102.8251,102.6499,108.2451,109.6586,110.3087,110.3087,109.6586,110.3449,114.3372,110.1136,112.8051,110.8016,114.0175,114.0175,117.2007,114.8085,118.1524,118.8108,117.4138,122.0656,120.3703,121.4949,119.8541,120.4201,118.0042,123.6932,118.8486,115.8836,115.6244,112.5389,111.0180,107.5174,106.7755,104.6614,100.5684,97.0824,92.6175,89.8109,85.1469,86.2844,84.0595,83.2406,79.6053,76.1577,70.8378,0.0000,0.0000,0.0000,0.0000,0.0000,0.0000,0.0000,0.0000,0.0000,0.0000,0.0000,0.0000
1700000030.100000,-65.1,99.0202,93.8136,95.0000,99.4032,99.6394,100.0050,101.3163,100.4490,104.6614,104.6518,106.7755,108.3005,108.3005,110.3902,111.1980,110.7520,113.0708,110.2588,112.4144,113.7189,112.2007,113.4637,111.2520,115.3776,118.4314,116.8118,120.1083,118.1524,120.6524,116.8118,118.9832,119.8541,119.8082,117.8007,113.8508,113.8508,109.9864,107.5639,107.5174,104.6614,101.8332,98.9949,99.0858,92.3147,91.0494,84.0238,86.0233,82.9277,80.7094,77.5242,76.4853,72.2357,0.0000,0.0000,0.0000,0.0000,0.0000,0.0000,0.0000,0.0000,0.0000,0.0000,0.0000,0.0000
1700000030.150000,-63.7,92.5743,91.2414,97.1288,96.6488,99.6444,99.0202,101.8332,101.4002,101.2126,105.1190,109.0183,107.9352,110.5351,107.5174,107.5639,112.4322,108.9312,108.2451,111.8660,112.6987,111.9464,110.7520,114.9783,115.8016,116.4002,117.2007,116.2497,119.4027,115.4340,121.2477,115.4210,119.0168,115.8836,116.5161,115.1086,114.3372,110.3902,108.2081,105.3613,99.7046,104.1393,96.9381,97.8366,92.1954,91.0494,84.8116,86.8389,84.5991,82.6801,79.2591,76.0592,70.7743,0.0000,0.0000,0.0000,0.0000,0.0000,0.0000,0.0000,0.0000,0.0000,0.0000,0.0000,0.0000
1700000030.200000,-62.3,97.8621,104.0433,99.9300,103.4456,103.5809,107.4477,106.5129,105.1190,109.0413,109.4897,111.8034,114.9826,117.9576,114.7388,115.4340,117.1537,115.1564,114.1096,120.0042,120.0000,120.0042,118.0381,117.0043,122.2007,123.1990,122.2007,123.4909,124.1451,128.0352,124.1451,125.0360,124.0363,125.0000,122.0041,118.0381,115.0391,119.0378,114.2804,112.6410,107.6708,108.1897,106.0660,101.6071,98.2700,95.1262,88.6002,90.1388,86.9770,87.0919,82.7647,79.1581,75.6637,0.0000,0.0000,0.0000,0.0000,0.0000,0.0000,0.0000,0.0000,0.0000,0.0000,0.0000,0.0000
1700000030.250000,-64.8,98.6154,99.7246,102.2595,108.5035,102.3914,105.9056,103.3247,105.3613,108.6692,106.2544,112.5789,113.2166,112.7209,115.6936,118.4736,114.2366,118.3089,113.2166,116.2970,117.1836,119.8666,121.6429,114.9348,120.9339,123.6649,120.5695,125.3994,123.9435,130.6484,122.1884,126.1150,125.6702,126.2101,121.6429,122.3846,117.7837,116.8674,115.5206,114.1622,113.8420,106.2309,105.3613,100.6628,97.5141,96.3172,90.2552,89.9444,90.2718,83.1505,83.0241,81.0555,76.2365,0.0000,0.0000,0.0000,0.0000,0.0000,0.0000,0.0000,0.0000,0.0000,0.0000,0.0000,0.0000
1700000030.300000,-58.9,91.4166,95.0789,94.4299,97.3088,99.3177,100.1798,98.0051,102.9563,102.0833,104.4462,106.3297,106.2309,107.9120,109.8590,109.5536,111.4002,110.2588,108.2266,109.4806,111.2879,111.3957,114.6909,112.1606,113.2166,115.3646,116.0431,118.2582,117.4564,119.6035,115.4340,116.1034,118.3427,116.5161,112.6144,115.6028,112.8007,112.4144,107.8981,105.6882,101.0198,97.6166,100.2397,95.2943,90.3383,91.7061,86.4060,85.7963,83.2166,80.6536,78.4474,75.5050,72.5603,0.0000,0.0000,0.0000,0.0000,0.0000,0.0000,0.0000,0.0000,0.0000,0.0000,0.0000,0.0000
1700000030.350000,-59.0,96.0208,94.1329,101.7104,96.3328,103.6967,99.6092,101.2719,102.5914,107.2800,108.1712,110.4219,111.5706,112.3610,108.7842,105.9481,118.9286,110.4943,115.5206,107.5407,113.3181,112.7209,116.4689,118.7013,115.3950,118.5327,117.1708,118.5327,123.8911,117.1836,127.4559,114.9348,120.3412,120.8305,117.0000,115.6936,117.7455,112.0089,111.3283,109.7679,104.4031,108.2405,99.0404,102.6109,92.4175,92.5743,89.8053,86.2844,84.5931,84.1487,81.0062,78.0577,74.4312,0.0000,0.0000,0.0000,0.0000,0.0000,0.0000,0.0000,0.0000,0.0000,0.0000,0.0000,0.0000
1700000030.400000,-60.9,93.3809,97.0824,99.8248,103.4795,100.1249,100.4241,100.6032,103.6002,105.4372,107.6151,112.0580,110.2769,110.2769,109.7725,110.2769,114.0614,114.4902,112.7120,113.2166,113.2166,112.2542,115.9526,112.7298,118.4736,118.4736,117.7455,122.3846,118.4736,119.7748,122.0041,118.5327,122.5765,120.3079,118.5327,117.2391,116.8461,113.7409,111.1395,108.2266,107.8981,102.9029,102.4500,99.4887,95.1315,92.0978,87.6926,86.3134,85.6329,83.0963,82.8010,77.2010,73.0616,0.0000,0.0000,0.0000,0.0000,0.0000,0.0000,0.0000,0.0000,0.0000,0.0000,0.0000,0.0000
1700000030.450000,-59.5,96.5660,99.2975,94.9210,99.6243,100.0000,99.7246,101.4150,101.4150,106.3015,107.0794,106.0990,108.5035,110.0273,108.0463,111.1575,110.2225,113.2828,110.1635,112.0402,112.0045,109.0413,115.0043,112.0402,114.0044,119.0000,118.1059,119.1512,118.0381,122.1024,119.0378,115.0174,117.0171,118.0042,115.0174,115.0174,114.2147,112.2853,112.7519,107.5639,106.0660,102.5914,101.0000,95.5249,93.1719,90.7083,87.6413,85.4400,87.5957,81.8596,76.9675,76.0592,72.4017,0.0000,0.0000,0.0000,0.0000,0.0000,0.0000,0.0000,0.0000,0.0000,0.0000,0.0000,0.0000
1700000030.500000,-61.7,94.0000,96.0208,99.3227,101.1237,99.3227,100.4988,101.1187,101.2719,102.5914,102.5914,106.0990,109.8818,108.4159,110.6029,107.2007,109.7315,109.7679,106.2544,115.5206,112.0089,113.8859,113.0885,111.7900,114.0614,117.6860,113.2166,118.1059,115.3950,117.6860,118.5327,117.6860,117.5457,120.3329,116.4560,111.3283,113.8859,111.0000,107.5639,107.2007,103.5809,100.6628,97.7446,95.7079,92.2280,89.6772,85.2878,85.1469,83.1505,81.0062,78.0577,76.2365,74.8131,0.0000,0.0000,0.0000,0.0000,0.0000,0.0000,0.0000,0.0000,0.0000,0.0000,0.0000,0.0000
1700000030.550000,-63.1,95.5877,98.5951,99.8098,100.8018,103.6002,102.4158,104.8618,103.4698,105.6882,105.1523,107.5407,109.7725,110.9414,112.2542,110.4762,110.9820,112.0045,112.0045,110.8603,112.1606,112.8051,114.5862,112.7209,117.9534,115.7670,117.0470,118.9033,120.5031,119.5492,119.6411,115.7670,121.1487,118.4736,114.2366,117.3882,114.6342,113.3181,106.8878,109.5673,105.1190,101.5972,98.9798,97.4166,93.7443,90.4434,85.8021,87.3212,84.3860,81.3449,82.0366,75.1665,74.2024,0.0000,0.0000,0.0000,0.0000,0.0000,0.0000,0.0000,0.0000,0.0000,0.0000,0.0000,0.0000
1700000030.600000,-64.3,95.8593,93.2309,96.6644,99.0051,97.9898,95.2943,101.0742,101.5332,103.4456,105.4751,107.3778,110.3857,108.4666,108.2266,105.4372,110.8016,110.0000,110.6029,110.6345,111.3957,110.8873,113.2166,112.6099,113.8991,114.5513,113.1459,115.3126,118.1397,116.6919,116.7262,115.2779,118.2582,117.1537,115.1086,114.4771,116.0388,110.6029,108.4666,105.4372,102.6255,104.3072,97.4166,96.7471,92.6607,90.3383,85.4283,85.7963,82.8734,80.6536,76.6551,76.1577,72.8354,0.0000,0.0000,0.0000,0.0000,0.0000,0.0000,0.0000,0.0000,0.0000,0.0000,0.0000,0.0000
1700000030.650000,-66.4,94.6256,93.4773,97.9081,96.2549,99.6444,96.7471,101.5332,101.0742,101.9657,101.9804,106.0236,104.9238,108.0787,107.7033,104.9238,108.7842,106.8925,106.8925,108.1573,108.9312,110.4400,111.5706,109.6358,112.5877,113.3578,113.3578,114.7563,115.7411,114.3372,116.7090,114.7563,114.9783,114.9826,114.0175,111.0180,111.6289,110.3676,107.2241,102.6937,99.1615,99.4032,95.4620,95.7079,91.2414,88.6848,84.3801,81.5414,81.2711,81.0247,75.4321,73.0000,70.0357,0.0000,0.0000,0.0000,0.0000,0.0000,0.0000,0.0000,0.0000,0.0000,0.0000,0.0000,0.0000
1700000030.700000,-63.6,99.1564,103.3247,100.4241,104.4845,100.6032,107.6476,104.6231,106.5082,105.6882,108.9082,114.2366,113.2519,112.7120,111.3643,115.8318,112.8051,113.3181,110.1681,115.5206,115.5206,115.5206,119.8708,115.7670,118.4061,122.1229,119.2518,123.4909,122.1229,123.2274,117.4436,122.4132,120.5031,121.4331,120.2082,120.3329,113.0885,115.5206,112.9248,112.4011,112.2586,103.3151,105.1190,100.6479,95.7706,93.8136,92.1141,89.6270,86.4002,83.2406,82.2192,81.3449,77.1557,0.0000,0.0000,0.0000,0.0000,0.0000,0.0000,0.0000,0.0000,0.0000,0.0000,0.0000,0.0000
1700000030.750000,-63.3,111.3239,113.6002,114.1622,121.4331,115.5206,119.9708,117.3882,123.0041,122.5765,119.8541,126.1150,125.6702,126.1784,124.9080,129.6534,130.1730,128.4134,126.7793,134.6180,129.0155,132.4122,132.4387,127.2006,135.0926,133.8432,135.0926,137.6445,139.1761,139.9464,135.7240,141.2091,137.2771,137.0036,134.4024,134.5251,130.6331,132.3065,125.8968,123.5476,124.4227,117.6180,120.7477,112.7298,111.4854,108.8531,102.7862,102.7862,100.5783,93.1719,90.4268,90.7965,87.0919,0.0000,0.0000,0.0000,0.0000,0.0000,0.0000,0.0000,0.0000,0.0000,0.0000,0.0000,0.0000
1700000030.800000,-62.6,99.0051,93.6056,99.8098,102.0049,100.0000,100.8018,100.6876,103.1746,106.7802,106.5317,108.0463,110.9414,112.2542,106.8878,110.4627,110.5712,110.5712,110.1681,111.0721,113.8859,113.8859,112.8938,113.8859,116.2110,116.4818,114.5600,118.6802,121.0372,119.1050,118.1397,115.4340,119.8541,119.8541,115.1086,114.1622,114.1622,111.0721,108.6324,109.0046,103.8701,103.3151,100.6231,97.5295,94.4140,91.4166,88.5099,86.2670,84.6286,82.6196,80.1561,79.9812,73.6614,0.0000,0.0000,0.0000,0.0000,0.0000,0.0000,0.0000,0.0000,0.0000,0.0000,0.0000,0.0000
1700000030.850000,-63.1,93.8616,95.1262,100.4490,100.4490,99.1413,101.7104,100.6032,104.2353,104.1201,105.0428,109.1146,108.0046,109.0413,109.1146,109.0413,113.2166,109.6586,110.5486,110.0273,113.4372,113.2828,113.2828,111.8034,116.2970,116.1034,115.3170,116.1809,118.1271,119.6411,118.1271,115.3170,117.2775,115.1217,114.7563,116.2497,114.9826,111.0180,108.6646,108.4620,104.5801,103.1213,99.0202,98.0204,94.0053,91.0220,85.2878,85.3756,84.3801,83.8630,81.3941,77.8845,72.4224,0.0000,0.0000,0.0000,0.0000,0.0000,0.0000,0.0000,0.0000,0.0000,0.0000,0.0000,0.0000
1700000030.900000,-65.1,96.9330,96.7988,94.8683,100.5684,96.1665,102.8834,98.9545,101.6366,101.4150,102.5914,107.6894,105.9292,106.7942,110.7655,111.6468,111.5437,108.2959,105.2331,111.0405,110.0727,108.0417,111.0045,106.0047,113.0708,113.0398,113.0708,114.0395,114.0702,119.0042,114.0395,116.0043,113.0044,116.0172,112.0045,113.1592,110.1635,111.2879,106.3015,106.6771,104.0865,97.6729,99.0404,93.1719,92.6499,88.0568,86.9770,82.8613,84.1546,78.9240,77.3886,74.9466,75.1665,0.0000,0.0000,0.0000,0.0000,0.0000,0.0000,0.0000,0.0000,0.0000,0.0000,0.0000,0.0000
1700000030.950000,-61.0,111.7229,111.7229,114.2147,118.5622,116.5161,119.4027,119.6328,119.8541,120.1083,117.0470,128.1600,125.0320,131.0611,127.9414,130.1768,126.5622,132.8495,125.2398,133.0150,131.8484,129.3561,132.4009,131.4724,133.4541,133.1353,134.7368,133.1353,134.0821,130.0346,133.7647,133.7946,132.0341,132.9662,132.0341,136.0588,128.6934,130.2690,124.8119,125.2398,124.3262,116.3615,120.9339,111.6468,110.1363,106.6068,102.2008,103.0776,95.6713,91.3510,91.3510,91.9674,86.4002,0.0000,0.0000,0.0000,0.0000,0.0000,0.0000,0.0000,0.0000,0.0000,0.0000,0.0000,0.0000
1700000031.000000,-61.0,95.5667,98.4886,100.8415,101.4347,100.8415,103.8171,104.4797,103.2376,107.1168,105.0428,110.0045,108.0046,112.0000,112.1606,112.1115,110.5486,110.6526,110.6526,114.1271,113.2828,115.1173,113.7717,113.7717,116.1809,117.9025,116.7090,118.3596,117.8813,120.3038,116.4174,114.7563,115.9526,119.6411,115.7325,115.7411,113.4372,113.0000,107.5639,107.6708,105.4751,103.1746,100.1798,98.0459,95.0053,93.0215,89.0505,88.2780,86.3713,81.7435,80.0625,76.9025,74.6324,0.0000,0.0000,0.0000,0.0000,0.0000,0.0000,0.0000,0.0000,0.0000,0.0000,0.0000,0.0000
1700000031.050000,-63.8,100.7174,98.5089,101.2423,101.0445,107.0420,105.1190,104.0192,108.0417,109.1650,109.2932,113.2166,113.5341,114.1271,114.2716,113.1371,116.9017,114.3372,115.3170,113.5077,116.4174,115.9483,114.5600,114.5600,119.5408,119.8541,118.9286,120.8139,121.4907,122.4296,121.7580,117.9534,119.5492,118.6802,121.2972,118.4061,119.1050,113.5077,112.8051,109.0413,105.5462,108.1897,102.2595,101.7104,94.3398,93.3435,90.0500,91.0000,85.0235,84.1487,81.3019,78.9177,76.1577,0.0000,0.0000,0.0000,0.0000,0.0000,0.0000,0.0000,0.0000,0.0000,0.0000,0.0000,0.0000
1700000031.100000,-58.4,98.1275,95.1315,98.0204,101.0050,103.0049,100.0050,101.0198,107.1168,103.2376,104.3072,108.5587,109.1787,109.1787,109.3298,106.0660,110.8197,109.2383,110.4219,109.8818,112.2943,114.3372,108.6692,113.0310,114.5600,114.5600,113.5297,117.3414,118.5960,117.6435,117.7200,115.4470,121.7539,118.1271,114.3372,111.4002,111.9866,111.4630,108.0463,106.0660,103.6967,103.1746,99.0454,98.0051,91.0055,91.0494,86.5794,84.3801,84.7172,81.3941,80.0500,76.6551,70.5195,0.0000,0.0000,0.0000,0.0000,0.0000,0.0000,0.0000,0.0000,0.0000,0.0000,0.0000,0.0000
1700000031.150000,-62.0,101.5332,101.4002,103.8123,106.5082,106.0000,105.6882,109.7725,107.4244,113.6486,111.8034,115.3820,114.4945,116.2970,114.0614,114.6342,120.3329,115.5206,115.1694,118.5960,120.5031,115.7411,119.1050,116.7604,121.7539,118.4061,121.7539,125.6344,123.6932,124.1934,122.9715,123.3694,125.0000,124.3262,122.4132,120.4865,119.6161,118.3089,112.9248,113.2166,109.5901,107.7822,106.0047,102.0833,98.6154,95.1893,93.1933,89.8721,88.0057,85.7963,84.1487,82.0731,75.4321,0.0000,0.0000,0.0000,0.0000,0.0000,0.0000,0.0000,0.0000,0.0000,0.0000,0.0000,0.0000
1700000031.200000,-62.2,105.5888,102.9563,108.1665,107.3778,107.3359,104.8475,108.4066,107.6151,109.3435,110.8873,115.8836,116.1034,116.2755,116.1034,114.6298,119.5199,117.4138,118.1397,113.2784,120.2539,117.7964,120.4201,122.0246,122.2007,125.2517,123.6002,123.8103,127.4127,122.2007,124.6194,124.2014,123.6002,122.4418,122.4418,123.4342,121.0826,118.1397,115.2779,111.0721,109.6586,110.3902,106.3015,107.9352,98.4073,96.8298,89.8721,90.1388,91.4166,85.9593,85.9069,82.0792,78.1089,0.0000,0.0000,0.0000,0.0000,0.0000,0.0000,0.0000,0.0000,0.0000,0.0000,0.0000,0.0000
1700000031.250000,-60.0,99.8098,97.0824,101.7104,99.7647,103.8316,102.2155,100.7025,104.3072,104.2929,108.8118,109.4029,109.0183,110.7520,107.0561,106.9626,112.5389,110.3087,111.7318,108.9312,108.2451,110.3902,114.7693,111.1980,110.7520,115.7454,112.4455,115.4210,118.8486,114.6342,121.6594,111.5213,115.7454,117.5925,114.9783,115.3126,115.3126,111.7318,110.3449,103.2763,105.3803,102.8251,99.3579,100.8960,90.4268,90.4434,87.9204,85.7555,83.7257,83.6481,80.1124,79.3095,73.6817,0.0000,0.0000,0.0000,0.0000,0.0000,0.0000,0.0000,0.0000,0.0000,0.0000,0.0000,0.0000
1700000031.300000,-56.0,96.1301,98.1275,103.0049,103.0049,105.0428,101.0445,103.4843,104.4797,104.8093,108.0463,108.7796,114.1271,111.9866,110.4762,114.1403,112.0892,111.5706,110.6029,113.8859,115.4340,112.9292,113.8859,109.1100,115.5206,116.1077,116.4560,117.9237,118.3089,118.4736,122.0041,118.4736,118.9286,120.4865,118.5960,115.7411,114.0175,112.5389,110.2180,110.2180,105.5462,101.9804,101.1187,99.7246,95.5249,91.3510,88.0511,88.0057,86.0000,83.2166,81.3941,77.4661,72.0347,0.0000,0.0000,0.0000,0.0000,0.0000,0.0000,0.0000,0.0000,0.0000,0.0000,0.0000,0.0000
1700000031.350000,-62.1,95.3363,95.1315,100.0050,99.0051,103.0194,100.0200,103.1213,100.4988,104.5801,104.4797,104.6900,108.0463,110.3177,109.0413,106.5317,108.4159,107.4895,111.0856,107.5639,112.9292,111.6826,111.0000,109.7679,115.1694,115.1086,114.2322,113.0885,117.7455,115.8792,120.3329,115.1694,115.5206,116.1077,113.8420,113.5297,113.5077,111.3239,107.4895,105.1190,102.9612,102.9612,97.1648,97.3242,93.5361,88.6848,88.0227,86.0523,83.0060,85.0529,79.4040,75.9539,71.0634,0.0000,0.0000,0.0000,0.0000,0.0000,0.0000,0.0000,0.0000,0.0000,0.0000,0.0000,0.0000
1700000031.400000,-65.0,100.0200,107.0000,104.1201,109.1146,104.2353,107.2986,105.5746,106.0660,109.1787,108.3420,111.0045,112.8051,116.1809,114.9783,115.2085,116.7604,117.4436,113.8859,118.9286,117.0470,116.0560,119.2686,114.8260,121.4619,122.3846,119.0126,123.0650,120.7684,125.2996,120.8305,123.8588,123.8588,122.3846,122.9309,116.7090,118.9033,116.0560,113.8859,110.6029,108.4159,105.1190,102.5914,101.4347,96.3379,93.6483,91.5478,90.1388,89.0505,85.0059,83.1505,81.2219,77.6660,0.0000,0.0000,0.0000,0.0000,0.0000,0.0000,0.0000,0.0000,0.0000,0.0000,0.0000,0.0000
1700000031.450000,-59.5,104.9238,109.5628,107.2054,109.1100,111.4002,107.5639,110.3540,109.4440,113.5650,116.1034,117.7115,117.0983,116.9658,120.4159,116.5204,119.2057,119.1512,119.1050,119.0000,123.0000,120.0167,121.0165,121.0165,121.4125,123.3288,125.3994,125.3994,126.7754,126.4792,128.3900,126.3210,126.0992,127.1417,125.0000,124.0040,124.0040,119.0000,119.0378,115.1086,112.3610,110.8873,108.5587,111.0180,102.5914,98.8433,93.8616,92.1792,89.5600,90.1388,86.5390,82.3468,78.7718,0.0000,0.0000,0.0000,0.0000,0.0000,0.0000,0.0000,0.0000,0.0000,0.0000,0.0000,0.0000
1700000031.500000,-59.1,97.7548,103.7738,97.0824,107.0747,100.6032,102.4158,103.8557,103.8557,105.1190,101.3163,109.6586,111.0180,113.8464,110.5351,115.3646,110.5351,114.9783,109.3435,113.8508,111.8258,114.6342,116.6062,109.0183,114.2804,115.1086,118.9832,120.1083,118.7266,123.1747,115.7627,118.9832,119.8541,118.2244,117.2007,118.2286,112.4455,110.2588,111.1980,108.5772,108.9771,101.8627,105.3613,98.2904,94.8472,92.9570,89.2020,89.6270,86.2670,83.2166,82.4924,78.2624,76.1577,0.0000,0.0000,0.0000,0.0000,0.0000,0.0000,0.0000,0.0000,0.0000,0.0000,0.0000,0.0000
1700000031.550000,-60.2,96.2549,98.6154,103.8171,105.5746,104.9238,102.2595,106.3015,103.1601,105.5367,107.9352,110.6029,113.3225,114.2847,110.6797,113.8420,113.0885,109.0046,114.5862,113.8464,114.2366,113.0885,113.7189,116.8674,115.8318,118.9664,116.2755,118.9664,121.1982,122.1188,121.6553,118.5327,119.4362,120.8305,118.7013,114.9478,116.4560,115.5206,110.0636,105.9481,107.4477,106.2309,101.1385,102.3914,95.5249,92.2280,86.7006,88.3629,85.2878,85.0000,81.0000,80.3990,74.8131,0.0000,0.0000,0.0000,0.0000,0.0000,0.0000,0.0000,0.0000,0.0000,0.0000,0.0000,0.0000
1700000031.600000,-59.8,97.0824,97.1648,100.6032,100.8415,103.3102,99.5038,104.0433,105.0428,105.0048,108.0000,110.0045,109.0183,114.0175,113.1592,110.1635,113.7453,113.0000,113.0000,110.4762,111.9866,114.7563,115.3170,113.7717,115.1217,119.0504,115.9526,117.4436,118.8486,118.1397,122.7233,120.3038,118.1271,117.6860,116.7090,119.6411,115.4123,117.5160,110.2905,109.2245,104.1201,104.1729,101.0445,100.0050,96.0208,91.0055,89.1403,88.3629,86.7006,86.8850,82.0061,79.0569,76.3217,0.0000,0.0000,0.0000,0.0000,0.0000,0.0000,0.0000,0.0000,0.0000,0.0000,0.0000,0.0000
1700000031.650000,-64.3,107.4151,115.2562,111.5213,113.4548,115.3646,112.5389,115.2779,114.5862,117.4564,117.4564,123.1666,124.7397,124.3262,123.2274,125.2517,127.6401,127.3146,124.2779,124.5552,125.5388,125.1958,131.1259,124.6796,127.9414,128.4134,130.5986,133.7199,133.2704,131.9280,130.6790,133.7236,133.2704,133.7236,132.0984,132.0984,128.4718,126.7793,125.2078,121.0165,116.6062,116.6062,114.6342,111.1980,106.9626,101.9117,100.4092,100.4092,98.3514,92.9570,88.0057,89.5879,83.6301,0.0000,0.0000,0.0000,0.0000,0.0000,0.0000,0.0000,0.0000,0.0000,0.0000,0.0000,0.0000
1700000031.700000,-63.0,100.8464,101.6366,102.1567,104.2161,101.9657,105.5509,106.5505,108.9082,108.3005,111.2205,113.7189,112.4144,114.2847,115.4340,111.6065,116.6619,113.8508,114.3372,116.2755,114.1096,114.1096,116.0000,114.5862,120.2082,120.2082,118.0890,123.0447,122.3479,121.6224,122.3479,120.9669,120.9173,122.4296,120.4159,120.5073,116.3873,114.3372,114.0395,111.0180,108.4666,105.1523,104.3072,103.2473,96.2549,93.9149,89.0505,90.8735,86.3771,84.7585,82.2800,79.8311,78.7718,0.0000,0.0000,0.0000,0.0000,0.0000,0.0000,0.0000,0.0000,0.0000,0.0000,0.0000,0.0000
1700000031.750000,-59.7,106.5270,101.6710,109.8590,108.2266,110.6797,107.9120,111.3059,108.9082,114.7388,115.8361,117.1836,117.6308,116.7776,117.3882,117.7837,119.6161,118.3300,117.3243,117.6435,120.6027,119.8541,120.6027,119.9208,123.9758,123.9395,122.2497,122.3765,127.4755,127.8828,128.8604,124.1974,128.3199,129.0310,123.7619,125.2837,124.6194,120.8139,116.3787,114.9478,114.5862,112.4011,106.5129,103.7882,99.3177,97.5295,93.8136,93.8136,89.0505,87.4185,85.4283,82.7587,80.6598,0.0000,0.0000,0.0000,0.0000,0.0000,0.0000,0.0000,0.0000,0.0000,0.0000,0.0000,0.0000
1700000031.800000,-61.9,100.7025,98.1122,105.5888,102.9563,106.0047,103.3151,104.3887,107.1541,108.6324,111.7900,112.7209,115.7670,115.4340,116.7604,112.5389,115.4470,116.1809,115.7325,113.9517,116.9017,117.0854,120.0708,118.6971,117.6138,122.6907,120.7021,120.5031,122.4091,120.5031,125.2557,119.6035,123.4909,123.9113,119.3650,120.8387,120.8387,117.0854,112.8051,112.5389,110.3540,107.2800,104.6948,100.8811,99.3680,96.5660,93.2309,91.7061,87.2353,85.9593,81.8352,80.2122,75.4321,0.0000,0.0000,0.0000,0.0000,0.0000,0.0000,0.0000,0.0000,0.0000,0.0000,0.0000,0.0000
1700000031.850000,-63.1,99.0202,99.9050,103.3247,106.2168,106.0660,106.8316,106.9626,107.7126,112.0446,109.0183,112.6144,112.6144,112.4144,113.7189,115.3776,112.6810,114.9087,114.9087,112.7697,116.2970,117.2391,115.3820,116.2970,117.7837,118.7013,119.6202,121.0785,123.3086,123.3086,122.3846,122.2497,122.6540,122.5398,120.7477,119.0000,116.2970,113.6002,111.1395,113.3711,111.5168,107.0747,104.8618,100.2098,96.2133,93.4077,89.9389,91.2853,89.1067,83.4865,82.8794,77.8010,77.3886,0.0000,0.0000,0.0000,0.0000,0.0000,0.0000,0.0000,0.0000,0.0000,0.0000,0.0000,0.0000
1700000031.900000,-61.1,90.5538,91.6624,91.0220,94.0213,98.0051,99.0000,95.0210,95.3363,96.1873,96.8762,99.6092,100.1299,103.1601,102.9612,104.5610,100.4390,106.2309,101.1385,105.9481,104.8093,102.6158,104.6948,103.0922,108.6324,107.7033,106.2826,109.3846,110.4943,112.3610,108.6324,111.4271,114.1622,111.0000,108.1573,106.7380,107.2800,107.2800,103.0776,96.7729,100.2247,96.1769,95.7549,93.6483,90.5538,85.2115,81.0062,84.0000,80.0000,78.1601,75.3260,71.4493,68.2495,0.0000,0.0000,0.0000,0.0000,0.0000,0.0000,0.0000,0.0000,0.0000,0.0000,0.0000,0.0000
1700000031.950000,-59.7,101.1385,101.3163,106.0424,108.2312,108.4066,104.6231,103.1746,106.3297,110.9820,107.4244,111.6468,114.1271,115.8318,115.3820,115.3950,117.0000,117.5457,115.6936,116.0560,117.6435,118.5960,117.7200,113.8420,122.5275,119.6411,122.5275,123.6932,125.1719,122.7233,123.2274,121.0372,123.9395,122.5275,120.2082,122.1229,119.8541,117.7455,111.7900,112.8051,110.5712,108.2589,103.7545,103.3538,99.2975,94.8947,92.2822,92.7847,88.7525,86.0523,82.8794,82.7587,78.6448,0.0000,0.0000,0.0000,0.0000,0.0000,0.0000,0.0000,0.0000,0.0000,0.0000,0.0000,0.0000
1700000032.000000,-63.4,104.3504,103.5857,107.4477,108.2312,109.8590,107.6476,107.6151,109.6038,111.8302,116.8461,116.9701,114.0395,117.1836,117.6308,118.5116,124.2337,115.8792,119.6202,115.8792,118.9286,118.6802,120.1665,122.0901,121.8401,122.4132,119.6411,124.3262,127.3499,123.7619,129.4025,123.0163,127.4402,126.8109,124.3101,123.4909,124.4227,121.4619,117.2007,114.4945,110.0182,114.5295,105.5888,108.0463,99.3227,98.1835,95.6922,93.2363,90.7855,90.6863,85.5862,82.8794,82.2010,0.0000,0.0000,0.0000,0.0000,0.0000,0.0000,0.0000,0.0000,0.0000,0.0000,0.0000,0.0000
1700000032.050000,-62.0,98.2700,103.0776,100.6479,107.8239,101.9657,105.9906,102.8834,107.5407,108.7474,108.7842,111.3283,113.6002,113.6002,113.6002,116.4818,113.0531,118.1271,110.1136,116.1034,115.7325,116.7090,117.0854,114.2716,117.7200,121.3425,119.7080,127.8828,120.3536,125.0280,119.7080,124.7798,123.7942,122.0000,121.5977,121.0496,115.7325,117.1537,116.2110,113.3225,110.6797,105.3423,107.7033,100.8464,98.4124,93.0215,89.5545,90.9175,89.3588,82.3772,83.0060,82.4621,75.7430,0.0000,0.0000,0.0000,0.0000,0.0000,0.0000,0.0000,0.0000,0.0000,0.0000,0.0000,0.0000
1700000032.100000,-62.3,97.0000,97.0206,99.2472,102.4890,102.5914,98.7320,103.7545,104.3456,101.6366,105.5367,108.9082,110.4400,110.7249,111.0180,110.0545,111.7900,111.0856,110.3087,111.8928,113.1459,112.6987,115.4123,110.4762,113.2519,113.2519,115.9741,117.0470,115.9655,118.5116,122.8739,119.2015,118.5116,115.7627,115.2476,116.9701,115.4123,114.9652,111.4854,107.1541,104.9238,102.3181,100.9009,99.6243,96.4624,89.8109,87.8009,87.8009,87.8009,82.8734,81.1542,76.1643,75.0267,0.0000,0.0000,0.0000,0.0000,0.0000,0.0000,0.0000,0.0000,0.0000,0.0000,0.0000,0.0000
1700000032.150000,-61.9,82.0366,81.5659,88.0909,86.5563,89.6437,84.6463,86.4002,86.5332,88.4816,94.8736,92.7847,93.1504,93.9415,93.9149,91.3017,98.3870,93.5201,95.2733,92.8493,96.5660,96.3846,96.2081,97.1442,98.6712,97.0824,96.7678,96.4624,100.8811,99.6243,104.6948,99.9300,102.5280,101.8430,101.0198,99.9250,100.2247,97.1700,93.5201,92.1792,88.5494,91.0659,84.3801,86.2844,78.2368,78.8162,77.0065,73.2462,72.1388,70.8378,67.1789,68.0147,64.2028,0.0000,0.0000,0.0000,0.0000,0.0000,0.0000,0.0000,0.0000,0.0000,0.0000,0.0000,0.0000
1700000032.200000,-62.2,98.4124,105.3091,102.7862,102.3181,103.4070,101.2423,100.1699,99.0404,102.6158,104.7378,101.0000,115.9741,104.6900,112.5389,102.7035,125.3236,111.0405,102.0049,110.0000,117.0000,103.0049,114.0000,104.1729,119.6035,123.3288,119.8207,117.8346,124.4869,120.9339,126.4358,125.3994,124.4869,126.3210,112.1115,123.0366,108.0185,121.1033,111.0045,110.0045,112.0402,115.2128,106.6771,98.6154,99.5038,98.1529,87.4757,94.9210,90.9560,89.5600,82.0792,88.0227,75.1798,0.0000,0.0000,0.0000,0.0000,0.0000,0.0000,0.0000,0.0000,0.0000,0.0000,0.0000,0.0000
1700000032.250000,-65.4,93.1933,91.0659,90.5538,91.3017,95.7131,92.5743,93.0376,92.7038,96.9330,96.2081,101.9510,102.1812,103.4456,104.3552,105.6504,104.8093,103.3247,101.6366,103.5857,105.3233,103.9423,106.5317,102.7716,110.8873,106.5317,109.0367,108.6646,110.8873,113.2828,109.0367,111.4630,112.6144,109.6586,110.2180,108.9082,105.0190,105.7592,103.1601,99.6243,101.8332,96.7988,94.3398,94.3398,88.2383,89.0056,80.4984,80.6226,78.8923,76.5506,76.0263,71.7008,69.3109,0.0000,0.0000,0.0000,0.0000,0.0000,0.0000,0.0000,0.0000,0.0000,0.0000,0.0000,0.0000
1700000032.300000,-63.4,102.6158,105.1190,101.3163,108.3744,105.4182,106.7755,108.9312,111.0721,112.6099,108.0741,112.8007,114.6211,116.2497,116.0172,116.2497,117.8855,122.0369,115.1217,116.8461,118.5116,116.9701,117.8346,116.7647,120.3038,120.3038,118.5960,123.4382,126.1428,127.4755,123.0650,124.7798,125.7060,125.2996,121.3136,122.8007,119.3650,118.3385,117.0470,112.4144,111.6065,105.2616,105.1190,105.2616,96.3328,96.8762,90.5538,92.6984,93.0860,85.2760,85.8021,79.0759,78.7718,0.0000,0.0000,0.0000,0.0000,0.0000,0.0000,0.0000,0.0000,0.0000,0.0000,0.0000,0.0000
1700000032.350000,-62.9,100.8067,99.4636,104.5466,101.8676,106.4800,101.1385,107.5174,107.2054,107.5639,110.8603,112.4011,113.2166,113.2166,114.9478,110.9099,117.8346,116.4689,114.2366,114.9087,115.1217,113.3711,117.0470,116.5032,117.4138,120.2082,120.2082,119.0168,122.6132,120.8801,124.8079,119.0378,122.2007,124.2779,121.2023,122.3315,119.3650,117.4777,114.2366,114.5295,107.3546,108.6876,104.2161,103.8701,96.3846,96.7988,91.4166,92.0489,87.0919,87.8635,82.5651,79.5110,77.0065,0.0000,0.0000,0.0000,0.0000,0.0000,0.0000,0.0000,0.0000,0.0000,0.0000,0.0000,0.0000
1700000032.400000,-63.3,102.4597,105.9481,106.0424,110.8603,105.7592,106.7333,107.8703,107.2007,110.8873,110.5486,114.4378,116.4302,117.2092,119.0168,117.1068,117.0043,120.0042,116.0172,123.1990,120.2040,119.1050,117.3456,115.4340,120.3536,120.9339,121.4949,127.0984,124.9520,128.0820,124.9520,127.5774,127.2792,126.7754,124.7878,125.4831,121.4125,119.5073,117.3456,115.1086,114.0000,110.0045,111.0045,106.0424,99.1816,98.6154,94.3663,94.3663,92.7631,89.8220,85.1645,84.4334,78.5493,0.0000,0.0000,0.0000,0.0000,0.0000,0.0000,0.0000,0.0000,0.0000,0.0000,0.0000,0.0000
1700000032.450000,-58.1,101.0198,105.3043,106.3814,109.4578,106.6771,108.7796,109.4897,109.8362,113.4372,113.5077,115.6936,118.6802,118.4061,118.9622,122.4132,119.8708,122.7029,119.2183,121.4907,120.5529,120.3329,122.9309,120.7021,123.9072,126.1428,124.3382,127.9531,127.9531,130.6139,127.9531,128.4445,127.7693,129.4488,126.6491,127.1377,124.3101,123.0325,121.8401,114.5600,116.6619,111.0045,111.9866,107.5174,102.9563,97.5141,96.1873,97.0824,93.0000,89.0056,85.2115,81.8841,81.5843,0.0000,0.0000,0.0000,0.0000,0.0000,0.0000,0.0000,0.0000,0.0000,0.0000,0.0000,0.0000
1700000032.500000,-57.3,100.1299,99.2975,104.5610,101.6366,106.7333,103.8123,105.0809,104.8093,107.9676,110.0545,110.7249,112.0045,112.9248,112.8051,111.0856,117.2007,111.4002,115.8361,112.7697,110.9099,115.8836,116.2970,117.7200,117.3456,121.2642,119.0378,123.8225,125.3994,120.2206,125.7179,114.7388,122.1884,122.1884,119.4069,119.0126,119.0126,117.2007,112.4011,114.0175,108.5035,108.1573,102.2008,102.1078,96.7729,96.1041,89.8053,90.5538,90.1388,88.2043,81.0000,82.0244,75.2396,0.0000,0.0000,0.0000,0.0000,0.0000,0.0000,0.0000,0.0000,0.0000,0.0000,0.0000,0.0000
1700000032.550000,-61.1,100.6876,100.6628,100.8067,104.9238,104.0865,103.9471,104.2353,106.6771,108.2266,106.0189,111.0405,112.0179,112.0402,115.1564,114.0395,112.2185,115.4340,114.2147,113.0000,114.6298,115.6244,117.0983,113.4372,116.7090,119.4362,118.4567,122.3765,119.6411,124.4267,121.5977,119.0504,120.6690,120.5073,121.0620,121.9262,119.9417,116.6190,114.4378,114.1578,112.0045,107.0000,108.0046,102.0196,95.1315,97.4166,91.6624,92.2280,87.8635,85.9069,83.4326,80.0062,80.0562,0.0000,0.0000,0.0000,0.0000,0.0000,0.0000,0.0000,0.0000,0.0000,0.0000,0.0000,0.0000
1700000032.600000,-64.9,102.0686,102.6158,104.0433,105.2093,109.2886,106.7802,107.5407,109.2749,107.8239,111.3643,110.5351,115.8318,117.6308,111.8928,112.1606,116.6190,115.1694,115.8792,118.9622,117.6435,117.0470,118.4061,118.6802,122.4827,124.1934,119.5701,125.5149,124.1974,125.9286,126.9055,120.5405,125.9286,124.4267,123.4909,120.6027,124.6194,118.9286,114.5862,112.9248,111.2340,111.4002,106.9299,107.7868,95.7131,97.1288,91.4166,91.8096,90.2109,88.2327,83.6301,82.0366,77.8332,0.0000,0.0000,0.0000,0.0000,0.0000,0.0000,0.0000,0.0000,0.0000,0.0000,0.0000,0.0000
1700000032.650000,-62.9,103.5761,102.9612,103.8123,105.2616,108.8118,100.9604,109.1100,107.5639,108.8485,110.3087,116.6190,115.8706,116.2970,112.2586,116.7262,118.3385,112.0045,116.6190,117.6605,119.5701,118.7266,118.1524,119.2686,119.6202,120.0000,122.2007,122.0041,126.5069,123.6932,126.2101,122.0041,129.6302,123.7093,122.5887,122.5887,119.5701,118.5116,116.6190,114.5295,113.1768,109.1238,107.3313,105.6030,97.6934,96.0052,90.8240,93.6056,89.4930,87.8009,85.5102,82.4924,78.1601,0.0000,0.0000,0.0000,0.0000,0.0000,0.0000,0.0000,0.0000,0.0000,0.0000,0.0000,0.0000
1700000032.700000,-62.2,101.6514,99.4636,100.1299,100.6231,105.0762,104.9381,102.7035,106.3814,104.1201,108.2266,112.1115,112.0000,112.0000,110.0045,111.0405,115.3516,115.2128,112.1606,114.9826,117.9576,116.6190,113.0000,115.8490,118.2582,121.0165,118.2582,122.1843,119.2393,121.0165,122.3765,124.4588,122.6418,122.0533,119.8207,119.5073,117.4266,117.2092,115.1086,111.1126,107.0047,107.0420,106.0424,101.1237,98.5089,95.7549,91.2414,90.4268,88.7694,87.0919,83.9345,80.9938,76.4853,0.0000,0.0000,0.0000,0.0000,0.0000,0.0000,0.0000,0.0000,0.0000,0.0000,0.0000,0.0000
1700000032.750000,-64.0,97.6166,101.4150,100.4490,103.9663,101.8234,104.6614,103.2763,104.2353,104.8904,105.8915,108.8531,112.8007,113.0044,113.1592,112.4144,114.9087,117.4777,111.8302,116.2970,116.4689,117.8346,117.1836,116.2970,115.8318,118.1059,119.4362,123.0041,120.8305,122.2497,122.6540,123.0041,123.4382,122.5887,120.7477,119.0798,114.7388,118.7013,115.1217,110.1363,109.0000,106.5082,105.6030,102.0049,98.0816,94.9210,90.5538,91.2414,90.5538,86.6833,86.0523,81.0247,77.0260,0.0000,0.0000,0.0000,0.0000,0.0000,0.0000,0.0000,0.0000,0.0000,0.0000,0.0000,0.0000
1700000032.800000,-63.0,101.3903,101.0198,107.3546,107.4244,109.5673,105.1190,110.1454,111.1395,112.1606,116.2110,116.7647,117.6435,118.2244,118.2244,115.6028,119.6328,117.0342,118.8486,115.4340,121.0826,118.3427,120.2830,123.2396,122.3806,123.0447,123.0691,125.8730,130.1384,125.8730,129.4488,121.6553,128.7012,128.7634,123.3288,127.0157,125.6065,121.2106,118.2244,115.3776,112.6055,113.2078,104.9571,107.5407,100.6231,100.1848,95.8541,95.0789,92.4770,88.8876,87.3613,83.5464,77.6466,0.0000,0.0000,0.0000,0.0000,0.0000,0.0000,0.0000,0.0000,0.0000,0.0000,0.0000,0.0000
1700000032.850000,-61.6,96.0469,97.0155,100.2846,100.0200,105.5462,98.9949,102.7035,101.1237,106.2309,107.1681,108.2266,106.1179,110.0409,111.0180,107.0420,111.3643,111.5437,112.2185,112.6410,115.8490,112.8716,113.0000,115.9741,116.5590,120.3536,115.7411,117.0854,119.0504,117.4777,122.0000,117.7115,118.6971,120.3536,117.8346,116.8418,119.3399,117.1068,112.1115,107.0000,107.0047,104.0048,101.0445,102.5914,97.6217,93.6483,89.1067,89.4427,85.5102,83.9345,83.4865,79.6241,70.2638,0.0000,0.0000,0.0000,0.0000,0.0000,0.0000,0.0000,0.0000,0.0000,0.0000,0.0000,0.0000
1700000032.900000,-64.2,102.4744,102.0833,102.6255,104.9571,106.2309,102.3426,108.8118,106.2121,111.8258,110.2588,110.8873,114.0219,117.4564,116.1034,111.7318,118.9286,115.3646,114.5600,115.7454,117.7964,120.3412,121.5113,115.8836,120.0000,122.4418,119.6202,128.8099,126.4911,126.0159,125.4313,124.6315,127.6127,125.7338,125.7338,123.3288,121.0165,118.7939,117.3882,116.0000,113.2784,109.7862,107.0561,106.5270,99.0202,96.6075,90.8020,92.1141,89.1852,89.4427,85.0882,82.6378,79.6994,0.0000,0.0000,0.0000,0.0000,0.0000,0.0000,0.0000,0.0000,0.0000,0.0000,0.0000,0.0000
1700000032.950000,-59.8,105.6220,107.2241,102.2008,109.2016,104.2929,105.7733,103.9423,109.8362,110.4762,110.1681,117.0983,117.6138,118.3427,116.2755,120.1041,117.0171,122.0000,114.0000,122.0656,122.0656,118.1059,121.2642,117.2732,122.6907,125.3994,125.6742,126.7754,126.6689,124.6796,124.7878,126.6689,126.3962,127.1417,124.3262,128.0976,120.0167,124.0040,117.1068,117.1068,116.1077,108.3744,113.6354,104.6900,104.9381,98.4784,95.3415,94.3663,91.7606,86.9770,87.3155,86.3308,80.6226,0.0000,0.0000,0.0000,0.0000,0.0000,0.0000,0.0000,0.0000,0.0000,0.0000,0.0000,0.0000
1700000033.000000,-63.7,101.0050,98.0051,102.0441,102.0441,107.3778,102.2399,104.5801,104.6900,105.5462,109.8362,110.2180,113.5650,109.8818,110.6029,111.3239,117.0470,111.9464,116.3787,114.5862,117.3925,115.8792,114.9478,117.0000,118.5327,119.0126,119.4362,122.5398,125.2398,120.3079,123.8911,122.1556,119.4362,124.4829,120.1541,122.5602,119.6161,117.3243,113.5473,109.4166,107.8564,107.9676,105.0190,101.6366,96.8814,94.2019,92.0706,91.4440,89.2020,89.0056,82.0000,80.2247,78.2624,0.0000,0.0000,0.0000,0.0000,0.0000,0.0000,0.0000,0.0000,0.0000,0.0000,0.0000,0.0000
1700000033.050000,-60.9,106.1508,108.8944,109.1238,112.0446,108.8531,111.8258,110.0000,118.4610,115.1217,113.2078,118.7266,119.5701,121.8031,120.7477,127.0157,123.9072,123.9072,119.9208,124.7878,125.9246,124.7878,125.7179,121.4907,126.8109,128.0820,127.4402,133.2404,129.4025,133.1503,130.6484,130.6024,134.1044,131.5751,132.9662,129.2440,125.5388,125.2996,123.5678,121.6429,120.7477,114.6124,113.0177,107.0701,106.0000,102.9029,98.2293,98.4073,95.1315,93.3809,89.8276,88.4138,86.2149,0.0000,0.0000,0.0000,0.0000,0.0000,0.0000,0.0000,0.0000,0.0000,0.0000,0.0000,0.0000
1700000033.100000,-64.8,101.5480,99.6243,104.4031,105.6030,108.8531,105.6456,108.3744,107.5174,106.0754,112.4500,111.0360,113.1724,116.0000,111.9464,113.4548,117.6138,115.8016,115.8836,116.6062,116.2110,119.0378,118.5116,117.5968,120.1083,124.0202,123.1747,124.4227,127.4245,122.8007,126.4002,120.9504,126.9094,124.8679,124.8079,122.8861,122.2007,118.8486,114.7693,114.7693,113.4548,108.9771,106.1037,103.2376,99.7647,94.8472,93.7230,91.8314,89.6270,87.3670,84.1190,82.2922,78.9240,0.0000,0.0000,0.0000,0.0000,0.0000,0.0000,0.0000,0.0000,0.0000,0.0000,0.0000,0.0000
1700000033.150000,-61.2,101.0000,96.0208,102.1763,106.3015,109.4578,101.8332,105.4751,109.4897,109.4897,112.8051,114.7563,114.5600,114.5600,116.0560,113.6002,119.2183,115.4340,119.8708,114.0175,117.5457,117.5457,119.5073,121.8524,120.3038,123.4828,120.7477,120.3536,128.8255,122.5887,129.2478,120.3038,123.9072,124.4829,125.5388,122.9309,125.3555,121.2642,117.9534,115.1347,112.0892,113.7585,104.7855,108.6830,98.4784,98.0051,94.7629,93.3435,93.0860,90.0000,81.0247,84.2140,77.9295,0.0000,0.0000,0.0000,0.0000,0.0000,0.0000,0.0000,0.0000,0.0000,0.0000,0.0000,0.0000
1700000033.200000,-65.6,104.1777,102.1567,105.1190,104.2353,110.1454,109.1284,108.2266,109.8362,111.7721,112.6144,113.2254,117.4436,115.6028,117.6860,112.8051,119.6035,117.3882,114.5600,116.6919,121.6553,117.4564,119.6035,118.3427,122.4418,123.0650,123.6932,126.2101,123.0650,126.4002,124.6315,123.8467,128.6895,126.2537,123.9879,124.5793,123.2396,119.6035,118.7939,113.1724,111.9464,107.8147,107.8147,106.5270,101.6071,101.6071,94.3398,97.2471,89.5545,89.4427,85.8662,83.5703,80.6536,0.0000,0.0000,0.0000,0.0000,0.0000,0.0000,0.0000,0.0000,0.0000,0.0000,0.0000,0.0000
1700000033.250000,-61.2,98.1275,103.4843,99.9850,104.5610,102.2595,105.3233,103.5857,105.7733,105.0190,107.2054,112.2720,113.5473,112.1606,110.3087,112.0045,114.9652,114.1271,114.1271,114.5295,116.7647,115.8836,116.9701,115.0043,118.9832,119.5701,120.4159,119.5701,122.3315,122.8739,121.7580,120.7394,125.3994,121.8031,119.3650,118.7013,117.3371,120.3079,114.9652,112.3076,110.1681,108.8485,105.1095,103.8171,98.9798,95.2103,90.9560,91.2140,89.8220,85.8429,81.4985,82.1523,79.0253,0.0000,0.0000,0.0000,0.0000,0.0000,0.0000,0.0000,0.0000,0.0000,0.0000,0.0000,0.0000
1700000033.300000,-65.3,100.6032,100.6578,100.6578,106.5270,104.6900,105.3803,106.7942,106.8316,108.3744,109.3435,113.4548,112.6144,115.0000,113.4637,114.0395,116.7647,112.6055,115.1217,114.5862,120.5695,117.6605,118.5960,116.8461,121.6429,119.0000,121.6429,121.6429,125.2398,122.5398,122.5398,123.8911,124.4227,124.5311,120.5695,117.9915,122.6418,119.2686,114.0395,114.0175,108.4066,110.0000,105.7592,106.1508,99.7647,96.2081,92.6337,89.3756,91.8314,86.0233,85.4459,84.2199,76.9220,0.0000,0.0000,0.0000,0.0000,0.0000,0.0000,0.0000,0.0000,0.0000,0.0000,0.0000,0.0000
1700000033.350000,-64.2,102.6158,101.6071,103.1746,109.0000,106.3297,108.9082,106.9439,110.0182,110.9099,112.8051,113.3181,115.5206,113.2961,115.1694,117.0470,119.8541,117.0470,114.5600,121.2972,119.5701,119.3315,119.3315,117.1537,124.6154,124.9520,122.6418,125.9365,126.5899,127.5774,127.5774,126.1150,129.0736,126.9055,125.9286,123.9395,121.5648,120.5405,117.0470,115.7411,113.8420,110.7249,106.7755,107.5407,102.0441,99.7296,97.5295,93.1504,91.8096,89.5879,88.2327,85.4283,80.0562,0.0000,0.0000,0.0000,0.0000,0.0000,0.0000,0.0000,0.0000,0.0000,0.0000,0.0000,0.0000
1700000033.400000,-63.5,99.7246,99.9050,96.8298,103.7111,102.8008,101.0198,100.4390,103.7304,108.1665,104.9571,106.9439,112.7697,114.0614,111.3643,113.1592,114.9652,115.1564,113.3181,117.3925,114.4902,117.7455,118.9286,113.2166,115.8016,120.5031,117.0470,123.4909,121.5648,120.8801,120.6027,124.3262,123.0163,123.9758,118.6802,120.7021,117.3882,113.3181,114.0614,110.9099,112.2943,102.9563,103.5857,101.5480,96.7988,94.0479,89.8109,90.1388,89.3756,87.0000,83.4386,82.9759,77.2010,0.0000,0.0000,0.0000,0.0000,0.0000,0.0000,0.0000,0.0000,0.0000,0.0000,0.0000,0.0000
1700000033.450000,-64.5,98.8989,94.8472,101.0742,98.0051,100.7224,99.1262,101.5480,100.4042,104.8475,105.0000,108.4066,108.7060,110.7520,109.1238,108.7060,114.5600,108.3005,111.0721,111.0721,112.4856,110.3449,111.2879,112.6099,116.6619,117.9237,115.1086,117.6138,119.0168,118.2286,120.2539,115.8836,120.7394,119.7539,119.0042,116.7776,117.4138,112.4856,111.0360,107.5639,104.8904,103.5857,101.8283,102.4500,94.2019,93.4773,91.2688,89.1852,85.2350,84.9706,82.3468,78.5493,75.2861,0.0000,0.0000,0.0000,0.0000,0.0000,0.0000,0.0000,0.0000,0.0000,0.0000,0.0000,0.0000
1700000033.500000,-61.8,93.3006,98.2344,100.4390,103.3683,100.8067,102.7716,101.7104,102.9563,106.9205,107.4663,110.2225,111.0405,107.0047,114.0000,115.0043,112.0000,115.1564,111.1126,114.4378,115.1564,114.2147,115.5249,111.3643,117.3882,120.0708,114.9826,121.3425,120.3536,122.9837,118.6971,120.8139,121.8072,120.5985,119.1512,119.1050,116.0388,116.1077,110.0045,114.0395,111.0180,102.3963,102.3963,98.6154,96.0260,92.7631,88.2950,89.2861,89.1852,84.4808,82.2800,79.7057,74.4312,0.0000,0.0000,0.0000,0.0000,0.0000,0.0000,0.0000,0.0000,0.0000,0.0000,0.0000,0.0000
1700000033.550000,-62.6,102.8397,105.0809,105.3043,108.5035,104.4031,109.0046,110.1681,110.0727,108.2589,110.0182,115.4859,117.4777,117.9915,117.1367,119.5701,119.8165,122.8861,119.2812,119.6202,123.8103,123.2234,124.4026,122.4418,123.3288,124.9640,125.6065,129.3213,129.6341,129.6341,130.5986,128.6895,130.8740,131.2098,128.4562,132.0606,126.1943,124.0363,115.9655,120.0667,116.3615,108.6738,111.3598,103.3151,104.1777,99.7246,94.8683,96.4624,92.6499,91.4440,87.3212,88.9550,82.0244,0.0000,0.0000,0.0000,0.0000,0.0000,0.0000,0.0000,0.0000,0.0000,0.0000,0.0000,0.0000
1700000033.600000,-62.4,105.9292,104.8093,106.1179,108.2959,112.0714,105.0190,110.0000,112.1115,113.0177,114.1578,120.3370,116.8418,118.8276,122.3315,122.1884,122.5765,118.6634,121.2765,123.4544,122.2620,124.1934,125.4193,121.5648,123.9677,127.7576,126.8267,129.0271,130.9198,128.7051,129.0271,129.6919,130.2920,129.4025,126.6491,127.3460,124.7397,122.7844,122.6418,118.8697,118.3765,116.8418,113.4416,108.2959,108.1665,101.0000,96.0052,100.0200,94.1913,93.5361,89.9444,86.8850,81.9085,0.0000,0.0000,0.0000,0.0000,0.0000,0.0000,0.0000,0.0000,0.0000,0.0000,0.0000,0.0000
1700000033.650000,-61.6,100.4390,99.3227,103.9423,103.5857,108.2589,103.7545,107.7033,106.5129,109.9318,111.4271,112.2720,113.2254,114.1797,117.7200,114.8434,118.8781,118.6634,118.6634,115.9181,118.0678,118.3765,117.7115,119.2183,121.6963,122.5887,120.8139,125.3994,122.5887,126.3962,127.3185,122.8007,126.7754,127.0118,122.3315,125.6025,124.3382,122.0000,120.5405,113.7585,112.0892,109.7679,106.9018,107.2241,98.6813,98.0816,95.8541,91.2360,89.8944,90.0500,87.0919,82.8010,77.8974,0.0000,0.0000,0.0000,0.0000,0.0000,0.0000,0.0000,0.0000,0.0000,0.0000,0.0000,0.0000
1700000033.700000,-62.3,99.4786,96.0417,104.0433,101.7890,106.4002,99.6243,103.8557,104.4845,109.1238,109.7133,111.7587,114.5600,114.6298,114.6909,113.2784,118.4441,112.8051,117.0342,114.0175,118.2286,117.4436,120.0000,118.8486,124.8519,124.0363,117.6435,122.8861,125.6423,125.0960,125.6423,120.4326,127.0630,125.6025,125.6025,122.1475,123.4342,117.6860,114.6298,113.8464,108.1897,112.4500,104.6900,108.7060,97.4526,98.2344,94.0479,92.0869,88.2043,84.5991,84.9706,80.6226,78.4347,0.0000,0.0000,0.0000,0.0000,0.0000,0.0000,0.0000,0.0000,0.0000,0.0000,0.0000,0.0000
1700000033.750000,-56.7,97.0824,96.6644,97.3088,103.2473,103.2473,98.0816,101.5332,103.3247,101.9215,107.2800,107.7079,110.4762,109.3298,111.3059,110.3177,112.7519,110.7655,112.6410,116.1077,116.3486,113.1106,116.0043,113.0044,114.0175,120.0667,117.0171,121.0165,122.0656,121.1033,122.0164,121.0041,121.0041,120.0042,122.0656,118.1524,118.2709,116.6190,112.4455,111.1575,110.1681,106.8878,102.9612,103.8123,96.0469,92.4446,89.8109,91.7606,86.1626,82.2922,81.8413,81.1234,78.4920,0.0000,0.0000,0.0000,0.0000,0.0000,0.0000,0.0000,0.0000,0.0000,0.0000,0.0000,0.0000
1700000033.800000,-61.0,101.8430,103.1213,107.0187,105.1095,107.3546,104.2161,109.1284,110.5351,112.5078,111.6468,118.1905,114.5862,117.8898,119.4027,119.4027,122.0246,119.0966,118.5622,116.7776,123.0691,122.6744,125.1759,119.5199,124.5231,125.1759,124.5231,128.9729,131.8939,125.7338,129.7266,130.2997,130.1153,130.1384,127.2871,127.9883,123.1666,121.7539,122.6744,121.8236,114.2147,110.2588,107.2007,108.6002,100.6876,95.4149,96.3846,96.6488,92.5905,91.2853,91.9239,87.2812,81.4923,0.0000,0.0000,0.0000,0.0000,0.0000,0.0000,0.0000,0.0000,0.0000,0.0000,0.0000,0.0000
1700000033.850000,-57.1,98.1835,96.0208,104.0000,97.1854,106.3015,101.1781,104.4797,107.2007,106.5317,111.8034,111.9866,111.8302,113.5077,112.5389,112.0892,119.2686,110.3857,116.1077,111.0856,118.1863,119.2309,118.5116,119.0126,118.5116,121.6429,118.0720,123.8225,128.0156,121.8031,129.4952,119.9542,122.1188,121.6553,123.8911,122.5439,123.4828,119.0126,117.5457,113.6530,108.6324,110.3857,104.4031,106.5692,97.4166,97.4166,95.0789,92.6499,91.2195,88.9550,85.3756,84.0060,78.0256,0.0000,0.0000,0.0000,0.0000,0.0000,0.0000,0.0000,0.0000,0.0000,0.0000,0.0000,0.0000
1700000033.900000,-64.9,47.4236,47.8853,47.7074,46.6476,50.4777,48.8262,49.6488,50.0000,53.6004,51.2250,51.8556,52.4976,55.2268,55.1725,54.4518,55.8659,55.1543,54.4885,54.6717,58.7282,55.9017,58.2580,55.9017,57.6281,58.8982,58.6003,60.6053,62.0081,59.8164,62.0081,56.8507,61.7171,60.2080,58.0517,58.6941,57.2800,56.5685,56.5862,53.9073,51.8556,51.8556,50.6063,52.2015,48.0104,45.7930,42.5441,45.1774,42.9418,43.8634,42.1545,37.9473,36.8782,0.0000,0.0000,0.0000,0.0000,0.0000,0.0000,0.0000,0.0000,0.0000,0.0000,0.0000,0.0000
1700000033.950000,-62.4,100.0050,97.0000,102.3132,101.0792,101.7104,98.5089,103.4070,102.4207,104.3456,105.0190,111.0045,111.5706,111.8258,112.9292,111.0180,114.0175,111.6647,113.6530,114.2366,115.4513,114.5426,115.3950,114.6342,117.1708,119.0126,117.6180,120.9339,121.4331,117.4777,126.1269,123.0041,122.1188,121.2023,121.6429,118.0678,120.0167,115.1564,115.5206,111.6647,106.2544,109.4166,104.4031,103.8460,99.4585,98.2700,91.4112,90.0944,86.9770,86.1452,84.0238,82.0244,78.5175,0.0000,0.0000,0.0000,0.0000,0.0000,0.0000,0.0000,0.0000,0.0000,0.0000,0.0000,0.0000
1700000034.000000,-59.4,85.0235,89.0505,85.0941,90.1998,88.6848,86.9770,91.0824,91.5915,92.9624,93.6216,96.5401,100.1699,99.3277,98.6712,100.2846,103.7401,100.5684,98.0816,99.0051,99.0051,101.9510,103.4698,103.4698,105.5462,106.4378,105.9906,108.2266,111.3643,109.1284,108.2266,106.4519,106.9299,108.0787,105.3091,107.3359,102.5280,101.8430,101.8430,100.5783,99.4585,97.0824,93.1719,89.8220,84.1724,83.7257,81.3941,79.2275,79.0063,78.0000,73.0616,72.3395,68.8840,0.0000,0.0000,0.0000,0.0000,0.0000,0.0000,0.0000,0.0000,0.0000,0.0000,0.0000,0.0000
1700000034.050000,-62.7,103.4070,101.9657,102.3963,106.3814,108.1157,110.0000,109.0046,109.0046,110.1136,110.1136,116.8418,118.0890,118.3765,118.0678,119.3650,118.4567,120.8305,116.9273,120.7849,121.2765,123.4544,121.2972,118.6802,125.0000,125.2517,127.4402,128.7517,127.8124,131.9129,129.4488,127.4402,131.5523,129.1201,128.3160,126.1269,125.1599,122.2620,120.3038,115.7325,115.9181,110.8873,112.8716,106.9205,104.3887,102.1225,96.0052,98.0051,92.1954,92.1358,84.5931,86.5794,83.4326,0.0000,0.0000,0.0000,0.0000,0.0000,0.0000,0.0000,0.0000,0.0000,0.0000,0.0000,0.0000
1700000034.100000,-64.0,99.0051,104.6566,101.3558,107.9120,107.0420,106.5317,107.8981,107.4151,111.4002,111.0405,115.2085,113.4063,117.7964,116.8461,118.3427,119.5199,121.6306,118.8276,118.1905,118.3427,118.1905,124.6515,119.0042,124.3262,122.6744,123.6932,125.8769,128.2264,125.8769,126.5069,126.2537,127.7811,125.3994,123.1666,125.8968,123.0366,121.0165,118.3427,114.2147,114.2147,109.8089,108.6002,105.8017,99.2975,99.0202,93.2952,93.5361,92.5905,86.3308,86.6487,82.5651,82.4621,0.0000,0.0000,0.0000,0.0000,0.0000,0.0000,0.0000,0.0000,0.0000,0.0000,0.0000,0.0000
1700000034.150000,-61.9,99.0404,101.1385,103.4070,102.4890,102.4597,104.7521,106.2309,107.8378,110.0727,109.5673,109.5673,113.3711,115.9741,116.8461,118.8486,119.2686,116.7647,116.4989,116.0172,119.8541,119.0378,122.8007,120.0000,121.3796,128.0625,125.6065,128.9729,128.2225,132.0076,128.3160,129.4681,128.0625,130.2498,127.0039,126.4911,124.6194,121.7580,119.5701,119.3650,118.3385,110.9414,111.3598,105.5462,102.9563,101.2373,94.9210,97.4064,93.4077,92.6499,86.1452,88.8144,84.1487,0.0000,0.0000,0.0000,0.0000,0.0000,0.0000,0.0000,0.0000,0.0000,0.0000,0.0000,0.0000
1700000034.200000,-62.9,100.1798,98.8989,104.0000,101.3903,108.5035,103.4650,106.2544,108.2405,109.6358,114.5600,112.8051,114.5426,117.8855,118.3765,118.2286,122.6907,120.3370,118.6086,117.2732,122.4091,121.0661,122.0656,122.0656,124.0161,126.0040,124.0000,128.0000,123.0163,126.0992,124.0161,125.0160,128.0039,127.1417,126.0992,126.2537,128.3160,124.3262,119.0798,115.2606,113.4372,111.9866,107.2800,111.0856,103.0776,100.4241,97.7190,93.9840,95.2733,92.3093,85.8662,86.8332,79.8812,0.0000,0.0000,0.0000,0.0000,0.0000,0.0000,0.0000,0.0000,0.0000,0.0000,0.0000,0.0000
1700000034.250000,-64.1,101.2126,96.8762,102.5329,101.1385,106.4049,100.6578,105.7592,105.6030,107.2007,110.2089,111.0180,111.7721,114.5862,113.2078,113.0177,116.8461,113.5958,119.0000,114.5426,119.0126,117.2007,121.0785,120.4201,121.6306,122.0041,121.2642,125.2517,125.2517,120.2082,127.1377,122.1966,125.0000,126.4634,126.8464,123.4828,121.6717,119.8666,114.0614,113.3711,108.4066,109.9318,105.6882,107.0701,97.3499,94.8683,94.4034,94.4934,90.6863,88.4138,86.2786,82.4621,80.0000,0.0000,0.0000,0.0000,0.0000,0.0000,0.0000,0.0000,0.0000,0.0000,0.0000,0.0000,0.0000
1700000034.300000,-61.5,100.2247,97.8008,102.1421,101.5332,105.9481,98.3514,106.9299,109.3846,111.8928,113.1592,115.3950,115.4123,115.4123,115.9741,114.6124,122.1147,114.5862,122.1147,115.4340,119.2812,117.6435,124.0363,125.0000,123.4058,127.2006,121.8236,128.0625,133.3042,127.0157,131.2098,124.0161,126.4002,131.2440,124.2779,125.8014,125.0960,123.4909,118.5960,113.6486,110.9414,115.3950,109.1238,109.7725,98.6154,99.0202,96.4624,93.9628,92.1792,93.1719,86.9770,85.2115,80.0062,0.0000,0.0000,0.0000,0.0000,0.0000,0.0000,0.0000,0.0000,0.0000,0.0000,0.0000,0.0000
1700000034.350000,-60.9,97.6934,96.6075,101.9657,104.6566,104.6566,102.4744,104.1009,107.6151,110.1363,110.4355,110.4355,117.0043,115.2562,115.2562,116.5161,117.4564,115.2779,119.0042,115.9655,118.1059,120.2082,119.5533,120.2414,120.4159,122.4296,119.7539,122.6744,127.0157,123.4342,127.0157,122.4949,124.5231,129.4488,123.0366,121.6224,121.6306,120.2414,119.0042,114.2147,114.6342,111.0405,105.8017,110.4355,100.7025,93.8136,91.7878,91.7878,90.3770,89.6939,84.8646,81.7435,77.8781,0.0000,0.0000,0.0000,0.0000,0.0000,0.0000,0.0000,0.0000,0.0000,0.0000,0.0000,0.0000
1700000034.400000,-62.4,94.3027,101.6071,98.7168,105.8915,101.2373,106.0754,105.3613,108.2451,109.2245,105.6456,114.4771,113.4063,115.8016,117.6435,119.2812,117.4777,120.0667,117.1367,122.1188,121.2353,121.6553,119.8666,119.8666,123.5678,127.1220,129.0775,127.4716,128.6934,131.9129,127.4716,131.1030,128.5146,132.9662,127.5813,129.8653,124.3905,124.7798,122.1884,120.0667,120.4409,111.8928,112.5078,107.6151,107.3359,102.3426,95.9635,97.4526,94.3663,93.4345,88.4138,87.9659,80.0000,0.0000,0.0000,0.0000,0.0000,0.0000,0.0000,0.0000,0.0000,0.0000,0.0000,0.0000,0.0000
1700000034.450000,-61.0,102.7716,100.0200,108.1712,107.7033,106.3203,102.7862,112.0089,112.0089,116.0776,114.9478,117.0000,119.7748,116.2970,116.7262,119.8541,121.4331,118.8486,124.6796,121.2023,120.9297,122.0369,124.0363,127.3185,126.0159,132.3065,127.6401,131.4001,133.6001,129.0155,134.4024,130.6675,130.6675,131.4876,129.7999,129.0039,129.4952,122.5439,119.8541,117.6860,115.8706,113.5958,111.8258,111.7900,103.1213,99.2975,98.9798,97.7190,93.6803,91.2414,89.3588,89.1403,82.0061,0.0000,0.0000,0.0000,0.0000,0.0000,0.0000,0.0000,0.0000,0.0000,0.0000,0.0000,0.0000
1700000034.500000,-64.0,95.2733,95.4620,97.7394,102.4597,100.2846,101.5332,100.4241,104.7855,106.7333,108.0602,110.0227,113.7717,111.1575,113.7453,113.7453,112.3610,116.1077,112.1606,114.0175,117.0171,116.0689,120.0042,116.0172,117.0684,121.0165,120.0667,124.0645,122.2620,125.2557,122.1475,125.1439,124.1451,124.0161,125.0040,124.0161,121.0165,117.3456,114.3547,112.6410,113.7453,105.8017,105.5462,102.4207,99.2975,96.5401,92.1792,91.7606,88.8876,86.1626,84.5281,83.2406,78.8923,0.0000,0.0000,0.0000,0.0000,0.0000,0.0000,0.0000,0.0000,0.0000,0.0000,0.0000,0.0000
1700000034.550000,-63.1,98.8585,100.0050,103.9471,101.8627,106.7942,102.6499,105.4182,111.3957,111.3957,113.4063,114.8564,118.4610,116.2110,118.5116,117.5968,125.3994,121.4331,119.0798,119.8833,122.1188,121.8031,124.3382,124.8119,125.9246,127.7693,125.7179,131.4724,132.9662,129.2440,132.9662,126.8464,133.4166,128.8604,128.8604,130.1461,129.6919,127.0157,124.4227,121.0785,118.5116,116.2110,109.2886,113.7189,102.8008,104.0192,95.9010,100.6578,97.5807,96.8762,92.0217,89.6437,83.2346,0.0000,0.0000,0.0000,0.0000,0.0000,0.0000,0.0000,0.0000,0.0000,0.0000,0.0000,0.0000
1700000034.600000,-62.4,93.9042,95.5249,99.9250,102.8397,101.9215,99.7246,100.9604,103.1213,106.8925,109.7725,113.7189,112.7298,114.0614,112.6987,111.8034,116.3615,115.4859,115.9741,114.0570,116.1077,117.4777,118.7266,120.4159,120.2082,127.2006,119.0378,128.4562,125.8014,119.8541,128.8099,122.6418,124.8079,126.2458,122.1147,124.0363,123.5476,120.5695,117.1836,114.9478,113.1592,114.2366,109.9318,106.8925,100.8811,101.5332,95.8019,96.1041,91.5915,89.8053,86.5794,86.2090,82.0061,0.0000,0.0000,0.0000,0.0000,0.0000,0.0000,0.0000,0.0000,0.0000,0.0000,0.0000,0.0000
1700000034.650000,-59.5,96.3846,94.8103,94.8103,100.2397,100.7224,101.2126,102.7278,104.8475,109.2886,106.4002,109.6358,110.6345,112.8051,114.9783,112.0446,114.6909,117.3882,114.5600,118.8276,118.1059,120.2165,118.1059,118.1397,120.8801,125.7338,118.2286,126.5069,126.3725,126.3725,126.5069,123.3288,127.4049,126.5741,123.0447,124.4508,119.5031,119.5031,116.1034,116.1034,112.8051,112.4455,108.8531,104.8618,99.2975,100.1699,93.0591,95.7131,92.1954,88.5664,87.8465,85.0706,80.5233,0.0000,0.0000,0.0000,0.0000,0.0000,0.0000,0.0000,0.0000,0.0000,0.0000,0.0000,0.0000
1700000034.700000,-65.6,101.2719,102.2595,104.3072,107.4663,107.0747,108.1665,107.0000,109.0046,116.0689,112.2853,116.1077,119.4194,120.5985,120.7021,121.1982,121.8236,120.8305,120.4159,121.2765,123.9395,123.9395,124.7237,119.8165,125.8730,128.4445,128.0820,129.9731,130.6024,130.9198,132.5028,131.3202,129.6919,132.2800,131.7346,127.8163,125.6344,126.3012,120.6690,117.5457,116.2497,115.9741,113.9912,108.4620,104.1729,104.1201,96.0000,96.0208,94.1913,90.5538,87.9659,87.0976,82.5651,0.0000,0.0000,0.0000,0.0000,0.0000,0.0000,0.0000,0.0000,0.0000,0.0000,0.0000,0.0000
1700000034.750000,-62.6,95.5667,93.6803,98.6813,102.1421,99.6243,100.6578,101.6366,105.6030,106.9299,107.0420,110.1454,109.9318,115.4340,112.8938,112.6055,119.6202,118.2244,115.0000,114.4771,116.2755,119.9708,117.7964,119.0966,120.9173,123.0691,123.0447,123.7942,127.3106,125.8650,127.3106,125.9365,128.0039,128.0352,126.6689,124.9640,121.3796,118.8486,119.0168,116.4002,112.0045,112.8938,111.2205,105.6882,100.7025,98.4886,97.0618,95.7079,93.6216,90.2497,86.6487,86.8332,80.0500,0.0000,0.0000,0.0000,0.0000,0.0000,0.0000,0.0000,0.0000,0.0000,0.0000,0.0000,0.0000
1700000034.800000,-59.2,98.3107,97.4936,102.8397,103.3247,101.6514,100.0000,104.9952,104.7521,106.9766,111.0721,110.6933,111.8258,116.2970,114.9478,114.4902,118.3385,116.1077,117.4777,116.2110,116.2110,118.7266,118.7139,119.2812,119.6328,121.0165,122.0041,124.3262,127.4402,125.2517,125.2517,121.2106,127.2006,124.2779,124.8519,120.9504,123.7134,120.4159,113.3711,115.9741,113.3711,109.1284,106.4519,106.9299,99.8098,97.4987,91.4166,92.0272,93.3006,89.4986,84.7231,82.4924,80.0062,0.0000,0.0000,0.0000,0.0000,0.0000,0.0000,0.0000,0.0000,0.0000,0.0000,0.0000,0.0000
1700000034.850000,-58.7,100.3195,102.8251,101.4347,106.8878,103.1601,106.7333,108.9082,105.2616,110.7249,111.9464,112.6055,114.7693,115.1564,115.5509,119.2309,115.8706,121.6717,114.4902,121.8031,121.6553,120.7477,124.5311,119.8833,127.4245,124.0202,127.6245,126.2696,126.9094,129.3213,126.5701,131.7270,129.7690,131.0611,128.8099,126.1428,120.7684,125.2996,119.2309,116.8118,116.4560,107.5174,112.6410,105.0809,104.2929,102.3914,94.3663,97.0155,93.5361,90.1998,89.0898,85.0941,80.5047,0.0000,0.0000,0.0000,0.0000,0.0000,0.0000,0.0000,0.0000,0.0000,0.0000,0.0000,0.0000
1700000034.900000,-59.7,102.0049,104.0048,104.1201,107.0747,105.3850,105.4751,110.0273,110.3177,114.2716,114.3372,115.5206,119.3315,120.3329,118.0042,120.2082,123.0325,120.8056,119.2686,120.9049,123.7134,122.7762,124.7878,123.4909,125.2198,127.9531,131.0458,131.9470,131.0458,132.8495,131.9470,130.7823,133.4166,132.7742,128.1600,129.3561,127.2242,129.3561,121.7580,120.2082,118.0042,115.4470,111.6109,110.6345,103.4070,102.2595,100.4988,97.3293,94.0053,91.0055,89.1403,87.3670,85.9884,0.0000,0.0000,0.0000,0.0000,0.0000,0.0000,0.0000,0.0000,0.0000,0.0000,0.0000,0.0000
1700000034.950000,-63.1,101.2373,99.0353,98.5951,101.6710,100.2646,100.8960,109.6221,105.6835,108.1665,108.1665,114.3897,114.5295,114.9478,115.3950,118.1186,119.8666,118.1863,118.1863,116.8118,118.3089,119.1008,123.4909,119.0378,123.0813,125.5747,128.7362,128.7362,131.3202,128.7362,129.4025,127.1377,129.3561,131.1030,125.9246,128.6934,125.9246,122.7721,120.7684,117.1836,115.4123,114.0614,112.8716,110.9820,103.4650,98.2293,97.4526,98.4937,94.9210,91.9674,89.8053,87.7838,83.0060,0.0000,0.0000,0.0000,0.0000,0.0000,0.0000,0.0000,0.0000,0.0000,0.0000,0.0000,0.0000
1700000035.000000,-63.3,99.9600,103.0922,102.2008,105.0809,107.9352,107.9352,106.8878,107.3546,113.2828,113.7453,117.8346,117.2732,121.3343,118.1059,117.0684,122.0041,122.0000,121.0661,120.1499,122.3315,122.1475,124.4026,121.2642,127.0118,128.7634,127.0118,127.5774,127.0118,128.1327,125.1599,127.7693,122.6907,127.6636,127.3931,128.1405,128.0625,122.0164,121.0041,121.1033,116.3486,114.4378,114.6298,108.9036,103.2473,103.2473,98.0612,97.0155,95.3363,92.3472,88.3912,84.0952,83.2406,0.0000,0.0000,0.0000,0.0000,0.0000,0.0000,0.0000,0.0000,0.0000,0.0000,0.0000,0.0000
1700000035.050000,-66.5,107.4663,102.1225,108.1157,109.0000,111.0045,112.0045,115.1564,112.3610,115.4340,116.1077,120.9339,120.8387,120.8387,122.7844,118.2582,123.6932,123.7619,123.2274,125.8730,128.0820,126.1943,129.0271,126.8109,131.4724,131.4724,129.0775,131.4724,135.2479,133.5403,133.7012,135.5581,135.0741,132.2573,130.2997,129.9885,129.9885,128.7362,126.9212,122.7233,118.8781,120.2206,113.9517,113.6002,106.0660,105.8017,100.1798,100.0800,96.0052,94.0213,93.1343,89.4539,82.2253,0.0000,0.0000,0.0000,0.0000,0.0000,0.0000,0.0000,0.0000,0.0000,0.0000,0.0000,0.0000
1700000035.100000,-63.4,100.0050,100.4988,103.9663,105.3613,104.0048,103.5857,108.4666,109.0183,113.6002,111.0180,115.4340,118.7266,119.8874,121.5936,121.4331,122.6744,127.0590,123.0041,121.7415,121.2023,124.3262,125.3994,123.4828,130.0346,130.9733,130.3840,135.5581,132.2573,131.2440,131.2440,133.3304,131.1030,134.8518,131.1831,132.8495,128.3511,127.4755,123.0041,125.0320,120.9339,117.0470,117.1367,111.5168,110.2089,106.6068,98.7168,101.9117,97.0000,94.7523,91.3510,91.2140,86.2670,0.0000,0.0000,0.0000,0.0000,0.0000,0.0000,0.0000,0.0000,0.0000,0.0000,0.0000,0.0000
1700000035.150000,-61.8,84.5931,85.0235,88.0227,86.0000,89.0056,85.0235,89.5600,93.3435,91.6624,94.7629,96.1769,97.4936,96.1041,96.3172,98.2700,99.4585,99.7246,99.7246,98.0816,99.9300,100.8811,101.2423,101.1929,102.5280,104.4031,102.8834,106.6208,111.2340,107.5407,109.0046,106.6255,106.7755,108.6324,105.0048,103.4456,107.2800,102.8834,102.1078,98.4886,97.0824,96.6902,92.3959,91.9239,86.7006,81.3019,78.2304,81.0000,79.0063,78.0256,73.4370,71.0211,67.1863,0.0000,0.0000,0.0000,0.0000,0.0000,0.0000,0.0000,0.0000,0.0000,0.0000,0.0000,0.0000
1700000035.200000,-59.7,90.4268,86.2844,95.9635,91.8368,97.0824,96.2601,94.8103,98.7168,99.3579,103.9663,103.9663,105.3803,104.8904,105.7592,102.6499,111.3957,108.0741,108.4666,105.6030,110.0000,109.0183,111.6065,111.2520,112.3610,114.9087,110.9820,115.9655,118.5116,113.1592,121.4907,114.8564,118.7139,116.8289,116.0388,113.6002,115.4210,112.6144,108.7060,106.4049,103.3925,104.0048,103.2376,102.6499,94.9210,92.3147,87.6185,87.6584,82.9277,86.2844,79.7559,77.8267,75.9605,0.0000,0.0000,0.0000,0.0000,0.0000,0.0000,0.0000,0.0000,0.0000,0.0000,0.0000,0.0000
1700000035.250000,-56.9,98.0816,101.1336,99.7296,107.7822,98.8382,107.0420,105.1523,106.5317,108.4666,109.4029,113.4063,115.8836,116.5161,118.4441,117.6860,118.3427,119.6035,115.3646,123.0447,122.3479,122.3479,123.1097,121.9180,126.3725,125.7338,125.7338,131.8219,126.5069,132.7742,126.5069,129.3213,132.7742,130.9695,124.7397,128.7245,127.2792,126.5741,122.3479,118.3427,118.9286,110.2588,113.4063,107.8007,107.6476,100.9554,97.2471,99.4786,95.7131,90.3383,91.3893,89.1964,82.7103,0.0000,0.0000,0.0000,0.0000,0.0000,0.0000,0.0000,0.0000,0.0000,0.0000,0.0000,0.0000
1700000035.300000,-62.1,104.1729,104.0769,108.0046,108.0046,108.0741,113.1106,112.2853,111.6468,113.7453,114.5862,116.9017,118.4567,122.0246,123.2234,128.8604,121.1652,124.6194,119.3692,128.0820,126.8109,129.0349,127.4716,127.2242,130.0000,133.5403,131.8484,131.8484,133.5403,136.4881,133.0150,129.6187,134.1343,133.7647,132.8157,132.8533,128.0820,129.4025,127.8163,123.0000,124.1491,116.5590,117.2391,108.7796,105.6835,105.1713,98.0204,100.0000,98.1275,91.0879,91.5478,90.4268,85.6154,0.0000,0.0000,0.0000,0.0000,0.0000,0.0000,0.0000,0.0000,0.0000,0.0000,0.0000,0.0000
1700000035.350000,-61.5,97.6166,94.8683,98.4733,102.6255,102.0833,101.2126,101.0742,106.9299,111.0856,109.3846,112.3610,112.2720,114.4902,115.1347,114.1797,117.6308,117.3882,119.3315,119.0504,121.3425,120.0333,121.8236,123.6285,124.6796,126.0198,125.0280,125.2557,124.6796,127.2517,124.4026,128.9961,127.7693,128.1327,125.7657,127.5774,127.7380,123.3572,118.8781,117.3882,116.9273,116.9145,110.1635,111.0180,102.7862,102.4597,95.2733,95.4620,93.0376,92.1792,88.3233,87.9204,81.6088,0.0000,0.0000,0.0000,0.0000,0.0000,0.0000,0.0000,0.0000,0.0000,0.0000,0.0000,0.0000
1700000035.400000,-63.9,96.7729,95.2733,98.6712,106.3203,104.4031,105.0809,103.0776,104.7855,108.0602,109.8362,111.9866,113.1371,113.7453,116.7262,114.8564,118.2709,122.2620,117.2732,121.0165,122.0041,120.0042,122.0041,118.0042,122.2620,127.1417,125.1439,126.2537,128.3160,126.1428,126.2537,127.0630,126.0635,128.0000,128.0039,124.0645,124.1008,122.4091,120.5985,117.3882,115.1173,114.4246,111.8034,104.1393,104.0481,104.8093,95.6033,93.6056,91.0824,89.5545,86.7640,90.0500,80.9938,0.0000,0.0000,0.0000,0.0000,0.0000,0.0000,0.0000,0.0000,0.0000,0.0000,0.0000,0.0000
1700000035.450000,-62.4,98.9949,102.4890,100.1798,106.3015,106.1179,109.0000,110.0727,112.0714,113.1592,110.2905,114.2804,117.8346,122.6907,121.1982,125.2996,123.3572,123.5557,123.2234,123.6932,125.6344,125.1599,126.1269,122.2620,128.3900,127.7811,130.2920,133.4541,131.5523,133.4616,133.4616,132.2800,129.4025,132.2800,130.4952,131.9394,125.1719,127.4755,125.6025,121.1982,121.8072,113.4416,114.3547,113.1592,105.0000,101.0050,100.0200,96.3328,94.3398,92.9139,89.1067,87.8009,85.7030,0.0000,0.0000,0.0000,0.0000,0.0000,0.0000,0.0000,0.0000,0.0000,0.0000,0.0000,0.0000
1700000035.500000,-60.4,87.8635,90.4710,88.7694,96.3016,92.7200,92.0489,94.2444,93.6376,98.4886,96.3846,101.6366,106.4519,106.8925,106.9439,108.4066,106.0000,108.4528,104.6231,108.1665,111.0180,108.7244,107.2007,108.8118,111.8258,111.4002,112.2007,113.8508,115.1086,120.2539,116.5161,115.4210,119.4738,116.4002,112.6055,114.0395,111.2205,107.3778,108.3005,106.0660,107.8239,100.6479,100.1798,97.5756,91.3893,91.0000,84.4334,86.9770,86.1278,80.7775,77.1038,76.6551,74.0000,0.0000,0.0000,0.0000,0.0000,0.0000,0.0000,0.0000,0.0000,0.0000,0.0000,0.0000,0.0000
1700000035.550000,-64.9,97.0000,99.7246,108.4666,105.6456,107.2986,100.0050,107.8007,108.6002,112.8938,114.5862,118.8486,119.8874,119.5701,121.6553,118.9664,124.3905,119.1008,123.1666,120.9049,125.2517,124.7878,129.0271,125.5906,128.5768,128.4445,131.3202,130.0000,129.0310,129.8384,126.8464,130.9695,129.8076,132.5632,131.7346,129.9731,132.8157,126.8109,126.6491,123.4909,123.4909,118.5960,116.4689,114.9652,108.6738,105.5462,103.5857,100.1699,96.5194,95.6922,89.2020,93.4345,84.2912,0.0000,0.0000,0.0000,0.0000,0.0000,0.0000,0.0000,0.0000,0.0000,0.0000,0.0000,0.0000
1700000035.600000,-61.1,94.3663,96.7471,100.4042,101.3163,102.0784,102.0784,104.0000,105.0190,109.0000,106.3814,110.4536,113.8640,115.1173,117.3882,118.3765,115.9181,119.6411,119.4362,118.6634,116.9273,120.3038,123.2234,119.5701,122.0656,126.5306,122.7110,125.8730,127.2006,127.7811,126.5306,129.1201,128.5768,128.0625,127.1220,123.3572,122.3765,119.0504,119.6829,117.2391,116.8418,110.1635,106.1697,105.3043,100.0050,100.0200,96.1301,94.3398,92.9139,88.9550,87.1321,80.0500,80.3243,0.0000,0.0000,0.0000,0.0000,0.0000,0.0000,0.0000,0.0000,0.0000,0.0000,0.0000,0.0000
1700000035.650000,-61.7,94.2550,96.3172,99.0404,104.5610,101.1187,107.6708,105.1713,109.1650,111.0721,109.0046,119.0168,115.0043,118.0169,118.1059,119.2686,119.6035,122.6907,118.9496,121.6553,121.6553,121.2023,122.0246,118.4567,124.9520,128.6546,129.0736,131.4724,130.5067,130.7708,131.4724,130.4952,131.4724,128.8604,128.0820,126.3012,128.7245,128.0039,122.5887,120.3370,120.4159,115.1564,116.0689,112.0179,105.0000,104.0192,98.1835,101.3163,96.8762,95.3520,91.9239,88.8876,85.4400,0.0000,0.0000,0.0000,0.0000,0.0000,0.0000,0.0000,0.0000,0.0000,0.0000,0.0000,0.0000
1700000035.700000,-60.9,93.4077,95.0000,95.6922,99.0202,100.4988,98.9798,101.1187,101.9657,106.0047,106.6208,111.7900,110.6797,113.2254,114.1797,113.2166,113.2254,117.0470,112.0892,118.1271,117.9025,120.8305,117.9025,114.9348,122.9187,123.1787,120.0708,127.1417,127.4245,127.4245,124.1692,124.4588,127.4245,125.7179,124.7397,123.9395,119.1008,121.0496,119.8165,117.4436,114.4814,107.8378,111.7900,107.3359,102.5524,99.7296,94.8947,96.1769,92.2822,89.8888,87.0919,86.2149,84.9588,0.0000,0.0000,0.0000,0.0000,0.0000,0.0000,0.0000,0.0000,0.0000,0.0000,0.0000,0.0000
1700000035.750000,-62.3,96.6644,98.4886,98.1122,99.6444,102.0784,101.5135,100.8018,101.4150,107.0561,109.1238,112.6987,113.8464,114.5513,114.5513,116.7262,117.6860,116.5161,113.7014,116.8247,120.0000,120.6027,120.4326,119.0378,122.3193,125.3635,124.0202,127.2635,128.2809,126.5701,125.5388,127.8828,132.0757,129.5415,127.3146,128.4562,122.8861,121.2106,119.9708,118.4441,116.2755,110.4536,111.0360,108.1897,103.3247,99.7246,94.8472,96.5401,96.8298,90.9725,89.8888,87.2353,83.3847,0.0000,0.0000,0.0000,0.0000,0.0000,0.0000,0.0000,0.0000,0.0000,0.0000,0.0000,0.0000
1700000035.800000,-60.9,94.8683,96.3016,98.4886,100.2247,100.2247,101.4347,104.3887,106.3814,108.3744,109.1146,112.1115,114.0044,114.0044,113.0044,114.1096,120.2664,117.3456,118.1524,117.7200,116.7262,116.8418,122.3315,121.6553,120.4159,123.6285,123.3572,124.7397,126.9212,125.7657,128.2654,128.2654,127.2831,127.9062,126.0198,126.7754,126.1507,122.4091,118.1524,116.0043,114.0175,116.0043,110.0727,108.1665,104.3072,98.5089,94.4299,95.0368,94.3663,92.6499,88.8876,86.9770,82.8553,0.0000,0.0000,0.0000,0.0000,0.0000,0.0000,0.0000,0.0000,0.0000,0.0000,0.0000,0.0000
1700000035.850000,-64.2,92.7847,93.1504,97.0824,100.6231,98.4886,101.6366,96.0052,103.7304,104.4031,105.0809,107.5639,110.3540,110.6345,112.3788,112.5877,111.4630,112.4500,111.0180,115.4340,115.6244,114.6298,120.5031,112.3610,120.0375,120.1041,121.0372,125.0160,123.0163,125.0040,124.0161,123.0366,124.0363,124.1008,121.1487,121.8072,116.5204,117.5160,114.9826,112.6144,113.6002,106.3015,106.5129,101.4150,97.9847,99.0404,93.6056,88.7694,91.3893,84.1724,87.2353,83.7257,80.7094,0.0000,0.0000,0.0000,0.0000,0.0000,0.0000,0.0000,0.0000,0.0000,0.0000,0.0000,0.0000
1700000035.900000,-65.2,91.0220,90.0056,98.0204,98.1275,101.1781,96.1873,97.4166,101.2719,105.3803,105.7213,106.7333,111.3239,113.0531,113.0531,109.2016,112.6410,114.4902,113.5473,114.4902,115.3170,116.8118,116.0776,118.1863,120.3038,122.6540,121.2023,124.7798,124.3382,125.6702,127.0590,126.2101,126.6254,129.3561,123.5678,122.0041,120.9049,117.1751,114.8260,113.2254,112.6410,110.6029,105.2616,107.4895,97.4936,99.1413,91.7878,90.5538,91.1976,91.0879,85.0059,83.2166,79.9062,0.0000,0.0000,0.0000,0.0000,0.0000,0.0000,0.0000,0.0000,0.0000,0.0000,0.0000,0.0000
1700000035.950000,-62.1,96.3016,98.9545,103.2473,101.4347,102.9563,102.2595,106.7942,109.6586,108.2959,113.1106,114.0044,116.0172,116.0043,116.1077,114.0702,121.2642,114.2804,118.6086,118.8276,121.5936,121.5936,122.0533,121.0620,123.3572,125.6025,122.8088,127.5774,129.2478,125.6025,128.8914,122.8007,128.2692,126.5701,128.6585,128.2498,127.2517,122.1475,118.0042,118.0000,113.0044,116.1551,109.3709,109.4578,101.9657,99.2975,94.7259,95.1262,92.3472,94.2550,86.9770,83.2586,82.2982,0.0000,0.0000,0.0000,0.0000,0.0000,0.0000,0.0000,0.0000,0.0000,0.0000,0.0000,0.0000
1700000036.000000,-59.5,92.0978,89.6437,96.2133,96.2601,94.5780,99.5691,100.7025,99.4786,100.7224,105.1190,103.3538,110.4943,110.4943,112.0045,109.3846,113.2166,110.0545,112.8938,114.5600,114.2847,113.0531,115.2085,113.3225,117.9025,118.1271,115.7325,119.0504,122.1843,121.0165,121.2023,117.6860,121.2023,119.8541,121.0496,120.7849,118.6802,117.9534,112.0089,112.0089,109.4440,108.0787,103.4698,102.5524,96.2549,90.7855,92.1358,91.3017,85.7555,85.1469,82.0061,79.3977,76.3675,0.0000,0.0000,0.0000,0.0000,0.0000,0.0000,0.0000,0.0000,0.0000,0.0000,0.0000,0.0000
1700000036.050000,-61.1,96.1769,98.9798,101.7890,102.3426,103.4698,103.4698,105.8017,105.8915,107.9352,116.7776,111.0180,114.5600,114.5862,118.8276,118.8276,119.0966,114.2147,119.8541,117.6138,118.4061,122.0041,125.2078,122.6418,126.2458,123.4909,125.1958,130.1730,133.9888,129.4952,130.5105,127.3185,133.4054,131.4876,127.6401,126.6057,129.0155,125.6025,123.6932,120.2539,114.7693,116.7776,111.8034,111.0180,104.0048,104.1393,100.0050,100.0000,96.0208,94.5780,89.5879,88.1022,86.0058,0.0000,0.0000,0.0000,0.0000,0.0000,0.0000,0.0000,0.0000,0.0000,0.0000,0.0000,0.0000
1700000036.100000,-60.3,86.0058,83.1926,87.8180,87.7097,87.8180,85.4400,91.5260,91.5260,94.6256,95.0000,103.7111,101.3163,101.3163,103.2763,98.4124,106.7755,101.8234,104.6614,103.2763,101.8332,107.4895,107.5639,107.5639,108.7060,110.7520,106.5270,111.2879,116.2755,112.8051,115.6244,112.6099,112.4856,115.2606,111.0721,115.2606,110.3902,108.9312,106.4049,105.1190,102.6158,98.6002,96.2601,97.6371,87.9830,88.8369,85.0000,84.0952,83.0060,81.1542,77.1622,72.7324,69.8570,0.0000,0.0000,0.0000,0.0000,0.0000,0.0000,0.0000,0.0000,0.0000,0.0000,0.0000,0.0000
1700000036.150000,-63.1,97.5295,100.3444,100.1699,101.7890,106.6068,105.8017,103.0776,108.4666,112.6987,108.9036,113.1724,118.1059,118.3427,118.3427,117.5160,119.4738,120.2539,120.2539,124.4026,121.0165,122.6418,124.2578,121.7580,126.7793,127.6245,130.1730,132.0984,130.3610,131.8825,133.6001,130.6331,131.5485,130.6331,131.7460,129.7999,129.0349,127.6401,123.2274,120.1041,119.8541,116.1034,112.5389,113.8640,104.6900,103.2763,99.2472,98.7168,100.2646,92.8009,94.3398,88.5889,83.6720,0.0000,0.0000,0.0000,0.0000,0.0000,0.0000,0.0000,0.0000,0.0000,0.0000,0.0000,0.0000
1700000036.200000,-61.4,97.5141,100.7174,105.2236,103.2473,106.7052,104.1393,107.2007,107.7033,110.6797,112.5789,114.4902,114.8260,119.2686,117.0000,119.0126,123.0041,119.8541,121.6429,122.1188,122.1884,123.0650,124.6796,122.6744,126.2458,123.4909,122.1147,129.2478,133.4054,130.6675,130.0961,131.0267,136.1910,134.4619,131.6093,126.1784,129.2478,124.8119,120.1541,120.1541,116.8118,117.1751,111.7900,110.3676,104.5466,101.6514,98.2700,97.8621,94.5410,94.4299,87.2066,86.0058,80.2247,0.0000,0.0000,0.0000,0.0000,0.0000,0.0000,0.0000,0.0000,0.0000,0.0000,0.0000,0.0000
1700000036.250000,-60.3,89.0225,92.1358,94.7629,97.0155,97.3242,98.0612,97.0155,101.3903,104.4031,108.8118,109.4166,111.3283,110.7249,111.4271,109.9318,116.2970,111.8258,113.7189,114.5295,114.6124,115.1043,115.6028,115.6028,119.5701,122.1147,115.9655,123.1463,128.1405,121.7580,124.2578,121.7580,121.4907,125.9365,122.6418,120.5695,119.0798,118.5116,112.7298,110.5712,109.6586,106.2309,102.8834,105.1095,97.7190,97.7190,91.4822,93.1451,90.4710,88.9550,84.3801,81.0247,76.0066,0.0000,0.0000,0.0000,0.0000,0.0000,0.0000,0.0000,0.0000,0.0000,0.0000,0.0000,0.0000
1700000036.300000,-62.8,97.0464,97.6166,101.3558,106.0000,106.2544,104.8618,106.2544,109.0183,106.9626,116.7776,116.1034,116.0431,118.8024,118.1905,120.2414,122.0246,122.1475,121.3796,123.2274,128.8099,124.0161,125.0000,125.8014,128.1600,129.7999,129.2478,129.0039,132.4009,136.7516,133.9888,132.4009,137.2953,136.1800,132.8796,133.8096,130.8740,130.0961,124.7397,121.1652,119.7539,116.7262,114.5600,113.8640,108.2081,106.9626,102.4500,98.4073,96.6075,93.4933,93.2952,89.4707,88.7694,0.0000,0.0000,0.0000,0.0000,0.0000,0.0000,0.0000,0.0000,0.0000,0.0000,0.0000,0.0000
1700000036.350000,-60.5,95.5196,94.2550,99.4585,103.3247,100.0200,99.8248,103.7545,106.2121,109.0367,108.3744,115.2779,113.0708,115.0174,118.0042,118.0042,119.1050,118.1059,115.1086,119.3399,120.3370,119.3399,122.5887,115.7325,124.3382,124.7798,124.7798,128.6546,126.6965,129.2478,126.1150,125.6025,124.6154,127.4245,125.1599,124.5793,123.5840,122.9187,120.2664,115.1564,115.1086,109.0046,112.0045,109.0183,101.3163,100.4042,96.8762,97.1648,91.0055,88.4590,86.1278,84.1190,82.0792,0.0000,0.0000,0.0000,0.0000,0.0000,0.0000,0.0000,0.0000,0.0000,0.0000,0.0000,0.0000
1700000036.400000,-62.7,93.6002,97.4526,99.2472,101.5332,103.2763,103.2473,107.5174,106.2168,109.4806,109.6358,114.6342,115.2085,119.0378,116.7647,118.1905,121.5936,120.9339,120.0667,118.9664,123.4382,123.4382,122.2497,123.4828,128.6934,127.1220,125.0040,127.2242,131.1030,131.3202,132.0341,131.3202,134.4619,133.5403,129.7690,129.7690,125.2398,127.9414,123.5476,120.9339,118.5960,118.1905,111.5168,113.7189,109.6221,104.2017,98.4073,99.3579,94.9210,95.4620,89.1403,89.2020,84.6286,0.0000,0.0000,0.0000,0.0000,0.0000,0.0000,0.0000,0.0000,0.0000,0.0000,0.0000,0.0000
1700000036.450000,-60.7,98.9798,98.7168,99.9250,99.8248,105.2236,101.8332,107.6708,105.3043,112.1606,115.0174,118.0042,122.1024,120.0667,119.2686,119.1512,124.3262,122.5887,122.9187,120.2082,125.1599,125.6025,123.6285,126.3012,126.9055,129.7575,128.0625,128.0625,129.7575,129.7575,127.0945,128.0976,129.5222,125.3196,129.2478,127.0984,128.7245,128.4134,124.9040,123.6851,118.3427,119.1050,115.0695,112.0045,108.0000,102.0784,102.1763,100.4988,101.1187,97.4936,90.6090,89.8443,84.8646,0.0000,0.0000,0.0000,0.0000,0.0000,0.0000,0.0000,0.0000,0.0000,0.0000,0.0000,0.0000
1700000036.500000,-61.4,94.2550,93.1451,98.0612,103.1601,99.1413,101.2719,102.3963,105.3043,104.3072,109.0046,112.0045,113.0177,118.1059,118.3427,118.2709,118.9496,123.0447,117.0983,120.8387,123.7942,120.8387,124.3382,121.0496,126.1269,128.0625,128.0625,132.5632,129.6919,132.8533,129.6919,130.7708,131.3202,129.7575,130.4952,129.6341,126.1150,124.3382,120.5073,123.6285,120.0708,115.6244,115.3516,112.2853,108.0185,98.0204,97.0206,98.1835,96.4210,96.3328,89.9444,88.0738,84.1190,0.0000,0.0000,0.0000,0.0000,0.0000,0.0000,0.0000,0.0000,0.0000,0.0000,0.0000,0.0000
1700000036.550000,-64.0,87.7269,88.6172,93.2363,89.4986,96.4002,95.6033,94.6678,98.6154,96.2549,101.5972,102.4744,104.6518,108.6876,105.5509,105.3091,109.4440,108.8485,105.6882,109.4166,109.1100,108.8118,111.6826,109.8954,113.7805,115.4470,112.8051,119.1008,122.2497,117.1537,118.1271,116.2110,117.3882,117.3882,116.7604,112.6410,115.7411,112.8938,109.7862,110.8603,105.8489,107.3546,101.0792,100.1848,95.2943,91.7878,88.3233,88.8369,85.9826,85.0000,78.7464,77.7817,76.5768,0.0000,0.0000,0.0000,0.0000,0.0000,0.0000,0.0000,0.0000,0.0000,0.0000,0.0000,0.0000
1700000036.600000,-61.5,96.8349,96.2133,100.2646,101.5332,103.2763,99.0051,101.9117,104.6900,107.5174,107.2986,112.1606,113.4063,115.8016,115.2085,114.6211,119.2812,116.5032,117.8898,113.2078,117.4777,119.5701,122.9675,120.9339,121.2023,127.0590,120.7477,124.7798,128.4134,126.5622,130.1768,123.9435,128.5029,128.6313,127.0945,126.4911,125.6423,120.3703,120.3703,117.8007,113.8508,109.8772,106.2168,108.4666,101.1187,96.1769,94.9210,93.7230,91.2140,91.8368,84.6286,83.3547,82.3468,0.0000,0.0000,0.0000,0.0000,0.0000,0.0000,0.0000,0.0000,0.0000,0.0000,0.0000,0.0000
1700000036.650000,-62.1,97.0824,96.5194,98.8585,104.6900,102.9612,102.1812,103.3683,108.6692,107.7033,111.3194,114.1622,112.3610,117.7455,118.8486,119.1008,119.8666,120.7477,121.6553,118.3385,120.8305,125.2996,123.8225,122.9675,127.3146,129.5415,126.1943,131.7460,134.0336,131.0153,134.0336,127.0276,134.2386,131.1869,129.5415,129.8499,130.3610,126.2696,124.4227,122.5439,117.1708,115.8706,112.7298,115.4513,106.9766,105.1095,97.7190,98.3717,97.5295,94.3663,90.6090,89.8053,85.0059,0.0000,0.0000,0.0000,0.0000,0.0000,0.0000,0.0000,0.0000,0.0000,0.0000,0.0000,0.0000
1700000036.700000,-61.9,101.5332,99.4032,103.4698,104.0096,107.3778,105.3091,107.9120,109.1238,111.8258,115.4513,117.2732,119.7748,122.4296,119.5408,119.5408,123.9395,122.7844,123.6932,122.7844,124.3382,125.1719,125.7657,126.3012,128.0039,124.7798,127.1417,123.6851,121.6963,122.5887,121.6963,122.0533,121.9262,120.5073,125.1319,123.7942,127.7380,129.8384,123.6932,123.2274,122.9715,119.1050,115.5206,115.4340,108.5035,109.0046,103.2473,102.5524,98.4124,98.6154,95.4149,93.7443,85.7963,0.0000,0.0000,0.0000,0.0000,0.0000,0.0000,0.0000,0.0000,0.0000,0.0000,0.0000,0.0000
1700000036.750000,-58.2,76.5506,75.5844,79.0759,77.3692,79.8311,78.9177,81.3941,81.7435,85.3756,84.0952,84.0952,88.0057,86.0000,91.0220,89.0056,92.0489,92.1954,92.2659,91.3510,91.6624,92.3472,95.7549,92.7793,96.1041,98.0612,97.8621,99.4636,100.8067,99.0404,99.4636,97.4936,102.1078,100.6032,96.8762,100.3195,97.4166,95.6347,92.4392,94.1913,92.0489,88.0057,85.0059,83.0241,78.0577,77.3175,73.5527,72.8354,70.4060,70.2140,67.6831,63.6003,62.3939,0.0000,0.0000,0.0000,0.0000,0.0000,0.0000,0.0000,0.0000,0.0000,0.0000,0.0000,0.0000
1700000036.800000,-60.0,90.7965,90.6090,91.7823,101.1385,99.2018,98.0816,101.8430,99.9600,102.1567,105.8489,110.9820,113.5958,114.4902,110.9414,114.6124,113.7409,114.5862,116.2110,119.6202,117.6435,116.2110,122.0041,115.8016,121.3796,121.3796,119.9708,125.2557,124.5793,125.8730,129.4488,128.3160,127.5618,128.6895,124.6315,125.6025,123.2274,122.2007,121.4949,116.7647,116.2110,109.0780,106.2309,111.1395,105.5888,99.2824,94.8472,94.3398,94.3398,91.0824,91.2140,83.7437,81.4985,0.0000,0.0000,0.0000,0.0000,0.0000,0.0000,0.0000,0.0000,0.0000,0.0000,0.0000,0.0000
1700000036.850000,-65.7,96.0469,99.2472,98.4784,105.5462,101.4938,100.9752,100.3195,106.1179,110.0045,110.0045,112.0179,114.0000,114.0702,117.1068,118.1524,116.4302,120.4159,114.8564,121.1982,121.6553,121.3425,123.3572,121.6553,122.5765,129.8769,123.7619,130.4186,129.0736,130.0500,128.6546,129.8769,128.6546,130.2306,126.5899,127.1417,124.6796,121.2642,121.0041,120.0000,118.0169,113.1106,109.1146,108.2959,102.4890,101.4002,98.0051,97.4936,91.7823,91.6788,87.9318,84.1724,80.5295,0.0000,0.0000,0.0000,0.0000,0.0000,0.0000,0.0000,0.0000,0.0000,0.0000,0.0000,0.0000
1700000036.900000,-59.9,94.7259,96.5401,95.3363,100.9604,103.8460,101.1929,101.8430,106.5129,107.7033,106.4519,112.6987,112.7120,115.1043,115.9741,116.8461,116.4689,121.0785,119.5701,118.1524,119.8541,119.2812,123.8103,118.8108,121.5113,126.4002,124.4709,129.3213,127.0039,129.4681,124.4709,128.4056,127.8006,131.0153,125.3635,127.6245,122.1147,122.6418,119.4738,117.1836,118.1186,110.0727,110.9820,109.2520,105.3091,99.6243,97.4064,97.1236,94.5939,89.8220,87.1321,85.3756,81.0987,0.0000,0.0000,0.0000,0.0000,0.0000,0.0000,0.0000,0.0000,0.0000,0.0000,0.0000,0.0000
1700000036.950000,-62.4,93.0215,94.0851,94.5304,101.7104,98.0051,101.6071,100.0200,104.1393,104.2929,101.5332,108.5035,110.0545,113.0885,115.8792,116.4560,113.3181,116.3615,109.5673,120.3038,116.7262,117.1836,118.1186,114.6124,122.9675,120.1083,125.3635,128.1600,124.8679,130.3840,124.2578,129.8499,129.0039,126.9094,127.2635,124.4227,120.3038,123.0041,118.0678,118.1863,118.1863,108.8485,112.6055,104.4031,102.2008,100.1699,92.6499,95.3415,94.3663,90.0944,89.5600,82.0000,84.0952,0.0000,0.0000,0.0000,0.0000,0.0000,0.0000,0.0000,0.0000,0.0000,0.0000,0.0000,0.0000
1700000037.000000,-62.1,94.3716,98.4124,100.3045,103.1213,103.0922,101.8332,105.3613,104.7855,107.7079,110.0227,112.7874,117.5457,118.9496,116.4302,120.7021,119.1512,119.1050,118.1059,119.0042,122.0000,122.0000,122.0656,122.0000,124.4026,127.1417,127.1417,127.5657,126.3962,128.0039,126.3962,125.5747,126.3962,123.1016,126.0159,125.0040,127.0039,127.0630,120.1499,122.2620,118.2709,116.6190,115.6244,110.1681,104.8093,102.7716,99.9250,95.8019,96.8401,92.6984,90.0777,89.0056,83.3547,0.0000,0.0000,0.0000,0.0000,0.0000,0.0000,0.0000,0.0000,0.0000,0.0000,0.0000,0.0000
1700000037.050000,-61.9,93.4773,91.6079,96.5401,97.8366,101.4150,97.6729,101.1385,101.8234,104.0625,108.0741,108.7060,108.4066,112.8007,111.6065,112.6144,114.8564,113.7189,113.7189,113.8771,116.2110,117.0470,120.0667,113.8771,120.3038,122.5887,124.3382,123.4706,126.1269,126.1269,126.1150,124.0363,124.3423,124.0202,119.5701,125.6423,122.3193,118.1524,115.2085,113.2254,113.2299,109.7862,106.3015,104.0625,97.5910,96.8762,93.5094,92.4554,88.8651,89.4036,83.2346,84.3801,80.4984,0.0000,0.0000,0.0000,0.0000,0.0000,0.0000,0.0000,0.0000,0.0000,0.0000,0.0000,0.0000
1700000037.100000,-63.1,97.5141,97.4936,99.8248,102.1812,100.8960,108.2405,104.0625,107.8378,112.0089,111.7900,116.0776,117.6860,119.0126,121.6553,120.7477,118.1186,122.6744,118.8486,125.0960,122.6418,123.4909,128.4134,121.4949,126.4002,124.8519,126.6057,130.0961,127.4402,134.8073,130.6024,132.4122,134.6180,128.8099,130.6331,131.7649,127.0945,125.1958,123.9435,120.4409,119.8541,112.7298,114.5426,112.5389,109.3846,101.0198,98.6712,96.8401,96.8401,91.4440,90.6090,87.1436,82.0061,0.0000,0.0000,0.0000,0.0000,0.0000,0.0000,0.0000,0.0000,0.0000,0.0000,0.0000,0.0000
1700000037.150000,-61.8,100.5684,98.4073,103.4070,101.7890,105.6882,105.1523,107.5407,111.0180,111.4136,111.8258,117.1708,115.4513,120.1541,118.1863,117.9237,122.0901,122.0656,121.4331,119.2183,122.8007,123.6649,123.0813,125.0000,127.1220,130.7287,127.1220,129.7575,126.8464,130.4952,128.5496,131.7346,127.8828,132.5632,133.7946,134.0821,134.7368,128.5146,122.6540,123.1666,121.2023,118.1059,113.6486,115.9741,106.8504,104.0096,103.4698,99.8098,97.9490,95.5877,93.3488,87.7838,84.4038,0.0000,0.0000,0.0000,0.0000,0.0000,0.0000,0.0000,0.0000,0.0000,0.0000,0.0000,0.0000
1700000037.200000,-64.0,96.0417,99.2975,103.4070,104.2017,106.6677,104.9952,111.1261,107.4802,111.7318,112.5389,115.5206,118.8486,120.8801,120.8015,121.0165,125.9246,119.8541,124.8079,122.6744,125.1958,123.4909,126.1784,128.1288,131.0458,129.2478,132.3783,135.9559,136.8539,131.5903,139.1294,132.8232,139.9893,137.7534,133.2704,135.6945,134.4619,131.8825,127.0945,128.4134,121.7580,119.8541,117.0043,116.5161,105.4230,106.5270,99.8248,99.7246,98.3514,98.4937,92.9570,92.6553,83.3547,0.0000,0.0000,0.0000,0.0000,0.0000,0.0000,0.0000,0.0000,0.0000,0.0000,0.0000,0.0000
1700000037.250000,-60.8,86.7698,87.6641,89.8888,92.1141,93.6376,92.6553,93.3006,92.4446,97.0155,99.6895,100.6628,102.7716,107.0561,105.2236,102.9563,107.3778,104.2353,106.3814,107.1168,110.1136,108.1157,111.0180,108.0185,111.0405,114.0175,112.1606,115.0391,116.1077,115.1564,117.1068,115.0391,117.0171,117.0000,116.0043,112.0402,115.1564,112.2185,107.5639,104.6900,102.7035,102.9563,100.2846,100.0200,91.9837,90.2441,87.0919,84.7703,82.2800,82.0792,81.3941,76.9415,73.7835,0.0000,0.0000,0.0000,0.0000,0.0000,0.0000,0.0000,0.0000,0.0000,0.0000,0.0000,0.0000
1700000037.300000,-63.5,105.8915,102.4500,107.8981,107.3359,111.5168,107.6151,112.8716,111.0180,115.4123,115.4513,119.1008,124.7878,126.1943,124.9200,124.9200,127.1377,124.9200,127.8828,126.8464,129.5222,127.8163,130.4952,129.8384,127.0984,125.3196,123.4706,121.9262,121.3960,119.5199,119.0798,124.1491,119.2393,121.2023,128.0976,128.5496,128.5496,130.9695,130.5067,125.8730,124.6194,122.0901,116.4560,115.8792,109.2016,105.3091,103.7545,100.6231,100.3444,100.4988,94.3027,88.6002,88.4590,0.0000,0.0000,0.0000,0.0000,0.0000,0.0000,0.0000,0.0000,0.0000,0.0000,0.0000,0.0000
1700000037.350000,-63.4,101.3903,99.4585,106.8925,103.1213,106.2309,105.7024,109.1238,110.9234,110.9414,115.1043,118.1186,117.1367,121.2023,122.6418,120.2082,125.8769,120.1041,122.7884,121.6963,125.2078,124.6515,127.2871,124.7397,130.1153,130.1384,127.2792,135.2812,138.0326,129.6341,137.2953,129.4488,133.0038,140.0143,133.6600,132.2309,135.1037,133.4166,125.7338,123.2274,120.2539,122.8007,113.6002,117.6435,109.0000,105.1523,103.9423,102.8834,99.3630,100.2247,96.7729,94.2550,85.3756,0.0000,0.0000,0.0000,0.0000,0.0000,0.0000,0.0000,0.0000,0.0000,0.0000,0.0000,0.0000
1700000037.400000,-60.3,96.3016,99.2472,103.5761,105.5462,105.2236,104.8093,106.4706,110.3676,110.1136,112.1115,114.0044,114.0702,121.3343,118.2709,118.1524,122.6907,121.0620,120.8139,121.8236,125.7657,122.6418,124.5351,122.3765,128.0625,130.0000,129.0310,130.5067,131.4724,132.1855,130.5067,129.5222,128.0625,129.0736,130.2306,125.9365,127.9062,125.2996,125.0280,122.6907,120.4159,114.1578,114.1096,112.0179,106.0047,101.0792,94.1913,97.4166,97.5141,93.0591,90.2441,84.4808,86.0349,0.0000,0.0000,0.0000,0.0000,0.0000,0.0000,0.0000,0.0000,0.0000,0.0000,0.0000,0.0000
1700000037.450000,-58.7,96.0469,97.8366,98.3107,101.1187,100.5684,104.8904,102.4500,107.0047,105.8017,108.7244,112.3299,114.3897,114.9087,116.6190,117.4777,117.1708,120.7477,116.2755,121.7415,120.1541,117.3882,125.5388,120.7021,123.0325,127.2242,126.5306,130.9198,129.0271,132.5028,130.6024,130.0346,131.9129,132.2573,128.1600,129.6187,125.0040,128.1562,124.3262,121.2353,122.1188,114.9478,112.5078,110.1363,106.7802,102.3426,97.8008,96.2133,98.3514,93.4345,92.6553,88.0909,83.0060,0.0000,0.0000,0.0000,0.0000,0.0000,0.0000,0.0000,0.0000,0.0000,0.0000,0.0000,0.0000
1700000037.500000,-61.4,96.7988,100.0000,98.0816,104.9952,101.4150,102.7278,104.6900,105.4182,110.1136,107.8147,114.7693,115.1086,117.4436,116.8247,115.2085,119.8165,119.2686,115.1217,122.1147,120.9339,120.9339,121.6553,120.5695,123.4706,127.4559,127.4559,131.1831,128.8604,129.2478,130.1461,130.5986,130.6139,130.1461,127.5343,125.7816,127.6245,124.0202,120.4326,119.0378,119.6202,112.6144,112.6144,109.3435,105.7592,100.7671,96.8762,97.5807,94.0691,91.8314,88.8144,86.5332,83.2406,0.0000,0.0000,0.0000,0.0000,0.0000,0.0000,0.0000,0.0000,0.0000,0.0000,0.0000,0.0000
1700000037.550000,-62.3,99.8248,101.1187,105.3850,107.2986,111.1126,107.0747,112.0000,113.0177,112.0179,118.3427,122.3315,119.6035,119.9417,124.0363,121.4949,125.3196,122.3765,125.7179,126.8464,129.8384,129.7575,130.5067,128.5768,130.6024,132.8533,129.6534,134.0821,135.0741,134.7368,134.1343,131.8977,132.8157,129.8076,128.4445,128.7867,125.1719,129.8384,125.7657,123.4706,124.1692,120.7021,118.4230,115.3516,108.0741,105.0000,101.0792,102.1225,98.5089,98.5089,90.4268,89.9889,90.1388,0.0000,0.0000,0.0000,0.0000,0.0000,0.0000,0.0000,0.0000,0.0000,0.0000,0.0000,0.0000
1700000037.600000,-60.8,91.2360,95.8541,93.6216,98.7927,97.4064,102.2008,97.1236,103.3247,105.2616,102.5914,107.3546,113.4372,112.7519,110.7655,117.7200,114.1578,116.4302,110.1635,118.0000,114.0044,117.0043,121.0000,116.0172,120.4159,121.1487,122.2620,126.3210,122.4091,127.3931,118.6086,126.1428,126.1428,128.0625,125.0640,124.0161,120.0667,120.0667,116.1551,116.2755,116.4302,105.9292,111.3059,101.2719,103.1601,96.1041,94.5939,93.4077,89.8109,84.7585,86.1626,85.4283,80.2621,0.0000,0.0000,0.0000,0.0000,0.0000,0.0000,0.0000,0.0000,0.0000,0.0000,0.0000,0.0000
1700000037.650000,-59.1,93.5094,93.3809,94.7945,98.2904,98.0816,100.8960,100.0000,104.0433,105.3945,104.3072,110.4536,109.1284,113.1768,112.7120,116.2755,114.5426,116.7776,113.3181,117.0000,121.6306,119.6161,123.3694,117.0470,121.8401,124.7237,124.4548,128.5768,125.6861,131.3202,128.5768,129.4025,130.2920,129.0271,125.2517,124.3101,124.0645,124.3101,121.0785,117.9237,119.0126,110.9414,109.5673,105.5888,103.9423,103.0776,94.3027,94.8683,90.9065,90.1388,87.1149,84.1724,83.7377,0.0000,0.0000,0.0000,0.0000,0.0000,0.0000,0.0000,0.0000,0.0000,0.0000,0.0000,0.0000
1700000037.700000,-60.5,80.6536,80.6536,83.1986,86.3481,85.5102,85.5102,87.1321,88.5664,91.5478,91.4440,95.2575,97.1854,99.0202,98.0051,101.0050,101.0445,101.2423,99.2472,99.2472,103.5857,102.3963,104.0865,103.9471,105.7213,107.6894,104.7378,109.2383,110.4219,112.3788,110.4219,107.8703,110.2180,112.0089,109.0367,104.9381,106.4706,103.3925,102.0441,101.1237,98.0204,95.0053,94.0053,91.0055,88.1419,85.0529,82.6075,80.7527,80.2309,78.4474,74.2159,71.4703,69.4622,0.0000,0.0000,0.0000,0.0000,0.0000,0.0000,0.0000,0.0000,0.0000,0.0000,0.0000,0.0000
1700000037.750000,-60.3,90.7855,93.0591,94.6678,95.9635,98.4733,98.8130,97.2008,106.5270,103.4795,108.3005,107.5174,109.6038,109.7133,114.6909,109.7862,116.9316,117.4436,114.0175,118.2286,118.8108,120.6027,116.0172,117.3243,122.1147,123.8225,123.4909,128.2809,129.3213,130.8625,126.9094,128.1600,128.1405,125.6423,126.4911,127.8828,121.6059,123.2234,121.2106,115.7454,116.2755,112.4856,113.8464,108.9036,103.3247,101.9804,93.5094,96.8298,91.0220,92.0869,88.8369,87.6584,80.1124,0.0000,0.0000,0.0000,0.0000,0.0000,0.0000,0.0000,0.0000,0.0000,0.0000,0.0000,0.0000
1700000037.800000,-62.1,96.3328,96.8762,95.3520,101.9657,103.9423,102.8397,108.2405,106.0424,106.2826,110.0636,111.0180,112.6055,118.2709,114.7693,118.3089,116.2970,116.2970,116.2755,119.0000,123.5476,117.3371,123.8225,119.9542,123.8225,124.5311,126.4002,124.0202,128.2809,132.4009,130.3840,129.3213,129.8499,131.0267,127.5343,124.3543,124.3382,122.7721,120.2082,114.4902,111.4271,112.6055,111.3283,112.7918,103.3247,99.9250,92.1954,93.3809,95.0368,93.3435,88.0000,84.0952,81.4985,0.0000,0.0000,0.0000,0.0000,0.0000,0.0000,0.0000,0.0000,0.0000,0.0000,0.0000,0.0000
1700000037.850000,-62.9,98.3717,98.6712,100.8960,103.3683,108.0602,104.1393,110.3177,109.8954,110.4536,113.1592,118.1059,117.0000,120.0167,121.1033,121.0661,125.3994,121.6963,122.8007,121.8072,124.7878,125.5747,127.1417,128.5652,130.0500,130.0500,128.6546,131.0267,126.3725,126.3725,124.4548,129.2942,125.7657,124.3101,125.2996,125.0280,125.0280,128.2692,125.5747,121.5936,120.0667,118.0678,113.0177,114.0000,106.0189,104.1729,98.7320,101.9657,95.5249,97.6729,90.4710,89.5600,86.1626,0.0000,0.0000,0.0000,0.0000,0.0000,0.0000,0.0000,0.0000,0.0000,0.0000,0.0000,0.0000
1700000037.900000,-60.0,94.9368,95.2575,99.4786,98.6154,101.5480,101.8332,101.6071,105.8017,109.0183,108.4666,111.1980,111.1980,113.8640,115.9655,115.9655,118.3427,116.3873,117.5160,117.2902,117.0342,119.8541,120.2539,122.4418,123.2234,126.0159,127.6401,127.6401,130.6675,129.0349,132.8796,128.8099,127.6127,128.0625,129.9577,126.9055,124.6515,122.6744,118.1059,118.8024,110.3449,113.3578,111.3957,112.1606,107.0047,99.4032,95.6922,94.3398,92.2822,90.8240,84.9706,88.7694,83.1685,0.0000,0.0000,0.0000,0.0000,0.0000,0.0000,0.0000,0.0000,0.0000,0.0000,0.0000,0.0000
1700000037.950000,-60.2,91.0220,92.8009,94.0479,99.6243,98.7927,103.5857,102.9563,105.1190,103.7690,105.8489,112.1606,110.7249,111.9464,111.3194,116.3787,113.8859,114.8434,113.0531,117.3882,115.6936,116.6619,115.9526,118.4567,121.1982,121.3425,123.3207,123.7942,123.3207,127.5774,123.1787,126.7517,126.3012,124.7397,127.5774,125.1599,120.3038,119.5701,117.4436,117.7200,117.6435,111.7900,111.7900,106.2309,102.0441,95.7131,95.2943,91.7878,89.8888,88.2043,88.8144,82.4621,79.1960,0.0000,0.0000,0.0000,0.0000,0.0000,0.0000,0.0000,0.0000,0.0000,0.0000,0.0000,0.0000
1700000038.000000,-62.7,96.2081,98.9798,103.8460,108.2405,107.4477,102.9612,103.7545,108.1897,109.3298,112.2853,113.1106,113.0177,120.0042,119.0042,116.0043,123.0163,122.1475,120.0667,122.4091,124.3262,124.3262,124.2578,123.0447,126.3012,129.2478,129.0659,129.8384,124.3382,127.6754,127.2831,128.7245,124.1692,124.1692,127.0118,126.3962,127.2517,125.0280,124.3262,120.2664,119.1512,115.0174,111.0045,108.0741,104.1729,105.6835,99.2975,96.1041,96.7729,95.1262,91.4440,90.4765,84.3090,0.0000,0.0000,0.0000,0.0000,0.0000,0.0000,0.0000,0.0000,0.0000,0.0000,0.0000,0.0000
1700000038.050000,-65.2,97.6371,97.6524,101.5332,101.8283,103.4795,100.5684,103.2763,108.4666,109.8772,112.6987,114.2147,116.5161,119.4027,119.4027,119.4027,122.0369,119.5701,121.5936,120.0667,122.1188,125.6702,127.9101,124.3262,129.2478,130.1422,128.1562,134.4619,133.9328,134.4619,134.4619,130.6790,133.5403,136.4734,131.5181,131.5181,129.8653,128.9961,124.2578,126.7793,120.1083,121.7580,117.0684,114.2016,108.2312,105.4230,103.5857,102.8251,100.4092,94.7945,95.2680,91.2634,86.4523,0.0000,0.0000,0.0000,0.0000,0.0000,0.0000,0.0000,0.0000,0.0000,0.0000,0.0000,0.0000
1700000038.100000,-64.0,94.8262,91.7878,100.3195,96.0052,99.0202,96.4624,100.2846,103.8460,107.9352,108.6692,110.6345,110.8558,110.2180,114.7563,111.3059,114.4378,113.4416,116.6190,112.1606,116.1551,117.1537,118.0678,118.1524,121.0041,122.0656,122.0041,124.0161,127.0039,122.0041,127.0157,124.0645,125.0160,125.0640,122.1024,125.3994,122.8007,120.8139,118.2286,118.0678,110.8197,112.8051,104.7855,107.2007,100.0000,99.4585,96.7678,92.4770,93.6216,90.3770,85.0882,83.2166,81.4002,0.0000,0.0000,0.0000,0.0000,0.0000,0.0000,0.0000,0.0000,0.0000,0.0000,0.0000,0.0000
1700000038.150000,-62.6,95.6033,94.7259,98.9949,99.2975,104.8093,100.8415,102.1225,105.0190,110.0000,113.0044,112.0179,112.1115,118.2709,117.7200,117.7200,118.2286,114.9348,122.0000,116.4989,119.4362,120.0333,124.4267,121.2765,124.7237,125.4193,125.2837,129.6919,131.2440,129.4025,131.6055,131.0420,129.4025,132.0038,129.5222,129.2942,127.6754,123.7619,122.9837,119.2183,118.8276,114.7388,112.7519,112.1606,104.1729,100.0800,94.0053,97.0824,96.1301,92.5419,85.9884,87.5557,80.0812,0.0000,0.0000,0.0000,0.0000,0.0000,0.0000,0.0000,0.0000,0.0000,0.0000,0.0000,0.0000
1700000038.200000,-59.0,97.0000,98.3107,100.4988,104.2353,103.0776,104.6375,104.8618,107.8981,111.5168,113.3711,114.9087,118.3385,120.9339,119.8541,115.3950,120.9339,121.3343,122.0041,120.9049,125.5906,124.9200,123.9677,124.2779,126.9212,131.6055,131.3202,130.9695,130.7708,129.8076,130.0000,132.2800,130.3610,131.6055,132.8533,133.4541,130.3840,131.8484,127.1220,124.8119,121.7415,118.9664,114.9478,111.8928,109.4166,105.1523,102.6255,100.6876,98.4073,95.5877,94.0691,90.6090,83.8689,0.0000,0.0000,0.0000,0.0000,0.0000,0.0000,0.0000,0.0000,0.0000,0.0000,0.0000,0.0000
1700000038.250000,-63.5,94.5304,98.0612,95.1262,103.8123,101.3903,105.3613,102.7862,105.4751,108.8485,106.9299,115.3170,112.6987,117.6180,114.9478,121.2353,115.9741,122.4500,117.8346,122.6418,121.4949,124.2779,124.8519,117.5968,124.4026,128.2225,130.0000,132.7742,130.8740,133.8432,129.0155,131.2098,131.5029,133.8096,132.4122,132.3065,127.6245,123.4909,125.0320,123.0650,124.4227,113.1592,116.2970,110.0727,109.3846,106.9766,95.8175,101.1929,97.0155,93.1719,92.2280,90.1998,86.1452,0.0000,0.0000,0.0000,0.0000,0.0000,0.0000,0.0000,0.0000,0.0000,0.0000,0.0000,0.0000
1700000038.300000,-62.1,76.6877,79.0759,80.6226,81.3941,85.5862,89.2749,88.0227,86.0000,89.0056,90.2718,93.2631,94.1913,98.7320,94.7629,99.8499,101.0000,96.1041,100.2247,98.7168,100.6628,97.7446,101.3903,100.5783,105.0048,105.3043,104.9952,107.2241,107.2241,108.6324,108.6324,105.3043,112.5789,107.8564,108.2405,103.3247,104.5466,105.3613,100.2247,97.2934,95.1262,92.3959,90.9340,89.3588,88.3629,83.0542,81.0000,79.0063,81.0555,76.0592,73.3348,71.8471,69.1231,0.0000,0.0000,0.0000,0.0000,0.0000,0.0000,0.0000,0.0000,0.0000,0.0000,0.0000,0.0000
1700000038.350000,-65.0,97.4166,97.8008,101.5332,101.9804,105.4751,103.2473,103.9663,107.6290,107.9352,112.0045,112.8007,113.7189,114.8260,120.1083,119.5701,125.0320,121.4331,117.8346,120.7477,122.5439,124.7798,127.9101,126.6254,129.2440,128.5146,128.5146,133.7946,135.5581,135.7682,135.0741,132.6198,134.8518,134.4619,134.6588,134.6588,127.5343,127.9101,127.4755,124.7798,119.5701,117.8898,114.3897,112.3299,105.1190,104.8093,97.9490,101.5332,96.8762,95.4620,93.3809,87.9659,87.0919,0.0000,0.0000,0.0000,0.0000,0.0000,0.0000,0.0000,0.0000,0.0000,0.0000,0.0000,0.0000
1700000038.400000,-61.4,94.8947,95.2575,99.7296,98.8989,99.0051,102.5524,102.7862,105.6504,108.5219,108.1712,114.4771,114.3372,116.9017,116.5590,116.2497,121.0620,118.6086,119.7080,120.3370,123.2599,123.0650,123.1016,119.1512,127.0039,126.0000,126.0635,127.0157,126.0635,125.0640,126.0992,123.0000,122.0164,122.0041,125.0000,127.0984,127.1417,124.5793,123.6851,120.0708,116.1077,116.9017,115.9526,110.6345,103.8123,103.5809,98.0816,98.0306,96.5660,93.6216,90.3549,87.4643,86.2670,0.0000,0.0000,0.0000,0.0000,0.0000,0.0000,0.0000,0.0000,0.0000,0.0000,0.0000,0.0000
1700000038.450000,-61.0,95.7079,92.1303,100.7025,101.3558,105.1190,98.2293,102.4500,106.6677,109.8772,110.4536,115.3646,116.7262,120.2082,115.2779,116.0431,119.4738,118.8486,117.1537,120.8015,119.8541,122.6418,124.2779,119.8541,127.0945,127.0945,127.9453,129.3754,132.0984,132.0984,130.3610,131.5485,133.6001,132.6084,130.6331,126.7517,129.0349,126.4002,123.4058,122.1475,119.0966,114.1096,115.5206,113.8991,107.4802,101.1187,99.0353,98.4937,98.5951,93.2309,90.9725,90.9175,82.7647,0.0000,0.0000,0.0000,0.0000,0.0000,0.0000,0.0000,0.0000,0.0000,0.0000,0.0000,0.0000
1700000038.500000,-61.2,96.5660,96.1041,99.2975,99.2975,102.8251,101.7104,104.0769,104.1201,108.0046,109.0046,112.0045,116.0689,117.6138,116.6190,116.4302,118.2286,118.3765,118.2286,116.7090,120.4159,118.0678,123.4544,117.3882,125.6861,125.1599,125.4193,126.5306,130.2920,128.3900,133.5215,126.2418,131.6055,126.3843,125.1719,127.3460,128.6546,123.3572,122.1884,118.3765,117.0983,116.7262,109.4578,108.1665,104.0769,101.0792,97.0052,96.0833,94.1913,92.9139,87.1321,85.9069,82.2192,0.0000,0.0000,0.0000,0.0000,0.0000,0.0000,0.0000,0.0000,0.0000,0.0000,0.0000,0.0000
1700000038.550000,-63.1,94.1116,97.1236,95.5196,102.1812,102.5524,100.8464,101.9657,106.0047,107.4244,107.4244,111.4136,114.9087,114.0570,114.8260,118.4610,121.2106,118.8486,117.9237,121.1652,121.7539,118.3427,121.6963,119.7539,125.8968,124.4829,127.2871,127.2871,130.1153,133.6600,131.5219,132.2309,135.0741,130.1384,131.6435,129.6341,129.9577,129.3213,125.0000,121.4949,119.0378,115.3776,113.7409,114.5862,107.0420,103.3538,101.0742,100.2247,97.1700,95.5196,92.1792,86.6833,83.4865,0.0000,0.0000,0.0000,0.0000,0.0000,0.0000,0.0000,0.0000,0.0000,0.0000,0.0000,0.0000
1700000038.600000,-60.4,102.3914,104.5610,106.0660,111.8794,107.6708,107.3778,110.0182,115.0000,118.0042,120.0167,121.1033,122.2620,124.3262,124.4869,125.5747,128.2692,122.3315,126.7517,129.4372,124.5351,129.4372,131.0267,129.6341,131.7346,129.0310,132.0038,130.0807,128.0820,129.9885,126.2418,122.2620,122.9715,122.2497,124.1974,124.5351,125.9365,123.3207,127.7693,127.2517,125.3236,122.0000,118.1059,121.0041,114.0702,108.1157,104.3072,101.9657,102.2595,99.2472,93.6216,92.3580,87.7269,0.0000,0.0000,0.0000,0.0000,0.0000,0.0000,0.0000,0.0000,0.0000,0.0000,0.0000,0.0000
1700000038.650000,-63.0,98.0816,100.0050,101.0198,105.1190,105.3043,102.3132,106.2121,105.7213,110.0227,113.5650,115.4470,116.9145,120.3329,122.3806,121.4331,124.7878,121.6306,121.8524,121.6429,125.2198,127.9101,129.2517,128.3511,129.4952,132.0984,131.3697,130.6981,137.5936,134.9704,136.7516,137.0584,136.1910,137.9275,133.7647,134.7182,132.8345,131.5181,129.0775,125.5388,122.0041,118.6802,113.5473,116.4560,105.6220,108.2405,104.2929,103.1601,99.2472,98.1529,96.4210,93.0054,87.0919,0.0000,0.0000,0.0000,0.0000,0.0000,0.0000,0.0000,0.0000,0.0000,0.0000,0.0000,0.0000
1700000038.700000,-64.5,89.0000,96.1769,98.4886,96.8969,100.7025,102.6255,99.4032,101.6710,106.5270,106.2168,109.1238,113.8991,108.2081,112.4322,118.8024,116.1034,120.5073,114.0219,120.8801,117.8007,120.2539,120.0000,117.8007,121.4949,121.6059,124.8079,126.7793,129.2478,127.6245,125.0960,127.3146,125.6423,126.6057,125.8014,125.2078,123.2274,120.8801,119.0042,119.6704,116.7776,108.9312,108.9036,106.0754,104.1393,100.5684,94.4034,94.2019,91.8368,89.5879,84.5340,82.7647,81.1542,0.0000,0.0000,0.0000,0.0000,0.0000,0.0000,0.0000,0.0000,0.0000,0.0000,0.0000,0.0000
1700000038.750000,-62.6,95.6922,99.4032,97.8366,104.1393,106.2168,103.2763,105.3613,108.2081,108.2451,111.3957,112.9292,116.0388,119.8541,122.3193,122.6418,122.6418,124.2578,119.0378,120.9339,121.5936,125.8968,126.4002,123.0650,125.2398,130.6139,127.9101,136.0588,132.8495,135.1481,135.1481,133.7199,132.8345,135.6945,136.0037,134.1119,134.1119,127.6245,128.9690,123.4585,125.8014,117.0043,117.2902,114.2147,111.8034,103.2473,103.2763,97.0000,98.7168,93.6002,92.6553,89.8888,84.9706,0.0000,0.0000,0.0000,0.0000,0.0000,0.0000,0.0000,0.0000,0.0000,0.0000,0.0000,0.0000
1700000038.800000,-61.3,96.0417,95.9635,100.6032,99.2018,104.3504,105.4230,105.4751,106.8878,107.4802,111.1261,115.3646,116.5161,117.7964,120.0000,118.8486,121.4949,117.8898,119.8541,120.9297,123.1463,122.5887,124.6796,124.0363,124.7798,128.5029,127.9414,130.5986,133.7647,133.7236,136.4001,133.0939,133.9590,134.9704,132.6084,132.6084,130.0846,130.1730,124.0363,119.4027,122.6418,117.2902,114.4771,114.0219,107.5174,103.9663,99.8248,100.2646,96.2133,96.6075,93.2309,91.5860,88.1022,0.0000,0.0000,0.0000,0.0000,0.0000,0.0000,0.0000,0.0000,0.0000,0.0000,0.0000,0.0000
1700000038.850000,-61.0,92.2822,97.3499,98.2293,98.8130,100.6032,100.8960,102.7278,106.1037,106.8316,109.7862,109.7862,114.4771,115.1086,116.6062,117.4436,118.8108,119.0378,118.4610,117.6605,119.2686,120.1083,122.9675,121.4907,126.1150,127.0157,127.0157,131.5295,129.2478,131.0458,130.5871,128.4134,128.0156,126.9094,128.2809,132.0189,128.1600,129.0039,120.9297,121.4949,122.4418,112.0446,112.0446,111.8034,102.7278,103.2473,99.7647,97.8366,94.3663,93.2363,92.0054,88.3233,81.8413,0.0000,0.0000,0.0000,0.0000,0.0000,0.0000,0.0000,0.0000,0.0000,0.0000,0.0000,0.0000
1700000038.900000,-61.6,97.0000,98.5951,105.8017,104.8093,105.1190,104.8618,107.6151,108.5587,111.0180,112.7120,118.1059,118.5960,120.9339,125.0040,120.7021,123.9677,122.0656,121.1156,124.7237,124.1934,127.8828,129.0736,127.0945,129.6341,128.2654,128.6546,125.3196,118.8697,124.6154,119.6829,124.7397,121.2023,125.6344,125.6344,127.0945,132.2800,131.3202,129.0349,125.2517,123.0325,120.7021,116.8118,118.3300,110.0727,109.1238,105.5888,104.4462,104.1009,96.5194,93.6002,92.9570,87.6926,0.0000,0.0000,0.0000,0.0000,0.0000,0.0000,0.0000,0.0000,0.0000,0.0000,0.0000,0.0000
1700000038.950000,-62.9,95.7706,97.7548,100.4042,100.4042,101.8332,101.8332,104.8093,109.0183,107.0561,108.9771,116.6919,115.2779,113.9517,116.9316,121.6553,120.7394,119.6328,117.7964,122.0041,123.8103,123.8467,124.6194,124.5351,127.0945,127.8632,127.3185,131.2288,131.2288,135.9117,130.3840,134.5288,135.0926,133.0038,133.8096,133.0601,128.0625,126.2101,126.3725,122.6744,120.9669,115.9741,115.2779,113.9517,109.8772,106.0424,102.6499,100.4042,99.3227,94.6678,94.8947,88.5664,88.6002,0.0000,0.0000,0.0000,0.0000,0.0000,0.0000,0.0000,0.0000,0.0000,0.0000,0.0000,0.0000
1700000039.000000,-63.4,52.3450,52.0865,54.0000,54.0000,59.0000,57.0088,56.1427,59.3043,59.4138,60.8276,61.9839,62.3699,64.5368,64.5368,61.8466,67.7200,64.1950,68.0074,68.9493,66.1287,68.6222,67.7791,69.6419,70.0071,68.1542,71.1758,71.5891,73.4098,71.5891,75.1532,71.1758,75.2396,73.9256,74.4648,71.5122,73.3894,71.4703,68.6222,68.6804,64.0312,66.9403,61.6117,64.1327,57.8705,57.3149,54.3323,53.1507,53.0848,54.0000,50.0100,49.2544,43.4166,0.0000,0.0000,0.0000,0.0000,0.0000,0.0000,0.0000,0.0000,0.0000,0.0000,0.0000,0.0000
1700000039.050000,-65.0,94.8103,95.2575,100.3444,101.3558,102.6255,104.2929,107.8007,107.0047,110.7520,112.2943,115.5206,113.8991,118.1059,120.2082,119.5199,122.7884,122.6744,122.0246,122.4418,125.6025,123.4058,126.6057,124.4026,129.2478,128.4134,125.6423,135.1518,135.6245,134.1119,135.1518,132.3102,135.0741,134.5251,133.2216,136.8247,132.0038,131.5029,126.9055,123.1666,124.6515,116.7262,118.1059,116.7776,109.6586,106.2168,102.3035,98.4073,98.6002,94.5780,94.0213,91.7878,85.2350,0.0000,0.0000,0.0000,0.0000,0.0000,0.0000,0.0000,0.0000,0.0000,0.0000,0.0000,0.0000
1700000039.100000,-61.1,97.4936,95.3520,102.8397,104.2929,104.4031,102.4890,106.6255,107.3359,110.5712,112.7298,114.9652,116.7262,117.8346,118.8486,119.5701,123.7134,121.0165,122.5887,121.6059,125.0000,126.6057,125.2517,125.8769,132.5481,130.2997,129.5569,129.4488,138.0326,133.0564,135.0741,131.6435,135.2072,138.2932,135.5913,130.7287,134.9518,131.2098,128.8099,124.8519,121.0165,117.5968,116.2110,115.9741,105.3091,106.5505,101.5185,102.0441,100.8464,98.3514,95.8175,89.9889,86.4928,0.0000,0.0000,0.0000,0.0000,0.0000,0.0000,0.0000,0.0000,0.0000,0.0000,0.0000,0.0000
1700000039.150000,-62.3,93.4719,93.1504,93.7443,101.7890,99.8649,99.2975,102.4500,106.8270,107.1681,108.3005,112.4500,113.1371,114.5600,115.4340,114.6298,114.7693,119.6328,115.2562,117.2007,118.2286,119.6328,118.4610,119.8541,124.0202,125.0960,126.4792,129.5415,129.0039,133.6899,127.6245,129.5415,130.9198,130.2075,127.2006,125.2517,126.5069,128.8449,121.3796,120.6151,120.2830,111.7318,113.9517,108.9771,105.7592,103.8557,95.8019,99.0454,96.2549,89.8888,89.5545,89.4707,85.0941,0.0000,0.0000,0.0000,0.0000,0.0000,0.0000,0.0000,0.0000,0.0000,0.0000,0.0000,0.0000
1700000039.200000,-64.0,98.1122,97.9490,100.6479,103.3683,97.4987,103.6195,105.6220,108.8118,114.1797,109.4806,116.4174,115.9526,118.2582,119.5199,124.7798,120.9339,124.5793,119.4194,126.3210,124.4026,124.3262,127.0039,123.1016,127.0039,125.0040,123.0041,121.1033,123.0163,118.1059,123.1016,118.0169,118.0000,118.0169,123.1016,123.1463,126.3210,127.3931,125.1599,127.1417,125.4472,117.7115,118.2582,112.0580,112.0892,105.3613,100.5783,103.1213,99.3680,94.0213,90.3549,88.8369,89.3085,0.0000,0.0000,0.0000,0.0000,0.0000,0.0000,0.0000,0.0000,0.0000,0.0000,0.0000,0.0000
1700000039.250000,-62.4,88.8144,91.2140,98.5951,94.9210,97.6217,99.0353,100.4988,104.9952,105.8915,106.6677,109.0183,113.4637,112.8938,112.8938,114.8260,115.1043,116.9701,115.4859,116.8461,118.0720,117.1836,121.2023,118.0720,121.7415,126.5622,122.2497,128.3160,128.1562,128.3160,129.0775,127.5343,128.9496,132.4236,129.2517,126.5899,126.1784,122.9675,123.7134,118.4610,117.5968,111.8302,111.8302,107.2986,102.4500,99.3579,93.4345,95.4620,92.6553,92.3147,88.6002,85.4400,79.2591,0.0000,0.0000,0.0000,0.0000,0.0000,0.0000,0.0000,0.0000,0.0000,0.0000,0.0000,0.0000
1700000039.300000,-61.0,89.0000,92.1303,95.5249,96.8969,99.0202,96.8349,102.4500,100.8960,104.8904,106.2168,107.6290,111.7318,114.5600,111.7318,110.3449,117.1537,112.9292,116.3873,114.2016,118.2244,117.6138,117.6435,119.4027,122.3193,124.2779,121.7580,125.1958,130.1730,125.0960,130.6981,126.7517,129.2478,129.0349,129.0349,127.6401,126.8227,122.1475,119.0042,116.7776,115.3646,113.8640,108.9036,110.3449,102.6499,99.2472,96.6747,94.2019,92.4175,92.6499,87.3212,84.5281,80.7775,0.0000,0.0000,0.0000,0.0000,0.0000,0.0000,0.0000,0.0000,0.0000,0.0000,0.0000,0.0000
1700000039.350000,-61.1,92.9624,95.0000,95.9010,102.8251,99.8248,98.3514,106.7755,104.0048,108.2451,104.9952,107.9352,112.0045,114.6211,116.6062,119.0378,117.0470,119.5701,118.1905,120.4409,121.4331,124.0363,123.0650,120.9339,127.9101,127.9414,127.9531,130.7823,130.6139,131.9470,127.9101,130.1422,133.2704,131.1259,127.0590,130.5105,125.0320,122.4500,121.2023,121.4949,120.9297,115.2562,117.1537,110.7520,104.9952,102.6499,99.0051,97.0000,95.2680,91.0494,92.4175,87.1321,84.0773,0.0000,0.0000,0.0000,0.0000,0.0000,0.0000,0.0000,0.0000,0.0000,0.0000,0.0000,0.0000
1700000039.400000,-64.7,94.9210,91.9837,102.2595,98.4784,104.8093,101.8332,107.1168,105.1190,109.0046,113.0177,109.0183,113.0708,118.1059,118.3427,115.4340,119.5199,116.5590,124.1692,121.0496,122.3765,120.8387,122.7233,123.0000,126.6491,127.0945,130.5067,127.4873,132.8157,129.0349,133.4541,126.9212,132.2800,128.5768,130.4952,127.5774,130.4952,128.2654,120.5073,121.0620,115.9741,119.0798,109.7725,112.1606,107.0187,102.0196,100.0000,97.3293,96.1301,93.5361,86.9770,88.0738,84.1190,0.0000,0.0000,0.0000,0.0000,0.0000,0.0000,0.0000,0.0000,0.0000,0.0000,0.0000,0.0000
1700000039.450000,-62.9,100.1249,98.9798,101.9657,107.7822,107.3546,110.5712,107.2241,111.9732,110.0636,111.8258,118.4061,123.2234,119.8541,125.1719,123.9677,126.4358,123.7942,123.0447,127.3185,127.0984,127.2517,125.0640,125.1000,122.0164,118.0000,122.0000,115.2128,115.0695,114.1096,118.1059,112.0045,114.1096,117.0684,117.0171,114.0702,122.0656,121.4990,127.7693,125.8968,127.8828,123.9677,122.0000,117.0854,113.7805,107.7079,105.6504,107.8564,104.0625,96.7988,96.6075,90.3549,88.4816,0.0000,0.0000,0.0000,0.0000,0.0000,0.0000,0.0000,0.0000,0.0000,0.0000,0.0000,0.0000
1700000039.500000,-63.3,95.8593,100.6578,102.4597,107.3313,105.5462,106.4706,109.0780,110.6752,113.1592,112.4144,116.0388,122.0246,122.0246,121.8277,124.0846,122.3315,127.2792,125.1759,128.0352,127.3499,128.0352,132.2762,127.4049,131.8219,132.9097,137.8006,139.6281,138.0580,140.8687,138.0580,138.9460,140.2462,137.5354,137.4409,136.5613,137.1860,135.0741,133.0564,130.9695,126.0635,120.1041,122.0041,115.4340,111.2520,110.6797,104.3072,103.9423,101.0742,97.5090,98.0867,93.6376,91.4822,0.0000,0.0000,0.0000,0.0000,0.0000,0.0000,0.0000,0.0000,0.0000,0.0000,0.0000,0.0000
1700000039.550000,-59.7,94.2019,95.4254,95.6922,100.4988,98.4886,103.0776,103.7545,102.4597,106.1037,105.1095,112.5389,113.8859,117.0470,113.6002,112.5389,119.3315,118.1271,115.9526,119.8541,120.6690,120.6690,120.2082,120.0708,123.0447,124.9040,124.4026,126.1428,127.2517,126.3210,126.2537,125.6742,123.5840,128.0039,126.8897,127.4245,128.4134,128.5652,121.8072,118.2582,118.1271,115.4470,115.4470,109.4806,105.6220,102.1812,100.3045,98.0867,95.3415,95.2575,91.4166,88.7525,84.8116,0.0000,0.0000,0.0000,0.0000,0.0000,0.0000,0.0000,0.0000,0.0000,0.0000,0.0000,0.0000
1700000039.600000,-60.8,99.0051,99.7246,102.8251,103.0776,107.8007,105.8017,110.1363,112.6810,112.6810,114.3897,118.3385,118.5960,119.8541,119.4069,123.4382,123.4909,123.7134,123.8588,123.3694,128.7051,125.2278,128.4445,127.7811,129.6919,129.6919,130.9695,130.7287,126.8464,126.8464,129.0310,132.2800,127.4873,130.3610,132.8533,134.0821,134.0821,134.8332,125.0040,126.2101,124.3905,120.7684,119.9208,115.4123,111.1395,107.3778,103.4650,100.6876,100.0000,101.3163,95.5877,92.6984,89.4986,0.0000,0.0000,0.0000,0.0000,0.0000,0.0000,0.0000,0.0000,0.0000,0.0000,0.0000,0.0000
1700000039.650000,-58.1,104.7855,100.6479,106.4706,107.9120,109.9318,106.8504,111.7721,111.6065,117.6138,115.8836,120.1041,123.1666,123.1666,123.1097,121.6553,125.8968,126.6689,129.5569,128.3160,129.0736,128.6895,134.1827,129.4681,135.4290,136.0147,133.8096,137.5682,140.0893,138.4522,140.0643,137.4118,142.0035,141.0319,138.0580,139.3126,136.7809,137.0000,134.5362,130.1153,126.5899,124.6515,123.1666,120.5073,113.7014,110.6029,103.2279,105.1190,106.3297,100.7224,97.0618,93.2309,90.7579,0.0000,0.0000,0.0000,0.0000,0.0000,0.0000,0.0000,0.0000,0.0000,0.0000,0.0000,0.0000
1700000039.700000,-61.3,96.0469,92.1954,98.1529,98.8585,100.4988,101.3163,101.1237,105.0190,102.0784,108.0185,111.1126,112.3610,113.4416,116.7262,113.0000,116.5590,117.7115,117.7115,117.9025,119.1008,121.8072,120.0708,122.7233,122.3806,125.8730,125.8730,129.3561,129.0271,126.1784,130.6024,129.0349,131.6055,129.4025,127.6127,130.0500,130.7287,123.6932,121.3960,119.5199,117.0983,118.9496,108.4620,112.4455,107.0747,105.0048,100.0050,98.0051,94.3398,91.3510,89.9444,86.4928,81.3204,0.0000,0.0000,0.0000,0.0000,0.0000,0.0000,0.0000,0.0000,0.0000,0.0000,0.0000,0.0000
1700000039.750000,-62.5,83.6720,85.8662,88.1930,87.3212,92.4392,90.4268,92.2009,94.4034,96.2133,95.7758,99.3579,98.4124,103.9471,103.2376,103.2473,107.5639,104.0625,108.2451,106.4049,106.3015,107.4477,111.6647,103.2327,110.4355,108.2266,112.4144,114.0395,116.4989,114.8564,113.7189,114.6211,115.2562,117.6138,115.2562,113.4548,113.4548,109.0413,108.1897,103.9471,106.1037,102.0686,99.3579,95.2680,92.0054,88.8144,87.9204,84.9058,84.2199,82.7647,81.8596,74.8465,75.8947,0.0000,0.0000,0.0000,0.0000,0.0000,0.0000,0.0000,0.0000,0.0000,0.0000,0.0000,0.0000
1700000039.800000,-57.2,96.3328,96.7471,101.9804,101.7890,103.3247,104.2929,106.5692,104.6948,109.7315,114.5862,114.2366,114.2366,119.9208,117.1708,116.2755,120.9339,117.8346,119.8874,123.7134,124.8079,124.8079,128.9690,123.1463,126.6057,133.8096,129.0155,135.0926,131.2098,134.3168,135.0926,133.2216,137.0584,137.8768,137.3062,133.4054,128.4718,130.1730,128.9961,124.9080,120.7684,118.5960,116.2970,117.2732,107.9120,105.9481,98.0816,100.9604,97.0155,98.8433,94.2019,91.3510,86.0233,0.0000,0.0000,0.0000,0.0000,0.0000,0.0000,0.0000,0.0000,0.0000,0.0000,0.0000,0.0000
1700000039.850000,-64.0,95.9010,96.8762,100.3195,102.3132,101.0198,102.0196,107.0187,107.1168,111.2879,112.4455,113.0000,119.0798,117.2391,120.2206,121.2023,121.7539,122.7233,118.3596,125.0000,123.6649,125.0000,124.9200,125.2278,124.7878,131.4724,129.6187,134.8518,134.2386,137.8840,134.8518,131.1030,136.4881,134.1343,134.1343,133.7647,132.5028,129.6919,124.1934,125.6344,125.6344,118.8781,118.2582,112.1472,107.7868,104.8093,104.1729,100.0800,98.0051,96.0208,90.1998,89.9444,87.0976,0.0000,0.0000,0.0000,0.0000,0.0000,0.0000,0.0000,0.0000,0.0000,0.0000,0.0000,0.0000
1700000039.900000,-60.9,99.0202,93.4345,101.1781,103.2473,108.9771,99.8248,106.6677,107.8007,111.4002,116.7647,116.2110,118.3385,119.4738,118.1186,117.1836,127.0472,118.1059,124.8119,122.2497,127.7693,122.0041,123.7134,126.5306,129.0349,129.9885,128.4445,129.4025,126.6491,131.4724,127.7576,132.2800,129.6534,133.7946,135.7682,135.0741,134.8332,133.3304,129.8653,123.5678,119.0126,121.6429,113.5958,118.1186,107.9120,108.5587,104.8618,104.2929,100.6032,99.0202,94.9210,92.6553,86.0523,0.0000,0.0000,0.0000,0.0000,0.0000,0.0000,0.0000,0.0000,0.0000,0.0000,0.0000,0.0000
1700000039.950000,-66.0,96.8762,94.1116,99.3579,102.8251,102.3035,102.4158,104.2929,107.3359,110.1363,109.4166,114.5295,114.9478,119.8666,119.8666,119.8666,121.6306,121.6306,120.1541,124.7878,120.5529,126.2894,126.8109,125.2517,124.7237,128.5768,131.3202,129.8076,132.2800,129.8076,128.4445,131.6055,132.8157,133.1353,135.0741,134.1343,132.7742,128.5146,126.2101,127.1220,124.3382,121.6429,115.4123,114.3897,109.9318,104.0433,101.6071,101.6710,97.8366,96.2601,91.2195,90.5207,86.8332,0.0000,0.0000,0.0000,0.0000,0.0000,0.0000,0.0000,0.0000,0.0000,0.0000,0.0000,0.0000
1700000040.000000,-64.3,98.8433,101.2719,101.7104,107.5639,105.2331,107.2287,110.0045,111.0000,114.0044,113.2828,118.3427,118.8276,122.0533,123.4706,126.4358,122.8088,127.2831,123.3572,130.2690,128.3199,128.0976,130.9695,125.1599,131.8674,134.0821,134.7145,132.8533,130.2920,129.0969,134.0821,128.3900,126.8267,123.3694,128.8449,122.4827,128.3199,128.0976,126.9212,128.4134,128.2692,120.3370,121.2023,115.2128,113.0708,110.0045,104.0769,104.1201,101.5972,96.6282,95.1893,92.6499,89.8443,0.0000,0.0000,0.0000,0.0000,0.0000,0.0000,0.0000,0.0000,0.0000,0.0000,0.0000,0.0000
1700000040.050000,-59.7,93.0215,99.3177,97.4987,102.8834,103.0922,103.0922,104.8093,107.4895,111.6109,110.6436,113.2828,118.9496,118.4230,122.2620,120.7021,120.1499,122.1024,120.1499,122.0164,126.0040,124.0161,127.0630,126.0992,127.6636,127.3931,126.5701,123.9113,122.6907,123.0447,121.6963,122.6907,118.6086,118.1524,123.0650,121.0041,125.0640,123.0000,127.0039,127.1417,127.2517,119.7080,119.7080,115.9741,106.3673,103.7545,100.6628,100.6628,97.8008,95.8175,91.5478,88.5664,86.4523,0.0000,0.0000,0.0000,0.0000,0.0000,0.0000,0.0000,0.0000,0.0000,0.0000,0.0000,0.0000
1700000040.100000,-59.6,96.1769,101.1781,100.1249,106.0424,105.0000,105.6835,105.3091,112.0045,110.6391,114.0614,115.0043,118.1059,121.7415,121.3343,119.0378,124.3101,123.6487,124.5953,125.2837,125.1599,125.9603,129.0310,125.3994,129.6341,126.6965,129.6341,123.3572,120.3038,117.9025,121.3960,127.1220,119.6411,121.8072,125.8769,128.0625,131.7346,132.9662,130.9427,125.2517,122.7762,121.8401,118.8486,118.5960,112.2586,109.1238,103.8316,101.2126,101.8725,98.2293,97.0052,92.7631,88.3912,0.0000,0.0000,0.0000,0.0000,0.0000,0.0000,0.0000,0.0000,0.0000,0.0000,0.0000,0.0000
1700000040.150000,-64.3,91.4440,93.7710,98.2700,99.8248,100.1699,99.4585,100.8811,103.1213,107.2241,107.7033,109.6586,112.2586,119.4069,118.1186,117.7200,116.9701,120.7394,118.1905,116.4989,117.8898,119.6202,124.6194,121.4002,122.0246,128.6895,127.1417,132.5481,129.9577,134.1827,128.4251,128.0625,130.5986,129.4681,131.2098,134.2013,127.6401,122.0656,124.8079,122.3315,119.5701,114.0614,114.6124,113.1768,101.9657,102.9563,96.5660,99.3680,95.1893,93.6803,89.2861,88.4590,83.7257,0.0000,0.0000,0.0000,0.0000,0.0000,0.0000,0.0000,0.0000,0.0000,0.0000,0.0000,0.0000
1700000040.200000,-60.7,100.9554,99.4032,104.4845,104.8904,109.0413,105.4182,110.3177,108.2451,111.9464,114.3372,119.6328,116.6619,119.8541,123.9758,122.0656,125.6423,124.0202,126.2458,126.2696,127.6323,128.8914,131.0343,129.2517,132.0984,132.8495,133.3304,136.0588,139.3162,137.6154,136.0588,139.2049,141.3259,141.7674,138.7083,136.9525,136.9525,135.8308,130.6981,130.6981,127.3146,123.8103,121.6059,117.2007,111.6647,109.6221,106.8878,106.0754,101.8234,99.1564,96.8298,91.0220,88.1930,0.0000,0.0000,0.0000,0.0000,0.0000,0.0000,0.0000,0.0000,0.0000,0.0000,0.0000,0.0000
1700000040.250000,-58.9,96.4210,98.7320,101.4347,103.9423,107.2007,104.8093,110.6797,109.2016,113.4637,111.8928,113.4637,118.9664,118.1059,120.7477,120.7684,121.4331,122.9675,122.4500,124.5552,124.8519,124.8519,125.2078,123.2234,130.6024,130.6024,130.8740,132.6537,135.5913,137.2771,135.5913,136.2094,140.5845,138.2245,134.8073,133.2216,133.8096,131.7649,130.1730,123.4909,122.4500,120.7684,118.1186,116.2755,107.3546,108.2589,105.3091,103.8171,101.1929,96.5660,92.8924,91.9239,86.4697,0.0000,0.0000,0.0000,0.0000,0.0000,0.0000,0.0000,0.0000,0.0000,0.0000,0.0000,0.0000
1700000040.300000,-59.9,100.4988,97.4526,102.4500,104.0192,103.0049,105.4372,104.9571,108.5587,112.7120,113.1768,115.4859,119.8666,119.0126,120.1541,121.7415,123.3694,119.5408,120.5529,123.7619,126.9212,126.1269,128.0625,126.1269,130.0500,130.4952,127.1220,125.3196,125.3196,125.1719,123.9758,125.1719,124.7397,124.9520,129.0310,131.4724,129.4025,129.9731,125.5906,123.7134,122.7762,120.1541,118.3089,114.9652,108.6738,108.2266,102.9563,103.5857,95.4149,96.0208,92.9570,89.0955,85.5628,0.0000,0.0000,0.0000,0.0000,0.0000,0.0000,0.0000,0.0000,0.0000,0.0000,0.0000,0.0000
1700000040.350000,-61.4,94.3716,99.7296,97.9439,100.3444,104.0096,101.0198,103.0049,107.8007,104.2353,107.9352,109.1238,113.8991,115.2779,113.1724,120.2082,118.3427,117.0342,116.8461,121.3796,118.5622,122.7884,123.2274,120.0000,124.2779,126.6057,125.0960,128.9690,132.8796,130.9198,132.3102,128.4056,133.2254,131.2098,129.9577,128.9729,127.6636,126.7320,125.8650,121.6224,117.4564,113.8991,112.1606,107.9352,104.3504,103.0049,96.5194,100.1249,94.8947,92.5905,89.0000,85.7963,86.3308,0.0000,0.0000,0.0000,0.0000,0.0000,0.0000,0.0000,0.0000,0.0000,0.0000,0.0000,0.0000
1700000040.400000,-59.4,94.0053,96.0000,101.3163,107.2986,99.1413,105.0762,108.1897,106.0990,110.0227,108.6692,116.2110,117.9534,118.5960,119.2686,120.5529,121.8524,126.2101,118.3089,123.9072,123.9072,123.4382,127.9101,121.6429,130.6981,132.0984,130.5105,136.0037,131.0267,139.2839,135.1518,138.4233,137.4373,136.0000,132.0038,136.4001,131.9280,131.5181,127.5343,122.7721,122.7721,115.4340,117.3243,113.2254,112.6410,104.7855,102.6109,102.4207,97.8673,94.5304,90.1388,90.0000,87.2066,0.0000,0.0000,0.0000,0.0000,0.0000,0.0000,0.0000,0.0000,0.0000,0.0000,0.0000,0.0000
1700000040.450000,-60.6,92.4392,95.0158,101.0198,101.0198,107.0047,100.6032,105.6456,105.3613,106.1508,112.4322,112.4322,113.1724,115.5206,120.5073,116.5161,118.8486,118.2244,121.6059,121.2023,120.1083,122.1147,125.0320,123.7134,125.0320,129.6534,125.8968,126.6570,133.7647,132.8345,138.1955,133.9590,137.7679,133.0939,128.6313,131.5485,130.6675,128.2225,125.6025,118.4061,115.4210,116.3873,114.8651,113.3578,108.2451,103.2763,103.2473,101.5332,96.3328,94.2019,90.9725,85.5862,84.5281,0.0000,0.0000,0.0000,0.0000,0.0000,0.0000,0.0000,0.0000,0.0000,0.0000,0.0000,0.0000
1700000040.500000,-60.9,100.0200,103.0049,103.2376,104.5801,105.5746,108.1897,111.9866,110.6345,116.4174,114.0044,115.5206,123.9677,123.0163,127.4716,124.3101,128.1562,125.7179,124.3905,129.2517,129.2517,129.7112,132.2309,129.3754,135.6945,134.8258,133.0939,140.3567,140.9823,139.2839,136.7516,139.9428,140.9007,142.3938,140.8013,138.4233,132.3783,135.0704,132.0984,132.0984,129.6187,123.4909,119.7748,117.9873,111.9732,111.9732,108.6692,103.3683,102.3914,98.9949,98.4124,94.0053,93.0860,0.0000,0.0000,0.0000,0.0000,0.0000,0.0000,0.0000,0.0000,0.0000,0.0000,0.0000,0.0000
1700000040.550000,-61.7,95.1893,96.1353,96.0469,99.7246,101.9804,99.0404,103.0970,105.0762,105.4751,109.2932,113.4416,112.0714,116.0043,113.0044,115.0043,119.1512,113.2828,119.2686,116.6190,120.7021,122.5887,120.5073,119.0798,123.4706,123.7942,123.7942,128.7245,124.9520,128.6546,129.6341,126.3012,128.0820,127.7380,128.0039,127.8828,127.3931,124.4026,120.2664,118.0678,116.0000,113.0177,111.0000,113.3578,100.1798,101.7104,99.1413,98.4784,95.1262,92.8924,89.8443,84.4334,81.4371,0.0000,0.0000,0.0000,0.0000,0.0000,0.0000,0.0000,0.0000,0.0000,0.0000,0.0000,0.0000
1700000040.600000,-66.2,96.7988,97.7548,103.3538,103.8316,110.9234,103.7545,105.8489,110.4943,110.7249,118.5960,119.2183,118.5960,122.5275,120.5405,121.5113,129.4372,122.9837,122.4827,125.0280,127.7693,128.9961,127.4755,128.7634,124.1974,125.2557,127.3185,122.0656,117.0043,122.0164,115.0174,119.2057,118.0678,115.3516,119.2057,125.3236,123.0447,125.7657,127.4755,126.6965,123.5557,120.6192,117.1751,124.1974,107.8564,108.8118,104.9952,104.5466,99.4032,101.9657,95.8801,92.9139,86.4002,0.0000,0.0000,0.0000,0.0000,0.0000,0.0000,0.0000,0.0000,0.0000,0.0000,0.0000,0.0000
1700000040.650000,-61.7,101.8234,100.4490,106.4049,104.2017,109.8089,108.2266,113.1592,108.4528,115.4859,117.2391,120.7684,120.4201,120.8305,122.7721,122.9309,125.8730,123.0163,125.3555,125.4193,128.3160,129.2826,129.0310,129.0310,126.4951,128.0976,129.4372,129.2478,122.4827,122.8088,121.0165,126.4951,121.8072,122.4827,125.8769,128.7867,123.9677,132.9662,129.6919,126.1784,124.2779,124.6515,119.0378,118.6802,112.8051,107.3313,108.2266,106.5505,101.3558,100.4042,95.0000,93.5094,88.3912,0.0000,0.0000,0.0000,0.0000,0.0000,0.0000,0.0000,0.0000,0.0000,0.0000,0.0000,0.0000
1700000040.700000,-63.8,91.4166,93.0215,99.3177,98.4886,100.8464,100.6578,104.6948,104.9952,107.5639,109.7679,113.7585,115.9526,115.9526,112.9690,112.9690,122.8007,120.5031,120.5985,117.2092,120.3370,121.2642,124.0040,122.1024,127.0039,127.0157,124.0040,127.0039,124.0161,125.0160,118.2709,127.0039,124.0000,124.0161,125.1958,125.0640,127.7693,127.5657,122.0533,122.4827,115.5725,118.5327,111.4630,112.5877,104.8093,103.3247,99.2975,102.5280,96.5660,93.9149,93.4773,86.2844,80.4487,0.0000,0.0000,0.0000,0.0000,0.0000,0.0000,0.0000,0.0000,0.0000,0.0000,0.0000,0.0000
1700000040.750000,-63.2,94.0691,99.0353,97.9490,104.3504,104.2017,106.4002,104.0096,107.6151,110.9820,112.0045,115.1043,116.3615,118.1059,119.1008,122.5765,120.7021,127.3892,119.9708,126.8109,123.9677,125.8650,128.8449,123.0813,130.5067,130.5067,131.4724,126.1467,126.1467,124.1974,129.6341,128.7867,125.1719,124.0403,131.6055,131.6055,128.7051,130.9198,127.5813,126.2894,127.3892,117.6860,118.5960,115.8706,112.2586,106.4706,100.4988,103.4650,96.5194,95.0000,91.8314,91.9674,86.4523,0.0000,0.0000,0.0000,0.0000,0.0000,0.0000,0.0000,0.0000,0.0000,0.0000,0.0000,0.0000
1700000040.800000,-62.8,103.5857,103.9471,105.5462,108.5035,106.0990,109.6586,107.9676,112.9292,115.7411,115.7411,119.8708,122.9309,123.1666,124.8119,132.0038,127.4755,128.8255,123.8911,129.3754,131.1259,131.4876,131.7270,125.5388,133.9888,135.3699,137.0110,141.1736,141.7357,143.1258,135.4290,142.0423,141.8344,143.8923,140.6556,138.3112,133.3604,136.8832,131.0458,130.1883,128.9496,124.0846,123.6932,119.2183,110.6797,108.9312,105.9906,105.3233,101.2719,98.7320,97.2523,96.0208,90.0888,0.0000,0.0000,0.0000,0.0000,0.0000,0.0000,0.0000,0.0000,0.0000,0.0000,0.0000,0.0000
1700000040.850000,-64.7,101.8234,101.1781,107.9352,109.3435,108.4066,110.4355,107.6476,108.5587,113.2078,116.7647,119.2015,122.1024,122.5765,125.2996,126.2101,123.8588,125.7179,122.9309,127.4716,128.3900,128.0820,130.9198,129.0271,129.2826,131.7346,131.7346,126.3843,126.9212,123.0813,128.3160,126.8267,125.2278,129.3561,133.7647,134.7368,135.0741,133.3304,131.8484,125.3994,127.4755,121.2353,119.4069,115.9741,111.6468,110.6752,102.6499,101.2126,102.4500,99.3579,96.1769,93.4345,87.2009,0.0000,0.0000,0.0000,0.0000,0.0000,0.0000,0.0000,0.0000,0.0000,0.0000,0.0000,0.0000
1700000040.900000,-62.4,97.3242,94.5410,103.5857,103.3247,105.9481,100.9604,103.0922,109.7315,111.7900,111.4854,116.4689,112.7298,118.0720,119.8541,114.4902,122.6744,117.8346,120.9339,119.2686,121.4949,122.0369,124.2779,124.2578,126.5069,125.8014,125.6025,129.6302,133.0601,128.8099,132.0038,126.0159,132.4122,132.8796,128.1600,128.6313,131.0267,124.0363,120.4409,123.4382,116.2970,119.1008,115.3170,113.5473,105.9481,101.8332,99.4585,102.6109,94.9210,97.1648,91.5478,89.0898,86.0058,0.0000,0.0000,0.0000,0.0000,0.0000,0.0000,0.0000,0.0000,0.0000,0.0000,0.0000,0.0000
1700000040.950000,-60.1,92.4770,96.4624,97.7190,100.5783,101.5332,103.3247,103.9423,108.0463,106.3673,108.6646,112.4455,112.1606,116.1551,116.0689,122.0656,118.0000,122.0041,116.0043,120.1499,120.2664,119.4194,120.5985,120.4159,123.1787,123.6851,128.5652,126.5899,127.5774,126.1507,128.1327,127.8828,127.6636,126.3962,126.3210,127.3185,122.1475,124.0645,124.0040,123.0650,120.0042,112.3610,112.4455,108.7796,102.2595,102.2595,97.8621,95.3415,94.6414,90.1388,84.8646,85.0882,81.8841,0.0000,0.0000,0.0000,0.0000,0.0000,0.0000,0.0000,0.0000,0.0000,0.0000,0.0000,0.0000
1700000041.000000,-62.7,93.2309,94.3027,98.6154,101.0198,102.0833,100.6231,104.2161,102.9563,109.6586,108.2682,113.5473,112.3610,114.1797,117.1751,118.0042,119.1008,118.4567,117.2775,117.8855,121.2023,120.8387,121.6553,123.1787,126.3962,126.6689,127.3931,123.3288,123.4058,125.3994,125.1000,126.8897,127.0118,127.1417,127.1417,126.7517,126.3012,127.7380,122.7844,119.8165,120.0708,114.4814,113.2254,109.4166,106.8925,101.7693,98.0867,95.3415,94.4140,93.8136,87.9830,87.0057,83.0963,0.0000,0.0000,0.0000,0.0000,0.0000,0.0000,0.0000,0.0000,0.0000,0.0000,0.0000,0.0000
1700000041.050000,-61.0,98.3260,100.1249,100.0050,104.0048,105.3043,104.1201,108.6646,108.5587,105.9292,110.2180,112.5877,117.4436,119.3692,119.2518,123.3694,123.6487,120.8139,120.5529,124.4829,122.9309,125.3555,124.0846,124.4829,126.1784,130.7364,134.1641,137.3062,136.0000,136.0000,134.2386,132.3783,138.6362,139.2049,137.3208,135.7719,132.9135,133.0150,129.6187,124.3101,123.3288,118.2962,115.8016,115.8016,107.7079,106.0990,98.6560,101.2719,100.3195,98.3260,91.1373,88.0057,86.3713,0.0000,0.0000,0.0000,0.0000,0.0000,0.0000,0.0000,0.0000,0.0000,0.0000,0.0000,0.0000
1700000041.100000,-61.2,104.1201,100.0050,103.0049,108.0741,108.1157,108.2959,110.8873,113.8640,112.4500,117.0854,122.5765,120.3038,122.2620,125.4193,125.0000,127.4402,125.8730,125.5906,126.6491,130.1730,129.4488,130.0000,129.6187,132.8495,134.2386,132.8495,135.0592,142.6639,139.9786,139.9786,137.3827,140.0357,138.3980,139.3162,135.7682,136.7041,132.8533,130.9427,132.0038,125.1599,124.9080,119.8541,120.4159,114.5862,111.1575,103.6967,101.4002,103.3102,101.0050,96.0208,96.3328,91.2414,0.0000,0.0000,0.0000,0.0000,0.0000,0.0000,0.0000,0.0000,0.0000,0.0000,0.0000,0.0000
1700000041.150000,-64.8,93.7230,93.5094,96.8762,97.6729,97.5910,100.4988,100.8960,102.1763,102.4500,107.6476,109.2886,113.7409,113.8771,113.8771,112.1606,117.9915,116.8461,114.9478,116.2970,118.0678,118.5116,119.2309,118.1863,122.1966,120.5529,121.4907,125.9365,129.0969,127.1377,128.7517,122.9309,128.5146,126.8464,125.2996,126.1428,124.8119,124.8119,118.9622,116.4689,113.0177,112.0580,110.6752,108.2266,96.0208,100.0000,98.0816,93.7230,90.5538,87.7269,85.5628,84.6463,76.5506,0.0000,0.0000,0.0000,0.0000,0.0000,0.0000,0.0000,0.0000,0.0000,0.0000,0.0000,0.0000
1700000041.200000,-64.3,91.4385,94.7945,95.4620,98.3514,97.4526,99.3579,103.4070,104.6231,106.5317,109.0000,113.5341,115.1043,115.4859,113.6002,118.9664,117.0000,116.0776,116.4689,118.5960,120.2082,121.4331,120.0708,117.4436,124.1934,126.9212,124.7237,128.6546,130.0500,129.6341,129.5222,130.4952,129.7575,129.7575,130.7287,127.8828,123.6649,121.4331,123.3694,120.1541,119.7748,113.4637,116.0776,107.0187,105.1903,101.5185,99.3630,98.4886,93.8136,87.0919,88.6002,87.0460,84.1487,0.0000,0.0000,0.0000,0.0000,0.0000,0.0000,0.0000,0.0000,0.0000,0.0000,0.0000,0.0000
1700000041.250000,-63.6,94.6256,98.4784,98.9798,102.2155,106.4706,102.4744,107.0187,107.3359,111.6154,113.0885,115.8792,117.3243,120.1665,121.5648,121.5648,125.1719,120.8305,123.7619,122.4827,125.7657,126.3012,128.4134,125.4472,127.8828,127.7693,125.7816,127.4755,118.6086,124.2578,119.6035,122.8007,119.0798,120.5073,122.4827,125.9365,128.0976,130.6139,126.1269,126.1269,120.2082,120.2082,115.4340,116.7090,109.3846,103.6195,102.4597,101.0742,98.4124,99.4786,95.1315,92.6175,85.7030,0.0000,0.0000,0.0000,0.0000,0.0000,0.0000,0.0000,0.0000,0.0000,0.0000,0.0000,0.0000
1700000041.300000,-57.1,92.6984,99.0353,97.6217,101.2373,100.0050,102.8251,101.8283,105.8017,107.8007,108.1665,110.9820,115.9741,113.6486,114.5295,117.1836,120.7684,117.3882,118.3089,117.9237,117.1751,122.7721,122.7762,120.5529,124.9200,126.8109,124.0403,131.7346,131.7346,132.8533,131.4724,128.7362,131.6055,133.1353,128.5146,131.9129,129.6187,126.2894,123.9072,118.5960,120.3038,112.6987,110.0182,110.5351,102.3963,102.3426,98.6002,99.4032,95.9010,94.3663,90.6090,88.4590,82.4621,0.0000,0.0000,0.0000,0.0000,0.0000,0.0000,0.0000,0.0000,0.0000,0.0000,0.0000,0.0000
1700000041.350000,-63.2,92.1954,94.9210,97.1648,98.8585,98.4124,100.4042,101.1781,105.0190,107.0187,107.0747,111.1620,112.6410,112.4455,115.9741,115.7325,117.0983,117.5457,116.5590,117.4777,120.2206,117.8855,120.8305,118.1271,121.1652,125.0000,124.7237,128.4445,127.8828,128.8449,127.8828,127.0945,129.7575,128.8604,126.6965,128.0820,124.7798,121.8236,119.2183,119.9417,115.6244,112.1115,111.0721,107.0047,104.0048,101.0792,94.3398,94.4299,92.2280,90.4268,86.6833,85.6154,80.6536,0.0000,0.0000,0.0000,0.0000,0.0000,0.0000,0.0000,0.0000,0.0000,0.0000,0.0000,0.0000
1700000041.400000,-62.7,96.6488,96.6075,100.6479,101.0198,105.1095,101.0198,101.9215,104.8093,106.6068,111.6109,113.5650,114.7563,119.6829,120.0708,117.0983,122.6907,118.7139,120.2664,120.0667,122.1024,123.1016,124.0161,127.0984,126.1428,127.0039,123.0041,127.0157,121.1487,123.0650,121.2642,123.0650,118.0000,121.0041,125.0640,125.1439,123.2599,127.3931,123.9113,123.0447,120.5073,121.0620,112.6144,114.5426,104.7855,100.8960,100.9604,99.9600,91.7606,94.9368,92.5743,89.9444,81.2711,0.0000,0.0000,0.0000,0.0000,0.0000,0.0000,0.0000,0.0000,0.0000,0.0000,0.0000,0.0000
1700000041.450000,-61.3,96.0417,100.1249,102.2008,100.6032,105.4230,98.5951,105.6456,105.4751,111.0180,111.1261,115.5206,117.2902,114.6342,117.6138,120.0000,122.5887,120.1083,119.2686,119.8874,123.4909,127.3185,126.0516,120.9339,125.6702,130.1422,128.3511,131.9470,136.4001,132.8495,134.6588,130.5986,134.1641,135.1185,128.1288,133.9590,127.6245,127.6245,126.7517,120.2082,119.8541,117.0043,112.0045,117.1537,106.9626,102.6499,101.1187,104.6900,97.9490,96.3328,93.0860,86.5332,80.7775,0.0000,0.0000,0.0000,0.0000,0.0000,0.0000,0.0000,0.0000,0.0000,0.0000,0.0000,0.0000
1700000041.500000,-61.9,89.9444,94.7629,94.1913,100.0800,98.0051,100.0800,101.0792,102.1763,104.3887,108.6646,112.6410,112.6144,112.7874,116.9017,113.7717,115.2085,114.2366,115.4470,118.0042,119.3692,116.0905,120.8056,117.3414,123.4909,126.5306,121.6306,121.8524,128.1600,129.0775,127.3892,126.8109,131.1030,123.3694,126.1784,125.0000,123.7619,121.2765,121.8072,118.4567,114.7563,113.2828,109.1787,108.7796,102.3132,100.1249,96.0000,98.0204,93.0860,91.4440,87.9659,87.0976,80.7775,0.0000,0.0000,0.0000,0.0000,0.0000,0.0000,0.0000,0.0000,0.0000,0.0000,0.0000,0.0000
1700000041.550000,-63.4,100.1249,105.0190,104.0192,107.0047,107.2287,108.5587,107.6708,109.4897,115.5725,113.1592,117.3882,121.2972,124.4548,125.8730,125.2837,123.3288,121.8401,125.3555,128.1562,126.4634,130.0000,130.7823,127.2360,132.8834,128.8255,135.5323,134.8258,137.8296,137.7679,134.2386,137.3062,139.5314,140.1178,136.9708,135.7719,135.7719,133.7012,130.3840,127.1377,123.3288,119.6411,118.4061,116.4174,107.2800,108.6738,101.9657,103.9471,104.3072,98.0204,94.0851,93.0215,87.8237,0.0000,0.0000,0.0000,0.0000,0.0000,0.0000,0.0000,0.0000,0.0000,0.0000,0.0000,0.0000
1700000041.600000,-58.5,96.6282,98.6560,100.4390,107.2007,103.3247,106.7380,107.0047,110.0545,112.8938,111.2340,113.7189,116.2970,118.5327,121.6553,123.8790,120.7684,123.6649,117.6180,125.5388,126.5701,125.7179,127.0945,123.7134,128.8099,127.8828,130.2075,136.0147,132.0606,139.8463,130.2075,136.7406,135.3699,135.3699,133.2554,134.3317,128.1288,126.1784,128.8255,123.0041,127.2360,119.0378,118.1059,112.8938,107.8564,105.6504,102.3914,100.4390,97.3242,94.2019,91.3510,88.0227,88.1419,0.0000,0.0000,0.0000,0.0000,0.0000,0.0000,0.0000,0.0000,0.0000,0.0000,0.0000,0.0000
1700000041.650000,-62.3,94.8683,100.6876,99.6444,110.5351,102.4744,105.1190,105.5462,110.5712,110.3087,109.0046,117.3243,119.2183,120.2082,120.0708,122.8007,121.0496,123.2234,121.0496,122.3765,126.6965,124.3382,127.5774,124.7798,126.6689,127.8828,127.6636,123.6851,125.8968,119.9417,123.9113,119.0798,124.4588,121.2023,127.5774,127.6754,128.2654,130.0500,125.8769,123.2274,122.8007,115.7670,114.8260,111.3283,112.5389,106.6208,100.2247,102.8834,100.3444,92.6499,92.0869,90.4268,85.7030,0.0000,0.0000,0.0000,0.0000,0.0000,0.0000,0.0000,0.0000,0.0000,0.0000,0.0000,0.0000
1700000041.700000,-62.4,97.2677,104.1201,105.9481,105.3043,108.6324,108.2682,115.4513,114.4945,116.2755,116.9701,121.2642,121.5936,124.5351,125.6025,122.3193,126.8267,127.0039,125.1000,126.3725,127.1417,128.8449,131.0458,128.0820,135.1037,137.1787,138.6218,136.4734,138.6218,136.4734,140.0357,137.8876,139.3162,139.4453,135.4733,139.8177,134.1827,134.9518,128.0625,129.8076,123.8103,122.3193,119.8165,117.4777,110.6391,107.4244,107.7822,102.0441,103.2473,99.6243,95.5092,93.6216,89.1067,0.0000,0.0000,0.0000,0.0000,0.0000,0.0000,0.0000,0.0000,0.0000,0.0000,0.0000,0.0000
1700000041.750000,-59.9,83.9524,89.2693,88.6848,94.6414,91.4440,93.5361,91.1976,98.0051,99.0202,99.1262,101.1781,106.4706,107.5639,107.0561,107.3778,103.6967,110.8873,107.6708,109.4897,108.5035,111.8034,111.8034,108.4666,110.7249,114.7258,114.7258,115.6936,115.4470,119.3692,115.4470,118.3596,119.6411,118.2582,116.7262,114.8564,113.7717,111.4630,110.8873,108.5587,108.4620,103.0437,106.0424,98.0051,97.0052,90.1388,86.5794,90.0944,85.5102,81.2158,81.0247,78.7464,74.0945,0.0000,0.0000,0.0000,0.0000,0.0000,0.0000,0.0000,0.0000,0.0000,0.0000,0.0000,0.0000
1700000041.800000,-62.9,99.3630,96.1769,98.0867,103.3683,103.6195,106.6255,105.9481,106.9018,111.6826,111.0856,115.9526,118.4567,117.2391,117.2391,117.7115,121.0620,122.5887,120.4159,123.1463,122.2620,126.5701,124.1451,124.1008,127.0000,127.0039,127.0984,122.0164,122.0041,122.0164,122.0164,125.0000,121.0165,125.0640,123.1016,125.3994,127.3931,127.3931,125.0280,123.0447,121.2023,115.3170,114.5426,111.0856,107.2007,105.6504,101.8332,102.8834,100.4639,96.1769,90.8240,90.5538,84.0536,0.0000,0.0000,0.0000,0.0000,0.0000,0.0000,0.0000,0.0000,0.0000,0.0000,0.0000,0.0000
1700000041.850000,-61.7,100.9752,97.8621,104.0481,104.8093,108.5219,107.5639,110.4943,107.7033,110.5712,113.7189,117.6860,121.6553,120.3079,119.4738,119.5701,125.6423,121.2642,122.1147,122.0656,128.0039,124.0161,125.6025,127.0039,127.1417,131.8219,128.4251,129.5569,136.7809,136.2351,135.2812,129.9577,133.3042,133.6862,132.0038,131.8219,131.4001,127.8828,123.7134,121.5936,115.1217,115.9741,114.6124,114.1271,104.6566,104.6518,98.4886,97.8621,96.4624,94.5569,88.7694,87.4757,87.4643,0.0000,0.0000,0.0000,0.0000,0.0000,0.0000,0.0000,0.0000,0.0000,0.0000,0.0000,0.0000
1700000041.900000,-61.0,92.6121,99.3680,101.5135,109.7862,103.4070,107.0047,104.2929,109.6586,109.2383,111.4630,119.8541,120.8139,117.8346,120.2664,122.2620,121.0661,122.0656,121.0165,127.0000,127.0630,127.0630,127.0984,124.0645,127.7693,125.8968,125.3236,125.0280,119.6035,118.0890,125.8968,118.6086,119.2686,119.2686,121.2642,124.0040,128.0000,124.0040,127.0630,124.1008,122.2620,118.2709,117.6138,115.6244,111.9866,105.0762,99.4636,101.1385,97.2677,95.5092,93.0484,88.5664,87.3212,0.0000,0.0000,0.0000,0.0000,0.0000,0.0000,0.0000,0.0000,0.0000,0.0000,0.0000,0.0000
1700000041.950000,-61.9,94.8683,101.8332,102.6255,107.6151,103.5857,108.5587,106.4706,108.2405,112.6987,110.9820,119.0378,119.6161,119.5408,121.1156,120.2082,119.8165,126.1269,115.9483,125.7179,126.1467,122.0041,125.7179,124.7397,127.1417,128.4134,127.5774,126.7517,123.1787,124.0363,120.2082,122.6418,123.3572,125.1719,129.7575,129.7575,130.0000,130.4952,125.5747,124.6194,125.8650,114.8260,120.7021,111.4854,111.4854,106.4519,102.9563,98.4784,94.8683,93.2309,92.8009,86.8332,83.4386,0.0000,0.0000,0.0000,0.0000,0.0000,0.0000,0.0000,0.0000,0.0000,0.0000,0.0000,0.0000
1700000042.000000,-63.3,101.6366,104.3887,102.8834,108.8485,103.7304,108.5219,110.6029,111.3239,111.3239,110.3177,117.2391,121.0620,121.0620,123.4058,124.0363,122.2620,127.3185,124.2578,127.0157,127.0039,127.0984,125.0040,124.0161,127.3185,126.2537,123.3288,119.2686,121.2642,117.3456,121.3343,122.0656,114.0044,117.0043,119.0168,119.0168,126.0635,125.1000,127.3185,124.5793,123.9113,119.6829,120.5073,113.7717,110.4219,107.7079,102.4890,101.1929,103.1213,96.3846,94.8103,90.3549,89.0449,0.0000,0.0000,0.0000,0.0000,0.0000,0.0000,0.0000,0.0000,0.0000,0.0000,0.0000,0.0000
1700000042.050000,-59.9,91.0000,93.0860,96.5194,99.1413,99.4636,99.4636,102.8397,103.8123,106.7333,106.6068,112.3610,114.4814,114.5862,112.1606,109.2016,115.8706,116.2970,118.1863,117.6180,119.5701,119.4738,123.1666,120.0667,125.6423,123.1666,120.9504,127.3185,129.7999,130.0961,129.7999,127.6245,130.0846,128.1600,126.4002,128.6313,127.9414,125.6702,118.5960,119.5073,116.0776,116.4689,110.6933,111.6647,103.7304,102.4890,97.5295,93.8616,91.9239,91.7878,89.4539,86.0930,82.0244,0.0000,0.0000,0.0000,0.0000,0.0000,0.0000,0.0000,0.0000,0.0000,0.0000,0.0000,0.0000
1700000042.100000,-65.3,97.0000,96.1301,96.4210,102.1078,102.7716,101.2719,103.1601,104.2929,107.7033,112.0892,111.4002,114.4902,114.8260,114.8260,115.8792,121.3343,119.5073,118.9664,118.0720,123.0041,118.9664,125.6702,120.7684,126.9094,124.4227,125.1958,131.0267,128.1600,129.0039,127.9453,129.4952,133.9590,132.0038,127.9414,127.4755,123.0041,127.9531,122.5765,119.9708,119.0378,113.8859,112.5789,110.3676,104.9952,102.6109,98.2700,97.3242,94.2019,91.9239,91.1976,85.0059,82.2192,0.0000,0.0000,0.0000,0.0000,0.0000,0.0000,0.0000,0.0000,0.0000,0.0000,0.0000,0.0000
1700000042.150000,-59.8,101.3903,96.4624,102.7862,102.1421,105.2616,104.2929,106.7052,110.3177,111.7587,113.9912,118.7139,118.2709,120.4159,119.0672,119.0672,126.0040,119.0672,123.0650,122.3315,123.4058,123.3288,126.8897,127.5657,127.1417,127.1417,128.7245,124.6154,123.1666,127.7380,124.1974,124.6154,122.6418,122.4827,125.8968,122.9187,122.4091,125.2557,127.0630,124.0000,120.0042,120.0167,113.0044,115.1086,107.2986,107.3778,101.7104,101.4347,98.2700,97.5295,93.3006,90.4765,84.9706,0.0000,0.0000,0.0000,0.0000,0.0000,0.0000,0.0000,0.0000,0.0000,0.0000,0.0000,0.0000
1700000042.200000,-64.5,100.0050,102.3132,100.7174,110.0273,103.7545,110.4219,106.0990,114.9826,113.0531,114.1797,121.4331,118.5960,121.0785,120.1541,125.5388,122.0041,126.6254,119.0126,128.3511,126.5899,126.5622,127.5343,123.0650,127.9453,131.8825,133.9590,138.2317,129.6534,140.9823,133.6001,139.6710,137.0584,138.2353,134.6477,133.2704,130.6790,129.7690,127.3892,123.8588,126.5306,117.0043,120.2082,114.1797,112.0892,103.9423,100.0200,103.4070,100.4042,94.1913,93.0860,93.0215,90.4489,0.0000,0.0000,0.0000,0.0000,0.0000,0.0000,0.0000,0.0000,0.0000,0.0000,0.0000,0.0000
1700000042.250000,-60.3,95.5196,96.6075,101.9657,101.9657,99.3630,103.9423,104.8618,104.0096,108.0046,111.8302,110.2089,115.2562,117.0043,117.6138,116.3873,120.2414,117.3797,121.6224,121.6306,121.7539,121.6306,126.2537,119.0042,123.9879,129.6341,128.4251,128.8449,133.0601,131.2440,131.2098,129.7266,134.6180,131.8939,130.9084,130.9084,126.5741,125.8968,122.6744,119.8541,119.4738,119.4738,111.0405,111.2520,107.3359,104.0096,97.9439,98.4886,95.8801,94.5410,88.9550,88.8876,81.7863,0.0000,0.0000,0.0000,0.0000,0.0000,0.0000,0.0000,0.0000,0.0000,0.0000,0.0000,0.0000
1700000042.300000,-60.7,97.3088,98.8433,101.5185,102.4744,104.1009,100.1249,105.4372,108.8531,107.0047,116.5161,118.5622,117.4564,120.2414,118.8276,122.3315,123.7942,121.7539,123.9879,124.9640,127.4402,125.1000,125.0000,125.0000,129.7999,130.8014,125.9246,130.6331,134.2386,133.9627,135.0741,135.6650,136.4844,134.6180,133.2216,131.2098,133.0601,127.7811,128.8875,126.6689,119.5199,119.5199,116.6748,116.7776,106.5270,105.6456,101.8283,98.6002,98.2293,99.6444,90.8240,90.8020,83.5703,0.0000,0.0000,0.0000,0.0000,0.0000,0.0000,0.0000,0.0000,0.0000,0.0000,0.0000,0.0000
1700000042.350000,-63.9,91.5860,93.4773,97.4526,99.0202,99.3579,96.5401,100.4490,101.8234,102.6499,106.1037,104.8046,108.3744,110.8873,111.2115,112.0045,113.7189,111.2205,115.3776,113.8771,114.5862,115.4340,115.4859,115.6028,120.3536,120.7477,118.9622,122.5398,124.4829,121.8524,126.1150,125.2398,126.1150,127.0590,124.4227,122.2988,126.9094,117.9915,118.1524,113.7189,112.0714,110.4355,107.0047,107.8007,101.4150,95.7758,95.4830,91.9239,94.1116,89.4986,85.2760,85.4400,78.7718,0.0000,0.0000,0.0000,0.0000,0.0000,0.0000,0.0000,0.0000,0.0000,0.0000,0.0000,0.0000
1700000042.400000,-62.0,99.8499,100.3444,100.6876,107.6476,104.8093,106.8270,111.0405,107.9352,114.7693,110.3177,117.3797,119.6035,121.8277,121.5113,125.6065,123.2274,127.0039,121.4002,128.9690,126.8267,126.4002,128.1600,123.9758,129.8653,131.3697,130.6981,137.2006,131.6093,139.9428,132.2309,138.2317,138.7552,135.0741,134.5288,135.4290,130.6024,129.6187,128.0625,126.5069,124.0846,121.0826,118.9286,117.3797,111.7229,109.8772,101.0445,101.8283,100.8018,95.2103,91.8096,92.6607,88.2383,0.0000,0.0000,0.0000,0.0000,0.0000,0.0000,0.0000,0.0000,0.0000,0.0000,0.0000,0.0000
1700000042.450000,-63.5,46.1736,43.6807,49.3356,51.6624,46.8722,48.0833,49.4975,52.3927,50.6360,55.4437,55.2268,55.0091,55.0091,54.0093,53.0377,60.0750,57.0351,57.0351,58.0345,56.2228,60.1332,58.1378,58.3095,60.0167,60.8276,58.8558,60.6712,64.1327,61.9839,64.7765,62.8013,62.5140,64.6297,61.2046,61.4003,61.1310,59.2115,60.0750,58.0345,56.0357,56.0089,54.0370,54.1479,49.3660,49.1630,47.8539,44.7214,46.0977,44.3847,43.9659,42.7200,41.1461,0.0000,0.0000,0.0000,0.0000,0.0000,0.0000,0.0000,0.0000,0.0000,0.0000,0.0000,0.0000
1700000042.500000,-62.8,96.1873,98.5089,100.8415,102.2595,101.2719,102.7716,105.5130,104.8093,108.6692,111.3283,113.5473,115.8792,115.7670,113.4637,117.0000,118.1059,115.8706,117.6180,121.2353,121.6553,122.5439,122.6744,119.5701,126.0516,127.6245,126.7793,128.1600,131.7649,129.7999,133.4054,132.4009,131.3697,131.6093,128.4134,127.0590,124.3262,127.5343,119.9208,121.7415,117.1751,114.5862,114.8260,111.3283,104.6948,99.9250,96.3172,98.4784,95.1893,93.7710,89.4539,87.0230,82.3893,0.0000,0.0000,0.0000,0.0000,0.0000,0.0000,0.0000,0.0000,0.0000,0.0000,0.0000,0.0000
1700000042.550000,-61.5,92.4175,92.8924,94.8683,97.7190,98.2344,96.5660,104.7855,103.3151,100.6479,107.4244,109.1787,108.4066,111.0180,111.6468,110.9820,115.3776,111.2520,110.6797,115.4340,114.2016,115.8016,117.0043,113.4063,119.7539,119.7539,119.8541,124.6515,122.6744,125.3994,122.0246,125.1000,126.5069,123.2274,124.0363,121.7580,120.3703,116.5032,115.9741,112.0045,110.1454,107.3313,103.7545,103.3683,97.1700,96.2081,92.0272,91.0934,89.0225,87.0976,84.5281,82.6075,79.1581,0.0000,0.0000,0.0000,0.0000,0.0000,0.0000,0.0000,0.0000,0.0000,0.0000,0.0000,0.0000
1700000042.600000,-61.4,97.9490,96.6747,100.6032,103.0049,101.7890,104.2929,106.0000,106.4706,109.1787,110.9414,114.4902,115.8706,118.3089,117.9237,121.8524,119.6161,122.0901,115.8792,123.6649,123.9677,123.9677,123.7619,121.1652,125.6344,130.9695,129.5222,129.0310,131.4724,128.7867,130.7287,130.5067,131.7346,132.5632,128.0820,130.9198,125.2517,128.5146,123.1666,121.7415,120.7684,116.2755,113.1768,110.0591,107.3778,103.4650,99.2975,98.6002,96.0469,91.3510,90.5097,89.1403,84.8116,0.0000,0.0000,0.0000,0.0000,0.0000,0.0000,0.0000,0.0000,0.0000,0.0000,0.0000,0.0000
1700000042.650000,-58.4,94.2019,95.1893,96.1301,104.1729,101.0198,102.0784,102.0049,104.0769,101.1237,107.3778,112.6410,111.7587,116.2497,114.5862,114.7563,117.4777,119.3315,114.0044,121.7539,118.3596,119.8165,123.2274,117.4436,121.7580,122.3806,123.0325,129.0271,126.1943,133.1353,129.3561,128.7051,131.3202,131.3202,128.8449,125.8769,123.6932,123.0000,121.2023,119.6829,115.9741,115.7325,112.7519,108.2959,102.0196,101.0050,97.0824,96.1873,94.3398,91.2414,91.2414,82.4621,79.7120,0.0000,0.0000,0.0000,0.0000,0.0000,0.0000,0.0000,0.0000,0.0000,0.0000,0.0000,0.0000
1700000042.700000,-65.0,97.8366,99.8248,101.2373,106.0754,101.9117,103.5857,103.0776,106.2544,108.7244,108.1665,113.7409,117.9915,117.8346,119.0000,120.7684,117.1708,120.7684,116.7262,121.8524,123.1666,121.8524,127.7693,121.0785,125.8650,129.3561,127.1377,129.9731,134.7368,132.8533,129.9731,131.9129,135.1925,130.3840,129.6187,133.4166,124.3905,123.5678,122.5439,123.0650,122.1884,117.1367,115.4340,110.6752,107.8981,104.2017,100.6032,97.8366,94.9210,91.9239,90.5097,90.0278,89.3085,0.0000,0.0000,0.0000,0.0000,0.0000,0.0000,0.0000,0.0000,0.0000,0.0000,0.0000,0.0000
1700000042.750000,-63.9,103.3538,103.3683,104.3887,105.3091,108.2682,107.5174,107.5174,108.5219,117.0470,112.0580,117.2775,117.7115,121.0620,124.1692,120.9339,123.9113,124.5793,122.5887,123.1016,122.2620,127.3185,126.0992,126.0159,127.0157,126.0040,125.0640,121.0165,121.0661,121.0165,123.1016,121.0000,119.0000,121.0661,125.1000,125.2557,127.2517,127.3931,123.6851,123.0447,121.0620,117.8855,114.3372,111.0856,105.5130,103.0922,94.8683,98.3514,95.2733,94.0213,90.3770,90.9175,84.0595,0.0000,0.0000,0.0000,0.0000,0.0000,0.0000,0.0000,0.0000,0.0000,0.0000,0.0000,0.0000
1700000042.800000,-62.0,101.0198,104.0625,105.6220,109.4806,108.4159,107.2007,110.3540,109.6586,113.7717,114.2716,120.9339,119.7080,122.2620,122.1024,123.2599,126.0000,123.0000,123.0041,124.0161,124.0161,126.0040,127.0984,126.2537,126.6689,125.6742,126.8897,126.1507,122.0533,122.0533,122.1884,123.4058,119.6035,119.1512,122.1024,126.0159,123.0163,127.0039,124.0645,124.0161,120.1041,116.2755,113.2828,113.7453,108.0463,103.9423,102.6109,101.9215,96.5660,98.0306,91.7606,91.9239,84.5340,0.0000,0.0000,0.0000,0.0000,0.0000,0.0000,0.0000,0.0000,0.0000,0.0000,0.0000,0.0000
1700000042.850000,-59.0,97.0000,95.4620,101.5332,101.3163,102.3035,103.4070,103.0049,105.6835,110.9820,111.6468,113.5341,114.6124,116.7262,117.1708,119.0126,122.2497,121.0785,118.3089,119.2686,117.6520,121.7580,122.3806,121.4331,123.0813,128.8449,127.6127,125.8769,130.9695,128.0625,130.7287,127.8828,131.7346,128.8449,127.4873,126.8109,127.4716,122.4296,119.0378,119.1008,115.8706,116.2970,108.2266,110.0182,102.0833,101.0198,93.8136,98.1835,96.0208,90.4268,87.3212,86.2670,83.0963,0.0000,0.0000,0.0000,0.0000,0.0000,0.0000,0.0000,0.0000,0.0000,0.0000,0.0000,0.0000
1700000042.900000,-61.7,98.0816,100.8811,100.0900,103.7304,104.3887,105.3091,108.2266,110.0591,111.4136,114.3897,113.7409,115.6633,117.6435,116.6062,118.4610,121.8236,119.6328,120.1041,122.6744,122.0246,123.4342,125.3994,122.4296,125.8968,130.8320,130.1153,132.2309,132.2309,135.7645,132.2762,133.0038,132.2762,133.3042,130.2997,129.3213,127.6636,128.0625,123.2274,124.4026,121.0165,117.0470,116.1077,112.0580,107.4244,105.5462,98.8989,100.2247,96.7729,95.2733,89.1852,89.2693,86.3134,0.0000,0.0000,0.0000,0.0000,0.0000,0.0000,0.0000,0.0000,0.0000,0.0000,0.0000,0.0000
1700000042.950000,-62.0,100.0200,96.0833,104.1201,104.8093,102.8251,102.1078,103.5857,104.5610,105.2616,112.2943,113.3225,114.4814,118.2962,117.3243,117.3243,123.5678,117.3882,123.8588,122.5765,124.3382,119.9208,125.2198,121.6553,127.6323,127.4755,125.8968,130.3610,131.8825,128.1288,132.0984,128.9961,132.0038,131.0611,130.6139,127.9101,131.5181,124.3905,124.6154,119.5408,115.4340,115.4340,109.7679,115.5206,100.8960,104.7855,99.4636,98.8585,97.5141,100.3195,91.0879,87.0230,85.4751,0.0000,0.0000,0.0000,0.0000,0.0000,0.0000,0.0000,0.0000,0.0000,0.0000,0.0000,0.0000
1700000043.000000,-63.9,96.5194,96.6075,99.3579,97.1854,102.6499,103.4795,104.6518,103.2763,109.6586,108.4666,112.2943,114.6342,113.6002,116.7647,117.0684,117.0470,116.2110,115.4340,120.4409,119.5701,118.5960,120.7477,118.0720,123.4828,122.5765,125.2398,129.3561,128.6934,128.9496,130.0000,130.6790,130.6790,127.0472,129.2517,126.1784,124.9080,126.4002,120.0667,117.5968,118.1905,114.2847,114.6211,111.0180,104.0192,100.8960,94.9210,96.2601,96.1769,92.0978,88.8651,90.0000,84.0595,0.0000,0.0000,0.0000,0.0000,0.0000,0.0000,0.0000,0.0000,0.0000,0.0000,0.0000,0.0000
1700000043.050000,-60.9,93.3006,95.1893,97.5295,100.0000,98.9545,100.2247,102.2595,105.7213,109.0367,107.6708,109.6586,112.0714,115.0174,118.0042,116.1077,118.1059,119.1050,115.1086,118.1524,116.1551,120.1041,122.6907,116.6190,121.0620,124.0363,125.1599,127.0118,128.1327,128.4134,126.1507,127.6636,126.5701,127.3931,127.2517,126.2537,126.0635,120.1041,119.0042,118.1059,118.1059,111.2879,109.4578,109.6586,102.8251,101.7890,95.1262,95.8019,92.7200,90.4765,88.0227,84.5281,79.2591,0.0000,0.0000,0.0000,0.0000,0.0000,0.0000,0.0000,0.0000,0.0000,0.0000,0.0000,0.0000
1700000043.100000,-63.5,97.7190,98.2344,100.8464,102.5524,106.4519,102.0000,105.8159,105.3091,113.2078,113.1592,113.1592,115.4340,115.4210,117.0043,120.2539,122.4949,118.1905,123.9879,119.5199,123.0691,121.0165,126.5741,125.8650,123.4342,129.5569,128.2225,133.3042,133.3042,132.5481,133.3042,128.7245,128.2225,130.9084,131.5219,132.2762,132.3820,128.2225,124.3262,119.8541,114.6342,117.8007,112.0045,113.4637,106.5317,102.3963,100.3444,102.0000,96.6075,97.1700,88.9550,88.8876,84.6463,0.0000,0.0000,0.0000,0.0000,0.0000,0.0000,0.0000,0.0000,0.0000,0.0000,0.0000,0.0000
1700000043.150000,-61.9,100.1699,105.5462,102.5914,106.2121,105.6835,107.2986,108.1157,107.0747,113.0000,110.0727,115.0695,120.2040,121.5936,124.4869,121.8072,122.4827,122.4827,122.4827,123.3572,126.4951,123.7619,125.3994,124.4267,127.2006,131.7346,129.6919,132.8533,133.8096,135.0296,133.1503,132.8533,130.0807,129.0310,130.7287,131.0267,127.3460,128.8914,126.4358,122.3315,119.0798,117.3456,115.2128,115.2779,107.1168,104.0192,103.0049,100.0200,101.1237,94.6414,92.0706,92.4175,84.7703,0.0000,0.0000,0.0000,0.0000,0.0000,0.0000,0.0000,0.0000,0.0000,0.0000,0.0000,0.0000
1700000043.200000,-59.3,100.0200,98.0816,100.4042,105.3850,106.0660,102.8251,108.1897,106.0990,107.7079,111.5706,109.7679,115.5206,115.7670,117.1751,120.2082,117.1751,122.2497,116.0776,122.5765,122.5765,123.4828,126.1150,120.7477,127.0945,128.6313,128.9961,127.0945,131.8825,134.1119,131.5485,129.4952,132.0038,132.8345,130.6139,130.6790,123.9072,125.2198,122.6540,121.8524,118.3089,112.7209,112.2720,111.4002,106.3203,103.5857,98.0612,97.3242,96.7471,91.4440,90.1388,87.0000,87.1436,0.0000,0.0000,0.0000,0.0000,0.0000,0.0000,0.0000,0.0000,0.0000,0.0000,0.0000,0.0000
1700000043.250000,-65.1,82.7647,83.6301,87.2353,89.8999,87.4643,91.9239,90.8240,89.5377,93.6803,92.7200,96.5660,97.2934,101.0000,100.4490,100.4490,103.8171,102.1078,100.1299,104.5801,103.4843,103.6967,104.4797,103.3102,107.1168,108.0417,109.0183,109.0183,108.0417,112.0045,110.0045,113.1106,112.1115,112.2185,109.2932,110.4536,105.4751,107.5639,103.8171,101.4347,99.6394,96.1041,94.7259,90.4710,87.6413,83.4865,81.7068,80.7775,79.8499,75.2396,73.3485,71.3442,71.2811,0.0000,0.0000,0.0000,0.0000,0.0000,0.0000,0.0000,0.0000,0.0000,0.0000,0.0000,0.0000
1700000043.300000,-62.7,98.1835,103.4698,101.6710,105.8915,103.5857,104.9952,104.0048,106.8878,109.6221,107.6290,114.0219,118.3427,115.2562,120.0000,123.2274,119.4027,120.2082,119.2812,124.2578,122.6418,124.0363,126.7517,120.4159,124.4227,128.9961,127.6323,130.3610,129.8653,132.9699,129.8653,130.1730,135.1518,130.6331,126.7517,126.4002,126.6057,125.2078,125.6025,120.8801,121.1652,113.8991,113.8640,108.9312,106.1508,104.8904,99.2018,101.0198,94.8683,92.6499,90.9175,90.8020,84.3090,0.0000,0.0000,0.0000,0.0000,0.0000,0.0000,0.0000,0.0000,0.0000,0.0000,0.0000,0.0000
1700000043.350000,-59.8,97.0155,101.4347,102.4890,107.7868,105.3043,102.3132,108.0046,107.0047,109.0046,111.0721,113.0708,118.1059,118.6086,119.9417,119.7080,120.5073,119.8541,121.6553,120.8305,122.7844,122.7844,122.0041,121.8072,126.1269,129.7575,126.1269,131.3202,129.0349,132.2800,131.3202,131.7346,130.5067,130.9695,130.4952,126.3012,128.7245,128.0820,121.0620,122.5887,118.6086,113.6354,111.1620,111.0180,107.0000,101.0198,98.1835,96.5194,96.5194,94.5410,89.0505,86.4002,85.2350,0.0000,0.0000,0.0000,0.0000,0.0000,0.0000,0.0000,0.0000,0.0000,0.0000,0.0000,0.0000
1700000043.400000,-63.7,98.3107,103.2473,98.5951,104.2353,100.2646,107.0047,105.8017,107.4151,110.4355,105.6882,111.6468,116.3615,117.8346,117.1836,119.4069,115.3950,121.8524,115.3170,121.6306,121.6306,120.7021,122.7762,119.6161,124.0403,125.5747,127.4873,128.5768,127.7811,131.7346,124.7237,128.0820,129.4025,129.0271,126.1784,127.4716,120.9049,122.7762,121.3343,119.1008,117.2732,110.0591,114.6124,106.5505,103.4650,99.6444,91.2634,96.2133,91.0494,90.0278,86.3134,86.2670,82.4621,0.0000,0.0000,0.0000,0.0000,0.0000,0.0000,0.0000,0.0000,0.0000,0.0000,0.0000,0.0000
1700000043.450000,-60.6,97.4936,96.3172,104.7855,105.5130,103.8460,100.6876,106.9766,107.3359,108.4620,111.8928,114.6342,114.9652,118.0720,114.9478,118.5960,122.1884,120.5695,118.3385,119.5701,122.0369,122.6418,123.4585,120.9297,128.4056,123.4585,125.8014,125.8014,129.6187,127.2006,133.8096,128.8099,131.2440,132.3102,127.3185,126.2458,126.2458,124.6796,122.1884,113.6002,115.3950,113.7189,109.7725,110.3087,105.6220,100.8811,95.2103,93.6803,92.4175,91.5915,87.9659,83.3847,83.0060,0.0000,0.0000,0.0000,0.0000,0.0000,0.0000,0.0000,0.0000,0.0000,0.0000,0.0000,0.0000
1700000043.500000,-60.6,96.2601,101.0445,98.7168,104.2017,104.8618,101.5480,103.5857,106.5505,106.4706,110.9234,114.9652,114.9478,116.2454,115.5206,118.6802,121.1652,118.0042,118.2962,117.1751,121.7539,119.8165,124.3382,121.3960,123.7942,129.0659,123.4706,127.8828,128.1327,128.1327,128.1327,128.0820,128.4134,128.5652,129.2478,129.6341,126.1150,124.9520,122.7233,121.1652,117.4436,114.1797,111.6647,111.3283,102.7862,99.0051,97.1700,97.9490,97.0618,95.5249,90.9725,85.6037,85.7963,0.0000,0.0000,0.0000,0.0000,0.0000,0.0000,0.0000,0.0000,0.0000,0.0000,0.0000,0.0000
1700000043.550000,-57.9,98.3260,97.8673,99.4636,100.6628,107.2007,102.6109,103.8460,105.9481,108.5035,109.9318,110.6933,113.4637,114.2366,117.6860,116.2970,122.1188,112.8716,122.1884,117.1367,120.4159,117.1367,121.2023,123.7134,122.3193,126.0159,124.0363,127.2006,130.8014,127.4402,134.0336,128.2225,130.9198,129.7999,127.3185,128.4718,126.4002,123.5476,120.7477,117.6180,116.2755,113.1592,108.4620,112.0089,102.8834,99.2975,97.7190,97.5295,93.8616,94.5410,87.5728,86.3713,82.0061,0.0000,0.0000,0.0000,0.0000,0.0000,0.0000,0.0000,0.0000,0.0000,0.0000,0.0000,0.0000
1700000043.600000,-64.6,89.1852,93.3006,90.2497,92.4770,95.4620,94.3716,93.4719,96.6488,101.2126,99.1262,103.1746,104.8618,108.2266,107.2007,106.6068,107.4477,108.2312,105.8915,109.6586,111.8034,109.0413,114.6909,108.9312,114.6909,113.8464,113.8640,115.4340,116.9316,118.2582,119.6035,116.9316,117.4138,118.1059,115.3126,114.5600,113.2784,111.1261,108.7060,109.4806,107.6151,102.8008,98.8130,96.5194,95.9635,89.3588,88.6848,83.7257,85.8662,83.2586,81.5414,79.0569,75.4321,0.0000,0.0000,0.0000,0.0000,0.0000,0.0000,0.0000,0.0000,0.0000,0.0000,0.0000,0.0000
1700000043.650000,-64.3,97.0155,94.5410,105.0762,101.1187,105.3850,104.3887,107.1168,107.1168,109.0734,108.0046,115.0043,113.1106,115.1564,118.4230,113.3578,123.1787,117.5457,120.0708,118.2582,119.8541,119.6829,120.8305,124.3382,123.2274,123.9395,125.8769,127.8828,127.8828,124.6194,129.8076,125.9286,129.8384,129.8384,129.0659,125.1319,125.1319,125.4472,120.9339,118.6086,113.4416,113.1106,111.1620,111.0045,102.0000,104.1201,100.4042,97.5141,96.7471,96.1041,89.0505,90.2497,83.9345,0.0000,0.0000,0.0000,0.0000,0.0000,0.0000,0.0000,0.0000,0.0000,0.0000,0.0000,0.0000
1700000043.700000,-59.3,87.6185,94.0479,97.6371,100.1699,97.2471,98.1122,102.0000,100.6231,103.7882,106.5129,110.3087,109.5628,112.3610,110.3676,111.0180,113.0531,115.6936,109.6358,116.4989,115.5206,113.5077,118.0678,114.7563,118.6971,118.6971,123.1787,124.6796,125.7816,126.1507,123.0447,123.3207,125.1599,123.7942,120.0333,124.5351,119.8541,119.8165,118.5960,114.8434,113.8859,108.1665,106.5692,103.4650,101.3903,97.3088,90.3770,94.8262,91.3017,88.3233,85.2115,80.6040,82.7587,0.0000,0.0000,0.0000,0.0000,0.0000,0.0000,0.0000,0.0000,0.0000,0.0000,0.0000,0.0000
1700000043.750000,-66.2,98.4124,97.2523,103.0049,105.1190,104.0048,103.0194,107.2986,107.5639,110.5486,111.0180,111.0180,116.1034,114.9348,117.6860,119.4362,118.6002,114.7258,119.3692,117.4436,120.2082,120.5031,123.6487,120.4865,126.2894,125.3555,125.7179,126.6491,129.0969,129.6187,127.3892,126.2894,128.0820,129.0271,127.1299,129.6919,125.0000,119.1050,119.8541,116.1034,116.4989,111.4630,109.0367,108.9036,100.4042,98.1275,96.0208,93.0000,91.0879,90.1388,88.8144,87.4757,82.2253,0.0000,0.0000,0.0000,0.0000,0.0000,0.0000,0.0000,0.0000,0.0000,0.0000,0.0000,0.0000
1700000043.800000,-62.0,98.4886,101.7890,103.1746,103.4698,103.0049,102.4500,104.3504,102.6499,110.3449,108.9312,113.1371,115.3646,117.5160,117.0342,117.0342,122.4418,118.8486,117.6138,117.6435,122.6418,123.2234,122.3193,121.7580,124.1692,128.4718,125.1958,132.0984,132.6084,133.6001,129.4952,126.7793,130.0846,130.6331,128.1600,131.2440,127.2006,125.2517,125.7338,118.5622,117.7964,114.5862,114.5862,111.7318,107.5174,101.9804,96.6747,99.0202,96.6075,94.3027,92.2822,88.5889,83.9345,0.0000,0.0000,0.0000,0.0000,0.0000,0.0000,0.0000,0.0000,0.0000,0.0000,0.0000,0.0000
1700000043.850000,-62.7,86.9770,92.4770,90.3770,100.3195,93.9415,97.0824,100.7224,101.5972,100.7224,100.1699,106.0000,108.1665,109.6221,111.2115,112.0714,108.0741,114.4771,110.8873,113.9517,113.2784,112.8051,115.4340,110.3449,113.8464,117.4138,120.2082,120.2082,115.2606,123.7942,118.7939,121.6553,122.3806,120.6151,120.4159,120.8801,112.1606,114.0175,111.0180,107.3359,109.8362,104.8475,104.1009,96.6488,97.0618,93.0376,90.3383,90.2497,86.3771,80.9568,80.7775,77.6660,77.6466,0.0000,0.0000,0.0000,0.0000,0.0000,0.0000,0.0000,0.0000,0.0000,0.0000,0.0000,0.0000
1700000043.900000,-66.5,99.7246,101.9117,104.9952,112.2943,109.6358,106.4002,109.4166,112.5078,115.9741,115.1043,118.7266,121.5936,121.6553,121.6553,123.0041,126.6491,124.4227,120.1541,125.5906,126.1269,126.9212,127.8163,123.9677,128.7362,132.8533,131.3202,129.0736,128.7867,127.8828,126.6057,130.0000,125.1719,128.0976,130.0000,130.7287,129.0349,124.7878,124.7878,120.1541,121.0785,119.0378,114.6342,112.2586,110.0182,102.0441,102.0000,99.8499,98.4124,92.8009,92.0978,88.4138,84.1487,0.0000,0.0000,0.0000,0.0000,0.0000,0.0000,0.0000,0.0000,0.0000,0.0000,0.0000,0.0000
1700000043.950000,-66.0,97.0155,99.4585,99.0202,103.4070,103.8171,102.5280,102.5524,106.9299,106.4519,109.6586,110.0591,114.6124,115.6028,114.5862,114.5862,116.7647,117.3243,116.7647,119.0378,119.6202,118.4061,120.0000,119.6202,120.7394,121.5113,120.7394,127.7811,123.4342,127.7811,122.6744,127.0039,128.8449,126.4002,125.4313,125.6423,120.9504,123.4909,118.5960,115.4123,114.4902,107.8378,106.0236,102.5524,101.3903,99.9600,94.5780,93.6056,92.6499,86.8850,86.8332,85.4751,81.0987,0.0000,0.0000,0.0000,0.0000,0.0000,0.0000,0.0000,0.0000,0.0000,0.0000,0.0000,0.0000
1700000044.000000,-63.2,96.4210,100.1249,98.0000,105.0190,101.0792,107.0747,105.4751,107.3778,111.6468,110.1681,114.5862,114.7563,117.2775,116.4174,122.7233,116.9145,124.7237,116.0905,119.2183,122.0656,118.2962,123.0325,115.7670,121.8524,128.3160,126.6491,131.1831,125.9246,131.4724,127.3892,130.3840,130.0346,129.9731,128.7051,124.7237,120.3329,119.3692,121.7539,114.5426,118.8781,108.1897,113.9912,106.0660,104.3072,100.1798,94.0053,96.0052,91.1373,87.2066,87.3670,83.5464,84.1724,0.0000,0.0000,0.0000,0.0000,0.0000,0.0000,0.0000,0.0000,0.0000,0.0000,0.0000,0.0000
1700000044.050000,-61.4,92.4770,96.1665,99.4585,96.3016,100.8960,98.9545,99.0404,103.4070,106.5317,106.4706,106.6771,110.3676,112.0714,114.0702,112.0714,116.0689,114.0044,113.0044,116.0172,116.1077,113.0708,117.1068,112.1115,114.7388,118.6086,118.7139,121.6963,125.6742,121.4125,122.4091,118.3427,124.2578,125.1439,122.0164,122.0000,120.0042,117.0043,116.1077,112.3610,110.3676,110.1681,102.2595,103.2473,95.3415,93.7443,91.2140,89.5600,90.8240,87.0919,83.7735,80.9506,76.8505,0.0000,0.0000,0.0000,0.0000,0.0000,0.0000,0.0000,0.0000,0.0000,0.0000,0.0000,0.0000
1700000044.100000,-65.5,96.7729,101.1336,99.2975,101.5972,101.7890,104.3072,103.1746,108.4666,107.0047,110.0000,115.7454,117.0342,116.9316,116.0000,120.3412,117.4138,118.1397,115.4340,119.3315,120.7394,119.0966,123.6932,120.7394,123.8103,126.4002,124.6194,127.6401,127.8828,130.3572,128.4562,126.0159,131.0153,131.2098,124.6315,124.4709,123.6932,122.1475,119.6035,118.9286,115.9655,113.8464,113.1371,111.8034,103.3925,98.8585,100.8018,98.2293,96.5194,92.6499,90.5538,87.7269,81.7068,0.0000,0.0000,0.0000,0.0000,0.0000,0.0000,0.0000,0.0000,0.0000,0.0000,0.0000,0.0000
1700000044.150000,-57.8,100.0800,98.0816,98.5089,102.3963,103.2473,102.4207,106.5129,107.2007,109.2016,113.2254,114.1797,115.4340,114.8260,115.5206,116.4560,118.5960,119.0126,119.5073,119.8541,119.0000,121.6553,125.8968,123.1666,125.1958,127.9453,122.1147,129.2478,130.6981,130.0846,131.7460,125.0960,133.6001,128.4718,128.9961,127.9414,128.9961,123.9072,123.9072,121.7415,118.3089,113.4637,108.2682,109.2016,103.0922,100.0000,97.0155,95.8019,96.1041,92.3959,89.8053,87.2066,85.0059,0.0000,0.0000,0.0000,0.0000,0.0000,0.0000,0.0000,0.0000,0.0000,0.0000,0.0000,0.0000
1700000044.200000,-62.4,98.3107,99.0051,103.4795,97.1854,107.1681,100.8960,108.6002,109.6221,106.7802,110.6752,116.6190,117.8346,118.3385,116.3615,115.9741,123.4828,115.4513,123.0041,118.3089,124.6154,122.6540,121.0785,124.6154,125.2278,122.7762,125.8650,130.0346,133.7647,126.1784,134.0821,125.2517,132.9662,129.6187,130.0000,129.8653,127.5343,127.9101,119.5701,121.2353,119.0000,118.3385,114.8260,112.3299,103.4698,104.0192,98.7168,97.8366,97.6217,96.2601,90.7855,88.8651,82.9277,0.0000,0.0000,0.0000,0.0000,0.0000,0.0000,0.0000,0.0000,0.0000,0.0000,0.0000,0.0000
1700000044.250000,-61.9,93.1451,96.5660,97.4064,100.6578,101.0198,102.8834,102.9563,106.0236,109.1238,109.1787,113.3711,113.8771,115.4340,115.3776,116.7647,119.8541,118.8108,116.6062,119.3315,118.0678,118.2286,119.3315,120.8801,123.2396,125.9921,125.9921,126.6689,128.0039,125.8730,129.4179,123.9879,128.3160,126.7320,126.5069,127.1417,124.0161,125.2078,119.0378,118.1524,112.6455,112.5078,109.6038,108.4066,101.0742,99.2824,93.4719,96.3846,91.7606,91.7606,88.8876,85.9069,82.8734,0.0000,0.0000,0.0000,0.0000,0.0000,0.0000,0.0000,0.0000,0.0000,0.0000,0.0000,0.0000
1700000044.300000,-65.2,87.2066,88.4138,92.1954,92.1954,96.3328,96.5401,95.0000,96.6075,98.4733,99.8599,101.7890,101.0198,104.3072,103.5857,104.9571,107.7822,105.1190,108.6738,110.9234,110.5712,107.4244,113.7189,109.0046,112.1606,115.5206,111.7900,117.3882,116.4560,117.5457,118.4736,114.7693,119.1008,115.5509,115.8706,110.9414,114.0614,110.9414,106.6771,106.5317,101.7890,103.7304,99.2975,100.0000,92.8009,92.1954,84.6463,86.9770,83.4506,79.2465,79.3977,77.2010,71.8679,0.0000,0.0000,0.0000,0.0000,0.0000,0.0000,0.0000,0.0000,0.0000,0.0000,0.0000,0.0000
1700000044.350000,-61.3,97.7190,99.7246,104.3887,102.5524,107.8378,103.3151,105.1190,107.7822,112.5078,112.6055,113.7409,116.2110,114.0395,120.8015,117.2007,121.5113,118.4441,120.8801,121.0826,121.7539,121.9180,124.4829,126.6689,123.0691,128.0039,123.0447,129.4179,133.8693,131.6435,134.3801,127.3106,130.1077,131.5219,128.8875,130.3840,127.7811,126.3725,124.4709,120.0000,115.8016,118.2244,112.8938,111.5168,102.7278,101.5972,99.7296,98.4124,96.7729,95.8593,89.8109,87.8009,83.1865,0.0000,0.0000,0.0000,0.0000,0.0000,0.0000,0.0000,0.0000,0.0000,0.0000,0.0000,0.0000
1700000044.400000,-61.8,93.9202,95.8593,100.7224,103.7882,103.7545,100.6231,105.6788,103.2473,108.4066,110.9414,113.2078,114.8564,115.3776,113.2254,115.2085,118.0678,118.4441,114.4771,119.6704,122.3806,119.6704,120.3412,121.0826,120.9173,123.7619,125.1599,128.7012,128.7012,130.1384,128.0039,128.7245,131.5295,128.0352,126.7320,125.2517,125.7338,124.4026,119.0378,119.2812,114.0395,111.5168,109.6038,111.0180,101.5972,101.9804,98.3870,95.8541,93.6376,92.3472,90.7083,87.6641,84.5931,0.0000,0.0000,0.0000,0.0000,0.0000,0.0000,0.0000,0.0000,0.0000,0.0000,0.0000,0.0000
1700000044.450000,-61.8,94.1488,89.8220,95.0789,97.5295,97.4064,99.2975,94.9210,100.3195,101.0198,100.6231,104.6566,105.5888,107.5407,106.6771,106.0000,112.1606,109.2886,112.0714,110.4355,112.6455,115.2085,113.2254,114.0175,114.6909,116.2755,114.7693,121.7539,119.6035,119.9708,123.1097,120.7394,119.9708,118.8486,118.8486,118.4061,118.8108,113.2254,112.0580,107.8981,108.2266,106.5505,103.0776,101.1187,95.7079,94.8472,90.2497,93.9840,89.4930,87.3613,82.4621,81.5843,78.9177,0.0000,0.0000,0.0000,0.0000,0.0000,0.0000,0.0000,0.0000,0.0000,0.0000,0.0000,0.0000
1700000044.500000,-64.2,102.0441,101.9657,103.3538,106.4706,107.0420,109.0780,107.6151,110.6797,112.8938,110.4219,114.4771,115.5206,119.7539,121.7539,122.6744,122.4296,119.5533,123.0366,120.2414,124.4588,120.9173,128.0820,124.7397,127.0157,129.3213,130.7287,134.3168,131.8939,135.3699,130.7287,130.2997,135.2072,135.9485,130.8320,132.9361,124.4588,125.8968,124.6515,122.7884,117.9237,114.2016,112.2007,113.1592,102.6255,104.9571,97.5295,101.1187,99.7447,94.8103,91.9239,86.9770,87.5557,0.0000,0.0000,0.0000,0.0000,0.0000,0.0000,0.0000,0.0000,0.0000,0.0000,0.0000,0.0000
1700000044.550000,-62.3,95.7079,93.4719,104.1777,99.7246,102.7862,98.3514,103.8460,101.9215,107.2007,106.7333,111.1980,111.0045,111.1575,114.8564,113.1371,116.4302,112.1606,114.1578,113.0708,117.0684,117.0684,120.0042,116.0172,118.0169,121.0661,118.1059,118.3427,126.1428,121.1487,122.2620,121.1033,122.1024,126.0635,122.0000,122.0164,121.0165,114.0175,116.1551,112.4455,109.6586,108.9036,104.9381,105.3803,95.5249,95.1262,92.4175,89.5600,86.8332,88.5438,82.2800,81.3941,76.1577,0.0000,0.0000,0.0000,0.0000,0.0000,0.0000,0.0000,0.0000,0.0000,0.0000,0.0000,0.0000
1700000044.600000,-62.7,96.5401,97.0155,98.0816,101.5332,101.5135,99.6243,103.8171,105.3091,106.6208,106.9299,109.1284,112.7120,112.8716,115.6028,120.0667,117.6605,117.0470,112.6055,118.4610,118.4610,116.7647,119.8541,118.8108,123.0650,127.0039,125.7338,122.4418,128.8449,126.5069,128.6895,126.2101,127.0039,128.1405,125.6423,123.1463,124.8079,120.4159,121.8031,117.1836,113.1768,110.0727,110.1681,106.5129,101.3903,98.6813,95.3363,93.6803,96.1041,91.4112,86.9770,85.2115,81.0000,0.0000,0.0000,0.0000,0.0000,0.0000,0.0000,0.0000,0.0000,0.0000,0.0000,0.0000,0.0000
1700000044.650000,-58.2,89.0505,93.1343,97.0052,97.0206,97.0464,97.1288,101.4938,97.4166,99.7246,103.0970,107.6894,106.5129,108.2589,108.4666,109.6358,109.8954,111.9732,111.0180,108.1665,110.4943,110.7249,114.5862,112.6055,114.0175,116.0776,116.0776,117.6860,118.1059,119.6202,117.7837,118.8486,120.1541,118.4736,115.1694,118.2709,116.0560,111.6826,110.3540,109.3846,105.5367,103.5857,100.8067,99.2975,96.0260,90.6697,86.4697,86.1452,85.0059,82.0244,81.1542,77.5242,74.3303,0.0000,0.0000,0.0000,0.0000,0.0000,0.0000,0.0000,0.0000,0.0000,0.0000,0.0000,0.0000
1700000044.700000,-65.3,96.5660,96.1353,101.5332,95.8175,104.8093,100.4241,104.5610,105.9056,108.1897,109.1787,109.3298,113.9912,115.4340,115.4340,113.1592,118.0678,116.0043,118.0000,112.0179,116.0172,115.0695,115.1564,118.0169,119.3399,119.1512,122.3315,124.6796,126.8897,122.6907,127.8828,120.3370,122.3315,126.2537,120.0667,120.0042,123.1016,116.0689,113.1592,115.3516,109.3709,107.3778,102.7035,105.2236,98.4784,92.3959,93.8616,92.4175,90.4434,90.1388,84.3090,79.6241,79.9250,0.0000,0.0000,0.0000,0.0000,0.0000,0.0000,0.0000,0.0000,0.0000,0.0000,0.0000,0.0000
1700000044.750000,-64.8,97.0052,100.0050,104.1201,104.1729,104.3887,102.8251,105.7213,106.3673,105.9056,111.3239,112.0580,115.2476,118.2962,116.0905,118.9033,117.1751,114.8260,118.6802,120.1541,121.8524,121.3343,123.1666,119.1008,120.7477,127.4755,124.7798,130.1768,131.0611,126.6570,127.5343,125.6702,129.2517,127.9101,126.2101,128.9496,123.8588,120.9339,120.5529,117.0043,114.1622,111.4002,108.6692,107.2007,100.6628,97.8621,94.3663,96.4210,91.3510,90.0888,87.0919,83.0963,82.3893,0.0000,0.0000,0.0000,0.0000,0.0000,0.0000,0.0000,0.0000,0.0000,0.0000,0.0000,0.0000
1700000044.800000,-61.1,96.1873,96.0052,101.0198,101.0050,107.0187,100.1798,105.6835,105.0762,107.7868,110.0227,112.9690,112.0580,114.9826,115.4470,113.6002,118.0042,114.1797,117.0470,114.8260,118.3300,115.7670,117.1751,120.1541,119.5073,123.5678,119.1008,122.5765,127.5343,125.0040,126.2101,123.1666,125.9246,125.9246,123.8588,120.9049,122.4296,121.1156,116.4818,113.3225,110.6029,111.6109,102.7716,110.4219,98.4784,97.8673,94.7629,93.4345,93.0860,93.0054,86.0930,83.3847,77.1038,0.0000,0.0000,0.0000,0.0000,0.0000,0.0000,0.0000,0.0000,0.0000,0.0000,0.0000,0.0000
1700000044.850000,-63.4,108.4620,104.4031,111.0000,113.5473,110.6797,111.8258,114.4771,117.6860,121.2765,118.8697,122.3315,125.0280,127.7693,127.2517,127.5657,128.1913,127.1928,128.0625,124.0040,127.0039,125.0640,124.0040,127.0039,124.1974,122.0656,122.2620,118.2709,118.2709,119.2686,118.5116,119.0672,119.0672,121.0041,122.0041,118.0169,122.0164,124.1974,127.8828,125.8968,123.3207,119.8541,114.9348,113.1592,112.5877,104.2929,102.7862,102.2008,102.1812,94.9368,94.4299,93.0376,87.3670,0.0000,0.0000,0.0000,0.0000,0.0000,0.0000,0.0000,0.0000,0.0000,0.0000,0.0000,0.0000
1700000044.900000,-62.6,93.1343,96.0052,97.0824,98.1835,98.4124,101.4938,99.2975,103.4070,106.8878,106.8878,110.0227,109.6358,112.7918,112.7918,114.5600,115.1086,114.1622,112.6055,113.6530,117.5457,115.5206,117.3882,116.1077,120.8305,118.5960,121.8524,125.2996,121.6717,124.8119,127.5343,126.3171,124.4829,127.3892,123.0325,120.2082,119.5492,121.4578,116.9145,117.6308,112.5389,108.2589,108.2589,103.5761,101.9657,100.7174,96.3328,92.0217,93.0054,88.0909,86.3713,88.9550,79.6241,0.0000,0.0000,0.0000,0.0000,0.0000,0.0000,0.0000,0.0000,0.0000,0.0000,0.0000,0.0000
1700000044.950000,-62.4,97.8673,99.8248,102.1812,102.8397,107.4477,101.5332,105.6504,106.8925,110.6797,110.6933,113.3181,115.3950,116.2755,118.1186,114.4902,122.1884,114.6124,119.4738,118.7266,122.4500,119.8874,120.9504,120.9297,122.6132,124.0161,122.8007,125.8014,130.6024,126.4002,132.4387,120.2082,127.6401,125.9246,126.7793,126.7793,127.0945,122.1147,119.4738,116.8461,111.3598,113.1592,106.0236,109.7725,98.6154,97.4987,94.8683,100.5783,95.1262,93.1719,87.6641,84.0119,82.0975,0.0000,0.0000,0.0000,0.0000,0.0000,0.0000,0.0000,0.0000,0.0000,0.0000,0.0000,0.0000
1700000045.000000,-62.3,96.3172,101.6071,103.6967,107.6708,108.2959,103.3925,104.0769,107.0047,110.0045,114.0044,111.2205,113.3578,115.5249,121.8072,115.8490,121.8236,119.0504,119.0504,120.6192,123.4544,123.7619,121.5113,121.5113,125.0000,126.2418,125.0000,129.1201,133.1503,128.3900,129.9885,126.8267,132.0038,133.5215,130.9695,125.8769,131.2440,126.6965,121.4949,119.3650,115.9741,118.6086,113.6354,114.2804,104.0192,101.0792,100.0050,100.2447,98.3260,98.0051,90.7965,89.7385,83.1685,0.0000,0.0000,0.0000,0.0000,0.0000,0.0000,0.0000,0.0000,0.0000,0.0000,0.0000,0.0000
1700000045.050000,-65.8,98.4124,99.6444,102.3963,105.1523,101.6071,103.0049,104.8093,109.6358,109.4806,107.9352,114.0219,116.7262,116.6748,120.2414,116.0431,122.0246,124.7397,119.0966,122.6132,122.4418,124.4709,127.2006,120.8801,126.7517,127.3146,124.2779,130.0961,130.9198,131.7460,131.7460,130.0961,133.0038,133.0038,131.2098,132.7742,125.7338,124.7397,119.5533,119.7539,116.6748,114.5862,111.8660,108.2451,103.5857,102.2008,99.8649,98.2293,97.0979,91.5860,89.0056,88.1419,83.4865,0.0000,0.0000,0.0000,0.0000,0.0000,0.0000,0.0000,0.0000,0.0000,0.0000,0.0000,0.0000
1700000045.100000,-61.9,96.7729,101.7693,103.8171,106.8925,105.6220,110.3676,106.3203,105.5130,113.0531,113.5650,117.8855,119.0798,122.4091,120.7021,119.9417,120.3370,126.3962,118.2709,124.0645,127.0039,122.1024,126.0040,122.0000,127.2517,127.0630,127.2517,126.1428,127.0984,122.1024,125.1439,123.1463,121.0041,123.0041,127.1417,127.1417,126.0159,123.0650,123.2599,123.1463,118.9496,114.2716,113.6002,109.0413,107.0794,103.8123,99.7246,97.7190,93.3006,90.4765,90.8735,88.1022,83.3547,0.0000,0.0000,0.0000,0.0000,0.0000,0.0000,0.0000,0.0000,0.0000,0.0000,0.0000,0.0000
1700000045.150000,-62.8,99.3579,98.4937,100.4092,103.2763,102.6499,104.0048,104.8904,108.8531,111.5213,110.4355,114.2847,114.3897,116.9701,118.5960,119.5701,120.9339,119.4738,120.7477,119.0126,120.7684,122.6540,126.2101,122.7721,126.5306,131.9129,127.1377,130.9733,131.2440,133.7946,134.1343,130.3840,132.4009,133.3304,129.8653,130.6139,128.8099,126.6254,120.7477,122.5439,123.1666,114.5862,114.5862,113.1592,105.6835,103.4070,98.7168,99.3579,96.2601,92.6984,89.1403,87.3212,85.2115,0.0000,0.0000,0.0000,0.0000,0.0000,0.0000,0.0000,0.0000,0.0000,0.0000,0.0000,0.0000
1700000045.200000,-64.2,99.0202,101.1929,102.4890,105.3613,107.7079,104.2929,106.8878,109.0413,110.1681,116.2497,116.6190,116.4302,119.1050,118.0169,118.0678,124.0161,119.0672,120.0667,120.2664,124.1451,120.1499,127.5657,124.3262,128.7245,127.5774,127.1417,128.4134,127.2831,128.6546,127.0984,127.1417,124.4588,127.8828,123.3288,127.3931,126.3962,124.3262,124.1008,120.0167,119.0042,118.0042,112.0714,113.1106,101.3163,104.6900,97.8673,99.2472,99.0404,99.4585,91.9239,89.4930,85.0882,0.0000,0.0000,0.0000,0.0000,0.0000,0.0000,0.0000,0.0000,0.0000,0.0000,0.0000,0.0000
1700000045.250000,-62.0,46.8722,48.5077,46.8402,50.0000,48.7032,49.6488,50.9215,49.7695,52.9245,51.4781,55.4617,55.4707,56.4358,56.0803,58.3095,56.4358,57.4543,55.7584,57.4282,56.8595,57.1402,58.0086,58.0086,60.3075,60.4401,61.0737,62.4820,61.8466,63.8905,61.0737,61.2209,61.4003,61.6117,58.8218,60.7454,57.9828,58.5235,57.4543,56.9386,57.3062,51.8941,51.8941,50.9902,49.2443,47.5395,45.5412,45.5412,44.6430,42.4500,41.0000,41.5933,39.1152,0.0000,0.0000,0.0000,0.0000,0.0000,0.0000,0.0000,0.0000,0.0000,0.0000,0.0000,0.0000
1700000045.300000,-59.8,103.0776,105.4372,101.8332,107.3359,109.0780,106.0000,110.9414,111.8034,113.6002,114.9652,118.1059,120.9339,121.3343,123.4909,120.9049,120.8056,123.6649,121.7580,122.9715,124.1934,127.4873,127.1220,120.0708,125.3196,129.0736,129.8384,128.6546,128.0820,127.0984,129.0659,128.5496,129.8384,127.6754,130.0000,130.9695,128.5768,128.7051,123.8588,123.3694,120.7021,112.7209,114.2366,108.2589,107.3313,103.7545,98.4886,101.5972,94.5780,93.4077,91.4385,90.6090,82.7587,0.0000,0.0000,0.0000,0.0000,0.0000,0.0000,0.0000,0.0000,0.0000,0.0000,0.0000,0.0000
1700000045.350000,-64.5,98.0204,96.0000,105.1190,101.1237,107.1681,102.3132,106.2121,108.3420,109.0413,110.6436,113.3578,111.6109,116.4174,117.1751,115.2476,122.3806,118.2709,118.2709,116.4560,117.1751,122.7762,119.1008,119.9708,122.6540,123.5678,123.4828,125.2398,129.2517,123.0041,129.7690,121.3343,126.3171,127.7693,128.1600,127.2242,125.8650,120.8056,117.1751,113.3225,115.4470,111.4002,109.6586,108.6738,101.1187,94.7629,93.4345,97.1854,91.1373,94.0053,86.1452,85.9884,81.2527,0.0000,0.0000,0.0000,0.0000,0.0000,0.0000,0.0000,0.0000,0.0000,0.0000,0.0000,0.0000
1700000045.400000,-63.9,96.4624,98.0306,100.4241,106.3203,102.6109,103.8123,108.4159,106.7052,108.6738,109.0367,116.7262,115.1564,116.1077,118.1059,116.0689,116.0043,119.0672,116.0172,119.1050,119.1512,120.0667,120.1499,116.2755,123.6851,124.6796,123.1787,125.0280,123.6851,127.4245,124.6154,127.5657,127.3931,127.3185,127.1417,123.0650,122.0656,122.0041,120.1041,116.0689,116.0689,109.1650,111.3643,104.3887,102.8251,99.4636,95.1262,92.4175,93.1451,89.8443,89.1852,85.2350,83.1865,0.0000,0.0000,0.0000,0.0000,0.0000,0.0000,0.0000,0.0000,0.0000,0.0000,0.0000,0.0000
1700000045.450000,-62.2,92.0869,90.4268,97.2008,98.2344,97.4526,93.5094,100.4988,102.5329,102.5329,106.3015,107.0561,109.4806,111.8258,111.6065,111.8258,112.8938,110.9414,112.0714,113.2078,116.4689,113.7409,117.1367,116.4689,115.4123,117.1836,118.0720,121.6429,121.6429,123.0041,124.3382,119.0000,123.4706,121.4331,121.4331,121.0785,117.9915,116.2110,118.4610,114.2847,110.2089,108.8531,104.4845,103.7111,99.3579,94.7945,93.3381,90.5538,91.3510,89.6437,85.6037,79.8812,79.6492,0.0000,0.0000,0.0000,0.0000,0.0000,0.0000,0.0000,0.0000,0.0000,0.0000,0.0000,0.0000
1700000045.500000,-59.3,94.8103,95.7131,94.0213,97.5756,95.2733,97.3088,100.2846,105.9481,101.2423,105.0190,108.1712,111.0045,111.0045,113.2828,110.4762,113.6354,114.3547,112.2853,112.1606,114.1578,112.0714,116.0172,116.0043,117.0684,122.0164,118.0678,124.1008,122.1475,124.4026,125.0640,122.1475,121.1033,125.0040,120.0042,121.0041,120.0167,116.0172,114.1578,113.3578,110.4536,109.4578,107.2007,106.2121,102.5914,99.2472,92.6499,89.2861,90.7579,90.1388,83.3847,84.5281,78.8923,0.0000,0.0000,0.0000,0.0000,0.0000,0.0000,0.0000,0.0000,0.0000,0.0000,0.0000,0.0000
1700000045.550000,-66.2,93.3809,95.5877,97.4526,99.8098,103.0049,100.0000,102.3963,104.1009,106.0000,108.2405,114.6124,114.0614,113.1592,114.9478,116.2755,117.9237,118.3089,117.0000,119.2183,118.2709,118.2709,123.6649,118.2709,122.8007,124.7237,124.7237,127.5774,128.8449,129.7575,127.5774,125.5747,129.7575,128.7362,125.5747,125.2278,123.7134,120.9049,120.9339,118.5960,114.9652,112.7120,109.1787,109.1787,102.0833,100.4988,95.6922,94.4034,92.4175,90.7855,87.6926,87.7269,83.2406,0.0000,0.0000,0.0000,0.0000,0.0000,0.0000,0.0000,0.0000,0.0000,0.0000,0.0000,0.0000
1700000045.600000,-60.1,94.3663,101.2126,95.8019,104.6231,101.5135,106.2309,103.5857,107.0420,106.4706,104.6518,112.2586,111.4854,114.6342,114.7693,117.5457,113.2961,119.6161,112.2720,118.9622,117.7200,118.0042,119.8165,115.9483,122.7844,120.5405,125.6344,124.7397,123.7619,127.4755,120.8305,127.3460,125.3994,125.4193,125.1599,122.4132,117.6435,118.2709,119.2686,116.6190,114.2366,106.0236,109.1238,101.1336,102.0000,99.2975,92.2822,91.2688,90.4268,87.8009,85.2760,82.7587,83.5464,0.0000,0.0000,0.0000,0.0000,0.0000,0.0000,0.0000,0.0000,0.0000,0.0000,0.0000,0.0000
1700000045.650000,-59.9,98.9798,103.9423,101.8725,105.4372,107.0047,104.6231,108.2312,110.7520,111.3957,109.6221,117.3797,116.6748,119.0042,120.2414,121.0165,122.4418,120.8801,122.4418,122.0041,123.2234,125.6025,127.6401,119.0378,129.6534,128.1600,130.1730,132.6084,130.1730,133.4541,131.5485,130.6981,135.0741,132.3102,131.2440,130.0000,127.4402,125.6025,124.3262,122.6744,120.5073,119.5199,114.5862,113.1371,108.2451,105.6456,103.5857,100.6032,97.4166,95.1315,90.4268,89.4707,86.1626,0.0000,0.0000,0.0000,0.0000,0.0000,0.0000,0.0000,0.0000,0.0000,0.0000,0.0000,0.0000
1700000045.700000,-58.5,100.8960,100.2247,106.2121,107.6708,107.2287,108.9036,110.5486,110.0727,114.0702,111.1126,115.0695,117.0171,120.2664,117.8346,120.5985,120.5985,122.3315,119.0798,123.9677,123.7942,123.9677,124.5351,123.3572,124.1934,131.9394,131.2174,132.1855,131.9394,132.6989,132.0038,130.2690,131.9394,131.0267,130.4186,129.2478,127.2831,125.7657,122.0533,121.8072,120.5031,113.2828,111.2205,113.0000,107.0047,105.0048,100.2447,100.3195,96.6282,94.2019,88.4590,85.8662,82.5651,0.0000,0.0000,0.0000,0.0000,0.0000,0.0000,0.0000,0.0000,0.0000,0.0000,0.0000,0.0000
1700000045.750000,-64.6,97.0824,97.3293,98.5089,101.8332,103.4070,101.2719,106.0990,104.1393,110.1136,110.6029,112.6410,112.5789,118.5960,116.4560,116.4560,118.6802,114.6342,117.0000,117.2732,115.3950,117.3882,120.7684,119.4069,122.1884,123.0041,122.1188,125.6702,127.5343,127.0590,129.2517,124.7798,126.5622,127.9101,125.3994,125.5388,125.5906,120.9049,118.2709,115.1086,115.5206,111.5706,108.4159,107.7079,101.7890,98.1529,96.7471,97.1288,93.0215,91.0000,87.0230,87.3670,83.5464,0.0000,0.0000,0.0000,0.0000,0.0000,0.0000,0.0000,0.0000,0.0000,0.0000,0.0000,0.0000
1700000045.800000,-62.7,95.4149,99.6444,101.5972,103.3538,104.6518,104.2161,105.7024,104.3887,109.3846,110.6797,109.7679,111.5706,116.1809,118.1271,121.8072,115.3170,120.8387,117.5457,123.4706,123.9113,120.2082,123.6851,115.6244,123.0163,127.0157,124.1451,127.0984,126.0635,126.0040,126.0159,126.0992,126.0992,126.3210,126.6689,127.8828,122.6907,120.7021,119.9417,117.2391,120.6690,110.6345,108.4159,108.4159,103.8460,102.1421,96.2081,98.6154,97.1700,91.2853,88.5664,89.0674,84.6286,0.0000,0.0000,0.0000,0.0000,0.0000,0.0000,0.0000,0.0000,0.0000,0.0000,0.0000,0.0000
1700000045.850000,-62.0,97.0464,98.4886,97.9439,107.3778,99.8649,104.2929,104.2017,106.6677,108.2312,106.5270,114.0219,116.7262,118.1059,113.1724,116.6748,115.3646,120.5073,114.2147,117.9237,120.1041,119.8541,121.2106,118.4061,123.1463,124.8519,122.5887,130.0846,123.1463,133.9627,125.6423,131.2440,125.8014,128.4056,127.4402,126.2537,123.6932,124.9640,119.0042,118.8276,120.2082,109.8772,111.8034,108.9771,104.3504,99.0202,98.2293,95.9635,96.0417,87.3212,90.8020,87.3212,84.1190,0.0000,0.0000,0.0000,0.0000,0.0000,0.0000,0.0000,0.0000,0.0000,0.0000,0.0000,0.0000
1700000045.900000,-61.2,92.9139,91.5860,97.6166,97.6166,102.4744,98.4124,102.8834,102.5524,104.1777,107.9120,112.2720,110.7249,110.7249,111.5706,111.0856,119.8541,112.1784,114.7563,114.7563,114.4246,114.9348,117.2391,118.3765,121.6963,124.5793,120.5985,122.3315,124.2578,122.1024,126.3210,122.6907,125.7816,126.7754,123.1787,123.6285,123.6285,119.6829,115.5206,114.5426,111.0856,113.7585,104.2929,111.0000,101.1929,98.7927,93.2309,94.0213,91.6788,92.6607,86.6083,84.0536,80.6040,0.0000,0.0000,0.0000,0.0000,0.0000,0.0000,0.0000,0.0000,0.0000,0.0000,0.0000,0.0000
1700000045.950000,-62.5,101.4347,99.1413,106.0660,102.7035,107.1681,105.1713,108.0741,109.0183,111.0045,115.1564,113.2828,116.6190,120.7021,116.6190,115.7325,123.1787,119.5199,121.6553,118.8781,121.8072,122.0246,123.2234,125.6344,127.4873,128.8449,127.6127,128.4445,132.8533,126.9212,132.5028,126.1269,128.8449,130.9695,126.6057,126.6965,129.2478,125.3196,120.5073,120.0708,112.7519,115.3516,108.1157,112.0179,101.0198,100.0050,94.1913,98.1835,96.7471,94.7629,88.4590,85.6154,82.2192,0.0000,0.0000,0.0000,0.0000,0.0000,0.0000,0.0000,0.0000,0.0000,0.0000,0.0000,0.0000
1700000046.000000,-59.6,95.0000,94.5780,99.0202,102.6255,101.8725,101.1187,102.4597,105.1903,106.1037,108.0787,110.5712,110.7249,114.8260,114.4814,114.4814,116.4818,119.3692,112.6410,120.8305,120.8305,118.4567,121.3960,117.4777,123.1787,124.7798,123.0447,128.4134,125.0280,128.0039,125.1599,125.6025,127.5774,127.7380,124.7397,123.0000,119.3315,119.1050,120.2082,117.0470,115.1086,111.0721,109.9318,105.4751,103.3683,99.3177,95.2575,93.5361,90.5538,91.0220,88.6002,86.0523,84.1487,0.0000,0.0000,0.0000,0.0000,0.0000,0.0000,0.0000,0.0000,0.0000,0.0000,0.0000,0.0000
1700000046.050000,-61.9,104.1393,103.7545,107.3778,102.7035,111.2879,105.0762,107.0047,111.0721,113.0044,116.0689,116.1551,119.4194,119.7080,120.4159,120.9339,124.9040,117.5457,124.6154,120.8387,121.8236,124.3382,126.3012,126.1467,128.5768,126.8464,127.6127,129.4025,130.9695,131.3202,131.3202,126.6057,129.5222,128.5496,128.0820,127.0984,128.5652,123.4706,123.0447,122.4091,116.3486,118.0169,112.0179,113.0177,102.0196,101.1237,97.5141,100.7174,97.1648,95.9010,89.2693,90.1388,80.7775,0.0000,0.0000,0.0000,0.0000,0.0000,0.0000,0.0000,0.0000,0.0000,0.0000,0.0000,0.0000
1700000046.100000,-63.2,101.4938,105.4751,104.3072,111.1126,108.0000,108.0046,108.0741,108.3744,109.2932,113.0000,113.9912,116.5590,117.7115,120.2206,122.2497,122.0041,124.7237,119.1050,125.8650,122.3806,122.3806,124.7878,122.0041,129.0775,131.8484,128.1562,134.1641,131.5181,134.2386,132.8495,134.6588,133.9328,133.5403,130.7823,131.4724,126.6491,125.5906,123.9677,124.6194,120.3329,114.9783,113.3225,112.0580,110.1136,103.9423,101.2719,98.7320,96.1873,93.3435,91.0879,90.0888,86.5794,0.0000,0.0000,0.0000,0.0000,0.0000,0.0000,0.0000,0.0000,0.0000,0.0000,0.0000,0.0000
1700000046.150000,-61.8,96.4624,96.7678,98.7927,98.4886,102.9563,97.5756,100.6231,104.7091,106.5505,106.6771,111.5168,110.4536,112.0580,111.0180,110.4355,114.4028,108.4066,118.2286,112.8051,117.4436,118.0678,119.0966,119.3315,117.4138,118.8276,117.3882,122.3479,123.7942,123.7619,123.7619,120.4159,124.5793,124.0846,118.0678,118.8486,122.4418,116.6062,115.2085,113.7189,107.0701,106.6771,102.0833,105.1190,98.3870,97.0824,91.5478,92.7038,88.8651,89.4930,84.4038,81.2158,78.5175,0.0000,0.0000,0.0000,0.0000,0.0000,0.0000,0.0000,0.0000,0.0000,0.0000,0.0000,0.0000
1700000046.200000,-63.0,92.9570,94.6414,96.1769,99.0051,101.1187,99.0353,100.5684,104.2353,104.9952,105.4372,107.4151,108.4528,114.3897,115.1043,113.5341,115.4859,115.4859,112.7120,115.8706,116.2755,119.8666,121.7415,117.0000,116.8118,122.3806,120.5529,124.9200,125.8650,126.1943,121.1156,122.0901,123.4909,124.7878,125.0040,124.3905,121.7415,120.9339,118.5960,113.5958,113.6486,107.5407,108.5587,105.1523,98.4784,98.6002,92.8009,96.0469,93.6056,88.4590,87.0000,85.7030,81.4002,0.0000,0.0000,0.0000,0.0000,0.0000,0.0000,0.0000,0.0000,0.0000,0.0000,0.0000,0.0000
1700000046.250000,-66.5,99.6444,96.6075,101.5185,99.3177,104.5466,102.8834,109.4166,107.5174,111.4002,112.6410,116.2110,114.9826,118.1271,119.1008,117.2775,124.4588,119.0798,123.4706,120.9339,122.4091,120.7021,123.2599,124.5793,126.0992,127.2517,126.0635,127.0984,122.0656,127.2517,122.1024,127.3185,123.6851,122.4091,126.6689,127.8828,128.4134,125.1319,122.0246,118.3596,114.4771,116.9145,109.4806,114.4814,102.1812,102.1812,98.6154,95.2733,96.1509,94.0213,89.5879,89.4036,84.2912,0.0000,0.0000,0.0000,0.0000,0.0000,0.0000,0.0000,0.0000,0.0000,0.0000,0.0000,0.0000
1700000046.300000,-58.7,101.2719,98.4784,102.6109,103.5809,106.9018,105.3613,106.9766,107.5639,108.8485,113.7189,114.2366,116.2970,119.4069,119.8541,119.8541,122.9675,117.1367,119.8874,123.7134,122.3193,124.2578,121.4949,119.2812,124.4026,124.8519,126.8227,130.0961,131.2098,131.2440,133.2254,130.0000,131.2098,128.4562,132.3102,127.3146,128.1600,127.6245,123.1666,120.4409,118.5960,115.8706,111.8034,111.4854,105.1095,101.3903,98.3514,97.5295,96.5660,95.3415,90.4268,86.4697,85.0941,0.0000,0.0000,0.0000,0.0000,0.0000,0.0000,0.0000,0.0000,0.0000,0.0000,0.0000,0.0000
1700000046.350000,-59.0,92.6553,93.3488,96.2601,99.2472,99.0353,104.1393,99.8098,103.0049,104.0433,105.4372,110.1363,109.0780,109.0780,114.6124,112.8716,111.3598,114.9478,112.6987,114.9652,114.9652,114.6342,115.4513,112.5389,115.7670,119.0378,118.3300,123.3694,120.2082,126.2894,121.4331,124.7878,122.0041,126.3171,121.3343,121.2023,117.6180,116.2755,114.6124,112.5078,112.6810,106.0000,106.7802,104.0433,97.4166,95.0000,93.0860,91.4385,89.8053,83.4865,82.9759,79.8123,76.5506,0.0000,0.0000,0.0000,0.0000,0.0000,0.0000,0.0000,0.0000,0.0000,0.0000,0.0000,0.0000
1700000046.400000,-59.2,101.5972,100.4042,103.1213,107.0187,104.0000,110.0182,105.0762,108.2959,108.2266,113.8640,115.8490,118.3765,116.9017,117.0854,120.0333,120.3038,122.0041,123.2234,124.4548,123.0813,123.3694,123.9677,123.0813,130.3840,127.4402,127.4716,129.2440,129.0969,136.4881,131.2440,132.9662,133.1503,133.8096,131.2440,128.3160,129.0310,127.1220,122.7844,117.4777,118.8697,115.1173,113.8640,111.3643,105.1190,103.0000,98.0000,101.0198,96.1301,91.4440,89.2693,89.0505,84.7703,0.0000,0.0000,0.0000,0.0000,0.0000,0.0000,0.0000,0.0000,0.0000,0.0000,0.0000,0.0000
1700000046.450000,-63.4,63.0317,62.0322,64.0312,61.0000,65.4905,61.6604,68.7314,65.1153,69.6348,70.8590,71.1969,73.0069,74.2159,73.7631,73.0821,75.5844,70.2282,75.6108,70.7743,77.4726,75.0267,79.1581,76.3217,76.5572,80.5295,76.4853,80.5295,84.0773,78.2624,84.5340,78.7147,81.3941,80.5295,79.2023,78.3901,78.3901,75.0267,75.5844,71.8401,72.5328,72.1249,67.4463,72.0347,65.0000,63.6396,61.1882,62.2896,58.5491,63.0079,55.0091,55.0364,50.3587,0.0000,0.0000,0.0000,0.0000,0.0000,0.0000,0.0000,0.0000,0.0000,0.0000,0.0000,0.0000
1700000046.500000,-63.3,100.0000,99.0202,102.3426,105.3091,109.1787,106.5505,102.4597,105.1903,110.6933,112.7209,116.8118,117.3243,118.9033,119.9208,117.0470,123.2274,119.3315,119.3315,121.8072,125.7179,122.1843,122.3765,125.1319,126.6689,127.5774,128.0039,126.8897,122.9187,126.0198,125.6742,127.1417,123.4706,127.7380,128.7245,128.2654,126.6965,126.1467,127.0945,121.1652,119.3692,118.3300,113.5473,112.5789,105.1095,101.6366,97.0464,97.5295,96.6488,92.9624,91.2634,87.6185,84.8646,0.0000,0.0000,0.0000,0.0000,0.0000,0.0000,0.0000,0.0000,0.0000,0.0000,0.0000,0.0000
1700000046.550000,-64.7,98.0204,101.0792,101.1781,109.1146,105.3850,105.4751,108.0463,108.6738,109.0413,110.4219,114.2366,116.4818,117.4436,117.9534,119.2686,121.4331,119.9708,118.5960,118.3089,119.9208,119.9208,126.1150,124.3905,125.7060,125.6702,126.1150,131.1259,131.1259,130.1768,129.7112,130.1422,131.0611,128.3511,131.9470,130.6790,128.1562,124.4227,120.5529,123.0325,119.2686,114.1797,112.5389,110.1136,104.2929,102.8397,98.4784,97.1648,98.7320,91.4440,87.0057,90.0222,86.8332,0.0000,0.0000,0.0000,0.0000,0.0000,0.0000,0.0000,0.0000,0.0000,0.0000,0.0000,0.0000
1700000046.600000,-58.8,98.2293,96.2133,103.5857,100.0050,108.9771,100.5684,103.9663,110.3087,109.2245,112.5389,112.9292,116.0388,113.4063,116.6062,113.6002,122.1147,114.9087,120.9504,114.3897,118.8486,118.8486,120.4409,124.9080,127.0472,126.5622,124.3905,126.1150,130.6790,127.0472,136.0588,126.1150,129.2517,130.1768,129.8653,129.4952,131.8825,121.4331,123.7134,121.4949,112.3299,116.6062,112.0045,113.4548,101.3163,101.2373,97.6217,95.4620,97.6217,94.6414,89.2020,87.0919,81.4125,0.0000,0.0000,0.0000,0.0000,0.0000,0.0000,0.0000,0.0000,0.0000,0.0000,0.0000,0.0000
1700000046.650000,-61.3,99.2975,99.4636,100.4241,104.8093,104.1201,103.4070,108.4620,108.4620,108.6324,109.7725,113.6354,116.2970,117.6180,116.9701,121.2353,118.1905,123.1747,118.1524,120.8015,124.4026,119.6202,122.4418,118.8486,125.1000,128.6002,128.0625,129.6341,128.3160,130.3840,130.2997,132.9097,134.8258,132.6537,129.8076,130.4186,124.0363,120.6524,122.1147,121.0785,118.1905,116.7647,111.4136,110.9414,104.6566,104.2161,98.0867,99.7246,93.9840,90.5207,90.7083,84.3445,86.2844,0.0000,0.0000,0.0000,0.0000,0.0000,0.0000,0.0000,0.0000,0.0000,0.0000,0.0000,0.0000
1700000046.700000,-63.9,96.2549,95.7549,97.9439,101.5185,104.6566,99.4786,106.0000,104.2929,108.2266,107.2007,111.6065,113.4063,115.2562,116.2755,116.2755,113.8464,115.3126,118.0890,118.8697,118.8697,116.6919,123.1666,118.1905,121.0826,125.3994,122.4418,127.4402,126.3725,129.9577,129.0736,125.6065,129.0736,128.8875,129.5569,124.4829,120.2414,123.0447,119.2057,119.2057,114.3372,109.8089,112.2007,107.4151,102.0833,99.5691,95.1893,94.8947,93.1504,92.8493,88.9550,86.9770,81.0247,0.0000,0.0000,0.0000,0.0000,0.0000,0.0000,0.0000,0.0000,0.0000,0.0000,0.0000,0.0000
1700000046.750000,-63.6,100.5783,99.9250,101.9804,103.7545,105.3803,108.1897,109.3709,108.1157,112.0714,113.2828,116.0172,118.0169,119.0000,118.0678,118.1059,120.9339,122.6907,120.7021,120.0708,124.1491,123.7942,123.7942,121.6553,128.8604,126.3012,124.7397,126.8464,128.5768,128.0625,129.5222,129.5222,130.7287,130.4952,126.3012,128.6546,127.4245,128.0039,122.5887,124.2578,116.3486,118.1059,109.2932,109.0046,107.0000,107.0047,98.1835,101.3163,93.7710,94.3663,91.4440,89.1852,85.4400,0.0000,0.0000,0.0000,0.0000,0.0000,0.0000,0.0000,0.0000,0.0000,0.0000,0.0000,0.0000
1700000046.800000,-62.5,97.0979,99.0202,102.2008,102.4500,102.8251,98.7168,101.5332,106.0660,108.2081,108.9312,109.6586,112.1606,113.4548,114.6342,115.2562,116.0172,115.4340,118.4610,117.0470,120.4409,119.2686,121.5936,119.0378,123.5476,124.4227,122.6744,127.0590,129.2517,125.6702,127.9414,126.5899,129.3754,127.5343,126.9094,122.6418,125.6423,122.6418,120.2082,114.2016,111.0405,113.4548,105.6456,109.1238,101.2373,100.4092,94.0691,95.5877,96.6747,91.8314,85.7030,83.8630,80.9506,0.0000,0.0000,0.0000,0.0000,0.0000,0.0000,0.0000,0.0000,0.0000,0.0000,0.0000,0.0000
1700000046.850000,-57.9,96.4210,96.3328,98.0816,102.0049,104.0000,100.0200,105.3043,107.6708,107.6708,106.7052,112.1472,114.3372,113.7717,114.5426,115.9526,116.9145,118.0042,115.5206,119.2183,119.7748,118.3300,120.9339,117.1751,122.7721,122.6540,126.2101,128.3511,123.4382,125.6702,127.0472,126.6254,126.1150,125.3994,126.3171,124.6154,120.7021,120.5529,118.9033,114.4814,113.6002,111.5706,111.5706,105.5130,100.8960,100.0200,94.3663,97.7394,90.1998,94.1329,87.0057,85.1469,80.6226,0.0000,0.0000,0.0000,0.0000,0.0000,0.0000,0.0000,0.0000,0.0000,0.0000,0.0000,0.0000
1700000046.900000,-61.5,102.0000,104.4462,104.8618,109.2886,109.2886,104.4031,110.2588,112.1606,114.7693,116.7776,116.0000,118.0890,122.3315,121.0826,122.4296,127.1417,124.3262,124.3262,123.2274,124.6194,125.2078,125.6702,124.6194,130.3840,129.5299,132.0189,133.7759,133.2554,132.3065,134.6291,132.5745,134.5251,132.8533,137.8768,131.4001,131.2098,129.4681,125.7338,122.6744,120.4159,118.0890,116.6919,110.3177,109.7133,104.8904,99.4887,101.2126,96.8349,96.8349,92.2822,89.8999,86.1626,0.0000,0.0000,0.0000,0.0000,0.0000,0.0000,0.0000,0.0000,0.0000,0.0000,0.0000,0.0000
1700000046.950000,-64.5,97.1854,98.0204,100.0200,102.0784,108.3744,105.3850,105.6835,109.6586,109.0367,110.0227,115.5206,116.4174,117.1751,115.5206,117.0470,118.5960,123.0325,122.0656,119.9708,119.1008,120.1541,121.8524,121.8524,125.2198,128.3511,126.1150,129.7112,127.0590,131.9280,131.9280,129.7690,132.3783,131.0458,127.5343,128.6934,126.3171,126.1943,119.2183,118.2962,114.1797,113.0531,114.4771,109.6586,103.9423,102.9612,97.3242,97.7394,96.3328,93.0215,90.0056,90.1998,83.8630,0.0000,0.0000,0.0000,0.0000,0.0000,0.0000,0.0000,0.0000,0.0000,0.0000,0.0000,0.0000
1700000047.000000,-61.8,101.1385,103.3925,101.3163,107.0561,103.7111,106.0424,108.2266,109.2886,112.8938,109.0780,111.6468,115.0043,118.5960,118.1186,120.0667,118.5960,122.9837,115.8706,124.6154,121.3343,124.0846,124.0846,121.6306,124.5953,128.0820,130.2920,131.8674,128.4134,134.0821,127.4402,133.3304,133.3304,137.2334,130.0000,131.1831,127.4755,125.2996,123.8790,123.0650,123.0650,114.2804,118.1905,112.3299,110.6797,103.2279,102.4500,97.1854,98.3514,91.9348,92.7631,89.4036,87.9204,0.0000,0.0000,0.0000,0.0000,0.0000,0.0000,0.0000,0.0000,0.0000,0.0000,0.0000,0.0000
1700000047.050000,-59.8,98.2293,100.4241,104.8904,107.6290,104.0625,103.9471,108.1897,106.8878,108.2451,110.8873,113.7014,117.0684,118.7139,117.3243,115.6633,120.6524,119.0378,120.2206,124.7798,121.9385,120.9339,124.8239,118.5327,124.3905,126.8464,127.2360,130.0000,129.2826,130.1883,128.9496,126.6254,133.3304,129.2517,129.7112,129.7690,126.1784,124.5311,124.1692,121.2642,119.0378,114.6211,112.2007,111.6647,104.4845,104.0625,97.5807,101.8234,96.2081,92.1954,91.5478,87.6584,86.6083,0.0000,0.0000,0.0000,0.0000,0.0000,0.0000,0.0000,0.0000,0.0000,0.0000,0.0000,0.0000
1700000047.100000,-62.3,104.4031,101.7693,105.7024,109.6586,109.6586,108.2405,111.5079,112.6055,112.6810,115.3776,118.2244,119.0168,121.2106,125.1000,123.0650,125.6065,121.0826,124.6515,120.9669,126.5899,125.3196,125.8730,126.5899,126.9055,128.8875,130.3840,132.5481,137.5354,135.4733,132.5481,132.2762,137.1860,135.7645,132.2762,135.2072,130.9695,130.2997,128.4251,125.1000,119.6328,118.8108,116.4989,111.5168,106.5317,108.5587,102.0000,103.3151,100.2247,98.6154,93.6376,90.8020,84.5281,0.0000,0.0000,0.0000,0.0000,0.0000,0.0000,0.0000,0.0000,0.0000,0.0000,0.0000,0.0000
1700000047.150000,-64.0,81.9878,82.8553,86.7295,85.6154,91.0824,87.2812,88.2327,87.0919,93.8616,91.4440,95.5667,96.5091,99.8499,100.6032,101.1187,100.3195,98.1835,99.2472,101.0198,101.0445,103.1213,105.0428,100.0200,104.0192,108.0417,105.1190,108.0417,108.1157,108.1157,107.1681,107.0187,109.0183,108.0185,107.0187,105.0190,105.0000,100.0200,99.1262,99.5038,96.6282,94.6414,93.7710,89.6270,85.7030,84.9294,83.6780,80.3243,78.4347,74.6726,73.4098,76.4853,69.6419,0.0000,0.0000,0.0000,0.0000,0.0000,0.0000,0.0000,0.0000,0.0000,0.0000,0.0000,0.0000
1700000047.200000,-58.8,97.4166,98.9949,99.8248,104.7378,105.3233,103.3247,107.0047,106.8925,108.2682,110.1363,109.3846,114.5426,116.2970,118.9664,117.6478,118.5960,121.2353,116.9701,118.1905,122.3315,120.7394,124.8079,118.7266,121.6059,124.6194,128.2264,126.2101,128.2264,130.2075,128.8449,128.8099,128.8099,129.6187,130.0961,125.6423,125.6702,122.3315,121.9385,120.0667,118.1186,110.9234,112.6987,108.2589,104.0000,103.6195,96.4624,98.3514,94.6414,90.2497,89.4427,88.1192,83.0963,0.0000,0.0000,0.0000,0.0000,0.0000,0.0000,0.0000,0.0000,0.0000,0.0000,0.0000,0.0000
1700000047.250000,-61.0,97.1648,94.7629,100.4042,104.3072,104.0769,100.0200,103.0776,101.1237,105.5746,108.3744,110.5486,109.1787,114.4246,115.1217,114.9348,117.3882,114.2847,115.2476,116.6919,118.2962,116.3873,119.8708,118.1059,124.0846,122.9309,122.7721,121.6717,128.4445,125.2996,125.2996,124.6154,129.2826,128.1562,129.6187,122.5602,122.7762,121.4907,120.4865,118.5960,114.8434,111.8258,106.9626,107.7079,100.4390,99.2975,98.3107,91.7878,93.4345,90.0222,88.0057,87.1436,79.7621,0.0000,0.0000,0.0000,0.0000,0.0000,0.0000,0.0000,0.0000,0.0000,0.0000,0.0000,0.0000
1700000047.300000,-63.7,100.1249,97.4166,100.4042,104.8618,104.3072,103.9423,103.9423,108.2405,109.1284,109.7725,113.3181,114.9478,118.1059,116.3787,119.0378,118.2962,119.6411,119.6411,119.1050,118.6002,122.0041,122.7844,117.6860,123.4706,122.7844,125.7657,128.8914,129.4025,129.8769,129.7112,129.2478,129.2478,127.4755,127.3460,127.1220,128.0625,122.2620,122.5275,119.5492,117.3243,114.2322,110.1363,106.1037,103.3683,102.8834,97.0464,98.4886,98.7927,94.5780,90.6035,87.3212,82.7587,0.0000,0.0000,0.0000,0.0000,0.0000,0.0000,0.0000,0.0000,0.0000,0.0000,0.0000,0.0000
1700000047.350000,-65.5,98.0816,97.0824,97.7548,102.0833,102.2155,102.4744,106.0236,105.7024,105.7024,107.3359,112.0089,113.5473,119.5408,115.8016,120.2082,117.1751,117.1751,115.2476,115.9181,119.4362,122.3765,125.4472,118.8697,123.0447,126.0198,125.2996,125.7816,127.7693,128.8759,127.8828,125.7657,126.0198,126.2894,128.7245,126.6965,124.5351,121.2765,122.2620,118.6802,117.1751,116.3787,109.7862,108.6324,100.8464,96.9330,95.7549,94.3663,94.8947,88.8369,87.9204,84.6463,82.0366,0.0000,0.0000,0.0000,0.0000,0.0000,0.0000,0.0000,0.0000,0.0000,0.0000,0.0000,0.0000
1700000047.400000,-65.9,104.1201,105.9906,107.2800,109.4897,111.9866,105.5462,107.6708,110.8873,110.2225,117.0171,115.2128,120.0167,122.0000,120.0667,120.0167,128.4718,121.3343,124.9040,123.0447,128.0039,124.7878,126.2894,128.0039,130.6139,127.2831,123.9677,130.0500,126.6965,127.3460,124.9080,129.8769,125.1719,122.4827,129.4025,128.0039,127.7693,127.7693,127.0984,124.1008,118.0678,118.0042,111.0180,118.2709,105.3043,107.2986,101.1187,98.6560,97.1648,99.9250,96.5660,91.7606,85.6154,0.0000,0.0000,0.0000,0.0000,0.0000,0.0000,0.0000,0.0000,0.0000,0.0000,0.0000,0.0000
1700000047.450000,-62.5,97.0000,98.0000,101.0198,102.0784,104.3887,100.7174,102.7035,103.4070,106.3673,108.6738,107.7079,114.9826,115.9483,114.4814,117.0470,121.1156,115.7670,114.4902,117.1751,123.4909,120.7021,119.1008,117.9237,119.4069,124.3262,125.6702,126.5899,127.0590,130.5986,127.0590,127.0472,124.8119,129.3561,121.8524,122.7721,122.0041,122.7721,117.1751,117.6520,115.5206,112.0892,108.5219,108.1712,102.8397,98.4784,94.8947,93.3435,93.3435,91.1976,89.0225,85.0941,79.6304,0.0000,0.0000,0.0000,0.0000,0.0000,0.0000,0.0000,0.0000,0.0000,0.0000,0.0000,0.0000
